المنطقة,المدينة,نوع القطاع,نوع الخدمة,التاريخ ميلادي,الرقم المرجعي
 الرياض,الرياض,القطاع العام,خدمة إلكترونية جزئيا,2026/01/01,"34,249,620"
 الرياض,الرياض,القطاع العام,خدمة إلكترونية جزئيا,2026/01/01,"34,254,067"
 الرياض,الرياض,القطاع العام,خدمة إلكترونية جزئيا,2026/01/01,"34,242,485"
 الرياض,الرياض,القطاع العام,خدمة إلكترونية جزئيا,2026/01/01,"34,247,411"
 الرياض,الرياض,القطاع العام,خدمة إلكترونية جزئيا,2026/01/01,"34,257,014"
 الرياض,الرياض,القطاع العام,خدمة إلكترونية جزئيا,2026/01/01,"34,252,183"
 الرياض,الرياض,القطاع العام,خدمة إلكترونية جزئيا,2026/01/01,"34,257,185"
 الرياض,الرياض,القطاع العام,خدمة إلكترونية جزئيا,2026/01/01,"34,242,790"
 الرياض,الرياض,القطاع العام,خدمة إلكترونية جزئيا,2026/01/01,"34,243,590"
 الرياض,الرياض,القطاع العام,خدمة إلكترونية جزئيا,2026/01/01,"34,241,655"
 الرياض,الرياض,القطاع العام,خدمة إلكترونية جزئيا,2026/01/01,"34,265,434"
 الرياض,الرياض,القطاع العام,خدمة إلكترونية جزئيا,2026/01/01,"34,264,903"
 الرياض,الرياض,القطاع العام,خدمة إلكترونية جزئيا,2026/01/01,"34,252,915"
 الرياض,الرياض,القطاع العام,خدمة إلكترونية جزئيا,2026/01/01,"34,257,790"
 الرياض,الرياض,القطاع العام,خدمة إلكترونية جزئيا,2026/01/01,"34,252,078"
 الرياض,الرياض,القطاع العام,خدمة إلكترونية جزئيا,2026/01/01,"34,242,452"
 الرياض,الرياض,القطاع العام,خدمة إلكترونية جزئيا,2026/01/01,"34,250,831"
 الرياض,الرياض,القطاع العام,خدمة إلكترونية جزئيا,2026/01/01,"34,241,725"
 الرياض,الرياض,القطاع العام,خدمة إلكترونية جزئيا,2026/01/01,"34,250,532"
 الرياض,الرياض,القطاع العام,خدمة إلكترونية جزئيا,2026/01/01,"34,244,396"
 الرياض,الرياض,القطاع العام,خدمة إلكترونية جزئيا,2026/01/01,"34,247,220"
 الرياض,الرياض,القطاع العام,خدمة إلكترونية جزئيا,2026/01/01,"34,248,214"
 الرياض,الرياض,القطاع العام,خدمة إلكترونية جزئيا,2026/01/01,"34,249,147"
 الرياض,الرياض,القطاع العام,خدمة إلكترونية جزئيا,2026/01/01,"34,254,402"
 الرياض,الرياض,القطاع العام,خدمة إلكترونية جزئيا,2026/01/01,"34,245,160"
 الرياض,الرياض,القطاع العام,خدمة إلكترونية جزئيا,2026/01/01,"34,245,576"
 الرياض,الرياض,القطاع العام,خدمة إلكترونية جزئيا,2026/01/01,"34,248,456"
 الرياض,الرياض,القطاع العام,خدمة إلكترونية جزئيا,2026/01/01,"34,252,838"
 الرياض,الرياض,القطاع العام,خدمة إلكترونية جزئيا,2026/01/01,"34,251,864"
 الرياض,الرياض,القطاع العام,خدمة إلكترونية جزئيا,2026/01/01,"34,252,467"
 الرياض,الرياض,القطاع العام,خدمة إلكترونية جزئيا,2026/01/01,"34,253,616"
 الرياض,الرياض,القطاع العام,خدمة إلكترونية جزئيا,2026/01/01,"34,241,624"
 الرياض,الرياض,القطاع العام,خدمة إلكترونية جزئيا,2026/01/01,"34,245,797"
 الرياض,الرياض,القطاع العام,خدمة إلكترونية جزئيا,2026/01/01,"34,251,271"
 الرياض,الرياض,القطاع العام,خدمة إلكترونية جزئيا,2026/01/01,"34,249,572"
 الرياض,الرياض,القطاع العام,خدمة إلكترونية جزئيا,2026/01/01,"34,246,284"
 الرياض,الرياض,القطاع العام,خدمة إلكترونية جزئيا,2026/01/01,"34,245,053"
 الرياض,الرياض,القطاع العام,خدمة إلكترونية جزئيا,2026/01/01,"34,249,648"
 الرياض,الرياض,القطاع العام,خدمة إلكترونية جزئيا,2026/01/01,"34,253,274"
 القصيم,بريده,القطاع العام,خدمة إلكترونية جزئيا,2026/01/01,"34,247,205"
 الرياض,الرياض,القطاع العام,خدمة إلكترونية جزئيا,2026/01/02,"34,275,779"
 الرياض,الرياض,القطاع العام,خدمة إلكترونية جزئيا,2026/01/02,"34,275,943"
 الرياض,الرياض,القطاع العام,خدمة إلكترونية جزئيا,2026/01/03,"34,283,449"
 الرياض,الرياض,القطاع العام,خدمة إلكترونية جزئيا,2026/01/03,"34,286,455"
 الرياض,الرياض,القطاع العام,خدمة إلكترونية جزئيا,2026/01/03,"34,285,819"
 الرياض,الرياض,القطاع العام,خدمة إلكترونية جزئيا,2026/01/03,"34,283,226"
 الرياض,الرياض,القطاع العام,خدمة إلكترونية جزئيا,2026/01/03,"34,287,425"
 الرياض,الرياض,القطاع العام,خدمة إلكترونية جزئيا,2026/01/03,"34,282,894"
 الرياض,الرياض,القطاع العام,خدمة إلكترونية جزئيا,2026/01/03,"34,283,161"
 الرياض,الرياض,القطاع العام,خدمة إلكترونية جزئيا,2026/01/03,"34,283,050"
 الرياض,الرياض,القطاع العام,خدمة إلكترونية جزئيا,2026/01/04,"34,315,460"
 الرياض,الرياض,القطاع العام,خدمة إلكترونية جزئيا,2026/01/04,"34,301,536"
 الرياض,الرياض,القطاع العام,خدمة إلكترونية جزئيا,2026/01/04,"34,302,648"
 الرياض,الرياض,القطاع العام,خدمة إلكترونية جزئيا,2026/01/04,"34,297,384"
 الرياض,الرياض,القطاع العام,خدمة إلكترونية جزئيا,2026/01/04,"34,308,037"
 الرياض,الرياض,القطاع العام,خدمة إلكترونية جزئيا,2026/01/04,"34,303,051"
الخدمات الرقمية,عام,القطاع العام,خدمة إلكترونية جزئيا,2026/01/04,"34,303,915"
الخدمات الرقمية,عام,القطاع العام,خدمة إلكترونية جزئيا,2026/01/04,"34,304,042"
الخدمات الرقمية,عام,القطاع العام,خدمة إلكترونية جزئيا,2026/01/04,"34,304,081"
الخدمات الرقمية,عام,القطاع العام,خدمة إلكترونية جزئيا,2026/01/04,"34,304,108"
الخدمات الرقمية,عام,القطاع العام,خدمة إلكترونية جزئيا,2026/01/04,"34,304,132"
الخدمات الرقمية,عام,القطاع العام,خدمة إلكترونية جزئيا,2026/01/04,"34,304,372"
الخدمات الرقمية,عام,القطاع العام,خدمة إلكترونية جزئيا,2026/01/04,"34,304,461"
الخدمات الرقمية,عام,القطاع العام,خدمة إلكترونية جزئيا,2026/01/04,"34,304,483"
الخدمات الرقمية,عام,القطاع العام,خدمة إلكترونية جزئيا,2026/01/04,"34,304,485"
الخدمات الرقمية,عام,القطاع العام,خدمة إلكترونية جزئيا,2026/01/04,"34,304,544"
الخدمات الرقمية,عام,القطاع العام,خدمة إلكترونية جزئيا,2026/01/04,"34,304,598"
الخدمات الرقمية,عام,القطاع العام,خدمة إلكترونية جزئيا,2026/01/04,"34,304,601"
الخدمات الرقمية,عام,القطاع العام,خدمة إلكترونية جزئيا,2026/01/04,"34,304,662"
الخدمات الرقمية,عام,القطاع العام,خدمة إلكترونية جزئيا,2026/01/04,"34,304,679"
الخدمات الرقمية,عام,القطاع العام,خدمة إلكترونية جزئيا,2026/01/04,"34,304,071"
الخدمات الرقمية,عام,القطاع العام,خدمة إلكترونية جزئيا,2026/01/04,"34,304,179"
الخدمات الرقمية,عام,القطاع العام,خدمة إلكترونية جزئيا,2026/01/04,"34,304,556"
الخدمات الرقمية,عام,القطاع العام,خدمة إلكترونية جزئيا,2026/01/04,"34,304,603"
الخدمات الرقمية,عام,القطاع العام,خدمة إلكترونية جزئيا,2026/01/04,"34,304,775"
الخدمات الرقمية,عام,القطاع العام,خدمة إلكترونية جزئيا,2026/01/04,"34,303,956"
الخدمات الرقمية,عام,القطاع العام,خدمة إلكترونية جزئيا,2026/01/04,"34,304,048"
الخدمات الرقمية,عام,القطاع العام,خدمة إلكترونية جزئيا,2026/01/04,"34,304,075"
الخدمات الرقمية,عام,القطاع العام,خدمة إلكترونية جزئيا,2026/01/04,"34,304,086"
الخدمات الرقمية,عام,القطاع العام,خدمة إلكترونية جزئيا,2026/01/04,"34,304,155"
الخدمات الرقمية,عام,القطاع العام,خدمة إلكترونية جزئيا,2026/01/04,"34,304,218"
الخدمات الرقمية,عام,القطاع العام,خدمة إلكترونية جزئيا,2026/01/04,"34,304,279"
الخدمات الرقمية,عام,القطاع العام,خدمة إلكترونية جزئيا,2026/01/04,"34,304,393"
الخدمات الرقمية,عام,القطاع العام,خدمة إلكترونية جزئيا,2026/01/04,"34,304,489"
الخدمات الرقمية,عام,القطاع العام,خدمة إلكترونية جزئيا,2026/01/04,"34,304,491"
الخدمات الرقمية,عام,القطاع العام,خدمة إلكترونية جزئيا,2026/01/04,"34,304,584"
الخدمات الرقمية,عام,القطاع العام,خدمة إلكترونية جزئيا,2026/01/04,"34,303,969"
الخدمات الرقمية,عام,القطاع العام,خدمة إلكترونية جزئيا,2026/01/04,"34,303,973"
الخدمات الرقمية,عام,القطاع العام,خدمة إلكترونية جزئيا,2026/01/04,"34,304,357"
الخدمات الرقمية,عام,القطاع العام,خدمة إلكترونية جزئيا,2026/01/04,"34,304,363"
الخدمات الرقمية,عام,القطاع العام,خدمة إلكترونية جزئيا,2026/01/04,"34,303,966"
الخدمات الرقمية,عام,القطاع العام,خدمة إلكترونية جزئيا,2026/01/04,"34,304,124"
الخدمات الرقمية,عام,القطاع العام,خدمة إلكترونية جزئيا,2026/01/04,"34,304,226"
الخدمات الرقمية,عام,القطاع العام,خدمة إلكترونية جزئيا,2026/01/04,"34,304,266"
الخدمات الرقمية,عام,القطاع العام,خدمة إلكترونية جزئيا,2026/01/04,"34,304,296"
الخدمات الرقمية,عام,القطاع العام,خدمة إلكترونية جزئيا,2026/01/04,"34,304,376"
الخدمات الرقمية,عام,القطاع العام,خدمة إلكترونية جزئيا,2026/01/04,"34,304,439"
الخدمات الرقمية,عام,القطاع العام,خدمة إلكترونية جزئيا,2026/01/04,"34,304,549"
الخدمات الرقمية,عام,القطاع العام,خدمة إلكترونية جزئيا,2026/01/04,"34,304,560"
الخدمات الرقمية,عام,القطاع العام,خدمة إلكترونية جزئيا,2026/01/04,"34,304,567"
الخدمات الرقمية,عام,القطاع العام,خدمة إلكترونية جزئيا,2026/01/04,"34,304,588"
الخدمات الرقمية,عام,القطاع العام,خدمة إلكترونية جزئيا,2026/01/04,"34,303,984"
الخدمات الرقمية,عام,القطاع العام,خدمة إلكترونية جزئيا,2026/01/04,"34,304,100"
الخدمات الرقمية,عام,القطاع العام,خدمة إلكترونية جزئيا,2026/01/04,"34,304,293"
الخدمات الرقمية,عام,القطاع العام,خدمة إلكترونية جزئيا,2026/01/04,"34,304,680"
الخدمات الرقمية,عام,القطاع العام,خدمة إلكترونية جزئيا,2026/01/04,"34,304,039"
الخدمات الرقمية,عام,القطاع العام,خدمة إلكترونية جزئيا,2026/01/04,"34,304,467"
الخدمات الرقمية,عام,القطاع العام,خدمة إلكترونية جزئيا,2026/01/04,"34,304,576"
الخدمات الرقمية,عام,القطاع العام,خدمة إلكترونية جزئيا,2026/01/04,"34,304,578"
الخدمات الرقمية,عام,القطاع العام,خدمة إلكترونية جزئيا,2026/01/04,"34,304,659"
الخدمات الرقمية,عام,القطاع العام,خدمة إلكترونية جزئيا,2026/01/04,"34,303,962"
الخدمات الرقمية,عام,القطاع العام,خدمة إلكترونية جزئيا,2026/01/04,"34,304,004"
الخدمات الرقمية,عام,القطاع العام,خدمة إلكترونية جزئيا,2026/01/04,"34,304,264"
الخدمات الرقمية,عام,القطاع العام,خدمة إلكترونية جزئيا,2026/01/04,"34,304,299"
الخدمات الرقمية,عام,القطاع العام,خدمة إلكترونية جزئيا,2026/01/04,"34,304,374"
الخدمات الرقمية,عام,القطاع العام,خدمة إلكترونية جزئيا,2026/01/04,"34,304,397"
الخدمات الرقمية,عام,القطاع العام,خدمة إلكترونية جزئيا,2026/01/04,"34,304,470"
الخدمات الرقمية,عام,القطاع العام,خدمة إلكترونية جزئيا,2026/01/04,"34,304,496"
الخدمات الرقمية,عام,القطاع العام,خدمة إلكترونية جزئيا,2026/01/04,"34,304,506"
الخدمات الرقمية,عام,القطاع العام,خدمة إلكترونية جزئيا,2026/01/04,"34,304,547"
الخدمات الرقمية,عام,القطاع العام,خدمة إلكترونية جزئيا,2026/01/04,"34,304,643"
الخدمات الرقمية,عام,القطاع العام,خدمة إلكترونية جزئيا,2026/01/04,"34,304,187"
الخدمات الرقمية,عام,القطاع العام,خدمة إلكترونية جزئيا,2026/01/04,"34,304,205"
الخدمات الرقمية,عام,القطاع العام,خدمة إلكترونية جزئيا,2026/01/04,"34,304,475"
الخدمات الرقمية,عام,القطاع العام,خدمة إلكترونية جزئيا,2026/01/04,"34,304,521"
الخدمات الرقمية,عام,القطاع العام,خدمة إلكترونية جزئيا,2026/01/04,"34,304,633"
الخدمات الرقمية,عام,القطاع العام,خدمة إلكترونية جزئيا,2026/01/04,"34,304,708"
الخدمات الرقمية,عام,القطاع العام,خدمة إلكترونية جزئيا,2026/01/04,"34,304,746"
الخدمات الرقمية,عام,القطاع العام,خدمة إلكترونية جزئيا,2026/01/04,"34,304,795"
الخدمات الرقمية,عام,القطاع العام,خدمة إلكترونية جزئيا,2026/01/04,"34,304,784"
الخدمات الرقمية,عام,القطاع العام,خدمة إلكترونية جزئيا,2026/01/04,"34,304,811"
الخدمات الرقمية,عام,القطاع العام,خدمة إلكترونية جزئيا,2026/01/04,"34,304,850"
الخدمات الرقمية,عام,القطاع العام,خدمة إلكترونية جزئيا,2026/01/04,"34,304,956"
الخدمات الرقمية,عام,القطاع العام,خدمة إلكترونية جزئيا,2026/01/04,"34,305,112"
الخدمات الرقمية,عام,القطاع العام,خدمة إلكترونية جزئيا,2026/01/04,"34,304,591"
الخدمات الرقمية,عام,القطاع العام,خدمة إلكترونية جزئيا,2026/01/04,"34,304,716"
الخدمات الرقمية,عام,القطاع العام,خدمة إلكترونية جزئيا,2026/01/04,"34,304,797"
الخدمات الرقمية,عام,القطاع العام,خدمة إلكترونية جزئيا,2026/01/04,"34,305,128"
الخدمات الرقمية,عام,القطاع العام,خدمة إلكترونية جزئيا,2026/01/04,"34,304,456"
الخدمات الرقمية,عام,القطاع العام,خدمة إلكترونية جزئيا,2026/01/04,"34,304,949"
الخدمات الرقمية,عام,القطاع العام,خدمة إلكترونية جزئيا,2026/01/04,"34,303,909"
الخدمات الرقمية,عام,القطاع العام,خدمة إلكترونية جزئيا,2026/01/04,"34,304,034"
الخدمات الرقمية,عام,القطاع العام,خدمة إلكترونية جزئيا,2026/01/04,"34,304,105"
الخدمات الرقمية,عام,القطاع العام,خدمة إلكترونية جزئيا,2026/01/04,"34,304,210"
الخدمات الرقمية,عام,القطاع العام,خدمة إلكترونية جزئيا,2026/01/04,"34,304,215"
الخدمات الرقمية,عام,القطاع العام,خدمة إلكترونية جزئيا,2026/01/04,"34,304,231"
الخدمات الرقمية,عام,القطاع العام,خدمة إلكترونية جزئيا,2026/01/04,"34,304,806"
الخدمات الرقمية,عام,القطاع العام,خدمة إلكترونية جزئيا,2026/01/04,"34,303,992"
الخدمات الرقمية,عام,القطاع العام,خدمة إلكترونية جزئيا,2026/01/04,"34,304,046"
الخدمات الرقمية,عام,القطاع العام,خدمة إلكترونية جزئيا,2026/01/04,"34,304,054"
الخدمات الرقمية,عام,القطاع العام,خدمة إلكترونية جزئيا,2026/01/04,"34,304,068"
الخدمات الرقمية,عام,القطاع العام,خدمة إلكترونية جزئيا,2026/01/04,"34,304,169"
الخدمات الرقمية,عام,القطاع العام,خدمة إلكترونية جزئيا,2026/01/04,"34,304,220"
الخدمات الرقمية,عام,القطاع العام,خدمة إلكترونية جزئيا,2026/01/04,"34,304,517"
الخدمات الرقمية,عام,القطاع العام,خدمة إلكترونية جزئيا,2026/01/04,"34,304,777"
الخدمات الرقمية,عام,القطاع العام,خدمة إلكترونية جزئيا,2026/01/04,"34,304,058"
الخدمات الرقمية,عام,القطاع العام,خدمة إلكترونية جزئيا,2026/01/04,"34,304,541"
الخدمات الرقمية,عام,القطاع العام,خدمة إلكترونية جزئيا,2026/01/04,"34,304,624"
الخدمات الرقمية,عام,القطاع العام,خدمة إلكترونية جزئيا,2026/01/04,"34,304,612"
الخدمات الرقمية,عام,القطاع العام,خدمة إلكترونية جزئيا,2026/01/04,"34,304,656"
الخدمات الرقمية,عام,القطاع العام,خدمة إلكترونية جزئيا,2026/01/04,"34,304,845"
الخدمات الرقمية,عام,القطاع العام,خدمة إلكترونية جزئيا,2026/01/04,"34,304,862"
الخدمات الرقمية,عام,القطاع العام,خدمة إلكترونية جزئيا,2026/01/04,"34,305,208"
الخدمات الرقمية,عام,القطاع العام,خدمة إلكترونية جزئيا,2026/01/04,"34,304,528"
الخدمات الرقمية,عام,القطاع العام,خدمة إلكترونية جزئيا,2026/01/04,"34,304,563"
الخدمات الرقمية,عام,القطاع العام,خدمة إلكترونية جزئيا,2026/01/04,"34,304,630"
الخدمات الرقمية,عام,القطاع العام,خدمة إلكترونية جزئيا,2026/01/04,"34,304,645"
الخدمات الرقمية,عام,القطاع العام,خدمة إلكترونية جزئيا,2026/01/04,"34,304,711"
الخدمات الرقمية,عام,القطاع العام,خدمة إلكترونية جزئيا,2026/01/04,"34,304,771"
الخدمات الرقمية,عام,القطاع العام,خدمة إلكترونية جزئيا,2026/01/04,"34,304,808"
الخدمات الرقمية,عام,القطاع العام,خدمة إلكترونية جزئيا,2026/01/04,"34,304,912"
الخدمات الرقمية,عام,القطاع العام,خدمة إلكترونية جزئيا,2026/01/04,"34,305,170"
الخدمات الرقمية,عام,القطاع العام,خدمة إلكترونية جزئيا,2026/01/04,"34,304,848"
الخدمات الرقمية,عام,القطاع العام,خدمة إلكترونية جزئيا,2026/01/04,"34,304,721"
الخدمات الرقمية,عام,القطاع العام,خدمة إلكترونية جزئيا,2026/01/04,"34,304,865"
الخدمات الرقمية,عام,القطاع العام,خدمة إلكترونية جزئيا,2026/01/04,"34,305,030"
الخدمات الرقمية,عام,القطاع العام,خدمة إلكترونية جزئيا,2026/01/04,"34,304,241"
الخدمات الرقمية,عام,القطاع العام,خدمة إلكترونية جزئيا,2026/01/04,"34,304,769"
الخدمات الرقمية,عام,القطاع العام,خدمة إلكترونية جزئيا,2026/01/04,"34,305,062"
الخدمات الرقمية,عام,القطاع العام,خدمة إلكترونية جزئيا,2026/01/04,"34,304,773"
الخدمات الرقمية,عام,القطاع العام,خدمة إلكترونية جزئيا,2026/01/04,"34,304,883"
الخدمات الرقمية,عام,القطاع العام,خدمة إلكترونية جزئيا,2026/01/04,"34,304,685"
الخدمات الرقمية,عام,القطاع العام,خدمة إلكترونية جزئيا,2026/01/04,"34,304,705"
الخدمات الرقمية,عام,القطاع العام,خدمة إلكترونية جزئيا,2026/01/04,"34,304,718"
الخدمات الرقمية,عام,القطاع العام,خدمة إلكترونية جزئيا,2026/01/04,"34,304,800"
الخدمات الرقمية,عام,القطاع العام,خدمة إلكترونية جزئيا,2026/01/04,"34,304,885"
الخدمات الرقمية,عام,القطاع العام,خدمة إلكترونية جزئيا,2026/01/04,"34,304,001"
الخدمات الرقمية,عام,القطاع العام,خدمة إلكترونية جزئيا,2026/01/04,"34,304,079"
الخدمات الرقمية,عام,القطاع العام,خدمة إلكترونية جزئيا,2026/01/04,"34,304,538"
الخدمات الرقمية,عام,القطاع العام,خدمة إلكترونية جزئيا,2026/01/04,"34,303,971"
الخدمات الرقمية,عام,القطاع العام,خدمة إلكترونية جزئيا,2026/01/04,"34,304,023"
الخدمات الرقمية,عام,القطاع العام,خدمة إلكترونية جزئيا,2026/01/04,"34,304,153"
الخدمات الرقمية,عام,القطاع العام,خدمة إلكترونية جزئيا,2026/01/04,"34,304,378"
الخدمات الرقمية,عام,القطاع العام,خدمة إلكترونية جزئيا,2026/01/04,"34,304,639"
الخدمات الرقمية,عام,القطاع العام,خدمة إلكترونية جزئيا,2026/01/04,"34,304,653"
الخدمات الرقمية,عام,القطاع العام,خدمة إلكترونية جزئيا,2026/01/04,"34,304,724"
الخدمات الرقمية,عام,القطاع العام,خدمة إلكترونية جزئيا,2026/01/04,"34,304,836"
الخدمات الرقمية,عام,القطاع العام,خدمة إلكترونية جزئيا,2026/01/04,"34,304,938"
الخدمات الرقمية,عام,القطاع العام,خدمة إلكترونية جزئيا,2026/01/04,"34,304,943"
الخدمات الرقمية,عام,القطاع العام,خدمة إلكترونية جزئيا,2026/01/04,"34,305,069"
الخدمات الرقمية,عام,القطاع العام,خدمة إلكترونية جزئيا,2026/01/04,"34,305,289"
الخدمات الرقمية,عام,القطاع العام,خدمة إلكترونية جزئيا,2026/01/04,"34,305,298"
الخدمات الرقمية,عام,القطاع العام,خدمة إلكترونية جزئيا,2026/01/04,"34,304,172"
الخدمات الرقمية,عام,القطاع العام,خدمة إلكترونية جزئيا,2026/01/04,"34,304,641"
الخدمات الرقمية,عام,القطاع العام,خدمة إلكترونية جزئيا,2026/01/04,"34,304,647"
الخدمات الرقمية,عام,القطاع العام,خدمة إلكترونية جزئيا,2026/01/04,"34,304,918"
 الرياض,الرياض,القطاع العام,خدمة إلكترونية جزئيا,2026/01/04,"34,314,758"
 الرياض,الرياض,القطاع العام,خدمة إلكترونية جزئيا,2026/01/04,"34,316,375"
 جازان,جيزان,القطاع العام,خدمة إلكترونية جزئيا,2026/01/04,"34,296,737"
 الرياض,الرياض,القطاع العام,خدمة إلكترونية جزئيا,2026/01/04,"34,305,031"
 مكة المكرمه,مكة المكرمة,القطاع العام,خدمة إلكترونية جزئيا,2026/01/04,"34,296,780"
 الرياض,الرياض,القطاع العام,خدمة إلكترونية جزئيا,2026/01/04,"34,303,027"
 الرياض,الرياض,القطاع العام,خدمة إلكترونية جزئيا,2026/01/04,"34,306,689"
 الرياض,الرياض,القطاع العام,خدمة إلكترونية جزئيا,2026/01/04,"34,315,876"
 الرياض,الرياض,القطاع العام,خدمة إلكترونية جزئيا,2026/01/04,"34,316,422"
 الرياض,الرياض,القطاع العام,خدمة إلكترونية جزئيا,2026/01/04,"34,306,131"
 الرياض,الرياض,القطاع العام,خدمة إلكترونية جزئيا,2026/01/04,"34,297,729"
 الرياض,الرياض,القطاع العام,خدمة إلكترونية جزئيا,2026/01/04,"34,297,353"
 الرياض,الرياض,القطاع العام,خدمة إلكترونية جزئيا,2026/01/04,"34,300,234"
 الرياض,الرياض,القطاع العام,خدمة إلكترونية جزئيا,2026/01/04,"34,298,997"
 الرياض,الرياض,القطاع العام,خدمة إلكترونية جزئيا,2026/01/04,"34,298,693"
 الرياض,الرياض,القطاع العام,خدمة إلكترونية جزئيا,2026/01/04,"34,304,712"
 الرياض,الرياض,القطاع العام,خدمة إلكترونية جزئيا,2026/01/04,"34,300,482"
 الرياض,الرياض,القطاع العام,خدمة إلكترونية جزئيا,2026/01/05,"34,328,470"
 الرياض,الرياض,القطاع العام,خدمة إلكترونية جزئيا,2026/01/05,"34,343,820"
 الرياض,الرياض,القطاع العام,خدمة إلكترونية جزئيا,2026/01/05,"34,322,748"
 الرياض,الرياض,القطاع العام,خدمة إلكترونية جزئيا,2026/01/05,"34,332,146"
 الرياض,الرياض,القطاع العام,خدمة إلكترونية جزئيا,2026/01/05,"34,327,449"
 الرياض,الرياض,القطاع العام,خدمة إلكترونية جزئيا,2026/01/05,"34,329,267"
 الرياض,الرياض,القطاع العام,خدمة إلكترونية جزئيا,2026/01/05,"34,329,440"
 الرياض,الرياض,القطاع العام,خدمة إلكترونية جزئيا,2026/01/05,"34,322,469"
 مكة المكرمه,مكة المكرمة,القطاع العام,خدمة إلكترونية جزئيا,2026/01/05,"34,322,781"
 الرياض,الرياض,القطاع العام,خدمة إلكترونية جزئيا,2026/01/05,"34,330,714"
 الرياض,الرياض,القطاع العام,خدمة إلكترونية جزئيا,2026/01/05,"34,331,571"
 الرياض,الرياض,القطاع العام,خدمة إلكترونية جزئيا,2026/01/05,"34,317,240"
 الرياض,الرياض,القطاع العام,خدمة إلكترونية جزئيا,2026/01/05,"34,343,446"
 الرياض,الرياض,القطاع العام,خدمة إلكترونية جزئيا,2026/01/05,"34,316,733"
 الرياض,الرياض,القطاع العام,خدمة إلكترونية جزئيا,2026/01/05,"34,322,201"
 الرياض,الرياض,القطاع العام,خدمة إلكترونية جزئيا,2026/01/05,"34,321,190"
 الرياض,الرياض,القطاع العام,خدمة إلكترونية جزئيا,2026/01/05,"34,319,876"
 الرياض,الرياض,القطاع العام,خدمة إلكترونية جزئيا,2026/01/05,"34,321,767"
 القصيم,بريده,القطاع العام,خدمة إلكترونية جزئيا,2026/01/06,"34,352,832"
 الرياض,الرياض,القطاع العام,خدمة إلكترونية جزئيا,2026/01/06,"34,352,989"
 الرياض,الرياض,القطاع العام,خدمة إلكترونية جزئيا,2026/01/06,"34,365,328"
 الرياض,الرياض,القطاع العام,خدمة إلكترونية جزئيا,2026/01/06,"34,372,183"
 الرياض,الرياض,القطاع العام,خدمة إلكترونية جزئيا,2026/01/06,"34,358,046"
 الرياض,الرياض,القطاع العام,خدمة إلكترونية جزئيا,2026/01/06,"34,366,531"
 الرياض,الرياض,القطاع العام,خدمة إلكترونية جزئيا,2026/01/06,"34,353,945"
 الرياض,الرياض,القطاع العام,خدمة إلكترونية جزئيا,2026/01/06,"34,356,464"
 الرياض,الرياض,القطاع العام,خدمة إلكترونية جزئيا,2026/01/06,"34,372,452"
 مكة المكرمه,مكة المكرمة,القطاع العام,خدمة إلكترونية جزئيا,2026/01/06,"34,353,700"
 مكة المكرمه,مكة المكرمة,القطاع العام,خدمة إلكترونية جزئيا,2026/01/06,"34,352,652"
 مكة المكرمه,مكة المكرمة,القطاع العام,خدمة إلكترونية جزئيا,2026/01/06,"34,352,448"
 الرياض,الرياض,القطاع العام,خدمة إلكترونية جزئيا,2026/01/06,"34,354,262"
 الرياض,الرياض,القطاع العام,خدمة إلكترونية جزئيا,2026/01/06,"34,355,161"
 الرياض,الرياض,القطاع العام,خدمة إلكترونية جزئيا,2026/01/06,"34,348,804"
 الرياض,الرياض,القطاع العام,خدمة إلكترونية جزئيا,2026/01/06,"34,348,652"
 الرياض,الرياض,القطاع العام,خدمة إلكترونية جزئيا,2026/01/06,"34,352,224"
 الرياض,الرياض,القطاع العام,خدمة إلكترونية جزئيا,2026/01/06,"34,357,042"
 مكة المكرمه,مكة المكرمة,القطاع العام,خدمة إلكترونية جزئيا,2026/01/06,"34,354,532"
 الرياض,الرياض,القطاع العام,خدمة إلكترونية جزئيا,2026/01/06,"34,350,455"
 الرياض,الرياض,القطاع العام,خدمة إلكترونية جزئيا,2026/01/07,"34,385,043"
 الرياض,الرياض,القطاع العام,خدمة إلكترونية جزئيا,2026/01/07,"34,382,577"
 الرياض,الرياض,القطاع العام,خدمة إلكترونية جزئيا,2026/01/07,"34,382,572"
 الرياض,الرياض,القطاع العام,خدمة إلكترونية جزئيا,2026/01/07,"34,385,839"
 الرياض,الرياض,القطاع العام,خدمة إلكترونية جزئيا,2026/01/07,"34,385,061"
 الرياض,الرياض,القطاع العام,خدمة إلكترونية جزئيا,2026/01/07,"34,393,015"
 الرياض,الرياض,القطاع العام,خدمة إلكترونية جزئيا,2026/01/07,"34,392,413"
 الرياض,الرياض,القطاع العام,خدمة إلكترونية جزئيا,2026/01/07,"34,395,204"
 الرياض,الرياض,القطاع العام,خدمة إلكترونية جزئيا,2026/01/07,"34,385,045"
الخدمات الرقمية,عام,القطاع العام,خدمة إلكترونية جزئيا,2026/01/07,"34,386,369"
الخدمات الرقمية,عام,القطاع العام,خدمة إلكترونية جزئيا,2026/01/07,"34,386,371"
الخدمات الرقمية,عام,القطاع العام,خدمة إلكترونية جزئيا,2026/01/07,"34,386,378"
الخدمات الرقمية,عام,القطاع العام,خدمة إلكترونية جزئيا,2026/01/07,"34,386,388"
الخدمات الرقمية,عام,القطاع العام,خدمة إلكترونية جزئيا,2026/01/07,"34,386,402"
الخدمات الرقمية,عام,القطاع العام,خدمة إلكترونية جزئيا,2026/01/07,"34,386,512"
الخدمات الرقمية,عام,القطاع العام,خدمة إلكترونية جزئيا,2026/01/07,"34,386,592"
الخدمات الرقمية,عام,القطاع العام,خدمة إلكترونية جزئيا,2026/01/07,"34,386,618"
الخدمات الرقمية,عام,القطاع العام,خدمة إلكترونية جزئيا,2026/01/07,"34,386,685"
الخدمات الرقمية,عام,القطاع العام,خدمة إلكترونية جزئيا,2026/01/07,"34,386,754"
الخدمات الرقمية,عام,القطاع العام,خدمة إلكترونية جزئيا,2026/01/07,"34,386,843"
الخدمات الرقمية,عام,القطاع العام,خدمة إلكترونية جزئيا,2026/01/07,"34,386,870"
الخدمات الرقمية,عام,القطاع العام,خدمة إلكترونية جزئيا,2026/01/07,"34,386,880"
الخدمات الرقمية,عام,القطاع العام,خدمة إلكترونية جزئيا,2026/01/07,"34,386,895"
الخدمات الرقمية,عام,القطاع العام,خدمة إلكترونية جزئيا,2026/01/07,"34,386,981"
الخدمات الرقمية,عام,القطاع العام,خدمة إلكترونية جزئيا,2026/01/07,"34,387,013"
الخدمات الرقمية,عام,القطاع العام,خدمة إلكترونية جزئيا,2026/01/07,"34,387,017"
الخدمات الرقمية,عام,القطاع العام,خدمة إلكترونية جزئيا,2026/01/07,"34,387,028"
الخدمات الرقمية,عام,القطاع العام,خدمة إلكترونية جزئيا,2026/01/07,"34,387,029"
الخدمات الرقمية,عام,القطاع العام,خدمة إلكترونية جزئيا,2026/01/07,"34,387,072"
الخدمات الرقمية,عام,القطاع العام,خدمة إلكترونية جزئيا,2026/01/07,"34,387,080"
الخدمات الرقمية,عام,القطاع العام,خدمة إلكترونية جزئيا,2026/01/07,"34,386,386"
الخدمات الرقمية,عام,القطاع العام,خدمة إلكترونية جزئيا,2026/01/07,"34,386,412"
الخدمات الرقمية,عام,القطاع العام,خدمة إلكترونية جزئيا,2026/01/07,"34,386,436"
الخدمات الرقمية,عام,القطاع العام,خدمة إلكترونية جزئيا,2026/01/07,"34,386,566"
الخدمات الرقمية,عام,القطاع العام,خدمة إلكترونية جزئيا,2026/01/07,"34,386,573"
الخدمات الرقمية,عام,القطاع العام,خدمة إلكترونية جزئيا,2026/01/07,"34,386,654"
الخدمات الرقمية,عام,القطاع العام,خدمة إلكترونية جزئيا,2026/01/07,"34,386,696"
الخدمات الرقمية,عام,القطاع العام,خدمة إلكترونية جزئيا,2026/01/07,"34,386,783"
الخدمات الرقمية,عام,القطاع العام,خدمة إلكترونية جزئيا,2026/01/07,"34,386,793"
الخدمات الرقمية,عام,القطاع العام,خدمة إلكترونية جزئيا,2026/01/07,"34,386,823"
الخدمات الرقمية,عام,القطاع العام,خدمة إلكترونية جزئيا,2026/01/07,"34,386,918"
الخدمات الرقمية,عام,القطاع العام,خدمة إلكترونية جزئيا,2026/01/07,"34,386,919"
الخدمات الرقمية,عام,القطاع العام,خدمة إلكترونية جزئيا,2026/01/07,"34,386,923"
الخدمات الرقمية,عام,القطاع العام,خدمة إلكترونية جزئيا,2026/01/07,"34,386,952"
الخدمات الرقمية,عام,القطاع العام,خدمة إلكترونية جزئيا,2026/01/07,"34,387,116"
الخدمات الرقمية,عام,القطاع العام,خدمة إلكترونية جزئيا,2026/01/07,"34,387,158"
الخدمات الرقمية,عام,القطاع العام,خدمة إلكترونية جزئيا,2026/01/07,"34,387,319"
الخدمات الرقمية,عام,القطاع العام,خدمة إلكترونية جزئيا,2026/01/07,"34,387,321"
الخدمات الرقمية,عام,القطاع العام,خدمة إلكترونية جزئيا,2026/01/07,"34,387,329"
الخدمات الرقمية,عام,القطاع العام,خدمة إلكترونية جزئيا,2026/01/07,"34,387,499"
الخدمات الرقمية,عام,القطاع العام,خدمة إلكترونية جزئيا,2026/01/07,"34,387,519"
الخدمات الرقمية,عام,القطاع العام,خدمة إلكترونية جزئيا,2026/01/07,"34,387,623"
الخدمات الرقمية,عام,القطاع العام,خدمة إلكترونية جزئيا,2026/01/07,"34,387,643"
الخدمات الرقمية,عام,القطاع العام,خدمة إلكترونية جزئيا,2026/01/07,"34,387,662"
الخدمات الرقمية,عام,القطاع العام,خدمة إلكترونية جزئيا,2026/01/07,"34,387,764"
الخدمات الرقمية,عام,القطاع العام,خدمة إلكترونية جزئيا,2026/01/07,"34,387,766"
الخدمات الرقمية,عام,القطاع العام,خدمة إلكترونية جزئيا,2026/01/07,"34,387,847"
الخدمات الرقمية,عام,القطاع العام,خدمة إلكترونية جزئيا,2026/01/07,"34,387,858"
الخدمات الرقمية,عام,القطاع العام,خدمة إلكترونية جزئيا,2026/01/07,"34,387,997"
الخدمات الرقمية,عام,القطاع العام,خدمة إلكترونية جزئيا,2026/01/07,"34,388,059"
الخدمات الرقمية,عام,القطاع العام,خدمة إلكترونية جزئيا,2026/01/07,"34,388,220"
الخدمات الرقمية,عام,القطاع العام,خدمة إلكترونية جزئيا,2026/01/07,"34,386,330"
الخدمات الرقمية,عام,القطاع العام,خدمة إلكترونية جزئيا,2026/01/07,"34,386,331"
الخدمات الرقمية,عام,القطاع العام,خدمة إلكترونية جزئيا,2026/01/07,"34,386,353"
الخدمات الرقمية,عام,القطاع العام,خدمة إلكترونية جزئيا,2026/01/07,"34,386,366"
الخدمات الرقمية,عام,القطاع العام,خدمة إلكترونية جزئيا,2026/01/07,"34,386,454"
الخدمات الرقمية,عام,القطاع العام,خدمة إلكترونية جزئيا,2026/01/07,"34,386,763"
الخدمات الرقمية,عام,القطاع العام,خدمة إلكترونية جزئيا,2026/01/07,"34,386,786"
الخدمات الرقمية,عام,القطاع العام,خدمة إلكترونية جزئيا,2026/01/07,"34,386,904"
الخدمات الرقمية,عام,القطاع العام,خدمة إلكترونية جزئيا,2026/01/07,"34,387,095"
الخدمات الرقمية,عام,القطاع العام,خدمة إلكترونية جزئيا,2026/01/07,"34,386,375"
الخدمات الرقمية,عام,القطاع العام,خدمة إلكترونية جزئيا,2026/01/07,"34,386,383"
الخدمات الرقمية,عام,القطاع العام,خدمة إلكترونية جزئيا,2026/01/07,"34,386,499"
الخدمات الرقمية,عام,القطاع العام,خدمة إلكترونية جزئيا,2026/01/07,"34,386,581"
الخدمات الرقمية,عام,القطاع العام,خدمة إلكترونية جزئيا,2026/01/07,"34,386,587"
الخدمات الرقمية,عام,القطاع العام,خدمة إلكترونية جزئيا,2026/01/07,"34,386,687"
الخدمات الرقمية,عام,القطاع العام,خدمة إلكترونية جزئيا,2026/01/07,"34,386,723"
الخدمات الرقمية,عام,القطاع العام,خدمة إلكترونية جزئيا,2026/01/07,"34,386,744"
الخدمات الرقمية,عام,القطاع العام,خدمة إلكترونية جزئيا,2026/01/07,"34,386,765"
الخدمات الرقمية,عام,القطاع العام,خدمة إلكترونية جزئيا,2026/01/07,"34,386,860"
الخدمات الرقمية,عام,القطاع العام,خدمة إلكترونية جزئيا,2026/01/07,"34,386,866"
الخدمات الرقمية,عام,القطاع العام,خدمة إلكترونية جزئيا,2026/01/07,"34,386,941"
الخدمات الرقمية,عام,القطاع العام,خدمة إلكترونية جزئيا,2026/01/07,"34,386,959"
الخدمات الرقمية,عام,القطاع العام,خدمة إلكترونية جزئيا,2026/01/07,"34,386,992"
الخدمات الرقمية,عام,القطاع العام,خدمة إلكترونية جزئيا,2026/01/07,"34,387,003"
الخدمات الرقمية,عام,القطاع العام,خدمة إلكترونية جزئيا,2026/01/07,"34,387,009"
الخدمات الرقمية,عام,القطاع العام,خدمة إلكترونية جزئيا,2026/01/07,"34,387,070"
الخدمات الرقمية,عام,القطاع العام,خدمة إلكترونية جزئيا,2026/01/07,"34,386,351"
الخدمات الرقمية,عام,القطاع العام,خدمة إلكترونية جزئيا,2026/01/07,"34,386,519"
الخدمات الرقمية,عام,القطاع العام,خدمة إلكترونية جزئيا,2026/01/07,"34,386,555"
الخدمات الرقمية,عام,القطاع العام,خدمة إلكترونية جزئيا,2026/01/07,"34,386,577"
الخدمات الرقمية,عام,القطاع العام,خدمة إلكترونية جزئيا,2026/01/07,"34,386,601"
الخدمات الرقمية,عام,القطاع العام,خدمة إلكترونية جزئيا,2026/01/07,"34,386,608"
الخدمات الرقمية,عام,القطاع العام,خدمة إلكترونية جزئيا,2026/01/07,"34,386,649"
الخدمات الرقمية,عام,القطاع العام,خدمة إلكترونية جزئيا,2026/01/07,"34,386,715"
الخدمات الرقمية,عام,القطاع العام,خدمة إلكترونية جزئيا,2026/01/07,"34,386,725"
الخدمات الرقمية,عام,القطاع العام,خدمة إلكترونية جزئيا,2026/01/07,"34,386,746"
الخدمات الرقمية,عام,القطاع العام,خدمة إلكترونية جزئيا,2026/01/07,"34,386,796"
الخدمات الرقمية,عام,القطاع العام,خدمة إلكترونية جزئيا,2026/01/07,"34,386,394"
الخدمات الرقمية,عام,القطاع العام,خدمة إلكترونية جزئيا,2026/01/07,"34,386,395"
الخدمات الرقمية,عام,القطاع العام,خدمة إلكترونية جزئيا,2026/01/07,"34,386,471"
الخدمات الرقمية,عام,القطاع العام,خدمة إلكترونية جزئيا,2026/01/07,"34,386,494"
الخدمات الرقمية,عام,القطاع العام,خدمة إلكترونية جزئيا,2026/01/07,"34,386,562"
الخدمات الرقمية,عام,القطاع العام,خدمة إلكترونية جزئيا,2026/01/07,"34,386,599"
الخدمات الرقمية,عام,القطاع العام,خدمة إلكترونية جزئيا,2026/01/07,"34,386,666"
الخدمات الرقمية,عام,القطاع العام,خدمة إلكترونية جزئيا,2026/01/07,"34,386,748"
الخدمات الرقمية,عام,القطاع العام,خدمة إلكترونية جزئيا,2026/01/07,"34,386,927"
الخدمات الرقمية,عام,القطاع العام,خدمة إلكترونية جزئيا,2026/01/07,"34,386,967"
الخدمات الرقمية,عام,القطاع العام,خدمة إلكترونية جزئيا,2026/01/07,"34,386,362"
الخدمات الرقمية,عام,القطاع العام,خدمة إلكترونية جزئيا,2026/01/07,"34,386,363"
الخدمات الرقمية,عام,القطاع العام,خدمة إلكترونية جزئيا,2026/01/07,"34,386,429"
الخدمات الرقمية,عام,القطاع العام,خدمة إلكترونية جزئيا,2026/01/07,"34,386,442"
الخدمات الرقمية,عام,القطاع العام,خدمة إلكترونية جزئيا,2026/01/07,"34,386,469"
الخدمات الرقمية,عام,القطاع العام,خدمة إلكترونية جزئيا,2026/01/07,"34,386,541"
الخدمات الرقمية,عام,القطاع العام,خدمة إلكترونية جزئيا,2026/01/07,"34,386,612"
الخدمات الرقمية,عام,القطاع العام,خدمة إلكترونية جزئيا,2026/01/07,"34,386,614"
الخدمات الرقمية,عام,القطاع العام,خدمة إلكترونية جزئيا,2026/01/07,"34,386,683"
الخدمات الرقمية,عام,القطاع العام,خدمة إلكترونية جزئيا,2026/01/07,"34,386,741"
الخدمات الرقمية,عام,القطاع العام,خدمة إلكترونية جزئيا,2026/01/07,"34,386,770"
الخدمات الرقمية,عام,القطاع العام,خدمة إلكترونية جزئيا,2026/01/07,"34,386,773"
الخدمات الرقمية,عام,القطاع العام,خدمة إلكترونية جزئيا,2026/01/07,"34,386,812"
الخدمات الرقمية,عام,القطاع العام,خدمة إلكترونية جزئيا,2026/01/07,"34,386,925"
الخدمات الرقمية,عام,القطاع العام,خدمة إلكترونية جزئيا,2026/01/07,"34,386,936"
الخدمات الرقمية,عام,القطاع العام,خدمة إلكترونية جزئيا,2026/01/07,"34,386,987"
الخدمات الرقمية,عام,القطاع العام,خدمة إلكترونية جزئيا,2026/01/07,"34,387,131"
الخدمات الرقمية,عام,القطاع العام,خدمة إلكترونية جزئيا,2026/01/07,"34,387,169"
الخدمات الرقمية,عام,القطاع العام,خدمة إلكترونية جزئيا,2026/01/07,"34,387,275"
الخدمات الرقمية,عام,القطاع العام,خدمة إلكترونية جزئيا,2026/01/07,"34,387,334"
الخدمات الرقمية,عام,القطاع العام,خدمة إلكترونية جزئيا,2026/01/07,"34,387,339"
الخدمات الرقمية,عام,القطاع العام,خدمة إلكترونية جزئيا,2026/01/07,"34,387,397"
الخدمات الرقمية,عام,القطاع العام,خدمة إلكترونية جزئيا,2026/01/07,"34,387,422"
الخدمات الرقمية,عام,القطاع العام,خدمة إلكترونية جزئيا,2026/01/07,"34,387,531"
الخدمات الرقمية,عام,القطاع العام,خدمة إلكترونية جزئيا,2026/01/07,"34,387,568"
الخدمات الرقمية,عام,القطاع العام,خدمة إلكترونية جزئيا,2026/01/07,"34,387,664"
الخدمات الرقمية,عام,القطاع العام,خدمة إلكترونية جزئيا,2026/01/07,"34,387,691"
الخدمات الرقمية,عام,القطاع العام,خدمة إلكترونية جزئيا,2026/01/07,"34,387,707"
الخدمات الرقمية,عام,القطاع العام,خدمة إلكترونية جزئيا,2026/01/07,"34,387,712"
الخدمات الرقمية,عام,القطاع العام,خدمة إلكترونية جزئيا,2026/01/07,"34,386,312"
الخدمات الرقمية,عام,القطاع العام,خدمة إلكترونية جزئيا,2026/01/07,"34,386,398"
الخدمات الرقمية,عام,القطاع العام,خدمة إلكترونية جزئيا,2026/01/07,"34,386,546"
الخدمات الرقمية,عام,القطاع العام,خدمة إلكترونية جزئيا,2026/01/07,"34,386,553"
الخدمات الرقمية,عام,القطاع العام,خدمة إلكترونية جزئيا,2026/01/07,"34,386,594"
الخدمات الرقمية,عام,القطاع العام,خدمة إلكترونية جزئيا,2026/01/07,"34,386,606"
الخدمات الرقمية,عام,القطاع العام,خدمة إلكترونية جزئيا,2026/01/07,"34,386,616"
الخدمات الرقمية,عام,القطاع العام,خدمة إلكترونية جزئيا,2026/01/07,"34,386,636"
الخدمات الرقمية,عام,القطاع العام,خدمة إلكترونية جزئيا,2026/01/07,"34,386,645"
الخدمات الرقمية,عام,القطاع العام,خدمة إلكترونية جزئيا,2026/01/07,"34,387,121"
الخدمات الرقمية,عام,القطاع العام,خدمة إلكترونية جزئيا,2026/01/07,"34,387,257"
الخدمات الرقمية,عام,القطاع العام,خدمة إلكترونية جزئيا,2026/01/07,"34,387,301"
الخدمات الرقمية,عام,القطاع العام,خدمة إلكترونية جزئيا,2026/01/07,"34,387,326"
الخدمات الرقمية,عام,القطاع العام,خدمة إلكترونية جزئيا,2026/01/07,"34,387,350"
الخدمات الرقمية,عام,القطاع العام,خدمة إلكترونية جزئيا,2026/01/07,"34,387,473"
الخدمات الرقمية,عام,القطاع العام,خدمة إلكترونية جزئيا,2026/01/07,"34,387,475"
الخدمات الرقمية,عام,القطاع العام,خدمة إلكترونية جزئيا,2026/01/07,"34,387,503"
الخدمات الرقمية,عام,القطاع العام,خدمة إلكترونية جزئيا,2026/01/07,"34,387,507"
الخدمات الرقمية,عام,القطاع العام,خدمة إلكترونية جزئيا,2026/01/07,"34,387,508"
الخدمات الرقمية,عام,القطاع العام,خدمة إلكترونية جزئيا,2026/01/07,"34,387,554"
الخدمات الرقمية,عام,القطاع العام,خدمة إلكترونية جزئيا,2026/01/07,"34,387,591"
الخدمات الرقمية,عام,القطاع العام,خدمة إلكترونية جزئيا,2026/01/07,"34,387,676"
الخدمات الرقمية,عام,القطاع العام,خدمة إلكترونية جزئيا,2026/01/07,"34,387,809"
الخدمات الرقمية,عام,القطاع العام,خدمة إلكترونية جزئيا,2026/01/07,"34,387,865"
الخدمات الرقمية,عام,القطاع العام,خدمة إلكترونية جزئيا,2026/01/07,"34,387,916"
الخدمات الرقمية,عام,القطاع العام,خدمة إلكترونية جزئيا,2026/01/07,"34,387,941"
الخدمات الرقمية,عام,القطاع العام,خدمة إلكترونية جزئيا,2026/01/07,"34,388,068"
الخدمات الرقمية,عام,القطاع العام,خدمة إلكترونية جزئيا,2026/01/07,"34,388,072"
الخدمات الرقمية,عام,القطاع العام,خدمة إلكترونية جزئيا,2026/01/07,"34,388,073"
الخدمات الرقمية,عام,القطاع العام,خدمة إلكترونية جزئيا,2026/01/07,"34,388,140"
الخدمات الرقمية,عام,القطاع العام,خدمة إلكترونية جزئيا,2026/01/07,"34,388,190"
الخدمات الرقمية,عام,القطاع العام,خدمة إلكترونية جزئيا,2026/01/07,"34,388,243"
الخدمات الرقمية,عام,القطاع العام,خدمة إلكترونية جزئيا,2026/01/07,"34,388,268"
الخدمات الرقمية,عام,القطاع العام,خدمة إلكترونية جزئيا,2026/01/07,"34,388,290"
الخدمات الرقمية,عام,القطاع العام,خدمة إلكترونية جزئيا,2026/01/07,"34,388,418"
الخدمات الرقمية,عام,القطاع العام,خدمة إلكترونية جزئيا,2026/01/07,"34,388,437"
الخدمات الرقمية,عام,القطاع العام,خدمة إلكترونية جزئيا,2026/01/07,"34,388,510"
الخدمات الرقمية,عام,القطاع العام,خدمة إلكترونية جزئيا,2026/01/07,"34,388,513"
الخدمات الرقمية,عام,القطاع العام,خدمة إلكترونية جزئيا,2026/01/07,"34,388,514"
الخدمات الرقمية,عام,القطاع العام,خدمة إلكترونية جزئيا,2026/01/07,"34,388,603"
الخدمات الرقمية,عام,القطاع العام,خدمة إلكترونية جزئيا,2026/01/07,"34,388,637"
الخدمات الرقمية,عام,القطاع العام,خدمة إلكترونية جزئيا,2026/01/07,"34,387,083"
الخدمات الرقمية,عام,القطاع العام,خدمة إلكترونية جزئيا,2026/01/07,"34,387,190"
الخدمات الرقمية,عام,القطاع العام,خدمة إلكترونية جزئيا,2026/01/07,"34,387,211"
الخدمات الرقمية,عام,القطاع العام,خدمة إلكترونية جزئيا,2026/01/07,"34,387,247"
الخدمات الرقمية,عام,القطاع العام,خدمة إلكترونية جزئيا,2026/01/07,"34,387,306"
الخدمات الرقمية,عام,القطاع العام,خدمة إلكترونية جزئيا,2026/01/07,"34,387,307"
الخدمات الرقمية,عام,القطاع العام,خدمة إلكترونية جزئيا,2026/01/07,"34,387,370"
الخدمات الرقمية,عام,القطاع العام,خدمة إلكترونية جزئيا,2026/01/07,"34,387,379"
الخدمات الرقمية,عام,القطاع العام,خدمة إلكترونية جزئيا,2026/01/07,"34,387,415"
الخدمات الرقمية,عام,القطاع العام,خدمة إلكترونية جزئيا,2026/01/07,"34,387,541"
الخدمات الرقمية,عام,القطاع العام,خدمة إلكترونية جزئيا,2026/01/07,"34,387,580"
الخدمات الرقمية,عام,القطاع العام,خدمة إلكترونية جزئيا,2026/01/07,"34,387,588"
الخدمات الرقمية,عام,القطاع العام,خدمة إلكترونية جزئيا,2026/01/07,"34,387,647"
الخدمات الرقمية,عام,القطاع العام,خدمة إلكترونية جزئيا,2026/01/07,"34,387,879"
الخدمات الرقمية,عام,القطاع العام,خدمة إلكترونية جزئيا,2026/01/07,"34,387,935"
الخدمات الرقمية,عام,القطاع العام,خدمة إلكترونية جزئيا,2026/01/07,"34,387,984"
الخدمات الرقمية,عام,القطاع العام,خدمة إلكترونية جزئيا,2026/01/07,"34,388,082"
الخدمات الرقمية,عام,القطاع العام,خدمة إلكترونية جزئيا,2026/01/07,"34,388,538"
الخدمات الرقمية,عام,القطاع العام,خدمة إلكترونية جزئيا,2026/01/07,"34,388,540"
الخدمات الرقمية,عام,القطاع العام,خدمة إلكترونية جزئيا,2026/01/07,"34,388,589"
الخدمات الرقمية,عام,القطاع العام,خدمة إلكترونية جزئيا,2026/01/07,"34,388,592"
الخدمات الرقمية,عام,القطاع العام,خدمة إلكترونية جزئيا,2026/01/07,"34,388,687"
الخدمات الرقمية,عام,القطاع العام,خدمة إلكترونية جزئيا,2026/01/07,"34,388,723"
الخدمات الرقمية,عام,القطاع العام,خدمة إلكترونية جزئيا,2026/01/07,"34,388,951"
الخدمات الرقمية,عام,القطاع العام,خدمة إلكترونية جزئيا,2026/01/07,"34,388,957"
الخدمات الرقمية,عام,القطاع العام,خدمة إلكترونية جزئيا,2026/01/07,"34,388,959"
الخدمات الرقمية,عام,القطاع العام,خدمة إلكترونية جزئيا,2026/01/07,"34,388,990"
الخدمات الرقمية,عام,القطاع العام,خدمة إلكترونية جزئيا,2026/01/07,"34,388,998"
الخدمات الرقمية,عام,القطاع العام,خدمة إلكترونية جزئيا,2026/01/07,"34,389,069"
الخدمات الرقمية,عام,القطاع العام,خدمة إلكترونية جزئيا,2026/01/07,"34,389,094"
الخدمات الرقمية,عام,القطاع العام,خدمة إلكترونية جزئيا,2026/01/07,"34,389,147"
الخدمات الرقمية,عام,القطاع العام,خدمة إلكترونية جزئيا,2026/01/07,"34,389,204"
الخدمات الرقمية,عام,القطاع العام,خدمة إلكترونية جزئيا,2026/01/07,"34,389,396"
الخدمات الرقمية,عام,القطاع العام,خدمة إلكترونية جزئيا,2026/01/07,"34,389,416"
الخدمات الرقمية,عام,القطاع العام,خدمة إلكترونية جزئيا,2026/01/07,"34,389,493"
الخدمات الرقمية,عام,القطاع العام,خدمة إلكترونية جزئيا,2026/01/07,"34,389,556"
الخدمات الرقمية,عام,القطاع العام,خدمة إلكترونية جزئيا,2026/01/07,"34,389,557"
الخدمات الرقمية,عام,القطاع العام,خدمة إلكترونية جزئيا,2026/01/07,"34,388,757"
الخدمات الرقمية,عام,القطاع العام,خدمة إلكترونية جزئيا,2026/01/07,"34,388,785"
الخدمات الرقمية,عام,القطاع العام,خدمة إلكترونية جزئيا,2026/01/07,"34,388,798"
الخدمات الرقمية,عام,القطاع العام,خدمة إلكترونية جزئيا,2026/01/07,"34,388,805"
الخدمات الرقمية,عام,القطاع العام,خدمة إلكترونية جزئيا,2026/01/07,"34,388,810"
الخدمات الرقمية,عام,القطاع العام,خدمة إلكترونية جزئيا,2026/01/07,"34,388,824"
الخدمات الرقمية,عام,القطاع العام,خدمة إلكترونية جزئيا,2026/01/07,"34,388,853"
الخدمات الرقمية,عام,القطاع العام,خدمة إلكترونية جزئيا,2026/01/07,"34,389,036"
الخدمات الرقمية,عام,القطاع العام,خدمة إلكترونية جزئيا,2026/01/07,"34,389,082"
الخدمات الرقمية,عام,القطاع العام,خدمة إلكترونية جزئيا,2026/01/07,"34,389,084"
الخدمات الرقمية,عام,القطاع العام,خدمة إلكترونية جزئيا,2026/01/07,"34,389,119"
الخدمات الرقمية,عام,القطاع العام,خدمة إلكترونية جزئيا,2026/01/07,"34,389,304"
الخدمات الرقمية,عام,القطاع العام,خدمة إلكترونية جزئيا,2026/01/07,"34,389,310"
الخدمات الرقمية,عام,القطاع العام,خدمة إلكترونية جزئيا,2026/01/07,"34,389,312"
الخدمات الرقمية,عام,القطاع العام,خدمة إلكترونية جزئيا,2026/01/07,"34,389,541"
الخدمات الرقمية,عام,القطاع العام,خدمة إلكترونية جزئيا,2026/01/07,"34,387,716"
الخدمات الرقمية,عام,القطاع العام,خدمة إلكترونية جزئيا,2026/01/07,"34,387,756"
الخدمات الرقمية,عام,القطاع العام,خدمة إلكترونية جزئيا,2026/01/07,"34,387,774"
الخدمات الرقمية,عام,القطاع العام,خدمة إلكترونية جزئيا,2026/01/07,"34,387,812"
الخدمات الرقمية,عام,القطاع العام,خدمة إلكترونية جزئيا,2026/01/07,"34,387,828"
الخدمات الرقمية,عام,القطاع العام,خدمة إلكترونية جزئيا,2026/01/07,"34,387,908"
الخدمات الرقمية,عام,القطاع العام,خدمة إلكترونية جزئيا,2026/01/07,"34,387,909"
الخدمات الرقمية,عام,القطاع العام,خدمة إلكترونية جزئيا,2026/01/07,"34,387,933"
الخدمات الرقمية,عام,القطاع العام,خدمة إلكترونية جزئيا,2026/01/07,"34,387,966"
الخدمات الرقمية,عام,القطاع العام,خدمة إلكترونية جزئيا,2026/01/07,"34,387,972"
الخدمات الرقمية,عام,القطاع العام,خدمة إلكترونية جزئيا,2026/01/07,"34,387,991"
الخدمات الرقمية,عام,القطاع العام,خدمة إلكترونية جزئيا,2026/01/07,"34,388,008"
الخدمات الرقمية,عام,القطاع العام,خدمة إلكترونية جزئيا,2026/01/07,"34,388,010"
الخدمات الرقمية,عام,القطاع العام,خدمة إلكترونية جزئيا,2026/01/07,"34,388,025"
الخدمات الرقمية,عام,القطاع العام,خدمة إلكترونية جزئيا,2026/01/07,"34,388,031"
الخدمات الرقمية,عام,القطاع العام,خدمة إلكترونية جزئيا,2026/01/07,"34,388,057"
الخدمات الرقمية,عام,القطاع العام,خدمة إلكترونية جزئيا,2026/01/07,"34,388,133"
الخدمات الرقمية,عام,القطاع العام,خدمة إلكترونية جزئيا,2026/01/07,"34,388,162"
الخدمات الرقمية,عام,القطاع العام,خدمة إلكترونية جزئيا,2026/01/07,"34,388,165"
الخدمات الرقمية,عام,القطاع العام,خدمة إلكترونية جزئيا,2026/01/07,"34,388,319"
الخدمات الرقمية,عام,القطاع العام,خدمة إلكترونية جزئيا,2026/01/07,"34,388,328"
الخدمات الرقمية,عام,القطاع العام,خدمة إلكترونية جزئيا,2026/01/07,"34,388,470"
الخدمات الرقمية,عام,القطاع العام,خدمة إلكترونية جزئيا,2026/01/07,"34,388,556"
الخدمات الرقمية,عام,القطاع العام,خدمة إلكترونية جزئيا,2026/01/07,"34,388,574"
الخدمات الرقمية,عام,القطاع العام,خدمة إلكترونية جزئيا,2026/01/07,"34,388,575"
الخدمات الرقمية,عام,القطاع العام,خدمة إلكترونية جزئيا,2026/01/07,"34,388,707"
الخدمات الرقمية,عام,القطاع العام,خدمة إلكترونية جزئيا,2026/01/07,"34,388,787"
الخدمات الرقمية,عام,القطاع العام,خدمة إلكترونية جزئيا,2026/01/07,"34,388,846"
الخدمات الرقمية,عام,القطاع العام,خدمة إلكترونية جزئيا,2026/01/07,"34,388,878"
الخدمات الرقمية,عام,القطاع العام,خدمة إلكترونية جزئيا,2026/01/07,"34,388,927"
الخدمات الرقمية,عام,القطاع العام,خدمة إلكترونية جزئيا,2026/01/07,"34,388,928"
الخدمات الرقمية,عام,القطاع العام,خدمة إلكترونية جزئيا,2026/01/07,"34,388,941"
الخدمات الرقمية,عام,القطاع العام,خدمة إلكترونية جزئيا,2026/01/07,"34,386,432"
الخدمات الرقمية,عام,القطاع العام,خدمة إلكترونية جزئيا,2026/01/07,"34,386,460"
الخدمات الرقمية,عام,القطاع العام,خدمة إلكترونية جزئيا,2026/01/07,"34,386,481"
الخدمات الرقمية,عام,القطاع العام,خدمة إلكترونية جزئيا,2026/01/07,"34,386,503"
الخدمات الرقمية,عام,القطاع العام,خدمة إلكترونية جزئيا,2026/01/07,"34,386,517"
الخدمات الرقمية,عام,القطاع العام,خدمة إلكترونية جزئيا,2026/01/07,"34,386,559"
الخدمات الرقمية,عام,القطاع العام,خدمة إلكترونية جزئيا,2026/01/07,"34,386,628"
الخدمات الرقمية,عام,القطاع العام,خدمة إلكترونية جزئيا,2026/01/07,"34,386,730"
الخدمات الرقمية,عام,القطاع العام,خدمة إلكترونية جزئيا,2026/01/07,"34,386,802"
الخدمات الرقمية,عام,القطاع العام,خدمة إلكترونية جزئيا,2026/01/07,"34,386,939"
الخدمات الرقمية,عام,القطاع العام,خدمة إلكترونية جزئيا,2026/01/07,"34,387,037"
الخدمات الرقمية,عام,القطاع العام,خدمة إلكترونية جزئيا,2026/01/07,"34,387,088"
الخدمات الرقمية,عام,القطاع العام,خدمة إلكترونية جزئيا,2026/01/07,"34,387,106"
الخدمات الرقمية,عام,القطاع العام,خدمة إلكترونية جزئيا,2026/01/07,"34,387,133"
الخدمات الرقمية,عام,القطاع العام,خدمة إلكترونية جزئيا,2026/01/07,"34,387,156"
الخدمات الرقمية,عام,القطاع العام,خدمة إلكترونية جزئيا,2026/01/07,"34,387,163"
الخدمات الرقمية,عام,القطاع العام,خدمة إلكترونية جزئيا,2026/01/07,"34,387,293"
الخدمات الرقمية,عام,القطاع العام,خدمة إلكترونية جزئيا,2026/01/07,"34,387,298"
الخدمات الرقمية,عام,القطاع العام,خدمة إلكترونية جزئيا,2026/01/07,"34,387,343"
الخدمات الرقمية,عام,القطاع العام,خدمة إلكترونية جزئيا,2026/01/07,"34,387,357"
الخدمات الرقمية,عام,القطاع العام,خدمة إلكترونية جزئيا,2026/01/07,"34,387,386"
الخدمات الرقمية,عام,القطاع العام,خدمة إلكترونية جزئيا,2026/01/07,"34,387,151"
الخدمات الرقمية,عام,القطاع العام,خدمة إلكترونية جزئيا,2026/01/07,"34,387,392"
الخدمات الرقمية,عام,القطاع العام,خدمة إلكترونية جزئيا,2026/01/07,"34,387,406"
الخدمات الرقمية,عام,القطاع العام,خدمة إلكترونية جزئيا,2026/01/07,"34,387,481"
الخدمات الرقمية,عام,القطاع العام,خدمة إلكترونية جزئيا,2026/01/07,"34,387,556"
الخدمات الرقمية,عام,القطاع العام,خدمة إلكترونية جزئيا,2026/01/07,"34,387,735"
الخدمات الرقمية,عام,القطاع العام,خدمة إلكترونية جزئيا,2026/01/07,"34,387,742"
الخدمات الرقمية,عام,القطاع العام,خدمة إلكترونية جزئيا,2026/01/07,"34,387,825"
الخدمات الرقمية,عام,القطاع العام,خدمة إلكترونية جزئيا,2026/01/07,"34,387,970"
الخدمات الرقمية,عام,القطاع العام,خدمة إلكترونية جزئيا,2026/01/07,"34,388,027"
الخدمات الرقمية,عام,القطاع العام,خدمة إلكترونية جزئيا,2026/01/07,"34,388,098"
الخدمات الرقمية,عام,القطاع العام,خدمة إلكترونية جزئيا,2026/01/07,"34,388,109"
الخدمات الرقمية,عام,القطاع العام,خدمة إلكترونية جزئيا,2026/01/07,"34,388,144"
الخدمات الرقمية,عام,القطاع العام,خدمة إلكترونية جزئيا,2026/01/07,"34,388,170"
الخدمات الرقمية,عام,القطاع العام,خدمة إلكترونية جزئيا,2026/01/07,"34,388,214"
الخدمات الرقمية,عام,القطاع العام,خدمة إلكترونية جزئيا,2026/01/07,"34,388,262"
الخدمات الرقمية,عام,القطاع العام,خدمة إلكترونية جزئيا,2026/01/07,"34,388,466"
الخدمات الرقمية,عام,القطاع العام,خدمة إلكترونية جزئيا,2026/01/07,"34,388,467"
الخدمات الرقمية,عام,القطاع العام,خدمة إلكترونية جزئيا,2026/01/07,"34,388,530"
الخدمات الرقمية,عام,القطاع العام,خدمة إلكترونية جزئيا,2026/01/07,"34,388,548"
الخدمات الرقمية,عام,القطاع العام,خدمة إلكترونية جزئيا,2026/01/07,"34,388,658"
الخدمات الرقمية,عام,القطاع العام,خدمة إلكترونية جزئيا,2026/01/07,"34,388,665"
الخدمات الرقمية,عام,القطاع العام,خدمة إلكترونية جزئيا,2026/01/07,"34,388,705"
الخدمات الرقمية,عام,القطاع العام,خدمة إلكترونية جزئيا,2026/01/07,"34,388,762"
الخدمات الرقمية,عام,القطاع العام,خدمة إلكترونية جزئيا,2026/01/07,"34,388,763"
الخدمات الرقمية,عام,القطاع العام,خدمة إلكترونية جزئيا,2026/01/07,"34,388,783"
الخدمات الرقمية,عام,القطاع العام,خدمة إلكترونية جزئيا,2026/01/07,"34,388,859"
الخدمات الرقمية,عام,القطاع العام,خدمة إلكترونية جزئيا,2026/01/07,"34,388,905"
الخدمات الرقمية,عام,القطاع العام,خدمة إلكترونية جزئيا,2026/01/07,"34,388,932"
الخدمات الرقمية,عام,القطاع العام,خدمة إلكترونية جزئيا,2026/01/07,"34,388,972"
الخدمات الرقمية,عام,القطاع العام,خدمة إلكترونية جزئيا,2026/01/07,"34,389,267"
الخدمات الرقمية,عام,القطاع العام,خدمة إلكترونية جزئيا,2026/01/07,"34,389,288"
الخدمات الرقمية,عام,القطاع العام,خدمة إلكترونية جزئيا,2026/01/07,"34,389,330"
الخدمات الرقمية,عام,القطاع العام,خدمة إلكترونية جزئيا,2026/01/07,"34,389,368"
الخدمات الرقمية,عام,القطاع العام,خدمة إلكترونية جزئيا,2026/01/07,"34,389,431"
الخدمات الرقمية,عام,القطاع العام,خدمة إلكترونية جزئيا,2026/01/07,"34,389,433"
الخدمات الرقمية,عام,القطاع العام,خدمة إلكترونية جزئيا,2026/01/07,"34,389,457"
الخدمات الرقمية,عام,القطاع العام,خدمة إلكترونية جزئيا,2026/01/07,"34,389,459"
الخدمات الرقمية,عام,القطاع العام,خدمة إلكترونية جزئيا,2026/01/07,"34,389,462"
الخدمات الرقمية,عام,القطاع العام,خدمة إلكترونية جزئيا,2026/01/07,"34,389,526"
الخدمات الرقمية,عام,القطاع العام,خدمة إلكترونية جزئيا,2026/01/07,"34,387,098"
الخدمات الرقمية,عام,القطاع العام,خدمة إلكترونية جزئيا,2026/01/07,"34,387,136"
الخدمات الرقمية,عام,القطاع العام,خدمة إلكترونية جزئيا,2026/01/07,"34,387,399"
الخدمات الرقمية,عام,القطاع العام,خدمة إلكترونية جزئيا,2026/01/07,"34,387,408"
الخدمات الرقمية,عام,القطاع العام,خدمة إلكترونية جزئيا,2026/01/07,"34,387,450"
الخدمات الرقمية,عام,القطاع العام,خدمة إلكترونية جزئيا,2026/01/07,"34,387,462"
الخدمات الرقمية,عام,القطاع العام,خدمة إلكترونية جزئيا,2026/01/07,"34,387,471"
الخدمات الرقمية,عام,القطاع العام,خدمة إلكترونية جزئيا,2026/01/07,"34,387,497"
الخدمات الرقمية,عام,القطاع العام,خدمة إلكترونية جزئيا,2026/01/07,"34,387,599"
الخدمات الرقمية,عام,القطاع العام,خدمة إلكترونية جزئيا,2026/01/07,"34,387,600"
الخدمات الرقمية,عام,القطاع العام,خدمة إلكترونية جزئيا,2026/01/07,"34,387,685"
الخدمات الرقمية,عام,القطاع العام,خدمة إلكترونية جزئيا,2026/01/07,"34,387,704"
الخدمات الرقمية,عام,القطاع العام,خدمة إلكترونية جزئيا,2026/01/07,"34,387,744"
الخدمات الرقمية,عام,القطاع العام,خدمة إلكترونية جزئيا,2026/01/07,"34,387,806"
الخدمات الرقمية,عام,القطاع العام,خدمة إلكترونية جزئيا,2026/01/07,"34,387,835"
الخدمات الرقمية,عام,القطاع العام,خدمة إلكترونية جزئيا,2026/01/07,"34,387,845"
الخدمات الرقمية,عام,القطاع العام,خدمة إلكترونية جزئيا,2026/01/07,"34,387,872"
الخدمات الرقمية,عام,القطاع العام,خدمة إلكترونية جزئيا,2026/01/07,"34,387,875"
الخدمات الرقمية,عام,القطاع العام,خدمة إلكترونية جزئيا,2026/01/07,"34,387,894"
الخدمات الرقمية,عام,القطاع العام,خدمة إلكترونية جزئيا,2026/01/07,"34,387,943"
الخدمات الرقمية,عام,القطاع العام,خدمة إلكترونية جزئيا,2026/01/07,"34,388,136"
الخدمات الرقمية,عام,القطاع العام,خدمة إلكترونية جزئيا,2026/01/07,"34,388,292"
الخدمات الرقمية,عام,القطاع العام,خدمة إلكترونية جزئيا,2026/01/07,"34,388,332"
الخدمات الرقمية,عام,القطاع العام,خدمة إلكترونية جزئيا,2026/01/07,"34,388,408"
الخدمات الرقمية,عام,القطاع العام,خدمة إلكترونية جزئيا,2026/01/07,"34,388,439"
الخدمات الرقمية,عام,القطاع العام,خدمة إلكترونية جزئيا,2026/01/07,"34,388,523"
الخدمات الرقمية,عام,القطاع العام,خدمة إلكترونية جزئيا,2026/01/07,"34,388,633"
الخدمات الرقمية,عام,القطاع العام,خدمة إلكترونية جزئيا,2026/01/07,"34,388,645"
الخدمات الرقمية,عام,القطاع العام,خدمة إلكترونية جزئيا,2026/01/07,"34,388,675"
الخدمات الرقمية,عام,القطاع العام,خدمة إلكترونية جزئيا,2026/01/07,"34,388,735"
الخدمات الرقمية,عام,القطاع العام,خدمة إلكترونية جزئيا,2026/01/07,"34,388,773"
الخدمات الرقمية,عام,القطاع العام,خدمة إلكترونية جزئيا,2026/01/07,"34,388,781"
الخدمات الرقمية,عام,القطاع العام,خدمة إلكترونية جزئيا,2026/01/07,"34,386,343"
الخدمات الرقمية,عام,القطاع العام,خدمة إلكترونية جزئيا,2026/01/07,"34,386,450"
الخدمات الرقمية,عام,القطاع العام,خدمة إلكترونية جزئيا,2026/01/07,"34,386,478"
الخدمات الرقمية,عام,القطاع العام,خدمة إلكترونية جزئيا,2026/01/07,"34,386,523"
الخدمات الرقمية,عام,القطاع العام,خدمة إلكترونية جزئيا,2026/01/07,"34,386,549"
الخدمات الرقمية,عام,القطاع العام,خدمة إلكترونية جزئيا,2026/01/07,"34,386,604"
الخدمات الرقمية,عام,القطاع العام,خدمة إلكترونية جزئيا,2026/01/07,"34,386,658"
الخدمات الرقمية,عام,القطاع العام,خدمة إلكترونية جزئيا,2026/01/07,"34,386,701"
الخدمات الرقمية,عام,القطاع العام,خدمة إلكترونية جزئيا,2026/01/07,"34,386,717"
الخدمات الرقمية,عام,القطاع العام,خدمة إلكترونية جزئيا,2026/01/07,"34,386,819"
الخدمات الرقمية,عام,القطاع العام,خدمة إلكترونية جزئيا,2026/01/07,"34,386,914"
الخدمات الرقمية,عام,القطاع العام,خدمة إلكترونية جزئيا,2026/01/07,"34,386,965"
الخدمات الرقمية,عام,القطاع العام,خدمة إلكترونية جزئيا,2026/01/07,"34,387,090"
الخدمات الرقمية,عام,القطاع العام,خدمة إلكترونية جزئيا,2026/01/07,"34,387,124"
الخدمات الرقمية,عام,القطاع العام,خدمة إلكترونية جزئيا,2026/01/07,"34,387,147"
الخدمات الرقمية,عام,القطاع العام,خدمة إلكترونية جزئيا,2026/01/07,"34,387,149"
الخدمات الرقمية,عام,القطاع العام,خدمة إلكترونية جزئيا,2026/01/07,"34,387,231"
الخدمات الرقمية,عام,القطاع العام,خدمة إلكترونية جزئيا,2026/01/07,"34,387,261"
الخدمات الرقمية,عام,القطاع العام,خدمة إلكترونية جزئيا,2026/01/07,"34,387,268"
الخدمات الرقمية,عام,القطاع العام,خدمة إلكترونية جزئيا,2026/01/07,"34,388,809"
الخدمات الرقمية,عام,القطاع العام,خدمة إلكترونية جزئيا,2026/01/07,"34,388,826"
الخدمات الرقمية,عام,القطاع العام,خدمة إلكترونية جزئيا,2026/01/07,"34,388,908"
الخدمات الرقمية,عام,القطاع العام,خدمة إلكترونية جزئيا,2026/01/07,"34,389,218"
الخدمات الرقمية,عام,القطاع العام,خدمة إلكترونية جزئيا,2026/01/07,"34,389,358"
الخدمات الرقمية,عام,القطاع العام,خدمة إلكترونية جزئيا,2026/01/07,"34,389,400"
الخدمات الرقمية,عام,القطاع العام,خدمة إلكترونية جزئيا,2026/01/07,"34,389,412"
الخدمات الرقمية,عام,القطاع العام,خدمة إلكترونية جزئيا,2026/01/07,"34,388,979"
الخدمات الرقمية,عام,القطاع العام,خدمة إلكترونية جزئيا,2026/01/07,"34,389,027"
الخدمات الرقمية,عام,القطاع العام,خدمة إلكترونية جزئيا,2026/01/07,"34,389,184"
الخدمات الرقمية,عام,القطاع العام,خدمة إلكترونية جزئيا,2026/01/07,"34,389,188"
الخدمات الرقمية,عام,القطاع العام,خدمة إلكترونية جزئيا,2026/01/07,"34,389,226"
الخدمات الرقمية,عام,القطاع العام,خدمة إلكترونية جزئيا,2026/01/07,"34,389,246"
الخدمات الرقمية,عام,القطاع العام,خدمة إلكترونية جزئيا,2026/01/07,"34,389,264"
الخدمات الرقمية,عام,القطاع العام,خدمة إلكترونية جزئيا,2026/01/07,"34,389,297"
الخدمات الرقمية,عام,القطاع العام,خدمة إلكترونية جزئيا,2026/01/07,"34,389,340"
الخدمات الرقمية,عام,القطاع العام,خدمة إلكترونية جزئيا,2026/01/07,"34,389,344"
الخدمات الرقمية,عام,القطاع العام,خدمة إلكترونية جزئيا,2026/01/07,"34,389,391"
الخدمات الرقمية,عام,القطاع العام,خدمة إلكترونية جزئيا,2026/01/07,"34,389,427"
الخدمات الرقمية,عام,القطاع العام,خدمة إلكترونية جزئيا,2026/01/07,"34,389,469"
الخدمات الرقمية,عام,القطاع العام,خدمة إلكترونية جزئيا,2026/01/07,"34,389,485"
الخدمات الرقمية,عام,القطاع العام,خدمة إلكترونية جزئيا,2026/01/07,"34,389,543"
الخدمات الرقمية,عام,القطاع العام,خدمة إلكترونية جزئيا,2026/01/07,"34,387,453"
الخدمات الرقمية,عام,القطاع العام,خدمة إلكترونية جزئيا,2026/01/07,"34,387,585"
الخدمات الرقمية,عام,القطاع العام,خدمة إلكترونية جزئيا,2026/01/07,"34,387,615"
الخدمات الرقمية,عام,القطاع العام,خدمة إلكترونية جزئيا,2026/01/07,"34,387,637"
الخدمات الرقمية,عام,القطاع العام,خدمة إلكترونية جزئيا,2026/01/07,"34,387,651"
الخدمات الرقمية,عام,القطاع العام,خدمة إلكترونية جزئيا,2026/01/07,"34,387,678"
الخدمات الرقمية,عام,القطاع العام,خدمة إلكترونية جزئيا,2026/01/07,"34,387,682"
الخدمات الرقمية,عام,القطاع العام,خدمة إلكترونية جزئيا,2026/01/07,"34,387,694"
الخدمات الرقمية,عام,القطاع العام,خدمة إلكترونية جزئيا,2026/01/07,"34,387,722"
الخدمات الرقمية,عام,القطاع العام,خدمة إلكترونية جزئيا,2026/01/07,"34,387,733"
الخدمات الرقمية,عام,القطاع العام,خدمة إلكترونية جزئيا,2026/01/07,"34,387,838"
الخدمات الرقمية,عام,القطاع العام,خدمة إلكترونية جزئيا,2026/01/07,"34,387,928"
الخدمات الرقمية,عام,القطاع العام,خدمة إلكترونية جزئيا,2026/01/07,"34,387,952"
الخدمات الرقمية,عام,القطاع العام,خدمة إلكترونية جزئيا,2026/01/07,"34,388,016"
الخدمات الرقمية,عام,القطاع العام,خدمة إلكترونية جزئيا,2026/01/07,"34,388,029"
الخدمات الرقمية,عام,القطاع العام,خدمة إلكترونية جزئيا,2026/01/07,"34,388,142"
الخدمات الرقمية,عام,القطاع العام,خدمة إلكترونية جزئيا,2026/01/07,"34,388,158"
الخدمات الرقمية,عام,القطاع العام,خدمة إلكترونية جزئيا,2026/01/07,"34,388,305"
الخدمات الرقمية,عام,القطاع العام,خدمة إلكترونية جزئيا,2026/01/07,"34,388,307"
الخدمات الرقمية,عام,القطاع العام,خدمة إلكترونية جزئيا,2026/01/07,"34,388,338"
الخدمات الرقمية,عام,القطاع العام,خدمة إلكترونية جزئيا,2026/01/07,"34,388,340"
الخدمات الرقمية,عام,القطاع العام,خدمة إلكترونية جزئيا,2026/01/07,"34,388,376"
الخدمات الرقمية,عام,القطاع العام,خدمة إلكترونية جزئيا,2026/01/07,"34,388,487"
الخدمات الرقمية,عام,القطاع العام,خدمة إلكترونية جزئيا,2026/01/07,"34,388,677"
الخدمات الرقمية,عام,القطاع العام,خدمة إلكترونية جزئيا,2026/01/07,"34,388,796"
الخدمات الرقمية,عام,القطاع العام,خدمة إلكترونية جزئيا,2026/01/07,"34,388,835"
الخدمات الرقمية,عام,القطاع العام,خدمة إلكترونية جزئيا,2026/01/07,"34,388,867"
الخدمات الرقمية,عام,القطاع العام,خدمة إلكترونية جزئيا,2026/01/07,"34,388,869"
الخدمات الرقمية,عام,القطاع العام,خدمة إلكترونية جزئيا,2026/01/07,"34,388,939"
الخدمات الرقمية,عام,القطاع العام,خدمة إلكترونية جزئيا,2026/01/07,"34,388,984"
الخدمات الرقمية,عام,القطاع العام,خدمة إلكترونية جزئيا,2026/01/07,"34,389,021"
الخدمات الرقمية,عام,القطاع العام,خدمة إلكترونية جزئيا,2026/01/07,"34,389,042"
الخدمات الرقمية,عام,القطاع العام,خدمة إلكترونية جزئيا,2026/01/07,"34,386,897"
الخدمات الرقمية,عام,القطاع العام,خدمة إلكترونية جزئيا,2026/01/07,"34,387,000"
الخدمات الرقمية,عام,القطاع العام,خدمة إلكترونية جزئيا,2026/01/07,"34,387,058"
الخدمات الرقمية,عام,القطاع العام,خدمة إلكترونية جزئيا,2026/01/07,"34,387,161"
الخدمات الرقمية,عام,القطاع العام,خدمة إلكترونية جزئيا,2026/01/07,"34,387,182"
الخدمات الرقمية,عام,القطاع العام,خدمة إلكترونية جزئيا,2026/01/07,"34,387,188"
الخدمات الرقمية,عام,القطاع العام,خدمة إلكترونية جزئيا,2026/01/07,"34,387,222"
الخدمات الرقمية,عام,القطاع العام,خدمة إلكترونية جزئيا,2026/01/07,"34,387,345"
الخدمات الرقمية,عام,القطاع العام,خدمة إلكترونية جزئيا,2026/01/07,"34,387,434"
الخدمات الرقمية,عام,القطاع العام,خدمة إلكترونية جزئيا,2026/01/07,"34,387,547"
الخدمات الرقمية,عام,القطاع العام,خدمة إلكترونية جزئيا,2026/01/07,"34,387,548"
الخدمات الرقمية,عام,القطاع العام,خدمة إلكترونية جزئيا,2026/01/07,"34,387,566"
الخدمات الرقمية,عام,القطاع العام,خدمة إلكترونية جزئيا,2026/01/07,"34,387,606"
الخدمات الرقمية,عام,القطاع العام,خدمة إلكترونية جزئيا,2026/01/07,"34,387,656"
الخدمات الرقمية,عام,القطاع العام,خدمة إلكترونية جزئيا,2026/01/07,"34,387,699"
الخدمات الرقمية,عام,القطاع العام,خدمة إلكترونية جزئيا,2026/01/07,"34,387,726"
الخدمات الرقمية,عام,القطاع العام,خدمة إلكترونية جزئيا,2026/01/07,"34,387,728"
الخدمات الرقمية,عام,القطاع العام,خدمة إلكترونية جزئيا,2026/01/07,"34,387,748"
الخدمات الرقمية,عام,القطاع العام,خدمة إلكترونية جزئيا,2026/01/07,"34,387,883"
الخدمات الرقمية,عام,القطاع العام,خدمة إلكترونية جزئيا,2026/01/07,"34,387,900"
الخدمات الرقمية,عام,القطاع العام,خدمة إلكترونية جزئيا,2026/01/07,"34,388,018"
الخدمات الرقمية,عام,القطاع العام,خدمة إلكترونية جزئيا,2026/01/07,"34,388,038"
الخدمات الرقمية,عام,القطاع العام,خدمة إلكترونية جزئيا,2026/01/07,"34,388,316"
الخدمات الرقمية,عام,القطاع العام,خدمة إلكترونية جزئيا,2026/01/07,"34,388,384"
الخدمات الرقمية,عام,القطاع العام,خدمة إلكترونية جزئيا,2026/01/07,"34,388,399"
الخدمات الرقمية,عام,القطاع العام,خدمة إلكترونية جزئيا,2026/01/07,"34,388,562"
الخدمات الرقمية,عام,القطاع العام,خدمة إلكترونية جزئيا,2026/01/07,"34,388,673"
الخدمات الرقمية,عام,القطاع العام,خدمة إلكترونية جزئيا,2026/01/07,"34,388,679"
الخدمات الرقمية,عام,القطاع العام,خدمة إلكترونية جزئيا,2026/01/07,"34,388,715"
الخدمات الرقمية,عام,القطاع العام,خدمة إلكترونية جزئيا,2026/01/07,"34,388,730"
الخدمات الرقمية,عام,القطاع العام,خدمة إلكترونية جزئيا,2026/01/07,"34,388,737"
الخدمات الرقمية,عام,القطاع العام,خدمة إلكترونية جزئيا,2026/01/07,"34,388,739"
الخدمات الرقمية,عام,القطاع العام,خدمة إلكترونية جزئيا,2026/01/07,"34,387,296"
الخدمات الرقمية,عام,القطاع العام,خدمة إلكترونية جزئيا,2026/01/07,"34,387,337"
الخدمات الرقمية,عام,القطاع العام,خدمة إلكترونية جزئيا,2026/01/07,"34,387,430"
الخدمات الرقمية,عام,القطاع العام,خدمة إلكترونية جزئيا,2026/01/07,"34,387,516"
الخدمات الرقمية,عام,القطاع العام,خدمة إلكترونية جزئيا,2026/01/07,"34,387,558"
الخدمات الرقمية,عام,القطاع العام,خدمة إلكترونية جزئيا,2026/01/07,"34,387,640"
الخدمات الرقمية,عام,القطاع العام,خدمة إلكترونية جزئيا,2026/01/07,"34,387,758"
الخدمات الرقمية,عام,القطاع العام,خدمة إلكترونية جزئيا,2026/01/07,"34,387,760"
الخدمات الرقمية,عام,القطاع العام,خدمة إلكترونية جزئيا,2026/01/07,"34,387,768"
الخدمات الرقمية,عام,القطاع العام,خدمة إلكترونية جزئيا,2026/01/07,"34,386,440"
الخدمات الرقمية,عام,القطاع العام,خدمة إلكترونية جزئيا,2026/01/07,"34,386,463"
الخدمات الرقمية,عام,القطاع العام,خدمة إلكترونية جزئيا,2026/01/07,"34,386,485"
الخدمات الرقمية,عام,القطاع العام,خدمة إلكترونية جزئيا,2026/01/07,"34,386,691"
الخدمات الرقمية,عام,القطاع العام,خدمة إلكترونية جزئيا,2026/01/07,"34,386,758"
الخدمات الرقمية,عام,القطاع العام,خدمة إلكترونية جزئيا,2026/01/07,"34,386,840"
الخدمات الرقمية,عام,القطاع العام,خدمة إلكترونية جزئيا,2026/01/07,"34,386,847"
الخدمات الرقمية,عام,القطاع العام,خدمة إلكترونية جزئيا,2026/01/07,"34,389,149"
الخدمات الرقمية,عام,القطاع العام,خدمة إلكترونية جزئيا,2026/01/07,"34,389,167"
الخدمات الرقمية,عام,القطاع العام,خدمة إلكترونية جزئيا,2026/01/07,"34,389,252"
الخدمات الرقمية,عام,القطاع العام,خدمة إلكترونية جزئيا,2026/01/07,"34,389,259"
الخدمات الرقمية,عام,القطاع العام,خدمة إلكترونية جزئيا,2026/01/07,"34,389,260"
الخدمات الرقمية,عام,القطاع العام,خدمة إلكترونية جزئيا,2026/01/07,"34,389,335"
الخدمات الرقمية,عام,القطاع العام,خدمة إلكترونية جزئيا,2026/01/07,"34,389,354"
الخدمات الرقمية,عام,القطاع العام,خدمة إلكترونية جزئيا,2026/01/07,"34,389,429"
الخدمات الرقمية,عام,القطاع العام,خدمة إلكترونية جزئيا,2026/01/07,"34,389,449"
الخدمات الرقمية,عام,القطاع العام,خدمة إلكترونية جزئيا,2026/01/07,"34,389,528"
الخدمات الرقمية,عام,القطاع العام,خدمة إلكترونية جزئيا,2026/01/07,"34,388,779"
الخدمات الرقمية,عام,القطاع العام,خدمة إلكترونية جزئيا,2026/01/07,"34,388,803"
الخدمات الرقمية,عام,القطاع العام,خدمة إلكترونية جزئيا,2026/01/07,"34,388,917"
الخدمات الرقمية,عام,القطاع العام,خدمة إلكترونية جزئيا,2026/01/07,"34,388,953"
الخدمات الرقمية,عام,القطاع العام,خدمة إلكترونية جزئيا,2026/01/07,"34,389,076"
الخدمات الرقمية,عام,القطاع العام,خدمة إلكترونية جزئيا,2026/01/07,"34,389,090"
الخدمات الرقمية,عام,القطاع العام,خدمة إلكترونية جزئيا,2026/01/07,"34,389,153"
الخدمات الرقمية,عام,القطاع العام,خدمة إلكترونية جزئيا,2026/01/07,"34,389,202"
الخدمات الرقمية,عام,القطاع العام,خدمة إلكترونية جزئيا,2026/01/07,"34,389,277"
الخدمات الرقمية,عام,القطاع العام,خدمة إلكترونية جزئيا,2026/01/07,"34,389,293"
الخدمات الرقمية,عام,القطاع العام,خدمة إلكترونية جزئيا,2026/01/07,"34,389,294"
الخدمات الرقمية,عام,القطاع العام,خدمة إلكترونية جزئيا,2026/01/07,"34,389,306"
الخدمات الرقمية,عام,القطاع العام,خدمة إلكترونية جزئيا,2026/01/07,"34,389,378"
الخدمات الرقمية,عام,القطاع العام,خدمة إلكترونية جزئيا,2026/01/07,"34,389,451"
الخدمات الرقمية,عام,القطاع العام,خدمة إلكترونية جزئيا,2026/01/07,"34,387,821"
الخدمات الرقمية,عام,القطاع العام,خدمة إلكترونية جزئيا,2026/01/07,"34,387,851"
الخدمات الرقمية,عام,القطاع العام,خدمة إلكترونية جزئيا,2026/01/07,"34,387,854"
الخدمات الرقمية,عام,القطاع العام,خدمة إلكترونية جزئيا,2026/01/07,"34,387,979"
الخدمات الرقمية,عام,القطاع العام,خدمة إلكترونية جزئيا,2026/01/07,"34,388,004"
الخدمات الرقمية,عام,القطاع العام,خدمة إلكترونية جزئيا,2026/01/07,"34,388,107"
الخدمات الرقمية,عام,القطاع العام,خدمة إلكترونية جزئيا,2026/01/07,"34,388,125"
الخدمات الرقمية,عام,القطاع العام,خدمة إلكترونية جزئيا,2026/01/07,"34,388,127"
الخدمات الرقمية,عام,القطاع العام,خدمة إلكترونية جزئيا,2026/01/07,"34,388,181"
الخدمات الرقمية,عام,القطاع العام,خدمة إلكترونية جزئيا,2026/01/07,"34,388,358"
الخدمات الرقمية,عام,القطاع العام,خدمة إلكترونية جزئيا,2026/01/07,"34,388,475"
الخدمات الرقمية,عام,القطاع العام,خدمة إلكترونية جزئيا,2026/01/07,"34,388,528"
الخدمات الرقمية,عام,القطاع العام,خدمة إلكترونية جزئيا,2026/01/07,"34,388,598"
الخدمات الرقمية,عام,القطاع العام,خدمة إلكترونية جزئيا,2026/01/07,"34,388,693"
الخدمات الرقمية,عام,القطاع العام,خدمة إلكترونية جزئيا,2026/01/07,"34,388,727"
الخدمات الرقمية,عام,القطاع العام,خدمة إلكترونية جزئيا,2026/01/07,"34,388,750"
الخدمات الرقمية,عام,القطاع العام,خدمة إلكترونية جزئيا,2026/01/07,"34,388,752"
الخدمات الرقمية,عام,القطاع العام,خدمة إلكترونية جزئيا,2026/01/07,"34,388,818"
الخدمات الرقمية,عام,القطاع العام,خدمة إلكترونية جزئيا,2026/01/07,"34,388,838"
الخدمات الرقمية,عام,القطاع العام,خدمة إلكترونية جزئيا,2026/01/07,"34,388,839"
الخدمات الرقمية,عام,القطاع العام,خدمة إلكترونية جزئيا,2026/01/07,"34,388,857"
الخدمات الرقمية,عام,القطاع العام,خدمة إلكترونية جزئيا,2026/01/07,"34,388,914"
الخدمات الرقمية,عام,القطاع العام,خدمة إلكترونية جزئيا,2026/01/07,"34,388,974"
الخدمات الرقمية,عام,القطاع العام,خدمة إلكترونية جزئيا,2026/01/07,"34,389,088"
الخدمات الرقمية,عام,القطاع العام,خدمة إلكترونية جزئيا,2026/01/07,"34,389,129"
الخدمات الرقمية,عام,القطاع العام,خدمة إلكترونية جزئيا,2026/01/07,"34,389,140"
الخدمات الرقمية,عام,القطاع العام,خدمة إلكترونية جزئيا,2026/01/07,"34,389,170"
الخدمات الرقمية,عام,القطاع العام,خدمة إلكترونية جزئيا,2026/01/07,"34,389,186"
الخدمات الرقمية,عام,القطاع العام,خدمة إلكترونية جزئيا,2026/01/07,"34,389,197"
الخدمات الرقمية,عام,القطاع العام,خدمة إلكترونية جزئيا,2026/01/07,"34,389,250"
الخدمات الرقمية,عام,القطاع العام,خدمة إلكترونية جزئيا,2026/01/07,"34,389,274"
الخدمات الرقمية,عام,القطاع العام,خدمة إلكترونية جزئيا,2026/01/07,"34,389,279"
الخدمات الرقمية,عام,القطاع العام,خدمة إلكترونية جزئيا,2026/01/07,"34,386,932"
الخدمات الرقمية,عام,القطاع العام,خدمة إلكترونية جزئيا,2026/01/07,"34,387,042"
الخدمات الرقمية,عام,القطاع العام,خدمة إلكترونية جزئيا,2026/01/07,"34,387,068"
الخدمات الرقمية,عام,القطاع العام,خدمة إلكترونية جزئيا,2026/01/07,"34,387,186"
الخدمات الرقمية,عام,القطاع العام,خدمة إلكترونية جزئيا,2026/01/07,"34,387,376"
الخدمات الرقمية,عام,القطاع العام,خدمة إلكترونية جزئيا,2026/01/07,"34,387,413"
الخدمات الرقمية,عام,القطاع العام,خدمة إلكترونية جزئيا,2026/01/07,"34,387,444"
الخدمات الرقمية,عام,القطاع العام,خدمة إلكترونية جزئيا,2026/01/07,"34,387,446"
الخدمات الرقمية,عام,القطاع العام,خدمة إلكترونية جزئيا,2026/01/07,"34,387,797"
الخدمات الرقمية,عام,القطاع العام,خدمة إلكترونية جزئيا,2026/01/07,"34,387,803"
الخدمات الرقمية,عام,القطاع العام,خدمة إلكترونية جزئيا,2026/01/07,"34,388,061"
الخدمات الرقمية,عام,القطاع العام,خدمة إلكترونية جزئيا,2026/01/07,"34,388,096"
الخدمات الرقمية,عام,القطاع العام,خدمة إلكترونية جزئيا,2026/01/07,"34,388,116"
الخدمات الرقمية,عام,القطاع العام,خدمة إلكترونية جزئيا,2026/01/07,"34,388,199"
الخدمات الرقمية,عام,القطاع العام,خدمة إلكترونية جزئيا,2026/01/07,"34,388,202"
الخدمات الرقمية,عام,القطاع العام,خدمة إلكترونية جزئيا,2026/01/07,"34,388,212"
الخدمات الرقمية,عام,القطاع العام,خدمة إلكترونية جزئيا,2026/01/07,"34,388,235"
الخدمات الرقمية,عام,القطاع العام,خدمة إلكترونية جزئيا,2026/01/07,"34,388,393"
الخدمات الرقمية,عام,القطاع العام,خدمة إلكترونية جزئيا,2026/01/07,"34,388,396"
الخدمات الرقمية,عام,القطاع العام,خدمة إلكترونية جزئيا,2026/01/07,"34,388,461"
الخدمات الرقمية,عام,القطاع العام,خدمة إلكترونية جزئيا,2026/01/07,"34,388,463"
الخدمات الرقمية,عام,القطاع العام,خدمة إلكترونية جزئيا,2026/01/07,"34,388,490"
الخدمات الرقمية,عام,القطاع العام,خدمة إلكترونية جزئيا,2026/01/07,"34,388,497"
الخدمات الرقمية,عام,القطاع العام,خدمة إلكترونية جزئيا,2026/01/07,"34,388,577"
الخدمات الرقمية,عام,القطاع العام,خدمة إلكترونية جزئيا,2026/01/07,"34,388,653"
الخدمات الرقمية,عام,القطاع العام,خدمة إلكترونية جزئيا,2026/01/07,"34,388,747"
الخدمات الرقمية,عام,القطاع العام,خدمة إلكترونية جزئيا,2026/01/07,"34,388,848"
الخدمات الرقمية,عام,القطاع العام,خدمة إلكترونية جزئيا,2026/01/07,"34,388,873"
الخدمات الرقمية,عام,القطاع العام,خدمة إلكترونية جزئيا,2026/01/07,"34,388,880"
الخدمات الرقمية,عام,القطاع العام,خدمة إلكترونية جزئيا,2026/01/07,"34,388,902"
الخدمات الرقمية,عام,القطاع العام,خدمة إلكترونية جزئيا,2026/01/07,"34,388,968"
الخدمات الرقمية,عام,القطاع العام,خدمة إلكترونية جزئيا,2026/01/07,"34,389,115"
الخدمات الرقمية,عام,القطاع العام,خدمة إلكترونية جزئيا,2026/01/07,"34,389,151"
الخدمات الرقمية,عام,القطاع العام,خدمة إلكترونية جزئيا,2026/01/07,"34,389,235"
الخدمات الرقمية,عام,القطاع العام,خدمة إلكترونية جزئيا,2026/01/07,"34,389,283"
الخدمات الرقمية,عام,القطاع العام,خدمة إلكترونية جزئيا,2026/01/07,"34,389,478"
الخدمات الرقمية,عام,القطاع العام,خدمة إلكترونية جزئيا,2026/01/07,"34,389,535"
الخدمات الرقمية,عام,القطاع العام,خدمة إلكترونية جزئيا,2026/01/07,"34,389,537"
الخدمات الرقمية,عام,القطاع العام,خدمة إلكترونية جزئيا,2026/01/07,"34,389,545"
الخدمات الرقمية,عام,القطاع العام,خدمة إلكترونية جزئيا,2026/01/07,"34,389,564"
الخدمات الرقمية,عام,القطاع العام,خدمة إلكترونية جزئيا,2026/01/07,"34,386,390"
الخدمات الرقمية,عام,القطاع العام,خدمة إلكترونية جزئيا,2026/01/07,"34,386,427"
الخدمات الرقمية,عام,القطاع العام,خدمة إلكترونية جزئيا,2026/01/07,"34,386,444"
الخدمات الرقمية,عام,القطاع العام,خدمة إلكترونية جزئيا,2026/01/07,"34,386,660"
الخدمات الرقمية,عام,القطاع العام,خدمة إلكترونية جزئيا,2026/01/07,"34,386,669"
الخدمات الرقمية,عام,القطاع العام,خدمة إلكترونية جزئيا,2026/01/07,"34,386,864"
الخدمات الرقمية,عام,القطاع العام,خدمة إلكترونية جزئيا,2026/01/07,"34,386,907"
الخدمات الرقمية,عام,القطاع العام,خدمة إلكترونية جزئيا,2026/01/07,"34,386,943"
الخدمات الرقمية,عام,القطاع العام,خدمة إلكترونية جزئيا,2026/01/07,"34,386,970"
الخدمات الرقمية,عام,القطاع العام,خدمة إلكترونية جزئيا,2026/01/07,"34,387,065"
الخدمات الرقمية,عام,القطاع العام,خدمة إلكترونية جزئيا,2026/01/07,"34,387,074"
الخدمات الرقمية,عام,القطاع العام,خدمة إلكترونية جزئيا,2026/01/07,"34,387,194"
الخدمات الرقمية,عام,القطاع العام,خدمة إلكترونية جزئيا,2026/01/07,"34,387,260"
الخدمات الرقمية,عام,القطاع العام,خدمة إلكترونية جزئيا,2026/01/07,"34,387,315"
الخدمات الرقمية,عام,القطاع العام,خدمة إلكترونية جزئيا,2026/01/07,"34,387,464"
الخدمات الرقمية,عام,القطاع العام,خدمة إلكترونية جزئيا,2026/01/07,"34,387,493"
الخدمات الرقمية,عام,القطاع العام,خدمة إلكترونية جزئيا,2026/01/07,"34,387,611"
الخدمات الرقمية,عام,القطاع العام,خدمة إلكترونية جزئيا,2026/01/07,"34,387,659"
الخدمات الرقمية,عام,القطاع العام,خدمة إلكترونية جزئيا,2026/01/07,"34,387,673"
الخدمات الرقمية,عام,القطاع العام,خدمة إلكترونية جزئيا,2026/01/07,"34,387,793"
الخدمات الرقمية,عام,القطاع العام,خدمة إلكترونية جزئيا,2026/01/07,"34,387,795"
الخدمات الرقمية,عام,القطاع العام,خدمة إلكترونية جزئيا,2026/01/07,"34,387,903"
الخدمات الرقمية,عام,القطاع العام,خدمة إلكترونية جزئيا,2026/01/07,"34,387,948"
الخدمات الرقمية,عام,القطاع العام,خدمة إلكترونية جزئيا,2026/01/07,"34,388,053"
الخدمات الرقمية,عام,القطاع العام,خدمة إلكترونية جزئيا,2026/01/07,"34,388,092"
الخدمات الرقمية,عام,القطاع العام,خدمة إلكترونية جزئيا,2026/01/07,"34,388,129"
الخدمات الرقمية,عام,القطاع العام,خدمة إلكترونية جزئيا,2026/01/07,"34,388,155"
الخدمات الرقمية,عام,القطاع العام,خدمة إلكترونية جزئيا,2026/01/07,"34,388,173"
الخدمات الرقمية,عام,القطاع العام,خدمة إلكترونية جزئيا,2026/01/07,"34,388,335"
الخدمات الرقمية,عام,القطاع العام,خدمة إلكترونية جزئيا,2026/01/07,"34,388,349"
الخدمات الرقمية,عام,القطاع العام,خدمة إلكترونية جزئيا,2026/01/07,"34,388,404"
الخدمات الرقمية,عام,القطاع العام,خدمة إلكترونية جزئيا,2026/01/07,"34,388,426"
الخدمات الرقمية,عام,القطاع العام,خدمة إلكترونية جزئيا,2026/01/07,"34,388,543"
الخدمات الرقمية,عام,القطاع العام,خدمة إلكترونية جزئيا,2026/01/07,"34,388,648"
الخدمات الرقمية,عام,القطاع العام,خدمة إلكترونية جزئيا,2026/01/07,"34,388,828"
الخدمات الرقمية,عام,القطاع العام,خدمة إلكترونية جزئيا,2026/01/07,"34,388,963"
الخدمات الرقمية,عام,القطاع العام,خدمة إلكترونية جزئيا,2026/01/07,"34,388,995"
الخدمات الرقمية,عام,القطاع العام,خدمة إلكترونية جزئيا,2026/01/07,"34,389,098"
الخدمات الرقمية,عام,القطاع العام,خدمة إلكترونية جزئيا,2026/01/07,"34,389,230"
الخدمات الرقمية,عام,القطاع العام,خدمة إلكترونية جزئيا,2026/01/07,"34,389,370"
الخدمات الرقمية,عام,القطاع العام,خدمة إلكترونية جزئيا,2026/01/07,"34,389,374"
الخدمات الرقمية,عام,القطاع العام,خدمة إلكترونية جزئيا,2026/01/07,"34,389,376"
الخدمات الرقمية,عام,القطاع العام,خدمة إلكترونية جزئيا,2026/01/07,"34,389,423"
الخدمات الرقمية,عام,القطاع العام,خدمة إلكترونية جزئيا,2026/01/07,"34,389,474"
الخدمات الرقمية,عام,القطاع العام,خدمة إلكترونية جزئيا,2026/01/07,"34,389,502"
الخدمات الرقمية,عام,القطاع العام,خدمة إلكترونية جزئيا,2026/01/07,"34,389,503"
الخدمات الرقمية,عام,القطاع العام,خدمة إلكترونية جزئيا,2026/01/07,"34,386,465"
الخدمات الرقمية,عام,القطاع العام,خدمة إلكترونية جزئيا,2026/01/07,"34,386,510"
الخدمات الرقمية,عام,القطاع العام,خدمة إلكترونية جزئيا,2026/01/07,"34,386,589"
الخدمات الرقمية,عام,القطاع العام,خدمة إلكترونية جزئيا,2026/01/07,"34,386,620"
الخدمات الرقمية,عام,القطاع العام,خدمة إلكترونية جزئيا,2026/01/07,"34,386,694"
الخدمات الرقمية,عام,القطاع العام,خدمة إلكترونية جزئيا,2026/01/07,"34,386,756"
الخدمات الرقمية,عام,القطاع العام,خدمة إلكترونية جزئيا,2026/01/07,"34,386,805"
الخدمات الرقمية,عام,القطاع العام,خدمة إلكترونية جزئيا,2026/01/07,"34,386,838"
الخدمات الرقمية,عام,القطاع العام,خدمة إلكترونية جزئيا,2026/01/07,"34,386,910"
الخدمات الرقمية,عام,القطاع العام,خدمة إلكترونية جزئيا,2026/01/07,"34,387,024"
الخدمات الرقمية,عام,القطاع العام,خدمة إلكترونية جزئيا,2026/01/07,"34,387,051"
الخدمات الرقمية,عام,القطاع العام,خدمة إلكترونية جزئيا,2026/01/07,"34,387,052"
الخدمات الرقمية,عام,القطاع العام,خدمة إلكترونية جزئيا,2026/01/07,"34,387,054"
الخدمات الرقمية,عام,القطاع العام,خدمة إلكترونية جزئيا,2026/01/07,"34,387,104"
الخدمات الرقمية,عام,القطاع العام,خدمة إلكترونية جزئيا,2026/01/07,"34,387,208"
الخدمات الرقمية,عام,القطاع العام,خدمة إلكترونية جزئيا,2026/01/07,"34,387,373"
الخدمات الرقمية,عام,القطاع العام,خدمة إلكترونية جزئيا,2026/01/07,"34,387,381"
الخدمات الرقمية,عام,القطاع العام,خدمة إلكترونية جزئيا,2026/01/07,"34,387,551"
الخدمات الرقمية,عام,القطاع العام,خدمة إلكترونية جزئيا,2026/01/07,"34,387,594"
الخدمات الرقمية,عام,القطاع العام,خدمة إلكترونية جزئيا,2026/01/07,"34,387,602"
الخدمات الرقمية,عام,القطاع العام,خدمة إلكترونية جزئيا,2026/01/07,"34,387,963"
الخدمات الرقمية,عام,القطاع العام,خدمة إلكترونية جزئيا,2026/01/07,"34,387,982"
الخدمات الرقمية,عام,القطاع العام,خدمة إلكترونية جزئيا,2026/01/07,"34,388,094"
الخدمات الرقمية,عام,القطاع العام,خدمة إلكترونية جزئيا,2026/01/07,"34,388,195"
الخدمات الرقمية,عام,القطاع العام,خدمة إلكترونية جزئيا,2026/01/07,"34,388,206"
الخدمات الرقمية,عام,القطاع العام,خدمة إلكترونية جزئيا,2026/01/07,"34,388,238"
الخدمات الرقمية,عام,القطاع العام,خدمة إلكترونية جزئيا,2026/01/07,"34,388,275"
الخدمات الرقمية,عام,القطاع العام,خدمة إلكترونية جزئيا,2026/01/07,"34,388,303"
الخدمات الرقمية,عام,القطاع العام,خدمة إلكترونية جزئيا,2026/01/07,"34,388,607"
الخدمات الرقمية,عام,القطاع العام,خدمة إلكترونية جزئيا,2026/01/07,"34,388,650"
الخدمات الرقمية,عام,القطاع العام,خدمة إلكترونية جزئيا,2026/01/07,"34,388,718"
الخدمات الرقمية,عام,القطاع العام,خدمة إلكترونية جزئيا,2026/01/07,"34,388,815"
الخدمات الرقمية,عام,القطاع العام,خدمة إلكترونية جزئيا,2026/01/07,"34,388,899"
الخدمات الرقمية,عام,القطاع العام,خدمة إلكترونية جزئيا,2026/01/07,"34,388,922"
الخدمات الرقمية,عام,القطاع العام,خدمة إلكترونية جزئيا,2026/01/07,"34,388,923"
الخدمات الرقمية,عام,القطاع العام,خدمة إلكترونية جزئيا,2026/01/07,"34,389,000"
الخدمات الرقمية,عام,القطاع العام,خدمة إلكترونية جزئيا,2026/01/07,"34,389,124"
الخدمات الرقمية,عام,القطاع العام,خدمة إلكترونية جزئيا,2026/01/07,"34,389,232"
الخدمات الرقمية,عام,القطاع العام,خدمة إلكترونية جزئيا,2026/01/07,"34,389,402"
الخدمات الرقمية,عام,القطاع العام,خدمة إلكترونية جزئيا,2026/01/07,"34,389,495"
الخدمات الرقمية,عام,القطاع العام,خدمة إلكترونية جزئيا,2026/01/07,"34,389,505"
الخدمات الرقمية,عام,القطاع العام,خدمة إلكترونية جزئيا,2026/01/07,"34,389,540"
الخدمات الرقمية,عام,القطاع العام,خدمة إلكترونية جزئيا,2026/01/07,"34,389,320"
الخدمات الرقمية,عام,القطاع العام,خدمة إلكترونية جزئيا,2026/01/07,"34,389,389"
الخدمات الرقمية,عام,القطاع العام,خدمة إلكترونية جزئيا,2026/01/07,"34,389,440"
الخدمات الرقمية,عام,القطاع العام,خدمة إلكترونية جزئيا,2026/01/07,"34,389,583"
الخدمات الرقمية,عام,القطاع العام,خدمة إلكترونية جزئيا,2026/01/07,"34,386,346"
الخدمات الرقمية,عام,القطاع العام,خدمة إلكترونية جزئيا,2026/01/07,"34,386,425"
الخدمات الرقمية,عام,القطاع العام,خدمة إلكترونية جزئيا,2026/01/07,"34,386,521"
الخدمات الرقمية,عام,القطاع العام,خدمة إلكترونية جزئيا,2026/01/07,"34,386,652"
الخدمات الرقمية,عام,القطاع العام,خدمة إلكترونية جزئيا,2026/01/07,"34,386,709"
الخدمات الرقمية,عام,القطاع العام,خدمة إلكترونية جزئيا,2026/01/07,"34,386,821"
الخدمات الرقمية,عام,القطاع العام,خدمة إلكترونية جزئيا,2026/01/07,"34,386,854"
الخدمات الرقمية,عام,القطاع العام,خدمة إلكترونية جزئيا,2026/01/07,"34,386,856"
الخدمات الرقمية,عام,القطاع العام,خدمة إلكترونية جزئيا,2026/01/07,"34,386,893"
الخدمات الرقمية,عام,القطاع العام,خدمة إلكترونية جزئيا,2026/01/07,"34,386,947"
الخدمات الرقمية,عام,القطاع العام,خدمة إلكترونية جزئيا,2026/01/07,"34,386,976"
الخدمات الرقمية,عام,القطاع العام,خدمة إلكترونية جزئيا,2026/01/07,"34,386,994"
الخدمات الرقمية,عام,القطاع العام,خدمة إلكترونية جزئيا,2026/01/07,"34,387,174"
الخدمات الرقمية,عام,القطاع العام,خدمة إلكترونية جزئيا,2026/01/07,"34,387,501"
الخدمات الرقمية,عام,القطاع العام,خدمة إلكترونية جزئيا,2026/01/07,"34,387,514"
الخدمات الرقمية,عام,القطاع العام,خدمة إلكترونية جزئيا,2026/01/07,"34,387,524"
الخدمات الرقمية,عام,القطاع العام,خدمة إلكترونية جزئيا,2026/01/07,"34,387,538"
الخدمات الرقمية,عام,القطاع العام,خدمة إلكترونية جزئيا,2026/01/07,"34,387,688"
الخدمات الرقمية,عام,القطاع العام,خدمة إلكترونية جزئيا,2026/01/07,"34,387,696"
الخدمات الرقمية,عام,القطاع العام,خدمة إلكترونية جزئيا,2026/01/07,"34,387,718"
الخدمات الرقمية,عام,القطاع العام,خدمة إلكترونية جزئيا,2026/01/07,"34,387,817"
الخدمات الرقمية,عام,القطاع العام,خدمة إلكترونية جزئيا,2026/01/07,"34,387,831"
الخدمات الرقمية,عام,القطاع العام,خدمة إلكترونية جزئيا,2026/01/07,"34,387,892"
الخدمات الرقمية,عام,القطاع العام,خدمة إلكترونية جزئيا,2026/01/07,"34,387,923"
الخدمات الرقمية,عام,القطاع العام,خدمة إلكترونية جزئيا,2026/01/07,"34,387,926"
الخدمات الرقمية,عام,القطاع العام,خدمة إلكترونية جزئيا,2026/01/07,"34,386,337"
الخدمات الرقمية,عام,القطاع العام,خدمة إلكترونية جزئيا,2026/01/07,"34,386,339"
الخدمات الرقمية,عام,القطاع العام,خدمة إلكترونية جزئيا,2026/01/07,"34,386,349"
الخدمات الرقمية,عام,القطاع العام,خدمة إلكترونية جزئيا,2026/01/07,"34,386,643"
الخدمات الرقمية,عام,القطاع العام,خدمة إلكترونية جزئيا,2026/01/07,"34,386,672"
الخدمات الرقمية,عام,القطاع العام,خدمة إلكترونية جزئيا,2026/01/07,"34,386,689"
الخدمات الرقمية,عام,القطاع العام,خدمة إلكترونية جزئيا,2026/01/07,"34,386,791"
الخدمات الرقمية,عام,القطاع العام,خدمة إلكترونية جزئيا,2026/01/07,"34,386,817"
الخدمات الرقمية,عام,القطاع العام,خدمة إلكترونية جزئيا,2026/01/07,"34,386,868"
الخدمات الرقمية,عام,القطاع العام,خدمة إلكترونية جزئيا,2026/01/07,"34,386,882"
الخدمات الرقمية,عام,القطاع العام,خدمة إلكترونية جزئيا,2026/01/07,"34,386,899"
الخدمات الرقمية,عام,القطاع العام,خدمة إلكترونية جزئيا,2026/01/07,"34,387,108"
الخدمات الرقمية,عام,القطاع العام,خدمة إلكترونية جزئيا,2026/01/07,"34,387,213"
الخدمات الرقمية,عام,القطاع العام,خدمة إلكترونية جزئيا,2026/01/07,"34,387,228"
الخدمات الرقمية,عام,القطاع العام,خدمة إلكترونية جزئيا,2026/01/07,"34,387,253"
الخدمات الرقمية,عام,القطاع العام,خدمة إلكترونية جزئيا,2026/01/07,"34,387,310"
الخدمات الرقمية,عام,القطاع العام,خدمة إلكترونية جزئيا,2026/01/07,"34,387,384"
الخدمات الرقمية,عام,القطاع العام,خدمة إلكترونية جزئيا,2026/01/07,"34,387,418"
الخدمات الرقمية,عام,القطاع العام,خدمة إلكترونية جزئيا,2026/01/07,"34,387,466"
الخدمات الرقمية,عام,القطاع العام,خدمة إلكترونية جزئيا,2026/01/07,"34,387,750"
الخدمات الرقمية,عام,القطاع العام,خدمة إلكترونية جزئيا,2026/01/07,"34,387,753"
الخدمات الرقمية,عام,القطاع العام,خدمة إلكترونية جزئيا,2026/01/07,"34,387,779"
الخدمات الرقمية,عام,القطاع العام,خدمة إلكترونية جزئيا,2026/01/07,"34,387,862"
الخدمات الرقمية,عام,القطاع العام,خدمة إلكترونية جزئيا,2026/01/07,"34,387,886"
الخدمات الرقمية,عام,القطاع العام,خدمة إلكترونية جزئيا,2026/01/07,"34,387,896"
الخدمات الرقمية,عام,القطاع العام,خدمة إلكترونية جزئيا,2026/01/07,"34,387,938"
الخدمات الرقمية,عام,القطاع العام,خدمة إلكترونية جزئيا,2026/01/07,"34,387,960"
الخدمات الرقمية,عام,القطاع العام,خدمة إلكترونية جزئيا,2026/01/07,"34,387,977"
الخدمات الرقمية,عام,القطاع العام,خدمة إلكترونية جزئيا,2026/01/07,"34,387,986"
الخدمات الرقمية,عام,القطاع العام,خدمة إلكترونية جزئيا,2026/01/07,"34,388,000"
الخدمات الرقمية,عام,القطاع العام,خدمة إلكترونية جزئيا,2026/01/07,"34,388,241"
الخدمات الرقمية,عام,القطاع العام,خدمة إلكترونية جزئيا,2026/01/07,"34,388,259"
الخدمات الرقمية,عام,القطاع العام,خدمة إلكترونية جزئيا,2026/01/07,"34,388,271"
الخدمات الرقمية,عام,القطاع العام,خدمة إلكترونية جزئيا,2026/01/07,"34,388,325"
الخدمات الرقمية,عام,القطاع العام,خدمة إلكترونية جزئيا,2026/01/07,"34,388,389"
الخدمات الرقمية,عام,القطاع العام,خدمة إلكترونية جزئيا,2026/01/07,"34,388,485"
الخدمات الرقمية,عام,القطاع العام,خدمة إلكترونية جزئيا,2026/01/07,"34,388,661"
الخدمات الرقمية,عام,القطاع العام,خدمة إلكترونية جزئيا,2026/01/07,"34,388,725"
الخدمات الرقمية,عام,القطاع العام,خدمة إلكترونية جزئيا,2026/01/07,"34,388,876"
الخدمات الرقمية,عام,القطاع العام,خدمة إلكترونية جزئيا,2026/01/07,"34,389,006"
الخدمات الرقمية,عام,القطاع العام,خدمة إلكترونية جزئيا,2026/01/07,"34,389,195"
الخدمات الرقمية,عام,القطاع العام,خدمة إلكترونية جزئيا,2026/01/07,"34,389,240"
الخدمات الرقمية,عام,القطاع العام,خدمة إلكترونية جزئيا,2026/01/07,"34,389,338"
الخدمات الرقمية,عام,القطاع العام,خدمة إلكترونية جزئيا,2026/01/07,"34,389,352"
الخدمات الرقمية,عام,القطاع العام,خدمة إلكترونية جزئيا,2026/01/07,"34,389,380"
الخدمات الرقمية,عام,القطاع العام,خدمة إلكترونية جزئيا,2026/01/07,"34,386,359"
الخدمات الرقمية,عام,القطاع العام,خدمة إلكترونية جزئيا,2026/01/07,"34,386,405"
الخدمات الرقمية,عام,القطاع العام,خدمة إلكترونية جزئيا,2026/01/07,"34,386,407"
الخدمات الرقمية,عام,القطاع العام,خدمة إلكترونية جزئيا,2026/01/07,"34,386,507"
الخدمات الرقمية,عام,القطاع العام,خدمة إلكترونية جزئيا,2026/01/07,"34,386,539"
الخدمات الرقمية,عام,القطاع العام,خدمة إلكترونية جزئيا,2026/01/07,"34,386,624"
الخدمات الرقمية,عام,القطاع العام,خدمة إلكترونية جزئيا,2026/01/07,"34,386,678"
الخدمات الرقمية,عام,القطاع العام,خدمة إلكترونية جزئيا,2026/01/07,"34,386,737"
الخدمات الرقمية,عام,القطاع العام,خدمة إلكترونية جزئيا,2026/01/07,"34,386,776"
الخدمات الرقمية,عام,القطاع العام,خدمة إلكترونية جزئيا,2026/01/07,"34,386,826"
الخدمات الرقمية,عام,القطاع العام,خدمة إلكترونية جزئيا,2026/01/07,"34,386,954"
الخدمات الرقمية,عام,القطاع العام,خدمة إلكترونية جزئيا,2026/01/07,"34,387,113"
الخدمات الرقمية,عام,القطاع العام,خدمة إلكترونية جزئيا,2026/01/07,"34,387,167"
الخدمات الرقمية,عام,القطاع العام,خدمة إلكترونية جزئيا,2026/01/07,"34,387,197"
الخدمات الرقمية,عام,القطاع العام,خدمة إلكترونية جزئيا,2026/01/07,"34,387,200"
الخدمات الرقمية,عام,القطاع العام,خدمة إلكترونية جزئيا,2026/01/07,"34,387,204"
الخدمات الرقمية,عام,القطاع العام,خدمة إلكترونية جزئيا,2026/01/07,"34,387,950"
الخدمات الرقمية,عام,القطاع العام,خدمة إلكترونية جزئيا,2026/01/07,"34,388,055"
الخدمات الرقمية,عام,القطاع العام,خدمة إلكترونية جزئيا,2026/01/07,"34,388,150"
الخدمات الرقمية,عام,القطاع العام,خدمة إلكترونية جزئيا,2026/01/07,"34,388,218"
الخدمات الرقمية,عام,القطاع العام,خدمة إلكترونية جزئيا,2026/01/07,"34,388,226"
الخدمات الرقمية,عام,القطاع العام,خدمة إلكترونية جزئيا,2026/01/07,"34,388,251"
الخدمات الرقمية,عام,القطاع العام,خدمة إلكترونية جزئيا,2026/01/07,"34,388,366"
الخدمات الرقمية,عام,القطاع العام,خدمة إلكترونية جزئيا,2026/01/07,"34,388,435"
الخدمات الرقمية,عام,القطاع العام,خدمة إلكترونية جزئيا,2026/01/07,"34,388,533"
الخدمات الرقمية,عام,القطاع العام,خدمة إلكترونية جزئيا,2026/01/07,"34,388,627"
الخدمات الرقمية,عام,القطاع العام,خدمة إلكترونية جزئيا,2026/01/07,"34,388,768"
الخدمات الرقمية,عام,القطاع العام,خدمة إلكترونية جزئيا,2026/01/07,"34,388,934"
الخدمات الرقمية,عام,القطاع العام,خدمة إلكترونية جزئيا,2026/01/07,"34,388,943"
الخدمات الرقمية,عام,القطاع العام,خدمة إلكترونية جزئيا,2026/01/07,"34,389,004"
الخدمات الرقمية,عام,القطاع العام,خدمة إلكترونية جزئيا,2026/01/07,"34,389,025"
الخدمات الرقمية,عام,القطاع العام,خدمة إلكترونية جزئيا,2026/01/07,"34,389,065"
الخدمات الرقمية,عام,القطاع العام,خدمة إلكترونية جزئيا,2026/01/07,"34,389,104"
الخدمات الرقمية,عام,القطاع العام,خدمة إلكترونية جزئيا,2026/01/07,"34,389,133"
الخدمات الرقمية,عام,القطاع العام,خدمة إلكترونية جزئيا,2026/01/07,"34,389,141"
الخدمات الرقمية,عام,القطاع العام,خدمة إلكترونية جزئيا,2026/01/07,"34,389,174"
الخدمات الرقمية,عام,القطاع العام,خدمة إلكترونية جزئيا,2026/01/07,"34,389,193"
الخدمات الرقمية,عام,القطاع العام,خدمة إلكترونية جزئيا,2026/01/07,"34,389,224"
الخدمات الرقمية,عام,القطاع العام,خدمة إلكترونية جزئيا,2026/01/07,"34,389,365"
الخدمات الرقمية,عام,القطاع العام,خدمة إلكترونية جزئيا,2026/01/07,"34,389,408"
الخدمات الرقمية,عام,القطاع العام,خدمة إلكترونية جزئيا,2026/01/07,"34,389,437"
الخدمات الرقمية,عام,القطاع العام,خدمة إلكترونية جزئيا,2026/01/07,"34,389,489"
الخدمات الرقمية,عام,القطاع العام,خدمة إلكترونية جزئيا,2026/01/07,"34,389,530"
الخدمات الرقمية,عام,القطاع العام,خدمة إلكترونية جزئيا,2026/01/07,"34,387,242"
الخدمات الرقمية,عام,القطاع العام,خدمة إلكترونية جزئيا,2026/01/07,"34,387,263"
الخدمات الرقمية,عام,القطاع العام,خدمة إلكترونية جزئيا,2026/01/07,"34,387,362"
الخدمات الرقمية,عام,القطاع العام,خدمة إلكترونية جزئيا,2026/01/07,"34,387,425"
الخدمات الرقمية,عام,القطاع العام,خدمة إلكترونية جزئيا,2026/01/07,"34,387,440"
الخدمات الرقمية,عام,القطاع العام,خدمة إلكترونية جزئيا,2026/01/07,"34,387,477"
الخدمات الرقمية,عام,القطاع العام,خدمة إلكترونية جزئيا,2026/01/07,"34,387,782"
الخدمات الرقمية,عام,القطاع العام,خدمة إلكترونية جزئيا,2026/01/07,"34,387,814"
الخدمات الرقمية,عام,القطاع العام,خدمة إلكترونية جزئيا,2026/01/07,"34,387,833"
الخدمات الرقمية,عام,القطاع العام,خدمة إلكترونية جزئيا,2026/01/07,"34,388,034"
الخدمات الرقمية,عام,القطاع العام,خدمة إلكترونية جزئيا,2026/01/07,"34,388,064"
الخدمات الرقمية,عام,القطاع العام,خدمة إلكترونية جزئيا,2026/01/07,"34,388,209"
الخدمات الرقمية,عام,القطاع العام,خدمة إلكترونية جزئيا,2026/01/07,"34,388,505"
الخدمات الرقمية,عام,القطاع العام,خدمة إلكترونية جزئيا,2026/01/07,"34,388,571"
الخدمات الرقمية,عام,القطاع العام,خدمة إلكترونية جزئيا,2026/01/07,"34,388,581"
الخدمات الرقمية,عام,القطاع العام,خدمة إلكترونية جزئيا,2026/01/07,"34,388,630"
الخدمات الرقمية,عام,القطاع العام,خدمة إلكترونية جزئيا,2026/01/07,"34,388,891"
الخدمات الرقمية,عام,القطاع العام,خدمة إلكترونية جزئيا,2026/01/07,"34,389,033"
الخدمات الرقمية,عام,القطاع العام,خدمة إلكترونية جزئيا,2026/01/07,"34,389,061"
الخدمات الرقمية,عام,القطاع العام,خدمة إلكترونية جزئيا,2026/01/07,"34,389,086"
الخدمات الرقمية,عام,القطاع العام,خدمة إلكترونية جزئيا,2026/01/07,"34,389,126"
الخدمات الرقمية,عام,القطاع العام,خدمة إلكترونية جزئيا,2026/01/07,"34,389,210"
الخدمات الرقمية,عام,القطاع العام,خدمة إلكترونية جزئيا,2026/01/07,"34,389,472"
الخدمات الرقمية,عام,القطاع العام,خدمة إلكترونية جزئيا,2026/01/07,"34,389,512"
الخدمات الرقمية,عام,القطاع العام,خدمة إلكترونية جزئيا,2026/01/07,"34,388,286"
الخدمات الرقمية,عام,القطاع العام,خدمة إلكترونية جزئيا,2026/01/07,"34,388,301"
الخدمات الرقمية,عام,القطاع العام,خدمة إلكترونية جزئيا,2026/01/07,"34,388,351"
الخدمات الرقمية,عام,القطاع العام,خدمة إلكترونية جزئيا,2026/01/07,"34,388,473"
الخدمات الرقمية,عام,القطاع العام,خدمة إلكترونية جزئيا,2026/01/07,"34,388,501"
الخدمات الرقمية,عام,القطاع العام,خدمة إلكترونية جزئيا,2026/01/07,"34,388,503"
الخدمات الرقمية,عام,القطاع العام,خدمة إلكترونية جزئيا,2026/01/07,"34,388,545"
الخدمات الرقمية,عام,القطاع العام,خدمة إلكترونية جزئيا,2026/01/07,"34,388,596"
الخدمات الرقمية,عام,القطاع العام,خدمة إلكترونية جزئيا,2026/01/07,"34,388,691"
الخدمات الرقمية,عام,القطاع العام,خدمة إلكترونية جزئيا,2026/01/07,"34,388,830"
الخدمات الرقمية,عام,القطاع العام,خدمة إلكترونية جزئيا,2026/01/07,"34,388,947"
الخدمات الرقمية,عام,القطاع العام,خدمة إلكترونية جزئيا,2026/01/07,"34,389,010"
الخدمات الرقمية,عام,القطاع العام,خدمة إلكترونية جزئيا,2026/01/07,"34,389,011"
الخدمات الرقمية,عام,القطاع العام,خدمة إلكترونية جزئيا,2026/01/07,"34,389,072"
الخدمات الرقمية,عام,القطاع العام,خدمة إلكترونية جزئيا,2026/01/07,"34,389,092"
الخدمات الرقمية,عام,القطاع العام,خدمة إلكترونية جزئيا,2026/01/07,"34,389,096"
الخدمات الرقمية,عام,القطاع العام,خدمة إلكترونية جزئيا,2026/01/07,"34,389,220"
الخدمات الرقمية,عام,القطاع العام,خدمة إلكترونية جزئيا,2026/01/07,"34,389,481"
الخدمات الرقمية,عام,القطاع العام,خدمة إلكترونية جزئيا,2026/01/07,"34,389,520"
الخدمات الرقمية,عام,القطاع العام,خدمة إلكترونية جزئيا,2026/01/07,"34,389,560"
الخدمات الرقمية,عام,القطاع العام,خدمة إلكترونية جزئيا,2026/01/07,"34,386,662"
الخدمات الرقمية,عام,القطاع العام,خدمة إلكترونية جزئيا,2026/01/07,"34,386,735"
الخدمات الرقمية,عام,القطاع العام,خدمة إلكترونية جزئيا,2026/01/07,"34,386,751"
الخدمات الرقمية,عام,القطاع العام,خدمة إلكترونية جزئيا,2026/01/07,"34,386,781"
الخدمات الرقمية,عام,القطاع العام,خدمة إلكترونية جزئيا,2026/01/07,"34,386,832"
الخدمات الرقمية,عام,القطاع العام,خدمة إلكترونية جزئيا,2026/01/07,"34,386,873"
الخدمات الرقمية,عام,القطاع العام,خدمة إلكترونية جزئيا,2026/01/07,"34,386,983"
الخدمات الرقمية,عام,القطاع العام,خدمة إلكترونية جزئيا,2026/01/07,"34,386,998"
الخدمات الرقمية,عام,القطاع العام,خدمة إلكترونية جزئيا,2026/01/07,"34,387,019"
الخدمات الرقمية,عام,القطاع العام,خدمة إلكترونية جزئيا,2026/01/07,"34,387,031"
الخدمات الرقمية,عام,القطاع العام,خدمة إلكترونية جزئيا,2026/01/07,"34,387,081"
الخدمات الرقمية,عام,القطاع العام,خدمة إلكترونية جزئيا,2026/01/07,"34,387,244"
الخدمات الرقمية,عام,القطاع العام,خدمة إلكترونية جزئيا,2026/01/07,"34,387,258"
الخدمات الرقمية,عام,القطاع العام,خدمة إلكترونية جزئيا,2026/01/07,"34,387,271"
الخدمات الرقمية,عام,القطاع العام,خدمة إلكترونية جزئيا,2026/01/07,"34,387,483"
الخدمات الرقمية,عام,القطاع العام,خدمة إلكترونية جزئيا,2026/01/07,"34,387,785"
الخدمات الرقمية,عام,القطاع العام,خدمة إلكترونية جزئيا,2026/01/07,"34,387,791"
الخدمات الرقمية,عام,القطاع العام,خدمة إلكترونية جزئيا,2026/01/07,"34,387,995"
الخدمات الرقمية,عام,القطاع العام,خدمة إلكترونية جزئيا,2026/01/07,"34,388,175"
الخدمات الرقمية,عام,القطاع العام,خدمة إلكترونية جزئيا,2026/01/07,"34,388,188"
الخدمات الرقمية,عام,القطاع العام,خدمة إلكترونية جزئيا,2026/01/07,"34,388,223"
الخدمات الرقمية,عام,القطاع العام,خدمة إلكترونية جزئيا,2026/01/07,"34,388,256"
الخدمات الرقمية,عام,القطاع العام,خدمة إلكترونية جزئيا,2026/01/07,"34,388,264"
الخدمات الرقمية,عام,القطاع العام,خدمة إلكترونية جزئيا,2026/01/07,"34,388,282"
الخدمات الرقمية,عام,القطاع العام,خدمة إلكترونية جزئيا,2026/01/07,"34,388,295"
الخدمات الرقمية,عام,القطاع العام,خدمة إلكترونية جزئيا,2026/01/07,"34,388,347"
الخدمات الرقمية,عام,القطاع العام,خدمة إلكترونية جزئيا,2026/01/07,"34,388,411"
الخدمات الرقمية,عام,القطاع العام,خدمة إلكترونية جزئيا,2026/01/07,"34,388,442"
الخدمات الرقمية,عام,القطاع العام,خدمة إلكترونية جزئيا,2026/01/07,"34,388,448"
الخدمات الرقمية,عام,القطاع العام,خدمة إلكترونية جزئيا,2026/01/07,"34,388,477"
الخدمات الرقمية,عام,القطاع العام,خدمة إلكترونية جزئيا,2026/01/07,"34,388,507"
الخدمات الرقمية,عام,القطاع العام,خدمة إلكترونية جزئيا,2026/01/07,"34,388,617"
الخدمات الرقمية,عام,القطاع العام,خدمة إلكترونية جزئيا,2026/01/07,"34,388,698"
الخدمات الرقمية,عام,القطاع العام,خدمة إلكترونية جزئيا,2026/01/07,"34,388,776"
الخدمات الرقمية,عام,القطاع العام,خدمة إلكترونية جزئيا,2026/01/07,"34,388,986"
الخدمات الرقمية,عام,القطاع العام,خدمة إلكترونية جزئيا,2026/01/07,"34,388,993"
الخدمات الرقمية,عام,القطاع العام,خدمة إلكترونية جزئيا,2026/01/07,"34,389,221"
الخدمات الرقمية,عام,القطاع العام,خدمة إلكترونية جزئيا,2026/01/07,"34,389,271"
الخدمات الرقمية,عام,القطاع العام,خدمة إلكترونية جزئيا,2026/01/07,"34,389,314"
الخدمات الرقمية,عام,القطاع العام,خدمة إلكترونية جزئيا,2026/01/07,"34,389,323"
الخدمات الرقمية,عام,القطاع العام,خدمة إلكترونية جزئيا,2026/01/07,"34,389,325"
الخدمات الرقمية,عام,القطاع العام,خدمة إلكترونية جزئيا,2026/01/07,"34,389,342"
الخدمات الرقمية,عام,القطاع العام,خدمة إلكترونية جزئيا,2026/01/07,"34,389,384"
الخدمات الرقمية,عام,القطاع العام,خدمة إلكترونية جزئيا,2026/01/07,"34,389,394"
الخدمات الرقمية,عام,القطاع العام,خدمة إلكترونية جزئيا,2026/01/07,"34,389,405"
الخدمات الرقمية,عام,القطاع العام,خدمة إلكترونية جزئيا,2026/01/07,"34,389,406"
الخدمات الرقمية,عام,القطاع العام,خدمة إلكترونية جزئيا,2026/01/07,"34,389,414"
الخدمات الرقمية,عام,القطاع العام,خدمة إلكترونية جزئيا,2026/01/07,"34,389,464"
الخدمات الرقمية,عام,القطاع العام,خدمة إلكترونية جزئيا,2026/01/07,"34,389,516"
 القصيم,بريده,القطاع العام,خدمة إلكترونية جزئيا,2026/01/07,"34,383,046"
 الرياض,الرياض,القطاع العام,خدمة إلكترونية جزئيا,2026/01/07,"34,386,028"
 الرياض,الرياض,القطاع العام,خدمة إلكترونية جزئيا,2026/01/07,"34,390,509"
 الرياض,الرياض,القطاع العام,خدمة إلكترونية جزئيا,2026/01/07,"34,384,184"
 الرياض,الرياض,القطاع العام,خدمة إلكترونية جزئيا,2026/01/07,"34,384,892"
 الرياض,الرياض,القطاع العام,خدمة إلكترونية جزئيا,2026/01/07,"34,385,265"
 الرياض,الرياض,القطاع العام,خدمة إلكترونية جزئيا,2026/01/07,"34,382,935"
 الرياض,الرياض,القطاع العام,خدمة إلكترونية جزئيا,2026/01/07,"34,381,821"
 الرياض,الرياض,القطاع العام,خدمة إلكترونية جزئيا,2026/01/07,"34,390,915"
 الرياض,الرياض,القطاع العام,خدمة إلكترونية جزئيا,2026/01/07,"34,385,092"
 الرياض,الرياض,القطاع العام,خدمة إلكترونية جزئيا,2026/01/07,"34,390,468"
 الرياض,الرياض,القطاع العام,خدمة إلكترونية جزئيا,2026/01/07,"34,386,062"
 الرياض,الرياض,القطاع العام,خدمة إلكترونية جزئيا,2026/01/07,"34,392,675"
 الرياض,الرياض,القطاع العام,خدمة إلكترونية جزئيا,2026/01/07,"34,385,814"
 الرياض,الرياض,القطاع العام,خدمة إلكترونية جزئيا,2026/01/07,"34,385,974"
 الرياض,الرياض,القطاع العام,خدمة إلكترونية جزئيا,2026/01/07,"34,401,649"
 الرياض,الرياض,القطاع العام,خدمة إلكترونية جزئيا,2026/01/07,"34,396,153"
 الرياض,الرياض,القطاع العام,خدمة إلكترونية جزئيا,2026/01/07,"34,393,495"
 الرياض,الرياض,القطاع العام,خدمة إلكترونية جزئيا,2026/01/07,"34,394,470"
 الرياض,الرياض,القطاع العام,خدمة إلكترونية جزئيا,2026/01/07,"34,400,797"
 الرياض,الرياض,القطاع العام,خدمة إلكترونية جزئيا,2026/01/07,"34,388,249"
 الرياض,الرياض,القطاع العام,خدمة إلكترونية جزئيا,2026/01/07,"34,382,569"
 الرياض,الرياض,القطاع العام,خدمة إلكترونية جزئيا,2026/01/07,"34,393,783"
 الرياض,الرياض,القطاع العام,خدمة إلكترونية جزئيا,2026/01/07,"34,403,609"
 الرياض,الرياض,القطاع العام,خدمة إلكترونية جزئيا,2026/01/07,"34,396,673"
 الرياض,الرياض,القطاع العام,خدمة إلكترونية جزئيا,2026/01/07,"34,393,980"
 الرياض,الرياض,القطاع العام,خدمة إلكترونية جزئيا,2026/01/07,"34,397,786"
 الرياض,الرياض,القطاع العام,خدمة إلكترونية جزئيا,2026/01/08,"34,420,517"
 الحدود الشمالية,عرعر,القطاع العام,خدمة إلكترونية جزئيا,2026/01/08,"34,419,973"
 الرياض,الرياض,القطاع العام,خدمة إلكترونية جزئيا,2026/01/08,"34,419,398"
 الرياض,الرياض,القطاع العام,خدمة إلكترونية جزئيا,2026/01/08,"34,420,101"
 الرياض,الرياض,القطاع العام,خدمة إلكترونية جزئيا,2026/01/08,"34,416,687"
الخدمات الرقمية,عام,القطاع العام,خدمة إلكترونية جزئيا,2026/01/08,"34,419,107"
الخدمات الرقمية,عام,القطاع العام,خدمة إلكترونية جزئيا,2026/01/08,"34,419,120"
الخدمات الرقمية,عام,القطاع العام,خدمة إلكترونية جزئيا,2026/01/08,"34,419,110"
 الرياض,الرياض,القطاع العام,خدمة إلكترونية جزئيا,2026/01/08,"34,417,400"
 الرياض,الرياض,القطاع العام,خدمة إلكترونية جزئيا,2026/01/08,"34,418,691"
 الرياض,الرياض,القطاع العام,خدمة إلكترونية جزئيا,2026/01/08,"34,413,287"
 الرياض,الرياض,القطاع العام,خدمة إلكترونية جزئيا,2026/01/08,"34,428,549"
 الرياض,الرياض,القطاع العام,خدمة إلكترونية جزئيا,2026/01/08,"34,429,071"
 الرياض,الرياض,القطاع العام,خدمة إلكترونية جزئيا,2026/01/08,"34,419,941"
 الرياض,الرياض,القطاع العام,خدمة إلكترونية جزئيا,2026/01/08,"34,414,747"
 الرياض,الرياض,القطاع العام,خدمة إلكترونية جزئيا,2026/01/08,"34,412,467"
 الرياض,الرياض,القطاع العام,خدمة إلكترونية جزئيا,2026/01/08,"34,413,025"
 الرياض,الرياض,القطاع العام,خدمة إلكترونية جزئيا,2026/01/08,"34,412,041"
 الرياض,الرياض,القطاع العام,خدمة إلكترونية جزئيا,2026/01/08,"34,413,748"
 الرياض,الرياض,القطاع العام,خدمة إلكترونية جزئيا,2026/01/08,"34,413,760"
 الرياض,الرياض,القطاع العام,خدمة إلكترونية جزئيا,2026/01/08,"34,421,853"
 الرياض,الرياض,القطاع العام,خدمة إلكترونية جزئيا,2026/01/08,"34,421,336"
 الرياض,الرياض,القطاع العام,خدمة إلكترونية جزئيا,2026/01/08,"34,414,713"
 الرياض,الرياض,القطاع العام,خدمة إلكترونية جزئيا,2026/01/08,"34,413,548"
 الرياض,الرياض,القطاع العام,خدمة إلكترونية جزئيا,2026/01/08,"34,413,190"
 الرياض,الرياض,القطاع العام,خدمة إلكترونية جزئيا,2026/01/08,"34,413,460"
 الرياض,الرياض,القطاع العام,خدمة إلكترونية جزئيا,2026/01/08,"34,421,480"
 الرياض,الرياض,القطاع العام,خدمة إلكترونية جزئيا,2026/01/08,"34,415,057"
 الرياض,الرياض,القطاع العام,خدمة إلكترونية جزئيا,2026/01/09,"34,434,796"
 الرياض,الرياض,القطاع العام,خدمة إلكترونية جزئيا,2026/01/09,"34,435,088"
 الرياض,الرياض,القطاع العام,خدمة إلكترونية جزئيا,2026/01/09,"34,434,998"
 الرياض,الرياض,القطاع العام,خدمة إلكترونية جزئيا,2026/01/10,"34,451,606"
 الرياض,الرياض,القطاع العام,خدمة إلكترونية جزئيا,2026/01/10,"34,451,681"
 الرياض,الرياض,القطاع العام,خدمة إلكترونية جزئيا,2026/01/10,"34,454,906"
 الرياض,الرياض,القطاع العام,خدمة إلكترونية جزئيا,2026/01/10,"34,451,186"
 الرياض,الرياض,القطاع العام,خدمة إلكترونية جزئيا,2026/01/10,"34,451,755"
 الرياض,الرياض,القطاع العام,خدمة إلكترونية جزئيا,2026/01/10,"34,451,082"
 الرياض,الرياض,القطاع العام,خدمة إلكترونية جزئيا,2026/01/11,"34,465,872"
 الرياض,الرياض,القطاع العام,خدمة إلكترونية جزئيا,2026/01/11,"34,463,350"
 الرياض,الرياض,القطاع العام,خدمة إلكترونية جزئيا,2026/01/11,"34,469,094"
 الرياض,الرياض,القطاع العام,خدمة إلكترونية جزئيا,2026/01/11,"34,461,575"
 تبوك,تبوك,القطاع العام,خدمة إلكترونية جزئيا,2026/01/11,"34,467,228"
 تبوك,تبوك,القطاع العام,خدمة إلكترونية جزئيا,2026/01/11,"34,466,829"
 الرياض,الرياض,القطاع العام,خدمة إلكترونية جزئيا,2026/01/11,"34,467,249"
 مكة المكرمه,مكة المكرمة,القطاع العام,خدمة إلكترونية جزئيا,2026/01/11,"34,464,341"
 القصيم,بريده,القطاع العام,خدمة إلكترونية جزئيا,2026/01/11,"34,464,353"
 الرياض,الرياض,القطاع العام,خدمة إلكترونية جزئيا,2026/01/11,"34,467,581"
 الرياض,الرياض,القطاع العام,خدمة إلكترونية جزئيا,2026/01/11,"34,464,492"
 الرياض,الرياض,القطاع العام,خدمة إلكترونية جزئيا,2026/01/11,"34,461,643"
 الرياض,الرياض,القطاع العام,خدمة إلكترونية جزئيا,2026/01/11,"34,461,391"
 الرياض,الرياض,القطاع العام,خدمة إلكترونية جزئيا,2026/01/11,"34,466,131"
 الرياض,الرياض,القطاع العام,خدمة إلكترونية جزئيا,2026/01/11,"34,460,545"
 الرياض,الرياض,القطاع العام,خدمة إلكترونية جزئيا,2026/01/11,"34,468,595"
 الرياض,الرياض,القطاع العام,خدمة إلكترونية جزئيا,2026/01/11,"34,458,374"
 الرياض,الرياض,القطاع العام,خدمة إلكترونية جزئيا,2026/01/11,"34,466,226"
 الرياض,الرياض,القطاع العام,خدمة إلكترونية جزئيا,2026/01/11,"34,466,414"
 الرياض,الرياض,القطاع العام,خدمة إلكترونية جزئيا,2026/01/11,"34,461,824"
 الرياض,الرياض,القطاع العام,خدمة إلكترونية جزئيا,2026/01/11,"34,458,036"
 الرياض,الرياض,القطاع العام,خدمة إلكترونية جزئيا,2026/01/11,"34,460,106"
 الرياض,الرياض,القطاع العام,خدمة إلكترونية جزئيا,2026/01/11,"34,461,778"
 الرياض,الرياض,القطاع العام,خدمة إلكترونية جزئيا,2026/01/11,"34,461,210"
 الرياض,الرياض,القطاع العام,خدمة إلكترونية جزئيا,2026/01/11,"34,463,187"
 الرياض,الرياض,القطاع العام,خدمة إلكترونية جزئيا,2026/01/11,"34,461,950"
 الرياض,الرياض,القطاع العام,خدمة إلكترونية جزئيا,2026/01/11,"34,460,484"
 الرياض,الرياض,القطاع العام,خدمة إلكترونية جزئيا,2026/01/11,"34,462,154"
 الرياض,الرياض,القطاع العام,خدمة إلكترونية جزئيا,2026/01/11,"34,462,590"
 الرياض,الرياض,القطاع العام,خدمة إلكترونية جزئيا,2026/01/11,"34,463,760"
 الرياض,الرياض,القطاع العام,خدمة إلكترونية جزئيا,2026/01/11,"34,459,703"
 الرياض,الرياض,القطاع العام,خدمة إلكترونية جزئيا,2026/01/11,"34,459,411"
 الرياض,الرياض,القطاع العام,خدمة إلكترونية جزئيا,2026/01/11,"34,460,624"
 الرياض,الرياض,القطاع العام,خدمة إلكترونية جزئيا,2026/01/11,"34,459,250"
 الرياض,الرياض,القطاع العام,خدمة إلكترونية جزئيا,2026/01/11,"34,466,571"
 تبوك,تبوك,القطاع العام,خدمة إلكترونية جزئيا,2026/01/12,"34,500,226"
 تبوك,تبوك,القطاع العام,خدمة إلكترونية جزئيا,2026/01/12,"34,500,019"
 الرياض,الرياض,القطاع العام,خدمة إلكترونية جزئيا,2026/01/12,"34,495,315"
 الرياض,الرياض,القطاع العام,خدمة إلكترونية جزئيا,2026/01/12,"34,501,577"
 الرياض,الرياض,القطاع العام,خدمة إلكترونية جزئيا,2026/01/12,"34,487,529"
 الرياض,الرياض,القطاع العام,خدمة إلكترونية جزئيا,2026/01/12,"34,497,470"
 تبوك,تبوك,القطاع العام,خدمة إلكترونية جزئيا,2026/01/12,"34,501,573"
 تبوك,تبوك,القطاع العام,خدمة إلكترونية جزئيا,2026/01/12,"34,501,734"
 الرياض,الرياض,القطاع العام,خدمة إلكترونية جزئيا,2026/01/12,"34,489,119"
 الرياض,الرياض,القطاع العام,خدمة إلكترونية جزئيا,2026/01/12,"34,488,853"
 الرياض,الرياض,القطاع العام,خدمة إلكترونية جزئيا,2026/01/12,"34,489,040"
 تبوك,تبوك,القطاع العام,خدمة إلكترونية جزئيا,2026/01/12,"34,499,746"
 تبوك,تبوك,القطاع العام,خدمة إلكترونية جزئيا,2026/01/12,"34,501,068"
 تبوك,تبوك,القطاع العام,خدمة إلكترونية جزئيا,2026/01/12,"34,499,915"
 تبوك,تبوك,القطاع العام,خدمة إلكترونية جزئيا,2026/01/12,"34,500,701"
 تبوك,تبوك,القطاع العام,خدمة إلكترونية جزئيا,2026/01/12,"34,500,846"
 تبوك,تبوك,القطاع العام,خدمة إلكترونية جزئيا,2026/01/12,"34,500,460"
 تبوك,تبوك,القطاع العام,خدمة إلكترونية جزئيا,2026/01/12,"34,501,273"
 تبوك,تبوك,القطاع العام,خدمة إلكترونية جزئيا,2026/01/12,"34,501,404"
 الرياض,الرياض,القطاع العام,خدمة إلكترونية جزئيا,2026/01/12,"34,496,672"
 الرياض,الرياض,القطاع العام,خدمة إلكترونية جزئيا,2026/01/12,"34,491,710"
 الرياض,الرياض,القطاع العام,خدمة إلكترونية جزئيا,2026/01/12,"34,488,316"
 الرياض,الرياض,القطاع العام,خدمة إلكترونية جزئيا,2026/01/12,"34,496,996"
 الرياض,الرياض,القطاع العام,خدمة إلكترونية جزئيا,2026/01/12,"34,496,435"
 الرياض,الرياض,القطاع العام,خدمة إلكترونية جزئيا,2026/01/12,"34,486,194"
 الرياض,الرياض,القطاع العام,خدمة إلكترونية جزئيا,2026/01/12,"34,483,178"
 الرياض,الرياض,القطاع العام,خدمة إلكترونية جزئيا,2026/01/12,"34,482,241"
 الرياض,الرياض,القطاع العام,خدمة إلكترونية جزئيا,2026/01/12,"34,486,176"
 تبوك,تبوك,القطاع العام,خدمة إلكترونية جزئيا,2026/01/13,"34,505,007"
 تبوك,تبوك,القطاع العام,خدمة إلكترونية جزئيا,2026/01/13,"34,527,572"
 تبوك,تبوك,القطاع العام,خدمة إلكترونية جزئيا,2026/01/13,"34,526,728"
 تبوك,تبوك,القطاع العام,خدمة إلكترونية جزئيا,2026/01/13,"34,527,345"
 تبوك,تبوك,القطاع العام,خدمة إلكترونية جزئيا,2026/01/13,"34,527,120"
 تبوك,تبوك,القطاع العام,خدمة إلكترونية جزئيا,2026/01/13,"34,525,998"
 تبوك,تبوك,القطاع العام,خدمة إلكترونية جزئيا,2026/01/13,"34,526,995"
 تبوك,تبوك,القطاع العام,خدمة إلكترونية جزئيا,2026/01/13,"34,524,578"
 تبوك,تبوك,القطاع العام,خدمة إلكترونية جزئيا,2026/01/13,"34,527,826"
 تبوك,تبوك,القطاع العام,خدمة إلكترونية جزئيا,2026/01/13,"34,524,914"
 تبوك,تبوك,القطاع العام,خدمة إلكترونية جزئيا,2026/01/13,"34,526,594"
 تبوك,تبوك,القطاع العام,خدمة إلكترونية جزئيا,2026/01/13,"34,526,375"
 الرياض,الرياض,القطاع العام,خدمة إلكترونية جزئيا,2026/01/13,"34,511,707"
 الرياض,الرياض,القطاع العام,خدمة إلكترونية جزئيا,2026/01/13,"34,516,476"
 الرياض,الرياض,القطاع العام,خدمة إلكترونية جزئيا,2026/01/13,"34,511,481"
 الرياض,الرياض,القطاع العام,خدمة إلكترونية جزئيا,2026/01/13,"34,529,359"
 الرياض,الرياض,القطاع العام,خدمة إلكترونية جزئيا,2026/01/13,"34,529,513"
 تبوك,تبوك,القطاع العام,خدمة إلكترونية جزئيا,2026/01/13,"34,528,046"
 تبوك,تبوك,القطاع العام,خدمة إلكترونية جزئيا,2026/01/13,"34,528,203"
 الرياض,الرياض,القطاع العام,خدمة إلكترونية جزئيا,2026/01/13,"34,523,794"
 الرياض,الرياض,القطاع العام,خدمة إلكترونية جزئيا,2026/01/13,"34,509,084"
 الرياض,الرياض,القطاع العام,خدمة إلكترونية جزئيا,2026/01/13,"34,509,252"
 الرياض,الرياض,القطاع العام,خدمة إلكترونية جزئيا,2026/01/13,"34,510,995"
 الرياض,الرياض,القطاع العام,خدمة إلكترونية جزئيا,2026/01/13,"34,511,498"
 الرياض,الرياض,القطاع العام,خدمة إلكترونية جزئيا,2026/01/13,"34,513,872"
 الرياض,الرياض,القطاع العام,خدمة إلكترونية جزئيا,2026/01/13,"34,509,599"
 الرياض,الرياض,القطاع العام,خدمة إلكترونية جزئيا,2026/01/13,"34,509,179"
 الرياض,الرياض,القطاع العام,خدمة إلكترونية جزئيا,2026/01/13,"34,510,624"
 الرياض,الرياض,القطاع العام,خدمة إلكترونية جزئيا,2026/01/13,"34,507,833"
 الرياض,الرياض,القطاع العام,خدمة إلكترونية جزئيا,2026/01/13,"34,504,138"
 الرياض,الرياض,القطاع العام,خدمة إلكترونية جزئيا,2026/01/13,"34,512,055"
 الرياض,الرياض,القطاع العام,خدمة إلكترونية جزئيا,2026/01/13,"34,509,597"
 الرياض,الرياض,القطاع العام,خدمة إلكترونية جزئيا,2026/01/13,"34,510,790"
 الرياض,الرياض,القطاع العام,خدمة إلكترونية جزئيا,2026/01/13,"34,509,731"
 الرياض,الرياض,القطاع العام,خدمة إلكترونية جزئيا,2026/01/13,"34,510,240"
 الرياض,الرياض,القطاع العام,خدمة إلكترونية جزئيا,2026/01/13,"34,509,902"
 الرياض,الرياض,القطاع العام,خدمة إلكترونية جزئيا,2026/01/13,"34,509,761"
 الرياض,الرياض,القطاع العام,خدمة إلكترونية جزئيا,2026/01/13,"34,507,724"
 الرياض,الرياض,القطاع العام,خدمة إلكترونية جزئيا,2026/01/13,"34,507,983"
 الرياض,الرياض,القطاع العام,خدمة إلكترونية جزئيا,2026/01/13,"34,507,544"
 الرياض,الرياض,القطاع العام,خدمة إلكترونية جزئيا,2026/01/13,"34,512,016"
 الرياض,الرياض,القطاع العام,خدمة إلكترونية جزئيا,2026/01/13,"34,507,696"
 الرياض,الرياض,القطاع العام,خدمة إلكترونية جزئيا,2026/01/13,"34,514,832"
 الرياض,الرياض,القطاع العام,خدمة إلكترونية جزئيا,2026/01/13,"34,512,778"
 الرياض,الرياض,القطاع العام,خدمة إلكترونية جزئيا,2026/01/13,"34,510,916"
 الرياض,الرياض,القطاع العام,خدمة إلكترونية جزئيا,2026/01/13,"34,511,186"
 الرياض,الرياض,القطاع العام,خدمة إلكترونية جزئيا,2026/01/13,"34,516,711"
 الرياض,الرياض,القطاع العام,خدمة إلكترونية جزئيا,2026/01/13,"34,516,241"
 الرياض,الرياض,القطاع العام,خدمة إلكترونية جزئيا,2026/01/13,"34,504,238"
 الرياض,الرياض,القطاع العام,خدمة إلكترونية جزئيا,2026/01/13,"34,503,662"
 الرياض,الرياض,القطاع العام,خدمة إلكترونية جزئيا,2026/01/13,"34,506,006"
 الرياض,الرياض,القطاع العام,خدمة إلكترونية جزئيا,2026/01/13,"34,505,974"
 الرياض,الرياض,القطاع العام,خدمة إلكترونية جزئيا,2026/01/13,"34,504,949"
 الرياض,الرياض,القطاع العام,خدمة إلكترونية جزئيا,2026/01/13,"34,506,423"
 الرياض,الرياض,القطاع العام,خدمة إلكترونية جزئيا,2026/01/13,"34,515,034"
 الرياض,الرياض,القطاع العام,خدمة إلكترونية جزئيا,2026/01/14,"34,535,626"
 تبوك,تبوك,القطاع العام,خدمة إلكترونية جزئيا,2026/01/14,"34,541,016"
 الرياض,الرياض,القطاع العام,خدمة إلكترونية جزئيا,2026/01/14,"34,536,501"
 الرياض,الرياض,القطاع العام,خدمة إلكترونية جزئيا,2026/01/14,"34,552,933"
 تبوك,تبوك,القطاع العام,خدمة إلكترونية جزئيا,2026/01/14,"34,539,870"
 تبوك,تبوك,القطاع العام,خدمة إلكترونية جزئيا,2026/01/14,"34,539,397"
 تبوك,تبوك,القطاع العام,خدمة إلكترونية جزئيا,2026/01/14,"34,545,944"
 تبوك,تبوك,القطاع العام,خدمة إلكترونية جزئيا,2026/01/14,"34,540,764"
 تبوك,تبوك,القطاع العام,خدمة إلكترونية جزئيا,2026/01/14,"34,540,432"
 الرياض,الرياض,القطاع العام,خدمة إلكترونية جزئيا,2026/01/14,"34,543,244"
 الرياض,الرياض,القطاع العام,خدمة إلكترونية جزئيا,2026/01/14,"34,550,873"
 الرياض,الرياض,القطاع العام,خدمة إلكترونية جزئيا,2026/01/14,"34,555,478"
 الرياض,الرياض,القطاع العام,خدمة إلكترونية جزئيا,2026/01/14,"34,549,569"
 الرياض,الرياض,القطاع العام,خدمة إلكترونية جزئيا,2026/01/14,"34,551,108"
 الرياض,الرياض,القطاع العام,خدمة إلكترونية جزئيا,2026/01/14,"34,543,304"
الخدمات الرقمية,عام,القطاع العام,خدمة إلكترونية جزئيا,2026/01/14,"34,539,020"
الخدمات الرقمية,عام,القطاع العام,خدمة إلكترونية جزئيا,2026/01/14,"34,538,711"
الخدمات الرقمية,عام,القطاع العام,خدمة إلكترونية جزئيا,2026/01/14,"34,538,867"
الخدمات الرقمية,عام,القطاع العام,خدمة إلكترونية جزئيا,2026/01/14,"34,538,734"
الخدمات الرقمية,عام,القطاع العام,خدمة إلكترونية جزئيا,2026/01/14,"34,538,736"
الخدمات الرقمية,عام,القطاع العام,خدمة إلكترونية جزئيا,2026/01/14,"34,538,721"
الخدمات الرقمية,عام,القطاع العام,خدمة إلكترونية جزئيا,2026/01/14,"34,538,839"
الخدمات الرقمية,عام,القطاع العام,خدمة إلكترونية جزئيا,2026/01/14,"34,538,848"
الخدمات الرقمية,عام,القطاع العام,خدمة إلكترونية جزئيا,2026/01/14,"34,538,858"
الخدمات الرقمية,عام,القطاع العام,خدمة إلكترونية جزئيا,2026/01/14,"34,538,860"
الخدمات الرقمية,عام,القطاع العام,خدمة إلكترونية جزئيا,2026/01/14,"34,538,843"
الخدمات الرقمية,عام,القطاع العام,خدمة إلكترونية جزئيا,2026/01/14,"34,538,850"
الخدمات الرقمية,عام,القطاع العام,خدمة إلكترونية جزئيا,2026/01/14,"34,539,022"
الخدمات الرقمية,عام,القطاع العام,خدمة إلكترونية جزئيا,2026/01/14,"34,538,964"
الخدمات الرقمية,عام,القطاع العام,خدمة إلكترونية جزئيا,2026/01/14,"34,538,784"
الخدمات الرقمية,عام,القطاع العام,خدمة إلكترونية جزئيا,2026/01/14,"34,539,028"
الخدمات الرقمية,عام,القطاع العام,خدمة إلكترونية جزئيا,2026/01/14,"34,538,719"
الخدمات الرقمية,عام,القطاع العام,خدمة إلكترونية جزئيا,2026/01/14,"34,539,024"
الخدمات الرقمية,عام,القطاع العام,خدمة إلكترونية جزئيا,2026/01/14,"34,539,026"
الخدمات الرقمية,عام,القطاع العام,خدمة إلكترونية جزئيا,2026/01/14,"34,538,727"
الخدمات الرقمية,عام,القطاع العام,خدمة إلكترونية جزئيا,2026/01/14,"34,538,854"
الخدمات الرقمية,عام,القطاع العام,خدمة إلكترونية جزئيا,2026/01/14,"34,538,730"
الخدمات الرقمية,عام,القطاع العام,خدمة إلكترونية جزئيا,2026/01/14,"34,538,845"
الخدمات الرقمية,عام,القطاع العام,خدمة إلكترونية جزئيا,2026/01/14,"34,538,852"
الخدمات الرقمية,عام,القطاع العام,خدمة إلكترونية جزئيا,2026/01/14,"34,538,693"
 الرياض,الرياض,القطاع العام,خدمة إلكترونية جزئيا,2026/01/14,"34,545,613"
 الرياض,الرياض,القطاع العام,خدمة إلكترونية جزئيا,2026/01/14,"34,545,197"
 الرياض,الرياض,القطاع العام,خدمة إلكترونية جزئيا,2026/01/14,"34,543,120"
 الشرقية,الدمام,القطاع العام,خدمة إلكترونية جزئيا,2026/01/14,"34,537,632"
 الشرقية,الدمام,القطاع العام,خدمة إلكترونية جزئيا,2026/01/14,"34,537,894"
 الرياض,الرياض,القطاع العام,خدمة إلكترونية جزئيا,2026/01/14,"34,544,384"
 الرياض,الرياض,القطاع العام,خدمة إلكترونية جزئيا,2026/01/14,"34,539,838"
 الرياض,الرياض,القطاع العام,خدمة إلكترونية جزئيا,2026/01/14,"34,544,187"
 الرياض,الرياض,القطاع العام,خدمة إلكترونية جزئيا,2026/01/14,"34,536,856"
 الرياض,الرياض,القطاع العام,خدمة إلكترونية جزئيا,2026/01/14,"34,539,013"
 الرياض,الرياض,القطاع العام,خدمة إلكترونية جزئيا,2026/01/14,"34,540,897"
 الرياض,الرياض,القطاع العام,خدمة إلكترونية جزئيا,2026/01/14,"34,536,270"
 الرياض,الرياض,القطاع العام,خدمة إلكترونية جزئيا,2026/01/14,"34,538,235"
 الرياض,الرياض,القطاع العام,خدمة إلكترونية جزئيا,2026/01/14,"34,544,267"
 الرياض,الرياض,القطاع العام,خدمة إلكترونية جزئيا,2026/01/15,"34,578,171"
 الرياض,الرياض,القطاع العام,خدمة إلكترونية جزئيا,2026/01/15,"34,578,698"
 الرياض,الرياض,القطاع العام,خدمة إلكترونية جزئيا,2026/01/15,"34,571,634"
 الرياض,الرياض,القطاع العام,خدمة إلكترونية جزئيا,2026/01/15,"34,562,401"
 الرياض,الرياض,القطاع العام,خدمة إلكترونية جزئيا,2026/01/15,"34,567,096"
 الرياض,الرياض,القطاع العام,خدمة إلكترونية جزئيا,2026/01/15,"34,564,732"
 الرياض,الرياض,القطاع العام,خدمة إلكترونية جزئيا,2026/01/15,"34,569,934"
 الرياض,الرياض,القطاع العام,خدمة إلكترونية جزئيا,2026/01/15,"34,567,494"
 الرياض,الرياض,القطاع العام,خدمة إلكترونية جزئيا,2026/01/15,"34,571,332"
 الرياض,الرياض,القطاع العام,خدمة إلكترونية جزئيا,2026/01/15,"34,577,265"
 الرياض,الرياض,القطاع العام,خدمة إلكترونية جزئيا,2026/01/15,"34,569,766"
 الرياض,الرياض,القطاع العام,خدمة إلكترونية جزئيا,2026/01/15,"34,573,266"
 الرياض,الرياض,القطاع العام,خدمة إلكترونية جزئيا,2026/01/15,"34,559,513"
 الرياض,الرياض,القطاع العام,خدمة إلكترونية جزئيا,2026/01/15,"34,562,010"
 الرياض,الرياض,القطاع العام,خدمة إلكترونية جزئيا,2026/01/15,"34,559,625"
 الرياض,الرياض,القطاع العام,خدمة إلكترونية جزئيا,2026/01/15,"34,568,577"
 الرياض,الرياض,القطاع العام,خدمة إلكترونية جزئيا,2026/01/15,"34,568,704"
 الرياض,الرياض,القطاع العام,خدمة إلكترونية جزئيا,2026/01/15,"34,568,522"
 الرياض,الرياض,القطاع العام,خدمة إلكترونية جزئيا,2026/01/15,"34,568,662"
 الرياض,الرياض,القطاع العام,خدمة إلكترونية جزئيا,2026/01/15,"34,569,424"
 الرياض,الرياض,القطاع العام,خدمة إلكترونية جزئيا,2026/01/15,"34,569,672"
 الرياض,الرياض,القطاع العام,خدمة إلكترونية جزئيا,2026/01/15,"34,562,372"
 الرياض,الرياض,القطاع العام,خدمة إلكترونية جزئيا,2026/01/15,"34,564,398"
 الرياض,الرياض,القطاع العام,خدمة إلكترونية جزئيا,2026/01/15,"34,565,442"
 الرياض,الرياض,القطاع العام,خدمة إلكترونية جزئيا,2026/01/15,"34,565,310"
 الرياض,الرياض,القطاع العام,خدمة إلكترونية جزئيا,2026/01/15,"34,564,843"
 الرياض,الرياض,القطاع العام,خدمة إلكترونية جزئيا,2026/01/15,"34,568,092"
 الرياض,الرياض,القطاع العام,خدمة إلكترونية جزئيا,2026/01/15,"34,568,311"
 الرياض,الرياض,القطاع العام,خدمة إلكترونية جزئيا,2026/01/15,"34,567,350"
 الرياض,الرياض,القطاع العام,خدمة إلكترونية جزئيا,2026/01/15,"34,568,129"
 الرياض,الرياض,القطاع العام,خدمة إلكترونية جزئيا,2026/01/15,"34,567,867"
 الرياض,الرياض,القطاع العام,خدمة إلكترونية جزئيا,2026/01/15,"34,566,997"
 الرياض,الرياض,القطاع العام,خدمة إلكترونية جزئيا,2026/01/15,"34,559,379"
 الرياض,الرياض,القطاع العام,خدمة إلكترونية جزئيا,2026/01/15,"34,561,978"
 الرياض,الرياض,القطاع العام,خدمة إلكترونية جزئيا,2026/01/15,"34,561,943"
 الرياض,الرياض,القطاع العام,خدمة إلكترونية جزئيا,2026/01/15,"34,564,506"
 الرياض,الرياض,القطاع العام,خدمة إلكترونية جزئيا,2026/01/15,"34,564,869"
 الرياض,الرياض,القطاع العام,خدمة إلكترونية جزئيا,2026/01/15,"34,563,914"
 الرياض,الرياض,القطاع العام,خدمة إلكترونية جزئيا,2026/01/15,"34,562,691"
 الرياض,الرياض,القطاع العام,خدمة إلكترونية جزئيا,2026/01/15,"34,566,144"
 الرياض,الرياض,القطاع العام,خدمة إلكترونية جزئيا,2026/01/17,"34,598,252"
 الرياض,الرياض,القطاع العام,خدمة إلكترونية جزئيا,2026/01/17,"34,599,310"
 الرياض,الرياض,القطاع العام,خدمة إلكترونية جزئيا,2026/01/17,"34,593,343"
 الرياض,الرياض,القطاع العام,خدمة إلكترونية جزئيا,2026/01/17,"34,593,418"
 الرياض,الرياض,القطاع العام,خدمة إلكترونية جزئيا,2026/01/17,"34,593,027"
 تبوك,تبوك,القطاع العام,خدمة إلكترونية جزئيا,2026/01/18,"34,616,296"
 تبوك,تبوك,القطاع العام,خدمة إلكترونية جزئيا,2026/01/18,"34,615,961"
 الرياض,الرياض,القطاع العام,خدمة إلكترونية جزئيا,2026/01/18,"34,605,194"
 الرياض,الرياض,القطاع العام,خدمة إلكترونية جزئيا,2026/01/18,"34,609,899"
 الرياض,الرياض,القطاع العام,خدمة إلكترونية جزئيا,2026/01/18,"34,613,741"
 الرياض,الرياض,القطاع العام,خدمة إلكترونية جزئيا,2026/01/18,"34,610,543"
 الرياض,الرياض,القطاع العام,خدمة إلكترونية جزئيا,2026/01/18,"34,610,276"
 الرياض,الرياض,القطاع العام,خدمة إلكترونية جزئيا,2026/01/18,"34,611,339"
 الرياض,الرياض,القطاع العام,خدمة إلكترونية جزئيا,2026/01/18,"34,610,652"
 تبوك,تبوك,القطاع العام,خدمة إلكترونية جزئيا,2026/01/18,"34,616,097"
 تبوك,تبوك,القطاع العام,خدمة إلكترونية جزئيا,2026/01/18,"34,615,796"
 الرياض,الرياض,القطاع العام,خدمة إلكترونية جزئيا,2026/01/18,"34,611,529"
 تبوك,تبوك,القطاع العام,خدمة إلكترونية جزئيا,2026/01/18,"34,603,983"
 تبوك,تبوك,القطاع العام,خدمة إلكترونية جزئيا,2026/01/18,"34,603,440"
 الرياض,الرياض,القطاع العام,خدمة إلكترونية جزئيا,2026/01/18,"34,604,416"
 الرياض,الرياض,القطاع العام,خدمة إلكترونية جزئيا,2026/01/18,"34,604,089"
 الرياض,الرياض,القطاع العام,خدمة إلكترونية جزئيا,2026/01/18,"34,603,476"
 الرياض,الرياض,القطاع العام,خدمة إلكترونية جزئيا,2026/01/18,"34,602,515"
 الرياض,الرياض,القطاع العام,خدمة إلكترونية جزئيا,2026/01/18,"34,599,652"
 الرياض,الرياض,القطاع العام,خدمة إلكترونية جزئيا,2026/01/18,"34,599,790"
 الرياض,الرياض,القطاع العام,خدمة إلكترونية جزئيا,2026/01/18,"34,608,040"
 الرياض,الرياض,القطاع العام,خدمة إلكترونية جزئيا,2026/01/18,"34,606,860"
 الرياض,الرياض,القطاع العام,خدمة إلكترونية جزئيا,2026/01/18,"34,609,611"
 الرياض,الرياض,القطاع العام,خدمة إلكترونية جزئيا,2026/01/18,"34,604,885"
 تبوك,تبوك,القطاع العام,خدمة إلكترونية جزئيا,2026/01/19,"34,633,102"
 تبوك,تبوك,القطاع العام,خدمة إلكترونية جزئيا,2026/01/19,"34,627,414"
 الرياض,الرياض,القطاع العام,خدمة إلكترونية جزئيا,2026/01/19,"34,631,086"
 الرياض,الرياض,القطاع العام,خدمة إلكترونية جزئيا,2026/01/19,"34,626,806"
 الرياض,الرياض,القطاع العام,خدمة إلكترونية جزئيا,2026/01/19,"34,643,494"
 الرياض,الرياض,القطاع العام,خدمة إلكترونية جزئيا,2026/01/19,"34,642,928"
 الرياض,الرياض,القطاع العام,خدمة إلكترونية جزئيا,2026/01/19,"34,643,087"
 الرياض,الرياض,القطاع العام,خدمة إلكترونية جزئيا,2026/01/19,"34,624,781"
 الرياض,الرياض,القطاع العام,خدمة إلكترونية جزئيا,2026/01/19,"34,624,434"
 الرياض,الرياض,القطاع العام,خدمة إلكترونية جزئيا,2026/01/19,"34,624,440"
 الرياض,الرياض,القطاع العام,خدمة إلكترونية جزئيا,2026/01/19,"34,643,156"
 الرياض,الرياض,القطاع العام,خدمة إلكترونية جزئيا,2026/01/19,"34,643,197"
 الرياض,الرياض,القطاع العام,خدمة إلكترونية جزئيا,2026/01/19,"34,629,703"
 الرياض,الرياض,القطاع العام,خدمة إلكترونية جزئيا,2026/01/19,"34,629,520"
 الرياض,الرياض,القطاع العام,خدمة إلكترونية جزئيا,2026/01/19,"34,627,216"
 الرياض,الرياض,القطاع العام,خدمة إلكترونية جزئيا,2026/01/19,"34,627,289"
 الرياض,الرياض,القطاع العام,خدمة إلكترونية جزئيا,2026/01/19,"34,627,030"
 الرياض,الرياض,القطاع العام,خدمة إلكترونية جزئيا,2026/01/19,"34,627,075"
 الرياض,الرياض,القطاع العام,خدمة إلكترونية جزئيا,2026/01/19,"34,629,086"
 الرياض,الرياض,القطاع العام,خدمة إلكترونية جزئيا,2026/01/19,"34,629,174"
 الرياض,الرياض,القطاع العام,خدمة إلكترونية جزئيا,2026/01/19,"34,628,934"
 الرياض,الرياض,القطاع العام,خدمة إلكترونية جزئيا,2026/01/19,"34,628,582"
 الرياض,الرياض,القطاع العام,خدمة إلكترونية جزئيا,2026/01/19,"34,629,265"
 الرياض,الرياض,القطاع العام,خدمة إلكترونية جزئيا,2026/01/19,"34,628,134"
 تبوك,تبوك,القطاع العام,خدمة إلكترونية جزئيا,2026/01/19,"34,629,228"
 تبوك,تبوك,القطاع العام,خدمة إلكترونية جزئيا,2026/01/19,"34,626,890"
 الرياض,الرياض,القطاع العام,خدمة إلكترونية جزئيا,2026/01/19,"34,642,922"
 الرياض,الرياض,القطاع العام,خدمة إلكترونية جزئيا,2026/01/19,"34,635,332"
 تبوك,تبوك,القطاع العام,خدمة إلكترونية جزئيا,2026/01/19,"34,629,091"
 الرياض,الرياض,القطاع العام,خدمة إلكترونية جزئيا,2026/01/19,"34,625,923"
 الرياض,الرياض,القطاع العام,خدمة إلكترونية جزئيا,2026/01/19,"34,628,672"
 الرياض,الرياض,القطاع العام,خدمة إلكترونية جزئيا,2026/01/19,"34,628,376"
 الرياض,الرياض,القطاع العام,خدمة إلكترونية جزئيا,2026/01/19,"34,643,423"
 تبوك,تبوك,القطاع العام,خدمة إلكترونية جزئيا,2026/01/19,"34,632,345"
 تبوك,تبوك,القطاع العام,خدمة إلكترونية جزئيا,2026/01/19,"34,632,480"
 الرياض,الرياض,القطاع العام,خدمة إلكترونية جزئيا,2026/01/19,"34,645,079"
 الرياض,الرياض,القطاع العام,خدمة إلكترونية جزئيا,2026/01/19,"34,627,165"
 الرياض,الرياض,القطاع العام,خدمة إلكترونية جزئيا,2026/01/19,"34,628,001"
 الرياض,الرياض,القطاع العام,خدمة إلكترونية جزئيا,2026/01/19,"34,634,708"
 الرياض,الرياض,القطاع العام,خدمة إلكترونية جزئيا,2026/01/19,"34,627,674"
 الرياض,الرياض,القطاع العام,خدمة إلكترونية جزئيا,2026/01/19,"34,625,582"
 الرياض,الرياض,القطاع العام,خدمة إلكترونية جزئيا,2026/01/19,"34,633,597"
 الرياض,الرياض,القطاع العام,خدمة إلكترونية جزئيا,2026/01/19,"34,633,908"
 الرياض,الرياض,القطاع العام,خدمة إلكترونية جزئيا,2026/01/19,"34,624,114"
 الرياض,الرياض,القطاع العام,خدمة إلكترونية جزئيا,2026/01/19,"34,630,588"
 الرياض,الرياض,القطاع العام,خدمة إلكترونية جزئيا,2026/01/19,"34,626,585"
 الرياض,الرياض,القطاع العام,خدمة إلكترونية جزئيا,2026/01/19,"34,625,304"
 الرياض,الرياض,القطاع العام,خدمة إلكترونية جزئيا,2026/01/19,"34,624,170"
 الرياض,الرياض,القطاع العام,خدمة إلكترونية جزئيا,2026/01/19,"34,625,598"
 الرياض,الرياض,القطاع العام,خدمة إلكترونية جزئيا,2026/01/19,"34,631,779"
 الرياض,الرياض,القطاع العام,خدمة إلكترونية جزئيا,2026/01/19,"34,632,443"
 الرياض,الرياض,القطاع العام,خدمة إلكترونية جزئيا,2026/01/19,"34,632,070"
 الرياض,الرياض,القطاع العام,خدمة إلكترونية جزئيا,2026/01/19,"34,624,089"
 الرياض,الرياض,القطاع العام,خدمة إلكترونية جزئيا,2026/01/19,"34,628,448"
 الرياض,الرياض,القطاع العام,خدمة إلكترونية جزئيا,2026/01/19,"34,629,379"
 الرياض,الرياض,القطاع العام,خدمة إلكترونية جزئيا,2026/01/19,"34,626,201"
 الرياض,الرياض,القطاع العام,خدمة إلكترونية جزئيا,2026/01/19,"34,628,499"
 الرياض,الرياض,القطاع العام,خدمة إلكترونية جزئيا,2026/01/19,"34,626,949"
 الرياض,الرياض,القطاع العام,خدمة إلكترونية جزئيا,2026/01/19,"34,629,407"
 الرياض,الرياض,القطاع العام,خدمة إلكترونية جزئيا,2026/01/19,"34,632,048"
 الرياض,الرياض,القطاع العام,خدمة إلكترونية جزئيا,2026/01/19,"34,628,008"
 الرياض,الرياض,القطاع العام,خدمة إلكترونية جزئيا,2026/01/19,"34,628,736"
 تبوك,تبوك,القطاع العام,خدمة إلكترونية جزئيا,2026/01/19,"34,626,631"
 تبوك,تبوك,القطاع العام,خدمة إلكترونية جزئيا,2026/01/20,"34,660,634"
 الرياض,الرياض,القطاع العام,خدمة إلكترونية جزئيا,2026/01/20,"34,667,778"
 الرياض,الرياض,القطاع العام,خدمة إلكترونية جزئيا,2026/01/20,"34,673,011"
 الرياض,الرياض,القطاع العام,خدمة إلكترونية جزئيا,2026/01/20,"34,673,007"
 الرياض,الرياض,القطاع العام,خدمة إلكترونية جزئيا,2026/01/20,"34,672,997"
 الرياض,الرياض,القطاع العام,خدمة إلكترونية جزئيا,2026/01/20,"34,673,014"
 الرياض,الرياض,القطاع العام,خدمة إلكترونية جزئيا,2026/01/20,"34,657,577"
 الرياض,الرياض,القطاع العام,خدمة إلكترونية جزئيا,2026/01/20,"34,661,814"
 الرياض,الرياض,القطاع العام,خدمة إلكترونية جزئيا,2026/01/20,"34,657,543"
 الرياض,الرياض,القطاع العام,خدمة إلكترونية جزئيا,2026/01/20,"34,662,644"
 الرياض,الرياض,القطاع العام,خدمة إلكترونية جزئيا,2026/01/20,"34,659,616"
 الرياض,الرياض,القطاع العام,خدمة إلكترونية جزئيا,2026/01/20,"34,676,174"
 الرياض,الرياض,القطاع العام,خدمة إلكترونية جزئيا,2026/01/20,"34,675,747"
 تبوك,تبوك,القطاع العام,خدمة إلكترونية جزئيا,2026/01/20,"34,660,924"
 تبوك,تبوك,القطاع العام,خدمة إلكترونية جزئيا,2026/01/20,"34,660,007"
 تبوك,تبوك,القطاع العام,خدمة إلكترونية جزئيا,2026/01/20,"34,659,076"
 تبوك,تبوك,القطاع العام,خدمة إلكترونية جزئيا,2026/01/20,"34,658,858"
 تبوك,تبوك,القطاع العام,خدمة إلكترونية جزئيا,2026/01/20,"34,660,388"
 الرياض,الرياض,القطاع العام,خدمة إلكترونية جزئيا,2026/01/20,"34,655,376"
 الرياض,الرياض,القطاع العام,خدمة إلكترونية جزئيا,2026/01/20,"34,666,081"
 الرياض,الرياض,القطاع العام,خدمة إلكترونية جزئيا,2026/01/20,"34,660,925"
 الرياض,الرياض,القطاع العام,خدمة إلكترونية جزئيا,2026/01/20,"34,662,590"
 الرياض,الرياض,القطاع العام,خدمة إلكترونية جزئيا,2026/01/20,"34,654,847"
 الرياض,الرياض,القطاع العام,خدمة إلكترونية جزئيا,2026/01/20,"34,666,264"
 الرياض,الرياض,القطاع العام,خدمة إلكترونية جزئيا,2026/01/20,"34,676,798"
 الرياض,الرياض,القطاع العام,خدمة إلكترونية جزئيا,2026/01/20,"34,662,945"
 الرياض,الرياض,القطاع العام,خدمة إلكترونية جزئيا,2026/01/20,"34,661,166"
 تبوك,تبوك,القطاع العام,خدمة إلكترونية جزئيا,2026/01/20,"34,657,017"
 تبوك,تبوك,القطاع العام,خدمة إلكترونية جزئيا,2026/01/20,"34,655,822"
 الرياض,الرياض,القطاع العام,خدمة إلكترونية جزئيا,2026/01/20,"34,656,741"
 تبوك,تبوك,القطاع العام,خدمة إلكترونية جزئيا,2026/01/20,"34,660,248"
 تبوك,تبوك,القطاع العام,خدمة إلكترونية جزئيا,2026/01/20,"34,659,119"
 الرياض,الرياض,القطاع العام,خدمة إلكترونية جزئيا,2026/01/20,"34,653,411"
 الرياض,الرياض,القطاع العام,خدمة إلكترونية جزئيا,2026/01/20,"34,662,109"
 الرياض,الرياض,القطاع العام,خدمة إلكترونية جزئيا,2026/01/20,"34,656,875"
 الرياض,الرياض,القطاع العام,خدمة إلكترونية جزئيا,2026/01/20,"34,661,019"
 الرياض,الرياض,القطاع العام,خدمة إلكترونية جزئيا,2026/01/20,"34,660,627"
 الرياض,الرياض,القطاع العام,خدمة إلكترونية جزئيا,2026/01/20,"34,662,370"
 الرياض,الرياض,القطاع العام,خدمة إلكترونية جزئيا,2026/01/20,"34,653,573"
 الرياض,الرياض,القطاع العام,خدمة إلكترونية جزئيا,2026/01/20,"34,649,409"
 الرياض,الرياض,القطاع العام,خدمة إلكترونية جزئيا,2026/01/20,"34,650,598"
 الرياض,الرياض,القطاع العام,خدمة إلكترونية جزئيا,2026/01/20,"34,664,205"
 الرياض,الرياض,القطاع العام,خدمة إلكترونية جزئيا,2026/01/20,"34,655,000"
 الرياض,الرياض,القطاع العام,خدمة إلكترونية جزئيا,2026/01/20,"34,656,718"
 الرياض,الرياض,القطاع العام,خدمة إلكترونية جزئيا,2026/01/20,"34,659,699"
 الرياض,الرياض,القطاع العام,خدمة إلكترونية جزئيا,2026/01/20,"34,663,258"
 الرياض,الرياض,القطاع العام,خدمة إلكترونية جزئيا,2026/01/20,"34,656,208"
 الرياض,الرياض,القطاع العام,خدمة إلكترونية جزئيا,2026/01/20,"34,656,610"
 الرياض,الرياض,القطاع العام,خدمة إلكترونية جزئيا,2026/01/20,"34,660,022"
 الرياض,الرياض,القطاع العام,خدمة إلكترونية جزئيا,2026/01/20,"34,656,827"
 الرياض,الرياض,القطاع العام,خدمة إلكترونية جزئيا,2026/01/20,"34,673,002"
 تبوك,تبوك,القطاع العام,خدمة إلكترونية جزئيا,2026/01/21,"34,687,018"
 تبوك,تبوك,القطاع العام,خدمة إلكترونية جزئيا,2026/01/21,"34,683,935"
 تبوك,تبوك,القطاع العام,خدمة إلكترونية جزئيا,2026/01/21,"34,684,097"
 تبوك,تبوك,القطاع العام,خدمة إلكترونية جزئيا,2026/01/21,"34,683,218"
 تبوك,تبوك,القطاع العام,خدمة إلكترونية جزئيا,2026/01/21,"34,684,342"
 تبوك,تبوك,القطاع العام,خدمة إلكترونية جزئيا,2026/01/21,"34,693,985"
 تبوك,تبوك,القطاع العام,خدمة إلكترونية جزئيا,2026/01/21,"34,684,860"
 تبوك,تبوك,القطاع العام,خدمة إلكترونية جزئيا,2026/01/21,"34,689,454"
 الرياض,الرياض,القطاع العام,خدمة إلكترونية جزئيا,2026/01/21,"34,686,977"
 الرياض,الرياض,القطاع العام,خدمة إلكترونية جزئيا,2026/01/21,"34,689,598"
 الرياض,الرياض,القطاع العام,خدمة إلكترونية جزئيا,2026/01/21,"34,680,489"
 الرياض,الرياض,القطاع العام,خدمة إلكترونية جزئيا,2026/01/21,"34,696,882"
 الرياض,الرياض,القطاع العام,خدمة إلكترونية جزئيا,2026/01/21,"34,704,007"
 الرياض,الرياض,القطاع العام,خدمة إلكترونية جزئيا,2026/01/21,"34,696,496"
 الرياض,الرياض,القطاع العام,خدمة إلكترونية جزئيا,2026/01/21,"34,697,074"
 الرياض,الرياض,القطاع العام,خدمة إلكترونية جزئيا,2026/01/21,"34,699,209"
 الرياض,الرياض,القطاع العام,خدمة إلكترونية جزئيا,2026/01/21,"34,680,690"
 الرياض,الرياض,القطاع العام,خدمة إلكترونية جزئيا,2026/01/21,"34,678,226"
 الرياض,الرياض,القطاع العام,خدمة إلكترونية جزئيا,2026/01/21,"34,702,829"
 الرياض,الرياض,القطاع العام,خدمة إلكترونية جزئيا,2026/01/21,"34,700,875"
 الرياض,الرياض,القطاع العام,خدمة إلكترونية جزئيا,2026/01/21,"34,696,175"
 الرياض,الرياض,القطاع العام,خدمة إلكترونية جزئيا,2026/01/21,"34,705,275"
 المدينة المنوره,العلا,القطاع العام,خدمة إلكترونية جزئيا,2026/01/21,"34,683,535"
 تبوك,تبوك,القطاع العام,خدمة إلكترونية جزئيا,2026/01/21,"34,687,111"
 تبوك,تبوك,القطاع العام,خدمة إلكترونية جزئيا,2026/01/21,"34,685,346"
 تبوك,تبوك,القطاع العام,خدمة إلكترونية جزئيا,2026/01/21,"34,685,038"
 الرياض,الرياض,القطاع العام,خدمة إلكترونية جزئيا,2026/01/21,"34,699,946"
 الرياض,الرياض,القطاع العام,خدمة إلكترونية جزئيا,2026/01/21,"34,691,862"
 الرياض,الرياض,القطاع العام,خدمة إلكترونية جزئيا,2026/01/21,"34,691,474"
 الرياض,الرياض,القطاع العام,خدمة إلكترونية جزئيا,2026/01/21,"34,690,744"
 الرياض,الرياض,القطاع العام,خدمة إلكترونية جزئيا,2026/01/21,"34,690,233"
 الرياض,الرياض,القطاع العام,خدمة إلكترونية جزئيا,2026/01/21,"34,689,128"
 الرياض,الرياض,القطاع العام,خدمة إلكترونية جزئيا,2026/01/21,"34,694,799"
 الرياض,الرياض,القطاع العام,خدمة إلكترونية جزئيا,2026/01/21,"34,703,589"
 المدينة المنوره,العلا,القطاع العام,خدمة إلكترونية جزئيا,2026/01/21,"34,684,537"
 الرياض,الرياض,القطاع العام,خدمة إلكترونية جزئيا,2026/01/21,"34,697,382"
 الرياض,الرياض,القطاع العام,خدمة إلكترونية جزئيا,2026/01/21,"34,702,847"
 المدينة المنوره,العلا,القطاع العام,خدمة إلكترونية جزئيا,2026/01/21,"34,683,879"
 الرياض,الرياض,القطاع العام,خدمة إلكترونية جزئيا,2026/01/21,"34,698,735"
 الرياض,الرياض,القطاع العام,خدمة إلكترونية جزئيا,2026/01/21,"34,702,285"
 الرياض,الرياض,القطاع العام,خدمة إلكترونية جزئيا,2026/01/21,"34,703,476"
 الرياض,الرياض,القطاع العام,خدمة إلكترونية جزئيا,2026/01/21,"34,696,431"
 الرياض,الرياض,القطاع العام,خدمة إلكترونية جزئيا,2026/01/21,"34,695,855"
 الرياض,الرياض,القطاع العام,خدمة إلكترونية جزئيا,2026/01/21,"34,695,514"
 الرياض,الرياض,القطاع العام,خدمة إلكترونية جزئيا,2026/01/21,"34,705,614"
 المدينة المنوره,العلا,القطاع العام,خدمة إلكترونية جزئيا,2026/01/21,"34,686,262"
 الرياض,الرياض,القطاع العام,خدمة إلكترونية جزئيا,2026/01/21,"34,685,266"
 الرياض,الرياض,القطاع العام,خدمة إلكترونية جزئيا,2026/01/21,"34,683,958"
 الرياض,الرياض,القطاع العام,خدمة إلكترونية جزئيا,2026/01/21,"34,682,749"
 الرياض,الرياض,القطاع العام,خدمة إلكترونية جزئيا,2026/01/21,"34,684,567"
 الرياض,الرياض,القطاع العام,خدمة إلكترونية جزئيا,2026/01/21,"34,689,446"
 الرياض,الرياض,القطاع العام,خدمة إلكترونية جزئيا,2026/01/21,"34,694,505"
 الرياض,الرياض,القطاع العام,خدمة إلكترونية جزئيا,2026/01/21,"34,691,012"
 الرياض,الرياض,القطاع العام,خدمة إلكترونية جزئيا,2026/01/21,"34,690,284"
 الرياض,الرياض,القطاع العام,خدمة إلكترونية جزئيا,2026/01/21,"34,681,737"
 الرياض,الرياض,القطاع العام,خدمة إلكترونية جزئيا,2026/01/21,"34,681,900"
 الرياض,الرياض,القطاع العام,خدمة إلكترونية جزئيا,2026/01/21,"34,683,956"
 الرياض,الرياض,القطاع العام,خدمة إلكترونية جزئيا,2026/01/21,"34,682,904"
 الرياض,الرياض,القطاع العام,خدمة إلكترونية جزئيا,2026/01/21,"34,680,866"
 الرياض,الرياض,القطاع العام,خدمة إلكترونية جزئيا,2026/01/21,"34,681,086"
 الرياض,الرياض,القطاع العام,خدمة إلكترونية جزئيا,2026/01/21,"34,695,702"
 الرياض,الرياض,القطاع العام,خدمة إلكترونية جزئيا,2026/01/21,"34,693,150"
 الرياض,الرياض,القطاع العام,خدمة إلكترونية جزئيا,2026/01/21,"34,680,670"
 الرياض,الرياض,القطاع العام,خدمة إلكترونية جزئيا,2026/01/21,"34,693,268"
 الرياض,الرياض,القطاع العام,خدمة إلكترونية جزئيا,2026/01/21,"34,693,653"
 الرياض,الرياض,القطاع العام,خدمة إلكترونية جزئيا,2026/01/21,"34,692,679"
 الرياض,الرياض,القطاع العام,خدمة إلكترونية جزئيا,2026/01/21,"34,692,497"
 الرياض,الرياض,القطاع العام,خدمة إلكترونية جزئيا,2026/01/21,"34,693,680"
 الرياض,الرياض,القطاع العام,خدمة إلكترونية جزئيا,2026/01/21,"34,693,401"
 المدينة المنوره,العلا,القطاع العام,خدمة إلكترونية جزئيا,2026/01/21,"34,681,245"
 الرياض,الرياض,القطاع العام,خدمة إلكترونية جزئيا,2026/01/21,"34,690,133"
 تبوك,تبوك,القطاع العام,خدمة إلكترونية جزئيا,2026/01/21,"34,685,900"
 تبوك,تبوك,القطاع العام,خدمة إلكترونية جزئيا,2026/01/22,"34,708,211"
 تبوك,تبوك,القطاع العام,خدمة إلكترونية جزئيا,2026/01/22,"34,707,773"
 المدينة المنوره,العلا,القطاع العام,خدمة إلكترونية جزئيا,2026/01/22,"34,706,992"
 تبوك,تبوك,القطاع العام,خدمة إلكترونية جزئيا,2026/01/22,"34,707,176"
 تبوك,تبوك,القطاع العام,خدمة إلكترونية جزئيا,2026/01/22,"34,707,495"
 تبوك,تبوك,القطاع العام,خدمة إلكترونية جزئيا,2026/01/22,"34,707,160"
 المدينة المنوره,العلا,القطاع العام,خدمة إلكترونية جزئيا,2026/01/22,"34,707,061"
 الحدود الشمالية,عرعر,القطاع العام,خدمة إلكترونية جزئيا,2026/01/22,"34,714,974"
 تبوك,تبوك,القطاع العام,خدمة إلكترونية جزئيا,2026/01/22,"34,708,240"
 تبوك,تبوك,القطاع العام,خدمة إلكترونية جزئيا,2026/01/22,"34,707,805"
 تبوك,تبوك,القطاع العام,خدمة إلكترونية جزئيا,2026/01/22,"34,707,026"
 تبوك,تبوك,القطاع العام,خدمة إلكترونية جزئيا,2026/01/22,"34,707,315"
 المدينة المنوره,العلا,القطاع العام,خدمة إلكترونية جزئيا,2026/01/22,"34,707,819"
 الرياض,الرياض,القطاع العام,خدمة إلكترونية جزئيا,2026/01/22,"34,707,105"
 الرياض,الرياض,القطاع العام,خدمة إلكترونية جزئيا,2026/01/22,"34,715,023"
 الرياض,الرياض,القطاع العام,خدمة إلكترونية جزئيا,2026/01/22,"34,708,855"
 الرياض,الرياض,القطاع العام,خدمة إلكترونية جزئيا,2026/01/22,"34,712,676"
 الرياض,الرياض,القطاع العام,خدمة إلكترونية جزئيا,2026/01/22,"34,720,655"
 الرياض,الرياض,القطاع العام,خدمة إلكترونية جزئيا,2026/01/22,"34,709,721"
 الرياض,الرياض,القطاع العام,خدمة إلكترونية جزئيا,2026/01/22,"34,724,130"
 الرياض,الرياض,القطاع العام,خدمة إلكترونية جزئيا,2026/01/22,"34,725,270"
 الرياض,الرياض,القطاع العام,خدمة إلكترونية جزئيا,2026/01/22,"34,723,682"
 الرياض,الرياض,القطاع العام,خدمة إلكترونية جزئيا,2026/01/22,"34,720,876"
 الرياض,الرياض,القطاع العام,خدمة إلكترونية جزئيا,2026/01/22,"34,706,716"
 الرياض,الرياض,القطاع العام,خدمة إلكترونية جزئيا,2026/01/22,"34,707,074"
 تبوك,تبوك,القطاع العام,خدمة إلكترونية جزئيا,2026/01/22,"34,707,681"
 الرياض,الرياض,القطاع العام,خدمة إلكترونية جزئيا,2026/01/22,"34,707,319"
 الرياض,الرياض,القطاع العام,خدمة إلكترونية جزئيا,2026/01/22,"34,706,909"
 الرياض,الرياض,القطاع العام,خدمة إلكترونية جزئيا,2026/01/22,"34,706,915"
 الرياض,الرياض,القطاع العام,خدمة إلكترونية جزئيا,2026/01/22,"34,706,946"
 الرياض,الرياض,القطاع العام,خدمة إلكترونية جزئيا,2026/01/22,"34,707,194"
 الرياض,الرياض,القطاع العام,خدمة إلكترونية جزئيا,2026/01/22,"34,707,155"
 الرياض,الرياض,القطاع العام,خدمة إلكترونية جزئيا,2026/01/22,"34,707,000"
 الرياض,الرياض,القطاع العام,خدمة إلكترونية جزئيا,2026/01/22,"34,707,142"
 الرياض,الرياض,القطاع العام,خدمة إلكترونية جزئيا,2026/01/22,"34,710,927"
 الرياض,الرياض,القطاع العام,خدمة إلكترونية جزئيا,2026/01/22,"34,722,572"
 تبوك,تبوك,القطاع العام,خدمة إلكترونية جزئيا,2026/01/22,"34,708,255"
 الرياض,الرياض,القطاع العام,خدمة إلكترونية جزئيا,2026/01/22,"34,706,974"
 الرياض,الرياض,القطاع العام,خدمة إلكترونية جزئيا,2026/01/22,"34,716,165"
 الرياض,الرياض,القطاع العام,خدمة إلكترونية جزئيا,2026/01/22,"34,714,859"
 تبوك,تبوك,القطاع العام,خدمة إلكترونية جزئيا,2026/01/22,"34,707,534"
 تبوك,تبوك,القطاع العام,خدمة إلكترونية جزئيا,2026/01/22,"34,708,344"
 الرياض,الرياض,القطاع العام,خدمة إلكترونية جزئيا,2026/01/22,"34,709,919"
 الرياض,الرياض,القطاع العام,خدمة إلكترونية جزئيا,2026/01/22,"34,711,691"
 الرياض,الرياض,القطاع العام,خدمة إلكترونية جزئيا,2026/01/22,"34,711,307"
 المدينة المنوره,العلا,القطاع العام,خدمة إلكترونية جزئيا,2026/01/22,"34,706,841"
 المدينة المنوره,العلا,القطاع العام,خدمة إلكترونية جزئيا,2026/01/22,"34,707,359"
 المدينة المنوره,العلا,القطاع العام,خدمة إلكترونية جزئيا,2026/01/22,"34,706,905"
 الرياض,الرياض,القطاع العام,خدمة إلكترونية جزئيا,2026/01/22,"34,707,063"
 الرياض,الرياض,القطاع العام,خدمة إلكترونية جزئيا,2026/01/22,"34,706,957"
 الرياض,الرياض,القطاع العام,خدمة إلكترونية جزئيا,2026/01/22,"34,707,118"
 الرياض,الرياض,القطاع العام,خدمة إلكترونية جزئيا,2026/01/22,"34,707,186"
 الرياض,الرياض,القطاع العام,خدمة إلكترونية جزئيا,2026/01/22,"34,707,459"
 الرياض,الرياض,القطاع العام,خدمة إلكترونية جزئيا,2026/01/22,"34,707,031"
 الرياض,الرياض,القطاع العام,خدمة إلكترونية جزئيا,2026/01/22,"34,707,114"
 الرياض,الرياض,القطاع العام,خدمة إلكترونية جزئيا,2026/01/22,"34,706,987"
 الرياض,الرياض,القطاع العام,خدمة إلكترونية جزئيا,2026/01/22,"34,712,644"
 الرياض,الرياض,القطاع العام,خدمة إلكترونية جزئيا,2026/01/22,"34,713,515"
 الرياض,الرياض,القطاع العام,خدمة إلكترونية جزئيا,2026/01/22,"34,706,745"
 الرياض,الرياض,القطاع العام,خدمة إلكترونية جزئيا,2026/01/22,"34,712,145"
 الرياض,الرياض,القطاع العام,خدمة إلكترونية جزئيا,2026/01/22,"34,717,313"
 الرياض,الرياض,القطاع العام,خدمة إلكترونية جزئيا,2026/01/22,"34,717,631"
 الرياض,الرياض,القطاع العام,خدمة إلكترونية جزئيا,2026/01/22,"34,716,539"
 الرياض,الرياض,القطاع العام,خدمة إلكترونية جزئيا,2026/01/22,"34,711,403"
 الرياض,الرياض,القطاع العام,خدمة إلكترونية جزئيا,2026/01/22,"34,709,545"
 الرياض,الرياض,القطاع العام,خدمة إلكترونية جزئيا,2026/01/22,"34,713,122"
 الرياض,الرياض,القطاع العام,خدمة إلكترونية جزئيا,2026/01/22,"34,708,765"
 الرياض,الرياض,القطاع العام,خدمة إلكترونية جزئيا,2026/01/22,"34,718,015"
 الرياض,الرياض,القطاع العام,خدمة إلكترونية جزئيا,2026/01/22,"34,711,115"
 الرياض,الرياض,القطاع العام,خدمة إلكترونية جزئيا,2026/01/22,"34,717,324"
 الرياض,الرياض,القطاع العام,خدمة إلكترونية جزئيا,2026/01/22,"34,707,869"
 الرياض,الرياض,القطاع العام,خدمة إلكترونية جزئيا,2026/01/22,"34,710,670"
 الرياض,الرياض,القطاع العام,خدمة إلكترونية جزئيا,2026/01/22,"34,706,824"
 الرياض,الرياض,القطاع العام,خدمة إلكترونية جزئيا,2026/01/22,"34,706,774"
 الرياض,الرياض,القطاع العام,خدمة إلكترونية جزئيا,2026/01/22,"34,706,786"
 الرياض,الرياض,القطاع العام,خدمة إلكترونية جزئيا,2026/01/22,"34,714,253"
 الرياض,الرياض,القطاع العام,خدمة إلكترونية جزئيا,2026/01/22,"34,714,994"
 الرياض,الرياض,القطاع العام,خدمة إلكترونية جزئيا,2026/01/22,"34,714,988"
 الرياض,الرياض,القطاع العام,خدمة إلكترونية جزئيا,2026/01/22,"34,707,149"
 الرياض,الرياض,القطاع العام,خدمة إلكترونية جزئيا,2026/01/22,"34,711,240"
 الرياض,الرياض,القطاع العام,خدمة إلكترونية جزئيا,2026/01/22,"34,708,068"
 الرياض,الرياض,القطاع العام,خدمة إلكترونية جزئيا,2026/01/22,"34,710,367"
 الرياض,الرياض,القطاع العام,خدمة إلكترونية جزئيا,2026/01/22,"34,707,546"
 الرياض,الرياض,القطاع العام,خدمة إلكترونية جزئيا,2026/01/22,"34,715,028"
 تبوك,تبوك,القطاع العام,خدمة إلكترونية جزئيا,2026/01/22,"34,706,833"
 تبوك,تبوك,القطاع العام,خدمة إلكترونية جزئيا,2026/01/22,"34,707,106"
 تبوك,تبوك,القطاع العام,خدمة إلكترونية جزئيا,2026/01/22,"34,708,195"
 تبوك,تبوك,القطاع العام,خدمة إلكترونية جزئيا,2026/01/22,"34,708,851"
 الرياض,الرياض,القطاع العام,خدمة إلكترونية جزئيا,2026/01/22,"34,724,911"
 المدينة المنوره,العلا,القطاع العام,خدمة إلكترونية جزئيا,2026/01/22,"34,707,597"
 الرياض,الرياض,القطاع العام,خدمة إلكترونية جزئيا,2026/01/23,"34,726,760"
 الرياض,الرياض,القطاع العام,خدمة إلكترونية جزئيا,2026/01/23,"34,726,774"
 الرياض,الرياض,القطاع العام,خدمة إلكترونية جزئيا,2026/01/23,"34,726,771"
 الرياض,الرياض,القطاع العام,خدمة إلكترونية جزئيا,2026/01/23,"34,727,081"
 الرياض,الرياض,القطاع العام,خدمة إلكترونية جزئيا,2026/01/23,"34,726,735"
 الرياض,الرياض,القطاع العام,خدمة إلكترونية جزئيا,2026/01/23,"34,726,784"
 الرياض,الرياض,القطاع العام,خدمة إلكترونية جزئيا,2026/01/23,"34,726,924"
 الرياض,الرياض,القطاع العام,خدمة إلكترونية جزئيا,2026/01/23,"34,726,885"
 الرياض,الرياض,القطاع العام,خدمة إلكترونية جزئيا,2026/01/23,"34,726,945"
 الرياض,الرياض,القطاع العام,خدمة إلكترونية جزئيا,2026/01/23,"34,726,335"
 الرياض,الرياض,القطاع العام,خدمة إلكترونية جزئيا,2026/01/23,"34,726,742"
 الرياض,الرياض,القطاع العام,خدمة إلكترونية جزئيا,2026/01/23,"34,726,744"
 الرياض,الرياض,القطاع العام,خدمة إلكترونية جزئيا,2026/01/23,"34,726,743"
 الرياض,الرياض,القطاع العام,خدمة إلكترونية جزئيا,2026/01/23,"34,726,734"
 الرياض,الرياض,القطاع العام,خدمة إلكترونية جزئيا,2026/01/23,"34,726,751"
 الرياض,الرياض,القطاع العام,خدمة إلكترونية جزئيا,2026/01/24,"34,732,377"
 الرياض,الرياض,القطاع العام,خدمة إلكترونية جزئيا,2026/01/24,"34,732,477"
 الرياض,الرياض,القطاع العام,خدمة إلكترونية جزئيا,2026/01/24,"34,732,911"
 الرياض,الرياض,القطاع العام,خدمة إلكترونية جزئيا,2026/01/24,"34,733,806"
 الرياض,الرياض,القطاع العام,خدمة إلكترونية جزئيا,2026/01/24,"34,732,004"
 الرياض,الرياض,القطاع العام,خدمة إلكترونية جزئيا,2026/01/24,"34,733,054"
 الرياض,الرياض,القطاع العام,خدمة إلكترونية جزئيا,2026/01/24,"34,731,963"
 الرياض,الرياض,القطاع العام,خدمة إلكترونية جزئيا,2026/01/24,"34,732,145"
 الرياض,الرياض,القطاع العام,خدمة إلكترونية جزئيا,2026/01/24,"34,732,407"
 الرياض,الرياض,القطاع العام,خدمة إلكترونية جزئيا,2026/01/24,"34,732,418"
 الرياض,الرياض,القطاع العام,خدمة إلكترونية جزئيا,2026/01/24,"34,732,175"
 تبوك,تبوك,القطاع العام,خدمة إلكترونية جزئيا,2026/01/25,"34,743,240"
 المدينة المنوره,العلا,القطاع العام,خدمة إلكترونية جزئيا,2026/01/25,"34,743,051"
 الرياض,الرياض,القطاع العام,خدمة إلكترونية جزئيا,2026/01/25,"34,739,760"
 الرياض,الرياض,القطاع العام,خدمة إلكترونية جزئيا,2026/01/25,"34,738,339"
 تبوك,تبوك,القطاع العام,خدمة إلكترونية جزئيا,2026/01/25,"34,744,929"
 تبوك,تبوك,القطاع العام,خدمة إلكترونية جزئيا,2026/01/25,"34,748,238"
 تبوك,تبوك,القطاع العام,خدمة إلكترونية جزئيا,2026/01/25,"34,744,473"
 تبوك,تبوك,القطاع العام,خدمة إلكترونية جزئيا,2026/01/25,"34,737,789"
 تبوك,تبوك,القطاع العام,خدمة إلكترونية جزئيا,2026/01/25,"34,748,040"
 تبوك,تبوك,القطاع العام,خدمة إلكترونية جزئيا,2026/01/25,"34,742,747"
 تبوك,تبوك,القطاع العام,خدمة إلكترونية جزئيا,2026/01/25,"34,738,180"
 تبوك,تبوك,القطاع العام,خدمة إلكترونية جزئيا,2026/01/25,"34,745,215"
 الرياض,الرياض,القطاع العام,خدمة إلكترونية جزئيا,2026/01/25,"34,751,403"
 الرياض,الرياض,القطاع العام,خدمة إلكترونية جزئيا,2026/01/25,"34,753,015"
 الرياض,الرياض,القطاع العام,خدمة إلكترونية جزئيا,2026/01/25,"34,752,334"
 الرياض,الرياض,القطاع العام,خدمة إلكترونية جزئيا,2026/01/25,"34,746,903"
 تبوك,تبوك,القطاع العام,خدمة إلكترونية جزئيا,2026/01/25,"34,743,753"
 المدينة المنوره,العلا,القطاع العام,خدمة إلكترونية جزئيا,2026/01/25,"34,743,766"
 المدينة المنوره,العلا,القطاع العام,خدمة إلكترونية جزئيا,2026/01/25,"34,739,613"
 المدينة المنوره,العلا,القطاع العام,خدمة إلكترونية جزئيا,2026/01/25,"34,742,704"
 المدينة المنوره,العلا,القطاع العام,خدمة إلكترونية جزئيا,2026/01/25,"34,744,020"
 تبوك,تبوك,القطاع العام,خدمة إلكترونية جزئيا,2026/01/25,"34,745,592"
 تبوك,تبوك,القطاع العام,خدمة إلكترونية جزئيا,2026/01/25,"34,744,056"
 الرياض,الرياض,القطاع العام,خدمة إلكترونية جزئيا,2026/01/25,"34,755,589"
 الرياض,الرياض,القطاع العام,خدمة إلكترونية جزئيا,2026/01/25,"34,755,183"
 الرياض,الرياض,القطاع العام,خدمة إلكترونية جزئيا,2026/01/25,"34,738,286"
 الرياض,الرياض,القطاع العام,خدمة إلكترونية جزئيا,2026/01/25,"34,739,700"
 الرياض,الرياض,القطاع العام,خدمة إلكترونية جزئيا,2026/01/25,"34,743,130"
 الرياض,الرياض,القطاع العام,خدمة إلكترونية جزئيا,2026/01/25,"34,739,647"
 الرياض,الرياض,القطاع العام,خدمة إلكترونية جزئيا,2026/01/25,"34,748,667"
 الرياض,الرياض,القطاع العام,خدمة إلكترونية جزئيا,2026/01/25,"34,745,164"
 الرياض,الرياض,القطاع العام,خدمة إلكترونية جزئيا,2026/01/25,"34,748,129"
 الرياض,الرياض,القطاع العام,خدمة إلكترونية جزئيا,2026/01/25,"34,745,186"
 الرياض,الرياض,القطاع العام,خدمة إلكترونية جزئيا,2026/01/25,"34,744,528"
 الرياض,الرياض,القطاع العام,خدمة إلكترونية جزئيا,2026/01/25,"34,745,618"
 الرياض,الرياض,القطاع العام,خدمة إلكترونية جزئيا,2026/01/25,"34,743,503"
 الرياض,الرياض,القطاع العام,خدمة إلكترونية جزئيا,2026/01/25,"34,744,673"
 الرياض,الرياض,القطاع العام,خدمة إلكترونية جزئيا,2026/01/25,"34,737,404"
 الرياض,الرياض,القطاع العام,خدمة إلكترونية جزئيا,2026/01/25,"34,745,412"
 الرياض,الرياض,القطاع العام,خدمة إلكترونية جزئيا,2026/01/25,"34,743,382"
 الرياض,الرياض,القطاع العام,خدمة إلكترونية جزئيا,2026/01/25,"34,738,110"
 الرياض,الرياض,القطاع العام,خدمة إلكترونية جزئيا,2026/01/25,"34,737,520"
 الرياض,الرياض,القطاع العام,خدمة إلكترونية جزئيا,2026/01/25,"34,746,495"
 الرياض,الرياض,القطاع العام,خدمة إلكترونية جزئيا,2026/01/25,"34,747,717"
 الرياض,الرياض,القطاع العام,خدمة إلكترونية جزئيا,2026/01/25,"34,747,385"
 الرياض,الرياض,القطاع العام,خدمة إلكترونية جزئيا,2026/01/25,"34,746,934"
 الرياض,الرياض,القطاع العام,خدمة إلكترونية جزئيا,2026/01/25,"34,747,090"
 الرياض,الرياض,القطاع العام,خدمة إلكترونية جزئيا,2026/01/25,"34,747,764"
 الرياض,الرياض,القطاع العام,خدمة إلكترونية جزئيا,2026/01/25,"34,747,664"
 الرياض,الرياض,القطاع العام,خدمة إلكترونية جزئيا,2026/01/25,"34,738,362"
 تبوك,تبوك,القطاع العام,خدمة إلكترونية جزئيا,2026/01/25,"34,742,965"
 المدينة المنوره,العلا,القطاع العام,خدمة إلكترونية جزئيا,2026/01/26,"34,760,761"
 الرياض,الرياض,القطاع العام,خدمة إلكترونية جزئيا,2026/01/26,"34,779,364"
 الرياض,الرياض,القطاع العام,خدمة إلكترونية جزئيا,2026/01/26,"34,761,034"
 الرياض,الرياض,القطاع العام,خدمة إلكترونية جزئيا,2026/01/26,"34,769,307"
 الرياض,الرياض,القطاع العام,خدمة إلكترونية جزئيا,2026/01/26,"34,768,116"
 الرياض,الرياض,القطاع العام,خدمة إلكترونية جزئيا,2026/01/26,"34,769,653"
 الرياض,الرياض,القطاع العام,خدمة إلكترونية جزئيا,2026/01/26,"34,767,779"
 الرياض,الرياض,القطاع العام,خدمة إلكترونية جزئيا,2026/01/26,"34,767,279"
 الرياض,الرياض,القطاع العام,خدمة إلكترونية جزئيا,2026/01/26,"34,760,423"
 الرياض,الرياض,القطاع العام,خدمة إلكترونية جزئيا,2026/01/26,"34,767,045"
 تبوك,تبوك,القطاع العام,خدمة إلكترونية جزئيا,2026/01/26,"34,762,372"
 تبوك,تبوك,القطاع العام,خدمة إلكترونية جزئيا,2026/01/26,"34,762,616"
 جازان,جيزان,القطاع العام,خدمة إلكترونية جزئيا,2026/01/26,"34,763,801"
 الرياض,الرياض,القطاع العام,خدمة إلكترونية جزئيا,2026/01/26,"34,772,816"
 الرياض,الرياض,القطاع العام,خدمة إلكترونية جزئيا,2026/01/26,"34,758,057"
 الرياض,الرياض,القطاع العام,خدمة إلكترونية جزئيا,2026/01/26,"34,757,876"
 الرياض,الرياض,القطاع العام,خدمة إلكترونية جزئيا,2026/01/26,"34,777,820"
 الرياض,الرياض,القطاع العام,خدمة إلكترونية جزئيا,2026/01/26,"34,777,344"
 الرياض,الرياض,القطاع العام,خدمة إلكترونية جزئيا,2026/01/26,"34,764,827"
الخدمات الرقمية,عام,القطاع العام,خدمة إلكترونية جزئيا,2026/01/26,"34,758,359"
الخدمات الرقمية,عام,القطاع العام,خدمة إلكترونية جزئيا,2026/01/26,"34,758,414"
الخدمات الرقمية,عام,القطاع العام,خدمة إلكترونية جزئيا,2026/01/26,"34,758,443"
الخدمات الرقمية,عام,القطاع العام,خدمة إلكترونية جزئيا,2026/01/26,"34,758,477"
الخدمات الرقمية,عام,القطاع العام,خدمة إلكترونية جزئيا,2026/01/26,"34,758,607"
الخدمات الرقمية,عام,القطاع العام,خدمة إلكترونية جزئيا,2026/01/26,"34,758,376"
الخدمات الرقمية,عام,القطاع العام,خدمة إلكترونية جزئيا,2026/01/26,"34,758,402"
الخدمات الرقمية,عام,القطاع العام,خدمة إلكترونية جزئيا,2026/01/26,"34,758,403"
الخدمات الرقمية,عام,القطاع العام,خدمة إلكترونية جزئيا,2026/01/26,"34,758,450"
الخدمات الرقمية,عام,القطاع العام,خدمة إلكترونية جزئيا,2026/01/26,"34,758,505"
الخدمات الرقمية,عام,القطاع العام,خدمة إلكترونية جزئيا,2026/01/26,"34,758,534"
الخدمات الرقمية,عام,القطاع العام,خدمة إلكترونية جزئيا,2026/01/26,"34,758,551"
الخدمات الرقمية,عام,القطاع العام,خدمة إلكترونية جزئيا,2026/01/26,"34,758,692"
الخدمات الرقمية,عام,القطاع العام,خدمة إلكترونية جزئيا,2026/01/26,"34,758,709"
الخدمات الرقمية,عام,القطاع العام,خدمة إلكترونية جزئيا,2026/01/26,"34,758,713"
الخدمات الرقمية,عام,القطاع العام,خدمة إلكترونية جزئيا,2026/01/26,"34,758,751"
الخدمات الرقمية,عام,القطاع العام,خدمة إلكترونية جزئيا,2026/01/26,"34,758,795"
الخدمات الرقمية,عام,القطاع العام,خدمة إلكترونية جزئيا,2026/01/26,"34,758,825"
الخدمات الرقمية,عام,القطاع العام,خدمة إلكترونية جزئيا,2026/01/26,"34,758,838"
الخدمات الرقمية,عام,القطاع العام,خدمة إلكترونية جزئيا,2026/01/26,"34,758,469"
الخدمات الرقمية,عام,القطاع العام,خدمة إلكترونية جزئيا,2026/01/26,"34,758,554"
الخدمات الرقمية,عام,القطاع العام,خدمة إلكترونية جزئيا,2026/01/26,"34,758,563"
الخدمات الرقمية,عام,القطاع العام,خدمة إلكترونية جزئيا,2026/01/26,"34,758,765"
الخدمات الرقمية,عام,القطاع العام,خدمة إلكترونية جزئيا,2026/01/26,"34,758,799"
الخدمات الرقمية,عام,القطاع العام,خدمة إلكترونية جزئيا,2026/01/26,"34,758,820"
الخدمات الرقمية,عام,القطاع العام,خدمة إلكترونية جزئيا,2026/01/26,"34,758,823"
الخدمات الرقمية,عام,القطاع العام,خدمة إلكترونية جزئيا,2026/01/26,"34,758,852"
الخدمات الرقمية,عام,القطاع العام,خدمة إلكترونية جزئيا,2026/01/26,"34,758,867"
الخدمات الرقمية,عام,القطاع العام,خدمة إلكترونية جزئيا,2026/01/26,"34,758,890"
الخدمات الرقمية,عام,القطاع العام,خدمة إلكترونية جزئيا,2026/01/26,"34,759,003"
الخدمات الرقمية,عام,القطاع العام,خدمة إلكترونية جزئيا,2026/01/26,"34,759,004"
الخدمات الرقمية,عام,القطاع العام,خدمة إلكترونية جزئيا,2026/01/26,"34,759,031"
الخدمات الرقمية,عام,القطاع العام,خدمة إلكترونية جزئيا,2026/01/26,"34,758,353"
الخدمات الرقمية,عام,القطاع العام,خدمة إلكترونية جزئيا,2026/01/26,"34,758,357"
الخدمات الرقمية,عام,القطاع العام,خدمة إلكترونية جزئيا,2026/01/26,"34,758,479"
الخدمات الرقمية,عام,القطاع العام,خدمة إلكترونية جزئيا,2026/01/26,"34,758,524"
الخدمات الرقمية,عام,القطاع العام,خدمة إلكترونية جزئيا,2026/01/26,"34,758,545"
الخدمات الرقمية,عام,القطاع العام,خدمة إلكترونية جزئيا,2026/01/26,"34,758,566"
الخدمات الرقمية,عام,القطاع العام,خدمة إلكترونية جزئيا,2026/01/26,"34,758,579"
الخدمات الرقمية,عام,القطاع العام,خدمة إلكترونية جزئيا,2026/01/26,"34,758,603"
الخدمات الرقمية,عام,القطاع العام,خدمة إلكترونية جزئيا,2026/01/26,"34,758,903"
الخدمات الرقمية,عام,القطاع العام,خدمة إلكترونية جزئيا,2026/01/26,"34,758,920"
الخدمات الرقمية,عام,القطاع العام,خدمة إلكترونية جزئيا,2026/01/26,"34,758,503"
الخدمات الرقمية,عام,القطاع العام,خدمة إلكترونية جزئيا,2026/01/26,"34,758,536"
الخدمات الرقمية,عام,القطاع العام,خدمة إلكترونية جزئيا,2026/01/26,"34,758,557"
الخدمات الرقمية,عام,القطاع العام,خدمة إلكترونية جزئيا,2026/01/26,"34,758,612"
الخدمات الرقمية,عام,القطاع العام,خدمة إلكترونية جزئيا,2026/01/26,"34,758,702"
الخدمات الرقمية,عام,القطاع العام,خدمة إلكترونية جزئيا,2026/01/26,"34,758,845"
الخدمات الرقمية,عام,القطاع العام,خدمة إلكترونية جزئيا,2026/01/26,"34,758,870"
الخدمات الرقمية,عام,القطاع العام,خدمة إلكترونية جزئيا,2026/01/26,"34,758,873"
الخدمات الرقمية,عام,القطاع العام,خدمة إلكترونية جزئيا,2026/01/26,"34,758,913"
الخدمات الرقمية,عام,القطاع العام,خدمة إلكترونية جزئيا,2026/01/26,"34,759,008"
الخدمات الرقمية,عام,القطاع العام,خدمة إلكترونية جزئيا,2026/01/26,"34,759,035"
الخدمات الرقمية,عام,القطاع العام,خدمة إلكترونية جزئيا,2026/01/26,"34,759,070"
الخدمات الرقمية,عام,القطاع العام,خدمة إلكترونية جزئيا,2026/01/26,"34,759,099"
الخدمات الرقمية,عام,القطاع العام,خدمة إلكترونية جزئيا,2026/01/26,"34,758,507"
الخدمات الرقمية,عام,القطاع العام,خدمة إلكترونية جزئيا,2026/01/26,"34,758,584"
الخدمات الرقمية,عام,القطاع العام,خدمة إلكترونية جزئيا,2026/01/26,"34,758,667"
الخدمات الرقمية,عام,القطاع العام,خدمة إلكترونية جزئيا,2026/01/26,"34,758,340"
الخدمات الرقمية,عام,القطاع العام,خدمة إلكترونية جزئيا,2026/01/26,"34,758,371"
الخدمات الرقمية,عام,القطاع العام,خدمة إلكترونية جزئيا,2026/01/26,"34,758,893"
الخدمات الرقمية,عام,القطاع العام,خدمة إلكترونية جزئيا,2026/01/26,"34,758,911"
الخدمات الرقمية,عام,القطاع العام,خدمة إلكترونية جزئيا,2026/01/26,"34,758,957"
الخدمات الرقمية,عام,القطاع العام,خدمة إلكترونية جزئيا,2026/01/26,"34,758,969"
الخدمات الرقمية,عام,القطاع العام,خدمة إلكترونية جزئيا,2026/01/26,"34,759,028"
الخدمات الرقمية,عام,القطاع العام,خدمة إلكترونية جزئيا,2026/01/26,"34,759,058"
الخدمات الرقمية,عام,القطاع العام,خدمة إلكترونية جزئيا,2026/01/26,"34,759,078"
الخدمات الرقمية,عام,القطاع العام,خدمة إلكترونية جزئيا,2026/01/26,"34,759,092"
الخدمات الرقمية,عام,القطاع العام,خدمة إلكترونية جزئيا,2026/01/26,"34,759,124"
الخدمات الرقمية,عام,القطاع العام,خدمة إلكترونية جزئيا,2026/01/26,"34,759,148"
الخدمات الرقمية,عام,القطاع العام,خدمة إلكترونية جزئيا,2026/01/26,"34,759,172"
الخدمات الرقمية,عام,القطاع العام,خدمة إلكترونية جزئيا,2026/01/26,"34,759,176"
الخدمات الرقمية,عام,القطاع العام,خدمة إلكترونية جزئيا,2026/01/26,"34,759,200"
الخدمات الرقمية,عام,القطاع العام,خدمة إلكترونية جزئيا,2026/01/26,"34,759,248"
الخدمات الرقمية,عام,القطاع العام,خدمة إلكترونية جزئيا,2026/01/26,"34,759,257"
الخدمات الرقمية,عام,القطاع العام,خدمة إلكترونية جزئيا,2026/01/26,"34,758,697"
الخدمات الرقمية,عام,القطاع العام,خدمة إلكترونية جزئيا,2026/01/26,"34,758,743"
الخدمات الرقمية,عام,القطاع العام,خدمة إلكترونية جزئيا,2026/01/26,"34,758,774"
الخدمات الرقمية,عام,القطاع العام,خدمة إلكترونية جزئيا,2026/01/26,"34,758,791"
الخدمات الرقمية,عام,القطاع العام,خدمة إلكترونية جزئيا,2026/01/26,"34,758,847"
الخدمات الرقمية,عام,القطاع العام,خدمة إلكترونية جزئيا,2026/01/26,"34,759,023"
الخدمات الرقمية,عام,القطاع العام,خدمة إلكترونية جزئيا,2026/01/26,"34,759,088"
الخدمات الرقمية,عام,القطاع العام,خدمة إلكترونية جزئيا,2026/01/26,"34,759,243"
الخدمات الرقمية,عام,القطاع العام,خدمة إلكترونية جزئيا,2026/01/26,"34,759,272"
الخدمات الرقمية,عام,القطاع العام,خدمة إلكترونية جزئيا,2026/01/26,"34,759,313"
الخدمات الرقمية,عام,القطاع العام,خدمة إلكترونية جزئيا,2026/01/26,"34,758,425"
الخدمات الرقمية,عام,القطاع العام,خدمة إلكترونية جزئيا,2026/01/26,"34,758,434"
الخدمات الرقمية,عام,القطاع العام,خدمة إلكترونية جزئيا,2026/01/26,"34,758,437"
الخدمات الرقمية,عام,القطاع العام,خدمة إلكترونية جزئيا,2026/01/26,"34,758,473"
الخدمات الرقمية,عام,القطاع العام,خدمة إلكترونية جزئيا,2026/01/26,"34,758,522"
الخدمات الرقمية,عام,القطاع العام,خدمة إلكترونية جزئيا,2026/01/26,"34,758,614"
الخدمات الرقمية,عام,القطاع العام,خدمة إلكترونية جزئيا,2026/01/26,"34,758,633"
الخدمات الرقمية,عام,القطاع العام,خدمة إلكترونية جزئيا,2026/01/26,"34,758,651"
الخدمات الرقمية,عام,القطاع العام,خدمة إلكترونية جزئيا,2026/01/26,"34,758,753"
الخدمات الرقمية,عام,القطاع العام,خدمة إلكترونية جزئيا,2026/01/26,"34,758,768"
الخدمات الرقمية,عام,القطاع العام,خدمة إلكترونية جزئيا,2026/01/26,"34,758,777"
الخدمات الرقمية,عام,القطاع العام,خدمة إلكترونية جزئيا,2026/01/26,"34,758,828"
الخدمات الرقمية,عام,القطاع العام,خدمة إلكترونية جزئيا,2026/01/26,"34,758,374"
الخدمات الرقمية,عام,القطاع العام,خدمة إلكترونية جزئيا,2026/01/26,"34,758,631"
الخدمات الرقمية,عام,القطاع العام,خدمة إلكترونية جزئيا,2026/01/26,"34,758,673"
الخدمات الرقمية,عام,القطاع العام,خدمة إلكترونية جزئيا,2026/01/26,"34,758,746"
الخدمات الرقمية,عام,القطاع العام,خدمة إلكترونية جزئيا,2026/01/26,"34,758,772"
الخدمات الرقمية,عام,القطاع العام,خدمة إلكترونية جزئيا,2026/01/26,"34,758,497"
الخدمات الرقمية,عام,القطاع العام,خدمة إلكترونية جزئيا,2026/01/26,"34,758,661"
الخدمات الرقمية,عام,القطاع العام,خدمة إلكترونية جزئيا,2026/01/26,"34,758,669"
الخدمات الرقمية,عام,القطاع العام,خدمة إلكترونية جزئيا,2026/01/26,"34,758,715"
الخدمات الرقمية,عام,القطاع العام,خدمة إلكترونية جزئيا,2026/01/26,"34,758,854"
الخدمات الرقمية,عام,القطاع العام,خدمة إلكترونية جزئيا,2026/01/26,"34,758,860"
الخدمات الرقمية,عام,القطاع العام,خدمة إلكترونية جزئيا,2026/01/26,"34,758,864"
الخدمات الرقمية,عام,القطاع العام,خدمة إلكترونية جزئيا,2026/01/26,"34,758,901"
الخدمات الرقمية,عام,القطاع العام,خدمة إلكترونية جزئيا,2026/01/26,"34,758,929"
الخدمات الرقمية,عام,القطاع العام,خدمة إلكترونية جزئيا,2026/01/26,"34,758,973"
الخدمات الرقمية,عام,القطاع العام,خدمة إلكترونية جزئيا,2026/01/26,"34,758,379"
الخدمات الرقمية,عام,القطاع العام,خدمة إلكترونية جزئيا,2026/01/26,"34,758,448"
الخدمات الرقمية,عام,القطاع العام,خدمة إلكترونية جزئيا,2026/01/26,"34,758,559"
الخدمات الرقمية,عام,القطاع العام,خدمة إلكترونية جزئيا,2026/01/26,"34,758,605"
الخدمات الرقمية,عام,القطاع العام,خدمة إلكترونية جزئيا,2026/01/26,"34,758,635"
الخدمات الرقمية,عام,القطاع العام,خدمة إلكترونية جزئيا,2026/01/26,"34,758,922"
الخدمات الرقمية,عام,القطاع العام,خدمة إلكترونية جزئيا,2026/01/26,"34,758,943"
الخدمات الرقمية,عام,القطاع العام,خدمة إلكترونية جزئيا,2026/01/26,"34,759,385"
الخدمات الرقمية,عام,القطاع العام,خدمة إلكترونية جزئيا,2026/01/26,"34,759,387"
الخدمات الرقمية,عام,القطاع العام,خدمة إلكترونية جزئيا,2026/01/26,"34,759,397"
الخدمات الرقمية,عام,القطاع العام,خدمة إلكترونية جزئيا,2026/01/26,"34,759,430"
الخدمات الرقمية,عام,القطاع العام,خدمة إلكترونية جزئيا,2026/01/26,"34,759,486"
الخدمات الرقمية,عام,القطاع العام,خدمة إلكترونية جزئيا,2026/01/26,"34,759,543"
الخدمات الرقمية,عام,القطاع العام,خدمة إلكترونية جزئيا,2026/01/26,"34,758,993"
الخدمات الرقمية,عام,القطاع العام,خدمة إلكترونية جزئيا,2026/01/26,"34,759,045"
الخدمات الرقمية,عام,القطاع العام,خدمة إلكترونية جزئيا,2026/01/26,"34,759,106"
الخدمات الرقمية,عام,القطاع العام,خدمة إلكترونية جزئيا,2026/01/26,"34,759,197"
الخدمات الرقمية,عام,القطاع العام,خدمة إلكترونية جزئيا,2026/01/26,"34,759,209"
الخدمات الرقمية,عام,القطاع العام,خدمة إلكترونية جزئيا,2026/01/26,"34,759,234"
الخدمات الرقمية,عام,القطاع العام,خدمة إلكترونية جزئيا,2026/01/26,"34,759,260"
الخدمات الرقمية,عام,القطاع العام,خدمة إلكترونية جزئيا,2026/01/26,"34,759,324"
الخدمات الرقمية,عام,القطاع العام,خدمة إلكترونية جزئيا,2026/01/26,"34,759,338"
الخدمات الرقمية,عام,القطاع العام,خدمة إلكترونية جزئيا,2026/01/26,"34,759,311"
الخدمات الرقمية,عام,القطاع العام,خدمة إلكترونية جزئيا,2026/01/26,"34,759,349"
الخدمات الرقمية,عام,القطاع العام,خدمة إلكترونية جزئيا,2026/01/26,"34,759,365"
الخدمات الرقمية,عام,القطاع العام,خدمة إلكترونية جزئيا,2026/01/26,"34,759,395"
الخدمات الرقمية,عام,القطاع العام,خدمة إلكترونية جزئيا,2026/01/26,"34,759,477"
الخدمات الرقمية,عام,القطاع العام,خدمة إلكترونية جزئيا,2026/01/26,"34,759,545"
الخدمات الرقمية,عام,القطاع العام,خدمة إلكترونية جزئيا,2026/01/26,"34,758,749"
الخدمات الرقمية,عام,القطاع العام,خدمة إلكترونية جزئيا,2026/01/26,"34,758,964"
الخدمات الرقمية,عام,القطاع العام,خدمة إلكترونية جزئيا,2026/01/26,"34,759,054"
الخدمات الرقمية,عام,القطاع العام,خدمة إلكترونية جزئيا,2026/01/26,"34,759,161"
الخدمات الرقمية,عام,القطاع العام,خدمة إلكترونية جزئيا,2026/01/26,"34,759,236"
الخدمات الرقمية,عام,القطاع العام,خدمة إلكترونية جزئيا,2026/01/26,"34,759,345"
الخدمات الرقمية,عام,القطاع العام,خدمة إلكترونية جزئيا,2026/01/26,"34,759,427"
الخدمات الرقمية,عام,القطاع العام,خدمة إلكترونية جزئيا,2026/01/26,"34,759,452"
الخدمات الرقمية,عام,القطاع العام,خدمة إلكترونية جزئيا,2026/01/26,"34,759,458"
الخدمات الرقمية,عام,القطاع العام,خدمة إلكترونية جزئيا,2026/01/26,"34,759,530"
الخدمات الرقمية,عام,القطاع العام,خدمة إلكترونية جزئيا,2026/01/26,"34,758,680"
الخدمات الرقمية,عام,القطاع العام,خدمة إلكترونية جزئيا,2026/01/26,"34,758,689"
الخدمات الرقمية,عام,القطاع العام,خدمة إلكترونية جزئيا,2026/01/26,"34,758,720"
الخدمات الرقمية,عام,القطاع العام,خدمة إلكترونية جزئيا,2026/01/26,"34,758,856"
الخدمات الرقمية,عام,القطاع العام,خدمة إلكترونية جزئيا,2026/01/26,"34,758,900"
الخدمات الرقمية,عام,القطاع العام,خدمة إلكترونية جزئيا,2026/01/26,"34,758,946"
الخدمات الرقمية,عام,القطاع العام,خدمة إلكترونية جزئيا,2026/01/26,"34,758,729"
الخدمات الرقمية,عام,القطاع العام,خدمة إلكترونية جزئيا,2026/01/26,"34,758,737"
الخدمات الرقمية,عام,القطاع العام,خدمة إلكترونية جزئيا,2026/01/26,"34,758,793"
الخدمات الرقمية,عام,القطاع العام,خدمة إلكترونية جزئيا,2026/01/26,"34,758,948"
الخدمات الرقمية,عام,القطاع العام,خدمة إلكترونية جزئيا,2026/01/26,"34,758,971"
الخدمات الرقمية,عام,القطاع العام,خدمة إلكترونية جزئيا,2026/01/26,"34,759,010"
الخدمات الرقمية,عام,القطاع العام,خدمة إلكترونية جزئيا,2026/01/26,"34,759,066"
الخدمات الرقمية,عام,القطاع العام,خدمة إلكترونية جزئيا,2026/01/26,"34,759,074"
الخدمات الرقمية,عام,القطاع العام,خدمة إلكترونية جزئيا,2026/01/26,"34,759,128"
الخدمات الرقمية,عام,القطاع العام,خدمة إلكترونية جزئيا,2026/01/26,"34,759,145"
الخدمات الرقمية,عام,القطاع العام,خدمة إلكترونية جزئيا,2026/01/26,"34,759,399"
الخدمات الرقمية,عام,القطاع العام,خدمة إلكترونية جزئيا,2026/01/26,"34,759,414"
الخدمات الرقمية,عام,القطاع العام,خدمة إلكترونية جزئيا,2026/01/26,"34,758,364"
الخدمات الرقمية,عام,القطاع العام,خدمة إلكترونية جزئيا,2026/01/26,"34,758,461"
الخدمات الرقمية,عام,القطاع العام,خدمة إلكترونية جزئيا,2026/01/26,"34,758,387"
الخدمات الرقمية,عام,القطاع العام,خدمة إلكترونية جزئيا,2026/01/26,"34,758,408"
الخدمات الرقمية,عام,القطاع العام,خدمة إلكترونية جزئيا,2026/01/26,"34,758,423"
الخدمات الرقمية,عام,القطاع العام,خدمة إلكترونية جزئيا,2026/01/26,"34,758,424"
الخدمات الرقمية,عام,القطاع العام,خدمة إلكترونية جزئيا,2026/01/26,"34,758,463"
الخدمات الرقمية,عام,القطاع العام,خدمة إلكترونية جزئيا,2026/01/26,"34,758,529"
الخدمات الرقمية,عام,القطاع العام,خدمة إلكترونية جزئيا,2026/01/26,"34,758,616"
الخدمات الرقمية,عام,القطاع العام,خدمة إلكترونية جزئيا,2026/01/26,"34,758,664"
الخدمات الرقمية,عام,القطاع العام,خدمة إلكترونية جزئيا,2026/01/26,"34,758,686"
الخدمات الرقمية,عام,القطاع العام,خدمة إلكترونية جزئيا,2026/01/26,"34,758,718"
الخدمات الرقمية,عام,القطاع العام,خدمة إلكترونية جزئيا,2026/01/26,"34,758,762"
الخدمات الرقمية,عام,القطاع العام,خدمة إلكترونية جزئيا,2026/01/26,"34,758,789"
الخدمات الرقمية,عام,القطاع العام,خدمة إلكترونية جزئيا,2026/01/26,"34,758,836"
الخدمات الرقمية,عام,القطاع العام,خدمة إلكترونية جزئيا,2026/01/26,"34,758,840"
الخدمات الرقمية,عام,القطاع العام,خدمة إلكترونية جزئيا,2026/01/26,"34,758,879"
الخدمات الرقمية,عام,القطاع العام,خدمة إلكترونية جزئيا,2026/01/26,"34,758,905"
الخدمات الرقمية,عام,القطاع العام,خدمة إلكترونية جزئيا,2026/01/26,"34,758,931"
الخدمات الرقمية,عام,القطاع العام,خدمة إلكترونية جزئيا,2026/01/26,"34,758,966"
الخدمات الرقمية,عام,القطاع العام,خدمة إلكترونية جزئيا,2026/01/26,"34,758,991"
الخدمات الرقمية,عام,القطاع العام,خدمة إلكترونية جزئيا,2026/01/26,"34,758,997"
الخدمات الرقمية,عام,القطاع العام,خدمة إلكترونية جزئيا,2026/01/26,"34,759,017"
الخدمات الرقمية,عام,القطاع العام,خدمة إلكترونية جزئيا,2026/01/26,"34,758,896"
الخدمات الرقمية,عام,القطاع العام,خدمة إلكترونية جزئيا,2026/01/26,"34,758,898"
الخدمات الرقمية,عام,القطاع العام,خدمة إلكترونية جزئيا,2026/01/26,"34,758,989"
الخدمات الرقمية,عام,القطاع العام,خدمة إلكترونية جزئيا,2026/01/26,"34,758,678"
الخدمات الرقمية,عام,القطاع العام,خدمة إلكترونية جزئيا,2026/01/26,"34,759,056"
الخدمات الرقمية,عام,القطاع العام,خدمة إلكترونية جزئيا,2026/01/26,"34,759,140"
الخدمات الرقمية,عام,القطاع العام,خدمة إلكترونية جزئيا,2026/01/26,"34,759,150"
الخدمات الرقمية,عام,القطاع العام,خدمة إلكترونية جزئيا,2026/01/26,"34,759,178"
الخدمات الرقمية,عام,القطاع العام,خدمة إلكترونية جزئيا,2026/01/26,"34,759,180"
الخدمات الرقمية,عام,القطاع العام,خدمة إلكترونية جزئيا,2026/01/26,"34,759,238"
الخدمات الرقمية,عام,القطاع العام,خدمة إلكترونية جزئيا,2026/01/26,"34,759,268"
الخدمات الرقمية,عام,القطاع العام,خدمة إلكترونية جزئيا,2026/01/26,"34,759,297"
الخدمات الرقمية,عام,القطاع العام,خدمة إلكترونية جزئيا,2026/01/26,"34,759,352"
الخدمات الرقمية,عام,القطاع العام,خدمة إلكترونية جزئيا,2026/01/26,"34,759,111"
الخدمات الرقمية,عام,القطاع العام,خدمة إلكترونية جزئيا,2026/01/26,"34,758,995"
الخدمات الرقمية,عام,القطاع العام,خدمة إلكترونية جزئيا,2026/01/26,"34,759,154"
الخدمات الرقمية,عام,القطاع العام,خدمة إلكترونية جزئيا,2026/01/26,"34,759,159"
الخدمات الرقمية,عام,القطاع العام,خدمة إلكترونية جزئيا,2026/01/26,"34,759,207"
الخدمات الرقمية,عام,القطاع العام,خدمة إلكترونية جزئيا,2026/01/26,"34,759,253"
الخدمات الرقمية,عام,القطاع العام,خدمة إلكترونية جزئيا,2026/01/26,"34,759,277"
الخدمات الرقمية,عام,القطاع العام,خدمة إلكترونية جزئيا,2026/01/26,"34,759,391"
الخدمات الرقمية,عام,القطاع العام,خدمة إلكترونية جزئيا,2026/01/26,"34,759,492"
الخدمات الرقمية,عام,القطاع العام,خدمة إلكترونية جزئيا,2026/01/26,"34,758,441"
الخدمات الرقمية,عام,القطاع العام,خدمة إلكترونية جزئيا,2026/01/26,"34,758,488"
الخدمات الرقمية,عام,القطاع العام,خدمة إلكترونية جزئيا,2026/01/26,"34,758,509"
الخدمات الرقمية,عام,القطاع العام,خدمة إلكترونية جزئيا,2026/01/26,"34,758,586"
الخدمات الرقمية,عام,القطاع العام,خدمة إلكترونية جزئيا,2026/01/26,"34,758,653"
الخدمات الرقمية,عام,القطاع العام,خدمة إلكترونية جزئيا,2026/01/26,"34,758,699"
الخدمات الرقمية,عام,القطاع العام,خدمة إلكترونية جزئيا,2026/01/26,"34,758,818"
الخدمات الرقمية,عام,القطاع العام,خدمة إلكترونية جزئيا,2026/01/26,"34,758,832"
الخدمات الرقمية,عام,القطاع العام,خدمة إلكترونية جزئيا,2026/01/26,"34,758,834"
الخدمات الرقمية,عام,القطاع العام,خدمة إلكترونية جزئيا,2026/01/26,"34,758,950"
الخدمات الرقمية,عام,القطاع العام,خدمة إلكترونية جزئيا,2026/01/26,"34,758,986"
الخدمات الرقمية,عام,القطاع العام,خدمة إلكترونية جزئيا,2026/01/26,"34,759,037"
الخدمات الرقمية,عام,القطاع العام,خدمة إلكترونية جزئيا,2026/01/26,"34,759,041"
الخدمات الرقمية,عام,القطاع العام,خدمة إلكترونية جزئيا,2026/01/26,"34,759,083"
الخدمات الرقمية,عام,القطاع العام,خدمة إلكترونية جزئيا,2026/01/26,"34,759,194"
الخدمات الرقمية,عام,القطاع العام,خدمة إلكترونية جزئيا,2026/01/26,"34,759,320"
الخدمات الرقمية,عام,القطاع العام,خدمة إلكترونية جزئيا,2026/01/26,"34,759,357"
الخدمات الرقمية,عام,القطاع العام,خدمة إلكترونية جزئيا,2026/01/26,"34,759,443"
الخدمات الرقمية,عام,القطاع العام,خدمة إلكترونية جزئيا,2026/01/26,"34,759,450"
الخدمات الرقمية,عام,القطاع العام,خدمة إلكترونية جزئيا,2026/01/26,"34,759,464"
الخدمات الرقمية,عام,القطاع العام,خدمة إلكترونية جزئيا,2026/01/26,"34,759,497"
الخدمات الرقمية,عام,القطاع العام,خدمة إلكترونية جزئيا,2026/01/26,"34,759,499"
الخدمات الرقمية,عام,القطاع العام,خدمة إلكترونية جزئيا,2026/01/26,"34,759,516"
الخدمات الرقمية,عام,القطاع العام,خدمة إلكترونية جزئيا,2026/01/26,"34,759,000"
الخدمات الرقمية,عام,القطاع العام,خدمة إلكترونية جزئيا,2026/01/26,"34,759,022"
الخدمات الرقمية,عام,القطاع العام,خدمة إلكترونية جزئيا,2026/01/26,"34,759,039"
الخدمات الرقمية,عام,القطاع العام,خدمة إلكترونية جزئيا,2026/01/26,"34,759,085"
الخدمات الرقمية,عام,القطاع العام,خدمة إلكترونية جزئيا,2026/01/26,"34,759,097"
الخدمات الرقمية,عام,القطاع العام,خدمة إلكترونية جزئيا,2026/01/26,"34,759,120"
الخدمات الرقمية,عام,القطاع العام,خدمة إلكترونية جزئيا,2026/01/26,"34,759,133"
الخدمات الرقمية,عام,القطاع العام,خدمة إلكترونية جزئيا,2026/01/26,"34,759,213"
الخدمات الرقمية,عام,القطاع العام,خدمة إلكترونية جزئيا,2026/01/26,"34,759,254"
الخدمات الرقمية,عام,القطاع العام,خدمة إلكترونية جزئيا,2026/01/26,"34,759,274"
الخدمات الرقمية,عام,القطاع العام,خدمة إلكترونية جزئيا,2026/01/26,"34,759,284"
الخدمات الرقمية,عام,القطاع العام,خدمة إلكترونية جزئيا,2026/01/26,"34,758,538"
الخدمات الرقمية,عام,القطاع العام,خدمة إلكترونية جزئيا,2026/01/26,"34,758,548"
الخدمات الرقمية,عام,القطاع العام,خدمة إلكترونية جزئيا,2026/01/26,"34,758,610"
الخدمات الرقمية,عام,القطاع العام,خدمة إلكترونية جزئيا,2026/01/26,"34,758,649"
الخدمات الرقمية,عام,القطاع العام,خدمة إلكترونية جزئيا,2026/01/26,"34,758,779"
الخدمات الرقمية,عام,القطاع العام,خدمة إلكترونية جزئيا,2026/01/26,"34,758,849"
الخدمات الرقمية,عام,القطاع العام,خدمة إلكترونية جزئيا,2026/01/26,"34,758,883"
الخدمات الرقمية,عام,القطاع العام,خدمة إلكترونية جزئيا,2026/01/26,"34,759,167"
الخدمات الرقمية,عام,القطاع العام,خدمة إلكترونية جزئيا,2026/01/26,"34,759,168"
الخدمات الرقمية,عام,القطاع العام,خدمة إلكترونية جزئيا,2026/01/26,"34,759,183"
الخدمات الرقمية,عام,القطاع العام,خدمة إلكترونية جزئيا,2026/01/26,"34,759,288"
الخدمات الرقمية,عام,القطاع العام,خدمة إلكترونية جزئيا,2026/01/26,"34,759,290"
الخدمات الرقمية,عام,القطاع العام,خدمة إلكترونية جزئيا,2026/01/26,"34,759,435"
الخدمات الرقمية,عام,القطاع العام,خدمة إلكترونية جزئيا,2026/01/26,"34,759,467"
الخدمات الرقمية,عام,القطاع العام,خدمة إلكترونية جزئيا,2026/01/26,"34,759,480"
الخدمات الرقمية,عام,القطاع العام,خدمة إلكترونية جزئيا,2026/01/26,"34,759,488"
الخدمات الرقمية,عام,القطاع العام,خدمة إلكترونية جزئيا,2026/01/26,"34,759,490"
الخدمات الرقمية,عام,القطاع العام,خدمة إلكترونية جزئيا,2026/01/26,"34,759,304"
الخدمات الرقمية,عام,القطاع العام,خدمة إلكترونية جزئيا,2026/01/26,"34,759,404"
الخدمات الرقمية,عام,القطاع العام,خدمة إلكترونية جزئيا,2026/01/26,"34,759,343"
الخدمات الرقمية,عام,القطاع العام,خدمة إلكترونية جزئيا,2026/01/26,"34,759,456"
الخدمات الرقمية,عام,القطاع العام,خدمة إلكترونية جزئيا,2026/01/26,"34,759,510"
الخدمات الرقمية,عام,القطاع العام,خدمة إلكترونية جزئيا,2026/01/26,"34,759,132"
الخدمات الرقمية,عام,القطاع العام,خدمة إلكترونية جزئيا,2026/01/26,"34,759,142"
الخدمات الرقمية,عام,القطاع العام,خدمة إلكترونية جزئيا,2026/01/26,"34,759,157"
الخدمات الرقمية,عام,القطاع العام,خدمة إلكترونية جزئيا,2026/01/26,"34,759,220"
الخدمات الرقمية,عام,القطاع العام,خدمة إلكترونية جزئيا,2026/01/26,"34,759,240"
الخدمات الرقمية,عام,القطاع العام,خدمة إلكترونية جزئيا,2026/01/26,"34,759,503"
الخدمات الرقمية,عام,القطاع العام,خدمة إلكترونية جزئيا,2026/01/26,"34,759,512"
الخدمات الرقمية,عام,القطاع العام,خدمة إلكترونية جزئيا,2026/01/26,"34,759,113"
الخدمات الرقمية,عام,القطاع العام,خدمة إلكترونية جزئيا,2026/01/26,"34,759,138"
الخدمات الرقمية,عام,القطاع العام,خدمة إلكترونية جزئيا,2026/01/26,"34,759,216"
الخدمات الرقمية,عام,القطاع العام,خدمة إلكترونية جزئيا,2026/01/26,"34,759,222"
الخدمات الرقمية,عام,القطاع العام,خدمة إلكترونية جزئيا,2026/01/26,"34,759,262"
الخدمات الرقمية,عام,القطاع العام,خدمة إلكترونية جزئيا,2026/01/26,"34,759,264"
الخدمات الرقمية,عام,القطاع العام,خدمة إلكترونية جزئيا,2026/01/26,"34,759,293"
الخدمات الرقمية,عام,القطاع العام,خدمة إلكترونية جزئيا,2026/01/26,"34,759,445"
الخدمات الرقمية,عام,القطاع العام,خدمة إلكترونية جزئيا,2026/01/26,"34,759,454"
الخدمات الرقمية,عام,القطاع العام,خدمة إلكترونية جزئيا,2026/01/26,"34,759,505"
الخدمات الرقمية,عام,القطاع العام,خدمة إلكترونية جزئيا,2026/01/26,"34,759,518"
الخدمات الرقمية,عام,القطاع العام,خدمة إلكترونية جزئيا,2026/01/26,"34,758,885"
الخدمات الرقمية,عام,القطاع العام,خدمة إلكترونية جزئيا,2026/01/26,"34,758,933"
الخدمات الرقمية,عام,القطاع العام,خدمة إلكترونية جزئيا,2026/01/26,"34,758,939"
الخدمات الرقمية,عام,القطاع العام,خدمة إلكترونية جزئيا,2026/01/26,"34,758,955"
الخدمات الرقمية,عام,القطاع العام,خدمة إلكترونية جزئيا,2026/01/26,"34,758,975"
الخدمات الرقمية,عام,القطاع العام,خدمة إلكترونية جزئيا,2026/01/26,"34,759,049"
الخدمات الرقمية,عام,القطاع العام,خدمة إلكترونية جزئيا,2026/01/26,"34,759,072"
الخدمات الرقمية,عام,القطاع العام,خدمة إلكترونية جزئيا,2026/01/26,"34,759,095"
الخدمات الرقمية,عام,القطاع العام,خدمة إلكترونية جزئيا,2026/01/26,"34,759,101"
الخدمات الرقمية,عام,القطاع العام,خدمة إلكترونية جزئيا,2026/01/26,"34,759,108"
الخدمات الرقمية,عام,القطاع العام,خدمة إلكترونية جزئيا,2026/01/26,"34,759,170"
الخدمات الرقمية,عام,القطاع العام,خدمة إلكترونية جزئيا,2026/01/26,"34,759,192"
الخدمات الرقمية,عام,القطاع العام,خدمة إلكترونية جزئيا,2026/01/26,"34,759,227"
الخدمات الرقمية,عام,القطاع العام,خدمة إلكترونية جزئيا,2026/01/26,"34,759,286"
الخدمات الرقمية,عام,القطاع العام,خدمة إلكترونية جزئيا,2026/01/26,"34,759,326"
الخدمات الرقمية,عام,القطاع العام,خدمة إلكترونية جزئيا,2026/01/26,"34,759,501"
الخدمات الرقمية,عام,القطاع العام,خدمة إلكترونية جزئيا,2026/01/26,"34,758,453"
الخدمات الرقمية,عام,القطاع العام,خدمة إلكترونية جزئيا,2026/01/26,"34,758,577"
الخدمات الرقمية,عام,القطاع العام,خدمة إلكترونية جزئيا,2026/01/26,"34,758,601"
الخدمات الرقمية,عام,القطاع العام,خدمة إلكترونية جزئيا,2026/01/26,"34,758,660"
الخدمات الرقمية,عام,القطاع العام,خدمة إلكترونية جزئيا,2026/01/26,"34,758,811"
الخدمات الرقمية,عام,القطاع العام,خدمة إلكترونية جزئيا,2026/01/26,"34,758,875"
الخدمات الرقمية,عام,القطاع العام,خدمة إلكترونية جزئيا,2026/01/26,"34,759,013"
الخدمات الرقمية,عام,القطاع العام,خدمة إلكترونية جزئيا,2026/01/26,"34,759,014"
الخدمات الرقمية,عام,القطاع العام,خدمة إلكترونية جزئيا,2026/01/26,"34,759,061"
الخدمات الرقمية,عام,القطاع العام,خدمة إلكترونية جزئيا,2026/01/26,"34,759,063"
الخدمات الرقمية,عام,القطاع العام,خدمة إلكترونية جزئيا,2026/01/26,"34,759,321"
الخدمات الرقمية,عام,القطاع العام,خدمة إلكترونية جزئيا,2026/01/26,"34,759,422"
الخدمات الرقمية,عام,القطاع العام,خدمة إلكترونية جزئيا,2026/01/26,"34,759,481"
الخدمات الرقمية,عام,القطاع العام,خدمة إلكترونية جزئيا,2026/01/26,"34,759,541"
الخدمات الرقمية,عام,القطاع العام,خدمة إلكترونية جزئيا,2026/01/26,"34,759,190"
الخدمات الرقمية,عام,القطاع العام,خدمة إلكترونية جزئيا,2026/01/26,"34,759,280"
الخدمات الرقمية,عام,القطاع العام,خدمة إلكترونية جزئيا,2026/01/26,"34,759,317"
الخدمات الرقمية,عام,القطاع العام,خدمة إلكترونية جزئيا,2026/01/26,"34,759,328"
الخدمات الرقمية,عام,القطاع العام,خدمة إلكترونية جزئيا,2026/01/26,"34,759,330"
الخدمات الرقمية,عام,القطاع العام,خدمة إلكترونية جزئيا,2026/01/26,"34,759,412"
الخدمات الرقمية,عام,القطاع العام,خدمة إلكترونية جزئيا,2026/01/26,"34,759,525"
الخدمات الرقمية,عام,القطاع العام,خدمة إلكترونية جزئيا,2026/01/26,"34,759,547"
الخدمات الرقمية,عام,القطاع العام,خدمة إلكترونية جزئيا,2026/01/26,"34,758,410"
الخدمات الرقمية,عام,القطاع العام,خدمة إلكترونية جزئيا,2026/01/26,"34,758,412"
الخدمات الرقمية,عام,القطاع العام,خدمة إلكترونية جزئيا,2026/01/26,"34,758,466"
الخدمات الرقمية,عام,القطاع العام,خدمة إلكترونية جزئيا,2026/01/26,"34,758,475"
الخدمات الرقمية,عام,القطاع العام,خدمة إلكترونية جزئيا,2026/01/26,"34,758,526"
الخدمات الرقمية,عام,القطاع العام,خدمة إلكترونية جزئيا,2026/01/26,"34,758,588"
الخدمات الرقمية,عام,القطاع العام,خدمة إلكترونية جزئيا,2026/01/26,"34,758,731"
الخدمات الرقمية,عام,القطاع العام,خدمة إلكترونية جزئيا,2026/01/26,"34,758,783"
الخدمات الرقمية,عام,القطاع العام,خدمة إلكترونية جزئيا,2026/01/26,"34,758,797"
الخدمات الرقمية,عام,القطاع العام,خدمة إلكترونية جزئيا,2026/01/26,"34,758,907"
الخدمات الرقمية,عام,القطاع العام,خدمة إلكترونية جزئيا,2026/01/26,"34,758,916"
الخدمات الرقمية,عام,القطاع العام,خدمة إلكترونية جزئيا,2026/01/26,"34,758,925"
الخدمات الرقمية,عام,القطاع العام,خدمة إلكترونية جزئيا,2026/01/26,"34,758,926"
الخدمات الرقمية,عام,القطاع العام,خدمة إلكترونية جزئيا,2026/01/26,"34,758,936"
الخدمات الرقمية,عام,القطاع العام,خدمة إلكترونية جزئيا,2026/01/26,"34,758,960"
الخدمات الرقمية,عام,القطاع العام,خدمة إلكترونية جزئيا,2026/01/26,"34,758,983"
الخدمات الرقمية,عام,القطاع العام,خدمة إلكترونية جزئيا,2026/01/26,"34,759,225"
الخدمات الرقمية,عام,القطاع العام,خدمة إلكترونية جزئيا,2026/01/26,"34,759,229"
الخدمات الرقمية,عام,القطاع العام,خدمة إلكترونية جزئيا,2026/01/26,"34,759,245"
الخدمات الرقمية,عام,القطاع العام,خدمة إلكترونية جزئيا,2026/01/26,"34,759,266"
الخدمات الرقمية,عام,القطاع العام,خدمة إلكترونية جزئيا,2026/01/26,"34,759,308"
الخدمات الرقمية,عام,القطاع العام,خدمة إلكترونية جزئيا,2026/01/26,"34,759,315"
الخدمات الرقمية,عام,القطاع العام,خدمة إلكترونية جزئيا,2026/01/26,"34,759,448"
الخدمات الرقمية,عام,القطاع العام,خدمة إلكترونية جزئيا,2026/01/26,"34,759,462"
الخدمات الرقمية,عام,القطاع العام,خدمة إلكترونية جزئيا,2026/01/26,"34,759,550"
 الرياض,الرياض,القطاع العام,خدمة إلكترونية جزئيا,2026/01/26,"34,772,392"
 الرياض,الرياض,القطاع العام,خدمة إلكترونية جزئيا,2026/01/26,"34,779,993"
 الرياض,الرياض,القطاع العام,خدمة إلكترونية جزئيا,2026/01/26,"34,760,221"
 الرياض,الرياض,القطاع العام,خدمة إلكترونية جزئيا,2026/01/26,"34,765,694"
 الرياض,الرياض,القطاع العام,خدمة إلكترونية جزئيا,2026/01/26,"34,764,117"
 الرياض,الرياض,القطاع العام,خدمة إلكترونية جزئيا,2026/01/26,"34,770,351"
 الرياض,الرياض,القطاع العام,خدمة إلكترونية جزئيا,2026/01/26,"34,757,865"
 الرياض,الرياض,القطاع العام,خدمة إلكترونية جزئيا,2026/01/26,"34,765,424"
 عسير,ابها,القطاع العام,خدمة إلكترونية جزئيا,2026/01/26,"34,762,248"
 الرياض,الرياض,القطاع العام,خدمة إلكترونية جزئيا,2026/01/26,"34,764,068"
 الرياض,الرياض,القطاع العام,خدمة إلكترونية جزئيا,2026/01/26,"34,769,607"
 الرياض,الرياض,القطاع العام,خدمة إلكترونية جزئيا,2026/01/26,"34,769,085"
 الرياض,الرياض,القطاع العام,خدمة إلكترونية جزئيا,2026/01/26,"34,768,434"
 الرياض,الرياض,القطاع العام,خدمة إلكترونية جزئيا,2026/01/26,"34,767,094"
 الرياض,الرياض,القطاع العام,خدمة إلكترونية جزئيا,2026/01/26,"34,766,625"
 الرياض,الرياض,القطاع العام,خدمة إلكترونية جزئيا,2026/01/26,"34,768,717"
 الرياض,الرياض,القطاع العام,خدمة إلكترونية جزئيا,2026/01/26,"34,761,143"
 تبوك,تبوك,القطاع العام,خدمة إلكترونية جزئيا,2026/01/26,"34,760,546"
 الرياض,الرياض,القطاع العام,خدمة إلكترونية جزئيا,2026/01/26,"34,767,996"
 الرياض,الرياض,القطاع العام,خدمة إلكترونية جزئيا,2026/01/26,"34,767,491"
 الرياض,الرياض,القطاع العام,خدمة إلكترونية جزئيا,2026/01/26,"34,765,864"
 الرياض,الرياض,القطاع العام,خدمة إلكترونية جزئيا,2026/01/26,"34,769,317"
 تبوك,تبوك,القطاع العام,خدمة إلكترونية جزئيا,2026/01/27,"34,789,180"
 جازان,جيزان,القطاع العام,خدمة إلكترونية جزئيا,2026/01/27,"34,796,403"
 الرياض,الرياض,القطاع العام,خدمة إلكترونية جزئيا,2026/01/27,"34,799,939"
 الرياض,الرياض,القطاع العام,خدمة إلكترونية جزئيا,2026/01/27,"34,790,611"
 تبوك,تبوك,القطاع العام,خدمة إلكترونية جزئيا,2026/01/27,"34,789,410"
 الرياض,الرياض,القطاع العام,خدمة إلكترونية جزئيا,2026/01/27,"34,791,446"
 الرياض,الرياض,القطاع العام,خدمة إلكترونية جزئيا,2026/01/27,"34,790,785"
 الرياض,الرياض,القطاع العام,خدمة إلكترونية جزئيا,2026/01/27,"34,791,070"
 الرياض,الرياض,القطاع العام,خدمة إلكترونية جزئيا,2026/01/27,"34,790,927"
 تبوك,تبوك,القطاع العام,خدمة إلكترونية جزئيا,2026/01/27,"34,788,631"
 تبوك,تبوك,القطاع العام,خدمة إلكترونية جزئيا,2026/01/27,"34,789,636"
 تبوك,تبوك,القطاع العام,خدمة إلكترونية جزئيا,2026/01/27,"34,790,904"
 تبوك,تبوك,القطاع العام,خدمة إلكترونية جزئيا,2026/01/27,"34,789,024"
 تبوك,تبوك,القطاع العام,خدمة إلكترونية جزئيا,2026/01/27,"34,790,122"
 تبوك,تبوك,القطاع العام,خدمة إلكترونية جزئيا,2026/01/27,"34,791,299"
 المدينة المنوره,العلا,القطاع العام,خدمة إلكترونية جزئيا,2026/01/27,"34,791,269"
 المدينة المنوره,العلا,القطاع العام,خدمة إلكترونية جزئيا,2026/01/27,"34,792,280"
 الرياض,الرياض,القطاع العام,خدمة إلكترونية جزئيا,2026/01/27,"34,802,977"
 الرياض,الرياض,القطاع العام,خدمة إلكترونية جزئيا,2026/01/27,"34,787,385"
 الرياض,الرياض,القطاع العام,خدمة إلكترونية جزئيا,2026/01/27,"34,806,321"
 الرياض,الرياض,القطاع العام,خدمة إلكترونية جزئيا,2026/01/27,"34,806,574"
 الرياض,الرياض,القطاع العام,خدمة إلكترونية جزئيا,2026/01/27,"34,806,815"
الخدمات الرقمية,عام,القطاع العام,خدمة إلكترونية جزئيا,2026/01/27,"34,795,332"
الخدمات الرقمية,عام,القطاع العام,خدمة إلكترونية جزئيا,2026/01/27,"34,795,498"
الخدمات الرقمية,عام,القطاع العام,خدمة إلكترونية جزئيا,2026/01/27,"34,795,758"
الخدمات الرقمية,عام,القطاع العام,خدمة إلكترونية جزئيا,2026/01/27,"34,795,799"
الخدمات الرقمية,عام,القطاع العام,خدمة إلكترونية جزئيا,2026/01/27,"34,795,818"
الخدمات الرقمية,عام,القطاع العام,خدمة إلكترونية جزئيا,2026/01/27,"34,795,833"
الخدمات الرقمية,عام,القطاع العام,خدمة إلكترونية جزئيا,2026/01/27,"34,795,908"
الخدمات الرقمية,عام,القطاع العام,خدمة إلكترونية جزئيا,2026/01/27,"34,795,919"
الخدمات الرقمية,عام,القطاع العام,خدمة إلكترونية جزئيا,2026/01/27,"34,795,086"
الخدمات الرقمية,عام,القطاع العام,خدمة إلكترونية جزئيا,2026/01/27,"34,795,104"
الخدمات الرقمية,عام,القطاع العام,خدمة إلكترونية جزئيا,2026/01/27,"34,795,114"
الخدمات الرقمية,عام,القطاع العام,خدمة إلكترونية جزئيا,2026/01/27,"34,795,115"
الخدمات الرقمية,عام,القطاع العام,خدمة إلكترونية جزئيا,2026/01/27,"34,795,118"
الخدمات الرقمية,عام,القطاع العام,خدمة إلكترونية جزئيا,2026/01/27,"34,795,151"
الخدمات الرقمية,عام,القطاع العام,خدمة إلكترونية جزئيا,2026/01/27,"34,795,625"
الخدمات الرقمية,عام,القطاع العام,خدمة إلكترونية جزئيا,2026/01/27,"34,795,665"
الخدمات الرقمية,عام,القطاع العام,خدمة إلكترونية جزئيا,2026/01/27,"34,795,068"
الخدمات الرقمية,عام,القطاع العام,خدمة إلكترونية جزئيا,2026/01/27,"34,795,070"
الخدمات الرقمية,عام,القطاع العام,خدمة إلكترونية جزئيا,2026/01/27,"34,795,106"
الخدمات الرقمية,عام,القطاع العام,خدمة إلكترونية جزئيا,2026/01/27,"34,795,142"
الخدمات الرقمية,عام,القطاع العام,خدمة إلكترونية جزئيا,2026/01/27,"34,795,318"
الخدمات الرقمية,عام,القطاع العام,خدمة إلكترونية جزئيا,2026/01/27,"34,795,320"
الخدمات الرقمية,عام,القطاع العام,خدمة إلكترونية جزئيا,2026/01/27,"34,795,385"
الخدمات الرقمية,عام,القطاع العام,خدمة إلكترونية جزئيا,2026/01/27,"34,795,428"
الخدمات الرقمية,عام,القطاع العام,خدمة إلكترونية جزئيا,2026/01/27,"34,795,471"
الخدمات الرقمية,عام,القطاع العام,خدمة إلكترونية جزئيا,2026/01/27,"34,795,500"
الخدمات الرقمية,عام,القطاع العام,خدمة إلكترونية جزئيا,2026/01/27,"34,795,046"
الخدمات الرقمية,عام,القطاع العام,خدمة إلكترونية جزئيا,2026/01/27,"34,795,048"
الخدمات الرقمية,عام,القطاع العام,خدمة إلكترونية جزئيا,2026/01/27,"34,795,061"
الخدمات الرقمية,عام,القطاع العام,خدمة إلكترونية جزئيا,2026/01/27,"34,795,102"
الخدمات الرقمية,عام,القطاع العام,خدمة إلكترونية جزئيا,2026/01/27,"34,795,164"
الخدمات الرقمية,عام,القطاع العام,خدمة إلكترونية جزئيا,2026/01/27,"34,795,126"
الخدمات الرقمية,عام,القطاع العام,خدمة إلكترونية جزئيا,2026/01/27,"34,795,015"
الخدمات الرقمية,عام,القطاع العام,خدمة إلكترونية جزئيا,2026/01/27,"34,795,066"
الخدمات الرقمية,عام,القطاع العام,خدمة إلكترونية جزئيا,2026/01/27,"34,795,194"
الخدمات الرقمية,عام,القطاع العام,خدمة إلكترونية جزئيا,2026/01/27,"34,795,210"
الخدمات الرقمية,عام,القطاع العام,خدمة إلكترونية جزئيا,2026/01/27,"34,795,387"
الخدمات الرقمية,عام,القطاع العام,خدمة إلكترونية جزئيا,2026/01/27,"34,795,465"
الخدمات الرقمية,عام,القطاع العام,خدمة إلكترونية جزئيا,2026/01/27,"34,795,476"
الخدمات الرقمية,عام,القطاع العام,خدمة إلكترونية جزئيا,2026/01/27,"34,795,561"
الخدمات الرقمية,عام,القطاع العام,خدمة إلكترونية جزئيا,2026/01/27,"34,795,601"
الخدمات الرقمية,عام,القطاع العام,خدمة إلكترونية جزئيا,2026/01/27,"34,795,639"
الخدمات الرقمية,عام,القطاع العام,خدمة إلكترونية جزئيا,2026/01/27,"34,795,650"
الخدمات الرقمية,عام,القطاع العام,خدمة إلكترونية جزئيا,2026/01/27,"34,795,655"
الخدمات الرقمية,عام,القطاع العام,خدمة إلكترونية جزئيا,2026/01/27,"34,795,725"
الخدمات الرقمية,عام,القطاع العام,خدمة إلكترونية جزئيا,2026/01/27,"34,795,816"
الخدمات الرقمية,عام,القطاع العام,خدمة إلكترونية جزئيا,2026/01/27,"34,795,829"
الخدمات الرقمية,عام,القطاع العام,خدمة إلكترونية جزئيا,2026/01/27,"34,795,869"
الخدمات الرقمية,عام,القطاع العام,خدمة إلكترونية جزئيا,2026/01/27,"34,795,929"
الخدمات الرقمية,عام,القطاع العام,خدمة إلكترونية جزئيا,2026/01/27,"34,795,945"
الخدمات الرقمية,عام,القطاع العام,خدمة إلكترونية جزئيا,2026/01/27,"34,795,956"
الخدمات الرقمية,عام,القطاع العام,خدمة إلكترونية جزئيا,2026/01/27,"34,796,014"
الخدمات الرقمية,عام,القطاع العام,خدمة إلكترونية جزئيا,2026/01/27,"34,796,035"
الخدمات الرقمية,عام,القطاع العام,خدمة إلكترونية جزئيا,2026/01/27,"34,796,054"
الخدمات الرقمية,عام,القطاع العام,خدمة إلكترونية جزئيا,2026/01/27,"34,795,017"
الخدمات الرقمية,عام,القطاع العام,خدمة إلكترونية جزئيا,2026/01/27,"34,795,039"
الخدمات الرقمية,عام,القطاع العام,خدمة إلكترونية جزئيا,2026/01/27,"34,795,060"
الخدمات الرقمية,عام,القطاع العام,خدمة إلكترونية جزئيا,2026/01/27,"34,795,130"
الخدمات الرقمية,عام,القطاع العام,خدمة إلكترونية جزئيا,2026/01/27,"34,795,154"
الخدمات الرقمية,عام,القطاع العام,خدمة إلكترونية جزئيا,2026/01/27,"34,795,389"
الخدمات الرقمية,عام,القطاع العام,خدمة إلكترونية جزئيا,2026/01/27,"34,795,055"
الخدمات الرقمية,عام,القطاع العام,خدمة إلكترونية جزئيا,2026/01/27,"34,795,096"
الخدمات الرقمية,عام,القطاع العام,خدمة إلكترونية جزئيا,2026/01/27,"34,795,221"
الخدمات الرقمية,عام,القطاع العام,خدمة إلكترونية جزئيا,2026/01/27,"34,795,350"
الخدمات الرقمية,عام,القطاع العام,خدمة إلكترونية جزئيا,2026/01/27,"34,795,354"
الخدمات الرقمية,عام,القطاع العام,خدمة إلكترونية جزئيا,2026/01/27,"34,795,356"
الخدمات الرقمية,عام,القطاع العام,خدمة إلكترونية جزئيا,2026/01/27,"34,795,364"
الخدمات الرقمية,عام,القطاع العام,خدمة إلكترونية جزئيا,2026/01/27,"34,795,383"
الخدمات الرقمية,عام,القطاع العام,خدمة إلكترونية جزئيا,2026/01/27,"34,795,410"
الخدمات الرقمية,عام,القطاع العام,خدمة إلكترونية جزئيا,2026/01/27,"34,795,079"
الخدمات الرقمية,عام,القطاع العام,خدمة إلكترونية جزئيا,2026/01/27,"34,795,080"
الخدمات الرقمية,عام,القطاع العام,خدمة إلكترونية جزئيا,2026/01/27,"34,795,098"
الخدمات الرقمية,عام,القطاع العام,خدمة إلكترونية جزئيا,2026/01/27,"34,795,123"
الخدمات الرقمية,عام,القطاع العام,خدمة إلكترونية جزئيا,2026/01/27,"34,795,197"
الخدمات الرقمية,عام,القطاع العام,خدمة إلكترونية جزئيا,2026/01/27,"34,795,424"
الخدمات الرقمية,عام,القطاع العام,خدمة إلكترونية جزئيا,2026/01/27,"34,795,563"
الخدمات الرقمية,عام,القطاع العام,خدمة إلكترونية جزئيا,2026/01/27,"34,795,671"
الخدمات الرقمية,عام,القطاع العام,خدمة إلكترونية جزئيا,2026/01/27,"34,795,741"
الخدمات الرقمية,عام,القطاع العام,خدمة إلكترونية جزئيا,2026/01/27,"34,795,778"
الخدمات الرقمية,عام,القطاع العام,خدمة إلكترونية جزئيا,2026/01/27,"34,795,795"
الخدمات الرقمية,عام,القطاع العام,خدمة إلكترونية جزئيا,2026/01/27,"34,795,917"
الخدمات الرقمية,عام,القطاع العام,خدمة إلكترونية جزئيا,2026/01/27,"34,795,925"
الخدمات الرقمية,عام,القطاع العام,خدمة إلكترونية جزئيا,2026/01/27,"34,795,975"
الخدمات الرقمية,عام,القطاع العام,خدمة إلكترونية جزئيا,2026/01/27,"34,796,105"
الخدمات الرقمية,عام,القطاع العام,خدمة إلكترونية جزئيا,2026/01/27,"34,796,272"
الخدمات الرقمية,عام,القطاع العام,خدمة إلكترونية جزئيا,2026/01/27,"34,796,290"
الخدمات الرقمية,عام,القطاع العام,خدمة إلكترونية جزئيا,2026/01/27,"34,796,317"
الخدمات الرقمية,عام,القطاع العام,خدمة إلكترونية جزئيا,2026/01/27,"34,796,398"
الخدمات الرقمية,عام,القطاع العام,خدمة إلكترونية جزئيا,2026/01/27,"34,796,435"
الخدمات الرقمية,عام,القطاع العام,خدمة إلكترونية جزئيا,2026/01/27,"34,796,482"
الخدمات الرقمية,عام,القطاع العام,خدمة إلكترونية جزئيا,2026/01/27,"34,796,602"
الخدمات الرقمية,عام,القطاع العام,خدمة إلكترونية جزئيا,2026/01/27,"34,796,643"
الخدمات الرقمية,عام,القطاع العام,خدمة إلكترونية جزئيا,2026/01/27,"34,796,727"
الخدمات الرقمية,عام,القطاع العام,خدمة إلكترونية جزئيا,2026/01/27,"34,796,729"
الخدمات الرقمية,عام,القطاع العام,خدمة إلكترونية جزئيا,2026/01/27,"34,796,742"
الخدمات الرقمية,عام,القطاع العام,خدمة إلكترونية جزئيا,2026/01/27,"34,796,788"
الخدمات الرقمية,عام,القطاع العام,خدمة إلكترونية جزئيا,2026/01/27,"34,796,851"
الخدمات الرقمية,عام,القطاع العام,خدمة إلكترونية جزئيا,2026/01/27,"34,797,033"
الخدمات الرقمية,عام,القطاع العام,خدمة إلكترونية جزئيا,2026/01/27,"34,797,058"
الخدمات الرقمية,عام,القطاع العام,خدمة إلكترونية جزئيا,2026/01/27,"34,795,430"
الخدمات الرقمية,عام,القطاع العام,خدمة إلكترونية جزئيا,2026/01/27,"34,795,508"
الخدمات الرقمية,عام,القطاع العام,خدمة إلكترونية جزئيا,2026/01/27,"34,795,522"
الخدمات الرقمية,عام,القطاع العام,خدمة إلكترونية جزئيا,2026/01/27,"34,795,524"
الخدمات الرقمية,عام,القطاع العام,خدمة إلكترونية جزئيا,2026/01/27,"34,795,632"
الخدمات الرقمية,عام,القطاع العام,خدمة إلكترونية جزئيا,2026/01/27,"34,795,727"
الخدمات الرقمية,عام,القطاع العام,خدمة إلكترونية جزئيا,2026/01/27,"34,795,876"
الخدمات الرقمية,عام,القطاع العام,خدمة إلكترونية جزئيا,2026/01/27,"34,795,921"
الخدمات الرقمية,عام,القطاع العام,خدمة إلكترونية جزئيا,2026/01/27,"34,795,931"
الخدمات الرقمية,عام,القطاع العام,خدمة إلكترونية جزئيا,2026/01/27,"34,795,959"
الخدمات الرقمية,عام,القطاع العام,خدمة إلكترونية جزئيا,2026/01/27,"34,795,729"
الخدمات الرقمية,عام,القطاع العام,خدمة إلكترونية جزئيا,2026/01/27,"34,795,782"
الخدمات الرقمية,عام,القطاع العام,خدمة إلكترونية جزئيا,2026/01/27,"34,795,882"
الخدمات الرقمية,عام,القطاع العام,خدمة إلكترونية جزئيا,2026/01/27,"34,796,126"
الخدمات الرقمية,عام,القطاع العام,خدمة إلكترونية جزئيا,2026/01/27,"34,796,200"
الخدمات الرقمية,عام,القطاع العام,خدمة إلكترونية جزئيا,2026/01/27,"34,796,261"
الخدمات الرقمية,عام,القطاع العام,خدمة إلكترونية جزئيا,2026/01/27,"34,796,466"
الخدمات الرقمية,عام,القطاع العام,خدمة إلكترونية جزئيا,2026/01/27,"34,796,480"
الخدمات الرقمية,عام,القطاع العام,خدمة إلكترونية جزئيا,2026/01/27,"34,796,671"
الخدمات الرقمية,عام,القطاع العام,خدمة إلكترونية جزئيا,2026/01/27,"34,796,683"
الخدمات الرقمية,عام,القطاع العام,خدمة إلكترونية جزئيا,2026/01/27,"34,796,695"
الخدمات الرقمية,عام,القطاع العام,خدمة إلكترونية جزئيا,2026/01/27,"34,795,139"
الخدمات الرقمية,عام,القطاع العام,خدمة إلكترونية جزئيا,2026/01/27,"34,795,191"
الخدمات الرقمية,عام,القطاع العام,خدمة إلكترونية جزئيا,2026/01/27,"34,795,340"
الخدمات الرقمية,عام,القطاع العام,خدمة إلكترونية جزئيا,2026/01/27,"34,795,344"
الخدمات الرقمية,عام,القطاع العام,خدمة إلكترونية جزئيا,2026/01/27,"34,795,397"
الخدمات الرقمية,عام,القطاع العام,خدمة إلكترونية جزئيا,2026/01/27,"34,795,422"
الخدمات الرقمية,عام,القطاع العام,خدمة إلكترونية جزئيا,2026/01/27,"34,795,437"
الخدمات الرقمية,عام,القطاع العام,خدمة إلكترونية جزئيا,2026/01/27,"34,795,721"
الخدمات الرقمية,عام,القطاع العام,خدمة إلكترونية جزئيا,2026/01/27,"34,795,810"
الخدمات الرقمية,عام,القطاع العام,خدمة إلكترونية جزئيا,2026/01/27,"34,796,731"
الخدمات الرقمية,عام,القطاع العام,خدمة إلكترونية جزئيا,2026/01/27,"34,796,777"
الخدمات الرقمية,عام,القطاع العام,خدمة إلكترونية جزئيا,2026/01/27,"34,796,823"
الخدمات الرقمية,عام,القطاع العام,خدمة إلكترونية جزئيا,2026/01/27,"34,796,889"
الخدمات الرقمية,عام,القطاع العام,خدمة إلكترونية جزئيا,2026/01/27,"34,796,920"
الخدمات الرقمية,عام,القطاع العام,خدمة إلكترونية جزئيا,2026/01/27,"34,796,947"
الخدمات الرقمية,عام,القطاع العام,خدمة إلكترونية جزئيا,2026/01/27,"34,796,962"
الخدمات الرقمية,عام,القطاع العام,خدمة إلكترونية جزئيا,2026/01/27,"34,796,964"
الخدمات الرقمية,عام,القطاع العام,خدمة إلكترونية جزئيا,2026/01/27,"34,796,989"
الخدمات الرقمية,عام,القطاع العام,خدمة إلكترونية جزئيا,2026/01/27,"34,796,995"
الخدمات الرقمية,عام,القطاع العام,خدمة إلكترونية جزئيا,2026/01/27,"34,797,016"
الخدمات الرقمية,عام,القطاع العام,خدمة إلكترونية جزئيا,2026/01/27,"34,797,023"
الخدمات الرقمية,عام,القطاع العام,خدمة إلكترونية جزئيا,2026/01/27,"34,797,044"
الخدمات الرقمية,عام,القطاع العام,خدمة إلكترونية جزئيا,2026/01/27,"34,797,080"
الخدمات الرقمية,عام,القطاع العام,خدمة إلكترونية جزئيا,2026/01/27,"34,797,131"
الخدمات الرقمية,عام,القطاع العام,خدمة إلكترونية جزئيا,2026/01/27,"34,797,194"
الخدمات الرقمية,عام,القطاع العام,خدمة إلكترونية جزئيا,2026/01/27,"34,795,177"
الخدمات الرقمية,عام,القطاع العام,خدمة إلكترونية جزئيا,2026/01/27,"34,795,352"
الخدمات الرقمية,عام,القطاع العام,خدمة إلكترونية جزئيا,2026/01/27,"34,795,360"
الخدمات الرقمية,عام,القطاع العام,خدمة إلكترونية جزئيا,2026/01/27,"34,795,451"
الخدمات الرقمية,عام,القطاع العام,خدمة إلكترونية جزئيا,2026/01/27,"34,795,574"
الخدمات الرقمية,عام,القطاع العام,خدمة إلكترونية جزئيا,2026/01/27,"34,795,611"
الخدمات الرقمية,عام,القطاع العام,خدمة إلكترونية جزئيا,2026/01/27,"34,795,627"
الخدمات الرقمية,عام,القطاع العام,خدمة إلكترونية جزئيا,2026/01/27,"34,795,629"
الخدمات الرقمية,عام,القطاع العام,خدمة إلكترونية جزئيا,2026/01/27,"34,795,393"
الخدمات الرقمية,عام,القطاع العام,خدمة إلكترونية جزئيا,2026/01/27,"34,795,433"
الخدمات الرقمية,عام,القطاع العام,خدمة إلكترونية جزئيا,2026/01/27,"34,795,446"
الخدمات الرقمية,عام,القطاع العام,خدمة إلكترونية جزئيا,2026/01/27,"34,795,487"
الخدمات الرقمية,عام,القطاع العام,خدمة إلكترونية جزئيا,2026/01/27,"34,795,511"
الخدمات الرقمية,عام,القطاع العام,خدمة إلكترونية جزئيا,2026/01/27,"34,795,513"
الخدمات الرقمية,عام,القطاع العام,خدمة إلكترونية جزئيا,2026/01/27,"34,795,584"
الخدمات الرقمية,عام,القطاع العام,خدمة إلكترونية جزئيا,2026/01/27,"34,795,589"
الخدمات الرقمية,عام,القطاع العام,خدمة إلكترونية جزئيا,2026/01/27,"34,795,590"
الخدمات الرقمية,عام,القطاع العام,خدمة إلكترونية جزئيا,2026/01/27,"34,795,698"
الخدمات الرقمية,عام,القطاع العام,خدمة إلكترونية جزئيا,2026/01/27,"34,795,703"
الخدمات الرقمية,عام,القطاع العام,خدمة إلكترونية جزئيا,2026/01/27,"34,795,708"
الخدمات الرقمية,عام,القطاع العام,خدمة إلكترونية جزئيا,2026/01/27,"34,795,731"
الخدمات الرقمية,عام,القطاع العام,خدمة إلكترونية جزئيا,2026/01/27,"34,795,751"
الخدمات الرقمية,عام,القطاع العام,خدمة إلكترونية جزئيا,2026/01/27,"34,795,754"
الخدمات الرقمية,عام,القطاع العام,خدمة إلكترونية جزئيا,2026/01/27,"34,795,769"
الخدمات الرقمية,عام,القطاع العام,خدمة إلكترونية جزئيا,2026/01/27,"34,795,966"
الخدمات الرقمية,عام,القطاع العام,خدمة إلكترونية جزئيا,2026/01/27,"34,795,996"
الخدمات الرقمية,عام,القطاع العام,خدمة إلكترونية جزئيا,2026/01/27,"34,796,066"
الخدمات الرقمية,عام,القطاع العام,خدمة إلكترونية جزئيا,2026/01/27,"34,796,102"
الخدمات الرقمية,عام,القطاع العام,خدمة إلكترونية جزئيا,2026/01/27,"34,796,132"
الخدمات الرقمية,عام,القطاع العام,خدمة إلكترونية جزئيا,2026/01/27,"34,796,151"
الخدمات الرقمية,عام,القطاع العام,خدمة إلكترونية جزئيا,2026/01/27,"34,796,232"
الخدمات الرقمية,عام,القطاع العام,خدمة إلكترونية جزئيا,2026/01/27,"34,796,280"
الخدمات الرقمية,عام,القطاع العام,خدمة إلكترونية جزئيا,2026/01/27,"34,796,320"
الخدمات الرقمية,عام,القطاع العام,خدمة إلكترونية جزئيا,2026/01/27,"34,796,400"
الخدمات الرقمية,عام,القطاع العام,خدمة إلكترونية جزئيا,2026/01/27,"34,796,411"
الخدمات الرقمية,عام,القطاع العام,خدمة إلكترونية جزئيا,2026/01/27,"34,796,428"
الخدمات الرقمية,عام,القطاع العام,خدمة إلكترونية جزئيا,2026/01/27,"34,796,512"
الخدمات الرقمية,عام,القطاع العام,خدمة إلكترونية جزئيا,2026/01/27,"34,796,579"
الخدمات الرقمية,عام,القطاع العام,خدمة إلكترونية جزئيا,2026/01/27,"34,796,581"
الخدمات الرقمية,عام,القطاع العام,خدمة إلكترونية جزئيا,2026/01/27,"34,795,645"
الخدمات الرقمية,عام,القطاع العام,خدمة إلكترونية جزئيا,2026/01/27,"34,795,652"
الخدمات الرقمية,عام,القطاع العام,خدمة إلكترونية جزئيا,2026/01/27,"34,795,986"
الخدمات الرقمية,عام,القطاع العام,خدمة إلكترونية جزئيا,2026/01/27,"34,796,007"
الخدمات الرقمية,عام,القطاع العام,خدمة إلكترونية جزئيا,2026/01/27,"34,796,023"
الخدمات الرقمية,عام,القطاع العام,خدمة إلكترونية جزئيا,2026/01/27,"34,796,076"
الخدمات الرقمية,عام,القطاع العام,خدمة إلكترونية جزئيا,2026/01/27,"34,796,170"
الخدمات الرقمية,عام,القطاع العام,خدمة إلكترونية جزئيا,2026/01/27,"34,796,226"
الخدمات الرقمية,عام,القطاع العام,خدمة إلكترونية جزئيا,2026/01/27,"34,796,263"
الخدمات الرقمية,عام,القطاع العام,خدمة إلكترونية جزئيا,2026/01/27,"34,796,305"
الخدمات الرقمية,عام,القطاع العام,خدمة إلكترونية جزئيا,2026/01/27,"34,796,387"
الخدمات الرقمية,عام,القطاع العام,خدمة إلكترونية جزئيا,2026/01/27,"34,796,600"
الخدمات الرقمية,عام,القطاع العام,خدمة إلكترونية جزئيا,2026/01/27,"34,795,866"
الخدمات الرقمية,عام,القطاع العام,خدمة إلكترونية جزئيا,2026/01/27,"34,795,880"
الخدمات الرقمية,عام,القطاع العام,خدمة إلكترونية جزئيا,2026/01/27,"34,795,904"
الخدمات الرقمية,عام,القطاع العام,خدمة إلكترونية جزئيا,2026/01/27,"34,796,011"
الخدمات الرقمية,عام,القطاع العام,خدمة إلكترونية جزئيا,2026/01/27,"34,796,173"
الخدمات الرقمية,عام,القطاع العام,خدمة إلكترونية جزئيا,2026/01/27,"34,796,189"
الخدمات الرقمية,عام,القطاع العام,خدمة إلكترونية جزئيا,2026/01/27,"34,796,315"
الخدمات الرقمية,عام,القطاع العام,خدمة إلكترونية جزئيا,2026/01/27,"34,796,361"
الخدمات الرقمية,عام,القطاع العام,خدمة إلكترونية جزئيا,2026/01/27,"34,796,455"
الخدمات الرقمية,عام,القطاع العام,خدمة إلكترونية جزئيا,2026/01/27,"34,796,475"
الخدمات الرقمية,عام,القطاع العام,خدمة إلكترونية جزئيا,2026/01/27,"34,796,536"
الخدمات الرقمية,عام,القطاع العام,خدمة إلكترونية جزئيا,2026/01/27,"34,796,633"
الخدمات الرقمية,عام,القطاع العام,خدمة إلكترونية جزئيا,2026/01/27,"34,796,685"
الخدمات الرقمية,عام,القطاع العام,خدمة إلكترونية جزئيا,2026/01/27,"34,796,806"
الخدمات الرقمية,عام,القطاع العام,خدمة إلكترونية جزئيا,2026/01/27,"34,795,506"
الخدمات الرقمية,عام,القطاع العام,خدمة إلكترونية جزئيا,2026/01/27,"34,795,529"
الخدمات الرقمية,عام,القطاع العام,خدمة إلكترونية جزئيا,2026/01/27,"34,795,567"
الخدمات الرقمية,عام,القطاع العام,خدمة إلكترونية جزئيا,2026/01/27,"34,795,615"
الخدمات الرقمية,عام,القطاع العام,خدمة إلكترونية جزئيا,2026/01/27,"34,795,621"
الخدمات الرقمية,عام,القطاع العام,خدمة إلكترونية جزئيا,2026/01/27,"34,795,675"
الخدمات الرقمية,عام,القطاع العام,خدمة إلكترونية جزئيا,2026/01/27,"34,795,805"
الخدمات الرقمية,عام,القطاع العام,خدمة إلكترونية جزئيا,2026/01/27,"34,796,051"
الخدمات الرقمية,عام,القطاع العام,خدمة إلكترونية جزئيا,2026/01/27,"34,796,114"
الخدمات الرقمية,عام,القطاع العام,خدمة إلكترونية جزئيا,2026/01/27,"34,796,205"
الخدمات الرقمية,عام,القطاع العام,خدمة إلكترونية جزئيا,2026/01/27,"34,796,228"
الخدمات الرقمية,عام,القطاع العام,خدمة إلكترونية جزئيا,2026/01/27,"34,796,236"
الخدمات الرقمية,عام,القطاع العام,خدمة إلكترونية جزئيا,2026/01/27,"34,796,459"
الخدمات الرقمية,عام,القطاع العام,خدمة إلكترونية جزئيا,2026/01/27,"34,796,522"
الخدمات الرقمية,عام,القطاع العام,خدمة إلكترونية جزئيا,2026/01/27,"34,796,553"
الخدمات الرقمية,عام,القطاع العام,خدمة إلكترونية جزئيا,2026/01/27,"34,796,574"
الخدمات الرقمية,عام,القطاع العام,خدمة إلكترونية جزئيا,2026/01/27,"34,796,651"
الخدمات الرقمية,عام,القطاع العام,خدمة إلكترونية جزئيا,2026/01/27,"34,796,677"
الخدمات الرقمية,عام,القطاع العام,خدمة إلكترونية جزئيا,2026/01/27,"34,796,746"
الخدمات الرقمية,عام,القطاع العام,خدمة إلكترونية جزئيا,2026/01/27,"34,796,748"
الخدمات الرقمية,عام,القطاع العام,خدمة إلكترونية جزئيا,2026/01/27,"34,796,811"
الخدمات الرقمية,عام,القطاع العام,خدمة إلكترونية جزئيا,2026/01/27,"34,796,813"
الخدمات الرقمية,عام,القطاع العام,خدمة إلكترونية جزئيا,2026/01/27,"34,796,080"
الخدمات الرقمية,عام,القطاع العام,خدمة إلكترونية جزئيا,2026/01/27,"34,796,084"
الخدمات الرقمية,عام,القطاع العام,خدمة إلكترونية جزئيا,2026/01/27,"34,796,108"
الخدمات الرقمية,عام,القطاع العام,خدمة إلكترونية جزئيا,2026/01/27,"34,796,661"
الخدمات الرقمية,عام,القطاع العام,خدمة إلكترونية جزئيا,2026/01/27,"34,796,717"
الخدمات الرقمية,عام,القطاع العام,خدمة إلكترونية جزئيا,2026/01/27,"34,796,751"
الخدمات الرقمية,عام,القطاع العام,خدمة إلكترونية جزئيا,2026/01/27,"34,796,774"
الخدمات الرقمية,عام,القطاع العام,خدمة إلكترونية جزئيا,2026/01/27,"34,796,775"
الخدمات الرقمية,عام,القطاع العام,خدمة إلكترونية جزئيا,2026/01/27,"34,796,831"
الخدمات الرقمية,عام,القطاع العام,خدمة إلكترونية جزئيا,2026/01/27,"34,796,860"
الخدمات الرقمية,عام,القطاع العام,خدمة إلكترونية جزئيا,2026/01/27,"34,797,010"
الخدمات الرقمية,عام,القطاع العام,خدمة إلكترونية جزئيا,2026/01/27,"34,797,201"
الخدمات الرقمية,عام,القطاع العام,خدمة إلكترونية جزئيا,2026/01/27,"34,797,274"
الخدمات الرقمية,عام,القطاع العام,خدمة إلكترونية جزئيا,2026/01/27,"34,797,286"
الخدمات الرقمية,عام,القطاع العام,خدمة إلكترونية جزئيا,2026/01/27,"34,797,320"
الخدمات الرقمية,عام,القطاع العام,خدمة إلكترونية جزئيا,2026/01/27,"34,797,338"
الخدمات الرقمية,عام,القطاع العام,خدمة إلكترونية جزئيا,2026/01/27,"34,797,358"
الخدمات الرقمية,عام,القطاع العام,خدمة إلكترونية جزئيا,2026/01/27,"34,797,359"
الخدمات الرقمية,عام,القطاع العام,خدمة إلكترونية جزئيا,2026/01/27,"34,797,457"
الخدمات الرقمية,عام,القطاع العام,خدمة إلكترونية جزئيا,2026/01/27,"34,796,140"
الخدمات الرقمية,عام,القطاع العام,خدمة إلكترونية جزئيا,2026/01/27,"34,796,209"
الخدمات الرقمية,عام,القطاع العام,خدمة إلكترونية جزئيا,2026/01/27,"34,796,213"
الخدمات الرقمية,عام,القطاع العام,خدمة إلكترونية جزئيا,2026/01/27,"34,796,277"
الخدمات الرقمية,عام,القطاع العام,خدمة إلكترونية جزئيا,2026/01/27,"34,796,348"
الخدمات الرقمية,عام,القطاع العام,خدمة إلكترونية جزئيا,2026/01/27,"34,796,396"
الخدمات الرقمية,عام,القطاع العام,خدمة إلكترونية جزئيا,2026/01/27,"34,796,438"
الخدمات الرقمية,عام,القطاع العام,خدمة إلكترونية جزئيا,2026/01/27,"34,796,490"
الخدمات الرقمية,عام,القطاع العام,خدمة إلكترونية جزئيا,2026/01/27,"34,796,500"
الخدمات الرقمية,عام,القطاع العام,خدمة إلكترونية جزئيا,2026/01/27,"34,796,514"
الخدمات الرقمية,عام,القطاع العام,خدمة إلكترونية جزئيا,2026/01/27,"34,796,569"
الخدمات الرقمية,عام,القطاع العام,خدمة إلكترونية جزئيا,2026/01/27,"34,796,649"
الخدمات الرقمية,عام,القطاع العام,خدمة إلكترونية جزئيا,2026/01/27,"34,796,655"
الخدمات الرقمية,عام,القطاع العام,خدمة إلكترونية جزئيا,2026/01/27,"34,796,669"
الخدمات الرقمية,عام,القطاع العام,خدمة إلكترونية جزئيا,2026/01/27,"34,796,680"
الخدمات الرقمية,عام,القطاع العام,خدمة إلكترونية جزئيا,2026/01/27,"34,796,722"
الخدمات الرقمية,عام,القطاع العام,خدمة إلكترونية جزئيا,2026/01/27,"34,796,842"
الخدمات الرقمية,عام,القطاع العام,خدمة إلكترونية جزئيا,2026/01/27,"34,796,876"
الخدمات الرقمية,عام,القطاع العام,خدمة إلكترونية جزئيا,2026/01/27,"34,796,878"
الخدمات الرقمية,عام,القطاع العام,خدمة إلكترونية جزئيا,2026/01/27,"34,797,054"
الخدمات الرقمية,عام,القطاع العام,خدمة إلكترونية جزئيا,2026/01/27,"34,797,229"
الخدمات الرقمية,عام,القطاع العام,خدمة إلكترونية جزئيا,2026/01/27,"34,797,243"
الخدمات الرقمية,عام,القطاع العام,خدمة إلكترونية جزئيا,2026/01/27,"34,797,256"
الخدمات الرقمية,عام,القطاع العام,خدمة إلكترونية جزئيا,2026/01/27,"34,797,295"
الخدمات الرقمية,عام,القطاع العام,خدمة إلكترونية جزئيا,2026/01/27,"34,797,409"
الخدمات الرقمية,عام,القطاع العام,خدمة إلكترونية جزئيا,2026/01/27,"34,797,433"
الخدمات الرقمية,عام,القطاع العام,خدمة إلكترونية جزئيا,2026/01/27,"34,797,450"
الخدمات الرقمية,عام,القطاع العام,خدمة إلكترونية جزئيا,2026/01/27,"34,797,558"
الخدمات الرقمية,عام,القطاع العام,خدمة إلكترونية جزئيا,2026/01/27,"34,797,573"
الخدمات الرقمية,عام,القطاع العام,خدمة إلكترونية جزئيا,2026/01/27,"34,797,637"
الخدمات الرقمية,عام,القطاع العام,خدمة إلكترونية جزئيا,2026/01/27,"34,797,639"
الخدمات الرقمية,عام,القطاع العام,خدمة إلكترونية جزئيا,2026/01/27,"34,797,671"
الخدمات الرقمية,عام,القطاع العام,خدمة إلكترونية جزئيا,2026/01/27,"34,797,673"
الخدمات الرقمية,عام,القطاع العام,خدمة إلكترونية جزئيا,2026/01/27,"34,795,391"
الخدمات الرقمية,عام,القطاع العام,خدمة إلكترونية جزئيا,2026/01/27,"34,795,582"
الخدمات الرقمية,عام,القطاع العام,خدمة إلكترونية جزئيا,2026/01/27,"34,795,717"
الخدمات الرقمية,عام,القطاع العام,خدمة إلكترونية جزئيا,2026/01/27,"34,795,780"
الخدمات الرقمية,عام,القطاع العام,خدمة إلكترونية جزئيا,2026/01/27,"34,795,912"
الخدمات الرقمية,عام,القطاع العام,خدمة إلكترونية جزئيا,2026/01/27,"34,796,000"
الخدمات الرقمية,عام,القطاع العام,خدمة إلكترونية جزئيا,2026/01/27,"34,796,187"
الخدمات الرقمية,عام,القطاع العام,خدمة إلكترونية جزئيا,2026/01/27,"34,796,194"
الخدمات الرقمية,عام,القطاع العام,خدمة إلكترونية جزئيا,2026/01/27,"34,796,197"
الخدمات الرقمية,عام,القطاع العام,خدمة إلكترونية جزئيا,2026/01/27,"34,796,248"
الخدمات الرقمية,عام,القطاع العام,خدمة إلكترونية جزئيا,2026/01/27,"34,796,268"
الخدمات الرقمية,عام,القطاع العام,خدمة إلكترونية جزئيا,2026/01/27,"34,796,293"
الخدمات الرقمية,عام,القطاع العام,خدمة إلكترونية جزئيا,2026/01/27,"34,795,091"
الخدمات الرقمية,عام,القطاع العام,خدمة إلكترونية جزئيا,2026/01/27,"34,795,093"
الخدمات الرقمية,عام,القطاع العام,خدمة إلكترونية جزئيا,2026/01/27,"34,795,185"
الخدمات الرقمية,عام,القطاع العام,خدمة إلكترونية جزئيا,2026/01/27,"34,795,400"
الخدمات الرقمية,عام,القطاع العام,خدمة إلكترونية جزئيا,2026/01/27,"34,795,480"
الخدمات الرقمية,عام,القطاع العام,خدمة إلكترونية جزئيا,2026/01/27,"34,795,570"
الخدمات الرقمية,عام,القطاع العام,خدمة إلكترونية جزئيا,2026/01/27,"34,795,571"
الخدمات الرقمية,عام,القطاع العام,خدمة إلكترونية جزئيا,2026/01/27,"34,795,598"
الخدمات الرقمية,عام,القطاع العام,خدمة إلكترونية جزئيا,2026/01/27,"34,795,599"
الخدمات الرقمية,عام,القطاع العام,خدمة إلكترونية جزئيا,2026/01/27,"34,795,618"
الخدمات الرقمية,عام,القطاع العام,خدمة إلكترونية جزئيا,2026/01/27,"34,795,747"
الخدمات الرقمية,عام,القطاع العام,خدمة إلكترونية جزئيا,2026/01/27,"34,795,835"
الخدمات الرقمية,عام,القطاع العام,خدمة إلكترونية جزئيا,2026/01/27,"34,795,838"
الخدمات الرقمية,عام,القطاع العام,خدمة إلكترونية جزئيا,2026/01/27,"34,795,948"
الخدمات الرقمية,عام,القطاع العام,خدمة إلكترونية جزئيا,2026/01/27,"34,795,991"
الخدمات الرقمية,عام,القطاع العام,خدمة إلكترونية جزئيا,2026/01/27,"34,796,040"
الخدمات الرقمية,عام,القطاع العام,خدمة إلكترونية جزئيا,2026/01/27,"34,795,146"
الخدمات الرقمية,عام,القطاع العام,خدمة إلكترونية جزئيا,2026/01/27,"34,795,168"
الخدمات الرقمية,عام,القطاع العام,خدمة إلكترونية جزئيا,2026/01/27,"34,795,762"
الخدمات الرقمية,عام,القطاع العام,خدمة إلكترونية جزئيا,2026/01/27,"34,795,784"
الخدمات الرقمية,عام,القطاع العام,خدمة إلكترونية جزئيا,2026/01/27,"34,796,590"
الخدمات الرقمية,عام,القطاع العام,خدمة إلكترونية جزئيا,2026/01/27,"34,796,619"
الخدمات الرقمية,عام,القطاع العام,خدمة إلكترونية جزئيا,2026/01/27,"34,796,704"
الخدمات الرقمية,عام,القطاع العام,خدمة إلكترونية جزئيا,2026/01/27,"34,796,756"
الخدمات الرقمية,عام,القطاع العام,خدمة إلكترونية جزئيا,2026/01/27,"34,796,853"
الخدمات الرقمية,عام,القطاع العام,خدمة إلكترونية جزئيا,2026/01/27,"34,796,927"
الخدمات الرقمية,عام,القطاع العام,خدمة إلكترونية جزئيا,2026/01/27,"34,797,068"
الخدمات الرقمية,عام,القطاع العام,خدمة إلكترونية جزئيا,2026/01/27,"34,797,087"
الخدمات الرقمية,عام,القطاع العام,خدمة إلكترونية جزئيا,2026/01/27,"34,797,113"
الخدمات الرقمية,عام,القطاع العام,خدمة إلكترونية جزئيا,2026/01/27,"34,797,129"
الخدمات الرقمية,عام,القطاع العام,خدمة إلكترونية جزئيا,2026/01/27,"34,797,138"
الخدمات الرقمية,عام,القطاع العام,خدمة إلكترونية جزئيا,2026/01/27,"34,795,144"
الخدمات الرقمية,عام,القطاع العام,خدمة إلكترونية جزئيا,2026/01/27,"34,795,166"
الخدمات الرقمية,عام,القطاع العام,خدمة إلكترونية جزئيا,2026/01/27,"34,795,358"
الخدمات الرقمية,عام,القطاع العام,خدمة إلكترونية جزئيا,2026/01/27,"34,795,368"
الخدمات الرقمية,عام,القطاع العام,خدمة إلكترونية جزئيا,2026/01/27,"34,795,478"
الخدمات الرقمية,عام,القطاع العام,خدمة إلكترونية جزئيا,2026/01/27,"34,795,623"
الخدمات الرقمية,عام,القطاع العام,خدمة إلكترونية جزئيا,2026/01/27,"34,795,667"
الخدمات الرقمية,عام,القطاع العام,خدمة إلكترونية جزئيا,2026/01/27,"34,795,684"
الخدمات الرقمية,عام,القطاع العام,خدمة إلكترونية جزئيا,2026/01/27,"34,795,877"
الخدمات الرقمية,عام,القطاع العام,خدمة إلكترونية جزئيا,2026/01/27,"34,795,895"
الخدمات الرقمية,عام,القطاع العام,خدمة إلكترونية جزئيا,2026/01/27,"34,796,224"
الخدمات الرقمية,عام,القطاع العام,خدمة إلكترونية جزئيا,2026/01/27,"34,796,352"
الخدمات الرقمية,عام,القطاع العام,خدمة إلكترونية جزئيا,2026/01/27,"34,795,181"
الخدمات الرقمية,عام,القطاع العام,خدمة إلكترونية جزئيا,2026/01/27,"34,795,347"
الخدمات الرقمية,عام,القطاع العام,خدمة إلكترونية جزئيا,2026/01/27,"34,795,375"
الخدمات الرقمية,عام,القطاع العام,خدمة إلكترونية جزئيا,2026/01/27,"34,795,405"
الخدمات الرقمية,عام,القطاع العام,خدمة إلكترونية جزئيا,2026/01/27,"34,796,450"
الخدمات الرقمية,عام,القطاع العام,خدمة إلكترونية جزئيا,2026/01/27,"34,796,473"
الخدمات الرقمية,عام,القطاع العام,خدمة إلكترونية جزئيا,2026/01/27,"34,796,571"
الخدمات الرقمية,عام,القطاع العام,خدمة إلكترونية جزئيا,2026/01/27,"34,796,719"
الخدمات الرقمية,عام,القطاع العام,خدمة إلكترونية جزئيا,2026/01/27,"34,796,931"
الخدمات الرقمية,عام,القطاع العام,خدمة إلكترونية جزئيا,2026/01/27,"34,796,932"
الخدمات الرقمية,عام,القطاع العام,خدمة إلكترونية جزئيا,2026/01/27,"34,796,222"
الخدمات الرقمية,عام,القطاع العام,خدمة إلكترونية جزئيا,2026/01/27,"34,796,230"
الخدمات الرقمية,عام,القطاع العام,خدمة إلكترونية جزئيا,2026/01/27,"34,796,377"
الخدمات الرقمية,عام,القطاع العام,خدمة إلكترونية جزئيا,2026/01/27,"34,796,393"
الخدمات الرقمية,عام,القطاع العام,خدمة إلكترونية جزئيا,2026/01/27,"34,796,494"
الخدمات الرقمية,عام,القطاع العام,خدمة إلكترونية جزئيا,2026/01/27,"34,796,577"
الخدمات الرقمية,عام,القطاع العام,خدمة إلكترونية جزئيا,2026/01/27,"34,796,595"
الخدمات الرقمية,عام,القطاع العام,خدمة إلكترونية جزئيا,2026/01/27,"34,796,738"
الخدمات الرقمية,عام,القطاع العام,خدمة إلكترونية جزئيا,2026/01/27,"34,796,829"
الخدمات الرقمية,عام,القطاع العام,خدمة إلكترونية جزئيا,2026/01/27,"34,796,844"
الخدمات الرقمية,عام,القطاع العام,خدمة إلكترونية جزئيا,2026/01/27,"34,796,945"
الخدمات الرقمية,عام,القطاع العام,خدمة إلكترونية جزئيا,2026/01/27,"34,796,955"
الخدمات الرقمية,عام,القطاع العام,خدمة إلكترونية جزئيا,2026/01/27,"34,795,827"
الخدمات الرقمية,عام,القطاع العام,خدمة إلكترونية جزئيا,2026/01/27,"34,795,857"
الخدمات الرقمية,عام,القطاع العام,خدمة إلكترونية جزئيا,2026/01/27,"34,795,871"
الخدمات الرقمية,عام,القطاع العام,خدمة إلكترونية جزئيا,2026/01/27,"34,795,968"
الخدمات الرقمية,عام,القطاع العام,خدمة إلكترونية جزئيا,2026/01/27,"34,796,030"
الخدمات الرقمية,عام,القطاع العام,خدمة إلكترونية جزئيا,2026/01/27,"34,796,031"
الخدمات الرقمية,عام,القطاع العام,خدمة إلكترونية جزئيا,2026/01/27,"34,796,134"
الخدمات الرقمية,عام,القطاع العام,خدمة إلكترونية جزئيا,2026/01/27,"34,796,192"
الخدمات الرقمية,عام,القطاع العام,خدمة إلكترونية جزئيا,2026/01/27,"34,796,285"
الخدمات الرقمية,عام,القطاع العام,خدمة إلكترونية جزئيا,2026/01/27,"34,796,346"
الخدمات الرقمية,عام,القطاع العام,خدمة إلكترونية جزئيا,2026/01/27,"34,796,492"
الخدمات الرقمية,عام,القطاع العام,خدمة إلكترونية جزئيا,2026/01/27,"34,796,562"
الخدمات الرقمية,عام,القطاع العام,خدمة إلكترونية جزئيا,2026/01/27,"34,796,905"
الخدمات الرقمية,عام,القطاع العام,خدمة إلكترونية جزئيا,2026/01/27,"34,796,997"
الخدمات الرقمية,عام,القطاع العام,خدمة إلكترونية جزئيا,2026/01/27,"34,797,049"
الخدمات الرقمية,عام,القطاع العام,خدمة إلكترونية جزئيا,2026/01/27,"34,795,463"
الخدمات الرقمية,عام,القطاع العام,خدمة إلكترونية جزئيا,2026/01/27,"34,795,686"
الخدمات الرقمية,عام,القطاع العام,خدمة إلكترونية جزئيا,2026/01/27,"34,795,693"
الخدمات الرقمية,عام,القطاع العام,خدمة إلكترونية جزئيا,2026/01/27,"34,795,695"
الخدمات الرقمية,عام,القطاع العام,خدمة إلكترونية جزئيا,2026/01/27,"34,795,736"
الخدمات الرقمية,عام,القطاع العام,خدمة إلكترونية جزئيا,2026/01/27,"34,795,797"
الخدمات الرقمية,عام,القطاع العام,خدمة إلكترونية جزئيا,2026/01/27,"34,795,851"
الخدمات الرقمية,عام,القطاع العام,خدمة إلكترونية جزئيا,2026/01/27,"34,795,970"
الخدمات الرقمية,عام,القطاع العام,خدمة إلكترونية جزئيا,2026/01/27,"34,795,980"
الخدمات الرقمية,عام,القطاع العام,خدمة إلكترونية جزئيا,2026/01/27,"34,795,998"
الخدمات الرقمية,عام,القطاع العام,خدمة إلكترونية جزئيا,2026/01/27,"34,796,056"
الخدمات الرقمية,عام,القطاع العام,خدمة إلكترونية جزئيا,2026/01/27,"34,796,254"
الخدمات الرقمية,عام,القطاع العام,خدمة إلكترونية جزئيا,2026/01/27,"34,796,326"
الخدمات الرقمية,عام,القطاع العام,خدمة إلكترونية جزئيا,2026/01/27,"34,797,072"
الخدمات الرقمية,عام,القطاع العام,خدمة إلكترونية جزئيا,2026/01/27,"34,797,091"
الخدمات الرقمية,عام,القطاع العام,خدمة إلكترونية جزئيا,2026/01/27,"34,797,096"
الخدمات الرقمية,عام,القطاع العام,خدمة إلكترونية جزئيا,2026/01/27,"34,797,154"
الخدمات الرقمية,عام,القطاع العام,خدمة إلكترونية جزئيا,2026/01/27,"34,797,157"
الخدمات الرقمية,عام,القطاع العام,خدمة إلكترونية جزئيا,2026/01/27,"34,797,213"
الخدمات الرقمية,عام,القطاع العام,خدمة إلكترونية جزئيا,2026/01/27,"34,797,215"
الخدمات الرقمية,عام,القطاع العام,خدمة إلكترونية جزئيا,2026/01/27,"34,797,298"
الخدمات الرقمية,عام,القطاع العام,خدمة إلكترونية جزئيا,2026/01/27,"34,797,415"
الخدمات الرقمية,عام,القطاع العام,خدمة إلكترونية جزئيا,2026/01/27,"34,797,425"
الخدمات الرقمية,عام,القطاع العام,خدمة إلكترونية جزئيا,2026/01/27,"34,797,436"
الخدمات الرقمية,عام,القطاع العام,خدمة إلكترونية جزئيا,2026/01/27,"34,797,463"
الخدمات الرقمية,عام,القطاع العام,خدمة إلكترونية جزئيا,2026/01/27,"34,797,566"
الخدمات الرقمية,عام,القطاع العام,خدمة إلكترونية جزئيا,2026/01/27,"34,797,594"
الخدمات الرقمية,عام,القطاع العام,خدمة إلكترونية جزئيا,2026/01/27,"34,795,862"
الخدمات الرقمية,عام,القطاع العام,خدمة إلكترونية جزئيا,2026/01/27,"34,795,953"
الخدمات الرقمية,عام,القطاع العام,خدمة إلكترونية جزئيا,2026/01/27,"34,796,072"
الخدمات الرقمية,عام,القطاع العام,خدمة إلكترونية جزئيا,2026/01/27,"34,796,121"
الخدمات الرقمية,عام,القطاع العام,خدمة إلكترونية جزئيا,2026/01/27,"34,796,156"
الخدمات الرقمية,عام,القطاع العام,خدمة إلكترونية جزئيا,2026/01/27,"34,796,297"
الخدمات الرقمية,عام,القطاع العام,خدمة إلكترونية جزئيا,2026/01/27,"34,796,136"
الخدمات الرقمية,عام,القطاع العام,خدمة إلكترونية جزئيا,2026/01/27,"34,796,184"
الخدمات الرقمية,عام,القطاع العام,خدمة إلكترونية جزئيا,2026/01/27,"34,796,281"
الخدمات الرقمية,عام,القطاع العام,خدمة إلكترونية جزئيا,2026/01/27,"34,796,287"
الخدمات الرقمية,عام,القطاع العام,خدمة إلكترونية جزئيا,2026/01/27,"34,796,356"
الخدمات الرقمية,عام,القطاع العام,خدمة إلكترونية جزئيا,2026/01/27,"34,796,369"
الخدمات الرقمية,عام,القطاع العام,خدمة إلكترونية جزئيا,2026/01/27,"34,796,444"
الخدمات الرقمية,عام,القطاع العام,خدمة إلكترونية جزئيا,2026/01/27,"34,796,497"
الخدمات الرقمية,عام,القطاع العام,خدمة إلكترونية جزئيا,2026/01/27,"34,796,783"
الخدمات الرقمية,عام,القطاع العام,خدمة إلكترونية جزئيا,2026/01/27,"34,796,820"
الخدمات الرقمية,عام,القطاع العام,خدمة إلكترونية جزئيا,2026/01/27,"34,796,834"
الخدمات الرقمية,عام,القطاع العام,خدمة إلكترونية جزئيا,2026/01/27,"34,796,938"
الخدمات الرقمية,عام,القطاع العام,خدمة إلكترونية جزئيا,2026/01/27,"34,796,949"
الخدمات الرقمية,عام,القطاع العام,خدمة إلكترونية جزئيا,2026/01/27,"34,796,957"
الخدمات الرقمية,عام,القطاع العام,خدمة إلكترونية جزئيا,2026/01/27,"34,796,307"
الخدمات الرقمية,عام,القطاع العام,خدمة إلكترونية جزئيا,2026/01/27,"34,796,414"
الخدمات الرقمية,عام,القطاع العام,خدمة إلكترونية جزئيا,2026/01/27,"34,796,468"
الخدمات الرقمية,عام,القطاع العام,خدمة إلكترونية جزئيا,2026/01/27,"34,796,505"
الخدمات الرقمية,عام,القطاع العام,خدمة إلكترونية جزئيا,2026/01/27,"34,796,531"
الخدمات الرقمية,عام,القطاع العام,خدمة إلكترونية جزئيا,2026/01/27,"34,796,610"
الخدمات الرقمية,عام,القطاع العام,خدمة إلكترونية جزئيا,2026/01/27,"34,796,687"
الخدمات الرقمية,عام,القطاع العام,خدمة إلكترونية جزئيا,2026/01/27,"34,796,309"
الخدمات الرقمية,عام,القطاع العام,خدمة إلكترونية جزئيا,2026/01/27,"34,796,390"
الخدمات الرقمية,عام,القطاع العام,خدمة إلكترونية جزئيا,2026/01/27,"34,796,559"
الخدمات الرقمية,عام,القطاع العام,خدمة إلكترونية جزئيا,2026/01/27,"34,796,588"
الخدمات الرقمية,عام,القطاع العام,خدمة إلكترونية جزئيا,2026/01/27,"34,796,612"
الخدمات الرقمية,عام,القطاع العام,خدمة إلكترونية جزئيا,2026/01/27,"34,796,615"
الخدمات الرقمية,عام,القطاع العام,خدمة إلكترونية جزئيا,2026/01/27,"34,796,706"
الخدمات الرقمية,عام,القطاع العام,خدمة إلكترونية جزئيا,2026/01/27,"34,796,762"
الخدمات الرقمية,عام,القطاع العام,خدمة إلكترونية جزئيا,2026/01/27,"34,796,848"
الخدمات الرقمية,عام,القطاع العام,خدمة إلكترونية جزئيا,2026/01/27,"34,797,549"
الخدمات الرقمية,عام,القطاع العام,خدمة إلكترونية جزئيا,2026/01/27,"34,797,682"
الخدمات الرقمية,عام,القطاع العام,خدمة إلكترونية جزئيا,2026/01/27,"34,796,765"
الخدمات الرقمية,عام,القطاع العام,خدمة إلكترونية جزئيا,2026/01/27,"34,796,972"
الخدمات الرقمية,عام,القطاع العام,خدمة إلكترونية جزئيا,2026/01/27,"34,796,982"
الخدمات الرقمية,عام,القطاع العام,خدمة إلكترونية جزئيا,2026/01/27,"34,796,985"
الخدمات الرقمية,عام,القطاع العام,خدمة إلكترونية جزئيا,2026/01/27,"34,797,027"
الخدمات الرقمية,عام,القطاع العام,خدمة إلكترونية جزئيا,2026/01/27,"34,797,074"
الخدمات الرقمية,عام,القطاع العام,خدمة إلكترونية جزئيا,2026/01/27,"34,797,102"
الخدمات الرقمية,عام,القطاع العام,خدمة إلكترونية جزئيا,2026/01/27,"34,797,119"
الخدمات الرقمية,عام,القطاع العام,خدمة إلكترونية جزئيا,2026/01/27,"34,797,182"
الخدمات الرقمية,عام,القطاع العام,خدمة إلكترونية جزئيا,2026/01/27,"34,797,253"
الخدمات الرقمية,عام,القطاع العام,خدمة إلكترونية جزئيا,2026/01/27,"34,797,271"
الخدمات الرقمية,عام,القطاع العام,خدمة إلكترونية جزئيا,2026/01/27,"34,797,307"
الخدمات الرقمية,عام,القطاع العام,خدمة إلكترونية جزئيا,2026/01/27,"34,797,380"
الخدمات الرقمية,عام,القطاع العام,خدمة إلكترونية جزئيا,2026/01/27,"34,797,596"
الخدمات الرقمية,عام,القطاع العام,خدمة إلكترونية جزئيا,2026/01/27,"34,797,614"
الخدمات الرقمية,عام,القطاع العام,خدمة إلكترونية جزئيا,2026/01/27,"34,797,668"
الخدمات الرقمية,عام,القطاع العام,خدمة إلكترونية جزئيا,2026/01/27,"34,796,329"
الخدمات الرقمية,عام,القطاع العام,خدمة إلكترونية جزئيا,2026/01/27,"34,796,430"
الخدمات الرقمية,عام,القطاع العام,خدمة إلكترونية جزئيا,2026/01/27,"34,796,432"
الخدمات الرقمية,عام,القطاع العام,خدمة إلكترونية جزئيا,2026/01/27,"34,796,539"
الخدمات الرقمية,عام,القطاع العام,خدمة إلكترونية جزئيا,2026/01/27,"34,796,548"
الخدمات الرقمية,عام,القطاع العام,خدمة إلكترونية جزئيا,2026/01/27,"34,796,674"
الخدمات الرقمية,عام,القطاع العام,خدمة إلكترونية جزئيا,2026/01/27,"34,796,922"
الخدمات الرقمية,عام,القطاع العام,خدمة إلكترونية جزئيا,2026/01/27,"34,796,980"
الخدمات الرقمية,عام,القطاع العام,خدمة إلكترونية جزئيا,2026/01/27,"34,797,100"
الخدمات الرقمية,عام,القطاع العام,خدمة إلكترونية جزئيا,2026/01/27,"34,797,107"
الخدمات الرقمية,عام,القطاع العام,خدمة إلكترونية جزئيا,2026/01/27,"34,797,265"
الخدمات الرقمية,عام,القطاع العام,خدمة إلكترونية جزئيا,2026/01/27,"34,797,300"
الخدمات الرقمية,عام,القطاع العام,خدمة إلكترونية جزئيا,2026/01/27,"34,797,353"
الخدمات الرقمية,عام,القطاع العام,خدمة إلكترونية جزئيا,2026/01/27,"34,797,371"
الخدمات الرقمية,عام,القطاع العام,خدمة إلكترونية جزئيا,2026/01/27,"34,795,467"
الخدمات الرقمية,عام,القطاع العام,خدمة إلكترونية جزئيا,2026/01/27,"34,795,469"
الخدمات الرقمية,عام,القطاع العام,خدمة إلكترونية جزئيا,2026/01/27,"34,795,474"
الخدمات الرقمية,عام,القطاع العام,خدمة إلكترونية جزئيا,2026/01/27,"34,795,503"
الخدمات الرقمية,عام,القطاع العام,خدمة إلكترونية جزئيا,2026/01/27,"34,795,536"
الخدمات الرقمية,عام,القطاع العام,خدمة إلكترونية جزئيا,2026/01/27,"34,795,538"
الخدمات الرقمية,عام,القطاع العام,خدمة إلكترونية جزئيا,2026/01/27,"34,795,543"
الخدمات الرقمية,عام,القطاع العام,خدمة إلكترونية جزئيا,2026/01/27,"34,795,705"
الخدمات الرقمية,عام,القطاع العام,خدمة إلكترونية جزئيا,2026/01/27,"34,795,752"
الخدمات الرقمية,عام,القطاع العام,خدمة إلكترونية جزئيا,2026/01/27,"34,795,898"
الخدمات الرقمية,عام,القطاع العام,خدمة إلكترونية جزئيا,2026/01/27,"34,795,994"
الخدمات الرقمية,عام,القطاع العام,خدمة إلكترونية جزئيا,2026/01/27,"34,796,138"
الخدمات الرقمية,عام,القطاع العام,خدمة إلكترونية جزئيا,2026/01/27,"34,796,141"
الخدمات الرقمية,عام,القطاع العام,خدمة إلكترونية جزئيا,2026/01/27,"34,796,371"
الخدمات الرقمية,عام,القطاع العام,خدمة إلكترونية جزئيا,2026/01/27,"34,796,487"
الخدمات الرقمية,عام,القطاع العام,خدمة إلكترونية جزئيا,2026/01/27,"34,796,525"
الخدمات الرقمية,عام,القطاع العام,خدمة إلكترونية جزئيا,2026/01/27,"34,796,760"
الخدمات الرقمية,عام,القطاع العام,خدمة إلكترونية جزئيا,2026/01/27,"34,796,836"
الخدمات الرقمية,عام,القطاع العام,خدمة إلكترونية جزئيا,2026/01/27,"34,796,953"
الخدمات الرقمية,عام,القطاع العام,خدمة إلكترونية جزئيا,2026/01/27,"34,797,063"
الخدمات الرقمية,عام,القطاع العام,خدمة إلكترونية جزئيا,2026/01/27,"34,797,064"
الخدمات الرقمية,عام,القطاع العام,خدمة إلكترونية جزئيا,2026/01/27,"34,797,117"
الخدمات الرقمية,عام,القطاع العام,خدمة إلكترونية جزئيا,2026/01/27,"34,797,146"
الخدمات الرقمية,عام,القطاع العام,خدمة إلكترونية جزئيا,2026/01/27,"34,797,220"
الخدمات الرقمية,عام,القطاع العام,خدمة إلكترونية جزئيا,2026/01/27,"34,797,293"
الخدمات الرقمية,عام,القطاع العام,خدمة إلكترونية جزئيا,2026/01/27,"34,797,336"
الخدمات الرقمية,عام,القطاع العام,خدمة إلكترونية جزئيا,2026/01/27,"34,797,411"
الخدمات الرقمية,عام,القطاع العام,خدمة إلكترونية جزئيا,2026/01/27,"34,797,635"
الخدمات الرقمية,عام,القطاع العام,خدمة إلكترونية جزئيا,2026/01/27,"34,795,083"
الخدمات الرقمية,عام,القطاع العام,خدمة إلكترونية جزئيا,2026/01/27,"34,795,084"
الخدمات الرقمية,عام,القطاع العام,خدمة إلكترونية جزئيا,2026/01/27,"34,795,180"
الخدمات الرقمية,عام,القطاع العام,خدمة إلكترونية جزئيا,2026/01/27,"34,795,342"
الخدمات الرقمية,عام,القطاع العام,خدمة إلكترونية جزئيا,2026/01/27,"34,795,395"
الخدمات الرقمية,عام,القطاع العام,خدمة إلكترونية جزئيا,2026/01/27,"34,795,682"
الخدمات الرقمية,عام,القطاع العام,خدمة إلكترونية جزئيا,2026/01/27,"34,795,733"
الخدمات الرقمية,عام,القطاع العام,خدمة إلكترونية جزئيا,2026/01/27,"34,795,760"
الخدمات الرقمية,عام,القطاع العام,خدمة إلكترونية جزئيا,2026/01/27,"34,795,886"
الخدمات الرقمية,عام,القطاع العام,خدمة إلكترونية جزئيا,2026/01/27,"34,795,936"
الخدمات الرقمية,عام,القطاع العام,خدمة إلكترونية جزئيا,2026/01/27,"34,795,984"
الخدمات الرقمية,عام,القطاع العام,خدمة إلكترونية جزئيا,2026/01/27,"34,796,069"
الخدمات الرقمية,عام,القطاع العام,خدمة إلكترونية جزئيا,2026/01/27,"34,796,238"
الخدمات الرقمية,عام,القطاع العام,خدمة إلكترونية جزئيا,2026/01/27,"34,796,265"
الخدمات الرقمية,عام,القطاع العام,خدمة إلكترونية جزئيا,2026/01/27,"34,796,383"
الخدمات الرقمية,عام,القطاع العام,خدمة إلكترونية جزئيا,2026/01/27,"34,796,408"
الخدمات الرقمية,عام,القطاع العام,خدمة إلكترونية جزئيا,2026/01/27,"34,796,463"
الخدمات الرقمية,عام,القطاع العام,خدمة إلكترونية جزئيا,2026/01/27,"34,796,545"
الخدمات الرقمية,عام,القطاع العام,خدمة إلكترونية جزئيا,2026/01/27,"34,796,858"
الخدمات الرقمية,عام,القطاع العام,خدمة إلكترونية جزئيا,2026/01/27,"34,796,895"
الخدمات الرقمية,عام,القطاع العام,خدمة إلكترونية جزئيا,2026/01/27,"34,796,914"
الخدمات الرقمية,عام,القطاع العام,خدمة إلكترونية جزئيا,2026/01/27,"34,797,076"
الخدمات الرقمية,عام,القطاع العام,خدمة إلكترونية جزئيا,2026/01/27,"34,797,078"
الخدمات الرقمية,عام,القطاع العام,خدمة إلكترونية جزئيا,2026/01/27,"34,797,124"
الخدمات الرقمية,عام,القطاع العام,خدمة إلكترونية جزئيا,2026/01/27,"34,797,136"
الخدمات الرقمية,عام,القطاع العام,خدمة إلكترونية جزئيا,2026/01/27,"34,797,329"
الخدمات الرقمية,عام,القطاع العام,خدمة إلكترونية جزئيا,2026/01/27,"34,797,377"
الخدمات الرقمية,عام,القطاع العام,خدمة إلكترونية جزئيا,2026/01/27,"34,797,389"
الخدمات الرقمية,عام,القطاع العام,خدمة إلكترونية جزئيا,2026/01/27,"34,797,527"
الخدمات الرقمية,عام,القطاع العام,خدمة إلكترونية جزئيا,2026/01/27,"34,797,611"
الخدمات الرقمية,عام,القطاع العام,خدمة إلكترونية جزئيا,2026/01/27,"34,797,159"
الخدمات الرقمية,عام,القطاع العام,خدمة إلكترونية جزئيا,2026/01/27,"34,797,206"
الخدمات الرقمية,عام,القطاع العام,خدمة إلكترونية جزئيا,2026/01/27,"34,797,207"
الخدمات الرقمية,عام,القطاع العام,خدمة إلكترونية جزئيا,2026/01/27,"34,797,278"
الخدمات الرقمية,عام,القطاع العام,خدمة إلكترونية جزئيا,2026/01/27,"34,797,399"
الخدمات الرقمية,عام,القطاع العام,خدمة إلكترونية جزئيا,2026/01/27,"34,797,454"
الخدمات الرقمية,عام,القطاع العام,خدمة إلكترونية جزئيا,2026/01/27,"34,797,540"
الخدمات الرقمية,عام,القطاع العام,خدمة إلكترونية جزئيا,2026/01/27,"34,797,592"
الخدمات الرقمية,عام,القطاع العام,خدمة إلكترونية جزئيا,2026/01/27,"34,796,916"
الخدمات الرقمية,عام,القطاع العام,خدمة إلكترونية جزئيا,2026/01/27,"34,796,966"
الخدمات الرقمية,عام,القطاع العام,خدمة إلكترونية جزئيا,2026/01/27,"34,797,042"
الخدمات الرقمية,عام,القطاع العام,خدمة إلكترونية جزئيا,2026/01/27,"34,797,555"
الخدمات الرقمية,عام,القطاع العام,خدمة إلكترونية جزئيا,2026/01/27,"34,797,556"
الخدمات الرقمية,عام,القطاع العام,خدمة إلكترونية جزئيا,2026/01/27,"34,797,622"
الخدمات الرقمية,عام,القطاع العام,خدمة إلكترونية جزئيا,2026/01/27,"34,797,624"
الخدمات الرقمية,عام,القطاع العام,خدمة إلكترونية جزئيا,2026/01/27,"34,797,692"
الخدمات الرقمية,عام,القطاع العام,خدمة إلكترونية جزئيا,2026/01/27,"34,797,697"
الخدمات الرقمية,عام,القطاع العام,خدمة إلكترونية جزئيا,2026/01/27,"34,797,051"
الخدمات الرقمية,عام,القطاع العام,خدمة إلكترونية جزئيا,2026/01/27,"34,797,150"
الخدمات الرقمية,عام,القطاع العام,خدمة إلكترونية جزئيا,2026/01/27,"34,797,153"
الخدمات الرقمية,عام,القطاع العام,خدمة إلكترونية جزئيا,2026/01/27,"34,797,362"
الخدمات الرقمية,عام,القطاع العام,خدمة إلكترونية جزئيا,2026/01/27,"34,797,374"
الخدمات الرقمية,عام,القطاع العام,خدمة إلكترونية جزئيا,2026/01/27,"34,797,413"
الخدمات الرقمية,عام,القطاع العام,خدمة إلكترونية جزئيا,2026/01/27,"34,797,518"
الخدمات الرقمية,عام,القطاع العام,خدمة إلكترونية جزئيا,2026/01/27,"34,797,570"
الخدمات الرقمية,عام,القطاع العام,خدمة إلكترونية جزئيا,2026/01/27,"34,797,662"
الخدمات الرقمية,عام,القطاع العام,خدمة إلكترونية جزئيا,2026/01/27,"34,797,723"
الخدمات الرقمية,عام,القطاع العام,خدمة إلكترونية جزئيا,2026/01/27,"34,796,951"
الخدمات الرقمية,عام,القطاع العام,خدمة إلكترونية جزئيا,2026/01/27,"34,796,960"
الخدمات الرقمية,عام,القطاع العام,خدمة إلكترونية جزئيا,2026/01/27,"34,797,291"
الخدمات الرقمية,عام,القطاع العام,خدمة إلكترونية جزئيا,2026/01/27,"34,797,334"
الخدمات الرقمية,عام,القطاع العام,خدمة إلكترونية جزئيا,2026/01/27,"34,797,503"
الخدمات الرقمية,عام,القطاع العام,خدمة إلكترونية جزئيا,2026/01/27,"34,797,526"
الخدمات الرقمية,عام,القطاع العام,خدمة إلكترونية جزئيا,2026/01/27,"34,797,098"
الخدمات الرقمية,عام,القطاع العام,خدمة إلكترونية جزئيا,2026/01/27,"34,797,111"
الخدمات الرقمية,عام,القطاع العام,خدمة إلكترونية جزئيا,2026/01/27,"34,797,127"
الخدمات الرقمية,عام,القطاع العام,خدمة إلكترونية جزئيا,2026/01/27,"34,797,351"
الخدمات الرقمية,عام,القطاع العام,خدمة إلكترونية جزئيا,2026/01/27,"34,797,396"
الخدمات الرقمية,عام,القطاع العام,خدمة إلكترونية جزئيا,2026/01/27,"34,797,417"
الخدمات الرقمية,عام,القطاع العام,خدمة إلكترونية جزئيا,2026/01/27,"34,797,466"
الخدمات الرقمية,عام,القطاع العام,خدمة إلكترونية جزئيا,2026/01/27,"34,797,474"
الخدمات الرقمية,عام,القطاع العام,خدمة إلكترونية جزئيا,2026/01/27,"34,797,031"
الخدمات الرقمية,عام,القطاع العام,خدمة إلكترونية جزئيا,2026/01/27,"34,797,105"
الخدمات الرقمية,عام,القطاع العام,خدمة إلكترونية جزئيا,2026/01/27,"34,797,190"
الخدمات الرقمية,عام,القطاع العام,خدمة إلكترونية جزئيا,2026/01/27,"34,797,191"
الخدمات الرقمية,عام,القطاع العام,خدمة إلكترونية جزئيا,2026/01/27,"34,797,210"
الخدمات الرقمية,عام,القطاع العام,خدمة إلكترونية جزئيا,2026/01/27,"34,797,248"
الخدمات الرقمية,عام,القطاع العام,خدمة إلكترونية جزئيا,2026/01/27,"34,797,263"
الخدمات الرقمية,عام,القطاع العام,خدمة إلكترونية جزئيا,2026/01/27,"34,797,284"
الخدمات الرقمية,عام,القطاع العام,خدمة إلكترونية جزئيا,2026/01/27,"34,797,368"
الخدمات الرقمية,عام,القطاع العام,خدمة إلكترونية جزئيا,2026/01/27,"34,797,535"
الخدمات الرقمية,عام,القطاع العام,خدمة إلكترونية جزئيا,2026/01/27,"34,797,588"
الخدمات الرقمية,عام,القطاع العام,خدمة إلكترونية جزئيا,2026/01/27,"34,797,590"
الخدمات الرقمية,عام,القطاع العام,خدمة إلكترونية جزئيا,2026/01/27,"34,797,689"
الخدمات الرقمية,عام,القطاع العام,خدمة إلكترونية جزئيا,2026/01/27,"34,797,141"
الخدمات الرقمية,عام,القطاع العام,خدمة إلكترونية جزئيا,2026/01/27,"34,797,143"
الخدمات الرقمية,عام,القطاع العام,خدمة إلكترونية جزئيا,2026/01/27,"34,797,161"
الخدمات الرقمية,عام,القطاع العام,خدمة إلكترونية جزئيا,2026/01/27,"34,797,302"
الخدمات الرقمية,عام,القطاع العام,خدمة إلكترونية جزئيا,2026/01/27,"34,797,309"
الخدمات الرقمية,عام,القطاع العام,خدمة إلكترونية جزئيا,2026/01/27,"34,797,312"
الخدمات الرقمية,عام,القطاع العام,خدمة إلكترونية جزئيا,2026/01/27,"34,797,447"
الخدمات الرقمية,عام,القطاع العام,خدمة إلكترونية جزئيا,2026/01/27,"34,797,470"
الخدمات الرقمية,عام,القطاع العام,خدمة إلكترونية جزئيا,2026/01/27,"34,797,561"
الخدمات الرقمية,عام,القطاع العام,خدمة إلكترونية جزئيا,2026/01/27,"34,797,580"
الخدمات الرقمية,عام,القطاع العام,خدمة إلكترونية جزئيا,2026/01/27,"34,797,628"
الخدمات الرقمية,عام,القطاع العام,خدمة إلكترونية جزئيا,2026/01/27,"34,797,630"
الخدمات الرقمية,عام,القطاع العام,خدمة إلكترونية جزئيا,2026/01/27,"34,797,203"
الخدمات الرقمية,عام,القطاع العام,خدمة إلكترونية جزئيا,2026/01/27,"34,797,281"
الخدمات الرقمية,عام,القطاع العام,خدمة إلكترونية جزئيا,2026/01/27,"34,797,403"
الخدمات الرقمية,عام,القطاع العام,خدمة إلكترونية جزئيا,2026/01/27,"34,797,404"
الخدمات الرقمية,عام,القطاع العام,خدمة إلكترونية جزئيا,2026/01/27,"34,797,441"
الخدمات الرقمية,عام,القطاع العام,خدمة إلكترونية جزئيا,2026/01/27,"34,797,461"
الخدمات الرقمية,عام,القطاع العام,خدمة إلكترونية جزئيا,2026/01/27,"34,797,551"
الخدمات الرقمية,عام,القطاع العام,خدمة إلكترونية جزئيا,2026/01/27,"34,797,583"
الخدمات الرقمية,عام,القطاع العام,خدمة إلكترونية جزئيا,2026/01/27,"34,797,644"
الخدمات الرقمية,عام,القطاع العام,خدمة إلكترونية جزئيا,2026/01/27,"34,797,684"
الخدمات الرقمية,عام,القطاع العام,خدمة إلكترونية جزئيا,2026/01/27,"34,797,477"
الخدمات الرقمية,عام,القطاع العام,خدمة إلكترونية جزئيا,2026/01/27,"34,797,509"
الخدمات الرقمية,عام,القطاع العام,خدمة إلكترونية جزئيا,2026/01/27,"34,797,512"
الخدمات الرقمية,عام,القطاع العام,خدمة إلكترونية جزئيا,2026/01/27,"34,797,575"
الخدمات الرقمية,عام,القطاع العام,خدمة إلكترونية جزئيا,2026/01/27,"34,797,577"
الخدمات الرقمية,عام,القطاع العام,خدمة إلكترونية جزئيا,2026/01/27,"34,797,675"
الخدمات الرقمية,عام,القطاع العام,خدمة إلكترونية جزئيا,2026/01/27,"34,797,538"
الخدمات الرقمية,عام,القطاع العام,خدمة إلكترونية جزئيا,2026/01/27,"34,796,583"
الخدمات الرقمية,عام,القطاع العام,خدمة إلكترونية جزئيا,2026/01/27,"34,796,635"
الخدمات الرقمية,عام,القطاع العام,خدمة إلكترونية جزئيا,2026/01/27,"34,796,710"
الخدمات الرقمية,عام,القطاع العام,خدمة إلكترونية جزئيا,2026/01/27,"34,796,795"
الخدمات الرقمية,عام,القطاع العام,خدمة إلكترونية جزئيا,2026/01/27,"34,796,897"
الخدمات الرقمية,عام,القطاع العام,خدمة إلكترونية جزئيا,2026/01/27,"34,797,197"
الخدمات الرقمية,عام,القطاع العام,خدمة إلكترونية جزئيا,2026/01/27,"34,797,342"
الخدمات الرقمية,عام,القطاع العام,خدمة إلكترونية جزئيا,2026/01/27,"34,797,345"
الخدمات الرقمية,عام,القطاع العام,خدمة إلكترونية جزئيا,2026/01/27,"34,797,346"
الخدمات الرقمية,عام,القطاع العام,خدمة إلكترونية جزئيا,2026/01/27,"34,797,385"
الخدمات الرقمية,عام,القطاع العام,خدمة إلكترونية جزئيا,2026/01/27,"34,797,486"
الخدمات الرقمية,عام,القطاع العام,خدمة إلكترونية جزئيا,2026/01/27,"34,797,678"
 تبوك,تبوك,القطاع العام,خدمة إلكترونية جزئيا,2026/01/27,"34,789,242"
 الرياض,الرياض,القطاع العام,خدمة إلكترونية جزئيا,2026/01/27,"34,788,328"
 الرياض,الرياض,القطاع العام,خدمة إلكترونية جزئيا,2026/01/27,"34,799,087"
 الرياض,الرياض,القطاع العام,خدمة إلكترونية جزئيا,2026/01/27,"34,798,704"
 الرياض,الرياض,القطاع العام,خدمة إلكترونية جزئيا,2026/01/27,"34,796,740"
 الرياض,الرياض,القطاع العام,خدمة إلكترونية جزئيا,2026/01/27,"34,793,394"
 الرياض,الرياض,القطاع العام,خدمة إلكترونية جزئيا,2026/01/27,"34,791,478"
 الرياض,الرياض,القطاع العام,خدمة إلكترونية جزئيا,2026/01/27,"34,788,546"
 الرياض,الرياض,القطاع العام,خدمة إلكترونية جزئيا,2026/01/27,"34,790,073"
 الرياض,الرياض,القطاع العام,خدمة إلكترونية جزئيا,2026/01/27,"34,791,469"
 الرياض,الرياض,القطاع العام,خدمة إلكترونية جزئيا,2026/01/27,"34,789,730"
 تبوك,تبوك,القطاع العام,خدمة إلكترونية جزئيا,2026/01/27,"34,787,680"
 الرياض,الرياض,القطاع العام,خدمة إلكترونية جزئيا,2026/01/27,"34,805,639"
 الرياض,الرياض,القطاع العام,خدمة إلكترونية جزئيا,2026/01/27,"34,807,507"
 تبوك,تبوك,القطاع العام,خدمة إلكترونية جزئيا,2026/01/27,"34,792,469"
 الرياض,الرياض,القطاع العام,خدمة إلكترونية جزئيا,2026/01/27,"34,799,566"
 الرياض,الرياض,القطاع العام,خدمة إلكترونية جزئيا,2026/01/27,"34,796,732"
 الرياض,الرياض,القطاع العام,خدمة إلكترونية جزئيا,2026/01/27,"34,798,714"
 الرياض,الرياض,القطاع العام,خدمة إلكترونية جزئيا,2026/01/27,"34,798,317"
 الرياض,الرياض,القطاع العام,خدمة إلكترونية جزئيا,2026/01/27,"34,797,323"
 الرياض,الرياض,القطاع العام,خدمة إلكترونية جزئيا,2026/01/27,"34,797,870"
 الرياض,الرياض,القطاع العام,خدمة إلكترونية جزئيا,2026/01/27,"34,799,629"
 الرياض,الرياض,القطاع العام,خدمة إلكترونية جزئيا,2026/01/27,"34,798,456"
 الرياض,الرياض,القطاع العام,خدمة إلكترونية جزئيا,2026/01/27,"34,791,378"
 الرياض,الرياض,القطاع العام,خدمة إلكترونية جزئيا,2026/01/27,"34,798,622"
 الرياض,الرياض,القطاع العام,خدمة إلكترونية جزئيا,2026/01/27,"34,799,037"
 الرياض,الرياض,القطاع العام,خدمة إلكترونية جزئيا,2026/01/27,"34,796,029"
 الرياض,الرياض,القطاع العام,خدمة إلكترونية جزئيا,2026/01/27,"34,798,880"
 الرياض,الرياض,القطاع العام,خدمة إلكترونية جزئيا,2026/01/27,"34,798,231"
 الرياض,الرياض,القطاع العام,خدمة إلكترونية جزئيا,2026/01/27,"34,799,119"
 الرياض,الرياض,القطاع العام,خدمة إلكترونية جزئيا,2026/01/27,"34,799,396"
 الرياض,الرياض,القطاع العام,خدمة إلكترونية جزئيا,2026/01/27,"34,796,419"
 الرياض,الرياض,القطاع العام,خدمة إلكترونية جزئيا,2026/01/27,"34,793,725"
 الرياض,الرياض,القطاع العام,خدمة إلكترونية جزئيا,2026/01/27,"34,792,757"
 الرياض,الرياض,القطاع العام,خدمة إلكترونية جزئيا,2026/01/27,"34,794,314"
 الرياض,الرياض,القطاع العام,خدمة إلكترونية جزئيا,2026/01/27,"34,793,991"
 الرياض,الرياض,القطاع العام,خدمة إلكترونية جزئيا,2026/01/27,"34,793,158"
 الرياض,الرياض,القطاع العام,خدمة إلكترونية جزئيا,2026/01/27,"34,793,466"
 تبوك,تبوك,القطاع العام,خدمة إلكترونية جزئيا,2026/01/27,"34,792,807"
 الرياض,الرياض,القطاع العام,خدمة إلكترونية جزئيا,2026/01/27,"34,792,201"
 الرياض,الرياض,القطاع العام,خدمة إلكترونية جزئيا,2026/01/27,"34,798,096"
 المدينة المنوره,العلا,القطاع العام,خدمة إلكترونية جزئيا,2026/01/28,"34,816,168"
 الرياض,الرياض,القطاع العام,خدمة إلكترونية جزئيا,2026/01/28,"34,821,356"
 تبوك,تبوك,القطاع العام,خدمة إلكترونية جزئيا,2026/01/28,"34,818,886"
 تبوك,تبوك,القطاع العام,خدمة إلكترونية جزئيا,2026/01/28,"34,813,992"
 الرياض,الرياض,القطاع العام,خدمة إلكترونية جزئيا,2026/01/28,"34,818,651"
 الرياض,الرياض,القطاع العام,خدمة إلكترونية جزئيا,2026/01/28,"34,818,891"
 الرياض,الرياض,القطاع العام,خدمة إلكترونية جزئيا,2026/01/28,"34,818,465"
 الرياض,الرياض,القطاع العام,خدمة إلكترونية جزئيا,2026/01/28,"34,821,367"
 الرياض,الرياض,القطاع العام,خدمة إلكترونية جزئيا,2026/01/28,"34,821,181"
 الرياض,الرياض,القطاع العام,خدمة إلكترونية جزئيا,2026/01/28,"34,816,342"
 الرياض,الرياض,القطاع العام,خدمة إلكترونية جزئيا,2026/01/28,"34,819,306"
 الرياض,الرياض,القطاع العام,خدمة إلكترونية جزئيا,2026/01/28,"34,819,091"
 تبوك,تبوك,القطاع العام,خدمة إلكترونية جزئيا,2026/01/28,"34,813,894"
 تبوك,تبوك,القطاع العام,خدمة إلكترونية جزئيا,2026/01/28,"34,815,266"
 تبوك,تبوك,القطاع العام,خدمة إلكترونية جزئيا,2026/01/28,"34,814,889"
 تبوك,تبوك,القطاع العام,خدمة إلكترونية جزئيا,2026/01/28,"34,814,435"
 تبوك,تبوك,القطاع العام,خدمة إلكترونية جزئيا,2026/01/28,"34,813,576"
 المدينة المنوره,العلا,القطاع العام,خدمة إلكترونية جزئيا,2026/01/28,"34,813,995"
 الرياض,الرياض,القطاع العام,خدمة إلكترونية جزئيا,2026/01/28,"34,818,255"
 تبوك,تبوك,القطاع العام,خدمة إلكترونية جزئيا,2026/01/28,"34,815,249"
 تبوك,تبوك,القطاع العام,خدمة إلكترونية جزئيا,2026/01/28,"34,813,763"
 تبوك,تبوك,القطاع العام,خدمة إلكترونية جزئيا,2026/01/28,"34,815,497"
 تبوك,تبوك,القطاع العام,خدمة إلكترونية جزئيا,2026/01/28,"34,815,405"
 تبوك,تبوك,القطاع العام,خدمة إلكترونية جزئيا,2026/01/28,"34,815,690"
 الرياض,الرياض,القطاع العام,خدمة إلكترونية جزئيا,2026/01/28,"34,818,894"
 الرياض,الرياض,القطاع العام,خدمة إلكترونية جزئيا,2026/01/28,"34,815,478"
 الرياض,الرياض,القطاع العام,خدمة إلكترونية جزئيا,2026/01/28,"34,810,632"
 الرياض,الرياض,القطاع العام,خدمة إلكترونية جزئيا,2026/01/28,"34,832,348"
 الرياض,الرياض,القطاع العام,خدمة إلكترونية جزئيا,2026/01/28,"34,829,586"
 الرياض,الرياض,القطاع العام,خدمة إلكترونية جزئيا,2026/01/28,"34,831,662"
 الرياض,الرياض,القطاع العام,خدمة إلكترونية جزئيا,2026/01/28,"34,829,258"
 الرياض,الرياض,القطاع العام,خدمة إلكترونية جزئيا,2026/01/28,"34,832,882"
 الرياض,الرياض,القطاع العام,خدمة إلكترونية جزئيا,2026/01/28,"34,832,548"
 الرياض,الرياض,القطاع العام,خدمة إلكترونية جزئيا,2026/01/28,"34,833,169"
 الرياض,الرياض,القطاع العام,خدمة إلكترونية جزئيا,2026/01/28,"34,815,907"
 الرياض,الرياض,القطاع العام,خدمة إلكترونية جزئيا,2026/01/28,"34,815,255"
 تبوك,تبوك,القطاع العام,خدمة إلكترونية جزئيا,2026/01/28,"34,815,603"
 الرياض,الرياض,القطاع العام,خدمة إلكترونية جزئيا,2026/01/28,"34,818,418"
 الرياض,الرياض,القطاع العام,خدمة إلكترونية جزئيا,2026/01/28,"34,820,207"
 الرياض,الرياض,القطاع العام,خدمة إلكترونية جزئيا,2026/01/28,"34,823,902"
 تبوك,تبوك,القطاع العام,خدمة إلكترونية جزئيا,2026/01/28,"34,814,117"
 المدينة المنوره,العلا,القطاع العام,خدمة إلكترونية جزئيا,2026/01/28,"34,813,976"
 المدينة المنوره,العلا,القطاع العام,خدمة إلكترونية جزئيا,2026/01/28,"34,814,108"
 المدينة المنوره,العلا,القطاع العام,خدمة إلكترونية جزئيا,2026/01/28,"34,814,430"
 تبوك,تبوك,القطاع العام,خدمة إلكترونية جزئيا,2026/01/28,"34,815,422"
 تبوك,تبوك,القطاع العام,خدمة إلكترونية جزئيا,2026/01/28,"34,814,347"
 المدينة المنوره,العلا,القطاع العام,خدمة إلكترونية جزئيا,2026/01/28,"34,813,885"
 الرياض,الرياض,القطاع العام,خدمة إلكترونية جزئيا,2026/01/28,"34,820,227"
 المدينة المنوره,العلا,القطاع العام,خدمة إلكترونية جزئيا,2026/01/28,"34,815,033"
 الرياض,الرياض,القطاع العام,خدمة إلكترونية جزئيا,2026/01/28,"34,815,323"
 الرياض,الرياض,القطاع العام,خدمة إلكترونية جزئيا,2026/01/28,"34,817,716"
 المدينة المنوره,العلا,القطاع العام,خدمة إلكترونية جزئيا,2026/01/28,"34,814,792"
 الرياض,الرياض,القطاع العام,خدمة إلكترونية جزئيا,2026/01/28,"34,815,203"
 الرياض,الرياض,القطاع العام,خدمة إلكترونية جزئيا,2026/01/28,"34,815,821"
 المدينة المنوره,العلا,القطاع العام,خدمة إلكترونية جزئيا,2026/01/28,"34,817,747"
 الرياض,الرياض,القطاع العام,خدمة إلكترونية جزئيا,2026/01/28,"34,821,807"
 الرياض,الرياض,القطاع العام,خدمة إلكترونية جزئيا,2026/01/28,"34,822,974"
 تبوك,تبوك,القطاع العام,خدمة إلكترونية جزئيا,2026/01/29,"34,838,458"
 المدينة المنوره,العلا,القطاع العام,خدمة إلكترونية جزئيا,2026/01/29,"34,838,501"
 الرياض,الرياض,القطاع العام,خدمة إلكترونية جزئيا,2026/01/29,"34,848,836"
 الرياض,الرياض,القطاع العام,خدمة إلكترونية جزئيا,2026/01/29,"34,844,298"
 الرياض,الرياض,القطاع العام,خدمة إلكترونية جزئيا,2026/01/29,"34,842,394"
 تبوك,تبوك,القطاع العام,خدمة إلكترونية جزئيا,2026/01/29,"34,839,020"
 المدينة المنوره,العلا,القطاع العام,خدمة إلكترونية جزئيا,2026/01/29,"34,838,761"
 تبوك,تبوك,القطاع العام,خدمة إلكترونية جزئيا,2026/01/29,"34,839,940"
 تبوك,تبوك,القطاع العام,خدمة إلكترونية جزئيا,2026/01/29,"34,845,898"
 تبوك,تبوك,القطاع العام,خدمة إلكترونية جزئيا,2026/01/29,"34,846,374"
 عسير,ابها,القطاع العام,خدمة إلكترونية جزئيا,2026/01/29,"34,842,946"
 الرياض,الرياض,القطاع العام,خدمة إلكترونية جزئيا,2026/01/29,"34,847,091"
 الرياض,الرياض,القطاع العام,خدمة إلكترونية جزئيا,2026/01/29,"34,840,269"
 الرياض,الرياض,القطاع العام,خدمة إلكترونية جزئيا,2026/01/29,"34,838,995"
 الرياض,الرياض,القطاع العام,خدمة إلكترونية جزئيا,2026/01/29,"34,852,069"
الخدمات الرقمية,عام,القطاع العام,خدمة إلكترونية جزئيا,2026/01/29,"34,844,295"
الخدمات الرقمية,عام,القطاع العام,خدمة إلكترونية جزئيا,2026/01/29,"34,844,455"
الخدمات الرقمية,عام,القطاع العام,خدمة إلكترونية جزئيا,2026/01/29,"34,844,512"
الخدمات الرقمية,عام,القطاع العام,خدمة إلكترونية جزئيا,2026/01/29,"34,844,541"
الخدمات الرقمية,عام,القطاع العام,خدمة إلكترونية جزئيا,2026/01/29,"34,844,543"
الخدمات الرقمية,عام,القطاع العام,خدمة إلكترونية جزئيا,2026/01/29,"34,844,594"
الخدمات الرقمية,عام,القطاع العام,خدمة إلكترونية جزئيا,2026/01/29,"34,844,225"
الخدمات الرقمية,عام,القطاع العام,خدمة إلكترونية جزئيا,2026/01/29,"34,844,343"
الخدمات الرقمية,عام,القطاع العام,خدمة إلكترونية جزئيا,2026/01/29,"34,844,460"
الخدمات الرقمية,عام,القطاع العام,خدمة إلكترونية جزئيا,2026/01/29,"34,844,537"
الخدمات الرقمية,عام,القطاع العام,خدمة إلكترونية جزئيا,2026/01/29,"34,844,562"
الخدمات الرقمية,عام,القطاع العام,خدمة إلكترونية جزئيا,2026/01/29,"34,844,617"
الخدمات الرقمية,عام,القطاع العام,خدمة إلكترونية جزئيا,2026/01/29,"34,844,633"
الخدمات الرقمية,عام,القطاع العام,خدمة إلكترونية جزئيا,2026/01/29,"34,844,694"
الخدمات الرقمية,عام,القطاع العام,خدمة إلكترونية جزئيا,2026/01/29,"34,844,758"
الخدمات الرقمية,عام,القطاع العام,خدمة إلكترونية جزئيا,2026/01/29,"34,844,124"
الخدمات الرقمية,عام,القطاع العام,خدمة إلكترونية جزئيا,2026/01/29,"34,844,300"
الخدمات الرقمية,عام,القطاع العام,خدمة إلكترونية جزئيا,2026/01/29,"34,844,301"
الخدمات الرقمية,عام,القطاع العام,خدمة إلكترونية جزئيا,2026/01/29,"34,844,325"
الخدمات الرقمية,عام,القطاع العام,خدمة إلكترونية جزئيا,2026/01/29,"34,844,187"
الخدمات الرقمية,عام,القطاع العام,خدمة إلكترونية جزئيا,2026/01/29,"34,844,214"
الخدمات الرقمية,عام,القطاع العام,خدمة إلكترونية جزئيا,2026/01/29,"34,844,258"
الخدمات الرقمية,عام,القطاع العام,خدمة إلكترونية جزئيا,2026/01/29,"34,844,268"
الخدمات الرقمية,عام,القطاع العام,خدمة إلكترونية جزئيا,2026/01/29,"34,844,285"
الخدمات الرقمية,عام,القطاع العام,خدمة إلكترونية جزئيا,2026/01/29,"34,844,365"
الخدمات الرقمية,عام,القطاع العام,خدمة إلكترونية جزئيا,2026/01/29,"34,844,369"
الخدمات الرقمية,عام,القطاع العام,خدمة إلكترونية جزئيا,2026/01/29,"34,844,443"
الخدمات الرقمية,عام,القطاع العام,خدمة إلكترونية جزئيا,2026/01/29,"34,844,260"
الخدمات الرقمية,عام,القطاع العام,خدمة إلكترونية جزئيا,2026/01/29,"34,844,147"
الخدمات الرقمية,عام,القطاع العام,خدمة إلكترونية جزئيا,2026/01/29,"34,844,174"
الخدمات الرقمية,عام,القطاع العام,خدمة إلكترونية جزئيا,2026/01/29,"34,844,334"
الخدمات الرقمية,عام,القطاع العام,خدمة إلكترونية جزئيا,2026/01/29,"34,844,434"
الخدمات الرقمية,عام,القطاع العام,خدمة إلكترونية جزئيا,2026/01/29,"34,844,457"
الخدمات الرقمية,عام,القطاع العام,خدمة إلكترونية جزئيا,2026/01/29,"34,844,491"
الخدمات الرقمية,عام,القطاع العام,خدمة إلكترونية جزئيا,2026/01/29,"34,844,577"
الخدمات الرقمية,عام,القطاع العام,خدمة إلكترونية جزئيا,2026/01/29,"34,844,583"
الخدمات الرقمية,عام,القطاع العام,خدمة إلكترونية جزئيا,2026/01/29,"34,844,675"
الخدمات الرقمية,عام,القطاع العام,خدمة إلكترونية جزئيا,2026/01/29,"34,844,728"
الخدمات الرقمية,عام,القطاع العام,خدمة إلكترونية جزئيا,2026/01/29,"34,844,747"
الخدمات الرقمية,عام,القطاع العام,خدمة إلكترونية جزئيا,2026/01/29,"34,844,762"
الخدمات الرقمية,عام,القطاع العام,خدمة إلكترونية جزئيا,2026/01/29,"34,844,787"
الخدمات الرقمية,عام,القطاع العام,خدمة إلكترونية جزئيا,2026/01/29,"34,844,638"
الخدمات الرقمية,عام,القطاع العام,خدمة إلكترونية جزئيا,2026/01/29,"34,844,673"
الخدمات الرقمية,عام,القطاع العام,خدمة إلكترونية جزئيا,2026/01/29,"34,844,745"
الخدمات الرقمية,عام,القطاع العام,خدمة إلكترونية جزئيا,2026/01/29,"34,844,907"
الخدمات الرقمية,عام,القطاع العام,خدمة إلكترونية جزئيا,2026/01/29,"34,844,926"
الخدمات الرقمية,عام,القطاع العام,خدمة إلكترونية جزئيا,2026/01/29,"34,844,968"
الخدمات الرقمية,عام,القطاع العام,خدمة إلكترونية جزئيا,2026/01/29,"34,845,095"
الخدمات الرقمية,عام,القطاع العام,خدمة إلكترونية جزئيا,2026/01/29,"34,845,142"
الخدمات الرقمية,عام,القطاع العام,خدمة إلكترونية جزئيا,2026/01/29,"34,845,179"
الخدمات الرقمية,عام,القطاع العام,خدمة إلكترونية جزئيا,2026/01/29,"34,845,202"
الخدمات الرقمية,عام,القطاع العام,خدمة إلكترونية جزئيا,2026/01/29,"34,845,227"
الخدمات الرقمية,عام,القطاع العام,خدمة إلكترونية جزئيا,2026/01/29,"34,845,345"
الخدمات الرقمية,عام,القطاع العام,خدمة إلكترونية جزئيا,2026/01/29,"34,845,346"
الخدمات الرقمية,عام,القطاع العام,خدمة إلكترونية جزئيا,2026/01/29,"34,845,347"
الخدمات الرقمية,عام,القطاع العام,خدمة إلكترونية جزئيا,2026/01/29,"34,845,373"
الخدمات الرقمية,عام,القطاع العام,خدمة إلكترونية جزئيا,2026/01/29,"34,845,376"
الخدمات الرقمية,عام,القطاع العام,خدمة إلكترونية جزئيا,2026/01/29,"34,845,439"
الخدمات الرقمية,عام,القطاع العام,خدمة إلكترونية جزئيا,2026/01/29,"34,845,492"
الخدمات الرقمية,عام,القطاع العام,خدمة إلكترونية جزئيا,2026/01/29,"34,845,502"
الخدمات الرقمية,عام,القطاع العام,خدمة إلكترونية جزئيا,2026/01/29,"34,845,504"
الخدمات الرقمية,عام,القطاع العام,خدمة إلكترونية جزئيا,2026/01/29,"34,844,144"
الخدمات الرقمية,عام,القطاع العام,خدمة إلكترونية جزئيا,2026/01/29,"34,844,137"
الخدمات الرقمية,عام,القطاع العام,خدمة إلكترونية جزئيا,2026/01/29,"34,844,166"
الخدمات الرقمية,عام,القطاع العام,خدمة إلكترونية جزئيا,2026/01/29,"34,844,361"
الخدمات الرقمية,عام,القطاع العام,خدمة إلكترونية جزئيا,2026/01/29,"34,844,394"
الخدمات الرقمية,عام,القطاع العام,خدمة إلكترونية جزئيا,2026/01/29,"34,844,438"
الخدمات الرقمية,عام,القطاع العام,خدمة إلكترونية جزئيا,2026/01/29,"34,844,169"
الخدمات الرقمية,عام,القطاع العام,خدمة إلكترونية جزئيا,2026/01/29,"34,844,190"
الخدمات الرقمية,عام,القطاع العام,خدمة إلكترونية جزئيا,2026/01/29,"34,844,195"
الخدمات الرقمية,عام,القطاع العام,خدمة إلكترونية جزئيا,2026/01/29,"34,844,211"
الخدمات الرقمية,عام,القطاع العام,خدمة إلكترونية جزئيا,2026/01/29,"34,844,282"
الخدمات الرقمية,عام,القطاع العام,خدمة إلكترونية جزئيا,2026/01/29,"34,844,288"
الخدمات الرقمية,عام,القطاع العام,خدمة إلكترونية جزئيا,2026/01/29,"34,844,353"
الخدمات الرقمية,عام,القطاع العام,خدمة إلكترونية جزئيا,2026/01/29,"34,844,373"
الخدمات الرقمية,عام,القطاع العام,خدمة إلكترونية جزئيا,2026/01/29,"34,844,408"
الخدمات الرقمية,عام,القطاع العام,خدمة إلكترونية جزئيا,2026/01/29,"34,844,473"
الخدمات الرقمية,عام,القطاع العام,خدمة إلكترونية جزئيا,2026/01/29,"34,844,604"
الخدمات الرقمية,عام,القطاع العام,خدمة إلكترونية جزئيا,2026/01/29,"34,844,129"
الخدمات الرقمية,عام,القطاع العام,خدمة إلكترونية جزئيا,2026/01/29,"34,844,130"
الخدمات الرقمية,عام,القطاع العام,خدمة إلكترونية جزئيا,2026/01/29,"34,844,207"
الخدمات الرقمية,عام,القطاع العام,خدمة إلكترونية جزئيا,2026/01/29,"34,844,231"
الخدمات الرقمية,عام,القطاع العام,خدمة إلكترونية جزئيا,2026/01/29,"34,844,239"
الخدمات الرقمية,عام,القطاع العام,خدمة إلكترونية جزئيا,2026/01/29,"34,844,248"
الخدمات الرقمية,عام,القطاع العام,خدمة إلكترونية جزئيا,2026/01/29,"34,844,312"
الخدمات الرقمية,عام,القطاع العام,خدمة إلكترونية جزئيا,2026/01/29,"34,844,468"
الخدمات الرقمية,عام,القطاع العام,خدمة إلكترونية جزئيا,2026/01/29,"34,844,599"
الخدمات الرقمية,عام,القطاع العام,خدمة إلكترونية جزئيا,2026/01/29,"34,844,650"
الخدمات الرقمية,عام,القطاع العام,خدمة إلكترونية جزئيا,2026/01/29,"34,844,367"
الخدمات الرقمية,عام,القطاع العام,خدمة إلكترونية جزئيا,2026/01/29,"34,844,400"
الخدمات الرقمية,عام,القطاع العام,خدمة إلكترونية جزئيا,2026/01/29,"34,844,476"
الخدمات الرقمية,عام,القطاع العام,خدمة إلكترونية جزئيا,2026/01/29,"34,844,623"
الخدمات الرقمية,عام,القطاع العام,خدمة إلكترونية جزئيا,2026/01/29,"34,844,686"
الخدمات الرقمية,عام,القطاع العام,خدمة إلكترونية جزئيا,2026/01/29,"34,844,790"
الخدمات الرقمية,عام,القطاع العام,خدمة إلكترونية جزئيا,2026/01/29,"34,844,852"
الخدمات الرقمية,عام,القطاع العام,خدمة إلكترونية جزئيا,2026/01/29,"34,845,269"
الخدمات الرقمية,عام,القطاع العام,خدمة إلكترونية جزئيا,2026/01/29,"34,845,310"
الخدمات الرقمية,عام,القطاع العام,خدمة إلكترونية جزئيا,2026/01/29,"34,844,133"
الخدمات الرقمية,عام,القطاع العام,خدمة إلكترونية جزئيا,2026/01/29,"34,844,152"
الخدمات الرقمية,عام,القطاع العام,خدمة إلكترونية جزئيا,2026/01/29,"34,844,164"
الخدمات الرقمية,عام,القطاع العام,خدمة إلكترونية جزئيا,2026/01/29,"34,844,217"
الخدمات الرقمية,عام,القطاع العام,خدمة إلكترونية جزئيا,2026/01/29,"34,844,317"
الخدمات الرقمية,عام,القطاع العام,خدمة إلكترونية جزئيا,2026/01/29,"34,844,451"
الخدمات الرقمية,عام,القطاع العام,خدمة إلكترونية جزئيا,2026/01/29,"34,844,495"
الخدمات الرقمية,عام,القطاع العام,خدمة إلكترونية جزئيا,2026/01/29,"34,844,505"
الخدمات الرقمية,عام,القطاع العام,خدمة إلكترونية جزئيا,2026/01/29,"34,844,529"
الخدمات الرقمية,عام,القطاع العام,خدمة إلكترونية جزئيا,2026/01/29,"34,844,547"
الخدمات الرقمية,عام,القطاع العام,خدمة إلكترونية جزئيا,2026/01/29,"34,844,701"
الخدمات الرقمية,عام,القطاع العام,خدمة إلكترونية جزئيا,2026/01/29,"34,844,274"
الخدمات الرقمية,عام,القطاع العام,خدمة إلكترونية جزئيا,2026/01/29,"34,844,276"
الخدمات الرقمية,عام,القطاع العام,خدمة إلكترونية جزئيا,2026/01/29,"34,844,398"
الخدمات الرقمية,عام,القطاع العام,خدمة إلكترونية جزئيا,2026/01/29,"34,844,412"
الخدمات الرقمية,عام,القطاع العام,خدمة إلكترونية جزئيا,2026/01/29,"34,844,517"
الخدمات الرقمية,عام,القطاع العام,خدمة إلكترونية جزئيا,2026/01/29,"34,844,611"
الخدمات الرقمية,عام,القطاع العام,خدمة إلكترونية جزئيا,2026/01/29,"34,844,653"
الخدمات الرقمية,عام,القطاع العام,خدمة إلكترونية جزئيا,2026/01/29,"34,844,720"
الخدمات الرقمية,عام,القطاع العام,خدمة إلكترونية جزئيا,2026/01/29,"34,844,737"
الخدمات الرقمية,عام,القطاع العام,خدمة إلكترونية جزئيا,2026/01/29,"34,844,739"
الخدمات الرقمية,عام,القطاع العام,خدمة إلكترونية جزئيا,2026/01/29,"34,844,775"
الخدمات الرقمية,عام,القطاع العام,خدمة إلكترونية جزئيا,2026/01/29,"34,844,777"
الخدمات الرقمية,عام,القطاع العام,خدمة إلكترونية جزئيا,2026/01/29,"34,844,466"
الخدمات الرقمية,عام,القطاع العام,خدمة إلكترونية جزئيا,2026/01/29,"34,844,502"
الخدمات الرقمية,عام,القطاع العام,خدمة إلكترونية جزئيا,2026/01/29,"34,844,509"
الخدمات الرقمية,عام,القطاع العام,خدمة إلكترونية جزئيا,2026/01/29,"34,844,532"
الخدمات الرقمية,عام,القطاع العام,خدمة إلكترونية جزئيا,2026/01/29,"34,844,560"
الخدمات الرقمية,عام,القطاع العام,خدمة إلكترونية جزئيا,2026/01/29,"34,844,607"
الخدمات الرقمية,عام,القطاع العام,خدمة إلكترونية جزئيا,2026/01/29,"34,845,237"
الخدمات الرقمية,عام,القطاع العام,خدمة إلكترونية جزئيا,2026/01/29,"34,845,245"
الخدمات الرقمية,عام,القطاع العام,خدمة إلكترونية جزئيا,2026/01/29,"34,845,305"
الخدمات الرقمية,عام,القطاع العام,خدمة إلكترونية جزئيا,2026/01/29,"34,845,396"
الخدمات الرقمية,عام,القطاع العام,خدمة إلكترونية جزئيا,2026/01/29,"34,845,398"
الخدمات الرقمية,عام,القطاع العام,خدمة إلكترونية جزئيا,2026/01/29,"34,845,412"
الخدمات الرقمية,عام,القطاع العام,خدمة إلكترونية جزئيا,2026/01/29,"34,844,647"
الخدمات الرقمية,عام,القطاع العام,خدمة إلكترونية جزئيا,2026/01/29,"34,844,661"
الخدمات الرقمية,عام,القطاع العام,خدمة إلكترونية جزئيا,2026/01/29,"34,844,663"
الخدمات الرقمية,عام,القطاع العام,خدمة إلكترونية جزئيا,2026/01/29,"34,844,717"
الخدمات الرقمية,عام,القطاع العام,خدمة إلكترونية جزئيا,2026/01/29,"34,844,844"
الخدمات الرقمية,عام,القطاع العام,خدمة إلكترونية جزئيا,2026/01/29,"34,844,931"
الخدمات الرقمية,عام,القطاع العام,خدمة إلكترونية جزئيا,2026/01/29,"34,844,933"
الخدمات الرقمية,عام,القطاع العام,خدمة إلكترونية جزئيا,2026/01/29,"34,844,998"
الخدمات الرقمية,عام,القطاع العام,خدمة إلكترونية جزئيا,2026/01/29,"34,845,000"
الخدمات الرقمية,عام,القطاع العام,خدمة إلكترونية جزئيا,2026/01/29,"34,845,014"
الخدمات الرقمية,عام,القطاع العام,خدمة إلكترونية جزئيا,2026/01/29,"34,845,067"
الخدمات الرقمية,عام,القطاع العام,خدمة إلكترونية جزئيا,2026/01/29,"34,845,077"
الخدمات الرقمية,عام,القطاع العام,خدمة إلكترونية جزئيا,2026/01/29,"34,845,116"
الخدمات الرقمية,عام,القطاع العام,خدمة إلكترونية جزئيا,2026/01/29,"34,845,125"
الخدمات الرقمية,عام,القطاع العام,خدمة إلكترونية جزئيا,2026/01/29,"34,844,863"
الخدمات الرقمية,عام,القطاع العام,خدمة إلكترونية جزئيا,2026/01/29,"34,844,898"
الخدمات الرقمية,عام,القطاع العام,خدمة إلكترونية جزئيا,2026/01/29,"34,844,900"
الخدمات الرقمية,عام,القطاع العام,خدمة إلكترونية جزئيا,2026/01/29,"34,845,170"
الخدمات الرقمية,عام,القطاع العام,خدمة إلكترونية جزئيا,2026/01/29,"34,845,172"
الخدمات الرقمية,عام,القطاع العام,خدمة إلكترونية جزئيا,2026/01/29,"34,845,213"
الخدمات الرقمية,عام,القطاع العام,خدمة إلكترونية جزئيا,2026/01/29,"34,845,260"
الخدمات الرقمية,عام,القطاع العام,خدمة إلكترونية جزئيا,2026/01/29,"34,845,288"
الخدمات الرقمية,عام,القطاع العام,خدمة إلكترونية جزئيا,2026/01/29,"34,844,209"
الخدمات الرقمية,عام,القطاع العام,خدمة إلكترونية جزئيا,2026/01/29,"34,844,251"
الخدمات الرقمية,عام,القطاع العام,خدمة إلكترونية جزئيا,2026/01/29,"34,844,387"
الخدمات الرقمية,عام,القطاع العام,خدمة إلكترونية جزئيا,2026/01/29,"34,845,384"
الخدمات الرقمية,عام,القطاع العام,خدمة إلكترونية جزئيا,2026/01/29,"34,845,509"
الخدمات الرقمية,عام,القطاع العام,خدمة إلكترونية جزئيا,2026/01/29,"34,845,621"
الخدمات الرقمية,عام,القطاع العام,خدمة إلكترونية جزئيا,2026/01/29,"34,845,652"
الخدمات الرقمية,عام,القطاع العام,خدمة إلكترونية جزئيا,2026/01/29,"34,845,657"
الخدمات الرقمية,عام,القطاع العام,خدمة إلكترونية جزئيا,2026/01/29,"34,845,074"
الخدمات الرقمية,عام,القطاع العام,خدمة إلكترونية جزئيا,2026/01/29,"34,845,242"
الخدمات الرقمية,عام,القطاع العام,خدمة إلكترونية جزئيا,2026/01/29,"34,845,337"
الخدمات الرقمية,عام,القطاع العام,خدمة إلكترونية جزئيا,2026/01/29,"34,845,393"
الخدمات الرقمية,عام,القطاع العام,خدمة إلكترونية جزئيا,2026/01/29,"34,845,421"
الخدمات الرقمية,عام,القطاع العام,خدمة إلكترونية جزئيا,2026/01/29,"34,845,476"
الخدمات الرقمية,عام,القطاع العام,خدمة إلكترونية جزئيا,2026/01/29,"34,845,558"
الخدمات الرقمية,عام,القطاع العام,خدمة إلكترونية جزئيا,2026/01/29,"34,845,628"
الخدمات الرقمية,عام,القطاع العام,خدمة إلكترونية جزئيا,2026/01/29,"34,844,328"
الخدمات الرقمية,عام,القطاع العام,خدمة إلكترونية جزئيا,2026/01/29,"34,844,371"
الخدمات الرقمية,عام,القطاع العام,خدمة إلكترونية جزئيا,2026/01/29,"34,844,667"
الخدمات الرقمية,عام,القطاع العام,خدمة إلكترونية جزئيا,2026/01/29,"34,844,811"
الخدمات الرقمية,عام,القطاع العام,خدمة إلكترونية جزئيا,2026/01/29,"34,844,868"
الخدمات الرقمية,عام,القطاع العام,خدمة إلكترونية جزئيا,2026/01/29,"34,844,884"
الخدمات الرقمية,عام,القطاع العام,خدمة إلكترونية جزئيا,2026/01/29,"34,845,054"
الخدمات الرقمية,عام,القطاع العام,خدمة إلكترونية جزئيا,2026/01/29,"34,845,279"
الخدمات الرقمية,عام,القطاع العام,خدمة إلكترونية جزئيا,2026/01/29,"34,844,377"
الخدمات الرقمية,عام,القطاع العام,خدمة إلكترونية جزئيا,2026/01/29,"34,844,384"
الخدمات الرقمية,عام,القطاع العام,خدمة إلكترونية جزئيا,2026/01/29,"34,844,390"
الخدمات الرقمية,عام,القطاع العام,خدمة إلكترونية جزئيا,2026/01/29,"34,844,428"
الخدمات الرقمية,عام,القطاع العام,خدمة إلكترونية جزئيا,2026/01/29,"34,844,585"
الخدمات الرقمية,عام,القطاع العام,خدمة إلكترونية جزئيا,2026/01/29,"34,844,590"
الخدمات الرقمية,عام,القطاع العام,خدمة إلكترونية جزئيا,2026/01/29,"34,844,614"
الخدمات الرقمية,عام,القطاع العام,خدمة إلكترونية جزئيا,2026/01/29,"34,844,696"
الخدمات الرقمية,عام,القطاع العام,خدمة إلكترونية جزئيا,2026/01/29,"34,844,699"
الخدمات الرقمية,عام,القطاع العام,خدمة إلكترونية جزئيا,2026/01/29,"34,844,753"
الخدمات الرقمية,عام,القطاع العام,خدمة إلكترونية جزئيا,2026/01/29,"34,844,938"
الخدمات الرقمية,عام,القطاع العام,خدمة إلكترونية جزئيا,2026/01/29,"34,845,033"
الخدمات الرقمية,عام,القطاع العام,خدمة إلكترونية جزئيا,2026/01/29,"34,845,146"
الخدمات الرقمية,عام,القطاع العام,خدمة إلكترونية جزئيا,2026/01/29,"34,845,150"
الخدمات الرقمية,عام,القطاع العام,خدمة إلكترونية جزئيا,2026/01/29,"34,845,233"
الخدمات الرقمية,عام,القطاع العام,خدمة إلكترونية جزئيا,2026/01/29,"34,845,286"
الخدمات الرقمية,عام,القطاع العام,خدمة إلكترونية جزئيا,2026/01/29,"34,845,321"
الخدمات الرقمية,عام,القطاع العام,خدمة إلكترونية جزئيا,2026/01/29,"34,844,078"
الخدمات الرقمية,عام,القطاع العام,خدمة إلكترونية جزئيا,2026/01/29,"34,844,183"
الخدمات الرقمية,عام,القطاع العام,خدمة إلكترونية جزئيا,2026/01/29,"34,844,204"
الخدمات الرقمية,عام,القطاع العام,خدمة إلكترونية جزئيا,2026/01/29,"34,844,229"
الخدمات الرقمية,عام,القطاع العام,خدمة إلكترونية جزئيا,2026/01/29,"34,844,355"
الخدمات الرقمية,عام,القطاع العام,خدمة إلكترونية جزئيا,2026/01/29,"34,844,415"
الخدمات الرقمية,عام,القطاع العام,خدمة إلكترونية جزئيا,2026/01/29,"34,844,552"
الخدمات الرقمية,عام,القطاع العام,خدمة إلكترونية جزئيا,2026/01/29,"34,844,601"
الخدمات الرقمية,عام,القطاع العام,خدمة إلكترونية جزئيا,2026/01/29,"34,844,709"
الخدمات الرقمية,عام,القطاع العام,خدمة إلكترونية جزئيا,2026/01/29,"34,844,935"
الخدمات الرقمية,عام,القطاع العام,خدمة إلكترونية جزئيا,2026/01/29,"34,844,950"
الخدمات الرقمية,عام,القطاع العام,خدمة إلكترونية جزئيا,2026/01/29,"34,844,972"
الخدمات الرقمية,عام,القطاع العام,خدمة إلكترونية جزئيا,2026/01/29,"34,844,991"
الخدمات الرقمية,عام,القطاع العام,خدمة إلكترونية جزئيا,2026/01/29,"34,845,011"
الخدمات الرقمية,عام,القطاع العام,خدمة إلكترونية جزئيا,2026/01/29,"34,845,012"
الخدمات الرقمية,عام,القطاع العام,خدمة إلكترونية جزئيا,2026/01/29,"34,845,041"
الخدمات الرقمية,عام,القطاع العام,خدمة إلكترونية جزئيا,2026/01/29,"34,845,069"
الخدمات الرقمية,عام,القطاع العام,خدمة إلكترونية جزئيا,2026/01/29,"34,844,947"
الخدمات الرقمية,عام,القطاع العام,خدمة إلكترونية جزئيا,2026/01/29,"34,845,004"
الخدمات الرقمية,عام,القطاع العام,خدمة إلكترونية جزئيا,2026/01/29,"34,845,209"
الخدمات الرقمية,عام,القطاع العام,خدمة إلكترونية جزئيا,2026/01/29,"34,845,277"
الخدمات الرقمية,عام,القطاع العام,خدمة إلكترونية جزئيا,2026/01/29,"34,845,349"
الخدمات الرقمية,عام,القطاع العام,خدمة إلكترونية جزئيا,2026/01/29,"34,845,378"
الخدمات الرقمية,عام,القطاع العام,خدمة إلكترونية جزئيا,2026/01/29,"34,845,457"
الخدمات الرقمية,عام,القطاع العام,خدمة إلكترونية جزئيا,2026/01/29,"34,845,517"
الخدمات الرقمية,عام,القطاع العام,خدمة إلكترونية جزئيا,2026/01/29,"34,845,644"
الخدمات الرقمية,عام,القطاع العام,خدمة إلكترونية جزئيا,2026/01/29,"34,845,017"
الخدمات الرقمية,عام,القطاع العام,خدمة إلكترونية جزئيا,2026/01/29,"34,845,045"
الخدمات الرقمية,عام,القطاع العام,خدمة إلكترونية جزئيا,2026/01/29,"34,845,144"
الخدمات الرقمية,عام,القطاع العام,خدمة إلكترونية جزئيا,2026/01/29,"34,845,160"
الخدمات الرقمية,عام,القطاع العام,خدمة إلكترونية جزئيا,2026/01/29,"34,845,164"
الخدمات الرقمية,عام,القطاع العام,خدمة إلكترونية جزئيا,2026/01/29,"34,845,300"
الخدمات الرقمية,عام,القطاع العام,خدمة إلكترونية جزئيا,2026/01/29,"34,845,367"
الخدمات الرقمية,عام,القطاع العام,خدمة إلكترونية جزئيا,2026/01/29,"34,845,388"
الخدمات الرقمية,عام,القطاع العام,خدمة إلكترونية جزئيا,2026/01/29,"34,845,496"
الخدمات الرقمية,عام,القطاع العام,خدمة إلكترونية جزئيا,2026/01/29,"34,845,511"
الخدمات الرقمية,عام,القطاع العام,خدمة إلكترونية جزئيا,2026/01/29,"34,845,543"
الخدمات الرقمية,عام,القطاع العام,خدمة إلكترونية جزئيا,2026/01/29,"34,844,798"
الخدمات الرقمية,عام,القطاع العام,خدمة إلكترونية جزئيا,2026/01/29,"34,844,824"
الخدمات الرقمية,عام,القطاع العام,خدمة إلكترونية جزئيا,2026/01/29,"34,844,865"
الخدمات الرقمية,عام,القطاع العام,خدمة إلكترونية جزئيا,2026/01/29,"34,844,886"
الخدمات الرقمية,عام,القطاع العام,خدمة إلكترونية جزئيا,2026/01/29,"34,845,019"
الخدمات الرقمية,عام,القطاع العام,خدمة إلكترونية جزئيا,2026/01/29,"34,845,028"
الخدمات الرقمية,عام,القطاع العام,خدمة إلكترونية جزئيا,2026/01/29,"34,845,061"
الخدمات الرقمية,عام,القطاع العام,خدمة إلكترونية جزئيا,2026/01/29,"34,845,063"
الخدمات الرقمية,عام,القطاع العام,خدمة إلكترونية جزئيا,2026/01/29,"34,845,092"
الخدمات الرقمية,عام,القطاع العام,خدمة إلكترونية جزئيا,2026/01/29,"34,845,139"
الخدمات الرقمية,عام,القطاع العام,خدمة إلكترونية جزئيا,2026/01/29,"34,845,184"
الخدمات الرقمية,عام,القطاع العام,خدمة إلكترونية جزئيا,2026/01/29,"34,845,433"
الخدمات الرقمية,عام,القطاع العام,خدمة إلكترونية جزئيا,2026/01/29,"34,845,507"
الخدمات الرقمية,عام,القطاع العام,خدمة إلكترونية جزئيا,2026/01/29,"34,845,526"
الخدمات الرقمية,عام,القطاع العام,خدمة إلكترونية جزئيا,2026/01/29,"34,845,414"
الخدمات الرقمية,عام,القطاع العام,خدمة إلكترونية جزئيا,2026/01/29,"34,845,467"
الخدمات الرقمية,عام,القطاع العام,خدمة إلكترونية جزئيا,2026/01/29,"34,845,474"
الخدمات الرقمية,عام,القطاع العام,خدمة إلكترونية جزئيا,2026/01/29,"34,845,484"
الخدمات الرقمية,عام,القطاع العام,خدمة إلكترونية جزئيا,2026/01/29,"34,845,485"
الخدمات الرقمية,عام,القطاع العام,خدمة إلكترونية جزئيا,2026/01/29,"34,844,345"
الخدمات الرقمية,عام,القطاع العام,خدمة إلكترونية جزئيا,2026/01/29,"34,844,463"
الخدمات الرقمية,عام,القطاع العام,خدمة إلكترونية جزئيا,2026/01/29,"34,844,158"
الخدمات الرقمية,عام,القطاع العام,خدمة إلكترونية جزئيا,2026/01/29,"34,844,192"
الخدمات الرقمية,عام,القطاع العام,خدمة إلكترونية جزئيا,2026/01/29,"34,844,265"
الخدمات الرقمية,عام,القطاع العام,خدمة إلكترونية جزئيا,2026/01/29,"34,844,330"
الخدمات الرقمية,عام,القطاع العام,خدمة إلكترونية جزئيا,2026/01/29,"34,845,177"
الخدمات الرقمية,عام,القطاع العام,خدمة إلكترونية جزئيا,2026/01/29,"34,844,525"
الخدمات الرقمية,عام,القطاع العام,خدمة إلكترونية جزئيا,2026/01/29,"34,844,921"
الخدمات الرقمية,عام,القطاع العام,خدمة إلكترونية جزئيا,2026/01/29,"34,844,928"
الخدمات الرقمية,عام,القطاع العام,خدمة إلكترونية جزئيا,2026/01/29,"34,844,970"
الخدمات الرقمية,عام,القطاع العام,خدمة إلكترونية جزئيا,2026/01/29,"34,845,086"
الخدمات الرقمية,عام,القطاع العام,خدمة إلكترونية جزئيا,2026/01/29,"34,845,098"
الخدمات الرقمية,عام,القطاع العام,خدمة إلكترونية جزئيا,2026/01/29,"34,845,152"
الخدمات الرقمية,عام,القطاع العام,خدمة إلكترونية جزئيا,2026/01/29,"34,845,323"
الخدمات الرقمية,عام,القطاع العام,خدمة إلكترونية جزئيا,2026/01/29,"34,845,540"
الخدمات الرقمية,عام,القطاع العام,خدمة إلكترونية جزئيا,2026/01/29,"34,844,725"
الخدمات الرقمية,عام,القطاع العام,خدمة إلكترونية جزئيا,2026/01/29,"34,844,783"
الخدمات الرقمية,عام,القطاع العام,خدمة إلكترونية جزئيا,2026/01/29,"34,844,785"
الخدمات الرقمية,عام,القطاع العام,خدمة إلكترونية جزئيا,2026/01/29,"34,844,828"
الخدمات الرقمية,عام,القطاع العام,خدمة إلكترونية جزئيا,2026/01/29,"34,844,873"
الخدمات الرقمية,عام,القطاع العام,خدمة إلكترونية جزئيا,2026/01/29,"34,844,982"
الخدمات الرقمية,عام,القطاع العام,خدمة إلكترونية جزئيا,2026/01/29,"34,844,985"
الخدمات الرقمية,عام,القطاع العام,خدمة إلكترونية جزئيا,2026/01/29,"34,845,072"
الخدمات الرقمية,عام,القطاع العام,خدمة إلكترونية جزئيا,2026/01/29,"34,845,109"
الخدمات الرقمية,عام,القطاع العام,خدمة إلكترونية جزئيا,2026/01/29,"34,845,112"
الخدمات الرقمية,عام,القطاع العام,خدمة إلكترونية جزئيا,2026/01/29,"34,845,266"
الخدمات الرقمية,عام,القطاع العام,خدمة إلكترونية جزئيا,2026/01/29,"34,845,353"
الخدمات الرقمية,عام,القطاع العام,خدمة إلكترونية جزئيا,2026/01/29,"34,845,369"
الخدمات الرقمية,عام,القطاع العام,خدمة إلكترونية جزئيا,2026/01/29,"34,845,445"
الخدمات الرقمية,عام,القطاع العام,خدمة إلكترونية جزئيا,2026/01/29,"34,845,447"
الخدمات الرقمية,عام,القطاع العام,خدمة إلكترونية جزئيا,2026/01/29,"34,845,450"
الخدمات الرقمية,عام,القطاع العام,خدمة إلكترونية جزئيا,2026/01/29,"34,845,465"
الخدمات الرقمية,عام,القطاع العام,خدمة إلكترونية جزئيا,2026/01/29,"34,844,484"
الخدمات الرقمية,عام,القطاع العام,خدمة إلكترونية جزئيا,2026/01/29,"34,845,224"
الخدمات الرقمية,عام,القطاع العام,خدمة إلكترونية جزئيا,2026/01/29,"34,845,271"
الخدمات الرقمية,عام,القطاع العام,خدمة إلكترونية جزئيا,2026/01/29,"34,845,281"
الخدمات الرقمية,عام,القطاع العام,خدمة إلكترونية جزئيا,2026/01/29,"34,845,296"
الخدمات الرقمية,عام,القطاع العام,خدمة إلكترونية جزئيا,2026/01/29,"34,845,314"
الخدمات الرقمية,عام,القطاع العام,خدمة إلكترونية جزئيا,2026/01/29,"34,845,365"
الخدمات الرقمية,عام,القطاع العام,خدمة إلكترونية جزئيا,2026/01/29,"34,845,550"
الخدمات الرقمية,عام,القطاع العام,خدمة إلكترونية جزئيا,2026/01/29,"34,845,604"
الخدمات الرقمية,عام,القطاع العام,خدمة إلكترونية جزئيا,2026/01/29,"34,845,081"
الخدمات الرقمية,عام,القطاع العام,خدمة إلكترونية جزئيا,2026/01/29,"34,845,083"
الخدمات الرقمية,عام,القطاع العام,خدمة إلكترونية جزئيا,2026/01/29,"34,845,167"
الخدمات الرقمية,عام,القطاع العام,خدمة إلكترونية جزئيا,2026/01/29,"34,845,262"
الخدمات الرقمية,عام,القطاع العام,خدمة إلكترونية جزئيا,2026/01/29,"34,845,290"
الخدمات الرقمية,عام,القطاع العام,خدمة إلكترونية جزئيا,2026/01/29,"34,845,334"
الخدمات الرقمية,عام,القطاع العام,خدمة إلكترونية جزئيا,2026/01/29,"34,845,408"
الخدمات الرقمية,عام,القطاع العام,خدمة إلكترونية جزئيا,2026/01/29,"34,845,423"
الخدمات الرقمية,عام,القطاع العام,خدمة إلكترونية جزئيا,2026/01/29,"34,845,472"
الخدمات الرقمية,عام,القطاع العام,خدمة إلكترونية جزئيا,2026/01/29,"34,845,500"
الخدمات الرقمية,عام,القطاع العام,خدمة إلكترونية جزئيا,2026/01/29,"34,845,533"
الخدمات الرقمية,عام,القطاع العام,خدمة إلكترونية جزئيا,2026/01/29,"34,845,609"
الخدمات الرقمية,عام,القطاع العام,خدمة إلكترونية جزئيا,2026/01/29,"34,845,623"
الخدمات الرقمية,عام,القطاع العام,خدمة إلكترونية جزئيا,2026/01/29,"34,845,617"
الخدمات الرقمية,عام,القطاع العام,خدمة إلكترونية جزئيا,2026/01/29,"34,845,541"
الخدمات الرقمية,عام,القطاع العام,خدمة إلكترونية جزئيا,2026/01/29,"34,845,641"
الخدمات الرقمية,عام,القطاع العام,خدمة إلكترونية جزئيا,2026/01/29,"34,845,523"
الخدمات الرقمية,عام,القطاع العام,خدمة إلكترونية جزئيا,2026/01/29,"34,845,546"
الخدمات الرقمية,عام,القطاع العام,خدمة إلكترونية جزئيا,2026/01/29,"34,845,612"
الخدمات الرقمية,عام,القطاع العام,خدمة إلكترونية جزئيا,2026/01/29,"34,845,664"
الخدمات الرقمية,عام,القطاع العام,خدمة إلكترونية جزئيا,2026/01/29,"34,845,519"
الخدمات الرقمية,عام,القطاع العام,خدمة إلكترونية جزئيا,2026/01/29,"34,845,531"
الخدمات الرقمية,عام,القطاع العام,خدمة إلكترونية جزئيا,2026/01/29,"34,845,552"
الخدمات الرقمية,عام,القطاع العام,خدمة إلكترونية جزئيا,2026/01/29,"34,845,661"
الخدمات الرقمية,عام,القطاع العام,خدمة إلكترونية جزئيا,2026/01/29,"34,845,355"
الخدمات الرقمية,عام,القطاع العام,خدمة إلكترونية جزئيا,2026/01/29,"34,845,406"
الخدمات الرقمية,عام,القطاع العام,خدمة إلكترونية جزئيا,2026/01/29,"34,845,453"
الخدمات الرقمية,عام,القطاع العام,خدمة إلكترونية جزئيا,2026/01/29,"34,845,513"
الخدمات الرقمية,عام,القطاع العام,خدمة إلكترونية جزئيا,2026/01/29,"34,845,515"
الخدمات الرقمية,عام,القطاع العام,خدمة إلكترونية جزئيا,2026/01/29,"34,845,600"
الخدمات الرقمية,عام,القطاع العام,خدمة إلكترونية جزئيا,2026/01/29,"34,845,654"
الخدمات الرقمية,عام,القطاع العام,خدمة إلكترونية جزئيا,2026/01/29,"34,845,418"
الخدمات الرقمية,عام,القطاع العام,خدمة إلكترونية جزئيا,2026/01/29,"34,844,493"
الخدمات الرقمية,عام,القطاع العام,خدمة إلكترونية جزئيا,2026/01/29,"34,844,514"
الخدمات الرقمية,عام,القطاع العام,خدمة إلكترونية جزئيا,2026/01/29,"34,844,575"
الخدمات الرقمية,عام,القطاع العام,خدمة إلكترونية جزئيا,2026/01/29,"34,844,721"
الخدمات الرقمية,عام,القطاع العام,خدمة إلكترونية جزئيا,2026/01/29,"34,844,771"
الخدمات الرقمية,عام,القطاع العام,خدمة إلكترونية جزئيا,2026/01/29,"34,844,773"
الخدمات الرقمية,عام,القطاع العام,خدمة إلكترونية جزئيا,2026/01/29,"34,844,830"
الخدمات الرقمية,عام,القطاع العام,خدمة إلكترونية جزئيا,2026/01/29,"34,845,420"
الخدمات الرقمية,عام,القطاع العام,خدمة إلكترونية جزئيا,2026/01/29,"34,845,566"
الخدمات الرقمية,عام,القطاع العام,خدمة إلكترونية جزئيا,2026/01/29,"34,845,659"
الخدمات الرقمية,عام,القطاع العام,خدمة إلكترونية جزئيا,2026/01/29,"34,844,558"
الخدمات الرقمية,عام,القطاع العام,خدمة إلكترونية جزئيا,2026/01/29,"34,844,628"
الخدمات الرقمية,عام,القطاع العام,خدمة إلكترونية جزئيا,2026/01/29,"34,844,658"
الخدمات الرقمية,عام,القطاع العام,خدمة إلكترونية جزئيا,2026/01/29,"34,844,915"
الخدمات الرقمية,عام,القطاع العام,خدمة إلكترونية جزئيا,2026/01/29,"34,844,945"
الخدمات الرقمية,عام,القطاع العام,خدمة إلكترونية جزئيا,2026/01/29,"34,845,123"
الخدمات الرقمية,عام,القطاع العام,خدمة إلكترونية جزئيا,2026/01/29,"34,845,198"
الخدمات الرقمية,عام,القطاع العام,خدمة إلكترونية جزئيا,2026/01/29,"34,845,199"
الخدمات الرقمية,عام,القطاع العام,خدمة إلكترونية جزئيا,2026/01/29,"34,845,298"
الخدمات الرقمية,عام,القطاع العام,خدمة إلكترونية جزئيا,2026/01/29,"34,845,391"
الخدمات الرقمية,عام,القطاع العام,خدمة إلكترونية جزئيا,2026/01/29,"34,845,410"
الخدمات الرقمية,عام,القطاع العام,خدمة إلكترونية جزئيا,2026/01/29,"34,845,469"
الخدمات الرقمية,عام,القطاع العام,خدمة إلكترونية جزئيا,2026/01/29,"34,845,498"
الخدمات الرقمية,عام,القطاع العام,خدمة إلكترونية جزئيا,2026/01/29,"34,845,606"
الخدمات الرقمية,عام,القطاع العام,خدمة إلكترونية جزئيا,2026/01/29,"34,844,833"
الخدمات الرقمية,عام,القطاع العام,خدمة إلكترونية جزئيا,2026/01/29,"34,844,879"
الخدمات الرقمية,عام,القطاع العام,خدمة إلكترونية جزئيا,2026/01/29,"34,844,940"
الخدمات الرقمية,عام,القطاع العام,خدمة إلكترونية جزئيا,2026/01/29,"34,845,008"
الخدمات الرقمية,عام,القطاع العام,خدمة إلكترونية جزئيا,2026/01/29,"34,845,031"
الخدمات الرقمية,عام,القطاع العام,خدمة إلكترونية جزئيا,2026/01/29,"34,845,283"
الخدمات الرقمية,عام,القطاع العام,خدمة إلكترونية جزئيا,2026/01/29,"34,845,292"
الخدمات الرقمية,عام,القطاع العام,خدمة إلكترونية جزئيا,2026/01/29,"34,845,351"
الخدمات الرقمية,عام,القطاع العام,خدمة إلكترونية جزئيا,2026/01/29,"34,845,357"
الخدمات الرقمية,عام,القطاع العام,خدمة إلكترونية جزئيا,2026/01/29,"34,845,556"
الخدمات الرقمية,عام,القطاع العام,خدمة إلكترونية جزئيا,2026/01/29,"34,845,650"
الخدمات الرقمية,عام,القطاع العام,خدمة إلكترونية جزئيا,2026/01/29,"34,845,359"
الخدمات الرقمية,عام,القطاع العام,خدمة إلكترونية جزئيا,2026/01/29,"34,845,404"
الخدمات الرقمية,عام,القطاع العام,خدمة إلكترونية جزئيا,2026/01/29,"34,845,489"
الخدمات الرقمية,عام,القطاع العام,خدمة إلكترونية جزئيا,2026/01/29,"34,845,554"
الخدمات الرقمية,عام,القطاع العام,خدمة إلكترونية جزئيا,2026/01/29,"34,845,626"
 الرياض,الرياض,القطاع العام,خدمة إلكترونية جزئيا,2026/01/29,"34,856,096"
 الرياض,الرياض,القطاع العام,خدمة إلكترونية جزئيا,2026/01/29,"34,855,840"
 الرياض,الرياض,القطاع العام,خدمة إلكترونية جزئيا,2026/01/29,"34,850,231"
 تبوك,تبوك,القطاع العام,خدمة إلكترونية جزئيا,2026/01/29,"34,840,135"
 الرياض,الرياض,القطاع العام,خدمة إلكترونية جزئيا,2026/01/29,"34,839,480"
 الرياض,الرياض,القطاع العام,خدمة إلكترونية جزئيا,2026/01/29,"34,841,935"
 تبوك,تبوك,القطاع العام,خدمة إلكترونية جزئيا,2026/01/29,"34,840,627"
 الرياض,الرياض,القطاع العام,خدمة إلكترونية جزئيا,2026/01/29,"34,840,837"
 الرياض,الرياض,القطاع العام,خدمة إلكترونية جزئيا,2026/01/29,"34,841,288"
 الرياض,الرياض,القطاع العام,خدمة إلكترونية جزئيا,2026/01/29,"34,837,887"
 الرياض,الرياض,القطاع العام,خدمة إلكترونية جزئيا,2026/01/29,"34,845,635"
 الرياض,الرياض,القطاع العام,خدمة إلكترونية جزئيا,2026/01/29,"34,843,354"
 الرياض,الرياض,القطاع العام,خدمة إلكترونية جزئيا,2026/01/29,"34,842,510"
 الرياض,الرياض,القطاع العام,خدمة إلكترونية جزئيا,2026/01/29,"34,843,769"
 الرياض,الرياض,القطاع العام,خدمة إلكترونية جزئيا,2026/01/29,"34,843,761"
 الرياض,الرياض,القطاع العام,خدمة إلكترونية جزئيا,2026/01/29,"34,842,883"
 الرياض,الرياض,القطاع العام,خدمة إلكترونية جزئيا,2026/01/29,"34,842,973"
 الرياض,الرياض,القطاع العام,خدمة إلكترونية جزئيا,2026/01/29,"34,844,057"
 الرياض,الرياض,القطاع العام,خدمة إلكترونية جزئيا,2026/01/29,"34,838,388"
 الرياض,الرياض,القطاع العام,خدمة إلكترونية جزئيا,2026/01/29,"34,848,486"
 الرياض,الرياض,القطاع العام,خدمة إلكترونية جزئيا,2026/01/29,"34,847,774"
 الرياض,الرياض,القطاع العام,خدمة إلكترونية جزئيا,2026/01/30,"34,861,094"
 الرياض,الرياض,القطاع العام,خدمة إلكترونية جزئيا,2026/01/30,"34,863,575"
 الرياض,الرياض,القطاع العام,خدمة إلكترونية جزئيا,2026/01/30,"34,859,638"
 الرياض,الرياض,القطاع العام,خدمة إلكترونية جزئيا,2026/01/30,"34,859,567"
 الرياض,الرياض,القطاع العام,خدمة إلكترونية جزئيا,2026/01/30,"34,858,531"
 الرياض,الرياض,القطاع العام,خدمة إلكترونية جزئيا,2026/01/30,"34,859,581"
 الرياض,الرياض,القطاع العام,خدمة إلكترونية جزئيا,2026/01/31,"34,865,337"
 الرياض,الرياض,القطاع العام,خدمة إلكترونية جزئيا,2026/01/31,"34,865,406"
 الرياض,الرياض,القطاع العام,خدمة إلكترونية جزئيا,2026/01/31,"34,865,404"
 الرياض,الرياض,القطاع العام,خدمة إلكترونية جزئيا,2026/01/31,"34,865,386"
 الرياض,الرياض,القطاع العام,خدمة إلكترونية جزئيا,2026/01/31,"34,865,304"
 الرياض,الرياض,القطاع العام,خدمة إلكترونية جزئيا,2026/01/31,"34,865,355"
 الرياض,الرياض,القطاع العام,خدمة إلكترونية جزئيا,2026/02/01,"34,894,809"
 الرياض,الرياض,القطاع العام,خدمة إلكترونية جزئيا,2026/02/01,"34,895,416"
 الرياض,الرياض,القطاع العام,خدمة إلكترونية جزئيا,2026/02/01,"34,895,632"
 الرياض,الرياض,القطاع العام,خدمة إلكترونية جزئيا,2026/02/01,"34,880,037"
 الرياض,الرياض,القطاع العام,خدمة إلكترونية جزئيا,2026/02/01,"34,895,409"
 الرياض,الرياض,القطاع العام,خدمة إلكترونية جزئيا,2026/02/01,"34,881,301"
 الرياض,الرياض,القطاع العام,خدمة إلكترونية جزئيا,2026/02/01,"34,881,971"
 الرياض,الرياض,القطاع العام,خدمة إلكترونية جزئيا,2026/02/01,"34,897,532"
 جازان,جيزان,القطاع العام,خدمة إلكترونية جزئيا,2026/02/01,"34,877,040"
 جازان,جيزان,القطاع العام,خدمة إلكترونية جزئيا,2026/02/01,"34,881,677"
 الرياض,الرياض,القطاع العام,خدمة إلكترونية جزئيا,2026/02/01,"34,892,540"
 الرياض,الرياض,القطاع العام,خدمة إلكترونية جزئيا,2026/02/01,"34,892,527"
 الرياض,الرياض,القطاع العام,خدمة إلكترونية جزئيا,2026/02/01,"34,892,522"
 تبوك,تبوك,القطاع العام,خدمة إلكترونية جزئيا,2026/02/01,"34,875,632"
 الرياض,الرياض,القطاع العام,خدمة إلكترونية جزئيا,2026/02/01,"34,880,136"
 المدينة المنوره,العلا,القطاع العام,خدمة إلكترونية جزئيا,2026/02/01,"34,879,179"
 الرياض,الرياض,القطاع العام,خدمة إلكترونية جزئيا,2026/02/02,"34,924,179"
 تبوك,تبوك,القطاع العام,خدمة إلكترونية جزئيا,2026/02/02,"34,904,489"
 الرياض,الرياض,القطاع العام,خدمة إلكترونية جزئيا,2026/02/02,"34,905,349"
 الرياض,الرياض,القطاع العام,خدمة إلكترونية جزئيا,2026/02/02,"34,908,599"
 الرياض,الرياض,القطاع العام,خدمة إلكترونية جزئيا,2026/02/02,"34,915,450"
 الرياض,الرياض,القطاع العام,خدمة إلكترونية جزئيا,2026/02/02,"34,914,994"
 الرياض,الرياض,القطاع العام,خدمة إلكترونية جزئيا,2026/02/02,"34,916,757"
 الرياض,الرياض,القطاع العام,خدمة إلكترونية جزئيا,2026/02/02,"34,921,477"
 الرياض,الرياض,القطاع العام,خدمة إلكترونية جزئيا,2026/02/02,"34,920,642"
 الرياض,الرياض,القطاع العام,خدمة إلكترونية جزئيا,2026/02/02,"34,917,395"
 الرياض,الرياض,القطاع العام,خدمة إلكترونية جزئيا,2026/02/02,"34,921,046"
 الرياض,الرياض,القطاع العام,خدمة إلكترونية جزئيا,2026/02/02,"34,917,747"
 الرياض,الرياض,القطاع العام,خدمة إلكترونية جزئيا,2026/02/02,"34,923,922"
 الرياض,الرياض,القطاع العام,خدمة إلكترونية جزئيا,2026/02/02,"34,922,980"
 الرياض,الرياض,القطاع العام,خدمة إلكترونية جزئيا,2026/02/02,"34,922,296"
 الرياض,الرياض,القطاع العام,خدمة إلكترونية جزئيا,2026/02/02,"34,920,398"
 الرياض,الرياض,القطاع العام,خدمة إلكترونية جزئيا,2026/02/02,"34,919,542"
 الرياض,الرياض,القطاع العام,خدمة إلكترونية جزئيا,2026/02/02,"34,905,540"
 الرياض,الرياض,القطاع العام,خدمة إلكترونية جزئيا,2026/02/02,"34,904,913"
 الرياض,الرياض,القطاع العام,خدمة إلكترونية جزئيا,2026/02/02,"34,914,872"
 الرياض,الرياض,القطاع العام,خدمة إلكترونية جزئيا,2026/02/02,"34,913,710"
 الرياض,الرياض,القطاع العام,خدمة إلكترونية جزئيا,2026/02/02,"34,902,784"
 الرياض,الرياض,القطاع العام,خدمة إلكترونية جزئيا,2026/02/02,"34,901,090"
 الرياض,الرياض,القطاع العام,خدمة إلكترونية جزئيا,2026/02/02,"34,901,049"
 الرياض,الرياض,القطاع العام,خدمة إلكترونية جزئيا,2026/02/02,"34,910,416"
 الرياض,الرياض,القطاع العام,خدمة إلكترونية جزئيا,2026/02/02,"34,901,534"
 الرياض,الرياض,القطاع العام,خدمة إلكترونية جزئيا,2026/02/02,"34,901,133"
 الرياض,الرياض,القطاع العام,خدمة إلكترونية جزئيا,2026/02/02,"34,904,209"
 الرياض,الرياض,القطاع العام,خدمة إلكترونية جزئيا,2026/02/02,"34,907,453"
 الرياض,الرياض,القطاع العام,خدمة إلكترونية جزئيا,2026/02/02,"34,901,300"
 الرياض,الرياض,القطاع العام,خدمة إلكترونية جزئيا,2026/02/02,"34,908,827"
 الرياض,الرياض,القطاع العام,خدمة إلكترونية جزئيا,2026/02/02,"34,906,713"
 الرياض,الرياض,القطاع العام,خدمة إلكترونية جزئيا,2026/02/02,"34,908,616"
 تبوك,تبوك,القطاع العام,خدمة إلكترونية جزئيا,2026/02/02,"34,904,231"
 تبوك,تبوك,القطاع العام,خدمة إلكترونية جزئيا,2026/02/02,"34,905,880"
 تبوك,تبوك,القطاع العام,خدمة إلكترونية جزئيا,2026/02/02,"34,904,784"
 الرياض,الرياض,القطاع العام,خدمة إلكترونية جزئيا,2026/02/02,"34,911,969"
 الرياض,الرياض,القطاع العام,خدمة إلكترونية جزئيا,2026/02/02,"34,906,754"
 الرياض,الرياض,القطاع العام,خدمة إلكترونية جزئيا,2026/02/02,"34,902,032"
 الرياض,الرياض,القطاع العام,خدمة إلكترونية جزئيا,2026/02/02,"34,904,352"
 الرياض,الرياض,القطاع العام,خدمة إلكترونية جزئيا,2026/02/02,"34,909,861"
 تبوك,تبوك,القطاع العام,خدمة إلكترونية جزئيا,2026/02/02,"34,906,629"
 الرياض,الرياض,القطاع العام,خدمة إلكترونية جزئيا,2026/02/02,"34,911,706"
 الرياض,الرياض,القطاع العام,خدمة إلكترونية جزئيا,2026/02/02,"34,918,486"
 الرياض,الرياض,القطاع العام,خدمة إلكترونية جزئيا,2026/02/02,"34,917,408"
 الرياض,الرياض,القطاع العام,خدمة إلكترونية جزئيا,2026/02/02,"34,922,807"
 تبوك,تبوك,القطاع العام,خدمة إلكترونية جزئيا,2026/02/02,"34,906,033"
 تبوك,تبوك,القطاع العام,خدمة إلكترونية جزئيا,2026/02/02,"34,912,786"
 تبوك,تبوك,القطاع العام,خدمة إلكترونية جزئيا,2026/02/02,"34,905,317"
 الرياض,الرياض,القطاع العام,خدمة إلكترونية جزئيا,2026/02/02,"34,916,076"
 الرياض,الرياض,القطاع العام,خدمة إلكترونية جزئيا,2026/02/02,"34,921,649"
 الرياض,الرياض,القطاع العام,خدمة إلكترونية جزئيا,2026/02/02,"34,918,978"
 الرياض,الرياض,القطاع العام,خدمة إلكترونية جزئيا,2026/02/02,"34,923,398"
 تبوك,تبوك,القطاع العام,خدمة إلكترونية جزئيا,2026/02/02,"34,904,841"
 تبوك,تبوك,القطاع العام,خدمة إلكترونية جزئيا,2026/02/02,"34,905,139"
 تبوك,تبوك,القطاع العام,خدمة إلكترونية جزئيا,2026/02/02,"34,913,029"
 جازان,جيزان,القطاع العام,خدمة إلكترونية جزئيا,2026/02/02,"34,904,291"
 الرياض,الرياض,القطاع العام,خدمة إلكترونية جزئيا,2026/02/02,"34,913,793"
 تبوك,تبوك,القطاع العام,خدمة إلكترونية جزئيا,2026/02/02,"34,906,459"
 الرياض,الرياض,القطاع العام,خدمة إلكترونية جزئيا,2026/02/02,"34,922,162"
 الرياض,الرياض,القطاع العام,خدمة إلكترونية جزئيا,2026/02/02,"34,914,166"
 تبوك,تبوك,القطاع العام,خدمة إلكترونية جزئيا,2026/02/03,"34,927,936"
 تبوك,تبوك,القطاع العام,خدمة إلكترونية جزئيا,2026/02/03,"34,937,181"
 الرياض,الرياض,القطاع العام,خدمة إلكترونية جزئيا,2026/02/03,"34,933,231"
 تبوك,تبوك,القطاع العام,خدمة إلكترونية جزئيا,2026/02/03,"34,934,875"
 تبوك,تبوك,القطاع العام,خدمة إلكترونية جزئيا,2026/02/03,"34,935,591"
 تبوك,تبوك,القطاع العام,خدمة إلكترونية جزئيا,2026/02/03,"34,934,102"
 تبوك,تبوك,القطاع العام,خدمة إلكترونية جزئيا,2026/02/03,"34,934,347"
 تبوك,تبوك,القطاع العام,خدمة إلكترونية جزئيا,2026/02/03,"34,933,151"
 تبوك,تبوك,القطاع العام,خدمة إلكترونية جزئيا,2026/02/03,"34,933,575"
 تبوك,تبوك,القطاع العام,خدمة إلكترونية جزئيا,2026/02/03,"34,934,610"
 تبوك,تبوك,القطاع العام,خدمة إلكترونية جزئيا,2026/02/03,"34,932,892"
 الرياض,الرياض,القطاع العام,خدمة إلكترونية جزئيا,2026/02/03,"34,953,354"
 تبوك,تبوك,القطاع العام,خدمة إلكترونية جزئيا,2026/02/03,"34,932,933"
 الرياض,الرياض,القطاع العام,خدمة إلكترونية جزئيا,2026/02/03,"34,950,824"
 الرياض,الرياض,القطاع العام,خدمة إلكترونية جزئيا,2026/02/03,"34,951,343"
 الرياض,الرياض,القطاع العام,خدمة إلكترونية جزئيا,2026/02/03,"34,953,233"
 الرياض,الرياض,القطاع العام,خدمة إلكترونية جزئيا,2026/02/03,"34,950,516"
 الرياض,الرياض,القطاع العام,خدمة إلكترونية جزئيا,2026/02/03,"34,949,910"
 الرياض,الرياض,القطاع العام,خدمة إلكترونية جزئيا,2026/02/03,"34,950,152"
 الرياض,الرياض,القطاع العام,خدمة إلكترونية جزئيا,2026/02/03,"34,930,803"
 الرياض,الرياض,القطاع العام,خدمة إلكترونية جزئيا,2026/02/03,"34,930,726"
 الرياض,الرياض,القطاع العام,خدمة إلكترونية جزئيا,2026/02/03,"34,952,190"
 الرياض,الرياض,القطاع العام,خدمة إلكترونية جزئيا,2026/02/03,"34,933,777"
 الرياض,الرياض,القطاع العام,خدمة إلكترونية جزئيا,2026/02/03,"34,932,434"
 الشرقية,الدمام,القطاع العام,خدمة إلكترونية جزئيا,2026/02/03,"34,932,549"
 الرياض,الرياض,القطاع العام,خدمة إلكترونية جزئيا,2026/02/03,"34,931,659"
 الرياض,الرياض,القطاع العام,خدمة إلكترونية جزئيا,2026/02/03,"34,931,045"
 الرياض,الرياض,القطاع العام,خدمة إلكترونية جزئيا,2026/02/03,"34,934,150"
 تبوك,تبوك,القطاع العام,خدمة إلكترونية جزئيا,2026/02/03,"34,932,436"
 تبوك,تبوك,القطاع العام,خدمة إلكترونية جزئيا,2026/02/03,"34,931,487"
 تبوك,تبوك,القطاع العام,خدمة إلكترونية جزئيا,2026/02/03,"34,930,755"
 الرياض,الرياض,القطاع العام,خدمة إلكترونية جزئيا,2026/02/03,"34,934,928"
 تبوك,تبوك,القطاع العام,خدمة إلكترونية جزئيا,2026/02/03,"34,931,454"
 تبوك,تبوك,القطاع العام,خدمة إلكترونية جزئيا,2026/02/03,"34,939,247"
 تبوك,تبوك,القطاع العام,خدمة إلكترونية جزئيا,2026/02/03,"34,935,339"
 تبوك,تبوك,القطاع العام,خدمة إلكترونية جزئيا,2026/02/03,"34,930,601"
 تبوك,تبوك,القطاع العام,خدمة إلكترونية جزئيا,2026/02/03,"34,930,515"
 تبوك,تبوك,القطاع العام,خدمة إلكترونية جزئيا,2026/02/03,"34,927,807"
 تبوك,تبوك,القطاع العام,خدمة إلكترونية جزئيا,2026/02/03,"34,932,483"
 تبوك,تبوك,القطاع العام,خدمة إلكترونية جزئيا,2026/02/03,"34,928,431"
 الرياض,الرياض,القطاع العام,خدمة إلكترونية جزئيا,2026/02/03,"34,935,665"
 الرياض,الرياض,القطاع العام,خدمة إلكترونية جزئيا,2026/02/03,"34,937,117"
 الرياض,الرياض,القطاع العام,خدمة إلكترونية جزئيا,2026/02/03,"34,935,066"
 الرياض,الرياض,القطاع العام,خدمة إلكترونية جزئيا,2026/02/03,"34,932,734"
 الرياض,الرياض,القطاع العام,خدمة إلكترونية جزئيا,2026/02/03,"34,928,655"
 الرياض,الرياض,القطاع العام,خدمة إلكترونية جزئيا,2026/02/03,"34,933,682"
 الرياض,الرياض,القطاع العام,خدمة إلكترونية جزئيا,2026/02/03,"34,931,663"
 الرياض,الرياض,القطاع العام,خدمة إلكترونية جزئيا,2026/02/03,"34,932,531"
 الرياض,الرياض,القطاع العام,خدمة إلكترونية جزئيا,2026/02/03,"34,930,223"
 الرياض,الرياض,القطاع العام,خدمة إلكترونية جزئيا,2026/02/03,"34,931,505"
 الرياض,الرياض,القطاع العام,خدمة إلكترونية جزئيا,2026/02/03,"34,932,518"
 الرياض,الرياض,القطاع العام,خدمة إلكترونية جزئيا,2026/02/03,"34,928,415"
 الرياض,الرياض,القطاع العام,خدمة إلكترونية جزئيا,2026/02/03,"34,934,651"
 حائل,حائل,القطاع العام,خدمة إلكترونية جزئيا,2026/02/03,"34,932,229"
 حائل,حائل,القطاع العام,خدمة إلكترونية جزئيا,2026/02/03,"34,932,411"
 تبوك,تبوك,القطاع العام,خدمة إلكترونية جزئيا,2026/02/03,"34,934,499"
 حائل,حائل,القطاع العام,خدمة إلكترونية جزئيا,2026/02/03,"34,931,993"
 حائل,حائل,القطاع العام,خدمة إلكترونية جزئيا,2026/02/03,"34,947,616"
 حائل,حائل,القطاع العام,خدمة إلكترونية جزئيا,2026/02/03,"34,948,333"
 حائل,حائل,القطاع العام,خدمة إلكترونية جزئيا,2026/02/03,"34,931,733"
 تبوك,تبوك,القطاع العام,خدمة إلكترونية جزئيا,2026/02/03,"34,933,411"
 تبوك,تبوك,القطاع العام,خدمة إلكترونية جزئيا,2026/02/03,"34,933,809"
 تبوك,تبوك,القطاع العام,خدمة إلكترونية جزئيا,2026/02/03,"34,939,703"
 تبوك,تبوك,القطاع العام,خدمة إلكترونية جزئيا,2026/02/03,"34,933,144"
 تبوك,تبوك,القطاع العام,خدمة إلكترونية جزئيا,2026/02/03,"34,932,182"
 تبوك,تبوك,القطاع العام,خدمة إلكترونية جزئيا,2026/02/03,"34,932,673"
 تبوك,تبوك,القطاع العام,خدمة إلكترونية جزئيا,2026/02/03,"34,931,039"
 تبوك,تبوك,القطاع العام,خدمة إلكترونية جزئيا,2026/02/03,"34,932,078"
 تبوك,تبوك,القطاع العام,خدمة إلكترونية جزئيا,2026/02/03,"34,931,760"
 تبوك,تبوك,القطاع العام,خدمة إلكترونية جزئيا,2026/02/03,"34,933,921"
 تبوك,تبوك,القطاع العام,خدمة إلكترونية جزئيا,2026/02/03,"34,934,157"
 تبوك,تبوك,القطاع العام,خدمة إلكترونية جزئيا,2026/02/03,"34,934,794"
 الرياض,الرياض,القطاع العام,خدمة إلكترونية جزئيا,2026/02/03,"34,935,338"
 الرياض,الرياض,القطاع العام,خدمة إلكترونية جزئيا,2026/02/03,"34,929,956"
 تبوك,تبوك,القطاع العام,خدمة إلكترونية جزئيا,2026/02/03,"34,935,526"
 تبوك,تبوك,القطاع العام,خدمة إلكترونية جزئيا,2026/02/03,"34,944,227"
 تبوك,تبوك,القطاع العام,خدمة إلكترونية جزئيا,2026/02/03,"34,936,920"
 تبوك,تبوك,القطاع العام,خدمة إلكترونية جزئيا,2026/02/03,"34,943,409"
 تبوك,تبوك,القطاع العام,خدمة إلكترونية جزئيا,2026/02/03,"34,945,062"
 تبوك,تبوك,القطاع العام,خدمة إلكترونية جزئيا,2026/02/03,"34,936,029"
 تبوك,تبوك,القطاع العام,خدمة إلكترونية جزئيا,2026/02/03,"34,944,575"
 تبوك,تبوك,القطاع العام,خدمة إلكترونية جزئيا,2026/02/03,"34,944,760"
 تبوك,تبوك,القطاع العام,خدمة إلكترونية جزئيا,2026/02/03,"34,931,266"
 حائل,حائل,القطاع العام,خدمة إلكترونية جزئيا,2026/02/03,"34,932,569"
 حائل,حائل,القطاع العام,خدمة إلكترونية جزئيا,2026/02/03,"34,947,965"
 الرياض,الرياض,القطاع العام,خدمة إلكترونية جزئيا,2026/02/03,"34,939,765"
 تبوك,تبوك,القطاع العام,خدمة إلكترونية جزئيا,2026/02/03,"34,934,440"
 الرياض,الرياض,القطاع العام,خدمة إلكترونية جزئيا,2026/02/03,"34,941,209"
 الرياض,الرياض,القطاع العام,خدمة إلكترونية جزئيا,2026/02/03,"34,943,940"
 الرياض,الرياض,القطاع العام,خدمة إلكترونية جزئيا,2026/02/03,"34,942,451"
 الرياض,الرياض,القطاع العام,خدمة إلكترونية جزئيا,2026/02/03,"34,943,217"
 الرياض,الرياض,القطاع العام,خدمة إلكترونية جزئيا,2026/02/03,"34,941,964"
 تبوك,تبوك,القطاع العام,خدمة إلكترونية جزئيا,2026/02/03,"34,932,529"
 الرياض,الرياض,القطاع العام,خدمة إلكترونية جزئيا,2026/02/03,"34,937,812"
 تبوك,تبوك,القطاع العام,خدمة إلكترونية جزئيا,2026/02/03,"34,936,039"
 الرياض,الرياض,القطاع العام,خدمة إلكترونية جزئيا,2026/02/03,"34,935,085"
 تبوك,تبوك,القطاع العام,خدمة إلكترونية جزئيا,2026/02/03,"34,944,415"
 تبوك,تبوك,القطاع العام,خدمة إلكترونية جزئيا,2026/02/03,"34,937,419"
 تبوك,تبوك,القطاع العام,خدمة إلكترونية جزئيا,2026/02/03,"34,940,670"
 تبوك,تبوك,القطاع العام,خدمة إلكترونية جزئيا,2026/02/03,"34,930,576"
 الرياض,الرياض,القطاع العام,خدمة إلكترونية جزئيا,2026/02/03,"34,942,710"
 الرياض,الرياض,القطاع العام,خدمة إلكترونية جزئيا,2026/02/03,"34,941,641"
 الرياض,الرياض,القطاع العام,خدمة إلكترونية جزئيا,2026/02/03,"34,943,859"
 الرياض,الرياض,القطاع العام,خدمة إلكترونية جزئيا,2026/02/03,"34,942,324"
 الرياض,الرياض,القطاع العام,خدمة إلكترونية جزئيا,2026/02/03,"34,943,562"
 الرياض,الرياض,القطاع العام,خدمة إلكترونية جزئيا,2026/02/03,"34,941,850"
 الرياض,الرياض,القطاع العام,خدمة إلكترونية جزئيا,2026/02/03,"34,942,119"
 الرياض,الرياض,القطاع العام,خدمة إلكترونية جزئيا,2026/02/03,"34,942,995"
 تبوك,تبوك,القطاع العام,خدمة إلكترونية جزئيا,2026/02/03,"34,927,597"
 تبوك,تبوك,القطاع العام,خدمة إلكترونية جزئيا,2026/02/03,"34,939,248"
 الرياض,الرياض,القطاع العام,خدمة إلكترونية جزئيا,2026/02/03,"34,929,693"
 تبوك,تبوك,القطاع العام,خدمة إلكترونية جزئيا,2026/02/03,"34,927,309"
 تبوك,تبوك,القطاع العام,خدمة إلكترونية جزئيا,2026/02/03,"34,931,210"
 تبوك,تبوك,القطاع العام,خدمة إلكترونية جزئيا,2026/02/03,"34,930,972"
 تبوك,تبوك,القطاع العام,خدمة إلكترونية جزئيا,2026/02/03,"34,930,772"
 تبوك,تبوك,القطاع العام,خدمة إلكترونية جزئيا,2026/02/03,"34,934,358"
 تبوك,تبوك,القطاع العام,خدمة إلكترونية جزئيا,2026/02/03,"34,940,528"
 تبوك,تبوك,القطاع العام,خدمة إلكترونية جزئيا,2026/02/04,"34,966,081"
 تبوك,تبوك,القطاع العام,خدمة إلكترونية جزئيا,2026/02/04,"34,965,919"
 تبوك,تبوك,القطاع العام,خدمة إلكترونية جزئيا,2026/02/04,"34,965,804"
 تبوك,تبوك,القطاع العام,خدمة إلكترونية جزئيا,2026/02/04,"34,958,819"
 تبوك,تبوك,القطاع العام,خدمة إلكترونية جزئيا,2026/02/04,"34,959,235"
 تبوك,تبوك,القطاع العام,خدمة إلكترونية جزئيا,2026/02/04,"34,958,288"
 الرياض,الرياض,القطاع العام,خدمة إلكترونية جزئيا,2026/02/04,"34,964,579"
 تبوك,تبوك,القطاع العام,خدمة إلكترونية جزئيا,2026/02/04,"34,958,472"
 تبوك,تبوك,القطاع العام,خدمة إلكترونية جزئيا,2026/02/04,"34,958,618"
 تبوك,تبوك,القطاع العام,خدمة إلكترونية جزئيا,2026/02/04,"34,959,319"
 الرياض,الرياض,القطاع العام,خدمة إلكترونية جزئيا,2026/02/04,"34,977,600"
 الرياض,الرياض,القطاع العام,خدمة إلكترونية جزئيا,2026/02/04,"34,975,942"
 الرياض,الرياض,القطاع العام,خدمة إلكترونية جزئيا,2026/02/04,"34,975,469"
 الرياض,الرياض,القطاع العام,خدمة إلكترونية جزئيا,2026/02/04,"34,973,644"
 الرياض,الرياض,القطاع العام,خدمة إلكترونية جزئيا,2026/02/04,"34,972,995"
 الرياض,الرياض,القطاع العام,خدمة إلكترونية جزئيا,2026/02/04,"34,970,997"
 الرياض,الرياض,القطاع العام,خدمة إلكترونية جزئيا,2026/02/04,"34,970,736"
 الرياض,الرياض,القطاع العام,خدمة إلكترونية جزئيا,2026/02/04,"34,974,165"
 الرياض,الرياض,القطاع العام,خدمة إلكترونية جزئيا,2026/02/04,"34,970,408"
 الرياض,الرياض,القطاع العام,خدمة إلكترونية جزئيا,2026/02/04,"34,974,693"
 الرياض,الرياض,القطاع العام,خدمة إلكترونية جزئيا,2026/02/04,"34,976,188"
 الرياض,الرياض,القطاع العام,خدمة إلكترونية جزئيا,2026/02/04,"34,966,931"
 الرياض,الرياض,القطاع العام,خدمة إلكترونية جزئيا,2026/02/04,"34,965,893"
 الرياض,الرياض,القطاع العام,خدمة إلكترونية جزئيا,2026/02/04,"34,967,526"
 الرياض,الرياض,القطاع العام,خدمة إلكترونية جزئيا,2026/02/04,"34,967,140"
 الرياض,الرياض,القطاع العام,خدمة إلكترونية جزئيا,2026/02/04,"34,963,979"
 تبوك,تبوك,القطاع العام,خدمة إلكترونية جزئيا,2026/02/04,"34,962,350"
 تبوك,تبوك,القطاع العام,خدمة إلكترونية جزئيا,2026/02/04,"34,962,667"
 تبوك,تبوك,القطاع العام,خدمة إلكترونية جزئيا,2026/02/04,"34,958,901"
 تبوك,تبوك,القطاع العام,خدمة إلكترونية جزئيا,2026/02/04,"34,962,545"
 تبوك,تبوك,القطاع العام,خدمة إلكترونية جزئيا,2026/02/04,"34,960,943"
 الرياض,الرياض,القطاع العام,خدمة إلكترونية جزئيا,2026/02/04,"34,963,327"
 الرياض,الرياض,القطاع العام,خدمة إلكترونية جزئيا,2026/02/04,"34,964,961"
 الرياض,الرياض,القطاع العام,خدمة إلكترونية جزئيا,2026/02/04,"34,959,295"
 تبوك,تبوك,القطاع العام,خدمة إلكترونية جزئيا,2026/02/04,"34,962,836"
 الرياض,الرياض,القطاع العام,خدمة إلكترونية جزئيا,2026/02/04,"34,964,533"
 الرياض,الرياض,القطاع العام,خدمة إلكترونية جزئيا,2026/02/04,"34,965,311"
 الرياض,الرياض,القطاع العام,خدمة إلكترونية جزئيا,2026/02/04,"34,962,427"
 الرياض,الرياض,القطاع العام,خدمة إلكترونية جزئيا,2026/02/04,"34,957,193"
 الرياض,الرياض,القطاع العام,خدمة إلكترونية جزئيا,2026/02/04,"34,964,504"
 الرياض,الرياض,القطاع العام,خدمة إلكترونية جزئيا,2026/02/04,"34,956,137"
 الرياض,الرياض,القطاع العام,خدمة إلكترونية جزئيا,2026/02/04,"34,957,965"
 الرياض,الرياض,القطاع العام,خدمة إلكترونية جزئيا,2026/02/04,"34,955,951"
 الرياض,الرياض,القطاع العام,خدمة إلكترونية جزئيا,2026/02/04,"34,958,245"
 الرياض,الرياض,القطاع العام,خدمة إلكترونية جزئيا,2026/02/04,"34,956,710"
 الرياض,الرياض,القطاع العام,خدمة إلكترونية جزئيا,2026/02/04,"34,957,694"
 حائل,حائل,القطاع العام,خدمة إلكترونية جزئيا,2026/02/04,"34,962,248"
 حائل,حائل,القطاع العام,خدمة إلكترونية جزئيا,2026/02/04,"34,964,641"
 تبوك,تبوك,القطاع العام,خدمة إلكترونية جزئيا,2026/02/04,"34,962,108"
 الرياض,الرياض,القطاع العام,خدمة إلكترونية جزئيا,2026/02/04,"34,976,757"
 تبوك,تبوك,القطاع العام,خدمة إلكترونية جزئيا,2026/02/04,"34,957,232"
 الرياض,الرياض,القطاع العام,خدمة إلكترونية جزئيا,2026/02/04,"34,971,546"
 تبوك,تبوك,القطاع العام,خدمة إلكترونية جزئيا,2026/02/04,"34,965,162"
 تبوك,تبوك,القطاع العام,خدمة إلكترونية جزئيا,2026/02/04,"34,957,184"
 تبوك,تبوك,القطاع العام,خدمة إلكترونية جزئيا,2026/02/04,"34,956,131"
 تبوك,تبوك,القطاع العام,خدمة إلكترونية جزئيا,2026/02/04,"34,965,630"
 تبوك,تبوك,القطاع العام,خدمة إلكترونية جزئيا,2026/02/04,"34,958,647"
 تبوك,تبوك,القطاع العام,خدمة إلكترونية جزئيا,2026/02/04,"34,957,024"
 تبوك,تبوك,القطاع العام,خدمة إلكترونية جزئيا,2026/02/04,"34,959,283"
 تبوك,تبوك,القطاع العام,خدمة إلكترونية جزئيا,2026/02/04,"34,958,279"
 تبوك,تبوك,القطاع العام,خدمة إلكترونية جزئيا,2026/02/04,"34,958,037"
 تبوك,تبوك,القطاع العام,خدمة إلكترونية جزئيا,2026/02/04,"34,960,790"
 تبوك,تبوك,القطاع العام,خدمة إلكترونية جزئيا,2026/02/04,"34,956,712"
 تبوك,تبوك,القطاع العام,خدمة إلكترونية جزئيا,2026/02/04,"34,962,542"
 تبوك,تبوك,القطاع العام,خدمة إلكترونية جزئيا,2026/02/04,"34,959,929"
 تبوك,تبوك,القطاع العام,خدمة إلكترونية جزئيا,2026/02/04,"34,957,407"
 تبوك,تبوك,القطاع العام,خدمة إلكترونية جزئيا,2026/02/05,"34,985,356"
 تبوك,تبوك,القطاع العام,خدمة إلكترونية جزئيا,2026/02/05,"34,985,348"
 تبوك,تبوك,القطاع العام,خدمة إلكترونية جزئيا,2026/02/05,"34,985,238"
 تبوك,تبوك,القطاع العام,خدمة إلكترونية جزئيا,2026/02/05,"34,985,044"
 تبوك,تبوك,القطاع العام,خدمة إلكترونية جزئيا,2026/02/05,"34,985,131"
 الرياض,الرياض,القطاع العام,خدمة إلكترونية جزئيا,2026/02/05,"34,996,894"
 تبوك,تبوك,القطاع العام,خدمة إلكترونية جزئيا,2026/02/05,"34,984,878"
 الرياض,الرياض,القطاع العام,خدمة إلكترونية جزئيا,2026/02/05,"34,987,332"
 تبوك,تبوك,القطاع العام,خدمة إلكترونية جزئيا,2026/02/05,"34,984,075"
 حائل,حائل,القطاع العام,خدمة إلكترونية جزئيا,2026/02/05,"35,001,876"
 الرياض,الرياض,القطاع العام,خدمة إلكترونية جزئيا,2026/02/05,"34,999,088"
 الرياض,الرياض,القطاع العام,خدمة إلكترونية جزئيا,2026/02/05,"34,999,369"
 الرياض,الرياض,القطاع العام,خدمة إلكترونية جزئيا,2026/02/05,"35,000,546"
 الرياض,الرياض,القطاع العام,خدمة إلكترونية جزئيا,2026/02/05,"34,988,946"
 الرياض,الرياض,القطاع العام,خدمة إلكترونية جزئيا,2026/02/05,"35,001,518"
 الرياض,الرياض,القطاع العام,خدمة إلكترونية جزئيا,2026/02/05,"35,001,304"
 الرياض,الرياض,القطاع العام,خدمة إلكترونية جزئيا,2026/02/05,"35,001,433"
 الرياض,الرياض,القطاع العام,خدمة إلكترونية جزئيا,2026/02/05,"35,000,447"
 الرياض,الرياض,القطاع العام,خدمة إلكترونية جزئيا,2026/02/05,"34,999,205"
 الرياض,الرياض,القطاع العام,خدمة إلكترونية جزئيا,2026/02/05,"34,999,318"
 الرياض,الرياض,القطاع العام,خدمة إلكترونية جزئيا,2026/02/05,"35,000,350"
 الرياض,الرياض,القطاع العام,خدمة إلكترونية جزئيا,2026/02/05,"35,000,627"
 الرياض,الرياض,القطاع العام,خدمة إلكترونية جزئيا,2026/02/05,"34,989,767"
 الرياض,الرياض,القطاع العام,خدمة إلكترونية جزئيا,2026/02/05,"35,001,501"
 الرياض,الرياض,القطاع العام,خدمة إلكترونية جزئيا,2026/02/05,"35,002,723"
 الرياض,الرياض,القطاع العام,خدمة إلكترونية جزئيا,2026/02/05,"34,983,480"
 الرياض,الرياض,القطاع العام,خدمة إلكترونية جزئيا,2026/02/05,"34,999,275"
 الرياض,الرياض,القطاع العام,خدمة إلكترونية جزئيا,2026/02/05,"34,983,069"
 الرياض,الرياض,القطاع العام,خدمة إلكترونية جزئيا,2026/02/05,"34,997,402"
 الرياض,الرياض,القطاع العام,خدمة إلكترونية جزئيا,2026/02/05,"34,996,770"
 الرياض,الرياض,القطاع العام,خدمة إلكترونية جزئيا,2026/02/05,"34,986,054"
 الرياض,الرياض,القطاع العام,خدمة إلكترونية جزئيا,2026/02/05,"34,987,165"
 تبوك,تبوك,القطاع العام,خدمة إلكترونية جزئيا,2026/02/05,"34,987,298"
 الرياض,الرياض,القطاع العام,خدمة إلكترونية جزئيا,2026/02/05,"34,986,863"
 الرياض,الرياض,القطاع العام,خدمة إلكترونية جزئيا,2026/02/05,"34,986,422"
 تبوك,تبوك,القطاع العام,خدمة إلكترونية جزئيا,2026/02/05,"34,984,588"
 تبوك,تبوك,القطاع العام,خدمة إلكترونية جزئيا,2026/02/05,"34,985,449"
 الرياض,الرياض,القطاع العام,خدمة إلكترونية جزئيا,2026/02/05,"34,984,545"
 الرياض,الرياض,القطاع العام,خدمة إلكترونية جزئيا,2026/02/05,"34,984,348"
 الرياض,الرياض,القطاع العام,خدمة إلكترونية جزئيا,2026/02/05,"34,984,300"
 الرياض,الرياض,القطاع العام,خدمة إلكترونية جزئيا,2026/02/05,"34,984,449"
 تبوك,تبوك,القطاع العام,خدمة إلكترونية جزئيا,2026/02/05,"34,986,049"
 تبوك,تبوك,القطاع العام,خدمة إلكترونية جزئيا,2026/02/05,"34,984,385"
 تبوك,تبوك,القطاع العام,خدمة إلكترونية جزئيا,2026/02/05,"34,983,883"
 تبوك,تبوك,القطاع العام,خدمة إلكترونية جزئيا,2026/02/05,"34,985,303"
 تبوك,تبوك,القطاع العام,خدمة إلكترونية جزئيا,2026/02/05,"34,984,262"
 تبوك,تبوك,القطاع العام,خدمة إلكترونية جزئيا,2026/02/05,"34,984,889"
 تبوك,تبوك,القطاع العام,خدمة إلكترونية جزئيا,2026/02/05,"34,991,915"
 تبوك,تبوك,القطاع العام,خدمة إلكترونية جزئيا,2026/02/05,"34,986,881"
 تبوك,تبوك,القطاع العام,خدمة إلكترونية جزئيا,2026/02/05,"34,985,812"
 تبوك,تبوك,القطاع العام,خدمة إلكترونية جزئيا,2026/02/05,"34,985,240"
 تبوك,تبوك,القطاع العام,خدمة إلكترونية جزئيا,2026/02/05,"34,984,755"
 تبوك,تبوك,القطاع العام,خدمة إلكترونية جزئيا,2026/02/05,"34,985,025"
 تبوك,تبوك,القطاع العام,خدمة إلكترونية جزئيا,2026/02/05,"34,987,166"
 تبوك,تبوك,القطاع العام,خدمة إلكترونية جزئيا,2026/02/05,"34,986,998"
 الرياض,الرياض,القطاع العام,خدمة إلكترونية جزئيا,2026/02/05,"34,986,514"
 الرياض,الرياض,القطاع العام,خدمة إلكترونية جزئيا,2026/02/05,"34,990,741"
 الرياض,الرياض,القطاع العام,خدمة إلكترونية جزئيا,2026/02/05,"34,989,206"
 الرياض,الرياض,القطاع العام,خدمة إلكترونية جزئيا,2026/02/05,"34,990,174"
 الرياض,الرياض,القطاع العام,خدمة إلكترونية جزئيا,2026/02/05,"34,990,447"
 الرياض,الرياض,القطاع العام,خدمة إلكترونية جزئيا,2026/02/05,"34,992,859"
 الرياض,الرياض,القطاع العام,خدمة إلكترونية جزئيا,2026/02/05,"34,986,363"
 الرياض,الرياض,القطاع العام,خدمة إلكترونية جزئيا,2026/02/05,"34,989,866"
 الرياض,الرياض,القطاع العام,خدمة إلكترونية جزئيا,2026/02/05,"34,984,460"
 الرياض,الرياض,القطاع العام,خدمة إلكترونية جزئيا,2026/02/05,"34,986,988"
 الرياض,الرياض,القطاع العام,خدمة إلكترونية جزئيا,2026/02/05,"34,986,506"
 الرياض,الرياض,القطاع العام,خدمة إلكترونية جزئيا,2026/02/05,"34,986,010"
 الرياض,الرياض,القطاع العام,خدمة إلكترونية جزئيا,2026/02/05,"34,986,365"
 الرياض,الرياض,القطاع العام,خدمة إلكترونية جزئيا,2026/02/05,"34,990,649"
 الرياض,الرياض,القطاع العام,خدمة إلكترونية جزئيا,2026/02/05,"34,987,104"
 الرياض,الرياض,القطاع العام,خدمة إلكترونية جزئيا,2026/02/05,"35,002,197"
 الرياض,الرياض,القطاع العام,خدمة إلكترونية جزئيا,2026/02/05,"34,992,842"
 الرياض,الرياض,القطاع العام,خدمة إلكترونية جزئيا,2026/02/05,"34,991,702"
 الرياض,الرياض,القطاع العام,خدمة إلكترونية جزئيا,2026/02/05,"34,990,755"
 الرياض,الرياض,القطاع العام,خدمة إلكترونية جزئيا,2026/02/05,"34,996,226"
 الرياض,الرياض,القطاع العام,خدمة إلكترونية جزئيا,2026/02/05,"34,992,883"
 الرياض,الرياض,القطاع العام,خدمة إلكترونية جزئيا,2026/02/05,"34,993,280"
 حائل,حائل,القطاع العام,خدمة إلكترونية جزئيا,2026/02/05,"35,001,500"
 حائل,حائل,القطاع العام,خدمة إلكترونية جزئيا,2026/02/05,"34,999,033"
 حائل,حائل,القطاع العام,خدمة إلكترونية جزئيا,2026/02/05,"35,001,547"
 حائل,حائل,القطاع العام,خدمة إلكترونية جزئيا,2026/02/05,"34,998,917"
 الرياض,الرياض,القطاع العام,خدمة إلكترونية جزئيا,2026/02/05,"34,988,409"
 الرياض,الرياض,القطاع العام,خدمة إلكترونية جزئيا,2026/02/05,"34,995,195"
 الرياض,الرياض,القطاع العام,خدمة إلكترونية جزئيا,2026/02/05,"34,997,429"
 الرياض,الرياض,القطاع العام,خدمة إلكترونية جزئيا,2026/02/05,"34,995,805"
 الرياض,الرياض,القطاع العام,خدمة إلكترونية جزئيا,2026/02/05,"34,997,725"
 الرياض,الرياض,القطاع العام,خدمة إلكترونية جزئيا,2026/02/05,"34,991,352"
 الرياض,الرياض,القطاع العام,خدمة إلكترونية جزئيا,2026/02/05,"34,987,299"
 حائل,حائل,القطاع العام,خدمة إلكترونية جزئيا,2026/02/05,"35,000,719"
 حائل,حائل,القطاع العام,خدمة إلكترونية جزئيا,2026/02/05,"35,001,611"
 حائل,حائل,القطاع العام,خدمة إلكترونية جزئيا,2026/02/05,"34,998,774"
 تبوك,تبوك,القطاع العام,خدمة إلكترونية جزئيا,2026/02/05,"34,993,029"
 تبوك,تبوك,القطاع العام,خدمة إلكترونية جزئيا,2026/02/05,"34,992,565"
 الرياض,الرياض,القطاع العام,خدمة إلكترونية جزئيا,2026/02/05,"34,997,154"
 الرياض,الرياض,القطاع العام,خدمة إلكترونية جزئيا,2026/02/05,"34,985,776"
 الرياض,الرياض,القطاع العام,خدمة إلكترونية جزئيا,2026/02/05,"34,993,137"
 الرياض,الرياض,القطاع العام,خدمة إلكترونية جزئيا,2026/02/05,"34,997,287"
 الرياض,الرياض,القطاع العام,خدمة إلكترونية جزئيا,2026/02/05,"34,995,926"
 الرياض,الرياض,القطاع العام,خدمة إلكترونية جزئيا,2026/02/05,"34,991,601"
 الرياض,الرياض,القطاع العام,خدمة إلكترونية جزئيا,2026/02/05,"34,997,632"
 الرياض,الرياض,القطاع العام,خدمة إلكترونية جزئيا,2026/02/05,"34,997,077"
 الرياض,الرياض,القطاع العام,خدمة إلكترونية جزئيا,2026/02/05,"34,995,685"
 الرياض,الرياض,القطاع العام,خدمة إلكترونية جزئيا,2026/02/05,"34,995,447"
 الرياض,الرياض,القطاع العام,خدمة إلكترونية جزئيا,2026/02/05,"34,997,535"
 تبوك,تبوك,القطاع العام,خدمة إلكترونية جزئيا,2026/02/05,"34,987,838"
 الرياض,الرياض,القطاع العام,خدمة إلكترونية جزئيا,2026/02/05,"34,996,121"
 الرياض,الرياض,القطاع العام,خدمة إلكترونية جزئيا,2026/02/05,"34,985,602"
 تبوك,تبوك,القطاع العام,خدمة إلكترونية جزئيا,2026/02/05,"34,992,671"
 تبوك,تبوك,القطاع العام,خدمة إلكترونية جزئيا,2026/02/05,"34,986,697"
 تبوك,تبوك,القطاع العام,خدمة إلكترونية جزئيا,2026/02/05,"34,986,625"
 الرياض,الرياض,القطاع العام,خدمة إلكترونية جزئيا,2026/02/05,"34,985,538"
 الرياض,الرياض,القطاع العام,خدمة إلكترونية جزئيا,2026/02/05,"34,992,781"
 تبوك,تبوك,القطاع العام,خدمة إلكترونية جزئيا,2026/02/05,"34,993,185"
 تبوك,تبوك,القطاع العام,خدمة إلكترونية جزئيا,2026/02/05,"34,993,387"
 تبوك,تبوك,القطاع العام,خدمة إلكترونية جزئيا,2026/02/05,"34,992,765"
 تبوك,تبوك,القطاع العام,خدمة إلكترونية جزئيا,2026/02/05,"34,992,872"
 الرياض,الرياض,القطاع العام,خدمة إلكترونية جزئيا,2026/02/05,"34,992,997"
 الرياض,الرياض,القطاع العام,خدمة إلكترونية جزئيا,2026/02/05,"34,994,283"
 الرياض,الرياض,القطاع العام,خدمة إلكترونية جزئيا,2026/02/06,"35,009,676"
 الرياض,الرياض,القطاع العام,خدمة إلكترونية جزئيا,2026/02/06,"35,012,284"
 الرياض,الرياض,القطاع العام,خدمة إلكترونية جزئيا,2026/02/06,"35,007,406"
 الرياض,الرياض,القطاع العام,خدمة إلكترونية جزئيا,2026/02/06,"35,007,348"
 الرياض,الرياض,القطاع العام,خدمة إلكترونية جزئيا,2026/02/06,"35,011,990"
 الرياض,الرياض,القطاع العام,خدمة إلكترونية جزئيا,2026/02/06,"35,009,843"
 الرياض,الرياض,القطاع العام,خدمة إلكترونية جزئيا,2026/02/06,"35,010,722"
 الرياض,الرياض,القطاع العام,خدمة إلكترونية جزئيا,2026/02/06,"35,008,319"
 الرياض,الرياض,القطاع العام,خدمة إلكترونية جزئيا,2026/02/07,"35,021,164"
 الرياض,الرياض,القطاع العام,خدمة إلكترونية جزئيا,2026/02/07,"35,021,211"
 الرياض,الرياض,القطاع العام,خدمة إلكترونية جزئيا,2026/02/07,"35,020,199"
 الرياض,الرياض,القطاع العام,خدمة إلكترونية جزئيا,2026/02/07,"35,020,442"
 الرياض,الرياض,القطاع العام,خدمة إلكترونية جزئيا,2026/02/07,"35,020,068"
 الرياض,الرياض,القطاع العام,خدمة إلكترونية جزئيا,2026/02/07,"35,020,537"
 الرياض,الرياض,القطاع العام,خدمة إلكترونية جزئيا,2026/02/07,"35,020,737"
 الرياض,الرياض,القطاع العام,خدمة إلكترونية جزئيا,2026/02/07,"35,020,279"
 تبوك,تبوك,القطاع العام,خدمة إلكترونية جزئيا,2026/02/08,"35,028,371"
 الرياض,الرياض,القطاع العام,خدمة إلكترونية جزئيا,2026/02/08,"35,034,185"
 الرياض,الرياض,القطاع العام,خدمة إلكترونية جزئيا,2026/02/08,"35,026,429"
 تبوك,تبوك,القطاع العام,خدمة إلكترونية جزئيا,2026/02/08,"35,024,545"
 تبوك,تبوك,القطاع العام,خدمة إلكترونية جزئيا,2026/02/08,"35,025,184"
 تبوك,تبوك,القطاع العام,خدمة إلكترونية جزئيا,2026/02/08,"35,025,071"
 تبوك,تبوك,القطاع العام,خدمة إلكترونية جزئيا,2026/02/08,"35,024,584"
 تبوك,تبوك,القطاع العام,خدمة إلكترونية جزئيا,2026/02/08,"35,024,835"
 تبوك,تبوك,القطاع العام,خدمة إلكترونية جزئيا,2026/02/08,"35,024,980"
 تبوك,تبوك,القطاع العام,خدمة إلكترونية جزئيا,2026/02/08,"35,024,736"
 تبوك,تبوك,القطاع العام,خدمة إلكترونية جزئيا,2026/02/08,"35,024,685"
 الرياض,الرياض,القطاع العام,خدمة إلكترونية جزئيا,2026/02/08,"35,026,426"
 الرياض,الرياض,القطاع العام,خدمة إلكترونية جزئيا,2026/02/08,"35,021,760"
 الرياض,الرياض,القطاع العام,خدمة إلكترونية جزئيا,2026/02/08,"35,021,465"
 الرياض,الرياض,القطاع العام,خدمة إلكترونية جزئيا,2026/02/08,"35,021,844"
 الرياض,الرياض,القطاع العام,خدمة إلكترونية جزئيا,2026/02/08,"35,021,520"
 الرياض,الرياض,القطاع العام,خدمة إلكترونية جزئيا,2026/02/08,"35,021,244"
 الرياض,الرياض,القطاع العام,خدمة إلكترونية جزئيا,2026/02/08,"35,021,852"
 الرياض,الرياض,القطاع العام,خدمة إلكترونية جزئيا,2026/02/08,"35,021,776"
 الرياض,الرياض,القطاع العام,خدمة إلكترونية جزئيا,2026/02/08,"35,036,697"
 الرياض,الرياض,القطاع العام,خدمة إلكترونية جزئيا,2026/02/08,"35,037,253"
 الرياض,الرياض,القطاع العام,خدمة إلكترونية جزئيا,2026/02/08,"35,032,910"
 الرياض,الرياض,القطاع العام,خدمة إلكترونية جزئيا,2026/02/08,"35,027,761"
 الرياض,الرياض,القطاع العام,خدمة إلكترونية جزئيا,2026/02/08,"35,029,336"
 المدينة المنوره,العلا,القطاع العام,خدمة إلكترونية جزئيا,2026/02/08,"35,033,049"
 الرياض,الرياض,القطاع العام,خدمة إلكترونية جزئيا,2026/02/08,"35,024,720"
 الرياض,الرياض,القطاع العام,خدمة إلكترونية جزئيا,2026/02/08,"35,024,593"
 تبوك,تبوك,القطاع العام,خدمة إلكترونية جزئيا,2026/02/08,"35,023,812"
 تبوك,تبوك,القطاع العام,خدمة إلكترونية جزئيا,2026/02/08,"35,023,960"
 تبوك,تبوك,القطاع العام,خدمة إلكترونية جزئيا,2026/02/08,"35,023,730"
 تبوك,تبوك,القطاع العام,خدمة إلكترونية جزئيا,2026/02/08,"35,023,927"
 الرياض,الرياض,القطاع العام,خدمة إلكترونية جزئيا,2026/02/08,"35,026,744"
 الرياض,الرياض,القطاع العام,خدمة إلكترونية جزئيا,2026/02/08,"35,025,353"
 الرياض,الرياض,القطاع العام,خدمة إلكترونية جزئيا,2026/02/08,"35,024,308"
 الرياض,الرياض,القطاع العام,خدمة إلكترونية جزئيا,2026/02/08,"35,031,194"
 الرياض,الرياض,القطاع العام,خدمة إلكترونية جزئيا,2026/02/08,"35,026,102"
 الرياض,الرياض,القطاع العام,خدمة إلكترونية جزئيا,2026/02/08,"35,024,553"
 الرياض,الرياض,القطاع العام,خدمة إلكترونية جزئيا,2026/02/08,"35,024,622"
 الرياض,الرياض,القطاع العام,خدمة إلكترونية جزئيا,2026/02/08,"35,024,586"
 الرياض,الرياض,القطاع العام,خدمة إلكترونية جزئيا,2026/02/08,"35,024,793"
 الرياض,الرياض,القطاع العام,خدمة إلكترونية جزئيا,2026/02/08,"35,032,708"
 الرياض,الرياض,القطاع العام,خدمة إلكترونية جزئيا,2026/02/08,"35,032,380"
 حائل,حائل,القطاع العام,خدمة إلكترونية جزئيا,2026/02/08,"35,035,013"
 حائل,حائل,القطاع العام,خدمة إلكترونية جزئيا,2026/02/08,"35,034,711"
 حائل,حائل,القطاع العام,خدمة إلكترونية جزئيا,2026/02/08,"35,033,104"
 حائل,حائل,القطاع العام,خدمة إلكترونية جزئيا,2026/02/08,"35,031,944"
 حائل,حائل,القطاع العام,خدمة إلكترونية جزئيا,2026/02/08,"35,032,386"
 حائل,حائل,القطاع العام,خدمة إلكترونية جزئيا,2026/02/08,"35,035,465"
 تبوك,تبوك,القطاع العام,خدمة إلكترونية جزئيا,2026/02/08,"35,027,995"
 تبوك,تبوك,القطاع العام,خدمة إلكترونية جزئيا,2026/02/08,"35,023,630"
 تبوك,تبوك,القطاع العام,خدمة إلكترونية جزئيا,2026/02/08,"35,023,891"
 تبوك,تبوك,القطاع العام,خدمة إلكترونية جزئيا,2026/02/08,"35,023,722"
 تبوك,تبوك,القطاع العام,خدمة إلكترونية جزئيا,2026/02/08,"35,024,028"
 تبوك,تبوك,القطاع العام,خدمة إلكترونية جزئيا,2026/02/08,"35,026,394"
 الرياض,الرياض,القطاع العام,خدمة إلكترونية جزئيا,2026/02/08,"35,024,781"
 الرياض,الرياض,القطاع العام,خدمة إلكترونية جزئيا,2026/02/08,"35,024,637"
 الرياض,الرياض,القطاع العام,خدمة إلكترونية جزئيا,2026/02/08,"35,024,830"
 تبوك,تبوك,القطاع العام,خدمة إلكترونية جزئيا,2026/02/08,"35,028,536"
 الرياض,الرياض,القطاع العام,خدمة إلكترونية جزئيا,2026/02/09,"35,047,560"
 تبوك,تبوك,القطاع العام,خدمة إلكترونية جزئيا,2026/02/09,"35,049,738"
 الرياض,الرياض,القطاع العام,خدمة إلكترونية جزئيا,2026/02/09,"35,057,252"
 تبوك,تبوك,القطاع العام,خدمة إلكترونية جزئيا,2026/02/09,"35,058,403"
 تبوك,تبوك,القطاع العام,خدمة إلكترونية جزئيا,2026/02/09,"35,049,521"
 تبوك,تبوك,القطاع العام,خدمة إلكترونية جزئيا,2026/02/09,"35,050,135"
 تبوك,تبوك,القطاع العام,خدمة إلكترونية جزئيا,2026/02/09,"35,048,389"
 تبوك,تبوك,القطاع العام,خدمة إلكترونية جزئيا,2026/02/09,"35,048,295"
 تبوك,تبوك,القطاع العام,خدمة إلكترونية جزئيا,2026/02/09,"35,048,515"
 تبوك,تبوك,القطاع العام,خدمة إلكترونية جزئيا,2026/02/09,"35,048,460"
 تبوك,تبوك,القطاع العام,خدمة إلكترونية جزئيا,2026/02/09,"35,048,038"
 تبوك,تبوك,القطاع العام,خدمة إلكترونية جزئيا,2026/02/09,"35,048,219"
 حائل,حائل,القطاع العام,خدمة إلكترونية جزئيا,2026/02/09,"35,069,802"
 حائل,حائل,القطاع العام,خدمة إلكترونية جزئيا,2026/02/09,"35,069,748"
 الرياض,الرياض,القطاع العام,خدمة إلكترونية جزئيا,2026/02/09,"35,068,047"
 الرياض,الرياض,القطاع العام,خدمة إلكترونية جزئيا,2026/02/09,"35,067,963"
 الرياض,الرياض,القطاع العام,خدمة إلكترونية جزئيا,2026/02/09,"35,067,685"
 الرياض,الرياض,القطاع العام,خدمة إلكترونية جزئيا,2026/02/09,"35,067,319"
 الرياض,الرياض,القطاع العام,خدمة إلكترونية جزئيا,2026/02/09,"35,053,742"
 الرياض,الرياض,القطاع العام,خدمة إلكترونية جزئيا,2026/02/09,"35,049,712"
 تبوك,تبوك,القطاع العام,خدمة إلكترونية جزئيا,2026/02/09,"35,047,830"
 تبوك,تبوك,القطاع العام,خدمة إلكترونية جزئيا,2026/02/09,"35,048,345"
 تبوك,تبوك,القطاع العام,خدمة إلكترونية جزئيا,2026/02/09,"35,049,689"
 تبوك,تبوك,القطاع العام,خدمة إلكترونية جزئيا,2026/02/09,"35,050,022"
 تبوك,تبوك,القطاع العام,خدمة إلكترونية جزئيا,2026/02/09,"35,052,364"
 تبوك,تبوك,القطاع العام,خدمة إلكترونية جزئيا,2026/02/09,"35,047,637"
 الرياض,الرياض,القطاع العام,خدمة إلكترونية جزئيا,2026/02/09,"35,048,783"
 الرياض,الرياض,القطاع العام,خدمة إلكترونية جزئيا,2026/02/09,"35,049,876"
 الرياض,الرياض,القطاع العام,خدمة إلكترونية جزئيا,2026/02/09,"35,044,709"
 الرياض,الرياض,القطاع العام,خدمة إلكترونية جزئيا,2026/02/09,"35,055,451"
 الرياض,الرياض,القطاع العام,خدمة إلكترونية جزئيا,2026/02/09,"35,055,762"
 الرياض,الرياض,القطاع العام,خدمة إلكترونية جزئيا,2026/02/09,"35,055,918"
 الرياض,الرياض,القطاع العام,خدمة إلكترونية جزئيا,2026/02/09,"35,049,875"
 الرياض,الرياض,القطاع العام,خدمة إلكترونية جزئيا,2026/02/09,"35,050,618"
 الرياض,الرياض,القطاع العام,خدمة إلكترونية جزئيا,2026/02/09,"35,049,400"
 الرياض,الرياض,القطاع العام,خدمة إلكترونية جزئيا,2026/02/09,"35,052,406"
 الرياض,الرياض,القطاع العام,خدمة إلكترونية جزئيا,2026/02/09,"35,050,428"
 حائل,حائل,القطاع العام,خدمة إلكترونية جزئيا,2026/02/09,"35,069,629"
 حائل,حائل,القطاع العام,خدمة إلكترونية جزئيا,2026/02/09,"35,063,811"
 حائل,حائل,القطاع العام,خدمة إلكترونية جزئيا,2026/02/09,"35,069,440"
 حائل,حائل,القطاع العام,خدمة إلكترونية جزئيا,2026/02/09,"35,069,728"
 حائل,حائل,القطاع العام,خدمة إلكترونية جزئيا,2026/02/09,"35,064,049"
 حائل,حائل,القطاع العام,خدمة إلكترونية جزئيا,2026/02/09,"35,063,898"
 الرياض,الرياض,القطاع العام,خدمة إلكترونية جزئيا,2026/02/09,"35,058,381"
 حائل,حائل,القطاع العام,خدمة إلكترونية جزئيا,2026/02/09,"35,069,551"
 حائل,حائل,القطاع العام,خدمة إلكترونية جزئيا,2026/02/09,"35,064,162"
 الرياض,الرياض,القطاع العام,خدمة إلكترونية جزئيا,2026/02/09,"35,060,165"
 تبوك,تبوك,القطاع العام,خدمة إلكترونية جزئيا,2026/02/09,"35,052,590"
 تبوك,تبوك,القطاع العام,خدمة إلكترونية جزئيا,2026/02/09,"35,050,341"
 تبوك,تبوك,القطاع العام,خدمة إلكترونية جزئيا,2026/02/09,"35,050,402"
 تبوك,تبوك,القطاع العام,خدمة إلكترونية جزئيا,2026/02/09,"35,047,566"
 تبوك,تبوك,القطاع العام,خدمة إلكترونية جزئيا,2026/02/09,"35,047,456"
 تبوك,تبوك,القطاع العام,خدمة إلكترونية جزئيا,2026/02/09,"35,050,934"
 تبوك,تبوك,القطاع العام,خدمة إلكترونية جزئيا,2026/02/09,"35,051,304"
 تبوك,تبوك,القطاع العام,خدمة إلكترونية جزئيا,2026/02/09,"35,048,079"
 تبوك,تبوك,القطاع العام,خدمة إلكترونية جزئيا,2026/02/09,"35,051,623"
 تبوك,تبوك,القطاع العام,خدمة إلكترونية جزئيا,2026/02/09,"35,050,727"
 تبوك,تبوك,القطاع العام,خدمة إلكترونية جزئيا,2026/02/10,"35,078,872"
 تبوك,تبوك,القطاع العام,خدمة إلكترونية جزئيا,2026/02/10,"35,077,639"
 تبوك,تبوك,القطاع العام,خدمة إلكترونية جزئيا,2026/02/10,"35,078,110"
 تبوك,تبوك,القطاع العام,خدمة إلكترونية جزئيا,2026/02/10,"35,077,788"
 تبوك,تبوك,القطاع العام,خدمة إلكترونية جزئيا,2026/02/10,"35,075,235"
 الرياض,الرياض,القطاع العام,خدمة إلكترونية جزئيا,2026/02/10,"35,084,508"
 تبوك,تبوك,القطاع العام,خدمة إلكترونية جزئيا,2026/02/10,"35,075,862"
 المدينة المنوره,العلا,القطاع العام,خدمة إلكترونية جزئيا,2026/02/10,"35,075,358"
 الرياض,الرياض,القطاع العام,خدمة إلكترونية جزئيا,2026/02/10,"35,077,832"
 الحدود الشمالية,عرعر,القطاع العام,خدمة إلكترونية جزئيا,2026/02/10,"35,078,714"
 الحدود الشمالية,عرعر,القطاع العام,خدمة إلكترونية جزئيا,2026/02/10,"35,079,903"
 تبوك,تبوك,القطاع العام,خدمة إلكترونية جزئيا,2026/02/10,"35,078,189"
 تبوك,تبوك,القطاع العام,خدمة إلكترونية جزئيا,2026/02/10,"35,077,210"
 تبوك,تبوك,القطاع العام,خدمة إلكترونية جزئيا,2026/02/10,"35,076,197"
 تبوك,تبوك,القطاع العام,خدمة إلكترونية جزئيا,2026/02/10,"35,077,428"
 تبوك,تبوك,القطاع العام,خدمة إلكترونية جزئيا,2026/02/10,"35,077,544"
 تبوك,تبوك,القطاع العام,خدمة إلكترونية جزئيا,2026/02/10,"35,077,617"
 تبوك,تبوك,القطاع العام,خدمة إلكترونية جزئيا,2026/02/10,"35,077,707"
 تبوك,تبوك,القطاع العام,خدمة إلكترونية جزئيا,2026/02/10,"35,077,280"
 تبوك,تبوك,القطاع العام,خدمة إلكترونية جزئيا,2026/02/10,"35,076,893"
 الرياض,الرياض,القطاع العام,خدمة إلكترونية جزئيا,2026/02/10,"35,090,312"
 الرياض,الرياض,القطاع العام,خدمة إلكترونية جزئيا,2026/02/10,"35,072,082"
 الرياض,الرياض,القطاع العام,خدمة إلكترونية جزئيا,2026/02/10,"35,090,923"
 الرياض,الرياض,القطاع العام,خدمة إلكترونية جزئيا,2026/02/10,"35,091,528"
 الرياض,الرياض,القطاع العام,خدمة إلكترونية جزئيا,2026/02/10,"35,071,906"
 الرياض,الرياض,القطاع العام,خدمة إلكترونية جزئيا,2026/02/10,"35,072,032"
 الرياض,الرياض,القطاع العام,خدمة إلكترونية جزئيا,2026/02/10,"35,088,965"
 الرياض,الرياض,القطاع العام,خدمة إلكترونية جزئيا,2026/02/10,"35,083,492"
 الرياض,الرياض,القطاع العام,خدمة إلكترونية جزئيا,2026/02/10,"35,088,744"
 الرياض,الرياض,القطاع العام,خدمة إلكترونية جزئيا,2026/02/10,"35,081,087"
 الرياض,الرياض,القطاع العام,خدمة إلكترونية جزئيا,2026/02/10,"35,085,606"
 الرياض,الرياض,القطاع العام,خدمة إلكترونية جزئيا,2026/02/10,"35,080,578"
 الرياض,الرياض,القطاع العام,خدمة إلكترونية جزئيا,2026/02/10,"35,077,378"
 تبوك,تبوك,القطاع العام,خدمة إلكترونية جزئيا,2026/02/10,"35,078,280"
 تبوك,تبوك,القطاع العام,خدمة إلكترونية جزئيا,2026/02/10,"35,075,585"
 تبوك,تبوك,القطاع العام,خدمة إلكترونية جزئيا,2026/02/10,"35,078,849"
 تبوك,تبوك,القطاع العام,خدمة إلكترونية جزئيا,2026/02/10,"35,075,776"
 تبوك,تبوك,القطاع العام,خدمة إلكترونية جزئيا,2026/02/10,"35,076,276"
 تبوك,تبوك,القطاع العام,خدمة إلكترونية جزئيا,2026/02/10,"35,077,385"
 تبوك,تبوك,القطاع العام,خدمة إلكترونية جزئيا,2026/02/10,"35,075,148"
 تبوك,تبوك,القطاع العام,خدمة إلكترونية جزئيا,2026/02/10,"35,077,223"
 تبوك,تبوك,القطاع العام,خدمة إلكترونية جزئيا,2026/02/10,"35,078,357"
 تبوك,تبوك,القطاع العام,خدمة إلكترونية جزئيا,2026/02/10,"35,078,056"
 تبوك,تبوك,القطاع العام,خدمة إلكترونية جزئيا,2026/02/10,"35,076,835"
 تبوك,تبوك,القطاع العام,خدمة إلكترونية جزئيا,2026/02/10,"35,078,517"
 تبوك,تبوك,القطاع العام,خدمة إلكترونية جزئيا,2026/02/10,"35,074,875"
 تبوك,تبوك,القطاع العام,خدمة إلكترونية جزئيا,2026/02/10,"35,077,804"
 تبوك,تبوك,القطاع العام,خدمة إلكترونية جزئيا,2026/02/10,"35,084,066"
 الرياض,الرياض,القطاع العام,خدمة إلكترونية جزئيا,2026/02/10,"35,074,534"
 الرياض,الرياض,القطاع العام,خدمة إلكترونية جزئيا,2026/02/10,"35,074,141"
 الرياض,الرياض,القطاع العام,خدمة إلكترونية جزئيا,2026/02/10,"35,077,098"
 الرياض,الرياض,القطاع العام,خدمة إلكترونية جزئيا,2026/02/10,"35,074,400"
 الرياض,الرياض,القطاع العام,خدمة إلكترونية جزئيا,2026/02/10,"35,074,755"
 الرياض,الرياض,القطاع العام,خدمة إلكترونية جزئيا,2026/02/10,"35,075,426"
 الرياض,الرياض,القطاع العام,خدمة إلكترونية جزئيا,2026/02/10,"35,082,762"
 الرياض,الرياض,القطاع العام,خدمة إلكترونية جزئيا,2026/02/10,"35,077,847"
 الرياض,الرياض,القطاع العام,خدمة إلكترونية جزئيا,2026/02/10,"35,083,039"
 الرياض,الرياض,القطاع العام,خدمة إلكترونية جزئيا,2026/02/10,"35,084,247"
 الرياض,الرياض,القطاع العام,خدمة إلكترونية جزئيا,2026/02/10,"35,082,533"
 الرياض,الرياض,القطاع العام,خدمة إلكترونية جزئيا,2026/02/10,"35,082,654"
 تبوك,تبوك,القطاع العام,خدمة إلكترونية جزئيا,2026/02/10,"35,084,222"
 تبوك,تبوك,القطاع العام,خدمة إلكترونية جزئيا,2026/02/10,"35,084,841"
 تبوك,تبوك,القطاع العام,خدمة إلكترونية جزئيا,2026/02/10,"35,083,685"
 تبوك,تبوك,القطاع العام,خدمة إلكترونية جزئيا,2026/02/10,"35,083,957"
 تبوك,تبوك,القطاع العام,خدمة إلكترونية جزئيا,2026/02/10,"35,079,277"
 تبوك,تبوك,القطاع العام,خدمة إلكترونية جزئيا,2026/02/10,"35,078,671"
 تبوك,تبوك,القطاع العام,خدمة إلكترونية جزئيا,2026/02/10,"35,084,584"
 تبوك,تبوك,القطاع العام,خدمة إلكترونية جزئيا,2026/02/10,"35,084,442"
 تبوك,تبوك,القطاع العام,خدمة إلكترونية جزئيا,2026/02/10,"35,075,722"
 تبوك,تبوك,القطاع العام,خدمة إلكترونية جزئيا,2026/02/10,"35,078,328"
 تبوك,تبوك,القطاع العام,خدمة إلكترونية جزئيا,2026/02/10,"35,074,730"
 تبوك,تبوك,القطاع العام,خدمة إلكترونية جزئيا,2026/02/10,"35,076,056"
 تبوك,تبوك,القطاع العام,خدمة إلكترونية جزئيا,2026/02/10,"35,075,367"
 تبوك,تبوك,القطاع العام,خدمة إلكترونية جزئيا,2026/02/10,"35,074,544"
 تبوك,تبوك,القطاع العام,خدمة إلكترونية جزئيا,2026/02/10,"35,084,569"
 المدينة المنوره,العلا,القطاع العام,خدمة إلكترونية جزئيا,2026/02/10,"35,083,561"
 المدينة المنوره,العلا,القطاع العام,خدمة إلكترونية جزئيا,2026/02/10,"35,075,680"
 المدينة المنوره,العلا,القطاع العام,خدمة إلكترونية جزئيا,2026/02/10,"35,080,919"
 المدينة المنوره,العلا,القطاع العام,خدمة إلكترونية جزئيا,2026/02/10,"35,074,495"
 المدينة المنوره,العلا,القطاع العام,خدمة إلكترونية جزئيا,2026/02/10,"35,075,891"
 المدينة المنوره,العلا,القطاع العام,خدمة إلكترونية جزئيا,2026/02/10,"35,076,076"
 المدينة المنوره,العلا,القطاع العام,خدمة إلكترونية جزئيا,2026/02/10,"35,075,505"
 المدينة المنوره,العلا,القطاع العام,خدمة إلكترونية جزئيا,2026/02/10,"35,084,008"
 تبوك,تبوك,القطاع العام,خدمة إلكترونية جزئيا,2026/02/10,"35,077,642"
 الرياض,الرياض,القطاع العام,خدمة إلكترونية جزئيا,2026/02/10,"35,086,689"
 الحدود الشمالية,عرعر,القطاع العام,خدمة إلكترونية جزئيا,2026/02/10,"35,079,623"
 الرياض,الرياض,القطاع العام,خدمة إلكترونية جزئيا,2026/02/10,"35,082,870"
 الرياض,الرياض,القطاع العام,خدمة إلكترونية جزئيا,2026/02/10,"35,084,070"
 تبوك,تبوك,القطاع العام,خدمة إلكترونية جزئيا,2026/02/10,"35,075,978"
 الرياض,الرياض,القطاع العام,خدمة إلكترونية جزئيا,2026/02/10,"35,078,665"
 الرياض,الرياض,القطاع العام,خدمة إلكترونية جزئيا,2026/02/10,"35,078,196"
 الرياض,الرياض,القطاع العام,خدمة إلكترونية جزئيا,2026/02/10,"35,078,833"
 الرياض,الرياض,القطاع العام,خدمة إلكترونية جزئيا,2026/02/10,"35,083,409"
 الرياض,الرياض,القطاع العام,خدمة إلكترونية جزئيا,2026/02/10,"35,083,727"
 الرياض,الرياض,القطاع العام,خدمة إلكترونية جزئيا,2026/02/10,"35,084,368"
 الرياض,الرياض,القطاع العام,خدمة إلكترونية جزئيا,2026/02/10,"35,078,352"
 الرياض,الرياض,القطاع العام,خدمة إلكترونية جزئيا,2026/02/10,"35,080,618"
 تبوك,تبوك,القطاع العام,خدمة إلكترونية جزئيا,2026/02/10,"35,083,304"
 تبوك,تبوك,القطاع العام,خدمة إلكترونية جزئيا,2026/02/10,"35,083,513"
 تبوك,تبوك,القطاع العام,خدمة إلكترونية جزئيا,2026/02/10,"35,084,192"
 تبوك,تبوك,القطاع العام,خدمة إلكترونية جزئيا,2026/02/10,"35,078,915"
 تبوك,تبوك,القطاع العام,خدمة إلكترونية جزئيا,2026/02/10,"35,079,129"
 تبوك,تبوك,القطاع العام,خدمة إلكترونية جزئيا,2026/02/10,"35,085,038"
 تبوك,تبوك,القطاع العام,خدمة إلكترونية جزئيا,2026/02/10,"35,084,740"
 المدينة المنوره,العلا,القطاع العام,خدمة إلكترونية جزئيا,2026/02/10,"35,080,570"
 المدينة المنوره,العلا,القطاع العام,خدمة إلكترونية جزئيا,2026/02/10,"35,081,115"
 تبوك,تبوك,القطاع العام,خدمة إلكترونية جزئيا,2026/02/10,"35,075,433"
 تبوك,تبوك,القطاع العام,خدمة إلكترونية جزئيا,2026/02/10,"35,077,766"
 تبوك,تبوك,القطاع العام,خدمة إلكترونية جزئيا,2026/02/10,"35,079,547"
 تبوك,تبوك,القطاع العام,خدمة إلكترونية جزئيا,2026/02/10,"35,077,030"
 تبوك,تبوك,القطاع العام,خدمة إلكترونية جزئيا,2026/02/10,"35,077,794"
 الرياض,الرياض,القطاع العام,خدمة إلكترونية جزئيا,2026/02/10,"35,083,903"
 تبوك,تبوك,القطاع العام,خدمة إلكترونية جزئيا,2026/02/11,"35,101,805"
 تبوك,تبوك,القطاع العام,خدمة إلكترونية جزئيا,2026/02/11,"35,101,307"
 تبوك,تبوك,القطاع العام,خدمة إلكترونية جزئيا,2026/02/11,"35,102,227"
 تبوك,تبوك,القطاع العام,خدمة إلكترونية جزئيا,2026/02/11,"35,102,071"
 الرياض,الرياض,القطاع العام,خدمة إلكترونية جزئيا,2026/02/11,"35,108,662"
 الرياض,الرياض,القطاع العام,خدمة إلكترونية جزئيا,2026/02/11,"35,113,824"
 الرياض,الرياض,القطاع العام,خدمة إلكترونية جزئيا,2026/02/11,"35,113,111"
 الرياض,الرياض,القطاع العام,خدمة إلكترونية جزئيا,2026/02/11,"35,119,946"
 الرياض,الرياض,القطاع العام,خدمة إلكترونية جزئيا,2026/02/11,"35,095,136"
 الرياض,الرياض,القطاع العام,خدمة إلكترونية جزئيا,2026/02/11,"35,095,500"
 الرياض,الرياض,القطاع العام,خدمة إلكترونية جزئيا,2026/02/11,"35,095,055"
 الرياض,الرياض,القطاع العام,خدمة إلكترونية جزئيا,2026/02/11,"35,113,958"
 الرياض,الرياض,القطاع العام,خدمة إلكترونية جزئيا,2026/02/11,"35,118,180"
 الرياض,الرياض,القطاع العام,خدمة إلكترونية جزئيا,2026/02/11,"35,118,707"
 الرياض,الرياض,القطاع العام,خدمة إلكترونية جزئيا,2026/02/11,"35,110,514"
 الرياض,الرياض,القطاع العام,خدمة إلكترونية جزئيا,2026/02/11,"35,111,380"
 الرياض,الرياض,القطاع العام,خدمة إلكترونية جزئيا,2026/02/11,"35,110,449"
 الرياض,الرياض,القطاع العام,خدمة إلكترونية جزئيا,2026/02/11,"35,101,244"
 تبوك,تبوك,القطاع العام,خدمة إلكترونية جزئيا,2026/02/11,"35,102,279"
 تبوك,تبوك,القطاع العام,خدمة إلكترونية جزئيا,2026/02/11,"35,101,960"
 الرياض,الرياض,القطاع العام,خدمة إلكترونية جزئيا,2026/02/11,"35,098,932"
 الرياض,الرياض,القطاع العام,خدمة إلكترونية جزئيا,2026/02/11,"35,099,797"
 الرياض,الرياض,القطاع العام,خدمة إلكترونية جزئيا,2026/02/11,"35,098,825"
 الرياض,الرياض,القطاع العام,خدمة إلكترونية جزئيا,2026/02/11,"35,099,530"
 الرياض,الرياض,القطاع العام,خدمة إلكترونية جزئيا,2026/02/11,"35,099,597"
 الرياض,الرياض,القطاع العام,خدمة إلكترونية جزئيا,2026/02/11,"35,099,171"
 الرياض,الرياض,القطاع العام,خدمة إلكترونية جزئيا,2026/02/11,"35,095,329"
 تبوك,تبوك,القطاع العام,خدمة إلكترونية جزئيا,2026/02/11,"35,102,578"
 تبوك,تبوك,القطاع العام,خدمة إلكترونية جزئيا,2026/02/11,"35,101,340"
 تبوك,تبوك,القطاع العام,خدمة إلكترونية جزئيا,2026/02/11,"35,101,636"
 تبوك,تبوك,القطاع العام,خدمة إلكترونية جزئيا,2026/02/11,"35,102,904"
 تبوك,تبوك,القطاع العام,خدمة إلكترونية جزئيا,2026/02/11,"35,101,511"
 الرياض,الرياض,القطاع العام,خدمة إلكترونية جزئيا,2026/02/11,"35,099,457"
 الرياض,الرياض,القطاع العام,خدمة إلكترونية جزئيا,2026/02/11,"35,099,639"
 الرياض,الرياض,القطاع العام,خدمة إلكترونية جزئيا,2026/02/11,"35,099,341"
 الرياض,الرياض,القطاع العام,خدمة إلكترونية جزئيا,2026/02/11,"35,099,018"
 الرياض,الرياض,القطاع العام,خدمة إلكترونية جزئيا,2026/02/11,"35,098,871"
 الرياض,الرياض,القطاع العام,خدمة إلكترونية جزئيا,2026/02/11,"35,099,243"
 الرياض,الرياض,القطاع العام,خدمة إلكترونية جزئيا,2026/02/11,"35,105,706"
 الرياض,الرياض,القطاع العام,خدمة إلكترونية جزئيا,2026/02/11,"35,104,709"
 الرياض,الرياض,القطاع العام,خدمة إلكترونية جزئيا,2026/02/11,"35,108,247"
 الرياض,الرياض,القطاع العام,خدمة إلكترونية جزئيا,2026/02/11,"35,108,891"
 الرياض,الرياض,القطاع العام,خدمة إلكترونية جزئيا,2026/02/11,"35,108,663"
 الرياض,الرياض,القطاع العام,خدمة إلكترونية جزئيا,2026/02/11,"35,105,247"
 الرياض,الرياض,القطاع العام,خدمة إلكترونية جزئيا,2026/02/11,"35,119,442"
 الرياض,الرياض,القطاع العام,خدمة إلكترونية جزئيا,2026/02/11,"35,110,385"
 الرياض,الرياض,القطاع العام,خدمة إلكترونية جزئيا,2026/02/11,"35,107,949"
 الرياض,الرياض,القطاع العام,خدمة إلكترونية جزئيا,2026/02/11,"35,109,843"
 الرياض,الرياض,القطاع العام,خدمة إلكترونية جزئيا,2026/02/11,"35,105,113"
 الرياض,الرياض,القطاع العام,خدمة إلكترونية جزئيا,2026/02/11,"35,107,711"
 الرياض,الرياض,القطاع العام,خدمة إلكترونية جزئيا,2026/02/11,"35,094,943"
 الرياض,الرياض,القطاع العام,خدمة إلكترونية جزئيا,2026/02/11,"35,105,498"
 الرياض,الرياض,القطاع العام,خدمة إلكترونية جزئيا,2026/02/11,"35,108,522"
 الرياض,الرياض,القطاع العام,خدمة إلكترونية جزئيا,2026/02/11,"35,108,718"
 الرياض,الرياض,القطاع العام,خدمة إلكترونية جزئيا,2026/02/11,"35,109,637"
 الرياض,الرياض,القطاع العام,خدمة إلكترونية جزئيا,2026/02/11,"35,109,448"
 الرياض,الرياض,القطاع العام,خدمة إلكترونية جزئيا,2026/02/11,"35,109,534"
 الرياض,الرياض,القطاع العام,خدمة إلكترونية جزئيا,2026/02/11,"35,108,791"
 الرياض,الرياض,القطاع العام,خدمة إلكترونية جزئيا,2026/02/11,"35,099,724"
 الرياض,الرياض,القطاع العام,خدمة إلكترونية جزئيا,2026/02/11,"35,099,394"
 الرياض,الرياض,القطاع العام,خدمة إلكترونية جزئيا,2026/02/11,"35,098,804"
 الرياض,الرياض,القطاع العام,خدمة إلكترونية جزئيا,2026/02/11,"35,099,094"
 الرياض,الرياض,القطاع العام,خدمة إلكترونية جزئيا,2026/02/11,"35,108,380"
 الرياض,الرياض,القطاع العام,خدمة إلكترونية جزئيا,2026/02/11,"35,099,211"
 الرياض,الرياض,القطاع العام,خدمة إلكترونية جزئيا,2026/02/11,"35,099,257"
 تبوك,تبوك,القطاع العام,خدمة إلكترونية جزئيا,2026/02/11,"35,101,660"
 تبوك,تبوك,القطاع العام,خدمة إلكترونية جزئيا,2026/02/12,"35,125,004"
 تبوك,تبوك,القطاع العام,خدمة إلكترونية جزئيا,2026/02/12,"35,127,075"
 المدينة المنوره,العلا,القطاع العام,خدمة إلكترونية جزئيا,2026/02/12,"35,124,917"
 تبوك,تبوك,القطاع العام,خدمة إلكترونية جزئيا,2026/02/12,"35,124,668"
 تبوك,تبوك,القطاع العام,خدمة إلكترونية جزئيا,2026/02/12,"35,123,913"
 تبوك,تبوك,القطاع العام,خدمة إلكترونية جزئيا,2026/02/12,"35,126,935"
 تبوك,تبوك,القطاع العام,خدمة إلكترونية جزئيا,2026/02/12,"35,126,792"
 الرياض,الرياض,القطاع العام,خدمة إلكترونية جزئيا,2026/02/12,"35,134,464"
 الرياض,الرياض,القطاع العام,خدمة إلكترونية جزئيا,2026/02/12,"35,123,057"
 الرياض,الرياض,القطاع العام,خدمة إلكترونية جزئيا,2026/02/12,"35,134,426"
 الرياض,الرياض,القطاع العام,خدمة إلكترونية جزئيا,2026/02/12,"35,133,979"
 تبوك,تبوك,القطاع العام,خدمة إلكترونية جزئيا,2026/02/12,"35,132,595"
 تبوك,تبوك,القطاع العام,خدمة إلكترونية جزئيا,2026/02/12,"35,133,137"
 تبوك,تبوك,القطاع العام,خدمة إلكترونية جزئيا,2026/02/12,"35,133,481"
 المدينة المنوره,العلا,القطاع العام,خدمة إلكترونية جزئيا,2026/02/12,"35,125,084"
 الرياض,الرياض,القطاع العام,خدمة إلكترونية جزئيا,2026/02/12,"35,126,715"
 الرياض,الرياض,القطاع العام,خدمة إلكترونية جزئيا,2026/02/12,"35,125,944"
 الرياض,الرياض,القطاع العام,خدمة إلكترونية جزئيا,2026/02/12,"35,141,278"
 الرياض,الرياض,القطاع العام,خدمة إلكترونية جزئيا,2026/02/12,"35,137,981"
 الرياض,الرياض,القطاع العام,خدمة إلكترونية جزئيا,2026/02/12,"35,123,708"
 الرياض,الرياض,القطاع العام,خدمة إلكترونية جزئيا,2026/02/12,"35,125,896"
 الرياض,الرياض,القطاع العام,خدمة إلكترونية جزئيا,2026/02/12,"35,123,480"
 الرياض,الرياض,القطاع العام,خدمة إلكترونية جزئيا,2026/02/12,"35,123,193"
 تبوك,تبوك,القطاع العام,خدمة إلكترونية جزئيا,2026/02/12,"35,124,120"
 تبوك,تبوك,القطاع العام,خدمة إلكترونية جزئيا,2026/02/12,"35,123,668"
 تبوك,تبوك,القطاع العام,خدمة إلكترونية جزئيا,2026/02/12,"35,123,596"
 تبوك,تبوك,القطاع العام,خدمة إلكترونية جزئيا,2026/02/12,"35,124,514"
 تبوك,تبوك,القطاع العام,خدمة إلكترونية جزئيا,2026/02/12,"35,124,767"
 تبوك,تبوك,القطاع العام,خدمة إلكترونية جزئيا,2026/02/12,"35,124,273"
 تبوك,تبوك,القطاع العام,خدمة إلكترونية جزئيا,2026/02/12,"35,123,219"
 تبوك,تبوك,القطاع العام,خدمة إلكترونية جزئيا,2026/02/12,"35,123,833"
 تبوك,تبوك,القطاع العام,خدمة إلكترونية جزئيا,2026/02/12,"35,123,953"
 تبوك,تبوك,القطاع العام,خدمة إلكترونية جزئيا,2026/02/12,"35,124,598"
 تبوك,تبوك,القطاع العام,خدمة إلكترونية جزئيا,2026/02/12,"35,124,444"
 الرياض,الرياض,القطاع العام,خدمة إلكترونية جزئيا,2026/02/12,"35,126,033"
 الرياض,الرياض,القطاع العام,خدمة إلكترونية جزئيا,2026/02/12,"35,123,217"
 المدينة المنوره,العلا,القطاع العام,خدمة إلكترونية جزئيا,2026/02/12,"35,125,173"
 المدينة المنوره,العلا,القطاع العام,خدمة إلكترونية جزئيا,2026/02/12,"35,125,647"
 الرياض,الرياض,القطاع العام,خدمة إلكترونية جزئيا,2026/02/12,"35,125,683"
 الرياض,الرياض,القطاع العام,خدمة إلكترونية جزئيا,2026/02/12,"35,125,472"
 الرياض,الرياض,القطاع العام,خدمة إلكترونية جزئيا,2026/02/12,"35,141,305"
 الرياض,الرياض,القطاع العام,خدمة إلكترونية جزئيا,2026/02/12,"35,134,470"
 الرياض,الرياض,القطاع العام,خدمة إلكترونية جزئيا,2026/02/12,"35,126,381"
 المدينة المنوره,العلا,القطاع العام,خدمة إلكترونية جزئيا,2026/02/12,"35,124,725"
 الرياض,الرياض,القطاع العام,خدمة إلكترونية جزئيا,2026/02/12,"35,126,290"
 الرياض,الرياض,القطاع العام,خدمة إلكترونية جزئيا,2026/02/12,"35,126,141"
 الرياض,الرياض,القطاع العام,خدمة إلكترونية جزئيا,2026/02/12,"35,126,030"
 الرياض,الرياض,القطاع العام,خدمة إلكترونية جزئيا,2026/02/12,"35,126,512"
 تبوك,تبوك,القطاع العام,خدمة إلكترونية جزئيا,2026/02/12,"35,124,763"
 الرياض,الرياض,القطاع العام,خدمة إلكترونية جزئيا,2026/02/12,"35,126,390"
 الرياض,الرياض,القطاع العام,خدمة إلكترونية جزئيا,2026/02/12,"35,125,880"
 الرياض,الرياض,القطاع العام,خدمة إلكترونية جزئيا,2026/02/12,"35,126,615"
 تبوك,تبوك,القطاع العام,خدمة إلكترونية جزئيا,2026/02/12,"35,127,289"
 تبوك,تبوك,القطاع العام,خدمة إلكترونية جزئيا,2026/02/12,"35,123,274"
 المدينة المنوره,العلا,القطاع العام,خدمة إلكترونية جزئيا,2026/02/12,"35,125,522"
 الرياض,الرياض,القطاع العام,خدمة إلكترونية جزئيا,2026/02/14,"35,154,122"
 الرياض,الرياض,القطاع العام,خدمة إلكترونية جزئيا,2026/02/14,"35,154,065"
 الرياض,الرياض,القطاع العام,خدمة إلكترونية جزئيا,2026/02/14,"35,153,815"
 تبوك,تبوك,القطاع العام,خدمة إلكترونية جزئيا,2026/02/15,"35,175,299"
 تبوك,تبوك,القطاع العام,خدمة إلكترونية جزئيا,2026/02/15,"35,167,947"
 تبوك,تبوك,القطاع العام,خدمة إلكترونية جزئيا,2026/02/15,"35,168,911"
 تبوك,تبوك,القطاع العام,خدمة إلكترونية جزئيا,2026/02/15,"35,166,266"
 تبوك,تبوك,القطاع العام,خدمة إلكترونية جزئيا,2026/02/15,"35,167,559"
 تبوك,تبوك,القطاع العام,خدمة إلكترونية جزئيا,2026/02/15,"35,175,469"
 الرياض,الرياض,القطاع العام,خدمة إلكترونية جزئيا,2026/02/15,"35,168,680"
 الرياض,الرياض,القطاع العام,خدمة إلكترونية جزئيا,2026/02/15,"35,168,728"
 الرياض,الرياض,القطاع العام,خدمة إلكترونية جزئيا,2026/02/15,"35,168,558"
 الرياض,الرياض,القطاع العام,خدمة إلكترونية جزئيا,2026/02/15,"35,169,334"
 الرياض,الرياض,القطاع العام,خدمة إلكترونية جزئيا,2026/02/15,"35,168,828"
 الرياض,الرياض,القطاع العام,خدمة إلكترونية جزئيا,2026/02/15,"35,169,147"
 الرياض,الرياض,القطاع العام,خدمة إلكترونية جزئيا,2026/02/15,"35,169,013"
 الرياض,الرياض,القطاع العام,خدمة إلكترونية جزئيا,2026/02/15,"35,169,127"
 تبوك,تبوك,القطاع العام,خدمة إلكترونية جزئيا,2026/02/15,"35,170,510"
 الرياض,الرياض,القطاع العام,خدمة إلكترونية جزئيا,2026/02/15,"35,167,297"
 تبوك,تبوك,القطاع العام,خدمة إلكترونية جزئيا,2026/02/15,"35,175,679"
 تبوك,تبوك,القطاع العام,خدمة إلكترونية جزئيا,2026/02/15,"35,168,170"
 تبوك,تبوك,القطاع العام,خدمة إلكترونية جزئيا,2026/02/15,"35,169,240"
 الرياض,الرياض,القطاع العام,خدمة إلكترونية جزئيا,2026/02/15,"35,182,878"
 الرياض,الرياض,القطاع العام,خدمة إلكترونية جزئيا,2026/02/15,"35,185,022"
 الرياض,الرياض,القطاع العام,خدمة إلكترونية جزئيا,2026/02/15,"35,178,704"
 الرياض,الرياض,القطاع العام,خدمة إلكترونية جزئيا,2026/02/15,"35,178,239"
 الرياض,الرياض,القطاع العام,خدمة إلكترونية جزئيا,2026/02/15,"35,179,506"
 الرياض,الرياض,القطاع العام,خدمة إلكترونية جزئيا,2026/02/15,"35,178,419"
 الرياض,الرياض,القطاع العام,خدمة إلكترونية جزئيا,2026/02/15,"35,179,186"
 الرياض,الرياض,القطاع العام,خدمة إلكترونية جزئيا,2026/02/15,"35,176,160"
 الرياض,الرياض,القطاع العام,خدمة إلكترونية جزئيا,2026/02/15,"35,174,851"
 الرياض,الرياض,القطاع العام,خدمة إلكترونية جزئيا,2026/02/15,"35,169,385"
 الرياض,الرياض,القطاع العام,خدمة إلكترونية جزئيا,2026/02/15,"35,165,633"
 الرياض,الرياض,القطاع العام,خدمة إلكترونية جزئيا,2026/02/15,"35,168,407"
 الرياض,الرياض,القطاع العام,خدمة إلكترونية جزئيا,2026/02/15,"35,168,604"
 الرياض,الرياض,القطاع العام,خدمة إلكترونية جزئيا,2026/02/15,"35,169,062"
 الرياض,الرياض,القطاع العام,خدمة إلكترونية جزئيا,2026/02/15,"35,167,566"
 الرياض,الرياض,القطاع العام,خدمة إلكترونية جزئيا,2026/02/15,"35,168,791"
 الرياض,الرياض,القطاع العام,خدمة إلكترونية جزئيا,2026/02/15,"35,169,251"
 الرياض,الرياض,القطاع العام,خدمة إلكترونية جزئيا,2026/02/15,"35,167,860"
 الرياض,الرياض,القطاع العام,خدمة إلكترونية جزئيا,2026/02/15,"35,168,315"
 الرياض,الرياض,القطاع العام,خدمة إلكترونية جزئيا,2026/02/15,"35,168,925"
 الرياض,الرياض,القطاع العام,خدمة إلكترونية جزئيا,2026/02/15,"35,167,567"
 الرياض,الرياض,القطاع العام,خدمة إلكترونية جزئيا,2026/02/15,"35,167,364"
 الرياض,الرياض,القطاع العام,خدمة إلكترونية جزئيا,2026/02/15,"35,164,830"
 الرياض,الرياض,القطاع العام,خدمة إلكترونية جزئيا,2026/02/15,"35,168,230"
 الرياض,الرياض,القطاع العام,خدمة إلكترونية جزئيا,2026/02/15,"35,165,111"
 الرياض,الرياض,القطاع العام,خدمة إلكترونية جزئيا,2026/02/15,"35,169,184"
 تبوك,تبوك,القطاع العام,خدمة إلكترونية جزئيا,2026/02/15,"35,167,911"
 الرياض,الرياض,القطاع العام,خدمة إلكترونية جزئيا,2026/02/15,"35,174,012"
 الرياض,الرياض,القطاع العام,خدمة إلكترونية جزئيا,2026/02/15,"35,164,991"
 الرياض,الرياض,القطاع العام,خدمة إلكترونية جزئيا,2026/02/15,"35,176,585"
 تبوك,تبوك,القطاع العام,خدمة إلكترونية جزئيا,2026/02/15,"35,165,224"
 تبوك,تبوك,القطاع العام,خدمة إلكترونية جزئيا,2026/02/15,"35,166,142"
 تبوك,تبوك,القطاع العام,خدمة إلكترونية جزئيا,2026/02/15,"35,165,750"
 تبوك,تبوك,القطاع العام,خدمة إلكترونية جزئيا,2026/02/15,"35,165,529"
 تبوك,تبوك,القطاع العام,خدمة إلكترونية جزئيا,2026/02/15,"35,165,312"
 تبوك,تبوك,القطاع العام,خدمة إلكترونية جزئيا,2026/02/15,"35,165,354"
 تبوك,تبوك,القطاع العام,خدمة إلكترونية جزئيا,2026/02/15,"35,166,334"
 تبوك,تبوك,القطاع العام,خدمة إلكترونية جزئيا,2026/02/15,"35,165,115"
 تبوك,تبوك,القطاع العام,خدمة إلكترونية جزئيا,2026/02/15,"35,165,665"
 تبوك,تبوك,القطاع العام,خدمة إلكترونية جزئيا,2026/02/15,"35,165,909"
 تبوك,تبوك,القطاع العام,خدمة إلكترونية جزئيا,2026/02/15,"35,165,411"
 تبوك,تبوك,القطاع العام,خدمة إلكترونية جزئيا,2026/02/15,"35,166,196"
 تبوك,تبوك,القطاع العام,خدمة إلكترونية جزئيا,2026/02/15,"35,165,151"
 الرياض,الرياض,القطاع العام,خدمة إلكترونية جزئيا,2026/02/15,"35,174,836"
 الرياض,الرياض,القطاع العام,خدمة إلكترونية جزئيا,2026/02/15,"35,168,552"
 الرياض,الرياض,القطاع العام,خدمة إلكترونية جزئيا,2026/02/15,"35,169,235"
 تبوك,تبوك,القطاع العام,خدمة إلكترونية جزئيا,2026/02/15,"35,166,020"
 تبوك,تبوك,القطاع العام,خدمة إلكترونية جزئيا,2026/02/15,"35,165,036"
 الرياض,الرياض,القطاع العام,خدمة إلكترونية جزئيا,2026/02/15,"35,183,863"
 الرياض,الرياض,القطاع العام,خدمة إلكترونية جزئيا,2026/02/15,"35,167,446"
 تبوك,تبوك,القطاع العام,خدمة إلكترونية جزئيا,2026/02/15,"35,174,458"
 الرياض,الرياض,القطاع العام,خدمة إلكترونية جزئيا,2026/02/15,"35,172,112"
 الرياض,الرياض,القطاع العام,خدمة إلكترونية جزئيا,2026/02/15,"35,182,397"
 تبوك,تبوك,القطاع العام,خدمة إلكترونية جزئيا,2026/02/15,"35,168,388"
 الرياض,الرياض,القطاع العام,خدمة إلكترونية جزئيا,2026/02/16,"35,192,605"
 الرياض,الرياض,القطاع العام,خدمة إلكترونية جزئيا,2026/02/16,"35,192,619"
 الرياض,الرياض,القطاع العام,خدمة إلكترونية جزئيا,2026/02/16,"35,192,416"
 الرياض,الرياض,القطاع العام,خدمة إلكترونية جزئيا,2026/02/16,"35,192,400"
 القصيم,بريده,القطاع العام,خدمة إلكترونية جزئيا,2026/02/16,"35,195,230"
 الرياض,الرياض,القطاع العام,خدمة إلكترونية جزئيا,2026/02/16,"35,188,706"
 الرياض,الرياض,القطاع العام,خدمة إلكترونية جزئيا,2026/02/16,"35,207,918"
 الرياض,الرياض,القطاع العام,خدمة إلكترونية جزئيا,2026/02/16,"35,185,064"
 الرياض,الرياض,القطاع العام,خدمة إلكترونية جزئيا,2026/02/16,"35,192,376"
 الرياض,الرياض,القطاع العام,خدمة إلكترونية جزئيا,2026/02/16,"35,192,746"
 الرياض,الرياض,القطاع العام,خدمة إلكترونية جزئيا,2026/02/16,"35,193,631"
 تبوك,تبوك,القطاع العام,خدمة إلكترونية جزئيا,2026/02/16,"35,195,185"
 تبوك,تبوك,القطاع العام,خدمة إلكترونية جزئيا,2026/02/16,"35,196,765"
 تبوك,تبوك,القطاع العام,خدمة إلكترونية جزئيا,2026/02/16,"35,197,897"
 الرياض,الرياض,القطاع العام,خدمة إلكترونية جزئيا,2026/02/16,"35,201,021"
 مكة المكرمه,مكة المكرمة,القطاع العام,خدمة إلكترونية جزئيا,2026/02/16,"35,198,774"
 الرياض,الرياض,القطاع العام,خدمة إلكترونية جزئيا,2026/02/16,"35,190,995"
 تبوك,تبوك,القطاع العام,خدمة إلكترونية جزئيا,2026/02/16,"35,195,928"
 تبوك,تبوك,القطاع العام,خدمة إلكترونية جزئيا,2026/02/16,"35,196,249"
 تبوك,تبوك,القطاع العام,خدمة إلكترونية جزئيا,2026/02/16,"35,193,592"
 تبوك,تبوك,القطاع العام,خدمة إلكترونية جزئيا,2026/02/16,"35,193,253"
 تبوك,تبوك,القطاع العام,خدمة إلكترونية جزئيا,2026/02/16,"35,198,410"
 الرياض,الرياض,القطاع العام,خدمة إلكترونية جزئيا,2026/02/16,"35,194,021"
 الرياض,الرياض,القطاع العام,خدمة إلكترونية جزئيا,2026/02/16,"35,191,073"
 تبوك,تبوك,القطاع العام,خدمة إلكترونية جزئيا,2026/02/16,"35,195,688"
 الرياض,الرياض,القطاع العام,خدمة إلكترونية جزئيا,2026/02/16,"35,189,450"
 الرياض,الرياض,القطاع العام,خدمة إلكترونية جزئيا,2026/02/16,"35,190,028"
 الرياض,الرياض,القطاع العام,خدمة إلكترونية جزئيا,2026/02/16,"35,189,618"
 الرياض,الرياض,القطاع العام,خدمة إلكترونية جزئيا,2026/02/16,"35,190,039"
 تبوك,تبوك,القطاع العام,خدمة إلكترونية جزئيا,2026/02/16,"35,190,832"
 تبوك,تبوك,القطاع العام,خدمة إلكترونية جزئيا,2026/02/16,"35,194,102"
 تبوك,تبوك,القطاع العام,خدمة إلكترونية جزئيا,2026/02/16,"35,192,878"
 تبوك,تبوك,القطاع العام,خدمة إلكترونية جزئيا,2026/02/16,"35,192,265"
 تبوك,تبوك,القطاع العام,خدمة إلكترونية جزئيا,2026/02/16,"35,191,447"
 تبوك,تبوك,القطاع العام,خدمة إلكترونية جزئيا,2026/02/16,"35,191,919"
 الرياض,الرياض,القطاع العام,خدمة إلكترونية جزئيا,2026/02/16,"35,188,971"
 الرياض,الرياض,القطاع العام,خدمة إلكترونية جزئيا,2026/02/16,"35,185,345"
 الرياض,الرياض,القطاع العام,خدمة إلكترونية جزئيا,2026/02/16,"35,187,933"
 الرياض,الرياض,القطاع العام,خدمة إلكترونية جزئيا,2026/02/16,"35,195,197"
 الرياض,الرياض,القطاع العام,خدمة إلكترونية جزئيا,2026/02/16,"35,190,100"
 الرياض,الرياض,القطاع العام,خدمة إلكترونية جزئيا,2026/02/16,"35,202,930"
 الرياض,الرياض,القطاع العام,خدمة إلكترونية جزئيا,2026/02/16,"35,199,145"
 تبوك,تبوك,القطاع العام,خدمة إلكترونية جزئيا,2026/02/16,"35,197,144"
 الرياض,الرياض,القطاع العام,خدمة إلكترونية جزئيا,2026/02/16,"35,193,505"
 الرياض,الرياض,القطاع العام,خدمة إلكترونية جزئيا,2026/02/16,"35,187,781"
 تبوك,تبوك,القطاع العام,خدمة إلكترونية جزئيا,2026/02/16,"35,198,276"
 الرياض,الرياض,القطاع العام,خدمة إلكترونية جزئيا,2026/02/16,"35,194,456"
 الرياض,الرياض,القطاع العام,خدمة إلكترونية جزئيا,2026/02/16,"35,193,445"
 الرياض,الرياض,القطاع العام,خدمة إلكترونية جزئيا,2026/02/16,"35,187,239"
 الرياض,الرياض,القطاع العام,خدمة إلكترونية جزئيا,2026/02/16,"35,192,146"
 الرياض,الرياض,القطاع العام,خدمة إلكترونية جزئيا,2026/02/16,"35,190,651"
 الرياض,الرياض,القطاع العام,خدمة إلكترونية جزئيا,2026/02/16,"35,191,538"
 تبوك,تبوك,القطاع العام,خدمة إلكترونية جزئيا,2026/02/16,"35,198,760"
 تبوك,تبوك,القطاع العام,خدمة إلكترونية جزئيا,2026/02/16,"35,198,830"
 تبوك,تبوك,القطاع العام,خدمة إلكترونية جزئيا,2026/02/16,"35,199,220"
 الشرقية,الاحساء,القطاع العام,خدمة إلكترونية جزئيا,2026/02/16,"35,203,896"
 الشرقية,الاحساء,القطاع العام,خدمة إلكترونية جزئيا,2026/02/16,"35,185,654"
 الرياض,الرياض,القطاع العام,خدمة إلكترونية جزئيا,2026/02/16,"35,189,712"
 الرياض,الرياض,القطاع العام,خدمة إلكترونية جزئيا,2026/02/16,"35,187,383"
 تبوك,تبوك,القطاع العام,خدمة إلكترونية جزئيا,2026/02/16,"35,192,401"
 تبوك,تبوك,القطاع العام,خدمة إلكترونية جزئيا,2026/02/17,"35,216,567"
 الرياض,الرياض,القطاع العام,خدمة إلكترونية جزئيا,2026/02/17,"35,216,704"
 تبوك,تبوك,القطاع العام,خدمة إلكترونية جزئيا,2026/02/17,"35,216,297"
 تبوك,تبوك,القطاع العام,خدمة إلكترونية جزئيا,2026/02/17,"35,215,520"
 المدينة المنوره,العلا,القطاع العام,خدمة إلكترونية جزئيا,2026/02/17,"35,221,044"
 الرياض,الرياض,القطاع العام,خدمة إلكترونية جزئيا,2026/02/17,"35,216,651"
 تبوك,تبوك,القطاع العام,خدمة إلكترونية جزئيا,2026/02/17,"35,215,759"
 القصيم,بريده,القطاع العام,خدمة إلكترونية جزئيا,2026/02/17,"35,216,268"
 تبوك,تبوك,القطاع العام,خدمة إلكترونية جزئيا,2026/02/17,"35,217,433"
 تبوك,تبوك,القطاع العام,خدمة إلكترونية جزئيا,2026/02/17,"35,216,661"
 الحدود الشمالية,عرعر,القطاع العام,خدمة إلكترونية جزئيا,2026/02/17,"35,218,544"
 الرياض,الرياض,القطاع العام,خدمة إلكترونية جزئيا,2026/02/17,"35,236,757"
 الرياض,الرياض,القطاع العام,خدمة إلكترونية جزئيا,2026/02/17,"35,236,863"
 الرياض,الرياض,القطاع العام,خدمة إلكترونية جزئيا,2026/02/17,"35,213,124"
 الرياض,الرياض,القطاع العام,خدمة إلكترونية جزئيا,2026/02/17,"35,212,996"
 الرياض,الرياض,القطاع العام,خدمة إلكترونية جزئيا,2026/02/17,"35,213,120"
 الرياض,الرياض,القطاع العام,خدمة إلكترونية جزئيا,2026/02/17,"35,224,956"
 الرياض,الرياض,القطاع العام,خدمة إلكترونية جزئيا,2026/02/17,"35,218,439"
 الرياض,الرياض,القطاع العام,خدمة إلكترونية جزئيا,2026/02/17,"35,215,977"
 الرياض,الرياض,القطاع العام,خدمة إلكترونية جزئيا,2026/02/17,"35,226,013"
 الرياض,الرياض,القطاع العام,خدمة إلكترونية جزئيا,2026/02/17,"35,222,665"
 الرياض,الرياض,القطاع العام,خدمة إلكترونية جزئيا,2026/02/17,"35,226,041"
 الرياض,الرياض,القطاع العام,خدمة إلكترونية جزئيا,2026/02/17,"35,222,779"
 الرياض,الرياض,القطاع العام,خدمة إلكترونية جزئيا,2026/02/17,"35,223,786"
 الرياض,الرياض,القطاع العام,خدمة إلكترونية جزئيا,2026/02/17,"35,229,025"
 الرياض,الرياض,القطاع العام,خدمة إلكترونية جزئيا,2026/02/17,"35,226,097"
 الرياض,الرياض,القطاع العام,خدمة إلكترونية جزئيا,2026/02/17,"35,225,736"
 الرياض,الرياض,القطاع العام,خدمة إلكترونية جزئيا,2026/02/17,"35,225,885"
 الرياض,الرياض,القطاع العام,خدمة إلكترونية جزئيا,2026/02/17,"35,225,455"
 الرياض,الرياض,القطاع العام,خدمة إلكترونية جزئيا,2026/02/17,"35,223,626"
 الرياض,الرياض,القطاع العام,خدمة إلكترونية جزئيا,2026/02/17,"35,224,829"
 الرياض,الرياض,القطاع العام,خدمة إلكترونية جزئيا,2026/02/17,"35,227,865"
 الرياض,الرياض,القطاع العام,خدمة إلكترونية جزئيا,2026/02/17,"35,216,215"
 الرياض,الرياض,القطاع العام,خدمة إلكترونية جزئيا,2026/02/17,"35,222,496"
 الرياض,الرياض,القطاع العام,خدمة إلكترونية جزئيا,2026/02/17,"35,222,939"
 الرياض,الرياض,القطاع العام,خدمة إلكترونية جزئيا,2026/02/17,"35,220,692"
 تبوك,تبوك,القطاع العام,خدمة إلكترونية جزئيا,2026/02/17,"35,215,939"
 الرياض,الرياض,القطاع العام,خدمة إلكترونية جزئيا,2026/02/17,"35,225,524"
 الرياض,الرياض,القطاع العام,خدمة إلكترونية جزئيا,2026/02/17,"35,225,643"
 الرياض,الرياض,القطاع العام,خدمة إلكترونية جزئيا,2026/02/17,"35,225,353"
 الرياض,الرياض,القطاع العام,خدمة إلكترونية جزئيا,2026/02/17,"35,225,209"
 الرياض,الرياض,القطاع العام,خدمة إلكترونية جزئيا,2026/02/17,"35,226,209"
 الرياض,الرياض,القطاع العام,خدمة إلكترونية جزئيا,2026/02/17,"35,225,847"
 تبوك,تبوك,القطاع العام,خدمة إلكترونية جزئيا,2026/02/17,"35,218,083"
 تبوك,تبوك,القطاع العام,خدمة إلكترونية جزئيا,2026/02/17,"35,217,141"
 الرياض,الرياض,القطاع العام,خدمة إلكترونية جزئيا,2026/02/17,"35,227,402"
 الرياض,الرياض,القطاع العام,خدمة إلكترونية جزئيا,2026/02/17,"35,228,002"
 الرياض,الرياض,القطاع العام,خدمة إلكترونية جزئيا,2026/02/17,"35,216,643"
 الرياض,الرياض,القطاع العام,خدمة إلكترونية جزئيا,2026/02/17,"35,226,562"
 الرياض,الرياض,القطاع العام,خدمة إلكترونية جزئيا,2026/02/17,"35,226,229"
 الرياض,الرياض,القطاع العام,خدمة إلكترونية جزئيا,2026/02/17,"35,216,647"
 الرياض,الرياض,القطاع العام,خدمة إلكترونية جزئيا,2026/02/17,"35,221,632"
 تبوك,تبوك,القطاع العام,خدمة إلكترونية جزئيا,2026/02/18,"35,244,540"
 تبوك,تبوك,القطاع العام,خدمة إلكترونية جزئيا,2026/02/18,"35,245,339"
 الرياض,الرياض,القطاع العام,خدمة إلكترونية جزئيا,2026/02/18,"35,242,001"
 الرياض,الرياض,القطاع العام,خدمة إلكترونية جزئيا,2026/02/18,"35,241,408"
 الرياض,الرياض,القطاع العام,خدمة إلكترونية جزئيا,2026/02/18,"35,241,410"
 تبوك,تبوك,القطاع العام,خدمة إلكترونية جزئيا,2026/02/18,"35,244,186"
 تبوك,تبوك,القطاع العام,خدمة إلكترونية جزئيا,2026/02/18,"35,243,396"
 تبوك,تبوك,القطاع العام,خدمة إلكترونية جزئيا,2026/02/18,"35,243,672"
 تبوك,تبوك,القطاع العام,خدمة إلكترونية جزئيا,2026/02/18,"35,243,061"
 تبوك,تبوك,القطاع العام,خدمة إلكترونية جزئيا,2026/02/18,"35,242,862"
 الرياض,الرياض,القطاع العام,خدمة إلكترونية جزئيا,2026/02/18,"35,253,476"
 الرياض,الرياض,القطاع العام,خدمة إلكترونية جزئيا,2026/02/18,"35,246,297"
 الرياض,الرياض,القطاع العام,خدمة إلكترونية جزئيا,2026/02/18,"35,242,480"
 الرياض,الرياض,القطاع العام,خدمة إلكترونية جزئيا,2026/02/18,"35,243,022"
 الرياض,الرياض,القطاع العام,خدمة إلكترونية جزئيا,2026/02/18,"35,249,974"
 الرياض,الرياض,القطاع العام,خدمة إلكترونية جزئيا,2026/02/18,"35,249,712"
 الرياض,الرياض,القطاع العام,خدمة إلكترونية جزئيا,2026/02/18,"35,249,793"
 الرياض,الرياض,القطاع العام,خدمة إلكترونية جزئيا,2026/02/18,"35,249,905"
 الرياض,الرياض,القطاع العام,خدمة إلكترونية جزئيا,2026/02/18,"35,250,574"
 الرياض,الرياض,القطاع العام,خدمة إلكترونية جزئيا,2026/02/18,"35,250,910"
 الرياض,الرياض,القطاع العام,خدمة إلكترونية جزئيا,2026/02/18,"35,247,769"
 الرياض,الرياض,القطاع العام,خدمة إلكترونية جزئيا,2026/02/18,"35,248,572"
 الرياض,الرياض,القطاع العام,خدمة إلكترونية جزئيا,2026/02/18,"35,245,395"
 الرياض,الرياض,القطاع العام,خدمة إلكترونية جزئيا,2026/02/18,"35,247,578"
 الرياض,الرياض,القطاع العام,خدمة إلكترونية جزئيا,2026/02/18,"35,247,516"
 الرياض,الرياض,القطاع العام,خدمة إلكترونية جزئيا,2026/02/18,"35,243,034"
 الرياض,الرياض,القطاع العام,خدمة إلكترونية جزئيا,2026/02/18,"35,254,098"
 الرياض,الرياض,القطاع العام,خدمة إلكترونية جزئيا,2026/02/18,"35,244,755"
 الرياض,الرياض,القطاع العام,خدمة إلكترونية جزئيا,2026/02/18,"35,249,979"
 الرياض,الرياض,القطاع العام,خدمة إلكترونية جزئيا,2026/02/18,"35,249,772"
 الرياض,الرياض,القطاع العام,خدمة إلكترونية جزئيا,2026/02/18,"35,249,937"
 الرياض,الرياض,القطاع العام,خدمة إلكترونية جزئيا,2026/02/18,"35,249,889"
 الرياض,الرياض,القطاع العام,خدمة إلكترونية جزئيا,2026/02/18,"35,245,144"
 الرياض,الرياض,القطاع العام,خدمة إلكترونية جزئيا,2026/02/18,"35,246,964"
 تبوك,تبوك,القطاع العام,خدمة إلكترونية جزئيا,2026/02/18,"35,249,327"
 تبوك,تبوك,القطاع العام,خدمة إلكترونية جزئيا,2026/02/18,"35,243,232"
 تبوك,تبوك,القطاع العام,خدمة إلكترونية جزئيا,2026/02/19,"35,271,516"
 تبوك,تبوك,القطاع العام,خدمة إلكترونية جزئيا,2026/02/19,"35,268,242"
 حائل,حائل,القطاع العام,خدمة إلكترونية جزئيا,2026/02/19,"35,267,127"
 حائل,حائل,القطاع العام,خدمة إلكترونية جزئيا,2026/02/19,"35,266,362"
 تبوك,تبوك,القطاع العام,خدمة إلكترونية جزئيا,2026/02/19,"35,265,689"
 الجوف,سكاكا,القطاع العام,خدمة إلكترونية جزئيا,2026/02/19,"35,258,485"
 تبوك,تبوك,القطاع العام,خدمة إلكترونية جزئيا,2026/02/19,"35,270,520"
 تبوك,تبوك,القطاع العام,خدمة إلكترونية جزئيا,2026/02/19,"35,269,790"
 تبوك,تبوك,القطاع العام,خدمة إلكترونية جزئيا,2026/02/19,"35,271,055"
 تبوك,تبوك,القطاع العام,خدمة إلكترونية جزئيا,2026/02/19,"35,269,567"
 الرياض,الرياض,القطاع العام,خدمة إلكترونية جزئيا,2026/02/19,"35,275,316"
 الرياض,الرياض,القطاع العام,خدمة إلكترونية جزئيا,2026/02/19,"35,276,104"
 الرياض,الرياض,القطاع العام,خدمة إلكترونية جزئيا,2026/02/19,"35,265,869"
 الرياض,الرياض,القطاع العام,خدمة إلكترونية جزئيا,2026/02/19,"35,268,930"
 الرياض,الرياض,القطاع العام,خدمة إلكترونية جزئيا,2026/02/19,"35,261,609"
 الرياض,الرياض,القطاع العام,خدمة إلكترونية جزئيا,2026/02/19,"35,265,591"
 الرياض,الرياض,القطاع العام,خدمة إلكترونية جزئيا,2026/02/19,"35,269,028"
 الرياض,الرياض,القطاع العام,خدمة إلكترونية جزئيا,2026/02/19,"35,275,292"
 الرياض,الرياض,القطاع العام,خدمة إلكترونية جزئيا,2026/02/19,"35,271,532"
 الرياض,الرياض,القطاع العام,خدمة إلكترونية جزئيا,2026/02/19,"35,272,295"
 الرياض,الرياض,القطاع العام,خدمة إلكترونية جزئيا,2026/02/19,"35,271,141"
 الرياض,الرياض,القطاع العام,خدمة إلكترونية جزئيا,2026/02/19,"35,259,041"
 الرياض,الرياض,القطاع العام,خدمة إلكترونية جزئيا,2026/02/19,"35,264,416"
 الرياض,الرياض,القطاع العام,خدمة إلكترونية جزئيا,2026/02/19,"35,271,577"
 الرياض,الرياض,القطاع العام,خدمة إلكترونية جزئيا,2026/02/19,"35,259,297"
 الرياض,الرياض,القطاع العام,خدمة إلكترونية جزئيا,2026/02/19,"35,263,437"
 الرياض,الرياض,القطاع العام,خدمة إلكترونية جزئيا,2026/02/19,"35,281,667"
 الرياض,الرياض,القطاع العام,خدمة إلكترونية جزئيا,2026/02/19,"35,264,051"
 الرياض,الرياض,القطاع العام,خدمة إلكترونية جزئيا,2026/02/19,"35,266,935"
 الرياض,الرياض,القطاع العام,خدمة إلكترونية جزئيا,2026/02/19,"35,266,596"
 الرياض,الرياض,القطاع العام,خدمة إلكترونية جزئيا,2026/02/19,"35,266,540"
 تبوك,تبوك,القطاع العام,خدمة إلكترونية جزئيا,2026/02/19,"35,270,136"
 تبوك,تبوك,القطاع العام,خدمة إلكترونية جزئيا,2026/02/19,"35,267,616"
 الرياض,الرياض,القطاع العام,خدمة إلكترونية جزئيا,2026/02/19,"35,266,001"
 الرياض,الرياض,القطاع العام,خدمة إلكترونية جزئيا,2026/02/19,"35,265,821"
 الرياض,الرياض,القطاع العام,خدمة إلكترونية جزئيا,2026/02/19,"35,266,119"
 الرياض,الرياض,القطاع العام,خدمة إلكترونية جزئيا,2026/02/19,"35,264,670"
 الرياض,الرياض,القطاع العام,خدمة إلكترونية جزئيا,2026/02/19,"35,265,034"
 الرياض,الرياض,القطاع العام,خدمة إلكترونية جزئيا,2026/02/19,"35,266,261"
 الرياض,الرياض,القطاع العام,خدمة إلكترونية جزئيا,2026/02/19,"35,266,673"
 الرياض,الرياض,القطاع العام,خدمة إلكترونية جزئيا,2026/02/19,"35,265,690"
 الرياض,الرياض,القطاع العام,خدمة إلكترونية جزئيا,2026/02/19,"35,265,121"
 الرياض,الرياض,القطاع العام,خدمة إلكترونية جزئيا,2026/02/19,"35,264,260"
 الرياض,الرياض,القطاع العام,خدمة إلكترونية جزئيا,2026/02/19,"35,264,963"
 الرياض,الرياض,القطاع العام,خدمة إلكترونية جزئيا,2026/02/19,"35,265,286"
 الرياض,الرياض,القطاع العام,خدمة إلكترونية جزئيا,2026/02/19,"35,266,440"
 الرياض,الرياض,القطاع العام,خدمة إلكترونية جزئيا,2026/02/19,"35,265,612"
 الرياض,الرياض,القطاع العام,خدمة إلكترونية جزئيا,2026/02/19,"35,275,637"
 الرياض,الرياض,القطاع العام,خدمة إلكترونية جزئيا,2026/02/19,"35,265,492"
 الرياض,الرياض,القطاع العام,خدمة إلكترونية جزئيا,2026/02/19,"35,264,845"
 الرياض,الرياض,القطاع العام,خدمة إلكترونية جزئيا,2026/02/19,"35,265,229"
 الرياض,الرياض,القطاع العام,خدمة إلكترونية جزئيا,2026/02/19,"35,264,427"
 الرياض,الرياض,القطاع العام,خدمة إلكترونية جزئيا,2026/02/20,"35,293,082"
 الرياض,الرياض,القطاع العام,خدمة إلكترونية جزئيا,2026/02/20,"35,293,149"
 الرياض,الرياض,القطاع العام,خدمة إلكترونية جزئيا,2026/02/21,"35,306,855"
 الرياض,الرياض,القطاع العام,خدمة إلكترونية جزئيا,2026/02/21,"35,306,908"
 الرياض,الرياض,القطاع العام,خدمة إلكترونية جزئيا,2026/02/21,"35,306,662"
 الرياض,الرياض,القطاع العام,خدمة إلكترونية جزئيا,2026/02/21,"35,306,666"
 الرياض,الرياض,القطاع العام,خدمة إلكترونية جزئيا,2026/02/21,"35,306,639"
 الرياض,الرياض,القطاع العام,خدمة إلكترونية جزئيا,2026/02/21,"35,306,592"
 تبوك,تبوك,القطاع العام,خدمة إلكترونية جزئيا,2026/02/23,"35,332,431"
 تبوك,تبوك,القطاع العام,خدمة إلكترونية جزئيا,2026/02/23,"35,332,591"
 تبوك,تبوك,القطاع العام,خدمة إلكترونية جزئيا,2026/02/23,"35,332,318"
 تبوك,تبوك,القطاع العام,خدمة إلكترونية جزئيا,2026/02/23,"35,333,005"
 تبوك,تبوك,القطاع العام,خدمة إلكترونية جزئيا,2026/02/23,"35,333,160"
 تبوك,تبوك,القطاع العام,خدمة إلكترونية جزئيا,2026/02/23,"35,333,419"
 تبوك,تبوك,القطاع العام,خدمة إلكترونية جزئيا,2026/02/23,"35,327,265"
 تبوك,تبوك,القطاع العام,خدمة إلكترونية جزئيا,2026/02/23,"35,328,246"
 تبوك,تبوك,القطاع العام,خدمة إلكترونية جزئيا,2026/02/23,"35,327,878"
 تبوك,تبوك,القطاع العام,خدمة إلكترونية جزئيا,2026/02/23,"35,328,856"
 الرياض,الرياض,القطاع العام,خدمة إلكترونية جزئيا,2026/02/23,"35,332,306"
 تبوك,تبوك,القطاع العام,خدمة إلكترونية جزئيا,2026/02/23,"35,326,502"
 تبوك,تبوك,القطاع العام,خدمة إلكترونية جزئيا,2026/02/23,"35,326,445"
 تبوك,تبوك,القطاع العام,خدمة إلكترونية جزئيا,2026/02/23,"35,326,078"
 تبوك,تبوك,القطاع العام,خدمة إلكترونية جزئيا,2026/02/23,"35,325,997"
 تبوك,تبوك,القطاع العام,خدمة إلكترونية جزئيا,2026/02/23,"35,327,357"
 تبوك,تبوك,القطاع العام,خدمة إلكترونية جزئيا,2026/02/23,"35,326,262"
 تبوك,تبوك,القطاع العام,خدمة إلكترونية جزئيا,2026/02/23,"35,326,411"
 تبوك,تبوك,القطاع العام,خدمة إلكترونية جزئيا,2026/02/23,"35,326,200"
 تبوك,تبوك,القطاع العام,خدمة إلكترونية جزئيا,2026/02/23,"35,325,991"
 تبوك,تبوك,القطاع العام,خدمة إلكترونية جزئيا,2026/02/23,"35,333,757"
 تبوك,تبوك,القطاع العام,خدمة إلكترونية جزئيا,2026/02/23,"35,333,016"
 الرياض,الرياض,القطاع العام,خدمة إلكترونية جزئيا,2026/02/23,"35,340,356"
 الرياض,الرياض,القطاع العام,خدمة إلكترونية جزئيا,2026/02/23,"35,334,897"
 الرياض,الرياض,القطاع العام,خدمة إلكترونية جزئيا,2026/02/23,"35,336,987"
 الرياض,الرياض,القطاع العام,خدمة إلكترونية جزئيا,2026/02/23,"35,331,317"
 الرياض,الرياض,القطاع العام,خدمة إلكترونية جزئيا,2026/02/23,"35,332,558"
 الرياض,الرياض,القطاع العام,خدمة إلكترونية جزئيا,2026/02/23,"35,334,062"
 الرياض,الرياض,القطاع العام,خدمة إلكترونية جزئيا,2026/02/23,"35,333,563"
 الرياض,الرياض,القطاع العام,خدمة إلكترونية جزئيا,2026/02/23,"35,332,163"
 تبوك,تبوك,القطاع العام,خدمة إلكترونية جزئيا,2026/02/23,"35,329,299"
 تبوك,تبوك,القطاع العام,خدمة إلكترونية جزئيا,2026/02/23,"35,329,750"
 تبوك,تبوك,القطاع العام,خدمة إلكترونية جزئيا,2026/02/23,"35,329,745"
 الرياض,الرياض,القطاع العام,خدمة إلكترونية جزئيا,2026/02/23,"35,332,511"
 تبوك,تبوك,القطاع العام,خدمة إلكترونية جزئيا,2026/02/23,"35,327,159"
 تبوك,تبوك,القطاع العام,خدمة إلكترونية جزئيا,2026/02/23,"35,328,754"
 تبوك,تبوك,القطاع العام,خدمة إلكترونية جزئيا,2026/02/23,"35,328,419"
 تبوك,تبوك,القطاع العام,خدمة إلكترونية جزئيا,2026/02/23,"35,327,460"
 تبوك,تبوك,القطاع العام,خدمة إلكترونية جزئيا,2026/02/23,"35,327,535"
 تبوك,تبوك,القطاع العام,خدمة إلكترونية جزئيا,2026/02/23,"35,327,805"
 تبوك,تبوك,القطاع العام,خدمة إلكترونية جزئيا,2026/02/23,"35,332,229"
 الرياض,الرياض,القطاع العام,خدمة إلكترونية جزئيا,2026/02/24,"35,358,785"
 الرياض,الرياض,القطاع العام,خدمة إلكترونية جزئيا,2026/02/24,"35,358,780"
 الرياض,الرياض,القطاع العام,خدمة إلكترونية جزئيا,2026/02/24,"35,347,283"
 الرياض,الرياض,القطاع العام,خدمة إلكترونية جزئيا,2026/02/24,"35,357,692"
 الرياض,الرياض,القطاع العام,خدمة إلكترونية جزئيا,2026/02/24,"35,363,865"
 الرياض,الرياض,القطاع العام,خدمة إلكترونية جزئيا,2026/02/24,"35,358,794"
 الرياض,الرياض,القطاع العام,خدمة إلكترونية جزئيا,2026/02/24,"35,358,789"
 الرياض,الرياض,القطاع العام,خدمة إلكترونية جزئيا,2026/02/24,"35,363,371"
 الرياض,الرياض,القطاع العام,خدمة إلكترونية جزئيا,2026/02/24,"35,363,825"
 الرياض,الرياض,القطاع العام,خدمة إلكترونية جزئيا,2026/02/24,"35,344,583"
 الرياض,الرياض,القطاع العام,خدمة إلكترونية جزئيا,2026/02/24,"35,344,886"
 الرياض,الرياض,القطاع العام,خدمة إلكترونية جزئيا,2026/02/24,"35,345,361"
 الرياض,الرياض,القطاع العام,خدمة إلكترونية جزئيا,2026/02/24,"35,344,774"
 الرياض,الرياض,القطاع العام,خدمة إلكترونية جزئيا,2026/02/24,"35,344,703"
 الرياض,الرياض,القطاع العام,خدمة إلكترونية جزئيا,2026/02/24,"35,344,423"
 الرياض,الرياض,القطاع العام,خدمة إلكترونية جزئيا,2026/02/24,"35,345,387"
 الرياض,الرياض,القطاع العام,خدمة إلكترونية جزئيا,2026/02/24,"35,346,341"
 الرياض,الرياض,القطاع العام,خدمة إلكترونية جزئيا,2026/02/24,"35,354,044"
 الرياض,الرياض,القطاع العام,خدمة إلكترونية جزئيا,2026/02/24,"35,362,503"
 الرياض,الرياض,القطاع العام,خدمة إلكترونية جزئيا,2026/02/24,"35,362,692"
 الرياض,الرياض,القطاع العام,خدمة إلكترونية جزئيا,2026/02/24,"35,359,867"
 تبوك,تبوك,القطاع العام,خدمة إلكترونية جزئيا,2026/02/24,"35,353,985"
 الرياض,الرياض,القطاع العام,خدمة إلكترونية جزئيا,2026/02/24,"35,344,254"
 الرياض,الرياض,القطاع العام,خدمة إلكترونية جزئيا,2026/02/24,"35,362,962"
 الرياض,الرياض,القطاع العام,خدمة إلكترونية جزئيا,2026/02/24,"35,353,073"
 حائل,حائل,القطاع العام,خدمة إلكترونية جزئيا,2026/02/24,"35,361,623"
 حائل,حائل,القطاع العام,خدمة إلكترونية جزئيا,2026/02/24,"35,362,259"
 حائل,حائل,القطاع العام,خدمة إلكترونية جزئيا,2026/02/24,"35,361,292"
 المدينة المنوره,العلا,القطاع العام,خدمة إلكترونية جزئيا,2026/02/25,"35,382,283"
 تبوك,تبوك,القطاع العام,خدمة إلكترونية جزئيا,2026/02/25,"35,385,555"
 المدينة المنوره,العلا,القطاع العام,خدمة إلكترونية جزئيا,2026/02/25,"35,383,306"
 تبوك,تبوك,القطاع العام,خدمة إلكترونية جزئيا,2026/02/25,"35,385,667"
 تبوك,تبوك,القطاع العام,خدمة إلكترونية جزئيا,2026/02/25,"35,384,037"
 تبوك,تبوك,القطاع العام,خدمة إلكترونية جزئيا,2026/02/25,"35,386,422"
 تبوك,تبوك,القطاع العام,خدمة إلكترونية جزئيا,2026/02/25,"35,384,402"
 تبوك,تبوك,القطاع العام,خدمة إلكترونية جزئيا,2026/02/25,"35,385,174"
 الرياض,الرياض,القطاع العام,خدمة إلكترونية جزئيا,2026/02/25,"35,397,010"
 تبوك,تبوك,القطاع العام,خدمة إلكترونية جزئيا,2026/02/25,"35,381,194"
 تبوك,تبوك,القطاع العام,خدمة إلكترونية جزئيا,2026/02/25,"35,385,546"
 تبوك,تبوك,القطاع العام,خدمة إلكترونية جزئيا,2026/02/25,"35,384,209"
 تبوك,تبوك,القطاع العام,خدمة إلكترونية جزئيا,2026/02/25,"35,383,616"
 تبوك,تبوك,القطاع العام,خدمة إلكترونية جزئيا,2026/02/25,"35,385,356"
 تبوك,تبوك,القطاع العام,خدمة إلكترونية جزئيا,2026/02/25,"35,386,534"
 تبوك,تبوك,القطاع العام,خدمة إلكترونية جزئيا,2026/02/25,"35,381,056"
 تبوك,تبوك,القطاع العام,خدمة إلكترونية جزئيا,2026/02/25,"35,389,298"
 الرياض,الرياض,القطاع العام,خدمة إلكترونية جزئيا,2026/02/25,"35,397,344"
 الرياض,الرياض,القطاع العام,خدمة إلكترونية جزئيا,2026/02/25,"35,375,878"
 تبوك,تبوك,القطاع العام,خدمة إلكترونية جزئيا,2026/02/25,"35,382,931"
 الرياض,الرياض,القطاع العام,خدمة إلكترونية جزئيا,2026/02/25,"35,399,487"
 الرياض,الرياض,القطاع العام,خدمة إلكترونية جزئيا,2026/02/25,"35,375,883"
 الرياض,الرياض,القطاع العام,خدمة إلكترونية جزئيا,2026/02/25,"35,374,116"
 الرياض,الرياض,القطاع العام,خدمة إلكترونية جزئيا,2026/02/25,"35,377,951"
 الرياض,الرياض,القطاع العام,خدمة إلكترونية جزئيا,2026/02/25,"35,373,656"
 الرياض,الرياض,القطاع العام,خدمة إلكترونية جزئيا,2026/02/25,"35,374,538"
الخدمات الرقمية,عام,القطاع العام,خدمة إلكترونية جزئيا,2026/02/25,"35,400,112"
الخدمات الرقمية,عام,القطاع العام,خدمة إلكترونية جزئيا,2026/02/25,"35,400,105"
 الرياض,الرياض,القطاع العام,خدمة إلكترونية جزئيا,2026/02/25,"35,396,822"
 المدينة المنوره,العلا,القطاع العام,خدمة إلكترونية جزئيا,2026/02/25,"35,387,638"
 المدينة المنوره,العلا,القطاع العام,خدمة إلكترونية جزئيا,2026/02/25,"35,387,205"
 المدينة المنوره,العلا,القطاع العام,خدمة إلكترونية جزئيا,2026/02/25,"35,381,767"
 المدينة المنوره,العلا,القطاع العام,خدمة إلكترونية جزئيا,2026/02/25,"35,382,086"
 المدينة المنوره,العلا,القطاع العام,خدمة إلكترونية جزئيا,2026/02/25,"35,382,030"
 تبوك,تبوك,القطاع العام,خدمة إلكترونية جزئيا,2026/02/25,"35,380,911"
 تبوك,تبوك,القطاع العام,خدمة إلكترونية جزئيا,2026/02/25,"35,381,283"
 تبوك,تبوك,القطاع العام,خدمة إلكترونية جزئيا,2026/02/25,"35,380,971"
 المدينة المنوره,العلا,القطاع العام,خدمة إلكترونية جزئيا,2026/02/25,"35,385,598"
 المدينة المنوره,العلا,القطاع العام,خدمة إلكترونية جزئيا,2026/02/25,"35,381,641"
 تبوك,تبوك,القطاع العام,خدمة إلكترونية جزئيا,2026/02/26,"35,416,273"
 تبوك,تبوك,القطاع العام,خدمة إلكترونية جزئيا,2026/02/26,"35,422,619"
 الحدود الشمالية,عرعر,القطاع العام,خدمة إلكترونية جزئيا,2026/02/26,"35,423,012"
 تبوك,تبوك,القطاع العام,خدمة إلكترونية جزئيا,2026/02/26,"35,415,537"
 تبوك,تبوك,القطاع العام,خدمة إلكترونية جزئيا,2026/02/26,"35,415,693"
 تبوك,تبوك,القطاع العام,خدمة إلكترونية جزئيا,2026/02/26,"35,415,865"
 حائل,حائل,القطاع العام,خدمة إلكترونية جزئيا,2026/02/26,"35,409,092"
 الرياض,الرياض,القطاع العام,خدمة إلكترونية جزئيا,2026/02/26,"35,415,410"
 الرياض,الرياض,القطاع العام,خدمة إلكترونية جزئيا,2026/02/26,"35,415,412"
 الرياض,الرياض,القطاع العام,خدمة إلكترونية جزئيا,2026/02/26,"35,415,407"
 الرياض,الرياض,القطاع العام,خدمة إلكترونية جزئيا,2026/02/26,"35,415,418"
 الرياض,الرياض,القطاع العام,خدمة إلكترونية جزئيا,2026/02/26,"35,416,467"
 الرياض,الرياض,القطاع العام,خدمة إلكترونية جزئيا,2026/02/26,"35,422,900"
 الرياض,الرياض,القطاع العام,خدمة إلكترونية جزئيا,2026/02/26,"35,422,261"
 الرياض,الرياض,القطاع العام,خدمة إلكترونية جزئيا,2026/02/26,"35,422,691"
 تبوك,تبوك,القطاع العام,خدمة إلكترونية جزئيا,2026/02/26,"35,415,088"
 تبوك,تبوك,القطاع العام,خدمة إلكترونية جزئيا,2026/02/26,"35,415,074"
 تبوك,تبوك,القطاع العام,خدمة إلكترونية جزئيا,2026/02/26,"35,415,232"
 تبوك,تبوك,القطاع العام,خدمة إلكترونية جزئيا,2026/02/26,"35,415,626"
 تبوك,تبوك,القطاع العام,خدمة إلكترونية جزئيا,2026/02/26,"35,415,939"
 تبوك,تبوك,القطاع العام,خدمة إلكترونية جزئيا,2026/02/26,"35,416,094"
 الرياض,الرياض,القطاع العام,خدمة إلكترونية جزئيا,2026/02/26,"35,414,531"
 الرياض,الرياض,القطاع العام,خدمة إلكترونية جزئيا,2026/02/26,"35,427,411"
 الرياض,الرياض,القطاع العام,خدمة إلكترونية جزئيا,2026/02/26,"35,427,408"
 الرياض,الرياض,القطاع العام,خدمة إلكترونية جزئيا,2026/02/26,"35,427,413"
 الرياض,الرياض,القطاع العام,خدمة إلكترونية جزئيا,2026/02/26,"35,427,385"
 الرياض,الرياض,القطاع العام,خدمة إلكترونية جزئيا,2026/02/26,"35,427,415"
 الرياض,الرياض,القطاع العام,خدمة إلكترونية جزئيا,2026/02/26,"35,427,417"
 الرياض,الرياض,القطاع العام,خدمة إلكترونية جزئيا,2026/02/26,"35,427,381"
 الرياض,الرياض,القطاع العام,خدمة إلكترونية جزئيا,2026/02/26,"35,427,401"
 الرياض,الرياض,القطاع العام,خدمة إلكترونية جزئيا,2026/02/26,"35,427,393"
 المدينة المنوره,العلا,القطاع العام,خدمة إلكترونية جزئيا,2026/02/26,"35,423,150"
الخدمات الرقمية,عام,القطاع العام,خدمة إلكترونية جزئيا,2026/02/26,"35,417,376"
الخدمات الرقمية,عام,القطاع العام,خدمة إلكترونية جزئيا,2026/02/26,"35,417,399"
الخدمات الرقمية,عام,القطاع العام,خدمة إلكترونية جزئيا,2026/02/26,"35,417,424"
الخدمات الرقمية,عام,القطاع العام,خدمة إلكترونية جزئيا,2026/02/26,"35,417,451"
الخدمات الرقمية,عام,القطاع العام,خدمة إلكترونية جزئيا,2026/02/26,"35,417,497"
الخدمات الرقمية,عام,القطاع العام,خدمة إلكترونية جزئيا,2026/02/26,"35,417,524"
الخدمات الرقمية,عام,القطاع العام,خدمة إلكترونية جزئيا,2026/02/26,"35,417,440"
الخدمات الرقمية,عام,القطاع العام,خدمة إلكترونية جزئيا,2026/02/26,"35,417,536"
الخدمات الرقمية,عام,القطاع العام,خدمة إلكترونية جزئيا,2026/02/26,"35,417,568"
الخدمات الرقمية,عام,القطاع العام,خدمة إلكترونية جزئيا,2026/02/26,"35,417,578"
الخدمات الرقمية,عام,القطاع العام,خدمة إلكترونية جزئيا,2026/02/26,"35,417,733"
الخدمات الرقمية,عام,القطاع العام,خدمة إلكترونية جزئيا,2026/02/26,"35,417,741"
الخدمات الرقمية,عام,القطاع العام,خدمة إلكترونية جزئيا,2026/02/26,"35,417,780"
الخدمات الرقمية,عام,القطاع العام,خدمة إلكترونية جزئيا,2026/02/26,"35,417,368"
الخدمات الرقمية,عام,القطاع العام,خدمة إلكترونية جزئيا,2026/02/26,"35,417,432"
الخدمات الرقمية,عام,القطاع العام,خدمة إلكترونية جزئيا,2026/02/26,"35,417,472"
الخدمات الرقمية,عام,القطاع العام,خدمة إلكترونية جزئيا,2026/02/26,"35,417,531"
الخدمات الرقمية,عام,القطاع العام,خدمة إلكترونية جزئيا,2026/02/26,"35,417,625"
الخدمات الرقمية,عام,القطاع العام,خدمة إلكترونية جزئيا,2026/02/26,"35,418,159"
الخدمات الرقمية,عام,القطاع العام,خدمة إلكترونية جزئيا,2026/02/26,"35,418,162"
الخدمات الرقمية,عام,القطاع العام,خدمة إلكترونية جزئيا,2026/02/26,"35,417,413"
الخدمات الرقمية,عام,القطاع العام,خدمة إلكترونية جزئيا,2026/02/26,"35,417,482"
الخدمات الرقمية,عام,القطاع العام,خدمة إلكترونية جزئيا,2026/02/26,"35,417,504"
الخدمات الرقمية,عام,القطاع العام,خدمة إلكترونية جزئيا,2026/02/26,"35,417,511"
الخدمات الرقمية,عام,القطاع العام,خدمة إلكترونية جزئيا,2026/02/26,"35,417,566"
الخدمات الرقمية,عام,القطاع العام,خدمة إلكترونية جزئيا,2026/02/26,"35,417,587"
الخدمات الرقمية,عام,القطاع العام,خدمة إلكترونية جزئيا,2026/02/26,"35,417,609"
الخدمات الرقمية,عام,القطاع العام,خدمة إلكترونية جزئيا,2026/02/26,"35,417,756"
الخدمات الرقمية,عام,القطاع العام,خدمة إلكترونية جزئيا,2026/02/26,"35,417,401"
الخدمات الرقمية,عام,القطاع العام,خدمة إلكترونية جزئيا,2026/02/26,"35,417,470"
الخدمات الرقمية,عام,القطاع العام,خدمة إلكترونية جزئيا,2026/02/26,"35,417,501"
الخدمات الرقمية,عام,القطاع العام,خدمة إلكترونية جزئيا,2026/02/26,"35,417,520"
الخدمات الرقمية,عام,القطاع العام,خدمة إلكترونية جزئيا,2026/02/26,"35,417,559"
الخدمات الرقمية,عام,القطاع العام,خدمة إلكترونية جزئيا,2026/02/26,"35,417,678"
الخدمات الرقمية,عام,القطاع العام,خدمة إلكترونية جزئيا,2026/02/26,"35,417,745"
الخدمات الرقمية,عام,القطاع العام,خدمة إلكترونية جزئيا,2026/02/26,"35,418,092"
الخدمات الرقمية,عام,القطاع العام,خدمة إلكترونية جزئيا,2026/02/26,"35,418,257"
الخدمات الرقمية,عام,القطاع العام,خدمة إلكترونية جزئيا,2026/02/26,"35,418,308"
الخدمات الرقمية,عام,القطاع العام,خدمة إلكترونية جزئيا,2026/02/26,"35,418,327"
الخدمات الرقمية,عام,القطاع العام,خدمة إلكترونية جزئيا,2026/02/26,"35,417,374"
الخدمات الرقمية,عام,القطاع العام,خدمة إلكترونية جزئيا,2026/02/26,"35,417,430"
الخدمات الرقمية,عام,القطاع العام,خدمة إلكترونية جزئيا,2026/02/26,"35,417,490"
الخدمات الرقمية,عام,القطاع العام,خدمة إلكترونية جزئيا,2026/02/26,"35,417,517"
الخدمات الرقمية,عام,القطاع العام,خدمة إلكترونية جزئيا,2026/02/26,"35,417,542"
الخدمات الرقمية,عام,القطاع العام,خدمة إلكترونية جزئيا,2026/02/26,"35,417,563"
الخدمات الرقمية,عام,القطاع العام,خدمة إلكترونية جزئيا,2026/02/26,"35,417,707"
الخدمات الرقمية,عام,القطاع العام,خدمة إلكترونية جزئيا,2026/02/26,"35,418,082"
الخدمات الرقمية,عام,القطاع العام,خدمة إلكترونية جزئيا,2026/02/26,"35,417,337"
الخدمات الرقمية,عام,القطاع العام,خدمة إلكترونية جزئيا,2026/02/26,"35,417,355"
الخدمات الرقمية,عام,القطاع العام,خدمة إلكترونية جزئيا,2026/02/26,"35,417,420"
الخدمات الرقمية,عام,القطاع العام,خدمة إلكترونية جزئيا,2026/02/26,"35,417,485"
الخدمات الرقمية,عام,القطاع العام,خدمة إلكترونية جزئيا,2026/02/26,"35,417,488"
الخدمات الرقمية,عام,القطاع العام,خدمة إلكترونية جزئيا,2026/02/26,"35,417,616"
الخدمات الرقمية,عام,القطاع العام,خدمة إلكترونية جزئيا,2026/02/26,"35,417,685"
الخدمات الرقمية,عام,القطاع العام,خدمة إلكترونية جزئيا,2026/02/26,"35,417,709"
الخدمات الرقمية,عام,القطاع العام,خدمة إلكترونية جزئيا,2026/02/26,"35,417,717"
الخدمات الرقمية,عام,القطاع العام,خدمة إلكترونية جزئيا,2026/02/26,"35,417,348"
الخدمات الرقمية,عام,القطاع العام,خدمة إلكترونية جزئيا,2026/02/26,"35,417,365"
الخدمات الرقمية,عام,القطاع العام,خدمة إلكترونية جزئيا,2026/02/26,"35,417,382"
الخدمات الرقمية,عام,القطاع العام,خدمة إلكترونية جزئيا,2026/02/26,"35,417,453"
الخدمات الرقمية,عام,القطاع العام,خدمة إلكترونية جزئيا,2026/02/26,"35,417,640"
الخدمات الرقمية,عام,القطاع العام,خدمة إلكترونية جزئيا,2026/02/26,"35,417,715"
الخدمات الرقمية,عام,القطاع العام,خدمة إلكترونية جزئيا,2026/02/26,"35,417,719"
الخدمات الرقمية,عام,القطاع العام,خدمة إلكترونية جزئيا,2026/02/26,"35,417,754"
الخدمات الرقمية,عام,القطاع العام,خدمة إلكترونية جزئيا,2026/02/26,"35,418,227"
الخدمات الرقمية,عام,القطاع العام,خدمة إلكترونية جزئيا,2026/02/26,"35,418,251"
الخدمات الرقمية,عام,القطاع العام,خدمة إلكترونية جزئيا,2026/02/26,"35,417,397"
الخدمات الرقمية,عام,القطاع العام,خدمة إلكترونية جزئيا,2026/02/26,"35,417,427"
الخدمات الرقمية,عام,القطاع العام,خدمة إلكترونية جزئيا,2026/02/26,"35,417,466"
الخدمات الرقمية,عام,القطاع العام,خدمة إلكترونية جزئيا,2026/02/26,"35,417,514"
الخدمات الرقمية,عام,القطاع العام,خدمة إلكترونية جزئيا,2026/02/26,"35,417,585"
الخدمات الرقمية,عام,القطاع العام,خدمة إلكترونية جزئيا,2026/02/26,"35,417,591"
الخدمات الرقمية,عام,القطاع العام,خدمة إلكترونية جزئيا,2026/02/26,"35,417,649"
الخدمات الرقمية,عام,القطاع العام,خدمة إلكترونية جزئيا,2026/02/26,"35,417,660"
الخدمات الرقمية,عام,القطاع العام,خدمة إلكترونية جزئيا,2026/02/26,"35,418,171"
الخدمات الرقمية,عام,القطاع العام,خدمة إلكترونية جزئيا,2026/02/26,"35,418,173"
الخدمات الرقمية,عام,القطاع العام,خدمة إلكترونية جزئيا,2026/02/26,"35,418,260"
الخدمات الرقمية,عام,القطاع العام,خدمة إلكترونية جزئيا,2026/02/26,"35,418,296"
الخدمات الرقمية,عام,القطاع العام,خدمة إلكترونية جزئيا,2026/02/26,"35,418,301"
الخدمات الرقمية,عام,القطاع العام,خدمة إلكترونية جزئيا,2026/02/26,"35,418,337"
الخدمات الرقمية,عام,القطاع العام,خدمة إلكترونية جزئيا,2026/02/26,"35,417,856"
الخدمات الرقمية,عام,القطاع العام,خدمة إلكترونية جزئيا,2026/02/26,"35,418,112"
الخدمات الرقمية,عام,القطاع العام,خدمة إلكترونية جزئيا,2026/02/26,"35,418,177"
الخدمات الرقمية,عام,القطاع العام,خدمة إلكترونية جزئيا,2026/02/26,"35,418,200"
الخدمات الرقمية,عام,القطاع العام,خدمة إلكترونية جزئيا,2026/02/26,"35,418,343"
الخدمات الرقمية,عام,القطاع العام,خدمة إلكترونية جزئيا,2026/02/26,"35,418,377"
الخدمات الرقمية,عام,القطاع العام,خدمة إلكترونية جزئيا,2026/02/26,"35,418,389"
الخدمات الرقمية,عام,القطاع العام,خدمة إلكترونية جزئيا,2026/02/26,"35,418,477"
الخدمات الرقمية,عام,القطاع العام,خدمة إلكترونية جزئيا,2026/02/26,"35,418,488"
الخدمات الرقمية,عام,القطاع العام,خدمة إلكترونية جزئيا,2026/02/26,"35,418,536"
الخدمات الرقمية,عام,القطاع العام,خدمة إلكترونية جزئيا,2026/02/26,"35,418,603"
الخدمات الرقمية,عام,القطاع العام,خدمة إلكترونية جزئيا,2026/02/26,"35,418,755"
الخدمات الرقمية,عام,القطاع العام,خدمة إلكترونية جزئيا,2026/02/26,"35,418,830"
الخدمات الرقمية,عام,القطاع العام,خدمة إلكترونية جزئيا,2026/02/26,"35,418,832"
الخدمات الرقمية,عام,القطاع العام,خدمة إلكترونية جزئيا,2026/02/26,"35,418,847"
الخدمات الرقمية,عام,القطاع العام,خدمة إلكترونية جزئيا,2026/02/26,"35,418,339"
الخدمات الرقمية,عام,القطاع العام,خدمة إلكترونية جزئيا,2026/02/26,"35,418,400"
الخدمات الرقمية,عام,القطاع العام,خدمة إلكترونية جزئيا,2026/02/26,"35,418,409"
الخدمات الرقمية,عام,القطاع العام,خدمة إلكترونية جزئيا,2026/02/26,"35,418,414"
الخدمات الرقمية,عام,القطاع العام,خدمة إلكترونية جزئيا,2026/02/26,"35,418,416"
الخدمات الرقمية,عام,القطاع العام,خدمة إلكترونية جزئيا,2026/02/26,"35,418,422"
الخدمات الرقمية,عام,القطاع العام,خدمة إلكترونية جزئيا,2026/02/26,"35,418,431"
الخدمات الرقمية,عام,القطاع العام,خدمة إلكترونية جزئيا,2026/02/26,"35,418,448"
الخدمات الرقمية,عام,القطاع العام,خدمة إلكترونية جزئيا,2026/02/26,"35,418,455"
الخدمات الرقمية,عام,القطاع العام,خدمة إلكترونية جزئيا,2026/02/26,"35,418,483"
الخدمات الرقمية,عام,القطاع العام,خدمة إلكترونية جزئيا,2026/02/26,"35,418,508"
الخدمات الرقمية,عام,القطاع العام,خدمة إلكترونية جزئيا,2026/02/26,"35,418,542"
الخدمات الرقمية,عام,القطاع العام,خدمة إلكترونية جزئيا,2026/02/26,"35,418,662"
الخدمات الرقمية,عام,القطاع العام,خدمة إلكترونية جزئيا,2026/02/26,"35,418,826"
الخدمات الرقمية,عام,القطاع العام,خدمة إلكترونية جزئيا,2026/02/26,"35,418,850"
الخدمات الرقمية,عام,القطاع العام,خدمة إلكترونية جزئيا,2026/02/26,"35,418,908"
الخدمات الرقمية,عام,القطاع العام,خدمة إلكترونية جزئيا,2026/02/26,"35,418,103"
الخدمات الرقمية,عام,القطاع العام,خدمة إلكترونية جزئيا,2026/02/26,"35,418,181"
الخدمات الرقمية,عام,القطاع العام,خدمة إلكترونية جزئيا,2026/02/26,"35,418,246"
الخدمات الرقمية,عام,القطاع العام,خدمة إلكترونية جزئيا,2026/02/26,"35,418,395"
الخدمات الرقمية,عام,القطاع العام,خدمة إلكترونية جزئيا,2026/02/26,"35,418,464"
الخدمات الرقمية,عام,القطاع العام,خدمة إلكترونية جزئيا,2026/02/26,"35,418,690"
الخدمات الرقمية,عام,القطاع العام,خدمة إلكترونية جزئيا,2026/02/26,"35,418,712"
الخدمات الرقمية,عام,القطاع العام,خدمة إلكترونية جزئيا,2026/02/26,"35,418,730"
الخدمات الرقمية,عام,القطاع العام,خدمة إلكترونية جزئيا,2026/02/26,"35,418,740"
الخدمات الرقمية,عام,القطاع العام,خدمة إلكترونية جزئيا,2026/02/26,"35,418,744"
الخدمات الرقمية,عام,القطاع العام,خدمة إلكترونية جزئيا,2026/02/26,"35,418,751"
الخدمات الرقمية,عام,القطاع العام,خدمة إلكترونية جزئيا,2026/02/26,"35,418,764"
الخدمات الرقمية,عام,القطاع العام,خدمة إلكترونية جزئيا,2026/02/26,"35,418,875"
الخدمات الرقمية,عام,القطاع العام,خدمة إلكترونية جزئيا,2026/02/26,"35,418,891"
الخدمات الرقمية,عام,القطاع العام,خدمة إلكترونية جزئيا,2026/02/26,"35,418,920"
الخدمات الرقمية,عام,القطاع العام,خدمة إلكترونية جزئيا,2026/02/26,"35,418,982"
الخدمات الرقمية,عام,القطاع العام,خدمة إلكترونية جزئيا,2026/02/26,"35,418,998"
الخدمات الرقمية,عام,القطاع العام,خدمة إلكترونية جزئيا,2026/02/26,"35,419,011"
الخدمات الرقمية,عام,القطاع العام,خدمة إلكترونية جزئيا,2026/02/26,"35,419,051"
الخدمات الرقمية,عام,القطاع العام,خدمة إلكترونية جزئيا,2026/02/26,"35,418,233"
الخدمات الرقمية,عام,القطاع العام,خدمة إلكترونية جزئيا,2026/02/26,"35,418,236"
الخدمات الرقمية,عام,القطاع العام,خدمة إلكترونية جزئيا,2026/02/26,"35,418,283"
الخدمات الرقمية,عام,القطاع العام,خدمة إلكترونية جزئيا,2026/02/26,"35,418,291"
الخدمات الرقمية,عام,القطاع العام,خدمة إلكترونية جزئيا,2026/02/26,"35,418,304"
الخدمات الرقمية,عام,القطاع العام,خدمة إلكترونية جزئيا,2026/02/26,"35,418,435"
الخدمات الرقمية,عام,القطاع العام,خدمة إلكترونية جزئيا,2026/02/26,"35,418,468"
الخدمات الرقمية,عام,القطاع العام,خدمة إلكترونية جزئيا,2026/02/26,"35,418,492"
الخدمات الرقمية,عام,القطاع العام,خدمة إلكترونية جزئيا,2026/02/26,"35,418,589"
الخدمات الرقمية,عام,القطاع العام,خدمة إلكترونية جزئيا,2026/02/26,"35,418,608"
الخدمات الرقمية,عام,القطاع العام,خدمة إلكترونية جزئيا,2026/02/26,"35,418,635"
الخدمات الرقمية,عام,القطاع العام,خدمة إلكترونية جزئيا,2026/02/26,"35,418,651"
الخدمات الرقمية,عام,القطاع العام,خدمة إلكترونية جزئيا,2026/02/26,"35,418,654"
الخدمات الرقمية,عام,القطاع العام,خدمة إلكترونية جزئيا,2026/02/26,"35,418,753"
الخدمات الرقمية,عام,القطاع العام,خدمة إلكترونية جزئيا,2026/02/26,"35,418,775"
الخدمات الرقمية,عام,القطاع العام,خدمة إلكترونية جزئيا,2026/02/26,"35,418,881"
الخدمات الرقمية,عام,القطاع العام,خدمة إلكترونية جزئيا,2026/02/26,"35,417,317"
الخدمات الرقمية,عام,القطاع العام,خدمة إلكترونية جزئيا,2026/02/26,"35,417,388"
الخدمات الرقمية,عام,القطاع العام,خدمة إلكترونية جزئيا,2026/02/26,"35,417,527"
الخدمات الرقمية,عام,القطاع العام,خدمة إلكترونية جزئيا,2026/02/26,"35,417,540"
الخدمات الرقمية,عام,القطاع العام,خدمة إلكترونية جزئيا,2026/02/26,"35,417,561"
الخدمات الرقمية,عام,القطاع العام,خدمة إلكترونية جزئيا,2026/02/26,"35,418,320"
الخدمات الرقمية,عام,القطاع العام,خدمة إلكترونية جزئيا,2026/02/26,"35,418,321"
الخدمات الرقمية,عام,القطاع العام,خدمة إلكترونية جزئيا,2026/02/26,"35,418,391"
الخدمات الرقمية,عام,القطاع العام,خدمة إلكترونية جزئيا,2026/02/26,"35,418,473"
الخدمات الرقمية,عام,القطاع العام,خدمة إلكترونية جزئيا,2026/02/26,"35,418,479"
الخدمات الرقمية,عام,القطاع العام,خدمة إلكترونية جزئيا,2026/02/26,"35,418,497"
الخدمات الرقمية,عام,القطاع العام,خدمة إلكترونية جزئيا,2026/02/26,"35,418,522"
الخدمات الرقمية,عام,القطاع العام,خدمة إلكترونية جزئيا,2026/02/26,"35,418,524"
الخدمات الرقمية,عام,القطاع العام,خدمة إلكترونية جزئيا,2026/02/26,"35,418,526"
الخدمات الرقمية,عام,القطاع العام,خدمة إلكترونية جزئيا,2026/02/26,"35,418,539"
الخدمات الرقمية,عام,القطاع العام,خدمة إلكترونية جزئيا,2026/02/26,"35,418,584"
الخدمات الرقمية,عام,القطاع العام,خدمة إلكترونية جزئيا,2026/02/26,"35,418,613"
الخدمات الرقمية,عام,القطاع العام,خدمة إلكترونية جزئيا,2026/02/26,"35,418,622"
الخدمات الرقمية,عام,القطاع العام,خدمة إلكترونية جزئيا,2026/02/26,"35,418,643"
الخدمات الرقمية,عام,القطاع العام,خدمة إلكترونية جزئيا,2026/02/26,"35,418,717"
الخدمات الرقمية,عام,القطاع العام,خدمة إلكترونية جزئيا,2026/02/26,"35,418,723"
الخدمات الرقمية,عام,القطاع العام,خدمة إلكترونية جزئيا,2026/02/26,"35,418,725"
الخدمات الرقمية,عام,القطاع العام,خدمة إلكترونية جزئيا,2026/02/26,"35,418,748"
الخدمات الرقمية,عام,القطاع العام,خدمة إلكترونية جزئيا,2026/02/26,"35,417,664"
الخدمات الرقمية,عام,القطاع العام,خدمة إلكترونية جزئيا,2026/02/26,"35,417,682"
الخدمات الرقمية,عام,القطاع العام,خدمة إلكترونية جزئيا,2026/02/26,"35,417,697"
الخدمات الرقمية,عام,القطاع العام,خدمة إلكترونية جزئيا,2026/02/26,"35,417,747"
الخدمات الرقمية,عام,القطاع العام,خدمة إلكترونية جزئيا,2026/02/26,"35,417,752"
الخدمات الرقمية,عام,القطاع العام,خدمة إلكترونية جزئيا,2026/02/26,"35,418,076"
الخدمات الرقمية,عام,القطاع العام,خدمة إلكترونية جزئيا,2026/02/26,"35,418,127"
الخدمات الرقمية,عام,القطاع العام,خدمة إلكترونية جزئيا,2026/02/26,"35,418,146"
الخدمات الرقمية,عام,القطاع العام,خدمة إلكترونية جزئيا,2026/02/26,"35,418,147"
الخدمات الرقمية,عام,القطاع العام,خدمة إلكترونية جزئيا,2026/02/26,"35,418,403"
الخدمات الرقمية,عام,القطاع العام,خدمة إلكترونية جزئيا,2026/02/26,"35,418,404"
الخدمات الرقمية,عام,القطاع العام,خدمة إلكترونية جزئيا,2026/02/26,"35,418,440"
الخدمات الرقمية,عام,القطاع العام,خدمة إلكترونية جزئيا,2026/02/26,"35,418,528"
الخدمات الرقمية,عام,القطاع العام,خدمة إلكترونية جزئيا,2026/02/26,"35,418,610"
الخدمات الرقمية,عام,القطاع العام,خدمة إلكترونية جزئيا,2026/02/26,"35,418,649"
الخدمات الرقمية,عام,القطاع العام,خدمة إلكترونية جزئيا,2026/02/26,"35,418,668"
الخدمات الرقمية,عام,القطاع العام,خدمة إلكترونية جزئيا,2026/02/26,"35,418,676"
الخدمات الرقمية,عام,القطاع العام,خدمة إلكترونية جزئيا,2026/02/26,"35,417,750"
الخدمات الرقمية,عام,القطاع العام,خدمة إلكترونية جزئيا,2026/02/26,"35,418,051"
الخدمات الرقمية,عام,القطاع العام,خدمة إلكترونية جزئيا,2026/02/26,"35,418,099"
الخدمات الرقمية,عام,القطاع العام,خدمة إلكترونية جزئيا,2026/02/26,"35,418,141"
الخدمات الرقمية,عام,القطاع العام,خدمة إلكترونية جزئيا,2026/02/26,"35,418,166"
الخدمات الرقمية,عام,القطاع العام,خدمة إلكترونية جزئيا,2026/02/26,"35,418,323"
الخدمات الرقمية,عام,القطاع العام,خدمة إلكترونية جزئيا,2026/02/26,"35,418,332"
الخدمات الرقمية,عام,القطاع العام,خدمة إلكترونية جزئيا,2026/02/26,"35,418,355"
الخدمات الرقمية,عام,القطاع العام,خدمة إلكترونية جزئيا,2026/02/26,"35,418,458"
الخدمات الرقمية,عام,القطاع العام,خدمة إلكترونية جزئيا,2026/02/26,"35,418,575"
الخدمات الرقمية,عام,القطاع العام,خدمة إلكترونية جزئيا,2026/02/26,"35,418,592"
الخدمات الرقمية,عام,القطاع العام,خدمة إلكترونية جزئيا,2026/02/26,"35,418,593"
الخدمات الرقمية,عام,القطاع العام,خدمة إلكترونية جزئيا,2026/02/26,"35,418,683"
الخدمات الرقمية,عام,القطاع العام,خدمة إلكترونية جزئيا,2026/02/26,"35,418,843"
الخدمات الرقمية,عام,القطاع العام,خدمة إلكترونية جزئيا,2026/02/26,"35,418,949"
الخدمات الرقمية,عام,القطاع العام,خدمة إلكترونية جزئيا,2026/02/26,"35,417,359"
الخدمات الرقمية,عام,القطاع العام,خدمة إلكترونية جزئيا,2026/02/26,"35,417,435"
الخدمات الرقمية,عام,القطاع العام,خدمة إلكترونية جزئيا,2026/02/26,"35,417,534"
الخدمات الرقمية,عام,القطاع العام,خدمة إلكترونية جزئيا,2026/02/26,"35,417,668"
الخدمات الرقمية,عام,القطاع العام,خدمة إلكترونية جزئيا,2026/02/26,"35,417,674"
الخدمات الرقمية,عام,القطاع العام,خدمة إلكترونية جزئيا,2026/02/26,"35,418,179"
الخدمات الرقمية,عام,القطاع العام,خدمة إلكترونية جزئيا,2026/02/26,"35,418,271"
الخدمات الرقمية,عام,القطاع العام,خدمة إلكترونية جزئيا,2026/02/26,"35,418,277"
الخدمات الرقمية,عام,القطاع العام,خدمة إلكترونية جزئيا,2026/02/26,"35,418,551"
الخدمات الرقمية,عام,القطاع العام,خدمة إلكترونية جزئيا,2026/02/26,"35,418,581"
الخدمات الرقمية,عام,القطاع العام,خدمة إلكترونية جزئيا,2026/02/26,"35,418,670"
الخدمات الرقمية,عام,القطاع العام,خدمة إلكترونية جزئيا,2026/02/26,"35,418,696"
الخدمات الرقمية,عام,القطاع العام,خدمة إلكترونية جزئيا,2026/02/26,"35,418,791"
الخدمات الرقمية,عام,القطاع العام,خدمة إلكترونية جزئيا,2026/02/26,"35,417,620"
الخدمات الرقمية,عام,القطاع العام,خدمة إلكترونية جزئيا,2026/02/26,"35,417,634"
الخدمات الرقمية,عام,القطاع العام,خدمة إلكترونية جزئيا,2026/02/26,"35,417,666"
الخدمات الرقمية,عام,القطاع العام,خدمة إلكترونية جزئيا,2026/02/26,"35,417,758"
الخدمات الرقمية,عام,القطاع العام,خدمة إلكترونية جزئيا,2026/02/26,"35,418,131"
الخدمات الرقمية,عام,القطاع العام,خدمة إلكترونية جزئيا,2026/02/26,"35,418,244"
الخدمات الرقمية,عام,القطاع العام,خدمة إلكترونية جزئيا,2026/02/26,"35,418,248"
الخدمات الرقمية,عام,القطاع العام,خدمة إلكترونية جزئيا,2026/02/26,"35,418,268"
الخدمات الرقمية,عام,القطاع العام,خدمة إلكترونية جزئيا,2026/02/26,"35,418,357"
الخدمات الرقمية,عام,القطاع العام,خدمة إلكترونية جزئيا,2026/02/26,"35,418,406"
الخدمات الرقمية,عام,القطاع العام,خدمة إلكترونية جزئيا,2026/02/26,"35,418,499"
الخدمات الرقمية,عام,القطاع العام,خدمة إلكترونية جزئيا,2026/02/26,"35,418,540"
الخدمات الرقمية,عام,القطاع العام,خدمة إلكترونية جزئيا,2026/02/26,"35,418,578"
الخدمات الرقمية,عام,القطاع العام,خدمة إلكترونية جزئيا,2026/02/26,"35,418,620"
الخدمات الرقمية,عام,القطاع العام,خدمة إلكترونية جزئيا,2026/02/26,"35,418,672"
الخدمات الرقمية,عام,القطاع العام,خدمة إلكترونية جزئيا,2026/02/26,"35,418,694"
الخدمات الرقمية,عام,القطاع العام,خدمة إلكترونية جزئيا,2026/02/26,"35,418,707"
الخدمات الرقمية,عام,القطاع العام,خدمة إلكترونية جزئيا,2026/02/26,"35,418,838"
الخدمات الرقمية,عام,القطاع العام,خدمة إلكترونية جزئيا,2026/02/26,"35,417,411"
الخدمات الرقمية,عام,القطاع العام,خدمة إلكترونية جزئيا,2026/02/26,"35,417,437"
الخدمات الرقمية,عام,القطاع العام,خدمة إلكترونية جزئيا,2026/02/26,"35,417,457"
الخدمات الرقمية,عام,القطاع العام,خدمة إلكترونية جزئيا,2026/02/26,"35,417,477"
الخدمات الرقمية,عام,القطاع العام,خدمة إلكترونية جزئيا,2026/02/26,"35,417,449"
الخدمات الرقمية,عام,القطاع العام,خدمة إلكترونية جزئيا,2026/02/26,"35,417,495"
الخدمات الرقمية,عام,القطاع العام,خدمة إلكترونية جزئيا,2026/02/26,"35,417,571"
الخدمات الرقمية,عام,القطاع العام,خدمة إلكترونية جزئيا,2026/02/26,"35,417,671"
الخدمات الرقمية,عام,القطاع العام,خدمة إلكترونية جزئيا,2026/02/26,"35,418,134"
الخدمات الرقمية,عام,القطاع العام,خدمة إلكترونية جزئيا,2026/02/26,"35,417,394"
الخدمات الرقمية,عام,القطاع العام,خدمة إلكترونية جزئيا,2026/02/26,"35,417,395"
الخدمات الرقمية,عام,القطاع العام,خدمة إلكترونية جزئيا,2026/02/26,"35,417,460"
الخدمات الرقمية,عام,القطاع العام,خدمة إلكترونية جزئيا,2026/02/26,"35,417,529"
الخدمات الرقمية,عام,القطاع العام,خدمة إلكترونية جزئيا,2026/02/26,"35,417,548"
الخدمات الرقمية,عام,القطاع العام,خدمة إلكترونية جزئيا,2026/02/26,"35,417,727"
الخدمات الرقمية,عام,القطاع العام,خدمة إلكترونية جزئيا,2026/02/26,"35,417,763"
الخدمات الرقمية,عام,القطاع العام,خدمة إلكترونية جزئيا,2026/02/26,"35,418,078"
الخدمات الرقمية,عام,القطاع العام,خدمة إلكترونية جزئيا,2026/02/26,"35,418,101"
الخدمات الرقمية,عام,القطاع العام,خدمة إلكترونية جزئيا,2026/02/26,"35,418,109"
الخدمات الرقمية,عام,القطاع العام,خدمة إلكترونية جزئيا,2026/02/26,"35,418,210"
الخدمات الرقمية,عام,القطاع العام,خدمة إلكترونية جزئيا,2026/02/26,"35,417,909"
الخدمات الرقمية,عام,القطاع العام,خدمة إلكترونية جزئيا,2026/02/26,"35,418,157"
الخدمات الرقمية,عام,القطاع العام,خدمة إلكترونية جزئيا,2026/02/26,"35,418,230"
الخدمات الرقمية,عام,القطاع العام,خدمة إلكترونية جزئيا,2026/02/26,"35,418,445"
الخدمات الرقمية,عام,القطاع العام,خدمة إلكترونية جزئيا,2026/02/26,"35,418,544"
الخدمات الرقمية,عام,القطاع العام,خدمة إلكترونية جزئيا,2026/02/26,"35,418,553"
الخدمات الرقمية,عام,القطاع العام,خدمة إلكترونية جزئيا,2026/02/26,"35,418,606"
الخدمات الرقمية,عام,القطاع العام,خدمة إلكترونية جزئيا,2026/02/26,"35,418,761"
الخدمات الرقمية,عام,القطاع العام,خدمة إلكترونية جزئيا,2026/02/26,"35,418,789"
الخدمات الرقمية,عام,القطاع العام,خدمة إلكترونية جزئيا,2026/02/26,"35,418,794"
الخدمات الرقمية,عام,القطاع العام,خدمة إلكترونية جزئيا,2026/02/26,"35,418,807"
الخدمات الرقمية,عام,القطاع العام,خدمة إلكترونية جزئيا,2026/02/26,"35,418,871"
الخدمات الرقمية,عام,القطاع العام,خدمة إلكترونية جزئيا,2026/02/26,"35,418,940"
الخدمات الرقمية,عام,القطاع العام,خدمة إلكترونية جزئيا,2026/02/26,"35,418,946"
الخدمات الرقمية,عام,القطاع العام,خدمة إلكترونية جزئيا,2026/02/26,"35,418,957"
الخدمات الرقمية,عام,القطاع العام,خدمة إلكترونية جزئيا,2026/02/26,"35,418,951"
الخدمات الرقمية,عام,القطاع العام,خدمة إلكترونية جزئيا,2026/02/26,"35,418,974"
الخدمات الرقمية,عام,القطاع العام,خدمة إلكترونية جزئيا,2026/02/26,"35,418,976"
الخدمات الرقمية,عام,القطاع العام,خدمة إلكترونية جزئيا,2026/02/26,"35,419,006"
الخدمات الرقمية,عام,القطاع العام,خدمة إلكترونية جزئيا,2026/02/26,"35,419,022"
الخدمات الرقمية,عام,القطاع العام,خدمة إلكترونية جزئيا,2026/02/26,"35,419,037"
الخدمات الرقمية,عام,القطاع العام,خدمة إلكترونية جزئيا,2026/02/26,"35,419,044"
الخدمات الرقمية,عام,القطاع العام,خدمة إلكترونية جزئيا,2026/02/26,"35,419,065"
الخدمات الرقمية,عام,القطاع العام,خدمة إلكترونية جزئيا,2026/02/26,"35,419,067"
الخدمات الرقمية,عام,القطاع العام,خدمة إلكترونية جزئيا,2026/02/26,"35,419,085"
الخدمات الرقمية,عام,القطاع العام,خدمة إلكترونية جزئيا,2026/02/26,"35,419,099"
الخدمات الرقمية,عام,القطاع العام,خدمة إلكترونية جزئيا,2026/02/26,"35,419,125"
الخدمات الرقمية,عام,القطاع العام,خدمة إلكترونية جزئيا,2026/02/26,"35,419,344"
الخدمات الرقمية,عام,القطاع العام,خدمة إلكترونية جزئيا,2026/02/26,"35,419,395"
الخدمات الرقمية,عام,القطاع العام,خدمة إلكترونية جزئيا,2026/02/26,"35,419,479"
الخدمات الرقمية,عام,القطاع العام,خدمة إلكترونية جزئيا,2026/02/26,"35,417,557"
الخدمات الرقمية,عام,القطاع العام,خدمة إلكترونية جزئيا,2026/02/26,"35,417,573"
الخدمات الرقمية,عام,القطاع العام,خدمة إلكترونية جزئيا,2026/02/26,"35,417,593"
الخدمات الرقمية,عام,القطاع العام,خدمة إلكترونية جزئيا,2026/02/26,"35,417,662"
الخدمات الرقمية,عام,القطاع العام,خدمة إلكترونية جزئيا,2026/02/26,"35,417,676"
الخدمات الرقمية,عام,القطاع العام,خدمة إلكترونية جزئيا,2026/02/26,"35,417,689"
الخدمات الرقمية,عام,القطاع العام,خدمة إلكترونية جزئيا,2026/02/26,"35,417,721"
الخدمات الرقمية,عام,القطاع العام,خدمة إلكترونية جزئيا,2026/02/26,"35,418,089"
الخدمات الرقمية,عام,القطاع العام,خدمة إلكترونية جزئيا,2026/02/26,"35,418,090"
الخدمات الرقمية,عام,القطاع العام,خدمة إلكترونية جزئيا,2026/02/26,"35,418,106"
الخدمات الرقمية,عام,القطاع العام,خدمة إلكترونية جزئيا,2026/02/26,"35,418,137"
الخدمات الرقمية,عام,القطاع العام,خدمة إلكترونية جزئيا,2026/02/26,"35,418,204"
الخدمات الرقمية,عام,القطاع العام,خدمة إلكترونية جزئيا,2026/02/26,"35,418,316"
الخدمات الرقمية,عام,القطاع العام,خدمة إلكترونية جزئيا,2026/02/26,"35,418,348"
الخدمات الرقمية,عام,القطاع العام,خدمة إلكترونية جزئيا,2026/02/26,"35,418,372"
الخدمات الرقمية,عام,القطاع العام,خدمة إلكترونية جزئيا,2026/02/26,"35,418,384"
الخدمات الرقمية,عام,القطاع العام,خدمة إلكترونية جزئيا,2026/02/26,"35,418,385"
الخدمات الرقمية,عام,القطاع العام,خدمة إلكترونية جزئيا,2026/02/26,"35,418,386"
الخدمات الرقمية,عام,القطاع العام,خدمة إلكترونية جزئيا,2026/02/26,"35,418,531"
الخدمات الرقمية,عام,القطاع العام,خدمة إلكترونية جزئيا,2026/02/26,"35,418,698"
الخدمات الرقمية,عام,القطاع العام,خدمة إلكترونية جزئيا,2026/02/26,"35,418,818"
الخدمات الرقمية,عام,القطاع العام,خدمة إلكترونية جزئيا,2026/02/26,"35,418,864"
الخدمات الرقمية,عام,القطاع العام,خدمة إلكترونية جزئيا,2026/02/26,"35,418,897"
الخدمات الرقمية,عام,القطاع العام,خدمة إلكترونية جزئيا,2026/02/26,"35,418,925"
الخدمات الرقمية,عام,القطاع العام,خدمة إلكترونية جزئيا,2026/02/26,"35,418,934"
الخدمات الرقمية,عام,القطاع العام,خدمة إلكترونية جزئيا,2026/02/26,"35,418,960"
الخدمات الرقمية,عام,القطاع العام,خدمة إلكترونية جزئيا,2026/02/26,"35,418,962"
الخدمات الرقمية,عام,القطاع العام,خدمة إلكترونية جزئيا,2026/02/26,"35,418,969"
الخدمات الرقمية,عام,القطاع العام,خدمة إلكترونية جزئيا,2026/02/26,"35,419,009"
الخدمات الرقمية,عام,القطاع العام,خدمة إلكترونية جزئيا,2026/02/26,"35,419,076"
الخدمات الرقمية,عام,القطاع العام,خدمة إلكترونية جزئيا,2026/02/26,"35,419,137"
الخدمات الرقمية,عام,القطاع العام,خدمة إلكترونية جزئيا,2026/02/26,"35,418,749"
الخدمات الرقمية,عام,القطاع العام,خدمة إلكترونية جزئيا,2026/02/26,"35,418,836"
الخدمات الرقمية,عام,القطاع العام,خدمة إلكترونية جزئيا,2026/02/26,"35,418,902"
الخدمات الرقمية,عام,القطاع العام,خدمة إلكترونية جزئيا,2026/02/26,"35,419,027"
الخدمات الرقمية,عام,القطاع العام,خدمة إلكترونية جزئيا,2026/02/26,"35,419,145"
الخدمات الرقمية,عام,القطاع العام,خدمة إلكترونية جزئيا,2026/02/26,"35,419,147"
الخدمات الرقمية,عام,القطاع العام,خدمة إلكترونية جزئيا,2026/02/26,"35,419,177"
الخدمات الرقمية,عام,القطاع العام,خدمة إلكترونية جزئيا,2026/02/26,"35,419,196"
الخدمات الرقمية,عام,القطاع العام,خدمة إلكترونية جزئيا,2026/02/26,"35,419,198"
الخدمات الرقمية,عام,القطاع العام,خدمة إلكترونية جزئيا,2026/02/26,"35,419,220"
الخدمات الرقمية,عام,القطاع العام,خدمة إلكترونية جزئيا,2026/02/26,"35,419,242"
الخدمات الرقمية,عام,القطاع العام,خدمة إلكترونية جزئيا,2026/02/26,"35,419,273"
الخدمات الرقمية,عام,القطاع العام,خدمة إلكترونية جزئيا,2026/02/26,"35,419,276"
الخدمات الرقمية,عام,القطاع العام,خدمة إلكترونية جزئيا,2026/02/26,"35,419,288"
الخدمات الرقمية,عام,القطاع العام,خدمة إلكترونية جزئيا,2026/02/26,"35,419,292"
الخدمات الرقمية,عام,القطاع العام,خدمة إلكترونية جزئيا,2026/02/26,"35,419,341"
الخدمات الرقمية,عام,القطاع العام,خدمة إلكترونية جزئيا,2026/02/26,"35,419,371"
الخدمات الرقمية,عام,القطاع العام,خدمة إلكترونية جزئيا,2026/02/26,"35,419,399"
الخدمات الرقمية,عام,القطاع العام,خدمة إلكترونية جزئيا,2026/02/26,"35,419,423"
الخدمات الرقمية,عام,القطاع العام,خدمة إلكترونية جزئيا,2026/02/26,"35,419,452"
الخدمات الرقمية,عام,القطاع العام,خدمة إلكترونية جزئيا,2026/02/26,"35,419,558"
الخدمات الرقمية,عام,القطاع العام,خدمة إلكترونية جزئيا,2026/02/26,"35,419,582"
الخدمات الرقمية,عام,القطاع العام,خدمة إلكترونية جزئيا,2026/02/26,"35,419,584"
الخدمات الرقمية,عام,القطاع العام,خدمة إلكترونية جزئيا,2026/02/26,"35,419,630"
الخدمات الرقمية,عام,القطاع العام,خدمة إلكترونية جزئيا,2026/02/26,"35,419,635"
الخدمات الرقمية,عام,القطاع العام,خدمة إلكترونية جزئيا,2026/02/26,"35,419,695"
الخدمات الرقمية,عام,القطاع العام,خدمة إلكترونية جزئيا,2026/02/26,"35,419,720"
الخدمات الرقمية,عام,القطاع العام,خدمة إلكترونية جزئيا,2026/02/26,"35,419,817"
الخدمات الرقمية,عام,القطاع العام,خدمة إلكترونية جزئيا,2026/02/26,"35,419,824"
الخدمات الرقمية,عام,القطاع العام,خدمة إلكترونية جزئيا,2026/02/26,"35,419,857"
الخدمات الرقمية,عام,القطاع العام,خدمة إلكترونية جزئيا,2026/02/26,"35,419,935"
الخدمات الرقمية,عام,القطاع العام,خدمة إلكترونية جزئيا,2026/02/26,"35,420,083"
الخدمات الرقمية,عام,القطاع العام,خدمة إلكترونية جزئيا,2026/02/26,"35,420,108"
الخدمات الرقمية,عام,القطاع العام,خدمة إلكترونية جزئيا,2026/02/26,"35,418,964"
الخدمات الرقمية,عام,القطاع العام,خدمة إلكترونية جزئيا,2026/02/26,"35,418,966"
الخدمات الرقمية,عام,القطاع العام,خدمة إلكترونية جزئيا,2026/02/26,"35,418,985"
الخدمات الرقمية,عام,القطاع العام,خدمة إلكترونية جزئيا,2026/02/26,"35,418,993"
الخدمات الرقمية,عام,القطاع العام,خدمة إلكترونية جزئيا,2026/02/26,"35,419,014"
الخدمات الرقمية,عام,القطاع العام,خدمة إلكترونية جزئيا,2026/02/26,"35,419,171"
الخدمات الرقمية,عام,القطاع العام,خدمة إلكترونية جزئيا,2026/02/26,"35,419,342"
الخدمات الرقمية,عام,القطاع العام,خدمة إلكترونية جزئيا,2026/02/26,"35,419,407"
الخدمات الرقمية,عام,القطاع العام,خدمة إلكترونية جزئيا,2026/02/26,"35,419,421"
الخدمات الرقمية,عام,القطاع العام,خدمة إلكترونية جزئيا,2026/02/26,"35,419,432"
الخدمات الرقمية,عام,القطاع العام,خدمة إلكترونية جزئيا,2026/02/26,"35,419,508"
الخدمات الرقمية,عام,القطاع العام,خدمة إلكترونية جزئيا,2026/02/26,"35,419,525"
الخدمات الرقمية,عام,القطاع العام,خدمة إلكترونية جزئيا,2026/02/26,"35,419,565"
الخدمات الرقمية,عام,القطاع العام,خدمة إلكترونية جزئيا,2026/02/26,"35,419,632"
الخدمات الرقمية,عام,القطاع العام,خدمة إلكترونية جزئيا,2026/02/26,"35,419,663"
الخدمات الرقمية,عام,القطاع العام,خدمة إلكترونية جزئيا,2026/02/26,"35,419,704"
الخدمات الرقمية,عام,القطاع العام,خدمة إلكترونية جزئيا,2026/02/26,"35,419,018"
الخدمات الرقمية,عام,القطاع العام,خدمة إلكترونية جزئيا,2026/02/26,"35,419,040"
الخدمات الرقمية,عام,القطاع العام,خدمة إلكترونية جزئيا,2026/02/26,"35,419,078"
الخدمات الرقمية,عام,القطاع العام,خدمة إلكترونية جزئيا,2026/02/26,"35,419,080"
الخدمات الرقمية,عام,القطاع العام,خدمة إلكترونية جزئيا,2026/02/26,"35,419,095"
الخدمات الرقمية,عام,القطاع العام,خدمة إلكترونية جزئيا,2026/02/26,"35,419,103"
الخدمات الرقمية,عام,القطاع العام,خدمة إلكترونية جزئيا,2026/02/26,"35,419,104"
الخدمات الرقمية,عام,القطاع العام,خدمة إلكترونية جزئيا,2026/02/26,"35,419,165"
الخدمات الرقمية,عام,القطاع العام,خدمة إلكترونية جزئيا,2026/02/26,"35,419,190"
الخدمات الرقمية,عام,القطاع العام,خدمة إلكترونية جزئيا,2026/02/26,"35,419,231"
الخدمات الرقمية,عام,القطاع العام,خدمة إلكترونية جزئيا,2026/02/26,"35,419,267"
الخدمات الرقمية,عام,القطاع العام,خدمة إلكترونية جزئيا,2026/02/26,"35,419,310"
الخدمات الرقمية,عام,القطاع العام,خدمة إلكترونية جزئيا,2026/02/26,"35,419,392"
الخدمات الرقمية,عام,القطاع العام,خدمة إلكترونية جزئيا,2026/02/26,"35,419,548"
الخدمات الرقمية,عام,القطاع العام,خدمة إلكترونية جزئيا,2026/02/26,"35,419,609"
الخدمات الرقمية,عام,القطاع العام,خدمة إلكترونية جزئيا,2026/02/26,"35,419,661"
الخدمات الرقمية,عام,القطاع العام,خدمة إلكترونية جزئيا,2026/02/26,"35,419,057"
الخدمات الرقمية,عام,القطاع العام,خدمة إلكترونية جزئيا,2026/02/26,"35,419,109"
الخدمات الرقمية,عام,القطاع العام,خدمة إلكترونية جزئيا,2026/02/26,"35,419,143"
الخدمات الرقمية,عام,القطاع العام,خدمة إلكترونية جزئيا,2026/02/26,"35,419,149"
الخدمات الرقمية,عام,القطاع العام,خدمة إلكترونية جزئيا,2026/02/26,"35,419,284"
الخدمات الرقمية,عام,القطاع العام,خدمة إلكترونية جزئيا,2026/02/26,"35,419,378"
الخدمات الرقمية,عام,القطاع العام,خدمة إلكترونية جزئيا,2026/02/26,"35,419,522"
الخدمات الرقمية,عام,القطاع العام,خدمة إلكترونية جزئيا,2026/02/26,"35,419,551"
الخدمات الرقمية,عام,القطاع العام,خدمة إلكترونية جزئيا,2026/02/26,"35,419,561"
الخدمات الرقمية,عام,القطاع العام,خدمة إلكترونية جزئيا,2026/02/26,"35,419,579"
الخدمات الرقمية,عام,القطاع العام,خدمة إلكترونية جزئيا,2026/02/26,"35,419,598"
الخدمات الرقمية,عام,القطاع العام,خدمة إلكترونية جزئيا,2026/02/26,"35,419,601"
الخدمات الرقمية,عام,القطاع العام,خدمة إلكترونية جزئيا,2026/02/26,"35,419,641"
الخدمات الرقمية,عام,القطاع العام,خدمة إلكترونية جزئيا,2026/02/26,"35,418,845"
الخدمات الرقمية,عام,القطاع العام,خدمة إلكترونية جزئيا,2026/02/26,"35,418,867"
الخدمات الرقمية,عام,القطاع العام,خدمة إلكترونية جزئيا,2026/02/26,"35,418,939"
الخدمات الرقمية,عام,القطاع العام,خدمة إلكترونية جزئيا,2026/02/26,"35,418,944"
الخدمات الرقمية,عام,القطاع العام,خدمة إلكترونية جزئيا,2026/02/26,"35,418,979"
الخدمات الرقمية,عام,القطاع العام,خدمة إلكترونية جزئيا,2026/02/26,"35,419,024"
الخدمات الرقمية,عام,القطاع العام,خدمة إلكترونية جزئيا,2026/02/26,"35,419,047"
الخدمات الرقمية,عام,القطاع العام,خدمة إلكترونية جزئيا,2026/02/26,"35,419,117"
الخدمات الرقمية,عام,القطاع العام,خدمة إلكترونية جزئيا,2026/02/26,"35,419,186"
الخدمات الرقمية,عام,القطاع العام,خدمة إلكترونية جزئيا,2026/02/26,"35,419,210"
الخدمات الرقمية,عام,القطاع العام,خدمة إلكترونية جزئيا,2026/02/26,"35,419,218"
الخدمات الرقمية,عام,القطاع العام,خدمة إلكترونية جزئيا,2026/02/26,"35,419,556"
الخدمات الرقمية,عام,القطاع العام,خدمة إلكترونية جزئيا,2026/02/26,"35,419,607"
الخدمات الرقمية,عام,القطاع العام,خدمة إلكترونية جزئيا,2026/02/26,"35,419,615"
الخدمات الرقمية,عام,القطاع العام,خدمة إلكترونية جزئيا,2026/02/26,"35,419,693"
الخدمات الرقمية,عام,القطاع العام,خدمة إلكترونية جزئيا,2026/02/26,"35,418,912"
الخدمات الرقمية,عام,القطاع العام,خدمة إلكترونية جزئيا,2026/02/26,"35,418,918"
الخدمات الرقمية,عام,القطاع العام,خدمة إلكترونية جزئيا,2026/02/26,"35,419,118"
الخدمات الرقمية,عام,القطاع العام,خدمة إلكترونية جزئيا,2026/02/26,"35,419,188"
الخدمات الرقمية,عام,القطاع العام,خدمة إلكترونية جزئيا,2026/02/26,"35,419,202"
الخدمات الرقمية,عام,القطاع العام,خدمة إلكترونية جزئيا,2026/02/26,"35,419,234"
الخدمات الرقمية,عام,القطاع العام,خدمة إلكترونية جزئيا,2026/02/26,"35,419,308"
الخدمات الرقمية,عام,القطاع العام,خدمة إلكترونية جزئيا,2026/02/26,"35,419,400"
الخدمات الرقمية,عام,القطاع العام,خدمة إلكترونية جزئيا,2026/02/26,"35,419,430"
الخدمات الرقمية,عام,القطاع العام,خدمة إلكترونية جزئيا,2026/02/26,"35,419,443"
الخدمات الرقمية,عام,القطاع العام,خدمة إلكترونية جزئيا,2026/02/26,"35,419,470"
الخدمات الرقمية,عام,القطاع العام,خدمة إلكترونية جزئيا,2026/02/26,"35,419,501"
الخدمات الرقمية,عام,القطاع العام,خدمة إلكترونية جزئيا,2026/02/26,"35,419,511"
الخدمات الرقمية,عام,القطاع العام,خدمة إلكترونية جزئيا,2026/02/26,"35,419,535"
الخدمات الرقمية,عام,القطاع العام,خدمة إلكترونية جزئيا,2026/02/26,"35,419,537"
الخدمات الرقمية,عام,القطاع العام,خدمة إلكترونية جزئيا,2026/02/26,"35,419,541"
الخدمات الرقمية,عام,القطاع العام,خدمة إلكترونية جزئيا,2026/02/26,"35,418,311"
الخدمات الرقمية,عام,القطاع العام,خدمة إلكترونية جزئيا,2026/02/26,"35,418,462"
الخدمات الرقمية,عام,القطاع العام,خدمة إلكترونية جزئيا,2026/02/26,"35,418,502"
الخدمات الرقمية,عام,القطاع العام,خدمة إلكترونية جزئيا,2026/02/26,"35,418,510"
الخدمات الرقمية,عام,القطاع العام,خدمة إلكترونية جزئيا,2026/02/26,"35,418,565"
الخدمات الرقمية,عام,القطاع العام,خدمة إلكترونية جزئيا,2026/02/26,"35,418,703"
الخدمات الرقمية,عام,القطاع العام,خدمة إلكترونية جزئيا,2026/02/26,"35,418,773"
الخدمات الرقمية,عام,القطاع العام,خدمة إلكترونية جزئيا,2026/02/26,"35,418,786"
الخدمات الرقمية,عام,القطاع العام,خدمة إلكترونية جزئيا,2026/02/26,"35,418,805"
الخدمات الرقمية,عام,القطاع العام,خدمة إلكترونية جزئيا,2026/02/26,"35,418,821"
الخدمات الرقمية,عام,القطاع العام,خدمة إلكترونية جزئيا,2026/02/26,"35,418,852"
الخدمات الرقمية,عام,القطاع العام,خدمة إلكترونية جزئيا,2026/02/26,"35,418,991"
الخدمات الرقمية,عام,القطاع العام,خدمة إلكترونية جزئيا,2026/02/26,"35,419,062"
الخدمات الرقمية,عام,القطاع العام,خدمة إلكترونية جزئيا,2026/02/26,"35,419,111"
الخدمات الرقمية,عام,القطاع العام,خدمة إلكترونية جزئيا,2026/02/26,"35,419,212"
الخدمات الرقمية,عام,القطاع العام,خدمة إلكترونية جزئيا,2026/02/26,"35,419,244"
الخدمات الرقمية,عام,القطاع العام,خدمة إلكترونية جزئيا,2026/02/26,"35,419,264"
الخدمات الرقمية,عام,القطاع العام,خدمة إلكترونية جزئيا,2026/02/26,"35,419,335"
الخدمات الرقمية,عام,القطاع العام,خدمة إلكترونية جزئيا,2026/02/26,"35,419,454"
الخدمات الرقمية,عام,القطاع العام,خدمة إلكترونية جزئيا,2026/02/26,"35,419,492"
الخدمات الرقمية,عام,القطاع العام,خدمة إلكترونية جزئيا,2026/02/26,"35,419,546"
الخدمات الرقمية,عام,القطاع العام,خدمة إلكترونية جزئيا,2026/02/26,"35,419,604"
الخدمات الرقمية,عام,القطاع العام,خدمة إلكترونية جزئيا,2026/02/26,"35,419,927"
الخدمات الرقمية,عام,القطاع العام,خدمة إلكترونية جزئيا,2026/02/26,"35,419,993"
الخدمات الرقمية,عام,القطاع العام,خدمة إلكترونية جزئيا,2026/02/26,"35,420,085"
الخدمات الرقمية,عام,القطاع العام,خدمة إلكترونية جزئيا,2026/02/26,"35,420,100"
الخدمات الرقمية,عام,القطاع العام,خدمة إلكترونية جزئيا,2026/02/26,"35,420,128"
الخدمات الرقمية,عام,القطاع العام,خدمة إلكترونية جزئيا,2026/02/26,"35,420,166"
الخدمات الرقمية,عام,القطاع العام,خدمة إلكترونية جزئيا,2026/02/26,"35,420,207"
الخدمات الرقمية,عام,القطاع العام,خدمة إلكترونية جزئيا,2026/02/26,"35,420,212"
الخدمات الرقمية,عام,القطاع العام,خدمة إلكترونية جزئيا,2026/02/26,"35,417,406"
الخدمات الرقمية,عام,القطاع العام,خدمة إلكترونية جزئيا,2026/02/26,"35,417,408"
الخدمات الرقمية,عام,القطاع العام,خدمة إلكترونية جزئيا,2026/02/26,"35,417,480"
الخدمات الرقمية,عام,القطاع العام,خدمة إلكترونية جزئيا,2026/02/26,"35,417,493"
الخدمات الرقمية,عام,القطاع العام,خدمة إلكترونية جزئيا,2026/02/26,"35,417,506"
الخدمات الرقمية,عام,القطاع العام,خدمة إلكترونية جزئيا,2026/02/26,"35,417,554"
الخدمات الرقمية,عام,القطاع العام,خدمة إلكترونية جزئيا,2026/02/26,"35,417,597"
الخدمات الرقمية,عام,القطاع العام,خدمة إلكترونية جزئيا,2026/02/26,"35,418,720"
الخدمات الرقمية,عام,القطاع العام,خدمة إلكترونية جزئيا,2026/02/26,"35,418,732"
الخدمات الرقمية,عام,القطاع العام,خدمة إلكترونية جزئيا,2026/02/26,"35,418,734"
الخدمات الرقمية,عام,القطاع العام,خدمة إلكترونية جزئيا,2026/02/26,"35,418,759"
الخدمات الرقمية,عام,القطاع العام,خدمة إلكترونية جزئيا,2026/02/26,"35,418,769"
الخدمات الرقمية,عام,القطاع العام,خدمة إلكترونية جزئيا,2026/02/26,"35,418,771"
الخدمات الرقمية,عام,القطاع العام,خدمة إلكترونية جزئيا,2026/02/26,"35,418,782"
الخدمات الرقمية,عام,القطاع العام,خدمة إلكترونية جزئيا,2026/02/26,"35,418,841"
الخدمات الرقمية,عام,القطاع العام,خدمة إلكترونية جزئيا,2026/02/26,"35,418,877"
الخدمات الرقمية,عام,القطاع العام,خدمة إلكترونية جزئيا,2026/02/26,"35,418,988"
الخدمات الرقمية,عام,القطاع العام,خدمة إلكترونية جزئيا,2026/02/26,"35,419,035"
الخدمات الرقمية,عام,القطاع العام,خدمة إلكترونية جزئيا,2026/02/26,"35,419,100"
الخدمات الرقمية,عام,القطاع العام,خدمة إلكترونية جزئيا,2026/02/26,"35,419,153"
الخدمات الرقمية,عام,القطاع العام,خدمة إلكترونية جزئيا,2026/02/26,"35,419,155"
الخدمات الرقمية,عام,القطاع العام,خدمة إلكترونية جزئيا,2026/02/26,"35,419,194"
الخدمات الرقمية,عام,القطاع العام,خدمة إلكترونية جزئيا,2026/02/26,"35,419,270"
الخدمات الرقمية,عام,القطاع العام,خدمة إلكترونية جزئيا,2026/02/26,"35,417,598"
الخدمات الرقمية,عام,القطاع العام,خدمة إلكترونية جزئيا,2026/02/26,"35,417,605"
الخدمات الرقمية,عام,القطاع العام,خدمة إلكترونية جزئيا,2026/02/26,"35,417,637"
الخدمات الرقمية,عام,القطاع العام,خدمة إلكترونية جزئيا,2026/02/26,"35,417,654"
الخدمات الرقمية,عام,القطاع العام,خدمة إلكترونية جزئيا,2026/02/26,"35,417,701"
الخدمات الرقمية,عام,القطاع العام,خدمة إلكترونية جزئيا,2026/02/26,"35,417,729"
الخدمات الرقمية,عام,القطاع العام,خدمة إلكترونية جزئيا,2026/02/26,"35,418,053"
الخدمات الرقمية,عام,القطاع العام,خدمة إلكترونية جزئيا,2026/02/26,"35,418,074"
الخدمات الرقمية,عام,القطاع العام,خدمة إلكترونية جزئيا,2026/02/26,"35,418,212"
الخدمات الرقمية,عام,القطاع العام,خدمة إلكترونية جزئيا,2026/02/26,"35,418,217"
الخدمات الرقمية,عام,القطاع العام,خدمة إلكترونية جزئيا,2026/02/26,"35,418,240"
الخدمات الرقمية,عام,القطاع العام,خدمة إلكترونية جزئيا,2026/02/26,"35,418,281"
الخدمات الرقمية,عام,القطاع العام,خدمة إلكترونية جزئيا,2026/02/26,"35,418,287"
الخدمات الرقمية,عام,القطاع العام,خدمة إلكترونية جزئيا,2026/02/26,"35,418,293"
الخدمات الرقمية,عام,القطاع العام,خدمة إلكترونية جزئيا,2026/02/26,"35,418,335"
الخدمات الرقمية,عام,القطاع العام,خدمة إلكترونية جزئيا,2026/02/26,"35,418,340"
الخدمات الرقمية,عام,القطاع العام,خدمة إلكترونية جزئيا,2026/02/26,"35,418,341"
الخدمات الرقمية,عام,القطاع العام,خدمة إلكترونية جزئيا,2026/02/26,"35,418,368"
الخدمات الرقمية,عام,القطاع العام,خدمة إلكترونية جزئيا,2026/02/26,"35,418,412"
الخدمات الرقمية,عام,القطاع العام,خدمة إلكترونية جزئيا,2026/02/26,"35,418,419"
الخدمات الرقمية,عام,القطاع العام,خدمة إلكترونية جزئيا,2026/02/26,"35,418,893"
الخدمات الرقمية,عام,القطاع العام,خدمة إلكترونية جزئيا,2026/02/26,"35,418,895"
الخدمات الرقمية,عام,القطاع العام,خدمة إلكترونية جزئيا,2026/02/26,"35,418,922"
الخدمات الرقمية,عام,القطاع العام,خدمة إلكترونية جزئيا,2026/02/26,"35,418,932"
الخدمات الرقمية,عام,القطاع العام,خدمة إلكترونية جزئيا,2026/02/26,"35,418,955"
الخدمات الرقمية,عام,القطاع العام,خدمة إلكترونية جزئيا,2026/02/26,"35,419,053"
الخدمات الرقمية,عام,القطاع العام,خدمة إلكترونية جزئيا,2026/02/26,"35,419,071"
الخدمات الرقمية,عام,القطاع العام,خدمة إلكترونية جزئيا,2026/02/26,"35,419,074"
الخدمات الرقمية,عام,القطاع العام,خدمة إلكترونية جزئيا,2026/02/26,"35,419,122"
الخدمات الرقمية,عام,القطاع العام,خدمة إلكترونية جزئيا,2026/02/26,"35,419,128"
الخدمات الرقمية,عام,القطاع العام,خدمة إلكترونية جزئيا,2026/02/26,"35,419,240"
الخدمات الرقمية,عام,القطاع العام,خدمة إلكترونية جزئيا,2026/02/26,"35,419,290"
الخدمات الرقمية,عام,القطاع العام,خدمة إلكترونية جزئيا,2026/02/26,"35,419,368"
الخدمات الرقمية,عام,القطاع العام,خدمة إلكترونية جزئيا,2026/02/26,"35,419,445"
الخدمات الرقمية,عام,القطاع العام,خدمة إلكترونية جزئيا,2026/02/26,"35,419,571"
الخدمات الرقمية,عام,القطاع العام,خدمة إلكترونية جزئيا,2026/02/26,"35,419,700"
الخدمات الرقمية,عام,القطاع العام,خدمة إلكترونية جزئيا,2026/02/26,"35,419,744"
الخدمات الرقمية,عام,القطاع العام,خدمة إلكترونية جزئيا,2026/02/26,"35,419,786"
الخدمات الرقمية,عام,القطاع العام,خدمة إلكترونية جزئيا,2026/02/26,"35,419,835"
الخدمات الرقمية,عام,القطاع العام,خدمة إلكترونية جزئيا,2026/02/26,"35,419,836"
الخدمات الرقمية,عام,القطاع العام,خدمة إلكترونية جزئيا,2026/02/26,"35,419,846"
الخدمات الرقمية,عام,القطاع العام,خدمة إلكترونية جزئيا,2026/02/26,"35,419,867"
الخدمات الرقمية,عام,القطاع العام,خدمة إلكترونية جزئيا,2026/02/26,"35,419,871"
الخدمات الرقمية,عام,القطاع العام,خدمة إلكترونية جزئيا,2026/02/26,"35,420,010"
الخدمات الرقمية,عام,القطاع العام,خدمة إلكترونية جزئيا,2026/02/26,"35,420,050"
الخدمات الرقمية,عام,القطاع العام,خدمة إلكترونية جزئيا,2026/02/26,"35,420,075"
الخدمات الرقمية,عام,القطاع العام,خدمة إلكترونية جزئيا,2026/02/26,"35,420,288"
الخدمات الرقمية,عام,القطاع العام,خدمة إلكترونية جزئيا,2026/02/26,"35,420,306"
الخدمات الرقمية,عام,القطاع العام,خدمة إلكترونية جزئيا,2026/02/26,"35,418,425"
الخدمات الرقمية,عام,القطاع العام,خدمة إلكترونية جزئيا,2026/02/26,"35,418,452"
الخدمات الرقمية,عام,القطاع العام,خدمة إلكترونية جزئيا,2026/02/26,"35,418,486"
الخدمات الرقمية,عام,القطاع العام,خدمة إلكترونية جزئيا,2026/02/26,"35,418,571"
الخدمات الرقمية,عام,القطاع العام,خدمة إلكترونية جزئيا,2026/02/26,"35,418,573"
الخدمات الرقمية,عام,القطاع العام,خدمة إلكترونية جزئيا,2026/02/26,"35,418,600"
الخدمات الرقمية,عام,القطاع العام,خدمة إلكترونية جزئيا,2026/02/26,"35,418,666"
الخدمات الرقمية,عام,القطاع العام,خدمة إلكترونية جزئيا,2026/02/26,"35,418,700"
الخدمات الرقمية,عام,القطاع العام,خدمة إلكترونية جزئيا,2026/02/26,"35,418,757"
الخدمات الرقمية,عام,القطاع العام,خدمة إلكترونية جزئيا,2026/02/26,"35,418,780"
الخدمات الرقمية,عام,القطاع العام,خدمة إلكترونية جزئيا,2026/02/26,"35,418,809"
الخدمات الرقمية,عام,القطاع العام,خدمة إلكترونية جزئيا,2026/02/26,"35,418,854"
الخدمات الرقمية,عام,القطاع العام,خدمة إلكترونية جزئيا,2026/02/26,"35,418,860"
الخدمات الرقمية,عام,القطاع العام,خدمة إلكترونية جزئيا,2026/02/26,"35,418,885"
الخدمات الرقمية,عام,القطاع العام,خدمة إلكترونية جزئيا,2026/02/26,"35,418,887"
الخدمات الرقمية,عام,القطاع العام,خدمة إلكترونية جزئيا,2026/02/26,"35,418,927"
الخدمات الرقمية,عام,القطاع العام,خدمة إلكترونية جزئيا,2026/02/26,"35,418,930"
الخدمات الرقمية,عام,القطاع العام,خدمة إلكترونية جزئيا,2026/02/26,"35,418,942"
الخدمات الرقمية,عام,القطاع العام,خدمة إلكترونية جزئيا,2026/02/26,"35,418,995"
الخدمات الرقمية,عام,القطاع العام,خدمة إلكترونية جزئيا,2026/02/26,"35,419,020"
الخدمات الرقمية,عام,القطاع العام,خدمة إلكترونية جزئيا,2026/02/26,"35,419,060"
الخدمات الرقمية,عام,القطاع العام,خدمة إلكترونية جزئيا,2026/02/26,"35,419,089"
الخدمات الرقمية,عام,القطاع العام,خدمة إلكترونية جزئيا,2026/02/26,"35,419,113"
الخدمات الرقمية,عام,القطاع العام,خدمة إلكترونية جزئيا,2026/02/26,"35,419,134"
الخدمات الرقمية,عام,القطاع العام,خدمة إلكترونية جزئيا,2026/02/26,"35,419,159"
الخدمات الرقمية,عام,القطاع العام,خدمة إلكترونية جزئيا,2026/02/26,"35,419,183"
الخدمات الرقمية,عام,القطاع العام,خدمة إلكترونية جزئيا,2026/02/26,"35,418,222"
الخدمات الرقمية,عام,القطاع العام,خدمة إلكترونية جزئيا,2026/02/26,"35,418,275"
الخدمات الرقمية,عام,القطاع العام,خدمة إلكترونية جزئيا,2026/02/26,"35,418,393"
الخدمات الرقمية,عام,القطاع العام,خدمة إلكترونية جزئيا,2026/02/26,"35,418,548"
الخدمات الرقمية,عام,القطاع العام,خدمة إلكترونية جزئيا,2026/02/26,"35,418,587"
الخدمات الرقمية,عام,القطاع العام,خدمة إلكترونية جزئيا,2026/02/26,"35,418,647"
الخدمات الرقمية,عام,القطاع العام,خدمة إلكترونية جزئيا,2026/02/26,"35,418,715"
الخدمات الرقمية,عام,القطاع العام,خدمة إلكترونية جزئيا,2026/02/26,"35,418,727"
الخدمات الرقمية,عام,القطاع العام,خدمة إلكترونية جزئيا,2026/02/26,"35,419,055"
الخدمات الرقمية,عام,القطاع العام,خدمة إلكترونية جزئيا,2026/02/26,"35,419,141"
الخدمات الرقمية,عام,القطاع العام,خدمة إلكترونية جزئيا,2026/02/26,"35,419,192"
الخدمات الرقمية,عام,القطاع العام,خدمة إلكترونية جزئيا,2026/02/26,"35,419,200"
الخدمات الرقمية,عام,القطاع العام,خدمة إلكترونية جزئيا,2026/02/26,"35,419,317"
الخدمات الرقمية,عام,القطاع العام,خدمة إلكترونية جزئيا,2026/02/26,"35,419,350"
الخدمات الرقمية,عام,القطاع العام,خدمة إلكترونية جزئيا,2026/02/26,"35,419,474"
الخدمات الرقمية,عام,القطاع العام,خدمة إلكترونية جزئيا,2026/02/26,"35,419,611"
الخدمات الرقمية,عام,القطاع العام,خدمة إلكترونية جزئيا,2026/02/26,"35,419,613"
الخدمات الرقمية,عام,القطاع العام,خدمة إلكترونية جزئيا,2026/02/26,"35,419,689"
الخدمات الرقمية,عام,القطاع العام,خدمة إلكترونية جزئيا,2026/02/26,"35,419,748"
الخدمات الرقمية,عام,القطاع العام,خدمة إلكترونية جزئيا,2026/02/26,"35,419,764"
الخدمات الرقمية,عام,القطاع العام,خدمة إلكترونية جزئيا,2026/02/26,"35,419,796"
الخدمات الرقمية,عام,القطاع العام,خدمة إلكترونية جزئيا,2026/02/26,"35,419,966"
الخدمات الرقمية,عام,القطاع العام,خدمة إلكترونية جزئيا,2026/02/26,"35,419,999"
الخدمات الرقمية,عام,القطاع العام,خدمة إلكترونية جزئيا,2026/02/26,"35,420,001"
الخدمات الرقمية,عام,القطاع العام,خدمة إلكترونية جزئيا,2026/02/26,"35,420,053"
الخدمات الرقمية,عام,القطاع العام,خدمة إلكترونية جزئيا,2026/02/26,"35,420,170"
الخدمات الرقمية,عام,القطاع العام,خدمة إلكترونية جزئيا,2026/02/26,"35,420,190"
الخدمات الرقمية,عام,القطاع العام,خدمة إلكترونية جزئيا,2026/02/26,"35,419,239"
الخدمات الرقمية,عام,القطاع العام,خدمة إلكترونية جزئيا,2026/02/26,"35,419,249"
الخدمات الرقمية,عام,القطاع العام,خدمة إلكترونية جزئيا,2026/02/26,"35,419,312"
الخدمات الرقمية,عام,القطاع العام,خدمة إلكترونية جزئيا,2026/02/26,"35,419,314"
الخدمات الرقمية,عام,القطاع العام,خدمة إلكترونية جزئيا,2026/02/26,"35,419,353"
الخدمات الرقمية,عام,القطاع العام,خدمة إلكترونية جزئيا,2026/02/26,"35,419,387"
الخدمات الرقمية,عام,القطاع العام,خدمة إلكترونية جزئيا,2026/02/26,"35,419,286"
الخدمات الرقمية,عام,القطاع العام,خدمة إلكترونية جزئيا,2026/02/26,"35,419,300"
الخدمات الرقمية,عام,القطاع العام,خدمة إلكترونية جزئيا,2026/02/26,"35,419,323"
الخدمات الرقمية,عام,القطاع العام,خدمة إلكترونية جزئيا,2026/02/26,"35,419,403"
الخدمات الرقمية,عام,القطاع العام,خدمة إلكترونية جزئيا,2026/02/26,"35,419,503"
الخدمات الرقمية,عام,القطاع العام,خدمة إلكترونية جزئيا,2026/02/26,"35,419,529"
الخدمات الرقمية,عام,القطاع العام,خدمة إلكترونية جزئيا,2026/02/26,"35,419,563"
الخدمات الرقمية,عام,القطاع العام,خدمة إلكترونية جزئيا,2026/02/26,"35,419,691"
الخدمات الرقمية,عام,القطاع العام,خدمة إلكترونية جزئيا,2026/02/26,"35,419,738"
الخدمات الرقمية,عام,القطاع العام,خدمة إلكترونية جزئيا,2026/02/26,"35,419,769"
الخدمات الرقمية,عام,القطاع العام,خدمة إلكترونية جزئيا,2026/02/26,"35,419,774"
الخدمات الرقمية,عام,القطاع العام,خدمة إلكترونية جزئيا,2026/02/26,"35,419,782"
الخدمات الرقمية,عام,القطاع العام,خدمة إلكترونية جزئيا,2026/02/26,"35,419,852"
الخدمات الرقمية,عام,القطاع العام,خدمة إلكترونية جزئيا,2026/02/26,"35,419,861"
الخدمات الرقمية,عام,القطاع العام,خدمة إلكترونية جزئيا,2026/02/26,"35,419,865"
الخدمات الرقمية,عام,القطاع العام,خدمة إلكترونية جزئيا,2026/02/26,"35,419,956"
الخدمات الرقمية,عام,القطاع العام,خدمة إلكترونية جزئيا,2026/02/26,"35,419,410"
الخدمات الرقمية,عام,القطاع العام,خدمة إلكترونية جزئيا,2026/02/26,"35,419,463"
الخدمات الرقمية,عام,القطاع العام,خدمة إلكترونية جزئيا,2026/02/26,"35,419,494"
الخدمات الرقمية,عام,القطاع العام,خدمة إلكترونية جزئيا,2026/02/26,"35,419,516"
الخدمات الرقمية,عام,القطاع العام,خدمة إلكترونية جزئيا,2026/02/26,"35,419,544"
الخدمات الرقمية,عام,القطاع العام,خدمة إلكترونية جزئيا,2026/02/26,"35,419,569"
الخدمات الرقمية,عام,القطاع العام,خدمة إلكترونية جزئيا,2026/02/26,"35,419,593"
الخدمات الرقمية,عام,القطاع العام,خدمة إلكترونية جزئيا,2026/02/26,"35,419,622"
الخدمات الرقمية,عام,القطاع العام,خدمة إلكترونية جزئيا,2026/02/26,"35,419,644"
الخدمات الرقمية,عام,القطاع العام,خدمة إلكترونية جزئيا,2026/02/26,"35,419,646"
الخدمات الرقمية,عام,القطاع العام,خدمة إلكترونية جزئيا,2026/02/26,"35,419,706"
الخدمات الرقمية,عام,القطاع العام,خدمة إلكترونية جزئيا,2026/02/26,"35,419,728"
الخدمات الرقمية,عام,القطاع العام,خدمة إلكترونية جزئيا,2026/02/26,"35,419,789"
الخدمات الرقمية,عام,القطاع العام,خدمة إلكترونية جزئيا,2026/02/26,"35,419,805"
الخدمات الرقمية,عام,القطاع العام,خدمة إلكترونية جزئيا,2026/02/26,"35,419,832"
الخدمات الرقمية,عام,القطاع العام,خدمة إلكترونية جزئيا,2026/02/26,"35,419,875"
الخدمات الرقمية,عام,القطاع العام,خدمة إلكترونية جزئيا,2026/02/26,"35,419,893"
الخدمات الرقمية,عام,القطاع العام,خدمة إلكترونية جزئيا,2026/02/26,"35,419,894"
الخدمات الرقمية,عام,القطاع العام,خدمة إلكترونية جزئيا,2026/02/26,"35,419,929"
الخدمات الرقمية,عام,القطاع العام,خدمة إلكترونية جزئيا,2026/02/26,"35,419,952"
الخدمات الرقمية,عام,القطاع العام,خدمة إلكترونية جزئيا,2026/02/26,"35,419,954"
الخدمات الرقمية,عام,القطاع العام,خدمة إلكترونية جزئيا,2026/02/26,"35,420,022"
الخدمات الرقمية,عام,القطاع العام,خدمة إلكترونية جزئيا,2026/02/26,"35,420,033"
الخدمات الرقمية,عام,القطاع العام,خدمة إلكترونية جزئيا,2026/02/26,"35,419,731"
الخدمات الرقمية,عام,القطاع العام,خدمة إلكترونية جزئيا,2026/02/26,"35,419,750"
الخدمات الرقمية,عام,القطاع العام,خدمة إلكترونية جزئيا,2026/02/26,"35,419,766"
الخدمات الرقمية,عام,القطاع العام,خدمة إلكترونية جزئيا,2026/02/26,"35,419,784"
الخدمات الرقمية,عام,القطاع العام,خدمة إلكترونية جزئيا,2026/02/26,"35,419,826"
الخدمات الرقمية,عام,القطاع العام,خدمة إلكترونية جزئيا,2026/02/26,"35,419,850"
الخدمات الرقمية,عام,القطاع العام,خدمة إلكترونية جزئيا,2026/02/26,"35,419,924"
الخدمات الرقمية,عام,القطاع العام,خدمة إلكترونية جزئيا,2026/02/26,"35,419,968"
الخدمات الرقمية,عام,القطاع العام,خدمة إلكترونية جزئيا,2026/02/26,"35,419,988"
الخدمات الرقمية,عام,القطاع العام,خدمة إلكترونية جزئيا,2026/02/26,"35,420,008"
الخدمات الرقمية,عام,القطاع العام,خدمة إلكترونية جزئيا,2026/02/26,"35,420,237"
الخدمات الرقمية,عام,القطاع العام,خدمة إلكترونية جزئيا,2026/02/26,"35,420,239"
الخدمات الرقمية,عام,القطاع العام,خدمة إلكترونية جزئيا,2026/02/26,"35,420,277"
الخدمات الرقمية,عام,القطاع العام,خدمة إلكترونية جزئيا,2026/02/26,"35,420,353"
الخدمات الرقمية,عام,القطاع العام,خدمة إلكترونية جزئيا,2026/02/26,"35,419,482"
الخدمات الرقمية,عام,القطاع العام,خدمة إلكترونية جزئيا,2026/02/26,"35,419,575"
الخدمات الرقمية,عام,القطاع العام,خدمة إلكترونية جزئيا,2026/02/26,"35,419,624"
الخدمات الرقمية,عام,القطاع العام,خدمة إلكترونية جزئيا,2026/02/26,"35,419,672"
الخدمات الرقمية,عام,القطاع العام,خدمة إلكترونية جزئيا,2026/02/26,"35,419,713"
الخدمات الرقمية,عام,القطاع العام,خدمة إلكترونية جزئيا,2026/02/26,"35,419,741"
الخدمات الرقمية,عام,القطاع العام,خدمة إلكترونية جزئيا,2026/02/26,"35,419,780"
الخدمات الرقمية,عام,القطاع العام,خدمة إلكترونية جزئيا,2026/02/26,"35,419,791"
الخدمات الرقمية,عام,القطاع العام,خدمة إلكترونية جزئيا,2026/02/26,"35,419,822"
الخدمات الرقمية,عام,القطاع العام,خدمة إلكترونية جزئيا,2026/02/26,"35,419,838"
الخدمات الرقمية,عام,القطاع العام,خدمة إلكترونية جزئيا,2026/02/26,"35,419,914"
الخدمات الرقمية,عام,القطاع العام,خدمة إلكترونية جزئيا,2026/02/26,"35,419,931"
الخدمات الرقمية,عام,القطاع العام,خدمة إلكترونية جزئيا,2026/02/26,"35,419,940"
الخدمات الرقمية,عام,القطاع العام,خدمة إلكترونية جزئيا,2026/02/26,"35,419,960"
الخدمات الرقمية,عام,القطاع العام,خدمة إلكترونية جزئيا,2026/02/26,"35,419,963"
الخدمات الرقمية,عام,القطاع العام,خدمة إلكترونية جزئيا,2026/02/26,"35,420,018"
الخدمات الرقمية,عام,القطاع العام,خدمة إلكترونية جزئيا,2026/02/26,"35,420,040"
الخدمات الرقمية,عام,القطاع العام,خدمة إلكترونية جزئيا,2026/02/26,"35,420,042"
الخدمات الرقمية,عام,القطاع العام,خدمة إلكترونية جزئيا,2026/02/26,"35,420,102"
الخدمات الرقمية,عام,القطاع العام,خدمة إلكترونية جزئيا,2026/02/26,"35,420,104"
الخدمات الرقمية,عام,القطاع العام,خدمة إلكترونية جزئيا,2026/02/26,"35,419,477"
الخدمات الرقمية,عام,القطاع العام,خدمة إلكترونية جزئيا,2026/02/26,"35,419,685"
الخدمات الرقمية,عام,القطاع العام,خدمة إلكترونية جزئيا,2026/02/26,"35,419,752"
الخدمات الرقمية,عام,القطاع العام,خدمة إلكترونية جزئيا,2026/02/26,"35,419,757"
الخدمات الرقمية,عام,القطاع العام,خدمة إلكترونية جزئيا,2026/02/26,"35,419,759"
الخدمات الرقمية,عام,القطاع العام,خدمة إلكترونية جزئيا,2026/02/26,"35,419,798"
الخدمات الرقمية,عام,القطاع العام,خدمة إلكترونية جزئيا,2026/02/26,"35,419,854"
الخدمات الرقمية,عام,القطاع العام,خدمة إلكترونية جزئيا,2026/02/26,"35,420,068"
الخدمات الرقمية,عام,القطاع العام,خدمة إلكترونية جزئيا,2026/02/26,"35,420,081"
الخدمات الرقمية,عام,القطاع العام,خدمة إلكترونية جزئيا,2026/02/26,"35,420,181"
الخدمات الرقمية,عام,القطاع العام,خدمة إلكترونية جزئيا,2026/02/26,"35,420,399"
الخدمات الرقمية,عام,القطاع العام,خدمة إلكترونية جزئيا,2026/02/26,"35,420,409"
الخدمات الرقمية,عام,القطاع العام,خدمة إلكترونية جزئيا,2026/02/26,"35,420,281"
الخدمات الرقمية,عام,القطاع العام,خدمة إلكترونية جزئيا,2026/02/26,"35,420,299"
الخدمات الرقمية,عام,القطاع العام,خدمة إلكترونية جزئيا,2026/02/26,"35,420,301"
الخدمات الرقمية,عام,القطاع العام,خدمة إلكترونية جزئيا,2026/02/26,"35,420,397"
الخدمات الرقمية,عام,القطاع العام,خدمة إلكترونية جزئيا,2026/02/26,"35,420,404"
الخدمات الرقمية,عام,القطاع العام,خدمة إلكترونية جزئيا,2026/02/26,"35,419,711"
الخدمات الرقمية,عام,القطاع العام,خدمة إلكترونية جزئيا,2026/02/26,"35,419,778"
الخدمات الرقمية,عام,القطاع العام,خدمة إلكترونية جزئيا,2026/02/26,"35,419,881"
الخدمات الرقمية,عام,القطاع العام,خدمة إلكترونية جزئيا,2026/02/26,"35,419,883"
الخدمات الرقمية,عام,القطاع العام,خدمة إلكترونية جزئيا,2026/02/26,"35,419,912"
الخدمات الرقمية,عام,القطاع العام,خدمة إلكترونية جزئيا,2026/02/26,"35,419,974"
الخدمات الرقمية,عام,القطاع العام,خدمة إلكترونية جزئيا,2026/02/26,"35,419,975"
الخدمات الرقمية,عام,القطاع العام,خدمة إلكترونية جزئيا,2026/02/26,"35,420,012"
الخدمات الرقمية,عام,القطاع العام,خدمة إلكترونية جزئيا,2026/02/26,"35,420,039"
الخدمات الرقمية,عام,القطاع العام,خدمة إلكترونية جزئيا,2026/02/26,"35,420,070"
الخدمات الرقمية,عام,القطاع العام,خدمة إلكترونية جزئيا,2026/02/26,"35,420,079"
الخدمات الرقمية,عام,القطاع العام,خدمة إلكترونية جزئيا,2026/02/26,"35,420,097"
الخدمات الرقمية,عام,القطاع العام,خدمة إلكترونية جزئيا,2026/02/26,"35,420,110"
الخدمات الرقمية,عام,القطاع العام,خدمة إلكترونية جزئيا,2026/02/26,"35,420,117"
الخدمات الرقمية,عام,القطاع العام,خدمة إلكترونية جزئيا,2026/02/26,"35,420,285"
الخدمات الرقمية,عام,القطاع العام,خدمة إلكترونية جزئيا,2026/02/26,"35,420,331"
الخدمات الرقمية,عام,القطاع العام,خدمة إلكترونية جزئيا,2026/02/26,"35,420,343"
الخدمات الرقمية,عام,القطاع العام,خدمة إلكترونية جزئيا,2026/02/26,"35,420,364"
الخدمات الرقمية,عام,القطاع العام,خدمة إلكترونية جزئيا,2026/02/26,"35,419,669"
الخدمات الرقمية,عام,القطاع العام,خدمة إلكترونية جزئيا,2026/02/26,"35,419,683"
الخدمات الرقمية,عام,القطاع العام,خدمة إلكترونية جزئيا,2026/02/26,"35,419,719"
الخدمات الرقمية,عام,القطاع العام,خدمة إلكترونية جزئيا,2026/02/26,"35,419,776"
الخدمات الرقمية,عام,القطاع العام,خدمة إلكترونية جزئيا,2026/02/26,"35,419,828"
الخدمات الرقمية,عام,القطاع العام,خدمة إلكترونية جزئيا,2026/02/26,"35,419,830"
الخدمات الرقمية,عام,القطاع العام,خدمة إلكترونية جزئيا,2026/02/26,"35,419,873"
الخدمات الرقمية,عام,القطاع العام,خدمة إلكترونية جزئيا,2026/02/26,"35,419,887"
الخدمات الرقمية,عام,القطاع العام,خدمة إلكترونية جزئيا,2026/02/26,"35,419,889"
الخدمات الرقمية,عام,القطاع العام,خدمة إلكترونية جزئيا,2026/02/26,"35,419,904"
الخدمات الرقمية,عام,القطاع العام,خدمة إلكترونية جزئيا,2026/02/26,"35,420,037"
الخدمات الرقمية,عام,القطاع العام,خدمة إلكترونية جزئيا,2026/02/26,"35,420,077"
الخدمات الرقمية,عام,القطاع العام,خدمة إلكترونية جزئيا,2026/02/26,"35,420,130"
الخدمات الرقمية,عام,القطاع العام,خدمة إلكترونية جزئيا,2026/02/26,"35,420,253"
الخدمات الرقمية,عام,القطاع العام,خدمة إلكترونية جزئيا,2026/02/26,"35,420,283"
الخدمات الرقمية,عام,القطاع العام,خدمة إلكترونية جزئيا,2026/02/26,"35,420,337"
الخدمات الرقمية,عام,القطاع العام,خدمة إلكترونية جزئيا,2026/02/26,"35,418,365"
الخدمات الرقمية,عام,القطاع العام,خدمة إلكترونية جزئيا,2026/02/26,"35,418,374"
الخدمات الرقمية,عام,القطاع العام,خدمة إلكترونية جزئيا,2026/02/26,"35,418,429"
الخدمات الرقمية,عام,القطاع العام,خدمة إلكترونية جزئيا,2026/02/26,"35,418,514"
الخدمات الرقمية,عام,القطاع العام,خدمة إلكترونية جزئيا,2026/02/26,"35,418,534"
الخدمات الرقمية,عام,القطاع العام,خدمة إلكترونية جزئيا,2026/02/26,"35,418,561"
الخدمات الرقمية,عام,القطاع العام,خدمة إلكترونية جزئيا,2026/02/26,"35,418,563"
الخدمات الرقمية,عام,القطاع العام,خدمة إلكترونية جزئيا,2026/02/26,"35,418,742"
الخدمات الرقمية,عام,القطاع العام,خدمة إلكترونية جزئيا,2026/02/26,"35,418,797"
الخدمات الرقمية,عام,القطاع العام,خدمة إلكترونية جزئيا,2026/02/26,"35,418,824"
الخدمات الرقمية,عام,القطاع العام,خدمة إلكترونية جزئيا,2026/02/26,"35,418,971"
الخدمات الرقمية,عام,القطاع العام,خدمة إلكترونية جزئيا,2026/02/26,"35,419,082"
الخدمات الرقمية,عام,القطاع العام,خدمة إلكترونية جزئيا,2026/02/26,"35,419,093"
الخدمات الرقمية,عام,القطاع العام,خدمة إلكترونية جزئيا,2026/02/26,"35,420,371"
الخدمات الرقمية,عام,القطاع العام,خدمة إلكترونية جزئيا,2026/02/26,"35,420,029"
الخدمات الرقمية,عام,القطاع العام,خدمة إلكترونية جزئيا,2026/02/26,"35,420,203"
الخدمات الرقمية,عام,القطاع العام,خدمة إلكترونية جزئيا,2026/02/26,"35,420,249"
الخدمات الرقمية,عام,القطاع العام,خدمة إلكترونية جزئيا,2026/02/26,"35,420,264"
الخدمات الرقمية,عام,القطاع العام,خدمة إلكترونية جزئيا,2026/02/26,"35,420,266"
الخدمات الرقمية,عام,القطاع العام,خدمة إلكترونية جزئيا,2026/02/26,"35,420,366"
الخدمات الرقمية,عام,القطاع العام,خدمة إلكترونية جزئيا,2026/02/26,"35,420,386"
الخدمات الرقمية,عام,القطاع العام,خدمة إلكترونية جزئيا,2026/02/26,"35,420,392"
الخدمات الرقمية,عام,القطاع العام,خدمة إلكترونية جزئيا,2026/02/26,"35,420,407"
الخدمات الرقمية,عام,القطاع العام,خدمة إلكترونية جزئيا,2026/02/26,"35,420,415"
الخدمات الرقمية,عام,القطاع العام,خدمة إلكترونية جزئيا,2026/02/26,"35,420,232"
الخدمات الرقمية,عام,القطاع العام,خدمة إلكترونية جزئيا,2026/02/26,"35,420,258"
الخدمات الرقمية,عام,القطاع العام,خدمة إلكترونية جزئيا,2026/02/26,"35,417,693"
الخدمات الرقمية,عام,القطاع العام,خدمة إلكترونية جزئيا,2026/02/26,"35,417,703"
الخدمات الرقمية,عام,القطاع العام,خدمة إلكترونية جزئيا,2026/02/26,"35,417,736"
الخدمات الرقمية,عام,القطاع العام,خدمة إلكترونية جزئيا,2026/02/26,"35,418,202"
الخدمات الرقمية,عام,القطاع العام,خدمة إلكترونية جزئيا,2026/02/26,"35,418,253"
الخدمات الرقمية,عام,القطاع العام,خدمة إلكترونية جزئيا,2026/02/26,"35,418,555"
الخدمات الرقمية,عام,القطاع العام,خدمة إلكترونية جزئيا,2026/02/26,"35,418,688"
الخدمات الرقمية,عام,القطاع العام,خدمة إلكترونية جزئيا,2026/02/26,"35,418,862"
الخدمات الرقمية,عام,القطاع العام,خدمة إلكترونية جزئيا,2026/02/26,"35,418,889"
الخدمات الرقمية,عام,القطاع العام,خدمة إلكترونية جزئيا,2026/02/26,"35,418,904"
الخدمات الرقمية,عام,القطاع العام,خدمة إلكترونية جزئيا,2026/02/26,"35,419,793"
الخدمات الرقمية,عام,القطاع العام,خدمة إلكترونية جزئيا,2026/02/26,"35,419,820"
الخدمات الرقمية,عام,القطاع العام,خدمة إلكترونية جزئيا,2026/02/26,"35,419,848"
الخدمات الرقمية,عام,القطاع العام,خدمة إلكترونية جزئيا,2026/02/26,"35,419,938"
الخدمات الرقمية,عام,القطاع العام,خدمة إلكترونية جزئيا,2026/02/26,"35,420,003"
الخدمات الرقمية,عام,القطاع العام,خدمة إلكترونية جزئيا,2026/02/26,"35,420,025"
الخدمات الرقمية,عام,القطاع العام,خدمة إلكترونية جزئيا,2026/02/26,"35,420,073"
الخدمات الرقمية,عام,القطاع العام,خدمة إلكترونية جزئيا,2026/02/26,"35,420,112"
الخدمات الرقمية,عام,القطاع العام,خدمة إلكترونية جزئيا,2026/02/26,"35,420,228"
الخدمات الرقمية,عام,القطاع العام,خدمة إلكترونية جزئيا,2026/02/26,"35,420,274"
الخدمات الرقمية,عام,القطاع العام,خدمة إلكترونية جزئيا,2026/02/26,"35,420,279"
الخدمات الرقمية,عام,القطاع العام,خدمة إلكترونية جزئيا,2026/02/26,"35,420,335"
الخدمات الرقمية,عام,القطاع العام,خدمة إلكترونية جزئيا,2026/02/26,"35,420,356"
الخدمات الرقمية,عام,القطاع العام,خدمة إلكترونية جزئيا,2026/02/26,"35,420,362"
الخدمات الرقمية,عام,القطاع العام,خدمة إلكترونية جزئيا,2026/02/26,"35,420,380"
الخدمات الرقمية,عام,القطاع العام,خدمة إلكترونية جزئيا,2026/02/26,"35,420,413"
الخدمات الرقمية,عام,القطاع العام,خدمة إلكترونية جزئيا,2026/02/26,"35,419,168"
الخدمات الرقمية,عام,القطاع العام,خدمة إلكترونية جزئيا,2026/02/26,"35,419,338"
الخدمات الرقمية,عام,القطاع العام,خدمة إلكترونية جزئيا,2026/02/26,"35,419,348"
الخدمات الرقمية,عام,القطاع العام,خدمة إلكترونية جزئيا,2026/02/26,"35,419,397"
الخدمات الرقمية,عام,القطاع العام,خدمة إلكترونية جزئيا,2026/02/26,"35,419,414"
الخدمات الرقمية,عام,القطاع العام,خدمة إلكترونية جزئيا,2026/02/26,"35,419,466"
الخدمات الرقمية,عام,القطاع العام,خدمة إلكترونية جزئيا,2026/02/26,"35,419,488"
الخدمات الرقمية,عام,القطاع العام,خدمة إلكترونية جزئيا,2026/02/26,"35,419,520"
الخدمات الرقمية,عام,القطاع العام,خدمة إلكترونية جزئيا,2026/02/26,"35,419,577"
الخدمات الرقمية,عام,القطاع العام,خدمة إلكترونية جزئيا,2026/02/26,"35,419,638"
الخدمات الرقمية,عام,القطاع العام,خدمة إلكترونية جزئيا,2026/02/26,"35,419,656"
الخدمات الرقمية,عام,القطاع العام,خدمة إلكترونية جزئيا,2026/02/26,"35,419,716"
الخدمات الرقمية,عام,القطاع العام,خدمة إلكترونية جزئيا,2026/02/26,"35,419,722"
الخدمات الرقمية,عام,القطاع العام,خدمة إلكترونية جزئيا,2026/02/26,"35,419,842"
الخدمات الرقمية,عام,القطاع العام,خدمة إلكترونية جزئيا,2026/02/26,"35,419,985"
الخدمات الرقمية,عام,القطاع العام,خدمة إلكترونية جزئيا,2026/02/26,"35,420,135"
الخدمات الرقمية,عام,القطاع العام,خدمة إلكترونية جزئيا,2026/02/26,"35,420,315"
الخدمات الرقمية,عام,القطاع العام,خدمة إلكترونية جزئيا,2026/02/26,"35,420,323"
الخدمات الرقمية,عام,القطاع العام,خدمة إلكترونية جزئيا,2026/02/26,"35,420,395"
الخدمات الرقمية,عام,القطاع العام,خدمة إلكترونية جزئيا,2026/02/26,"35,419,958"
الخدمات الرقمية,عام,القطاع العام,خدمة إلكترونية جزئيا,2026/02/26,"35,419,971"
الخدمات الرقمية,عام,القطاع العام,خدمة إلكترونية جزئيا,2026/02/26,"35,420,015"
الخدمات الرقمية,عام,القطاع العام,خدمة إلكترونية جزئيا,2026/02/26,"35,420,035"
الخدمات الرقمية,عام,القطاع العام,خدمة إلكترونية جزئيا,2026/02/26,"35,420,066"
الخدمات الرقمية,عام,القطاع العام,خدمة إلكترونية جزئيا,2026/02/26,"35,420,159"
الخدمات الرقمية,عام,القطاع العام,خدمة إلكترونية جزئيا,2026/02/26,"35,420,216"
الخدمات الرقمية,عام,القطاع العام,خدمة إلكترونية جزئيا,2026/02/26,"35,420,224"
الخدمات الرقمية,عام,القطاع العام,خدمة إلكترونية جزئيا,2026/02/26,"35,420,168"
الخدمات الرقمية,عام,القطاع العام,خدمة إلكترونية جزئيا,2026/02/26,"35,420,209"
الخدمات الرقمية,عام,القطاع العام,خدمة إلكترونية جزئيا,2026/02/26,"35,420,214"
الخدمات الرقمية,عام,القطاع العام,خدمة إلكترونية جزئيا,2026/02/26,"35,420,046"
الخدمات الرقمية,عام,القطاع العام,خدمة إلكترونية جزئيا,2026/02/26,"35,420,087"
الخدمات الرقمية,عام,القطاع العام,خدمة إلكترونية جزئيا,2026/02/26,"35,420,089"
الخدمات الرقمية,عام,القطاع العام,خدمة إلكترونية جزئيا,2026/02/26,"35,420,138"
الخدمات الرقمية,عام,القطاع العام,خدمة إلكترونية جزئيا,2026/02/26,"35,420,150"
الخدمات الرقمية,عام,القطاع العام,خدمة إلكترونية جزئيا,2026/02/26,"35,420,157"
الخدمات الرقمية,عام,القطاع العام,خدمة إلكترونية جزئيا,2026/02/26,"35,420,230"
الخدمات الرقمية,عام,القطاع العام,خدمة إلكترونية جزئيا,2026/02/26,"35,420,244"
الخدمات الرقمية,عام,القطاع العام,خدمة إلكترونية جزئيا,2026/02/26,"35,420,256"
الخدمات الرقمية,عام,القطاع العام,خدمة إلكترونية جزئيا,2026/02/26,"35,420,369"
الخدمات الرقمية,عام,القطاع العام,خدمة إلكترونية جزئيا,2026/02/26,"35,420,378"
الخدمات الرقمية,عام,القطاع العام,خدمة إلكترونية جزئيا,2026/02/26,"35,420,411"
الخدمات الرقمية,عام,القطاع العام,خدمة إلكترونية جزئيا,2026/02/26,"35,420,418"
الخدمات الرقمية,عام,القطاع العام,خدمة إلكترونية جزئيا,2026/02/26,"35,420,295"
الخدمات الرقمية,عام,القطاع العام,خدمة إلكترونية جزئيا,2026/02/26,"35,420,327"
الخدمات الرقمية,عام,القطاع العام,خدمة إلكترونية جزئيا,2026/02/26,"35,420,333"
الخدمات الرقمية,عام,القطاع العام,خدمة إلكترونية جزئيا,2026/02/26,"35,420,358"
الخدمات الرقمية,عام,القطاع العام,خدمة إلكترونية جزئيا,2026/02/26,"35,419,151"
الخدمات الرقمية,عام,القطاع العام,خدمة إلكترونية جزئيا,2026/02/26,"35,419,160"
الخدمات الرقمية,عام,القطاع العام,خدمة إلكترونية جزئيا,2026/02/26,"35,419,227"
الخدمات الرقمية,عام,القطاع العام,خدمة إلكترونية جزئيا,2026/02/26,"35,419,246"
الخدمات الرقمية,عام,القطاع العام,خدمة إلكترونية جزئيا,2026/02/26,"35,419,258"
الخدمات الرقمية,عام,القطاع العام,خدمة إلكترونية جزئيا,2026/02/26,"35,419,320"
الخدمات الرقمية,عام,القطاع العام,خدمة إلكترونية جزئيا,2026/02/26,"35,419,513"
الخدمات الرقمية,عام,القطاع العام,خدمة إلكترونية جزئيا,2026/02/26,"35,419,698"
الخدمات الرقمية,عام,القطاع العام,خدمة إلكترونية جزئيا,2026/02/26,"35,419,979"
الخدمات الرقمية,عام,القطاع العام,خدمة إلكترونية جزئيا,2026/02/26,"35,419,980"
الخدمات الرقمية,عام,القطاع العام,خدمة إلكترونية جزئيا,2026/02/26,"35,420,063"
الخدمات الرقمية,عام,القطاع العام,خدمة إلكترونية جزئيا,2026/02/26,"35,420,093"
الخدمات الرقمية,عام,القطاع العام,خدمة إلكترونية جزئيا,2026/02/26,"35,420,125"
الخدمات الرقمية,عام,القطاع العام,خدمة إلكترونية جزئيا,2026/02/26,"35,420,148"
الخدمات الرقمية,عام,القطاع العام,خدمة إلكترونية جزئيا,2026/02/26,"35,420,173"
الخدمات الرقمية,عام,القطاع العام,خدمة إلكترونية جزئيا,2026/02/26,"35,420,312"
الخدمات الرقمية,عام,القطاع العام,خدمة إلكترونية جزئيا,2026/02/26,"35,420,346"
الخدمات الرقمية,عام,القطاع العام,خدمة إلكترونية جزئيا,2026/02/26,"35,420,348"
الخدمات الرقمية,عام,القطاع العام,خدمة إلكترونية جزئيا,2026/02/26,"35,420,384"
الخدمات الرقمية,عام,القطاع العام,خدمة إلكترونية جزئيا,2026/02/26,"35,420,140"
الخدمات الرقمية,عام,القطاع العام,خدمة إلكترونية جزئيا,2026/02/26,"35,420,175"
الخدمات الرقمية,عام,القطاع العام,خدمة إلكترونية جزئيا,2026/02/26,"35,420,200"
الخدمات الرقمية,عام,القطاع العام,خدمة إلكترونية جزئيا,2026/02/26,"35,420,221"
الخدمات الرقمية,عام,القطاع العام,خدمة إلكترونية جزئيا,2026/02/26,"35,420,242"
الخدمات الرقمية,عام,القطاع العام,خدمة إلكترونية جزئيا,2026/02/26,"35,420,271"
الخدمات الرقمية,عام,القطاع العام,خدمة إلكترونية جزئيا,2026/02/26,"35,420,317"
الخدمات الرقمية,عام,القطاع العام,خدمة إلكترونية جزئيا,2026/02/26,"35,420,339"
الخدمات الرقمية,عام,القطاع العام,خدمة إلكترونية جزئيا,2026/02/26,"35,420,341"
الخدمات الرقمية,عام,القطاع العام,خدمة إلكترونية جزئيا,2026/02/26,"35,420,373"
الخدمات الرقمية,عام,القطاع العام,خدمة إلكترونية جزئيا,2026/02/26,"35,420,375"
الخدمات الرقمية,عام,القطاع العام,خدمة إلكترونية جزئيا,2026/02/26,"35,419,251"
الخدمات الرقمية,عام,القطاع العام,خدمة إلكترونية جزئيا,2026/02/26,"35,419,280"
الخدمات الرقمية,عام,القطاع العام,خدمة إلكترونية جزئيا,2026/02/26,"35,419,304"
الخدمات الرقمية,عام,القطاع العام,خدمة إلكترونية جزئيا,2026/02/26,"35,419,332"
الخدمات الرقمية,عام,القطاع العام,خدمة إلكترونية جزئيا,2026/02/26,"35,419,384"
الخدمات الرقمية,عام,القطاع العام,خدمة إلكترونية جزئيا,2026/02/26,"35,419,434"
الخدمات الرقمية,عام,القطاع العام,خدمة إلكترونية جزئيا,2026/02/26,"35,419,438"
الخدمات الرقمية,عام,القطاع العام,خدمة إلكترونية جزئيا,2026/02/26,"35,419,480"
الخدمات الرقمية,عام,القطاع العام,خدمة إلكترونية جزئيا,2026/02/26,"35,419,651"
الخدمات الرقمية,عام,القطاع العام,خدمة إلكترونية جزئيا,2026/02/26,"35,419,659"
الخدمات الرقمية,عام,القطاع العام,خدمة إلكترونية جزئيا,2026/02/26,"35,419,708"
الخدمات الرقمية,عام,القطاع العام,خدمة إلكترونية جزئيا,2026/02/26,"35,419,029"
الخدمات الرقمية,عام,القطاع العام,خدمة إلكترونية جزئيا,2026/02/26,"35,419,031"
الخدمات الرقمية,عام,القطاع العام,خدمة إلكترونية جزئيا,2026/02/26,"35,419,223"
الخدمات الرقمية,عام,القطاع العام,خدمة إلكترونية جزئيا,2026/02/26,"35,419,278"
الخدمات الرقمية,عام,القطاع العام,خدمة إلكترونية جزئيا,2026/02/26,"35,419,330"
الخدمات الرقمية,عام,القطاع العام,خدمة إلكترونية جزئيا,2026/02/26,"35,419,457"
الخدمات الرقمية,عام,القطاع العام,خدمة إلكترونية جزئيا,2026/02/26,"35,419,518"
الخدمات الرقمية,عام,القطاع العام,خدمة إلكترونية جزئيا,2026/02/26,"35,419,617"
الخدمات الرقمية,عام,القطاع العام,خدمة إلكترونية جزئيا,2026/02/26,"35,419,762"
الخدمات الرقمية,عام,القطاع العام,خدمة إلكترونية جزئيا,2026/02/26,"35,419,840"
الخدمات الرقمية,عام,القطاع العام,خدمة إلكترونية جزئيا,2026/02/26,"35,420,044"
الخدمات الرقمية,عام,القطاع العام,خدمة إلكترونية جزئيا,2026/02/26,"35,420,123"
الخدمات الرقمية,عام,القطاع العام,خدمة إلكترونية جزئيا,2026/02/26,"35,420,177"
الخدمات الرقمية,عام,القطاع العام,خدمة إلكترونية جزئيا,2026/02/26,"35,420,226"
الخدمات الرقمية,عام,القطاع العام,خدمة إلكترونية جزئيا,2026/02/26,"35,420,293"
الخدمات الرقمية,عام,القطاع العام,خدمة إلكترونية جزئيا,2026/02/26,"35,419,918"
الخدمات الرقمية,عام,القطاع العام,خدمة إلكترونية جزئيا,2026/02/26,"35,419,920"
الخدمات الرقمية,عام,القطاع العام,خدمة إلكترونية جزئيا,2026/02/26,"35,420,121"
الخدمات الرقمية,عام,القطاع العام,خدمة إلكترونية جزئيا,2026/02/26,"35,420,153"
الخدمات الرقمية,عام,القطاع العام,خدمة إلكترونية جزئيا,2026/02/26,"35,420,197"
الخدمات الرقمية,عام,القطاع العام,خدمة إلكترونية جزئيا,2026/02/26,"35,420,218"
الخدمات الرقمية,عام,القطاع العام,خدمة إلكترونية جزئيا,2026/02/26,"35,420,240"
الخدمات الرقمية,عام,القطاع العام,خدمة إلكترونية جزئيا,2026/02/26,"35,420,246"
الخدمات الرقمية,عام,القطاع العام,خدمة إلكترونية جزئيا,2026/02/26,"35,420,262"
الخدمات الرقمية,عام,القطاع العام,خدمة إلكترونية جزئيا,2026/02/26,"35,420,308"
الخدمات الرقمية,عام,القطاع العام,خدمة إلكترونية جزئيا,2026/02/26,"35,420,388"
الخدمات الرقمية,عام,القطاع العام,خدمة إلكترونية جزئيا,2026/02/26,"35,420,401"
 حائل,حائل,القطاع العام,خدمة إلكترونية جزئيا,2026/02/26,"35,412,542"
 حائل,حائل,القطاع العام,خدمة إلكترونية جزئيا,2026/02/26,"35,412,675"
 حائل,حائل,القطاع العام,خدمة إلكترونية جزئيا,2026/02/26,"35,409,982"
 حائل,حائل,القطاع العام,خدمة إلكترونية جزئيا,2026/02/26,"35,412,571"
 حائل,حائل,القطاع العام,خدمة إلكترونية جزئيا,2026/02/26,"35,412,238"
 حائل,حائل,القطاع العام,خدمة إلكترونية جزئيا,2026/02/26,"35,409,879"
 حائل,حائل,القطاع العام,خدمة إلكترونية جزئيا,2026/02/26,"35,412,421"
 حائل,حائل,القطاع العام,خدمة إلكترونية جزئيا,2026/02/26,"35,412,285"
 حائل,حائل,القطاع العام,خدمة إلكترونية جزئيا,2026/02/26,"35,412,639"
 حائل,حائل,القطاع العام,خدمة إلكترونية جزئيا,2026/02/26,"35,410,065"
 حائل,حائل,القطاع العام,خدمة إلكترونية جزئيا,2026/02/26,"35,412,356"
 حائل,حائل,القطاع العام,خدمة إلكترونية جزئيا,2026/02/26,"35,412,070"
 حائل,حائل,القطاع العام,خدمة إلكترونية جزئيا,2026/02/26,"35,412,183"
 حائل,حائل,القطاع العام,خدمة إلكترونية جزئيا,2026/02/26,"35,409,676"
 حائل,حائل,القطاع العام,خدمة إلكترونية جزئيا,2026/02/26,"35,412,127"
 تبوك,تبوك,القطاع العام,خدمة إلكترونية جزئيا,2026/02/26,"35,415,183"
 تبوك,تبوك,القطاع العام,خدمة إلكترونية جزئيا,2026/02/26,"35,414,964"
 تبوك,تبوك,القطاع العام,خدمة إلكترونية جزئيا,2026/02/26,"35,415,021"
 الرياض,الرياض,القطاع العام,خدمة إلكترونية جزئيا,2026/02/27,"35,436,497"
 الرياض,الرياض,القطاع العام,خدمة إلكترونية جزئيا,2026/02/27,"35,436,107"
 الرياض,الرياض,القطاع العام,خدمة إلكترونية جزئيا,2026/02/27,"35,435,833"
 الرياض,الرياض,القطاع العام,خدمة إلكترونية جزئيا,2026/02/28,"35,450,095"
 الرياض,الرياض,القطاع العام,خدمة إلكترونية جزئيا,2026/02/28,"35,449,875"
 الرياض,الرياض,القطاع العام,خدمة إلكترونية جزئيا,2026/02/28,"35,451,195"
 الرياض,الرياض,القطاع العام,خدمة إلكترونية جزئيا,2026/02/28,"35,450,892"
 الرياض,الرياض,القطاع العام,خدمة إلكترونية جزئيا,2026/02/28,"35,450,898"
 تبوك,تبوك,القطاع العام,خدمة إلكترونية جزئيا,2026/03/01,"35,470,104"
 الرياض,الرياض,القطاع العام,خدمة إلكترونية جزئيا,2026/03/01,"35,467,891"
 الرياض,الرياض,القطاع العام,خدمة إلكترونية جزئيا,2026/03/01,"35,467,887"
 تبوك,تبوك,القطاع العام,خدمة إلكترونية جزئيا,2026/03/01,"35,468,977"
 الرياض,الرياض,القطاع العام,خدمة إلكترونية جزئيا,2026/03/01,"35,468,764"
 الرياض,الرياض,القطاع العام,خدمة إلكترونية جزئيا,2026/03/01,"35,467,894"
 الرياض,الرياض,القطاع العام,خدمة إلكترونية جزئيا,2026/03/01,"35,473,620"
 الرياض,الرياض,القطاع العام,خدمة إلكترونية جزئيا,2026/03/01,"35,480,262"
 الرياض,الرياض,القطاع العام,خدمة إلكترونية جزئيا,2026/03/01,"35,478,994"
 تبوك,تبوك,القطاع العام,خدمة إلكترونية جزئيا,2026/03/01,"35,467,376"
 تبوك,تبوك,القطاع العام,خدمة إلكترونية جزئيا,2026/03/01,"35,466,972"
 تبوك,تبوك,القطاع العام,خدمة إلكترونية جزئيا,2026/03/01,"35,466,986"
 تبوك,تبوك,القطاع العام,خدمة إلكترونية جزئيا,2026/03/01,"35,467,433"
 الرياض,الرياض,القطاع العام,خدمة إلكترونية جزئيا,2026/03/01,"35,471,210"
 الرياض,الرياض,القطاع العام,خدمة إلكترونية جزئيا,2026/03/01,"35,481,607"
 تبوك,تبوك,القطاع العام,خدمة إلكترونية جزئيا,2026/03/01,"35,467,200"
 تبوك,تبوك,القطاع العام,خدمة إلكترونية جزئيا,2026/03/01,"35,466,906"
 تبوك,تبوك,القطاع العام,خدمة إلكترونية جزئيا,2026/03/01,"35,466,993"
 تبوك,تبوك,القطاع العام,خدمة إلكترونية جزئيا,2026/03/01,"35,466,855"
 تبوك,تبوك,القطاع العام,خدمة إلكترونية جزئيا,2026/03/01,"35,468,873"
 الرياض,الرياض,القطاع العام,خدمة إلكترونية جزئيا,2026/03/01,"35,464,163"
 الرياض,الرياض,القطاع العام,خدمة إلكترونية جزئيا,2026/03/01,"35,471,809"
 الرياض,الرياض,القطاع العام,خدمة إلكترونية جزئيا,2026/03/01,"35,468,881"
 الرياض,الرياض,القطاع العام,خدمة إلكترونية جزئيا,2026/03/01,"35,468,596"
 تبوك,تبوك,القطاع العام,خدمة إلكترونية جزئيا,2026/03/01,"35,468,724"
 تبوك,تبوك,القطاع العام,خدمة إلكترونية جزئيا,2026/03/01,"35,468,898"
 تبوك,تبوك,القطاع العام,خدمة إلكترونية جزئيا,2026/03/01,"35,469,001"
 تبوك,تبوك,القطاع العام,خدمة إلكترونية جزئيا,2026/03/02,"35,492,104"
 تبوك,تبوك,القطاع العام,خدمة إلكترونية جزئيا,2026/03/02,"35,492,845"
 تبوك,تبوك,القطاع العام,خدمة إلكترونية جزئيا,2026/03/02,"35,492,668"
 تبوك,تبوك,القطاع العام,خدمة إلكترونية جزئيا,2026/03/02,"35,491,169"
 تبوك,تبوك,القطاع العام,خدمة إلكترونية جزئيا,2026/03/02,"35,491,441"
 الرياض,الرياض,القطاع العام,خدمة إلكترونية جزئيا,2026/03/02,"35,495,075"
 الرياض,الرياض,القطاع العام,خدمة إلكترونية جزئيا,2026/03/02,"35,496,197"
 تبوك,تبوك,القطاع العام,خدمة إلكترونية جزئيا,2026/03/02,"35,492,511"
 تبوك,تبوك,القطاع العام,خدمة إلكترونية جزئيا,2026/03/02,"35,493,016"
 تبوك,تبوك,القطاع العام,خدمة إلكترونية جزئيا,2026/03/02,"35,492,316"
 الرياض,الرياض,القطاع العام,خدمة إلكترونية جزئيا,2026/03/02,"35,500,247"
 الرياض,الرياض,القطاع العام,خدمة إلكترونية جزئيا,2026/03/02,"35,493,356"
 الرياض,الرياض,القطاع العام,خدمة إلكترونية جزئيا,2026/03/02,"35,493,475"
 الرياض,الرياض,القطاع العام,خدمة إلكترونية جزئيا,2026/03/02,"35,493,998"
 الرياض,الرياض,القطاع العام,خدمة إلكترونية جزئيا,2026/03/02,"35,492,178"
 الرياض,الرياض,القطاع العام,خدمة إلكترونية جزئيا,2026/03/02,"35,492,331"
 تبوك,تبوك,القطاع العام,خدمة إلكترونية جزئيا,2026/03/02,"35,491,492"
 تبوك,تبوك,القطاع العام,خدمة إلكترونية جزئيا,2026/03/02,"35,491,413"
 الرياض,الرياض,القطاع العام,خدمة إلكترونية جزئيا,2026/03/02,"35,488,300"
 الرياض,الرياض,القطاع العام,خدمة إلكترونية جزئيا,2026/03/02,"35,488,399"
 الرياض,الرياض,القطاع العام,خدمة إلكترونية جزئيا,2026/03/02,"35,485,138"
 الرياض,الرياض,القطاع العام,خدمة إلكترونية جزئيا,2026/03/02,"35,485,168"
 الرياض,الرياض,القطاع العام,خدمة إلكترونية جزئيا,2026/03/02,"35,485,122"
 الرياض,الرياض,القطاع العام,خدمة إلكترونية جزئيا,2026/03/02,"35,488,189"
 الرياض,الرياض,القطاع العام,خدمة إلكترونية جزئيا,2026/03/02,"35,485,037"
 تبوك,تبوك,القطاع العام,خدمة إلكترونية جزئيا,2026/03/03,"35,516,534"
 تبوك,تبوك,القطاع العام,خدمة إلكترونية جزئيا,2026/03/03,"35,516,279"
 تبوك,تبوك,القطاع العام,خدمة إلكترونية جزئيا,2026/03/03,"35,517,355"
 الرياض,الرياض,القطاع العام,خدمة إلكترونية جزئيا,2026/03/03,"35,517,992"
 تبوك,تبوك,القطاع العام,خدمة إلكترونية جزئيا,2026/03/03,"35,516,459"
 الحدود الشمالية,عرعر,القطاع العام,خدمة إلكترونية جزئيا,2026/03/03,"35,517,146"
 الرياض,الرياض,القطاع العام,خدمة إلكترونية جزئيا,2026/03/03,"35,519,492"
 الرياض,الرياض,القطاع العام,خدمة إلكترونية جزئيا,2026/03/03,"35,519,436"
 الرياض,الرياض,القطاع العام,خدمة إلكترونية جزئيا,2026/03/03,"35,520,342"
 الرياض,الرياض,القطاع العام,خدمة إلكترونية جزئيا,2026/03/03,"35,524,220"
 تبوك,تبوك,القطاع العام,خدمة إلكترونية جزئيا,2026/03/03,"35,510,138"
 تبوك,تبوك,القطاع العام,خدمة إلكترونية جزئيا,2026/03/03,"35,510,427"
 تبوك,تبوك,القطاع العام,خدمة إلكترونية جزئيا,2026/03/03,"35,510,090"
 الرياض,الرياض,القطاع العام,خدمة إلكترونية جزئيا,2026/03/03,"35,519,440"
 المدينة المنوره,المدينة المنورة,القطاع العام,خدمة إلكترونية جزئيا,2026/03/03,"35,515,463"
 الرياض,الرياض,القطاع العام,خدمة إلكترونية جزئيا,2026/03/03,"35,517,291"
 الرياض,الرياض,القطاع العام,خدمة إلكترونية جزئيا,2026/03/03,"35,525,900"
 تبوك,تبوك,القطاع العام,خدمة إلكترونية جزئيا,2026/03/03,"35,510,305"
 تبوك,تبوك,القطاع العام,خدمة إلكترونية جزئيا,2026/03/03,"35,510,025"
 تبوك,تبوك,القطاع العام,خدمة إلكترونية جزئيا,2026/03/03,"35,510,164"
 تبوك,تبوك,القطاع العام,خدمة إلكترونية جزئيا,2026/03/03,"35,515,424"
 تبوك,تبوك,القطاع العام,خدمة إلكترونية جزئيا,2026/03/03,"35,515,420"
 الرياض,الرياض,القطاع العام,خدمة إلكترونية جزئيا,2026/03/03,"35,511,878"
 الرياض,الرياض,القطاع العام,خدمة إلكترونية جزئيا,2026/03/03,"35,506,378"
 الرياض,الرياض,القطاع العام,خدمة إلكترونية جزئيا,2026/03/03,"35,506,491"
 الرياض,الرياض,القطاع العام,خدمة إلكترونية جزئيا,2026/03/03,"35,506,563"
 الرياض,الرياض,القطاع العام,خدمة إلكترونية جزئيا,2026/03/03,"35,506,907"
 الرياض,الرياض,القطاع العام,خدمة إلكترونية جزئيا,2026/03/03,"35,516,910"
 الرياض,الرياض,القطاع العام,خدمة إلكترونية جزئيا,2026/03/03,"35,514,253"
 الرياض,الرياض,القطاع العام,خدمة إلكترونية جزئيا,2026/03/03,"35,511,975"
 الرياض,الرياض,القطاع العام,خدمة إلكترونية جزئيا,2026/03/03,"35,511,181"
 الرياض,الرياض,القطاع العام,خدمة إلكترونية جزئيا,2026/03/03,"35,503,398"
 الرياض,الرياض,القطاع العام,خدمة إلكترونية جزئيا,2026/03/03,"35,506,830"
 الرياض,الرياض,القطاع العام,خدمة إلكترونية جزئيا,2026/03/03,"35,516,667"
 الرياض,الرياض,القطاع العام,خدمة إلكترونية جزئيا,2026/03/03,"35,506,252"
 الرياض,الرياض,القطاع العام,خدمة إلكترونية جزئيا,2026/03/03,"35,506,104"
 الرياض,الرياض,القطاع العام,خدمة إلكترونية جزئيا,2026/03/03,"35,515,810"
 تبوك,تبوك,القطاع العام,خدمة إلكترونية جزئيا,2026/03/04,"35,537,151"
 تبوك,تبوك,القطاع العام,خدمة إلكترونية جزئيا,2026/03/04,"35,537,043"
 تبوك,تبوك,القطاع العام,خدمة إلكترونية جزئيا,2026/03/04,"35,537,180"
 الرياض,الرياض,القطاع العام,خدمة إلكترونية جزئيا,2026/03/04,"35,544,116"
 تبوك,تبوك,القطاع العام,خدمة إلكترونية جزئيا,2026/03/04,"35,536,850"
 تبوك,تبوك,القطاع العام,خدمة إلكترونية جزئيا,2026/03/04,"35,542,893"
 تبوك,تبوك,القطاع العام,خدمة إلكترونية جزئيا,2026/03/04,"35,534,197"
 تبوك,تبوك,القطاع العام,خدمة إلكترونية جزئيا,2026/03/04,"35,533,503"
 تبوك,تبوك,القطاع العام,خدمة إلكترونية جزئيا,2026/03/04,"35,533,519"
 تبوك,تبوك,القطاع العام,خدمة إلكترونية جزئيا,2026/03/04,"35,534,899"
 تبوك,تبوك,القطاع العام,خدمة إلكترونية جزئيا,2026/03/04,"35,535,004"
 تبوك,تبوك,القطاع العام,خدمة إلكترونية جزئيا,2026/03/04,"35,535,691"
 تبوك,تبوك,القطاع العام,خدمة إلكترونية جزئيا,2026/03/04,"35,535,098"
 تبوك,تبوك,القطاع العام,خدمة إلكترونية جزئيا,2026/03/04,"35,534,559"
 تبوك,تبوك,القطاع العام,خدمة إلكترونية جزئيا,2026/03/04,"35,536,646"
 تبوك,تبوك,القطاع العام,خدمة إلكترونية جزئيا,2026/03/04,"35,535,463"
 تبوك,تبوك,القطاع العام,خدمة إلكترونية جزئيا,2026/03/04,"35,535,207"
 تبوك,تبوك,القطاع العام,خدمة إلكترونية جزئيا,2026/03/04,"35,534,972"
 تبوك,تبوك,القطاع العام,خدمة إلكترونية جزئيا,2026/03/04,"35,534,867"
 تبوك,تبوك,القطاع العام,خدمة إلكترونية جزئيا,2026/03/04,"35,534,678"
 تبوك,تبوك,القطاع العام,خدمة إلكترونية جزئيا,2026/03/04,"35,536,227"
 تبوك,تبوك,القطاع العام,خدمة إلكترونية جزئيا,2026/03/04,"35,537,275"
 تبوك,تبوك,القطاع العام,خدمة إلكترونية جزئيا,2026/03/04,"35,534,213"
 تبوك,تبوك,القطاع العام,خدمة إلكترونية جزئيا,2026/03/04,"35,533,954"
 تبوك,تبوك,القطاع العام,خدمة إلكترونية جزئيا,2026/03/04,"35,533,618"
 تبوك,تبوك,القطاع العام,خدمة إلكترونية جزئيا,2026/03/04,"35,536,905"
 الرياض,الرياض,القطاع العام,خدمة إلكترونية جزئيا,2026/03/04,"35,530,370"
 الرياض,الرياض,القطاع العام,خدمة إلكترونية جزئيا,2026/03/04,"35,530,439"
 الرياض,الرياض,القطاع العام,خدمة إلكترونية جزئيا,2026/03/04,"35,530,538"
 الرياض,الرياض,القطاع العام,خدمة إلكترونية جزئيا,2026/03/04,"35,530,482"
 تبوك,تبوك,القطاع العام,خدمة إلكترونية جزئيا,2026/03/04,"35,536,813"
 الرياض,الرياض,القطاع العام,خدمة إلكترونية جزئيا,2026/03/04,"35,530,192"
 تبوك,تبوك,القطاع العام,خدمة إلكترونية جزئيا,2026/03/04,"35,534,571"
 الرياض,الرياض,القطاع العام,خدمة إلكترونية جزئيا,2026/03/04,"35,529,555"
 الرياض,الرياض,القطاع العام,خدمة إلكترونية جزئيا,2026/03/04,"35,541,367"
 الرياض,الرياض,القطاع العام,خدمة إلكترونية جزئيا,2026/03/04,"35,539,282"
 تبوك,تبوك,القطاع العام,خدمة إلكترونية جزئيا,2026/03/05,"35,564,089"
 تبوك,تبوك,القطاع العام,خدمة إلكترونية جزئيا,2026/03/05,"35,561,104"
 تبوك,تبوك,القطاع العام,خدمة إلكترونية جزئيا,2026/03/05,"35,567,134"
 تبوك,تبوك,القطاع العام,خدمة إلكترونية جزئيا,2026/03/05,"35,566,645"
 تبوك,تبوك,القطاع العام,خدمة إلكترونية جزئيا,2026/03/05,"35,562,988"
 تبوك,تبوك,القطاع العام,خدمة إلكترونية جزئيا,2026/03/05,"35,562,691"
 تبوك,تبوك,القطاع العام,خدمة إلكترونية جزئيا,2026/03/05,"35,562,682"
 تبوك,تبوك,القطاع العام,خدمة إلكترونية جزئيا,2026/03/05,"35,563,470"
 تبوك,تبوك,القطاع العام,خدمة إلكترونية جزئيا,2026/03/05,"35,560,122"
 تبوك,تبوك,القطاع العام,خدمة إلكترونية جزئيا,2026/03/05,"35,560,339"
 تبوك,تبوك,القطاع العام,خدمة إلكترونية جزئيا,2026/03/05,"35,560,029"
 تبوك,تبوك,القطاع العام,خدمة إلكترونية جزئيا,2026/03/05,"35,563,658"
 تبوك,تبوك,القطاع العام,خدمة إلكترونية جزئيا,2026/03/05,"35,561,585"
 تبوك,تبوك,القطاع العام,خدمة إلكترونية جزئيا,2026/03/05,"35,564,409"
 تبوك,تبوك,القطاع العام,خدمة إلكترونية جزئيا,2026/03/05,"35,563,056"
 تبوك,تبوك,القطاع العام,خدمة إلكترونية جزئيا,2026/03/05,"35,563,725"
 تبوك,تبوك,القطاع العام,خدمة إلكترونية جزئيا,2026/03/05,"35,562,894"
 تبوك,تبوك,القطاع العام,خدمة إلكترونية جزئيا,2026/03/05,"35,564,001"
 الرياض,الرياض,القطاع العام,خدمة إلكترونية جزئيا,2026/03/05,"35,565,208"
 الرياض,الرياض,القطاع العام,خدمة إلكترونية جزئيا,2026/03/05,"35,564,916"
 تبوك,تبوك,القطاع العام,خدمة إلكترونية جزئيا,2026/03/05,"35,561,658"
 تبوك,تبوك,القطاع العام,خدمة إلكترونية جزئيا,2026/03/05,"35,561,399"
 تبوك,تبوك,القطاع العام,خدمة إلكترونية جزئيا,2026/03/05,"35,567,356"
 تبوك,تبوك,القطاع العام,خدمة إلكترونية جزئيا,2026/03/05,"35,566,029"
 تبوك,تبوك,القطاع العام,خدمة إلكترونية جزئيا,2026/03/05,"35,566,333"
 الرياض,الرياض,القطاع العام,خدمة إلكترونية جزئيا,2026/03/05,"35,564,497"
 الرياض,الرياض,القطاع العام,خدمة إلكترونية جزئيا,2026/03/05,"35,564,411"
 الرياض,الرياض,القطاع العام,خدمة إلكترونية جزئيا,2026/03/05,"35,567,103"
 تبوك,تبوك,القطاع العام,خدمة إلكترونية جزئيا,2026/03/05,"35,560,206"
 تبوك,تبوك,القطاع العام,خدمة إلكترونية جزئيا,2026/03/05,"35,560,230"
 الرياض,الرياض,القطاع العام,خدمة إلكترونية جزئيا,2026/03/05,"35,564,154"
 الرياض,الرياض,القطاع العام,خدمة إلكترونية جزئيا,2026/03/05,"35,563,318"
 تبوك,تبوك,القطاع العام,خدمة إلكترونية جزئيا,2026/03/05,"35,561,883"
 تبوك,تبوك,القطاع العام,خدمة إلكترونية جزئيا,2026/03/05,"35,561,579"
 تبوك,تبوك,القطاع العام,خدمة إلكترونية جزئيا,2026/03/05,"35,561,506"
 الرياض,الرياض,القطاع العام,خدمة إلكترونية جزئيا,2026/03/05,"35,562,257"
 الرياض,الرياض,القطاع العام,خدمة إلكترونية جزئيا,2026/03/05,"35,560,292"
 الرياض,الرياض,القطاع العام,خدمة إلكترونية جزئيا,2026/03/05,"35,567,686"
 الرياض,الرياض,القطاع العام,خدمة إلكترونية جزئيا,2026/03/05,"35,567,761"
 الرياض,الرياض,القطاع العام,خدمة إلكترونية جزئيا,2026/03/05,"35,565,724"
 الرياض,الرياض,القطاع العام,خدمة إلكترونية جزئيا,2026/03/05,"35,564,842"
 الرياض,الرياض,القطاع العام,خدمة إلكترونية جزئيا,2026/03/05,"35,565,901"
 الرياض,الرياض,القطاع العام,خدمة إلكترونية جزئيا,2026/03/06,"35,578,923"
 الرياض,الرياض,القطاع العام,خدمة إلكترونية جزئيا,2026/03/06,"35,585,851"
 الرياض,الرياض,القطاع العام,خدمة إلكترونية جزئيا,2026/03/07,"35,587,165"
 الرياض,الرياض,القطاع العام,خدمة إلكترونية جزئيا,2026/03/07,"35,587,077"
 الرياض,الرياض,القطاع العام,خدمة إلكترونية جزئيا,2026/03/07,"35,588,045"
 تبوك,تبوك,القطاع العام,خدمة إلكترونية جزئيا,2026/03/08,"35,602,444"
 تبوك,تبوك,القطاع العام,خدمة إلكترونية جزئيا,2026/03/08,"35,606,207"
 تبوك,تبوك,القطاع العام,خدمة إلكترونية جزئيا,2026/03/08,"35,605,692"
 تبوك,تبوك,القطاع العام,خدمة إلكترونية جزئيا,2026/03/08,"35,605,370"
 تبوك,تبوك,القطاع العام,خدمة إلكترونية جزئيا,2026/03/08,"35,605,476"
 الرياض,الرياض,القطاع العام,خدمة إلكترونية جزئيا,2026/03/08,"35,596,789"
 تبوك,تبوك,القطاع العام,خدمة إلكترونية جزئيا,2026/03/08,"35,604,300"
 تبوك,تبوك,القطاع العام,خدمة إلكترونية جزئيا,2026/03/08,"35,604,481"
 تبوك,تبوك,القطاع العام,خدمة إلكترونية جزئيا,2026/03/08,"35,602,784"
 تبوك,تبوك,القطاع العام,خدمة إلكترونية جزئيا,2026/03/08,"35,602,038"
 تبوك,تبوك,القطاع العام,خدمة إلكترونية جزئيا,2026/03/08,"35,599,750"
 تبوك,تبوك,القطاع العام,خدمة إلكترونية جزئيا,2026/03/08,"35,599,628"
 تبوك,تبوك,القطاع العام,خدمة إلكترونية جزئيا,2026/03/08,"35,599,825"
 حائل,حائل,القطاع العام,خدمة إلكترونية جزئيا,2026/03/08,"35,612,180"
 حائل,حائل,القطاع العام,خدمة إلكترونية جزئيا,2026/03/08,"35,612,003"
 حائل,حائل,القطاع العام,خدمة إلكترونية جزئيا,2026/03/08,"35,611,254"
 الرياض,الرياض,القطاع العام,خدمة إلكترونية جزئيا,2026/03/08,"35,602,027"
 الرياض,الرياض,القطاع العام,خدمة إلكترونية جزئيا,2026/03/08,"35,607,912"
 الرياض,الرياض,القطاع العام,خدمة إلكترونية جزئيا,2026/03/08,"35,608,159"
 الرياض,الرياض,القطاع العام,خدمة إلكترونية جزئيا,2026/03/08,"35,612,177"
 الرياض,الرياض,القطاع العام,خدمة إلكترونية جزئيا,2026/03/08,"35,611,705"
 الرياض,الرياض,القطاع العام,خدمة إلكترونية جزئيا,2026/03/08,"35,612,462"
 الرياض,الرياض,القطاع العام,خدمة إلكترونية جزئيا,2026/03/08,"35,611,548"
 الرياض,الرياض,القطاع العام,خدمة إلكترونية جزئيا,2026/03/08,"35,608,404"
 الرياض,الرياض,القطاع العام,خدمة إلكترونية جزئيا,2026/03/08,"35,600,605"
 تبوك,تبوك,القطاع العام,خدمة إلكترونية جزئيا,2026/03/08,"35,599,566"
 تبوك,تبوك,القطاع العام,خدمة إلكترونية جزئيا,2026/03/08,"35,599,691"
 تبوك,تبوك,القطاع العام,خدمة إلكترونية جزئيا,2026/03/08,"35,599,927"
 تبوك,تبوك,القطاع العام,خدمة إلكترونية جزئيا,2026/03/08,"35,599,860"
 تبوك,تبوك,القطاع العام,خدمة إلكترونية جزئيا,2026/03/08,"35,599,697"
 الرياض,الرياض,القطاع العام,خدمة إلكترونية جزئيا,2026/03/08,"35,605,080"
 الرياض,الرياض,القطاع العام,خدمة إلكترونية جزئيا,2026/03/08,"35,605,265"
 الرياض,الرياض,القطاع العام,خدمة إلكترونية جزئيا,2026/03/08,"35,596,739"
 تبوك,تبوك,القطاع العام,خدمة إلكترونية جزئيا,2026/03/08,"35,605,817"
 تبوك,تبوك,القطاع العام,خدمة إلكترونية جزئيا,2026/03/08,"35,605,647"
 الرياض,الرياض,القطاع العام,خدمة إلكترونية جزئيا,2026/03/08,"35,596,866"
 الرياض,الرياض,القطاع العام,خدمة إلكترونية جزئيا,2026/03/08,"35,597,785"
 الرياض,الرياض,القطاع العام,خدمة إلكترونية جزئيا,2026/03/08,"35,597,490"
 الرياض,الرياض,القطاع العام,خدمة إلكترونية جزئيا,2026/03/08,"35,596,644"
 الرياض,الرياض,القطاع العام,خدمة إلكترونية جزئيا,2026/03/08,"35,597,043"
 الرياض,الرياض,القطاع العام,خدمة إلكترونية جزئيا,2026/03/08,"35,598,468"
 الرياض,الرياض,القطاع العام,خدمة إلكترونية جزئيا,2026/03/08,"35,600,174"
 الرياض,الرياض,القطاع العام,خدمة إلكترونية جزئيا,2026/03/08,"35,601,752"
 الرياض,الرياض,القطاع العام,خدمة إلكترونية جزئيا,2026/03/08,"35,602,433"
 تبوك,تبوك,القطاع العام,خدمة إلكترونية جزئيا,2026/03/09,"35,620,302"
 تبوك,تبوك,القطاع العام,خدمة إلكترونية جزئيا,2026/03/09,"35,618,713"
 تبوك,تبوك,القطاع العام,خدمة إلكترونية جزئيا,2026/03/09,"35,621,399"
 الرياض,الرياض,القطاع العام,خدمة إلكترونية جزئيا,2026/03/09,"35,622,198"
 الرياض,الرياض,القطاع العام,خدمة إلكترونية جزئيا,2026/03/09,"35,621,989"
 الرياض,الرياض,القطاع العام,خدمة إلكترونية جزئيا,2026/03/09,"35,622,342"
 الرياض,الرياض,القطاع العام,خدمة إلكترونية جزئيا,2026/03/09,"35,623,865"
 الرياض,الرياض,القطاع العام,خدمة إلكترونية جزئيا,2026/03/09,"35,623,661"
 الرياض,الرياض,القطاع العام,خدمة إلكترونية جزئيا,2026/03/09,"35,623,377"
 الرياض,الرياض,القطاع العام,خدمة إلكترونية جزئيا,2026/03/09,"35,623,095"
 الرياض,الرياض,القطاع العام,خدمة إلكترونية جزئيا,2026/03/09,"35,624,851"
 الرياض,الرياض,القطاع العام,خدمة إلكترونية جزئيا,2026/03/09,"35,623,293"
 الرياض,الرياض,القطاع العام,خدمة إلكترونية جزئيا,2026/03/09,"35,624,238"
 الرياض,الرياض,القطاع العام,خدمة إلكترونية جزئيا,2026/03/09,"35,624,345"
 الرياض,الرياض,القطاع العام,خدمة إلكترونية جزئيا,2026/03/09,"35,622,625"
 الرياض,الرياض,القطاع العام,خدمة إلكترونية جزئيا,2026/03/09,"35,624,427"
 الرياض,الرياض,القطاع العام,خدمة إلكترونية جزئيا,2026/03/09,"35,623,803"
 الرياض,الرياض,القطاع العام,خدمة إلكترونية جزئيا,2026/03/09,"35,623,537"
 الرياض,الرياض,القطاع العام,خدمة إلكترونية جزئيا,2026/03/09,"35,624,474"
 الرياض,الرياض,القطاع العام,خدمة إلكترونية جزئيا,2026/03/09,"35,622,711"
 الرياض,الرياض,القطاع العام,خدمة إلكترونية جزئيا,2026/03/09,"35,624,589"
 الرياض,الرياض,القطاع العام,خدمة إلكترونية جزئيا,2026/03/09,"35,622,531"
 الرياض,الرياض,القطاع العام,خدمة إلكترونية جزئيا,2026/03/09,"35,624,535"
 الرياض,الرياض,القطاع العام,خدمة إلكترونية جزئيا,2026/03/09,"35,624,963"
 الرياض,الرياض,القطاع العام,خدمة إلكترونية جزئيا,2026/03/09,"35,623,919"
 الرياض,الرياض,القطاع العام,خدمة إلكترونية جزئيا,2026/03/09,"35,624,108"
 الرياض,الرياض,القطاع العام,خدمة إلكترونية جزئيا,2026/03/09,"35,623,486"
 الرياض,الرياض,القطاع العام,خدمة إلكترونية جزئيا,2026/03/09,"35,624,735"
 الرياض,الرياض,القطاع العام,خدمة إلكترونية جزئيا,2026/03/09,"35,620,470"
 الرياض,الرياض,القطاع العام,خدمة إلكترونية جزئيا,2026/03/09,"35,620,342"
 الرياض,الرياض,القطاع العام,خدمة إلكترونية جزئيا,2026/03/09,"35,621,639"
 الرياض,الرياض,القطاع العام,خدمة إلكترونية جزئيا,2026/03/09,"35,621,146"
 الرياض,الرياض,القطاع العام,خدمة إلكترونية جزئيا,2026/03/09,"35,621,820"
 الرياض,الرياض,القطاع العام,خدمة إلكترونية جزئيا,2026/03/09,"35,621,556"
 الرياض,الرياض,القطاع العام,خدمة إلكترونية جزئيا,2026/03/09,"35,620,446"
 الرياض,الرياض,القطاع العام,خدمة إلكترونية جزئيا,2026/03/09,"35,621,204"
 الرياض,الرياض,القطاع العام,خدمة إلكترونية جزئيا,2026/03/09,"35,620,144"
 تبوك,تبوك,القطاع العام,خدمة إلكترونية جزئيا,2026/03/09,"35,617,263"
 تبوك,تبوك,القطاع العام,خدمة إلكترونية جزئيا,2026/03/09,"35,617,269"
 تبوك,تبوك,القطاع العام,خدمة إلكترونية جزئيا,2026/03/09,"35,617,137"
 تبوك,تبوك,القطاع العام,خدمة إلكترونية جزئيا,2026/03/09,"35,617,143"
 تبوك,تبوك,القطاع العام,خدمة إلكترونية جزئيا,2026/03/09,"35,621,401"
 الرياض,الرياض,القطاع العام,خدمة إلكترونية جزئيا,2026/03/09,"35,625,392"
 الرياض,الرياض,القطاع العام,خدمة إلكترونية جزئيا,2026/03/09,"35,613,839"
 الرياض,الرياض,القطاع العام,خدمة إلكترونية جزئيا,2026/03/09,"35,613,965"
 الرياض,الرياض,القطاع العام,خدمة إلكترونية جزئيا,2026/03/09,"35,614,376"
 الرياض,الرياض,القطاع العام,خدمة إلكترونية جزئيا,2026/03/09,"35,627,493"
 الرياض,الرياض,القطاع العام,خدمة إلكترونية جزئيا,2026/03/09,"35,614,238"
 الرياض,الرياض,القطاع العام,خدمة إلكترونية جزئيا,2026/03/09,"35,619,699"
 الرياض,الرياض,القطاع العام,خدمة إلكترونية جزئيا,2026/03/09,"35,622,695"
 الرياض,الرياض,القطاع العام,خدمة إلكترونية جزئيا,2026/03/09,"35,623,749"
 الرياض,الرياض,القطاع العام,خدمة إلكترونية جزئيا,2026/03/09,"35,624,488"
 الرياض,الرياض,القطاع العام,خدمة إلكترونية جزئيا,2026/03/09,"35,620,256"
 الرياض,الرياض,القطاع العام,خدمة إلكترونية جزئيا,2026/03/09,"35,619,929"
 الرياض,الرياض,القطاع العام,خدمة إلكترونية جزئيا,2026/03/09,"35,620,099"
 الرياض,الرياض,القطاع العام,خدمة إلكترونية جزئيا,2026/03/09,"35,621,293"
 الرياض,الرياض,القطاع العام,خدمة إلكترونية جزئيا,2026/03/09,"35,620,085"
 الرياض,الرياض,القطاع العام,خدمة إلكترونية جزئيا,2026/03/09,"35,620,542"
 الرياض,الرياض,القطاع العام,خدمة إلكترونية جزئيا,2026/03/09,"35,621,911"
 الرياض,الرياض,القطاع العام,خدمة إلكترونية جزئيا,2026/03/09,"35,619,991"
 الرياض,الرياض,القطاع العام,خدمة إلكترونية جزئيا,2026/03/09,"35,620,193"
 تبوك,تبوك,القطاع العام,خدمة إلكترونية جزئيا,2026/03/09,"35,617,187"
 تبوك,تبوك,القطاع العام,خدمة إلكترونية جزئيا,2026/03/09,"35,617,552"
 تبوك,تبوك,القطاع العام,خدمة إلكترونية جزئيا,2026/03/09,"35,617,222"
 تبوك,تبوك,القطاع العام,خدمة إلكترونية جزئيا,2026/03/09,"35,617,420"
 الرياض,الرياض,القطاع العام,خدمة إلكترونية جزئيا,2026/03/09,"35,620,132"
 الرياض,الرياض,القطاع العام,خدمة إلكترونية جزئيا,2026/03/09,"35,619,560"
 الرياض,الرياض,القطاع العام,خدمة إلكترونية جزئيا,2026/03/09,"35,623,180"
 الرياض,الرياض,القطاع العام,خدمة إلكترونية جزئيا,2026/03/09,"35,619,130"
 الرياض,الرياض,القطاع العام,خدمة إلكترونية جزئيا,2026/03/09,"35,621,590"
 الرياض,الرياض,القطاع العام,خدمة إلكترونية جزئيا,2026/03/09,"35,622,131"
 الرياض,الرياض,القطاع العام,خدمة إلكترونية جزئيا,2026/03/09,"35,620,244"
 الرياض,الرياض,القطاع العام,خدمة إلكترونية جزئيا,2026/03/09,"35,620,469"
 تبوك,تبوك,القطاع العام,خدمة إلكترونية جزئيا,2026/03/10,"35,640,499"
 تبوك,تبوك,القطاع العام,خدمة إلكترونية جزئيا,2026/03/10,"35,640,375"
 الرياض,الرياض,القطاع العام,خدمة إلكترونية جزئيا,2026/03/10,"35,638,423"
 الرياض,الرياض,القطاع العام,خدمة إلكترونية جزئيا,2026/03/10,"35,642,705"
 تبوك,تبوك,القطاع العام,خدمة إلكترونية جزئيا,2026/03/10,"35,639,421"
 تبوك,تبوك,القطاع العام,خدمة إلكترونية جزئيا,2026/03/10,"35,639,592"
 تبوك,تبوك,القطاع العام,خدمة إلكترونية جزئيا,2026/03/10,"35,639,192"
 تبوك,تبوك,القطاع العام,خدمة إلكترونية جزئيا,2026/03/10,"35,638,895"
 تبوك,تبوك,القطاع العام,خدمة إلكترونية جزئيا,2026/03/10,"35,639,429"
 تبوك,تبوك,القطاع العام,خدمة إلكترونية جزئيا,2026/03/10,"35,639,045"
 تبوك,تبوك,القطاع العام,خدمة إلكترونية جزئيا,2026/03/10,"35,637,333"
 تبوك,تبوك,القطاع العام,خدمة إلكترونية جزئيا,2026/03/10,"35,637,329"
 تبوك,تبوك,القطاع العام,خدمة إلكترونية جزئيا,2026/03/10,"35,637,659"
 الرياض,الرياض,القطاع العام,خدمة إلكترونية جزئيا,2026/03/10,"35,648,355"
 الرياض,الرياض,القطاع العام,خدمة إلكترونية جزئيا,2026/03/10,"35,645,967"
 الرياض,الرياض,القطاع العام,خدمة إلكترونية جزئيا,2026/03/10,"35,644,994"
 تبوك,تبوك,القطاع العام,خدمة إلكترونية جزئيا,2026/03/10,"35,639,023"
 تبوك,تبوك,القطاع العام,خدمة إلكترونية جزئيا,2026/03/10,"35,639,686"
 الرياض,الرياض,القطاع العام,خدمة إلكترونية جزئيا,2026/03/10,"35,635,995"
 الرياض,الرياض,القطاع العام,خدمة إلكترونية جزئيا,2026/03/10,"35,636,080"
 الرياض,الرياض,القطاع العام,خدمة إلكترونية جزئيا,2026/03/10,"35,635,986"
 الرياض,الرياض,القطاع العام,خدمة إلكترونية جزئيا,2026/03/10,"35,638,902"
 الرياض,الرياض,القطاع العام,خدمة إلكترونية جزئيا,2026/03/10,"35,636,094"
 الرياض,الرياض,القطاع العام,خدمة إلكترونية جزئيا,2026/03/10,"35,635,753"
 تبوك,تبوك,القطاع العام,خدمة إلكترونية جزئيا,2026/03/10,"35,640,119"
 الرياض,الرياض,القطاع العام,خدمة إلكترونية جزئيا,2026/03/10,"35,644,256"
 تبوك,تبوك,القطاع العام,خدمة إلكترونية جزئيا,2026/03/10,"35,639,289"
 تبوك,تبوك,القطاع العام,خدمة إلكترونية جزئيا,2026/03/10,"35,638,904"
 تبوك,تبوك,القطاع العام,خدمة إلكترونية جزئيا,2026/03/10,"35,637,565"
 تبوك,تبوك,القطاع العام,خدمة إلكترونية جزئيا,2026/03/10,"35,637,562"
 الرياض,الرياض,القطاع العام,خدمة إلكترونية جزئيا,2026/03/10,"35,642,634"
 الرياض,الرياض,القطاع العام,خدمة إلكترونية جزئيا,2026/03/10,"35,638,761"
 تبوك,تبوك,القطاع العام,خدمة إلكترونية جزئيا,2026/03/11,"35,664,098"
 تبوك,تبوك,القطاع العام,خدمة إلكترونية جزئيا,2026/03/11,"35,663,470"
 تبوك,تبوك,القطاع العام,خدمة إلكترونية جزئيا,2026/03/11,"35,664,426"
 تبوك,تبوك,القطاع العام,خدمة إلكترونية جزئيا,2026/03/11,"35,663,222"
 تبوك,تبوك,القطاع العام,خدمة إلكترونية جزئيا,2026/03/11,"35,662,711"
 الرياض,الرياض,القطاع العام,خدمة إلكترونية جزئيا,2026/03/11,"35,663,103"
 الرياض,الرياض,القطاع العام,خدمة إلكترونية جزئيا,2026/03/11,"35,666,063"
 الرياض,الرياض,القطاع العام,خدمة إلكترونية جزئيا,2026/03/11,"35,666,296"
 الرياض,الرياض,القطاع العام,خدمة إلكترونية جزئيا,2026/03/11,"35,666,149"
 الرياض,الرياض,القطاع العام,خدمة إلكترونية جزئيا,2026/03/11,"35,664,417"
 تبوك,تبوك,القطاع العام,خدمة إلكترونية جزئيا,2026/03/11,"35,664,744"
 تبوك,تبوك,القطاع العام,خدمة إلكترونية جزئيا,2026/03/11,"35,662,229"
 الرياض,الرياض,القطاع العام,خدمة إلكترونية جزئيا,2026/03/11,"35,666,222"
 الرياض,الرياض,القطاع العام,خدمة إلكترونية جزئيا,2026/03/11,"35,663,823"
 الرياض,الرياض,القطاع العام,خدمة إلكترونية جزئيا,2026/03/11,"35,673,880"
 تبوك,تبوك,القطاع العام,خدمة إلكترونية جزئيا,2026/03/11,"35,661,039"
 تبوك,تبوك,القطاع العام,خدمة إلكترونية جزئيا,2026/03/11,"35,660,471"
 تبوك,تبوك,القطاع العام,خدمة إلكترونية جزئيا,2026/03/11,"35,660,764"
 تبوك,تبوك,القطاع العام,خدمة إلكترونية جزئيا,2026/03/11,"35,660,861"
 تبوك,تبوك,القطاع العام,خدمة إلكترونية جزئيا,2026/03/11,"35,660,136"
 تبوك,تبوك,القطاع العام,خدمة إلكترونية جزئيا,2026/03/11,"35,660,198"
 تبوك,تبوك,القطاع العام,خدمة إلكترونية جزئيا,2026/03/11,"35,660,364"
 تبوك,تبوك,القطاع العام,خدمة إلكترونية جزئيا,2026/03/11,"35,660,658"
 تبوك,تبوك,القطاع العام,خدمة إلكترونية جزئيا,2026/03/11,"35,661,208"
 تبوك,تبوك,القطاع العام,خدمة إلكترونية جزئيا,2026/03/11,"35,661,180"
 الرياض,الرياض,القطاع العام,خدمة إلكترونية جزئيا,2026/03/11,"35,664,414"
 تبوك,تبوك,القطاع العام,خدمة إلكترونية جزئيا,2026/03/11,"35,662,006"
 الرياض,الرياض,القطاع العام,خدمة إلكترونية جزئيا,2026/03/11,"35,664,100"
 الرياض,الرياض,القطاع العام,خدمة إلكترونية جزئيا,2026/03/11,"35,664,615"
 الرياض,الرياض,القطاع العام,خدمة إلكترونية جزئيا,2026/03/11,"35,664,151"
 الرياض,الرياض,القطاع العام,خدمة إلكترونية جزئيا,2026/03/11,"35,664,521"
 الرياض,الرياض,القطاع العام,خدمة إلكترونية جزئيا,2026/03/11,"35,666,512"
 الرياض,الرياض,القطاع العام,خدمة إلكترونية جزئيا,2026/03/11,"35,658,320"
 الرياض,الرياض,القطاع العام,خدمة إلكترونية جزئيا,2026/03/11,"35,661,173"
 تبوك,تبوك,القطاع العام,خدمة إلكترونية جزئيا,2026/03/11,"35,664,099"
 تبوك,تبوك,القطاع العام,خدمة إلكترونية جزئيا,2026/03/11,"35,663,715"
 الرياض,الرياض,القطاع العام,خدمة إلكترونية جزئيا,2026/03/11,"35,661,304"
 تبوك,تبوك,القطاع العام,خدمة إلكترونية جزئيا,2026/03/11,"35,660,977"
 تبوك,تبوك,القطاع العام,خدمة إلكترونية جزئيا,2026/03/11,"35,661,053"
 تبوك,تبوك,القطاع العام,خدمة إلكترونية جزئيا,2026/03/11,"35,660,917"
 تبوك,تبوك,القطاع العام,خدمة إلكترونية جزئيا,2026/03/11,"35,660,976"
 تبوك,تبوك,القطاع العام,خدمة إلكترونية جزئيا,2026/03/11,"35,661,166"
 تبوك,تبوك,القطاع العام,خدمة إلكترونية جزئيا,2026/03/11,"35,663,664"
 تبوك,تبوك,القطاع العام,خدمة إلكترونية جزئيا,2026/03/11,"35,664,347"
 تبوك,تبوك,القطاع العام,خدمة إلكترونية جزئيا,2026/03/11,"35,661,142"
 تبوك,تبوك,القطاع العام,خدمة إلكترونية جزئيا,2026/03/11,"35,661,098"
 تبوك,تبوك,القطاع العام,خدمة إلكترونية جزئيا,2026/03/11,"35,660,841"
 تبوك,تبوك,القطاع العام,خدمة إلكترونية جزئيا,2026/03/11,"35,663,916"
 تبوك,تبوك,القطاع العام,خدمة إلكترونية جزئيا,2026/03/11,"35,661,161"
 تبوك,تبوك,القطاع العام,خدمة إلكترونية جزئيا,2026/03/11,"35,660,575"
 تبوك,تبوك,القطاع العام,خدمة إلكترونية جزئيا,2026/03/11,"35,660,276"
 تبوك,تبوك,القطاع العام,خدمة إلكترونية جزئيا,2026/03/11,"35,660,823"
 تبوك,تبوك,القطاع العام,خدمة إلكترونية جزئيا,2026/03/11,"35,661,188"
 تبوك,تبوك,القطاع العام,خدمة إلكترونية جزئيا,2026/03/11,"35,660,034"
 تبوك,تبوك,القطاع العام,خدمة إلكترونية جزئيا,2026/03/11,"35,660,295"
 الرياض,الرياض,القطاع العام,خدمة إلكترونية جزئيا,2026/03/11,"35,667,128"
 تبوك,تبوك,القطاع العام,خدمة إلكترونية جزئيا,2026/03/11,"35,660,648"
 تبوك,تبوك,القطاع العام,خدمة إلكترونية جزئيا,2026/03/11,"35,660,992"
 تبوك,تبوك,القطاع العام,خدمة إلكترونية جزئيا,2026/03/11,"35,660,982"
 تبوك,تبوك,القطاع العام,خدمة إلكترونية جزئيا,2026/03/11,"35,661,287"
 تبوك,تبوك,القطاع العام,خدمة إلكترونية جزئيا,2026/03/11,"35,660,897"
 تبوك,تبوك,القطاع العام,خدمة إلكترونية جزئيا,2026/03/11,"35,661,078"
 تبوك,تبوك,القطاع العام,خدمة إلكترونية جزئيا,2026/03/11,"35,660,124"
 تبوك,تبوك,القطاع العام,خدمة إلكترونية جزئيا,2026/03/11,"35,661,236"
 تبوك,تبوك,القطاع العام,خدمة إلكترونية جزئيا,2026/03/11,"35,663,858"
 تبوك,تبوك,القطاع العام,خدمة إلكترونية جزئيا,2026/03/11,"35,660,851"
 الرياض,الرياض,القطاع العام,خدمة إلكترونية جزئيا,2026/03/11,"35,657,009"
 الرياض,الرياض,القطاع العام,خدمة إلكترونية جزئيا,2026/03/11,"35,662,244"
 الرياض,الرياض,القطاع العام,خدمة إلكترونية جزئيا,2026/03/11,"35,667,571"
 تبوك,تبوك,القطاع العام,خدمة إلكترونية جزئيا,2026/03/11,"35,662,223"
 الرياض,الرياض,القطاع العام,خدمة إلكترونية جزئيا,2026/03/11,"35,660,748"
 الرياض,الرياض,القطاع العام,خدمة إلكترونية جزئيا,2026/03/11,"35,660,320"
 الرياض,الرياض,القطاع العام,خدمة إلكترونية جزئيا,2026/03/11,"35,660,427"
 الرياض,الرياض,القطاع العام,خدمة إلكترونية جزئيا,2026/03/11,"35,665,336"
 الرياض,الرياض,القطاع العام,خدمة إلكترونية جزئيا,2026/03/11,"35,665,500"
 الرياض,الرياض,القطاع العام,خدمة إلكترونية جزئيا,2026/03/11,"35,665,528"
 تبوك,تبوك,القطاع العام,خدمة إلكترونية جزئيا,2026/03/12,"35,682,921"
 تبوك,تبوك,القطاع العام,خدمة إلكترونية جزئيا,2026/03/12,"35,682,685"
 تبوك,تبوك,القطاع العام,خدمة إلكترونية جزئيا,2026/03/12,"35,687,892"
 تبوك,تبوك,القطاع العام,خدمة إلكترونية جزئيا,2026/03/12,"35,682,699"
 تبوك,تبوك,القطاع العام,خدمة إلكترونية جزئيا,2026/03/12,"35,682,894"
 تبوك,تبوك,القطاع العام,خدمة إلكترونية جزئيا,2026/03/12,"35,687,737"
 الرياض,الرياض,القطاع العام,خدمة إلكترونية جزئيا,2026/03/12,"35,688,852"
 الرياض,الرياض,القطاع العام,خدمة إلكترونية جزئيا,2026/03/12,"35,688,855"
 الرياض,الرياض,القطاع العام,خدمة إلكترونية جزئيا,2026/03/12,"35,688,846"
 تبوك,تبوك,القطاع العام,خدمة إلكترونية جزئيا,2026/03/12,"35,682,901"
 تبوك,تبوك,القطاع العام,خدمة إلكترونية جزئيا,2026/03/12,"35,682,872"
 تبوك,تبوك,القطاع العام,خدمة إلكترونية جزئيا,2026/03/12,"35,683,029"
 الرياض,الرياض,القطاع العام,خدمة إلكترونية جزئيا,2026/03/12,"35,688,100"
 الرياض,الرياض,القطاع العام,خدمة إلكترونية جزئيا,2026/03/12,"35,688,451"
 الرياض,الرياض,القطاع العام,خدمة إلكترونية جزئيا,2026/03/12,"35,686,834"
 الرياض,الرياض,القطاع العام,خدمة إلكترونية جزئيا,2026/03/12,"35,692,207"
 الرياض,الرياض,القطاع العام,خدمة إلكترونية جزئيا,2026/03/12,"35,688,849"
 الرياض,الرياض,القطاع العام,خدمة إلكترونية جزئيا,2026/03/12,"35,679,555"
 الرياض,الرياض,القطاع العام,خدمة إلكترونية جزئيا,2026/03/12,"35,683,741"
 الرياض,الرياض,القطاع العام,خدمة إلكترونية جزئيا,2026/03/12,"35,685,257"
 تبوك,تبوك,القطاع العام,خدمة إلكترونية جزئيا,2026/03/12,"35,682,916"
 تبوك,تبوك,القطاع العام,خدمة إلكترونية جزئيا,2026/03/12,"35,682,579"
 تبوك,تبوك,القطاع العام,خدمة إلكترونية جزئيا,2026/03/12,"35,682,791"
 تبوك,تبوك,القطاع العام,خدمة إلكترونية جزئيا,2026/03/12,"35,682,939"
 تبوك,تبوك,القطاع العام,خدمة إلكترونية جزئيا,2026/03/12,"35,682,833"
 تبوك,تبوك,القطاع العام,خدمة إلكترونية جزئيا,2026/03/12,"35,682,884"
 تبوك,تبوك,القطاع العام,خدمة إلكترونية جزئيا,2026/03/12,"35,683,010"
 الرياض,الرياض,القطاع العام,خدمة إلكترونية جزئيا,2026/03/12,"35,681,749"
 الرياض,الرياض,القطاع العام,خدمة إلكترونية جزئيا,2026/03/12,"35,682,005"
 الرياض,الرياض,القطاع العام,خدمة إلكترونية جزئيا,2026/03/12,"35,688,928"
 الرياض,الرياض,القطاع العام,خدمة إلكترونية جزئيا,2026/03/12,"35,685,875"
 تبوك,تبوك,القطاع العام,خدمة إلكترونية جزئيا,2026/03/12,"35,688,118"
 الرياض,الرياض,القطاع العام,خدمة إلكترونية جزئيا,2026/03/12,"35,685,638"
 الرياض,الرياض,القطاع العام,خدمة إلكترونية جزئيا,2026/03/13,"35,711,726"
 الرياض,الرياض,القطاع العام,خدمة إلكترونية جزئيا,2026/03/14,"35,723,677"
 الرياض,الرياض,القطاع العام,خدمة إلكترونية جزئيا,2026/03/15,"35,736,946"
 الرياض,الرياض,القطاع العام,خدمة إلكترونية جزئيا,2026/03/15,"35,729,439"
 الرياض,الرياض,القطاع العام,خدمة إلكترونية جزئيا,2026/03/15,"35,729,437"
 الرياض,الرياض,القطاع العام,خدمة إلكترونية جزئيا,2026/03/15,"35,729,468"
 الرياض,الرياض,القطاع العام,خدمة إلكترونية جزئيا,2026/03/15,"35,729,482"
 الرياض,الرياض,القطاع العام,خدمة إلكترونية جزئيا,2026/03/15,"35,729,485"
 الرياض,الرياض,القطاع العام,خدمة إلكترونية جزئيا,2026/03/15,"35,729,478"
 الرياض,الرياض,القطاع العام,خدمة إلكترونية جزئيا,2026/03/15,"35,729,465"
 الرياض,الرياض,القطاع العام,خدمة إلكترونية جزئيا,2026/03/15,"35,729,470"
 الرياض,الرياض,القطاع العام,خدمة إلكترونية جزئيا,2026/03/15,"35,729,476"
 الرياض,الرياض,القطاع العام,خدمة إلكترونية جزئيا,2026/03/15,"35,729,472"
 الرياض,الرياض,القطاع العام,خدمة إلكترونية جزئيا,2026/03/15,"35,729,474"
 الرياض,الرياض,القطاع العام,خدمة إلكترونية جزئيا,2026/03/15,"35,729,488"
 الرياض,الرياض,القطاع العام,خدمة إلكترونية جزئيا,2026/03/15,"35,737,437"
 الرياض,الرياض,القطاع العام,خدمة إلكترونية جزئيا,2026/03/15,"35,737,489"
 الرياض,الرياض,القطاع العام,خدمة إلكترونية جزئيا,2026/03/16,"35,749,430"
 الرياض,الرياض,القطاع العام,خدمة إلكترونية جزئيا,2026/03/17,"35,754,518"
 الرياض,الرياض,القطاع العام,خدمة إلكترونية جزئيا,2026/03/23,"35,816,834"
 الرياض,الرياض,القطاع العام,خدمة إلكترونية جزئيا,2026/03/23,"35,816,828"
 الرياض,الرياض,القطاع العام,خدمة إلكترونية جزئيا,2026/03/23,"35,817,250"
 الرياض,الرياض,القطاع العام,خدمة إلكترونية جزئيا,2026/03/23,"35,817,285"
 الرياض,الرياض,القطاع العام,خدمة إلكترونية جزئيا,2026/03/23,"35,817,293"
 الرياض,الرياض,القطاع العام,خدمة إلكترونية جزئيا,2026/03/23,"35,817,290"
 الرياض,الرياض,القطاع العام,خدمة إلكترونية جزئيا,2026/03/23,"35,817,235"
 الرياض,الرياض,القطاع العام,خدمة إلكترونية جزئيا,2026/03/23,"35,819,548"
 الرياض,الرياض,القطاع العام,خدمة إلكترونية جزئيا,2026/03/23,"35,819,491"
 الرياض,الرياض,القطاع العام,خدمة إلكترونية جزئيا,2026/03/23,"35,818,625"
 الرياض,الرياض,القطاع العام,خدمة إلكترونية جزئيا,2026/03/25,"35,841,936"
 المدينة المنوره,المدينة المنورة,القطاع العام,خدمة إلكترونية جزئيا,2026/03/25,"35,838,499"
 الرياض,الرياض,القطاع العام,خدمة إلكترونية جزئيا,2026/03/25,"35,843,377"
 الرياض,الرياض,القطاع العام,خدمة إلكترونية جزئيا,2026/03/25,"35,841,466"
 الرياض,الرياض,القطاع العام,خدمة إلكترونية جزئيا,2026/03/25,"35,837,605"
 الرياض,الرياض,القطاع العام,خدمة إلكترونية جزئيا,2026/03/25,"35,838,973"
 الرياض,الرياض,القطاع العام,خدمة إلكترونية جزئيا,2026/03/26,"35,857,968"
 الرياض,الرياض,القطاع العام,خدمة إلكترونية جزئيا,2026/03/26,"35,858,490"
 الرياض,الرياض,القطاع العام,خدمة إلكترونية جزئيا,2026/03/26,"35,856,913"
 الرياض,الرياض,القطاع العام,خدمة إلكترونية جزئيا,2026/03/26,"35,855,947"
 الرياض,الرياض,القطاع العام,خدمة إلكترونية جزئيا,2026/03/26,"35,858,420"
 الرياض,الرياض,القطاع العام,خدمة إلكترونية جزئيا,2026/03/26,"35,856,158"
 الرياض,الرياض,القطاع العام,خدمة إلكترونية جزئيا,2026/03/26,"35,854,866"
 الرياض,الرياض,القطاع العام,خدمة إلكترونية جزئيا,2026/03/26,"35,857,208"
 الرياض,الرياض,القطاع العام,خدمة إلكترونية جزئيا,2026/03/26,"35,852,934"
 الرياض,الرياض,القطاع العام,خدمة إلكترونية جزئيا,2026/03/26,"35,853,111"
 الرياض,الرياض,القطاع العام,خدمة إلكترونية جزئيا,2026/03/26,"35,855,465"
 الرياض,الرياض,القطاع العام,خدمة إلكترونية جزئيا,2026/03/26,"35,854,534"
 تبوك,تبوك,القطاع العام,خدمة إلكترونية جزئيا,2026/03/29,"35,908,919"
 الرياض,الرياض,القطاع العام,خدمة إلكترونية جزئيا,2026/03/29,"35,912,405"
 الرياض,الرياض,القطاع العام,خدمة إلكترونية جزئيا,2026/03/29,"35,909,613"
 الرياض,الرياض,القطاع العام,خدمة إلكترونية جزئيا,2026/03/29,"35,894,967"
 الرياض,الرياض,القطاع العام,خدمة إلكترونية جزئيا,2026/03/29,"35,905,719"
 الرياض,الرياض,القطاع العام,خدمة إلكترونية جزئيا,2026/03/29,"35,905,462"
 الرياض,الرياض,القطاع العام,خدمة إلكترونية جزئيا,2026/03/29,"35,897,175"
 الرياض,الرياض,القطاع العام,خدمة إلكترونية جزئيا,2026/03/29,"35,901,099"
 الرياض,الرياض,القطاع العام,خدمة إلكترونية جزئيا,2026/03/29,"35,914,182"
 الرياض,الرياض,القطاع العام,خدمة إلكترونية جزئيا,2026/03/29,"35,913,236"
 تبوك,تبوك,القطاع العام,خدمة إلكترونية جزئيا,2026/03/29,"35,908,513"
 الرياض,الرياض,القطاع العام,خدمة إلكترونية جزئيا,2026/03/29,"35,889,428"
 الرياض,الرياض,القطاع العام,خدمة إلكترونية جزئيا,2026/03/29,"35,889,622"
 الرياض,الرياض,القطاع العام,خدمة إلكترونية جزئيا,2026/03/29,"35,889,702"
 الرياض,الرياض,القطاع العام,خدمة إلكترونية جزئيا,2026/03/29,"35,889,425"
 الرياض,الرياض,القطاع العام,خدمة إلكترونية جزئيا,2026/03/29,"35,888,864"
 الرياض,الرياض,القطاع العام,خدمة إلكترونية جزئيا,2026/03/29,"35,889,091"
 الرياض,الرياض,القطاع العام,خدمة إلكترونية جزئيا,2026/03/29,"35,889,228"
 الرياض,الرياض,القطاع العام,خدمة إلكترونية جزئيا,2026/03/29,"35,889,829"
 الرياض,الرياض,القطاع العام,خدمة إلكترونية جزئيا,2026/03/29,"35,889,010"
 الرياض,الرياض,القطاع العام,خدمة إلكترونية جزئيا,2026/03/29,"35,889,427"
 الرياض,الرياض,القطاع العام,خدمة إلكترونية جزئيا,2026/03/29,"35,889,412"
 الرياض,الرياض,القطاع العام,خدمة إلكترونية جزئيا,2026/03/29,"35,889,016"
 الرياض,الرياض,القطاع العام,خدمة إلكترونية جزئيا,2026/03/29,"35,889,666"
 الرياض,الرياض,القطاع العام,خدمة إلكترونية جزئيا,2026/03/29,"35,889,422"
 الرياض,الرياض,القطاع العام,خدمة إلكترونية جزئيا,2026/03/29,"35,889,227"
 الرياض,الرياض,القطاع العام,خدمة إلكترونية جزئيا,2026/03/29,"35,889,832"
 الرياض,الرياض,القطاع العام,خدمة إلكترونية جزئيا,2026/03/29,"35,889,229"
 الرياض,الرياض,القطاع العام,خدمة إلكترونية جزئيا,2026/03/29,"35,907,376"
 تبوك,تبوك,القطاع العام,خدمة إلكترونية جزئيا,2026/03/29,"35,898,456"
 الرياض,الرياض,القطاع العام,خدمة إلكترونية جزئيا,2026/03/29,"35,910,454"
 الرياض,الرياض,القطاع العام,خدمة إلكترونية جزئيا,2026/03/30,"35,944,324"
 الرياض,الرياض,القطاع العام,خدمة إلكترونية جزئيا,2026/03/30,"35,940,261"
 الرياض,الرياض,القطاع العام,خدمة إلكترونية جزئيا,2026/03/30,"35,934,826"
 الرياض,الرياض,القطاع العام,خدمة إلكترونية جزئيا,2026/03/30,"35,943,948"
 الرياض,الرياض,القطاع العام,خدمة إلكترونية جزئيا,2026/03/30,"35,944,912"
 الرياض,الرياض,القطاع العام,خدمة إلكترونية جزئيا,2026/03/30,"35,946,871"
 الرياض,الرياض,القطاع العام,خدمة إلكترونية جزئيا,2026/03/30,"35,938,826"
 الرياض,الرياض,القطاع العام,خدمة إلكترونية جزئيا,2026/03/30,"35,931,805"
 الرياض,الرياض,القطاع العام,خدمة إلكترونية جزئيا,2026/03/30,"35,925,203"
 الرياض,الرياض,القطاع العام,خدمة إلكترونية جزئيا,2026/03/30,"35,939,463"
 الرياض,الرياض,القطاع العام,خدمة إلكترونية جزئيا,2026/03/30,"35,934,948"
 الرياض,الرياض,القطاع العام,خدمة إلكترونية جزئيا,2026/03/30,"35,928,637"
 الرياض,الرياض,القطاع العام,خدمة إلكترونية جزئيا,2026/03/30,"35,939,198"
 الرياض,الرياض,القطاع العام,خدمة إلكترونية جزئيا,2026/03/30,"35,936,864"
 الرياض,الرياض,القطاع العام,خدمة إلكترونية جزئيا,2026/03/30,"35,938,980"
 الرياض,الرياض,القطاع العام,خدمة إلكترونية جزئيا,2026/03/30,"35,944,262"
 الرياض,الرياض,القطاع العام,خدمة إلكترونية جزئيا,2026/03/30,"35,940,271"
 الرياض,الرياض,القطاع العام,خدمة إلكترونية جزئيا,2026/03/30,"35,937,912"
 الرياض,الرياض,القطاع العام,خدمة إلكترونية جزئيا,2026/03/30,"35,937,760"
 الرياض,الرياض,القطاع العام,خدمة إلكترونية جزئيا,2026/03/30,"35,940,142"
 الرياض,الرياض,القطاع العام,خدمة إلكترونية جزئيا,2026/03/30,"35,938,983"
 الرياض,الرياض,القطاع العام,خدمة إلكترونية جزئيا,2026/03/30,"35,945,582"
 حائل,حائل,القطاع العام,خدمة إلكترونية جزئيا,2026/03/30,"35,945,149"
 حائل,حائل,القطاع العام,خدمة إلكترونية جزئيا,2026/03/30,"35,945,372"
 حائل,حائل,القطاع العام,خدمة إلكترونية جزئيا,2026/03/30,"35,945,764"
 الرياض,الرياض,القطاع العام,خدمة إلكترونية جزئيا,2026/03/30,"35,932,337"
 الرياض,الرياض,القطاع العام,خدمة إلكترونية جزئيا,2026/03/30,"35,933,096"
 الرياض,الرياض,القطاع العام,خدمة إلكترونية جزئيا,2026/03/30,"35,936,384"
 حائل,حائل,القطاع العام,خدمة إلكترونية جزئيا,2026/03/30,"35,936,393"
 حائل,حائل,القطاع العام,خدمة إلكترونية جزئيا,2026/03/30,"35,936,946"
 الرياض,الرياض,القطاع العام,خدمة إلكترونية جزئيا,2026/03/30,"35,940,102"
 الرياض,الرياض,القطاع العام,خدمة إلكترونية جزئيا,2026/03/30,"35,936,967"
 حائل,حائل,القطاع العام,خدمة إلكترونية جزئيا,2026/03/30,"35,934,056"
 حائل,حائل,القطاع العام,خدمة إلكترونية جزئيا,2026/03/30,"35,934,165"
 حائل,حائل,القطاع العام,خدمة إلكترونية جزئيا,2026/03/30,"35,936,066"
 حائل,حائل,القطاع العام,خدمة إلكترونية جزئيا,2026/03/30,"35,936,265"
 حائل,حائل,القطاع العام,خدمة إلكترونية جزئيا,2026/03/30,"35,936,760"
 حائل,حائل,القطاع العام,خدمة إلكترونية جزئيا,2026/03/30,"35,937,056"
 الرياض,الرياض,القطاع العام,خدمة إلكترونية جزئيا,2026/03/30,"35,939,336"
 الرياض,الرياض,القطاع العام,خدمة إلكترونية جزئيا,2026/03/30,"35,939,019"
 الرياض,الرياض,القطاع العام,خدمة إلكترونية جزئيا,2026/03/30,"35,935,975"
 الرياض,الرياض,القطاع العام,خدمة إلكترونية جزئيا,2026/03/30,"35,931,886"
 الرياض,الرياض,القطاع العام,خدمة إلكترونية جزئيا,2026/03/30,"35,936,561"
 الرياض,الرياض,القطاع العام,خدمة إلكترونية جزئيا,2026/03/30,"35,934,783"
 الرياض,الرياض,القطاع العام,خدمة إلكترونية جزئيا,2026/03/30,"35,933,178"
 الرياض,الرياض,القطاع العام,خدمة إلكترونية جزئيا,2026/03/30,"35,932,537"
 الرياض,الرياض,القطاع العام,خدمة إلكترونية جزئيا,2026/03/30,"35,934,418"
 الرياض,الرياض,القطاع العام,خدمة إلكترونية جزئيا,2026/03/30,"35,935,594"
 حائل,حائل,القطاع العام,خدمة إلكترونية جزئيا,2026/03/30,"35,936,523"
 حائل,حائل,القطاع العام,خدمة إلكترونية جزئيا,2026/03/30,"35,934,268"
 حائل,حائل,القطاع العام,خدمة إلكترونية جزئيا,2026/03/30,"35,935,971"
 حائل,حائل,القطاع العام,خدمة إلكترونية جزئيا,2026/03/30,"35,936,150"
 الرياض,الرياض,القطاع العام,خدمة إلكترونية جزئيا,2026/03/30,"35,932,112"
 الرياض,الرياض,القطاع العام,خدمة إلكترونية جزئيا,2026/03/30,"35,937,865"
 الرياض,الرياض,القطاع العام,خدمة إلكترونية جزئيا,2026/03/30,"35,937,574"
 الرياض,الرياض,القطاع العام,خدمة إلكترونية جزئيا,2026/03/30,"35,938,610"
 الرياض,الرياض,القطاع العام,خدمة إلكترونية جزئيا,2026/03/30,"35,938,810"
 الرياض,الرياض,القطاع العام,خدمة إلكترونية جزئيا,2026/03/30,"35,937,367"
 الرياض,الرياض,القطاع العام,خدمة إلكترونية جزئيا,2026/03/30,"35,938,352"
 الرياض,الرياض,القطاع العام,خدمة إلكترونية جزئيا,2026/03/30,"35,938,148"
 الرياض,الرياض,القطاع العام,خدمة إلكترونية جزئيا,2026/03/30,"35,939,180"
 الرياض,الرياض,القطاع العام,خدمة إلكترونية جزئيا,2026/03/30,"35,934,318"
 الرياض,الرياض,القطاع العام,خدمة إلكترونية جزئيا,2026/03/30,"35,934,164"
 الرياض,الرياض,القطاع العام,خدمة إلكترونية جزئيا,2026/03/30,"35,933,945"
 الرياض,الرياض,القطاع العام,خدمة إلكترونية جزئيا,2026/03/30,"35,932,208"
 الرياض,الرياض,القطاع العام,خدمة إلكترونية جزئيا,2026/03/30,"35,939,706"
 الرياض,الرياض,القطاع العام,خدمة إلكترونية جزئيا,2026/03/30,"35,933,115"
 الرياض,الرياض,القطاع العام,خدمة إلكترونية جزئيا,2026/03/30,"35,933,459"
 الرياض,الرياض,القطاع العام,خدمة إلكترونية جزئيا,2026/03/30,"35,933,631"
 الرياض,الرياض,القطاع العام,خدمة إلكترونية جزئيا,2026/03/30,"35,932,432"
 الرياض,الرياض,القطاع العام,خدمة إلكترونية جزئيا,2026/03/30,"35,932,930"
 الرياض,الرياض,القطاع العام,خدمة إلكترونية جزئيا,2026/03/30,"35,933,295"
 الرياض,الرياض,القطاع العام,خدمة إلكترونية جزئيا,2026/03/30,"35,932,724"
 الرياض,الرياض,القطاع العام,خدمة إلكترونية جزئيا,2026/03/30,"35,939,981"
 الرياض,الرياض,القطاع العام,خدمة إلكترونية جزئيا,2026/03/30,"35,937,835"
 الرياض,الرياض,القطاع العام,خدمة إلكترونية جزئيا,2026/03/30,"35,937,812"
 الرياض,الرياض,القطاع العام,خدمة إلكترونية جزئيا,2026/03/30,"35,939,384"
 الرياض,الرياض,القطاع العام,خدمة إلكترونية جزئيا,2026/03/30,"35,938,668"
 الرياض,الرياض,القطاع العام,خدمة إلكترونية جزئيا,2026/03/30,"35,939,276"
 الرياض,الرياض,القطاع العام,خدمة إلكترونية جزئيا,2026/03/30,"35,939,470"
 الرياض,الرياض,القطاع العام,خدمة إلكترونية جزئيا,2026/03/30,"35,938,005"
 الرياض,الرياض,القطاع العام,خدمة إلكترونية جزئيا,2026/03/30,"35,938,838"
 الرياض,الرياض,القطاع العام,خدمة إلكترونية جزئيا,2026/03/30,"35,939,847"
 الرياض,الرياض,القطاع العام,خدمة إلكترونية جزئيا,2026/03/30,"35,938,401"
 الرياض,الرياض,القطاع العام,خدمة إلكترونية جزئيا,2026/03/30,"35,939,635"
 الرياض,الرياض,القطاع العام,خدمة إلكترونية جزئيا,2026/03/30,"35,940,384"
 الرياض,الرياض,القطاع العام,خدمة إلكترونية جزئيا,2026/03/30,"35,939,113"
 الرياض,الرياض,القطاع العام,خدمة إلكترونية جزئيا,2026/03/30,"35,933,384"
 الرياض,الرياض,القطاع العام,خدمة إلكترونية جزئيا,2026/03/30,"35,932,541"
 الرياض,الرياض,القطاع العام,خدمة إلكترونية جزئيا,2026/03/30,"35,933,067"
 حائل,حائل,القطاع العام,خدمة إلكترونية جزئيا,2026/03/31,"35,966,146"
 حائل,حائل,القطاع العام,خدمة إلكترونية جزئيا,2026/03/31,"35,966,232"
 حائل,حائل,القطاع العام,خدمة إلكترونية جزئيا,2026/03/31,"35,966,048"
 حائل,حائل,القطاع العام,خدمة إلكترونية جزئيا,2026/03/31,"35,966,318"
 الرياض,الرياض,القطاع العام,خدمة إلكترونية جزئيا,2026/03/31,"35,957,201"
 الرياض,الرياض,القطاع العام,خدمة إلكترونية جزئيا,2026/03/31,"35,966,055"
 الرياض,الرياض,القطاع العام,خدمة إلكترونية جزئيا,2026/03/31,"35,966,223"
 الرياض,الرياض,القطاع العام,خدمة إلكترونية جزئيا,2026/03/31,"35,952,302"
 الرياض,الرياض,القطاع العام,خدمة إلكترونية جزئيا,2026/03/31,"35,952,040"
 الرياض,الرياض,القطاع العام,خدمة إلكترونية جزئيا,2026/03/31,"35,951,764"
 الرياض,الرياض,القطاع العام,خدمة إلكترونية جزئيا,2026/03/31,"35,953,158"
 الرياض,الرياض,القطاع العام,خدمة إلكترونية جزئيا,2026/03/31,"35,950,572"
 الرياض,الرياض,القطاع العام,خدمة إلكترونية جزئيا,2026/03/31,"35,959,378"
 الرياض,الرياض,القطاع العام,خدمة إلكترونية جزئيا,2026/03/31,"35,949,909"
 الرياض,الرياض,القطاع العام,خدمة إلكترونية جزئيا,2026/03/31,"35,956,570"
 الرياض,الرياض,القطاع العام,خدمة إلكترونية جزئيا,2026/03/31,"35,950,866"
 الرياض,الرياض,القطاع العام,خدمة إلكترونية جزئيا,2026/03/31,"35,956,200"
 الرياض,الرياض,القطاع العام,خدمة إلكترونية جزئيا,2026/03/31,"35,950,575"
 الرياض,الرياض,القطاع العام,خدمة إلكترونية جزئيا,2026/03/31,"35,950,799"
 الرياض,الرياض,القطاع العام,خدمة إلكترونية جزئيا,2026/03/31,"35,955,836"
 الرياض,الرياض,القطاع العام,خدمة إلكترونية جزئيا,2026/03/31,"35,955,639"
 الرياض,الرياض,القطاع العام,خدمة إلكترونية جزئيا,2026/03/31,"35,953,449"
 الرياض,الرياض,القطاع العام,خدمة إلكترونية جزئيا,2026/03/31,"35,954,690"
 الرياض,الرياض,القطاع العام,خدمة إلكترونية جزئيا,2026/03/31,"35,954,873"
 الرياض,الرياض,القطاع العام,خدمة إلكترونية جزئيا,2026/03/31,"35,951,706"
 تبوك,تبوك,القطاع العام,خدمة إلكترونية جزئيا,2026/03/31,"35,957,374"
 الرياض,الرياض,القطاع العام,خدمة إلكترونية جزئيا,2026/03/31,"35,958,967"
 الرياض,الرياض,القطاع العام,خدمة إلكترونية جزئيا,2026/03/31,"35,955,153"
 الرياض,الرياض,القطاع العام,خدمة إلكترونية جزئيا,2026/03/31,"35,955,255"
 الرياض,الرياض,القطاع العام,خدمة إلكترونية جزئيا,2026/03/31,"35,955,409"
 الرياض,الرياض,القطاع العام,خدمة إلكترونية جزئيا,2026/03/31,"35,953,156"
 الرياض,الرياض,القطاع العام,خدمة إلكترونية جزئيا,2026/03/31,"35,953,627"
 الرياض,الرياض,القطاع العام,خدمة إلكترونية جزئيا,2026/03/31,"35,952,737"
 الرياض,الرياض,القطاع العام,خدمة إلكترونية جزئيا,2026/03/31,"35,959,103"
 الرياض,الرياض,القطاع العام,خدمة إلكترونية جزئيا,2026/03/31,"35,956,239"
 الرياض,الرياض,القطاع العام,خدمة إلكترونية جزئيا,2026/03/31,"35,957,978"
 الرياض,الرياض,القطاع العام,خدمة إلكترونية جزئيا,2026/03/31,"35,951,106"
 الرياض,الرياض,القطاع العام,خدمة إلكترونية جزئيا,2026/03/31,"35,951,457"
 الرياض,الرياض,القطاع العام,خدمة إلكترونية جزئيا,2026/03/31,"35,953,636"
 الرياض,الرياض,القطاع العام,خدمة إلكترونية جزئيا,2026/03/31,"35,952,649"
 الرياض,الرياض,القطاع العام,خدمة إلكترونية جزئيا,2026/03/31,"35,953,773"
 الرياض,الرياض,القطاع العام,خدمة إلكترونية جزئيا,2026/03/31,"35,952,440"
 الرياض,الرياض,القطاع العام,خدمة إلكترونية جزئيا,2026/03/31,"35,952,813"
 الرياض,الرياض,القطاع العام,خدمة إلكترونية جزئيا,2026/03/31,"35,952,163"
 الرياض,الرياض,القطاع العام,خدمة إلكترونية جزئيا,2026/03/31,"35,953,453"
 الرياض,الرياض,القطاع العام,خدمة إلكترونية جزئيا,2026/03/31,"35,953,304"
 الرياض,الرياض,القطاع العام,خدمة إلكترونية جزئيا,2026/03/31,"35,954,299"
 الرياض,الرياض,القطاع العام,خدمة إلكترونية جزئيا,2026/03/31,"35,952,238"
 الرياض,الرياض,القطاع العام,خدمة إلكترونية جزئيا,2026/03/31,"35,957,048"
 الرياض,الرياض,القطاع العام,خدمة إلكترونية جزئيا,2026/03/31,"35,951,213"
 الرياض,الرياض,القطاع العام,خدمة إلكترونية جزئيا,2026/03/31,"35,951,162"
 الرياض,الرياض,القطاع العام,خدمة إلكترونية جزئيا,2026/03/31,"35,952,596"
 الرياض,الرياض,القطاع العام,خدمة إلكترونية جزئيا,2026/03/31,"35,949,708"
 الرياض,الرياض,القطاع العام,خدمة إلكترونية جزئيا,2026/03/31,"35,956,521"
 الرياض,الرياض,القطاع العام,خدمة إلكترونية جزئيا,2026/03/31,"35,949,865"
 الرياض,الرياض,القطاع العام,خدمة إلكترونية جزئيا,2026/03/31,"35,951,306"
 الرياض,الرياض,القطاع العام,خدمة إلكترونية جزئيا,2026/03/31,"35,951,502"
 الرياض,الرياض,القطاع العام,خدمة إلكترونية جزئيا,2026/03/31,"35,951,267"
 الرياض,الرياض,القطاع العام,خدمة إلكترونية جزئيا,2026/03/31,"35,951,393"
 الرياض,الرياض,القطاع العام,خدمة إلكترونية جزئيا,2026/03/31,"35,952,460"
 الرياض,الرياض,القطاع العام,خدمة إلكترونية جزئيا,2026/03/31,"35,953,419"
 الرياض,الرياض,القطاع العام,خدمة إلكترونية جزئيا,2026/03/31,"35,951,201"
 الرياض,الرياض,القطاع العام,خدمة إلكترونية جزئيا,2026/03/31,"35,952,935"
 الرياض,الرياض,القطاع العام,خدمة إلكترونية جزئيا,2026/03/31,"35,954,142"
 الرياض,الرياض,القطاع العام,خدمة إلكترونية جزئيا,2026/03/31,"35,954,571"
 الرياض,الرياض,القطاع العام,خدمة إلكترونية جزئيا,2026/03/31,"35,953,925"
 الرياض,الرياض,القطاع العام,خدمة إلكترونية جزئيا,2026/03/31,"35,953,030"
 الرياض,الرياض,القطاع العام,خدمة إلكترونية جزئيا,2026/03/31,"35,966,448"
 الرياض,الرياض,القطاع العام,خدمة إلكترونية جزئيا,2026/03/31,"35,951,060"
 الرياض,الرياض,القطاع العام,خدمة إلكترونية جزئيا,2026/03/31,"35,956,064"
 الرياض,الرياض,القطاع العام,خدمة إلكترونية جزئيا,2026/03/31,"35,965,789"
 الرياض,الرياض,القطاع العام,خدمة إلكترونية جزئيا,2026/03/31,"35,965,620"
 الرياض,الرياض,القطاع العام,خدمة إلكترونية جزئيا,2026/03/31,"35,965,414"
 الرياض,الرياض,القطاع العام,خدمة إلكترونية جزئيا,2026/03/31,"35,965,465"
 الرياض,الرياض,القطاع العام,خدمة إلكترونية جزئيا,2026/03/31,"35,965,735"
 الرياض,الرياض,القطاع العام,خدمة إلكترونية جزئيا,2026/03/31,"35,965,635"
 الرياض,الرياض,القطاع العام,خدمة إلكترونية جزئيا,2026/03/31,"35,965,595"
 الرياض,الرياض,القطاع العام,خدمة إلكترونية جزئيا,2026/03/31,"35,965,686"
 الرياض,الرياض,القطاع العام,خدمة إلكترونية جزئيا,2026/03/31,"35,953,546"
 الرياض,الرياض,القطاع العام,خدمة إلكترونية جزئيا,2026/03/31,"35,952,137"
 الرياض,الرياض,القطاع العام,خدمة إلكترونية جزئيا,2026/03/31,"35,951,826"
 الرياض,الرياض,القطاع العام,خدمة إلكترونية جزئيا,2026/03/31,"35,952,726"
 الرياض,الرياض,القطاع العام,خدمة إلكترونية جزئيا,2026/03/31,"35,953,105"
 الرياض,الرياض,القطاع العام,خدمة إلكترونية جزئيا,2026/03/31,"35,953,274"
 الرياض,الرياض,القطاع العام,خدمة إلكترونية جزئيا,2026/03/31,"35,953,634"
 الرياض,الرياض,القطاع العام,خدمة إلكترونية جزئيا,2026/03/31,"35,951,875"
 الرياض,الرياض,القطاع العام,خدمة إلكترونية جزئيا,2026/03/31,"35,954,826"
 الرياض,الرياض,القطاع العام,خدمة إلكترونية جزئيا,2026/03/31,"35,954,782"
 الرياض,الرياض,القطاع العام,خدمة إلكترونية جزئيا,2026/03/31,"35,953,366"
 الرياض,الرياض,القطاع العام,خدمة إلكترونية جزئيا,2026/03/31,"35,955,003"
 الرياض,الرياض,القطاع العام,خدمة إلكترونية جزئيا,2026/03/31,"35,957,642"
 الرياض,الرياض,القطاع العام,خدمة إلكترونية جزئيا,2026/03/31,"35,958,950"
 الرياض,الرياض,القطاع العام,خدمة إلكترونية جزئيا,2026/03/31,"35,958,780"
 الرياض,الرياض,القطاع العام,خدمة إلكترونية جزئيا,2026/03/31,"35,959,151"
 الرياض,الرياض,القطاع العام,خدمة إلكترونية جزئيا,2026/03/31,"35,959,350"
 الرياض,الرياض,القطاع العام,خدمة إلكترونية جزئيا,2026/03/31,"35,959,469"
 الرياض,الرياض,القطاع العام,خدمة إلكترونية جزئيا,2026/03/31,"35,958,596"
 تبوك,تبوك,القطاع العام,خدمة إلكترونية جزئيا,2026/03/31,"35,956,880"
 الرياض,الرياض,القطاع العام,خدمة إلكترونية جزئيا,2026/03/31,"35,959,777"
 الرياض,الرياض,القطاع العام,خدمة إلكترونية جزئيا,2026/03/31,"35,959,683"
 الرياض,الرياض,القطاع العام,خدمة إلكترونية جزئيا,2026/03/31,"35,959,928"
 الرياض,الرياض,القطاع العام,خدمة إلكترونية جزئيا,2026/03/31,"35,958,332"
 القصيم,بريده,القطاع العام,خدمة إلكترونية جزئيا,2026/03/31,"35,958,716"
 الرياض,الرياض,القطاع العام,خدمة إلكترونية جزئيا,2026/03/31,"35,966,060"
 الرياض,الرياض,القطاع العام,خدمة إلكترونية جزئيا,2026/03/31,"35,952,126"
,,,,,
