المنطقة,المدينة,نوع القطاع,نوع الخدمة,التاريخ ميلادي,الرقم المرجعي
الخدمات الرقمية,عام,القطاع العام,خدمة إلكترونية,2026/04/01,"35,971,218"
الخدمات الرقمية,عام,القطاع العام,خدمة إلكترونية,2026/04/01,"35,969,605"
الخدمات الرقمية,عام,القطاع العام,خدمة إلكترونية,2026/04/01,"35,974,604"
الخدمات الرقمية,عام,القطاع العام,خدمة إلكترونية,2026/04/01,"35,970,683"
الخدمات الرقمية,عام,القطاع العام,خدمة إلكترونية,2026/04/01,"35,974,764"
الخدمات الرقمية,عام,القطاع العام,خدمة إلكترونية,2026/04/01,"35,976,248"
الخدمات الرقمية,عام,القطاع العام,خدمة إلكترونية,2026/04/01,"35,980,202"
الخدمات الرقمية,عام,القطاع العام,خدمة إلكترونية,2026/04/01,"35,978,534"
الخدمات الرقمية,عام,القطاع العام,خدمة إلكترونية,2026/04/01,"35,985,941"
الخدمات الرقمية,عام,القطاع العام,خدمة إلكترونية,2026/04/01,"35,974,229"
الخدمات الرقمية,عام,القطاع العام,خدمة إلكترونية,2026/04/01,"35,981,992"
الخدمات الرقمية,عام,القطاع العام,خدمة إلكترونية,2026/04/01,"35,983,831"
الخدمات الرقمية,عام,القطاع العام,خدمة إلكترونية,2026/04/01,"35,986,534"
الخدمات الرقمية,عام,القطاع العام,خدمة إلكترونية,2026/04/01,"35,981,760"
الخدمات الرقمية,عام,القطاع العام,خدمة إلكترونية,2026/04/01,"35,984,650"
الخدمات الرقمية,عام,القطاع العام,خدمة إلكترونية,2026/04/01,"35,973,590"
الخدمات الرقمية,عام,القطاع العام,خدمة إلكترونية,2026/04/01,"35,985,814"
الخدمات الرقمية,عام,القطاع العام,خدمة إلكترونية,2026/04/01,"35,981,936"
الخدمات الرقمية,عام,القطاع العام,خدمة إلكترونية,2026/04/01,"35,982,083"
الخدمات الرقمية,عام,القطاع العام,خدمة إلكترونية,2026/04/01,"35,969,198"
الخدمات الرقمية,عام,القطاع العام,خدمة إلكترونية,2026/04/01,"35,980,835"
الخدمات الرقمية,عام,القطاع العام,خدمة إلكترونية,2026/04/01,"35,982,621"
الخدمات الرقمية,عام,القطاع العام,خدمة إلكترونية,2026/04/01,"35,976,094"
الخدمات الرقمية,عام,القطاع العام,خدمة إلكترونية,2026/04/01,"35,982,090"
الخدمات الرقمية,عام,القطاع العام,خدمة إلكترونية,2026/04/01,"35,979,827"
الخدمات الرقمية,عام,القطاع العام,خدمة إلكترونية,2026/04/01,"35,986,997"
الخدمات الرقمية,عام,القطاع العام,خدمة إلكترونية,2026/04/01,"35,985,498"
الخدمات الرقمية,عام,القطاع العام,خدمة إلكترونية,2026/04/01,"35,985,551"
الخدمات الرقمية,عام,القطاع العام,خدمة إلكترونية,2026/04/01,"35,987,977"
الخدمات الرقمية,عام,القطاع العام,خدمة إلكترونية,2026/04/01,"35,987,269"
الخدمات الرقمية,عام,القطاع العام,خدمة إلكترونية,2026/04/01,"35,987,338"
الخدمات الرقمية,عام,القطاع العام,خدمة إلكترونية,2026/04/02,"35,988,887"
الخدمات الرقمية,عام,القطاع العام,خدمة إلكترونية,2026/04/02,"36,002,605"
الخدمات الرقمية,عام,القطاع العام,خدمة إلكترونية,2026/04/02,"36,006,659"
الخدمات الرقمية,عام,القطاع العام,خدمة إلكترونية,2026/04/02,"35,993,762"
الخدمات الرقمية,عام,القطاع العام,خدمة إلكترونية,2026/04/02,"35,988,888"
الخدمات الرقمية,عام,القطاع العام,خدمة إلكترونية,2026/04/02,"35,993,541"
الخدمات الرقمية,عام,القطاع العام,خدمة إلكترونية,2026/04/02,"35,993,652"
الخدمات الرقمية,عام,القطاع العام,خدمة إلكترونية,2026/04/02,"35,993,593"
الخدمات الرقمية,عام,القطاع العام,خدمة إلكترونية,2026/04/02,"35,996,213"
الخدمات الرقمية,عام,القطاع العام,خدمة إلكترونية,2026/04/02,"35,997,428"
الخدمات الرقمية,عام,القطاع العام,خدمة إلكترونية,2026/04/02,"36,003,871"
الخدمات الرقمية,عام,القطاع العام,خدمة إلكترونية,2026/04/02,"36,007,685"
الخدمات الرقمية,عام,القطاع العام,خدمة إلكترونية,2026/04/02,"35,992,874"
الخدمات الرقمية,عام,القطاع العام,خدمة إلكترونية,2026/04/02,"36,003,809"
الخدمات الرقمية,عام,القطاع العام,خدمة إلكترونية,2026/04/02,"36,004,992"
الخدمات الرقمية,عام,القطاع العام,خدمة إلكترونية,2026/04/02,"36,005,439"
الخدمات الرقمية,عام,القطاع العام,خدمة إلكترونية,2026/04/02,"36,007,041"
الخدمات الرقمية,عام,القطاع العام,خدمة إلكترونية,2026/04/02,"35,997,541"
الخدمات الرقمية,عام,القطاع العام,خدمة إلكترونية,2026/04/02,"35,998,179"
الخدمات الرقمية,عام,القطاع العام,خدمة إلكترونية,2026/04/02,"35,996,865"
الخدمات الرقمية,عام,القطاع العام,خدمة إلكترونية,2026/04/02,"36,001,716"
الخدمات الرقمية,عام,القطاع العام,خدمة إلكترونية,2026/04/02,"35,998,511"
الخدمات الرقمية,عام,القطاع العام,خدمة إلكترونية,2026/04/02,"36,002,900"
الخدمات الرقمية,عام,القطاع العام,خدمة إلكترونية,2026/04/02,"35,996,511"
الخدمات الرقمية,عام,القطاع العام,خدمة إلكترونية,2026/04/02,"36,001,853"
الخدمات الرقمية,عام,القطاع العام,خدمة إلكترونية,2026/04/02,"36,002,029"
الخدمات الرقمية,عام,القطاع العام,خدمة إلكترونية,2026/04/02,"35,989,877"
الخدمات الرقمية,عام,القطاع العام,خدمة إلكترونية,2026/04/02,"35,993,469"
الخدمات الرقمية,عام,القطاع العام,خدمة إلكترونية,2026/04/02,"36,002,865"
الخدمات الرقمية,عام,القطاع العام,خدمة إلكترونية,2026/04/02,"36,007,059"
الخدمات الرقمية,عام,القطاع العام,خدمة إلكترونية,2026/04/02,"35,994,409"
الخدمات الرقمية,عام,القطاع العام,خدمة إلكترونية,2026/04/02,"36,003,905"
الخدمات الرقمية,عام,القطاع العام,خدمة إلكترونية,2026/04/02,"36,006,206"
الخدمات الرقمية,عام,القطاع العام,خدمة إلكترونية,2026/04/02,"36,001,258"
الخدمات الرقمية,عام,القطاع العام,خدمة إلكترونية,2026/04/02,"35,993,579"
الخدمات الرقمية,عام,القطاع العام,خدمة إلكترونية,2026/04/02,"35,993,682"
الخدمات الرقمية,عام,القطاع العام,خدمة إلكترونية,2026/04/02,"35,993,781"
الخدمات الرقمية,عام,القطاع العام,خدمة إلكترونية,2026/04/02,"35,994,462"
الخدمات الرقمية,عام,القطاع العام,خدمة إلكترونية,2026/04/02,"36,000,478"
الخدمات الرقمية,عام,القطاع العام,خدمة إلكترونية,2026/04/02,"36,002,548"
الخدمات الرقمية,عام,القطاع العام,خدمة إلكترونية,2026/04/02,"36,003,827"
الخدمات الرقمية,عام,القطاع العام,خدمة إلكترونية,2026/04/02,"36,005,160"
الخدمات الرقمية,عام,القطاع العام,خدمة إلكترونية,2026/04/02,"35,998,542"
الخدمات الرقمية,عام,القطاع العام,خدمة إلكترونية,2026/04/02,"35,995,396"
الخدمات الرقمية,عام,القطاع العام,خدمة إلكترونية,2026/04/02,"36,007,900"
الخدمات الرقمية,عام,القطاع العام,خدمة إلكترونية,2026/04/02,"36,007,717"
الخدمات الرقمية,عام,القطاع العام,خدمة إلكترونية,2026/04/03,"36,014,074"
الخدمات الرقمية,عام,القطاع العام,خدمة إلكترونية,2026/04/03,"36,014,837"
الخدمات الرقمية,عام,القطاع العام,خدمة إلكترونية,2026/04/03,"36,014,657"
الخدمات الرقمية,عام,القطاع العام,خدمة إلكترونية,2026/04/03,"36,017,208"
الخدمات الرقمية,عام,القطاع العام,خدمة إلكترونية,2026/04/03,"36,013,700"
الخدمات الرقمية,عام,القطاع العام,خدمة إلكترونية,2026/04/03,"36,013,856"
الخدمات الرقمية,عام,القطاع العام,خدمة إلكترونية,2026/04/03,"36,016,362"
الخدمات الرقمية,عام,القطاع العام,خدمة إلكترونية,2026/04/03,"36,015,122"
الخدمات الرقمية,عام,القطاع العام,خدمة إلكترونية,2026/04/03,"36,016,281"
الخدمات الرقمية,عام,القطاع العام,خدمة إلكترونية,2026/04/03,"36,017,662"
الخدمات الرقمية,عام,القطاع العام,خدمة إلكترونية,2026/04/03,"36,018,997"
الخدمات الرقمية,عام,القطاع العام,خدمة إلكترونية,2026/04/03,"36,016,085"
الخدمات الرقمية,عام,القطاع العام,خدمة إلكترونية,2026/04/03,"36,016,158"
الخدمات الرقمية,عام,القطاع العام,خدمة إلكترونية,2026/04/03,"36,015,181"
الخدمات الرقمية,عام,القطاع العام,خدمة إلكترونية,2026/04/03,"36,016,054"
الخدمات الرقمية,عام,القطاع العام,خدمة إلكترونية,2026/04/03,"36,014,434"
الخدمات الرقمية,عام,القطاع العام,خدمة إلكترونية,2026/04/03,"36,017,228"
الخدمات الرقمية,عام,القطاع العام,خدمة إلكترونية,2026/04/03,"36,017,362"
الخدمات الرقمية,عام,القطاع العام,خدمة إلكترونية,2026/04/03,"36,019,370"
الخدمات الرقمية,عام,القطاع العام,خدمة إلكترونية,2026/04/04,"36,026,895"
الخدمات الرقمية,عام,القطاع العام,خدمة إلكترونية,2026/04/04,"36,022,598"
الخدمات الرقمية,عام,القطاع العام,خدمة إلكترونية,2026/04/04,"36,028,111"
الخدمات الرقمية,عام,القطاع العام,خدمة إلكترونية,2026/04/04,"36,027,911"
الخدمات الرقمية,عام,القطاع العام,خدمة إلكترونية,2026/04/04,"36,024,911"
الخدمات الرقمية,عام,القطاع العام,خدمة إلكترونية,2026/04/04,"36,025,442"
الخدمات الرقمية,عام,القطاع العام,خدمة إلكترونية,2026/04/04,"36,026,001"
الخدمات الرقمية,عام,القطاع العام,خدمة إلكترونية,2026/04/04,"36,026,600"
الخدمات الرقمية,عام,القطاع العام,خدمة إلكترونية,2026/04/04,"36,024,418"
الخدمات الرقمية,عام,القطاع العام,خدمة إلكترونية,2026/04/04,"36,026,391"
الخدمات الرقمية,عام,القطاع العام,خدمة إلكترونية,2026/04/04,"36,027,104"
الخدمات الرقمية,عام,القطاع العام,خدمة إلكترونية,2026/04/04,"36,027,033"
الخدمات الرقمية,عام,القطاع العام,خدمة إلكترونية,2026/04/04,"36,027,277"
الخدمات الرقمية,عام,القطاع العام,خدمة إلكترونية,2026/04/04,"36,028,883"
الخدمات الرقمية,عام,القطاع العام,خدمة إلكترونية,2026/04/04,"36,027,644"
الخدمات الرقمية,عام,القطاع العام,خدمة إلكترونية,2026/04/04,"36,027,649"
الخدمات الرقمية,عام,القطاع العام,خدمة إلكترونية,2026/04/04,"36,025,569"
الخدمات الرقمية,عام,القطاع العام,خدمة إلكترونية,2026/04/04,"36,026,733"
الخدمات الرقمية,عام,القطاع العام,خدمة إلكترونية,2026/04/04,"36,020,120"
الخدمات الرقمية,عام,القطاع العام,خدمة إلكترونية,2026/04/04,"36,026,255"
الخدمات الرقمية,عام,القطاع العام,خدمة إلكترونية,2026/04/04,"36,027,578"
الخدمات الرقمية,عام,القطاع العام,خدمة إلكترونية,2026/04/04,"36,030,211"
الخدمات الرقمية,عام,القطاع العام,خدمة إلكترونية,2026/04/04,"36,030,212"
الخدمات الرقمية,عام,القطاع العام,خدمة إلكترونية,2026/04/04,"36,029,279"
الخدمات الرقمية,عام,القطاع العام,خدمة إلكترونية,2026/04/04,"36,029,905"
الخدمات الرقمية,عام,القطاع العام,خدمة إلكترونية,2026/04/04,"36,026,968"
الخدمات الرقمية,عام,القطاع العام,خدمة إلكترونية,2026/04/04,"36,027,841"
الخدمات الرقمية,عام,القطاع العام,خدمة إلكترونية,2026/04/04,"36,028,222"
الخدمات الرقمية,عام,القطاع العام,خدمة إلكترونية,2026/04/04,"36,029,741"
الخدمات الرقمية,عام,القطاع العام,خدمة إلكترونية,2026/04/04,"36,028,615"
الخدمات الرقمية,عام,القطاع العام,خدمة إلكترونية,2026/04/05,"36,031,324"
الخدمات الرقمية,عام,القطاع العام,خدمة إلكترونية,2026/04/05,"36,031,140"
الخدمات الرقمية,عام,القطاع العام,خدمة إلكترونية,2026/04/05,"36,031,036"
الخدمات الرقمية,عام,القطاع العام,خدمة إلكترونية,2026/04/05,"36,031,003"
الخدمات الرقمية,عام,القطاع العام,خدمة إلكترونية,2026/04/05,"36,031,259"
الخدمات الرقمية,عام,القطاع العام,خدمة إلكترونية,2026/04/05,"36,033,829"
الخدمات الرقمية,عام,القطاع العام,خدمة إلكترونية,2026/04/05,"36,032,573"
الخدمات الرقمية,عام,القطاع العام,خدمة إلكترونية,2026/04/05,"36,032,665"
الخدمات الرقمية,عام,القطاع العام,خدمة إلكترونية,2026/04/05,"36,037,806"
الخدمات الرقمية,عام,القطاع العام,خدمة إلكترونية,2026/04/05,"36,040,055"
الخدمات الرقمية,عام,القطاع العام,خدمة إلكترونية,2026/04/05,"36,039,844"
الخدمات الرقمية,عام,القطاع العام,خدمة إلكترونية,2026/04/05,"36,041,695"
الخدمات الرقمية,عام,القطاع العام,خدمة إلكترونية,2026/04/05,"36,032,799"
الخدمات الرقمية,عام,القطاع العام,خدمة إلكترونية,2026/04/05,"36,038,691"
الخدمات الرقمية,عام,القطاع العام,خدمة إلكترونية,2026/04/05,"36,042,382"
الخدمات الرقمية,عام,القطاع العام,خدمة إلكترونية,2026/04/05,"36,042,414"
الخدمات الرقمية,عام,القطاع العام,خدمة إلكترونية,2026/04/05,"36,031,290"
الخدمات الرقمية,عام,القطاع العام,خدمة إلكترونية,2026/04/05,"36,034,078"
الخدمات الرقمية,عام,القطاع العام,خدمة إلكترونية,2026/04/05,"36,039,175"
الخدمات الرقمية,عام,القطاع العام,خدمة إلكترونية,2026/04/05,"36,039,524"
الخدمات الرقمية,عام,القطاع العام,خدمة إلكترونية,2026/04/05,"36,041,310"
الخدمات الرقمية,عام,القطاع العام,خدمة إلكترونية,2026/04/05,"36,043,516"
الخدمات الرقمية,عام,القطاع العام,خدمة إلكترونية,2026/04/05,"36,041,183"
الخدمات الرقمية,عام,القطاع العام,خدمة إلكترونية,2026/04/05,"36,042,129"
الخدمات الرقمية,عام,القطاع العام,خدمة إلكترونية,2026/04/05,"36,039,211"
الخدمات الرقمية,عام,القطاع العام,خدمة إلكترونية,2026/04/05,"36,037,563"
الخدمات الرقمية,عام,القطاع العام,خدمة إلكترونية,2026/04/05,"36,043,794"
الخدمات الرقمية,عام,القطاع العام,خدمة إلكترونية,2026/04/05,"36,044,447"
الخدمات الرقمية,عام,القطاع العام,خدمة إلكترونية,2026/04/05,"36,044,222"
الخدمات الرقمية,عام,القطاع العام,خدمة إلكترونية,2026/04/05,"36,045,915"
الخدمات الرقمية,عام,القطاع العام,خدمة إلكترونية,2026/04/05,"36,049,232"
الخدمات الرقمية,عام,القطاع العام,خدمة إلكترونية,2026/04/05,"36,049,028"
الخدمات الرقمية,عام,القطاع العام,خدمة إلكترونية,2026/04/05,"36,047,115"
الخدمات الرقمية,عام,القطاع العام,خدمة إلكترونية,2026/04/05,"36,049,494"
الخدمات الرقمية,عام,القطاع العام,خدمة إلكترونية,2026/04/05,"36,046,389"
الخدمات الرقمية,عام,القطاع العام,خدمة إلكترونية,2026/04/05,"36,042,387"
الخدمات الرقمية,عام,القطاع العام,خدمة إلكترونية,2026/04/05,"36,044,864"
الخدمات الرقمية,عام,القطاع العام,خدمة إلكترونية,2026/04/05,"36,039,178"
الخدمات الرقمية,عام,القطاع العام,خدمة إلكترونية,2026/04/05,"36,045,470"
الخدمات الرقمية,عام,القطاع العام,خدمة إلكترونية,2026/04/05,"36,047,017"
الخدمات الرقمية,عام,القطاع العام,خدمة إلكترونية,2026/04/05,"36,043,844"
الخدمات الرقمية,عام,القطاع العام,خدمة إلكترونية,2026/04/05,"36,050,196"
الخدمات الرقمية,عام,القطاع العام,خدمة إلكترونية,2026/04/05,"36,055,792"
الخدمات الرقمية,عام,القطاع العام,خدمة إلكترونية,2026/04/05,"36,061,368"
الخدمات الرقمية,عام,القطاع العام,خدمة إلكترونية,2026/04/05,"36,061,405"
الخدمات الرقمية,عام,القطاع العام,خدمة إلكترونية,2026/04/05,"36,050,130"
الخدمات الرقمية,عام,القطاع العام,خدمة إلكترونية,2026/04/05,"36,059,282"
الخدمات الرقمية,عام,القطاع العام,خدمة إلكترونية,2026/04/05,"36,050,440"
الخدمات الرقمية,عام,القطاع العام,خدمة إلكترونية,2026/04/05,"36,054,744"
الخدمات الرقمية,عام,القطاع العام,خدمة إلكترونية,2026/04/05,"36,049,983"
الخدمات الرقمية,عام,القطاع العام,خدمة إلكترونية,2026/04/05,"36,055,786"
الخدمات الرقمية,عام,القطاع العام,خدمة إلكترونية,2026/04/05,"36,052,635"
الخدمات الرقمية,عام,القطاع العام,خدمة إلكترونية,2026/04/05,"36,056,589"
الخدمات الرقمية,عام,القطاع العام,خدمة إلكترونية,2026/04/05,"36,059,863"
الخدمات الرقمية,عام,القطاع العام,خدمة إلكترونية,2026/04/05,"36,052,830"
الخدمات الرقمية,عام,القطاع العام,خدمة إلكترونية,2026/04/05,"36,052,899"
الخدمات الرقمية,عام,القطاع العام,خدمة إلكترونية,2026/04/05,"36,055,801"
الخدمات الرقمية,عام,القطاع العام,خدمة إلكترونية,2026/04/05,"36,061,771"
الخدمات الرقمية,عام,القطاع العام,خدمة إلكترونية,2026/04/05,"36,061,768"
الخدمات الرقمية,عام,القطاع العام,خدمة إلكترونية,2026/04/05,"36,053,293"
الخدمات الرقمية,عام,القطاع العام,خدمة إلكترونية,2026/04/05,"36,061,739"
الخدمات الرقمية,عام,القطاع العام,خدمة إلكترونية,2026/04/05,"36,060,635"
الخدمات الرقمية,عام,القطاع العام,خدمة إلكترونية,2026/04/05,"36,059,124"
الخدمات الرقمية,عام,القطاع العام,خدمة إلكترونية,2026/04/06,"36,084,839"
الخدمات الرقمية,عام,القطاع العام,خدمة إلكترونية,2026/04/06,"36,082,366"
الخدمات الرقمية,عام,القطاع العام,خدمة إلكترونية,2026/04/06,"36,084,157"
الخدمات الرقمية,عام,القطاع العام,خدمة إلكترونية,2026/04/06,"36,082,907"
الخدمات الرقمية,عام,القطاع العام,خدمة إلكترونية,2026/04/06,"36,083,905"
الخدمات الرقمية,عام,القطاع العام,خدمة إلكترونية,2026/04/06,"36,084,104"
الخدمات الرقمية,عام,القطاع العام,خدمة إلكترونية,2026/04/06,"36,087,270"
الخدمات الرقمية,عام,القطاع العام,خدمة إلكترونية,2026/04/06,"36,088,229"
الخدمات الرقمية,عام,القطاع العام,خدمة إلكترونية,2026/04/06,"36,086,343"
الخدمات الرقمية,عام,القطاع العام,خدمة إلكترونية,2026/04/06,"36,087,529"
الخدمات الرقمية,عام,القطاع العام,خدمة إلكترونية,2026/04/06,"36,086,265"
الخدمات الرقمية,عام,القطاع العام,خدمة إلكترونية,2026/04/06,"36,087,607"
الخدمات الرقمية,عام,القطاع العام,خدمة إلكترونية,2026/04/06,"36,087,698"
الخدمات الرقمية,عام,القطاع العام,خدمة إلكترونية,2026/04/06,"36,063,850"
الخدمات الرقمية,عام,القطاع العام,خدمة إلكترونية,2026/04/06,"36,074,227"
الخدمات الرقمية,عام,القطاع العام,خدمة إلكترونية,2026/04/06,"36,076,554"
الخدمات الرقمية,عام,القطاع العام,خدمة إلكترونية,2026/04/06,"36,078,109"
الخدمات الرقمية,عام,القطاع العام,خدمة إلكترونية,2026/04/06,"36,080,270"
الخدمات الرقمية,عام,القطاع العام,خدمة إلكترونية,2026/04/06,"36,080,285"
الخدمات الرقمية,عام,القطاع العام,خدمة إلكترونية,2026/04/06,"36,062,773"
الخدمات الرقمية,عام,القطاع العام,خدمة إلكترونية,2026/04/06,"36,076,427"
الخدمات الرقمية,عام,القطاع العام,خدمة إلكترونية,2026/04/06,"36,063,767"
الخدمات الرقمية,عام,القطاع العام,خدمة إلكترونية,2026/04/06,"36,067,814"
الخدمات الرقمية,عام,القطاع العام,خدمة إلكترونية,2026/04/06,"36,071,372"
الخدمات الرقمية,عام,القطاع العام,خدمة إلكترونية,2026/04/06,"36,072,180"
الخدمات الرقمية,عام,القطاع العام,خدمة إلكترونية,2026/04/06,"36,065,718"
الخدمات الرقمية,عام,القطاع العام,خدمة إلكترونية,2026/04/06,"36,076,549"
الخدمات الرقمية,عام,القطاع العام,خدمة إلكترونية,2026/04/06,"36,071,063"
الخدمات الرقمية,عام,القطاع العام,خدمة إلكترونية,2026/04/06,"36,078,294"
الخدمات الرقمية,عام,القطاع العام,خدمة إلكترونية,2026/04/06,"36,078,679"
الخدمات الرقمية,عام,القطاع العام,خدمة إلكترونية,2026/04/06,"36,066,904"
الخدمات الرقمية,عام,القطاع العام,خدمة إلكترونية,2026/04/06,"36,067,731"
الخدمات الرقمية,عام,القطاع العام,خدمة إلكترونية,2026/04/06,"36,076,490"
الخدمات الرقمية,عام,القطاع العام,خدمة إلكترونية,2026/04/06,"36,080,324"
الخدمات الرقمية,عام,القطاع العام,خدمة إلكترونية,2026/04/06,"36,071,152"
الخدمات الرقمية,عام,القطاع العام,خدمة إلكترونية,2026/04/06,"36,062,912"
الخدمات الرقمية,عام,القطاع العام,خدمة إلكترونية,2026/04/06,"36,079,379"
الخدمات الرقمية,عام,القطاع العام,خدمة إلكترونية,2026/04/06,"36,079,687"
الخدمات الرقمية,عام,القطاع العام,خدمة إلكترونية,2026/04/06,"36,087,641"
الخدمات الرقمية,عام,القطاع العام,خدمة إلكترونية,2026/04/06,"36,076,528"
الخدمات الرقمية,عام,القطاع العام,خدمة إلكترونية,2026/04/06,"36,078,603"
الخدمات الرقمية,عام,القطاع العام,خدمة إلكترونية,2026/04/06,"36,079,778"
الخدمات الرقمية,عام,القطاع العام,خدمة إلكترونية,2026/04/06,"36,062,808"
الخدمات الرقمية,عام,القطاع العام,خدمة إلكترونية,2026/04/06,"36,071,946"
الخدمات الرقمية,عام,القطاع العام,خدمة إلكترونية,2026/04/06,"36,074,722"
الخدمات الرقمية,عام,القطاع العام,خدمة إلكترونية,2026/04/06,"36,078,187"
الخدمات الرقمية,عام,القطاع العام,خدمة إلكترونية,2026/04/06,"36,079,400"
الخدمات الرقمية,عام,القطاع العام,خدمة إلكترونية,2026/04/06,"36,079,721"
الخدمات الرقمية,عام,القطاع العام,خدمة إلكترونية,2026/04/07,"36,090,545"
الخدمات الرقمية,عام,القطاع العام,خدمة إلكترونية,2026/04/07,"36,097,145"
الخدمات الرقمية,عام,القطاع العام,خدمة إلكترونية,2026/04/07,"36,097,150"
الخدمات الرقمية,عام,القطاع العام,خدمة إلكترونية,2026/04/07,"36,099,971"
الخدمات الرقمية,عام,القطاع العام,خدمة إلكترونية,2026/04/07,"36,102,236"
الخدمات الرقمية,عام,القطاع العام,خدمة إلكترونية,2026/04/07,"36,099,340"
الخدمات الرقمية,عام,القطاع العام,خدمة إلكترونية,2026/04/07,"36,091,665"
الخدمات الرقمية,عام,القطاع العام,خدمة إلكترونية,2026/04/07,"36,095,986"
الخدمات الرقمية,عام,القطاع العام,خدمة إلكترونية,2026/04/07,"36,094,956"
الخدمات الرقمية,عام,القطاع العام,خدمة إلكترونية,2026/04/07,"36,102,266"
الخدمات الرقمية,عام,القطاع العام,خدمة إلكترونية,2026/04/07,"36,102,239"
الخدمات الرقمية,عام,القطاع العام,خدمة إلكترونية,2026/04/07,"36,097,190"
الخدمات الرقمية,عام,القطاع العام,خدمة إلكترونية,2026/04/07,"36,103,074"
الخدمات الرقمية,عام,القطاع العام,خدمة إلكترونية,2026/04/07,"36,103,513"
الخدمات الرقمية,عام,القطاع العام,خدمة إلكترونية,2026/04/07,"36,102,300"
الخدمات الرقمية,عام,القطاع العام,خدمة إلكترونية,2026/04/07,"36,102,307"
الخدمات الرقمية,عام,القطاع العام,خدمة إلكترونية,2026/04/07,"36,107,336"
الخدمات الرقمية,عام,القطاع العام,خدمة إلكترونية,2026/04/07,"36,107,676"
الخدمات الرقمية,عام,القطاع العام,خدمة إلكترونية,2026/04/07,"36,107,807"
الخدمات الرقمية,عام,القطاع العام,خدمة إلكترونية,2026/04/07,"36,109,515"
الخدمات الرقمية,عام,القطاع العام,خدمة إلكترونية,2026/04/07,"36,107,071"
الخدمات الرقمية,عام,القطاع العام,خدمة إلكترونية,2026/04/07,"36,108,370"
الخدمات الرقمية,عام,القطاع العام,خدمة إلكترونية,2026/04/07,"36,108,412"
الخدمات الرقمية,عام,القطاع العام,خدمة إلكترونية,2026/04/07,"36,102,304"
الخدمات الرقمية,عام,القطاع العام,خدمة إلكترونية,2026/04/07,"36,107,174"
الخدمات الرقمية,عام,القطاع العام,خدمة إلكترونية,2026/04/07,"36,110,143"
الخدمات الرقمية,عام,القطاع العام,خدمة إلكترونية,2026/04/07,"36,110,798"
الخدمات الرقمية,عام,القطاع العام,خدمة إلكترونية,2026/04/07,"36,107,960"
الخدمات الرقمية,عام,القطاع العام,خدمة إلكترونية,2026/04/07,"36,106,100"
الخدمات الرقمية,عام,القطاع العام,خدمة إلكترونية,2026/04/07,"36,111,417"
الخدمات الرقمية,عام,القطاع العام,خدمة إلكترونية,2026/04/07,"36,110,646"
الخدمات الرقمية,عام,القطاع العام,خدمة إلكترونية,2026/04/07,"36,113,753"
الخدمات الرقمية,عام,القطاع العام,خدمة إلكترونية,2026/04/07,"36,113,846"
الخدمات الرقمية,عام,القطاع العام,خدمة إلكترونية,2026/04/07,"36,110,283"
الخدمات الرقمية,عام,القطاع العام,خدمة إلكترونية,2026/04/07,"36,112,575"
الخدمات الرقمية,عام,القطاع العام,خدمة إلكترونية,2026/04/07,"36,112,829"
الخدمات الرقمية,عام,القطاع العام,خدمة إلكترونية,2026/04/07,"36,109,624"
الخدمات الرقمية,عام,القطاع العام,خدمة إلكترونية,2026/04/07,"36,111,875"
الخدمات الرقمية,عام,القطاع العام,خدمة إلكترونية,2026/04/07,"36,114,151"
الخدمات الرقمية,عام,القطاع العام,خدمة إلكترونية,2026/04/07,"36,110,186"
الخدمات الرقمية,عام,القطاع العام,خدمة إلكترونية,2026/04/07,"36,111,216"
الخدمات الرقمية,عام,القطاع العام,خدمة إلكترونية,2026/04/07,"36,112,605"
الخدمات الرقمية,عام,القطاع العام,خدمة إلكترونية,2026/04/07,"36,112,788"
الخدمات الرقمية,عام,القطاع العام,خدمة إلكترونية,2026/04/07,"36,113,111"
الخدمات الرقمية,عام,القطاع العام,خدمة إلكترونية,2026/04/07,"36,114,753"
الخدمات الرقمية,عام,القطاع العام,خدمة إلكترونية,2026/04/07,"36,112,113"
الخدمات الرقمية,عام,القطاع العام,خدمة إلكترونية,2026/04/07,"36,108,527"
الخدمات الرقمية,عام,القطاع العام,خدمة إلكترونية,2026/04/07,"36,114,353"
الخدمات الرقمية,عام,القطاع العام,خدمة إلكترونية,2026/04/07,"36,111,902"
الخدمات الرقمية,عام,القطاع العام,خدمة إلكترونية,2026/04/07,"36,112,981"
الخدمات الرقمية,عام,القطاع العام,خدمة إلكترونية,2026/04/07,"36,113,155"
الخدمات الرقمية,عام,القطاع العام,خدمة إلكترونية,2026/04/07,"36,114,611"
الخدمات الرقمية,عام,القطاع العام,خدمة إلكترونية,2026/04/07,"36,112,153"
الخدمات الرقمية,عام,القطاع العام,خدمة إلكترونية,2026/04/07,"36,113,395"
الخدمات الرقمية,عام,القطاع العام,خدمة إلكترونية,2026/04/07,"36,113,805"
الخدمات الرقمية,عام,القطاع العام,خدمة إلكترونية,2026/04/07,"36,114,658"
الخدمات الرقمية,عام,القطاع العام,خدمة إلكترونية,2026/04/07,"36,113,033"
الخدمات الرقمية,عام,القطاع العام,خدمة إلكترونية,2026/04/07,"36,115,681"
الخدمات الرقمية,عام,القطاع العام,خدمة إلكترونية,2026/04/07,"36,114,591"
الخدمات الرقمية,عام,القطاع العام,خدمة إلكترونية,2026/04/07,"36,114,104"
الخدمات الرقمية,عام,القطاع العام,خدمة إلكترونية,2026/04/07,"36,115,732"
الخدمات الرقمية,عام,القطاع العام,خدمة إلكترونية,2026/04/08,"36,119,152"
الخدمات الرقمية,عام,القطاع العام,خدمة إلكترونية,2026/04/08,"36,118,217"
الخدمات الرقمية,عام,القطاع العام,خدمة إلكترونية,2026/04/08,"36,118,450"
الخدمات الرقمية,عام,القطاع العام,خدمة إلكترونية,2026/04/08,"36,118,636"
الخدمات الرقمية,عام,القطاع العام,خدمة إلكترونية,2026/04/08,"36,119,329"
الخدمات الرقمية,عام,القطاع العام,خدمة إلكترونية,2026/04/08,"36,125,172"
الخدمات الرقمية,عام,القطاع العام,خدمة إلكترونية,2026/04/08,"36,122,701"
الخدمات الرقمية,عام,القطاع العام,خدمة إلكترونية,2026/04/08,"36,125,169"
الخدمات الرقمية,عام,القطاع العام,خدمة إلكترونية,2026/04/08,"36,119,728"
الخدمات الرقمية,عام,القطاع العام,خدمة إلكترونية,2026/04/08,"36,121,598"
الخدمات الرقمية,عام,القطاع العام,خدمة إلكترونية,2026/04/08,"36,124,909"
الخدمات الرقمية,عام,القطاع العام,خدمة إلكترونية,2026/04/08,"36,126,129"
الخدمات الرقمية,عام,القطاع العام,خدمة إلكترونية,2026/04/08,"36,128,436"
الخدمات الرقمية,عام,القطاع العام,خدمة إلكترونية,2026/04/08,"36,118,649"
الخدمات الرقمية,عام,القطاع العام,خدمة إلكترونية,2026/04/08,"36,125,105"
الخدمات الرقمية,عام,القطاع العام,خدمة إلكترونية,2026/04/08,"36,127,642"
الخدمات الرقمية,عام,القطاع العام,خدمة إلكترونية,2026/04/08,"36,128,569"
الخدمات الرقمية,عام,القطاع العام,خدمة إلكترونية,2026/04/08,"36,127,762"
الخدمات الرقمية,عام,القطاع العام,خدمة إلكترونية,2026/04/08,"36,121,252"
الخدمات الرقمية,عام,القطاع العام,خدمة إلكترونية,2026/04/08,"36,125,119"
الخدمات الرقمية,عام,القطاع العام,خدمة إلكترونية,2026/04/08,"36,129,312"
الخدمات الرقمية,عام,القطاع العام,خدمة إلكترونية,2026/04/08,"36,124,114"
الخدمات الرقمية,عام,القطاع العام,خدمة إلكترونية,2026/04/08,"36,127,404"
الخدمات الرقمية,عام,القطاع العام,خدمة إلكترونية,2026/04/08,"36,134,583"
الخدمات الرقمية,عام,القطاع العام,خدمة إلكترونية,2026/04/08,"36,130,529"
الخدمات الرقمية,عام,القطاع العام,خدمة إلكترونية,2026/04/08,"36,130,599"
الخدمات الرقمية,عام,القطاع العام,خدمة إلكترونية,2026/04/08,"36,131,411"
الخدمات الرقمية,عام,القطاع العام,خدمة إلكترونية,2026/04/08,"36,133,644"
الخدمات الرقمية,عام,القطاع العام,خدمة إلكترونية,2026/04/08,"36,134,334"
الخدمات الرقمية,عام,القطاع العام,خدمة إلكترونية,2026/04/08,"36,132,506"
الخدمات الرقمية,عام,القطاع العام,خدمة إلكترونية,2026/04/08,"36,132,615"
الخدمات الرقمية,عام,القطاع العام,خدمة إلكترونية,2026/04/08,"36,133,465"
الخدمات الرقمية,عام,القطاع العام,خدمة إلكترونية,2026/04/08,"36,131,129"
الخدمات الرقمية,عام,القطاع العام,خدمة إلكترونية,2026/04/08,"36,133,654"
الخدمات الرقمية,عام,القطاع العام,خدمة إلكترونية,2026/04/08,"36,135,295"
الخدمات الرقمية,عام,القطاع العام,خدمة إلكترونية,2026/04/08,"36,133,205"
الخدمات الرقمية,عام,القطاع العام,خدمة إلكترونية,2026/04/08,"36,136,486"
الخدمات الرقمية,عام,القطاع العام,خدمة إلكترونية,2026/04/08,"36,136,820"
الخدمات الرقمية,عام,القطاع العام,خدمة إلكترونية,2026/04/08,"36,136,864"
الخدمات الرقمية,عام,القطاع العام,خدمة إلكترونية,2026/04/08,"36,124,152"
الخدمات الرقمية,عام,القطاع العام,خدمة إلكترونية,2026/04/08,"36,131,766"
الخدمات الرقمية,عام,القطاع العام,خدمة إلكترونية,2026/04/08,"36,133,455"
الخدمات الرقمية,عام,القطاع العام,خدمة إلكترونية,2026/04/08,"36,134,482"
الخدمات الرقمية,عام,القطاع العام,خدمة إلكترونية,2026/04/08,"36,136,989"
الخدمات الرقمية,عام,القطاع العام,خدمة إلكترونية,2026/04/08,"36,130,530"
الخدمات الرقمية,عام,القطاع العام,خدمة إلكترونية,2026/04/08,"36,134,849"
الخدمات الرقمية,عام,القطاع العام,خدمة إلكترونية,2026/04/08,"36,127,114"
الخدمات الرقمية,عام,القطاع العام,خدمة إلكترونية,2026/04/08,"36,129,307"
الخدمات الرقمية,عام,القطاع العام,خدمة إلكترونية,2026/04/08,"36,130,612"
الخدمات الرقمية,عام,القطاع العام,خدمة إلكترونية,2026/04/08,"36,131,080"
الخدمات الرقمية,عام,القطاع العام,خدمة إلكترونية,2026/04/08,"36,132,457"
الخدمات الرقمية,عام,القطاع العام,خدمة إلكترونية,2026/04/08,"36,134,723"
الخدمات الرقمية,عام,القطاع العام,خدمة إلكترونية,2026/04/08,"36,125,101"
الخدمات الرقمية,عام,القطاع العام,خدمة إلكترونية,2026/04/08,"36,130,789"
الخدمات الرقمية,عام,القطاع العام,خدمة إلكترونية,2026/04/08,"36,130,963"
الخدمات الرقمية,عام,القطاع العام,خدمة إلكترونية,2026/04/08,"36,124,829"
الخدمات الرقمية,عام,القطاع العام,خدمة إلكترونية,2026/04/08,"36,128,555"
الخدمات الرقمية,عام,القطاع العام,خدمة إلكترونية,2026/04/08,"36,131,058"
الخدمات الرقمية,عام,القطاع العام,خدمة إلكترونية,2026/04/08,"36,133,017"
الخدمات الرقمية,عام,القطاع العام,خدمة إلكترونية,2026/04/08,"36,125,070"
الخدمات الرقمية,عام,القطاع العام,خدمة إلكترونية,2026/04/08,"36,136,452"
الخدمات الرقمية,عام,القطاع العام,خدمة إلكترونية,2026/04/08,"36,137,294"
الخدمات الرقمية,عام,القطاع العام,خدمة إلكترونية,2026/04/08,"36,135,452"
الخدمات الرقمية,عام,القطاع العام,خدمة إلكترونية,2026/04/08,"36,137,922"
الخدمات الرقمية,عام,القطاع العام,خدمة إلكترونية,2026/04/09,"36,141,230"
الخدمات الرقمية,عام,القطاع العام,خدمة إلكترونية,2026/04/09,"36,138,225"
الخدمات الرقمية,عام,القطاع العام,خدمة إلكترونية,2026/04/09,"36,138,076"
الخدمات الرقمية,عام,القطاع العام,خدمة إلكترونية,2026/04/09,"36,138,158"
الخدمات الرقمية,عام,القطاع العام,خدمة إلكترونية,2026/04/09,"36,138,035"
الخدمات الرقمية,عام,القطاع العام,خدمة إلكترونية,2026/04/09,"36,143,411"
الخدمات الرقمية,عام,القطاع العام,خدمة إلكترونية,2026/04/09,"36,138,714"
الخدمات الرقمية,عام,القطاع العام,خدمة إلكترونية,2026/04/09,"36,139,995"
الخدمات الرقمية,عام,القطاع العام,خدمة إلكترونية,2026/04/09,"36,145,184"
الخدمات الرقمية,عام,القطاع العام,خدمة إلكترونية,2026/04/09,"36,140,076"
الخدمات الرقمية,عام,القطاع العام,خدمة إلكترونية,2026/04/09,"36,140,093"
الخدمات الرقمية,عام,القطاع العام,خدمة إلكترونية,2026/04/09,"36,150,905"
الخدمات الرقمية,عام,القطاع العام,خدمة إلكترونية,2026/04/09,"36,148,826"
الخدمات الرقمية,عام,القطاع العام,خدمة إلكترونية,2026/04/09,"36,156,104"
الخدمات الرقمية,عام,القطاع العام,خدمة إلكترونية,2026/04/09,"36,149,482"
الخدمات الرقمية,عام,القطاع العام,خدمة إلكترونية,2026/04/09,"36,151,550"
الخدمات الرقمية,عام,القطاع العام,خدمة إلكترونية,2026/04/09,"36,139,294"
الخدمات الرقمية,عام,القطاع العام,خدمة إلكترونية,2026/04/09,"36,156,233"
الخدمات الرقمية,عام,القطاع العام,خدمة إلكترونية,2026/04/09,"36,151,087"
الخدمات الرقمية,عام,القطاع العام,خدمة إلكترونية,2026/04/09,"36,155,254"
الخدمات الرقمية,عام,القطاع العام,خدمة إلكترونية,2026/04/09,"36,148,604"
الخدمات الرقمية,عام,القطاع العام,خدمة إلكترونية,2026/04/09,"36,161,852"
الخدمات الرقمية,عام,القطاع العام,خدمة إلكترونية,2026/04/09,"36,145,413"
الخدمات الرقمية,عام,القطاع العام,خدمة إلكترونية,2026/04/09,"36,157,659"
الخدمات الرقمية,عام,القطاع العام,خدمة إلكترونية,2026/04/09,"36,138,106"
الخدمات الرقمية,عام,القطاع العام,خدمة إلكترونية,2026/04/09,"36,138,316"
الخدمات الرقمية,عام,القطاع العام,خدمة إلكترونية,2026/04/09,"36,148,921"
الخدمات الرقمية,عام,القطاع العام,خدمة إلكترونية,2026/04/09,"36,139,991"
الخدمات الرقمية,عام,القطاع العام,خدمة إلكترونية,2026/04/09,"36,149,439"
الخدمات الرقمية,عام,القطاع العام,خدمة إلكترونية,2026/04/09,"36,153,324"
الخدمات الرقمية,عام,القطاع العام,خدمة إلكترونية,2026/04/09,"36,158,269"
الخدمات الرقمية,عام,القطاع العام,خدمة إلكترونية,2026/04/09,"36,146,763"
الخدمات الرقمية,عام,القطاع العام,خدمة إلكترونية,2026/04/09,"36,151,959"
الخدمات الرقمية,عام,القطاع العام,خدمة إلكترونية,2026/04/09,"36,157,824"
الخدمات الرقمية,عام,القطاع العام,خدمة إلكترونية,2026/04/09,"36,158,329"
الخدمات الرقمية,عام,القطاع العام,خدمة إلكترونية,2026/04/09,"36,160,460"
الخدمات الرقمية,عام,القطاع العام,خدمة إلكترونية,2026/04/09,"36,162,558"
الخدمات الرقمية,عام,القطاع العام,خدمة إلكترونية,2026/04/09,"36,162,474"
الخدمات الرقمية,عام,القطاع العام,خدمة إلكترونية,2026/04/09,"36,162,789"
الخدمات الرقمية,عام,القطاع العام,خدمة إلكترونية,2026/04/10,"36,169,769"
الخدمات الرقمية,عام,القطاع العام,خدمة إلكترونية,2026/04/10,"36,163,681"
الخدمات الرقمية,عام,القطاع العام,خدمة إلكترونية,2026/04/10,"36,169,749"
الخدمات الرقمية,عام,القطاع العام,خدمة إلكترونية,2026/04/10,"36,167,878"
الخدمات الرقمية,عام,القطاع العام,خدمة إلكترونية,2026/04/10,"36,162,776"
الخدمات الرقمية,عام,القطاع العام,خدمة إلكترونية,2026/04/10,"36,171,432"
الخدمات الرقمية,عام,القطاع العام,خدمة إلكترونية,2026/04/10,"36,162,908"
الخدمات الرقمية,عام,القطاع العام,خدمة إلكترونية,2026/04/10,"36,162,900"
الخدمات الرقمية,عام,القطاع العام,خدمة إلكترونية,2026/04/10,"36,170,694"
الخدمات الرقمية,عام,القطاع العام,خدمة إلكترونية,2026/04/10,"36,169,765"
الخدمات الرقمية,عام,القطاع العام,خدمة إلكترونية,2026/04/10,"36,170,305"
الخدمات الرقمية,عام,القطاع العام,خدمة إلكترونية,2026/04/10,"36,170,334"
الخدمات الرقمية,عام,القطاع العام,خدمة إلكترونية,2026/04/10,"36,163,801"
الخدمات الرقمية,عام,القطاع العام,خدمة إلكترونية,2026/04/10,"36,171,507"
الخدمات الرقمية,عام,القطاع العام,خدمة إلكترونية,2026/04/10,"36,163,683"
الخدمات الرقمية,عام,القطاع العام,خدمة إلكترونية,2026/04/11,"36,174,834"
الخدمات الرقمية,عام,القطاع العام,خدمة إلكترونية,2026/04/11,"36,175,384"
الخدمات الرقمية,عام,القطاع العام,خدمة إلكترونية,2026/04/11,"36,178,045"
الخدمات الرقمية,عام,القطاع العام,خدمة إلكترونية,2026/04/11,"36,178,893"
الخدمات الرقمية,عام,القطاع العام,خدمة إلكترونية,2026/04/11,"36,179,456"
الخدمات الرقمية,عام,القطاع العام,خدمة إلكترونية,2026/04/11,"36,179,626"
الخدمات الرقمية,عام,القطاع العام,خدمة إلكترونية,2026/04/11,"36,182,621"
الخدمات الرقمية,عام,القطاع العام,خدمة إلكترونية,2026/04/11,"36,181,412"
الخدمات الرقمية,عام,القطاع العام,خدمة إلكترونية,2026/04/11,"36,182,379"
الخدمات الرقمية,عام,القطاع العام,خدمة إلكترونية,2026/04/11,"36,177,171"
الخدمات الرقمية,عام,القطاع العام,خدمة إلكترونية,2026/04/11,"36,183,131"
الخدمات الرقمية,عام,القطاع العام,خدمة إلكترونية,2026/04/11,"36,183,318"
الخدمات الرقمية,عام,القطاع العام,خدمة إلكترونية,2026/04/11,"36,179,756"
الخدمات الرقمية,عام,القطاع العام,خدمة إلكترونية,2026/04/11,"36,179,787"
الخدمات الرقمية,عام,القطاع العام,خدمة إلكترونية,2026/04/11,"36,179,824"
الخدمات الرقمية,عام,القطاع العام,خدمة إلكترونية,2026/04/11,"36,182,043"
الخدمات الرقمية,عام,القطاع العام,خدمة إلكترونية,2026/04/11,"36,174,622"
الخدمات الرقمية,عام,القطاع العام,خدمة إلكترونية,2026/04/11,"36,178,458"
الخدمات الرقمية,عام,القطاع العام,خدمة إلكترونية,2026/04/11,"36,181,015"
الخدمات الرقمية,عام,القطاع العام,خدمة إلكترونية,2026/04/11,"36,181,180"
الخدمات الرقمية,عام,القطاع العام,خدمة إلكترونية,2026/04/11,"36,183,010"
الخدمات الرقمية,عام,القطاع العام,خدمة إلكترونية,2026/04/11,"36,177,932"
الخدمات الرقمية,عام,القطاع العام,خدمة إلكترونية,2026/04/11,"36,179,563"
الخدمات الرقمية,عام,القطاع العام,خدمة إلكترونية,2026/04/11,"36,180,940"
الخدمات الرقمية,عام,القطاع العام,خدمة إلكترونية,2026/04/11,"36,182,307"
الخدمات الرقمية,عام,القطاع العام,خدمة إلكترونية,2026/04/12,"36,191,402"
الخدمات الرقمية,عام,القطاع العام,خدمة إلكترونية,2026/04/12,"36,186,860"
الخدمات الرقمية,عام,القطاع العام,خدمة إلكترونية,2026/04/12,"36,187,859"
الخدمات الرقمية,عام,القطاع العام,خدمة إلكترونية,2026/04/12,"36,189,765"
الخدمات الرقمية,عام,القطاع العام,خدمة إلكترونية,2026/04/12,"36,192,368"
الخدمات الرقمية,عام,القطاع العام,خدمة إلكترونية,2026/04/12,"36,199,365"
الخدمات الرقمية,عام,القطاع العام,خدمة إلكترونية,2026/04/12,"36,201,098"
الخدمات الرقمية,عام,القطاع العام,خدمة إلكترونية,2026/04/12,"36,202,434"
الخدمات الرقمية,عام,القطاع العام,خدمة إلكترونية,2026/04/12,"36,203,940"
الخدمات الرقمية,عام,القطاع العام,خدمة إلكترونية,2026/04/12,"36,204,307"
الخدمات الرقمية,عام,القطاع العام,خدمة إلكترونية,2026/04/12,"36,192,008"
الخدمات الرقمية,عام,القطاع العام,خدمة إلكترونية,2026/04/12,"36,200,919"
الخدمات الرقمية,عام,القطاع العام,خدمة إلكترونية,2026/04/12,"36,186,812"
الخدمات الرقمية,عام,القطاع العام,خدمة إلكترونية,2026/04/12,"36,189,818"
الخدمات الرقمية,عام,القطاع العام,خدمة إلكترونية,2026/04/12,"36,201,781"
الخدمات الرقمية,عام,القطاع العام,خدمة إلكترونية,2026/04/12,"36,186,870"
الخدمات الرقمية,عام,القطاع العام,خدمة إلكترونية,2026/04/12,"36,193,145"
الخدمات الرقمية,عام,القطاع العام,خدمة إلكترونية,2026/04/12,"36,199,717"
الخدمات الرقمية,عام,القطاع العام,خدمة إلكترونية,2026/04/12,"36,201,830"
الخدمات الرقمية,عام,القطاع العام,خدمة إلكترونية,2026/04/12,"36,186,865"
الخدمات الرقمية,عام,القطاع العام,خدمة إلكترونية,2026/04/12,"36,187,456"
الخدمات الرقمية,عام,القطاع العام,خدمة إلكترونية,2026/04/12,"36,189,721"
الخدمات الرقمية,عام,القطاع العام,خدمة إلكترونية,2026/04/12,"36,201,365"
الخدمات الرقمية,عام,القطاع العام,خدمة إلكترونية,2026/04/12,"36,201,440"
الخدمات الرقمية,عام,القطاع العام,خدمة إلكترونية,2026/04/12,"36,201,702"
الخدمات الرقمية,عام,القطاع العام,خدمة إلكترونية,2026/04/12,"36,187,730"
الخدمات الرقمية,عام,القطاع العام,خدمة إلكترونية,2026/04/12,"36,192,502"
الخدمات الرقمية,عام,القطاع العام,خدمة إلكترونية,2026/04/12,"36,193,757"
الخدمات الرقمية,عام,القطاع العام,خدمة إلكترونية,2026/04/12,"36,191,868"
الخدمات الرقمية,عام,القطاع العام,خدمة إلكترونية,2026/04/12,"36,196,179"
الخدمات الرقمية,عام,القطاع العام,خدمة إلكترونية,2026/04/12,"36,201,630"
الخدمات الرقمية,عام,القطاع العام,خدمة إلكترونية,2026/04/12,"36,201,663"
الخدمات الرقمية,عام,القطاع العام,خدمة إلكترونية,2026/04/12,"36,186,776"
الخدمات الرقمية,عام,القطاع العام,خدمة إلكترونية,2026/04/12,"36,192,977"
الخدمات الرقمية,عام,القطاع العام,خدمة إلكترونية,2026/04/12,"36,196,895"
الخدمات الرقمية,عام,القطاع العام,خدمة إلكترونية,2026/04/12,"36,197,185"
الخدمات الرقمية,عام,القطاع العام,خدمة إلكترونية,2026/04/12,"36,200,713"
الخدمات الرقمية,عام,القطاع العام,خدمة إلكترونية,2026/04/12,"36,200,748"
الخدمات الرقمية,عام,القطاع العام,خدمة إلكترونية,2026/04/12,"36,204,693"
الخدمات الرقمية,عام,القطاع العام,خدمة إلكترونية,2026/04/12,"36,193,051"
الخدمات الرقمية,عام,القطاع العام,خدمة إلكترونية,2026/04/12,"36,198,357"
الخدمات الرقمية,عام,القطاع العام,خدمة إلكترونية,2026/04/12,"36,199,347"
الخدمات الرقمية,عام,القطاع العام,خدمة إلكترونية,2026/04/12,"36,203,413"
الخدمات الرقمية,عام,القطاع العام,خدمة إلكترونية,2026/04/12,"36,197,659"
الخدمات الرقمية,عام,القطاع العام,خدمة إلكترونية,2026/04/12,"36,197,694"
الخدمات الرقمية,عام,القطاع العام,خدمة إلكترونية,2026/04/12,"36,197,707"
الخدمات الرقمية,عام,القطاع العام,خدمة إلكترونية,2026/04/12,"36,195,990"
الخدمات الرقمية,عام,القطاع العام,خدمة إلكترونية,2026/04/12,"36,192,963"
الخدمات الرقمية,عام,القطاع العام,خدمة إلكترونية,2026/04/12,"36,192,968"
الخدمات الرقمية,عام,القطاع العام,خدمة إلكترونية,2026/04/12,"36,201,059"
الخدمات الرقمية,عام,القطاع العام,خدمة إلكترونية,2026/04/12,"36,203,517"
الخدمات الرقمية,عام,القطاع العام,خدمة إلكترونية,2026/04/12,"36,203,717"
الخدمات الرقمية,عام,القطاع العام,خدمة إلكترونية,2026/04/12,"36,186,835"
الخدمات الرقمية,عام,القطاع العام,خدمة إلكترونية,2026/04/12,"36,187,796"
الخدمات الرقمية,عام,القطاع العام,خدمة إلكترونية,2026/04/12,"36,196,323"
الخدمات الرقمية,عام,القطاع العام,خدمة إلكترونية,2026/04/13,"36,226,116"
الخدمات الرقمية,عام,القطاع العام,خدمة إلكترونية,2026/04/13,"36,227,855"
الخدمات الرقمية,عام,القطاع العام,خدمة إلكترونية,2026/04/13,"36,225,491"
الخدمات الرقمية,عام,القطاع العام,خدمة إلكترونية,2026/04/13,"36,225,038"
الخدمات الرقمية,عام,القطاع العام,خدمة إلكترونية,2026/04/13,"36,227,886"
الخدمات الرقمية,عام,القطاع العام,خدمة إلكترونية,2026/04/13,"36,224,583"
الخدمات الرقمية,عام,القطاع العام,خدمة إلكترونية,2026/04/13,"36,225,842"
الخدمات الرقمية,عام,القطاع العام,خدمة إلكترونية,2026/04/13,"36,229,967"
الخدمات الرقمية,عام,القطاع العام,خدمة إلكترونية,2026/04/13,"36,210,601"
الخدمات الرقمية,عام,القطاع العام,خدمة إلكترونية,2026/04/13,"36,219,570"
الخدمات الرقمية,عام,القطاع العام,خدمة إلكترونية,2026/04/13,"36,207,763"
الخدمات الرقمية,عام,القطاع العام,خدمة إلكترونية,2026/04/13,"36,210,214"
الخدمات الرقمية,عام,القطاع العام,خدمة إلكترونية,2026/04/13,"36,213,234"
الخدمات الرقمية,عام,القطاع العام,خدمة إلكترونية,2026/04/13,"36,216,638"
الخدمات الرقمية,عام,القطاع العام,خدمة إلكترونية,2026/04/13,"36,216,877"
الخدمات الرقمية,عام,القطاع العام,خدمة إلكترونية,2026/04/13,"36,219,601"
الخدمات الرقمية,عام,القطاع العام,خدمة إلكترونية,2026/04/13,"36,223,423"
الخدمات الرقمية,عام,القطاع العام,خدمة إلكترونية,2026/04/13,"36,217,017"
الخدمات الرقمية,عام,القطاع العام,خدمة إلكترونية,2026/04/13,"36,219,418"
الخدمات الرقمية,عام,القطاع العام,خدمة إلكترونية,2026/04/13,"36,211,041"
الخدمات الرقمية,عام,القطاع العام,خدمة إلكترونية,2026/04/13,"36,211,644"
الخدمات الرقمية,عام,القطاع العام,خدمة إلكترونية,2026/04/13,"36,211,820"
الخدمات الرقمية,عام,القطاع العام,خدمة إلكترونية,2026/04/13,"36,213,583"
الخدمات الرقمية,عام,القطاع العام,خدمة إلكترونية,2026/04/13,"36,216,427"
الخدمات الرقمية,عام,القطاع العام,خدمة إلكترونية,2026/04/13,"36,218,277"
الخدمات الرقمية,عام,القطاع العام,خدمة إلكترونية,2026/04/13,"36,219,466"
الخدمات الرقمية,عام,القطاع العام,خدمة إلكترونية,2026/04/13,"36,207,776"
الخدمات الرقمية,عام,القطاع العام,خدمة إلكترونية,2026/04/13,"36,214,134"
الخدمات الرقمية,عام,القطاع العام,خدمة إلكترونية,2026/04/13,"36,214,981"
الخدمات الرقمية,عام,القطاع العام,خدمة إلكترونية,2026/04/13,"36,218,995"
الخدمات الرقمية,عام,القطاع العام,خدمة إلكترونية,2026/04/13,"36,219,095"
الخدمات الرقمية,عام,القطاع العام,خدمة إلكترونية,2026/04/13,"36,219,509"
الخدمات الرقمية,عام,القطاع العام,خدمة إلكترونية,2026/04/13,"36,219,603"
الخدمات الرقمية,عام,القطاع العام,خدمة إلكترونية,2026/04/13,"36,220,544"
الخدمات الرقمية,عام,القطاع العام,خدمة إلكترونية,2026/04/13,"36,211,649"
الخدمات الرقمية,عام,القطاع العام,خدمة إلكترونية,2026/04/13,"36,216,897"
الخدمات الرقمية,عام,القطاع العام,خدمة إلكترونية,2026/04/13,"36,211,410"
الخدمات الرقمية,عام,القطاع العام,خدمة إلكترونية,2026/04/13,"36,219,657"
الخدمات الرقمية,عام,القطاع العام,خدمة إلكترونية,2026/04/14,"36,231,842"
الخدمات الرقمية,عام,القطاع العام,خدمة إلكترونية,2026/04/14,"36,233,027"
الخدمات الرقمية,عام,القطاع العام,خدمة إلكترونية,2026/04/14,"36,233,034"
الخدمات الرقمية,عام,القطاع العام,خدمة إلكترونية,2026/04/14,"36,233,835"
الخدمات الرقمية,عام,القطاع العام,خدمة إلكترونية,2026/04/14,"36,232,003"
الخدمات الرقمية,عام,القطاع العام,خدمة إلكترونية,2026/04/14,"36,233,494"
الخدمات الرقمية,عام,القطاع العام,خدمة إلكترونية,2026/04/14,"36,231,614"
الخدمات الرقمية,عام,القطاع العام,خدمة إلكترونية,2026/04/14,"36,233,365"
الخدمات الرقمية,عام,القطاع العام,خدمة إلكترونية,2026/04/14,"36,234,433"
الخدمات الرقمية,عام,القطاع العام,خدمة إلكترونية,2026/04/14,"36,233,095"
الخدمات الرقمية,عام,القطاع العام,خدمة إلكترونية,2026/04/14,"36,233,202"
الخدمات الرقمية,عام,القطاع العام,خدمة إلكترونية,2026/04/14,"36,233,489"
الخدمات الرقمية,عام,القطاع العام,خدمة إلكترونية,2026/04/14,"36,234,375"
الخدمات الرقمية,عام,القطاع العام,خدمة إلكترونية,2026/04/14,"36,234,500"
الخدمات الرقمية,عام,القطاع العام,خدمة إلكترونية,2026/04/14,"36,234,506"
الخدمات الرقمية,عام,القطاع العام,خدمة إلكترونية,2026/04/14,"36,236,939"
الخدمات الرقمية,عام,القطاع العام,خدمة إلكترونية,2026/04/14,"36,237,254"
الخدمات الرقمية,عام,القطاع العام,خدمة إلكترونية,2026/04/14,"36,239,002"
الخدمات الرقمية,عام,القطاع العام,خدمة إلكترونية,2026/04/14,"36,236,116"
الخدمات الرقمية,عام,القطاع العام,خدمة إلكترونية,2026/04/14,"36,236,972"
الخدمات الرقمية,عام,القطاع العام,خدمة إلكترونية,2026/04/14,"36,237,068"
الخدمات الرقمية,عام,القطاع العام,خدمة إلكترونية,2026/04/14,"36,237,135"
الخدمات الرقمية,عام,القطاع العام,خدمة إلكترونية,2026/04/14,"36,238,418"
الخدمات الرقمية,عام,القطاع العام,خدمة إلكترونية,2026/04/14,"36,231,656"
الخدمات الرقمية,عام,القطاع العام,خدمة إلكترونية,2026/04/14,"36,233,210"
الخدمات الرقمية,عام,القطاع العام,خدمة إلكترونية,2026/04/14,"36,233,578"
الخدمات الرقمية,عام,القطاع العام,خدمة إلكترونية,2026/04/14,"36,234,324"
الخدمات الرقمية,عام,القطاع العام,خدمة إلكترونية,2026/04/14,"36,234,468"
الخدمات الرقمية,عام,القطاع العام,خدمة إلكترونية,2026/04/14,"36,237,074"
الخدمات الرقمية,عام,القطاع العام,خدمة إلكترونية,2026/04/14,"36,237,202"
الخدمات الرقمية,عام,القطاع العام,خدمة إلكترونية,2026/04/14,"36,237,048"
الخدمات الرقمية,عام,القطاع العام,خدمة إلكترونية,2026/04/14,"36,237,091"
الخدمات الرقمية,عام,القطاع العام,خدمة إلكترونية,2026/04/14,"36,237,322"
الخدمات الرقمية,عام,القطاع العام,خدمة إلكترونية,2026/04/14,"36,233,576"
الخدمات الرقمية,عام,القطاع العام,خدمة إلكترونية,2026/04/14,"36,237,017"
الخدمات الرقمية,عام,القطاع العام,خدمة إلكترونية,2026/04/14,"36,237,299"
الخدمات الرقمية,عام,القطاع العام,خدمة إلكترونية,2026/04/14,"36,242,158"
الخدمات الرقمية,عام,القطاع العام,خدمة إلكترونية,2026/04/14,"36,243,631"
الخدمات الرقمية,عام,القطاع العام,خدمة إلكترونية,2026/04/14,"36,247,026"
الخدمات الرقمية,عام,القطاع العام,خدمة إلكترونية,2026/04/14,"36,247,020"
الخدمات الرقمية,عام,القطاع العام,خدمة إلكترونية,2026/04/14,"36,246,937"
الخدمات الرقمية,عام,القطاع العام,خدمة إلكترونية,2026/04/14,"36,247,693"
الخدمات الرقمية,عام,القطاع العام,خدمة إلكترونية,2026/04/14,"36,248,508"
الخدمات الرقمية,عام,القطاع العام,خدمة إلكترونية,2026/04/14,"36,250,886"
الخدمات الرقمية,عام,القطاع العام,خدمة إلكترونية,2026/04/14,"36,248,671"
الخدمات الرقمية,عام,القطاع العام,خدمة إلكترونية,2026/04/14,"36,246,578"
الخدمات الرقمية,عام,القطاع العام,خدمة إلكترونية,2026/04/14,"36,251,375"
الخدمات الرقمية,عام,القطاع العام,خدمة إلكترونية,2026/04/14,"36,248,955"
الخدمات الرقمية,عام,القطاع العام,خدمة إلكترونية,2026/04/14,"36,249,578"
الخدمات الرقمية,عام,القطاع العام,خدمة إلكترونية,2026/04/14,"36,253,472"
الخدمات الرقمية,عام,القطاع العام,خدمة إلكترونية,2026/04/14,"36,254,336"
الخدمات الرقمية,عام,القطاع العام,خدمة إلكترونية,2026/04/14,"36,250,682"
الخدمات الرقمية,عام,القطاع العام,خدمة إلكترونية,2026/04/14,"36,253,908"
الخدمات الرقمية,عام,القطاع العام,خدمة إلكترونية,2026/04/14,"36,254,425"
الخدمات الرقمية,عام,القطاع العام,خدمة إلكترونية,2026/04/14,"36,256,745"
الخدمات الرقمية,عام,القطاع العام,خدمة إلكترونية,2026/04/14,"36,257,445"
الخدمات الرقمية,عام,القطاع العام,خدمة إلكترونية,2026/04/14,"36,255,406"
الخدمات الرقمية,عام,القطاع العام,خدمة إلكترونية,2026/04/14,"36,257,340"
الخدمات الرقمية,عام,القطاع العام,خدمة إلكترونية,2026/04/14,"36,252,749"
الخدمات الرقمية,عام,القطاع العام,خدمة إلكترونية,2026/04/14,"36,253,922"
الخدمات الرقمية,عام,القطاع العام,خدمة إلكترونية,2026/04/14,"36,254,211"
الخدمات الرقمية,عام,القطاع العام,خدمة إلكترونية,2026/04/14,"36,256,383"
الخدمات الرقمية,عام,القطاع العام,خدمة إلكترونية,2026/04/14,"36,255,787"
الخدمات الرقمية,عام,القطاع العام,خدمة إلكترونية,2026/04/14,"36,255,971"
الخدمات الرقمية,عام,القطاع العام,خدمة إلكترونية,2026/04/14,"36,256,752"
الخدمات الرقمية,عام,القطاع العام,خدمة إلكترونية,2026/04/14,"36,252,746"
الخدمات الرقمية,عام,القطاع العام,خدمة إلكترونية,2026/04/14,"36,255,715"
الخدمات الرقمية,عام,القطاع العام,خدمة إلكترونية,2026/04/14,"36,255,987"
الخدمات الرقمية,عام,القطاع العام,خدمة إلكترونية,2026/04/14,"36,258,934"
الخدمات الرقمية,عام,القطاع العام,خدمة إلكترونية,2026/04/15,"36,260,451"
الخدمات الرقمية,عام,القطاع العام,خدمة إلكترونية,2026/04/15,"36,262,350"
الخدمات الرقمية,عام,القطاع العام,خدمة إلكترونية,2026/04/15,"36,262,936"
الخدمات الرقمية,عام,القطاع العام,خدمة إلكترونية,2026/04/15,"36,261,917"
الخدمات الرقمية,عام,القطاع العام,خدمة إلكترونية,2026/04/15,"36,263,001"
الخدمات الرقمية,عام,القطاع العام,خدمة إلكترونية,2026/04/15,"36,267,780"
الخدمات الرقمية,عام,القطاع العام,خدمة إلكترونية,2026/04/15,"36,272,271"
الخدمات الرقمية,عام,القطاع العام,خدمة إلكترونية,2026/04/15,"36,275,191"
الخدمات الرقمية,عام,القطاع العام,خدمة إلكترونية,2026/04/15,"36,275,699"
الخدمات الرقمية,عام,القطاع العام,خدمة إلكترونية,2026/04/15,"36,277,398"
الخدمات الرقمية,عام,القطاع العام,خدمة إلكترونية,2026/04/15,"36,278,207"
الخدمات الرقمية,عام,القطاع العام,خدمة إلكترونية,2026/04/15,"36,281,008"
الخدمات الرقمية,عام,القطاع العام,خدمة إلكترونية,2026/04/15,"36,282,070"
الخدمات الرقمية,عام,القطاع العام,خدمة إلكترونية,2026/04/15,"36,283,064"
الخدمات الرقمية,عام,القطاع العام,خدمة إلكترونية,2026/04/15,"36,284,594"
الخدمات الرقمية,عام,القطاع العام,خدمة إلكترونية,2026/04/15,"36,285,645"
الخدمات الرقمية,عام,القطاع العام,خدمة إلكترونية,2026/04/15,"36,275,231"
الخدمات الرقمية,عام,القطاع العام,خدمة إلكترونية,2026/04/15,"36,276,085"
الخدمات الرقمية,عام,القطاع العام,خدمة إلكترونية,2026/04/15,"36,276,248"
الخدمات الرقمية,عام,القطاع العام,خدمة إلكترونية,2026/04/15,"36,276,322"
الخدمات الرقمية,عام,القطاع العام,خدمة إلكترونية,2026/04/15,"36,284,333"
الخدمات الرقمية,عام,القطاع العام,خدمة إلكترونية,2026/04/15,"36,285,365"
الخدمات الرقمية,عام,القطاع العام,خدمة إلكترونية,2026/04/15,"36,276,061"
الخدمات الرقمية,عام,القطاع العام,خدمة إلكترونية,2026/04/15,"36,276,971"
الخدمات الرقمية,عام,القطاع العام,خدمة إلكترونية,2026/04/15,"36,283,795"
الخدمات الرقمية,عام,القطاع العام,خدمة إلكترونية,2026/04/15,"36,275,007"
الخدمات الرقمية,عام,القطاع العام,خدمة إلكترونية,2026/04/15,"36,276,372"
الخدمات الرقمية,عام,القطاع العام,خدمة إلكترونية,2026/04/15,"36,279,673"
الخدمات الرقمية,عام,القطاع العام,خدمة إلكترونية,2026/04/15,"36,281,043"
الخدمات الرقمية,عام,القطاع العام,خدمة إلكترونية,2026/04/15,"36,282,240"
الخدمات الرقمية,عام,القطاع العام,خدمة إلكترونية,2026/04/15,"36,282,722"
الخدمات الرقمية,عام,القطاع العام,خدمة إلكترونية,2026/04/15,"36,271,527"
الخدمات الرقمية,عام,القطاع العام,خدمة إلكترونية,2026/04/15,"36,276,674"
الخدمات الرقمية,عام,القطاع العام,خدمة إلكترونية,2026/04/15,"36,278,336"
الخدمات الرقمية,عام,القطاع العام,خدمة إلكترونية,2026/04/15,"36,281,665"
الخدمات الرقمية,عام,القطاع العام,خدمة إلكترونية,2026/04/15,"36,285,540"
الخدمات الرقمية,عام,القطاع العام,خدمة إلكترونية,2026/04/15,"36,283,789"
الخدمات الرقمية,عام,القطاع العام,خدمة إلكترونية,2026/04/15,"36,285,372"
الخدمات الرقمية,عام,القطاع العام,خدمة إلكترونية,2026/04/15,"36,269,813"
الخدمات الرقمية,عام,القطاع العام,خدمة إلكترونية,2026/04/15,"36,274,271"
الخدمات الرقمية,عام,القطاع العام,خدمة إلكترونية,2026/04/15,"36,275,206"
الخدمات الرقمية,عام,القطاع العام,خدمة إلكترونية,2026/04/15,"36,280,952"
الخدمات الرقمية,عام,القطاع العام,خدمة إلكترونية,2026/04/15,"36,281,284"
الخدمات الرقمية,عام,القطاع العام,خدمة إلكترونية,2026/04/15,"36,282,413"
الخدمات الرقمية,عام,القطاع العام,خدمة إلكترونية,2026/04/15,"36,283,382"
الخدمات الرقمية,عام,القطاع العام,خدمة إلكترونية,2026/04/15,"36,269,535"
الخدمات الرقمية,عام,القطاع العام,خدمة إلكترونية,2026/04/15,"36,270,203"
الخدمات الرقمية,عام,القطاع العام,خدمة إلكترونية,2026/04/15,"36,273,020"
الخدمات الرقمية,عام,القطاع العام,خدمة إلكترونية,2026/04/15,"36,273,840"
الخدمات الرقمية,عام,القطاع العام,خدمة إلكترونية,2026/04/15,"36,275,072"
الخدمات الرقمية,عام,القطاع العام,خدمة إلكترونية,2026/04/15,"36,280,631"
الخدمات الرقمية,عام,القطاع العام,خدمة إلكترونية,2026/04/16,"36,296,344"
الخدمات الرقمية,عام,القطاع العام,خدمة إلكترونية,2026/04/16,"36,298,370"
الخدمات الرقمية,عام,القطاع العام,خدمة إلكترونية,2026/04/16,"36,296,383"
الخدمات الرقمية,عام,القطاع العام,خدمة إلكترونية,2026/04/16,"36,302,961"
الخدمات الرقمية,عام,القطاع العام,خدمة إلكترونية,2026/04/16,"36,286,007"
الخدمات الرقمية,عام,القطاع العام,خدمة إلكترونية,2026/04/16,"36,295,188"
الخدمات الرقمية,عام,القطاع العام,خدمة إلكترونية,2026/04/16,"36,296,153"
الخدمات الرقمية,عام,القطاع العام,خدمة إلكترونية,2026/04/16,"36,296,837"
الخدمات الرقمية,عام,القطاع العام,خدمة إلكترونية,2026/04/16,"36,300,171"
الخدمات الرقمية,عام,القطاع العام,خدمة إلكترونية,2026/04/16,"36,292,573"
الخدمات الرقمية,عام,القطاع العام,خدمة إلكترونية,2026/04/16,"36,295,853"
الخدمات الرقمية,عام,القطاع العام,خدمة إلكترونية,2026/04/16,"36,303,521"
الخدمات الرقمية,عام,القطاع العام,خدمة إلكترونية,2026/04/16,"36,295,616"
الخدمات الرقمية,عام,القطاع العام,خدمة إلكترونية,2026/04/16,"36,296,225"
الخدمات الرقمية,عام,القطاع العام,خدمة إلكترونية,2026/04/16,"36,298,155"
الخدمات الرقمية,عام,القطاع العام,خدمة إلكترونية,2026/04/16,"36,301,834"
الخدمات الرقمية,عام,القطاع العام,خدمة إلكترونية,2026/04/16,"36,296,234"
الخدمات الرقمية,عام,القطاع العام,خدمة إلكترونية,2026/04/16,"36,296,306"
الخدمات الرقمية,عام,القطاع العام,خدمة إلكترونية,2026/04/16,"36,297,312"
الخدمات الرقمية,عام,القطاع العام,خدمة إلكترونية,2026/04/16,"36,298,620"
الخدمات الرقمية,عام,القطاع العام,خدمة إلكترونية,2026/04/16,"36,296,183"
الخدمات الرقمية,عام,القطاع العام,خدمة إلكترونية,2026/04/16,"36,296,520"
الخدمات الرقمية,عام,القطاع العام,خدمة إلكترونية,2026/04/16,"36,296,393"
الخدمات الرقمية,عام,القطاع العام,خدمة إلكترونية,2026/04/16,"36,302,504"
الخدمات الرقمية,عام,القطاع العام,خدمة إلكترونية,2026/04/16,"36,286,011"
الخدمات الرقمية,عام,القطاع العام,خدمة إلكترونية,2026/04/16,"36,286,746"
الخدمات الرقمية,عام,القطاع العام,خدمة إلكترونية,2026/04/16,"36,296,267"
الخدمات الرقمية,عام,القطاع العام,خدمة إلكترونية,2026/04/16,"36,296,340"
الخدمات الرقمية,عام,القطاع العام,خدمة إلكترونية,2026/04/16,"36,297,632"
الخدمات الرقمية,عام,القطاع العام,خدمة إلكترونية,2026/04/16,"36,299,099"
الخدمات الرقمية,عام,القطاع العام,خدمة إلكترونية,2026/04/16,"36,286,834"
الخدمات الرقمية,عام,القطاع العام,خدمة إلكترونية,2026/04/16,"36,295,841"
الخدمات الرقمية,عام,القطاع العام,خدمة إلكترونية,2026/04/16,"36,300,028"
الخدمات الرقمية,عام,القطاع العام,خدمة إلكترونية,2026/04/16,"36,307,970"
الخدمات الرقمية,عام,القطاع العام,خدمة إلكترونية,2026/04/16,"36,305,553"
الخدمات الرقمية,عام,القطاع العام,خدمة إلكترونية,2026/04/16,"36,305,165"
الخدمات الرقمية,عام,القطاع العام,خدمة إلكترونية,2026/04/16,"36,305,166"
الخدمات الرقمية,عام,القطاع العام,خدمة إلكترونية,2026/04/16,"36,306,385"
الخدمات الرقمية,عام,القطاع العام,خدمة إلكترونية,2026/04/16,"36,304,629"
الخدمات الرقمية,عام,القطاع العام,خدمة إلكترونية,2026/04/16,"36,305,317"
الخدمات الرقمية,عام,القطاع العام,خدمة إلكترونية,2026/04/16,"36,305,608"
الخدمات الرقمية,عام,القطاع العام,خدمة إلكترونية,2026/04/16,"36,309,437"
الخدمات الرقمية,عام,القطاع العام,خدمة إلكترونية,2026/04/16,"36,307,862"
الخدمات الرقمية,عام,القطاع العام,خدمة إلكترونية,2026/04/16,"36,312,284"
الخدمات الرقمية,عام,القطاع العام,خدمة إلكترونية,2026/04/16,"36,312,329"
الخدمات الرقمية,عام,القطاع العام,خدمة إلكترونية,2026/04/17,"36,313,002"
الخدمات الرقمية,عام,القطاع العام,خدمة إلكترونية,2026/04/17,"36,324,316"
الخدمات الرقمية,عام,القطاع العام,خدمة إلكترونية,2026/04/17,"36,322,891"
الخدمات الرقمية,عام,القطاع العام,خدمة إلكترونية,2026/04/17,"36,322,893"
الخدمات الرقمية,عام,القطاع العام,خدمة إلكترونية,2026/04/17,"36,323,643"
الخدمات الرقمية,عام,القطاع العام,خدمة إلكترونية,2026/04/17,"36,313,711"
الخدمات الرقمية,عام,القطاع العام,خدمة إلكترونية,2026/04/17,"36,313,878"
الخدمات الرقمية,عام,القطاع العام,خدمة إلكترونية,2026/04/17,"36,320,786"
الخدمات الرقمية,عام,القطاع العام,خدمة إلكترونية,2026/04/17,"36,320,890"
الخدمات الرقمية,عام,القطاع العام,خدمة إلكترونية,2026/04/17,"36,313,060"
الخدمات الرقمية,عام,القطاع العام,خدمة إلكترونية,2026/04/17,"36,319,964"
الخدمات الرقمية,عام,القطاع العام,خدمة إلكترونية,2026/04/17,"36,320,058"
الخدمات الرقمية,عام,القطاع العام,خدمة إلكترونية,2026/04/17,"36,325,523"
الخدمات الرقمية,عام,القطاع العام,خدمة إلكترونية,2026/04/17,"36,319,962"
الخدمات الرقمية,عام,القطاع العام,خدمة إلكترونية,2026/04/17,"36,323,825"
الخدمات الرقمية,عام,القطاع العام,خدمة إلكترونية,2026/04/18,"36,331,173"
الخدمات الرقمية,عام,القطاع العام,خدمة إلكترونية,2026/04/18,"36,333,288"
الخدمات الرقمية,عام,القطاع العام,خدمة إلكترونية,2026/04/18,"36,335,198"
الخدمات الرقمية,عام,القطاع العام,خدمة إلكترونية,2026/04/18,"36,332,134"
الخدمات الرقمية,عام,القطاع العام,خدمة إلكترونية,2026/04/18,"36,333,156"
الخدمات الرقمية,عام,القطاع العام,خدمة إلكترونية,2026/04/18,"36,333,703"
الخدمات الرقمية,عام,القطاع العام,خدمة إلكترونية,2026/04/18,"36,330,990"
الخدمات الرقمية,عام,القطاع العام,خدمة إلكترونية,2026/04/18,"36,332,599"
الخدمات الرقمية,عام,القطاع العام,خدمة إلكترونية,2026/04/18,"36,334,520"
الخدمات الرقمية,عام,القطاع العام,خدمة إلكترونية,2026/04/18,"36,336,961"
الخدمات الرقمية,عام,القطاع العام,خدمة إلكترونية,2026/04/18,"36,333,711"
الخدمات الرقمية,عام,القطاع العام,خدمة إلكترونية,2026/04/18,"36,335,967"
الخدمات الرقمية,عام,القطاع العام,خدمة إلكترونية,2026/04/18,"36,331,164"
الخدمات الرقمية,عام,القطاع العام,خدمة إلكترونية,2026/04/18,"36,331,165"
الخدمات الرقمية,عام,القطاع العام,خدمة إلكترونية,2026/04/18,"36,333,278"
الخدمات الرقمية,عام,القطاع العام,خدمة إلكترونية,2026/04/18,"36,334,270"
الخدمات الرقمية,عام,القطاع العام,خدمة إلكترونية,2026/04/18,"36,336,329"
الخدمات الرقمية,عام,القطاع العام,خدمة إلكترونية,2026/04/18,"36,327,102"
الخدمات الرقمية,عام,القطاع العام,خدمة إلكترونية,2026/04/18,"36,335,106"
الخدمات الرقمية,عام,القطاع العام,خدمة إلكترونية,2026/04/18,"36,335,244"
الخدمات الرقمية,عام,القطاع العام,خدمة إلكترونية,2026/04/18,"36,336,664"
الخدمات الرقمية,عام,القطاع العام,خدمة إلكترونية,2026/04/19,"36,345,257"
الخدمات الرقمية,عام,القطاع العام,خدمة إلكترونية,2026/04/19,"36,349,973"
الخدمات الرقمية,عام,القطاع العام,خدمة إلكترونية,2026/04/19,"36,350,256"
الخدمات الرقمية,عام,القطاع العام,خدمة إلكترونية,2026/04/19,"36,354,421"
الخدمات الرقمية,عام,القطاع العام,خدمة إلكترونية,2026/04/19,"36,346,244"
الخدمات الرقمية,عام,القطاع العام,خدمة إلكترونية,2026/04/19,"36,350,000"
الخدمات الرقمية,عام,القطاع العام,خدمة إلكترونية,2026/04/19,"36,349,583"
الخدمات الرقمية,عام,القطاع العام,خدمة إلكترونية,2026/04/19,"36,351,012"
الخدمات الرقمية,عام,القطاع العام,خدمة إلكترونية,2026/04/19,"36,352,348"
الخدمات الرقمية,عام,القطاع العام,خدمة إلكترونية,2026/04/19,"36,353,247"
الخدمات الرقمية,عام,القطاع العام,خدمة إلكترونية,2026/04/19,"36,349,937"
الخدمات الرقمية,عام,القطاع العام,خدمة إلكترونية,2026/04/19,"36,354,614"
الخدمات الرقمية,عام,القطاع العام,خدمة إلكترونية,2026/04/19,"36,353,991"
الخدمات الرقمية,عام,القطاع العام,خدمة إلكترونية,2026/04/19,"36,356,149"
الخدمات الرقمية,عام,القطاع العام,خدمة إلكترونية,2026/04/19,"36,350,089"
الخدمات الرقمية,عام,القطاع العام,خدمة إلكترونية,2026/04/19,"36,354,989"
الخدمات الرقمية,عام,القطاع العام,خدمة إلكترونية,2026/04/19,"36,338,285"
الخدمات الرقمية,عام,القطاع العام,خدمة إلكترونية,2026/04/19,"36,357,250"
الخدمات الرقمية,عام,القطاع العام,خدمة إلكترونية,2026/04/19,"36,361,746"
الخدمات الرقمية,عام,القطاع العام,خدمة إلكترونية,2026/04/19,"36,358,720"
الخدمات الرقمية,عام,القطاع العام,خدمة إلكترونية,2026/04/19,"36,358,738"
الخدمات الرقمية,عام,القطاع العام,خدمة إلكترونية,2026/04/19,"36,361,447"
الخدمات الرقمية,عام,القطاع العام,خدمة إلكترونية,2026/04/19,"36,362,157"
الخدمات الرقمية,عام,القطاع العام,خدمة إلكترونية,2026/04/19,"36,358,774"
الخدمات الرقمية,عام,القطاع العام,خدمة إلكترونية,2026/04/19,"36,361,229"
الخدمات الرقمية,عام,القطاع العام,خدمة إلكترونية,2026/04/19,"36,363,232"
الخدمات الرقمية,عام,القطاع العام,خدمة إلكترونية,2026/04/19,"36,358,147"
الخدمات الرقمية,عام,القطاع العام,خدمة إلكترونية,2026/04/19,"36,359,637"
الخدمات الرقمية,عام,القطاع العام,خدمة إلكترونية,2026/04/19,"36,361,087"
الخدمات الرقمية,عام,القطاع العام,خدمة إلكترونية,2026/04/19,"36,361,883"
الخدمات الرقمية,عام,القطاع العام,خدمة إلكترونية,2026/04/19,"36,360,676"
الخدمات الرقمية,عام,القطاع العام,خدمة إلكترونية,2026/04/19,"36,362,408"
الخدمات الرقمية,عام,القطاع العام,خدمة إلكترونية,2026/04/19,"36,363,126"
الخدمات الرقمية,عام,القطاع العام,خدمة إلكترونية,2026/04/19,"36,363,526"
الخدمات الرقمية,عام,القطاع العام,خدمة إلكترونية,2026/04/19,"36,356,719"
الخدمات الرقمية,عام,القطاع العام,خدمة إلكترونية,2026/04/19,"36,362,956"
الخدمات الرقمية,عام,القطاع العام,خدمة إلكترونية,2026/04/19,"36,363,149"
الخدمات الرقمية,عام,القطاع العام,خدمة إلكترونية,2026/04/19,"36,364,540"
الخدمات الرقمية,عام,القطاع العام,خدمة إلكترونية,2026/04/19,"36,364,108"
الخدمات الرقمية,عام,القطاع العام,خدمة إلكترونية,2026/04/19,"36,364,558"
الخدمات الرقمية,عام,القطاع العام,خدمة إلكترونية,2026/04/19,"36,363,498"
الخدمات الرقمية,عام,القطاع العام,خدمة إلكترونية,2026/04/19,"36,363,267"
الخدمات الرقمية,عام,القطاع العام,خدمة إلكترونية,2026/04/20,"36,367,239"
الخدمات الرقمية,عام,القطاع العام,خدمة إلكترونية,2026/04/20,"36,370,634"
الخدمات الرقمية,عام,القطاع العام,خدمة إلكترونية,2026/04/20,"36,373,854"
الخدمات الرقمية,عام,القطاع العام,خدمة إلكترونية,2026/04/20,"36,377,789"
الخدمات الرقمية,عام,القطاع العام,خدمة إلكترونية,2026/04/20,"36,367,849"
الخدمات الرقمية,عام,القطاع العام,خدمة إلكترونية,2026/04/20,"36,369,504"
الخدمات الرقمية,عام,القطاع العام,خدمة إلكترونية,2026/04/20,"36,383,615"
الخدمات الرقمية,عام,القطاع العام,خدمة إلكترونية,2026/04/20,"36,365,158"
الخدمات الرقمية,عام,القطاع العام,خدمة إلكترونية,2026/04/20,"36,380,217"
الخدمات الرقمية,عام,القطاع العام,خدمة إلكترونية,2026/04/20,"36,374,112"
الخدمات الرقمية,عام,القطاع العام,خدمة إلكترونية,2026/04/20,"36,378,505"
الخدمات الرقمية,عام,القطاع العام,خدمة إلكترونية,2026/04/20,"36,373,976"
الخدمات الرقمية,عام,القطاع العام,خدمة إلكترونية,2026/04/20,"36,376,632"
الخدمات الرقمية,عام,القطاع العام,خدمة إلكترونية,2026/04/20,"36,379,419"
الخدمات الرقمية,عام,القطاع العام,خدمة إلكترونية,2026/04/20,"36,370,267"
الخدمات الرقمية,عام,القطاع العام,خدمة إلكترونية,2026/04/20,"36,372,455"
الخدمات الرقمية,عام,القطاع العام,خدمة إلكترونية,2026/04/20,"36,373,042"
الخدمات الرقمية,عام,القطاع العام,خدمة إلكترونية,2026/04/20,"36,373,540"
الخدمات الرقمية,عام,القطاع العام,خدمة إلكترونية,2026/04/20,"36,375,657"
الخدمات الرقمية,عام,القطاع العام,خدمة إلكترونية,2026/04/20,"36,383,819"
الخدمات الرقمية,عام,القطاع العام,خدمة إلكترونية,2026/04/20,"36,382,706"
الخدمات الرقمية,عام,القطاع العام,خدمة إلكترونية,2026/04/20,"36,367,103"
الخدمات الرقمية,عام,القطاع العام,خدمة إلكترونية,2026/04/20,"36,369,553"
الخدمات الرقمية,عام,القطاع العام,خدمة إلكترونية,2026/04/20,"36,372,308"
الخدمات الرقمية,عام,القطاع العام,خدمة إلكترونية,2026/04/20,"36,378,878"
الخدمات الرقمية,عام,القطاع العام,خدمة إلكترونية,2026/04/20,"36,382,663"
الخدمات الرقمية,عام,القطاع العام,خدمة إلكترونية,2026/04/20,"36,381,081"
الخدمات الرقمية,عام,القطاع العام,خدمة إلكترونية,2026/04/20,"36,381,396"
الخدمات الرقمية,عام,القطاع العام,خدمة إلكترونية,2026/04/20,"36,382,784"
الخدمات الرقمية,عام,القطاع العام,خدمة إلكترونية,2026/04/20,"36,373,878"
الخدمات الرقمية,عام,القطاع العام,خدمة إلكترونية,2026/04/20,"36,374,010"
الخدمات الرقمية,عام,القطاع العام,خدمة إلكترونية,2026/04/20,"36,381,791"
الخدمات الرقمية,عام,القطاع العام,خدمة إلكترونية,2026/04/20,"36,367,491"
الخدمات الرقمية,عام,القطاع العام,خدمة إلكترونية,2026/04/20,"36,370,192"
الخدمات الرقمية,عام,القطاع العام,خدمة إلكترونية,2026/04/20,"36,375,452"
الخدمات الرقمية,عام,القطاع العام,خدمة إلكترونية,2026/04/20,"36,377,644"
الخدمات الرقمية,عام,القطاع العام,خدمة إلكترونية,2026/04/20,"36,374,670"
الخدمات الرقمية,عام,القطاع العام,خدمة إلكترونية,2026/04/20,"36,376,727"
الخدمات الرقمية,عام,القطاع العام,خدمة إلكترونية,2026/04/20,"36,372,671"
الخدمات الرقمية,عام,القطاع العام,خدمة إلكترونية,2026/04/20,"36,373,554"
الخدمات الرقمية,عام,القطاع العام,خدمة إلكترونية,2026/04/20,"36,378,372"
الخدمات الرقمية,عام,القطاع العام,خدمة إلكترونية,2026/04/20,"36,383,606"
الخدمات الرقمية,عام,القطاع العام,خدمة إلكترونية,2026/04/20,"36,365,086"
الخدمات الرقمية,عام,القطاع العام,خدمة إلكترونية,2026/04/20,"36,372,597"
الخدمات الرقمية,عام,القطاع العام,خدمة إلكترونية,2026/04/20,"36,374,166"
الخدمات الرقمية,عام,القطاع العام,خدمة إلكترونية,2026/04/20,"36,377,173"
الخدمات الرقمية,عام,القطاع العام,خدمة إلكترونية,2026/04/20,"36,384,340"
الخدمات الرقمية,عام,القطاع العام,خدمة إلكترونية,2026/04/20,"36,386,192"
الخدمات الرقمية,عام,القطاع العام,خدمة إلكترونية,2026/04/20,"36,384,448"
الخدمات الرقمية,عام,القطاع العام,خدمة إلكترونية,2026/04/20,"36,384,461"
الخدمات الرقمية,عام,القطاع العام,خدمة إلكترونية,2026/04/20,"36,384,596"
الخدمات الرقمية,عام,القطاع العام,خدمة إلكترونية,2026/04/20,"36,384,129"
الخدمات الرقمية,عام,القطاع العام,خدمة إلكترونية,2026/04/20,"36,385,532"
الخدمات الرقمية,عام,القطاع العام,خدمة إلكترونية,2026/04/21,"36,405,646"
الخدمات الرقمية,عام,القطاع العام,خدمة إلكترونية,2026/04/21,"36,411,702"
الخدمات الرقمية,عام,القطاع العام,خدمة إلكترونية,2026/04/21,"36,407,376"
الخدمات الرقمية,عام,القطاع العام,خدمة إلكترونية,2026/04/21,"36,408,695"
الخدمات الرقمية,عام,القطاع العام,خدمة إلكترونية,2026/04/21,"36,410,646"
الخدمات الرقمية,عام,القطاع العام,خدمة إلكترونية,2026/04/21,"36,411,133"
الخدمات الرقمية,عام,القطاع العام,خدمة إلكترونية,2026/04/21,"36,412,349"
الخدمات الرقمية,عام,القطاع العام,خدمة إلكترونية,2026/04/21,"36,407,891"
الخدمات الرقمية,عام,القطاع العام,خدمة إلكترونية,2026/04/21,"36,409,602"
الخدمات الرقمية,عام,القطاع العام,خدمة إلكترونية,2026/04/21,"36,411,984"
الخدمات الرقمية,عام,القطاع العام,خدمة إلكترونية,2026/04/21,"36,411,135"
الخدمات الرقمية,عام,القطاع العام,خدمة إلكترونية,2026/04/21,"36,411,459"
الخدمات الرقمية,عام,القطاع العام,خدمة إلكترونية,2026/04/21,"36,406,972"
الخدمات الرقمية,عام,القطاع العام,خدمة إلكترونية,2026/04/21,"36,407,788"
الخدمات الرقمية,عام,القطاع العام,خدمة إلكترونية,2026/04/21,"36,410,127"
الخدمات الرقمية,عام,القطاع العام,خدمة إلكترونية,2026/04/21,"36,412,246"
الخدمات الرقمية,عام,القطاع العام,خدمة إلكترونية,2026/04/21,"36,407,446"
الخدمات الرقمية,عام,القطاع العام,خدمة إلكترونية,2026/04/21,"36,407,999"
الخدمات الرقمية,عام,القطاع العام,خدمة إلكترونية,2026/04/21,"36,412,194"
الخدمات الرقمية,عام,القطاع العام,خدمة إلكترونية,2026/04/21,"36,412,576"
الخدمات الرقمية,عام,القطاع العام,خدمة إلكترونية,2026/04/21,"36,409,393"
الخدمات الرقمية,عام,القطاع العام,خدمة إلكترونية,2026/04/21,"36,411,982"
الخدمات الرقمية,عام,القطاع العام,خدمة إلكترونية,2026/04/21,"36,411,639"
الخدمات الرقمية,عام,القطاع العام,خدمة إلكترونية,2026/04/21,"36,411,756"
الخدمات الرقمية,عام,القطاع العام,خدمة إلكترونية,2026/04/21,"36,409,823"
الخدمات الرقمية,عام,القطاع العام,خدمة إلكترونية,2026/04/21,"36,399,278"
الخدمات الرقمية,عام,القطاع العام,خدمة إلكترونية,2026/04/21,"36,393,643"
الخدمات الرقمية,عام,القطاع العام,خدمة إلكترونية,2026/04/21,"36,403,070"
الخدمات الرقمية,عام,القطاع العام,خدمة إلكترونية,2026/04/21,"36,399,457"
الخدمات الرقمية,عام,القطاع العام,خدمة إلكترونية,2026/04/21,"36,387,282"
الخدمات الرقمية,عام,القطاع العام,خدمة إلكترونية,2026/04/21,"36,398,729"
الخدمات الرقمية,عام,القطاع العام,خدمة إلكترونية,2026/04/21,"36,393,711"
الخدمات الرقمية,عام,القطاع العام,خدمة إلكترونية,2026/04/21,"36,393,279"
الخدمات الرقمية,عام,القطاع العام,خدمة إلكترونية,2026/04/21,"36,397,465"
الخدمات الرقمية,عام,القطاع العام,خدمة إلكترونية,2026/04/21,"36,394,842"
الخدمات الرقمية,عام,القطاع العام,خدمة إلكترونية,2026/04/21,"36,400,375"
الخدمات الرقمية,عام,القطاع العام,خدمة إلكترونية,2026/04/21,"36,398,621"
الخدمات الرقمية,عام,القطاع العام,خدمة إلكترونية,2026/04/21,"36,400,239"
الخدمات الرقمية,عام,القطاع العام,خدمة إلكترونية,2026/04/21,"36,403,660"
الخدمات الرقمية,عام,القطاع العام,خدمة إلكترونية,2026/04/21,"36,399,229"
الخدمات الرقمية,عام,القطاع العام,خدمة إلكترونية,2026/04/21,"36,400,931"
الخدمات الرقمية,عام,القطاع العام,خدمة إلكترونية,2026/04/21,"36,399,269"
الخدمات الرقمية,عام,القطاع العام,خدمة إلكترونية,2026/04/21,"36,402,380"
الخدمات الرقمية,عام,القطاع العام,خدمة إلكترونية,2026/04/21,"36,404,648"
الخدمات الرقمية,عام,القطاع العام,خدمة إلكترونية,2026/04/21,"36,405,394"
الخدمات الرقمية,عام,القطاع العام,خدمة إلكترونية,2026/04/21,"36,403,514"
الخدمات الرقمية,عام,القطاع العام,خدمة إلكترونية,2026/04/21,"36,404,509"
الخدمات الرقمية,عام,القطاع العام,خدمة إلكترونية,2026/04/22,"36,413,282"
الخدمات الرقمية,عام,القطاع العام,خدمة إلكترونية,2026/04/22,"36,421,277"
الخدمات الرقمية,عام,القطاع العام,خدمة إلكترونية,2026/04/22,"36,416,304"
الخدمات الرقمية,عام,القطاع العام,خدمة إلكترونية,2026/04/22,"36,416,929"
الخدمات الرقمية,عام,القطاع العام,خدمة إلكترونية,2026/04/22,"36,425,161"
الخدمات الرقمية,عام,القطاع العام,خدمة إلكترونية,2026/04/22,"36,416,276"
الخدمات الرقمية,عام,القطاع العام,خدمة إلكترونية,2026/04/22,"36,426,365"
الخدمات الرقمية,عام,القطاع العام,خدمة إلكترونية,2026/04/22,"36,420,513"
الخدمات الرقمية,عام,القطاع العام,خدمة إلكترونية,2026/04/22,"36,420,269"
الخدمات الرقمية,عام,القطاع العام,خدمة إلكترونية,2026/04/22,"36,420,272"
الخدمات الرقمية,عام,القطاع العام,خدمة إلكترونية,2026/04/22,"36,426,632"
الخدمات الرقمية,عام,القطاع العام,خدمة إلكترونية,2026/04/22,"36,416,221"
الخدمات الرقمية,عام,القطاع العام,خدمة إلكترونية,2026/04/22,"36,413,372"
الخدمات الرقمية,عام,القطاع العام,خدمة إلكترونية,2026/04/22,"36,416,645"
الخدمات الرقمية,عام,القطاع العام,خدمة إلكترونية,2026/04/22,"36,416,320"
الخدمات الرقمية,عام,القطاع العام,خدمة إلكترونية,2026/04/22,"36,416,272"
الخدمات الرقمية,عام,القطاع العام,خدمة إلكترونية,2026/04/22,"36,416,273"
الخدمات الرقمية,عام,القطاع العام,خدمة إلكترونية,2026/04/22,"36,423,543"
الخدمات الرقمية,عام,القطاع العام,خدمة إلكترونية,2026/04/22,"36,416,941"
الخدمات الرقمية,عام,القطاع العام,خدمة إلكترونية,2026/04/22,"36,420,649"
الخدمات الرقمية,عام,القطاع العام,خدمة إلكترونية,2026/04/22,"36,414,046"
الخدمات الرقمية,عام,القطاع العام,خدمة إلكترونية,2026/04/22,"36,416,905"
الخدمات الرقمية,عام,القطاع العام,خدمة إلكترونية,2026/04/22,"36,416,012"
الخدمات الرقمية,عام,القطاع العام,خدمة إلكترونية,2026/04/22,"36,422,910"
الخدمات الرقمية,عام,القطاع العام,خدمة إلكترونية,2026/04/22,"36,432,372"
الخدمات الرقمية,عام,القطاع العام,خدمة إلكترونية,2026/04/22,"36,428,857"
الخدمات الرقمية,عام,القطاع العام,خدمة إلكترونية,2026/04/22,"36,432,953"
الخدمات الرقمية,عام,القطاع العام,خدمة إلكترونية,2026/04/22,"36,432,407"
الخدمات الرقمية,عام,القطاع العام,خدمة إلكترونية,2026/04/22,"36,432,798"
الخدمات الرقمية,عام,القطاع العام,خدمة إلكترونية,2026/04/22,"36,433,564"
الخدمات الرقمية,عام,القطاع العام,خدمة إلكترونية,2026/04/22,"36,428,589"
الخدمات الرقمية,عام,القطاع العام,خدمة إلكترونية,2026/04/22,"36,432,404"
الخدمات الرقمية,عام,القطاع العام,خدمة إلكترونية,2026/04/22,"36,436,581"
الخدمات الرقمية,عام,القطاع العام,خدمة إلكترونية,2026/04/22,"36,436,567"
الخدمات الرقمية,عام,القطاع العام,خدمة إلكترونية,2026/04/22,"36,430,308"
الخدمات الرقمية,عام,القطاع العام,خدمة إلكترونية,2026/04/22,"36,435,875"
الخدمات الرقمية,عام,القطاع العام,خدمة إلكترونية,2026/04/22,"36,431,679"
الخدمات الرقمية,عام,القطاع العام,خدمة إلكترونية,2026/04/22,"36,431,433"
الخدمات الرقمية,عام,القطاع العام,خدمة إلكترونية,2026/04/22,"36,433,807"
الخدمات الرقمية,عام,القطاع العام,خدمة إلكترونية,2026/04/22,"36,432,021"
الخدمات الرقمية,عام,القطاع العام,خدمة إلكترونية,2026/04/22,"36,432,957"
الخدمات الرقمية,عام,القطاع العام,خدمة إلكترونية,2026/04/22,"36,433,355"
الخدمات الرقمية,عام,القطاع العام,خدمة إلكترونية,2026/04/22,"36,427,340"
الخدمات الرقمية,عام,القطاع العام,خدمة إلكترونية,2026/04/22,"36,434,244"
الخدمات الرقمية,عام,القطاع العام,خدمة إلكترونية,2026/04/22,"36,433,817"
الخدمات الرقمية,عام,القطاع العام,خدمة إلكترونية,2026/04/22,"36,432,915"
الخدمات الرقمية,عام,القطاع العام,خدمة إلكترونية,2026/04/22,"36,433,427"
الخدمات الرقمية,عام,القطاع العام,خدمة إلكترونية,2026/04/22,"36,432,212"
الخدمات الرقمية,عام,القطاع العام,خدمة إلكترونية,2026/04/22,"36,432,966"
الخدمات الرقمية,عام,القطاع العام,خدمة إلكترونية,2026/04/22,"36,436,110"
الخدمات الرقمية,عام,القطاع العام,خدمة إلكترونية,2026/04/22,"36,431,709"
الخدمات الرقمية,عام,القطاع العام,خدمة إلكترونية,2026/04/22,"36,436,867"
الخدمات الرقمية,عام,القطاع العام,خدمة إلكترونية,2026/04/22,"36,437,734"
الخدمات الرقمية,عام,القطاع العام,خدمة إلكترونية,2026/04/22,"36,436,954"
الخدمات الرقمية,عام,القطاع العام,خدمة إلكترونية,2026/04/22,"36,438,343"
الخدمات الرقمية,عام,القطاع العام,خدمة إلكترونية,2026/04/22,"36,437,301"
الخدمات الرقمية,عام,القطاع العام,خدمة إلكترونية,2026/04/22,"36,436,586"
الخدمات الرقمية,عام,القطاع العام,خدمة إلكترونية,2026/04/23,"36,438,774"
الخدمات الرقمية,عام,القطاع العام,خدمة إلكترونية,2026/04/23,"36,439,131"
الخدمات الرقمية,عام,القطاع العام,خدمة إلكترونية,2026/04/23,"36,447,983"
الخدمات الرقمية,عام,القطاع العام,خدمة إلكترونية,2026/04/23,"36,449,583"
الخدمات الرقمية,عام,القطاع العام,خدمة إلكترونية,2026/04/23,"36,450,500"
الخدمات الرقمية,عام,القطاع العام,خدمة إلكترونية,2026/04/23,"36,439,091"
الخدمات الرقمية,عام,القطاع العام,خدمة إلكترونية,2026/04/23,"36,447,847"
الخدمات الرقمية,عام,القطاع العام,خدمة إلكترونية,2026/04/23,"36,447,852"
الخدمات الرقمية,عام,القطاع العام,خدمة إلكترونية,2026/04/23,"36,447,590"
الخدمات الرقمية,عام,القطاع العام,خدمة إلكترونية,2026/04/23,"36,449,838"
الخدمات الرقمية,عام,القطاع العام,خدمة إلكترونية,2026/04/23,"36,443,434"
الخدمات الرقمية,عام,القطاع العام,خدمة إلكترونية,2026/04/23,"36,447,622"
الخدمات الرقمية,عام,القطاع العام,خدمة إلكترونية,2026/04/23,"36,447,335"
الخدمات الرقمية,عام,القطاع العام,خدمة إلكترونية,2026/04/23,"36,449,775"
الخدمات الرقمية,عام,القطاع العام,خدمة إلكترونية,2026/04/23,"36,452,532"
الخدمات الرقمية,عام,القطاع العام,خدمة إلكترونية,2026/04/23,"36,449,192"
الخدمات الرقمية,عام,القطاع العام,خدمة إلكترونية,2026/04/23,"36,451,201"
الخدمات الرقمية,عام,القطاع العام,خدمة إلكترونية,2026/04/23,"36,453,213"
الخدمات الرقمية,عام,القطاع العام,خدمة إلكترونية,2026/04/23,"36,449,371"
الخدمات الرقمية,عام,القطاع العام,خدمة إلكترونية,2026/04/23,"36,462,542"
الخدمات الرقمية,عام,القطاع العام,خدمة إلكترونية,2026/04/23,"36,458,680"
الخدمات الرقمية,عام,القطاع العام,خدمة إلكترونية,2026/04/23,"36,451,317"
الخدمات الرقمية,عام,القطاع العام,خدمة إلكترونية,2026/04/23,"36,461,085"
الخدمات الرقمية,عام,القطاع العام,خدمة إلكترونية,2026/04/23,"36,463,607"
الخدمات الرقمية,عام,القطاع العام,خدمة إلكترونية,2026/04/23,"36,464,934"
الخدمات الرقمية,عام,القطاع العام,خدمة إلكترونية,2026/04/23,"36,461,410"
الخدمات الرقمية,عام,القطاع العام,خدمة إلكترونية,2026/04/23,"36,462,938"
الخدمات الرقمية,عام,القطاع العام,خدمة إلكترونية,2026/04/23,"36,464,813"
الخدمات الرقمية,عام,القطاع العام,خدمة إلكترونية,2026/04/23,"36,467,831"
الخدمات الرقمية,عام,القطاع العام,خدمة إلكترونية,2026/04/23,"36,465,494"
الخدمات الرقمية,عام,القطاع العام,خدمة إلكترونية,2026/04/23,"36,467,162"
الخدمات الرقمية,عام,القطاع العام,خدمة إلكترونية,2026/04/23,"36,467,904"
الخدمات الرقمية,عام,القطاع العام,خدمة إلكترونية,2026/04/23,"36,466,664"
الخدمات الرقمية,عام,القطاع العام,خدمة إلكترونية,2026/04/23,"36,467,599"
الخدمات الرقمية,عام,القطاع العام,خدمة إلكترونية,2026/04/24,"36,478,324"
الخدمات الرقمية,عام,القطاع العام,خدمة إلكترونية,2026/04/24,"36,472,938"
الخدمات الرقمية,عام,القطاع العام,خدمة إلكترونية,2026/04/24,"36,476,167"
الخدمات الرقمية,عام,القطاع العام,خدمة إلكترونية,2026/04/24,"36,477,983"
الخدمات الرقمية,عام,القطاع العام,خدمة إلكترونية,2026/04/24,"36,470,658"
الخدمات الرقمية,عام,القطاع العام,خدمة إلكترونية,2026/04/24,"36,472,810"
الخدمات الرقمية,عام,القطاع العام,خدمة إلكترونية,2026/04/24,"36,476,491"
الخدمات الرقمية,عام,القطاع العام,خدمة إلكترونية,2026/04/24,"36,477,613"
الخدمات الرقمية,عام,القطاع العام,خدمة إلكترونية,2026/04/24,"36,472,931"
الخدمات الرقمية,عام,القطاع العام,خدمة إلكترونية,2026/04/24,"36,473,099"
الخدمات الرقمية,عام,القطاع العام,خدمة إلكترونية,2026/04/24,"36,473,237"
الخدمات الرقمية,عام,القطاع العام,خدمة إلكترونية,2026/04/24,"36,474,095"
الخدمات الرقمية,عام,القطاع العام,خدمة إلكترونية,2026/04/24,"36,474,754"
الخدمات الرقمية,عام,القطاع العام,خدمة إلكترونية,2026/04/24,"36,478,633"
الخدمات الرقمية,عام,القطاع العام,خدمة إلكترونية,2026/04/24,"36,480,883"
الخدمات الرقمية,عام,القطاع العام,خدمة إلكترونية,2026/04/25,"36,486,919"
الخدمات الرقمية,عام,القطاع العام,خدمة إلكترونية,2026/04/25,"36,487,286"
الخدمات الرقمية,عام,القطاع العام,خدمة إلكترونية,2026/04/25,"36,490,919"
الخدمات الرقمية,عام,القطاع العام,خدمة إلكترونية,2026/04/25,"36,483,976"
الخدمات الرقمية,عام,القطاع العام,خدمة إلكترونية,2026/04/25,"36,488,481"
الخدمات الرقمية,عام,القطاع العام,خدمة إلكترونية,2026/04/25,"36,488,049"
الخدمات الرقمية,عام,القطاع العام,خدمة إلكترونية,2026/04/25,"36,489,252"
الخدمات الرقمية,عام,القطاع العام,خدمة إلكترونية,2026/04/25,"36,489,332"
الخدمات الرقمية,عام,القطاع العام,خدمة إلكترونية,2026/04/25,"36,489,512"
الخدمات الرقمية,عام,القطاع العام,خدمة إلكترونية,2026/04/25,"36,489,826"
الخدمات الرقمية,عام,القطاع العام,خدمة إلكترونية,2026/04/25,"36,490,473"
الخدمات الرقمية,عام,القطاع العام,خدمة إلكترونية,2026/04/25,"36,490,711"
الخدمات الرقمية,عام,القطاع العام,خدمة إلكترونية,2026/04/25,"36,490,326"
الخدمات الرقمية,عام,القطاع العام,خدمة إلكترونية,2026/04/25,"36,490,359"
الخدمات الرقمية,عام,القطاع العام,خدمة إلكترونية,2026/04/25,"36,487,895"
الخدمات الرقمية,عام,القطاع العام,خدمة إلكترونية,2026/04/25,"36,489,528"
الخدمات الرقمية,عام,القطاع العام,خدمة إلكترونية,2026/04/25,"36,491,176"
الخدمات الرقمية,عام,القطاع العام,خدمة إلكترونية,2026/04/25,"36,490,234"
الخدمات الرقمية,عام,القطاع العام,خدمة إلكترونية,2026/04/25,"36,489,321"
الخدمات الرقمية,عام,القطاع العام,خدمة إلكترونية,2026/04/25,"36,489,706"
الخدمات الرقمية,عام,القطاع العام,خدمة إلكترونية,2026/04/25,"36,489,328"
الخدمات الرقمية,عام,القطاع العام,خدمة إلكترونية,2026/04/25,"36,490,097"
الخدمات الرقمية,عام,القطاع العام,خدمة إلكترونية,2026/04/25,"36,490,552"
الخدمات الرقمية,عام,القطاع العام,خدمة إلكترونية,2026/04/25,"36,491,015"
الخدمات الرقمية,عام,القطاع العام,خدمة إلكترونية,2026/04/25,"36,489,676"
الخدمات الرقمية,عام,القطاع العام,خدمة إلكترونية,2026/04/26,"36,499,615"
الخدمات الرقمية,عام,القطاع العام,خدمة إلكترونية,2026/04/26,"36,502,256"
الخدمات الرقمية,عام,القطاع العام,خدمة إلكترونية,2026/04/26,"36,502,556"
الخدمات الرقمية,عام,القطاع العام,خدمة إلكترونية,2026/04/26,"36,501,392"
الخدمات الرقمية,عام,القطاع العام,خدمة إلكترونية,2026/04/26,"36,501,955"
الخدمات الرقمية,عام,القطاع العام,خدمة إلكترونية,2026/04/26,"36,502,657"
الخدمات الرقمية,عام,القطاع العام,خدمة إلكترونية,2026/04/26,"36,502,090"
الخدمات الرقمية,عام,القطاع العام,خدمة إلكترونية,2026/04/26,"36,503,548"
الخدمات الرقمية,عام,القطاع العام,خدمة إلكترونية,2026/04/26,"36,494,954"
الخدمات الرقمية,عام,القطاع العام,خدمة إلكترونية,2026/04/26,"36,503,012"
الخدمات الرقمية,عام,القطاع العام,خدمة إلكترونية,2026/04/26,"36,507,418"
الخدمات الرقمية,عام,القطاع العام,خدمة إلكترونية,2026/04/26,"36,509,581"
الخدمات الرقمية,عام,القطاع العام,خدمة إلكترونية,2026/04/26,"36,502,450"
الخدمات الرقمية,عام,القطاع العام,خدمة إلكترونية,2026/04/26,"36,502,813"
الخدمات الرقمية,عام,القطاع العام,خدمة إلكترونية,2026/04/26,"36,504,877"
الخدمات الرقمية,عام,القطاع العام,خدمة إلكترونية,2026/04/26,"36,505,957"
الخدمات الرقمية,عام,القطاع العام,خدمة إلكترونية,2026/04/26,"36,502,095"
الخدمات الرقمية,عام,القطاع العام,خدمة إلكترونية,2026/04/26,"36,498,064"
الخدمات الرقمية,عام,القطاع العام,خدمة إلكترونية,2026/04/26,"36,501,852"
الخدمات الرقمية,عام,القطاع العام,خدمة إلكترونية,2026/04/26,"36,501,945"
الخدمات الرقمية,عام,القطاع العام,خدمة إلكترونية,2026/04/26,"36,502,385"
الخدمات الرقمية,عام,القطاع العام,خدمة إلكترونية,2026/04/26,"36,502,709"
الخدمات الرقمية,عام,القطاع العام,خدمة إلكترونية,2026/04/26,"36,500,802"
الخدمات الرقمية,عام,القطاع العام,خدمة إلكترونية,2026/04/26,"36,512,006"
الخدمات الرقمية,عام,القطاع العام,خدمة إلكترونية,2026/04/26,"36,510,110"
الخدمات الرقمية,عام,القطاع العام,خدمة إلكترونية,2026/04/26,"36,510,675"
الخدمات الرقمية,عام,القطاع العام,خدمة إلكترونية,2026/04/26,"36,511,027"
الخدمات الرقمية,عام,القطاع العام,خدمة إلكترونية,2026/04/26,"36,502,084"
الخدمات الرقمية,عام,القطاع العام,خدمة إلكترونية,2026/04/26,"36,502,546"
الخدمات الرقمية,عام,القطاع العام,خدمة إلكترونية,2026/04/26,"36,502,646"
الخدمات الرقمية,عام,القطاع العام,خدمة إلكترونية,2026/04/26,"36,500,344"
الخدمات الرقمية,عام,القطاع العام,خدمة إلكترونية,2026/04/26,"36,507,701"
الخدمات الرقمية,عام,القطاع العام,خدمة إلكترونية,2026/04/26,"36,509,595"
الخدمات الرقمية,عام,القطاع العام,خدمة إلكترونية,2026/04/26,"36,510,960"
الخدمات الرقمية,عام,القطاع العام,خدمة إلكترونية,2026/04/26,"36,501,861"
الخدمات الرقمية,عام,القطاع العام,خدمة إلكترونية,2026/04/26,"36,510,453"
الخدمات الرقمية,عام,القطاع العام,خدمة إلكترونية,2026/04/26,"36,511,035"
الخدمات الرقمية,عام,القطاع العام,خدمة إلكترونية,2026/04/26,"36,511,970"
الخدمات الرقمية,عام,القطاع العام,خدمة إلكترونية,2026/04/26,"36,510,578"
الخدمات الرقمية,عام,القطاع العام,خدمة إلكترونية,2026/04/26,"36,510,740"
الخدمات الرقمية,عام,القطاع العام,خدمة إلكترونية,2026/04/26,"36,511,674"
الخدمات الرقمية,عام,القطاع العام,خدمة إلكترونية,2026/04/26,"36,511,800"
الخدمات الرقمية,عام,القطاع العام,خدمة إلكترونية,2026/04/26,"36,512,025"
الخدمات الرقمية,عام,القطاع العام,خدمة إلكترونية,2026/04/26,"36,512,037"
الخدمات الرقمية,عام,القطاع العام,خدمة إلكترونية,2026/04/26,"36,512,082"
الخدمات الرقمية,عام,القطاع العام,خدمة إلكترونية,2026/04/26,"36,512,456"
الخدمات الرقمية,عام,القطاع العام,خدمة إلكترونية,2026/04/26,"36,510,679"
الخدمات الرقمية,عام,القطاع العام,خدمة إلكترونية,2026/04/26,"36,513,259"
الخدمات الرقمية,عام,القطاع العام,خدمة إلكترونية,2026/04/26,"36,512,627"
الخدمات الرقمية,عام,القطاع العام,خدمة إلكترونية,2026/04/26,"36,511,967"
الخدمات الرقمية,عام,القطاع العام,خدمة إلكترونية,2026/04/27,"36,514,134"
الخدمات الرقمية,عام,القطاع العام,خدمة إلكترونية,2026/04/27,"36,514,132"
الخدمات الرقمية,عام,القطاع العام,خدمة إلكترونية,2026/04/27,"36,527,823"
الخدمات الرقمية,عام,القطاع العام,خدمة إلكترونية,2026/04/27,"36,513,803"
الخدمات الرقمية,عام,القطاع العام,خدمة إلكترونية,2026/04/27,"36,520,806"
الخدمات الرقمية,عام,القطاع العام,خدمة إلكترونية,2026/04/27,"36,522,086"
الخدمات الرقمية,عام,القطاع العام,خدمة إلكترونية,2026/04/27,"36,514,260"
الخدمات الرقمية,عام,القطاع العام,خدمة إلكترونية,2026/04/27,"36,513,813"
الخدمات الرقمية,عام,القطاع العام,خدمة إلكترونية,2026/04/27,"36,513,814"
الخدمات الرقمية,عام,القطاع العام,خدمة إلكترونية,2026/04/27,"36,514,120"
الخدمات الرقمية,عام,القطاع العام,خدمة إلكترونية,2026/04/27,"36,513,812"
الخدمات الرقمية,عام,القطاع العام,خدمة إلكترونية,2026/04/27,"36,526,327"
الخدمات الرقمية,عام,القطاع العام,خدمة إلكترونية,2026/04/27,"36,521,273"
الخدمات الرقمية,عام,القطاع العام,خدمة إلكترونية,2026/04/27,"36,524,014"
الخدمات الرقمية,عام,القطاع العام,خدمة إلكترونية,2026/04/27,"36,520,353"
الخدمات الرقمية,عام,القطاع العام,خدمة إلكترونية,2026/04/27,"36,526,948"
الخدمات الرقمية,عام,القطاع العام,خدمة إلكترونية,2026/04/27,"36,526,030"
الخدمات الرقمية,عام,القطاع العام,خدمة إلكترونية,2026/04/27,"36,521,052"
الخدمات الرقمية,عام,القطاع العام,خدمة إلكترونية,2026/04/27,"36,534,539"
الخدمات الرقمية,عام,القطاع العام,خدمة إلكترونية,2026/04/27,"36,520,052"
الخدمات الرقمية,عام,القطاع العام,خدمة إلكترونية,2026/04/27,"36,531,642"
الخدمات الرقمية,عام,القطاع العام,خدمة إلكترونية,2026/04/27,"36,536,371"
الخدمات الرقمية,عام,القطاع العام,خدمة إلكترونية,2026/04/27,"36,529,030"
الخدمات الرقمية,عام,القطاع العام,خدمة إلكترونية,2026/04/27,"36,535,692"
الخدمات الرقمية,عام,القطاع العام,خدمة إلكترونية,2026/04/27,"36,534,296"
الخدمات الرقمية,عام,القطاع العام,خدمة إلكترونية,2026/04/27,"36,535,812"
الخدمات الرقمية,عام,القطاع العام,خدمة إلكترونية,2026/04/27,"36,538,978"
الخدمات الرقمية,عام,القطاع العام,خدمة إلكترونية,2026/04/27,"36,529,596"
الخدمات الرقمية,عام,القطاع العام,خدمة إلكترونية,2026/04/27,"36,531,464"
الخدمات الرقمية,عام,القطاع العام,خدمة إلكترونية,2026/04/27,"36,534,462"
الخدمات الرقمية,عام,القطاع العام,خدمة إلكترونية,2026/04/27,"36,538,599"
الخدمات الرقمية,عام,القطاع العام,خدمة إلكترونية,2026/04/27,"36,537,745"
الخدمات الرقمية,عام,القطاع العام,خدمة إلكترونية,2026/04/27,"36,538,426"
الخدمات الرقمية,عام,القطاع العام,خدمة إلكترونية,2026/04/27,"36,538,822"
الخدمات الرقمية,عام,القطاع العام,خدمة إلكترونية,2026/04/27,"36,539,073"
الخدمات الرقمية,عام,القطاع العام,خدمة إلكترونية,2026/04/27,"36,537,133"
الخدمات الرقمية,عام,القطاع العام,خدمة إلكترونية,2026/04/27,"36,538,628"
الخدمات الرقمية,عام,القطاع العام,خدمة إلكترونية,2026/04/27,"36,538,816"
الخدمات الرقمية,عام,القطاع العام,خدمة إلكترونية,2026/04/27,"36,536,014"
الخدمات الرقمية,عام,القطاع العام,خدمة إلكترونية,2026/04/27,"36,540,661"
الخدمات الرقمية,عام,القطاع العام,خدمة إلكترونية,2026/04/27,"36,540,884"
الخدمات الرقمية,عام,القطاع العام,خدمة إلكترونية,2026/04/27,"36,540,046"
الخدمات الرقمية,عام,القطاع العام,خدمة إلكترونية,2026/04/27,"36,540,565"
الخدمات الرقمية,عام,القطاع العام,خدمة إلكترونية,2026/04/28,"36,545,931"
الخدمات الرقمية,عام,القطاع العام,خدمة إلكترونية,2026/04/28,"36,542,010"
الخدمات الرقمية,عام,القطاع العام,خدمة إلكترونية,2026/04/28,"36,549,497"
الخدمات الرقمية,عام,القطاع العام,خدمة إلكترونية,2026/04/28,"36,551,446"
الخدمات الرقمية,عام,القطاع العام,خدمة إلكترونية,2026/04/28,"36,542,653"
الخدمات الرقمية,عام,القطاع العام,خدمة إلكترونية,2026/04/28,"36,548,500"
الخدمات الرقمية,عام,القطاع العام,خدمة إلكترونية,2026/04/28,"36,548,542"
الخدمات الرقمية,عام,القطاع العام,خدمة إلكترونية,2026/04/28,"36,542,815"
الخدمات الرقمية,عام,القطاع العام,خدمة إلكترونية,2026/04/28,"36,551,804"
الخدمات الرقمية,عام,القطاع العام,خدمة إلكترونية,2026/04/28,"36,552,254"
الخدمات الرقمية,عام,القطاع العام,خدمة إلكترونية,2026/04/28,"36,547,275"
الخدمات الرقمية,عام,القطاع العام,خدمة إلكترونية,2026/04/28,"36,551,759"
الخدمات الرقمية,عام,القطاع العام,خدمة إلكترونية,2026/04/28,"36,551,806"
الخدمات الرقمية,عام,القطاع العام,خدمة إلكترونية,2026/04/28,"36,552,304"
الخدمات الرقمية,عام,القطاع العام,خدمة إلكترونية,2026/04/28,"36,550,519"
الخدمات الرقمية,عام,القطاع العام,خدمة إلكترونية,2026/04/28,"36,551,176"
الخدمات الرقمية,عام,القطاع العام,خدمة إلكترونية,2026/04/28,"36,560,920"
الخدمات الرقمية,عام,القطاع العام,خدمة إلكترونية,2026/04/28,"36,553,654"
الخدمات الرقمية,عام,القطاع العام,خدمة إلكترونية,2026/04/28,"36,559,366"
الخدمات الرقمية,عام,القطاع العام,خدمة إلكترونية,2026/04/28,"36,560,201"
الخدمات الرقمية,عام,القطاع العام,خدمة إلكترونية,2026/04/28,"36,550,800"
الخدمات الرقمية,عام,القطاع العام,خدمة إلكترونية,2026/04/28,"36,560,698"
الخدمات الرقمية,عام,القطاع العام,خدمة إلكترونية,2026/04/28,"36,555,500"
الخدمات الرقمية,عام,القطاع العام,خدمة إلكترونية,2026/04/28,"36,561,623"
الخدمات الرقمية,عام,القطاع العام,خدمة إلكترونية,2026/04/28,"36,559,210"
الخدمات الرقمية,عام,القطاع العام,خدمة إلكترونية,2026/04/28,"36,559,820"
الخدمات الرقمية,عام,القطاع العام,خدمة إلكترونية,2026/04/28,"36,560,203"
الخدمات الرقمية,عام,القطاع العام,خدمة إلكترونية,2026/04/28,"36,562,373"
الخدمات الرقمية,عام,القطاع العام,خدمة إلكترونية,2026/04/28,"36,562,696"
الخدمات الرقمية,عام,القطاع العام,خدمة إلكترونية,2026/04/28,"36,563,132"
الخدمات الرقمية,عام,القطاع العام,خدمة إلكترونية,2026/04/28,"36,542,743"
الخدمات الرقمية,عام,القطاع العام,خدمة إلكترونية,2026/04/28,"36,547,099"
الخدمات الرقمية,عام,القطاع العام,خدمة إلكترونية,2026/04/28,"36,549,847"
الخدمات الرقمية,عام,القطاع العام,خدمة إلكترونية,2026/04/28,"36,554,975"
الخدمات الرقمية,عام,القطاع العام,خدمة إلكترونية,2026/04/28,"36,562,374"
الخدمات الرقمية,عام,القطاع العام,خدمة إلكترونية,2026/04/28,"36,550,861"
الخدمات الرقمية,عام,القطاع العام,خدمة إلكترونية,2026/04/28,"36,559,587"
الخدمات الرقمية,عام,القطاع العام,خدمة إلكترونية,2026/04/28,"36,561,442"
الخدمات الرقمية,عام,القطاع العام,خدمة إلكترونية,2026/04/28,"36,555,421"
الخدمات الرقمية,عام,القطاع العام,خدمة إلكترونية,2026/04/28,"36,566,232"
الخدمات الرقمية,عام,القطاع العام,خدمة إلكترونية,2026/04/28,"36,563,478"
الخدمات الرقمية,عام,القطاع العام,خدمة إلكترونية,2026/04/28,"36,556,822"
الخدمات الرقمية,عام,القطاع العام,خدمة إلكترونية,2026/04/28,"36,559,201"
الخدمات الرقمية,عام,القطاع العام,خدمة إلكترونية,2026/04/28,"36,554,658"
الخدمات الرقمية,عام,القطاع العام,خدمة إلكترونية,2026/04/28,"36,560,610"
الخدمات الرقمية,عام,القطاع العام,خدمة إلكترونية,2026/04/28,"36,565,878"
الخدمات الرقمية,عام,القطاع العام,خدمة إلكترونية,2026/04/28,"36,565,994"
الخدمات الرقمية,عام,القطاع العام,خدمة إلكترونية,2026/04/28,"36,564,483"
الخدمات الرقمية,عام,القطاع العام,خدمة إلكترونية,2026/04/29,"36,575,289"
الخدمات الرقمية,عام,القطاع العام,خدمة إلكترونية,2026/04/29,"36,568,415"
الخدمات الرقمية,عام,القطاع العام,خدمة إلكترونية,2026/04/29,"36,575,509"
الخدمات الرقمية,عام,القطاع العام,خدمة إلكترونية,2026/04/29,"36,576,727"
الخدمات الرقمية,عام,القطاع العام,خدمة إلكترونية,2026/04/29,"36,573,812"
الخدمات الرقمية,عام,القطاع العام,خدمة إلكترونية,2026/04/29,"36,567,572"
الخدمات الرقمية,عام,القطاع العام,خدمة إلكترونية,2026/04/29,"36,572,681"
الخدمات الرقمية,عام,القطاع العام,خدمة إلكترونية,2026/04/29,"36,575,430"
الخدمات الرقمية,عام,القطاع العام,خدمة إلكترونية,2026/04/29,"36,575,000"
الخدمات الرقمية,عام,القطاع العام,خدمة إلكترونية,2026/04/29,"36,578,467"
الخدمات الرقمية,عام,القطاع العام,خدمة إلكترونية,2026/04/29,"36,578,491"
الخدمات الرقمية,عام,القطاع العام,خدمة إلكترونية,2026/04/29,"36,573,657"
الخدمات الرقمية,عام,القطاع العام,خدمة إلكترونية,2026/04/29,"36,579,320"
الخدمات الرقمية,عام,القطاع العام,خدمة إلكترونية,2026/04/29,"36,577,193"
الخدمات الرقمية,عام,القطاع العام,خدمة إلكترونية,2026/04/29,"36,569,865"
الخدمات الرقمية,عام,القطاع العام,خدمة إلكترونية,2026/04/29,"36,567,350"
الخدمات الرقمية,عام,القطاع العام,خدمة إلكترونية,2026/04/29,"36,568,681"
الخدمات الرقمية,عام,القطاع العام,خدمة إلكترونية,2026/04/29,"36,580,710"
الخدمات الرقمية,عام,القطاع العام,خدمة إلكترونية,2026/04/29,"36,589,859"
الخدمات الرقمية,عام,القطاع العام,خدمة إلكترونية,2026/04/29,"36,575,331"
الخدمات الرقمية,عام,القطاع العام,خدمة إلكترونية,2026/04/29,"36,576,208"
الخدمات الرقمية,عام,القطاع العام,خدمة إلكترونية,2026/04/29,"36,575,434"
الخدمات الرقمية,عام,القطاع العام,خدمة إلكترونية,2026/04/29,"36,577,053"
الخدمات الرقمية,عام,القطاع العام,خدمة إلكترونية,2026/04/29,"36,581,964"
الخدمات الرقمية,عام,القطاع العام,خدمة إلكترونية,2026/04/29,"36,586,515"
الخدمات الرقمية,عام,القطاع العام,خدمة إلكترونية,2026/04/29,"36,580,933"
الخدمات الرقمية,عام,القطاع العام,خدمة إلكترونية,2026/04/29,"36,581,561"
الخدمات الرقمية,عام,القطاع العام,خدمة إلكترونية,2026/04/29,"36,586,435"
الخدمات الرقمية,عام,القطاع العام,خدمة إلكترونية,2026/04/29,"36,586,161"
الخدمات الرقمية,عام,القطاع العام,خدمة إلكترونية,2026/04/29,"36,586,245"
الخدمات الرقمية,عام,القطاع العام,خدمة إلكترونية,2026/04/29,"36,590,894"
الخدمات الرقمية,عام,القطاع العام,خدمة إلكترونية,2026/04/29,"36,590,251"
الخدمات الرقمية,عام,القطاع العام,خدمة إلكترونية,2026/04/29,"36,590,883"
الخدمات الرقمية,عام,القطاع العام,خدمة إلكترونية,2026/04/29,"36,577,317"
الخدمات الرقمية,عام,القطاع العام,خدمة إلكترونية,2026/04/29,"36,591,437"
الخدمات الرقمية,عام,القطاع العام,خدمة إلكترونية,2026/04/29,"36,584,786"
الخدمات الرقمية,عام,القطاع العام,خدمة إلكترونية,2026/04/29,"36,586,954"
الخدمات الرقمية,عام,القطاع العام,خدمة إلكترونية,2026/04/29,"36,586,765"
الخدمات الرقمية,عام,القطاع العام,خدمة إلكترونية,2026/04/29,"36,587,743"
الخدمات الرقمية,عام,القطاع العام,خدمة إلكترونية,2026/04/29,"36,590,040"
الخدمات الرقمية,عام,القطاع العام,خدمة إلكترونية,2026/04/29,"36,588,378"
الخدمات الرقمية,عام,القطاع العام,خدمة إلكترونية,2026/04/29,"36,592,469"
الخدمات الرقمية,عام,القطاع العام,خدمة إلكترونية,2026/04/29,"36,589,755"
الخدمات الرقمية,عام,القطاع العام,خدمة إلكترونية,2026/04/29,"36,593,102"
الخدمات الرقمية,عام,القطاع العام,خدمة إلكترونية,2026/04/30,"36,593,922"
الخدمات الرقمية,عام,القطاع العام,خدمة إلكترونية,2026/04/30,"36,594,340"
الخدمات الرقمية,عام,القطاع العام,خدمة إلكترونية,2026/04/30,"36,605,232"
الخدمات الرقمية,عام,القطاع العام,خدمة إلكترونية,2026/04/30,"36,604,124"
الخدمات الرقمية,عام,القطاع العام,خدمة إلكترونية,2026/04/30,"36,594,986"
الخدمات الرقمية,عام,القطاع العام,خدمة إلكترونية,2026/04/30,"36,609,865"
الخدمات الرقمية,عام,القطاع العام,خدمة إلكترونية,2026/04/30,"36,609,221"
الخدمات الرقمية,عام,القطاع العام,خدمة إلكترونية,2026/04/30,"36,604,517"
الخدمات الرقمية,عام,القطاع العام,خدمة إلكترونية,2026/04/30,"36,605,047"
الخدمات الرقمية,عام,القطاع العام,خدمة إلكترونية,2026/04/30,"36,608,231"
الخدمات الرقمية,عام,القطاع العام,خدمة إلكترونية,2026/04/30,"36,610,380"
الخدمات الرقمية,عام,القطاع العام,خدمة إلكترونية,2026/04/30,"36,611,719"
الخدمات الرقمية,عام,القطاع العام,خدمة إلكترونية,2026/04/30,"36,596,199"
الخدمات الرقمية,عام,القطاع العام,خدمة إلكترونية,2026/04/30,"36,618,177"
الخدمات الرقمية,عام,القطاع العام,خدمة إلكترونية,2026/04/30,"36,606,327"
الخدمات الرقمية,عام,القطاع العام,خدمة إلكترونية,2026/04/30,"36,612,654"
الخدمات الرقمية,عام,القطاع العام,خدمة إلكترونية,2026/04/30,"36,615,687"
الخدمات الرقمية,عام,القطاع العام,خدمة إلكترونية,2026/04/30,"36,617,644"
الخدمات الرقمية,عام,القطاع العام,خدمة إلكترونية,2026/04/30,"36,608,204"
الخدمات الرقمية,عام,القطاع العام,خدمة إلكترونية,2026/04/30,"36,615,508"
الخدمات الرقمية,عام,القطاع العام,خدمة إلكترونية,2026/04/30,"36,615,616"
الخدمات الرقمية,عام,القطاع العام,خدمة إلكترونية,2026/04/30,"36,615,845"
الخدمات الرقمية,عام,القطاع العام,خدمة إلكترونية,2026/04/30,"36,612,129"
الخدمات الرقمية,عام,القطاع العام,خدمة إلكترونية,2026/04/30,"36,612,728"
الخدمات الرقمية,عام,القطاع العام,خدمة إلكترونية,2026/04/30,"36,617,918"
الخدمات الرقمية,عام,القطاع العام,خدمة إلكترونية,2026/04/30,"36,618,125"
الخدمات الرقمية,عام,القطاع العام,خدمة إلكترونية,2026/04/30,"36,618,283"
الخدمات الرقمية,عام,القطاع العام,خدمة إلكترونية,2026/04/30,"36,610,537"
الخدمات الرقمية,عام,القطاع العام,خدمة إلكترونية,2026/04/30,"36,612,643"
الخدمات الرقمية,عام,القطاع العام,خدمة إلكترونية,2026/04/30,"36,612,167"
الخدمات الرقمية,عام,القطاع العام,خدمة إلكترونية,2026/05/01,"36,625,491"
الخدمات الرقمية,عام,القطاع العام,خدمة إلكترونية,2026/05/01,"36,627,856"
الخدمات الرقمية,عام,القطاع العام,خدمة إلكترونية,2026/05/01,"36,627,031"
الخدمات الرقمية,عام,القطاع العام,خدمة إلكترونية,2026/05/01,"36,627,517"
الخدمات الرقمية,عام,القطاع العام,خدمة إلكترونية,2026/05/01,"36,618,946"
الخدمات الرقمية,عام,القطاع العام,خدمة إلكترونية,2026/05/01,"36,624,484"
الخدمات الرقمية,عام,القطاع العام,خدمة إلكترونية,2026/05/01,"36,619,045"
الخدمات الرقمية,عام,القطاع العام,خدمة إلكترونية,2026/05/01,"36,627,714"
الخدمات الرقمية,عام,القطاع العام,خدمة إلكترونية,2026/05/01,"36,627,819"
الخدمات الرقمية,عام,القطاع العام,خدمة إلكترونية,2026/05/01,"36,626,799"
الخدمات الرقمية,عام,القطاع العام,خدمة إلكترونية,2026/05/01,"36,618,815"
الخدمات الرقمية,عام,القطاع العام,خدمة إلكترونية,2026/05/01,"36,626,311"
الخدمات الرقمية,عام,القطاع العام,خدمة إلكترونية,2026/05/01,"36,625,496"
الخدمات الرقمية,عام,القطاع العام,خدمة إلكترونية,2026/05/02,"36,630,368"
الخدمات الرقمية,عام,القطاع العام,خدمة إلكترونية,2026/05/02,"36,630,783"
الخدمات الرقمية,عام,القطاع العام,خدمة إلكترونية,2026/05/02,"36,640,337"
الخدمات الرقمية,عام,القطاع العام,خدمة إلكترونية,2026/05/02,"36,640,539"
الخدمات الرقمية,عام,القطاع العام,خدمة إلكترونية,2026/05/02,"36,630,366"
الخدمات الرقمية,عام,القطاع العام,خدمة إلكترونية,2026/05/02,"36,629,501"
الخدمات الرقمية,عام,القطاع العام,خدمة إلكترونية,2026/05/02,"36,630,784"
الخدمات الرقمية,عام,القطاع العام,خدمة إلكترونية,2026/05/02,"36,634,232"
الخدمات الرقمية,عام,القطاع العام,خدمة إلكترونية,2026/05/02,"36,639,854"
الخدمات الرقمية,عام,القطاع العام,خدمة إلكترونية,2026/05/02,"36,629,782"
الخدمات الرقمية,عام,القطاع العام,خدمة إلكترونية,2026/05/02,"36,634,228"
الخدمات الرقمية,عام,القطاع العام,خدمة إلكترونية,2026/05/02,"36,641,236"
الخدمات الرقمية,عام,القطاع العام,خدمة إلكترونية,2026/05/02,"36,629,327"
الخدمات الرقمية,عام,القطاع العام,خدمة إلكترونية,2026/05/02,"36,629,518"
الخدمات الرقمية,عام,القطاع العام,خدمة إلكترونية,2026/05/02,"36,636,241"
الخدمات الرقمية,عام,القطاع العام,خدمة إلكترونية,2026/05/02,"36,640,541"
الخدمات الرقمية,عام,القطاع العام,خدمة إلكترونية,2026/05/02,"36,641,220"
الخدمات الرقمية,عام,القطاع العام,خدمة إلكترونية,2026/05/02,"36,636,399"
الخدمات الرقمية,عام,القطاع العام,خدمة إلكترونية,2026/05/02,"36,639,048"
الخدمات الرقمية,عام,القطاع العام,خدمة إلكترونية,2026/05/02,"36,637,836"
الخدمات الرقمية,عام,القطاع العام,خدمة إلكترونية,2026/05/02,"36,630,369"
الخدمات الرقمية,عام,القطاع العام,خدمة إلكترونية,2026/05/02,"36,637,441"
الخدمات الرقمية,عام,القطاع العام,خدمة إلكترونية,2026/05/02,"36,635,148"
الخدمات الرقمية,عام,القطاع العام,خدمة إلكترونية,2026/05/02,"36,641,284"
الخدمات الرقمية,عام,القطاع العام,خدمة إلكترونية,2026/05/03,"36,653,205"
الخدمات الرقمية,عام,القطاع العام,خدمة إلكترونية,2026/05/03,"36,647,965"
الخدمات الرقمية,عام,القطاع العام,خدمة إلكترونية,2026/05/03,"36,648,650"
الخدمات الرقمية,عام,القطاع العام,خدمة إلكترونية,2026/05/03,"36,653,903"
الخدمات الرقمية,عام,القطاع العام,خدمة إلكترونية,2026/05/03,"36,660,169"
الخدمات الرقمية,عام,القطاع العام,خدمة إلكترونية,2026/05/03,"36,659,148"
الخدمات الرقمية,عام,القطاع العام,خدمة إلكترونية,2026/05/03,"36,659,154"
الخدمات الرقمية,عام,القطاع العام,خدمة إلكترونية,2026/05/03,"36,659,867"
الخدمات الرقمية,عام,القطاع العام,خدمة إلكترونية,2026/05/03,"36,661,264"
الخدمات الرقمية,عام,القطاع العام,خدمة إلكترونية,2026/05/03,"36,661,682"
الخدمات الرقمية,عام,القطاع العام,خدمة إلكترونية,2026/05/03,"36,647,766"
الخدمات الرقمية,عام,القطاع العام,خدمة إلكترونية,2026/05/03,"36,654,574"
الخدمات الرقمية,عام,القطاع العام,خدمة إلكترونية,2026/05/03,"36,650,027"
الخدمات الرقمية,عام,القطاع العام,خدمة إلكترونية,2026/05/03,"36,661,385"
الخدمات الرقمية,عام,القطاع العام,خدمة إلكترونية,2026/05/03,"36,651,637"
الخدمات الرقمية,عام,القطاع العام,خدمة إلكترونية,2026/05/03,"36,653,604"
الخدمات الرقمية,عام,القطاع العام,خدمة إلكترونية,2026/05/03,"36,657,940"
الخدمات الرقمية,عام,القطاع العام,خدمة إلكترونية,2026/05/03,"36,659,650"
الخدمات الرقمية,عام,القطاع العام,خدمة إلكترونية,2026/05/03,"36,661,923"
الخدمات الرقمية,عام,القطاع العام,خدمة إلكترونية,2026/05/03,"36,652,649"
الخدمات الرقمية,عام,القطاع العام,خدمة إلكترونية,2026/05/03,"36,655,914"
الخدمات الرقمية,عام,القطاع العام,خدمة إلكترونية,2026/05/03,"36,658,755"
الخدمات الرقمية,عام,القطاع العام,خدمة إلكترونية,2026/05/03,"36,661,937"
الخدمات الرقمية,عام,القطاع العام,خدمة إلكترونية,2026/05/03,"36,645,376"
الخدمات الرقمية,عام,القطاع العام,خدمة إلكترونية,2026/05/03,"36,655,431"
الخدمات الرقمية,عام,القطاع العام,خدمة إلكترونية,2026/05/03,"36,657,106"
الخدمات الرقمية,عام,القطاع العام,خدمة إلكترونية,2026/05/03,"36,642,891"
الخدمات الرقمية,عام,القطاع العام,خدمة إلكترونية,2026/05/03,"36,648,950"
الخدمات الرقمية,عام,القطاع العام,خدمة إلكترونية,2026/05/03,"36,650,288"
الخدمات الرقمية,عام,القطاع العام,خدمة إلكترونية,2026/05/03,"36,659,245"
الخدمات الرقمية,عام,القطاع العام,خدمة إلكترونية,2026/05/03,"36,660,460"
الخدمات الرقمية,عام,القطاع العام,خدمة إلكترونية,2026/05/03,"36,651,626"
الخدمات الرقمية,عام,القطاع العام,خدمة إلكترونية,2026/05/03,"36,659,091"
الخدمات الرقمية,عام,القطاع العام,خدمة إلكترونية,2026/05/03,"36,662,073"
الخدمات الرقمية,عام,القطاع العام,خدمة إلكترونية,2026/05/03,"36,653,261"
الخدمات الرقمية,عام,القطاع العام,خدمة إلكترونية,2026/05/03,"36,662,115"
الخدمات الرقمية,عام,القطاع العام,خدمة إلكترونية,2026/05/03,"36,657,067"
الخدمات الرقمية,عام,القطاع العام,خدمة إلكترونية,2026/05/03,"36,658,053"
الخدمات الرقمية,عام,القطاع العام,خدمة إلكترونية,2026/05/03,"36,641,712"
الخدمات الرقمية,عام,القطاع العام,خدمة إلكترونية,2026/05/03,"36,654,095"
الخدمات الرقمية,عام,القطاع العام,خدمة إلكترونية,2026/05/03,"36,658,844"
الخدمات الرقمية,عام,القطاع العام,خدمة إلكترونية,2026/05/03,"36,659,551"
الخدمات الرقمية,عام,القطاع العام,خدمة إلكترونية,2026/05/03,"36,641,711"
الخدمات الرقمية,عام,القطاع العام,خدمة إلكترونية,2026/05/03,"36,648,660"
الخدمات الرقمية,عام,القطاع العام,خدمة إلكترونية,2026/05/03,"36,659,482"
الخدمات الرقمية,عام,القطاع العام,خدمة إلكترونية,2026/05/03,"36,660,962"
الخدمات الرقمية,عام,القطاع العام,خدمة إلكترونية,2026/05/03,"36,661,630"
الخدمات الرقمية,عام,القطاع العام,خدمة إلكترونية,2026/05/03,"36,661,758"
الخدمات الرقمية,عام,القطاع العام,خدمة إلكترونية,2026/05/03,"36,646,814"
الخدمات الرقمية,عام,القطاع العام,خدمة إلكترونية,2026/05/03,"36,661,685"
الخدمات الرقمية,عام,القطاع العام,خدمة إلكترونية,2026/05/03,"36,661,667"
الخدمات الرقمية,عام,القطاع العام,خدمة إلكترونية,2026/05/03,"36,661,924"
الخدمات الرقمية,عام,القطاع العام,خدمة إلكترونية,2026/05/03,"36,645,096"
الخدمات الرقمية,عام,القطاع العام,خدمة إلكترونية,2026/05/03,"36,648,936"
الخدمات الرقمية,عام,القطاع العام,خدمة إلكترونية,2026/05/03,"36,650,286"
الخدمات الرقمية,عام,القطاع العام,خدمة إلكترونية,2026/05/03,"36,656,575"
الخدمات الرقمية,عام,القطاع العام,خدمة إلكترونية,2026/05/04,"36,683,029"
الخدمات الرقمية,عام,القطاع العام,خدمة إلكترونية,2026/05/04,"36,685,637"
الخدمات الرقمية,عام,القطاع العام,خدمة إلكترونية,2026/05/04,"36,686,671"
الخدمات الرقمية,عام,القطاع العام,خدمة إلكترونية,2026/05/04,"36,681,993"
الخدمات الرقمية,عام,القطاع العام,خدمة إلكترونية,2026/05/04,"36,684,784"
الخدمات الرقمية,عام,القطاع العام,خدمة إلكترونية,2026/05/04,"36,686,610"
الخدمات الرقمية,عام,القطاع العام,خدمة إلكترونية,2026/05/04,"36,687,499"
الخدمات الرقمية,عام,القطاع العام,خدمة إلكترونية,2026/05/04,"36,687,032"
الخدمات الرقمية,عام,القطاع العام,خدمة إلكترونية,2026/05/04,"36,682,310"
الخدمات الرقمية,عام,القطاع العام,خدمة إلكترونية,2026/05/04,"36,686,604"
الخدمات الرقمية,عام,القطاع العام,خدمة إلكترونية,2026/05/04,"36,687,850"
الخدمات الرقمية,عام,القطاع العام,خدمة إلكترونية,2026/05/04,"36,684,042"
الخدمات الرقمية,عام,القطاع العام,خدمة إلكترونية,2026/05/04,"36,686,015"
الخدمات الرقمية,عام,القطاع العام,خدمة إلكترونية,2026/05/04,"36,689,026"
الخدمات الرقمية,عام,القطاع العام,خدمة إلكترونية,2026/05/04,"36,668,299"
الخدمات الرقمية,عام,القطاع العام,خدمة إلكترونية,2026/05/04,"36,679,290"
الخدمات الرقمية,عام,القطاع العام,خدمة إلكترونية,2026/05/04,"36,687,788"
الخدمات الرقمية,عام,القطاع العام,خدمة إلكترونية,2026/05/04,"36,662,382"
الخدمات الرقمية,عام,القطاع العام,خدمة إلكترونية,2026/05/04,"36,663,885"
الخدمات الرقمية,عام,القطاع العام,خدمة إلكترونية,2026/05/04,"36,664,008"
الخدمات الرقمية,عام,القطاع العام,خدمة إلكترونية,2026/05/04,"36,673,958"
الخدمات الرقمية,عام,القطاع العام,خدمة إلكترونية,2026/05/04,"36,674,039"
الخدمات الرقمية,عام,القطاع العام,خدمة إلكترونية,2026/05/04,"36,662,381"
الخدمات الرقمية,عام,القطاع العام,خدمة إلكترونية,2026/05/04,"36,668,739"
الخدمات الرقمية,عام,القطاع العام,خدمة إلكترونية,2026/05/04,"36,662,643"
الخدمات الرقمية,عام,القطاع العام,خدمة إلكترونية,2026/05/04,"36,663,639"
الخدمات الرقمية,عام,القطاع العام,خدمة إلكترونية,2026/05/04,"36,663,843"
الخدمات الرقمية,عام,القطاع العام,خدمة إلكترونية,2026/05/04,"36,678,559"
الخدمات الرقمية,عام,القطاع العام,خدمة إلكترونية,2026/05/04,"36,670,028"
الخدمات الرقمية,عام,القطاع العام,خدمة إلكترونية,2026/05/04,"36,688,109"
الخدمات الرقمية,عام,القطاع العام,خدمة إلكترونية,2026/05/04,"36,673,425"
الخدمات الرقمية,عام,القطاع العام,خدمة إلكترونية,2026/05/04,"36,681,227"
الخدمات الرقمية,عام,القطاع العام,خدمة إلكترونية,2026/05/04,"36,669,765"
الخدمات الرقمية,عام,القطاع العام,خدمة إلكترونية,2026/05/04,"36,662,730"
الخدمات الرقمية,عام,القطاع العام,خدمة إلكترونية,2026/05/04,"36,674,481"
الخدمات الرقمية,عام,القطاع العام,خدمة إلكترونية,2026/05/04,"36,676,650"
الخدمات الرقمية,عام,القطاع العام,خدمة إلكترونية,2026/05/04,"36,679,930"
الخدمات الرقمية,عام,القطاع العام,خدمة إلكترونية,2026/05/04,"36,670,570"
الخدمات الرقمية,عام,القطاع العام,خدمة إلكترونية,2026/05/04,"36,671,428"
الخدمات الرقمية,عام,القطاع العام,خدمة إلكترونية,2026/05/04,"36,670,580"
الخدمات الرقمية,عام,القطاع العام,خدمة إلكترونية,2026/05/04,"36,672,121"
الخدمات الرقمية,عام,القطاع العام,خدمة إلكترونية,2026/05/04,"36,677,208"
الخدمات الرقمية,عام,القطاع العام,خدمة إلكترونية,2026/05/04,"36,676,480"
الخدمات الرقمية,عام,القطاع العام,خدمة إلكترونية,2026/05/04,"36,677,355"
الخدمات الرقمية,عام,القطاع العام,خدمة إلكترونية,2026/05/04,"36,674,849"
الخدمات الرقمية,عام,القطاع العام,خدمة إلكترونية,2026/05/04,"36,679,548"
الخدمات الرقمية,عام,القطاع العام,خدمة إلكترونية,2026/05/04,"36,681,047"
الخدمات الرقمية,عام,القطاع العام,خدمة إلكترونية,2026/05/04,"36,689,236"
الخدمات الرقمية,عام,القطاع العام,خدمة إلكترونية,2026/05/04,"36,689,281"
الخدمات الرقمية,عام,القطاع العام,خدمة إلكترونية,2026/05/05,"36,689,483"
الخدمات الرقمية,عام,القطاع العام,خدمة إلكترونية,2026/05/05,"36,693,054"
الخدمات الرقمية,عام,القطاع العام,خدمة إلكترونية,2026/05/05,"36,691,280"
الخدمات الرقمية,عام,القطاع العام,خدمة إلكترونية,2026/05/05,"36,692,838"
الخدمات الرقمية,عام,القطاع العام,خدمة إلكترونية,2026/05/05,"36,689,450"
الخدمات الرقمية,عام,القطاع العام,خدمة إلكترونية,2026/05/05,"36,689,455"
الخدمات الرقمية,عام,القطاع العام,خدمة إلكترونية,2026/05/05,"36,691,529"
الخدمات الرقمية,عام,القطاع العام,خدمة إلكترونية,2026/05/05,"36,689,441"
الخدمات الرقمية,عام,القطاع العام,خدمة إلكترونية,2026/05/05,"36,693,736"
الخدمات الرقمية,عام,القطاع العام,خدمة إلكترونية,2026/05/05,"36,692,953"
الخدمات الرقمية,عام,القطاع العام,خدمة إلكترونية,2026/05/05,"36,689,315"
الخدمات الرقمية,عام,القطاع العام,خدمة إلكترونية,2026/05/05,"36,689,415"
الخدمات الرقمية,عام,القطاع العام,خدمة إلكترونية,2026/05/05,"36,689,528"
الخدمات الرقمية,عام,القطاع العام,خدمة إلكترونية,2026/05/05,"36,696,254"
الخدمات الرقمية,عام,القطاع العام,خدمة إلكترونية,2026/05/05,"36,689,448"
الخدمات الرقمية,عام,القطاع العام,خدمة إلكترونية,2026/05/05,"36,689,929"
الخدمات الرقمية,عام,القطاع العام,خدمة إلكترونية,2026/05/05,"36,689,960"
الخدمات الرقمية,عام,القطاع العام,خدمة إلكترونية,2026/05/05,"36,689,498"
الخدمات الرقمية,عام,القطاع العام,خدمة إلكترونية,2026/05/05,"36,696,539"
الخدمات الرقمية,عام,القطاع العام,خدمة إلكترونية,2026/05/05,"36,689,306"
الخدمات الرقمية,عام,القطاع العام,خدمة إلكترونية,2026/05/05,"36,689,411"
الخدمات الرقمية,عام,القطاع العام,خدمة إلكترونية,2026/05/05,"36,689,295"
الخدمات الرقمية,عام,القطاع العام,خدمة إلكترونية,2026/05/05,"36,689,407"
الخدمات الرقمية,عام,القطاع العام,خدمة إلكترونية,2026/05/05,"36,689,444"
الخدمات الرقمية,عام,القطاع العام,خدمة إلكترونية,2026/05/05,"36,696,898"
الخدمات الرقمية,عام,القطاع العام,خدمة إلكترونية,2026/05/05,"36,704,220"
الخدمات الرقمية,عام,القطاع العام,خدمة إلكترونية,2026/05/05,"36,705,121"
الخدمات الرقمية,عام,القطاع العام,خدمة إلكترونية,2026/05/05,"36,709,261"
الخدمات الرقمية,عام,القطاع العام,خدمة إلكترونية,2026/05/05,"36,709,453"
الخدمات الرقمية,عام,القطاع العام,خدمة إلكترونية,2026/05/05,"36,710,436"
الخدمات الرقمية,عام,القطاع العام,خدمة إلكترونية,2026/05/05,"36,710,805"
الخدمات الرقمية,عام,القطاع العام,خدمة إلكترونية,2026/05/05,"36,716,022"
الخدمات الرقمية,عام,القطاع العام,خدمة إلكترونية,2026/05/05,"36,696,848"
الخدمات الرقمية,عام,القطاع العام,خدمة إلكترونية,2026/05/05,"36,707,684"
الخدمات الرقمية,عام,القطاع العام,خدمة إلكترونية,2026/05/05,"36,709,426"
الخدمات الرقمية,عام,القطاع العام,خدمة إلكترونية,2026/05/05,"36,710,553"
الخدمات الرقمية,عام,القطاع العام,خدمة إلكترونية,2026/05/05,"36,713,399"
الخدمات الرقمية,عام,القطاع العام,خدمة إلكترونية,2026/05/05,"36,697,207"
الخدمات الرقمية,عام,القطاع العام,خدمة إلكترونية,2026/05/05,"36,706,440"
الخدمات الرقمية,عام,القطاع العام,خدمة إلكترونية,2026/05/05,"36,707,063"
الخدمات الرقمية,عام,القطاع العام,خدمة إلكترونية,2026/05/05,"36,707,807"
الخدمات الرقمية,عام,القطاع العام,خدمة إلكترونية,2026/05/05,"36,707,927"
الخدمات الرقمية,عام,القطاع العام,خدمة إلكترونية,2026/05/05,"36,697,604"
الخدمات الرقمية,عام,القطاع العام,خدمة إلكترونية,2026/05/05,"36,712,799"
الخدمات الرقمية,عام,القطاع العام,خدمة إلكترونية,2026/05/05,"36,713,115"
الخدمات الرقمية,عام,القطاع العام,خدمة إلكترونية,2026/05/05,"36,698,061"
الخدمات الرقمية,عام,القطاع العام,خدمة إلكترونية,2026/05/05,"36,704,278"
الخدمات الرقمية,عام,القطاع العام,خدمة إلكترونية,2026/05/05,"36,705,384"
الخدمات الرقمية,عام,القطاع العام,خدمة إلكترونية,2026/05/05,"36,710,613"
الخدمات الرقمية,عام,القطاع العام,خدمة إلكترونية,2026/05/05,"36,699,630"
الخدمات الرقمية,عام,القطاع العام,خدمة إلكترونية,2026/05/05,"36,709,392"
الخدمات الرقمية,عام,القطاع العام,خدمة إلكترونية,2026/05/05,"36,709,975"
الخدمات الرقمية,عام,القطاع العام,خدمة إلكترونية,2026/05/05,"36,711,871"
الخدمات الرقمية,عام,القطاع العام,خدمة إلكترونية,2026/05/05,"36,712,827"
الخدمات الرقمية,عام,القطاع العام,خدمة إلكترونية,2026/05/05,"36,713,520"
الخدمات الرقمية,عام,القطاع العام,خدمة إلكترونية,2026/05/05,"36,709,220"
الخدمات الرقمية,عام,القطاع العام,خدمة إلكترونية,2026/05/05,"36,712,685"
الخدمات الرقمية,عام,القطاع العام,خدمة إلكترونية,2026/05/05,"36,716,011"
الخدمات الرقمية,عام,القطاع العام,خدمة إلكترونية,2026/05/05,"36,691,708"
الخدمات الرقمية,عام,القطاع العام,خدمة إلكترونية,2026/05/05,"36,709,805"
الخدمات الرقمية,عام,القطاع العام,خدمة إلكترونية,2026/05/05,"36,711,468"
الخدمات الرقمية,عام,القطاع العام,خدمة إلكترونية,2026/05/05,"36,716,066"
الخدمات الرقمية,عام,القطاع العام,خدمة إلكترونية,2026/05/05,"36,709,637"
الخدمات الرقمية,عام,القطاع العام,خدمة إلكترونية,2026/05/05,"36,711,611"
الخدمات الرقمية,عام,القطاع العام,خدمة إلكترونية,2026/05/05,"36,699,820"
الخدمات الرقمية,عام,القطاع العام,خدمة إلكترونية,2026/05/05,"36,700,697"
الخدمات الرقمية,عام,القطاع العام,خدمة إلكترونية,2026/05/05,"36,700,920"
الخدمات الرقمية,عام,القطاع العام,خدمة إلكترونية,2026/05/05,"36,706,182"
الخدمات الرقمية,عام,القطاع العام,خدمة إلكترونية,2026/05/05,"36,710,415"
الخدمات الرقمية,عام,القطاع العام,خدمة إلكترونية,2026/05/05,"36,713,327"
الخدمات الرقمية,عام,القطاع العام,خدمة إلكترونية,2026/05/05,"36,710,803"
الخدمات الرقمية,عام,القطاع العام,خدمة إلكترونية,2026/05/05,"36,697,234"
الخدمات الرقمية,عام,القطاع العام,خدمة إلكترونية,2026/05/05,"36,697,078"
الخدمات الرقمية,عام,القطاع العام,خدمة إلكترونية,2026/05/05,"36,697,190"
الخدمات الرقمية,عام,القطاع العام,خدمة إلكترونية,2026/05/05,"36,704,156"
الخدمات الرقمية,عام,القطاع العام,خدمة إلكترونية,2026/05/05,"36,710,589"
الخدمات الرقمية,عام,القطاع العام,خدمة إلكترونية,2026/05/05,"36,711,096"
الخدمات الرقمية,عام,القطاع العام,خدمة إلكترونية,2026/05/05,"36,702,513"
الخدمات الرقمية,عام,القطاع العام,خدمة إلكترونية,2026/05/05,"36,704,110"
الخدمات الرقمية,عام,القطاع العام,خدمة إلكترونية,2026/05/05,"36,710,689"
الخدمات الرقمية,عام,القطاع العام,خدمة إلكترونية,2026/05/05,"36,716,035"
الخدمات الرقمية,عام,القطاع العام,خدمة إلكترونية,2026/05/05,"36,702,326"
الخدمات الرقمية,عام,القطاع العام,خدمة إلكترونية,2026/05/05,"36,702,870"
الخدمات الرقمية,عام,القطاع العام,خدمة إلكترونية,2026/05/06,"36,735,923"
الخدمات الرقمية,عام,القطاع العام,خدمة إلكترونية,2026/05/06,"36,736,400"
الخدمات الرقمية,عام,القطاع العام,خدمة إلكترونية,2026/05/06,"36,736,393"
الخدمات الرقمية,عام,القطاع العام,خدمة إلكترونية,2026/05/06,"36,729,060"
الخدمات الرقمية,عام,القطاع العام,خدمة إلكترونية,2026/05/06,"36,729,784"
الخدمات الرقمية,عام,القطاع العام,خدمة إلكترونية,2026/05/06,"36,737,166"
الخدمات الرقمية,عام,القطاع العام,خدمة إلكترونية,2026/05/06,"36,737,389"
الخدمات الرقمية,عام,القطاع العام,خدمة إلكترونية,2026/05/06,"36,738,432"
الخدمات الرقمية,عام,القطاع العام,خدمة إلكترونية,2026/05/06,"36,720,251"
الخدمات الرقمية,عام,القطاع العام,خدمة إلكترونية,2026/05/06,"36,723,994"
الخدمات الرقمية,عام,القطاع العام,خدمة إلكترونية,2026/05/06,"36,728,671"
الخدمات الرقمية,عام,القطاع العام,خدمة إلكترونية,2026/05/06,"36,730,464"
الخدمات الرقمية,عام,القطاع العام,خدمة إلكترونية,2026/05/06,"36,731,485"
الخدمات الرقمية,عام,القطاع العام,خدمة إلكترونية,2026/05/06,"36,738,385"
الخدمات الرقمية,عام,القطاع العام,خدمة إلكترونية,2026/05/06,"36,734,409"
الخدمات الرقمية,عام,القطاع العام,خدمة إلكترونية,2026/05/06,"36,734,418"
الخدمات الرقمية,عام,القطاع العام,خدمة إلكترونية,2026/05/06,"36,736,511"
الخدمات الرقمية,عام,القطاع العام,خدمة إلكترونية,2026/05/06,"36,722,902"
الخدمات الرقمية,عام,القطاع العام,خدمة إلكترونية,2026/05/06,"36,730,937"
الخدمات الرقمية,عام,القطاع العام,خدمة إلكترونية,2026/05/06,"36,732,385"
الخدمات الرقمية,عام,القطاع العام,خدمة إلكترونية,2026/05/06,"36,734,512"
الخدمات الرقمية,عام,القطاع العام,خدمة إلكترونية,2026/05/06,"36,735,925"
الخدمات الرقمية,عام,القطاع العام,خدمة إلكترونية,2026/05/06,"36,716,270"
الخدمات الرقمية,عام,القطاع العام,خدمة إلكترونية,2026/05/06,"36,733,417"
الخدمات الرقمية,عام,القطاع العام,خدمة إلكترونية,2026/05/06,"36,734,404"
الخدمات الرقمية,عام,القطاع العام,خدمة إلكترونية,2026/05/06,"36,734,551"
الخدمات الرقمية,عام,القطاع العام,خدمة إلكترونية,2026/05/06,"36,734,729"
الخدمات الرقمية,عام,القطاع العام,خدمة إلكترونية,2026/05/06,"36,736,263"
الخدمات الرقمية,عام,القطاع العام,خدمة إلكترونية,2026/05/06,"36,738,493"
الخدمات الرقمية,عام,القطاع العام,خدمة إلكترونية,2026/05/06,"36,724,338"
الخدمات الرقمية,عام,القطاع العام,خدمة إلكترونية,2026/05/06,"36,729,699"
الخدمات الرقمية,عام,القطاع العام,خدمة إلكترونية,2026/05/06,"36,735,220"
الخدمات الرقمية,عام,القطاع العام,خدمة إلكترونية,2026/05/06,"36,737,421"
الخدمات الرقمية,عام,القطاع العام,خدمة إلكترونية,2026/05/06,"36,717,086"
الخدمات الرقمية,عام,القطاع العام,خدمة إلكترونية,2026/05/06,"36,738,382"
الخدمات الرقمية,عام,القطاع العام,خدمة إلكترونية,2026/05/06,"36,735,472"
الخدمات الرقمية,عام,القطاع العام,خدمة إلكترونية,2026/05/06,"36,720,290"
الخدمات الرقمية,عام,القطاع العام,خدمة إلكترونية,2026/05/06,"36,724,575"
الخدمات الرقمية,عام,القطاع العام,خدمة إلكترونية,2026/05/06,"36,732,140"
الخدمات الرقمية,عام,القطاع العام,خدمة إلكترونية,2026/05/06,"36,732,837"
الخدمات الرقمية,عام,القطاع العام,خدمة إلكترونية,2026/05/06,"36,723,281"
الخدمات الرقمية,عام,القطاع العام,خدمة إلكترونية,2026/05/06,"36,722,982"
الخدمات الرقمية,عام,القطاع العام,خدمة إلكترونية,2026/05/06,"36,728,638"
الخدمات الرقمية,عام,القطاع العام,خدمة إلكترونية,2026/05/06,"36,723,070"
الخدمات الرقمية,عام,القطاع العام,خدمة إلكترونية,2026/05/06,"36,726,401"
الخدمات الرقمية,عام,القطاع العام,خدمة إلكترونية,2026/05/06,"36,716,576"
الخدمات الرقمية,عام,القطاع العام,خدمة إلكترونية,2026/05/06,"36,732,169"
الخدمات الرقمية,عام,القطاع العام,خدمة إلكترونية,2026/05/06,"36,720,326"
الخدمات الرقمية,عام,القطاع العام,خدمة إلكترونية,2026/05/06,"36,723,246"
الخدمات الرقمية,عام,القطاع العام,خدمة إلكترونية,2026/05/07,"36,760,668"
الخدمات الرقمية,عام,القطاع العام,خدمة إلكترونية,2026/05/07,"36,759,518"
الخدمات الرقمية,عام,القطاع العام,خدمة إلكترونية,2026/05/07,"36,760,036"
الخدمات الرقمية,عام,القطاع العام,خدمة إلكترونية,2026/05/07,"36,757,819"
الخدمات الرقمية,عام,القطاع العام,خدمة إلكترونية,2026/05/07,"36,763,321"
الخدمات الرقمية,عام,القطاع العام,خدمة إلكترونية,2026/05/07,"36,760,639"
الخدمات الرقمية,عام,القطاع العام,خدمة إلكترونية,2026/05/07,"36,758,913"
الخدمات الرقمية,عام,القطاع العام,خدمة إلكترونية,2026/05/07,"36,760,663"
الخدمات الرقمية,عام,القطاع العام,خدمة إلكترونية,2026/05/07,"36,762,856"
الخدمات الرقمية,عام,القطاع العام,خدمة إلكترونية,2026/05/07,"36,761,454"
الخدمات الرقمية,عام,القطاع العام,خدمة إلكترونية,2026/05/07,"36,763,506"
الخدمات الرقمية,عام,القطاع العام,خدمة إلكترونية,2026/05/07,"36,763,512"
الخدمات الرقمية,عام,القطاع العام,خدمة إلكترونية,2026/05/07,"36,757,814"
الخدمات الرقمية,عام,القطاع العام,خدمة إلكترونية,2026/05/07,"36,759,878"
الخدمات الرقمية,عام,القطاع العام,خدمة إلكترونية,2026/05/07,"36,758,610"
الخدمات الرقمية,عام,القطاع العام,خدمة إلكترونية,2026/05/07,"36,760,943"
الخدمات الرقمية,عام,القطاع العام,خدمة إلكترونية,2026/05/07,"36,763,605"
الخدمات الرقمية,عام,القطاع العام,خدمة إلكترونية,2026/05/07,"36,763,820"
الخدمات الرقمية,عام,القطاع العام,خدمة إلكترونية,2026/05/07,"36,740,581"
الخدمات الرقمية,عام,القطاع العام,خدمة إلكترونية,2026/05/07,"36,754,137"
الخدمات الرقمية,عام,القطاع العام,خدمة إلكترونية,2026/05/07,"36,742,852"
الخدمات الرقمية,عام,القطاع العام,خدمة إلكترونية,2026/05/07,"36,744,434"
الخدمات الرقمية,عام,القطاع العام,خدمة إلكترونية,2026/05/07,"36,742,999"
الخدمات الرقمية,عام,القطاع العام,خدمة إلكترونية,2026/05/07,"36,747,291"
الخدمات الرقمية,عام,القطاع العام,خدمة إلكترونية,2026/05/07,"36,748,400"
الخدمات الرقمية,عام,القطاع العام,خدمة إلكترونية,2026/05/07,"36,747,408"
الخدمات الرقمية,عام,القطاع العام,خدمة إلكترونية,2026/05/07,"36,748,746"
الخدمات الرقمية,عام,القطاع العام,خدمة إلكترونية,2026/05/07,"36,739,684"
الخدمات الرقمية,عام,القطاع العام,خدمة إلكترونية,2026/05/07,"36,754,494"
الخدمات الرقمية,عام,القطاع العام,خدمة إلكترونية,2026/05/07,"36,747,978"
الخدمات الرقمية,عام,القطاع العام,خدمة إلكترونية,2026/05/07,"36,752,775"
الخدمات الرقمية,عام,القطاع العام,خدمة إلكترونية,2026/05/07,"36,748,484"
الخدمات الرقمية,عام,القطاع العام,خدمة إلكترونية,2026/05/07,"36,744,079"
الخدمات الرقمية,عام,القطاع العام,خدمة إلكترونية,2026/05/07,"36,744,383"
الخدمات الرقمية,عام,القطاع العام,خدمة إلكترونية,2026/05/07,"36,751,291"
الخدمات الرقمية,عام,القطاع العام,خدمة إلكترونية,2026/05/07,"36,752,516"
الخدمات الرقمية,عام,القطاع العام,خدمة إلكترونية,2026/05/07,"36,740,094"
الخدمات الرقمية,عام,القطاع العام,خدمة إلكترونية,2026/05/07,"36,751,406"
الخدمات الرقمية,عام,القطاع العام,خدمة إلكترونية,2026/05/07,"36,760,662"
الخدمات الرقمية,عام,القطاع العام,خدمة إلكترونية,2026/05/07,"36,744,283"
الخدمات الرقمية,عام,القطاع العام,خدمة إلكترونية,2026/05/07,"36,747,854"
الخدمات الرقمية,عام,القطاع العام,خدمة إلكترونية,2026/05/08,"36,773,098"
الخدمات الرقمية,عام,القطاع العام,خدمة إلكترونية,2026/05/08,"36,777,651"
الخدمات الرقمية,عام,القطاع العام,خدمة إلكترونية,2026/05/08,"36,764,097"
الخدمات الرقمية,عام,القطاع العام,خدمة إلكترونية,2026/05/08,"36,777,920"
الخدمات الرقمية,عام,القطاع العام,خدمة إلكترونية,2026/05/08,"36,776,453"
الخدمات الرقمية,عام,القطاع العام,خدمة إلكترونية,2026/05/08,"36,778,344"
الخدمات الرقمية,عام,القطاع العام,خدمة إلكترونية,2026/05/08,"36,765,714"
الخدمات الرقمية,عام,القطاع العام,خدمة إلكترونية,2026/05/08,"36,772,963"
الخدمات الرقمية,عام,القطاع العام,خدمة إلكترونية,2026/05/08,"36,776,456"
الخدمات الرقمية,عام,القطاع العام,خدمة إلكترونية,2026/05/08,"36,780,138"
الخدمات الرقمية,عام,القطاع العام,خدمة إلكترونية,2026/05/08,"36,764,861"
الخدمات الرقمية,عام,القطاع العام,خدمة إلكترونية,2026/05/08,"36,773,254"
الخدمات الرقمية,عام,القطاع العام,خدمة إلكترونية,2026/05/08,"36,775,548"
الخدمات الرقمية,عام,القطاع العام,خدمة إلكترونية,2026/05/08,"36,775,607"
الخدمات الرقمية,عام,القطاع العام,خدمة إلكترونية,2026/05/08,"36,775,613"
الخدمات الرقمية,عام,القطاع العام,خدمة إلكترونية,2026/05/08,"36,764,613"
الخدمات الرقمية,عام,القطاع العام,خدمة إلكترونية,2026/05/08,"36,776,239"
الخدمات الرقمية,عام,القطاع العام,خدمة إلكترونية,2026/05/08,"36,773,330"
الخدمات الرقمية,عام,القطاع العام,خدمة إلكترونية,2026/05/08,"36,777,968"
الخدمات الرقمية,عام,القطاع العام,خدمة إلكترونية,2026/05/09,"36,790,831"
الخدمات الرقمية,عام,القطاع العام,خدمة إلكترونية,2026/05/09,"36,790,139"
الخدمات الرقمية,عام,القطاع العام,خدمة إلكترونية,2026/05/09,"36,789,031"
الخدمات الرقمية,عام,القطاع العام,خدمة إلكترونية,2026/05/09,"36,789,180"
الخدمات الرقمية,عام,القطاع العام,خدمة إلكترونية,2026/05/09,"36,788,803"
الخدمات الرقمية,عام,القطاع العام,خدمة إلكترونية,2026/05/09,"36,790,594"
الخدمات الرقمية,عام,القطاع العام,خدمة إلكترونية,2026/05/09,"36,780,620"
الخدمات الرقمية,عام,القطاع العام,خدمة إلكترونية,2026/05/09,"36,788,364"
الخدمات الرقمية,عام,القطاع العام,خدمة إلكترونية,2026/05/09,"36,788,832"
الخدمات الرقمية,عام,القطاع العام,خدمة إلكترونية,2026/05/09,"36,788,911"
الخدمات الرقمية,عام,القطاع العام,خدمة إلكترونية,2026/05/09,"36,790,501"
الخدمات الرقمية,عام,القطاع العام,خدمة إلكترونية,2026/05/09,"36,791,266"
الخدمات الرقمية,عام,القطاع العام,خدمة إلكترونية,2026/05/09,"36,792,782"
الخدمات الرقمية,عام,القطاع العام,خدمة إلكترونية,2026/05/09,"36,792,084"
الخدمات الرقمية,عام,القطاع العام,خدمة إلكترونية,2026/05/09,"36,792,090"
الخدمات الرقمية,عام,القطاع العام,خدمة إلكترونية,2026/05/09,"36,786,013"
الخدمات الرقمية,عام,القطاع العام,خدمة إلكترونية,2026/05/09,"36,786,158"
الخدمات الرقمية,عام,القطاع العام,خدمة إلكترونية,2026/05/09,"36,789,300"
الخدمات الرقمية,عام,القطاع العام,خدمة إلكترونية,2026/05/09,"36,786,853"
الخدمات الرقمية,عام,القطاع العام,خدمة إلكترونية,2026/05/09,"36,789,185"
الخدمات الرقمية,عام,القطاع العام,خدمة إلكترونية,2026/05/09,"36,792,781"
الخدمات الرقمية,عام,القطاع العام,خدمة إلكترونية,2026/05/09,"36,789,064"
الخدمات الرقمية,عام,القطاع العام,خدمة إلكترونية,2026/05/09,"36,789,187"
الخدمات الرقمية,عام,القطاع العام,خدمة إلكترونية,2026/05/09,"36,789,188"
الخدمات الرقمية,عام,القطاع العام,خدمة إلكترونية,2026/05/09,"36,791,727"
الخدمات الرقمية,عام,القطاع العام,خدمة إلكترونية,2026/05/09,"36,784,059"
الخدمات الرقمية,عام,القطاع العام,خدمة إلكترونية,2026/05/09,"36,787,778"
الخدمات الرقمية,عام,القطاع العام,خدمة إلكترونية,2026/05/10,"36,796,948"
الخدمات الرقمية,عام,القطاع العام,خدمة إلكترونية,2026/05/10,"36,794,092"
الخدمات الرقمية,عام,القطاع العام,خدمة إلكترونية,2026/05/10,"36,799,432"
الخدمات الرقمية,عام,القطاع العام,خدمة إلكترونية,2026/05/10,"36,796,252"
الخدمات الرقمية,عام,القطاع العام,خدمة إلكترونية,2026/05/10,"36,800,504"
الخدمات الرقمية,عام,القطاع العام,خدمة إلكترونية,2026/05/10,"36,803,221"
الخدمات الرقمية,عام,القطاع العام,خدمة إلكترونية,2026/05/10,"36,805,211"
الخدمات الرقمية,عام,القطاع العام,خدمة إلكترونية,2026/05/10,"36,795,400"
الخدمات الرقمية,عام,القطاع العام,خدمة إلكترونية,2026/05/10,"36,800,387"
الخدمات الرقمية,عام,القطاع العام,خدمة إلكترونية,2026/05/10,"36,801,096"
الخدمات الرقمية,عام,القطاع العام,خدمة إلكترونية,2026/05/10,"36,799,732"
الخدمات الرقمية,عام,القطاع العام,خدمة إلكترونية,2026/05/10,"36,805,009"
الخدمات الرقمية,عام,القطاع العام,خدمة إلكترونية,2026/05/10,"36,798,693"
الخدمات الرقمية,عام,القطاع العام,خدمة إلكترونية,2026/05/10,"36,802,320"
الخدمات الرقمية,عام,القطاع العام,خدمة إلكترونية,2026/05/10,"36,801,479"
الخدمات الرقمية,عام,القطاع العام,خدمة إلكترونية,2026/05/10,"36,801,953"
الخدمات الرقمية,عام,القطاع العام,خدمة إلكترونية,2026/05/10,"36,804,948"
الخدمات الرقمية,عام,القطاع العام,خدمة إلكترونية,2026/05/10,"36,808,367"
الخدمات الرقمية,عام,القطاع العام,خدمة إلكترونية,2026/05/10,"36,800,738"
الخدمات الرقمية,عام,القطاع العام,خدمة إلكترونية,2026/05/10,"36,806,043"
الخدمات الرقمية,عام,القطاع العام,خدمة إلكترونية,2026/05/10,"36,806,863"
الخدمات الرقمية,عام,القطاع العام,خدمة إلكترونية,2026/05/10,"36,807,422"
الخدمات الرقمية,عام,القطاع العام,خدمة إلكترونية,2026/05/10,"36,801,864"
الخدمات الرقمية,عام,القطاع العام,خدمة إلكترونية,2026/05/10,"36,806,335"
الخدمات الرقمية,عام,القطاع العام,خدمة إلكترونية,2026/05/10,"36,808,134"
الخدمات الرقمية,عام,القطاع العام,خدمة إلكترونية,2026/05/10,"36,809,653"
الخدمات الرقمية,عام,القطاع العام,خدمة إلكترونية,2026/05/10,"36,811,315"
الخدمات الرقمية,عام,القطاع العام,خدمة إلكترونية,2026/05/10,"36,809,458"
الخدمات الرقمية,عام,القطاع العام,خدمة إلكترونية,2026/05/10,"36,809,552"
الخدمات الرقمية,عام,القطاع العام,خدمة إلكترونية,2026/05/10,"36,812,730"
الخدمات الرقمية,عام,القطاع العام,خدمة إلكترونية,2026/05/10,"36,811,425"
الخدمات الرقمية,عام,القطاع العام,خدمة إلكترونية,2026/05/10,"36,811,318"
الخدمات الرقمية,عام,القطاع العام,خدمة إلكترونية,2026/05/10,"36,806,769"
الخدمات الرقمية,عام,القطاع العام,خدمة إلكترونية,2026/05/10,"36,810,781"
الخدمات الرقمية,عام,القطاع العام,خدمة إلكترونية,2026/05/10,"36,812,477"
الخدمات الرقمية,عام,القطاع العام,خدمة إلكترونية,2026/05/10,"36,813,144"
الخدمات الرقمية,عام,القطاع العام,خدمة إلكترونية,2026/05/10,"36,813,671"
الخدمات الرقمية,عام,القطاع العام,خدمة إلكترونية,2026/05/10,"36,808,140"
الخدمات الرقمية,عام,القطاع العام,خدمة إلكترونية,2026/05/10,"36,809,392"
الخدمات الرقمية,عام,القطاع العام,خدمة إلكترونية,2026/05/10,"36,813,140"
الخدمات الرقمية,عام,القطاع العام,خدمة إلكترونية,2026/05/10,"36,813,824"
الخدمات الرقمية,عام,القطاع العام,خدمة إلكترونية,2026/05/10,"36,811,485"
الخدمات الرقمية,عام,القطاع العام,خدمة إلكترونية,2026/05/10,"36,811,303"
الخدمات الرقمية,عام,القطاع العام,خدمة إلكترونية,2026/05/10,"36,810,648"
الخدمات الرقمية,عام,القطاع العام,خدمة إلكترونية,2026/05/10,"36,812,229"
الخدمات الرقمية,عام,القطاع العام,خدمة إلكترونية,2026/05/10,"36,814,722"
الخدمات الرقمية,عام,القطاع العام,خدمة إلكترونية,2026/05/10,"36,809,220"
الخدمات الرقمية,عام,القطاع العام,خدمة إلكترونية,2026/05/10,"36,809,594"
الخدمات الرقمية,عام,القطاع العام,خدمة إلكترونية,2026/05/10,"36,812,656"
الخدمات الرقمية,عام,القطاع العام,خدمة إلكترونية,2026/05/10,"36,810,957"
الخدمات الرقمية,عام,القطاع العام,خدمة إلكترونية,2026/05/10,"36,807,261"
الخدمات الرقمية,عام,القطاع العام,خدمة إلكترونية,2026/05/10,"36,813,587"
الخدمات الرقمية,عام,القطاع العام,خدمة إلكترونية,2026/05/10,"36,808,527"
الخدمات الرقمية,عام,القطاع العام,خدمة إلكترونية,2026/05/10,"36,812,430"
الخدمات الرقمية,عام,القطاع العام,خدمة إلكترونية,2026/05/10,"36,810,080"
الخدمات الرقمية,عام,القطاع العام,خدمة إلكترونية,2026/05/10,"36,814,547"
الخدمات الرقمية,عام,القطاع العام,خدمة إلكترونية,2026/05/11,"36,816,310"
الخدمات الرقمية,عام,القطاع العام,خدمة إلكترونية,2026/05/11,"36,815,384"
الخدمات الرقمية,عام,القطاع العام,خدمة إلكترونية,2026/05/11,"36,815,495"
الخدمات الرقمية,عام,القطاع العام,خدمة إلكترونية,2026/05/11,"36,815,588"
الخدمات الرقمية,عام,القطاع العام,خدمة إلكترونية,2026/05/11,"36,817,317"
الخدمات الرقمية,عام,القطاع العام,خدمة إلكترونية,2026/05/11,"36,815,386"
الخدمات الرقمية,عام,القطاع العام,خدمة إلكترونية,2026/05/11,"36,820,148"
الخدمات الرقمية,عام,القطاع العام,خدمة إلكترونية,2026/05/11,"36,823,369"
الخدمات الرقمية,عام,القطاع العام,خدمة إلكترونية,2026/05/11,"36,823,370"
الخدمات الرقمية,عام,القطاع العام,خدمة إلكترونية,2026/05/11,"36,817,320"
الخدمات الرقمية,عام,القطاع العام,خدمة إلكترونية,2026/05/11,"36,824,479"
الخدمات الرقمية,عام,القطاع العام,خدمة إلكترونية,2026/05/11,"36,825,630"
الخدمات الرقمية,عام,القطاع العام,خدمة إلكترونية,2026/05/11,"36,837,246"
الخدمات الرقمية,عام,القطاع العام,خدمة إلكترونية,2026/05/11,"36,827,992"
الخدمات الرقمية,عام,القطاع العام,خدمة إلكترونية,2026/05/11,"36,821,889"
الخدمات الرقمية,عام,القطاع العام,خدمة إلكترونية,2026/05/11,"36,827,873"
الخدمات الرقمية,عام,القطاع العام,خدمة إلكترونية,2026/05/11,"36,834,423"
الخدمات الرقمية,عام,القطاع العام,خدمة إلكترونية,2026/05/11,"36,838,845"
الخدمات الرقمية,عام,القطاع العام,خدمة إلكترونية,2026/05/11,"36,826,580"
الخدمات الرقمية,عام,القطاع العام,خدمة إلكترونية,2026/05/11,"36,832,551"
الخدمات الرقمية,عام,القطاع العام,خدمة إلكترونية,2026/05/11,"36,837,247"
الخدمات الرقمية,عام,القطاع العام,خدمة إلكترونية,2026/05/11,"36,840,052"
الخدمات الرقمية,عام,القطاع العام,خدمة إلكترونية,2026/05/11,"36,815,706"
الخدمات الرقمية,عام,القطاع العام,خدمة إلكترونية,2026/05/11,"36,820,430"
الخدمات الرقمية,عام,القطاع العام,خدمة إلكترونية,2026/05/11,"36,823,003"
الخدمات الرقمية,عام,القطاع العام,خدمة إلكترونية,2026/05/11,"36,821,834"
الخدمات الرقمية,عام,القطاع العام,خدمة إلكترونية,2026/05/11,"36,828,348"
الخدمات الرقمية,عام,القطاع العام,خدمة إلكترونية,2026/05/11,"36,830,766"
الخدمات الرقمية,عام,القطاع العام,خدمة إلكترونية,2026/05/11,"36,835,724"
الخدمات الرقمية,عام,القطاع العام,خدمة إلكترونية,2026/05/11,"36,836,888"
الخدمات الرقمية,عام,القطاع العام,خدمة إلكترونية,2026/05/11,"36,840,080"
الخدمات الرقمية,عام,القطاع العام,خدمة إلكترونية,2026/05/11,"36,830,349"
الخدمات الرقمية,عام,القطاع العام,خدمة إلكترونية,2026/05/11,"36,839,464"
الخدمات الرقمية,عام,القطاع العام,خدمة إلكترونية,2026/05/11,"36,830,113"
الخدمات الرقمية,عام,القطاع العام,خدمة إلكترونية,2026/05/11,"36,831,723"
الخدمات الرقمية,عام,القطاع العام,خدمة إلكترونية,2026/05/11,"36,836,524"
الخدمات الرقمية,عام,القطاع العام,خدمة إلكترونية,2026/05/11,"36,825,159"
الخدمات الرقمية,عام,القطاع العام,خدمة إلكترونية,2026/05/11,"36,826,081"
الخدمات الرقمية,عام,القطاع العام,خدمة إلكترونية,2026/05/11,"36,839,675"
الخدمات الرقمية,عام,القطاع العام,خدمة إلكترونية,2026/05/11,"36,820,208"
الخدمات الرقمية,عام,القطاع العام,خدمة إلكترونية,2026/05/11,"36,832,603"
الخدمات الرقمية,عام,القطاع العام,خدمة إلكترونية,2026/05/11,"36,833,795"
الخدمات الرقمية,عام,القطاع العام,خدمة إلكترونية,2026/05/11,"36,833,796"
الخدمات الرقمية,عام,القطاع العام,خدمة إلكترونية,2026/05/11,"36,836,814"
الخدمات الرقمية,عام,القطاع العام,خدمة إلكترونية,2026/05/11,"36,839,876"
الخدمات الرقمية,عام,القطاع العام,خدمة إلكترونية,2026/05/11,"36,831,464"
الخدمات الرقمية,عام,القطاع العام,خدمة إلكترونية,2026/05/11,"36,836,189"
الخدمات الرقمية,عام,القطاع العام,خدمة إلكترونية,2026/05/11,"36,837,465"
الخدمات الرقمية,عام,القطاع العام,خدمة إلكترونية,2026/05/11,"36,837,874"
الخدمات الرقمية,عام,القطاع العام,خدمة إلكترونية,2026/05/11,"36,839,256"
الخدمات الرقمية,عام,القطاع العام,خدمة إلكترونية,2026/05/11,"36,838,597"
الخدمات الرقمية,عام,القطاع العام,خدمة إلكترونية,2026/05/11,"36,836,199"
الخدمات الرقمية,عام,القطاع العام,خدمة إلكترونية,2026/05/11,"36,838,641"
الخدمات الرقمية,عام,القطاع العام,خدمة إلكترونية,2026/05/11,"36,842,385"
الخدمات الرقمية,عام,القطاع العام,خدمة إلكترونية,2026/05/11,"36,842,973"
الخدمات الرقمية,عام,القطاع العام,خدمة إلكترونية,2026/05/11,"36,841,727"
الخدمات الرقمية,عام,القطاع العام,خدمة إلكترونية,2026/05/12,"36,845,635"
الخدمات الرقمية,عام,القطاع العام,خدمة إلكترونية,2026/05/12,"36,848,854"
الخدمات الرقمية,عام,القطاع العام,خدمة إلكترونية,2026/05/12,"36,849,833"
الخدمات الرقمية,عام,القطاع العام,خدمة إلكترونية,2026/05/12,"36,852,772"
الخدمات الرقمية,عام,القطاع العام,خدمة إلكترونية,2026/05/12,"36,845,828"
الخدمات الرقمية,عام,القطاع العام,خدمة إلكترونية,2026/05/12,"36,850,167"
الخدمات الرقمية,عام,القطاع العام,خدمة إلكترونية,2026/05/12,"36,852,399"
الخدمات الرقمية,عام,القطاع العام,خدمة إلكترونية,2026/05/12,"36,843,246"
الخدمات الرقمية,عام,القطاع العام,خدمة إلكترونية,2026/05/12,"36,852,002"
الخدمات الرقمية,عام,القطاع العام,خدمة إلكترونية,2026/05/12,"36,849,351"
الخدمات الرقمية,عام,القطاع العام,خدمة إلكترونية,2026/05/12,"36,857,742"
الخدمات الرقمية,عام,القطاع العام,خدمة إلكترونية,2026/05/12,"36,859,088"
الخدمات الرقمية,عام,القطاع العام,خدمة إلكترونية,2026/05/12,"36,861,492"
الخدمات الرقمية,عام,القطاع العام,خدمة إلكترونية,2026/05/12,"36,864,506"
الخدمات الرقمية,عام,القطاع العام,خدمة إلكترونية,2026/05/12,"36,847,274"
الخدمات الرقمية,عام,القطاع العام,خدمة إلكترونية,2026/05/12,"36,856,726"
الخدمات الرقمية,عام,القطاع العام,خدمة إلكترونية,2026/05/12,"36,864,088"
الخدمات الرقمية,عام,القطاع العام,خدمة إلكترونية,2026/05/12,"36,847,052"
الخدمات الرقمية,عام,القطاع العام,خدمة إلكترونية,2026/05/12,"36,852,474"
الخدمات الرقمية,عام,القطاع العام,خدمة إلكترونية,2026/05/12,"36,862,157"
الخدمات الرقمية,عام,القطاع العام,خدمة إلكترونية,2026/05/12,"36,849,025"
الخدمات الرقمية,عام,القطاع العام,خدمة إلكترونية,2026/05/12,"36,851,934"
الخدمات الرقمية,عام,القطاع العام,خدمة إلكترونية,2026/05/12,"36,856,823"
الخدمات الرقمية,عام,القطاع العام,خدمة إلكترونية,2026/05/12,"36,865,099"
الخدمات الرقمية,عام,القطاع العام,خدمة إلكترونية,2026/05/12,"36,849,999"
الخدمات الرقمية,عام,القطاع العام,خدمة إلكترونية,2026/05/12,"36,858,481"
الخدمات الرقمية,عام,القطاع العام,خدمة إلكترونية,2026/05/12,"36,862,073"
الخدمات الرقمية,عام,القطاع العام,خدمة إلكترونية,2026/05/12,"36,860,170"
الخدمات الرقمية,عام,القطاع العام,خدمة إلكترونية,2026/05/12,"36,864,435"
الخدمات الرقمية,عام,القطاع العام,خدمة إلكترونية,2026/05/12,"36,862,104"
الخدمات الرقمية,عام,القطاع العام,خدمة إلكترونية,2026/05/12,"36,864,083"
الخدمات الرقمية,عام,القطاع العام,خدمة إلكترونية,2026/05/12,"36,852,997"
الخدمات الرقمية,عام,القطاع العام,خدمة إلكترونية,2026/05/12,"36,847,885"
الخدمات الرقمية,عام,القطاع العام,خدمة إلكترونية,2026/05/12,"36,857,567"
الخدمات الرقمية,عام,القطاع العام,خدمة إلكترونية,2026/05/12,"36,853,447"
الخدمات الرقمية,عام,القطاع العام,خدمة إلكترونية,2026/05/12,"36,857,712"
الخدمات الرقمية,عام,القطاع العام,خدمة إلكترونية,2026/05/12,"36,859,549"
الخدمات الرقمية,عام,القطاع العام,خدمة إلكترونية,2026/05/12,"36,861,608"
الخدمات الرقمية,عام,القطاع العام,خدمة إلكترونية,2026/05/12,"36,852,786"
الخدمات الرقمية,عام,القطاع العام,خدمة إلكترونية,2026/05/12,"36,861,080"
الخدمات الرقمية,عام,القطاع العام,خدمة إلكترونية,2026/05/12,"36,866,465"
الخدمات الرقمية,عام,القطاع العام,خدمة إلكترونية,2026/05/12,"36,865,223"
الخدمات الرقمية,عام,القطاع العام,خدمة إلكترونية,2026/05/12,"36,866,447"
الخدمات الرقمية,عام,القطاع العام,خدمة إلكترونية,2026/05/13,"36,873,689"
الخدمات الرقمية,عام,القطاع العام,خدمة إلكترونية,2026/05/13,"36,871,512"
الخدمات الرقمية,عام,القطاع العام,خدمة إلكترونية,2026/05/13,"36,883,114"
الخدمات الرقمية,عام,القطاع العام,خدمة إلكترونية,2026/05/13,"36,882,371"
الخدمات الرقمية,عام,القطاع العام,خدمة إلكترونية,2026/05/13,"36,881,904"
الخدمات الرقمية,عام,القطاع العام,خدمة إلكترونية,2026/05/13,"36,882,255"
الخدمات الرقمية,عام,القطاع العام,خدمة إلكترونية,2026/05/13,"36,884,016"
الخدمات الرقمية,عام,القطاع العام,خدمة إلكترونية,2026/05/13,"36,885,848"
الخدمات الرقمية,عام,القطاع العام,خدمة إلكترونية,2026/05/13,"36,889,612"
الخدمات الرقمية,عام,القطاع العام,خدمة إلكترونية,2026/05/13,"36,893,046"
الخدمات الرقمية,عام,القطاع العام,خدمة إلكترونية,2026/05/13,"36,893,787"
الخدمات الرقمية,عام,القطاع العام,خدمة إلكترونية,2026/05/13,"36,894,105"
الخدمات الرقمية,عام,القطاع العام,خدمة إلكترونية,2026/05/13,"36,894,479"
الخدمات الرقمية,عام,القطاع العام,خدمة إلكترونية,2026/05/13,"36,888,941"
الخدمات الرقمية,عام,القطاع العام,خدمة إلكترونية,2026/05/13,"36,893,340"
الخدمات الرقمية,عام,القطاع العام,خدمة إلكترونية,2026/05/13,"36,890,675"
الخدمات الرقمية,عام,القطاع العام,خدمة إلكترونية,2026/05/13,"36,893,708"
الخدمات الرقمية,عام,القطاع العام,خدمة إلكترونية,2026/05/13,"36,890,605"
الخدمات الرقمية,عام,القطاع العام,خدمة إلكترونية,2026/05/13,"36,893,817"
الخدمات الرقمية,عام,القطاع العام,خدمة إلكترونية,2026/05/13,"36,885,608"
الخدمات الرقمية,عام,القطاع العام,خدمة إلكترونية,2026/05/13,"36,890,825"
الخدمات الرقمية,عام,القطاع العام,خدمة إلكترونية,2026/05/13,"36,893,586"
الخدمات الرقمية,عام,القطاع العام,خدمة إلكترونية,2026/05/13,"36,890,920"
الخدمات الرقمية,عام,القطاع العام,خدمة إلكترونية,2026/05/13,"36,889,465"
الخدمات الرقمية,عام,القطاع العام,خدمة إلكترونية,2026/05/13,"36,889,433"
الخدمات الرقمية,عام,القطاع العام,خدمة إلكترونية,2026/05/13,"36,893,058"
الخدمات الرقمية,عام,القطاع العام,خدمة إلكترونية,2026/05/13,"36,893,363"
الخدمات الرقمية,عام,القطاع العام,خدمة إلكترونية,2026/05/14,"36,915,466"
الخدمات الرقمية,عام,القطاع العام,خدمة إلكترونية,2026/05/14,"36,915,306"
الخدمات الرقمية,عام,القطاع العام,خدمة إلكترونية,2026/05/14,"36,914,660"
الخدمات الرقمية,عام,القطاع العام,خدمة إلكترونية,2026/05/14,"36,899,509"
الخدمات الرقمية,عام,القطاع العام,خدمة إلكترونية,2026/05/14,"36,901,456"
الخدمات الرقمية,عام,القطاع العام,خدمة إلكترونية,2026/05/14,"36,916,558"
الخدمات الرقمية,عام,القطاع العام,خدمة إلكترونية,2026/05/14,"36,894,946"
الخدمات الرقمية,عام,القطاع العام,خدمة إلكترونية,2026/05/14,"36,901,398"
الخدمات الرقمية,عام,القطاع العام,خدمة إلكترونية,2026/05/14,"36,905,723"
الخدمات الرقمية,عام,القطاع العام,خدمة إلكترونية,2026/05/14,"36,905,581"
الخدمات الرقمية,عام,القطاع العام,خدمة إلكترونية,2026/05/14,"36,904,528"
الخدمات الرقمية,عام,القطاع العام,خدمة إلكترونية,2026/05/14,"36,901,987"
الخدمات الرقمية,عام,القطاع العام,خدمة إلكترونية,2026/05/14,"36,902,349"
الخدمات الرقمية,عام,القطاع العام,خدمة إلكترونية,2026/05/14,"36,909,300"
الخدمات الرقمية,عام,القطاع العام,خدمة إلكترونية,2026/05/14,"36,907,956"
الخدمات الرقمية,عام,القطاع العام,خدمة إلكترونية,2026/05/14,"36,908,498"
الخدمات الرقمية,عام,القطاع العام,خدمة إلكترونية,2026/05/14,"36,908,564"
الخدمات الرقمية,عام,القطاع العام,خدمة إلكترونية,2026/05/14,"36,912,974"
الخدمات الرقمية,عام,القطاع العام,خدمة إلكترونية,2026/05/14,"36,898,705"
الخدمات الرقمية,عام,القطاع العام,خدمة إلكترونية,2026/05/14,"36,901,311"
الخدمات الرقمية,عام,القطاع العام,خدمة إلكترونية,2026/05/14,"36,906,756"
الخدمات الرقمية,عام,القطاع العام,خدمة إلكترونية,2026/05/14,"36,895,430"
الخدمات الرقمية,عام,القطاع العام,خدمة إلكترونية,2026/05/14,"36,903,721"
الخدمات الرقمية,عام,القطاع العام,خدمة إلكترونية,2026/05/14,"36,907,352"
الخدمات الرقمية,عام,القطاع العام,خدمة إلكترونية,2026/05/14,"36,906,198"
الخدمات الرقمية,عام,القطاع العام,خدمة إلكترونية,2026/05/14,"36,910,257"
الخدمات الرقمية,عام,القطاع العام,خدمة إلكترونية,2026/05/14,"36,912,029"
الخدمات الرقمية,عام,القطاع العام,خدمة إلكترونية,2026/05/14,"36,906,065"
الخدمات الرقمية,عام,القطاع العام,خدمة إلكترونية,2026/05/14,"36,906,014"
الخدمات الرقمية,عام,القطاع العام,خدمة إلكترونية,2026/05/14,"36,910,320"
الخدمات الرقمية,عام,القطاع العام,خدمة إلكترونية,2026/05/14,"36,907,066"
الخدمات الرقمية,عام,القطاع العام,خدمة إلكترونية,2026/05/14,"36,910,971"
الخدمات الرقمية,عام,القطاع العام,خدمة إلكترونية,2026/05/14,"36,913,230"
الخدمات الرقمية,عام,القطاع العام,خدمة إلكترونية,2026/05/14,"36,913,252"
الخدمات الرقمية,عام,القطاع العام,خدمة إلكترونية,2026/05/14,"36,903,482"
الخدمات الرقمية,عام,القطاع العام,خدمة إلكترونية,2026/05/14,"36,907,071"
الخدمات الرقمية,عام,القطاع العام,خدمة إلكترونية,2026/05/15,"36,917,877"
الخدمات الرقمية,عام,القطاع العام,خدمة إلكترونية,2026/05/15,"36,918,164"
الخدمات الرقمية,عام,القطاع العام,خدمة إلكترونية,2026/05/15,"36,923,061"
الخدمات الرقمية,عام,القطاع العام,خدمة إلكترونية,2026/05/15,"36,923,071"
الخدمات الرقمية,عام,القطاع العام,خدمة إلكترونية,2026/05/15,"36,924,692"
الخدمات الرقمية,عام,القطاع العام,خدمة إلكترونية,2026/05/15,"36,917,872"
الخدمات الرقمية,عام,القطاع العام,خدمة إلكترونية,2026/05/15,"36,922,386"
الخدمات الرقمية,عام,القطاع العام,خدمة إلكترونية,2026/05/15,"36,923,031"
الخدمات الرقمية,عام,القطاع العام,خدمة إلكترونية,2026/05/15,"36,924,054"
الخدمات الرقمية,عام,القطاع العام,خدمة إلكترونية,2026/05/15,"36,918,079"
الخدمات الرقمية,عام,القطاع العام,خدمة إلكترونية,2026/05/15,"36,923,970"
الخدمات الرقمية,عام,القطاع العام,خدمة إلكترونية,2026/05/15,"36,917,254"
الخدمات الرقمية,عام,القطاع العام,خدمة إلكترونية,2026/05/15,"36,923,077"
الخدمات الرقمية,عام,القطاع العام,خدمة إلكترونية,2026/05/15,"36,920,603"
الخدمات الرقمية,عام,القطاع العام,خدمة إلكترونية,2026/05/15,"36,923,155"
الخدمات الرقمية,عام,القطاع العام,خدمة إلكترونية,2026/05/16,"36,931,878"
الخدمات الرقمية,عام,القطاع العام,خدمة إلكترونية,2026/05/16,"36,933,721"
الخدمات الرقمية,عام,القطاع العام,خدمة إلكترونية,2026/05/16,"36,934,274"
الخدمات الرقمية,عام,القطاع العام,خدمة إلكترونية,2026/05/16,"36,932,256"
الخدمات الرقمية,عام,القطاع العام,خدمة إلكترونية,2026/05/16,"36,932,257"
الخدمات الرقمية,عام,القطاع العام,خدمة إلكترونية,2026/05/16,"36,934,074"
الخدمات الرقمية,عام,القطاع العام,خدمة إلكترونية,2026/05/16,"36,933,191"
الخدمات الرقمية,عام,القطاع العام,خدمة إلكترونية,2026/05/16,"36,933,578"
الخدمات الرقمية,عام,القطاع العام,خدمة إلكترونية,2026/05/16,"36,934,430"
الخدمات الرقمية,عام,القطاع العام,خدمة إلكترونية,2026/05/16,"36,927,366"
الخدمات الرقمية,عام,القطاع العام,خدمة إلكترونية,2026/05/16,"36,933,144"
الخدمات الرقمية,عام,القطاع العام,خدمة إلكترونية,2026/05/16,"36,933,064"
الخدمات الرقمية,عام,القطاع العام,خدمة إلكترونية,2026/05/16,"36,935,620"
الخدمات الرقمية,عام,القطاع العام,خدمة إلكترونية,2026/05/16,"36,935,027"
الخدمات الرقمية,عام,القطاع العام,خدمة إلكترونية,2026/05/16,"36,935,517"
الخدمات الرقمية,عام,القطاع العام,خدمة إلكترونية,2026/05/16,"36,933,458"
الخدمات الرقمية,عام,القطاع العام,خدمة إلكترونية,2026/05/17,"36,940,087"
الخدمات الرقمية,عام,القطاع العام,خدمة إلكترونية,2026/05/17,"36,940,829"
الخدمات الرقمية,عام,القطاع العام,خدمة إلكترونية,2026/05/17,"36,942,183"
الخدمات الرقمية,عام,القطاع العام,خدمة إلكترونية,2026/05/17,"36,946,502"
الخدمات الرقمية,عام,القطاع العام,خدمة إلكترونية,2026/05/17,"36,946,131"
الخدمات الرقمية,عام,القطاع العام,خدمة إلكترونية,2026/05/17,"36,952,707"
الخدمات الرقمية,عام,القطاع العام,خدمة إلكترونية,2026/05/17,"36,942,778"
الخدمات الرقمية,عام,القطاع العام,خدمة إلكترونية,2026/05/17,"36,949,519"
الخدمات الرقمية,عام,القطاع العام,خدمة إلكترونية,2026/05/17,"36,952,840"
الخدمات الرقمية,عام,القطاع العام,خدمة إلكترونية,2026/05/17,"36,946,289"
الخدمات الرقمية,عام,القطاع العام,خدمة إلكترونية,2026/05/17,"36,946,689"
الخدمات الرقمية,عام,القطاع العام,خدمة إلكترونية,2026/05/17,"36,948,932"
الخدمات الرقمية,عام,القطاع العام,خدمة إلكترونية,2026/05/17,"36,951,419"
الخدمات الرقمية,عام,القطاع العام,خدمة إلكترونية,2026/05/17,"36,951,475"
الخدمات الرقمية,عام,القطاع العام,خدمة إلكترونية,2026/05/17,"36,952,693"
الخدمات الرقمية,عام,القطاع العام,خدمة إلكترونية,2026/05/17,"36,954,668"
الخدمات الرقمية,عام,القطاع العام,خدمة إلكترونية,2026/05/17,"36,952,481"
الخدمات الرقمية,عام,القطاع العام,خدمة إلكترونية,2026/05/17,"36,946,586"
الخدمات الرقمية,عام,القطاع العام,خدمة إلكترونية,2026/05/17,"36,947,745"
الخدمات الرقمية,عام,القطاع العام,خدمة إلكترونية,2026/05/17,"36,948,100"
الخدمات الرقمية,عام,القطاع العام,خدمة إلكترونية,2026/05/17,"36,952,697"
الخدمات الرقمية,عام,القطاع العام,خدمة إلكترونية,2026/05/17,"36,955,384"
الخدمات الرقمية,عام,القطاع العام,خدمة إلكترونية,2026/05/18,"36,973,619"
الخدمات الرقمية,عام,القطاع العام,خدمة إلكترونية,2026/05/18,"36,957,148"
الخدمات الرقمية,عام,القطاع العام,خدمة إلكترونية,2026/05/18,"36,968,782"
الخدمات الرقمية,عام,القطاع العام,خدمة إلكترونية,2026/05/18,"36,970,394"
الخدمات الرقمية,عام,القطاع العام,خدمة إلكترونية,2026/05/18,"36,963,696"
الخدمات الرقمية,عام,القطاع العام,خدمة إلكترونية,2026/05/18,"36,966,893"
الخدمات الرقمية,عام,القطاع العام,خدمة إلكترونية,2026/05/18,"36,967,533"
الخدمات الرقمية,عام,القطاع العام,خدمة إلكترونية,2026/05/18,"36,967,565"
الخدمات الرقمية,عام,القطاع العام,خدمة إلكترونية,2026/05/18,"36,967,572"
الخدمات الرقمية,عام,القطاع العام,خدمة إلكترونية,2026/05/18,"36,969,385"
الخدمات الرقمية,عام,القطاع العام,خدمة إلكترونية,2026/05/18,"36,971,017"
الخدمات الرقمية,عام,القطاع العام,خدمة إلكترونية,2026/05/18,"36,975,344"
الخدمات الرقمية,عام,القطاع العام,خدمة إلكترونية,2026/05/18,"36,967,477"
الخدمات الرقمية,عام,القطاع العام,خدمة إلكترونية,2026/05/18,"36,968,628"
الخدمات الرقمية,عام,القطاع العام,خدمة إلكترونية,2026/05/18,"36,977,345"
الخدمات الرقمية,عام,القطاع العام,خدمة إلكترونية,2026/05/18,"36,961,660"
الخدمات الرقمية,عام,القطاع العام,خدمة إلكترونية,2026/05/18,"36,967,410"
الخدمات الرقمية,عام,القطاع العام,خدمة إلكترونية,2026/05/18,"36,974,013"
الخدمات الرقمية,عام,القطاع العام,خدمة إلكترونية,2026/05/18,"36,975,765"
الخدمات الرقمية,عام,القطاع العام,خدمة إلكترونية,2026/05/18,"36,962,705"
الخدمات الرقمية,عام,القطاع العام,خدمة إلكترونية,2026/05/18,"36,957,569"
الخدمات الرقمية,عام,القطاع العام,خدمة إلكترونية,2026/05/18,"36,975,334"
الخدمات الرقمية,عام,القطاع العام,خدمة إلكترونية,2026/05/18,"36,964,567"
الخدمات الرقمية,عام,القطاع العام,خدمة إلكترونية,2026/05/18,"36,970,881"
الخدمات الرقمية,عام,القطاع العام,خدمة إلكترونية,2026/05/18,"36,963,573"
الخدمات الرقمية,عام,القطاع العام,خدمة إلكترونية,2026/05/18,"36,967,416"
الخدمات الرقمية,عام,القطاع العام,خدمة إلكترونية,2026/05/18,"36,968,145"
الخدمات الرقمية,عام,القطاع العام,خدمة إلكترونية,2026/05/18,"36,969,554"
الخدمات الرقمية,عام,القطاع العام,خدمة إلكترونية,2026/05/18,"36,975,949"
الخدمات الرقمية,عام,القطاع العام,خدمة إلكترونية,2026/05/18,"36,973,947"
الخدمات الرقمية,عام,القطاع العام,خدمة إلكترونية,2026/05/18,"36,974,016"
الخدمات الرقمية,عام,القطاع العام,خدمة إلكترونية,2026/05/18,"36,975,894"
الخدمات الرقمية,عام,القطاع العام,خدمة إلكترونية,2026/05/18,"36,961,456"
الخدمات الرقمية,عام,القطاع العام,خدمة إلكترونية,2026/05/18,"36,967,579"
الخدمات الرقمية,عام,القطاع العام,خدمة إلكترونية,2026/05/18,"36,970,488"
الخدمات الرقمية,عام,القطاع العام,خدمة إلكترونية,2026/05/18,"36,975,049"
الخدمات الرقمية,عام,القطاع العام,خدمة إلكترونية,2026/05/19,"37,001,119"
الخدمات الرقمية,عام,القطاع العام,خدمة إلكترونية,2026/05/19,"37,001,570"
الخدمات الرقمية,عام,القطاع العام,خدمة إلكترونية,2026/05/19,"37,001,644"
الخدمات الرقمية,عام,القطاع العام,خدمة إلكترونية,2026/05/19,"37,000,476"
الخدمات الرقمية,عام,القطاع العام,خدمة إلكترونية,2026/05/19,"37,000,157"
الخدمات الرقمية,عام,القطاع العام,خدمة إلكترونية,2026/05/19,"37,001,573"
الخدمات الرقمية,عام,القطاع العام,خدمة إلكترونية,2026/05/19,"36,999,830"
الخدمات الرقمية,عام,القطاع العام,خدمة إلكترونية,2026/05/19,"37,000,783"
الخدمات الرقمية,عام,القطاع العام,خدمة إلكترونية,2026/05/19,"37,000,113"
الخدمات الرقمية,عام,القطاع العام,خدمة إلكترونية,2026/05/19,"37,001,606"
الخدمات الرقمية,عام,القطاع العام,خدمة إلكترونية,2026/05/19,"37,000,417"
الخدمات الرقمية,عام,القطاع العام,خدمة إلكترونية,2026/05/19,"37,000,672"
الخدمات الرقمية,عام,القطاع العام,خدمة إلكترونية,2026/05/19,"36,999,872"
الخدمات الرقمية,عام,القطاع العام,خدمة إلكترونية,2026/05/19,"37,001,578"
الخدمات الرقمية,عام,القطاع العام,خدمة إلكترونية,2026/05/19,"36,981,974"
الخدمات الرقمية,عام,القطاع العام,خدمة إلكترونية,2026/05/19,"36,992,874"
الخدمات الرقمية,عام,القطاع العام,خدمة إلكترونية,2026/05/19,"36,996,837"
الخدمات الرقمية,عام,القطاع العام,خدمة إلكترونية,2026/05/19,"37,000,836"
الخدمات الرقمية,عام,القطاع العام,خدمة إلكترونية,2026/05/19,"37,001,561"
الخدمات الرقمية,عام,القطاع العام,خدمة إلكترونية,2026/05/19,"37,001,572"
الخدمات الرقمية,عام,القطاع العام,خدمة إلكترونية,2026/05/19,"37,001,647"
الخدمات الرقمية,عام,القطاع العام,خدمة إلكترونية,2026/05/19,"36,991,045"
الخدمات الرقمية,عام,القطاع العام,خدمة إلكترونية,2026/05/19,"36,995,980"
الخدمات الرقمية,عام,القطاع العام,خدمة إلكترونية,2026/05/19,"37,001,466"
الخدمات الرقمية,عام,القطاع العام,خدمة إلكترونية,2026/05/19,"37,000,747"
الخدمات الرقمية,عام,القطاع العام,خدمة إلكترونية,2026/05/19,"37,000,670"
الخدمات الرقمية,عام,القطاع العام,خدمة إلكترونية,2026/05/19,"36,978,543"
الخدمات الرقمية,عام,القطاع العام,خدمة إلكترونية,2026/05/19,"37,001,860"
الخدمات الرقمية,عام,القطاع العام,خدمة إلكترونية,2026/05/19,"37,001,613"
الخدمات الرقمية,عام,القطاع العام,خدمة إلكترونية,2026/05/19,"36,991,377"
الخدمات الرقمية,عام,القطاع العام,خدمة إلكترونية,2026/05/19,"36,997,695"
الخدمات الرقمية,عام,القطاع العام,خدمة إلكترونية,2026/05/19,"37,001,617"
الخدمات الرقمية,عام,القطاع العام,خدمة إلكترونية,2026/05/19,"37,000,017"
الخدمات الرقمية,عام,القطاع العام,خدمة إلكترونية,2026/05/19,"37,002,003"
الخدمات الرقمية,عام,القطاع العام,خدمة إلكترونية,2026/05/19,"36,986,876"
الخدمات الرقمية,عام,القطاع العام,خدمة إلكترونية,2026/05/19,"36,993,018"
الخدمات الرقمية,عام,القطاع العام,خدمة إلكترونية,2026/05/19,"36,993,047"
الخدمات الرقمية,عام,القطاع العام,خدمة إلكترونية,2026/05/19,"36,998,828"
الخدمات الرقمية,عام,القطاع العام,خدمة إلكترونية,2026/05/19,"36,997,343"
الخدمات الرقمية,عام,القطاع العام,خدمة إلكترونية,2026/05/19,"36,990,301"
الخدمات الرقمية,عام,القطاع العام,خدمة إلكترونية,2026/05/19,"36,978,106"
الخدمات الرقمية,عام,القطاع العام,خدمة إلكترونية,2026/05/19,"36,986,135"
الخدمات الرقمية,عام,القطاع العام,خدمة إلكترونية,2026/05/19,"36,987,522"
الخدمات الرقمية,عام,القطاع العام,خدمة إلكترونية,2026/05/19,"36,993,355"
الخدمات الرقمية,عام,القطاع العام,خدمة إلكترونية,2026/05/19,"36,990,291"
الخدمات الرقمية,عام,القطاع العام,خدمة إلكترونية,2026/05/19,"36,997,341"
الخدمات الرقمية,عام,القطاع العام,خدمة إلكترونية,2026/05/19,"36,988,629"
الخدمات الرقمية,عام,القطاع العام,خدمة إلكترونية,2026/05/19,"36,988,242"
الخدمات الرقمية,عام,القطاع العام,خدمة إلكترونية,2026/05/20,"37,013,123"
الخدمات الرقمية,عام,القطاع العام,خدمة إلكترونية,2026/05/20,"37,014,462"
الخدمات الرقمية,عام,القطاع العام,خدمة إلكترونية,2026/05/20,"37,016,147"
الخدمات الرقمية,عام,القطاع العام,خدمة إلكترونية,2026/05/20,"37,013,071"
الخدمات الرقمية,عام,القطاع العام,خدمة إلكترونية,2026/05/20,"37,017,401"
الخدمات الرقمية,عام,القطاع العام,خدمة إلكترونية,2026/05/20,"37,018,250"
الخدمات الرقمية,عام,القطاع العام,خدمة إلكترونية,2026/05/20,"37,010,282"
الخدمات الرقمية,عام,القطاع العام,خدمة إلكترونية,2026/05/20,"37,006,180"
الخدمات الرقمية,عام,القطاع العام,خدمة إلكترونية,2026/05/20,"37,013,435"
الخدمات الرقمية,عام,القطاع العام,خدمة إلكترونية,2026/05/20,"37,016,837"
الخدمات الرقمية,عام,القطاع العام,خدمة إلكترونية,2026/05/20,"37,012,137"
الخدمات الرقمية,عام,القطاع العام,خدمة إلكترونية,2026/05/20,"37,013,320"
الخدمات الرقمية,عام,القطاع العام,خدمة إلكترونية,2026/05/20,"37,013,482"
الخدمات الرقمية,عام,القطاع العام,خدمة إلكترونية,2026/05/20,"37,014,064"
الخدمات الرقمية,عام,القطاع العام,خدمة إلكترونية,2026/05/20,"37,016,062"
الخدمات الرقمية,عام,القطاع العام,خدمة إلكترونية,2026/05/20,"37,016,456"
الخدمات الرقمية,عام,القطاع العام,خدمة إلكترونية,2026/05/20,"37,018,425"
الخدمات الرقمية,عام,القطاع العام,خدمة إلكترونية,2026/05/20,"37,020,102"
الخدمات الرقمية,عام,القطاع العام,خدمة إلكترونية,2026/05/20,"37,021,054"
الخدمات الرقمية,عام,القطاع العام,خدمة إلكترونية,2026/05/20,"37,021,374"
الخدمات الرقمية,عام,القطاع العام,خدمة إلكترونية,2026/05/20,"37,014,013"
الخدمات الرقمية,عام,القطاع العام,خدمة إلكترونية,2026/05/20,"37,009,973"
الخدمات الرقمية,عام,القطاع العام,خدمة إلكترونية,2026/05/20,"37,013,127"
الخدمات الرقمية,عام,القطاع العام,خدمة إلكترونية,2026/05/20,"37,014,290"
الخدمات الرقمية,عام,القطاع العام,خدمة إلكترونية,2026/05/20,"37,018,528"
الخدمات الرقمية,عام,القطاع العام,خدمة إلكترونية,2026/05/20,"37,020,294"
الخدمات الرقمية,عام,القطاع العام,خدمة إلكترونية,2026/05/20,"37,024,014"
الخدمات الرقمية,عام,القطاع العام,خدمة إلكترونية,2026/05/20,"37,023,749"
الخدمات الرقمية,عام,القطاع العام,خدمة إلكترونية,2026/05/20,"37,027,016"
الخدمات الرقمية,عام,القطاع العام,خدمة إلكترونية,2026/05/20,"37,028,000"
الخدمات الرقمية,عام,القطاع العام,خدمة إلكترونية,2026/05/20,"37,028,015"
الخدمات الرقمية,عام,القطاع العام,خدمة إلكترونية,2026/05/20,"37,028,535"
الخدمات الرقمية,عام,القطاع العام,خدمة إلكترونية,2026/05/20,"37,028,004"
الخدمات الرقمية,عام,القطاع العام,خدمة إلكترونية,2026/05/20,"37,026,848"
الخدمات الرقمية,عام,القطاع العام,خدمة إلكترونية,2026/05/20,"37,027,438"
الخدمات الرقمية,عام,القطاع العام,خدمة إلكترونية,2026/05/20,"37,028,017"
الخدمات الرقمية,عام,القطاع العام,خدمة إلكترونية,2026/05/20,"37,028,873"
الخدمات الرقمية,عام,القطاع العام,خدمة إلكترونية,2026/05/20,"37,027,433"
الخدمات الرقمية,عام,القطاع العام,خدمة إلكترونية,2026/05/20,"37,027,439"
الخدمات الرقمية,عام,القطاع العام,خدمة إلكترونية,2026/05/20,"37,028,368"
الخدمات الرقمية,عام,القطاع العام,خدمة إلكترونية,2026/05/20,"37,028,001"
الخدمات الرقمية,عام,القطاع العام,خدمة إلكترونية,2026/05/20,"37,028,374"
الخدمات الرقمية,عام,القطاع العام,خدمة إلكترونية,2026/05/20,"37,028,013"
الخدمات الرقمية,عام,القطاع العام,خدمة إلكترونية,2026/05/20,"37,028,530"
الخدمات الرقمية,عام,القطاع العام,خدمة إلكترونية,2026/05/20,"37,028,623"
الخدمات الرقمية,عام,القطاع العام,خدمة إلكترونية,2026/05/20,"37,028,622"
الخدمات الرقمية,عام,القطاع العام,خدمة إلكترونية,2026/05/20,"37,028,007"
الخدمات الرقمية,عام,القطاع العام,خدمة إلكترونية,2026/05/20,"37,028,370"
الخدمات الرقمية,عام,القطاع العام,خدمة إلكترونية,2026/05/20,"37,028,531"
الخدمات الرقمية,عام,القطاع العام,خدمة إلكترونية,2026/05/21,"37,053,116"
الخدمات الرقمية,عام,القطاع العام,خدمة إلكترونية,2026/05/21,"37,052,410"
الخدمات الرقمية,عام,القطاع العام,خدمة إلكترونية,2026/05/21,"37,052,562"
الخدمات الرقمية,عام,القطاع العام,خدمة إلكترونية,2026/05/21,"37,052,173"
الخدمات الرقمية,عام,القطاع العام,خدمة إلكترونية,2026/05/21,"37,051,876"
الخدمات الرقمية,عام,القطاع العام,خدمة إلكترونية,2026/05/21,"37,052,003"
الخدمات الرقمية,عام,القطاع العام,خدمة إلكترونية,2026/05/21,"37,052,266"
الخدمات الرقمية,عام,القطاع العام,خدمة إلكترونية,2026/05/21,"37,053,503"
الخدمات الرقمية,عام,القطاع العام,خدمة إلكترونية,2026/05/21,"37,055,406"
الخدمات الرقمية,عام,القطاع العام,خدمة إلكترونية,2026/05/21,"37,039,684"
الخدمات الرقمية,عام,القطاع العام,خدمة إلكترونية,2026/05/21,"37,044,439"
الخدمات الرقمية,عام,القطاع العام,خدمة إلكترونية,2026/05/21,"37,042,086"
الخدمات الرقمية,عام,القطاع العام,خدمة إلكترونية,2026/05/21,"37,044,267"
الخدمات الرقمية,عام,القطاع العام,خدمة إلكترونية,2026/05/21,"37,039,113"
الخدمات الرقمية,عام,القطاع العام,خدمة إلكترونية,2026/05/21,"37,035,043"
الخدمات الرقمية,عام,القطاع العام,خدمة إلكترونية,2026/05/21,"37,048,868"
الخدمات الرقمية,عام,القطاع العام,خدمة إلكترونية,2026/05/21,"37,031,234"
الخدمات الرقمية,عام,القطاع العام,خدمة إلكترونية,2026/05/21,"37,046,815"
الخدمات الرقمية,عام,القطاع العام,خدمة إلكترونية,2026/05/21,"37,040,126"
الخدمات الرقمية,عام,القطاع العام,خدمة إلكترونية,2026/05/21,"37,045,254"
الخدمات الرقمية,عام,القطاع العام,خدمة إلكترونية,2026/05/21,"37,040,600"
الخدمات الرقمية,عام,القطاع العام,خدمة إلكترونية,2026/05/21,"37,040,953"
الخدمات الرقمية,عام,القطاع العام,خدمة إلكترونية,2026/05/21,"37,042,849"
الخدمات الرقمية,عام,القطاع العام,خدمة إلكترونية,2026/05/21,"37,045,206"
الخدمات الرقمية,عام,القطاع العام,خدمة إلكترونية,2026/05/21,"37,042,199"
الخدمات الرقمية,عام,القطاع العام,خدمة إلكترونية,2026/05/21,"37,030,681"
الخدمات الرقمية,عام,القطاع العام,خدمة إلكترونية,2026/05/21,"37,041,214"
الخدمات الرقمية,عام,القطاع العام,خدمة إلكترونية,2026/05/21,"37,041,691"
الخدمات الرقمية,عام,القطاع العام,خدمة إلكترونية,2026/05/21,"37,039,319"
الخدمات الرقمية,عام,القطاع العام,خدمة إلكترونية,2026/05/21,"37,045,069"
الخدمات الرقمية,عام,القطاع العام,خدمة إلكترونية,2026/05/21,"37,039,675"
الخدمات الرقمية,عام,القطاع العام,خدمة إلكترونية,2026/05/21,"37,042,723"
الخدمات الرقمية,عام,القطاع العام,خدمة إلكترونية,2026/05/21,"37,045,639"
الخدمات الرقمية,عام,القطاع العام,خدمة إلكترونية,2026/05/21,"37,043,526"
الخدمات الرقمية,عام,القطاع العام,خدمة إلكترونية,2026/05/21,"37,045,078"
الخدمات الرقمية,عام,القطاع العام,خدمة إلكترونية,2026/05/22,"37,059,269"
الخدمات الرقمية,عام,القطاع العام,خدمة إلكترونية,2026/05/22,"37,071,464"
الخدمات الرقمية,عام,القطاع العام,خدمة إلكترونية,2026/05/22,"37,063,510"
الخدمات الرقمية,عام,القطاع العام,خدمة إلكترونية,2026/05/22,"37,071,230"
الخدمات الرقمية,عام,القطاع العام,خدمة إلكترونية,2026/05/22,"37,069,674"
الخدمات الرقمية,عام,القطاع العام,خدمة إلكترونية,2026/05/22,"37,071,153"
الخدمات الرقمية,عام,القطاع العام,خدمة إلكترونية,2026/05/22,"37,071,341"
الخدمات الرقمية,عام,القطاع العام,خدمة إلكترونية,2026/05/22,"37,073,824"
الخدمات الرقمية,عام,القطاع العام,خدمة إلكترونية,2026/05/23,"37,084,794"
الخدمات الرقمية,عام,القطاع العام,خدمة إلكترونية,2026/05/23,"37,089,195"
الخدمات الرقمية,عام,القطاع العام,خدمة إلكترونية,2026/05/23,"37,089,466"
الخدمات الرقمية,عام,القطاع العام,خدمة إلكترونية,2026/05/23,"37,076,001"
الخدمات الرقمية,عام,القطاع العام,خدمة إلكترونية,2026/05/23,"37,077,586"
الخدمات الرقمية,عام,القطاع العام,خدمة إلكترونية,2026/05/23,"37,088,633"
الخدمات الرقمية,عام,القطاع العام,خدمة إلكترونية,2026/05/23,"37,088,929"
الخدمات الرقمية,عام,القطاع العام,خدمة إلكترونية,2026/05/23,"37,089,790"
الخدمات الرقمية,عام,القطاع العام,خدمة إلكترونية,2026/05/24,"37,095,922"
الخدمات الرقمية,عام,القطاع العام,خدمة إلكترونية,2026/05/24,"37,101,649"
الخدمات الرقمية,عام,القطاع العام,خدمة إلكترونية,2026/05/24,"37,100,469"
الخدمات الرقمية,عام,القطاع العام,خدمة إلكترونية,2026/05/24,"37,097,060"
الخدمات الرقمية,عام,القطاع العام,خدمة إلكترونية,2026/05/24,"37,099,972"
الخدمات الرقمية,عام,القطاع العام,خدمة إلكترونية,2026/05/24,"37,106,384"
الخدمات الرقمية,عام,القطاع العام,خدمة إلكترونية,2026/05/24,"37,097,660"
الخدمات الرقمية,عام,القطاع العام,خدمة إلكترونية,2026/05/24,"37,097,061"
الخدمات الرقمية,عام,القطاع العام,خدمة إلكترونية,2026/05/24,"37,106,070"
الخدمات الرقمية,عام,القطاع العام,خدمة إلكترونية,2026/05/24,"37,106,851"
الخدمات الرقمية,عام,القطاع العام,خدمة إلكترونية,2026/05/25,"37,117,390"
الخدمات الرقمية,عام,القطاع العام,خدمة إلكترونية,2026/05/25,"37,115,867"
الخدمات الرقمية,عام,القطاع العام,خدمة إلكترونية,2026/05/25,"37,113,878"
الخدمات الرقمية,عام,القطاع العام,خدمة إلكترونية,2026/05/25,"37,119,600"
الخدمات الرقمية,عام,القطاع العام,خدمة إلكترونية,2026/05/25,"37,120,028"
الخدمات الرقمية,عام,القطاع العام,خدمة إلكترونية,2026/05/29,"37,169,641"
الخدمات الرقمية,عام,القطاع العام,خدمة إلكترونية,2026/05/29,"37,169,659"
الخدمات الرقمية,عام,القطاع العام,خدمة إلكترونية,2026/05/29,"37,167,345"
الخدمات الرقمية,عام,القطاع العام,خدمة إلكترونية,2026/05/29,"37,169,810"
الخدمات الرقمية,عام,القطاع العام,خدمة إلكترونية,2026/05/30,"37,177,637"
الخدمات الرقمية,عام,القطاع العام,خدمة إلكترونية,2026/05/30,"37,181,796"
الخدمات الرقمية,عام,القطاع العام,خدمة إلكترونية,2026/05/30,"37,183,372"
الخدمات الرقمية,عام,القطاع العام,خدمة إلكترونية,2026/05/30,"37,188,722"
الخدمات الرقمية,عام,القطاع العام,خدمة إلكترونية,2026/05/31,"37,195,844"
الخدمات الرقمية,عام,القطاع العام,خدمة إلكترونية,2026/05/31,"37,195,982"
الخدمات الرقمية,عام,القطاع العام,خدمة إلكترونية,2026/05/31,"37,198,954"
الخدمات الرقمية,عام,القطاع العام,خدمة إلكترونية,2026/05/31,"37,200,316"
الخدمات الرقمية,عام,القطاع العام,خدمة إلكترونية,2026/05/31,"37,200,380"
الخدمات الرقمية,عام,القطاع العام,خدمة إلكترونية,2026/05/31,"37,202,268"
الخدمات الرقمية,عام,القطاع العام,خدمة إلكترونية,2026/05/31,"37,202,683"
الخدمات الرقمية,عام,القطاع العام,خدمة إلكترونية,2026/05/31,"37,202,685"
الخدمات الرقمية,عام,القطاع العام,خدمة إلكترونية,2026/05/31,"37,202,797"
الخدمات الرقمية,عام,القطاع العام,خدمة إلكترونية,2026/06/01,"37,219,089"
الخدمات الرقمية,عام,القطاع العام,خدمة إلكترونية,2026/06/01,"37,220,499"
الخدمات الرقمية,عام,القطاع العام,خدمة إلكترونية,2026/06/01,"37,213,435"
الخدمات الرقمية,عام,القطاع العام,خدمة إلكترونية,2026/06/01,"37,222,298"
الخدمات الرقمية,عام,القطاع العام,خدمة إلكترونية,2026/06/01,"37,220,296"
الخدمات الرقمية,عام,القطاع العام,خدمة إلكترونية,2026/06/01,"37,221,178"
الخدمات الرقمية,عام,القطاع العام,خدمة إلكترونية,2026/06/01,"37,214,078"
الخدمات الرقمية,عام,القطاع العام,خدمة إلكترونية,2026/06/01,"37,220,429"
الخدمات الرقمية,عام,القطاع العام,خدمة إلكترونية,2026/06/01,"37,221,355"
الخدمات الرقمية,عام,القطاع العام,خدمة إلكترونية,2026/06/01,"37,220,526"
الخدمات الرقمية,عام,القطاع العام,خدمة إلكترونية,2026/06/01,"37,220,376"
الخدمات الرقمية,عام,القطاع العام,خدمة إلكترونية,2026/06/02,"37,233,470"
الخدمات الرقمية,عام,القطاع العام,خدمة إلكترونية,2026/06/02,"37,233,590"
الخدمات الرقمية,عام,القطاع العام,خدمة إلكترونية,2026/06/02,"37,233,689"
الخدمات الرقمية,عام,القطاع العام,خدمة إلكترونية,2026/06/02,"37,235,251"
الخدمات الرقمية,عام,القطاع العام,خدمة إلكترونية,2026/06/02,"37,242,731"
الخدمات الرقمية,عام,القطاع العام,خدمة إلكترونية,2026/06/02,"37,241,095"
الخدمات الرقمية,عام,القطاع العام,خدمة إلكترونية,2026/06/02,"37,228,974"
الخدمات الرقمية,عام,القطاع العام,خدمة إلكترونية,2026/06/02,"37,233,546"
الخدمات الرقمية,عام,القطاع العام,خدمة إلكترونية,2026/06/02,"37,233,982"
الخدمات الرقمية,عام,القطاع العام,خدمة إلكترونية,2026/06/02,"37,241,086"
الخدمات الرقمية,عام,القطاع العام,خدمة إلكترونية,2026/06/02,"37,233,645"
الخدمات الرقمية,عام,القطاع العام,خدمة إلكترونية,2026/06/02,"37,233,657"
الخدمات الرقمية,عام,القطاع العام,خدمة إلكترونية,2026/06/02,"37,233,883"
الخدمات الرقمية,عام,القطاع العام,خدمة إلكترونية,2026/06/02,"37,233,799"
الخدمات الرقمية,عام,القطاع العام,خدمة إلكترونية,2026/06/02,"37,233,835"
الخدمات الرقمية,عام,القطاع العام,خدمة إلكترونية,2026/06/02,"37,232,367"
الخدمات الرقمية,عام,القطاع العام,خدمة إلكترونية,2026/06/02,"37,233,308"
الخدمات الرقمية,عام,القطاع العام,خدمة إلكترونية,2026/06/02,"37,233,545"
الخدمات الرقمية,عام,القطاع العام,خدمة إلكترونية,2026/06/02,"37,233,556"
الخدمات الرقمية,عام,القطاع العام,خدمة إلكترونية,2026/06/02,"37,230,474"
الخدمات الرقمية,عام,القطاع العام,خدمة إلكترونية,2026/06/02,"37,233,390"
الخدمات الرقمية,عام,القطاع العام,خدمة إلكترونية,2026/06/02,"37,233,508"
الخدمات الرقمية,عام,القطاع العام,خدمة إلكترونية,2026/06/02,"37,226,674"
الخدمات الرقمية,عام,القطاع العام,خدمة إلكترونية,2026/06/02,"37,233,478"
الخدمات الرقمية,عام,القطاع العام,خدمة إلكترونية,2026/06/02,"37,237,976"
الخدمات الرقمية,عام,القطاع العام,خدمة إلكترونية,2026/06/02,"37,238,659"
الخدمات الرقمية,عام,القطاع العام,خدمة إلكترونية,2026/06/02,"37,226,906"
الخدمات الرقمية,عام,القطاع العام,خدمة إلكترونية,2026/06/02,"37,229,429"
الخدمات الرقمية,عام,القطاع العام,خدمة إلكترونية,2026/06/02,"37,233,830"
الخدمات الرقمية,عام,القطاع العام,خدمة إلكترونية,2026/06/02,"37,233,419"
الخدمات الرقمية,عام,القطاع العام,خدمة إلكترونية,2026/06/02,"37,233,984"
الخدمات الرقمية,عام,القطاع العام,خدمة إلكترونية,2026/06/02,"37,241,763"
الخدمات الرقمية,عام,القطاع العام,خدمة إلكترونية,2026/06/02,"37,234,918"
الخدمات الرقمية,عام,القطاع العام,خدمة إلكترونية,2026/06/02,"37,233,566"
الخدمات الرقمية,عام,القطاع العام,خدمة إلكترونية,2026/06/02,"37,233,641"
الخدمات الرقمية,عام,القطاع العام,خدمة إلكترونية,2026/06/02,"37,233,894"
الخدمات الرقمية,عام,القطاع العام,خدمة إلكترونية,2026/06/02,"37,233,980"
الخدمات الرقمية,عام,القطاع العام,خدمة إلكترونية,2026/06/02,"37,241,301"
الخدمات الرقمية,عام,القطاع العام,خدمة إلكترونية,2026/06/02,"37,242,947"
الخدمات الرقمية,عام,القطاع العام,خدمة إلكترونية,2026/06/02,"37,232,755"
الخدمات الرقمية,عام,القطاع العام,خدمة إلكترونية,2026/06/02,"37,233,417"
الخدمات الرقمية,عام,القطاع العام,خدمة إلكترونية,2026/06/02,"37,241,452"
الخدمات الرقمية,عام,القطاع العام,خدمة إلكترونية,2026/06/02,"37,233,887"
الخدمات الرقمية,عام,القطاع العام,خدمة إلكترونية,2026/06/02,"37,235,964"
الخدمات الرقمية,عام,القطاع العام,خدمة إلكترونية,2026/06/02,"37,233,642"
الخدمات الرقمية,عام,القطاع العام,خدمة إلكترونية,2026/06/02,"37,233,886"
الخدمات الرقمية,عام,القطاع العام,خدمة إلكترونية,2026/06/02,"37,233,898"
الخدمات الرقمية,عام,القطاع العام,خدمة إلكترونية,2026/06/02,"37,233,891"
الخدمات الرقمية,عام,القطاع العام,خدمة إلكترونية,2026/06/02,"37,233,316"
الخدمات الرقمية,عام,القطاع العام,خدمة إلكترونية,2026/06/02,"37,233,454"
الخدمات الرقمية,عام,القطاع العام,خدمة إلكترونية,2026/06/02,"37,233,524"
الخدمات الرقمية,عام,القطاع العام,خدمة إلكترونية,2026/06/02,"37,233,554"
الخدمات الرقمية,عام,القطاع العام,خدمة إلكترونية,2026/06/02,"37,233,986"
الخدمات الرقمية,عام,القطاع العام,خدمة إلكترونية,2026/06/03,"37,261,785"
الخدمات الرقمية,عام,القطاع العام,خدمة إلكترونية,2026/06/03,"37,266,526"
الخدمات الرقمية,عام,القطاع العام,خدمة إلكترونية,2026/06/03,"37,265,489"
الخدمات الرقمية,عام,القطاع العام,خدمة إلكترونية,2026/06/03,"37,266,355"
الخدمات الرقمية,عام,القطاع العام,خدمة إلكترونية,2026/06/03,"37,250,672"
الخدمات الرقمية,عام,القطاع العام,خدمة إلكترونية,2026/06/03,"37,257,066"
الخدمات الرقمية,عام,القطاع العام,خدمة إلكترونية,2026/06/03,"37,265,501"
الخدمات الرقمية,عام,القطاع العام,خدمة إلكترونية,2026/06/03,"37,252,951"
الخدمات الرقمية,عام,القطاع العام,خدمة إلكترونية,2026/06/03,"37,257,639"
الخدمات الرقمية,عام,القطاع العام,خدمة إلكترونية,2026/06/03,"37,263,000"
الخدمات الرقمية,عام,القطاع العام,خدمة إلكترونية,2026/06/03,"37,253,064"
الخدمات الرقمية,عام,القطاع العام,خدمة إلكترونية,2026/06/03,"37,254,628"
الخدمات الرقمية,عام,القطاع العام,خدمة إلكترونية,2026/06/03,"37,262,336"
الخدمات الرقمية,عام,القطاع العام,خدمة إلكترونية,2026/06/03,"37,243,986"
الخدمات الرقمية,عام,القطاع العام,خدمة إلكترونية,2026/06/03,"37,244,037"
الخدمات الرقمية,عام,القطاع العام,خدمة إلكترونية,2026/06/03,"37,262,338"
الخدمات الرقمية,عام,القطاع العام,خدمة إلكترونية,2026/06/03,"37,262,753"
الخدمات الرقمية,عام,القطاع العام,خدمة إلكترونية,2026/06/03,"37,265,269"
الخدمات الرقمية,عام,القطاع العام,خدمة إلكترونية,2026/06/03,"37,258,083"
الخدمات الرقمية,عام,القطاع العام,خدمة إلكترونية,2026/06/03,"37,250,194"
الخدمات الرقمية,عام,القطاع العام,خدمة إلكترونية,2026/06/03,"37,251,388"
الخدمات الرقمية,عام,القطاع العام,خدمة إلكترونية,2026/06/03,"37,265,759"
الخدمات الرقمية,عام,القطاع العام,خدمة إلكترونية,2026/06/03,"37,255,001"
الخدمات الرقمية,عام,القطاع العام,خدمة إلكترونية,2026/06/03,"37,261,950"
الخدمات الرقمية,عام,القطاع العام,خدمة إلكترونية,2026/06/03,"37,257,344"
الخدمات الرقمية,عام,القطاع العام,خدمة إلكترونية,2026/06/03,"37,244,461"
الخدمات الرقمية,عام,القطاع العام,خدمة إلكترونية,2026/06/03,"37,244,662"
الخدمات الرقمية,عام,القطاع العام,خدمة إلكترونية,2026/06/03,"37,255,202"
الخدمات الرقمية,عام,القطاع العام,خدمة إلكترونية,2026/06/04,"37,267,831"
الخدمات الرقمية,عام,القطاع العام,خدمة إلكترونية,2026/06/04,"37,271,156"
الخدمات الرقمية,عام,القطاع العام,خدمة إلكترونية,2026/06/04,"37,273,895"
الخدمات الرقمية,عام,القطاع العام,خدمة إلكترونية,2026/06/04,"37,274,353"
الخدمات الرقمية,عام,القطاع العام,خدمة إلكترونية,2026/06/04,"37,267,888"
الخدمات الرقمية,عام,القطاع العام,خدمة إلكترونية,2026/06/04,"37,267,647"
الخدمات الرقمية,عام,القطاع العام,خدمة إلكترونية,2026/06/04,"37,274,818"
الخدمات الرقمية,عام,القطاع العام,خدمة إلكترونية,2026/06/04,"37,275,422"
الخدمات الرقمية,عام,القطاع العام,خدمة إلكترونية,2026/06/04,"37,278,698"
الخدمات الرقمية,عام,القطاع العام,خدمة إلكترونية,2026/06/04,"37,279,318"
الخدمات الرقمية,عام,القطاع العام,خدمة إلكترونية,2026/06/04,"37,276,582"
الخدمات الرقمية,عام,القطاع العام,خدمة إلكترونية,2026/06/04,"37,281,104"
الخدمات الرقمية,عام,القطاع العام,خدمة إلكترونية,2026/06/04,"37,283,443"
الخدمات الرقمية,عام,القطاع العام,خدمة إلكترونية,2026/06/04,"37,288,286"
الخدمات الرقمية,عام,القطاع العام,خدمة إلكترونية,2026/06/04,"37,277,944"
الخدمات الرقمية,عام,القطاع العام,خدمة إلكترونية,2026/06/04,"37,278,475"
الخدمات الرقمية,عام,القطاع العام,خدمة إلكترونية,2026/06/04,"37,285,034"
الخدمات الرقمية,عام,القطاع العام,خدمة إلكترونية,2026/06/04,"37,281,248"
الخدمات الرقمية,عام,القطاع العام,خدمة إلكترونية,2026/06/04,"37,294,347"
الخدمات الرقمية,عام,القطاع العام,خدمة إلكترونية,2026/06/04,"37,285,391"
الخدمات الرقمية,عام,القطاع العام,خدمة إلكترونية,2026/06/04,"37,291,163"
الخدمات الرقمية,عام,القطاع العام,خدمة إلكترونية,2026/06/04,"37,280,967"
الخدمات الرقمية,عام,القطاع العام,خدمة إلكترونية,2026/06/04,"37,290,635"
الخدمات الرقمية,عام,القطاع العام,خدمة إلكترونية,2026/06/04,"37,295,992"
الخدمات الرقمية,عام,القطاع العام,خدمة إلكترونية,2026/06/04,"37,294,511"
الخدمات الرقمية,عام,القطاع العام,خدمة إلكترونية,2026/06/05,"37,306,387"
الخدمات الرقمية,عام,القطاع العام,خدمة إلكترونية,2026/06/05,"37,316,822"
الخدمات الرقمية,عام,القطاع العام,خدمة إلكترونية,2026/06/05,"37,306,297"
الخدمات الرقمية,عام,القطاع العام,خدمة إلكترونية,2026/06/05,"37,316,581"
الخدمات الرقمية,عام,القطاع العام,خدمة إلكترونية,2026/06/06,"37,336,357"
الخدمات الرقمية,عام,القطاع العام,خدمة إلكترونية,2026/06/06,"37,338,650"
الخدمات الرقمية,عام,القطاع العام,خدمة إلكترونية,2026/06/06,"37,339,732"
الخدمات الرقمية,عام,القطاع العام,خدمة إلكترونية,2026/06/06,"37,342,214"
الخدمات الرقمية,عام,القطاع العام,خدمة إلكترونية,2026/06/06,"37,337,751"
الخدمات الرقمية,عام,القطاع العام,خدمة إلكترونية,2026/06/06,"37,338,183"
الخدمات الرقمية,عام,القطاع العام,خدمة إلكترونية,2026/06/06,"37,339,489"
الخدمات الرقمية,عام,القطاع العام,خدمة إلكترونية,2026/06/06,"37,342,046"
الخدمات الرقمية,عام,القطاع العام,خدمة إلكترونية,2026/06/06,"37,321,490"
الخدمات الرقمية,عام,القطاع العام,خدمة إلكترونية,2026/06/06,"37,337,830"
الخدمات الرقمية,عام,القطاع العام,خدمة إلكترونية,2026/06/06,"37,338,759"
الخدمات الرقمية,عام,القطاع العام,خدمة إلكترونية,2026/06/06,"37,338,409"
الخدمات الرقمية,عام,القطاع العام,خدمة إلكترونية,2026/06/06,"37,339,026"
الخدمات الرقمية,عام,القطاع العام,خدمة إلكترونية,2026/06/06,"37,339,406"
الخدمات الرقمية,عام,القطاع العام,خدمة إلكترونية,2026/06/06,"37,339,025"
الخدمات الرقمية,عام,القطاع العام,خدمة إلكترونية,2026/06/06,"37,341,874"
الخدمات الرقمية,عام,القطاع العام,خدمة إلكترونية,2026/06/06,"37,336,789"
الخدمات الرقمية,عام,القطاع العام,خدمة إلكترونية,2026/06/06,"37,338,832"
الخدمات الرقمية,عام,القطاع العام,خدمة إلكترونية,2026/06/06,"37,336,338"
الخدمات الرقمية,عام,القطاع العام,خدمة إلكترونية,2026/06/06,"37,338,057"
الخدمات الرقمية,عام,القطاع العام,خدمة إلكترونية,2026/06/06,"37,339,304"
الخدمات الرقمية,عام,القطاع العام,خدمة إلكترونية,2026/06/06,"37,341,940"
الخدمات الرقمية,عام,القطاع العام,خدمة إلكترونية,2026/06/07,"37,363,136"
الخدمات الرقمية,عام,القطاع العام,خدمة إلكترونية,2026/06/07,"37,368,651"
الخدمات الرقمية,عام,القطاع العام,خدمة إلكترونية,2026/06/07,"37,351,457"
الخدمات الرقمية,عام,القطاع العام,خدمة إلكترونية,2026/06/07,"37,354,666"
الخدمات الرقمية,عام,القطاع العام,خدمة إلكترونية,2026/06/07,"37,361,058"
الخدمات الرقمية,عام,القطاع العام,خدمة إلكترونية,2026/06/07,"37,361,620"
الخدمات الرقمية,عام,القطاع العام,خدمة إلكترونية,2026/06/07,"37,362,994"
الخدمات الرقمية,عام,القطاع العام,خدمة إلكترونية,2026/06/07,"37,345,917"
الخدمات الرقمية,عام,القطاع العام,خدمة إلكترونية,2026/06/07,"37,354,819"
الخدمات الرقمية,عام,القطاع العام,خدمة إلكترونية,2026/06/07,"37,369,091"
الخدمات الرقمية,عام,القطاع العام,خدمة إلكترونية,2026/06/07,"37,353,791"
الخدمات الرقمية,عام,القطاع العام,خدمة إلكترونية,2026/06/07,"37,358,557"
الخدمات الرقمية,عام,القطاع العام,خدمة إلكترونية,2026/06/07,"37,365,449"
الخدمات الرقمية,عام,القطاع العام,خدمة إلكترونية,2026/06/07,"37,357,274"
الخدمات الرقمية,عام,القطاع العام,خدمة إلكترونية,2026/06/07,"37,367,328"
الخدمات الرقمية,عام,القطاع العام,خدمة إلكترونية,2026/06/07,"37,357,991"
الخدمات الرقمية,عام,القطاع العام,خدمة إلكترونية,2026/06/07,"37,365,818"
الخدمات الرقمية,عام,القطاع العام,خدمة إلكترونية,2026/06/07,"37,362,607"
الخدمات الرقمية,عام,القطاع العام,خدمة إلكترونية,2026/06/07,"37,363,502"
الخدمات الرقمية,عام,القطاع العام,خدمة إلكترونية,2026/06/07,"37,353,711"
الخدمات الرقمية,عام,القطاع العام,خدمة إلكترونية,2026/06/07,"37,366,558"
الخدمات الرقمية,عام,القطاع العام,خدمة إلكترونية,2026/06/07,"37,357,594"
الخدمات الرقمية,عام,القطاع العام,خدمة إلكترونية,2026/06/07,"37,353,031"
الخدمات الرقمية,عام,القطاع العام,خدمة إلكترونية,2026/06/07,"37,362,667"
الخدمات الرقمية,عام,القطاع العام,خدمة إلكترونية,2026/06/07,"37,367,481"
الخدمات الرقمية,عام,القطاع العام,خدمة إلكترونية,2026/06/07,"37,359,652"
الخدمات الرقمية,عام,القطاع العام,خدمة إلكترونية,2026/06/07,"37,359,816"
الخدمات الرقمية,عام,القطاع العام,خدمة إلكترونية,2026/06/07,"37,361,817"
الخدمات الرقمية,عام,القطاع العام,خدمة إلكترونية,2026/06/07,"37,362,606"
الخدمات الرقمية,عام,القطاع العام,خدمة إلكترونية,2026/06/07,"37,364,222"
الخدمات الرقمية,عام,القطاع العام,خدمة إلكترونية,2026/06/08,"37,388,929"
الخدمات الرقمية,عام,القطاع العام,خدمة إلكترونية,2026/06/08,"37,374,516"
الخدمات الرقمية,عام,القطاع العام,خدمة إلكترونية,2026/06/08,"37,391,277"
الخدمات الرقمية,عام,القطاع العام,خدمة إلكترونية,2026/06/08,"37,378,911"
الخدمات الرقمية,عام,القطاع العام,خدمة إلكترونية,2026/06/08,"37,389,357"
الخدمات الرقمية,عام,القطاع العام,خدمة إلكترونية,2026/06/08,"37,390,471"
الخدمات الرقمية,عام,القطاع العام,خدمة إلكترونية,2026/06/08,"37,369,332"
الخدمات الرقمية,عام,القطاع العام,خدمة إلكترونية,2026/06/08,"37,383,787"
الخدمات الرقمية,عام,القطاع العام,خدمة إلكترونية,2026/06/08,"37,388,338"
الخدمات الرقمية,عام,القطاع العام,خدمة إلكترونية,2026/06/08,"37,389,079"
الخدمات الرقمية,عام,القطاع العام,خدمة إلكترونية,2026/06/08,"37,386,790"
الخدمات الرقمية,عام,القطاع العام,خدمة إلكترونية,2026/06/08,"37,374,177"
الخدمات الرقمية,عام,القطاع العام,خدمة إلكترونية,2026/06/08,"37,381,755"
الخدمات الرقمية,عام,القطاع العام,خدمة إلكترونية,2026/06/08,"37,376,520"
الخدمات الرقمية,عام,القطاع العام,خدمة إلكترونية,2026/06/08,"37,388,865"
الخدمات الرقمية,عام,القطاع العام,خدمة إلكترونية,2026/06/08,"37,377,106"
الخدمات الرقمية,عام,القطاع العام,خدمة إلكترونية,2026/06/08,"37,379,474"
الخدمات الرقمية,عام,القطاع العام,خدمة إلكترونية,2026/06/08,"37,390,361"
الخدمات الرقمية,عام,القطاع العام,خدمة إلكترونية,2026/06/08,"37,391,221"
الخدمات الرقمية,عام,القطاع العام,خدمة إلكترونية,2026/06/08,"37,391,530"
الخدمات الرقمية,عام,القطاع العام,خدمة إلكترونية,2026/06/08,"37,370,191"
الخدمات الرقمية,عام,القطاع العام,خدمة إلكترونية,2026/06/08,"37,391,224"
الخدمات الرقمية,عام,القطاع العام,خدمة إلكترونية,2026/06/08,"37,391,303"
الخدمات الرقمية,عام,القطاع العام,خدمة إلكترونية,2026/06/08,"37,377,491"
الخدمات الرقمية,عام,القطاع العام,خدمة إلكترونية,2026/06/08,"37,392,255"
الخدمات الرقمية,عام,القطاع العام,خدمة إلكترونية,2026/06/08,"37,373,408"
الخدمات الرقمية,عام,القطاع العام,خدمة إلكترونية,2026/06/08,"37,377,360"
الخدمات الرقمية,عام,القطاع العام,خدمة إلكترونية,2026/06/08,"37,387,511"
الخدمات الرقمية,عام,القطاع العام,خدمة إلكترونية,2026/06/08,"37,391,734"
الخدمات الرقمية,عام,القطاع العام,خدمة إلكترونية,2026/06/08,"37,383,244"
الخدمات الرقمية,عام,القطاع العام,خدمة إلكترونية,2026/06/09,"37,398,744"
الخدمات الرقمية,عام,القطاع العام,خدمة إلكترونية,2026/06/09,"37,412,788"
الخدمات الرقمية,عام,القطاع العام,خدمة إلكترونية,2026/06/09,"37,417,543"
الخدمات الرقمية,عام,القطاع العام,خدمة إلكترونية,2026/06/09,"37,405,273"
الخدمات الرقمية,عام,القطاع العام,خدمة إلكترونية,2026/06/09,"37,398,742"
الخدمات الرقمية,عام,القطاع العام,خدمة إلكترونية,2026/06/09,"37,401,709"
الخدمات الرقمية,عام,القطاع العام,خدمة إلكترونية,2026/06/09,"37,402,668"
الخدمات الرقمية,عام,القطاع العام,خدمة إلكترونية,2026/06/09,"37,414,413"
الخدمات الرقمية,عام,القطاع العام,خدمة إلكترونية,2026/06/09,"37,405,430"
الخدمات الرقمية,عام,القطاع العام,خدمة إلكترونية,2026/06/09,"37,413,759"
الخدمات الرقمية,عام,القطاع العام,خدمة إلكترونية,2026/06/09,"37,418,272"
الخدمات الرقمية,عام,القطاع العام,خدمة إلكترونية,2026/06/09,"37,403,252"
الخدمات الرقمية,عام,القطاع العام,خدمة إلكترونية,2026/06/09,"37,414,588"
الخدمات الرقمية,عام,القطاع العام,خدمة إلكترونية,2026/06/09,"37,416,708"
الخدمات الرقمية,عام,القطاع العام,خدمة إلكترونية,2026/06/09,"37,417,211"
الخدمات الرقمية,عام,القطاع العام,خدمة إلكترونية,2026/06/09,"37,401,179"
الخدمات الرقمية,عام,القطاع العام,خدمة إلكترونية,2026/06/09,"37,398,547"
الخدمات الرقمية,عام,القطاع العام,خدمة إلكترونية,2026/06/09,"37,419,735"
الخدمات الرقمية,عام,القطاع العام,خدمة إلكترونية,2026/06/09,"37,410,203"
الخدمات الرقمية,عام,القطاع العام,خدمة إلكترونية,2026/06/09,"37,415,159"
الخدمات الرقمية,عام,القطاع العام,خدمة إلكترونية,2026/06/09,"37,419,842"
الخدمات الرقمية,عام,القطاع العام,خدمة إلكترونية,2026/06/09,"37,416,465"
الخدمات الرقمية,عام,القطاع العام,خدمة إلكترونية,2026/06/09,"37,418,672"
الخدمات الرقمية,عام,القطاع العام,خدمة إلكترونية,2026/06/09,"37,419,070"
الخدمات الرقمية,عام,القطاع العام,خدمة إلكترونية,2026/06/09,"37,419,072"
الخدمات الرقمية,عام,القطاع العام,خدمة إلكترونية,2026/06/09,"37,398,548"
الخدمات الرقمية,عام,القطاع العام,خدمة إلكترونية,2026/06/09,"37,408,811"
الخدمات الرقمية,عام,القطاع العام,خدمة إلكترونية,2026/06/09,"37,416,056"
الخدمات الرقمية,عام,القطاع العام,خدمة إلكترونية,2026/06/09,"37,417,889"
الخدمات الرقمية,عام,القطاع العام,خدمة إلكترونية,2026/06/09,"37,402,751"
الخدمات الرقمية,عام,القطاع العام,خدمة إلكترونية,2026/06/09,"37,406,301"
الخدمات الرقمية,عام,القطاع العام,خدمة إلكترونية,2026/06/09,"37,416,948"
الخدمات الرقمية,عام,القطاع العام,خدمة إلكترونية,2026/06/09,"37,417,156"
الخدمات الرقمية,عام,القطاع العام,خدمة إلكترونية,2026/06/09,"37,408,534"
الخدمات الرقمية,عام,القطاع العام,خدمة إلكترونية,2026/06/09,"37,411,746"
الخدمات الرقمية,عام,القطاع العام,خدمة إلكترونية,2026/06/10,"37,445,934"
الخدمات الرقمية,عام,القطاع العام,خدمة إلكترونية,2026/06/10,"37,446,082"
الخدمات الرقمية,عام,القطاع العام,خدمة إلكترونية,2026/06/10,"37,446,147"
الخدمات الرقمية,عام,القطاع العام,خدمة إلكترونية,2026/06/10,"37,445,496"
الخدمات الرقمية,عام,القطاع العام,خدمة إلكترونية,2026/06/10,"37,445,795"
الخدمات الرقمية,عام,القطاع العام,خدمة إلكترونية,2026/06/10,"37,446,142"
الخدمات الرقمية,عام,القطاع العام,خدمة إلكترونية,2026/06/10,"37,446,012"
الخدمات الرقمية,عام,القطاع العام,خدمة إلكترونية,2026/06/10,"37,447,834"
الخدمات الرقمية,عام,القطاع العام,خدمة إلكترونية,2026/06/10,"37,445,966"
الخدمات الرقمية,عام,القطاع العام,خدمة إلكترونية,2026/06/10,"37,447,527"
الخدمات الرقمية,عام,القطاع العام,خدمة إلكترونية,2026/06/10,"37,446,003"
الخدمات الرقمية,عام,القطاع العام,خدمة إلكترونية,2026/06/10,"37,447,629"
الخدمات الرقمية,عام,القطاع العام,خدمة إلكترونية,2026/06/10,"37,445,845"
الخدمات الرقمية,عام,القطاع العام,خدمة إلكترونية,2026/06/10,"37,445,802"
الخدمات الرقمية,عام,القطاع العام,خدمة إلكترونية,2026/06/10,"37,445,457"
الخدمات الرقمية,عام,القطاع العام,خدمة إلكترونية,2026/06/10,"37,445,930"
الخدمات الرقمية,عام,القطاع العام,خدمة إلكترونية,2026/06/10,"37,446,099"
الخدمات الرقمية,عام,القطاع العام,خدمة إلكترونية,2026/06/10,"37,447,760"
الخدمات الرقمية,عام,القطاع العام,خدمة إلكترونية,2026/06/10,"37,442,262"
الخدمات الرقمية,عام,القطاع العام,خدمة إلكترونية,2026/06/10,"37,443,087"
الخدمات الرقمية,عام,القطاع العام,خدمة إلكترونية,2026/06/10,"37,431,906"
الخدمات الرقمية,عام,القطاع العام,خدمة إلكترونية,2026/06/10,"37,443,720"
الخدمات الرقمية,عام,القطاع العام,خدمة إلكترونية,2026/06/10,"37,420,869"
الخدمات الرقمية,عام,القطاع العام,خدمة إلكترونية,2026/06/10,"37,441,565"
الخدمات الرقمية,عام,القطاع العام,خدمة إلكترونية,2026/06/10,"37,444,116"
الخدمات الرقمية,عام,القطاع العام,خدمة إلكترونية,2026/06/10,"37,433,260"
الخدمات الرقمية,عام,القطاع العام,خدمة إلكترونية,2026/06/10,"37,442,425"
الخدمات الرقمية,عام,القطاع العام,خدمة إلكترونية,2026/06/10,"37,442,428"
الخدمات الرقمية,عام,القطاع العام,خدمة إلكترونية,2026/06/10,"37,432,520"
الخدمات الرقمية,عام,القطاع العام,خدمة إلكترونية,2026/06/10,"37,437,163"
الخدمات الرقمية,عام,القطاع العام,خدمة إلكترونية,2026/06/10,"37,425,380"
الخدمات الرقمية,عام,القطاع العام,خدمة إلكترونية,2026/06/10,"37,441,827"
الخدمات الرقمية,عام,القطاع العام,خدمة إلكترونية,2026/06/10,"37,437,851"
الخدمات الرقمية,عام,القطاع العام,خدمة إلكترونية,2026/06/10,"37,443,212"
الخدمات الرقمية,عام,القطاع العام,خدمة إلكترونية,2026/06/10,"37,436,491"
الخدمات الرقمية,عام,القطاع العام,خدمة إلكترونية,2026/06/10,"37,432,760"
الخدمات الرقمية,عام,القطاع العام,خدمة إلكترونية,2026/06/10,"37,438,460"
الخدمات الرقمية,عام,القطاع العام,خدمة إلكترونية,2026/06/11,"37,453,238"
الخدمات الرقمية,عام,القطاع العام,خدمة إلكترونية,2026/06/11,"37,454,868"
الخدمات الرقمية,عام,القطاع العام,خدمة إلكترونية,2026/06/11,"37,457,889"
الخدمات الرقمية,عام,القطاع العام,خدمة إلكترونية,2026/06/11,"37,454,630"
الخدمات الرقمية,عام,القطاع العام,خدمة إلكترونية,2026/06/11,"37,451,609"
الخدمات الرقمية,عام,القطاع العام,خدمة إلكترونية,2026/06/11,"37,451,610"
الخدمات الرقمية,عام,القطاع العام,خدمة إلكترونية,2026/06/11,"37,464,401"
الخدمات الرقمية,عام,القطاع العام,خدمة إلكترونية,2026/06/11,"37,462,608"
الخدمات الرقمية,عام,القطاع العام,خدمة إلكترونية,2026/06/11,"37,462,533"
الخدمات الرقمية,عام,القطاع العام,خدمة إلكترونية,2026/06/11,"37,464,427"
الخدمات الرقمية,عام,القطاع العام,خدمة إلكترونية,2026/06/11,"37,451,608"
الخدمات الرقمية,عام,القطاع العام,خدمة إلكترونية,2026/06/11,"37,460,295"
الخدمات الرقمية,عام,القطاع العام,خدمة إلكترونية,2026/06/11,"37,462,081"
الخدمات الرقمية,عام,القطاع العام,خدمة إلكترونية,2026/06/11,"37,448,848"
الخدمات الرقمية,عام,القطاع العام,خدمة إلكترونية,2026/06/11,"37,448,922"
الخدمات الرقمية,عام,القطاع العام,خدمة إلكترونية,2026/06/11,"37,451,534"
الخدمات الرقمية,عام,القطاع العام,خدمة إلكترونية,2026/06/11,"37,465,008"
الخدمات الرقمية,عام,القطاع العام,خدمة إلكترونية,2026/06/11,"37,454,826"
الخدمات الرقمية,عام,القطاع العام,خدمة إلكترونية,2026/06/11,"37,463,579"
الخدمات الرقمية,عام,القطاع العام,خدمة إلكترونية,2026/06/11,"37,464,210"
الخدمات الرقمية,عام,القطاع العام,خدمة إلكترونية,2026/06/11,"37,465,519"
الخدمات الرقمية,عام,القطاع العام,خدمة إلكترونية,2026/06/11,"37,459,332"
الخدمات الرقمية,عام,القطاع العام,خدمة إلكترونية,2026/06/11,"37,468,865"
الخدمات الرقمية,عام,القطاع العام,خدمة إلكترونية,2026/06/11,"37,469,317"
الخدمات الرقمية,عام,القطاع العام,خدمة إلكترونية,2026/06/11,"37,470,377"
الخدمات الرقمية,عام,القطاع العام,خدمة إلكترونية,2026/06/11,"37,470,675"
الخدمات الرقمية,عام,القطاع العام,خدمة إلكترونية,2026/06/11,"37,468,893"
الخدمات الرقمية,عام,القطاع العام,خدمة إلكترونية,2026/06/11,"37,473,589"
الخدمات الرقمية,عام,القطاع العام,خدمة إلكترونية,2026/06/11,"37,472,087"
الخدمات الرقمية,عام,القطاع العام,خدمة إلكترونية,2026/06/11,"37,471,775"
الخدمات الرقمية,عام,القطاع العام,خدمة إلكترونية,2026/06/11,"37,476,277"
الخدمات الرقمية,عام,القطاع العام,خدمة إلكترونية,2026/06/11,"37,478,073"
الخدمات الرقمية,عام,القطاع العام,خدمة إلكترونية,2026/06/12,"37,485,939"
الخدمات الرقمية,عام,القطاع العام,خدمة إلكترونية,2026/06/12,"37,478,978"
الخدمات الرقمية,عام,القطاع العام,خدمة إلكترونية,2026/06/12,"37,478,923"
الخدمات الرقمية,عام,القطاع العام,خدمة إلكترونية,2026/06/12,"37,478,506"
الخدمات الرقمية,عام,القطاع العام,خدمة إلكترونية,2026/06/12,"37,478,979"
الخدمات الرقمية,عام,القطاع العام,خدمة إلكترونية,2026/06/12,"37,484,892"
الخدمات الرقمية,عام,القطاع العام,خدمة إلكترونية,2026/06/13,"37,499,996"
الخدمات الرقمية,عام,القطاع العام,خدمة إلكترونية,2026/06/13,"37,498,789"
الخدمات الرقمية,عام,القطاع العام,خدمة إلكترونية,2026/06/13,"37,499,988"
الخدمات الرقمية,عام,القطاع العام,خدمة إلكترونية,2026/06/13,"37,500,524"
الخدمات الرقمية,عام,القطاع العام,خدمة إلكترونية,2026/06/13,"37,499,110"
الخدمات الرقمية,عام,القطاع العام,خدمة إلكترونية,2026/06/13,"37,496,102"
الخدمات الرقمية,عام,القطاع العام,خدمة إلكترونية,2026/06/13,"37,501,320"
الخدمات الرقمية,عام,القطاع العام,خدمة إلكترونية,2026/06/13,"37,498,515"
الخدمات الرقمية,عام,القطاع العام,خدمة إلكترونية,2026/06/13,"37,498,329"
الخدمات الرقمية,عام,القطاع العام,خدمة إلكترونية,2026/06/13,"37,501,455"
الخدمات الرقمية,عام,القطاع العام,خدمة إلكترونية,2026/06/13,"37,490,164"
الخدمات الرقمية,عام,القطاع العام,خدمة إلكترونية,2026/06/13,"37,496,132"
الخدمات الرقمية,عام,القطاع العام,خدمة إلكترونية,2026/06/13,"37,499,083"
الخدمات الرقمية,عام,القطاع العام,خدمة إلكترونية,2026/06/13,"37,498,918"
الخدمات الرقمية,عام,القطاع العام,خدمة إلكترونية,2026/06/13,"37,498,985"
الخدمات الرقمية,عام,القطاع العام,خدمة إلكترونية,2026/06/14,"37,508,632"
الخدمات الرقمية,عام,القطاع العام,خدمة إلكترونية,2026/06/14,"37,518,881"
الخدمات الرقمية,عام,القطاع العام,خدمة إلكترونية,2026/06/14,"37,520,207"
الخدمات الرقمية,عام,القطاع العام,خدمة إلكترونية,2026/06/14,"37,510,929"
الخدمات الرقمية,عام,القطاع العام,خدمة إلكترونية,2026/06/14,"37,511,452"
الخدمات الرقمية,عام,القطاع العام,خدمة إلكترونية,2026/06/14,"37,512,296"
الخدمات الرقمية,عام,القطاع العام,خدمة إلكترونية,2026/06/14,"37,517,772"
الخدمات الرقمية,عام,القطاع العام,خدمة إلكترونية,2026/06/14,"37,508,695"
الخدمات الرقمية,عام,القطاع العام,خدمة إلكترونية,2026/06/14,"37,508,968"
الخدمات الرقمية,عام,القطاع العام,خدمة إلكترونية,2026/06/14,"37,518,784"
الخدمات الرقمية,عام,القطاع العام,خدمة إلكترونية,2026/06/14,"37,519,671"
الخدمات الرقمية,عام,القطاع العام,خدمة إلكترونية,2026/06/14,"37,518,263"
الخدمات الرقمية,عام,القطاع العام,خدمة إلكترونية,2026/06/14,"37,521,783"
الخدمات الرقمية,عام,القطاع العام,خدمة إلكترونية,2026/06/14,"37,519,999"
الخدمات الرقمية,عام,القطاع العام,خدمة إلكترونية,2026/06/14,"37,512,336"
الخدمات الرقمية,عام,القطاع العام,خدمة إلكترونية,2026/06/14,"37,521,513"
الخدمات الرقمية,عام,القطاع العام,خدمة إلكترونية,2026/06/14,"37,520,161"
الخدمات الرقمية,عام,القطاع العام,خدمة إلكترونية,2026/06/14,"37,520,792"
الخدمات الرقمية,عام,القطاع العام,خدمة إلكترونية,2026/06/14,"37,521,524"
الخدمات الرقمية,عام,القطاع العام,خدمة إلكترونية,2026/06/14,"37,519,812"
الخدمات الرقمية,عام,القطاع العام,خدمة إلكترونية,2026/06/14,"37,519,852"
الخدمات الرقمية,عام,القطاع العام,خدمة إلكترونية,2026/06/14,"37,522,372"
الخدمات الرقمية,عام,القطاع العام,خدمة إلكترونية,2026/06/14,"37,522,524"
الخدمات الرقمية,عام,القطاع العام,خدمة إلكترونية,2026/06/14,"37,518,864"
الخدمات الرقمية,عام,القطاع العام,خدمة إلكترونية,2026/06/14,"37,522,446"
الخدمات الرقمية,عام,القطاع العام,خدمة إلكترونية,2026/06/14,"37,518,451"
الخدمات الرقمية,عام,القطاع العام,خدمة إلكترونية,2026/06/14,"37,519,408"
الخدمات الرقمية,عام,القطاع العام,خدمة إلكترونية,2026/06/14,"37,524,299"
الخدمات الرقمية,عام,القطاع العام,خدمة إلكترونية,2026/06/14,"37,511,570"
الخدمات الرقمية,عام,القطاع العام,خدمة إلكترونية,2026/06/14,"37,520,716"
الخدمات الرقمية,عام,القطاع العام,خدمة إلكترونية,2026/06/14,"37,512,878"
الخدمات الرقمية,عام,القطاع العام,خدمة إلكترونية,2026/06/14,"37,512,888"
الخدمات الرقمية,عام,القطاع العام,خدمة إلكترونية,2026/06/14,"37,513,618"
الخدمات الرقمية,عام,القطاع العام,خدمة إلكترونية,2026/06/14,"37,517,790"
الخدمات الرقمية,عام,القطاع العام,خدمة إلكترونية,2026/06/14,"37,509,007"
الخدمات الرقمية,عام,القطاع العام,خدمة إلكترونية,2026/06/14,"37,511,604"
الخدمات الرقمية,عام,القطاع العام,خدمة إلكترونية,2026/06/14,"37,513,580"
الخدمات الرقمية,عام,القطاع العام,خدمة إلكترونية,2026/06/14,"37,520,745"
الخدمات الرقمية,عام,القطاع العام,خدمة إلكترونية,2026/06/14,"37,522,999"
الخدمات الرقمية,عام,القطاع العام,خدمة إلكترونية,2026/06/15,"37,543,770"
الخدمات الرقمية,عام,القطاع العام,خدمة إلكترونية,2026/06/15,"37,543,800"
الخدمات الرقمية,عام,القطاع العام,خدمة إلكترونية,2026/06/15,"37,543,919"
الخدمات الرقمية,عام,القطاع العام,خدمة إلكترونية,2026/06/15,"37,547,560"
الخدمات الرقمية,عام,القطاع العام,خدمة إلكترونية,2026/06/15,"37,536,487"
الخدمات الرقمية,عام,القطاع العام,خدمة إلكترونية,2026/06/15,"37,541,222"
الخدمات الرقمية,عام,القطاع العام,خدمة إلكترونية,2026/06/15,"37,541,239"
الخدمات الرقمية,عام,القطاع العام,خدمة إلكترونية,2026/06/15,"37,545,419"
الخدمات الرقمية,عام,القطاع العام,خدمة إلكترونية,2026/06/15,"37,548,001"
الخدمات الرقمية,عام,القطاع العام,خدمة إلكترونية,2026/06/15,"37,528,643"
الخدمات الرقمية,عام,القطاع العام,خدمة إلكترونية,2026/06/15,"37,530,021"
الخدمات الرقمية,عام,القطاع العام,خدمة إلكترونية,2026/06/15,"37,531,020"
الخدمات الرقمية,عام,القطاع العام,خدمة إلكترونية,2026/06/15,"37,545,297"
الخدمات الرقمية,عام,القطاع العام,خدمة إلكترونية,2026/06/15,"37,548,275"
الخدمات الرقمية,عام,القطاع العام,خدمة إلكترونية,2026/06/15,"37,548,552"
الخدمات الرقمية,عام,القطاع العام,خدمة إلكترونية,2026/06/15,"37,549,001"
الخدمات الرقمية,عام,القطاع العام,خدمة إلكترونية,2026/06/15,"37,544,517"
الخدمات الرقمية,عام,القطاع العام,خدمة إلكترونية,2026/06/15,"37,533,511"
الخدمات الرقمية,عام,القطاع العام,خدمة إلكترونية,2026/06/15,"37,547,288"
الخدمات الرقمية,عام,القطاع العام,خدمة إلكترونية,2026/06/15,"37,537,103"
الخدمات الرقمية,عام,القطاع العام,خدمة إلكترونية,2026/06/15,"37,541,025"
الخدمات الرقمية,عام,القطاع العام,خدمة إلكترونية,2026/06/15,"37,529,846"
الخدمات الرقمية,عام,القطاع العام,خدمة إلكترونية,2026/06/15,"37,532,944"
الخدمات الرقمية,عام,القطاع العام,خدمة إلكترونية,2026/06/15,"37,536,553"
الخدمات الرقمية,عام,القطاع العام,خدمة إلكترونية,2026/06/15,"37,540,542"
الخدمات الرقمية,عام,القطاع العام,خدمة إلكترونية,2026/06/15,"37,541,240"
الخدمات الرقمية,عام,القطاع العام,خدمة إلكترونية,2026/06/15,"37,529,708"
الخدمات الرقمية,عام,القطاع العام,خدمة إلكترونية,2026/06/15,"37,541,236"
الخدمات الرقمية,عام,القطاع العام,خدمة إلكترونية,2026/06/15,"37,541,798"
الخدمات الرقمية,عام,القطاع العام,خدمة إلكترونية,2026/06/15,"37,543,261"
الخدمات الرقمية,عام,القطاع العام,خدمة إلكترونية,2026/06/15,"37,529,590"
الخدمات الرقمية,عام,القطاع العام,خدمة إلكترونية,2026/06/15,"37,532,317"
الخدمات الرقمية,عام,القطاع العام,خدمة إلكترونية,2026/06/15,"37,528,167"
الخدمات الرقمية,عام,القطاع العام,خدمة إلكترونية,2026/06/15,"37,528,462"
الخدمات الرقمية,عام,القطاع العام,خدمة إلكترونية,2026/06/15,"37,524,771"
الخدمات الرقمية,عام,القطاع العام,خدمة إلكترونية,2026/06/15,"37,533,949"
الخدمات الرقمية,عام,القطاع العام,خدمة إلكترونية,2026/06/15,"37,541,310"
الخدمات الرقمية,عام,القطاع العام,خدمة إلكترونية,2026/06/15,"37,528,556"
الخدمات الرقمية,عام,القطاع العام,خدمة إلكترونية,2026/06/15,"37,540,469"
الخدمات الرقمية,عام,القطاع العام,خدمة إلكترونية,2026/06/15,"37,528,834"
الخدمات الرقمية,عام,القطاع العام,خدمة إلكترونية,2026/06/15,"37,530,539"
الخدمات الرقمية,عام,القطاع العام,خدمة إلكترونية,2026/06/15,"37,540,372"
الخدمات الرقمية,عام,القطاع العام,خدمة إلكترونية,2026/06/15,"37,541,319"
الخدمات الرقمية,عام,القطاع العام,خدمة إلكترونية,2026/06/15,"37,528,680"
الخدمات الرقمية,عام,القطاع العام,خدمة إلكترونية,2026/06/15,"37,541,040"
الخدمات الرقمية,عام,القطاع العام,خدمة إلكترونية,2026/06/15,"37,541,244"
الخدمات الرقمية,عام,القطاع العام,خدمة إلكترونية,2026/06/15,"37,541,316"
الخدمات الرقمية,عام,القطاع العام,خدمة إلكترونية,2026/06/15,"37,527,812"
الخدمات الرقمية,عام,القطاع العام,خدمة إلكترونية,2026/06/15,"37,534,310"
الخدمات الرقمية,عام,القطاع العام,خدمة إلكترونية,2026/06/15,"37,537,893"
الخدمات الرقمية,عام,القطاع العام,خدمة إلكترونية,2026/06/15,"37,540,648"
الخدمات الرقمية,عام,القطاع العام,خدمة إلكترونية,2026/06/15,"37,524,833"
الخدمات الرقمية,عام,القطاع العام,خدمة إلكترونية,2026/06/15,"37,540,872"
الخدمات الرقمية,عام,القطاع العام,خدمة إلكترونية,2026/06/15,"37,535,757"
الخدمات الرقمية,عام,القطاع العام,خدمة إلكترونية,2026/06/15,"37,531,167"
الخدمات الرقمية,عام,القطاع العام,خدمة إلكترونية,2026/06/15,"37,537,597"
الخدمات الرقمية,عام,القطاع العام,خدمة إلكترونية,2026/06/15,"37,540,866"
الخدمات الرقمية,عام,القطاع العام,خدمة إلكترونية,2026/06/16,"37,554,507"
الخدمات الرقمية,عام,القطاع العام,خدمة إلكترونية,2026/06/16,"37,562,090"
الخدمات الرقمية,عام,القطاع العام,خدمة إلكترونية,2026/06/16,"37,562,227"
الخدمات الرقمية,عام,القطاع العام,خدمة إلكترونية,2026/06/16,"37,562,495"
الخدمات الرقمية,عام,القطاع العام,خدمة إلكترونية,2026/06/16,"37,567,486"
الخدمات الرقمية,عام,القطاع العام,خدمة إلكترونية,2026/06/16,"37,566,087"
الخدمات الرقمية,عام,القطاع العام,خدمة إلكترونية,2026/06/16,"37,568,515"
الخدمات الرقمية,عام,القطاع العام,خدمة إلكترونية,2026/06/16,"37,564,905"
الخدمات الرقمية,عام,القطاع العام,خدمة إلكترونية,2026/06/16,"37,571,327"
الخدمات الرقمية,عام,القطاع العام,خدمة إلكترونية,2026/06/16,"37,573,040"
الخدمات الرقمية,عام,القطاع العام,خدمة إلكترونية,2026/06/16,"37,563,041"
الخدمات الرقمية,عام,القطاع العام,خدمة إلكترونية,2026/06/16,"37,568,468"
الخدمات الرقمية,عام,القطاع العام,خدمة إلكترونية,2026/06/16,"37,569,016"
الخدمات الرقمية,عام,القطاع العام,خدمة إلكترونية,2026/06/16,"37,564,624"
الخدمات الرقمية,عام,القطاع العام,خدمة إلكترونية,2026/06/16,"37,560,575"
الخدمات الرقمية,عام,القطاع العام,خدمة إلكترونية,2026/06/16,"37,571,706"
الخدمات الرقمية,عام,القطاع العام,خدمة إلكترونية,2026/06/16,"37,575,862"
الخدمات الرقمية,عام,القطاع العام,خدمة إلكترونية,2026/06/16,"37,577,165"
الخدمات الرقمية,عام,القطاع العام,خدمة إلكترونية,2026/06/16,"37,579,131"
الخدمات الرقمية,عام,القطاع العام,خدمة إلكترونية,2026/06/16,"37,561,865"
الخدمات الرقمية,عام,القطاع العام,خدمة إلكترونية,2026/06/16,"37,571,715"
الخدمات الرقمية,عام,القطاع العام,خدمة إلكترونية,2026/06/16,"37,575,423"
الخدمات الرقمية,عام,القطاع العام,خدمة إلكترونية,2026/06/16,"37,577,768"
الخدمات الرقمية,عام,القطاع العام,خدمة إلكترونية,2026/06/16,"37,569,170"
الخدمات الرقمية,عام,القطاع العام,خدمة إلكترونية,2026/06/16,"37,568,732"
الخدمات الرقمية,عام,القطاع العام,خدمة إلكترونية,2026/06/16,"37,568,976"
الخدمات الرقمية,عام,القطاع العام,خدمة إلكترونية,2026/06/16,"37,577,450"
الخدمات الرقمية,عام,القطاع العام,خدمة إلكترونية,2026/06/16,"37,580,566"
الخدمات الرقمية,عام,القطاع العام,خدمة إلكترونية,2026/06/16,"37,571,104"
الخدمات الرقمية,عام,القطاع العام,خدمة إلكترونية,2026/06/16,"37,571,324"
الخدمات الرقمية,عام,القطاع العام,خدمة إلكترونية,2026/06/16,"37,571,960"
الخدمات الرقمية,عام,القطاع العام,خدمة إلكترونية,2026/06/16,"37,572,281"
الخدمات الرقمية,عام,القطاع العام,خدمة إلكترونية,2026/06/16,"37,563,129"
الخدمات الرقمية,عام,القطاع العام,خدمة إلكترونية,2026/06/16,"37,565,510"
الخدمات الرقمية,عام,القطاع العام,خدمة إلكترونية,2026/06/16,"37,574,943"
الخدمات الرقمية,عام,القطاع العام,خدمة إلكترونية,2026/06/17,"37,584,966"
الخدمات الرقمية,عام,القطاع العام,خدمة إلكترونية,2026/06/17,"37,583,650"
الخدمات الرقمية,عام,القطاع العام,خدمة إلكترونية,2026/06/17,"37,584,631"
الخدمات الرقمية,عام,القطاع العام,خدمة إلكترونية,2026/06/17,"37,583,937"
الخدمات الرقمية,عام,القطاع العام,خدمة إلكترونية,2026/06/17,"37,583,805"
الخدمات الرقمية,عام,القطاع العام,خدمة إلكترونية,2026/06/17,"37,584,143"
الخدمات الرقمية,عام,القطاع العام,خدمة إلكترونية,2026/06/17,"37,581,679"
الخدمات الرقمية,عام,القطاع العام,خدمة إلكترونية,2026/06/17,"37,583,662"
الخدمات الرقمية,عام,القطاع العام,خدمة إلكترونية,2026/06/17,"37,601,732"
الخدمات الرقمية,عام,القطاع العام,خدمة إلكترونية,2026/06/17,"37,603,478"
الخدمات الرقمية,عام,القطاع العام,خدمة إلكترونية,2026/06/17,"37,604,953"
الخدمات الرقمية,عام,القطاع العام,خدمة إلكترونية,2026/06/17,"37,601,898"
الخدمات الرقمية,عام,القطاع العام,خدمة إلكترونية,2026/06/17,"37,590,705"
الخدمات الرقمية,عام,القطاع العام,خدمة إلكترونية,2026/06/17,"37,592,412"
الخدمات الرقمية,عام,القطاع العام,خدمة إلكترونية,2026/06/17,"37,594,599"
الخدمات الرقمية,عام,القطاع العام,خدمة إلكترونية,2026/06/17,"37,601,694"
الخدمات الرقمية,عام,القطاع العام,خدمة إلكترونية,2026/06/17,"37,589,902"
الخدمات الرقمية,عام,القطاع العام,خدمة إلكترونية,2026/06/17,"37,594,591"
الخدمات الرقمية,عام,القطاع العام,خدمة إلكترونية,2026/06/17,"37,596,068"
الخدمات الرقمية,عام,القطاع العام,خدمة إلكترونية,2026/06/17,"37,601,478"
الخدمات الرقمية,عام,القطاع العام,خدمة إلكترونية,2026/06/17,"37,592,262"
الخدمات الرقمية,عام,القطاع العام,خدمة إلكترونية,2026/06/17,"37,591,063"
الخدمات الرقمية,عام,القطاع العام,خدمة إلكترونية,2026/06/17,"37,600,836"
الخدمات الرقمية,عام,القطاع العام,خدمة إلكترونية,2026/06/17,"37,595,257"
الخدمات الرقمية,عام,القطاع العام,خدمة إلكترونية,2026/06/17,"37,596,256"
الخدمات الرقمية,عام,القطاع العام,خدمة إلكترونية,2026/06/17,"37,598,978"
الخدمات الرقمية,عام,القطاع العام,خدمة إلكترونية,2026/06/17,"37,602,246"
الخدمات الرقمية,عام,القطاع العام,خدمة إلكترونية,2026/06/17,"37,607,222"
الخدمات الرقمية,عام,القطاع العام,خدمة إلكترونية,2026/06/17,"37,608,103"
الخدمات الرقمية,عام,القطاع العام,خدمة إلكترونية,2026/06/17,"37,587,947"
الخدمات الرقمية,عام,القطاع العام,خدمة إلكترونية,2026/06/17,"37,594,624"
الخدمات الرقمية,عام,القطاع العام,خدمة إلكترونية,2026/06/17,"37,601,571"
الخدمات الرقمية,عام,القطاع العام,خدمة إلكترونية,2026/06/17,"37,590,722"
الخدمات الرقمية,عام,القطاع العام,خدمة إلكترونية,2026/06/17,"37,592,220"
الخدمات الرقمية,عام,القطاع العام,خدمة إلكترونية,2026/06/17,"37,603,095"
الخدمات الرقمية,عام,القطاع العام,خدمة إلكترونية,2026/06/17,"37,605,735"
الخدمات الرقمية,عام,القطاع العام,خدمة إلكترونية,2026/06/17,"37,595,887"
الخدمات الرقمية,عام,القطاع العام,خدمة إلكترونية,2026/06/17,"37,599,418"
الخدمات الرقمية,عام,القطاع العام,خدمة إلكترونية,2026/06/17,"37,601,778"
الخدمات الرقمية,عام,القطاع العام,خدمة إلكترونية,2026/06/17,"37,588,569"
الخدمات الرقمية,عام,القطاع العام,خدمة إلكترونية,2026/06/17,"37,603,124"
الخدمات الرقمية,عام,القطاع العام,خدمة إلكترونية,2026/06/17,"37,607,997"
الخدمات الرقمية,عام,القطاع العام,خدمة إلكترونية,2026/06/17,"37,592,448"
الخدمات الرقمية,عام,القطاع العام,خدمة إلكترونية,2026/06/17,"37,602,566"
الخدمات الرقمية,عام,القطاع العام,خدمة إلكترونية,2026/06/17,"37,603,201"
الخدمات الرقمية,عام,القطاع العام,خدمة إلكترونية,2026/06/17,"37,608,065"
الخدمات الرقمية,عام,القطاع العام,خدمة إلكترونية,2026/06/17,"37,608,263"
الخدمات الرقمية,عام,القطاع العام,خدمة إلكترونية,2026/06/17,"37,602,030"
الخدمات الرقمية,عام,القطاع العام,خدمة إلكترونية,2026/06/17,"37,590,139"
الخدمات الرقمية,عام,القطاع العام,خدمة إلكترونية,2026/06/17,"37,595,411"
الخدمات الرقمية,عام,القطاع العام,خدمة إلكترونية,2026/06/17,"37,599,336"
الخدمات الرقمية,عام,القطاع العام,خدمة إلكترونية,2026/06/17,"37,603,683"
الخدمات الرقمية,عام,القطاع العام,خدمة إلكترونية,2026/06/17,"37,608,279"
الخدمات الرقمية,عام,القطاع العام,خدمة إلكترونية,2026/06/17,"37,590,021"
الخدمات الرقمية,عام,القطاع العام,خدمة إلكترونية,2026/06/17,"37,602,527"
الخدمات الرقمية,عام,القطاع العام,خدمة إلكترونية,2026/06/17,"37,596,394"
الخدمات الرقمية,عام,القطاع العام,خدمة إلكترونية,2026/06/17,"37,599,030"
الخدمات الرقمية,عام,القطاع العام,خدمة إلكترونية,2026/06/18,"37,631,241"
الخدمات الرقمية,عام,القطاع العام,خدمة إلكترونية,2026/06/18,"37,633,150"
الخدمات الرقمية,عام,القطاع العام,خدمة إلكترونية,2026/06/18,"37,630,336"
الخدمات الرقمية,عام,القطاع العام,خدمة إلكترونية,2026/06/18,"37,631,625"
الخدمات الرقمية,عام,القطاع العام,خدمة إلكترونية,2026/06/18,"37,633,169"
الخدمات الرقمية,عام,القطاع العام,خدمة إلكترونية,2026/06/18,"37,631,101"
الخدمات الرقمية,عام,القطاع العام,خدمة إلكترونية,2026/06/18,"37,629,985"
الخدمات الرقمية,عام,القطاع العام,خدمة إلكترونية,2026/06/18,"37,630,362"
الخدمات الرقمية,عام,القطاع العام,خدمة إلكترونية,2026/06/18,"37,630,071"
الخدمات الرقمية,عام,القطاع العام,خدمة إلكترونية,2026/06/18,"37,635,400"
الخدمات الرقمية,عام,القطاع العام,خدمة إلكترونية,2026/06/18,"37,632,536"
الخدمات الرقمية,عام,القطاع العام,خدمة إلكترونية,2026/06/18,"37,633,151"
الخدمات الرقمية,عام,القطاع العام,خدمة إلكترونية,2026/06/18,"37,637,039"
الخدمات الرقمية,عام,القطاع العام,خدمة إلكترونية,2026/06/18,"37,623,357"
الخدمات الرقمية,عام,القطاع العام,خدمة إلكترونية,2026/06/18,"37,636,489"
الخدمات الرقمية,عام,القطاع العام,خدمة إلكترونية,2026/06/18,"37,633,537"
الخدمات الرقمية,عام,القطاع العام,خدمة إلكترونية,2026/06/18,"37,614,046"
الخدمات الرقمية,عام,القطاع العام,خدمة إلكترونية,2026/06/18,"37,628,149"
الخدمات الرقمية,عام,القطاع العام,خدمة إلكترونية,2026/06/18,"37,618,705"
الخدمات الرقمية,عام,القطاع العام,خدمة إلكترونية,2026/06/18,"37,620,668"
الخدمات الرقمية,عام,القطاع العام,خدمة إلكترونية,2026/06/18,"37,621,973"
الخدمات الرقمية,عام,القطاع العام,خدمة إلكترونية,2026/06/18,"37,622,270"
الخدمات الرقمية,عام,القطاع العام,خدمة إلكترونية,2026/06/18,"37,625,531"
الخدمات الرقمية,عام,القطاع العام,خدمة إلكترونية,2026/06/18,"37,626,275"
الخدمات الرقمية,عام,القطاع العام,خدمة إلكترونية,2026/06/18,"37,620,939"
الخدمات الرقمية,عام,القطاع العام,خدمة إلكترونية,2026/06/18,"37,628,444"
الخدمات الرقمية,عام,القطاع العام,خدمة إلكترونية,2026/06/18,"37,619,523"
الخدمات الرقمية,عام,القطاع العام,خدمة إلكترونية,2026/06/18,"37,625,656"
الخدمات الرقمية,عام,القطاع العام,خدمة إلكترونية,2026/06/18,"37,614,145"
الخدمات الرقمية,عام,القطاع العام,خدمة إلكترونية,2026/06/18,"37,633,763"
الخدمات الرقمية,عام,القطاع العام,خدمة إلكترونية,2026/06/18,"37,621,397"
الخدمات الرقمية,عام,القطاع العام,خدمة إلكترونية,2026/06/18,"37,619,466"
الخدمات الرقمية,عام,القطاع العام,خدمة إلكترونية,2026/06/18,"37,636,814"
الخدمات الرقمية,عام,القطاع العام,خدمة إلكترونية,2026/06/18,"37,620,306"
الخدمات الرقمية,عام,القطاع العام,خدمة إلكترونية,2026/06/19,"37,650,162"
الخدمات الرقمية,عام,القطاع العام,خدمة إلكترونية,2026/06/19,"37,652,369"
الخدمات الرقمية,عام,القطاع العام,خدمة إلكترونية,2026/06/19,"37,652,366"
الخدمات الرقمية,عام,القطاع العام,خدمة إلكترونية,2026/06/19,"37,641,327"
الخدمات الرقمية,عام,القطاع العام,خدمة إلكترونية,2026/06/19,"37,643,363"
الخدمات الرقمية,عام,القطاع العام,خدمة إلكترونية,2026/06/19,"37,652,492"
الخدمات الرقمية,عام,القطاع العام,خدمة إلكترونية,2026/06/19,"37,650,459"
الخدمات الرقمية,عام,القطاع العام,خدمة إلكترونية,2026/06/19,"37,652,260"
الخدمات الرقمية,عام,القطاع العام,خدمة إلكترونية,2026/06/19,"37,649,151"
الخدمات الرقمية,عام,القطاع العام,خدمة إلكترونية,2026/06/19,"37,648,625"
الخدمات الرقمية,عام,القطاع العام,خدمة إلكترونية,2026/06/19,"37,650,366"
الخدمات الرقمية,عام,القطاع العام,خدمة إلكترونية,2026/06/19,"37,651,688"
الخدمات الرقمية,عام,القطاع العام,خدمة إلكترونية,2026/06/19,"37,648,993"
الخدمات الرقمية,عام,القطاع العام,خدمة إلكترونية,2026/06/20,"37,661,866"
الخدمات الرقمية,عام,القطاع العام,خدمة إلكترونية,2026/06/20,"37,663,089"
الخدمات الرقمية,عام,القطاع العام,خدمة إلكترونية,2026/06/20,"37,659,412"
الخدمات الرقمية,عام,القطاع العام,خدمة إلكترونية,2026/06/20,"37,659,658"
الخدمات الرقمية,عام,القطاع العام,خدمة إلكترونية,2026/06/20,"37,660,239"
الخدمات الرقمية,عام,القطاع العام,خدمة إلكترونية,2026/06/20,"37,661,507"
الخدمات الرقمية,عام,القطاع العام,خدمة إلكترونية,2026/06/20,"37,661,993"
الخدمات الرقمية,عام,القطاع العام,خدمة إلكترونية,2026/06/20,"37,659,488"
الخدمات الرقمية,عام,القطاع العام,خدمة إلكترونية,2026/06/20,"37,659,790"
الخدمات الرقمية,عام,القطاع العام,خدمة إلكترونية,2026/06/20,"37,657,032"
الخدمات الرقمية,عام,القطاع العام,خدمة إلكترونية,2026/06/20,"37,659,846"
الخدمات الرقمية,عام,القطاع العام,خدمة إلكترونية,2026/06/20,"37,660,963"
الخدمات الرقمية,عام,القطاع العام,خدمة إلكترونية,2026/06/20,"37,661,901"
الخدمات الرقمية,عام,القطاع العام,خدمة إلكترونية,2026/06/20,"37,660,730"
الخدمات الرقمية,عام,القطاع العام,خدمة إلكترونية,2026/06/20,"37,660,619"
الخدمات الرقمية,عام,القطاع العام,خدمة إلكترونية,2026/06/20,"37,661,988"
الخدمات الرقمية,عام,القطاع العام,خدمة إلكترونية,2026/06/20,"37,659,581"
الخدمات الرقمية,عام,القطاع العام,خدمة إلكترونية,2026/06/20,"37,661,604"
الخدمات الرقمية,عام,القطاع العام,خدمة إلكترونية,2026/06/20,"37,658,540"
الخدمات الرقمية,عام,القطاع العام,خدمة إلكترونية,2026/06/20,"37,663,728"
الخدمات الرقمية,عام,القطاع العام,خدمة إلكترونية,2026/06/21,"37,673,316"
الخدمات الرقمية,عام,القطاع العام,خدمة إلكترونية,2026/06/21,"37,679,059"
الخدمات الرقمية,عام,القطاع العام,خدمة إلكترونية,2026/06/21,"37,682,968"
الخدمات الرقمية,عام,القطاع العام,خدمة إلكترونية,2026/06/21,"37,684,053"
الخدمات الرقمية,عام,القطاع العام,خدمة إلكترونية,2026/06/21,"37,684,214"
الخدمات الرقمية,عام,القطاع العام,خدمة إلكترونية,2026/06/21,"37,684,240"
الخدمات الرقمية,عام,القطاع العام,خدمة إلكترونية,2026/06/21,"37,684,289"
الخدمات الرقمية,عام,القطاع العام,خدمة إلكترونية,2026/06/21,"37,684,539"
الخدمات الرقمية,عام,القطاع العام,خدمة إلكترونية,2026/06/21,"37,678,604"
الخدمات الرقمية,عام,القطاع العام,خدمة إلكترونية,2026/06/21,"37,681,983"
الخدمات الرقمية,عام,القطاع العام,خدمة إلكترونية,2026/06/21,"37,684,258"
الخدمات الرقمية,عام,القطاع العام,خدمة إلكترونية,2026/06/21,"37,684,447"
الخدمات الرقمية,عام,القطاع العام,خدمة إلكترونية,2026/06/21,"37,664,382"
الخدمات الرقمية,عام,القطاع العام,خدمة إلكترونية,2026/06/21,"37,664,678"
الخدمات الرقمية,عام,القطاع العام,خدمة إلكترونية,2026/06/21,"37,678,272"
الخدمات الرقمية,عام,القطاع العام,خدمة إلكترونية,2026/06/21,"37,681,559"
الخدمات الرقمية,عام,القطاع العام,خدمة إلكترونية,2026/06/21,"37,684,046"
الخدمات الرقمية,عام,القطاع العام,خدمة إلكترونية,2026/06/21,"37,684,210"
الخدمات الرقمية,عام,القطاع العام,خدمة إلكترونية,2026/06/21,"37,684,248"
الخدمات الرقمية,عام,القطاع العام,خدمة إلكترونية,2026/06/21,"37,684,285"
الخدمات الرقمية,عام,القطاع العام,خدمة إلكترونية,2026/06/21,"37,672,231"
الخدمات الرقمية,عام,القطاع العام,خدمة إلكترونية,2026/06/21,"37,674,502"
الخدمات الرقمية,عام,القطاع العام,خدمة إلكترونية,2026/06/21,"37,675,934"
الخدمات الرقمية,عام,القطاع العام,خدمة إلكترونية,2026/06/21,"37,678,714"
الخدمات الرقمية,عام,القطاع العام,خدمة إلكترونية,2026/06/21,"37,679,234"
الخدمات الرقمية,عام,القطاع العام,خدمة إلكترونية,2026/06/21,"37,684,203"
الخدمات الرقمية,عام,القطاع العام,خدمة إلكترونية,2026/06/21,"37,684,208"
الخدمات الرقمية,عام,القطاع العام,خدمة إلكترونية,2026/06/21,"37,684,212"
الخدمات الرقمية,عام,القطاع العام,خدمة إلكترونية,2026/06/21,"37,684,254"
الخدمات الرقمية,عام,القطاع العام,خدمة إلكترونية,2026/06/21,"37,684,284"
الخدمات الرقمية,عام,القطاع العام,خدمة إلكترونية,2026/06/21,"37,684,288"
الخدمات الرقمية,عام,القطاع العام,خدمة إلكترونية,2026/06/21,"37,671,633"
الخدمات الرقمية,عام,القطاع العام,خدمة إلكترونية,2026/06/21,"37,675,279"
الخدمات الرقمية,عام,القطاع العام,خدمة إلكترونية,2026/06/21,"37,678,079"
الخدمات الرقمية,عام,القطاع العام,خدمة إلكترونية,2026/06/21,"37,680,815"
الخدمات الرقمية,عام,القطاع العام,خدمة إلكترونية,2026/06/21,"37,684,283"
الخدمات الرقمية,عام,القطاع العام,خدمة إلكترونية,2026/06/21,"37,676,433"
الخدمات الرقمية,عام,القطاع العام,خدمة إلكترونية,2026/06/21,"37,680,190"
الخدمات الرقمية,عام,القطاع العام,خدمة إلكترونية,2026/06/21,"37,682,194"
الخدمات الرقمية,عام,القطاع العام,خدمة إلكترونية,2026/06/21,"37,684,171"
الخدمات الرقمية,عام,القطاع العام,خدمة إلكترونية,2026/06/21,"37,684,213"
الخدمات الرقمية,عام,القطاع العام,خدمة إلكترونية,2026/06/21,"37,684,215"
الخدمات الرقمية,عام,القطاع العام,خدمة إلكترونية,2026/06/21,"37,684,251"
الخدمات الرقمية,عام,القطاع العام,خدمة إلكترونية,2026/06/21,"37,684,287"
الخدمات الرقمية,عام,القطاع العام,خدمة إلكترونية,2026/06/21,"37,664,390"
الخدمات الرقمية,عام,القطاع العام,خدمة إلكترونية,2026/06/21,"37,677,129"
الخدمات الرقمية,عام,القطاع العام,خدمة إلكترونية,2026/06/21,"37,678,707"
الخدمات الرقمية,عام,القطاع العام,خدمة إلكترونية,2026/06/21,"37,684,177"
الخدمات الرقمية,عام,القطاع العام,خدمة إلكترونية,2026/06/21,"37,684,201"
الخدمات الرقمية,عام,القطاع العام,خدمة إلكترونية,2026/06/21,"37,684,211"
الخدمات الرقمية,عام,القطاع العام,خدمة إلكترونية,2026/06/21,"37,684,259"
الخدمات الرقمية,عام,القطاع العام,خدمة إلكترونية,2026/06/21,"37,684,204"
الخدمات الرقمية,عام,القطاع العام,خدمة إلكترونية,2026/06/21,"37,684,207"
الخدمات الرقمية,عام,القطاع العام,خدمة إلكترونية,2026/06/22,"37,708,624"
الخدمات الرقمية,عام,القطاع العام,خدمة إلكترونية,2026/06/22,"37,710,990"
الخدمات الرقمية,عام,القطاع العام,خدمة إلكترونية,2026/06/22,"37,708,664"
الخدمات الرقمية,عام,القطاع العام,خدمة إلكترونية,2026/06/22,"37,707,743"
الخدمات الرقمية,عام,القطاع العام,خدمة إلكترونية,2026/06/22,"37,713,445"
الخدمات الرقمية,عام,القطاع العام,خدمة إلكترونية,2026/06/22,"37,717,702"
الخدمات الرقمية,عام,القطاع العام,خدمة إلكترونية,2026/06/22,"37,707,786"
الخدمات الرقمية,عام,القطاع العام,خدمة إلكترونية,2026/06/22,"37,711,280"
الخدمات الرقمية,عام,القطاع العام,خدمة إلكترونية,2026/06/22,"37,716,041"
الخدمات الرقمية,عام,القطاع العام,خدمة إلكترونية,2026/06/22,"37,711,868"
الخدمات الرقمية,عام,القطاع العام,خدمة إلكترونية,2026/06/22,"37,690,968"
الخدمات الرقمية,عام,القطاع العام,خدمة إلكترونية,2026/06/22,"37,704,233"
الخدمات الرقمية,عام,القطاع العام,خدمة إلكترونية,2026/06/22,"37,706,944"
الخدمات الرقمية,عام,القطاع العام,خدمة إلكترونية,2026/06/22,"37,699,623"
الخدمات الرقمية,عام,القطاع العام,خدمة إلكترونية,2026/06/22,"37,706,006"
الخدمات الرقمية,عام,القطاع العام,خدمة إلكترونية,2026/06/22,"37,696,083"
الخدمات الرقمية,عام,القطاع العام,خدمة إلكترونية,2026/06/22,"37,702,022"
الخدمات الرقمية,عام,القطاع العام,خدمة إلكترونية,2026/06/22,"37,704,368"
الخدمات الرقمية,عام,القطاع العام,خدمة إلكترونية,2026/06/22,"37,690,809"
الخدمات الرقمية,عام,القطاع العام,خدمة إلكترونية,2026/06/22,"37,705,272"
الخدمات الرقمية,عام,القطاع العام,خدمة إلكترونية,2026/06/22,"37,691,457"
الخدمات الرقمية,عام,القطاع العام,خدمة إلكترونية,2026/06/22,"37,711,394"
الخدمات الرقمية,عام,القطاع العام,خدمة إلكترونية,2026/06/22,"37,717,594"
الخدمات الرقمية,عام,القطاع العام,خدمة إلكترونية,2026/06/22,"37,700,421"
الخدمات الرقمية,عام,القطاع العام,خدمة إلكترونية,2026/06/22,"37,698,258"
الخدمات الرقمية,عام,القطاع العام,خدمة إلكترونية,2026/06/22,"37,702,270"
الخدمات الرقمية,عام,القطاع العام,خدمة إلكترونية,2026/06/22,"37,687,733"
الخدمات الرقمية,عام,القطاع العام,خدمة إلكترونية,2026/06/22,"37,688,715"
الخدمات الرقمية,عام,القطاع العام,خدمة إلكترونية,2026/06/22,"37,696,326"
الخدمات الرقمية,عام,القطاع العام,خدمة إلكترونية,2026/06/22,"37,699,857"
الخدمات الرقمية,عام,القطاع العام,خدمة إلكترونية,2026/06/22,"37,690,692"
الخدمات الرقمية,عام,القطاع العام,خدمة إلكترونية,2026/06/22,"37,697,442"
الخدمات الرقمية,عام,القطاع العام,خدمة إلكترونية,2026/06/22,"37,701,722"
الخدمات الرقمية,عام,القطاع العام,خدمة إلكترونية,2026/06/22,"37,688,613"
الخدمات الرقمية,عام,القطاع العام,خدمة إلكترونية,2026/06/23,"37,718,527"
الخدمات الرقمية,عام,القطاع العام,خدمة إلكترونية,2026/06/23,"37,726,521"
الخدمات الرقمية,عام,القطاع العام,خدمة إلكترونية,2026/06/23,"37,719,451"
الخدمات الرقمية,عام,القطاع العام,خدمة إلكترونية,2026/06/23,"37,721,466"
الخدمات الرقمية,عام,القطاع العام,خدمة إلكترونية,2026/06/23,"37,732,868"
الخدمات الرقمية,عام,القطاع العام,خدمة إلكترونية,2026/06/23,"37,741,578"
الخدمات الرقمية,عام,القطاع العام,خدمة إلكترونية,2026/06/23,"37,727,596"
الخدمات الرقمية,عام,القطاع العام,خدمة إلكترونية,2026/06/23,"37,742,126"
الخدمات الرقمية,عام,القطاع العام,خدمة إلكترونية,2026/06/23,"37,718,278"
الخدمات الرقمية,عام,القطاع العام,خدمة إلكترونية,2026/06/23,"37,737,709"
الخدمات الرقمية,عام,القطاع العام,خدمة إلكترونية,2026/06/23,"37,719,791"
الخدمات الرقمية,عام,القطاع العام,خدمة إلكترونية,2026/06/23,"37,734,398"
الخدمات الرقمية,عام,القطاع العام,خدمة إلكترونية,2026/06/23,"37,718,023"
الخدمات الرقمية,عام,القطاع العام,خدمة إلكترونية,2026/06/23,"37,729,430"
الخدمات الرقمية,عام,القطاع العام,خدمة إلكترونية,2026/06/23,"37,733,959"
الخدمات الرقمية,عام,القطاع العام,خدمة إلكترونية,2026/06/23,"37,743,900"
الخدمات الرقمية,عام,القطاع العام,خدمة إلكترونية,2026/06/23,"37,742,204"
الخدمات الرقمية,عام,القطاع العام,خدمة إلكترونية,2026/06/23,"37,727,152"
الخدمات الرقمية,عام,القطاع العام,خدمة إلكترونية,2026/06/23,"37,725,001"
الخدمات الرقمية,عام,القطاع العام,خدمة إلكترونية,2026/06/23,"37,733,590"
الخدمات الرقمية,عام,القطاع العام,خدمة إلكترونية,2026/06/23,"37,743,009"
الخدمات الرقمية,عام,القطاع العام,خدمة إلكترونية,2026/06/23,"37,745,331"
الخدمات الرقمية,عام,القطاع العام,خدمة إلكترونية,2026/06/23,"37,745,060"
الخدمات الرقمية,عام,القطاع العام,خدمة إلكترونية,2026/06/23,"37,744,782"
الخدمات الرقمية,عام,القطاع العام,خدمة إلكترونية,2026/06/23,"37,744,740"
الخدمات الرقمية,عام,القطاع العام,خدمة إلكترونية,2026/06/23,"37,745,219"
الخدمات الرقمية,عام,القطاع العام,خدمة إلكترونية,2026/06/23,"37,747,855"
الخدمات الرقمية,عام,القطاع العام,خدمة إلكترونية,2026/06/24,"37,757,476"
الخدمات الرقمية,عام,القطاع العام,خدمة إلكترونية,2026/06/24,"37,763,031"
الخدمات الرقمية,عام,القطاع العام,خدمة إلكترونية,2026/06/24,"37,767,922"
الخدمات الرقمية,عام,القطاع العام,خدمة إلكترونية,2026/06/24,"37,772,632"
الخدمات الرقمية,عام,القطاع العام,خدمة إلكترونية,2026/06/24,"37,748,128"
الخدمات الرقمية,عام,القطاع العام,خدمة إلكترونية,2026/06/24,"37,769,380"
الخدمات الرقمية,عام,القطاع العام,خدمة إلكترونية,2026/06/24,"37,760,891"
الخدمات الرقمية,عام,القطاع العام,خدمة إلكترونية,2026/06/24,"37,771,840"
الخدمات الرقمية,عام,القطاع العام,خدمة إلكترونية,2026/06/24,"37,767,842"
الخدمات الرقمية,عام,القطاع العام,خدمة إلكترونية,2026/06/24,"37,770,283"
الخدمات الرقمية,عام,القطاع العام,خدمة إلكترونية,2026/06/24,"37,760,080"
الخدمات الرقمية,عام,القطاع العام,خدمة إلكترونية,2026/06/24,"37,769,524"
الخدمات الرقمية,عام,القطاع العام,خدمة إلكترونية,2026/06/24,"37,748,956"
الخدمات الرقمية,عام,القطاع العام,خدمة إلكترونية,2026/06/24,"37,754,477"
الخدمات الرقمية,عام,القطاع العام,خدمة إلكترونية,2026/06/24,"37,760,314"
الخدمات الرقمية,عام,القطاع العام,خدمة إلكترونية,2026/06/24,"37,754,421"
الخدمات الرقمية,عام,القطاع العام,خدمة إلكترونية,2026/06/24,"37,754,424"
الخدمات الرقمية,عام,القطاع العام,خدمة إلكترونية,2026/06/24,"37,766,995"
الخدمات الرقمية,عام,القطاع العام,خدمة إلكترونية,2026/06/24,"37,758,149"
الخدمات الرقمية,عام,القطاع العام,خدمة إلكترونية,2026/06/24,"37,762,484"
الخدمات الرقمية,عام,القطاع العام,خدمة إلكترونية,2026/06/24,"37,756,269"
الخدمات الرقمية,عام,القطاع العام,خدمة إلكترونية,2026/06/24,"37,756,905"
الخدمات الرقمية,عام,القطاع العام,خدمة إلكترونية,2026/06/24,"37,749,006"
الخدمات الرقمية,عام,القطاع العام,خدمة إلكترونية,2026/06/24,"37,773,506"
الخدمات الرقمية,عام,القطاع العام,خدمة إلكترونية,2026/06/24,"37,751,193"
الخدمات الرقمية,عام,القطاع العام,خدمة إلكترونية,2026/06/25,"37,790,368"
الخدمات الرقمية,عام,القطاع العام,خدمة إلكترونية,2026/06/25,"37,791,315"
الخدمات الرقمية,عام,القطاع العام,خدمة إلكترونية,2026/06/25,"37,795,806"
الخدمات الرقمية,عام,القطاع العام,خدمة إلكترونية,2026/06/25,"37,795,856"
الخدمات الرقمية,عام,القطاع العام,خدمة إلكترونية,2026/06/25,"37,801,747"
الخدمات الرقمية,عام,القطاع العام,خدمة إلكترونية,2026/06/25,"37,795,597"
الخدمات الرقمية,عام,القطاع العام,خدمة إلكترونية,2026/06/25,"37,795,848"
الخدمات الرقمية,عام,القطاع العام,خدمة إلكترونية,2026/06/25,"37,795,763"
الخدمات الرقمية,عام,القطاع العام,خدمة إلكترونية,2026/06/25,"37,791,131"
الخدمات الرقمية,عام,القطاع العام,خدمة إلكترونية,2026/06/25,"37,794,621"
الخدمات الرقمية,عام,القطاع العام,خدمة إلكترونية,2026/06/25,"37,798,902"
الخدمات الرقمية,عام,القطاع العام,خدمة إلكترونية,2026/06/25,"37,801,063"
الخدمات الرقمية,عام,القطاع العام,خدمة إلكترونية,2026/06/25,"37,799,273"
الخدمات الرقمية,عام,القطاع العام,خدمة إلكترونية,2026/06/25,"37,789,360"
الخدمات الرقمية,عام,القطاع العام,خدمة إلكترونية,2026/06/25,"37,795,850"
الخدمات الرقمية,عام,القطاع العام,خدمة إلكترونية,2026/06/25,"37,795,854"
الخدمات الرقمية,عام,القطاع العام,خدمة إلكترونية,2026/06/25,"37,795,862"
الخدمات الرقمية,عام,القطاع العام,خدمة إلكترونية,2026/06/25,"37,785,907"
الخدمات الرقمية,عام,القطاع العام,خدمة إلكترونية,2026/06/25,"37,791,120"
الخدمات الرقمية,عام,القطاع العام,خدمة إلكترونية,2026/06/25,"37,796,314"
الخدمات الرقمية,عام,القطاع العام,خدمة إلكترونية,2026/06/25,"37,781,200"
الخدمات الرقمية,عام,القطاع العام,خدمة إلكترونية,2026/06/25,"37,782,151"
الخدمات الرقمية,عام,القطاع العام,خدمة إلكترونية,2026/06/25,"37,795,808"
الخدمات الرقمية,عام,القطاع العام,خدمة إلكترونية,2026/06/25,"37,794,542"
الخدمات الرقمية,عام,القطاع العام,خدمة إلكترونية,2026/06/26,"37,809,708"
الخدمات الرقمية,عام,القطاع العام,خدمة إلكترونية,2026/06/26,"37,805,025"
الخدمات الرقمية,عام,القطاع العام,خدمة إلكترونية,2026/06/26,"37,806,819"
الخدمات الرقمية,عام,القطاع العام,خدمة إلكترونية,2026/06/26,"37,809,523"
الخدمات الرقمية,عام,القطاع العام,خدمة إلكترونية,2026/06/26,"37,803,421"
الخدمات الرقمية,عام,القطاع العام,خدمة إلكترونية,2026/06/26,"37,803,404"
الخدمات الرقمية,عام,القطاع العام,خدمة إلكترونية,2026/06/26,"37,812,452"
الخدمات الرقمية,عام,القطاع العام,خدمة إلكترونية,2026/06/26,"37,806,525"
الخدمات الرقمية,عام,القطاع العام,خدمة إلكترونية,2026/06/26,"37,810,423"
الخدمات الرقمية,عام,القطاع العام,خدمة إلكترونية,2026/06/27,"37,820,140"
الخدمات الرقمية,عام,القطاع العام,خدمة إلكترونية,2026/06/27,"37,818,510"
الخدمات الرقمية,عام,القطاع العام,خدمة إلكترونية,2026/06/27,"37,817,276"
الخدمات الرقمية,عام,القطاع العام,خدمة إلكترونية,2026/06/27,"37,819,223"
الخدمات الرقمية,عام,القطاع العام,خدمة إلكترونية,2026/06/27,"37,819,646"
الخدمات الرقمية,عام,القطاع العام,خدمة إلكترونية,2026/06/27,"37,822,080"
الخدمات الرقمية,عام,القطاع العام,خدمة إلكترونية,2026/06/27,"37,820,765"
الخدمات الرقمية,عام,القطاع العام,خدمة إلكترونية,2026/06/27,"37,821,777"
الخدمات الرقمية,عام,القطاع العام,خدمة إلكترونية,2026/06/27,"37,820,406"
الخدمات الرقمية,عام,القطاع العام,خدمة إلكترونية,2026/06/27,"37,821,254"
الخدمات الرقمية,عام,القطاع العام,خدمة إلكترونية,2026/06/27,"37,817,270"
الخدمات الرقمية,عام,القطاع العام,خدمة إلكترونية,2026/06/27,"37,821,285"
الخدمات الرقمية,عام,القطاع العام,خدمة إلكترونية,2026/06/27,"37,820,766"
الخدمات الرقمية,عام,القطاع العام,خدمة إلكترونية,2026/06/27,"37,823,499"
الخدمات الرقمية,عام,القطاع العام,خدمة إلكترونية,2026/06/27,"37,818,511"
الخدمات الرقمية,عام,القطاع العام,خدمة إلكترونية,2026/06/27,"37,820,818"
الخدمات الرقمية,عام,القطاع العام,خدمة إلكترونية,2026/06/27,"37,819,642"
الخدمات الرقمية,عام,القطاع العام,خدمة إلكترونية,2026/06/28,"37,824,806"
الخدمات الرقمية,عام,القطاع العام,خدمة إلكترونية,2026/06/28,"37,840,073"
الخدمات الرقمية,عام,القطاع العام,خدمة إلكترونية,2026/06/28,"37,824,807"
الخدمات الرقمية,عام,القطاع العام,خدمة إلكترونية,2026/06/28,"37,829,790"
الخدمات الرقمية,عام,القطاع العام,خدمة إلكترونية,2026/06/28,"37,840,516"
الخدمات الرقمية,عام,القطاع العام,خدمة إلكترونية,2026/06/28,"37,837,561"
الخدمات الرقمية,عام,القطاع العام,خدمة إلكترونية,2026/06/28,"37,839,539"
الخدمات الرقمية,عام,القطاع العام,خدمة إلكترونية,2026/06/28,"37,841,693"
الخدمات الرقمية,عام,القطاع العام,خدمة إلكترونية,2026/06/28,"37,833,547"
الخدمات الرقمية,عام,القطاع العام,خدمة إلكترونية,2026/06/28,"37,834,370"
الخدمات الرقمية,عام,القطاع العام,خدمة إلكترونية,2026/06/28,"37,838,320"
الخدمات الرقمية,عام,القطاع العام,خدمة إلكترونية,2026/06/28,"37,828,406"
الخدمات الرقمية,عام,القطاع العام,خدمة إلكترونية,2026/06/28,"37,830,770"
الخدمات الرقمية,عام,القطاع العام,خدمة إلكترونية,2026/06/28,"37,827,493"
الخدمات الرقمية,عام,القطاع العام,خدمة إلكترونية,2026/06/28,"37,839,671"
الخدمات الرقمية,عام,القطاع العام,خدمة إلكترونية,2026/06/28,"37,832,351"
الخدمات الرقمية,عام,القطاع العام,خدمة إلكترونية,2026/06/28,"37,832,243"
الخدمات الرقمية,عام,القطاع العام,خدمة إلكترونية,2026/06/28,"37,831,012"
الخدمات الرقمية,عام,القطاع العام,خدمة إلكترونية,2026/06/28,"37,833,465"
الخدمات الرقمية,عام,القطاع العام,خدمة إلكترونية,2026/06/28,"37,839,347"
الخدمات الرقمية,عام,القطاع العام,خدمة إلكترونية,2026/06/28,"37,845,214"
الخدمات الرقمية,عام,القطاع العام,خدمة إلكترونية,2026/06/28,"37,844,478"
الخدمات الرقمية,عام,القطاع العام,خدمة إلكترونية,2026/06/29,"37,848,967"
الخدمات الرقمية,عام,القطاع العام,خدمة إلكترونية,2026/06/29,"37,845,495"
الخدمات الرقمية,عام,القطاع العام,خدمة إلكترونية,2026/06/29,"37,845,287"
الخدمات الرقمية,عام,القطاع العام,خدمة إلكترونية,2026/06/29,"37,847,499"
الخدمات الرقمية,عام,القطاع العام,خدمة إلكترونية,2026/06/29,"37,848,395"
الخدمات الرقمية,عام,القطاع العام,خدمة إلكترونية,2026/06/29,"37,845,327"
الخدمات الرقمية,عام,القطاع العام,خدمة إلكترونية,2026/06/29,"37,850,353"
الخدمات الرقمية,عام,القطاع العام,خدمة إلكترونية,2026/06/29,"37,850,783"
الخدمات الرقمية,عام,القطاع العام,خدمة إلكترونية,2026/06/29,"37,849,050"
الخدمات الرقمية,عام,القطاع العام,خدمة إلكترونية,2026/06/29,"37,853,707"
الخدمات الرقمية,عام,القطاع العام,خدمة إلكترونية,2026/06/29,"37,853,734"
الخدمات الرقمية,عام,القطاع العام,خدمة إلكترونية,2026/06/29,"37,853,403"
الخدمات الرقمية,عام,القطاع العام,خدمة إلكترونية,2026/06/29,"37,853,940"
الخدمات الرقمية,عام,القطاع العام,خدمة إلكترونية,2026/06/29,"37,856,120"
الخدمات الرقمية,عام,القطاع العام,خدمة إلكترونية,2026/06/29,"37,848,724"
الخدمات الرقمية,عام,القطاع العام,خدمة إلكترونية,2026/06/29,"37,851,620"
الخدمات الرقمية,عام,القطاع العام,خدمة إلكترونية,2026/06/29,"37,855,768"
الخدمات الرقمية,عام,القطاع العام,خدمة إلكترونية,2026/06/29,"37,853,783"
الخدمات الرقمية,عام,القطاع العام,خدمة إلكترونية,2026/06/29,"37,851,638"
الخدمات الرقمية,عام,القطاع العام,خدمة إلكترونية,2026/06/29,"37,852,633"
الخدمات الرقمية,عام,القطاع العام,خدمة إلكترونية,2026/06/29,"37,856,647"
الخدمات الرقمية,عام,القطاع العام,خدمة إلكترونية,2026/06/29,"37,857,845"
الخدمات الرقمية,عام,القطاع العام,خدمة إلكترونية,2026/06/29,"37,867,830"
الخدمات الرقمية,عام,القطاع العام,خدمة إلكترونية,2026/06/29,"37,869,157"
الخدمات الرقمية,عام,القطاع العام,خدمة إلكترونية,2026/06/29,"37,861,358"
الخدمات الرقمية,عام,القطاع العام,خدمة إلكترونية,2026/06/29,"37,854,804"
الخدمات الرقمية,عام,القطاع العام,خدمة إلكترونية,2026/06/29,"37,859,396"
الخدمات الرقمية,عام,القطاع العام,خدمة إلكترونية,2026/06/29,"37,859,268"
الخدمات الرقمية,عام,القطاع العام,خدمة إلكترونية,2026/06/29,"37,860,531"
الخدمات الرقمية,عام,القطاع العام,خدمة إلكترونية,2026/06/29,"37,866,009"
الخدمات الرقمية,عام,القطاع العام,خدمة إلكترونية,2026/06/29,"37,869,588"
الخدمات الرقمية,عام,القطاع العام,خدمة إلكترونية,2026/06/29,"37,859,483"
الخدمات الرقمية,عام,القطاع العام,خدمة إلكترونية,2026/06/29,"37,860,553"
الخدمات الرقمية,عام,القطاع العام,خدمة إلكترونية,2026/06/29,"37,868,509"
الخدمات الرقمية,عام,القطاع العام,خدمة إلكترونية,2026/06/29,"37,868,716"
الخدمات الرقمية,عام,القطاع العام,خدمة إلكترونية,2026/06/29,"37,855,806"
الخدمات الرقمية,عام,القطاع العام,خدمة إلكترونية,2026/06/29,"37,861,991"
الخدمات الرقمية,عام,القطاع العام,خدمة إلكترونية,2026/06/29,"37,873,452"
الخدمات الرقمية,عام,القطاع العام,خدمة إلكترونية,2026/06/29,"37,869,843"
الخدمات الرقمية,عام,القطاع العام,خدمة إلكترونية,2026/06/30,"37,900,724"
الخدمات الرقمية,عام,القطاع العام,خدمة إلكترونية,2026/06/30,"37,902,902"
الخدمات الرقمية,عام,القطاع العام,خدمة إلكترونية,2026/06/30,"37,899,842"
الخدمات الرقمية,عام,القطاع العام,خدمة إلكترونية,2026/06/30,"37,902,711"
الخدمات الرقمية,عام,القطاع العام,خدمة إلكترونية,2026/06/30,"37,898,567"
الخدمات الرقمية,عام,القطاع العام,خدمة إلكترونية,2026/06/30,"37,898,838"
الخدمات الرقمية,عام,القطاع العام,خدمة إلكترونية,2026/06/30,"37,887,893"
الخدمات الرقمية,عام,القطاع العام,خدمة إلكترونية,2026/06/30,"37,882,956"
الخدمات الرقمية,عام,القطاع العام,خدمة إلكترونية,2026/06/30,"37,888,641"
الخدمات الرقمية,عام,القطاع العام,خدمة إلكترونية,2026/06/30,"37,889,362"
الخدمات الرقمية,عام,القطاع العام,خدمة إلكترونية,2026/06/30,"37,891,183"
الخدمات الرقمية,عام,القطاع العام,خدمة إلكترونية,2026/06/30,"37,883,187"
الخدمات الرقمية,عام,القطاع العام,خدمة إلكترونية,2026/06/30,"37,890,295"
الخدمات الرقمية,عام,القطاع العام,خدمة إلكترونية,2026/06/30,"37,889,340"
الخدمات الرقمية,عام,القطاع العام,خدمة إلكترونية,2026/06/30,"37,891,887"
الخدمات الرقمية,عام,القطاع العام,خدمة إلكترونية,2026/06/30,"37,892,022"
الخدمات الرقمية,عام,القطاع العام,خدمة إلكترونية,2026/06/30,"37,886,574"
الخدمات الرقمية,عام,القطاع العام,خدمة إلكترونية,2026/06/30,"37,890,887"
الخدمات الرقمية,عام,القطاع العام,خدمة إلكترونية,2026/06/30,"37,895,203"
الخدمات الرقمية,عام,القطاع العام,خدمة إلكترونية,2026/06/30,"37,894,065"
الخدمات الرقمية,عام,القطاع العام,خدمة إلكترونية,2026/06/30,"37,887,157"
الخدمات الرقمية,عام,القطاع العام,خدمة إلكترونية,2026/06/30,"37,889,042"
الخدمات الرقمية,عام,القطاع العام,خدمة إلكترونية,2026/06/30,"37,883,358"
الخدمات الرقمية,عام,القطاع العام,خدمة إلكترونية,2026/06/30,"37,888,346"
الخدمات الرقمية,عام,القطاع العام,خدمة إلكترونية,2026/06/30,"37,891,679"
الخدمات الرقمية,عام,القطاع العام,خدمة إلكترونية,2026/06/30,"37,893,976"
الخدمات الرقمية,عام,القطاع العام,خدمة إلكترونية,2026/06/30,"37,896,372"
,,,,,
