المنطقة,المدينة,نوع القطاع,نوع الخدمة,التاريخ ميلادي,الرقم المرجعي
الخدمات الرقمية,عام,القطاع العام,خدمة إلكترونية,2026/04/01,"35,971,385"
الخدمات الرقمية,عام,القطاع العام,خدمة إلكترونية,2026/04/01,"35,971,353"
الخدمات الرقمية,عام,القطاع العام,خدمة إلكترونية,2026/04/01,"35,971,389"
الخدمات الرقمية,عام,القطاع العام,خدمة إلكترونية,2026/04/01,"35,976,854"
الخدمات الرقمية,عام,القطاع العام,خدمة إلكترونية,2026/04/01,"35,971,377"
الخدمات الرقمية,عام,القطاع العام,خدمة إلكترونية,2026/04/01,"35,971,387"
الخدمات الرقمية,عام,القطاع العام,خدمة إلكترونية,2026/04/01,"35,971,375"
الخدمات الرقمية,عام,القطاع العام,خدمة إلكترونية,2026/04/01,"35,971,384"
الخدمات الرقمية,عام,القطاع العام,خدمة إلكترونية,2026/04/01,"35,977,866"
الخدمات الرقمية,عام,القطاع العام,خدمة إلكترونية,2026/04/01,"35,985,367"
الخدمات الرقمية,عام,القطاع العام,خدمة إلكترونية,2026/04/01,"35,971,374"
الخدمات الرقمية,عام,القطاع العام,خدمة إلكترونية,2026/04/01,"35,971,351"
الخدمات الرقمية,عام,القطاع العام,خدمة إلكترونية,2026/04/01,"35,971,358"
الخدمات الرقمية,عام,القطاع العام,خدمة إلكترونية,2026/04/01,"35,971,356"
الخدمات الرقمية,عام,القطاع العام,خدمة إلكترونية,2026/04/01,"35,985,864"
الخدمات الرقمية,عام,القطاع العام,خدمة إلكترونية,2026/04/01,"35,971,400"
الخدمات الرقمية,عام,القطاع العام,خدمة إلكترونية,2026/04/01,"35,985,946"
الخدمات الرقمية,عام,القطاع العام,خدمة إلكترونية,2026/04/01,"35,984,915"
الخدمات الرقمية,عام,القطاع العام,خدمة إلكترونية,2026/04/01,"35,971,359"
الخدمات الرقمية,عام,القطاع العام,خدمة إلكترونية,2026/04/01,"35,973,702"
الخدمات الرقمية,عام,القطاع العام,خدمة إلكترونية,2026/04/01,"35,971,382"
الخدمات الرقمية,عام,القطاع العام,خدمة إلكترونية,2026/04/01,"35,970,221"
الخدمات الرقمية,عام,القطاع العام,خدمة إلكترونية,2026/04/01,"35,975,406"
الخدمات الرقمية,عام,القطاع العام,خدمة إلكترونية جزئيا,2026/04/01,"35,973,791"
الخدمات الرقمية,عام,القطاع العام,خدمة إلكترونية جزئيا,2026/04/01,"35,973,529"
الخدمات الرقمية,عام,القطاع العام,خدمة إلكترونية جزئيا,2026/04/01,"35,973,661"
الخدمات الرقمية,عام,القطاع العام,خدمة إلكترونية جزئيا,2026/04/01,"35,973,390"
الخدمات الرقمية,عام,القطاع العام,خدمة إلكترونية جزئيا,2026/04/01,"35,973,983"
الخدمات الرقمية,عام,القطاع العام,خدمة إلكترونية,2026/04/01,"35,971,422"
الخدمات الرقمية,عام,القطاع العام,خدمة إلكترونية,2026/04/01,"35,971,423"
الخدمات الرقمية,عام,القطاع العام,خدمة إلكترونية,2026/04/01,"35,975,436"
الخدمات الرقمية,عام,القطاع العام,خدمة إلكترونية,2026/04/01,"35,971,425"
الخدمات الرقمية,عام,القطاع العام,خدمة إلكترونية,2026/04/01,"35,975,437"
الخدمات الرقمية,عام,القطاع العام,خدمة إلكترونية,2026/04/01,"35,976,882"
الخدمات الرقمية,عام,القطاع العام,خدمة إلكترونية,2026/04/01,"35,975,431"
الخدمات الرقمية,عام,القطاع العام,خدمة إلكترونية,2026/04/01,"35,975,428"
الخدمات الرقمية,عام,القطاع العام,خدمة إلكترونية,2026/04/01,"35,975,429"
الخدمات الرقمية,عام,القطاع العام,خدمة إلكترونية,2026/04/01,"35,975,433"
الخدمات الرقمية,عام,القطاع العام,خدمة إلكترونية,2026/04/01,"35,971,424"
الخدمات الرقمية,عام,القطاع العام,خدمة إلكترونية,2026/04/01,"35,976,881"
الخدمات الرقمية,عام,القطاع العام,خدمة إلكترونية,2026/04/01,"35,968,848"
الخدمات الرقمية,عام,القطاع العام,خدمة إلكترونية,2026/04/01,"35,968,851"
الخدمات الرقمية,عام,القطاع العام,خدمة إلكترونية,2026/04/01,"35,968,852"
الخدمات الرقمية,عام,القطاع العام,خدمة إلكترونية,2026/04/01,"35,970,232"
الخدمات الرقمية,عام,القطاع العام,خدمة إلكترونية,2026/04/01,"35,971,440"
الخدمات الرقمية,عام,القطاع العام,خدمة إلكترونية,2026/04/01,"35,971,441"
الخدمات الرقمية,عام,القطاع العام,خدمة إلكترونية,2026/04/01,"35,971,456"
الخدمات الرقمية,عام,القطاع العام,خدمة إلكترونية,2026/04/01,"35,971,457"
الخدمات الرقمية,عام,القطاع العام,خدمة إلكترونية,2026/04/01,"35,968,850"
الخدمات الرقمية,عام,القطاع العام,خدمة إلكترونية,2026/04/01,"35,970,228"
الخدمات الرقمية,عام,القطاع العام,خدمة إلكترونية,2026/04/01,"35,970,229"
الخدمات الرقمية,عام,القطاع العام,خدمة إلكترونية,2026/04/01,"35,971,390"
الخدمات الرقمية,عام,القطاع العام,خدمة إلكترونية,2026/04/01,"35,971,391"
الخدمات الرقمية,عام,القطاع العام,خدمة إلكترونية,2026/04/01,"35,971,403"
الخدمات الرقمية,عام,القطاع العام,خدمة إلكترونية,2026/04/01,"35,971,396"
الخدمات الرقمية,عام,القطاع العام,خدمة إلكترونية,2026/04/01,"35,971,430"
الخدمات الرقمية,عام,القطاع العام,خدمة إلكترونية,2026/04/01,"35,970,231"
الخدمات الرقمية,عام,القطاع العام,خدمة إلكترونية,2026/04/01,"35,971,444"
الخدمات الرقمية,عام,القطاع العام,خدمة إلكترونية,2026/04/01,"35,971,451"
الخدمات الرقمية,عام,القطاع العام,خدمة إلكترونية,2026/04/01,"35,968,849"
الخدمات الرقمية,عام,القطاع العام,خدمة إلكترونية,2026/04/01,"35,968,854"
الخدمات الرقمية,عام,القطاع العام,خدمة إلكترونية,2026/04/01,"35,968,855"
الخدمات الرقمية,عام,القطاع العام,خدمة إلكترونية,2026/04/01,"35,968,856"
الخدمات الرقمية,عام,القطاع العام,خدمة إلكترونية,2026/04/01,"35,970,224"
الخدمات الرقمية,عام,القطاع العام,خدمة إلكترونية,2026/04/01,"35,971,392"
الخدمات الرقمية,عام,القطاع العام,خدمة إلكترونية,2026/04/01,"35,971,431"
الخدمات الرقمية,عام,القطاع العام,خدمة إلكترونية,2026/04/01,"35,971,432"
الخدمات الرقمية,عام,القطاع العام,خدمة إلكترونية,2026/04/01,"35,971,397"
الخدمات الرقمية,عام,القطاع العام,خدمة إلكترونية,2026/04/01,"35,971,443"
الخدمات الرقمية,عام,القطاع العام,خدمة إلكترونية,2026/04/01,"35,971,427"
الخدمات الرقمية,عام,القطاع العام,خدمة إلكترونية,2026/04/01,"35,971,428"
الخدمات الرقمية,عام,القطاع العام,خدمة إلكترونية,2026/04/01,"35,970,237"
الخدمات الرقمية,عام,القطاع العام,خدمة إلكترونية,2026/04/01,"35,970,242"
الخدمات الرقمية,عام,القطاع العام,خدمة إلكترونية,2026/04/01,"35,971,405"
الخدمات الرقمية,عام,القطاع العام,خدمة إلكترونية,2026/04/01,"35,971,406"
الخدمات الرقمية,عام,القطاع العام,خدمة إلكترونية,2026/04/01,"35,971,435"
الخدمات الرقمية,عام,القطاع العام,خدمة إلكترونية,2026/04/01,"35,971,446"
الخدمات الرقمية,عام,القطاع العام,خدمة إلكترونية,2026/04/01,"35,970,225"
الخدمات الرقمية,عام,القطاع العام,خدمة إلكترونية,2026/04/01,"35,970,226"
الخدمات الرقمية,عام,القطاع العام,خدمة إلكترونية,2026/04/01,"35,971,401"
الخدمات الرقمية,عام,القطاع العام,خدمة إلكترونية,2026/04/01,"35,971,393"
الخدمات الرقمية,عام,القطاع العام,خدمة إلكترونية,2026/04/01,"35,971,394"
الخدمات الرقمية,عام,القطاع العام,خدمة إلكترونية,2026/04/01,"35,970,239"
الخدمات الرقمية,عام,القطاع العام,خدمة إلكترونية,2026/04/01,"35,970,240"
الخدمات الرقمية,عام,القطاع العام,خدمة إلكترونية,2026/04/01,"35,970,233"
الخدمات الرقمية,عام,القطاع العام,خدمة إلكترونية,2026/04/01,"35,970,234"
الخدمات الرقمية,عام,القطاع العام,خدمة إلكترونية,2026/04/01,"35,968,841"
الخدمات الرقمية,عام,القطاع العام,خدمة إلكترونية,2026/04/01,"35,984,926"
الخدمات الرقمية,عام,القطاع العام,خدمة إلكترونية,2026/04/01,"35,985,393"
الخدمات الرقمية,عام,القطاع العام,خدمة إلكترونية,2026/04/01,"35,985,394"
الخدمات الرقمية,عام,القطاع العام,خدمة إلكترونية,2026/04/01,"35,971,447"
الخدمات الرقمية,عام,القطاع العام,خدمة إلكترونية,2026/04/01,"35,985,964"
الخدمات الرقمية,عام,القطاع العام,خدمة إلكترونية,2026/04/01,"35,970,235"
الخدمات الرقمية,عام,القطاع العام,خدمة إلكترونية,2026/04/01,"35,971,433"
الخدمات الرقمية,عام,القطاع العام,خدمة إلكترونية,2026/04/01,"35,971,395"
الخدمات الرقمية,عام,القطاع العام,خدمة إلكترونية,2026/04/01,"35,985,388"
الخدمات الرقمية,عام,القطاع العام,خدمة إلكترونية,2026/04/01,"35,985,389"
الخدمات الرقمية,عام,القطاع العام,خدمة إلكترونية,2026/04/01,"35,985,876"
الخدمات الرقمية,عام,القطاع العام,خدمة إلكترونية,2026/04/01,"35,985,387"
الخدمات الرقمية,عام,القطاع العام,خدمة إلكترونية,2026/04/01,"35,985,620"
الخدمات الرقمية,عام,القطاع العام,خدمة إلكترونية,2026/04/01,"35,968,853"
الخدمات الرقمية,عام,القطاع العام,خدمة إلكترونية,2026/04/01,"35,971,454"
الخدمات الرقمية,عام,القطاع العام,خدمة إلكترونية,2026/04/01,"35,968,846"
الخدمات الرقمية,عام,القطاع العام,خدمة إلكترونية,2026/04/01,"35,971,449"
الخدمات الرقمية,عام,القطاع العام,خدمة إلكترونية,2026/04/01,"35,985,381"
الخدمات الرقمية,عام,القطاع العام,خدمة إلكترونية,2026/04/01,"35,968,847"
الخدمات الرقمية,عام,القطاع العام,خدمة إلكترونية,2026/04/01,"35,985,378"
الخدمات الرقمية,عام,القطاع العام,خدمة إلكترونية,2026/04/01,"35,971,438"
الخدمات الرقمية,عام,القطاع العام,خدمة إلكترونية,2026/04/01,"35,985,390"
الخدمات الرقمية,عام,القطاع العام,خدمة إلكترونية,2026/04/01,"35,985,391"
الخدمات الرقمية,عام,القطاع العام,خدمة إلكترونية,2026/04/01,"35,971,426"
الخدمات الرقمية,عام,القطاع العام,خدمة إلكترونية,2026/04/01,"35,985,380"
الخدمات الرقمية,عام,القطاع العام,خدمة إلكترونية,2026/04/01,"35,985,873"
الخدمات الرقمية,عام,القطاع العام,خدمة إلكترونية,2026/04/01,"35,985,383"
الخدمات الرقمية,عام,القطاع العام,خدمة إلكترونية,2026/04/01,"35,985,384"
الخدمات الرقمية,عام,القطاع العام,خدمة إلكترونية,2026/04/01,"35,970,238"
الخدمات الرقمية,عام,القطاع العام,خدمة إلكترونية,2026/04/01,"35,971,407"
الخدمات الرقمية,عام,القطاع العام,خدمة إلكترونية,2026/04/01,"35,985,374"
الخدمات الرقمية,عام,القطاع العام,خدمة إلكترونية,2026/04/01,"35,985,965"
الخدمات الرقمية,عام,القطاع العام,خدمة إلكترونية,2026/04/01,"35,977,873"
الخدمات الرقمية,عام,القطاع العام,خدمة إلكترونية,2026/04/01,"35,977,874"
الخدمات الرقمية,عام,القطاع العام,خدمة إلكترونية,2026/04/01,"35,971,442"
الخدمات الرقمية,عام,القطاع العام,خدمة إلكترونية,2026/04/01,"35,970,236"
الخدمات الرقمية,عام,القطاع العام,خدمة إلكترونية,2026/04/01,"35,971,404"
الخدمات الرقمية,عام,القطاع العام,خدمة إلكترونية,2026/04/01,"35,971,434"
الخدمات الرقمية,عام,القطاع العام,خدمة إلكترونية,2026/04/01,"35,985,373"
الخدمات الرقمية,عام,القطاع العام,خدمة إلكترونية,2026/04/01,"35,985,392"
الخدمات الرقمية,عام,القطاع العام,خدمة إلكترونية,2026/04/01,"35,973,687"
الخدمات الرقمية,عام,القطاع العام,خدمة إلكترونية,2026/04/01,"35,985,376"
الخدمات الرقمية,عام,القطاع العام,خدمة إلكترونية,2026/04/01,"35,985,875"
الخدمات الرقمية,عام,القطاع العام,خدمة إلكترونية,2026/04/01,"35,970,241"
الخدمات الرقمية,عام,القطاع العام,خدمة إلكترونية,2026/04/01,"35,985,375"
الخدمات الرقمية,عام,القطاع العام,خدمة إلكترونية,2026/04/01,"35,971,437"
الخدمات الرقمية,عام,القطاع العام,خدمة إلكترونية,2026/04/01,"35,985,379"
الخدمات الرقمية,عام,القطاع العام,خدمة إلكترونية,2026/04/01,"35,985,372"
الخدمات الرقمية,عام,القطاع العام,خدمة إلكترونية,2026/04/01,"35,971,453"
الخدمات الرقمية,عام,القطاع العام,خدمة إلكترونية,2026/04/01,"35,971,448"
الخدمات الرقمية,عام,القطاع العام,خدمة إلكترونية,2026/04/01,"35,970,227"
الخدمات الرقمية,عام,القطاع العام,خدمة إلكترونية,2026/04/01,"35,971,402"
الخدمات الرقمية,عام,القطاع العام,خدمة إلكترونية,2026/04/01,"35,985,377"
الخدمات الرقمية,عام,القطاع العام,خدمة إلكترونية,2026/04/01,"35,970,230"
الخدمات الرقمية,عام,القطاع العام,خدمة إلكترونية,2026/04/01,"35,985,382"
الخدمات الرقمية,عام,القطاع العام,خدمة إلكترونية,2026/04/01,"35,971,455"
الخدمات الرقمية,عام,القطاع العام,خدمة إلكترونية,2026/04/01,"35,971,452"
الخدمات الرقمية,عام,القطاع العام,خدمة إلكترونية,2026/04/01,"35,971,439"
الخدمات الرقمية,عام,القطاع العام,خدمة إلكترونية,2026/04/01,"35,985,385"
الخدمات الرقمية,عام,القطاع العام,خدمة إلكترونية جزئيا,2026/04/01,"35,987,984"
الخدمات الرقمية,عام,القطاع العام,خدمة إلكترونية جزئيا,2026/04/01,"35,987,950"
 الرياض,الرياض,القطاع العام,خدمة إلكترونية جزئيا,2026/04/01,"35,975,988"
 الرياض,الرياض,القطاع العام,خدمة إلكترونية جزئيا,2026/04/01,"35,978,763"
 الرياض,الرياض,القطاع العام,خدمة إلكترونية جزئيا,2026/04/01,"35,978,767"
 الرياض,الرياض,القطاع العام,خدمة إلكترونية جزئيا,2026/04/01,"35,978,732"
 الرياض,الرياض,القطاع العام,خدمة إلكترونية جزئيا,2026/04/01,"35,978,739"
 جازان,جيزان,القطاع العام,خدمة إلكترونية جزئيا,2026/04/01,"35,972,437"
 جازان,جيزان,القطاع العام,خدمة إلكترونية جزئيا,2026/04/01,"35,972,424"
الخدمات الرقمية,كتابة عدل مدمجة - افتراضية,القطاع العام,خدمة إلكترونية جزئيا,2026/04/01,"35,967,278"
الخدمات الرقمية,كتابة عدل مدمجة - افتراضية,القطاع العام,خدمة إلكترونية جزئيا,2026/04/01,"35,967,326"
الخدمات الرقمية,كتابة عدل مدمجة - افتراضية,القطاع العام,خدمة إلكترونية جزئيا,2026/04/01,"35,967,295"
الخدمات الرقمية,كتابة عدل مدمجة - افتراضية,القطاع العام,خدمة إلكترونية جزئيا,2026/04/01,"35,967,292"
الخدمات الرقمية,كتابة عدل مدمجة - افتراضية,القطاع العام,خدمة إلكترونية جزئيا,2026/04/01,"35,967,298"
الخدمات الرقمية,كتابة عدل مدمجة - افتراضية,القطاع العام,خدمة إلكترونية جزئيا,2026/04/01,"35,967,321"
الخدمات الرقمية,كتابة عدل مدمجة - افتراضية,القطاع العام,خدمة إلكترونية جزئيا,2026/04/01,"35,967,332"
الخدمات الرقمية,كتابة عدل مدمجة - افتراضية,القطاع العام,خدمة إلكترونية جزئيا,2026/04/01,"35,967,231"
 الرياض,الرياض,القطاع العام,خدمة إلكترونية جزئيا,2026/04/01,"35,976,067"
 الرياض,الرياض,القطاع العام,خدمة إلكترونية جزئيا,2026/04/01,"35,981,269"
الخدمات الرقمية,عام,القطاع العام,خدمة إلكترونية,2026/04/02,"35,992,577"
الخدمات الرقمية,عام,القطاع العام,خدمة إلكترونية,2026/04/02,"35,997,388"
الخدمات الرقمية,عام,القطاع العام,خدمة إلكترونية,2026/04/02,"35,997,633"
الخدمات الرقمية,عام,القطاع العام,خدمة إلكترونية,2026/04/02,"35,996,101"
الخدمات الرقمية,عام,القطاع العام,خدمة إلكترونية,2026/04/02,"36,005,995"
الخدمات الرقمية,عام,القطاع العام,خدمة إلكترونية,2026/04/02,"36,000,924"
الخدمات الرقمية,عام,القطاع العام,خدمة إلكترونية,2026/04/02,"35,998,841"
الخدمات الرقمية,عام,القطاع العام,خدمة إلكترونية,2026/04/02,"35,994,885"
الخدمات الرقمية,عام,القطاع العام,خدمة إلكترونية,2026/04/02,"35,997,614"
الخدمات الرقمية,عام,القطاع العام,خدمة إلكترونية,2026/04/02,"35,997,610"
الخدمات الرقمية,عام,القطاع العام,خدمة إلكترونية,2026/04/02,"35,997,650"
الخدمات الرقمية,عام,القطاع العام,خدمة إلكترونية,2026/04/02,"35,997,616"
الخدمات الرقمية,عام,القطاع العام,خدمة إلكترونية,2026/04/02,"35,997,653"
الخدمات الرقمية,عام,القطاع العام,خدمة إلكترونية,2026/04/02,"35,997,604"
الخدمات الرقمية,عام,القطاع العام,خدمة إلكترونية,2026/04/02,"35,997,619"
الخدمات الرقمية,عام,القطاع العام,خدمة إلكترونية,2026/04/02,"35,997,655"
الخدمات الرقمية,عام,القطاع العام,خدمة إلكترونية,2026/04/02,"35,997,597"
الخدمات الرقمية,عام,القطاع العام,خدمة إلكترونية,2026/04/02,"35,997,593"
الخدمات الرقمية,عام,القطاع العام,خدمة إلكترونية,2026/04/02,"35,997,595"
الخدمات الرقمية,عام,القطاع العام,خدمة إلكترونية,2026/04/02,"35,997,952"
الخدمات الرقمية,عام,القطاع العام,خدمة إلكترونية,2026/04/02,"35,997,598"
الخدمات الرقمية,عام,القطاع العام,خدمة إلكترونية,2026/04/02,"35,997,635"
الخدمات الرقمية,عام,القطاع العام,خدمة إلكترونية,2026/04/02,"36,001,990"
الخدمات الرقمية,عام,القطاع العام,خدمة إلكترونية,2026/04/02,"35,997,620"
الخدمات الرقمية,عام,القطاع العام,خدمة إلكترونية,2026/04/02,"35,997,621"
الخدمات الرقمية,عام,القطاع العام,خدمة إلكترونية,2026/04/02,"35,988,530"
 الرياض,الرياض,القطاع العام,خدمة إلكترونية جزئيا,2026/04/02,"35,991,420"
 الرياض,الرياض,القطاع العام,خدمة إلكترونية جزئيا,2026/04/02,"35,991,151"
 الرياض,الرياض,القطاع العام,خدمة إلكترونية جزئيا,2026/04/02,"35,991,254"
 الرياض,الرياض,القطاع العام,خدمة إلكترونية جزئيا,2026/04/02,"35,991,361"
الخدمات الرقمية,عام,القطاع العام,خدمة إلكترونية,2026/04/02,"35,998,001"
الخدمات الرقمية,عام,القطاع العام,خدمة إلكترونية,2026/04/02,"35,997,419"
الخدمات الرقمية,عام,القطاع العام,خدمة إلكترونية,2026/04/02,"35,998,000"
الخدمات الرقمية,عام,القطاع العام,خدمة إلكترونية,2026/04/02,"35,997,424"
الخدمات الرقمية,عام,القطاع العام,خدمة إلكترونية,2026/04/02,"35,997,418"
الخدمات الرقمية,عام,القطاع العام,خدمة إلكترونية,2026/04/02,"35,997,795"
الخدمات الرقمية,عام,القطاع العام,خدمة إلكترونية,2026/04/02,"35,997,796"
الخدمات الرقمية,عام,القطاع العام,خدمة إلكترونية,2026/04/02,"35,997,797"
الخدمات الرقمية,عام,القطاع العام,خدمة إلكترونية,2026/04/02,"35,997,798"
الخدمات الرقمية,عام,القطاع العام,خدمة إلكترونية,2026/04/02,"35,997,794"
الخدمات الرقمية,عام,القطاع العام,خدمة إلكترونية,2026/04/02,"35,997,646"
الخدمات الرقمية,عام,القطاع العام,خدمة إلكترونية,2026/04/02,"35,997,647"
الخدمات الرقمية,عام,القطاع العام,خدمة إلكترونية,2026/04/02,"35,997,714"
الخدمات الرقمية,عام,القطاع العام,خدمة إلكترونية,2026/04/02,"35,997,734"
الخدمات الرقمية,عام,القطاع العام,خدمة إلكترونية,2026/04/02,"35,997,641"
الخدمات الرقمية,عام,القطاع العام,خدمة إلكترونية,2026/04/02,"35,997,691"
الخدمات الرقمية,عام,القطاع العام,خدمة إلكترونية,2026/04/02,"35,997,770"
الخدمات الرقمية,عام,القطاع العام,خدمة إلكترونية,2026/04/02,"35,997,790"
الخدمات الرقمية,عام,القطاع العام,خدمة إلكترونية,2026/04/02,"35,997,807"
الخدمات الرقمية,عام,القطاع العام,خدمة إلكترونية,2026/04/02,"35,997,808"
الخدمات الرقمية,عام,القطاع العام,خدمة إلكترونية,2026/04/02,"35,997,716"
الخدمات الرقمية,عام,القطاع العام,خدمة إلكترونية,2026/04/02,"35,997,717"
الخدمات الرقمية,عام,القطاع العام,خدمة إلكترونية,2026/04/02,"35,997,721"
الخدمات الرقمية,عام,القطاع العام,خدمة إلكترونية,2026/04/02,"35,997,748"
الخدمات الرقمية,عام,القطاع العام,خدمة إلكترونية,2026/04/02,"35,997,750"
الخدمات الرقمية,عام,القطاع العام,خدمة إلكترونية,2026/04/02,"35,988,536"
الخدمات الرقمية,عام,القطاع العام,خدمة إلكترونية,2026/04/02,"35,994,913"
الخدمات الرقمية,عام,القطاع العام,خدمة إلكترونية,2026/04/02,"35,994,914"
الخدمات الرقمية,عام,القطاع العام,خدمة إلكترونية,2026/04/02,"35,997,622"
الخدمات الرقمية,عام,القطاع العام,خدمة إلكترونية,2026/04/02,"35,997,723"
الخدمات الرقمية,عام,القطاع العام,خدمة إلكترونية,2026/04/02,"35,997,724"
الخدمات الرقمية,عام,القطاع العام,خدمة إلكترونية,2026/04/02,"35,996,126"
الخدمات الرقمية,عام,القطاع العام,خدمة إلكترونية,2026/04/02,"35,997,672"
الخدمات الرقمية,عام,القطاع العام,خدمة إلكترونية,2026/04/02,"35,997,673"
الخدمات الرقمية,عام,القطاع العام,خدمة إلكترونية,2026/04/02,"35,997,649"
الخدمات الرقمية,عام,القطاع العام,خدمة إلكترونية,2026/04/02,"35,997,651"
الخدمات الرقمية,عام,القطاع العام,خدمة إلكترونية,2026/04/02,"35,997,740"
الخدمات الرقمية,عام,القطاع العام,خدمة إلكترونية,2026/04/02,"35,997,760"
الخدمات الرقمية,عام,القطاع العام,خدمة إلكترونية,2026/04/02,"35,997,761"
الخدمات الرقمية,عام,القطاع العام,خدمة إلكترونية,2026/04/02,"35,997,784"
الخدمات الرقمية,عام,القطاع العام,خدمة إلكترونية,2026/04/02,"35,997,617"
الخدمات الرقمية,عام,القطاع العام,خدمة إلكترونية,2026/04/02,"35,997,768"
الخدمات الرقمية,عام,القطاع العام,خدمة إلكترونية,2026/04/02,"35,997,788"
الخدمات الرقمية,عام,القطاع العام,خدمة إلكترونية,2026/04/02,"35,994,916"
الخدمات الرقمية,عام,القطاع العام,خدمة إلكترونية,2026/04/02,"35,997,730"
الخدمات الرقمية,عام,القطاع العام,خدمة إلكترونية,2026/04/02,"35,997,743"
الخدمات الرقمية,عام,القطاع العام,خدمة إلكترونية,2026/04/02,"35,997,785"
الخدمات الرقمية,عام,القطاع العام,خدمة إلكترونية,2026/04/02,"35,997,685"
الخدمات الرقمية,عام,القطاع العام,خدمة إلكترونية,2026/04/02,"35,997,718"
الخدمات الرقمية,عام,القطاع العام,خدمة إلكترونية,2026/04/02,"35,997,737"
الخدمات الرقمية,عام,القطاع العام,خدمة إلكترونية,2026/04/02,"35,997,783"
الخدمات الرقمية,عام,القطاع العام,خدمة إلكترونية,2026/04/02,"35,992,596"
الخدمات الرقمية,عام,القطاع العام,خدمة إلكترونية,2026/04/02,"35,997,668"
الخدمات الرقمية,عام,القطاع العام,خدمة إلكترونية,2026/04/02,"35,997,711"
الخدمات الرقمية,عام,القطاع العام,خدمة إلكترونية,2026/04/02,"35,997,712"
الخدمات الرقمية,عام,القطاع العام,خدمة إلكترونية,2026/04/02,"35,997,765"
الخدمات الرقمية,عام,القطاع العام,خدمة إلكترونية,2026/04/02,"35,997,746"
الخدمات الرقمية,عام,القطاع العام,خدمة إلكترونية,2026/04/02,"35,997,823"
الخدمات الرقمية,عام,القطاع العام,خدمة إلكترونية,2026/04/02,"35,997,793"
الخدمات الرقمية,عام,القطاع العام,خدمة إلكترونية,2026/04/02,"35,997,681"
الخدمات الرقمية,عام,القطاع العام,خدمة إلكترونية,2026/04/02,"35,997,682"
الخدمات الرقمية,عام,القطاع العام,خدمة إلكترونية,2026/04/02,"35,997,709"
الخدمات الرقمية,عام,القطاع العام,خدمة إلكترونية,2026/04/02,"35,998,851"
الخدمات الرقمية,عام,القطاع العام,خدمة إلكترونية,2026/04/02,"36,002,005"
الخدمات الرقمية,عام,القطاع العام,خدمة إلكترونية,2026/04/02,"36,005,999"
الخدمات الرقمية,عام,القطاع العام,خدمة إلكترونية,2026/04/02,"35,994,912"
الخدمات الرقمية,عام,القطاع العام,خدمة إلكترونية,2026/04/02,"35,997,722"
الخدمات الرقمية,عام,القطاع العام,خدمة إلكترونية,2026/04/02,"35,988,535"
الخدمات الرقمية,عام,القطاع العام,خدمة إلكترونية,2026/04/02,"35,997,744"
الخدمات الرقمية,عام,القطاع العام,خدمة إلكترونية,2026/04/02,"35,997,786"
الخدمات الرقمية,عام,القطاع العام,خدمة إلكترونية,2026/04/02,"35,997,648"
الخدمات الرقمية,عام,القطاع العام,خدمة إلكترونية,2026/04/02,"35,988,534"
الخدمات الرقمية,عام,القطاع العام,خدمة إلكترونية,2026/04/02,"35,997,719"
الخدمات الرقمية,عام,القطاع العام,خدمة إلكترونية,2026/04/02,"35,997,738"
الخدمات الرقمية,عام,القطاع العام,خدمة إلكترونية,2026/04/02,"35,994,915"
الخدمات الرقمية,عام,القطاع العام,خدمة إلكترونية,2026/04/02,"35,997,623"
الخدمات الرقمية,عام,القطاع العام,خدمة إلكترونية,2026/04/02,"35,997,725"
الخدمات الرقمية,عام,القطاع العام,خدمة إلكترونية,2026/04/02,"35,997,809"
الخدمات الرقمية,عام,القطاع العام,خدمة إلكترونية,2026/04/02,"35,997,618"
الخدمات الرقمية,عام,القطاع العام,خدمة إلكترونية,2026/04/02,"35,997,769"
الخدمات الرقمية,عام,القطاع العام,خدمة إلكترونية,2026/04/02,"35,997,789"
الخدمات الرقمية,عام,القطاع العام,خدمة إلكترونية,2026/04/02,"35,997,643"
الخدمات الرقمية,عام,القطاع العام,خدمة إلكترونية,2026/04/02,"35,997,771"
الخدمات الرقمية,عام,القطاع العام,خدمة إلكترونية,2026/04/02,"35,997,710"
الخدمات الرقمية,عام,القطاع العام,خدمة إلكترونية,2026/04/02,"35,997,732"
الخدمات الرقمية,عام,القطاع العام,خدمة إلكترونية,2026/04/02,"35,997,609"
الخدمات الرقمية,عام,القطاع العام,خدمة إلكترونية,2026/04/02,"35,997,675"
الخدمات الرقمية,عام,القطاع العام,خدمة إلكترونية,2026/04/02,"35,997,715"
الخدمات الرقمية,عام,القطاع العام,خدمة إلكترونية,2026/04/02,"35,997,735"
الخدمات الرقمية,عام,القطاع العام,خدمة إلكترونية,2026/04/02,"35,997,747"
الخدمات الرقمية,عام,القطاع العام,خدمة إلكترونية,2026/04/02,"35,997,741"
الخدمات الرقمية,عام,القطاع العام,خدمة إلكترونية,2026/04/02,"35,997,767"
الخدمات الرقمية,عام,القطاع العام,خدمة إلكترونية,2026/04/02,"35,997,791"
الخدمات الرقمية,عام,القطاع العام,خدمة إلكترونية,2026/04/02,"35,997,674"
الخدمات الرقمية,عام,القطاع العام,خدمة إلكترونية,2026/04/02,"35,997,713"
الخدمات الرقمية,عام,القطاع العام,خدمة إلكترونية,2026/04/02,"35,997,733"
الخدمات الرقمية,عام,القطاع العام,خدمة إلكترونية,2026/04/02,"35,997,764"
الخدمات الرقمية,عام,القطاع العام,خدمة إلكترونية,2026/04/02,"35,997,799"
الخدمات الرقمية,عام,القطاع العام,خدمة إلكترونية,2026/04/02,"35,988,537"
الخدمات الرقمية,عام,القطاع العام,خدمة إلكترونية,2026/04/02,"35,997,699"
الخدمات الرقمية,عام,القطاع العام,خدمة إلكترونية,2026/04/02,"35,997,736"
الخدمات الرقمية,عام,القطاع العام,خدمة إلكترونية,2026/04/02,"35,997,608"
الخدمات الرقمية,عام,القطاع العام,خدمة إلكترونية,2026/04/02,"35,997,645"
الخدمات الرقمية,عام,القطاع العام,خدمة إلكترونية,2026/04/02,"35,997,731"
الخدمات الرقمية,عام,القطاع العام,خدمة إلكترونية,2026/04/02,"35,997,792"
الخدمات الرقمية,عام,القطاع العام,خدمة إلكترونية,2026/04/02,"35,997,720"
الخدمات الرقمية,عام,القطاع العام,خدمة إلكترونية,2026/04/02,"36,000,944"
الخدمات الرقمية,عام,القطاع العام,خدمة إلكترونية,2026/04/02,"35,988,533"
الخدمات الرقمية,عام,القطاع العام,خدمة إلكترونية,2026/04/02,"35,997,787"
الخدمات الرقمية,عام,القطاع العام,خدمة إلكترونية جزئيا,2026/04/02,"36,005,765"
 الرياض,الرياض,القطاع العام,خدمة إلكترونية جزئيا,2026/04/02,"35,993,089"
 الرياض,الرياض,القطاع العام,خدمة إلكترونية جزئيا,2026/04/02,"35,993,057"
 الرياض,الرياض,القطاع العام,خدمة إلكترونية جزئيا,2026/04/02,"35,993,040"
 المدينة المنوره,المدينة المنورة,القطاع العام,خدمة إلكترونية جزئيا,2026/04/02,"35,996,267"
الخدمات الرقمية,عام,القطاع العام,خدمة إلكترونية,2026/04/03,"36,013,839"
الخدمات الرقمية,عام,القطاع العام,خدمة إلكترونية,2026/04/03,"36,009,432"
الخدمات الرقمية,عام,القطاع العام,خدمة إلكترونية,2026/04/03,"36,015,639"
الخدمات الرقمية,عام,القطاع العام,خدمة إلكترونية,2026/04/03,"36,009,450"
الخدمات الرقمية,عام,القطاع العام,خدمة إلكترونية,2026/04/03,"36,015,644"
الخدمات الرقمية,عام,القطاع العام,خدمة إلكترونية,2026/04/03,"36,013,875"
الخدمات الرقمية,عام,القطاع العام,خدمة إلكترونية,2026/04/03,"36,013,874"
الخدمات الرقمية,عام,القطاع العام,خدمة إلكترونية,2026/04/03,"36,015,643"
الخدمات الرقمية,عام,القطاع العام,خدمة إلكترونية,2026/04/04,"36,026,808"
الخدمات الرقمية,عام,القطاع العام,خدمة إلكترونية,2026/04/04,"36,026,818"
الخدمات الرقمية,عام,القطاع العام,خدمة إلكترونية,2026/04/04,"36,026,817"
الخدمات الرقمية,عام,القطاع العام,خدمة إلكترونية,2026/04/05,"36,040,557"
الخدمات الرقمية,عام,القطاع العام,خدمة إلكترونية,2026/04/05,"36,040,618"
الخدمات الرقمية,عام,القطاع العام,خدمة إلكترونية,2026/04/05,"36,040,647"
الخدمات الرقمية,عام,القطاع العام,خدمة إلكترونية,2026/04/05,"36,040,593"
الخدمات الرقمية,عام,القطاع العام,خدمة إلكترونية,2026/04/05,"36,040,610"
الخدمات الرقمية,عام,القطاع العام,خدمة إلكترونية,2026/04/05,"36,040,551"
الخدمات الرقمية,عام,القطاع العام,خدمة إلكترونية,2026/04/05,"36,040,633"
الخدمات الرقمية,عام,القطاع العام,خدمة إلكترونية,2026/04/05,"36,040,615"
الخدمات الرقمية,عام,القطاع العام,خدمة إلكترونية,2026/04/05,"36,040,553"
الخدمات الرقمية,عام,القطاع العام,خدمة إلكترونية,2026/04/05,"36,040,590"
الخدمات الرقمية,عام,القطاع العام,خدمة إلكترونية,2026/04/05,"36,040,606"
الخدمات الرقمية,عام,القطاع العام,خدمة إلكترونية,2026/04/05,"36,040,600"
الخدمات الرقمية,عام,القطاع العام,خدمة إلكترونية,2026/04/05,"36,040,587"
الخدمات الرقمية,عام,القطاع العام,خدمة إلكترونية,2026/04/05,"36,040,617"
الخدمات الرقمية,عام,القطاع العام,خدمة إلكترونية,2026/04/05,"36,039,344"
الخدمات الرقمية,عام,القطاع العام,خدمة إلكترونية,2026/04/05,"36,040,555"
الخدمات الرقمية,عام,القطاع العام,خدمة إلكترونية,2026/04/05,"36,040,568"
الخدمات الرقمية,عام,القطاع العام,خدمة إلكترونية,2026/04/05,"36,040,562"
الخدمات الرقمية,عام,القطاع العام,خدمة إلكترونية,2026/04/05,"36,040,621"
الخدمات الرقمية,عام,القطاع العام,خدمة إلكترونية,2026/04/05,"36,040,567"
الخدمات الرقمية,عام,القطاع العام,خدمة إلكترونية,2026/04/05,"36,040,537"
الخدمات الرقمية,عام,القطاع العام,خدمة إلكترونية,2026/04/05,"36,040,565"
الخدمات الرقمية,عام,القطاع العام,خدمة إلكترونية,2026/04/05,"36,045,524"
الخدمات الرقمية,عام,القطاع العام,خدمة إلكترونية,2026/04/05,"36,040,574"
الخدمات الرقمية,عام,القطاع العام,خدمة إلكترونية,2026/04/05,"36,034,713"
الخدمات الرقمية,عام,القطاع العام,خدمة إلكترونية,2026/04/05,"36,040,629"
الخدمات الرقمية,عام,القطاع العام,خدمة إلكترونية,2026/04/05,"36,040,620"
الخدمات الرقمية,عام,القطاع العام,خدمة إلكترونية,2026/04/05,"36,060,313"
الخدمات الرقمية,عام,القطاع العام,خدمة إلكترونية,2026/04/05,"36,059,673"
الخدمات الرقمية,عام,القطاع العام,خدمة إلكترونية,2026/04/05,"36,040,570"
الخدمات الرقمية,عام,القطاع العام,خدمة إلكترونية,2026/04/05,"36,040,559"
الخدمات الرقمية,عام,القطاع العام,خدمة إلكترونية,2026/04/05,"36,040,626"
الخدمات الرقمية,عام,القطاع العام,خدمة إلكترونية,2026/04/05,"36,059,541"
الخدمات الرقمية,عام,القطاع العام,خدمة إلكترونية,2026/04/05,"36,061,649"
الخدمات الرقمية,عام,القطاع العام,خدمة إلكترونية,2026/04/05,"36,034,895"
الخدمات الرقمية,عام,القطاع العام,خدمة إلكترونية,2026/04/05,"36,040,581"
الخدمات الرقمية,عام,القطاع العام,خدمة إلكترونية,2026/04/05,"36,044,782"
الخدمات الرقمية,عام,القطاع العام,خدمة إلكترونية,2026/04/05,"36,040,630"
الخدمات الرقمية,عام,القطاع العام,خدمة إلكترونية,2026/04/05,"36,040,564"
الخدمات الرقمية,عام,القطاع العام,خدمة إلكترونية,2026/04/05,"36,043,594"
الخدمات الرقمية,عام,القطاع العام,خدمة إلكترونية,2026/04/05,"36,040,584"
الخدمات الرقمية,عام,القطاع العام,خدمة إلكترونية,2026/04/05,"36,040,566"
الخدمات الرقمية,عام,القطاع العام,خدمة إلكترونية,2026/04/05,"36,040,627"
 عسير,ابها,القطاع العام,خدمة إلكترونية جزئيا,2026/04/05,"36,038,842"
 عسير,ابها,القطاع العام,خدمة إلكترونية جزئيا,2026/04/05,"36,038,754"
الخدمات الرقمية,عام,القطاع العام,خدمة إلكترونية,2026/04/05,"36,040,561"
الخدمات الرقمية,عام,القطاع العام,خدمة إلكترونية,2026/04/05,"36,040,560"
الخدمات الرقمية,عام,القطاع العام,خدمة إلكترونية,2026/04/05,"36,034,938"
الخدمات الرقمية,عام,القطاع العام,خدمة إلكترونية,2026/04/05,"36,034,936"
الخدمات الرقمية,عام,القطاع العام,خدمة إلكترونية,2026/04/05,"36,034,942"
الخدمات الرقمية,عام,القطاع العام,خدمة إلكترونية,2026/04/05,"36,034,749"
الخدمات الرقمية,عام,القطاع العام,خدمة إلكترونية,2026/04/05,"36,034,943"
الخدمات الرقمية,عام,القطاع العام,خدمة إلكترونية,2026/04/05,"36,034,939"
الخدمات الرقمية,عام,القطاع العام,خدمة إلكترونية,2026/04/05,"36,034,940"
الخدمات الرقمية,عام,القطاع العام,خدمة إلكترونية,2026/04/05,"36,034,751"
الخدمات الرقمية,عام,القطاع العام,خدمة إلكترونية,2026/04/05,"36,034,752"
الخدمات الرقمية,عام,القطاع العام,خدمة إلكترونية,2026/04/05,"36,034,754"
الخدمات الرقمية,عام,القطاع العام,خدمة إلكترونية,2026/04/05,"36,034,944"
الخدمات الرقمية,عام,القطاع العام,خدمة إلكترونية,2026/04/05,"36,034,755"
الخدمات الرقمية,عام,القطاع العام,خدمة إلكترونية,2026/04/05,"36,034,934"
الخدمات الرقمية,عام,القطاع العام,خدمة إلكترونية,2026/04/05,"36,040,671"
الخدمات الرقمية,عام,القطاع العام,خدمة إلكترونية,2026/04/05,"36,040,942"
الخدمات الرقمية,عام,القطاع العام,خدمة إلكترونية,2026/04/05,"36,040,804"
الخدمات الرقمية,عام,القطاع العام,خدمة إلكترونية,2026/04/05,"36,040,927"
الخدمات الرقمية,عام,القطاع العام,خدمة إلكترونية,2026/04/05,"36,040,751"
الخدمات الرقمية,عام,القطاع العام,خدمة إلكترونية,2026/04/05,"36,040,895"
الخدمات الرقمية,عام,القطاع العام,خدمة إلكترونية,2026/04/05,"36,040,640"
الخدمات الرقمية,عام,القطاع العام,خدمة إلكترونية,2026/04/05,"36,040,669"
الخدمات الرقمية,عام,القطاع العام,خدمة إلكترونية,2026/04/05,"36,040,708"
الخدمات الرقمية,عام,القطاع العام,خدمة إلكترونية,2026/04/05,"36,040,709"
الخدمات الرقمية,عام,القطاع العام,خدمة إلكترونية,2026/04/05,"36,040,723"
الخدمات الرقمية,عام,القطاع العام,خدمة إلكترونية,2026/04/05,"36,040,749"
الخدمات الرقمية,عام,القطاع العام,خدمة إلكترونية,2026/04/05,"36,040,774"
الخدمات الرقمية,عام,القطاع العام,خدمة إلكترونية,2026/04/05,"36,040,786"
الخدمات الرقمية,عام,القطاع العام,خدمة إلكترونية,2026/04/05,"36,040,787"
الخدمات الرقمية,عام,القطاع العام,خدمة إلكترونية,2026/04/05,"36,040,645"
الخدمات الرقمية,عام,القطاع العام,خدمة إلكترونية,2026/04/05,"36,040,656"
الخدمات الرقمية,عام,القطاع العام,خدمة إلكترونية,2026/04/05,"36,040,657"
الخدمات الرقمية,عام,القطاع العام,خدمة إلكترونية,2026/04/05,"36,040,803"
الخدمات الرقمية,عام,القطاع العام,خدمة إلكترونية,2026/04/05,"36,040,938"
الخدمات الرقمية,عام,القطاع العام,خدمة إلكترونية,2026/04/05,"36,040,694"
الخدمات الرقمية,عام,القطاع العام,خدمة إلكترونية,2026/04/05,"36,040,696"
الخدمات الرقمية,عام,القطاع العام,خدمة إلكترونية,2026/04/05,"36,040,679"
الخدمات الرقمية,عام,القطاع العام,خدمة إلكترونية,2026/04/05,"36,040,863"
الخدمات الرقمية,عام,القطاع العام,خدمة إلكترونية,2026/04/05,"36,040,864"
الخدمات الرقمية,عام,القطاع العام,خدمة إلكترونية,2026/04/05,"36,040,605"
الخدمات الرقمية,عام,القطاع العام,خدمة إلكترونية,2026/04/05,"36,040,609"
الخدمات الرقمية,عام,القطاع العام,خدمة إلكترونية,2026/04/05,"36,040,795"
الخدمات الرقمية,عام,القطاع العام,خدمة إلكترونية,2026/04/05,"36,040,824"
الخدمات الرقمية,عام,القطاع العام,خدمة إلكترونية,2026/04/05,"36,034,941"
الخدمات الرقمية,عام,القطاع العام,خدمة إلكترونية,2026/04/05,"36,040,775"
الخدمات الرقمية,عام,القطاع العام,خدمة إلكترونية,2026/04/05,"36,040,814"
الخدمات الرقمية,عام,القطاع العام,خدمة إلكترونية,2026/04/05,"36,040,932"
الخدمات الرقمية,عام,القطاع العام,خدمة إلكترونية,2026/04/05,"36,040,691"
الخدمات الرقمية,عام,القطاع العام,خدمة إلكترونية,2026/04/05,"36,040,702"
الخدمات الرقمية,عام,القطاع العام,خدمة إلكترونية,2026/04/05,"36,040,703"
الخدمات الرقمية,عام,القطاع العام,خدمة إلكترونية,2026/04/05,"36,040,860"
الخدمات الرقمية,عام,القطاع العام,خدمة إلكترونية,2026/04/05,"36,040,861"
الخدمات الرقمية,عام,القطاع العام,خدمة إلكترونية,2026/04/05,"36,040,664"
الخدمات الرقمية,عام,القطاع العام,خدمة إلكترونية,2026/04/05,"36,040,705"
الخدمات الرقمية,عام,القطاع العام,خدمة إلكترونية,2026/04/05,"36,040,706"
الخدمات الرقمية,عام,القطاع العام,خدمة إلكترونية,2026/04/05,"36,040,731"
الخدمات الرقمية,عام,القطاع العام,خدمة إلكترونية,2026/04/05,"36,040,732"
الخدمات الرقمية,عام,القطاع العام,خدمة إلكترونية,2026/04/05,"36,040,797"
الخدمات الرقمية,عام,القطاع العام,خدمة إلكترونية,2026/04/05,"36,040,798"
الخدمات الرقمية,عام,القطاع العام,خدمة إلكترونية,2026/04/05,"36,040,845"
الخدمات الرقمية,عام,القطاع العام,خدمة إلكترونية,2026/04/05,"36,040,857"
الخدمات الرقمية,عام,القطاع العام,خدمة إلكترونية,2026/04/05,"36,040,698"
الخدمات الرقمية,عام,القطاع العام,خدمة إلكترونية,2026/04/05,"36,040,771"
الخدمات الرقمية,عام,القطاع العام,خدمة إلكترونية,2026/04/05,"36,040,809"
الخدمات الرقمية,عام,القطاع العام,خدمة إلكترونية,2026/04/05,"36,040,810"
الخدمات الرقمية,عام,القطاع العام,خدمة إلكترونية,2026/04/05,"36,040,939"
الخدمات الرقمية,عام,القطاع العام,خدمة إلكترونية,2026/04/05,"36,040,788"
الخدمات الرقمية,عام,القطاع العام,خدمة إلكترونية,2026/04/05,"36,040,945"
الخدمات الرقمية,عام,القطاع العام,خدمة إلكترونية,2026/04/05,"36,040,662"
الخدمات الرقمية,عام,القطاع العام,خدمة إلكترونية,2026/04/05,"36,040,759"
الخدمات الرقمية,عام,القطاع العام,خدمة إلكترونية,2026/04/05,"36,040,768"
الخدمات الرقمية,عام,القطاع العام,خدمة إلكترونية,2026/04/05,"36,040,769"
الخدمات الرقمية,عام,القطاع العام,خدمة إلكترونية,2026/04/05,"36,040,849"
الخدمات الرقمية,عام,القطاع العام,خدمة إلكترونية,2026/04/05,"36,040,661"
الخدمات الرقمية,عام,القطاع العام,خدمة إلكترونية,2026/04/05,"36,040,885"
الخدمات الرقمية,عام,القطاع العام,خدمة إلكترونية,2026/04/05,"36,040,659"
الخدمات الرقمية,عام,القطاع العام,خدمة إلكترونية,2026/04/05,"36,040,660"
الخدمات الرقمية,عام,القطاع العام,خدمة إلكترونية,2026/04/05,"36,040,867"
الخدمات الرقمية,عام,القطاع العام,خدمة إلكترونية,2026/04/05,"36,040,941"
الخدمات الرقمية,عام,القطاع العام,خدمة إلكترونية,2026/04/05,"36,040,944"
الخدمات الرقمية,عام,القطاع العام,خدمة إلكترونية,2026/04/05,"36,040,674"
الخدمات الرقمية,عام,القطاع العام,خدمة إلكترونية,2026/04/05,"36,040,735"
الخدمات الرقمية,عام,القطاع العام,خدمة إلكترونية,2026/04/05,"36,040,676"
الخدمات الرقمية,عام,القطاع العام,خدمة إلكترونية,2026/04/05,"36,040,728"
الخدمات الرقمية,عام,القطاع العام,خدمة إلكترونية,2026/04/05,"36,040,812"
الخدمات الرقمية,عام,القطاع العام,خدمة إلكترونية,2026/04/05,"36,040,813"
الخدمات الرقمية,عام,القطاع العام,خدمة إلكترونية,2026/04/05,"36,040,937"
الخدمات الرقمية,عام,القطاع العام,خدمة إلكترونية,2026/04/05,"36,040,811"
الخدمات الرقمية,عام,القطاع العام,خدمة إلكترونية,2026/04/05,"36,040,931"
الخدمات الرقمية,عام,القطاع العام,خدمة إلكترونية,2026/04/05,"36,043,615"
الخدمات الرقمية,عام,القطاع العام,خدمة إلكترونية,2026/04/05,"36,040,692"
الخدمات الرقمية,عام,القطاع العام,خدمة إلكترونية,2026/04/05,"36,040,729"
الخدمات الرقمية,عام,القطاع العام,خدمة إلكترونية,2026/04/05,"36,040,767"
الخدمات الرقمية,عام,القطاع العام,خدمة إلكترونية,2026/04/05,"36,040,817"
الخدمات الرقمية,عام,القطاع العام,خدمة إلكترونية,2026/04/05,"36,043,642"
الخدمات الرقمية,عام,القطاع العام,خدمة إلكترونية,2026/04/05,"36,040,750"
الخدمات الرقمية,عام,القطاع العام,خدمة إلكترونية,2026/04/05,"36,040,757"
الخدمات الرقمية,عام,القطاع العام,خدمة إلكترونية,2026/04/05,"36,040,801"
الخدمات الرقمية,عام,القطاع العام,خدمة إلكترونية,2026/04/05,"36,040,871"
الخدمات الرقمية,عام,القطاع العام,خدمة إلكترونية,2026/04/05,"36,040,872"
الخدمات الرقمية,عام,القطاع العام,خدمة إلكترونية,2026/04/05,"36,040,920"
الخدمات الرقمية,عام,القطاع العام,خدمة إلكترونية,2026/04/05,"36,040,699"
الخدمات الرقمية,عام,القطاع العام,خدمة إلكترونية,2026/04/05,"36,040,710"
الخدمات الرقمية,عام,القطاع العام,خدمة إلكترونية,2026/04/05,"36,040,711"
الخدمات الرقمية,عام,القطاع العام,خدمة إلكترونية,2026/04/05,"36,040,720"
الخدمات الرقمية,عام,القطاع العام,خدمة إلكترونية,2026/04/05,"36,040,721"
الخدمات الرقمية,عام,القطاع العام,خدمة إلكترونية,2026/04/05,"36,040,776"
الخدمات الرقمية,عام,القطاع العام,خدمة إلكترونية,2026/04/05,"36,040,782"
الخدمات الرقمية,عام,القطاع العام,خدمة إلكترونية,2026/04/05,"36,040,783"
الخدمات الرقمية,عام,القطاع العام,خدمة إلكترونية,2026/04/05,"36,040,923"
الخدمات الرقمية,عام,القطاع العام,خدمة إلكترونية,2026/04/05,"36,040,933"
الخدمات الرقمية,عام,القطاع العام,خدمة إلكترونية,2026/04/05,"36,040,934"
الخدمات الرقمية,عام,القطاع العام,خدمة إلكترونية,2026/04/05,"36,040,874"
الخدمات الرقمية,عام,القطاع العام,خدمة إلكترونية,2026/04/05,"36,040,886"
الخدمات الرقمية,عام,القطاع العام,خدمة إلكترونية,2026/04/05,"36,040,866"
الخدمات الرقمية,عام,القطاع العام,خدمة إلكترونية,2026/04/05,"36,040,752"
الخدمات الرقمية,عام,القطاع العام,خدمة إلكترونية,2026/04/05,"36,040,753"
الخدمات الرقمية,عام,القطاع العام,خدمة إلكترونية,2026/04/05,"36,040,754"
الخدمات الرقمية,عام,القطاع العام,خدمة إلكترونية,2026/04/05,"36,040,806"
الخدمات الرقمية,عام,القطاع العام,خدمة إلكترونية,2026/04/05,"36,040,807"
الخدمات الرقمية,عام,القطاع العام,خدمة إلكترونية,2026/04/05,"36,040,869"
الخدمات الرقمية,عام,القطاع العام,خدمة إلكترونية,2026/04/05,"36,040,882"
الخدمات الرقمية,عام,القطاع العام,خدمة إلكترونية,2026/04/05,"36,040,896"
الخدمات الرقمية,عام,القطاع العام,خدمة إلكترونية,2026/04/05,"36,040,928"
الخدمات الرقمية,عام,القطاع العام,خدمة إلكترونية,2026/04/05,"36,040,673"
الخدمات الرقمية,عام,القطاع العام,خدمة إلكترونية,2026/04/05,"36,040,675"
الخدمات الرقمية,عام,القطاع العام,خدمة إلكترونية,2026/04/05,"36,040,830"
الخدمات الرقمية,عام,القطاع العام,خدمة إلكترونية,2026/04/05,"36,043,648"
الخدمات الرقمية,عام,القطاع العام,خدمة إلكترونية,2026/04/05,"36,043,649"
الخدمات الرقمية,عام,القطاع العام,خدمة إلكترونية,2026/04/05,"36,040,851"
الخدمات الرقمية,عام,القطاع العام,خدمة إلكترونية,2026/04/05,"36,040,808"
الخدمات الرقمية,عام,القطاع العام,خدمة إلكترونية,2026/04/05,"36,040,929"
الخدمات الرقمية,عام,القطاع العام,خدمة إلكترونية,2026/04/05,"36,040,601"
الخدمات الرقمية,عام,القطاع العام,خدمة إلكترونية,2026/04/05,"36,043,617"
الخدمات الرقمية,عام,القطاع العام,خدمة إلكترونية,2026/04/05,"36,040,649"
الخدمات الرقمية,عام,القطاع العام,خدمة إلكترونية,2026/04/05,"36,040,733"
الخدمات الرقمية,عام,القطاع العام,خدمة إلكترونية,2026/04/05,"36,040,846"
الخدمات الرقمية,عام,القطاع العام,خدمة إلكترونية,2026/04/05,"36,040,693"
الخدمات الرقمية,عام,القطاع العام,خدمة إلكترونية,2026/04/05,"36,040,607"
الخدمات الرقمية,عام,القطاع العام,خدمة إلكترونية,2026/04/05,"36,040,730"
الخدمات الرقمية,عام,القطاع العام,خدمة إلكترونية,2026/04/05,"36,043,644"
الخدمات الرقمية,عام,القطاع العام,خدمة إلكترونية,2026/04/05,"36,040,653"
الخدمات الرقمية,عام,القطاع العام,خدمة إلكترونية,2026/04/05,"36,043,641"
الخدمات الرقمية,عام,القطاع العام,خدمة إلكترونية,2026/04/05,"36,040,650"
الخدمات الرقمية,عام,القطاع العام,خدمة إلكترونية,2026/04/05,"36,040,655"
الخدمات الرقمية,عام,القطاع العام,خدمة إلكترونية,2026/04/05,"36,040,654"
الخدمات الرقمية,عام,القطاع العام,خدمة إلكترونية,2026/04/05,"36,040,707"
الخدمات الرقمية,عام,القطاع العام,خدمة إلكترونية,2026/04/05,"36,045,526"
الخدمات الرقمية,عام,القطاع العام,خدمة إلكترونية,2026/04/05,"36,040,802"
الخدمات الرقمية,عام,القطاع العام,خدمة إلكترونية,2026/04/05,"36,040,926"
الخدمات الرقمية,عام,القطاع العام,خدمة إلكترونية,2026/04/05,"36,040,772"
الخدمات الرقمية,عام,القطاع العام,خدمة إلكترونية,2026/04/05,"36,034,750"
الخدمات الرقمية,عام,القطاع العام,خدمة إلكترونية,2026/04/05,"36,040,602"
الخدمات الرقمية,عام,القطاع العام,خدمة إلكترونية,2026/04/05,"36,040,603"
الخدمات الرقمية,عام,القطاع العام,خدمة إلكترونية,2026/04/05,"36,040,672"
الخدمات الرقمية,عام,القطاع العام,خدمة إلكترونية,2026/04/05,"36,040,823"
الخدمات الرقمية,عام,القطاع العام,خدمة إلكترونية,2026/04/05,"36,040,704"
الخدمات الرقمية,عام,القطاع العام,خدمة إلكترونية,2026/04/05,"36,040,856"
الخدمات الرقمية,عام,القطاع العام,خدمة إلكترونية,2026/04/05,"36,040,770"
الخدمات الرقمية,عام,القطاع العام,خدمة إلكترونية,2026/04/05,"36,040,862"
الخدمات الرقمية,عام,القطاع العام,خدمة إلكترونية,2026/04/05,"36,034,748"
الخدمات الرقمية,عام,القطاع العام,خدمة إلكترونية,2026/04/05,"36,040,921"
الخدمات الرقمية,عام,القطاع العام,خدمة إلكترونية,2026/04/05,"36,040,850"
الخدمات الرقمية,عام,القطاع العام,خدمة إلكترونية,2026/04/05,"36,043,640"
الخدمات الرقمية,عام,القطاع العام,خدمة إلكترونية,2026/04/05,"36,040,756"
الخدمات الرقمية,عام,القطاع العام,خدمة إلكترونية,2026/04/05,"36,040,870"
الخدمات الرقمية,عام,القطاع العام,خدمة إلكترونية,2026/04/05,"36,040,899"
الخدمات الرقمية,عام,القطاع العام,خدمة إلكترونية,2026/04/05,"36,040,858"
الخدمات الرقمية,عام,القطاع العام,خدمة إلكترونية,2026/04/05,"36,040,641"
الخدمات الرقمية,عام,القطاع العام,خدمة إلكترونية,2026/04/05,"36,040,781"
الخدمات الرقمية,عام,القطاع العام,خدمة إلكترونية,2026/04/05,"36,043,646"
الخدمات الرقمية,عام,القطاع العام,خدمة إلكترونية,2026/04/05,"36,039,335"
الخدمات الرقمية,عام,القطاع العام,خدمة إلكترونية,2026/04/05,"36,040,935"
الخدمات الرقمية,عام,القطاع العام,خدمة إلكترونية,2026/04/05,"36,040,690"
الخدمات الرقمية,عام,القطاع العام,خدمة إلكترونية,2026/04/05,"36,040,701"
الخدمات الرقمية,عام,القطاع العام,خدمة إلكترونية,2026/04/05,"36,040,855"
الخدمات الرقمية,عام,القطاع العام,خدمة إلكترونية,2026/04/05,"36,040,829"
الخدمات الرقمية,عام,القطاع العام,خدمة إلكترونية,2026/04/05,"36,040,658"
الخدمات الرقمية,عام,القطاع العام,خدمة إلكترونية,2026/04/05,"36,040,884"
الخدمات الرقمية,عام,القطاع العام,خدمة إلكترونية,2026/04/05,"36,043,645"
الخدمات الرقمية,عام,القطاع العام,خدمة إلكترونية,2026/04/05,"36,040,758"
الخدمات الرقمية,عام,القطاع العام,خدمة إلكترونية,2026/04/05,"36,040,873"
الخدمات الرقمية,عام,القطاع العام,خدمة إلكترونية,2026/04/05,"36,040,652"
الخدمات الرقمية,عام,القطاع العام,خدمة إلكترونية,2026/04/05,"36,040,784"
الخدمات الرقمية,عام,القطاع العام,خدمة إلكترونية,2026/04/05,"36,040,922"
الخدمات الرقمية,عام,القطاع العام,خدمة إلكترونية,2026/04/05,"36,040,883"
الخدمات الرقمية,عام,القطاع العام,خدمة إلكترونية,2026/04/05,"36,039,337"
الخدمات الرقمية,عام,القطاع العام,خدمة إلكترونية,2026/04/05,"36,040,677"
الخدمات الرقمية,عام,القطاع العام,خدمة إلكترونية,2026/04/05,"36,040,831"
الخدمات الرقمية,عام,القطاع العام,خدمة إلكترونية,2026/04/05,"36,059,703"
الخدمات الرقمية,عام,القطاع العام,خدمة إلكترونية,2026/04/05,"36,059,702"
الخدمات الرقمية,عام,القطاع العام,خدمة إلكترونية,2026/04/05,"36,043,618"
الخدمات الرقمية,عام,القطاع العام,خدمة إلكترونية,2026/04/05,"36,059,548"
الخدمات الرقمية,عام,القطاع العام,خدمة إلكترونية,2026/04/05,"36,061,665"
الخدمات الرقمية,عام,القطاع العام,خدمة إلكترونية,2026/04/05,"36,060,291"
الخدمات الرقمية,عام,القطاع العام,خدمة إلكترونية,2026/04/05,"36,060,292"
الخدمات الرقمية,عام,القطاع العام,خدمة إلكترونية,2026/04/05,"36,040,670"
الخدمات الرقمية,عام,القطاع العام,خدمة إلكترونية,2026/04/05,"36,044,794"
الخدمات الرقمية,عام,القطاع العام,خدمة إلكترونية,2026/04/05,"36,060,295"
الخدمات الرقمية,عام,القطاع العام,خدمة إلكترونية,2026/04/05,"36,060,296"
الخدمات الرقمية,عام,القطاع العام,خدمة إلكترونية,2026/04/05,"36,060,294"
الخدمات الرقمية,عام,القطاع العام,خدمة إلكترونية,2026/04/05,"36,040,722"
الخدمات الرقمية,عام,القطاع العام,خدمة إلكترونية,2026/04/05,"36,040,877"
الخدمات الرقمية,عام,القطاع العام,خدمة إلكترونية,2026/04/05,"36,040,893"
الخدمات الرقمية,عام,القطاع العام,خدمة إلكترونية,2026/04/05,"36,040,924"
الخدمات الرقمية,عام,القطاع العام,خدمة إلكترونية,2026/04/05,"36,060,297"
الخدمات الرقمية,عام,القطاع العام,خدمة إلكترونية,2026/04/05,"36,061,666"
الخدمات الرقمية,عام,القطاع العام,خدمة إلكترونية,2026/04/05,"36,060,293"
الخدمات الرقمية,عام,القطاع العام,خدمة إلكترونية جزئيا,2026/04/05,"36,052,685"
 الرياض,الرياض,القطاع العام,خدمة إلكترونية جزئيا,2026/04/05,"36,037,430"
الخدمات الرقمية,عام,القطاع العام,خدمة إلكترونية جزئيا,2026/04/05,"36,052,826"
الخدمات الرقمية,عام,القطاع العام,خدمة إلكترونية,2026/04/06,"36,087,688"
الخدمات الرقمية,عام,القطاع العام,خدمة إلكترونية,2026/04/06,"36,082,162"
الخدمات الرقمية,عام,القطاع العام,خدمة إلكترونية,2026/04/06,"36,071,278"
الخدمات الرقمية,عام,القطاع العام,خدمة إلكترونية,2026/04/06,"36,069,567"
الخدمات الرقمية,عام,القطاع العام,خدمة إلكترونية,2026/04/06,"36,084,160"
الخدمات الرقمية,عام,القطاع العام,خدمة إلكترونية,2026/04/06,"36,068,564"
الخدمات الرقمية,عام,القطاع العام,خدمة إلكترونية,2026/04/06,"36,081,863"
الخدمات الرقمية,عام,القطاع العام,خدمة إلكترونية,2026/04/06,"36,074,578"
الخدمات الرقمية,عام,القطاع العام,خدمة إلكترونية,2026/04/06,"36,073,996"
 الرياض,الرياض,القطاع العام,خدمة إلكترونية جزئيا,2026/04/06,"36,072,816"
 الرياض,المزاحميه,القطاع العام,خدمة إلكترونية جزئيا,2026/04/06,"36,073,605"
الخدمات الرقمية,عام,القطاع العام,خدمة إلكترونية,2026/04/06,"36,082,175"
الخدمات الرقمية,عام,القطاع العام,خدمة إلكترونية,2026/04/06,"36,084,139"
الخدمات الرقمية,عام,القطاع العام,خدمة إلكترونية,2026/04/06,"36,081,909"
الخدمات الرقمية,عام,القطاع العام,خدمة إلكترونية,2026/04/06,"36,081,908"
الخدمات الرقمية,عام,القطاع العام,خدمة إلكترونية,2026/04/06,"36,087,713"
الخدمات الرقمية,عام,القطاع العام,خدمة إلكترونية,2026/04/06,"36,087,714"
الخدمات الرقمية,عام,القطاع العام,خدمة إلكترونية,2026/04/06,"36,087,715"
الخدمات الرقمية,عام,القطاع العام,خدمة إلكترونية,2026/04/06,"36,087,716"
الخدمات الرقمية,عام,القطاع العام,خدمة إلكترونية,2026/04/06,"36,071,307"
الخدمات الرقمية,عام,القطاع العام,خدمة إلكترونية,2026/04/06,"36,069,587"
الخدمات الرقمية,عام,القطاع العام,خدمة إلكترونية,2026/04/06,"36,069,589"
الخدمات الرقمية,عام,القطاع العام,خدمة إلكترونية,2026/04/06,"36,069,590"
الخدمات الرقمية,عام,القطاع العام,خدمة إلكترونية,2026/04/06,"36,071,303"
الخدمات الرقمية,عام,القطاع العام,خدمة إلكترونية,2026/04/06,"36,071,305"
الخدمات الرقمية,عام,القطاع العام,خدمة إلكترونية,2026/04/06,"36,071,308"
الخدمات الرقمية,عام,القطاع العام,خدمة إلكترونية,2026/04/06,"36,069,592"
الخدمات الرقمية,عام,القطاع العام,خدمة إلكترونية,2026/04/06,"36,071,300"
الخدمات الرقمية,عام,القطاع العام,خدمة إلكترونية,2026/04/06,"36,071,301"
الخدمات الرقمية,عام,القطاع العام,خدمة إلكترونية,2026/04/06,"36,068,567"
الخدمات الرقمية,عام,القطاع العام,خدمة إلكترونية,2026/04/06,"36,074,052"
الخدمات الرقمية,عام,القطاع العام,خدمة إلكترونية,2026/04/06,"36,071,302"
الخدمات الرقمية,عام,القطاع العام,خدمة إلكترونية,2026/04/06,"36,069,593"
الخدمات الرقمية,عام,القطاع العام,خدمة إلكترونية,2026/04/06,"36,068,568"
الخدمات الرقمية,عام,القطاع العام,خدمة إلكترونية,2026/04/06,"36,071,306"
الخدمات الرقمية,عام,القطاع العام,خدمة إلكترونية,2026/04/06,"36,069,585"
الخدمات الرقمية,عام,القطاع العام,خدمة إلكترونية,2026/04/06,"36,068,569"
الخدمات الرقمية,عام,القطاع العام,خدمة إلكترونية,2026/04/06,"36,074,597"
 الرياض,الرياض,القطاع العام,خدمة إلكترونية جزئيا,2026/04/06,"36,068,222"
 الرياض,الرياض,القطاع العام,خدمة إلكترونية جزئيا,2026/04/06,"36,072,734"
 الرياض,المزاحميه,القطاع العام,خدمة إلكترونية جزئيا,2026/04/06,"36,073,463"
الخدمات الرقمية,عام,القطاع العام,خدمة إلكترونية جزئيا,2026/04/06,"36,072,108"
الخدمات الرقمية,عام,القطاع العام,خدمة إلكترونية جزئيا,2026/04/06,"36,071,916"
الخدمات الرقمية,عام,القطاع العام,خدمة إلكترونية,2026/04/07,"36,114,416"
الخدمات الرقمية,عام,القطاع العام,خدمة إلكترونية,2026/04/07,"36,115,178"
الخدمات الرقمية,عام,القطاع العام,خدمة إلكترونية,2026/04/07,"36,096,965"
الخدمات الرقمية,عام,القطاع العام,خدمة إلكترونية,2026/04/07,"36,112,314"
الخدمات الرقمية,عام,القطاع العام,خدمة إلكترونية,2026/04/07,"36,112,101"
الخدمات الرقمية,عام,القطاع العام,خدمة إلكترونية,2026/04/07,"36,108,619"
الخدمات الرقمية,عام,القطاع العام,خدمة إلكترونية,2026/04/07,"36,111,118"
الخدمات الرقمية,عام,القطاع العام,خدمة إلكترونية,2026/04/07,"36,114,896"
الخدمات الرقمية,عام,القطاع العام,خدمة إلكترونية,2026/04/07,"36,110,699"
الخدمات الرقمية,عام,القطاع العام,خدمة إلكترونية,2026/04/07,"36,104,241"
الخدمات الرقمية,عام,القطاع العام,خدمة إلكترونية,2026/04/07,"36,114,105"
الخدمات الرقمية,عام,القطاع العام,خدمة إلكترونية,2026/04/07,"36,110,662"
الخدمات الرقمية,عام,القطاع العام,خدمة إلكترونية,2026/04/07,"36,106,575"
الخدمات الرقمية,عام,القطاع العام,خدمة إلكترونية جزئيا,2026/04/07,"36,094,603"
الخدمات الرقمية,عام,القطاع العام,خدمة إلكترونية جزئيا,2026/04/07,"36,094,570"
الخدمات الرقمية,عام,القطاع العام,خدمة إلكترونية جزئيا,2026/04/07,"36,094,575"
الخدمات الرقمية,عام,القطاع العام,خدمة إلكترونية جزئيا,2026/04/07,"36,094,532"
 الرياض,الرياض,القطاع العام,خدمة إلكترونية جزئيا,2026/04/07,"36,107,129"
 الرياض,الرياض,القطاع العام,خدمة إلكترونية جزئيا,2026/04/07,"36,107,213"
 الرياض,الرياض,القطاع العام,خدمة إلكترونية جزئيا,2026/04/07,"36,107,320"
الخدمات الرقمية,عام,القطاع العام,خدمة إلكترونية,2026/04/07,"36,110,720"
الخدمات الرقمية,عام,القطاع العام,خدمة إلكترونية,2026/04/07,"36,110,741"
الخدمات الرقمية,عام,القطاع العام,خدمة إلكترونية,2026/04/07,"36,110,743"
الخدمات الرقمية,عام,القطاع العام,خدمة إلكترونية,2026/04/07,"36,110,730"
الخدمات الرقمية,عام,القطاع العام,خدمة إلكترونية,2026/04/07,"36,110,739"
الخدمات الرقمية,عام,القطاع العام,خدمة إلكترونية,2026/04/07,"36,110,740"
الخدمات الرقمية,عام,القطاع العام,خدمة إلكترونية,2026/04/07,"36,110,747"
الخدمات الرقمية,عام,القطاع العام,خدمة إلكترونية,2026/04/07,"36,110,734"
الخدمات الرقمية,عام,القطاع العام,خدمة إلكترونية,2026/04/07,"36,110,677"
الخدمات الرقمية,عام,القطاع العام,خدمة إلكترونية,2026/04/07,"36,110,726"
الخدمات الرقمية,عام,القطاع العام,خدمة إلكترونية,2026/04/07,"36,110,736"
الخدمات الرقمية,عام,القطاع العام,خدمة إلكترونية,2026/04/07,"36,110,749"
الخدمات الرقمية,عام,القطاع العام,خدمة إلكترونية,2026/04/07,"36,110,750"
الخدمات الرقمية,عام,القطاع العام,خدمة إلكترونية,2026/04/07,"36,110,751"
الخدمات الرقمية,عام,القطاع العام,خدمة إلكترونية,2026/04/07,"36,110,732"
الخدمات الرقمية,عام,القطاع العام,خدمة إلكترونية,2026/04/07,"36,110,679"
الخدمات الرقمية,عام,القطاع العام,خدمة إلكترونية,2026/04/07,"36,110,728"
الخدمات الرقمية,عام,القطاع العام,خدمة إلكترونية,2026/04/07,"36,110,737"
الخدمات الرقمية,عام,القطاع العام,خدمة إلكترونية,2026/04/07,"36,110,745"
الخدمات الرقمية,عام,القطاع العام,خدمة إلكترونية,2026/04/07,"36,110,746"
الخدمات الرقمية,عام,القطاع العام,خدمة إلكترونية,2026/04/07,"36,110,724"
الخدمات الرقمية,عام,القطاع العام,خدمة إلكترونية,2026/04/07,"36,110,729"
الخدمات الرقمية,عام,القطاع العام,خدمة إلكترونية,2026/04/07,"36,110,733"
الخدمات الرقمية,عام,القطاع العام,خدمة إلكترونية,2026/04/07,"36,110,675"
الخدمات الرقمية,عام,القطاع العام,خدمة إلكترونية,2026/04/07,"36,110,678"
الخدمات الرقمية,عام,القطاع العام,خدمة إلكترونية,2026/04/07,"36,110,727"
الخدمات الرقمية,عام,القطاع العام,خدمة إلكترونية,2026/04/07,"36,110,744"
الخدمات الرقمية,عام,القطاع العام,خدمة إلكترونية,2026/04/07,"36,110,735"
الخدمات الرقمية,عام,القطاع العام,خدمة إلكترونية,2026/04/07,"36,110,748"
الخدمات الرقمية,عام,القطاع العام,خدمة إلكترونية,2026/04/07,"36,110,722"
الخدمات الرقمية,عام,القطاع العام,خدمة إلكترونية,2026/04/07,"36,096,981"
الخدمات الرقمية,عام,القطاع العام,خدمة إلكترونية,2026/04/07,"36,096,973"
الخدمات الرقمية,عام,القطاع العام,خدمة إلكترونية,2026/04/07,"36,096,974"
الخدمات الرقمية,عام,القطاع العام,خدمة إلكترونية,2026/04/07,"36,096,972"
الخدمات الرقمية,عام,القطاع العام,خدمة إلكترونية,2026/04/07,"36,096,971"
الخدمات الرقمية,عام,القطاع العام,خدمة إلكترونية,2026/04/07,"36,096,977"
الخدمات الرقمية,عام,القطاع العام,خدمة إلكترونية,2026/04/07,"36,096,978"
الخدمات الرقمية,عام,القطاع العام,خدمة إلكترونية,2026/04/07,"36,096,979"
الخدمات الرقمية,عام,القطاع العام,خدمة إلكترونية,2026/04/07,"36,096,980"
الخدمات الرقمية,عام,القطاع العام,خدمة إلكترونية,2026/04/07,"36,096,976"
الخدمات الرقمية,عام,القطاع العام,خدمة إلكترونية,2026/04/07,"36,106,605"
الخدمات الرقمية,عام,القطاع العام,خدمة إلكترونية,2026/04/07,"36,104,251"
الخدمات الرقمية,عام,القطاع العام,خدمة إلكترونية,2026/04/07,"36,106,601"
الخدمات الرقمية,عام,القطاع العام,خدمة إلكترونية,2026/04/07,"36,106,611"
الخدمات الرقمية,عام,القطاع العام,خدمة إلكترونية,2026/04/07,"36,106,607"
الخدمات الرقمية,عام,القطاع العام,خدمة إلكترونية,2026/04/07,"36,106,608"
الخدمات الرقمية,عام,القطاع العام,خدمة إلكترونية,2026/04/07,"36,106,600"
الخدمات الرقمية,عام,القطاع العام,خدمة إلكترونية,2026/04/07,"36,108,632"
الخدمات الرقمية,عام,القطاع العام,خدمة إلكترونية,2026/04/07,"36,108,633"
الخدمات الرقمية,عام,القطاع العام,خدمة إلكترونية,2026/04/07,"36,108,634"
الخدمات الرقمية,عام,القطاع العام,خدمة إلكترونية,2026/04/07,"36,109,284"
الخدمات الرقمية,عام,القطاع العام,خدمة إلكترونية,2026/04/07,"36,096,975"
الخدمات الرقمية,عام,القطاع العام,خدمة إلكترونية,2026/04/07,"36,106,609"
الخدمات الرقمية,عام,القطاع العام,خدمة إلكترونية,2026/04/07,"36,109,285"
الخدمات الرقمية,عام,القطاع العام,خدمة إلكترونية,2026/04/07,"36,106,579"
الخدمات الرقمية,عام,القطاع العام,خدمة إلكترونية,2026/04/07,"36,108,630"
الخدمات الرقمية,عام,القطاع العام,خدمة إلكترونية,2026/04/07,"36,106,604"
الخدمات الرقمية,عام,القطاع العام,خدمة إلكترونية,2026/04/07,"36,106,602"
الخدمات الرقمية,عام,القطاع العام,خدمة إلكترونية,2026/04/07,"36,106,606"
الخدمات الرقمية,عام,القطاع العام,خدمة إلكترونية,2026/04/07,"36,106,603"
الخدمات الرقمية,عام,القطاع العام,خدمة إلكترونية,2026/04/07,"36,112,118"
الخدمات الرقمية,عام,القطاع العام,خدمة إلكترونية,2026/04/07,"36,112,119"
الخدمات الرقمية,عام,القطاع العام,خدمة إلكترونية,2026/04/07,"36,110,681"
الخدمات الرقمية,عام,القطاع العام,خدمة إلكترونية,2026/04/07,"36,110,684"
الخدمات الرقمية,عام,القطاع العام,خدمة إلكترونية,2026/04/07,"36,112,121"
الخدمات الرقمية,عام,القطاع العام,خدمة إلكترونية,2026/04/07,"36,112,344"
الخدمات الرقمية,عام,القطاع العام,خدمة إلكترونية,2026/04/07,"36,111,144"
الخدمات الرقمية,عام,القطاع العام,خدمة إلكترونية,2026/04/07,"36,112,116"
الخدمات الرقمية,عام,القطاع العام,خدمة إلكترونية,2026/04/07,"36,106,578"
الخدمات الرقمية,عام,القطاع العام,خدمة إلكترونية,2026/04/07,"36,114,453"
الخدمات الرقمية,عام,القطاع العام,خدمة إلكترونية,2026/04/07,"36,114,914"
الخدمات الرقمية,عام,القطاع العام,خدمة إلكترونية,2026/04/07,"36,114,096"
الخدمات الرقمية,عام,القطاع العام,خدمة إلكترونية,2026/04/07,"36,115,189"
الخدمات الرقمية,عام,القطاع العام,خدمة إلكترونية,2026/04/07,"36,115,190"
الخدمات الرقمية,عام,القطاع العام,خدمة إلكترونية,2026/04/07,"36,115,191"
 الرياض,الرياض,القطاع العام,خدمة إلكترونية جزئيا,2026/04/07,"36,109,625"
الخدمات الرقمية,عام,القطاع العام,خدمة إلكترونية جزئيا,2026/04/07,"36,098,941"
الخدمات الرقمية,عام,القطاع العام,خدمة إلكترونية جزئيا,2026/04/07,"36,098,839"
الخدمات الرقمية,عام,القطاع العام,خدمة إلكترونية جزئيا,2026/04/07,"36,098,904"
الخدمات الرقمية,عام,القطاع العام,خدمة إلكترونية جزئيا,2026/04/07,"36,098,875"
الخدمات الرقمية,عام,القطاع العام,خدمة إلكترونية جزئيا,2026/04/07,"36,098,780"
 الرياض,الرياض,القطاع العام,خدمة إلكترونية جزئيا,2026/04/07,"36,100,369"
 الرياض,الرياض,القطاع العام,خدمة إلكترونية جزئيا,2026/04/07,"36,100,214"
 الرياض,الرياض,القطاع العام,خدمة إلكترونية جزئيا,2026/04/07,"36,103,178"
 الرياض,الرياض,القطاع العام,خدمة إلكترونية جزئيا,2026/04/07,"36,103,158"
الخدمات الرقمية,عام,القطاع العام,خدمة إلكترونية,2026/04/08,"36,123,128"
الخدمات الرقمية,عام,القطاع العام,خدمة إلكترونية,2026/04/08,"36,130,146"
الخدمات الرقمية,عام,القطاع العام,خدمة إلكترونية,2026/04/08,"36,132,988"
الخدمات الرقمية,عام,القطاع العام,خدمة إلكترونية,2026/04/08,"36,125,358"
الخدمات الرقمية,عام,القطاع العام,خدمة إلكترونية,2026/04/08,"36,130,197"
الخدمات الرقمية,عام,القطاع العام,خدمة إلكترونية,2026/04/08,"36,119,494"
الخدمات الرقمية,عام,القطاع العام,خدمة إلكترونية,2026/04/08,"36,130,770"
 الشرقية,الدمام,القطاع العام,خدمة إلكترونية جزئيا,2026/04/08,"36,124,415"
 الشرقية,الدمام,القطاع العام,خدمة إلكترونية جزئيا,2026/04/08,"36,124,374"
 الرياض,الرياض,القطاع العام,خدمة إلكترونية جزئيا,2026/04/08,"36,116,031"
الخدمات الرقمية,عام,القطاع العام,خدمة إلكترونية,2026/04/08,"36,119,508"
الخدمات الرقمية,عام,القطاع العام,خدمة إلكترونية,2026/04/08,"36,119,509"
الخدمات الرقمية,عام,القطاع العام,خدمة إلكترونية,2026/04/08,"36,119,506"
الخدمات الرقمية,عام,القطاع العام,خدمة إلكترونية,2026/04/08,"36,125,400"
الخدمات الرقمية,عام,القطاع العام,خدمة إلكترونية,2026/04/08,"36,125,401"
الخدمات الرقمية,عام,القطاع العام,خدمة إلكترونية,2026/04/08,"36,130,137"
الخدمات الرقمية,عام,القطاع العام,خدمة إلكترونية,2026/04/08,"36,130,138"
الخدمات الرقمية,عام,القطاع العام,خدمة إلكترونية,2026/04/08,"36,130,226"
الخدمات الرقمية,عام,القطاع العام,خدمة إلكترونية,2026/04/08,"36,130,227"
الخدمات الرقمية,عام,القطاع العام,خدمة إلكترونية,2026/04/08,"36,130,783"
الخدمات الرقمية,عام,القطاع العام,خدمة إلكترونية,2026/04/08,"36,119,505"
الخدمات الرقمية,عام,القطاع العام,خدمة إلكترونية,2026/04/08,"36,123,148"
الخدمات الرقمية,عام,القطاع العام,خدمة إلكترونية,2026/04/08,"36,130,785"
الخدمات الرقمية,عام,القطاع العام,خدمة إلكترونية,2026/04/08,"36,130,786"
الخدمات الرقمية,عام,القطاع العام,خدمة إلكترونية,2026/04/08,"36,130,139"
الخدمات الرقمية,عام,القطاع العام,خدمة إلكترونية,2026/04/08,"36,130,160"
الخدمات الرقمية,عام,القطاع العام,خدمة إلكترونية,2026/04/08,"36,130,225"
الخدمات الرقمية,عام,القطاع العام,خدمة إلكترونية,2026/04/08,"36,130,784"
الخدمات الرقمية,عام,القطاع العام,خدمة إلكترونية,2026/04/08,"36,119,507"
الخدمات الرقمية,عام,القطاع العام,خدمة إلكترونية,2026/04/08,"36,133,015"
الخدمات الرقمية,عام,القطاع العام,خدمة إلكترونية جزئيا,2026/04/08,"36,121,776"
الخدمات الرقمية,عام,القطاع العام,خدمة إلكترونية جزئيا,2026/04/08,"36,121,630"
الخدمات الرقمية,عام,القطاع العام,خدمة إلكترونية جزئيا,2026/04/08,"36,121,848"
الخدمات الرقمية,عام,القطاع العام,خدمة إلكترونية جزئيا,2026/04/08,"36,121,594"
الخدمات الرقمية,عام,القطاع العام,خدمة إلكترونية جزئيا,2026/04/08,"36,121,693"
 الرياض,الرياض,القطاع العام,خدمة إلكترونية جزئيا,2026/04/08,"36,125,703"
 الرياض,الرياض,القطاع العام,خدمة إلكترونية جزئيا,2026/04/08,"36,125,879"
 الرياض,الرياض,القطاع العام,خدمة إلكترونية جزئيا,2026/04/08,"36,125,828"
 الرياض,الرياض,القطاع العام,خدمة إلكترونية جزئيا,2026/04/08,"36,125,737"
 الرياض,الرياض,القطاع العام,خدمة إلكترونية جزئيا,2026/04/08,"36,125,531"
 الرياض,الرياض,القطاع العام,خدمة إلكترونية جزئيا,2026/04/08,"36,125,896"
 الرياض,الرياض,القطاع العام,خدمة إلكترونية جزئيا,2026/04/08,"36,123,095"
 الرياض,الرياض,القطاع العام,خدمة إلكترونية جزئيا,2026/04/08,"36,123,082"
 الرياض,الرياض,القطاع العام,خدمة إلكترونية جزئيا,2026/04/08,"36,123,014"
 الرياض,الرياض,القطاع العام,خدمة إلكترونية جزئيا,2026/04/08,"36,126,569"
الخدمات الرقمية,عام,القطاع العام,خدمة إلكترونية جزئيا,2026/04/09,"36,160,260"
الخدمات الرقمية,عام,القطاع العام,خدمة إلكترونية,2026/04/09,"36,150,063"
الخدمات الرقمية,عام,القطاع العام,خدمة إلكترونية,2026/04/09,"36,150,564"
الخدمات الرقمية,عام,القطاع العام,خدمة إلكترونية,2026/04/09,"36,156,567"
الخدمات الرقمية,عام,القطاع العام,خدمة إلكترونية,2026/04/09,"36,148,642"
الخدمات الرقمية,عام,القطاع العام,خدمة إلكترونية,2026/04/09,"36,160,251"
الخدمات الرقمية,عام,القطاع العام,خدمة إلكترونية,2026/04/09,"36,162,236"
الخدمات الرقمية,عام,القطاع العام,خدمة إلكترونية,2026/04/09,"36,150,346"
الخدمات الرقمية,عام,القطاع العام,خدمة إلكترونية جزئيا,2026/04/09,"36,152,850"
الخدمات الرقمية,عام,القطاع العام,خدمة إلكترونية جزئيا,2026/04/09,"36,152,763"
 الشرقية,الدمام,القطاع العام,خدمة إلكترونية جزئيا,2026/04/09,"36,144,271"
 الشرقية,الدمام,القطاع العام,خدمة إلكترونية جزئيا,2026/04/09,"36,144,218"
الخدمات الرقمية,عام,القطاع العام,خدمة إلكترونية جزئيا,2026/04/09,"36,160,194"
الخدمات الرقمية,عام,القطاع العام,خدمة إلكترونية جزئيا,2026/04/09,"36,160,184"
الخدمات الرقمية,عام,القطاع العام,خدمة إلكترونية جزئيا,2026/04/09,"36,160,009"
الخدمات الرقمية,عام,القطاع العام,خدمة إلكترونية جزئيا,2026/04/09,"36,160,230"
الخدمات الرقمية,عام,القطاع العام,خدمة إلكترونية جزئيا,2026/04/09,"36,160,042"
الخدمات الرقمية,عام,القطاع العام,خدمة إلكترونية جزئيا,2026/04/09,"36,160,004"
الخدمات الرقمية,عام,القطاع العام,خدمة إلكترونية جزئيا,2026/04/09,"36,160,096"
الخدمات الرقمية,عام,القطاع العام,خدمة إلكترونية جزئيا,2026/04/09,"36,160,015"
الخدمات الرقمية,عام,القطاع العام,خدمة إلكترونية جزئيا,2026/04/09,"36,159,999"
الخدمات الرقمية,عام,القطاع العام,خدمة إلكترونية جزئيا,2026/04/09,"36,160,012"
الخدمات الرقمية,عام,القطاع العام,خدمة إلكترونية جزئيا,2026/04/09,"36,160,157"
الخدمات الرقمية,عام,القطاع العام,خدمة إلكترونية جزئيا,2026/04/09,"36,160,239"
الخدمات الرقمية,عام,القطاع العام,خدمة إلكترونية جزئيا,2026/04/09,"36,160,141"
الخدمات الرقمية,عام,القطاع العام,خدمة إلكترونية جزئيا,2026/04/09,"36,160,019"
الخدمات الرقمية,عام,القطاع العام,خدمة إلكترونية جزئيا,2026/04/09,"36,160,125"
الخدمات الرقمية,عام,القطاع العام,خدمة إلكترونية جزئيا,2026/04/09,"36,160,149"
الخدمات الرقمية,عام,القطاع العام,خدمة إلكترونية جزئيا,2026/04/09,"36,160,084"
الخدمات الرقمية,عام,القطاع العام,خدمة إلكترونية جزئيا,2026/04/09,"36,160,233"
الخدمات الرقمية,عام,القطاع العام,خدمة إلكترونية جزئيا,2026/04/09,"36,160,223"
الخدمات الرقمية,عام,القطاع العام,خدمة إلكترونية جزئيا,2026/04/09,"36,160,227"
الخدمات الرقمية,عام,القطاع العام,خدمة إلكترونية جزئيا,2026/04/09,"36,160,048"
الخدمات الرقمية,عام,القطاع العام,خدمة إلكترونية جزئيا,2026/04/09,"36,160,135"
 الرياض,الرياض,القطاع العام,خدمة إلكترونية جزئيا,2026/04/09,"36,152,191"
الخدمات الرقمية,عام,القطاع العام,خدمة إلكترونية,2026/04/09,"36,148,661"
الخدمات الرقمية,عام,القطاع العام,خدمة إلكترونية,2026/04/09,"36,150,366"
الخدمات الرقمية,عام,القطاع العام,خدمة إلكترونية,2026/04/09,"36,150,578"
الخدمات الرقمية,عام,القطاع العام,خدمة إلكترونية,2026/04/09,"36,156,571"
الخدمات الرقمية,عام,القطاع العام,خدمة إلكترونية,2026/04/09,"36,156,572"
الخدمات الرقمية,عام,القطاع العام,خدمة إلكترونية,2026/04/09,"36,150,081"
الخدمات الرقمية,عام,القطاع العام,خدمة إلكترونية,2026/04/09,"36,150,365"
الخدمات الرقمية,عام,القطاع العام,خدمة إلكترونية,2026/04/09,"36,150,364"
الخدمات الرقمية,عام,القطاع العام,خدمة إلكترونية,2026/04/09,"36,160,256"
الخدمات الرقمية,عام,القطاع العام,خدمة إلكترونية,2026/04/09,"36,156,569"
الخدمات الرقمية,عام,القطاع العام,خدمة إلكترونية,2026/04/09,"36,156,570"
الخدمات الرقمية,عام,القطاع العام,خدمة إلكترونية,2026/04/09,"36,156,568"
الخدمات الرقمية,عام,القطاع العام,خدمة إلكترونية,2026/04/09,"36,162,268"
الخدمات الرقمية,عام,القطاع العام,خدمة إلكترونية,2026/04/09,"36,162,271"
الخدمات الرقمية,عام,القطاع العام,خدمة إلكترونية,2026/04/09,"36,162,272"
الخدمات الرقمية,عام,القطاع العام,خدمة إلكترونية,2026/04/09,"36,162,269"
الخدمات الرقمية,عام,القطاع العام,خدمة إلكترونية,2026/04/09,"36,162,270"
 مكة المكرمه,جده,القطاع العام,خدمة إلكترونية جزئيا,2026/04/09,"36,143,273"
 المدينة المنوره,المدينة المنورة,القطاع العام,خدمة إلكترونية جزئيا,2026/04/09,"36,151,051"
الخدمات الرقمية,عام,القطاع العام,خدمة إلكترونية,2026/04/10,"36,167,708"
الخدمات الرقمية,عام,القطاع العام,خدمة إلكترونية,2026/04/10,"36,173,280"
الخدمات الرقمية,عام,القطاع العام,خدمة إلكترونية,2026/04/10,"36,167,711"
الخدمات الرقمية,عام,القطاع العام,خدمة إلكترونية,2026/04/10,"36,167,712"
الخدمات الرقمية,عام,القطاع العام,خدمة إلكترونية,2026/04/10,"36,173,301"
الخدمات الرقمية,عام,القطاع العام,خدمة إلكترونية,2026/04/10,"36,173,302"
الخدمات الرقمية,عام,القطاع العام,خدمة إلكترونية,2026/04/10,"36,167,714"
الخدمات الرقمية,عام,القطاع العام,خدمة إلكترونية,2026/04/10,"36,167,713"
الخدمات الرقمية,عام,القطاع العام,خدمة إلكترونية,2026/04/10,"36,167,715"
الخدمات الرقمية,عام,القطاع العام,خدمة إلكترونية,2026/04/11,"36,181,836"
الخدمات الرقمية,عام,القطاع العام,خدمة إلكترونية,2026/04/11,"36,180,182"
الخدمات الرقمية,عام,القطاع العام,خدمة إلكترونية,2026/04/11,"36,181,176"
الخدمات الرقمية,عام,القطاع العام,خدمة إلكترونية,2026/04/11,"36,179,123"
 الرياض,الرياض,القطاع العام,خدمة إلكترونية جزئيا,2026/04/11,"36,179,223"
الخدمات الرقمية,عام,القطاع العام,خدمة إلكترونية,2026/04/11,"36,181,204"
الخدمات الرقمية,عام,القطاع العام,خدمة إلكترونية,2026/04/11,"36,181,202"
الخدمات الرقمية,عام,القطاع العام,خدمة إلكترونية,2026/04/11,"36,181,203"
الخدمات الرقمية,عام,القطاع العام,خدمة إلكترونية,2026/04/11,"36,181,201"
الخدمات الرقمية,عام,القطاع العام,خدمة إلكترونية,2026/04/11,"36,181,859"
الخدمات الرقمية,عام,القطاع العام,خدمة إلكترونية,2026/04/11,"36,180,187"
الخدمات الرقمية,عام,القطاع العام,خدمة إلكترونية,2026/04/11,"36,179,124"
 الرياض,الرياض,القطاع العام,خدمة إلكترونية جزئيا,2026/04/11,"36,175,489"
 الرياض,الرياض,القطاع العام,خدمة إلكترونية جزئيا,2026/04/11,"36,175,643"
 الرياض,الرياض,القطاع العام,خدمة إلكترونية جزئيا,2026/04/11,"36,175,570"
الخدمات الرقمية,عام,القطاع العام,خدمة إلكترونية,2026/04/12,"36,192,610"
الخدمات الرقمية,عام,القطاع العام,خدمة إلكترونية,2026/04/12,"36,194,558"
الخدمات الرقمية,عام,القطاع العام,خدمة إلكترونية,2026/04/12,"36,194,641"
الخدمات الرقمية,عام,القطاع العام,خدمة إلكترونية,2026/04/12,"36,194,635"
الخدمات الرقمية,عام,القطاع العام,خدمة إلكترونية,2026/04/12,"36,202,690"
الخدمات الرقمية,عام,القطاع العام,خدمة إلكترونية,2026/04/12,"36,203,086"
الخدمات الرقمية,عام,القطاع العام,خدمة إلكترونية,2026/04/12,"36,201,727"
الخدمات الرقمية,عام,القطاع العام,خدمة إلكترونية,2026/04/12,"36,194,509"
الخدمات الرقمية,عام,القطاع العام,خدمة إلكترونية,2026/04/12,"36,194,600"
الخدمات الرقمية,عام,القطاع العام,خدمة إلكترونية,2026/04/12,"36,194,656"
الخدمات الرقمية,عام,القطاع العام,خدمة إلكترونية,2026/04/12,"36,200,000"
الخدمات الرقمية,عام,القطاع العام,خدمة إلكترونية,2026/04/12,"36,197,171"
الخدمات الرقمية,عام,القطاع العام,خدمة إلكترونية,2026/04/12,"36,201,573"
الخدمات الرقمية,عام,القطاع العام,خدمة إلكترونية,2026/04/12,"36,196,377"
الخدمات الرقمية,عام,القطاع العام,خدمة إلكترونية,2026/04/12,"36,189,584"
الخدمات الرقمية,عام,القطاع العام,خدمة إلكترونية,2026/04/12,"36,189,482"
الخدمات الرقمية,عام,القطاع العام,خدمة إلكترونية جزئيا,2026/04/12,"36,198,692"
الخدمات الرقمية,عام,القطاع العام,خدمة إلكترونية جزئيا,2026/04/12,"36,188,187"
الخدمات الرقمية,عام,القطاع العام,خدمة إلكترونية جزئيا,2026/04/12,"36,198,724"
 مكة المكرمه,جده,القطاع العام,خدمة إلكترونية جزئيا,2026/04/12,"36,191,409"
 الرياض,الرياض,القطاع العام,خدمة إلكترونية جزئيا,2026/04/12,"36,188,084"
 الرياض,الرياض,القطاع العام,خدمة إلكترونية جزئيا,2026/04/12,"36,188,092"
 الرياض,الرياض,القطاع العام,خدمة إلكترونية جزئيا,2026/04/12,"36,186,701"
 الرياض,الرياض,القطاع العام,خدمة إلكترونية جزئيا,2026/04/12,"36,186,743"
الخدمات الرقمية,عام,القطاع العام,خدمة إلكترونية,2026/04/12,"36,194,647"
الخدمات الرقمية,عام,القطاع العام,خدمة إلكترونية,2026/04/12,"36,196,417"
الخدمات الرقمية,عام,القطاع العام,خدمة إلكترونية,2026/04/12,"36,196,418"
الخدمات الرقمية,عام,القطاع العام,خدمة إلكترونية,2026/04/12,"36,194,697"
الخدمات الرقمية,عام,القطاع العام,خدمة إلكترونية,2026/04/12,"36,194,698"
الخدمات الرقمية,عام,القطاع العام,خدمة إلكترونية,2026/04/12,"36,196,419"
الخدمات الرقمية,عام,القطاع العام,خدمة إلكترونية,2026/04/12,"36,197,159"
الخدمات الرقمية,عام,القطاع العام,خدمة إلكترونية,2026/04/12,"36,202,693"
الخدمات الرقمية,عام,القطاع العام,خدمة إلكترونية,2026/04/12,"36,202,694"
الخدمات الرقمية,عام,القطاع العام,خدمة إلكترونية,2026/04/12,"36,202,691"
الخدمات الرقمية,عام,القطاع العام,خدمة إلكترونية,2026/04/12,"36,202,692"
الخدمات الرقمية,عام,القطاع العام,خدمة إلكترونية,2026/04/12,"36,194,513"
الخدمات الرقمية,عام,القطاع العام,خدمة إلكترونية,2026/04/12,"36,201,735"
الخدمات الرقمية,عام,القطاع العام,خدمة إلكترونية,2026/04/12,"36,196,415"
الخدمات الرقمية,عام,القطاع العام,خدمة إلكترونية,2026/04/12,"36,197,157"
الخدمات الرقمية,عام,القطاع العام,خدمة إلكترونية,2026/04/12,"36,194,646"
الخدمات الرقمية,عام,القطاع العام,خدمة إلكترونية,2026/04/12,"36,196,416"
الخدمات الرقمية,عام,القطاع العام,خدمة إلكترونية,2026/04/12,"36,194,629"
الخدمات الرقمية,عام,القطاع العام,خدمة إلكترونية,2026/04/12,"36,194,586"
الخدمات الرقمية,عام,القطاع العام,خدمة إلكترونية,2026/04/12,"36,197,158"
الخدمات الرقمية,عام,القطاع العام,خدمة إلكترونية,2026/04/12,"36,194,512"
الخدمات الرقمية,عام,القطاع العام,خدمة إلكترونية,2026/04/12,"36,194,628"
الخدمات الرقمية,عام,القطاع العام,خدمة إلكترونية,2026/04/12,"36,194,585"
الخدمات الرقمية,عام,القطاع العام,خدمة إلكترونية,2026/04/12,"36,201,734"
الخدمات الرقمية,عام,القطاع العام,خدمة إلكترونية,2026/04/12,"36,201,576"
الخدمات الرقمية,عام,القطاع العام,خدمة إلكترونية,2026/04/12,"36,203,076"
الخدمات الرقمية,عام,القطاع العام,خدمة إلكترونية,2026/04/12,"36,189,469"
الخدمات الرقمية,عام,القطاع العام,خدمة إلكترونية,2026/04/12,"36,189,624"
الخدمات الرقمية,عام,القطاع العام,خدمة إلكترونية,2026/04/12,"36,192,629"
الخدمات الرقمية,عام,القطاع العام,خدمة إلكترونية,2026/04/12,"36,201,577"
الخدمات الرقمية,عام,القطاع العام,خدمة إلكترونية,2026/04/12,"36,201,578"
الخدمات الرقمية,عام,القطاع العام,خدمة إلكترونية,2026/04/12,"36,194,648"
الخدمات الرقمية,عام,القطاع العام,خدمة إلكترونية,2026/04/12,"36,200,024"
الخدمات الرقمية,عام,القطاع العام,خدمة إلكترونية جزئيا,2026/04/12,"36,188,064"
الخدمات الرقمية,عام,القطاع العام,خدمة إلكترونية جزئيا,2026/04/12,"36,186,855"
الخدمات الرقمية,عام,القطاع العام,خدمة إلكترونية جزئيا,2026/04/12,"36,186,909"
الخدمات الرقمية,عام,القطاع العام,خدمة إلكترونية جزئيا,2026/04/12,"36,186,775"
الخدمات الرقمية,عام,القطاع العام,خدمة إلكترونية جزئيا,2026/04/12,"36,186,845"
الخدمات الرقمية,عام,القطاع العام,خدمة إلكترونية جزئيا,2026/04/12,"36,186,816"
الخدمات الرقمية,عام,القطاع العام,خدمة إلكترونية جزئيا,2026/04/12,"36,195,022"
الخدمات الرقمية,عام,القطاع العام,خدمة إلكترونية جزئيا,2026/04/12,"36,195,399"
 الرياض,الرياض,القطاع العام,خدمة إلكترونية جزئيا,2026/04/12,"36,192,061"
 الرياض,الرياض,القطاع العام,خدمة إلكترونية جزئيا,2026/04/12,"36,195,789"
 الرياض,الرياض,القطاع العام,خدمة إلكترونية جزئيا,2026/04/12,"36,194,579"
 الرياض,الرياض,القطاع العام,خدمة إلكترونية جزئيا,2026/04/12,"36,194,696"
 الرياض,الرياض,القطاع العام,خدمة إلكترونية جزئيا,2026/04/12,"36,195,018"
الخدمات الرقمية,عام,القطاع العام,خدمة إلكترونية جزئيا,2026/04/12,"36,203,429"
 الرياض,الرياض,القطاع العام,خدمة إلكترونية جزئيا,2026/04/12,"36,194,494"
الخدمات الرقمية,عام,القطاع العام,خدمة إلكترونية,2026/04/13,"36,226,005"
الخدمات الرقمية,عام,القطاع العام,خدمة إلكترونية,2026/04/13,"36,228,068"
الخدمات الرقمية,عام,القطاع العام,خدمة إلكترونية,2026/04/13,"36,220,811"
الخدمات الرقمية,عام,القطاع العام,خدمة إلكترونية,2026/04/13,"36,208,823"
الخدمات الرقمية,عام,القطاع العام,خدمة إلكترونية,2026/04/13,"36,225,043"
الخدمات الرقمية,عام,القطاع العام,خدمة إلكترونية,2026/04/13,"36,212,838"
الخدمات الرقمية,عام,القطاع العام,خدمة إلكترونية,2026/04/13,"36,205,542"
الخدمات الرقمية,عام,القطاع العام,خدمة إلكترونية,2026/04/13,"36,221,980"
الخدمات الرقمية,عام,القطاع العام,خدمة إلكترونية,2026/04/13,"36,210,737"
الخدمات الرقمية,عام,القطاع العام,خدمة إلكترونية,2026/04/13,"36,220,743"
الخدمات الرقمية,عام,القطاع العام,خدمة إلكترونية,2026/04/13,"36,217,211"
الخدمات الرقمية,عام,القطاع العام,خدمة إلكترونية,2026/04/13,"36,211,701"
الخدمات الرقمية,عام,القطاع العام,خدمة إلكترونية,2026/04/13,"36,226,693"
الخدمات الرقمية,عام,القطاع العام,خدمة إلكترونية جزئيا,2026/04/13,"36,220,148"
الخدمات الرقمية,عام,القطاع العام,خدمة إلكترونية جزئيا,2026/04/13,"36,220,289"
الخدمات الرقمية,عام,القطاع العام,خدمة إلكترونية جزئيا,2026/04/13,"36,218,063"
الخدمات الرقمية,عام,القطاع العام,خدمة إلكترونية جزئيا,2026/04/13,"36,218,114"
 الرياض,الرياض,القطاع العام,خدمة إلكترونية جزئيا,2026/04/13,"36,205,088"
 الرياض,الرياض,القطاع العام,خدمة إلكترونية جزئيا,2026/04/13,"36,209,820"
 الرياض,الرياض,القطاع العام,خدمة إلكترونية جزئيا,2026/04/13,"36,209,331"
 الرياض,الرياض,القطاع العام,خدمة إلكترونية جزئيا,2026/04/13,"36,209,373"
 الرياض,الرياض,القطاع العام,خدمة إلكترونية جزئيا,2026/04/13,"36,209,404"
 الرياض,الرياض,القطاع العام,خدمة إلكترونية جزئيا,2026/04/13,"36,209,959"
 الرياض,الرياض,القطاع العام,خدمة إلكترونية جزئيا,2026/04/13,"36,209,882"
 الرياض,الرياض,القطاع العام,خدمة إلكترونية جزئيا,2026/04/13,"36,210,285"
 الرياض,الرياض,القطاع العام,خدمة إلكترونية جزئيا,2026/04/13,"36,209,744"
 الرياض,الرياض,القطاع العام,خدمة إلكترونية جزئيا,2026/04/13,"36,210,475"
 الرياض,الرياض,القطاع العام,خدمة إلكترونية جزئيا,2026/04/13,"36,209,294"
 الرياض,الرياض,القطاع العام,خدمة إلكترونية جزئيا,2026/04/13,"36,209,478"
 الرياض,الرياض,القطاع العام,خدمة إلكترونية جزئيا,2026/04/13,"36,209,911"
 الرياض,الرياض,القطاع العام,خدمة إلكترونية جزئيا,2026/04/13,"36,209,526"
 الرياض,الرياض,القطاع العام,خدمة إلكترونية جزئيا,2026/04/13,"36,209,645"
 الرياض,الرياض,القطاع العام,خدمة إلكترونية جزئيا,2026/04/13,"36,209,554"
 الرياض,الرياض,القطاع العام,خدمة إلكترونية جزئيا,2026/04/13,"36,209,390"
 الرياض,الرياض,القطاع العام,خدمة إلكترونية جزئيا,2026/04/13,"36,205,081"
 الرياض,الرياض,القطاع العام,خدمة إلكترونية جزئيا,2026/04/13,"36,205,167"
 الرياض,الرياض,القطاع العام,خدمة إلكترونية جزئيا,2026/04/13,"36,205,198"
 الرياض,الرياض,القطاع العام,خدمة إلكترونية جزئيا,2026/04/13,"36,208,283"
 الرياض,الرياض,القطاع العام,خدمة إلكترونية جزئيا,2026/04/13,"36,208,228"
 الرياض,الرياض,القطاع العام,خدمة إلكترونية جزئيا,2026/04/13,"36,209,435"
 الرياض,الرياض,القطاع العام,خدمة إلكترونية جزئيا,2026/04/13,"36,209,357"
 الرياض,الرياض,القطاع العام,خدمة إلكترونية جزئيا,2026/04/13,"36,209,836"
 الرياض,الرياض,القطاع العام,خدمة إلكترونية جزئيا,2026/04/13,"36,210,160"
الخدمات الرقمية,عام,القطاع العام,خدمة إلكترونية,2026/04/13,"36,225,049"
الخدمات الرقمية,عام,القطاع العام,خدمة إلكترونية,2026/04/13,"36,225,050"
الخدمات الرقمية,عام,القطاع العام,خدمة إلكترونية,2026/04/13,"36,225,051"
الخدمات الرقمية,عام,القطاع العام,خدمة إلكترونية,2026/04/13,"36,225,048"
الخدمات الرقمية,عام,القطاع العام,خدمة إلكترونية,2026/04/13,"36,225,053"
الخدمات الرقمية,عام,القطاع العام,خدمة إلكترونية,2026/04/13,"36,225,054"
الخدمات الرقمية,عام,القطاع العام,خدمة إلكترونية,2026/04/13,"36,225,047"
الخدمات الرقمية,عام,القطاع العام,خدمة إلكترونية,2026/04/13,"36,225,052"
الخدمات الرقمية,عام,القطاع العام,خدمة إلكترونية,2026/04/13,"36,225,055"
الخدمات الرقمية,عام,القطاع العام,خدمة إلكترونية,2026/04/13,"36,217,220"
الخدمات الرقمية,عام,القطاع العام,خدمة إلكترونية,2026/04/13,"36,217,221"
الخدمات الرقمية,عام,القطاع العام,خدمة إلكترونية,2026/04/13,"36,212,850"
الخدمات الرقمية,عام,القطاع العام,خدمة إلكترونية,2026/04/13,"36,217,219"
الخدمات الرقمية,عام,القطاع العام,خدمة إلكترونية,2026/04/13,"36,217,218"
الخدمات الرقمية,عام,القطاع العام,خدمة إلكترونية,2026/04/13,"36,212,851"
الخدمات الرقمية,عام,القطاع العام,خدمة إلكترونية,2026/04/13,"36,228,122"
الخدمات الرقمية,عام,القطاع العام,خدمة إلكترونية,2026/04/13,"36,226,048"
الخدمات الرقمية,عام,القطاع العام,خدمة إلكترونية,2026/04/13,"36,226,049"
الخدمات الرقمية,عام,القطاع العام,خدمة إلكترونية,2026/04/13,"36,226,047"
الخدمات الرقمية,عام,القطاع العام,خدمة إلكترونية,2026/04/13,"36,226,702"
الخدمات الرقمية,عام,القطاع العام,خدمة إلكترونية,2026/04/13,"36,222,028"
الخدمات الرقمية,عام,القطاع العام,خدمة إلكترونية,2026/04/13,"36,220,832"
الخدمات الرقمية,عام,القطاع العام,خدمة إلكترونية,2026/04/13,"36,222,027"
الخدمات الرقمية,عام,القطاع العام,خدمة إلكترونية,2026/04/13,"36,220,762"
الخدمات الرقمية,عام,القطاع العام,خدمة إلكترونية,2026/04/13,"36,222,023"
الخدمات الرقمية,عام,القطاع العام,خدمة إلكترونية,2026/04/13,"36,222,034"
الخدمات الرقمية,عام,القطاع العام,خدمة إلكترونية,2026/04/13,"36,210,766"
الخدمات الرقمية,عام,القطاع العام,خدمة إلكترونية,2026/04/13,"36,211,725"
الخدمات الرقمية,عام,القطاع العام,خدمة إلكترونية,2026/04/13,"36,222,031"
الخدمات الرقمية,عام,القطاع العام,خدمة إلكترونية,2026/04/13,"36,222,032"
الخدمات الرقمية,عام,القطاع العام,خدمة إلكترونية,2026/04/13,"36,222,033"
الخدمات الرقمية,عام,القطاع العام,خدمة إلكترونية,2026/04/13,"36,222,038"
الخدمات الرقمية,عام,القطاع العام,خدمة إلكترونية,2026/04/13,"36,222,026"
الخدمات الرقمية,عام,القطاع العام,خدمة إلكترونية,2026/04/13,"36,222,029"
الخدمات الرقمية,عام,القطاع العام,خدمة إلكترونية,2026/04/13,"36,222,037"
الخدمات الرقمية,عام,القطاع العام,خدمة إلكترونية,2026/04/13,"36,205,526"
الخدمات الرقمية,عام,القطاع العام,خدمة إلكترونية,2026/04/13,"36,208,850"
الخدمات الرقمية,عام,القطاع العام,خدمة إلكترونية,2026/04/13,"36,208,852"
الخدمات الرقمية,عام,القطاع العام,خدمة إلكترونية,2026/04/13,"36,208,853"
الخدمات الرقمية,عام,القطاع العام,خدمة إلكترونية,2026/04/13,"36,222,024"
الخدمات الرقمية,عام,القطاع العام,خدمة إلكترونية,2026/04/13,"36,222,025"
الخدمات الرقمية,عام,القطاع العام,خدمة إلكترونية,2026/04/13,"36,208,855"
الخدمات الرقمية,عام,القطاع العام,خدمة إلكترونية,2026/04/13,"36,220,763"
الخدمات الرقمية,عام,القطاع العام,خدمة إلكترونية,2026/04/13,"36,222,030"
الخدمات الرقمية,عام,القطاع العام,خدمة إلكترونية,2026/04/13,"36,208,854"
الخدمات الرقمية,عام,القطاع العام,خدمة إلكترونية,2026/04/13,"36,222,035"
الخدمات الرقمية,عام,القطاع العام,خدمة إلكترونية,2026/04/13,"36,222,036"
الخدمات الرقمية,عام,القطاع العام,خدمة إلكترونية,2026/04/13,"36,220,760"
الخدمات الرقمية,عام,القطاع العام,خدمة إلكترونية,2026/04/13,"36,222,021"
 الرياض,الرياض,القطاع العام,خدمة إلكترونية جزئيا,2026/04/13,"36,221,314"
 الرياض,الرياض,القطاع العام,خدمة إلكترونية جزئيا,2026/04/13,"36,221,610"
 الرياض,الرياض,القطاع العام,خدمة إلكترونية جزئيا,2026/04/13,"36,221,744"
 الرياض,الرياض,القطاع العام,خدمة إلكترونية جزئيا,2026/04/13,"36,221,190"
 الرياض,الرياض,القطاع العام,خدمة إلكترونية جزئيا,2026/04/13,"36,221,645"
 الرياض,الرياض,القطاع العام,خدمة إلكترونية جزئيا,2026/04/13,"36,221,421"
 الرياض,الرياض,القطاع العام,خدمة إلكترونية جزئيا,2026/04/13,"36,221,058"
 الرياض,الرياض,القطاع العام,خدمة إلكترونية جزئيا,2026/04/13,"36,221,016"
 الرياض,الرياض,القطاع العام,خدمة إلكترونية جزئيا,2026/04/13,"36,221,693"
 الرياض,الرياض,القطاع العام,خدمة إلكترونية جزئيا,2026/04/13,"36,221,263"
 الرياض,الرياض,القطاع العام,خدمة إلكترونية جزئيا,2026/04/13,"36,213,643"
 الرياض,الرياض,القطاع العام,خدمة إلكترونية جزئيا,2026/04/13,"36,209,277"
 الرياض,الرياض,القطاع العام,خدمة إلكترونية جزئيا,2026/04/13,"36,210,130"
 الرياض,الرياض,القطاع العام,خدمة إلكترونية جزئيا,2026/04/13,"36,210,263"
 الرياض,الرياض,القطاع العام,خدمة إلكترونية جزئيا,2026/04/13,"36,209,254"
 الرياض,الرياض,القطاع العام,خدمة إلكترونية جزئيا,2026/04/13,"36,210,374"
 الرياض,الرياض,القطاع العام,خدمة إلكترونية جزئيا,2026/04/13,"36,210,349"
 الرياض,الرياض,القطاع العام,خدمة إلكترونية جزئيا,2026/04/13,"36,210,505"
 الرياض,الرياض,القطاع العام,خدمة إلكترونية جزئيا,2026/04/13,"36,210,225"
 الرياض,الرياض,القطاع العام,خدمة إلكترونية جزئيا,2026/04/13,"36,215,127"
 الرياض,الرياض,القطاع العام,خدمة إلكترونية جزئيا,2026/04/13,"36,215,308"
 الرياض,الرياض,القطاع العام,خدمة إلكترونية جزئيا,2026/04/13,"36,215,459"
 الرياض,الرياض,القطاع العام,خدمة إلكترونية جزئيا,2026/04/13,"36,216,206"
 الرياض,الرياض,القطاع العام,خدمة إلكترونية جزئيا,2026/04/13,"36,216,531"
 الرياض,الرياض,القطاع العام,خدمة إلكترونية جزئيا,2026/04/13,"36,210,396"
 الرياض,الرياض,القطاع العام,خدمة إلكترونية جزئيا,2026/04/13,"36,210,039"
 الرياض,الرياض,القطاع العام,خدمة إلكترونية جزئيا,2026/04/13,"36,210,089"
 الرياض,الرياض,القطاع العام,خدمة إلكترونية جزئيا,2026/04/13,"36,210,307"
 الرياض,الرياض,القطاع العام,خدمة إلكترونية جزئيا,2026/04/13,"36,213,904"
 الرياض,الرياض,القطاع العام,خدمة إلكترونية جزئيا,2026/04/13,"36,215,025"
 الرياض,الرياض,القطاع العام,خدمة إلكترونية جزئيا,2026/04/13,"36,214,907"
 الرياض,الرياض,القطاع العام,خدمة إلكترونية جزئيا,2026/04/13,"36,214,381"
 الرياض,الرياض,القطاع العام,خدمة إلكترونية جزئيا,2026/04/13,"36,214,617"
 الرياض,الرياض,القطاع العام,خدمة إلكترونية جزئيا,2026/04/13,"36,208,187"
 الرياض,الرياض,القطاع العام,خدمة إلكترونية جزئيا,2026/04/13,"36,208,138"
 الرياض,الرياض,القطاع العام,خدمة إلكترونية جزئيا,2026/04/13,"36,208,199"
 الرياض,الرياض,القطاع العام,خدمة إلكترونية جزئيا,2026/04/13,"36,208,320"
الخدمات الرقمية,عام,القطاع العام,خدمة إلكترونية جزئيا,2026/04/13,"36,220,585"
الخدمات الرقمية,عام,القطاع العام,خدمة إلكترونية جزئيا,2026/04/13,"36,221,244"
الخدمات الرقمية,عام,القطاع العام,خدمة إلكترونية جزئيا,2026/04/13,"36,221,525"
الخدمات الرقمية,عام,القطاع العام,خدمة إلكترونية جزئيا,2026/04/13,"36,220,831"
الخدمات الرقمية,عام,القطاع العام,خدمة إلكترونية جزئيا,2026/04/13,"36,221,764"
 الرياض,الرياض,القطاع العام,خدمة إلكترونية جزئيا,2026/04/13,"36,220,932"
 الرياض,الرياض,القطاع العام,خدمة إلكترونية جزئيا,2026/04/13,"36,221,554"
 الرياض,الرياض,القطاع العام,خدمة إلكترونية جزئيا,2026/04/13,"36,221,130"
 الرياض,الرياض,القطاع العام,خدمة إلكترونية جزئيا,2026/04/13,"36,220,852"
 الرياض,الرياض,القطاع العام,خدمة إلكترونية جزئيا,2026/04/13,"36,215,691"
 الرياض,الرياض,القطاع العام,خدمة إلكترونية جزئيا,2026/04/13,"36,215,064"
الخدمات الرقمية,عام,القطاع العام,خدمة إلكترونية,2026/04/14,"36,231,315"
الخدمات الرقمية,عام,القطاع العام,خدمة إلكترونية,2026/04/14,"36,241,502"
الخدمات الرقمية,عام,القطاع العام,خدمة إلكترونية,2026/04/14,"36,244,821"
الخدمات الرقمية,عام,القطاع العام,خدمة إلكترونية,2026/04/14,"36,257,897"
الخدمات الرقمية,عام,القطاع العام,خدمة إلكترونية,2026/04/14,"36,247,384"
الخدمات الرقمية,عام,القطاع العام,خدمة إلكترونية,2026/04/14,"36,248,359"
الخدمات الرقمية,عام,القطاع العام,خدمة إلكترونية,2026/04/14,"36,251,510"
الخدمات الرقمية,عام,القطاع العام,خدمة إلكترونية,2026/04/14,"36,250,307"
الخدمات الرقمية,عام,القطاع العام,خدمة إلكترونية,2026/04/14,"36,234,725"
الخدمات الرقمية,عام,القطاع العام,خدمة إلكترونية,2026/04/14,"36,249,932"
الخدمات الرقمية,عام,القطاع العام,خدمة إلكترونية,2026/04/14,"36,241,398"
الخدمات الرقمية,عام,القطاع العام,خدمة إلكترونية,2026/04/14,"36,236,236"
الخدمات الرقمية,عام,القطاع العام,خدمة إلكترونية,2026/04/14,"36,235,937"
الخدمات الرقمية,عام,القطاع العام,خدمة إلكترونية,2026/04/14,"36,234,625"
الخدمات الرقمية,عام,القطاع العام,خدمة إلكترونية جزئيا,2026/04/14,"36,248,279"
الخدمات الرقمية,عام,القطاع العام,خدمة إلكترونية جزئيا,2026/04/14,"36,247,854"
 الرياض,الرياض,القطاع العام,خدمة إلكترونية جزئيا,2026/04/14,"36,238,960"
 الرياض,الرياض,القطاع العام,خدمة إلكترونية جزئيا,2026/04/14,"36,239,097"
 الرياض,الرياض,القطاع العام,خدمة إلكترونية جزئيا,2026/04/14,"36,231,404"
 الرياض,الرياض,القطاع العام,خدمة إلكترونية جزئيا,2026/04/14,"36,231,357"
 الرياض,الرياض,القطاع العام,خدمة إلكترونية جزئيا,2026/04/14,"36,231,342"
الخدمات الرقمية,عام,القطاع العام,خدمة إلكترونية,2026/04/14,"36,250,311"
الخدمات الرقمية,عام,القطاع العام,خدمة إلكترونية,2026/04/14,"36,250,312"
الخدمات الرقمية,عام,القطاع العام,خدمة إلكترونية,2026/04/14,"36,231,318"
الخدمات الرقمية,عام,القطاع العام,خدمة إلكترونية,2026/04/14,"36,234,738"
الخدمات الرقمية,عام,القطاع العام,خدمة إلكترونية,2026/04/14,"36,234,739"
الخدمات الرقمية,عام,القطاع العام,خدمة إلكترونية,2026/04/14,"36,231,340"
الخدمات الرقمية,عام,القطاع العام,خدمة إلكترونية,2026/04/14,"36,234,639"
الخدمات الرقمية,عام,القطاع العام,خدمة إلكترونية,2026/04/14,"36,234,743"
الخدمات الرقمية,عام,القطاع العام,خدمة إلكترونية,2026/04/14,"36,234,744"
الخدمات الرقمية,عام,القطاع العام,خدمة إلكترونية,2026/04/14,"36,234,737"
الخدمات الرقمية,عام,القطاع العام,خدمة إلكترونية,2026/04/14,"36,234,636"
الخدمات الرقمية,عام,القطاع العام,خدمة إلكترونية,2026/04/14,"36,234,637"
الخدمات الرقمية,عام,القطاع العام,خدمة إلكترونية,2026/04/14,"36,234,638"
الخدمات الرقمية,عام,القطاع العام,خدمة إلكترونية,2026/04/14,"36,234,741"
الخدمات الرقمية,عام,القطاع العام,خدمة إلكترونية,2026/04/14,"36,234,746"
الخدمات الرقمية,عام,القطاع العام,خدمة إلكترونية,2026/04/14,"36,234,747"
الخدمات الرقمية,عام,القطاع العام,خدمة إلكترونية,2026/04/14,"36,234,748"
الخدمات الرقمية,عام,القطاع العام,خدمة إلكترونية,2026/04/14,"36,234,749"
الخدمات الرقمية,عام,القطاع العام,خدمة إلكترونية,2026/04/14,"36,236,274"
الخدمات الرقمية,عام,القطاع العام,خدمة إلكترونية,2026/04/14,"36,236,276"
الخدمات الرقمية,عام,القطاع العام,خدمة إلكترونية,2026/04/14,"36,236,277"
الخدمات الرقمية,عام,القطاع العام,خدمة إلكترونية,2026/04/14,"36,236,278"
الخدمات الرقمية,عام,القطاع العام,خدمة إلكترونية,2026/04/14,"36,234,733"
الخدمات الرقمية,عام,القطاع العام,خدمة إلكترونية,2026/04/14,"36,234,742"
الخدمات الرقمية,عام,القطاع العام,خدمة إلكترونية,2026/04/14,"36,235,965"
الخدمات الرقمية,عام,القطاع العام,خدمة إلكترونية,2026/04/14,"36,234,736"
الخدمات الرقمية,عام,القطاع العام,خدمة إلكترونية,2026/04/14,"36,235,964"
الخدمات الرقمية,عام,القطاع العام,خدمة إلكترونية,2026/04/14,"36,241,430"
الخدمات الرقمية,عام,القطاع العام,خدمة إلكترونية,2026/04/14,"36,241,519"
الخدمات الرقمية,عام,القطاع العام,خدمة إلكترونية,2026/04/14,"36,234,740"
الخدمات الرقمية,عام,القطاع العام,خدمة إلكترونية,2026/04/14,"36,234,734"
الخدمات الرقمية,عام,القطاع العام,خدمة إلكترونية,2026/04/14,"36,236,275"
الخدمات الرقمية,عام,القطاع العام,خدمة إلكترونية,2026/04/14,"36,244,844"
الخدمات الرقمية,عام,القطاع العام,خدمة إلكترونية,2026/04/14,"36,244,843"
الخدمات الرقمية,عام,القطاع العام,خدمة إلكترونية,2026/04/14,"36,234,732"
الخدمات الرقمية,عام,القطاع العام,خدمة إلكترونية,2026/04/14,"36,241,431"
الخدمات الرقمية,عام,القطاع العام,خدمة إلكترونية,2026/04/14,"36,234,745"
الخدمات الرقمية,عام,القطاع العام,خدمة إلكترونية,2026/04/14,"36,231,319"
الخدمات الرقمية,عام,القطاع العام,خدمة إلكترونية,2026/04/14,"36,248,404"
الخدمات الرقمية,عام,القطاع العام,خدمة إلكترونية,2026/04/14,"36,248,405"
الخدمات الرقمية,عام,القطاع العام,خدمة إلكترونية,2026/04/14,"36,248,406"
الخدمات الرقمية,عام,القطاع العام,خدمة إلكترونية,2026/04/14,"36,248,400"
الخدمات الرقمية,عام,القطاع العام,خدمة إلكترونية,2026/04/14,"36,248,401"
الخدمات الرقمية,عام,القطاع العام,خدمة إلكترونية,2026/04/14,"36,247,385"
الخدمات الرقمية,عام,القطاع العام,خدمة إلكترونية,2026/04/14,"36,247,386"
الخدمات الرقمية,عام,القطاع العام,خدمة إلكترونية,2026/04/14,"36,247,387"
الخدمات الرقمية,عام,القطاع العام,خدمة إلكترونية,2026/04/14,"36,248,408"
الخدمات الرقمية,عام,القطاع العام,خدمة إلكترونية,2026/04/14,"36,251,516"
الخدمات الرقمية,عام,القطاع العام,خدمة إلكترونية,2026/04/14,"36,251,517"
الخدمات الرقمية,عام,القطاع العام,خدمة إلكترونية,2026/04/14,"36,251,512"
الخدمات الرقمية,عام,القطاع العام,خدمة إلكترونية,2026/04/14,"36,248,403"
الخدمات الرقمية,عام,القطاع العام,خدمة إلكترونية,2026/04/14,"36,249,941"
الخدمات الرقمية,عام,القطاع العام,خدمة إلكترونية,2026/04/14,"36,249,940"
الخدمات الرقمية,عام,القطاع العام,خدمة إلكترونية,2026/04/14,"36,251,513"
الخدمات الرقمية,عام,القطاع العام,خدمة إلكترونية,2026/04/14,"36,251,514"
الخدمات الرقمية,عام,القطاع العام,خدمة إلكترونية,2026/04/14,"36,248,402"
الخدمات الرقمية,عام,القطاع العام,خدمة إلكترونية,2026/04/14,"36,251,515"
الخدمات الرقمية,عام,القطاع العام,خدمة إلكترونية,2026/04/14,"36,248,407"
الخدمات الرقمية,عام,القطاع العام,خدمة إلكترونية,2026/04/14,"36,248,379"
الخدمات الرقمية,عام,القطاع العام,خدمة إلكترونية,2026/04/14,"36,257,928"
الخدمات الرقمية,عام,القطاع العام,خدمة إلكترونية,2026/04/14,"36,257,929"
الخدمات الرقمية,عام,القطاع العام,خدمة إلكترونية,2026/04/14,"36,257,927"
 الرياض,الرياض,القطاع العام,خدمة إلكترونية جزئيا,2026/04/14,"36,241,402"
الخدمات الرقمية,عام,القطاع العام,خدمة إلكترونية جزئيا,2026/04/14,"36,243,637"
الخدمات الرقمية,عام,القطاع العام,خدمة إلكترونية جزئيا,2026/04/14,"36,243,521"
الخدمات الرقمية,عام,القطاع العام,خدمة إلكترونية جزئيا,2026/04/14,"36,243,998"
الخدمات الرقمية,عام,القطاع العام,خدمة إلكترونية جزئيا,2026/04/14,"36,243,383"
الخدمات الرقمية,عام,القطاع العام,خدمة إلكترونية جزئيا,2026/04/14,"36,243,582"
الخدمات الرقمية,عام,القطاع العام,خدمة إلكترونية جزئيا,2026/04/14,"36,243,472"
الخدمات الرقمية,عام,القطاع العام,خدمة إلكترونية جزئيا,2026/04/14,"36,246,812"
الخدمات الرقمية,عام,القطاع العام,خدمة إلكترونية جزئيا,2026/04/14,"36,246,926"
 الرياض,الرياض,القطاع العام,خدمة إلكترونية جزئيا,2026/04/14,"36,239,803"
 الرياض,الرياض,القطاع العام,خدمة إلكترونية جزئيا,2026/04/14,"36,239,946"
 الرياض,الرياض,القطاع العام,خدمة إلكترونية جزئيا,2026/04/14,"36,240,485"
 الرياض,الرياض,القطاع العام,خدمة إلكترونية جزئيا,2026/04/14,"36,239,478"
 الرياض,الرياض,القطاع العام,خدمة إلكترونية جزئيا,2026/04/14,"36,240,078"
 الرياض,الرياض,القطاع العام,خدمة إلكترونية جزئيا,2026/04/14,"36,241,643"
 الرياض,الرياض,القطاع العام,خدمة إلكترونية جزئيا,2026/04/14,"36,241,256"
 الرياض,الرياض,القطاع العام,خدمة إلكترونية جزئيا,2026/04/14,"36,239,605"
 الرياض,الرياض,القطاع العام,خدمة إلكترونية جزئيا,2026/04/14,"36,241,124"
 الرياض,الرياض,القطاع العام,خدمة إلكترونية جزئيا,2026/04/14,"36,240,273"
 الرياض,الرياض,القطاع العام,خدمة إلكترونية جزئيا,2026/04/14,"36,239,415"
 الرياض,الرياض,القطاع العام,خدمة إلكترونية جزئيا,2026/04/14,"36,239,561"
الخدمات الرقمية,عام,القطاع العام,خدمة إلكترونية جزئيا,2026/04/14,"36,247,010"
الخدمات الرقمية,عام,القطاع العام,خدمة إلكترونية,2026/04/15,"36,269,916"
الخدمات الرقمية,عام,القطاع العام,خدمة إلكترونية,2026/04/15,"36,278,485"
الخدمات الرقمية,عام,القطاع العام,خدمة إلكترونية,2026/04/15,"36,284,135"
الخدمات الرقمية,عام,القطاع العام,خدمة إلكترونية,2026/04/15,"36,270,000"
الخدمات الرقمية,عام,القطاع العام,خدمة إلكترونية,2026/04/15,"36,277,679"
الخدمات الرقمية,عام,القطاع العام,خدمة إلكترونية,2026/04/15,"36,273,046"
الخدمات الرقمية,عام,القطاع العام,خدمة إلكترونية جزئيا,2026/04/15,"36,270,293"
الخدمات الرقمية,عام,القطاع العام,خدمة إلكترونية جزئيا,2026/04/15,"36,270,284"
الخدمات الرقمية,عام,القطاع العام,خدمة إلكترونية جزئيا,2026/04/15,"36,281,059"
الخدمات الرقمية,عام,القطاع العام,خدمة إلكترونية جزئيا,2026/04/15,"36,281,267"
الخدمات الرقمية,عام,القطاع العام,خدمة إلكترونية جزئيا,2026/04/15,"36,280,540"
الخدمات الرقمية,عام,القطاع العام,خدمة إلكترونية جزئيا,2026/04/15,"36,268,550"
الخدمات الرقمية,عام,القطاع العام,خدمة إلكترونية جزئيا,2026/04/15,"36,271,969"
 جازان,جيزان,القطاع العام,خدمة إلكترونية جزئيا,2026/04/15,"36,265,181"
 جازان,جيزان,القطاع العام,خدمة إلكترونية جزئيا,2026/04/15,"36,265,152"
 الرياض,المزاحميه,القطاع العام,خدمة إلكترونية جزئيا,2026/04/15,"36,267,301"
 الرياض,المزاحميه,القطاع العام,خدمة إلكترونية جزئيا,2026/04/15,"36,267,117"
 الرياض,الرياض,القطاع العام,خدمة إلكترونية جزئيا,2026/04/15,"36,271,942"
الخدمات الرقمية,عام,القطاع العام,خدمة إلكترونية,2026/04/15,"36,269,976"
الخدمات الرقمية,عام,القطاع العام,خدمة إلكترونية,2026/04/15,"36,273,080"
الخدمات الرقمية,عام,القطاع العام,خدمة إلكترونية,2026/04/15,"36,269,979"
الخدمات الرقمية,عام,القطاع العام,خدمة إلكترونية,2026/04/15,"36,270,008"
الخدمات الرقمية,عام,القطاع العام,خدمة إلكترونية,2026/04/15,"36,284,154"
الخدمات الرقمية,عام,القطاع العام,خدمة إلكترونية,2026/04/15,"36,284,155"
الخدمات الرقمية,عام,القطاع العام,خدمة إلكترونية,2026/04/15,"36,278,517"
الخدمات الرقمية,عام,القطاع العام,خدمة إلكترونية,2026/04/15,"36,278,518"
الخدمات الرقمية,عام,القطاع العام,خدمة إلكترونية,2026/04/15,"36,277,694"
الخدمات الرقمية,عام,القطاع العام,خدمة إلكترونية,2026/04/15,"36,270,007"
الخدمات الرقمية,عام,القطاع العام,خدمة إلكترونية,2026/04/15,"36,270,009"
الخدمات الرقمية,عام,القطاع العام,خدمة إلكترونية,2026/04/15,"36,269,978"
 الرياض,الرياض,القطاع العام,خدمة إلكترونية جزئيا,2026/04/15,"36,285,727"
 الرياض,الرياض,القطاع العام,خدمة إلكترونية جزئيا,2026/04/15,"36,272,066"
 الرياض,الرياض,القطاع العام,خدمة إلكترونية جزئيا,2026/04/15,"36,271,723"
 الرياض,الرياض,القطاع العام,خدمة إلكترونية جزئيا,2026/04/15,"36,271,829"
الخدمات الرقمية,عام,القطاع العام,خدمة إلكترونية جزئيا,2026/04/15,"36,259,261"
الخدمات الرقمية,عام,القطاع العام,خدمة إلكترونية جزئيا,2026/04/15,"36,271,906"
الخدمات الرقمية,عام,القطاع العام,خدمة إلكترونية جزئيا,2026/04/15,"36,271,670"
الخدمات الرقمية,عام,القطاع العام,خدمة إلكترونية جزئيا,2026/04/15,"36,276,207"
 الرياض,الرياض,القطاع العام,خدمة إلكترونية جزئيا,2026/04/15,"36,270,588"
الخدمات الرقمية,عام,القطاع العام,خدمة إلكترونية جزئيا,2026/04/15,"36,276,864"
الخدمات الرقمية,عام,القطاع العام,خدمة إلكترونية جزئيا,2026/04/15,"36,277,043"
الخدمات الرقمية,عام,القطاع العام,خدمة إلكترونية جزئيا,2026/04/15,"36,277,782"
الخدمات الرقمية,عام,القطاع العام,خدمة إلكترونية جزئيا,2026/04/15,"36,277,581"
الخدمات الرقمية,عام,القطاع العام,خدمة إلكترونية جزئيا,2026/04/15,"36,276,487"
الخدمات الرقمية,عام,القطاع العام,خدمة إلكترونية جزئيا,2026/04/15,"36,276,764"
 الرياض,الرياض,القطاع العام,خدمة إلكترونية جزئيا,2026/04/15,"36,270,885"
 الرياض,الرياض,القطاع العام,خدمة إلكترونية جزئيا,2026/04/15,"36,285,653"
الخدمات الرقمية,عام,القطاع العام,خدمة إلكترونية,2026/04/16,"36,290,934"
الخدمات الرقمية,عام,القطاع العام,خدمة إلكترونية,2026/04/16,"36,301,536"
الخدمات الرقمية,عام,القطاع العام,خدمة إلكترونية,2026/04/16,"36,301,410"
الخدمات الرقمية,عام,القطاع العام,خدمة إلكترونية,2026/04/16,"36,293,902"
الخدمات الرقمية,عام,القطاع العام,خدمة إلكترونية,2026/04/16,"36,301,000"
الخدمات الرقمية,عام,القطاع العام,خدمة إلكترونية,2026/04/16,"36,300,055"
 مكة المكرمه,جده,القطاع العام,خدمة إلكترونية جزئيا,2026/04/16,"36,296,158"
 الرياض,الرياض,القطاع العام,خدمة إلكترونية جزئيا,2026/04/16,"36,290,159"
 الرياض,الرياض,القطاع العام,خدمة إلكترونية جزئيا,2026/04/16,"36,288,997"
 الرياض,الرياض,القطاع العام,خدمة إلكترونية جزئيا,2026/04/16,"36,289,074"
الخدمات الرقمية,عام,القطاع العام,خدمة إلكترونية,2026/04/16,"36,300,089"
الخدمات الرقمية,عام,القطاع العام,خدمة إلكترونية,2026/04/16,"36,300,090"
الخدمات الرقمية,عام,القطاع العام,خدمة إلكترونية,2026/04/16,"36,293,937"
الخدمات الرقمية,عام,القطاع العام,خدمة إلكترونية,2026/04/16,"36,290,968"
الخدمات الرقمية,عام,القطاع العام,خدمة إلكترونية,2026/04/16,"36,293,930"
الخدمات الرقمية,عام,القطاع العام,خدمة إلكترونية,2026/04/16,"36,301,425"
الخدمات الرقمية,عام,القطاع العام,خدمة إلكترونية,2026/04/16,"36,293,924"
الخدمات الرقمية,عام,القطاع العام,خدمة إلكترونية,2026/04/16,"36,301,562"
الخدمات الرقمية,عام,القطاع العام,خدمة إلكترونية,2026/04/16,"36,293,920"
الخدمات الرقمية,عام,القطاع العام,خدمة إلكترونية,2026/04/16,"36,293,939"
الخدمات الرقمية,عام,القطاع العام,خدمة إلكترونية,2026/04/16,"36,293,960"
الخدمات الرقمية,عام,القطاع العام,خدمة إلكترونية,2026/04/16,"36,293,934"
الخدمات الرقمية,عام,القطاع العام,خدمة إلكترونية,2026/04/16,"36,293,915"
الخدمات الرقمية,عام,القطاع العام,خدمة إلكترونية,2026/04/16,"36,293,935"
الخدمات الرقمية,عام,القطاع العام,خدمة إلكترونية,2026/04/16,"36,293,933"
الخدمات الرقمية,عام,القطاع العام,خدمة إلكترونية,2026/04/16,"36,290,967"
الخدمات الرقمية,عام,القطاع العام,خدمة إلكترونية,2026/04/16,"36,293,963"
الخدمات الرقمية,عام,القطاع العام,خدمة إلكترونية,2026/04/16,"36,293,932"
الخدمات الرقمية,عام,القطاع العام,خدمة إلكترونية,2026/04/16,"36,293,919"
الخدمات الرقمية,عام,القطاع العام,خدمة إلكترونية,2026/04/16,"36,293,921"
الخدمات الرقمية,عام,القطاع العام,خدمة إلكترونية,2026/04/16,"36,300,995"
الخدمات الرقمية,عام,القطاع العام,خدمة إلكترونية,2026/04/16,"36,293,913"
الخدمات الرقمية,عام,القطاع العام,خدمة إلكترونية,2026/04/16,"36,293,923"
الخدمات الرقمية,عام,القطاع العام,خدمة إلكترونية,2026/04/16,"36,293,912"
الخدمات الرقمية,عام,القطاع العام,خدمة إلكترونية,2026/04/16,"36,290,969"
الخدمات الرقمية,عام,القطاع العام,خدمة إلكترونية,2026/04/16,"36,293,926"
الخدمات الرقمية,عام,القطاع العام,خدمة إلكترونية,2026/04/16,"36,293,928"
الخدمات الرقمية,عام,القطاع العام,خدمة إلكترونية,2026/04/16,"36,293,916"
الخدمات الرقمية,عام,القطاع العام,خدمة إلكترونية,2026/04/16,"36,293,938"
الخدمات الرقمية,عام,القطاع العام,خدمة إلكترونية,2026/04/16,"36,293,925"
الخدمات الرقمية,عام,القطاع العام,خدمة إلكترونية,2026/04/16,"36,293,931"
الخدمات الرقمية,عام,القطاع العام,خدمة إلكترونية,2026/04/16,"36,293,917"
الخدمات الرقمية,عام,القطاع العام,خدمة إلكترونية,2026/04/16,"36,293,962"
الخدمات الرقمية,عام,القطاع العام,خدمة إلكترونية,2026/04/16,"36,293,965"
الخدمات الرقمية,عام,القطاع العام,خدمة إلكترونية,2026/04/16,"36,293,911"
الخدمات الرقمية,عام,القطاع العام,خدمة إلكترونية,2026/04/16,"36,293,936"
الخدمات الرقمية,عام,القطاع العام,خدمة إلكترونية,2026/04/16,"36,311,462"
الخدمات الرقمية,عام,القطاع العام,خدمة إلكترونية,2026/04/16,"36,311,463"
الخدمات الرقمية,عام,القطاع العام,خدمة إلكترونية,2026/04/16,"36,311,464"
الخدمات الرقمية,عام,القطاع العام,خدمة إلكترونية,2026/04/16,"36,311,460"
الخدمات الرقمية,عام,القطاع العام,خدمة إلكترونية,2026/04/16,"36,311,461"
الخدمات الرقمية,عام,القطاع العام,خدمة إلكترونية,2026/04/16,"36,311,419"
 الرياض,الرياض,القطاع العام,خدمة إلكترونية جزئيا,2026/04/16,"36,290,213"
 الرياض,الرياض,القطاع العام,خدمة إلكترونية جزئيا,2026/04/16,"36,298,497"
 الشرقية,الدمام,القطاع العام,خدمة إلكترونية جزئيا,2026/04/16,"36,291,997"
 الرياض,الرياض,القطاع العام,خدمة إلكترونية جزئيا,2026/04/16,"36,289,069"
 الرياض,الرياض,القطاع العام,خدمة إلكترونية جزئيا,2026/04/16,"36,289,039"
 الرياض,الرياض,القطاع العام,خدمة إلكترونية جزئيا,2026/04/16,"36,288,991"
الخدمات الرقمية,عام,القطاع العام,خدمة إلكترونية جزئيا,2026/04/16,"36,307,414"
الخدمات الرقمية,عام,القطاع العام,خدمة إلكترونية جزئيا,2026/04/16,"36,307,354"
الخدمات الرقمية,عام,القطاع العام,خدمة إلكترونية جزئيا,2026/04/16,"36,307,447"
 جازان,جيزان,القطاع العام,خدمة إلكترونية جزئيا,2026/04/16,"36,293,627"
 الرياض,الرياض,القطاع العام,خدمة إلكترونية جزئيا,2026/04/16,"36,298,198"
 الرياض,الرياض,القطاع العام,خدمة إلكترونية جزئيا,2026/04/16,"36,288,969"
الخدمات الرقمية,عام,القطاع العام,خدمة إلكترونية جزئيا,2026/04/16,"36,304,558"
الخدمات الرقمية,عام,القطاع العام,خدمة إلكترونية جزئيا,2026/04/16,"36,304,548"
الخدمات الرقمية,عام,القطاع العام,خدمة إلكترونية جزئيا,2026/04/16,"36,304,587"
الخدمات الرقمية,عام,القطاع العام,خدمة إلكترونية جزئيا,2026/04/16,"36,304,628"
الخدمات الرقمية,عام,القطاع العام,خدمة إلكترونية,2026/04/17,"36,313,931"
الخدمات الرقمية,عام,القطاع العام,خدمة إلكترونية,2026/04/17,"36,320,888"
الخدمات الرقمية,عام,القطاع العام,خدمة إلكترونية,2026/04/17,"36,313,944"
الخدمات الرقمية,عام,القطاع العام,خدمة إلكترونية,2026/04/17,"36,313,945"
الخدمات الرقمية,عام,القطاع العام,خدمة إلكترونية,2026/04/17,"36,321,724"
الخدمات الرقمية,عام,القطاع العام,خدمة إلكترونية,2026/04/17,"36,320,902"
الخدمات الرقمية,عام,القطاع العام,خدمة إلكترونية,2026/04/17,"36,320,903"
الخدمات الرقمية,عام,القطاع العام,خدمة إلكترونية,2026/04/17,"36,313,947"
الخدمات الرقمية,عام,القطاع العام,خدمة إلكترونية,2026/04/17,"36,313,946"
الخدمات الرقمية,عام,القطاع العام,خدمة إلكترونية,2026/04/17,"36,320,901"
 الجوف,سكاكا,القطاع العام,خدمة إلكترونية جزئيا,2026/04/17,"36,314,229"
الخدمات الرقمية,عام,القطاع العام,خدمة إلكترونية,2026/04/18,"36,335,442"
الخدمات الرقمية,عام,القطاع العام,خدمة إلكترونية,2026/04/18,"36,334,425"
الخدمات الرقمية,عام,القطاع العام,خدمة إلكترونية,2026/04/18,"36,336,391"
الخدمات الرقمية,عام,القطاع العام,خدمة إلكترونية,2026/04/18,"36,334,357"
الخدمات الرقمية,عام,القطاع العام,خدمة إلكترونية,2026/04/18,"36,331,992"
الخدمات الرقمية,عام,القطاع العام,خدمة إلكترونية,2026/04/18,"36,337,930"
الخدمات الرقمية,عام,القطاع العام,خدمة إلكترونية,2026/04/18,"36,330,112"
الخدمات الرقمية,عام,القطاع العام,خدمة إلكترونية,2026/04/18,"36,334,440"
الخدمات الرقمية,عام,القطاع العام,خدمة إلكترونية,2026/04/18,"36,334,441"
الخدمات الرقمية,عام,القطاع العام,خدمة إلكترونية,2026/04/18,"36,334,399"
الخدمات الرقمية,عام,القطاع العام,خدمة إلكترونية,2026/04/18,"36,334,442"
الخدمات الرقمية,عام,القطاع العام,خدمة إلكترونية,2026/04/18,"36,334,443"
الخدمات الرقمية,عام,القطاع العام,خدمة إلكترونية,2026/04/18,"36,336,393"
الخدمات الرقمية,عام,القطاع العام,خدمة إلكترونية,2026/04/18,"36,336,394"
الخدمات الرقمية,عام,القطاع العام,خدمة إلكترونية,2026/04/18,"36,330,114"
الخدمات الرقمية,عام,القطاع العام,خدمة إلكترونية,2026/04/18,"36,330,115"
الخدمات الرقمية,عام,القطاع العام,خدمة إلكترونية,2026/04/18,"36,337,944"
الخدمات الرقمية,عام,القطاع العام,خدمة إلكترونية,2026/04/18,"36,337,945"
الخدمات الرقمية,عام,القطاع العام,خدمة إلكترونية,2026/04/18,"36,334,365"
الخدمات الرقمية,عام,القطاع العام,خدمة إلكترونية,2026/04/18,"36,334,366"
الخدمات الرقمية,عام,القطاع العام,خدمة إلكترونية,2026/04/18,"36,337,943"
الخدمات الرقمية,عام,القطاع العام,خدمة إلكترونية,2026/04/18,"36,330,120"
الخدمات الرقمية,عام,القطاع العام,خدمة إلكترونية,2026/04/18,"36,330,121"
الخدمات الرقمية,عام,القطاع العام,خدمة إلكترونية,2026/04/18,"36,335,446"
الخدمات الرقمية,عام,القطاع العام,خدمة إلكترونية,2026/04/18,"36,330,116"
الخدمات الرقمية,عام,القطاع العام,خدمة إلكترونية,2026/04/18,"36,330,117"
الخدمات الرقمية,عام,القطاع العام,خدمة إلكترونية,2026/04/18,"36,330,118"
الخدمات الرقمية,عام,القطاع العام,خدمة إلكترونية,2026/04/18,"36,330,119"
الخدمات الرقمية,عام,القطاع العام,خدمة إلكترونية,2026/04/18,"36,330,122"
الخدمات الرقمية,عام,القطاع العام,خدمة إلكترونية,2026/04/18,"36,332,017"
الخدمات الرقمية,عام,القطاع العام,خدمة إلكترونية,2026/04/18,"36,330,113"
الخدمات الرقمية,عام,القطاع العام,خدمة إلكترونية,2026/04/18,"36,334,364"
الخدمات الرقمية,عام,القطاع العام,خدمة إلكترونية,2026/04/18,"36,337,947"
الخدمات الرقمية,عام,القطاع العام,خدمة إلكترونية,2026/04/18,"36,337,946"
 جازان,جيزان,القطاع العام,خدمة إلكترونية جزئيا,2026/04/19,"36,351,462"
 جازان,جيزان,القطاع العام,خدمة إلكترونية جزئيا,2026/04/19,"36,351,052"
 جازان,جيزان,القطاع العام,خدمة إلكترونية جزئيا,2026/04/19,"36,351,556"
 جازان,جيزان,القطاع العام,خدمة إلكترونية جزئيا,2026/04/19,"36,351,325"
 جازان,جيزان,القطاع العام,خدمة إلكترونية جزئيا,2026/04/19,"36,351,373"
 جازان,جيزان,القطاع العام,خدمة إلكترونية جزئيا,2026/04/19,"36,351,221"
 جازان,جيزان,القطاع العام,خدمة إلكترونية جزئيا,2026/04/19,"36,351,004"
 جازان,جيزان,القطاع العام,خدمة إلكترونية جزئيا,2026/04/19,"36,351,614"
 عسير,ابها,القطاع العام,خدمة إلكترونية جزئيا,2026/04/19,"36,350,502"
الخدمات الرقمية,عام,القطاع العام,خدمة إلكترونية,2026/04/19,"36,343,027"
الخدمات الرقمية,عام,القطاع العام,خدمة إلكترونية,2026/04/19,"36,363,084"
الخدمات الرقمية,عام,القطاع العام,خدمة إلكترونية,2026/04/19,"36,352,782"
الخدمات الرقمية,عام,القطاع العام,خدمة إلكترونية,2026/04/19,"36,354,077"
الخدمات الرقمية,عام,القطاع العام,خدمة إلكترونية,2026/04/19,"36,350,331"
الخدمات الرقمية,عام,القطاع العام,خدمة إلكترونية,2026/04/19,"36,360,673"
الخدمات الرقمية,عام,القطاع العام,خدمة إلكترونية,2026/04/19,"36,360,330"
الخدمات الرقمية,عام,القطاع العام,خدمة إلكترونية,2026/04/19,"36,345,418"
الخدمات الرقمية,عام,القطاع العام,خدمة إلكترونية,2026/04/19,"36,360,839"
الخدمات الرقمية,عام,القطاع العام,خدمة إلكترونية,2026/04/19,"36,345,445"
الخدمات الرقمية,عام,القطاع العام,خدمة إلكترونية,2026/04/19,"36,358,007"
الخدمات الرقمية,عام,القطاع العام,خدمة إلكترونية,2026/04/19,"36,358,267"
الخدمات الرقمية,عام,القطاع العام,خدمة إلكترونية,2026/04/19,"36,358,666"
الخدمات الرقمية,عام,القطاع العام,خدمة إلكترونية,2026/04/19,"36,352,221"
الخدمات الرقمية,عام,القطاع العام,خدمة إلكترونية,2026/04/19,"36,358,937"
 عسير,ابها,القطاع العام,خدمة إلكترونية جزئيا,2026/04/19,"36,350,374"
الخدمات الرقمية,عام,القطاع العام,خدمة إلكترونية جزئيا,2026/04/19,"36,363,377"
الخدمات الرقمية,عام,القطاع العام,خدمة إلكترونية جزئيا,2026/04/19,"36,363,301"
الخدمات الرقمية,عام,القطاع العام,خدمة إلكترونية,2026/04/19,"36,352,789"
الخدمات الرقمية,عام,القطاع العام,خدمة إلكترونية,2026/04/19,"36,352,790"
الخدمات الرقمية,عام,القطاع العام,خدمة إلكترونية,2026/04/19,"36,343,033"
الخدمات الرقمية,عام,القطاع العام,خدمة إلكترونية,2026/04/19,"36,350,360"
الخدمات الرقمية,عام,القطاع العام,خدمة إلكترونية,2026/04/19,"36,354,120"
الخدمات الرقمية,عام,القطاع العام,خدمة إلكترونية,2026/04/19,"36,352,249"
الخدمات الرقمية,عام,القطاع العام,خدمة إلكترونية,2026/04/19,"36,352,244"
الخدمات الرقمية,عام,القطاع العام,خدمة إلكترونية,2026/04/19,"36,352,245"
الخدمات الرقمية,عام,القطاع العام,خدمة إلكترونية,2026/04/19,"36,352,246"
الخدمات الرقمية,عام,القطاع العام,خدمة إلكترونية,2026/04/19,"36,345,447"
الخدمات الرقمية,عام,القطاع العام,خدمة إلكترونية,2026/04/19,"36,345,448"
الخدمات الرقمية,عام,القطاع العام,خدمة إلكترونية,2026/04/19,"36,345,472"
الخدمات الرقمية,عام,القطاع العام,خدمة إلكترونية,2026/04/19,"36,345,473"
الخدمات الرقمية,عام,القطاع العام,خدمة إلكترونية,2026/04/19,"36,343,032"
الخدمات الرقمية,عام,القطاع العام,خدمة إلكترونية,2026/04/19,"36,354,122"
الخدمات الرقمية,عام,القطاع العام,خدمة إلكترونية,2026/04/19,"36,345,474"
الخدمات الرقمية,عام,القطاع العام,خدمة إلكترونية,2026/04/19,"36,352,247"
الخدمات الرقمية,عام,القطاع العام,خدمة إلكترونية,2026/04/19,"36,358,043"
الخدمات الرقمية,عام,القطاع العام,خدمة إلكترونية,2026/04/19,"36,358,044"
الخدمات الرقمية,عام,القطاع العام,خدمة إلكترونية,2026/04/19,"36,358,048"
الخدمات الرقمية,عام,القطاع العام,خدمة إلكترونية,2026/04/19,"36,358,018"
الخدمات الرقمية,عام,القطاع العام,خدمة إلكترونية,2026/04/19,"36,358,019"
الخدمات الرقمية,عام,القطاع العام,خدمة إلكترونية,2026/04/19,"36,358,015"
الخدمات الرقمية,عام,القطاع العام,خدمة إلكترونية,2026/04/19,"36,358,967"
الخدمات الرقمية,عام,القطاع العام,خدمة إلكترونية,2026/04/19,"36,358,258"
الخدمات الرقمية,عام,القطاع العام,خدمة إلكترونية,2026/04/19,"36,358,280"
الخدمات الرقمية,عام,القطاع العام,خدمة إلكترونية,2026/04/19,"36,358,281"
الخدمات الرقمية,عام,القطاع العام,خدمة إلكترونية,2026/04/19,"36,358,010"
الخدمات الرقمية,عام,القطاع العام,خدمة إلكترونية,2026/04/19,"36,358,014"
الخدمات الرقمية,عام,القطاع العام,خدمة إلكترونية,2026/04/19,"36,358,670"
الخدمات الرقمية,عام,القطاع العام,خدمة إلكترونية,2026/04/19,"36,358,671"
الخدمات الرقمية,عام,القطاع العام,خدمة إلكترونية,2026/04/19,"36,358,672"
الخدمات الرقمية,عام,القطاع العام,خدمة إلكترونية,2026/04/19,"36,358,041"
الخدمات الرقمية,عام,القطاع العام,خدمة إلكترونية,2026/04/19,"36,358,970"
الخدمات الرقمية,عام,القطاع العام,خدمة إلكترونية,2026/04/19,"36,358,971"
الخدمات الرقمية,عام,القطاع العام,خدمة إلكترونية,2026/04/19,"36,358,972"
الخدمات الرقمية,عام,القطاع العام,خدمة إلكترونية,2026/04/19,"36,358,965"
الخدمات الرقمية,عام,القطاع العام,خدمة إلكترونية,2026/04/19,"36,360,368"
الخدمات الرقمية,عام,القطاع العام,خدمة إلكترونية,2026/04/19,"36,360,369"
الخدمات الرقمية,عام,القطاع العام,خدمة إلكترونية,2026/04/19,"36,360,360"
الخدمات الرقمية,عام,القطاع العام,خدمة إلكترونية,2026/04/19,"36,358,964"
الخدمات الرقمية,عام,القطاع العام,خدمة إلكترونية,2026/04/19,"36,360,364"
الخدمات الرقمية,عام,القطاع العام,خدمة إلكترونية,2026/04/19,"36,360,849"
الخدمات الرقمية,عام,القطاع العام,خدمة إلكترونية,2026/04/19,"36,360,850"
الخدمات الرقمية,عام,القطاع العام,خدمة إلكترونية,2026/04/19,"36,358,040"
الخدمات الرقمية,عام,القطاع العام,خدمة إلكترونية,2026/04/19,"36,358,973"
الخدمات الرقمية,عام,القطاع العام,خدمة إلكترونية,2026/04/19,"36,363,089"
الخدمات الرقمية,عام,القطاع العام,خدمة إلكترونية,2026/04/19,"36,360,848"
الخدمات الرقمية,عام,القطاع العام,خدمة إلكترونية,2026/04/19,"36,360,674"
الخدمات الرقمية,عام,القطاع العام,خدمة إلكترونية,2026/04/19,"36,363,088"
الخدمات الرقمية,عام,القطاع العام,خدمة إلكترونية,2026/04/19,"36,358,969"
الخدمات الرقمية,عام,القطاع العام,خدمة إلكترونية,2026/04/19,"36,358,012"
الخدمات الرقمية,عام,القطاع العام,خدمة إلكترونية,2026/04/19,"36,358,042"
الخدمات الرقمية,عام,القطاع العام,خدمة إلكترونية,2026/04/19,"36,360,361"
الخدمات الرقمية,عام,القطاع العام,خدمة إلكترونية,2026/04/19,"36,360,366"
الخدمات الرقمية,عام,القطاع العام,خدمة إلكترونية,2026/04/19,"36,358,011"
الخدمات الرقمية,عام,القطاع العام,خدمة إلكترونية,2026/04/19,"36,360,362"
الخدمات الرقمية,عام,القطاع العام,خدمة إلكترونية,2026/04/19,"36,358,017"
الخدمات الرقمية,عام,القطاع العام,خدمة إلكترونية,2026/04/19,"36,358,968"
الخدمات الرقمية,عام,القطاع العام,خدمة إلكترونية,2026/04/19,"36,360,367"
الخدمات الرقمية,عام,القطاع العام,خدمة إلكترونية,2026/04/19,"36,358,016"
الخدمات الرقمية,عام,القطاع العام,خدمة إلكترونية,2026/04/19,"36,358,047"
الخدمات الرقمية,عام,القطاع العام,خدمة إلكترونية,2026/04/19,"36,358,046"
الخدمات الرقمية,عام,القطاع العام,خدمة إلكترونية,2026/04/19,"36,360,365"
الخدمات الرقمية,عام,القطاع العام,خدمة إلكترونية,2026/04/19,"36,358,009"
الخدمات الرقمية,عام,القطاع العام,خدمة إلكترونية,2026/04/19,"36,358,966"
الخدمات الرقمية,عام,القطاع العام,خدمة إلكترونية,2026/04/19,"36,358,045"
الخدمات الرقمية,عام,القطاع العام,خدمة إلكترونية,2026/04/19,"36,360,363"
 جازان,جيزان,القطاع العام,خدمة إلكترونية جزئيا,2026/04/19,"36,350,971"
 جازان,جيزان,القطاع العام,خدمة إلكترونية جزئيا,2026/04/19,"36,351,474"
 جازان,جيزان,القطاع العام,خدمة إلكترونية جزئيا,2026/04/19,"36,344,200"
 جازان,جيزان,القطاع العام,خدمة إلكترونية جزئيا,2026/04/19,"36,344,158"
 جازان,جيزان,القطاع العام,خدمة إلكترونية جزئيا,2026/04/19,"36,351,167"
 جازان,جيزان,القطاع العام,خدمة إلكترونية جزئيا,2026/04/19,"36,351,424"
 جازان,جيزان,القطاع العام,خدمة إلكترونية جزئيا,2026/04/19,"36,351,338"
 جازان,جيزان,القطاع العام,خدمة إلكترونية جزئيا,2026/04/19,"36,344,093"
 جازان,جيزان,القطاع العام,خدمة إلكترونية جزئيا,2026/04/19,"36,351,290"
 جازان,جيزان,القطاع العام,خدمة إلكترونية جزئيا,2026/04/19,"36,351,608"
 جازان,جيزان,القطاع العام,خدمة إلكترونية جزئيا,2026/04/19,"36,351,019"
 جازان,جيزان,القطاع العام,خدمة إلكترونية جزئيا,2026/04/19,"36,344,112"
 جازان,جيزان,القطاع العام,خدمة إلكترونية جزئيا,2026/04/19,"36,344,214"
الخدمات الرقمية,عام,القطاع العام,خدمة إلكترونية جزئيا,2026/04/19,"36,363,674"
الخدمات الرقمية,عام,القطاع العام,خدمة إلكترونية,2026/04/20,"36,368,379"
الخدمات الرقمية,عام,القطاع العام,خدمة إلكترونية,2026/04/20,"36,378,101"
الخدمات الرقمية,عام,القطاع العام,خدمة إلكترونية,2026/04/20,"36,364,665"
الخدمات الرقمية,عام,القطاع العام,خدمة إلكترونية,2026/04/20,"36,370,265"
الخدمات الرقمية,عام,القطاع العام,خدمة إلكترونية,2026/04/20,"36,370,053"
الخدمات الرقمية,عام,القطاع العام,خدمة إلكترونية,2026/04/20,"36,382,673"
الخدمات الرقمية,عام,القطاع العام,خدمة إلكترونية,2026/04/20,"36,383,773"
الخدمات الرقمية,عام,القطاع العام,خدمة إلكترونية,2026/04/20,"36,378,684"
الخدمات الرقمية,عام,القطاع العام,خدمة إلكترونية,2026/04/20,"36,386,958"
الخدمات الرقمية,عام,القطاع العام,خدمة إلكترونية,2026/04/20,"36,380,441"
الخدمات الرقمية,عام,القطاع العام,خدمة إلكترونية,2026/04/20,"36,380,163"
الخدمات الرقمية,عام,القطاع العام,خدمة إلكترونية,2026/04/20,"36,387,063"
الخدمات الرقمية,عام,القطاع العام,خدمة إلكترونية,2026/04/20,"36,379,737"
الخدمات الرقمية,عام,القطاع العام,خدمة إلكترونية,2026/04/20,"36,372,393"
 الرياض,الرياض,القطاع العام,خدمة إلكترونية جزئيا,2026/04/20,"36,375,150"
الخدمات الرقمية,عام,القطاع العام,خدمة إلكترونية جزئيا,2026/04/20,"36,382,914"
الخدمات الرقمية,عام,القطاع العام,خدمة إلكترونية جزئيا,2026/04/20,"36,382,905"
الخدمات الرقمية,عام,القطاع العام,خدمة إلكترونية جزئيا,2026/04/20,"36,380,754"
الخدمات الرقمية,عام,القطاع العام,خدمة إلكترونية جزئيا,2026/04/20,"36,380,760"
الخدمات الرقمية,عام,القطاع العام,خدمة إلكترونية جزئيا,2026/04/20,"36,382,919"
الخدمات الرقمية,عام,القطاع العام,خدمة إلكترونية جزئيا,2026/04/20,"36,382,910"
 الرياض,الرياض,القطاع العام,خدمة إلكترونية جزئيا,2026/04/20,"36,366,825"
 الرياض,الرياض,القطاع العام,خدمة إلكترونية جزئيا,2026/04/20,"36,366,892"
 الرياض,الرياض,القطاع العام,خدمة إلكترونية جزئيا,2026/04/20,"36,366,842"
 الرياض,الرياض,القطاع العام,خدمة إلكترونية جزئيا,2026/04/20,"36,366,834"
 الرياض,الرياض,القطاع العام,خدمة إلكترونية جزئيا,2026/04/20,"36,366,884"
 الرياض,الرياض,القطاع العام,خدمة إلكترونية جزئيا,2026/04/20,"36,366,927"
 الرياض,الرياض,القطاع العام,خدمة إلكترونية جزئيا,2026/04/20,"36,366,778"
 الرياض,الرياض,القطاع العام,خدمة إلكترونية جزئيا,2026/04/20,"36,381,861"
 الرياض,الرياض,القطاع العام,خدمة إلكترونية جزئيا,2026/04/20,"36,381,657"
الخدمات الرقمية,عام,القطاع العام,خدمة إلكترونية,2026/04/20,"36,378,743"
الخدمات الرقمية,عام,القطاع العام,خدمة إلكترونية,2026/04/20,"36,378,744"
الخدمات الرقمية,عام,القطاع العام,خدمة إلكترونية,2026/04/20,"36,378,745"
الخدمات الرقمية,عام,القطاع العام,خدمة إلكترونية,2026/04/20,"36,370,315"
الخدمات الرقمية,عام,القطاع العام,خدمة إلكترونية,2026/04/20,"36,372,427"
الخدمات الرقمية,عام,القطاع العام,خدمة إلكترونية,2026/04/20,"36,372,428"
الخدمات الرقمية,عام,القطاع العام,خدمة إلكترونية,2026/04/20,"36,378,717"
الخدمات الرقمية,عام,القطاع العام,خدمة إلكترونية,2026/04/20,"36,378,713"
الخدمات الرقمية,عام,القطاع العام,خدمة إلكترونية,2026/04/20,"36,370,316"
الخدمات الرقمية,عام,القطاع العام,خدمة إلكترونية,2026/04/20,"36,370,317"
الخدمات الرقمية,عام,القطاع العام,خدمة إلكترونية,2026/04/20,"36,378,708"
الخدمات الرقمية,عام,القطاع العام,خدمة إلكترونية,2026/04/20,"36,370,099"
الخدمات الرقمية,عام,القطاع العام,خدمة إلكترونية,2026/04/20,"36,378,109"
الخدمات الرقمية,عام,القطاع العام,خدمة إلكترونية,2026/04/20,"36,378,718"
الخدمات الرقمية,عام,القطاع العام,خدمة إلكترونية,2026/04/20,"36,372,424"
الخدمات الرقمية,عام,القطاع العام,خدمة إلكترونية,2026/04/20,"36,372,425"
الخدمات الرقمية,عام,القطاع العام,خدمة إلكترونية,2026/04/20,"36,378,705"
الخدمات الرقمية,عام,القطاع العام,خدمة إلكترونية,2026/04/20,"36,380,164"
الخدمات الرقمية,عام,القطاع العام,خدمة إلكترونية,2026/04/20,"36,372,398"
الخدمات الرقمية,عام,القطاع العام,خدمة إلكترونية,2026/04/20,"36,378,703"
الخدمات الرقمية,عام,القطاع العام,خدمة إلكترونية,2026/04/20,"36,378,711"
الخدمات الرقمية,عام,القطاع العام,خدمة إلكترونية,2026/04/20,"36,378,709"
الخدمات الرقمية,عام,القطاع العام,خدمة إلكترونية,2026/04/20,"36,370,314"
الخدمات الرقمية,عام,القطاع العام,خدمة إلكترونية,2026/04/20,"36,383,833"
الخدمات الرقمية,عام,القطاع العام,خدمة إلكترونية,2026/04/20,"36,380,433"
الخدمات الرقمية,عام,القطاع العام,خدمة إلكترونية,2026/04/20,"36,380,434"
الخدمات الرقمية,عام,القطاع العام,خدمة إلكترونية,2026/04/20,"36,380,435"
الخدمات الرقمية,عام,القطاع العام,خدمة إلكترونية,2026/04/20,"36,382,677"
الخدمات الرقمية,عام,القطاع العام,خدمة إلكترونية,2026/04/20,"36,378,706"
الخدمات الرقمية,عام,القطاع العام,خدمة إلكترونية,2026/04/20,"36,372,420"
الخدمات الرقمية,عام,القطاع العام,خدمة إلكترونية,2026/04/20,"36,372,421"
الخدمات الرقمية,عام,القطاع العام,خدمة إلكترونية,2026/04/20,"36,378,704"
الخدمات الرقمية,عام,القطاع العام,خدمة إلكترونية,2026/04/20,"36,378,719"
الخدمات الرقمية,عام,القطاع العام,خدمة إلكترونية,2026/04/20,"36,378,740"
الخدمات الرقمية,عام,القطاع العام,خدمة إلكترونية,2026/04/20,"36,378,712"
الخدمات الرقمية,عام,القطاع العام,خدمة إلكترونية,2026/04/20,"36,378,710"
الخدمات الرقمية,عام,القطاع العام,خدمة إلكترونية,2026/04/20,"36,378,742"
الخدمات الرقمية,عام,القطاع العام,خدمة إلكترونية,2026/04/20,"36,368,441"
الخدمات الرقمية,عام,القطاع العام,خدمة إلكترونية,2026/04/20,"36,378,707"
الخدمات الرقمية,عام,القطاع العام,خدمة إلكترونية,2026/04/20,"36,378,105"
الخدمات الرقمية,عام,القطاع العام,خدمة إلكترونية,2026/04/20,"36,378,702"
الخدمات الرقمية,عام,القطاع العام,خدمة إلكترونية,2026/04/20,"36,379,743"
الخدمات الرقمية,عام,القطاع العام,خدمة إلكترونية,2026/04/20,"36,364,688"
الخدمات الرقمية,عام,القطاع العام,خدمة إلكترونية,2026/04/20,"36,378,714"
الخدمات الرقمية,عام,القطاع العام,خدمة إلكترونية,2026/04/20,"36,378,108"
الخدمات الرقمية,عام,القطاع العام,خدمة إلكترونية,2026/04/20,"36,372,426"
الخدمات الرقمية,عام,القطاع العام,خدمة إلكترونية,2026/04/20,"36,370,318"
الخدمات الرقمية,عام,القطاع العام,خدمة إلكترونية,2026/04/20,"36,372,423"
الخدمات الرقمية,عام,القطاع العام,خدمة إلكترونية,2026/04/20,"36,378,107"
الخدمات الرقمية,عام,القطاع العام,خدمة إلكترونية,2026/04/20,"36,378,106"
الخدمات الرقمية,عام,القطاع العام,خدمة إلكترونية,2026/04/20,"36,384,072"
الخدمات الرقمية,عام,القطاع العام,خدمة إلكترونية,2026/04/20,"36,384,073"
الخدمات الرقمية,عام,القطاع العام,خدمة إلكترونية,2026/04/20,"36,384,071"
الخدمات الرقمية,عام,القطاع العام,خدمة إلكترونية,2026/04/20,"36,387,070"
الخدمات الرقمية,عام,القطاع العام,خدمة إلكترونية,2026/04/20,"36,387,018"
 الرياض,الرياض,القطاع العام,خدمة إلكترونية جزئيا,2026/04/20,"36,366,776"
 الرياض,الرياض,القطاع العام,خدمة إلكترونية جزئيا,2026/04/20,"36,366,856"
الخدمات الرقمية,عام,القطاع العام,خدمة إلكترونية جزئيا,2026/04/20,"36,374,247"
الخدمات الرقمية,عام,القطاع العام,خدمة إلكترونية جزئيا,2026/04/20,"36,373,252"
الخدمات الرقمية,عام,القطاع العام,خدمة إلكترونية جزئيا,2026/04/20,"36,372,977"
الخدمات الرقمية,عام,القطاع العام,خدمة إلكترونية جزئيا,2026/04/20,"36,384,898"
الخدمات الرقمية,عام,القطاع العام,خدمة إلكترونية جزئيا,2026/04/20,"36,384,991"
الخدمات الرقمية,عام,القطاع العام,خدمة إلكترونية جزئيا,2026/04/20,"36,384,983"
الخدمات الرقمية,عام,القطاع العام,خدمة إلكترونية جزئيا,2026/04/20,"36,384,989"
الخدمات الرقمية,عام,القطاع العام,خدمة إلكترونية جزئيا,2026/04/20,"36,384,994"
الخدمات الرقمية,عام,القطاع العام,خدمة إلكترونية جزئيا,2026/04/20,"36,384,980"
الخدمات الرقمية,عام,القطاع العام,خدمة إلكترونية جزئيا,2026/04/20,"36,384,896"
الخدمات الرقمية,عام,القطاع العام,خدمة إلكترونية,2026/04/21,"36,411,730"
الخدمات الرقمية,عام,القطاع العام,خدمة إلكترونية,2026/04/21,"36,411,551"
الخدمات الرقمية,عام,القطاع العام,خدمة إلكترونية,2026/04/21,"36,410,033"
الخدمات الرقمية,عام,القطاع العام,خدمة إلكترونية,2026/04/21,"36,390,299"
الخدمات الرقمية,عام,القطاع العام,خدمة إلكترونية,2026/04/21,"36,409,194"
الخدمات الرقمية,عام,القطاع العام,خدمة إلكترونية,2026/04/21,"36,399,505"
الخدمات الرقمية,عام,القطاع العام,خدمة إلكترونية,2026/04/21,"36,407,475"
الخدمات الرقمية,عام,القطاع العام,خدمة إلكترونية,2026/04/21,"36,408,399"
الخدمات الرقمية,عام,القطاع العام,خدمة إلكترونية,2026/04/21,"36,389,474"
الخدمات الرقمية,عام,القطاع العام,خدمة إلكترونية,2026/04/21,"36,406,815"
الخدمات الرقمية,عام,القطاع العام,خدمة إلكترونية,2026/04/21,"36,401,887"
الخدمات الرقمية,عام,القطاع العام,خدمة إلكترونية,2026/04/21,"36,407,330"
 الرياض,الرياض,القطاع العام,خدمة إلكترونية جزئيا,2026/04/21,"36,394,473"
الخدمات الرقمية,عام,القطاع العام,خدمة إلكترونية جزئيا,2026/04/21,"36,394,744"
الخدمات الرقمية,عام,القطاع العام,خدمة إلكترونية جزئيا,2026/04/21,"36,408,233"
الخدمات الرقمية,عام,القطاع العام,خدمة إلكترونية جزئيا,2026/04/21,"36,408,192"
الخدمات الرقمية,عام,القطاع العام,خدمة إلكترونية,2026/04/21,"36,411,566"
الخدمات الرقمية,عام,القطاع العام,خدمة إلكترونية,2026/04/21,"36,411,567"
الخدمات الرقمية,عام,القطاع العام,خدمة إلكترونية,2026/04/21,"36,411,571"
الخدمات الرقمية,عام,القطاع العام,خدمة إلكترونية,2026/04/21,"36,411,572"
الخدمات الرقمية,عام,القطاع العام,خدمة إلكترونية,2026/04/21,"36,411,565"
الخدمات الرقمية,عام,القطاع العام,خدمة إلكترونية,2026/04/21,"36,411,564"
الخدمات الرقمية,عام,القطاع العام,خدمة إلكترونية,2026/04/21,"36,411,568"
الخدمات الرقمية,عام,القطاع العام,خدمة إلكترونية,2026/04/21,"36,411,569"
الخدمات الرقمية,عام,القطاع العام,خدمة إلكترونية,2026/04/21,"36,411,570"
الخدمات الرقمية,عام,القطاع العام,خدمة إلكترونية,2026/04/21,"36,411,780"
الخدمات الرقمية,عام,القطاع العام,خدمة إلكترونية,2026/04/21,"36,411,736"
الخدمات الرقمية,عام,القطاع العام,خدمة إلكترونية,2026/04/21,"36,411,739"
الخدمات الرقمية,عام,القطاع العام,خدمة إلكترونية,2026/04/21,"36,407,354"
الخدمات الرقمية,عام,القطاع العام,خدمة إلكترونية,2026/04/21,"36,407,503"
الخدمات الرقمية,عام,القطاع العام,خدمة إلكترونية,2026/04/21,"36,410,040"
الخدمات الرقمية,عام,القطاع العام,خدمة إلكترونية,2026/04/21,"36,406,840"
الخدمات الرقمية,عام,القطاع العام,خدمة إلكترونية,2026/04/21,"36,411,737"
الخدمات الرقمية,عام,القطاع العام,خدمة إلكترونية,2026/04/21,"36,409,179"
الخدمات الرقمية,عام,القطاع العام,خدمة إلكترونية,2026/04/21,"36,411,738"
الخدمات الرقمية,عام,القطاع العام,خدمة إلكترونية,2026/04/21,"36,408,431"
الخدمات الرقمية,عام,القطاع العام,خدمة إلكترونية,2026/04/21,"36,409,200"
الخدمات الرقمية,عام,القطاع العام,خدمة إلكترونية,2026/04/21,"36,411,735"
الخدمات الرقمية,عام,القطاع العام,خدمة إلكترونية,2026/04/21,"36,389,504"
الخدمات الرقمية,عام,القطاع العام,خدمة إلكترونية,2026/04/21,"36,390,319"
الخدمات الرقمية,عام,القطاع العام,خدمة إلكترونية,2026/04/21,"36,389,507"
الخدمات الرقمية,عام,القطاع العام,خدمة إلكترونية,2026/04/21,"36,389,506"
الخدمات الرقمية,عام,القطاع العام,خدمة إلكترونية,2026/04/21,"36,389,503"
الخدمات الرقمية,عام,القطاع العام,خدمة إلكترونية,2026/04/21,"36,390,317"
الخدمات الرقمية,عام,القطاع العام,خدمة إلكترونية,2026/04/21,"36,401,929"
الخدمات الرقمية,عام,القطاع العام,خدمة إلكترونية,2026/04/21,"36,399,507"
الخدمات الرقمية,عام,القطاع العام,خدمة إلكترونية,2026/04/21,"36,389,509"
الخدمات الرقمية,عام,القطاع العام,خدمة إلكترونية,2026/04/21,"36,390,318"
الخدمات الرقمية,عام,القطاع العام,خدمة إلكترونية,2026/04/21,"36,401,932"
الخدمات الرقمية,عام,القطاع العام,خدمة إلكترونية,2026/04/21,"36,401,927"
الخدمات الرقمية,عام,القطاع العام,خدمة إلكترونية,2026/04/21,"36,389,508"
الخدمات الرقمية,عام,القطاع العام,خدمة إلكترونية,2026/04/21,"36,401,931"
الخدمات الرقمية,عام,القطاع العام,خدمة إلكترونية,2026/04/21,"36,401,928"
الخدمات الرقمية,عام,القطاع العام,خدمة إلكترونية,2026/04/21,"36,389,501"
الخدمات الرقمية,عام,القطاع العام,خدمة إلكترونية,2026/04/21,"36,389,505"
الخدمات الرقمية,عام,القطاع العام,خدمة إلكترونية,2026/04/21,"36,389,502"
الخدمات الرقمية,عام,القطاع العام,خدمة إلكترونية جزئيا,2026/04/21,"36,408,229"
الخدمات الرقمية,عام,القطاع العام,خدمة إلكترونية جزئيا,2026/04/21,"36,408,093"
الخدمات الرقمية,عام,القطاع العام,خدمة إلكترونية جزئيا,2026/04/21,"36,412,080"
الخدمات الرقمية,عام,القطاع العام,خدمة إلكترونية جزئيا,2026/04/21,"36,411,972"
الخدمات الرقمية,عام,القطاع العام,خدمة إلكترونية جزئيا,2026/04/21,"36,412,010"
الخدمات الرقمية,عام,القطاع العام,خدمة إلكترونية جزئيا,2026/04/21,"36,412,093"
الخدمات الرقمية,عام,القطاع العام,خدمة إلكترونية جزئيا,2026/04/21,"36,411,916"
الخدمات الرقمية,عام,القطاع العام,خدمة إلكترونية جزئيا,2026/04/21,"36,411,967"
الخدمات الرقمية,عام,القطاع العام,خدمة إلكترونية جزئيا,2026/04/21,"36,412,142"
الخدمات الرقمية,عام,القطاع العام,خدمة إلكترونية جزئيا,2026/04/21,"36,411,975"
الخدمات الرقمية,عام,القطاع العام,خدمة إلكترونية جزئيا,2026/04/21,"36,412,044"
الخدمات الرقمية,عام,القطاع العام,خدمة إلكترونية جزئيا,2026/04/21,"36,411,979"
الخدمات الرقمية,عام,القطاع العام,خدمة إلكترونية جزئيا,2026/04/21,"36,388,171"
الخدمات الرقمية,عام,القطاع العام,خدمة إلكترونية جزئيا,2026/04/21,"36,388,195"
الخدمات الرقمية,عام,القطاع العام,خدمة إلكترونية جزئيا,2026/04/21,"36,388,032"
الخدمات الرقمية,عام,القطاع العام,خدمة إلكترونية جزئيا,2026/04/21,"36,388,346"
الخدمات الرقمية,عام,القطاع العام,خدمة إلكترونية جزئيا,2026/04/21,"36,388,134"
الخدمات الرقمية,عام,القطاع العام,خدمة إلكترونية جزئيا,2026/04/21,"36,388,278"
الخدمات الرقمية,عام,القطاع العام,خدمة إلكترونية جزئيا,2026/04/21,"36,388,197"
الخدمات الرقمية,عام,القطاع العام,خدمة إلكترونية جزئيا,2026/04/21,"36,388,076"
الخدمات الرقمية,عام,القطاع العام,خدمة إلكترونية جزئيا,2026/04/21,"36,388,261"
الخدمات الرقمية,عام,القطاع العام,خدمة إلكترونية جزئيا,2026/04/21,"36,388,139"
الخدمات الرقمية,عام,القطاع العام,خدمة إلكترونية جزئيا,2026/04/21,"36,388,312"
الخدمات الرقمية,عام,القطاع العام,خدمة إلكترونية جزئيا,2026/04/21,"36,388,131"
الخدمات الرقمية,عام,القطاع العام,خدمة إلكترونية جزئيا,2026/04/21,"36,388,188"
الخدمات الرقمية,عام,القطاع العام,خدمة إلكترونية جزئيا,2026/04/21,"36,388,356"
الخدمات الرقمية,عام,القطاع العام,خدمة إلكترونية جزئيا,2026/04/21,"36,388,362"
الخدمات الرقمية,عام,القطاع العام,خدمة إلكترونية جزئيا,2026/04/21,"36,388,306"
الخدمات الرقمية,عام,القطاع العام,خدمة إلكترونية جزئيا,2026/04/21,"36,388,227"
الخدمات الرقمية,عام,القطاع العام,خدمة إلكترونية جزئيا,2026/04/21,"36,388,267"
الخدمات الرقمية,عام,القطاع العام,خدمة إلكترونية جزئيا,2026/04/21,"36,388,120"
 الرياض,الرياض,القطاع العام,خدمة إلكترونية جزئيا,2026/04/21,"36,388,022"
الخدمات الرقمية,عام,القطاع العام,خدمة إلكترونية جزئيا,2026/04/21,"36,387,336"
الخدمات الرقمية,عام,القطاع العام,خدمة إلكترونية جزئيا,2026/04/21,"36,387,360"
 المدينة المنوره,المدينة المنورة,القطاع العام,خدمة إلكترونية جزئيا,2026/04/21,"36,390,420"
 الرياض,الرياض,القطاع العام,خدمة إلكترونية جزئيا,2026/04/21,"36,392,282"
 الرياض,الرياض,القطاع العام,خدمة إلكترونية جزئيا,2026/04/21,"36,395,340"
 الرياض,الرياض,القطاع العام,خدمة إلكترونية جزئيا,2026/04/21,"36,395,214"
الخدمات الرقمية,عام,القطاع العام,خدمة إلكترونية,2026/04/22,"36,430,967"
الخدمات الرقمية,عام,القطاع العام,خدمة إلكترونية,2026/04/22,"36,434,024"
الخدمات الرقمية,عام,القطاع العام,خدمة إلكترونية,2026/04/22,"36,417,243"
الخدمات الرقمية,عام,القطاع العام,خدمة إلكترونية,2026/04/22,"36,425,317"
الخدمات الرقمية,عام,القطاع العام,خدمة إلكترونية,2026/04/22,"36,418,066"
الخدمات الرقمية,عام,القطاع العام,خدمة إلكترونية,2026/04/22,"36,433,455"
الخدمات الرقمية,عام,القطاع العام,خدمة إلكترونية,2026/04/22,"36,434,581"
الخدمات الرقمية,عام,القطاع العام,خدمة إلكترونية,2026/04/22,"36,434,630"
الخدمات الرقمية,عام,القطاع العام,خدمة إلكترونية,2026/04/22,"36,435,816"
 القصيم,بريده,القطاع العام,خدمة إلكترونية جزئيا,2026/04/22,"36,426,377"
 الرياض,الرياض,القطاع العام,خدمة إلكترونية جزئيا,2026/04/22,"36,416,198"
 الرياض,الرياض,القطاع العام,خدمة إلكترونية جزئيا,2026/04/22,"36,413,535"
 الرياض,الرياض,القطاع العام,خدمة إلكترونية جزئيا,2026/04/22,"36,413,563"
 الرياض,الرياض,القطاع العام,خدمة إلكترونية جزئيا,2026/04/22,"36,421,344"
الخدمات الرقمية,عام,القطاع العام,خدمة إلكترونية,2026/04/22,"36,417,248"
الخدمات الرقمية,عام,القطاع العام,خدمة إلكترونية,2026/04/22,"36,425,324"
الخدمات الرقمية,عام,القطاع العام,خدمة إلكترونية,2026/04/22,"36,417,251"
الخدمات الرقمية,عام,القطاع العام,خدمة إلكترونية,2026/04/22,"36,417,249"
الخدمات الرقمية,عام,القطاع العام,خدمة إلكترونية,2026/04/22,"36,417,252"
الخدمات الرقمية,عام,القطاع العام,خدمة إلكترونية,2026/04/22,"36,417,247"
الخدمات الرقمية,عام,القطاع العام,خدمة إلكترونية,2026/04/22,"36,418,076"
الخدمات الرقمية,عام,القطاع العام,خدمة إلكترونية,2026/04/22,"36,430,984"
الخدمات الرقمية,عام,القطاع العام,خدمة إلكترونية,2026/04/22,"36,433,457"
الخدمات الرقمية,عام,القطاع العام,خدمة إلكترونية,2026/04/22,"36,434,026"
الخدمات الرقمية,عام,القطاع العام,خدمة إلكترونية,2026/04/22,"36,434,025"
الخدمات الرقمية,عام,القطاع العام,خدمة إلكترونية,2026/04/22,"36,430,983"
الخدمات الرقمية,عام,القطاع العام,خدمة إلكترونية,2026/04/22,"36,430,986"
الخدمات الرقمية,عام,القطاع العام,خدمة إلكترونية,2026/04/22,"36,430,987"
الخدمات الرقمية,عام,القطاع العام,خدمة إلكترونية,2026/04/22,"36,430,959"
الخدمات الرقمية,عام,القطاع العام,خدمة إلكترونية,2026/04/22,"36,430,990"
الخدمات الرقمية,عام,القطاع العام,خدمة إلكترونية,2026/04/22,"36,430,991"
الخدمات الرقمية,عام,القطاع العام,خدمة إلكترونية,2026/04/22,"36,434,027"
الخدمات الرقمية,عام,القطاع العام,خدمة إلكترونية,2026/04/22,"36,434,572"
الخدمات الرقمية,عام,القطاع العام,خدمة إلكترونية,2026/04/22,"36,435,828"
الخدمات الرقمية,عام,القطاع العام,خدمة إلكترونية,2026/04/22,"36,430,981"
الخدمات الرقمية,عام,القطاع العام,خدمة إلكترونية,2026/04/22,"36,430,989"
الخدمات الرقمية,عام,القطاع العام,خدمة إلكترونية,2026/04/22,"36,434,573"
الخدمات الرقمية,عام,القطاع العام,خدمة إلكترونية,2026/04/22,"36,430,980"
الخدمات الرقمية,عام,القطاع العام,خدمة إلكترونية,2026/04/22,"36,434,634"
الخدمات الرقمية,عام,القطاع العام,خدمة إلكترونية,2026/04/22,"36,430,985"
الخدمات الرقمية,عام,القطاع العام,خدمة إلكترونية,2026/04/22,"36,435,827"
الخدمات الرقمية,عام,القطاع العام,خدمة إلكترونية,2026/04/22,"36,434,633"
 الرياض,الرياض,القطاع العام,خدمة إلكترونية جزئيا,2026/04/22,"36,416,268"
الخدمات الرقمية,عام,القطاع العام,خدمة إلكترونية جزئيا,2026/04/22,"36,416,967"
الخدمات الرقمية,عام,القطاع العام,خدمة إلكترونية جزئيا,2026/04/22,"36,416,802"
الخدمات الرقمية,عام,القطاع العام,خدمة إلكترونية جزئيا,2026/04/22,"36,416,906"
الخدمات الرقمية,عام,القطاع العام,خدمة إلكترونية جزئيا,2026/04/22,"36,416,627"
الخدمات الرقمية,عام,القطاع العام,خدمة إلكترونية جزئيا,2026/04/22,"36,416,703"
الخدمات الرقمية,عام,القطاع العام,خدمة إلكترونية جزئيا,2026/04/22,"36,416,680"
الخدمات الرقمية,عام,القطاع العام,خدمة إلكترونية جزئيا,2026/04/22,"36,417,005"
الخدمات الرقمية,عام,القطاع العام,خدمة إلكترونية جزئيا,2026/04/22,"36,416,896"
الخدمات الرقمية,عام,القطاع العام,خدمة إلكترونية جزئيا,2026/04/22,"36,416,946"
الخدمات الرقمية,عام,القطاع العام,خدمة إلكترونية جزئيا,2026/04/22,"36,416,778"
الخدمات الرقمية,عام,القطاع العام,خدمة إلكترونية جزئيا,2026/04/22,"36,416,874"
الخدمات الرقمية,عام,القطاع العام,خدمة إلكترونية جزئيا,2026/04/22,"36,416,811"
الخدمات الرقمية,عام,القطاع العام,خدمة إلكترونية جزئيا,2026/04/22,"36,416,658"
الخدمات الرقمية,عام,القطاع العام,خدمة إلكترونية جزئيا,2026/04/22,"36,416,960"
الخدمات الرقمية,عام,القطاع العام,خدمة إلكترونية جزئيا,2026/04/22,"36,416,818"
الخدمات الرقمية,عام,القطاع العام,خدمة إلكترونية جزئيا,2026/04/22,"36,416,932"
الخدمات الرقمية,عام,القطاع العام,خدمة إلكترونية جزئيا,2026/04/22,"36,416,638"
الخدمات الرقمية,عام,القطاع العام,خدمة إلكترونية جزئيا,2026/04/22,"36,416,753"
 المدينة المنوره,المدينة المنورة,القطاع العام,خدمة إلكترونية جزئيا,2026/04/22,"36,416,920"
الخدمات الرقمية,عام,القطاع العام,خدمة إلكترونية جزئيا,2026/04/22,"36,426,360"
الخدمات الرقمية,عام,القطاع العام,خدمة إلكترونية جزئيا,2026/04/22,"36,414,592"
الخدمات الرقمية,عام,القطاع العام,خدمة إلكترونية جزئيا,2026/04/22,"36,414,587"
الخدمات الرقمية,عام,القطاع العام,خدمة إلكترونية جزئيا,2026/04/22,"36,426,768"
الخدمات الرقمية,عام,القطاع العام,خدمة إلكترونية جزئيا,2026/04/22,"36,426,516"
الخدمات الرقمية,عام,القطاع العام,خدمة إلكترونية جزئيا,2026/04/22,"36,414,590"
الخدمات الرقمية,عام,القطاع العام,خدمة إلكترونية جزئيا,2026/04/22,"36,426,187"
الخدمات الرقمية,عام,القطاع العام,خدمة إلكترونية جزئيا,2026/04/22,"36,426,896"
الخدمات الرقمية,عام,القطاع العام,خدمة إلكترونية جزئيا,2026/04/22,"36,427,053"
الخدمات الرقمية,عام,القطاع العام,خدمة إلكترونية جزئيا,2026/04/22,"36,427,198"
الخدمات الرقمية,عام,القطاع العام,خدمة إلكترونية جزئيا,2026/04/22,"36,427,113"
الخدمات الرقمية,كتابة عدل مدمجة - افتراضية,القطاع العام,خدمة إلكترونية جزئيا,2026/04/22,"36,417,583"
الخدمات الرقمية,عام,القطاع العام,خدمة إلكترونية جزئيا,2026/04/23,"36,462,997"
الخدمات الرقمية,عام,القطاع العام,خدمة إلكترونية جزئيا,2026/04/23,"36,462,969"
الخدمات الرقمية,عام,القطاع العام,خدمة إلكترونية جزئيا,2026/04/23,"36,462,888"
الخدمات الرقمية,عام,القطاع العام,خدمة إلكترونية,2026/04/23,"36,446,596"
الخدمات الرقمية,عام,القطاع العام,خدمة إلكترونية,2026/04/23,"36,466,978"
الخدمات الرقمية,عام,القطاع العام,خدمة إلكترونية,2026/04/23,"36,463,649"
الخدمات الرقمية,عام,القطاع العام,خدمة إلكترونية,2026/04/23,"36,454,443"
الخدمات الرقمية,عام,القطاع العام,خدمة إلكترونية,2026/04/23,"36,459,189"
الخدمات الرقمية,عام,القطاع العام,خدمة إلكترونية,2026/04/23,"36,460,854"
الخدمات الرقمية,عام,القطاع العام,خدمة إلكترونية,2026/04/23,"36,463,197"
الخدمات الرقمية,عام,القطاع العام,خدمة إلكترونية,2026/04/23,"36,452,819"
الخدمات الرقمية,عام,القطاع العام,خدمة إلكترونية,2026/04/23,"36,447,602"
الخدمات الرقمية,عام,القطاع العام,خدمة إلكترونية,2026/04/23,"36,465,084"
الخدمات الرقمية,عام,القطاع العام,خدمة إلكترونية,2026/04/23,"36,446,655"
الخدمات الرقمية,عام,القطاع العام,خدمة إلكترونية,2026/04/23,"36,455,328"
الخدمات الرقمية,عام,القطاع العام,خدمة إلكترونية جزئيا,2026/04/23,"36,459,116"
الخدمات الرقمية,عام,القطاع العام,خدمة إلكترونية جزئيا,2026/04/23,"36,459,168"
 عسير,ابها,القطاع العام,خدمة إلكترونية جزئيا,2026/04/23,"36,446,601"
 عسير,ابها,القطاع العام,خدمة إلكترونية جزئيا,2026/04/23,"36,446,478"
 جازان,جيزان,القطاع العام,خدمة إلكترونية جزئيا,2026/04/23,"36,445,719"
 جازان,جيزان,القطاع العام,خدمة إلكترونية جزئيا,2026/04/23,"36,445,705"
 مكة المكرمه,جده,القطاع العام,خدمة إلكترونية جزئيا,2026/04/23,"36,447,786"
 مكة المكرمه,جده,القطاع العام,خدمة إلكترونية جزئيا,2026/04/23,"36,447,677"
الخدمات الرقمية,عام,القطاع العام,خدمة إلكترونية,2026/04/23,"36,446,677"
الخدمات الرقمية,عام,القطاع العام,خدمة إلكترونية,2026/04/23,"36,447,597"
الخدمات الرقمية,عام,القطاع العام,خدمة إلكترونية,2026/04/23,"36,452,833"
الخدمات الرقمية,عام,القطاع العام,خدمة إلكترونية,2026/04/23,"36,447,599"
الخدمات الرقمية,عام,القطاع العام,خدمة إلكترونية,2026/04/23,"36,447,621"
الخدمات الرقمية,عام,القطاع العام,خدمة إلكترونية,2026/04/23,"36,446,945"
الخدمات الرقمية,عام,القطاع العام,خدمة إلكترونية,2026/04/23,"36,454,450"
الخدمات الرقمية,عام,القطاع العام,خدمة إلكترونية,2026/04/23,"36,454,453"
الخدمات الرقمية,عام,القطاع العام,خدمة إلكترونية,2026/04/23,"36,454,786"
الخدمات الرقمية,عام,القطاع العام,خدمة إلكترونية,2026/04/23,"36,446,648"
الخدمات الرقمية,عام,القطاع العام,خدمة إلكترونية,2026/04/23,"36,447,598"
الخدمات الرقمية,عام,القطاع العام,خدمة إلكترونية,2026/04/23,"36,454,788"
الخدمات الرقمية,عام,القطاع العام,خدمة إلكترونية,2026/04/23,"36,454,789"
الخدمات الرقمية,عام,القطاع العام,خدمة إلكترونية,2026/04/23,"36,454,790"
الخدمات الرقمية,عام,القطاع العام,خدمة إلكترونية,2026/04/23,"36,454,791"
الخدمات الرقمية,عام,القطاع العام,خدمة إلكترونية,2026/04/23,"36,454,454"
الخدمات الرقمية,عام,القطاع العام,خدمة إلكترونية,2026/04/23,"36,454,451"
الخدمات الرقمية,عام,القطاع العام,خدمة إلكترونية,2026/04/23,"36,460,926"
الخدمات الرقمية,عام,القطاع العام,خدمة إلكترونية,2026/04/23,"36,460,927"
الخدمات الرقمية,عام,القطاع العام,خدمة إلكترونية,2026/04/23,"36,460,929"
الخدمات الرقمية,عام,القطاع العام,خدمة إلكترونية,2026/04/23,"36,463,212"
الخدمات الرقمية,عام,القطاع العام,خدمة إلكترونية,2026/04/23,"36,463,213"
الخدمات الرقمية,عام,القطاع العام,خدمة إلكترونية,2026/04/23,"36,447,620"
الخدمات الرقمية,عام,القطاع العام,خدمة إلكترونية,2026/04/23,"36,463,659"
الخدمات الرقمية,عام,القطاع العام,خدمة إلكترونية,2026/04/23,"36,454,455"
الخدمات الرقمية,عام,القطاع العام,خدمة إلكترونية,2026/04/23,"36,454,456"
الخدمات الرقمية,عام,القطاع العام,خدمة إلكترونية,2026/04/23,"36,455,344"
الخدمات الرقمية,عام,القطاع العام,خدمة إلكترونية,2026/04/23,"36,463,215"
الخدمات الرقمية,عام,القطاع العام,خدمة إلكترونية,2026/04/23,"36,463,216"
الخدمات الرقمية,عام,القطاع العام,خدمة إلكترونية,2026/04/23,"36,463,218"
الخدمات الرقمية,عام,القطاع العام,خدمة إلكترونية,2026/04/23,"36,463,219"
الخدمات الرقمية,عام,القطاع العام,خدمة إلكترونية,2026/04/23,"36,465,098"
الخدمات الرقمية,عام,القطاع العام,خدمة إلكترونية,2026/04/23,"36,454,452"
الخدمات الرقمية,عام,القطاع العام,خدمة إلكترونية,2026/04/23,"36,454,785"
الخدمات الرقمية,عام,القطاع العام,خدمة إلكترونية,2026/04/23,"36,446,943"
الخدمات الرقمية,عام,القطاع العام,خدمة إلكترونية,2026/04/23,"36,459,209"
الخدمات الرقمية,عام,القطاع العام,خدمة إلكترونية,2026/04/23,"36,463,214"
الخدمات الرقمية,عام,القطاع العام,خدمة إلكترونية,2026/04/23,"36,467,005"
الخدمات الرقمية,عام,القطاع العام,خدمة إلكترونية,2026/04/23,"36,467,004"
 الرياض,الرياض,القطاع العام,خدمة إلكترونية جزئيا,2026/04/23,"36,443,747"
 الرياض,الرياض,القطاع العام,خدمة إلكترونية جزئيا,2026/04/23,"36,443,773"
 الرياض,الرياض,القطاع العام,خدمة إلكترونية جزئيا,2026/04/23,"36,445,471"
 الرياض,الرياض,القطاع العام,خدمة إلكترونية جزئيا,2026/04/23,"36,443,674"
الخدمات الرقمية,عام,القطاع العام,خدمة إلكترونية جزئيا,2026/04/23,"36,445,123"
الخدمات الرقمية,عام,القطاع العام,خدمة إلكترونية جزئيا,2026/04/23,"36,445,172"
الخدمات الرقمية,عام,القطاع العام,خدمة إلكترونية جزئيا,2026/04/23,"36,454,042"
 الرياض,الرياض,القطاع العام,خدمة إلكترونية جزئيا,2026/04/23,"36,445,460"
 مكة المكرمه,جده,القطاع العام,خدمة إلكترونية جزئيا,2026/04/23,"36,447,111"
 مكة المكرمه,جده,القطاع العام,خدمة إلكترونية جزئيا,2026/04/23,"36,447,623"
الخدمات الرقمية,عام,القطاع العام,خدمة إلكترونية جزئيا,2026/04/23,"36,449,450"
الخدمات الرقمية,عام,القطاع العام,خدمة إلكترونية جزئيا,2026/04/23,"36,449,415"
 عسير,ابها,القطاع العام,خدمة إلكترونية جزئيا,2026/04/23,"36,446,299"
 عسير,ابها,القطاع العام,خدمة إلكترونية جزئيا,2026/04/23,"36,446,378"
الخدمات الرقمية,عام,القطاع العام,خدمة إلكترونية,2026/04/24,"36,472,973"
الخدمات الرقمية,عام,القطاع العام,خدمة إلكترونية,2026/04/24,"36,472,977"
الخدمات الرقمية,عام,القطاع العام,خدمة إلكترونية,2026/04/25,"36,488,219"
الخدمات الرقمية,عام,القطاع العام,خدمة إلكترونية,2026/04/25,"36,490,075"
الخدمات الرقمية,عام,القطاع العام,خدمة إلكترونية,2026/04/25,"36,490,078"
الخدمات الرقمية,عام,القطاع العام,خدمة إلكترونية,2026/04/25,"36,490,071"
الخدمات الرقمية,عام,القطاع العام,خدمة إلكترونية,2026/04/25,"36,482,299"
الخدمات الرقمية,عام,القطاع العام,خدمة إلكترونية,2026/04/25,"36,482,714"
الخدمات الرقمية,عام,القطاع العام,خدمة إلكترونية,2026/04/25,"36,486,589"
الخدمات الرقمية,عام,القطاع العام,خدمة إلكترونية,2026/04/25,"36,490,191"
 الرياض,الرياض,القطاع العام,خدمة إلكترونية جزئيا,2026/04/25,"36,491,908"
 الرياض,الرياض,القطاع العام,خدمة إلكترونية جزئيا,2026/04/25,"36,491,825"
 الرياض,الرياض,القطاع العام,خدمة إلكترونية جزئيا,2026/04/25,"36,491,718"
 الرياض,الرياض,القطاع العام,خدمة إلكترونية جزئيا,2026/04/25,"36,491,683"
 الرياض,الرياض,القطاع العام,خدمة إلكترونية جزئيا,2026/04/25,"36,491,561"
 الرياض,الرياض,القطاع العام,خدمة إلكترونية جزئيا,2026/04/25,"36,491,461"
الخدمات الرقمية,عام,القطاع العام,خدمة إلكترونية,2026/04/25,"36,488,224"
الخدمات الرقمية,عام,القطاع العام,خدمة إلكترونية,2026/04/25,"36,488,226"
الخدمات الرقمية,عام,القطاع العام,خدمة إلكترونية,2026/04/25,"36,490,223"
الخدمات الرقمية,عام,القطاع العام,خدمة إلكترونية,2026/04/25,"36,486,590"
الخدمات الرقمية,عام,القطاع العام,خدمة إلكترونية,2026/04/25,"36,488,227"
الخدمات الرقمية,عام,القطاع العام,خدمة إلكترونية,2026/04/25,"36,490,099"
الخدمات الرقمية,عام,القطاع العام,خدمة إلكترونية,2026/04/25,"36,490,197"
الخدمات الرقمية,عام,القطاع العام,خدمة إلكترونية,2026/04/25,"36,482,321"
الخدمات الرقمية,عام,القطاع العام,خدمة إلكترونية,2026/04/25,"36,490,199"
الخدمات الرقمية,عام,القطاع العام,خدمة إلكترونية,2026/04/25,"36,482,740"
الخدمات الرقمية,عام,القطاع العام,خدمة إلكترونية,2026/04/25,"36,490,220"
الخدمات الرقمية,عام,القطاع العام,خدمة إلكترونية,2026/04/25,"36,490,102"
الخدمات الرقمية,عام,القطاع العام,خدمة إلكترونية,2026/04/25,"36,490,100"
الخدمات الرقمية,عام,القطاع العام,خدمة إلكترونية,2026/04/25,"36,490,101"
الخدمات الرقمية,عام,القطاع العام,خدمة إلكترونية,2026/04/25,"36,490,106"
الخدمات الرقمية,عام,القطاع العام,خدمة إلكترونية,2026/04/25,"36,490,107"
الخدمات الرقمية,عام,القطاع العام,خدمة إلكترونية,2026/04/25,"36,490,108"
الخدمات الرقمية,عام,القطاع العام,خدمة إلكترونية,2026/04/25,"36,490,221"
الخدمات الرقمية,عام,القطاع العام,خدمة إلكترونية,2026/04/25,"36,490,222"
 الرياض,الرياض,القطاع العام,خدمة إلكترونية جزئيا,2026/04/25,"36,491,270"
 الرياض,الرياض,القطاع العام,خدمة إلكترونية جزئيا,2026/04/25,"36,491,410"
 الرياض,الرياض,القطاع العام,خدمة إلكترونية جزئيا,2026/04/25,"36,491,668"
 الرياض,الرياض,القطاع العام,خدمة إلكترونية جزئيا,2026/04/25,"36,491,524"
 الرياض,الرياض,القطاع العام,خدمة إلكترونية جزئيا,2026/04/25,"36,491,606"
 الرياض,الرياض,القطاع العام,خدمة إلكترونية جزئيا,2026/04/25,"36,491,888"
 الرياض,الرياض,القطاع العام,خدمة إلكترونية جزئيا,2026/04/25,"36,491,776"
الخدمات الرقمية,عام,القطاع العام,خدمة إلكترونية,2026/04/26,"36,502,196"
الخدمات الرقمية,عام,القطاع العام,خدمة إلكترونية,2026/04/26,"36,503,645"
الخدمات الرقمية,عام,القطاع العام,خدمة إلكترونية,2026/04/26,"36,505,984"
الخدمات الرقمية,عام,القطاع العام,خدمة إلكترونية,2026/04/26,"36,498,005"
الخدمات الرقمية,عام,القطاع العام,خدمة إلكترونية,2026/04/26,"36,498,485"
الخدمات الرقمية,عام,القطاع العام,خدمة إلكترونية,2026/04/26,"36,501,428"
الخدمات الرقمية,عام,القطاع العام,خدمة إلكترونية,2026/04/26,"36,501,997"
الخدمات الرقمية,عام,القطاع العام,خدمة إلكترونية,2026/04/26,"36,511,409"
الخدمات الرقمية,عام,القطاع العام,خدمة إلكترونية,2026/04/26,"36,507,844"
الخدمات الرقمية,عام,القطاع العام,خدمة إلكترونية,2026/04/26,"36,510,209"
الخدمات الرقمية,عام,القطاع العام,خدمة إلكترونية,2026/04/26,"36,506,819"
الخدمات الرقمية,عام,القطاع العام,خدمة إلكترونية,2026/04/26,"36,501,232"
الخدمات الرقمية,عام,القطاع العام,خدمة إلكترونية,2026/04/26,"36,509,396"
 الرياض,الرياض,القطاع العام,خدمة إلكترونية جزئيا,2026/04/26,"36,503,495"
 الرياض,الرياض,القطاع العام,خدمة إلكترونية جزئيا,2026/04/26,"36,501,568"
 الرياض,الرياض,القطاع العام,خدمة إلكترونية جزئيا,2026/04/26,"36,501,617"
الخدمات الرقمية,عام,القطاع العام,خدمة إلكترونية جزئيا,2026/04/26,"36,501,242"
الخدمات الرقمية,عام,القطاع العام,خدمة إلكترونية جزئيا,2026/04/26,"36,501,284"
 الرياض,الرياض,القطاع العام,خدمة إلكترونية جزئيا,2026/04/26,"36,501,598"
الخدمات الرقمية,عام,القطاع العام,خدمة إلكترونية,2026/04/26,"36,498,498"
الخدمات الرقمية,عام,القطاع العام,خدمة إلكترونية,2026/04/26,"36,498,499"
الخدمات الرقمية,عام,القطاع العام,خدمة إلكترونية,2026/04/26,"36,498,495"
الخدمات الرقمية,عام,القطاع العام,خدمة إلكترونية,2026/04/26,"36,498,493"
الخدمات الرقمية,عام,القطاع العام,خدمة إلكترونية,2026/04/26,"36,498,494"
الخدمات الرقمية,عام,القطاع العام,خدمة إلكترونية,2026/04/26,"36,498,521"
الخدمات الرقمية,عام,القطاع العام,خدمة إلكترونية,2026/04/26,"36,498,497"
الخدمات الرقمية,عام,القطاع العام,خدمة إلكترونية,2026/04/26,"36,498,492"
الخدمات الرقمية,عام,القطاع العام,خدمة إلكترونية,2026/04/26,"36,498,030"
الخدمات الرقمية,عام,القطاع العام,خدمة إلكترونية,2026/04/26,"36,503,553"
الخدمات الرقمية,عام,القطاع العام,خدمة إلكترونية,2026/04/26,"36,501,237"
الخدمات الرقمية,عام,القطاع العام,خدمة إلكترونية,2026/04/26,"36,501,444"
الخدمات الرقمية,عام,القطاع العام,خدمة إلكترونية,2026/04/26,"36,501,445"
الخدمات الرقمية,عام,القطاع العام,خدمة إلكترونية,2026/04/26,"36,501,442"
الخدمات الرقمية,عام,القطاع العام,خدمة إلكترونية,2026/04/26,"36,502,205"
الخدمات الرقمية,عام,القطاع العام,خدمة إلكترونية,2026/04/26,"36,507,848"
الخدمات الرقمية,عام,القطاع العام,خدمة إلكترونية,2026/04/26,"36,511,417"
الخدمات الرقمية,عام,القطاع العام,خدمة إلكترونية,2026/04/26,"36,511,418"
الخدمات الرقمية,عام,القطاع العام,خدمة إلكترونية,2026/04/26,"36,511,419"
الخدمات الرقمية,عام,القطاع العام,خدمة إلكترونية,2026/04/26,"36,511,420"
الخدمات الرقمية,عام,القطاع العام,خدمة إلكترونية,2026/04/26,"36,511,414"
الخدمات الرقمية,عام,القطاع العام,خدمة إلكترونية,2026/04/26,"36,501,440"
الخدمات الرقمية,عام,القطاع العام,خدمة إلكترونية,2026/04/26,"36,511,415"
الخدمات الرقمية,عام,القطاع العام,خدمة إلكترونية,2026/04/26,"36,511,416"
الخدمات الرقمية,عام,القطاع العام,خدمة إلكترونية,2026/04/26,"36,501,447"
الخدمات الرقمية,عام,القطاع العام,خدمة إلكترونية,2026/04/26,"36,501,448"
الخدمات الرقمية,عام,القطاع العام,خدمة إلكترونية,2026/04/26,"36,501,449"
الخدمات الرقمية,عام,القطاع العام,خدمة إلكترونية,2026/04/26,"36,502,002"
الخدمات الرقمية,عام,القطاع العام,خدمة إلكترونية,2026/04/26,"36,506,017"
الخدمات الرقمية,عام,القطاع العام,خدمة إلكترونية,2026/04/26,"36,509,399"
الخدمات الرقمية,عام,القطاع العام,خدمة إلكترونية,2026/04/26,"36,509,400"
الخدمات الرقمية,عام,القطاع العام,خدمة إلكترونية,2026/04/26,"36,506,019"
الخدمات الرقمية,عام,القطاع العام,خدمة إلكترونية,2026/04/26,"36,501,443"
الخدمات الرقمية,عام,القطاع العام,خدمة إلكترونية,2026/04/26,"36,501,441"
الخدمات الرقمية,عام,القطاع العام,خدمة إلكترونية,2026/04/26,"36,501,238"
الخدمات الرقمية,عام,القطاع العام,خدمة إلكترونية,2026/04/26,"36,501,379"
الخدمات الرقمية,عام,القطاع العام,خدمة إلكترونية,2026/04/26,"36,506,016"
الخدمات الرقمية,عام,القطاع العام,خدمة إلكترونية,2026/04/26,"36,506,852"
الخدمات الرقمية,عام,القطاع العام,خدمة إلكترونية,2026/04/26,"36,509,401"
الخدمات الرقمية,عام,القطاع العام,خدمة إلكترونية,2026/04/26,"36,501,239"
الخدمات الرقمية,عام,القطاع العام,خدمة إلكترونية,2026/04/26,"36,501,446"
الخدمات الرقمية,عام,القطاع العام,خدمة إلكترونية,2026/04/26,"36,510,214"
 الرياض,الرياض,القطاع العام,خدمة إلكترونية جزئيا,2026/04/26,"36,494,666"
 الرياض,الرياض,القطاع العام,خدمة إلكترونية جزئيا,2026/04/26,"36,494,669"
 الرياض,الرياض,القطاع العام,خدمة إلكترونية جزئيا,2026/04/26,"36,499,925"
 الرياض,الرياض,القطاع العام,خدمة إلكترونية جزئيا,2026/04/26,"36,500,187"
 الرياض,الرياض,القطاع العام,خدمة إلكترونية جزئيا,2026/04/26,"36,500,310"
 الرياض,الرياض,القطاع العام,خدمة إلكترونية جزئيا,2026/04/26,"36,495,129"
 الرياض,الرياض,القطاع العام,خدمة إلكترونية جزئيا,2026/04/26,"36,494,864"
 الرياض,الرياض,القطاع العام,خدمة إلكترونية جزئيا,2026/04/26,"36,494,871"
 الرياض,الرياض,القطاع العام,خدمة إلكترونية جزئيا,2026/04/26,"36,501,776"
 الرياض,الرياض,القطاع العام,خدمة إلكترونية جزئيا,2026/04/26,"36,495,121"
 الرياض,الرياض,القطاع العام,خدمة إلكترونية جزئيا,2026/04/26,"36,503,727"
 الرياض,الرياض,القطاع العام,خدمة إلكترونية جزئيا,2026/04/26,"36,494,866"
 الرياض,الرياض,القطاع العام,خدمة إلكترونية جزئيا,2026/04/26,"36,494,676"
 الرياض,الرياض,القطاع العام,خدمة إلكترونية جزئيا,2026/04/26,"36,494,679"
 الرياض,الرياض,القطاع العام,خدمة إلكترونية جزئيا,2026/04/26,"36,494,942"
 الرياض,الرياض,القطاع العام,خدمة إلكترونية جزئيا,2026/04/26,"36,500,107"
 الرياض,الرياض,القطاع العام,خدمة إلكترونية جزئيا,2026/04/26,"36,500,020"
 الرياض,الرياض,القطاع العام,خدمة إلكترونية جزئيا,2026/04/26,"36,499,690"
الخدمات الرقمية,عام,القطاع العام,خدمة إلكترونية,2026/04/27,"36,534,828"
الخدمات الرقمية,عام,القطاع العام,خدمة إلكترونية,2026/04/27,"36,523,518"
الخدمات الرقمية,عام,القطاع العام,خدمة إلكترونية,2026/04/27,"36,541,985"
الخدمات الرقمية,عام,القطاع العام,خدمة إلكترونية,2026/04/27,"36,533,191"
الخدمات الرقمية,عام,القطاع العام,خدمة إلكترونية,2026/04/27,"36,525,227"
الخدمات الرقمية,عام,القطاع العام,خدمة إلكترونية,2026/04/27,"36,517,697"
الخدمات الرقمية,عام,القطاع العام,خدمة إلكترونية,2026/04/27,"36,520,430"
الخدمات الرقمية,عام,القطاع العام,خدمة إلكترونية,2026/04/27,"36,517,208"
الخدمات الرقمية,عام,القطاع العام,خدمة إلكترونية,2026/04/27,"36,516,583"
الخدمات الرقمية,عام,القطاع العام,خدمة إلكترونية,2026/04/27,"36,518,305"
 الرياض,الرياض,القطاع العام,خدمة إلكترونية جزئيا,2026/04/27,"36,519,832"
 الرياض,الرياض,القطاع العام,خدمة إلكترونية جزئيا,2026/04/27,"36,527,904"
الخدمات الرقمية,عام,القطاع العام,خدمة إلكترونية جزئيا,2026/04/27,"36,534,377"
الخدمات الرقمية,عام,القطاع العام,خدمة إلكترونية جزئيا,2026/04/27,"36,534,362"
الخدمات الرقمية,عام,القطاع العام,خدمة إلكترونية جزئيا,2026/04/27,"36,534,450"
الخدمات الرقمية,عام,القطاع العام,خدمة إلكترونية جزئيا,2026/04/27,"36,534,301"
الخدمات الرقمية,عام,القطاع العام,خدمة إلكترونية جزئيا,2026/04/27,"36,534,411"
 الرياض,الرياض,القطاع العام,خدمة إلكترونية جزئيا,2026/04/27,"36,517,621"
 الرياض,الرياض,القطاع العام,خدمة إلكترونية جزئيا,2026/04/27,"36,516,880"
 الرياض,الرياض,القطاع العام,خدمة إلكترونية جزئيا,2026/04/27,"36,518,042"
الخدمات الرقمية,عام,القطاع العام,خدمة إلكترونية,2026/04/27,"36,516,595"
الخدمات الرقمية,عام,القطاع العام,خدمة إلكترونية,2026/04/27,"36,517,230"
الخدمات الرقمية,عام,القطاع العام,خدمة إلكترونية,2026/04/27,"36,518,319"
الخدمات الرقمية,عام,القطاع العام,خدمة إلكترونية,2026/04/27,"36,517,703"
الخدمات الرقمية,عام,القطاع العام,خدمة إلكترونية,2026/04/27,"36,518,321"
الخدمات الرقمية,عام,القطاع العام,خدمة إلكترونية,2026/04/27,"36,518,316"
الخدمات الرقمية,عام,القطاع العام,خدمة إلكترونية,2026/04/27,"36,518,323"
الخدمات الرقمية,عام,القطاع العام,خدمة إلكترونية,2026/04/27,"36,516,593"
الخدمات الرقمية,عام,القطاع العام,خدمة إلكترونية,2026/04/27,"36,520,485"
الخدمات الرقمية,عام,القطاع العام,خدمة إلكترونية,2026/04/27,"36,523,583"
الخدمات الرقمية,عام,القطاع العام,خدمة إلكترونية,2026/04/27,"36,516,594"
الخدمات الرقمية,عام,القطاع العام,خدمة إلكترونية,2026/04/27,"36,517,232"
الخدمات الرقمية,عام,القطاع العام,خدمة إلكترونية,2026/04/27,"36,523,589"
الخدمات الرقمية,عام,القطاع العام,خدمة إلكترونية,2026/04/27,"36,517,229"
الخدمات الرقمية,عام,القطاع العام,خدمة إلكترونية,2026/04/27,"36,525,233"
الخدمات الرقمية,عام,القطاع العام,خدمة إلكترونية,2026/04/27,"36,523,587"
الخدمات الرقمية,عام,القطاع العام,خدمة إلكترونية,2026/04/27,"36,523,588"
الخدمات الرقمية,عام,القطاع العام,خدمة إلكترونية,2026/04/27,"36,534,854"
الخدمات الرقمية,عام,القطاع العام,خدمة إلكترونية,2026/04/27,"36,534,855"
الخدمات الرقمية,عام,القطاع العام,خدمة إلكترونية,2026/04/27,"36,517,231"
الخدمات الرقمية,عام,القطاع العام,خدمة إلكترونية,2026/04/27,"36,534,845"
الخدمات الرقمية,عام,القطاع العام,خدمة إلكترونية,2026/04/27,"36,534,846"
الخدمات الرقمية,عام,القطاع العام,خدمة إلكترونية,2026/04/27,"36,533,211"
الخدمات الرقمية,عام,القطاع العام,خدمة إلكترونية,2026/04/27,"36,533,212"
الخدمات الرقمية,عام,القطاع العام,خدمة إلكترونية,2026/04/27,"36,533,208"
الخدمات الرقمية,عام,القطاع العام,خدمة إلكترونية,2026/04/27,"36,533,209"
الخدمات الرقمية,عام,القطاع العام,خدمة إلكترونية,2026/04/27,"36,534,844"
الخدمات الرقمية,عام,القطاع العام,خدمة إلكترونية,2026/04/27,"36,534,851"
الخدمات الرقمية,عام,القطاع العام,خدمة إلكترونية,2026/04/27,"36,534,847"
الخدمات الرقمية,عام,القطاع العام,خدمة إلكترونية,2026/04/27,"36,533,210"
الخدمات الرقمية,عام,القطاع العام,خدمة إلكترونية,2026/04/27,"36,534,849"
الخدمات الرقمية,عام,القطاع العام,خدمة إلكترونية,2026/04/27,"36,534,852"
الخدمات الرقمية,عام,القطاع العام,خدمة إلكترونية,2026/04/27,"36,523,582"
الخدمات الرقمية,عام,القطاع العام,خدمة إلكترونية,2026/04/27,"36,534,856"
الخدمات الرقمية,عام,القطاع العام,خدمة إلكترونية,2026/04/27,"36,518,317"
الخدمات الرقمية,عام,القطاع العام,خدمة إلكترونية,2026/04/27,"36,534,848"
الخدمات الرقمية,عام,القطاع العام,خدمة إلكترونية,2026/04/27,"36,534,850"
الخدمات الرقمية,عام,القطاع العام,خدمة إلكترونية,2026/04/27,"36,523,585"
الخدمات الرقمية,عام,القطاع العام,خدمة إلكترونية,2026/04/27,"36,533,207"
الخدمات الرقمية,عام,القطاع العام,خدمة إلكترونية,2026/04/27,"36,534,843"
الخدمات الرقمية,عام,القطاع العام,خدمة إلكترونية,2026/04/27,"36,542,023"
الخدمات الرقمية,عام,القطاع العام,خدمة إلكترونية,2026/04/27,"36,542,025"
الخدمات الرقمية,عام,القطاع العام,خدمة إلكترونية,2026/04/27,"36,542,028"
الخدمات الرقمية,عام,القطاع العام,خدمة إلكترونية,2026/04/27,"36,542,024"
الخدمات الرقمية,عام,القطاع العام,خدمة إلكترونية,2026/04/27,"36,542,027"
الخدمات الرقمية,عام,القطاع العام,خدمة إلكترونية,2026/04/27,"36,541,999"
الخدمات الرقمية,عام,القطاع العام,خدمة إلكترونية,2026/04/27,"36,542,029"
الخدمات الرقمية,عام,القطاع العام,خدمة إلكترونية,2026/04/27,"36,542,026"
الخدمات الرقمية,عام,القطاع العام,خدمة إلكترونية,2026/04/27,"36,542,030"
الخدمات الرقمية,عام,القطاع العام,خدمة إلكترونية,2026/04/27,"36,542,021"
الخدمات الرقمية,عام,القطاع العام,خدمة إلكترونية جزئيا,2026/04/27,"36,540,500"
الخدمات الرقمية,عام,القطاع العام,خدمة إلكترونية جزئيا,2026/04/27,"36,540,556"
 الباحة,الباحه,القطاع العام,خدمة إلكترونية جزئيا,2026/04/27,"36,517,448"
 الباحة,الباحه,القطاع العام,خدمة إلكترونية جزئيا,2026/04/27,"36,517,483"
 الرياض,الرياض,القطاع العام,خدمة إلكترونية جزئيا,2026/04/27,"36,518,937"
 الرياض,الرياض,القطاع العام,خدمة إلكترونية جزئيا,2026/04/27,"36,518,818"
 الرياض,الرياض,القطاع العام,خدمة إلكترونية جزئيا,2026/04/27,"36,518,051"
 الرياض,الرياض,القطاع العام,خدمة إلكترونية جزئيا,2026/04/27,"36,517,518"
 الرياض,الرياض,القطاع العام,خدمة إلكترونية جزئيا,2026/04/27,"36,517,820"
 الرياض,الرياض,القطاع العام,خدمة إلكترونية جزئيا,2026/04/27,"36,519,105"
 عسير,ابها,القطاع العام,خدمة إلكترونية جزئيا,2026/04/27,"36,517,277"
 عسير,ابها,القطاع العام,خدمة إلكترونية جزئيا,2026/04/27,"36,517,259"
 الرياض,الرياض,القطاع العام,خدمة إلكترونية جزئيا,2026/04/27,"36,516,570"
الخدمات الرقمية,عام,القطاع العام,خدمة إلكترونية جزئيا,2026/04/27,"36,517,359"
الخدمات الرقمية,عام,القطاع العام,خدمة إلكترونية جزئيا,2026/04/27,"36,517,567"
الخدمات الرقمية,عام,القطاع العام,خدمة إلكترونية جزئيا,2026/04/27,"36,517,444"
الخدمات الرقمية,عام,القطاع العام,خدمة إلكترونية جزئيا,2026/04/27,"36,517,302"
الخدمات الرقمية,عام,القطاع العام,خدمة إلكترونية جزئيا,2026/04/27,"36,517,614"
الخدمات الرقمية,عام,القطاع العام,خدمة إلكترونية جزئيا,2026/04/27,"36,517,689"
الخدمات الرقمية,عام,القطاع العام,خدمة إلكترونية جزئيا,2026/04/27,"36,517,674"
الخدمات الرقمية,عام,القطاع العام,خدمة إلكترونية جزئيا,2026/04/27,"36,517,862"
الخدمات الرقمية,عام,القطاع العام,خدمة إلكترونية جزئيا,2026/04/27,"36,517,149"
الخدمات الرقمية,عام,القطاع العام,خدمة إلكترونية جزئيا,2026/04/27,"36,517,531"
الخدمات الرقمية,عام,القطاع العام,خدمة إلكترونية جزئيا,2026/04/27,"36,517,807"
الخدمات الرقمية,عام,القطاع العام,خدمة إلكترونية جزئيا,2026/04/27,"36,516,539"
الخدمات الرقمية,عام,القطاع العام,خدمة إلكترونية جزئيا,2026/04/27,"36,516,545"
الخدمات الرقمية,عام,القطاع العام,خدمة إلكترونية جزئيا,2026/04/27,"36,517,482"
الخدمات الرقمية,عام,القطاع العام,خدمة إلكترونية جزئيا,2026/04/27,"36,517,402"
الخدمات الرقمية,عام,القطاع العام,خدمة إلكترونية جزئيا,2026/04/27,"36,517,600"
الخدمات الرقمية,عام,القطاع العام,خدمة إلكترونية جزئيا,2026/04/27,"36,517,321"
الخدمات الرقمية,عام,القطاع العام,خدمة إلكترونية جزئيا,2026/04/27,"36,517,551"
الخدمات الرقمية,عام,القطاع العام,خدمة إلكترونية جزئيا,2026/04/27,"36,517,651"
الخدمات الرقمية,عام,القطاع العام,خدمة إلكترونية جزئيا,2026/04/27,"36,517,271"
الخدمات الرقمية,عام,القطاع العام,خدمة إلكترونية جزئيا,2026/04/27,"36,517,779"
الخدمات الرقمية,عام,القطاع العام,خدمة إلكترونية جزئيا,2026/04/27,"36,517,742"
 مكة المكرمه,جده,القطاع العام,خدمة إلكترونية جزئيا,2026/04/27,"36,518,899"
الخدمات الرقمية,عام,القطاع العام,خدمة إلكترونية جزئيا,2026/04/27,"36,534,443"
الخدمات الرقمية,عام,القطاع العام,خدمة إلكترونية جزئيا,2026/04/27,"36,534,328"
الخدمات الرقمية,عام,القطاع العام,خدمة إلكترونية جزئيا,2026/04/27,"36,534,370"
الخدمات الرقمية,عام,القطاع العام,خدمة إلكترونية جزئيا,2026/04/27,"36,534,312"
الخدمات الرقمية,عام,القطاع العام,خدمة إلكترونية,2026/04/28,"36,563,686"
الخدمات الرقمية,عام,القطاع العام,خدمة إلكترونية,2026/04/28,"36,551,901"
الخدمات الرقمية,عام,القطاع العام,خدمة إلكترونية,2026/04/28,"36,552,528"
الخدمات الرقمية,عام,القطاع العام,خدمة إلكترونية,2026/04/28,"36,552,792"
الخدمات الرقمية,عام,القطاع العام,خدمة إلكترونية,2026/04/28,"36,553,721"
 عسير,ابها,القطاع العام,خدمة إلكترونية جزئيا,2026/04/28,"36,550,086"
الخدمات الرقمية,عام,القطاع العام,خدمة إلكترونية,2026/04/28,"36,551,933"
الخدمات الرقمية,عام,القطاع العام,خدمة إلكترونية,2026/04/28,"36,553,712"
الخدمات الرقمية,عام,القطاع العام,خدمة إلكترونية,2026/04/28,"36,552,816"
الخدمات الرقمية,عام,القطاع العام,خدمة إلكترونية,2026/04/28,"36,552,817"
الخدمات الرقمية,عام,القطاع العام,خدمة إلكترونية,2026/04/28,"36,551,936"
الخدمات الرقمية,عام,القطاع العام,خدمة إلكترونية,2026/04/28,"36,551,939"
الخدمات الرقمية,عام,القطاع العام,خدمة إلكترونية,2026/04/28,"36,551,940"
الخدمات الرقمية,عام,القطاع العام,خدمة إلكترونية,2026/04/28,"36,551,941"
الخدمات الرقمية,عام,القطاع العام,خدمة إلكترونية,2026/04/28,"36,551,930"
الخدمات الرقمية,عام,القطاع العام,خدمة إلكترونية,2026/04/28,"36,551,932"
الخدمات الرقمية,عام,القطاع العام,خدمة إلكترونية,2026/04/28,"36,552,818"
الخدمات الرقمية,عام,القطاع العام,خدمة إلكترونية,2026/04/28,"36,553,505"
الخدمات الرقمية,عام,القطاع العام,خدمة إلكترونية,2026/04/28,"36,552,549"
الخدمات الرقمية,عام,القطاع العام,خدمة إلكترونية,2026/04/28,"36,551,928"
الخدمات الرقمية,عام,القطاع العام,خدمة إلكترونية,2026/04/28,"36,551,934"
الخدمات الرقمية,عام,القطاع العام,خدمة إلكترونية,2026/04/28,"36,552,820"
الخدمات الرقمية,عام,القطاع العام,خدمة إلكترونية,2026/04/28,"36,552,821"
الخدمات الرقمية,عام,القطاع العام,خدمة إلكترونية,2026/04/28,"36,552,811"
الخدمات الرقمية,عام,القطاع العام,خدمة إلكترونية,2026/04/28,"36,551,935"
الخدمات الرقمية,عام,القطاع العام,خدمة إلكترونية,2026/04/28,"36,551,937"
الخدمات الرقمية,عام,القطاع العام,خدمة إلكترونية,2026/04/28,"36,551,927"
الخدمات الرقمية,عام,القطاع العام,خدمة إلكترونية,2026/04/28,"36,551,929"
الخدمات الرقمية,عام,القطاع العام,خدمة إلكترونية,2026/04/28,"36,552,815"
الخدمات الرقمية,عام,القطاع العام,خدمة إلكترونية,2026/04/28,"36,552,819"
الخدمات الرقمية,عام,القطاع العام,خدمة إلكترونية جزئيا,2026/04/28,"36,565,048"
الخدمات الرقمية,عام,القطاع العام,خدمة إلكترونية جزئيا,2026/04/28,"36,565,124"
الخدمات الرقمية,كتابة عدل مدمجة - افتراضية,القطاع العام,خدمة إلكترونية جزئيا,2026/04/28,"36,564,240"
الخدمات الرقمية,كتابة عدل مدمجة - افتراضية,القطاع العام,خدمة إلكترونية جزئيا,2026/04/28,"36,564,236"
 المدينة المنوره,المدينة المنورة,القطاع العام,خدمة إلكترونية جزئيا,2026/04/28,"36,553,596"
 الرياض,الرياض,القطاع العام,خدمة إلكترونية جزئيا,2026/04/28,"36,546,575"
 الرياض,الرياض,القطاع العام,خدمة إلكترونية جزئيا,2026/04/28,"36,546,683"
 الرياض,الرياض,القطاع العام,خدمة إلكترونية جزئيا,2026/04/28,"36,546,487"
 الرياض,الرياض,القطاع العام,خدمة إلكترونية جزئيا,2026/04/28,"36,542,981"
 الرياض,الرياض,القطاع العام,خدمة إلكترونية جزئيا,2026/04/28,"36,542,792"
الخدمات الرقمية,عام,القطاع العام,خدمة إلكترونية جزئيا,2026/04/28,"36,554,209"
 مكة المكرمه,جده,القطاع العام,خدمة إلكترونية جزئيا,2026/04/28,"36,549,332"
 عسير,ابها,القطاع العام,خدمة إلكترونية جزئيا,2026/04/28,"36,549,092"
 الرياض,الرياض,القطاع العام,خدمة إلكترونية جزئيا,2026/04/28,"36,547,268"
 الرياض,الرياض,القطاع العام,خدمة إلكترونية جزئيا,2026/04/28,"36,546,767"
 الرياض,الرياض,القطاع العام,خدمة إلكترونية جزئيا,2026/04/28,"36,553,423"
 الرياض,الرياض,القطاع العام,خدمة إلكترونية جزئيا,2026/04/28,"36,546,725"
 الرياض,الرياض,القطاع العام,خدمة إلكترونية جزئيا,2026/04/28,"36,546,815"
 الرياض,الرياض,القطاع العام,خدمة إلكترونية جزئيا,2026/04/28,"36,546,981"
 الرياض,الرياض,القطاع العام,خدمة إلكترونية جزئيا,2026/04/28,"36,546,943"
 الرياض,الرياض,القطاع العام,خدمة إلكترونية جزئيا,2026/04/28,"36,546,900"
 الرياض,الرياض,القطاع العام,خدمة إلكترونية جزئيا,2026/04/28,"36,546,854"
 عسير,ابها,القطاع العام,خدمة إلكترونية جزئيا,2026/04/28,"36,552,747"
 عسير,ابها,القطاع العام,خدمة إلكترونية جزئيا,2026/04/28,"36,552,416"
 الرياض,الرياض,القطاع العام,خدمة إلكترونية جزئيا,2026/04/28,"36,547,230"
 الرياض,الرياض,القطاع العام,خدمة إلكترونية جزئيا,2026/04/28,"36,547,305"
 الرياض,الرياض,القطاع العام,خدمة إلكترونية جزئيا,2026/04/28,"36,547,171"
 الرياض,الرياض,القطاع العام,خدمة إلكترونية جزئيا,2026/04/28,"36,553,433"
 الرياض,الرياض,القطاع العام,خدمة إلكترونية جزئيا,2026/04/28,"36,547,098"
 الرياض,الرياض,القطاع العام,خدمة إلكترونية جزئيا,2026/04/28,"36,547,069"
 الرياض,الرياض,القطاع العام,خدمة إلكترونية جزئيا,2026/04/28,"36,556,465"
 عسير,ابها,القطاع العام,خدمة إلكترونية جزئيا,2026/04/28,"36,552,941"
 عسير,ابها,القطاع العام,خدمة إلكترونية جزئيا,2026/04/28,"36,552,302"
الخدمات الرقمية,عام,القطاع العام,خدمة إلكترونية جزئيا,2026/04/28,"36,551,880"
الخدمات الرقمية,عام,القطاع العام,خدمة إلكترونية جزئيا,2026/04/28,"36,551,636"
الخدمات الرقمية,عام,القطاع العام,خدمة إلكترونية جزئيا,2026/04/28,"36,551,458"
الخدمات الرقمية,عام,القطاع العام,خدمة إلكترونية جزئيا,2026/04/28,"36,551,160"
الخدمات الرقمية,عام,القطاع العام,خدمة إلكترونية جزئيا,2026/04/28,"36,551,744"
الخدمات الرقمية,عام,القطاع العام,خدمة إلكترونية جزئيا,2026/04/28,"36,551,802"
الخدمات الرقمية,عام,القطاع العام,خدمة إلكترونية جزئيا,2026/04/28,"36,551,391"
الخدمات الرقمية,عام,القطاع العام,خدمة إلكترونية جزئيا,2026/04/28,"36,551,572"
الخدمات الرقمية,عام,القطاع العام,خدمة إلكترونية جزئيا,2026/04/28,"36,551,513"
الخدمات الرقمية,عام,القطاع العام,خدمة إلكترونية جزئيا,2026/04/28,"36,551,305"
الخدمات الرقمية,عام,القطاع العام,خدمة إلكترونية جزئيا,2026/04/28,"36,551,890"
الخدمات الرقمية,كتابة عدل مدمجة - افتراضية,القطاع العام,خدمة إلكترونية جزئيا,2026/04/28,"36,559,436"
الخدمات الرقمية,كتابة عدل مدمجة - افتراضية,القطاع العام,خدمة إلكترونية جزئيا,2026/04/28,"36,559,376"
الخدمات الرقمية,عام,القطاع العام,خدمة إلكترونية,2026/04/29,"36,590,383"
الخدمات الرقمية,عام,القطاع العام,خدمة إلكترونية,2026/04/29,"36,580,907"
الخدمات الرقمية,عام,القطاع العام,خدمة إلكترونية,2026/04/29,"36,577,121"
الخدمات الرقمية,عام,القطاع العام,خدمة إلكترونية,2026/04/29,"36,590,001"
الخدمات الرقمية,عام,القطاع العام,خدمة إلكترونية,2026/04/29,"36,590,002"
الخدمات الرقمية,عام,القطاع العام,خدمة إلكترونية,2026/04/29,"36,575,737"
الخدمات الرقمية,عام,القطاع العام,خدمة إلكترونية,2026/04/29,"36,584,596"
الخدمات الرقمية,عام,القطاع العام,خدمة إلكترونية,2026/04/29,"36,586,171"
الخدمات الرقمية,عام,القطاع العام,خدمة إلكترونية,2026/04/29,"36,588,595"
الخدمات الرقمية,عام,القطاع العام,خدمة إلكترونية,2026/04/29,"36,580,380"
الخدمات الرقمية,عام,القطاع العام,خدمة إلكترونية,2026/04/29,"36,572,149"
الخدمات الرقمية,عام,القطاع العام,خدمة إلكترونية,2026/04/29,"36,567,427"
الخدمات الرقمية,عام,القطاع العام,خدمة إلكترونية جزئيا,2026/04/29,"36,577,537"
 الجوف,سكاكا,القطاع العام,خدمة إلكترونية جزئيا,2026/04/29,"36,592,260"
الخدمات الرقمية,عام,القطاع العام,خدمة إلكترونية جزئيا,2026/04/29,"36,588,653"
 عسير,ابها,القطاع العام,خدمة إلكترونية جزئيا,2026/04/29,"36,574,470"
 عسير,ابها,القطاع العام,خدمة إلكترونية جزئيا,2026/04/29,"36,574,507"
 القصيم,بريده,القطاع العام,خدمة إلكترونية جزئيا,2026/04/29,"36,574,371"
الخدمات الرقمية,عام,القطاع العام,خدمة إلكترونية,2026/04/29,"36,575,758"
الخدمات الرقمية,عام,القطاع العام,خدمة إلكترونية,2026/04/29,"36,575,759"
الخدمات الرقمية,عام,القطاع العام,خدمة إلكترونية,2026/04/29,"36,575,783"
الخدمات الرقمية,عام,القطاع العام,خدمة إلكترونية,2026/04/29,"36,568,107"
الخدمات الرقمية,عام,القطاع العام,خدمة إلكترونية,2026/04/29,"36,575,782"
الخدمات الرقمية,عام,القطاع العام,خدمة إلكترونية,2026/04/29,"36,575,755"
الخدمات الرقمية,عام,القطاع العام,خدمة إلكترونية,2026/04/29,"36,575,780"
الخدمات الرقمية,عام,القطاع العام,خدمة إلكترونية,2026/04/29,"36,577,128"
الخدمات الرقمية,عام,القطاع العام,خدمة إلكترونية,2026/04/29,"36,577,129"
الخدمات الرقمية,عام,القطاع العام,خدمة إلكترونية,2026/04/29,"36,577,131"
الخدمات الرقمية,عام,القطاع العام,خدمة إلكترونية,2026/04/29,"36,575,781"
الخدمات الرقمية,عام,القطاع العام,خدمة إلكترونية,2026/04/29,"36,577,127"
الخدمات الرقمية,عام,القطاع العام,خدمة إلكترونية,2026/04/29,"36,575,787"
الخدمات الرقمية,عام,القطاع العام,خدمة إلكترونية,2026/04/29,"36,590,027"
الخدمات الرقمية,عام,القطاع العام,خدمة إلكترونية,2026/04/29,"36,584,682"
الخدمات الرقمية,عام,القطاع العام,خدمة إلكترونية,2026/04/29,"36,590,007"
الخدمات الرقمية,عام,القطاع العام,خدمة إلكترونية,2026/04/29,"36,568,148"
الخدمات الرقمية,عام,القطاع العام,خدمة إلكترونية,2026/04/29,"36,590,009"
الخدمات الرقمية,عام,القطاع العام,خدمة إلكترونية,2026/04/29,"36,575,754"
الخدمات الرقمية,عام,القطاع العام,خدمة إلكترونية,2026/04/29,"36,580,412"
الخدمات الرقمية,عام,القطاع العام,خدمة إلكترونية,2026/04/29,"36,572,136"
الخدمات الرقمية,عام,القطاع العام,خدمة إلكترونية,2026/04/29,"36,575,786"
الخدمات الرقمية,عام,القطاع العام,خدمة إلكترونية,2026/04/29,"36,586,183"
الخدمات الرقمية,عام,القطاع العام,خدمة إلكترونية,2026/04/29,"36,580,953"
الخدمات الرقمية,عام,القطاع العام,خدمة إلكترونية,2026/04/29,"36,577,130"
الخدمات الرقمية,عام,القطاع العام,خدمة إلكترونية,2026/04/29,"36,588,607"
الخدمات الرقمية,عام,القطاع العام,خدمة إلكترونية,2026/04/29,"36,588,608"
الخدمات الرقمية,عام,القطاع العام,خدمة إلكترونية,2026/04/29,"36,590,394"
الخدمات الرقمية,عام,القطاع العام,خدمة إلكترونية,2026/04/29,"36,575,785"
الخدمات الرقمية,عام,القطاع العام,خدمة إلكترونية,2026/04/29,"36,590,008"
الخدمات الرقمية,عام,القطاع العام,خدمة إلكترونية جزئيا,2026/04/29,"36,586,037"
الخدمات الرقمية,عام,القطاع العام,خدمة إلكترونية جزئيا,2026/04/29,"36,585,878"
الخدمات الرقمية,عام,القطاع العام,خدمة إلكترونية جزئيا,2026/04/29,"36,585,800"
الخدمات الرقمية,عام,القطاع العام,خدمة إلكترونية جزئيا,2026/04/29,"36,586,100"
الخدمات الرقمية,عام,القطاع العام,خدمة إلكترونية جزئيا,2026/04/29,"36,585,970"
الخدمات الرقمية,عام,القطاع العام,خدمة إلكترونية جزئيا,2026/04/29,"36,585,911"
الخدمات الرقمية,عام,القطاع العام,خدمة إلكترونية جزئيا,2026/04/29,"36,586,049"
 الرياض,الرياض,القطاع العام,خدمة إلكترونية جزئيا,2026/04/29,"36,572,857"
 الرياض,الرياض,القطاع العام,خدمة إلكترونية جزئيا,2026/04/29,"36,572,769"
 الرياض,الرياض,القطاع العام,خدمة إلكترونية جزئيا,2026/04/29,"36,572,985"
 الرياض,الرياض,القطاع العام,خدمة إلكترونية جزئيا,2026/04/29,"36,572,292"
 الرياض,الرياض,القطاع العام,خدمة إلكترونية جزئيا,2026/04/29,"36,572,378"
 الرياض,الرياض,القطاع العام,خدمة إلكترونية جزئيا,2026/04/29,"36,572,538"
 الرياض,الرياض,القطاع العام,خدمة إلكترونية جزئيا,2026/04/29,"36,568,559"
 الرياض,الرياض,القطاع العام,خدمة إلكترونية جزئيا,2026/04/29,"36,568,387"
 الرياض,الرياض,القطاع العام,خدمة إلكترونية جزئيا,2026/04/29,"36,568,139"
الخدمات الرقمية,عام,القطاع العام,خدمة إلكترونية جزئيا,2026/04/29,"36,574,406"
الخدمات الرقمية,عام,القطاع العام,خدمة إلكترونية جزئيا,2026/04/29,"36,575,182"
الخدمات الرقمية,عام,القطاع العام,خدمة إلكترونية جزئيا,2026/04/29,"36,574,928"
الخدمات الرقمية,عام,القطاع العام,خدمة إلكترونية جزئيا,2026/04/29,"36,574,755"
الخدمات الرقمية,عام,القطاع العام,خدمة إلكترونية جزئيا,2026/04/29,"36,574,283"
الخدمات الرقمية,عام,القطاع العام,خدمة إلكترونية جزئيا,2026/04/29,"36,574,195"
الخدمات الرقمية,عام,القطاع العام,خدمة إلكترونية جزئيا,2026/04/29,"36,575,025"
الخدمات الرقمية,عام,القطاع العام,خدمة إلكترونية جزئيا,2026/04/29,"36,574,844"
الخدمات الرقمية,عام,القطاع العام,خدمة إلكترونية جزئيا,2026/04/29,"36,578,253"
الخدمات الرقمية,عام,القطاع العام,خدمة إلكترونية جزئيا,2026/04/29,"36,575,109"
الخدمات الرقمية,عام,القطاع العام,خدمة إلكترونية جزئيا,2026/04/29,"36,574,440"
الخدمات الرقمية,عام,القطاع العام,خدمة إلكترونية جزئيا,2026/04/29,"36,574,672"
الخدمات الرقمية,عام,القطاع العام,خدمة إلكترونية جزئيا,2026/04/29,"36,581,087"
الخدمات الرقمية,عام,القطاع العام,خدمة إلكترونية جزئيا,2026/04/29,"36,581,157"
الخدمات الرقمية,عام,القطاع العام,خدمة إلكترونية جزئيا,2026/04/29,"36,578,182"
 الرياض,الرياض,القطاع العام,خدمة إلكترونية جزئيا,2026/04/29,"36,591,999"
 الرياض,الرياض,القطاع العام,خدمة إلكترونية جزئيا,2026/04/29,"36,591,786"
 عسير,ابها,القطاع العام,خدمة إلكترونية جزئيا,2026/04/29,"36,575,419"
 عسير,ابها,القطاع العام,خدمة إلكترونية جزئيا,2026/04/29,"36,575,307"
الخدمات الرقمية,عام,القطاع العام,خدمة إلكترونية جزئيا,2026/04/29,"36,574,293"
الخدمات الرقمية,عام,القطاع العام,خدمة إلكترونية جزئيا,2026/04/29,"36,575,106"
الخدمات الرقمية,عام,القطاع العام,خدمة إلكترونية جزئيا,2026/04/29,"36,574,592"
الخدمات الرقمية,عام,القطاع العام,خدمة إلكترونية جزئيا,2026/04/29,"36,574,145"
الخدمات الرقمية,عام,القطاع العام,خدمة إلكترونية جزئيا,2026/04/29,"36,585,813"
الخدمات الرقمية,عام,القطاع العام,خدمة إلكترونية جزئيا,2026/04/29,"36,574,638"
الخدمات الرقمية,عام,القطاع العام,خدمة إلكترونية جزئيا,2026/04/29,"36,574,817"
الخدمات الرقمية,عام,القطاع العام,خدمة إلكترونية جزئيا,2026/04/29,"36,574,366"
الخدمات الرقمية,عام,القطاع العام,خدمة إلكترونية جزئيا,2026/04/29,"36,574,934"
الخدمات الرقمية,عام,القطاع العام,خدمة إلكترونية جزئيا,2026/04/29,"36,575,037"
الخدمات الرقمية,عام,القطاع العام,خدمة إلكترونية جزئيا,2026/04/29,"36,585,787"
الخدمات الرقمية,عام,القطاع العام,خدمة إلكترونية جزئيا,2026/04/29,"36,585,929"
الخدمات الرقمية,عام,القطاع العام,خدمة إلكترونية جزئيا,2026/04/29,"36,585,986"
الخدمات الرقمية,عام,القطاع العام,خدمة إلكترونية جزئيا,2026/04/29,"36,585,834"
الخدمات الرقمية,عام,القطاع العام,خدمة إلكترونية جزئيا,2026/04/29,"36,586,111"
الخدمات الرقمية,عام,القطاع العام,خدمة إلكترونية جزئيا,2026/04/29,"36,585,952"
الخدمات الرقمية,عام,القطاع العام,خدمة إلكترونية جزئيا,2026/04/29,"36,574,781"
الخدمات الرقمية,عام,القطاع العام,خدمة إلكترونية,2026/04/30,"36,601,188"
الخدمات الرقمية,عام,القطاع العام,خدمة إلكترونية,2026/04/30,"36,615,265"
الخدمات الرقمية,عام,القطاع العام,خدمة إلكترونية,2026/04/30,"36,610,714"
الخدمات الرقمية,عام,القطاع العام,خدمة إلكترونية,2026/04/30,"36,612,732"
الخدمات الرقمية,عام,القطاع العام,خدمة إلكترونية,2026/04/30,"36,616,314"
 الرياض,الرياض,القطاع العام,خدمة إلكترونية جزئيا,2026/04/30,"36,605,915"
 الرياض,الرياض,القطاع العام,خدمة إلكترونية جزئيا,2026/04/30,"36,605,626"
 الرياض,الرياض,القطاع العام,خدمة إلكترونية جزئيا,2026/04/30,"36,605,156"
 الرياض,الرياض,القطاع العام,خدمة إلكترونية جزئيا,2026/04/30,"36,605,511"
 الرياض,الرياض,القطاع العام,خدمة إلكترونية جزئيا,2026/04/30,"36,606,021"
 الرياض,الرياض,القطاع العام,خدمة إلكترونية جزئيا,2026/04/30,"36,605,515"
 الرياض,الرياض,القطاع العام,خدمة إلكترونية جزئيا,2026/04/30,"36,611,167"
 الرياض,الرياض,القطاع العام,خدمة إلكترونية جزئيا,2026/04/30,"36,612,498"
 الرياض,الرياض,القطاع العام,خدمة إلكترونية جزئيا,2026/04/30,"36,610,934"
 الرياض,الرياض,القطاع العام,خدمة إلكترونية جزئيا,2026/04/30,"36,612,664"
 الرياض,الرياض,القطاع العام,خدمة إلكترونية جزئيا,2026/04/30,"36,612,759"
 الرياض,الرياض,القطاع العام,خدمة إلكترونية جزئيا,2026/04/30,"36,612,324"
 الرياض,الرياض,القطاع العام,خدمة إلكترونية جزئيا,2026/04/30,"36,612,110"
الخدمات الرقمية,عام,القطاع العام,خدمة إلكترونية جزئيا,2026/04/30,"36,613,100"
 الرياض,الرياض,القطاع العام,خدمة إلكترونية جزئيا,2026/04/30,"36,605,721"
 الرياض,الرياض,القطاع العام,خدمة إلكترونية جزئيا,2026/04/30,"36,608,677"
 الرياض,الرياض,القطاع العام,خدمة إلكترونية جزئيا,2026/04/30,"36,605,857"
 الرياض,الرياض,القطاع العام,خدمة إلكترونية جزئيا,2026/04/30,"36,604,824"
 الرياض,الرياض,القطاع العام,خدمة إلكترونية جزئيا,2026/04/30,"36,605,143"
 الرياض,الرياض,القطاع العام,خدمة إلكترونية جزئيا,2026/04/30,"36,605,918"
 الرياض,الرياض,القطاع العام,خدمة إلكترونية جزئيا,2026/04/30,"36,608,400"
 الرياض,الرياض,القطاع العام,خدمة إلكترونية جزئيا,2026/04/30,"36,605,963"
 الرياض,الرياض,القطاع العام,خدمة إلكترونية جزئيا,2026/04/30,"36,606,402"
 الرياض,الرياض,القطاع العام,خدمة إلكترونية جزئيا,2026/04/30,"36,606,880"
 الرياض,الرياض,القطاع العام,خدمة إلكترونية جزئيا,2026/04/30,"36,605,946"
الخدمات الرقمية,عام,القطاع العام,خدمة إلكترونية جزئيا,2026/04/30,"36,610,702"
الخدمات الرقمية,عام,القطاع العام,خدمة إلكترونية جزئيا,2026/04/30,"36,611,083"
الخدمات الرقمية,عام,القطاع العام,خدمة إلكترونية جزئيا,2026/04/30,"36,610,707"
الخدمات الرقمية,عام,القطاع العام,خدمة إلكترونية جزئيا,2026/04/30,"36,610,002"
الخدمات الرقمية,عام,القطاع العام,خدمة إلكترونية جزئيا,2026/04/30,"36,610,853"
الخدمات الرقمية,عام,القطاع العام,خدمة إلكترونية جزئيا,2026/04/30,"36,610,619"
الخدمات الرقمية,عام,القطاع العام,خدمة إلكترونية جزئيا,2026/04/30,"36,611,021"
الخدمات الرقمية,عام,القطاع العام,خدمة إلكترونية جزئيا,2026/04/30,"36,610,713"
الخدمات الرقمية,عام,القطاع العام,خدمة إلكترونية جزئيا,2026/04/30,"36,610,937"
الخدمات الرقمية,عام,القطاع العام,خدمة إلكترونية جزئيا,2026/04/30,"36,610,855"
الخدمات الرقمية,عام,القطاع العام,خدمة إلكترونية جزئيا,2026/04/30,"36,611,091"
الخدمات الرقمية,عام,القطاع العام,خدمة إلكترونية جزئيا,2026/04/30,"36,611,027"
الخدمات الرقمية,عام,القطاع العام,خدمة إلكترونية جزئيا,2026/04/30,"36,613,833"
الخدمات الرقمية,عام,القطاع العام,خدمة إلكترونية جزئيا,2026/04/30,"36,613,786"
 مكة المكرمه,جده,القطاع العام,خدمة إلكترونية جزئيا,2026/04/30,"36,600,220"
الخدمات الرقمية,عام,القطاع العام,خدمة إلكترونية,2026/04/30,"36,601,229"
الخدمات الرقمية,عام,القطاع العام,خدمة إلكترونية,2026/04/30,"36,601,224"
الخدمات الرقمية,عام,القطاع العام,خدمة إلكترونية,2026/04/30,"36,610,842"
الخدمات الرقمية,عام,القطاع العام,خدمة إلكترونية,2026/04/30,"36,610,843"
الخدمات الرقمية,عام,القطاع العام,خدمة إلكترونية,2026/04/30,"36,610,841"
الخدمات الرقمية,عام,القطاع العام,خدمة إلكترونية,2026/04/30,"36,610,847"
الخدمات الرقمية,عام,القطاع العام,خدمة إلكترونية,2026/04/30,"36,610,840"
الخدمات الرقمية,عام,القطاع العام,خدمة إلكترونية,2026/04/30,"36,610,849"
الخدمات الرقمية,عام,القطاع العام,خدمة إلكترونية,2026/04/30,"36,610,850"
الخدمات الرقمية,عام,القطاع العام,خدمة إلكترونية,2026/04/30,"36,612,773"
الخدمات الرقمية,عام,القطاع العام,خدمة إلكترونية,2026/04/30,"36,615,252"
الخدمات الرقمية,عام,القطاع العام,خدمة إلكترونية,2026/04/30,"36,610,719"
الخدمات الرقمية,عام,القطاع العام,خدمة إلكترونية,2026/04/30,"36,616,359"
الخدمات الرقمية,عام,القطاع العام,خدمة إلكترونية,2026/04/30,"36,601,228"
الخدمات الرقمية,عام,القطاع العام,خدمة إلكترونية,2026/04/30,"36,610,845"
الخدمات الرقمية,عام,القطاع العام,خدمة إلكترونية,2026/04/30,"36,610,848"
الخدمات الرقمية,عام,القطاع العام,خدمة إلكترونية,2026/04/30,"36,601,226"
الخدمات الرقمية,عام,القطاع العام,خدمة إلكترونية,2026/04/30,"36,610,844"
الخدمات الرقمية,عام,القطاع العام,خدمة إلكترونية,2026/04/30,"36,610,846"
الخدمات الرقمية,عام,القطاع العام,خدمة إلكترونية,2026/04/30,"36,615,253"
الخدمات الرقمية,عام,القطاع العام,خدمة إلكترونية,2026/04/30,"36,610,718"
الخدمات الرقمية,عام,القطاع العام,خدمة إلكترونية,2026/04/30,"36,616,357"
 الرياض,الرياض,القطاع العام,خدمة إلكترونية جزئيا,2026/04/30,"36,597,425"
 الرياض,الرياض,القطاع العام,خدمة إلكترونية جزئيا,2026/04/30,"36,597,432"
 الرياض,الرياض,القطاع العام,خدمة إلكترونية جزئيا,2026/04/30,"36,599,437"
 الرياض,الرياض,القطاع العام,خدمة إلكترونية جزئيا,2026/04/30,"36,599,272"
 الرياض,الرياض,القطاع العام,خدمة إلكترونية جزئيا,2026/04/30,"36,599,323"
 الرياض,الرياض,القطاع العام,خدمة إلكترونية جزئيا,2026/04/30,"36,599,386"
الخدمات الرقمية,عام,القطاع العام,خدمة إلكترونية,2026/05/01,"36,625,467"
 الجوف,سكاكا,القطاع العام,خدمة إلكترونية جزئيا,2026/05/01,"36,619,761"
 الجوف,سكاكا,القطاع العام,خدمة إلكترونية جزئيا,2026/05/01,"36,619,774"
 الرياض,الرياض,القطاع العام,خدمة إلكترونية جزئيا,2026/05/01,"36,626,891"
 الرياض,الرياض,القطاع العام,خدمة إلكترونية جزئيا,2026/05/01,"36,626,890"
الخدمات الرقمية,عام,القطاع العام,خدمة إلكترونية,2026/05/01,"36,625,472"
الخدمات الرقمية,عام,القطاع العام,خدمة إلكترونية,2026/05/02,"36,636,763"
الخدمات الرقمية,عام,القطاع العام,خدمة إلكترونية,2026/05/02,"36,635,807"
الخدمات الرقمية,عام,القطاع العام,خدمة إلكترونية جزئيا,2026/05/02,"36,629,564"
الخدمات الرقمية,عام,القطاع العام,خدمة إلكترونية,2026/05/02,"36,636,767"
الخدمات الرقمية,عام,القطاع العام,خدمة إلكترونية,2026/05/02,"36,635,817"
الخدمات الرقمية,عام,القطاع العام,خدمة إلكترونية,2026/05/02,"36,636,768"
الخدمات الرقمية,عام,القطاع العام,خدمة إلكترونية,2026/05/02,"36,636,766"
الخدمات الرقمية,عام,القطاع العام,خدمة إلكترونية,2026/05/03,"36,656,491"
الخدمات الرقمية,عام,القطاع العام,خدمة إلكترونية,2026/05/03,"36,660,600"
الخدمات الرقمية,عام,القطاع العام,خدمة إلكترونية,2026/05/03,"36,648,508"
الخدمات الرقمية,عام,القطاع العام,خدمة إلكترونية,2026/05/03,"36,647,201"
الخدمات الرقمية,عام,القطاع العام,خدمة إلكترونية,2026/05/03,"36,650,988"
الخدمات الرقمية,عام,القطاع العام,خدمة إلكترونية,2026/05/03,"36,656,265"
الخدمات الرقمية,عام,القطاع العام,خدمة إلكترونية,2026/05/03,"36,653,894"
الخدمات الرقمية,عام,القطاع العام,خدمة إلكترونية,2026/05/03,"36,658,682"
الخدمات الرقمية,عام,القطاع العام,خدمة إلكترونية,2026/05/03,"36,658,035"
الخدمات الرقمية,عام,القطاع العام,خدمة إلكترونية,2026/05/03,"36,661,075"
الخدمات الرقمية,عام,القطاع العام,خدمة إلكترونية,2026/05/03,"36,661,882"
الخدمات الرقمية,عام,القطاع العام,خدمة إلكترونية,2026/05/03,"36,658,049"
الخدمات الرقمية,عام,القطاع العام,خدمة إلكترونية,2026/05/03,"36,658,050"
الخدمات الرقمية,عام,القطاع العام,خدمة إلكترونية,2026/05/03,"36,658,051"
الخدمات الرقمية,عام,القطاع العام,خدمة إلكترونية,2026/05/03,"36,651,008"
الخدمات الرقمية,عام,القطاع العام,خدمة إلكترونية,2026/05/03,"36,651,005"
الخدمات الرقمية,عام,القطاع العام,خدمة إلكترونية,2026/05/03,"36,651,013"
الخدمات الرقمية,عام,القطاع العام,خدمة إلكترونية,2026/05/03,"36,660,603"
الخدمات الرقمية,عام,القطاع العام,خدمة إلكترونية,2026/05/03,"36,660,604"
الخدمات الرقمية,عام,القطاع العام,خدمة إلكترونية,2026/05/03,"36,656,520"
الخدمات الرقمية,عام,القطاع العام,خدمة إلكترونية,2026/05/03,"36,658,700"
الخدمات الرقمية,عام,القطاع العام,خدمة إلكترونية,2026/05/03,"36,658,701"
الخدمات الرقمية,عام,القطاع العام,خدمة إلكترونية,2026/05/03,"36,648,569"
الخدمات الرقمية,عام,القطاع العام,خدمة إلكترونية,2026/05/03,"36,651,006"
الخدمات الرقمية,عام,القطاع العام,خدمة إلكترونية,2026/05/03,"36,651,011"
الخدمات الرقمية,عام,القطاع العام,خدمة إلكترونية,2026/05/03,"36,651,012"
الخدمات الرقمية,عام,القطاع العام,خدمة إلكترونية,2026/05/03,"36,653,923"
الخدمات الرقمية,عام,القطاع العام,خدمة إلكترونية,2026/05/03,"36,653,899"
الخدمات الرقمية,عام,القطاع العام,خدمة إلكترونية,2026/05/03,"36,661,885"
الخدمات الرقمية,عام,القطاع العام,خدمة إلكترونية,2026/05/03,"36,660,602"
الخدمات الرقمية,عام,القطاع العام,خدمة إلكترونية,2026/05/03,"36,653,922"
الخدمات الرقمية,عام,القطاع العام,خدمة إلكترونية,2026/05/03,"36,656,276"
الخدمات الرقمية,عام,القطاع العام,خدمة إلكترونية,2026/05/03,"36,647,218"
الخدمات الرقمية,عام,القطاع العام,خدمة إلكترونية,2026/05/03,"36,656,275"
الخدمات الرقمية,عام,القطاع العام,خدمة إلكترونية,2026/05/03,"36,661,085"
الخدمات الرقمية,عام,القطاع العام,خدمة إلكترونية,2026/05/03,"36,660,606"
الخدمات الرقمية,عام,القطاع العام,خدمة إلكترونية,2026/05/03,"36,651,014"
الخدمات الرقمية,عام,القطاع العام,خدمة إلكترونية,2026/05/03,"36,651,015"
الخدمات الرقمية,عام,القطاع العام,خدمة إلكترونية,2026/05/03,"36,651,016"
الخدمات الرقمية,عام,القطاع العام,خدمة إلكترونية,2026/05/03,"36,651,007"
الخدمات الرقمية,عام,القطاع العام,خدمة إلكترونية,2026/05/03,"36,653,921"
الخدمات الرقمية,عام,القطاع العام,خدمة إلكترونية,2026/05/03,"36,656,277"
الخدمات الرقمية,عام,القطاع العام,خدمة إلكترونية,2026/05/03,"36,660,605"
الخدمات الرقمية,عام,القطاع العام,خدمة إلكترونية,2026/05/03,"36,653,920"
الخدمات الرقمية,عام,القطاع العام,خدمة إلكترونية,2026/05/03,"36,656,521"
الخدمات الرقمية,عام,القطاع العام,خدمة إلكترونية,2026/05/03,"36,656,522"
الخدمات الرقمية,عام,القطاع العام,خدمة إلكترونية,2026/05/03,"36,656,523"
الخدمات الرقمية,عام,القطاع العام,خدمة إلكترونية,2026/05/03,"36,651,010"
الخدمات الرقمية,عام,القطاع العام,خدمة إلكترونية,2026/05/03,"36,656,519"
الخدمات الرقمية,عام,القطاع العام,خدمة إلكترونية,2026/05/03,"36,651,009"
 الرياض,الرياض,القطاع العام,خدمة إلكترونية جزئيا,2026/05/03,"36,645,183"
 الرياض,الرياض,القطاع العام,خدمة إلكترونية جزئيا,2026/05/03,"36,645,207"
 الرياض,الرياض,القطاع العام,خدمة إلكترونية جزئيا,2026/05/03,"36,645,118"
 الرياض,الرياض,القطاع العام,خدمة إلكترونية جزئيا,2026/05/03,"36,661,434"
 الرياض,الرياض,القطاع العام,خدمة إلكترونية جزئيا,2026/05/03,"36,661,668"
 الرياض,الرياض,القطاع العام,خدمة إلكترونية جزئيا,2026/05/03,"36,661,221"
 الرياض,الرياض,القطاع العام,خدمة إلكترونية جزئيا,2026/05/03,"36,649,063"
 الرياض,الرياض,القطاع العام,خدمة إلكترونية جزئيا,2026/05/03,"36,650,736"
 الرياض,الرياض,القطاع العام,خدمة إلكترونية جزئيا,2026/05/03,"36,650,810"
الخدمات الرقمية,عام,القطاع العام,خدمة إلكترونية جزئيا,2026/05/03,"36,654,828"
الخدمات الرقمية,عام,القطاع العام,خدمة إلكترونية جزئيا,2026/05/03,"36,654,765"
 الرياض,الرياض,القطاع العام,خدمة إلكترونية جزئيا,2026/05/03,"36,645,236"
 الرياض,الرياض,القطاع العام,خدمة إلكترونية جزئيا,2026/05/03,"36,645,233"
 الرياض,الرياض,القطاع العام,خدمة إلكترونية جزئيا,2026/05/03,"36,650,879"
 الرياض,الرياض,القطاع العام,خدمة إلكترونية جزئيا,2026/05/03,"36,650,846"
 الرياض,الرياض,القطاع العام,خدمة إلكترونية جزئيا,2026/05/04,"36,666,268"
الخدمات الرقمية,عام,القطاع العام,خدمة إلكترونية,2026/05/04,"36,679,936"
الخدمات الرقمية,عام,القطاع العام,خدمة إلكترونية,2026/05/04,"36,663,532"
الخدمات الرقمية,عام,القطاع العام,خدمة إلكترونية,2026/05/04,"36,668,218"
الخدمات الرقمية,عام,القطاع العام,خدمة إلكترونية,2026/05/04,"36,680,259"
الخدمات الرقمية,عام,القطاع العام,خدمة إلكترونية,2026/05/04,"36,679,895"
الخدمات الرقمية,عام,القطاع العام,خدمة إلكترونية,2026/05/04,"36,682,284"
الخدمات الرقمية,عام,القطاع العام,خدمة إلكترونية,2026/05/04,"36,677,090"
الخدمات الرقمية,عام,القطاع العام,خدمة إلكترونية,2026/05/04,"36,677,156"
الخدمات الرقمية,عام,القطاع العام,خدمة إلكترونية,2026/05/04,"36,681,732"
الخدمات الرقمية,عام,القطاع العام,خدمة إلكترونية,2026/05/04,"36,673,762"
الخدمات الرقمية,عام,القطاع العام,خدمة إلكترونية,2026/05/04,"36,681,403"
الخدمات الرقمية,عام,القطاع العام,خدمة إلكترونية,2026/05/04,"36,679,330"
الخدمات الرقمية,عام,القطاع العام,خدمة إلكترونية,2026/05/04,"36,663,455"
الخدمات الرقمية,عام,القطاع العام,خدمة إلكترونية,2026/05/04,"36,663,456"
الخدمات الرقمية,عام,القطاع العام,خدمة إلكترونية,2026/05/04,"36,682,274"
الخدمات الرقمية,عام,القطاع العام,خدمة إلكترونية,2026/05/04,"36,682,277"
الخدمات الرقمية,عام,القطاع العام,خدمة إلكترونية,2026/05/04,"36,682,275"
الخدمات الرقمية,عام,القطاع العام,خدمة إلكترونية,2026/05/04,"36,679,942"
الخدمات الرقمية,عام,القطاع العام,خدمة إلكترونية,2026/05/04,"36,679,944"
الخدمات الرقمية,عام,القطاع العام,خدمة إلكترونية,2026/05/04,"36,681,408"
الخدمات الرقمية,عام,القطاع العام,خدمة إلكترونية,2026/05/04,"36,679,945"
الخدمات الرقمية,عام,القطاع العام,خدمة إلكترونية,2026/05/04,"36,677,245"
الخدمات الرقمية,عام,القطاع العام,خدمة إلكترونية,2026/05/04,"36,681,764"
الخدمات الرقمية,عام,القطاع العام,خدمة إلكترونية,2026/05/04,"36,681,765"
الخدمات الرقمية,عام,القطاع العام,خدمة إلكترونية,2026/05/04,"36,682,272"
الخدمات الرقمية,عام,القطاع العام,خدمة إلكترونية,2026/05/04,"36,680,271"
الخدمات الرقمية,عام,القطاع العام,خدمة إلكترونية,2026/05/04,"36,677,243"
الخدمات الرقمية,عام,القطاع العام,خدمة إلكترونية,2026/05/04,"36,679,904"
الخدمات الرقمية,عام,القطاع العام,خدمة إلكترونية,2026/05/04,"36,681,410"
الخدمات الرقمية,عام,القطاع العام,خدمة إلكترونية,2026/05/04,"36,673,789"
الخدمات الرقمية,عام,القطاع العام,خدمة إلكترونية,2026/05/04,"36,677,115"
الخدمات الرقمية,عام,القطاع العام,خدمة إلكترونية,2026/05/04,"36,668,246"
الخدمات الرقمية,عام,القطاع العام,خدمة إلكترونية,2026/05/04,"36,677,113"
الخدمات الرقمية,عام,القطاع العام,خدمة إلكترونية,2026/05/04,"36,677,111"
الخدمات الرقمية,عام,القطاع العام,خدمة إلكترونية,2026/05/04,"36,677,244"
الخدمات الرقمية,عام,القطاع العام,خدمة إلكترونية,2026/05/04,"36,677,107"
الخدمات الرقمية,عام,القطاع العام,خدمة إلكترونية,2026/05/04,"36,681,763"
الخدمات الرقمية,عام,القطاع العام,خدمة إلكترونية,2026/05/04,"36,677,241"
الخدمات الرقمية,عام,القطاع العام,خدمة إلكترونية,2026/05/04,"36,677,242"
الخدمات الرقمية,عام,القطاع العام,خدمة إلكترونية,2026/05/04,"36,681,409"
الخدمات الرقمية,عام,القطاع العام,خدمة إلكترونية,2026/05/04,"36,679,361"
الخدمات الرقمية,عام,القطاع العام,خدمة إلكترونية,2026/05/04,"36,677,239"
الخدمات الرقمية,عام,القطاع العام,خدمة إلكترونية,2026/05/04,"36,677,238"
الخدمات الرقمية,عام,القطاع العام,خدمة إلكترونية,2026/05/04,"36,677,109"
الخدمات الرقمية,عام,القطاع العام,خدمة إلكترونية,2026/05/04,"36,677,236"
الخدمات الرقمية,عام,القطاع العام,خدمة إلكترونية,2026/05/04,"36,677,112"
الخدمات الرقمية,عام,القطاع العام,خدمة إلكترونية,2026/05/04,"36,677,114"
الخدمات الرقمية,عام,القطاع العام,خدمة إلكترونية,2026/05/04,"36,677,235"
الخدمات الرقمية,عام,القطاع العام,خدمة إلكترونية,2026/05/04,"36,677,106"
الخدمات الرقمية,عام,القطاع العام,خدمة إلكترونية,2026/05/04,"36,680,272"
الخدمات الرقمية,عام,القطاع العام,خدمة إلكترونية,2026/05/04,"36,677,108"
 مكة المكرمه,جده,القطاع العام,خدمة إلكترونية جزئيا,2026/05/04,"36,674,629"
 الرياض,الرياض,القطاع العام,خدمة إلكترونية جزئيا,2026/05/04,"36,670,902"
 الرياض,الرياض,القطاع العام,خدمة إلكترونية جزئيا,2026/05/04,"36,670,746"
 الرياض,الرياض,القطاع العام,خدمة إلكترونية جزئيا,2026/05/04,"36,674,529"
 الرياض,الرياض,القطاع العام,خدمة إلكترونية جزئيا,2026/05/04,"36,676,042"
الخدمات الرقمية,عام,القطاع العام,خدمة إلكترونية جزئيا,2026/05/04,"36,670,163"
الخدمات الرقمية,عام,القطاع العام,خدمة إلكترونية جزئيا,2026/05/04,"36,670,559"
الخدمات الرقمية,عام,القطاع العام,خدمة إلكترونية جزئيا,2026/05/04,"36,670,009"
الخدمات الرقمية,عام,القطاع العام,خدمة إلكترونية جزئيا,2026/05/04,"36,663,176"
الخدمات الرقمية,عام,القطاع العام,خدمة إلكترونية جزئيا,2026/05/04,"36,670,288"
الخدمات الرقمية,عام,القطاع العام,خدمة إلكترونية جزئيا,2026/05/04,"36,670,497"
الخدمات الرقمية,عام,القطاع العام,خدمة إلكترونية جزئيا,2026/05/04,"36,670,409"
الخدمات الرقمية,عام,القطاع العام,خدمة إلكترونية جزئيا,2026/05/04,"36,670,211"
الخدمات الرقمية,عام,القطاع العام,خدمة إلكترونية جزئيا,2026/05/04,"36,670,108"
الخدمات الرقمية,عام,القطاع العام,خدمة إلكترونية جزئيا,2026/05/04,"36,670,601"
الخدمات الرقمية,عام,القطاع العام,خدمة إلكترونية جزئيا,2026/05/04,"36,673,698"
الخدمات الرقمية,عام,القطاع العام,خدمة إلكترونية,2026/05/05,"36,697,374"
الخدمات الرقمية,عام,القطاع العام,خدمة إلكترونية,2026/05/05,"36,690,561"
الخدمات الرقمية,عام,القطاع العام,خدمة إلكترونية,2026/05/05,"36,714,726"
الخدمات الرقمية,عام,القطاع العام,خدمة إلكترونية,2026/05/05,"36,704,660"
الخدمات الرقمية,عام,القطاع العام,خدمة إلكترونية,2026/05/05,"36,713,062"
الخدمات الرقمية,كتابة عدل مدمجة - افتراضية,القطاع العام,خدمة إلكترونية جزئيا,2026/05/05,"36,713,517"
 الرياض,الرياض,القطاع العام,خدمة إلكترونية جزئيا,2026/05/05,"36,694,240"
الخدمات الرقمية,عام,القطاع العام,خدمة إلكترونية جزئيا,2026/05/05,"36,709,248"
الخدمات الرقمية,عام,القطاع العام,خدمة إلكترونية جزئيا,2026/05/05,"36,709,449"
 القصيم,بريده,القطاع العام,خدمة إلكترونية جزئيا,2026/05/05,"36,705,925"
الخدمات الرقمية,عام,القطاع العام,خدمة إلكترونية,2026/05/05,"36,690,554"
الخدمات الرقمية,عام,القطاع العام,خدمة إلكترونية,2026/05/05,"36,714,734"
الخدمات الرقمية,عام,القطاع العام,خدمة إلكترونية,2026/05/05,"36,704,666"
الخدمات الرقمية,عام,القطاع العام,خدمة إلكترونية,2026/05/05,"36,714,738"
الخدمات الرقمية,عام,القطاع العام,خدمة إلكترونية,2026/05/05,"36,714,736"
الخدمات الرقمية,عام,القطاع العام,خدمة إلكترونية,2026/05/05,"36,697,397"
الخدمات الرقمية,عام,القطاع العام,خدمة إلكترونية,2026/05/05,"36,713,070"
الخدمات الرقمية,عام,القطاع العام,خدمة إلكترونية,2026/05/05,"36,714,732"
الخدمات الرقمية,عام,القطاع العام,خدمة إلكترونية,2026/05/05,"36,714,733"
الخدمات الرقمية,عام,القطاع العام,خدمة إلكترونية,2026/05/05,"36,714,739"
الخدمات الرقمية,عام,القطاع العام,خدمة إلكترونية,2026/05/05,"36,714,737"
 عسير,ابها,القطاع العام,خدمة إلكترونية جزئيا,2026/05/05,"36,695,895"
 عسير,ابها,القطاع العام,خدمة إلكترونية جزئيا,2026/05/05,"36,695,966"
 مكة المكرمه,جده,القطاع العام,خدمة إلكترونية جزئيا,2026/05/05,"36,704,018"
الخدمات الرقمية,عام,القطاع العام,خدمة إلكترونية جزئيا,2026/05/05,"36,709,396"
الخدمات الرقمية,عام,القطاع العام,خدمة إلكترونية جزئيا,2026/05/05,"36,701,917"
الخدمات الرقمية,عام,القطاع العام,خدمة إلكترونية جزئيا,2026/05/05,"36,702,001"
الخدمات الرقمية,عام,القطاع العام,خدمة إلكترونية جزئيا,2026/05/05,"36,699,476"
 الرياض,الرياض,القطاع العام,خدمة إلكترونية جزئيا,2026/05/05,"36,699,810"
 الرياض,الرياض,القطاع العام,خدمة إلكترونية جزئيا,2026/05/05,"36,699,690"
 عسير,ابها,القطاع العام,خدمة إلكترونية جزئيا,2026/05/05,"36,693,490"
 عسير,ابها,القطاع العام,خدمة إلكترونية جزئيا,2026/05/05,"36,693,366"
الخدمات الرقمية,عام,القطاع العام,خدمة إلكترونية جزئيا,2026/05/05,"36,702,051"
الخدمات الرقمية,عام,القطاع العام,خدمة إلكترونية جزئيا,2026/05/05,"36,690,108"
الخدمات الرقمية,عام,القطاع العام,خدمة إلكترونية جزئيا,2026/05/05,"36,690,226"
الخدمات الرقمية,عام,القطاع العام,خدمة إلكترونية جزئيا,2026/05/05,"36,690,222"
الخدمات الرقمية,عام,القطاع العام,خدمة إلكترونية جزئيا,2026/05/05,"36,690,166"
الخدمات الرقمية,عام,القطاع العام,خدمة إلكترونية جزئيا,2026/05/05,"36,689,995"
الخدمات الرقمية,عام,القطاع العام,خدمة إلكترونية جزئيا,2026/05/05,"36,689,917"
الخدمات الرقمية,عام,القطاع العام,خدمة إلكترونية جزئيا,2026/05/05,"36,690,056"
الخدمات الرقمية,عام,القطاع العام,خدمة إلكترونية جزئيا,2026/05/05,"36,690,119"
الخدمات الرقمية,عام,القطاع العام,خدمة إلكترونية جزئيا,2026/05/05,"36,689,939"
الخدمات الرقمية,عام,القطاع العام,خدمة إلكترونية جزئيا,2026/05/05,"36,690,260"
الخدمات الرقمية,عام,القطاع العام,خدمة إلكترونية جزئيا,2026/05/05,"36,690,039"
الخدمات الرقمية,عام,القطاع العام,خدمة إلكترونية جزئيا,2026/05/05,"36,689,927"
الخدمات الرقمية,عام,القطاع العام,خدمة إلكترونية جزئيا,2026/05/05,"36,709,435"
الخدمات الرقمية,عام,القطاع العام,خدمة إلكترونية جزئيا,2026/05/05,"36,709,387"
الخدمات الرقمية,عام,القطاع العام,خدمة إلكترونية جزئيا,2026/05/05,"36,702,069"
 عسير,ابها,القطاع العام,خدمة إلكترونية جزئيا,2026/05/05,"36,698,957"
 عسير,ابها,القطاع العام,خدمة إلكترونية جزئيا,2026/05/05,"36,698,064"
الخدمات الرقمية,عام,القطاع العام,خدمة إلكترونية جزئيا,2026/05/05,"36,699,802"
الخدمات الرقمية,عام,القطاع العام,خدمة إلكترونية جزئيا,2026/05/05,"36,699,643"
الخدمات الرقمية,كتابة عدل مدمجة - افتراضية,القطاع العام,خدمة إلكترونية جزئيا,2026/05/05,"36,713,477"
 المدينة المنوره,المدينة المنورة,القطاع العام,خدمة إلكترونية جزئيا,2026/05/05,"36,700,147"
الخدمات الرقمية,عام,القطاع العام,خدمة إلكترونية,2026/05/06,"36,736,501"
الخدمات الرقمية,عام,القطاع العام,خدمة إلكترونية,2026/05/06,"36,737,285"
الخدمات الرقمية,عام,القطاع العام,خدمة إلكترونية,2026/05/06,"36,730,884"
الخدمات الرقمية,عام,القطاع العام,خدمة إلكترونية,2026/05/06,"36,736,995"
الخدمات الرقمية,عام,القطاع العام,خدمة إلكترونية,2026/05/06,"36,721,232"
الخدمات الرقمية,عام,القطاع العام,خدمة إلكترونية,2026/05/06,"36,729,742"
الخدمات الرقمية,عام,القطاع العام,خدمة إلكترونية,2026/05/06,"36,732,537"
الخدمات الرقمية,عام,القطاع العام,خدمة إلكترونية,2026/05/06,"36,731,746"
الخدمات الرقمية,عام,القطاع العام,خدمة إلكترونية,2026/05/06,"36,728,056"
الخدمات الرقمية,عام,القطاع العام,خدمة إلكترونية,2026/05/06,"36,736,505"
الخدمات الرقمية,عام,القطاع العام,خدمة إلكترونية,2026/05/06,"36,736,506"
الخدمات الرقمية,عام,القطاع العام,خدمة إلكترونية,2026/05/06,"36,737,007"
الخدمات الرقمية,عام,القطاع العام,خدمة إلكترونية,2026/05/06,"36,737,008"
الخدمات الرقمية,عام,القطاع العام,خدمة إلكترونية,2026/05/06,"36,737,009"
الخدمات الرقمية,عام,القطاع العام,خدمة إلكترونية,2026/05/06,"36,737,010"
الخدمات الرقمية,عام,القطاع العام,خدمة إلكترونية,2026/05/06,"36,737,289"
الخدمات الرقمية,عام,القطاع العام,خدمة إلكترونية,2026/05/06,"36,737,287"
الخدمات الرقمية,عام,القطاع العام,خدمة إلكترونية,2026/05/06,"36,730,899"
الخدمات الرقمية,عام,القطاع العام,خدمة إلكترونية,2026/05/06,"36,731,785"
الخدمات الرقمية,عام,القطاع العام,خدمة إلكترونية,2026/05/06,"36,731,776"
الخدمات الرقمية,عام,القطاع العام,خدمة إلكترونية,2026/05/06,"36,731,778"
الخدمات الرقمية,عام,القطاع العام,خدمة إلكترونية,2026/05/06,"36,730,896"
الخدمات الرقمية,عام,القطاع العام,خدمة إلكترونية,2026/05/06,"36,730,894"
الخدمات الرقمية,عام,القطاع العام,خدمة إلكترونية,2026/05/06,"36,730,895"
الخدمات الرقمية,عام,القطاع العام,خدمة إلكترونية,2026/05/06,"36,732,574"
الخدمات الرقمية,عام,القطاع العام,خدمة إلكترونية,2026/05/06,"36,732,575"
الخدمات الرقمية,عام,القطاع العام,خدمة إلكترونية,2026/05/06,"36,731,779"
الخدمات الرقمية,عام,القطاع العام,خدمة إلكترونية,2026/05/06,"36,728,098"
الخدمات الرقمية,عام,القطاع العام,خدمة إلكترونية,2026/05/06,"36,731,788"
الخدمات الرقمية,عام,القطاع العام,خدمة إلكترونية,2026/05/06,"36,731,775"
الخدمات الرقمية,عام,القطاع العام,خدمة إلكترونية,2026/05/06,"36,721,236"
الخدمات الرقمية,عام,القطاع العام,خدمة إلكترونية,2026/05/06,"36,732,572"
الخدمات الرقمية,عام,القطاع العام,خدمة إلكترونية,2026/05/06,"36,731,781"
الخدمات الرقمية,عام,القطاع العام,خدمة إلكترونية,2026/05/06,"36,731,773"
الخدمات الرقمية,عام,القطاع العام,خدمة إلكترونية,2026/05/06,"36,731,771"
الخدمات الرقمية,عام,القطاع العام,خدمة إلكترونية,2026/05/06,"36,731,787"
الخدمات الرقمية,عام,القطاع العام,خدمة إلكترونية,2026/05/06,"36,731,782"
الخدمات الرقمية,عام,القطاع العام,خدمة إلكترونية,2026/05/06,"36,731,786"
الخدمات الرقمية,عام,القطاع العام,خدمة إلكترونية,2026/05/06,"36,731,774"
الخدمات الرقمية,عام,القطاع العام,خدمة إلكترونية,2026/05/06,"36,737,286"
الخدمات الرقمية,عام,القطاع العام,خدمة إلكترونية,2026/05/06,"36,730,898"
الخدمات الرقمية,عام,القطاع العام,خدمة إلكترونية,2026/05/06,"36,731,780"
الخدمات الرقمية,عام,القطاع العام,خدمة إلكترونية,2026/05/06,"36,732,573"
الخدمات الرقمية,عام,القطاع العام,خدمة إلكترونية,2026/05/06,"36,731,768"
الخدمات الرقمية,عام,القطاع العام,خدمة إلكترونية,2026/05/06,"36,732,576"
الخدمات الرقمية,عام,القطاع العام,خدمة إلكترونية,2026/05/06,"36,729,765"
الخدمات الرقمية,عام,القطاع العام,خدمة إلكترونية,2026/05/06,"36,731,769"
الخدمات الرقمية,عام,القطاع العام,خدمة إلكترونية جزئيا,2026/05/06,"36,736,920"
الخدمات الرقمية,عام,القطاع العام,خدمة إلكترونية جزئيا,2026/05/06,"36,736,816"
الخدمات الرقمية,عام,القطاع العام,خدمة إلكترونية جزئيا,2026/05/06,"36,731,156"
الخدمات الرقمية,عام,القطاع العام,خدمة إلكترونية جزئيا,2026/05/06,"36,730,924"
الخدمات الرقمية,عام,القطاع العام,خدمة إلكترونية جزئيا,2026/05/06,"36,730,793"
الخدمات الرقمية,عام,القطاع العام,خدمة إلكترونية جزئيا,2026/05/06,"36,731,076"
الخدمات الرقمية,عام,القطاع العام,خدمة إلكترونية جزئيا,2026/05/06,"36,730,997"
 الرياض,الرياض,القطاع العام,خدمة إلكترونية جزئيا,2026/05/06,"36,727,183"
 الرياض,الرياض,القطاع العام,خدمة إلكترونية جزئيا,2026/05/06,"36,726,993"
 الرياض,الرياض,القطاع العام,خدمة إلكترونية جزئيا,2026/05/06,"36,729,548"
 الرياض,الرياض,القطاع العام,خدمة إلكترونية جزئيا,2026/05/06,"36,729,823"
الخدمات الرقمية,عام,القطاع العام,خدمة إلكترونية جزئيا,2026/05/06,"36,727,089"
الخدمات الرقمية,عام,القطاع العام,خدمة إلكترونية جزئيا,2026/05/06,"36,726,980"
الخدمات الرقمية,عام,القطاع العام,خدمة إلكترونية,2026/05/07,"36,761,234"
الخدمات الرقمية,عام,القطاع العام,خدمة إلكترونية,2026/05/07,"36,748,338"
الخدمات الرقمية,عام,القطاع العام,خدمة إلكترونية,2026/05/07,"36,755,982"
الخدمات الرقمية,عام,القطاع العام,خدمة إلكترونية,2026/05/07,"36,761,236"
الخدمات الرقمية,عام,القطاع العام,خدمة إلكترونية,2026/05/07,"36,761,235"
الخدمات الرقمية,عام,القطاع العام,خدمة إلكترونية,2026/05/07,"36,748,344"
الخدمات الرقمية,عام,القطاع العام,خدمة إلكترونية,2026/05/07,"36,755,993"
الخدمات الرقمية,عام,القطاع العام,خدمة إلكترونية,2026/05/07,"36,748,348"
الخدمات الرقمية,عام,القطاع العام,خدمة إلكترونية,2026/05/07,"36,748,349"
الخدمات الرقمية,عام,القطاع العام,خدمة إلكترونية,2026/05/07,"36,748,346"
الخدمات الرقمية,عام,القطاع العام,خدمة إلكترونية,2026/05/07,"36,748,350"
الخدمات الرقمية,عام,القطاع العام,خدمة إلكترونية,2026/05/07,"36,748,345"
الخدمات الرقمية,عام,القطاع العام,خدمة إلكترونية,2026/05/07,"36,748,347"
الخدمات الرقمية,عام,القطاع العام,خدمة إلكترونية جزئيا,2026/05/07,"36,753,836"
 الرياض,الرياض,القطاع العام,خدمة إلكترونية جزئيا,2026/05/07,"36,752,824"
 الرياض,الرياض,القطاع العام,خدمة إلكترونية جزئيا,2026/05/07,"36,752,691"
الخدمات الرقمية,عام,القطاع العام,خدمة إلكترونية,2026/05/08,"36,775,035"
الخدمات الرقمية,عام,القطاع العام,خدمة إلكترونية,2026/05/08,"36,775,039"
الخدمات الرقمية,عام,القطاع العام,خدمة إلكترونية,2026/05/08,"36,775,040"
الخدمات الرقمية,عام,القطاع العام,خدمة إلكترونية,2026/05/09,"36,786,336"
الخدمات الرقمية,عام,القطاع العام,خدمة إلكترونية,2026/05/09,"36,790,634"
الخدمات الرقمية,عام,القطاع العام,خدمة إلكترونية,2026/05/09,"36,787,423"
الخدمات الرقمية,عام,القطاع العام,خدمة إلكترونية,2026/05/09,"36,786,285"
الخدمات الرقمية,عام,القطاع العام,خدمة إلكترونية,2026/05/09,"36,790,674"
الخدمات الرقمية,عام,القطاع العام,خدمة إلكترونية,2026/05/09,"36,790,665"
الخدمات الرقمية,عام,القطاع العام,خدمة إلكترونية,2026/05/09,"36,790,649"
الخدمات الرقمية,عام,القطاع العام,خدمة إلكترونية,2026/05/09,"36,790,650"
الخدمات الرقمية,عام,القطاع العام,خدمة إلكترونية,2026/05/09,"36,790,647"
الخدمات الرقمية,عام,القطاع العام,خدمة إلكترونية,2026/05/09,"36,787,445"
الخدمات الرقمية,عام,القطاع العام,خدمة إلكترونية,2026/05/09,"36,786,339"
الخدمات الرقمية,عام,القطاع العام,خدمة إلكترونية,2026/05/09,"36,790,654"
الخدمات الرقمية,عام,القطاع العام,خدمة إلكترونية,2026/05/09,"36,790,656"
الخدمات الرقمية,عام,القطاع العام,خدمة إلكترونية,2026/05/09,"36,786,289"
الخدمات الرقمية,عام,القطاع العام,خدمة إلكترونية,2026/05/09,"36,786,290"
الخدمات الرقمية,عام,القطاع العام,خدمة إلكترونية,2026/05/09,"36,790,671"
الخدمات الرقمية,عام,القطاع العام,خدمة إلكترونية,2026/05/09,"36,790,666"
الخدمات الرقمية,عام,القطاع العام,خدمة إلكترونية,2026/05/09,"36,790,660"
الخدمات الرقمية,عام,القطاع العام,خدمة إلكترونية,2026/05/09,"36,787,444"
الخدمات الرقمية,عام,القطاع العام,خدمة إلكترونية,2026/05/09,"36,790,651"
الخدمات الرقمية,عام,القطاع العام,خدمة إلكترونية,2026/05/09,"36,787,443"
الخدمات الرقمية,عام,القطاع العام,خدمة إلكترونية,2026/05/09,"36,790,672"
الخدمات الرقمية,عام,القطاع العام,خدمة إلكترونية,2026/05/09,"36,790,673"
الخدمات الرقمية,عام,القطاع العام,خدمة إلكترونية,2026/05/09,"36,790,669"
الخدمات الرقمية,عام,القطاع العام,خدمة إلكترونية,2026/05/09,"36,790,658"
الخدمات الرقمية,عام,القطاع العام,خدمة إلكترونية,2026/05/09,"36,790,661"
الخدمات الرقمية,عام,القطاع العام,خدمة إلكترونية,2026/05/09,"36,786,287"
الخدمات الرقمية,عام,القطاع العام,خدمة إلكترونية,2026/05/09,"36,790,668"
الخدمات الرقمية,عام,القطاع العام,خدمة إلكترونية,2026/05/09,"36,786,288"
الخدمات الرقمية,عام,القطاع العام,خدمة إلكترونية,2026/05/09,"36,790,648"
الخدمات الرقمية,عام,القطاع العام,خدمة إلكترونية,2026/05/09,"36,786,292"
الخدمات الرقمية,عام,القطاع العام,خدمة إلكترونية,2026/05/09,"36,790,662"
الخدمات الرقمية,عام,القطاع العام,خدمة إلكترونية,2026/05/09,"36,786,291"
الخدمات الرقمية,عام,القطاع العام,خدمة إلكترونية,2026/05/09,"36,790,667"
الخدمات الرقمية,عام,القطاع العام,خدمة إلكترونية,2026/05/09,"36,786,293"
الخدمات الرقمية,عام,القطاع العام,خدمة إلكترونية,2026/05/09,"36,790,644"
الخدمات الرقمية,عام,القطاع العام,خدمة إلكترونية,2026/05/09,"36,790,659"
الخدمات الرقمية,عام,القطاع العام,خدمة إلكترونية,2026/05/09,"36,790,652"
الخدمات الرقمية,عام,القطاع العام,خدمة إلكترونية,2026/05/09,"36,790,646"
الخدمات الرقمية,عام,القطاع العام,خدمة إلكترونية,2026/05/09,"36,790,663"
الخدمات الرقمية,عام,القطاع العام,خدمة إلكترونية,2026/05/10,"36,810,796"
الخدمات الرقمية,عام,القطاع العام,خدمة إلكترونية,2026/05/10,"36,813,326"
الخدمات الرقمية,عام,القطاع العام,خدمة إلكترونية,2026/05/10,"36,800,977"
الخدمات الرقمية,عام,القطاع العام,خدمة إلكترونية,2026/05/10,"36,814,013"
الخدمات الرقمية,عام,القطاع العام,خدمة إلكترونية,2026/05/10,"36,806,625"
الخدمات الرقمية,عام,القطاع العام,خدمة إلكترونية,2026/05/10,"36,812,992"
الخدمات الرقمية,عام,القطاع العام,خدمة إلكترونية,2026/05/10,"36,811,207"
الخدمات الرقمية,عام,القطاع العام,خدمة إلكترونية,2026/05/10,"36,815,084"
الخدمات الرقمية,عام,القطاع العام,خدمة إلكترونية,2026/05/10,"36,814,442"
الخدمات الرقمية,عام,القطاع العام,خدمة إلكترونية,2026/05/10,"36,807,216"
الخدمات الرقمية,عام,القطاع العام,خدمة إلكترونية,2026/05/10,"36,798,131"
الخدمات الرقمية,عام,القطاع العام,خدمة إلكترونية,2026/05/10,"36,802,919"
الخدمات الرقمية,عام,القطاع العام,خدمة إلكترونية,2026/05/10,"36,809,757"
 جازان,جيزان,القطاع العام,خدمة إلكترونية جزئيا,2026/05/10,"36,802,574"
 الرياض,الرياض,القطاع العام,خدمة إلكترونية جزئيا,2026/05/10,"36,799,074"
 الرياض,الرياض,القطاع العام,خدمة إلكترونية جزئيا,2026/05/10,"36,799,098"
 جازان,جيزان,القطاع العام,خدمة إلكترونية جزئيا,2026/05/10,"36,802,524"
الخدمات الرقمية,عام,القطاع العام,خدمة إلكترونية,2026/05/10,"36,798,105"
الخدمات الرقمية,عام,القطاع العام,خدمة إلكترونية,2026/05/10,"36,802,956"
الخدمات الرقمية,عام,القطاع العام,خدمة إلكترونية,2026/05/10,"36,807,241"
الخدمات الرقمية,عام,القطاع العام,خدمة إلكترونية,2026/05/10,"36,807,243"
الخدمات الرقمية,عام,القطاع العام,خدمة إلكترونية,2026/05/10,"36,807,244"
الخدمات الرقمية,عام,القطاع العام,خدمة إلكترونية,2026/05/10,"36,807,246"
الخدمات الرقمية,عام,القطاع العام,خدمة إلكترونية,2026/05/10,"36,801,008"
الخدمات الرقمية,عام,القطاع العام,خدمة إلكترونية,2026/05/10,"36,813,025"
الخدمات الرقمية,عام,القطاع العام,خدمة إلكترونية,2026/05/10,"36,813,026"
الخدمات الرقمية,عام,القطاع العام,خدمة إلكترونية,2026/05/10,"36,810,827"
الخدمات الرقمية,عام,القطاع العام,خدمة إلكترونية,2026/05/10,"36,810,828"
الخدمات الرقمية,عام,القطاع العام,خدمة إلكترونية,2026/05/10,"36,810,829"
الخدمات الرقمية,عام,القطاع العام,خدمة إلكترونية,2026/05/10,"36,814,048"
الخدمات الرقمية,عام,القطاع العام,خدمة إلكترونية,2026/05/10,"36,814,055"
الخدمات الرقمية,عام,القطاع العام,خدمة إلكترونية,2026/05/10,"36,813,339"
الخدمات الرقمية,عام,القطاع العام,خدمة إلكترونية,2026/05/10,"36,814,462"
الخدمات الرقمية,عام,القطاع العام,خدمة إلكترونية,2026/05/10,"36,813,341"
الخدمات الرقمية,عام,القطاع العام,خدمة إلكترونية,2026/05/10,"36,813,346"
الخدمات الرقمية,عام,القطاع العام,خدمة إلكترونية,2026/05/10,"36,806,589"
الخدمات الرقمية,عام,القطاع العام,خدمة إلكترونية,2026/05/10,"36,813,027"
الخدمات الرقمية,عام,القطاع العام,خدمة إلكترونية,2026/05/10,"36,813,028"
الخدمات الرقمية,عام,القطاع العام,خدمة إلكترونية,2026/05/10,"36,813,342"
الخدمات الرقمية,عام,القطاع العام,خدمة إلكترونية,2026/05/10,"36,807,247"
الخدمات الرقمية,عام,القطاع العام,خدمة إلكترونية,2026/05/10,"36,814,046"
الخدمات الرقمية,عام,القطاع العام,خدمة إلكترونية,2026/05/10,"36,813,336"
الخدمات الرقمية,عام,القطاع العام,خدمة إلكترونية,2026/05/10,"36,814,047"
الخدمات الرقمية,عام,القطاع العام,خدمة إلكترونية,2026/05/10,"36,814,018"
الخدمات الرقمية,عام,القطاع العام,خدمة إلكترونية,2026/05/10,"36,807,242"
الخدمات الرقمية,عام,القطاع العام,خدمة إلكترونية,2026/05/10,"36,813,029"
الخدمات الرقمية,عام,القطاع العام,خدمة إلكترونية,2026/05/10,"36,813,030"
الخدمات الرقمية,عام,القطاع العام,خدمة إلكترونية,2026/05/10,"36,813,031"
الخدمات الرقمية,عام,القطاع العام,خدمة إلكترونية,2026/05/10,"36,813,032"
الخدمات الرقمية,عام,القطاع العام,خدمة إلكترونية,2026/05/10,"36,813,033"
الخدمات الرقمية,عام,القطاع العام,خدمة إلكترونية,2026/05/10,"36,814,045"
الخدمات الرقمية,عام,القطاع العام,خدمة إلكترونية,2026/05/10,"36,814,050"
الخدمات الرقمية,عام,القطاع العام,خدمة إلكترونية,2026/05/10,"36,814,433"
الخدمات الرقمية,عام,القطاع العام,خدمة إلكترونية,2026/05/10,"36,815,089"
الخدمات الرقمية,عام,القطاع العام,خدمة إلكترونية,2026/05/10,"36,813,340"
الخدمات الرقمية,عام,القطاع العام,خدمة إلكترونية,2026/05/10,"36,798,106"
الخدمات الرقمية,عام,القطاع العام,خدمة إلكترونية,2026/05/10,"36,813,023"
الخدمات الرقمية,عام,القطاع العام,خدمة إلكترونية,2026/05/10,"36,814,463"
الخدمات الرقمية,عام,القطاع العام,خدمة إلكترونية,2026/05/10,"36,813,337"
الخدمات الرقمية,عام,القطاع العام,خدمة إلكترونية,2026/05/10,"36,813,345"
الخدمات الرقمية,عام,القطاع العام,خدمة إلكترونية,2026/05/10,"36,814,051"
الخدمات الرقمية,عام,القطاع العام,خدمة إلكترونية,2026/05/10,"36,814,053"
الخدمات الرقمية,عام,القطاع العام,خدمة إلكترونية,2026/05/10,"36,813,348"
الخدمات الرقمية,عام,القطاع العام,خدمة إلكترونية,2026/05/10,"36,814,017"
الخدمات الرقمية,عام,القطاع العام,خدمة إلكترونية,2026/05/10,"36,814,040"
الخدمات الرقمية,عام,القطاع العام,خدمة إلكترونية,2026/05/10,"36,811,209"
الخدمات الرقمية,عام,القطاع العام,خدمة إلكترونية,2026/05/10,"36,809,764"
الخدمات الرقمية,عام,القطاع العام,خدمة إلكترونية,2026/05/10,"36,814,460"
الخدمات الرقمية,عام,القطاع العام,خدمة إلكترونية,2026/05/10,"36,814,470"
الخدمات الرقمية,عام,القطاع العام,خدمة إلكترونية,2026/05/10,"36,814,471"
الخدمات الرقمية,عام,القطاع العام,خدمة إلكترونية,2026/05/10,"36,813,343"
الخدمات الرقمية,عام,القطاع العام,خدمة إلكترونية,2026/05/10,"36,813,344"
الخدمات الرقمية,عام,القطاع العام,خدمة إلكترونية,2026/05/10,"36,813,022"
الخدمات الرقمية,عام,القطاع العام,خدمة إلكترونية,2026/05/10,"36,814,057"
الخدمات الرقمية,عام,القطاع العام,خدمة إلكترونية,2026/05/10,"36,814,058"
الخدمات الرقمية,عام,القطاع العام,خدمة إلكترونية,2026/05/10,"36,813,035"
الخدمات الرقمية,عام,القطاع العام,خدمة إلكترونية,2026/05/10,"36,814,059"
الخدمات الرقمية,عام,القطاع العام,خدمة إلكترونية,2026/05/10,"36,814,044"
الخدمات الرقمية,عام,القطاع العام,خدمة إلكترونية,2026/05/10,"36,814,472"
الخدمات الرقمية,عام,القطاع العام,خدمة إلكترونية,2026/05/10,"36,814,056"
الخدمات الرقمية,عام,القطاع العام,خدمة إلكترونية,2026/05/10,"36,814,042"
الخدمات الرقمية,عام,القطاع العام,خدمة إلكترونية,2026/05/10,"36,814,438"
الخدمات الرقمية,عام,القطاع العام,خدمة إلكترونية,2026/05/10,"36,814,439"
الخدمات الرقمية,عام,القطاع العام,خدمة إلكترونية,2026/05/10,"36,814,054"
الخدمات الرقمية,عام,القطاع العام,خدمة إلكترونية,2026/05/10,"36,813,034"
الخدمات الرقمية,عام,القطاع العام,خدمة إلكترونية,2026/05/10,"36,814,466"
الخدمات الرقمية,عام,القطاع العام,خدمة إلكترونية,2026/05/10,"36,814,435"
الخدمات الرقمية,عام,القطاع العام,خدمة إلكترونية,2026/05/10,"36,814,431"
الخدمات الرقمية,عام,القطاع العام,خدمة إلكترونية,2026/05/10,"36,814,468"
الخدمات الرقمية,عام,القطاع العام,خدمة إلكترونية,2026/05/10,"36,814,436"
الخدمات الرقمية,عام,القطاع العام,خدمة إلكترونية,2026/05/10,"36,814,464"
الخدمات الرقمية,عام,القطاع العام,خدمة إلكترونية,2026/05/10,"36,814,465"
الخدمات الرقمية,عام,القطاع العام,خدمة إلكترونية,2026/05/10,"36,814,469"
الخدمات الرقمية,عام,القطاع العام,خدمة إلكترونية,2026/05/10,"36,814,461"
الخدمات الرقمية,عام,القطاع العام,خدمة إلكترونية,2026/05/10,"36,814,434"
الخدمات الرقمية,عام,القطاع العام,خدمة إلكترونية,2026/05/10,"36,814,049"
الخدمات الرقمية,عام,القطاع العام,خدمة إلكترونية,2026/05/10,"36,814,467"
الخدمات الرقمية,عام,القطاع العام,خدمة إلكترونية,2026/05/10,"36,814,432"
الخدمات الرقمية,عام,القطاع العام,خدمة إلكترونية جزئيا,2026/05/10,"36,810,864"
 جازان,جيزان,القطاع العام,خدمة إلكترونية جزئيا,2026/05/10,"36,802,594"
الخدمات الرقمية,عام,القطاع العام,خدمة إلكترونية,2026/05/11,"36,835,251"
الخدمات الرقمية,عام,القطاع العام,خدمة إلكترونية,2026/05/11,"36,825,886"
الخدمات الرقمية,عام,القطاع العام,خدمة إلكترونية,2026/05/11,"36,836,544"
الخدمات الرقمية,عام,القطاع العام,خدمة إلكترونية,2026/05/11,"36,819,319"
الخدمات الرقمية,عام,القطاع العام,خدمة إلكترونية,2026/05/11,"36,836,984"
الخدمات الرقمية,عام,القطاع العام,خدمة إلكترونية,2026/05/11,"36,836,556"
الخدمات الرقمية,عام,القطاع العام,خدمة إلكترونية,2026/05/11,"36,837,031"
الخدمات الرقمية,عام,القطاع العام,خدمة إلكترونية,2026/05/11,"36,835,224"
الخدمات الرقمية,عام,القطاع العام,خدمة إلكترونية,2026/05/11,"36,828,989"
الخدمات الرقمية,عام,القطاع العام,خدمة إلكترونية,2026/05/11,"36,828,681"
الخدمات الرقمية,عام,القطاع العام,خدمة إلكترونية جزئيا,2026/05/11,"36,838,276"
 الشرقية,الدمام,القطاع العام,خدمة إلكترونية جزئيا,2026/05/11,"36,824,571"
 مكة المكرمه,جده,القطاع العام,خدمة إلكترونية جزئيا,2026/05/11,"36,821,422"
الخدمات الرقمية,عام,القطاع العام,خدمة إلكترونية,2026/05/11,"36,819,389"
الخدمات الرقمية,عام,القطاع العام,خدمة إلكترونية,2026/05/11,"36,819,390"
الخدمات الرقمية,عام,القطاع العام,خدمة إلكترونية,2026/05/11,"36,819,388"
الخدمات الرقمية,عام,القطاع العام,خدمة إلكترونية,2026/05/11,"36,825,911"
الخدمات الرقمية,عام,القطاع العام,خدمة إلكترونية,2026/05/11,"36,825,912"
الخدمات الرقمية,عام,القطاع العام,خدمة إلكترونية,2026/05/11,"36,825,910"
الخدمات الرقمية,عام,القطاع العام,خدمة إلكترونية,2026/05/11,"36,825,907"
الخدمات الرقمية,عام,القطاع العام,خدمة إلكترونية,2026/05/11,"36,825,908"
الخدمات الرقمية,عام,القطاع العام,خدمة إلكترونية,2026/05/11,"36,825,909"
الخدمات الرقمية,عام,القطاع العام,خدمة إلكترونية,2026/05/11,"36,828,702"
الخدمات الرقمية,عام,القطاع العام,خدمة إلكترونية,2026/05/11,"36,828,703"
الخدمات الرقمية,عام,القطاع العام,خدمة إلكترونية,2026/05/11,"36,828,704"
الخدمات الرقمية,عام,القطاع العام,خدمة إلكترونية,2026/05/11,"36,836,570"
الخدمات الرقمية,عام,القطاع العام,خدمة إلكترونية,2026/05/11,"36,836,616"
الخدمات الرقمية,عام,القطاع العام,خدمة إلكترونية,2026/05/11,"36,836,617"
الخدمات الرقمية,عام,القطاع العام,خدمة إلكترونية,2026/05/11,"36,836,571"
الخدمات الرقمية,عام,القطاع العام,خدمة إلكترونية,2026/05/11,"36,836,562"
الخدمات الرقمية,عام,القطاع العام,خدمة إلكترونية,2026/05/11,"36,836,611"
الخدمات الرقمية,عام,القطاع العام,خدمة إلكترونية,2026/05/11,"36,836,566"
الخدمات الرقمية,عام,القطاع العام,خدمة إلكترونية,2026/05/11,"36,836,567"
الخدمات الرقمية,عام,القطاع العام,خدمة إلكترونية,2026/05/11,"36,836,568"
الخدمات الرقمية,عام,القطاع العام,خدمة إلكترونية,2026/05/11,"36,836,604"
الخدمات الرقمية,عام,القطاع العام,خدمة إلكترونية,2026/05/11,"36,836,614"
الخدمات الرقمية,عام,القطاع العام,خدمة إلكترونية,2026/05/11,"36,836,622"
الخدمات الرقمية,عام,القطاع العام,خدمة إلكترونية,2026/05/11,"36,836,623"
الخدمات الرقمية,عام,القطاع العام,خدمة إلكترونية,2026/05/11,"36,836,624"
الخدمات الرقمية,عام,القطاع العام,خدمة إلكترونية,2026/05/11,"36,836,974"
الخدمات الرقمية,عام,القطاع العام,خدمة إلكترونية,2026/05/11,"36,836,975"
الخدمات الرقمية,عام,القطاع العام,خدمة إلكترونية,2026/05/11,"36,836,970"
الخدمات الرقمية,عام,القطاع العام,خدمة إلكترونية,2026/05/11,"36,837,039"
الخدمات الرقمية,عام,القطاع العام,خدمة إلكترونية,2026/05/11,"36,828,706"
الخدمات الرقمية,عام,القطاع العام,خدمة إلكترونية,2026/05/11,"36,828,707"
الخدمات الرقمية,عام,القطاع العام,خدمة إلكترونية,2026/05/11,"36,835,300"
الخدمات الرقمية,عام,القطاع العام,خدمة إلكترونية,2026/05/11,"36,836,560"
الخدمات الرقمية,عام,القطاع العام,خدمة إلكترونية,2026/05/11,"36,836,561"
الخدمات الرقمية,عام,القطاع العام,خدمة إلكترونية,2026/05/11,"36,836,610"
الخدمات الرقمية,عام,القطاع العام,خدمة إلكترونية,2026/05/11,"36,835,234"
الخدمات الرقمية,عام,القطاع العام,خدمة إلكترونية,2026/05/11,"36,836,563"
الخدمات الرقمية,عام,القطاع العام,خدمة إلكترونية,2026/05/11,"36,836,569"
الخدمات الرقمية,عام,القطاع العام,خدمة إلكترونية,2026/05/11,"36,836,972"
الخدمات الرقمية,عام,القطاع العام,خدمة إلكترونية,2026/05/11,"36,839,435"
الخدمات الرقمية,عام,القطاع العام,خدمة إلكترونية,2026/05/11,"36,839,433"
الخدمات الرقمية,عام,القطاع العام,خدمة إلكترونية,2026/05/11,"36,837,036"
الخدمات الرقمية,عام,القطاع العام,خدمة إلكترونية,2026/05/11,"36,835,233"
الخدمات الرقمية,عام,القطاع العام,خدمة إلكترونية,2026/05/11,"36,839,436"
الخدمات الرقمية,عام,القطاع العام,خدمة إلكترونية,2026/05/11,"36,839,437"
الخدمات الرقمية,عام,القطاع العام,خدمة إلكترونية,2026/05/11,"36,839,448"
الخدمات الرقمية,عام,القطاع العام,خدمة إلكترونية,2026/05/11,"36,836,971"
الخدمات الرقمية,عام,القطاع العام,خدمة إلكترونية,2026/05/11,"36,840,724"
الخدمات الرقمية,عام,القطاع العام,خدمة إلكترونية,2026/05/11,"36,836,572"
الخدمات الرقمية,عام,القطاع العام,خدمة إلكترونية,2026/05/11,"36,836,573"
الخدمات الرقمية,عام,القطاع العام,خدمة إلكترونية,2026/05/11,"36,836,618"
الخدمات الرقمية,عام,القطاع العام,خدمة إلكترونية,2026/05/11,"36,836,619"
الخدمات الرقمية,عام,القطاع العام,خدمة إلكترونية,2026/05/11,"36,840,723"
الخدمات الرقمية,عام,القطاع العام,خدمة إلكترونية,2026/05/11,"36,835,235"
الخدمات الرقمية,عام,القطاع العام,خدمة إلكترونية,2026/05/11,"36,839,446"
الخدمات الرقمية,عام,القطاع العام,خدمة إلكترونية,2026/05/11,"36,836,605"
الخدمات الرقمية,عام,القطاع العام,خدمة إلكترونية,2026/05/11,"36,839,432"
الخدمات الرقمية,عام,القطاع العام,خدمة إلكترونية,2026/05/11,"36,839,443"
الخدمات الرقمية,عام,القطاع العام,خدمة إلكترونية,2026/05/11,"36,839,434"
الخدمات الرقمية,عام,القطاع العام,خدمة إلكترونية,2026/05/11,"36,836,538"
الخدمات الرقمية,عام,القطاع العام,خدمة إلكترونية,2026/05/11,"36,836,608"
الخدمات الرقمية,عام,القطاع العام,خدمة إلكترونية,2026/05/11,"36,836,564"
الخدمات الرقمية,عام,القطاع العام,خدمة إلكترونية,2026/05/11,"36,836,612"
الخدمات الرقمية,عام,القطاع العام,خدمة إلكترونية,2026/05/11,"36,836,539"
الخدمات الرقمية,عام,القطاع العام,خدمة إلكترونية,2026/05/11,"36,836,609"
الخدمات الرقمية,عام,القطاع العام,خدمة إلكترونية,2026/05/11,"36,836,620"
الخدمات الرقمية,عام,القطاع العام,خدمة إلكترونية,2026/05/11,"36,828,705"
الخدمات الرقمية,عام,القطاع العام,خدمة إلكترونية,2026/05/11,"36,829,007"
الخدمات الرقمية,عام,القطاع العام,خدمة إلكترونية,2026/05/11,"36,839,445"
الخدمات الرقمية,عام,القطاع العام,خدمة إلكترونية,2026/05/11,"36,836,973"
الخدمات الرقمية,عام,القطاع العام,خدمة إلكترونية,2026/05/11,"36,836,607"
الخدمات الرقمية,عام,القطاع العام,خدمة إلكترونية,2026/05/11,"36,828,679"
الخدمات الرقمية,عام,القطاع العام,خدمة إلكترونية,2026/05/11,"36,837,038"
الخدمات الرقمية,عام,القطاع العام,خدمة إلكترونية,2026/05/11,"36,836,613"
الخدمات الرقمية,عام,القطاع العام,خدمة إلكترونية,2026/05/11,"36,839,438"
الخدمات الرقمية,عام,القطاع العام,خدمة إلكترونية,2026/05/11,"36,839,447"
الخدمات الرقمية,عام,القطاع العام,خدمة إلكترونية,2026/05/11,"36,839,431"
الخدمات الرقمية,عام,القطاع العام,خدمة إلكترونية,2026/05/11,"36,839,440"
الخدمات الرقمية,عام,القطاع العام,خدمة إلكترونية,2026/05/11,"36,839,441"
الخدمات الرقمية,عام,القطاع العام,خدمة إلكترونية,2026/05/11,"36,839,442"
الخدمات الرقمية,عام,القطاع العام,خدمة إلكترونية,2026/05/11,"36,836,615"
الخدمات الرقمية,عام,القطاع العام,خدمة إلكترونية جزئيا,2026/05/11,"36,842,047"
الخدمات الرقمية,عام,القطاع العام,خدمة إلكترونية جزئيا,2026/05/11,"36,842,060"
الخدمات الرقمية,عام,القطاع العام,خدمة إلكترونية جزئيا,2026/05/11,"36,838,206"
 الرياض,الرياض,القطاع العام,خدمة إلكترونية جزئيا,2026/05/11,"36,827,286"
الخدمات الرقمية,عام,القطاع العام,خدمة إلكترونية,2026/05/12,"36,857,999"
الخدمات الرقمية,عام,القطاع العام,خدمة إلكترونية,2026/05/12,"36,858,354"
الخدمات الرقمية,عام,القطاع العام,خدمة إلكترونية,2026/05/12,"36,848,453"
الخدمات الرقمية,عام,القطاع العام,خدمة إلكترونية,2026/05/12,"36,855,082"
الخدمات الرقمية,عام,القطاع العام,خدمة إلكترونية,2026/05/12,"36,850,102"
الخدمات الرقمية,عام,القطاع العام,خدمة إلكترونية,2026/05/12,"36,852,791"
الخدمات الرقمية,عام,القطاع العام,خدمة إلكترونية,2026/05/12,"36,859,671"
الخدمات الرقمية,عام,القطاع العام,خدمة إلكترونية,2026/05/12,"36,859,801"
الخدمات الرقمية,عام,القطاع العام,خدمة إلكترونية,2026/05/12,"36,851,624"
الخدمات الرقمية,عام,القطاع العام,خدمة إلكترونية,2026/05/12,"36,855,628"
الخدمات الرقمية,عام,القطاع العام,خدمة إلكترونية,2026/05/12,"36,843,209"
 الرياض,الرياض,القطاع العام,خدمة إلكترونية جزئيا,2026/05/12,"36,853,768"
الخدمات الرقمية,عام,القطاع العام,خدمة إلكترونية,2026/05/12,"36,858,027"
الخدمات الرقمية,عام,القطاع العام,خدمة إلكترونية,2026/05/12,"36,858,028"
الخدمات الرقمية,عام,القطاع العام,خدمة إلكترونية,2026/05/12,"36,858,029"
الخدمات الرقمية,عام,القطاع العام,خدمة إلكترونية,2026/05/12,"36,858,030"
الخدمات الرقمية,عام,القطاع العام,خدمة إلكترونية,2026/05/12,"36,843,228"
الخدمات الرقمية,عام,القطاع العام,خدمة إلكترونية,2026/05/12,"36,843,237"
الخدمات الرقمية,عام,القطاع العام,خدمة إلكترونية,2026/05/12,"36,843,238"
الخدمات الرقمية,عام,القطاع العام,خدمة إلكترونية,2026/05/12,"36,843,225"
الخدمات الرقمية,عام,القطاع العام,خدمة إلكترونية,2026/05/12,"36,843,231"
الخدمات الرقمية,عام,القطاع العام,خدمة إلكترونية,2026/05/12,"36,854,677"
الخدمات الرقمية,عام,القطاع العام,خدمة إلكترونية,2026/05/12,"36,843,235"
الخدمات الرقمية,عام,القطاع العام,خدمة إلكترونية,2026/05/12,"36,854,676"
الخدمات الرقمية,عام,القطاع العام,خدمة إلكترونية,2026/05/12,"36,851,635"
الخدمات الرقمية,عام,القطاع العام,خدمة إلكترونية,2026/05/12,"36,843,233"
الخدمات الرقمية,عام,القطاع العام,خدمة إلكترونية,2026/05/12,"36,843,234"
الخدمات الرقمية,عام,القطاع العام,خدمة إلكترونية,2026/05/12,"36,854,704"
الخدمات الرقمية,عام,القطاع العام,خدمة إلكترونية,2026/05/12,"36,855,120"
الخدمات الرقمية,عام,القطاع العام,خدمة إلكترونية,2026/05/12,"36,854,705"
الخدمات الرقمية,عام,القطاع العام,خدمة إلكترونية,2026/05/12,"36,855,092"
الخدمات الرقمية,عام,القطاع العام,خدمة إلكترونية,2026/05/12,"36,854,708"
الخدمات الرقمية,عام,القطاع العام,خدمة إلكترونية,2026/05/12,"36,854,710"
الخدمات الرقمية,عام,القطاع العام,خدمة إلكترونية,2026/05/12,"36,843,232"
الخدمات الرقمية,عام,القطاع العام,خدمة إلكترونية,2026/05/12,"36,854,711"
الخدمات الرقمية,عام,القطاع العام,خدمة إلكترونية,2026/05/12,"36,854,701"
الخدمات الرقمية,عام,القطاع العام,خدمة إلكترونية,2026/05/12,"36,855,096"
الخدمات الرقمية,عام,القطاع العام,خدمة إلكترونية,2026/05/12,"36,855,097"
الخدمات الرقمية,عام,القطاع العام,خدمة إلكترونية,2026/05/12,"36,855,619"
الخدمات الرقمية,عام,القطاع العام,خدمة إلكترونية,2026/05/12,"36,854,679"
الخدمات الرقمية,عام,القطاع العام,خدمة إلكترونية,2026/05/12,"36,843,260"
الخدمات الرقمية,عام,القطاع العام,خدمة إلكترونية,2026/05/12,"36,843,261"
الخدمات الرقمية,عام,القطاع العام,خدمة إلكترونية,2026/05/12,"36,852,815"
الخدمات الرقمية,عام,القطاع العام,خدمة إلكترونية,2026/05/12,"36,855,648"
الخدمات الرقمية,عام,القطاع العام,خدمة إلكترونية,2026/05/12,"36,855,649"
الخدمات الرقمية,عام,القطاع العام,خدمة إلكترونية,2026/05/12,"36,859,822"
الخدمات الرقمية,عام,القطاع العام,خدمة إلكترونية,2026/05/12,"36,855,123"
الخدمات الرقمية,عام,القطاع العام,خدمة إلكترونية,2026/05/12,"36,855,124"
الخدمات الرقمية,عام,القطاع العام,خدمة إلكترونية,2026/05/12,"36,855,125"
الخدمات الرقمية,عام,القطاع العام,خدمة إلكترونية,2026/05/12,"36,858,414"
الخدمات الرقمية,عام,القطاع العام,خدمة إلكترونية,2026/05/12,"36,848,457"
الخدمات الرقمية,عام,القطاع العام,خدمة إلكترونية,2026/05/12,"36,859,823"
الخدمات الرقمية,عام,القطاع العام,خدمة إلكترونية,2026/05/12,"36,859,820"
الخدمات الرقمية,عام,القطاع العام,خدمة إلكترونية,2026/05/12,"36,855,644"
الخدمات الرقمية,عام,القطاع العام,خدمة إلكترونية,2026/05/12,"36,855,646"
الخدمات الرقمية,عام,القطاع العام,خدمة إلكترونية,2026/05/12,"36,859,824"
الخدمات الرقمية,عام,القطاع العام,خدمة إلكترونية,2026/05/12,"36,859,825"
الخدمات الرقمية,عام,القطاع العام,خدمة إلكترونية,2026/05/12,"36,859,826"
الخدمات الرقمية,عام,القطاع العام,خدمة إلكترونية,2026/05/12,"36,855,095"
الخدمات الرقمية,عام,القطاع العام,خدمة إلكترونية,2026/05/12,"36,854,714"
الخدمات الرقمية,عام,القطاع العام,خدمة إلكترونية,2026/05/12,"36,854,715"
الخدمات الرقمية,عام,القطاع العام,خدمة إلكترونية,2026/05/12,"36,854,672"
الخدمات الرقمية,عام,القطاع العام,خدمة إلكترونية,2026/05/12,"36,859,684"
الخدمات الرقمية,عام,القطاع العام,خدمة إلكترونية,2026/05/12,"36,843,236"
الخدمات الرقمية,عام,القطاع العام,خدمة إلكترونية,2026/05/12,"36,854,673"
الخدمات الرقمية,عام,القطاع العام,خدمة إلكترونية,2026/05/12,"36,855,099"
الخدمات الرقمية,عام,القطاع العام,خدمة إلكترونية,2026/05/12,"36,843,230"
الخدمات الرقمية,عام,القطاع العام,خدمة إلكترونية,2026/05/12,"36,843,239"
الخدمات الرقمية,عام,القطاع العام,خدمة إلكترونية,2026/05/12,"36,854,702"
الخدمات الرقمية,عام,القطاع العام,خدمة إلكترونية,2026/05/12,"36,850,140"
الخدمات الرقمية,عام,القطاع العام,خدمة إلكترونية,2026/05/12,"36,854,706"
الخدمات الرقمية,عام,القطاع العام,خدمة إلكترونية,2026/05/12,"36,843,262"
الخدمات الرقمية,عام,القطاع العام,خدمة إلكترونية,2026/05/12,"36,858,411"
الخدمات الرقمية,عام,القطاع العام,خدمة إلكترونية,2026/05/12,"36,858,416"
الخدمات الرقمية,عام,القطاع العام,خدمة إلكترونية,2026/05/12,"36,859,798"
الخدمات الرقمية,عام,القطاع العام,خدمة إلكترونية,2026/05/12,"36,858,413"
الخدمات الرقمية,عام,القطاع العام,خدمة إلكترونية,2026/05/12,"36,858,409"
الخدمات الرقمية,عام,القطاع العام,خدمة إلكترونية,2026/05/12,"36,855,647"
الخدمات الرقمية,عام,القطاع العام,خدمة إلكترونية,2026/05/12,"36,855,641"
الخدمات الرقمية,عام,القطاع العام,خدمة إلكترونية,2026/05/12,"36,855,643"
الخدمات الرقمية,عام,القطاع العام,خدمة إلكترونية,2026/05/12,"36,854,675"
الخدمات الرقمية,عام,القطاع العام,خدمة إلكترونية,2026/05/12,"36,859,821"
الخدمات الرقمية,عام,القطاع العام,خدمة إلكترونية,2026/05/12,"36,859,799"
الخدمات الرقمية,عام,القطاع العام,خدمة إلكترونية,2026/05/12,"36,843,226"
الخدمات الرقمية,عام,القطاع العام,خدمة إلكترونية,2026/05/12,"36,854,700"
الخدمات الرقمية,عام,القطاع العام,خدمة إلكترونية,2026/05/12,"36,855,640"
الخدمات الرقمية,عام,القطاع العام,خدمة إلكترونية,2026/05/12,"36,858,415"
الخدمات الرقمية,عام,القطاع العام,خدمة إلكترونية,2026/05/12,"36,843,227"
الخدمات الرقمية,عام,القطاع العام,خدمة إلكترونية,2026/05/12,"36,854,703"
الخدمات الرقمية,عام,القطاع العام,خدمة إلكترونية,2026/05/12,"36,858,410"
 الرياض,الرياض,القطاع العام,خدمة إلكترونية جزئيا,2026/05/12,"36,846,484"
 الرياض,الرياض,القطاع العام,خدمة إلكترونية جزئيا,2026/05/12,"36,846,376"
 الرياض,الرياض,القطاع العام,خدمة إلكترونية جزئيا,2026/05/12,"36,846,334"
 الرياض,الرياض,القطاع العام,خدمة إلكترونية جزئيا,2026/05/12,"36,846,492"
 الرياض,الرياض,القطاع العام,خدمة إلكترونية جزئيا,2026/05/12,"36,846,365"
 الرياض,الرياض,القطاع العام,خدمة إلكترونية جزئيا,2026/05/12,"36,846,454"
 الرياض,الرياض,القطاع العام,خدمة إلكترونية جزئيا,2026/05/12,"36,846,325"
 الرياض,الرياض,القطاع العام,خدمة إلكترونية جزئيا,2026/05/12,"36,846,440"
الخدمات الرقمية,عام,القطاع العام,خدمة إلكترونية جزئيا,2026/05/12,"36,860,541"
الخدمات الرقمية,عام,القطاع العام,خدمة إلكترونية جزئيا,2026/05/12,"36,860,558"
 القصيم,بريده,القطاع العام,خدمة إلكترونية جزئيا,2026/05/12,"36,851,381"
الخدمات الرقمية,عام,القطاع العام,خدمة إلكترونية جزئيا,2026/05/12,"36,859,413"
الخدمات الرقمية,عام,القطاع العام,خدمة إلكترونية جزئيا,2026/05/12,"36,859,363"
 مكة المكرمه,جده,القطاع العام,خدمة إلكترونية جزئيا,2026/05/12,"36,851,885"
 مكة المكرمه,جده,القطاع العام,خدمة إلكترونية جزئيا,2026/05/12,"36,851,728"
الخدمات الرقمية,عام,القطاع العام,خدمة إلكترونية,2026/05/13,"36,884,340"
الخدمات الرقمية,عام,القطاع العام,خدمة إلكترونية,2026/05/13,"36,877,549"
الخدمات الرقمية,عام,القطاع العام,خدمة إلكترونية,2026/05/13,"36,877,220"
الخدمات الرقمية,عام,القطاع العام,خدمة إلكترونية,2026/05/13,"36,884,572"
الخدمات الرقمية,عام,القطاع العام,خدمة إلكترونية,2026/05/13,"36,886,603"
الخدمات الرقمية,عام,القطاع العام,خدمة إلكترونية,2026/05/13,"36,884,126"
الخدمات الرقمية,عام,القطاع العام,خدمة إلكترونية,2026/05/13,"36,884,272"
الخدمات الرقمية,عام,القطاع العام,خدمة إلكترونية,2026/05/13,"36,884,585"
الخدمات الرقمية,عام,القطاع العام,خدمة إلكترونية,2026/05/13,"36,876,724"
الخدمات الرقمية,عام,القطاع العام,خدمة إلكترونية,2026/05/13,"36,884,207"
الخدمات الرقمية,عام,القطاع العام,خدمة إلكترونية,2026/05/13,"36,873,766"
الخدمات الرقمية,عام,القطاع العام,خدمة إلكترونية,2026/05/13,"36,884,057"
الخدمات الرقمية,عام,القطاع العام,خدمة إلكترونية,2026/05/13,"36,892,163"
الخدمات الرقمية,عام,القطاع العام,خدمة إلكترونية,2026/05/13,"36,876,872"
الخدمات الرقمية,عام,القطاع العام,خدمة إلكترونية,2026/05/13,"36,876,974"
الخدمات الرقمية,عام,القطاع العام,خدمة إلكترونية,2026/05/13,"36,884,489"
الخدمات الرقمية,عام,القطاع العام,خدمة إلكترونية,2026/05/13,"36,884,159"
الخدمات الرقمية,عام,القطاع العام,خدمة إلكترونية,2026/05/13,"36,876,895"
الخدمات الرقمية,عام,القطاع العام,خدمة إلكترونية,2026/05/13,"36,879,299"
الخدمات الرقمية,عام,القطاع العام,خدمة إلكترونية,2026/05/13,"36,878,634"
الخدمات الرقمية,عام,القطاع العام,خدمة إلكترونية,2026/05/13,"36,876,554"
الخدمات الرقمية,عام,القطاع العام,خدمة إلكترونية,2026/05/13,"36,884,798"
الخدمات الرقمية,عام,القطاع العام,خدمة إلكترونية,2026/05/13,"36,884,390"
الخدمات الرقمية,عام,القطاع العام,خدمة إلكترونية,2026/05/13,"36,877,012"
الخدمات الرقمية,عام,القطاع العام,خدمة إلكترونية,2026/05/13,"36,894,172"
الخدمات الرقمية,عام,القطاع العام,خدمة إلكترونية,2026/05/13,"36,876,317"
الخدمات الرقمية,عام,القطاع العام,خدمة إلكترونية,2026/05/13,"36,876,689"
الخدمات الرقمية,عام,القطاع العام,خدمة إلكترونية,2026/05/13,"36,877,129"
الخدمات الرقمية,عام,القطاع العام,خدمة إلكترونية جزئيا,2026/05/13,"36,892,853"
الخدمات الرقمية,عام,القطاع العام,خدمة إلكترونية جزئيا,2026/05/13,"36,892,800"
الخدمات الرقمية,عام,القطاع العام,خدمة إلكترونية جزئيا,2026/05/13,"36,892,939"
 الرياض,الرياض,القطاع العام,خدمة إلكترونية جزئيا,2026/05/13,"36,872,797"
 الرياض,الرياض,القطاع العام,خدمة إلكترونية جزئيا,2026/05/13,"36,873,154"
 الرياض,الرياض,القطاع العام,خدمة إلكترونية جزئيا,2026/05/13,"36,878,796"
الخدمات الرقمية,عام,القطاع العام,خدمة إلكترونية,2026/05/13,"36,876,973"
الخدمات الرقمية,عام,القطاع العام,خدمة إلكترونية,2026/05/13,"36,876,398"
الخدمات الرقمية,عام,القطاع العام,خدمة إلكترونية,2026/05/13,"36,876,397"
الخدمات الرقمية,عام,القطاع العام,خدمة إلكترونية,2026/05/13,"36,876,610"
الخدمات الرقمية,عام,القطاع العام,خدمة إلكترونية,2026/05/13,"36,876,738"
الخدمات الرقمية,عام,القطاع العام,خدمة إلكترونية,2026/05/13,"36,876,972"
الخدمات الرقمية,عام,القطاع العام,خدمة إلكترونية,2026/05/13,"36,876,981"
الخدمات الرقمية,عام,القطاع العام,خدمة إلكترونية,2026/05/13,"36,876,739"
الخدمات الرقمية,عام,القطاع العام,خدمة إلكترونية,2026/05/13,"36,877,201"
الخدمات الرقمية,عام,القطاع العام,خدمة إلكترونية,2026/05/13,"36,876,405"
الخدمات الرقمية,عام,القطاع العام,خدمة إلكترونية,2026/05/13,"36,876,615"
الخدمات الرقمية,عام,القطاع العام,خدمة إلكترونية,2026/05/13,"36,876,616"
الخدمات الرقمية,عام,القطاع العام,خدمة إلكترونية,2026/05/13,"36,876,766"
الخدمات الرقمية,عام,القطاع العام,خدمة إلكترونية,2026/05/13,"36,873,784"
الخدمات الرقمية,عام,القطاع العام,خدمة إلكترونية,2026/05/13,"36,876,376"
الخدمات الرقمية,عام,القطاع العام,خدمة إلكترونية,2026/05/13,"36,876,393"
الخدمات الرقمية,عام,القطاع العام,خدمة إلكترونية,2026/05/13,"36,876,406"
الخدمات الرقمية,عام,القطاع العام,خدمة إلكترونية,2026/05/13,"36,876,747"
الخدمات الرقمية,عام,القطاع العام,خدمة إلكترونية,2026/05/13,"36,876,384"
الخدمات الرقمية,عام,القطاع العام,خدمة إلكترونية,2026/05/13,"36,876,608"
الخدمات الرقمية,عام,القطاع العام,خدمة إلكترونية,2026/05/13,"36,876,740"
الخدمات الرقمية,عام,القطاع العام,خدمة إلكترونية,2026/05/13,"36,876,987"
الخدمات الرقمية,عام,القطاع العام,خدمة إلكترونية,2026/05/13,"36,876,604"
الخدمات الرقمية,عام,القطاع العام,خدمة إلكترونية,2026/05/13,"36,876,716"
الخدمات الرقمية,عام,القطاع العام,خدمة إلكترونية,2026/05/13,"36,876,936"
الخدمات الرقمية,عام,القطاع العام,خدمة إلكترونية,2026/05/13,"36,876,937"
الخدمات الرقمية,عام,القطاع العام,خدمة إلكترونية,2026/05/13,"36,876,971"
الخدمات الرقمية,عام,القطاع العام,خدمة إلكترونية,2026/05/13,"36,876,983"
الخدمات الرقمية,عام,القطاع العام,خدمة إلكترونية,2026/05/13,"36,876,711"
الخدمات الرقمية,عام,القطاع العام,خدمة إلكترونية,2026/05/13,"36,876,975"
الخدمات الرقمية,عام,القطاع العام,خدمة إلكترونية,2026/05/13,"36,876,980"
الخدمات الرقمية,عام,القطاع العام,خدمة إلكترونية,2026/05/13,"36,876,618"
الخدمات الرقمية,عام,القطاع العام,خدمة إلكترونية,2026/05/13,"36,876,617"
الخدمات الرقمية,عام,القطاع العام,خدمة إلكترونية,2026/05/13,"36,876,768"
الخدمات الرقمية,عام,القطاع العام,خدمة إلكترونية,2026/05/13,"36,876,769"
الخدمات الرقمية,عام,القطاع العام,خدمة إلكترونية,2026/05/13,"36,876,899"
الخدمات الرقمية,عام,القطاع العام,خدمة إلكترونية,2026/05/13,"36,876,920"
الخدمات الرقمية,عام,القطاع العام,خدمة إلكترونية,2026/05/13,"36,876,388"
الخدمات الرقمية,عام,القطاع العام,خدمة إلكترونية,2026/05/13,"36,876,410"
الخدمات الرقمية,عام,القطاع العام,خدمة إلكترونية,2026/05/13,"36,877,050"
الخدمات الرقمية,عام,القطاع العام,خدمة إلكترونية,2026/05/13,"36,877,051"
الخدمات الرقمية,عام,القطاع العام,خدمة إلكترونية,2026/05/13,"36,876,408"
الخدمات الرقمية,عام,القطاع العام,خدمة إلكترونية,2026/05/13,"36,876,744"
الخدمات الرقمية,عام,القطاع العام,خدمة إلكترونية,2026/05/13,"36,876,709"
الخدمات الرقمية,عام,القطاع العام,خدمة إلكترونية,2026/05/13,"36,876,939"
الخدمات الرقمية,عام,القطاع العام,خدمة إلكترونية,2026/05/13,"36,876,940"
الخدمات الرقمية,عام,القطاع العام,خدمة إلكترونية,2026/05/13,"36,877,209"
الخدمات الرقمية,عام,القطاع العام,خدمة إلكترونية,2026/05/13,"36,877,210"
الخدمات الرقمية,عام,القطاع العام,خدمة إلكترونية,2026/05/13,"36,876,763"
الخدمات الرقمية,عام,القطاع العام,خدمة إلكترونية,2026/05/13,"36,876,764"
الخدمات الرقمية,عام,القطاع العام,خدمة إلكترونية,2026/05/13,"36,877,205"
الخدمات الرقمية,عام,القطاع العام,خدمة إلكترونية,2026/05/13,"36,877,206"
الخدمات الرقمية,عام,القطاع العام,خدمة إلكترونية,2026/05/13,"36,877,207"
الخدمات الرقمية,عام,القطاع العام,خدمة إلكترونية,2026/05/13,"36,877,236"
الخدمات الرقمية,عام,القطاع العام,خدمة إلكترونية,2026/05/13,"36,876,607"
الخدمات الرقمية,عام,القطاع العام,خدمة إلكترونية,2026/05/13,"36,876,985"
الخدمات الرقمية,عام,القطاع العام,خدمة إلكترونية,2026/05/13,"36,876,986"
الخدمات الرقمية,عام,القطاع العام,خدمة إلكترونية,2026/05/13,"36,877,009"
الخدمات الرقمية,عام,القطاع العام,خدمة إلكترونية,2026/05/13,"36,878,650"
الخدمات الرقمية,عام,القطاع العام,خدمة إلكترونية,2026/05/13,"36,878,651"
الخدمات الرقمية,عام,القطاع العام,خدمة إلكترونية,2026/05/13,"36,876,385"
الخدمات الرقمية,عام,القطاع العام,خدمة إلكترونية,2026/05/13,"36,876,602"
الخدمات الرقمية,عام,القطاع العام,خدمة إلكترونية,2026/05/13,"36,876,713"
الخدمات الرقمية,عام,القطاع العام,خدمة إلكترونية,2026/05/13,"36,876,368"
الخدمات الرقمية,عام,القطاع العام,خدمة إلكترونية,2026/05/13,"36,876,400"
الخدمات الرقمية,عام,القطاع العام,خدمة إلكترونية,2026/05/13,"36,876,718"
الخدمات الرقمية,عام,القطاع العام,خدمة إلكترونية,2026/05/13,"36,877,202"
الخدمات الرقمية,عام,القطاع العام,خدمة إلكترونية,2026/05/13,"36,876,409"
الخدمات الرقمية,عام,القطاع العام,خدمة إلكترونية,2026/05/13,"36,876,380"
الخدمات الرقمية,عام,القطاع العام,خدمة إلكترونية,2026/05/13,"36,876,767"
الخدمات الرقمية,عام,القطاع العام,خدمة إلكترونية,2026/05/13,"36,877,007"
الخدمات الرقمية,عام,القطاع العام,خدمة إلكترونية,2026/05/13,"36,877,053"
الخدمات الرقمية,عام,القطاع العام,خدمة إلكترونية,2026/05/13,"36,878,648"
الخدمات الرقمية,عام,القطاع العام,خدمة إلكترونية,2026/05/13,"36,876,613"
الخدمات الرقمية,عام,القطاع العام,خدمة إلكترونية,2026/05/13,"36,876,745"
الخدمات الرقمية,عام,القطاع العام,خدمة إلكترونية,2026/05/13,"36,876,600"
الخدمات الرقمية,عام,القطاع العام,خدمة إلكترونية,2026/05/13,"36,876,373"
الخدمات الرقمية,عام,القطاع العام,خدمة إلكترونية,2026/05/13,"36,876,375"
الخدمات الرقمية,عام,القطاع العام,خدمة إلكترونية,2026/05/13,"36,877,010"
الخدمات الرقمية,عام,القطاع العام,خدمة إلكترونية,2026/05/13,"36,876,921"
الخدمات الرقمية,عام,القطاع العام,خدمة إلكترونية,2026/05/13,"36,876,386"
الخدمات الرقمية,عام,القطاع العام,خدمة إلكترونية,2026/05/13,"36,876,760"
الخدمات الرقمية,عام,القطاع العام,خدمة إلكترونية,2026/05/13,"36,876,928"
الخدمات الرقمية,عام,القطاع العام,خدمة إلكترونية,2026/05/13,"36,877,203"
الخدمات الرقمية,عام,القطاع العام,خدمة إلكترونية,2026/05/13,"36,876,762"
الخدمات الرقمية,عام,القطاع العام,خدمة إلكترونية,2026/05/13,"36,877,204"
الخدمات الرقمية,عام,القطاع العام,خدمة إلكترونية,2026/05/13,"36,876,389"
الخدمات الرقمية,عام,القطاع العام,خدمة إلكترونية,2026/05/13,"36,876,412"
الخدمات الرقمية,عام,القطاع العام,خدمة إلكترونية,2026/05/13,"36,876,932"
الخدمات الرقمية,عام,القطاع العام,خدمة إلكترونية,2026/05/13,"36,877,011"
الخدمات الرقمية,عام,القطاع العام,خدمة إلكترونية,2026/05/13,"36,876,383"
الخدمات الرقمية,عام,القطاع العام,خدمة إلكترونية,2026/05/13,"36,876,924"
الخدمات الرقمية,عام,القطاع العام,خدمة إلكترونية,2026/05/13,"36,877,049"
الخدمات الرقمية,عام,القطاع العام,خدمة إلكترونية,2026/05/13,"36,876,929"
الخدمات الرقمية,عام,القطاع العام,خدمة إلكترونية,2026/05/13,"36,876,414"
الخدمات الرقمية,عام,القطاع العام,خدمة إلكترونية,2026/05/13,"36,876,619"
الخدمات الرقمية,عام,القطاع العام,خدمة إلكترونية,2026/05/13,"36,876,926"
الخدمات الرقمية,عام,القطاع العام,خدمة إلكترونية,2026/05/13,"36,876,934"
الخدمات الرقمية,عام,القطاع العام,خدمة إلكترونية,2026/05/13,"36,876,935"
الخدمات الرقمية,عام,القطاع العام,خدمة إلكترونية,2026/05/13,"36,876,737"
الخدمات الرقمية,عام,القطاع العام,خدمة إلكترونية,2026/05/13,"36,877,200"
الخدمات الرقمية,عام,القطاع العام,خدمة إلكترونية,2026/05/13,"36,876,378"
الخدمات الرقمية,عام,القطاع العام,خدمة إلكترونية,2026/05/13,"36,876,614"
الخدمات الرقمية,عام,القطاع العام,خدمة إلكترونية,2026/05/13,"36,876,765"
الخدمات الرقمية,عام,القطاع العام,خدمة إلكترونية,2026/05/13,"36,877,208"
الخدمات الرقمية,عام,القطاع العام,خدمة إلكترونية,2026/05/13,"36,876,976"
الخدمات الرقمية,عام,القطاع العام,خدمة إلكترونية,2026/05/13,"36,876,977"
الخدمات الرقمية,عام,القطاع العام,خدمة إلكترونية,2026/05/13,"36,876,370"
الخدمات الرقمية,عام,القطاع العام,خدمة إلكترونية,2026/05/13,"36,877,008"
الخدمات الرقمية,عام,القطاع العام,خدمة إلكترونية,2026/05/13,"36,878,649"
الخدمات الرقمية,عام,القطاع العام,خدمة إلكترونية,2026/05/13,"36,876,605"
الخدمات الرقمية,عام,القطاع العام,خدمة إلكترونية,2026/05/13,"36,876,717"
الخدمات الرقمية,عام,القطاع العام,خدمة إلكترونية,2026/05/13,"36,876,984"
الخدمات الرقمية,عام,القطاع العام,خدمة إلكترونية,2026/05/13,"36,876,392"
الخدمات الرقمية,عام,القطاع العام,خدمة إلكترونية,2026/05/13,"36,877,235"
الخدمات الرقمية,عام,القطاع العام,خدمة إلكترونية,2026/05/13,"36,876,407"
الخدمات الرقمية,عام,القطاع العام,خدمة إلكترونية,2026/05/13,"36,877,237"
الخدمات الرقمية,عام,القطاع العام,خدمة إلكترونية,2026/05/13,"36,876,927"
الخدمات الرقمية,عام,القطاع العام,خدمة إلكترونية,2026/05/13,"36,876,382"
الخدمات الرقمية,عام,القطاع العام,خدمة إلكترونية,2026/05/13,"36,876,923"
الخدمات الرقمية,عام,القطاع العام,خدمة إلكترونية,2026/05/13,"36,876,930"
الخدمات الرقمية,عام,القطاع العام,خدمة إلكترونية,2026/05/13,"36,876,403"
الخدمات الرقمية,عام,القطاع العام,خدمة إلكترونية,2026/05/13,"36,876,609"
الخدمات الرقمية,عام,القطاع العام,خدمة إلكترونية,2026/05/13,"36,876,741"
الخدمات الرقمية,عام,القطاع العام,خدمة إلكترونية,2026/05/13,"36,884,090"
الخدمات الرقمية,عام,القطاع العام,خدمة إلكترونية,2026/05/13,"36,884,164"
الخدمات الرقمية,عام,القطاع العام,خدمة إلكترونية,2026/05/13,"36,884,165"
الخدمات الرقمية,عام,القطاع العام,خدمة إلكترونية,2026/05/13,"36,884,166"
الخدمات الرقمية,عام,القطاع العام,خدمة إلكترونية,2026/05/13,"36,884,201"
الخدمات الرقمية,عام,القطاع العام,خدمة إلكترونية,2026/05/13,"36,884,339"
الخدمات الرقمية,عام,القطاع العام,خدمة إلكترونية,2026/05/13,"36,877,047"
الخدمات الرقمية,عام,القطاع العام,خدمة إلكترونية,2026/05/13,"36,877,238"
الخدمات الرقمية,عام,القطاع العام,خدمة إلكترونية,2026/05/13,"36,884,241"
الخدمات الرقمية,عام,القطاع العام,خدمة إلكترونية,2026/05/13,"36,884,529"
الخدمات الرقمية,عام,القطاع العام,خدمة إلكترونية,2026/05/13,"36,884,530"
الخدمات الرقمية,عام,القطاع العام,خدمة إلكترونية,2026/05/13,"36,884,137"
الخدمات الرقمية,عام,القطاع العام,خدمة إلكترونية,2026/05/13,"36,884,305"
الخدمات الرقمية,عام,القطاع العام,خدمة إلكترونية,2026/05/13,"36,879,311"
الخدمات الرقمية,عام,القطاع العام,خدمة إلكترونية,2026/05/13,"36,884,242"
الخدمات الرقمية,عام,القطاع العام,خدمة إلكترونية,2026/05/13,"36,876,925"
الخدمات الرقمية,عام,القطاع العام,خدمة إلكترونية,2026/05/13,"36,884,365"
الخدمات الرقمية,عام,القطاع العام,خدمة إلكترونية,2026/05/13,"36,884,525"
الخدمات الرقمية,عام,القطاع العام,خدمة إلكترونية,2026/05/13,"36,884,138"
الخدمات الرقمية,عام,القطاع العام,خدمة إلكترونية,2026/05/13,"36,884,369"
الخدمات الرقمية,عام,القطاع العام,خدمة إلكترونية,2026/05/13,"36,884,139"
الخدمات الرقمية,عام,القطاع العام,خدمة إلكترونية,2026/05/13,"36,884,243"
الخدمات الرقمية,عام,القطاع العام,خدمة إلكترونية,2026/05/13,"36,876,603"
الخدمات الرقمية,عام,القطاع العام,خدمة إلكترونية,2026/05/13,"36,876,714"
الخدمات الرقمية,عام,القطاع العام,خدمة إلكترونية,2026/05/13,"36,876,982"
الخدمات الرقمية,عام,القطاع العام,خدمة إلكترونية,2026/05/13,"36,877,006"
الخدمات الرقمية,عام,القطاع العام,خدمة إلكترونية,2026/05/13,"36,878,647"
الخدمات الرقمية,عام,القطاع العام,خدمة إلكترونية,2026/05/13,"36,876,390"
الخدمات الرقمية,عام,القطاع العام,خدمة إلكترونية,2026/05/13,"36,876,413"
الخدمات الرقمية,عام,القطاع العام,خدمة إلكترونية,2026/05/13,"36,876,933"
الخدمات الرقمية,عام,القطاع العام,خدمة إلكترونية,2026/05/13,"36,876,931"
الخدمات الرقمية,عام,القطاع العام,خدمة إلكترونية,2026/05/13,"36,884,197"
الخدمات الرقمية,عام,القطاع العام,خدمة إلكترونية,2026/05/13,"36,884,602"
الخدمات الرقمية,عام,القطاع العام,خدمة إلكترونية,2026/05/13,"36,884,526"
الخدمات الرقمية,عام,القطاع العام,خدمة إلكترونية,2026/05/13,"36,876,620"
الخدمات الرقمية,عام,القطاع العام,خدمة إلكترونية,2026/05/13,"36,884,435"
الخدمات الرقمية,عام,القطاع العام,خدمة إلكترونية,2026/05/13,"36,876,710"
الخدمات الرقمية,عام,القطاع العام,خدمة إلكترونية,2026/05/13,"36,876,979"
الخدمات الرقمية,عام,القطاع العام,خدمة إلكترونية,2026/05/13,"36,876,381"
الخدمات الرقمية,عام,القطاع العام,خدمة إلكترونية,2026/05/13,"36,876,922"
الخدمات الرقمية,عام,القطاع العام,خدمة إلكترونية,2026/05/13,"36,876,938"
الخدمات الرقمية,عام,القطاع العام,خدمة إلكترونية,2026/05/13,"36,884,089"
الخدمات الرقمية,عام,القطاع العام,خدمة إلكترونية,2026/05/13,"36,884,200"
الخدمات الرقمية,عام,القطاع العام,خدمة إلكترونية,2026/05/13,"36,884,338"
الخدمات الرقمية,عام,القطاع العام,خدمة إلكترونية,2026/05/13,"36,884,198"
الخدمات الرقمية,عام,القطاع العام,خدمة إلكترونية,2026/05/13,"36,884,603"
الخدمات الرقمية,عام,القطاع العام,خدمة إلكترونية,2026/05/13,"36,884,807"
الخدمات الرقمية,عام,القطاع العام,خدمة إلكترونية,2026/05/13,"36,884,161"
الخدمات الرقمية,عام,القطاع العام,خدمة إلكترونية,2026/05/13,"36,884,162"
الخدمات الرقمية,عام,القطاع العام,خدمة إلكترونية,2026/05/13,"36,884,163"
الخدمات الرقمية,عام,القطاع العام,خدمة إلكترونية,2026/05/13,"36,884,199"
الخدمات الرقمية,عام,القطاع العام,خدمة إلكترونية,2026/05/13,"36,876,611"
الخدمات الرقمية,عام,القطاع العام,خدمة إلكترونية,2026/05/13,"36,876,742"
الخدمات الرقمية,عام,القطاع العام,خدمة إلكترونية,2026/05/13,"36,876,391"
الخدمات الرقمية,عام,القطاع العام,خدمة إلكترونية,2026/05/13,"36,876,404"
الخدمات الرقمية,عام,القطاع العام,خدمة إلكترونية,2026/05/13,"36,884,361"
الخدمات الرقمية,عام,القطاع العام,خدمة إلكترونية,2026/05/13,"36,884,367"
الخدمات الرقمية,عام,القطاع العام,خدمة إلكترونية,2026/05/13,"36,884,091"
الخدمات الرقمية,عام,القطاع العام,خدمة إلكترونية,2026/05/13,"36,876,395"
الخدمات الرقمية,عام,القطاع العام,خدمة إلكترونية,2026/05/13,"36,884,595"
الخدمات الرقمية,عام,القطاع العام,خدمة إلكترونية,2026/05/13,"36,884,596"
الخدمات الرقمية,عام,القطاع العام,خدمة إلكترونية,2026/05/13,"36,884,160"
الخدمات الرقمية,عام,القطاع العام,خدمة إلكترونية,2026/05/13,"36,884,336"
الخدمات الرقمية,عام,القطاع العام,خدمة إلكترونية,2026/05/13,"36,877,551"
الخدمات الرقمية,عام,القطاع العام,خدمة إلكترونية,2026/05/13,"36,884,196"
الخدمات الرقمية,عام,القطاع العام,خدمة إلكترونية,2026/05/13,"36,884,601"
الخدمات الرقمية,عام,القطاع العام,خدمة إلكترونية,2026/05/13,"36,884,809"
الخدمات الرقمية,عام,القطاع العام,خدمة إلكترونية,2026/05/13,"36,884,360"
الخدمات الرقمية,عام,القطاع العام,خدمة إلكترونية,2026/05/13,"36,884,362"
الخدمات الرقمية,عام,القطاع العام,خدمة إلكترونية,2026/05/13,"36,884,433"
الخدمات الرقمية,عام,القطاع العام,خدمة إلكترونية,2026/05/13,"36,886,638"
الخدمات الرقمية,عام,القطاع العام,خدمة إلكترونية,2026/05/13,"36,884,600"
الخدمات الرقمية,عام,القطاع العام,خدمة إلكترونية,2026/05/13,"36,894,183"
الخدمات الرقمية,عام,القطاع العام,خدمة إلكترونية,2026/05/13,"36,894,190"
الخدمات الرقمية,عام,القطاع العام,خدمة إلكترونية,2026/05/13,"36,884,527"
الخدمات الرقمية,عام,القطاع العام,خدمة إلكترونية,2026/05/13,"36,884,528"
الخدمات الرقمية,عام,القطاع العام,خدمة إلكترونية,2026/05/13,"36,894,193"
الخدمات الرقمية,عام,القطاع العام,خدمة إلكترونية,2026/05/13,"36,894,192"
الخدمات الرقمية,عام,القطاع العام,خدمة إلكترونية,2026/05/13,"36,894,186"
الخدمات الرقمية,عام,القطاع العام,خدمة إلكترونية,2026/05/13,"36,892,158"
الخدمات الرقمية,عام,القطاع العام,خدمة إلكترونية,2026/05/13,"36,894,189"
الخدمات الرقمية,عام,القطاع العام,خدمة إلكترونية,2026/05/13,"36,892,157"
الخدمات الرقمية,عام,القطاع العام,خدمة إلكترونية,2026/05/13,"36,892,159"
الخدمات الرقمية,عام,القطاع العام,خدمة إلكترونية,2026/05/13,"36,884,808"
الخدمات الرقمية,عام,القطاع العام,خدمة إلكترونية,2026/05/13,"36,894,182"
الخدمات الرقمية,عام,القطاع العام,خدمة إلكترونية,2026/05/13,"36,894,185"
الخدمات الرقمية,عام,القطاع العام,خدمة إلكترونية,2026/05/13,"36,894,191"
الخدمات الرقمية,عام,القطاع العام,خدمة إلكترونية جزئيا,2026/05/13,"36,893,004"
الخدمات الرقمية,عام,القطاع العام,خدمة إلكترونية جزئيا,2026/05/13,"36,878,845"
الخدمات الرقمية,عام,القطاع العام,خدمة إلكترونية جزئيا,2026/05/13,"36,882,098"
الخدمات الرقمية,عام,القطاع العام,خدمة إلكترونية جزئيا,2026/05/13,"36,882,239"
 جازان,جيزان,القطاع العام,خدمة إلكترونية جزئيا,2026/05/13,"36,874,449"
 جازان,جيزان,القطاع العام,خدمة إلكترونية جزئيا,2026/05/13,"36,874,377"
 الرياض,الرياض,القطاع العام,خدمة إلكترونية جزئيا,2026/05/13,"36,891,936"
 الرياض,الرياض,القطاع العام,خدمة إلكترونية جزئيا,2026/05/13,"36,892,000"
الخدمات الرقمية,عام,القطاع العام,خدمة إلكترونية جزئيا,2026/05/13,"36,892,818"
الخدمات الرقمية,عام,القطاع العام,خدمة إلكترونية جزئيا,2026/05/13,"36,893,018"
 جازان,جيزان,القطاع العام,خدمة إلكترونية جزئيا,2026/05/14,"36,903,926"
 جازان,جيزان,القطاع العام,خدمة إلكترونية جزئيا,2026/05/14,"36,904,132"
 جازان,جيزان,القطاع العام,خدمة إلكترونية جزئيا,2026/05/14,"36,904,079"
 جازان,جيزان,القطاع العام,خدمة إلكترونية جزئيا,2026/05/14,"36,904,072"
 جازان,جيزان,القطاع العام,خدمة إلكترونية جزئيا,2026/05/14,"36,904,127"
الخدمات الرقمية,عام,القطاع العام,خدمة إلكترونية,2026/05/14,"36,902,344"
الخدمات الرقمية,عام,القطاع العام,خدمة إلكترونية,2026/05/14,"36,902,385"
الخدمات الرقمية,عام,القطاع العام,خدمة إلكترونية,2026/05/14,"36,915,886"
الخدمات الرقمية,عام,القطاع العام,خدمة إلكترونية,2026/05/14,"36,902,187"
الخدمات الرقمية,عام,القطاع العام,خدمة إلكترونية,2026/05/14,"36,902,202"
الخدمات الرقمية,عام,القطاع العام,خدمة إلكترونية,2026/05/14,"36,914,880"
الخدمات الرقمية,عام,القطاع العام,خدمة إلكترونية,2026/05/14,"36,914,568"
الخدمات الرقمية,عام,القطاع العام,خدمة إلكترونية,2026/05/14,"36,907,705"
الخدمات الرقمية,عام,القطاع العام,خدمة إلكترونية,2026/05/14,"36,902,230"
الخدمات الرقمية,عام,القطاع العام,خدمة إلكترونية,2026/05/14,"36,901,113"
 جازان,جيزان,القطاع العام,خدمة إلكترونية جزئيا,2026/05/14,"36,900,715"
 جازان,جيزان,القطاع العام,خدمة إلكترونية جزئيا,2026/05/14,"36,904,137"
 الرياض,الرياض,القطاع العام,خدمة إلكترونية جزئيا,2026/05/14,"36,894,905"
 الرياض,الرياض,القطاع العام,خدمة إلكترونية جزئيا,2026/05/14,"36,894,965"
 جازان,جيزان,القطاع العام,خدمة إلكترونية جزئيا,2026/05/14,"36,900,869"
 عسير,ابها,القطاع العام,خدمة إلكترونية جزئيا,2026/05/14,"36,902,750"
 المدينة المنوره,المدينة المنورة,القطاع العام,خدمة إلكترونية جزئيا,2026/05/14,"36,902,794"
الخدمات الرقمية,عام,القطاع العام,خدمة إلكترونية,2026/05/14,"36,914,574"
الخدمات الرقمية,عام,القطاع العام,خدمة إلكترونية,2026/05/14,"36,914,575"
الخدمات الرقمية,عام,القطاع العام,خدمة إلكترونية,2026/05/14,"36,914,878"
الخدمات الرقمية,عام,القطاع العام,خدمة إلكترونية,2026/05/14,"36,914,576"
الخدمات الرقمية,عام,القطاع العام,خدمة إلكترونية,2026/05/14,"36,914,577"
الخدمات الرقمية,عام,القطاع العام,خدمة إلكترونية,2026/05/14,"36,914,580"
الخدمات الرقمية,عام,القطاع العام,خدمة إلكترونية,2026/05/14,"36,914,579"
الخدمات الرقمية,عام,القطاع العام,خدمة إلكترونية,2026/05/14,"36,914,578"
الخدمات الرقمية,عام,القطاع العام,خدمة إلكترونية,2026/05/14,"36,914,573"
الخدمات الرقمية,عام,القطاع العام,خدمة إلكترونية,2026/05/14,"36,914,572"
الخدمات الرقمية,عام,القطاع العام,خدمة إلكترونية,2026/05/14,"36,901,121"
الخدمات الرقمية,عام,القطاع العام,خدمة إلكترونية,2026/05/14,"36,915,909"
الخدمات الرقمية,عام,القطاع العام,خدمة إلكترونية,2026/05/14,"36,902,198"
الخدمات الرقمية,عام,القطاع العام,خدمة إلكترونية,2026/05/14,"36,902,419"
الخدمات الرقمية,عام,القطاع العام,خدمة إلكترونية,2026/05/14,"36,902,221"
الخدمات الرقمية,عام,القطاع العام,خدمة إلكترونية,2026/05/14,"36,902,223"
الخدمات الرقمية,عام,القطاع العام,خدمة إلكترونية,2026/05/14,"36,902,269"
الخدمات الرقمية,عام,القطاع العام,خدمة إلكترونية,2026/05/14,"36,907,745"
الخدمات الرقمية,عام,القطاع العام,خدمة إلكترونية,2026/05/14,"36,907,746"
الخدمات الرقمية,عام,القطاع العام,خدمة إلكترونية,2026/05/14,"36,907,747"
الخدمات الرقمية,عام,القطاع العام,خدمة إلكترونية,2026/05/14,"36,902,222"
الخدمات الرقمية,عام,القطاع العام,خدمة إلكترونية,2026/05/14,"36,907,743"
الخدمات الرقمية,عام,القطاع العام,خدمة إلكترونية,2026/05/14,"36,902,220"
الخدمات الرقمية,عام,القطاع العام,خدمة إلكترونية,2026/05/14,"36,902,420"
الخدمات الرقمية,عام,القطاع العام,خدمة إلكترونية,2026/05/14,"36,902,270"
الخدمات الرقمية,عام,القطاع العام,خدمة إلكترونية,2026/05/14,"36,902,224"
الخدمات الرقمية,عام,القطاع العام,خدمة إلكترونية,2026/05/14,"36,902,382"
الخدمات الرقمية,عام,القطاع العام,خدمة إلكترونية,2026/05/14,"36,902,219"
الخدمات الرقمية,عام,القطاع العام,خدمة إلكترونية,2026/05/14,"36,907,744"
الخدمات الرقمية,عام,القطاع العام,خدمة إلكترونية,2026/05/14,"36,902,268"
الخدمات الرقمية,عام,القطاع العام,خدمة إلكترونية,2026/05/14,"36,902,381"
 جازان,جيزان,القطاع العام,خدمة إلكترونية جزئيا,2026/05/14,"36,900,916"
 جازان,جيزان,القطاع العام,خدمة إلكترونية جزئيا,2026/05/14,"36,903,839"
 جازان,جيزان,القطاع العام,خدمة إلكترونية جزئيا,2026/05/14,"36,903,861"
 الرياض,الرياض,القطاع العام,خدمة إلكترونية جزئيا,2026/05/14,"36,902,645"
 الرياض,الرياض,القطاع العام,خدمة إلكترونية جزئيا,2026/05/14,"36,903,170"
 جازان,جيزان,القطاع العام,خدمة إلكترونية جزئيا,2026/05/14,"36,903,781"
 جازان,جيزان,القطاع العام,خدمة إلكترونية جزئيا,2026/05/14,"36,903,797"
الخدمات الرقمية,عام,القطاع العام,خدمة إلكترونية جزئيا,2026/05/14,"36,904,058"
الخدمات الرقمية,عام,القطاع العام,خدمة إلكترونية جزئيا,2026/05/14,"36,904,322"
الخدمات الرقمية,عام,القطاع العام,خدمة إلكترونية جزئيا,2026/05/14,"36,904,474"
الخدمات الرقمية,عام,القطاع العام,خدمة إلكترونية جزئيا,2026/05/14,"36,904,236"
 جازان,جيزان,القطاع العام,خدمة إلكترونية جزئيا,2026/05/14,"36,904,254"
 جازان,جيزان,القطاع العام,خدمة إلكترونية جزئيا,2026/05/14,"36,900,703"
 الرياض,الرياض,القطاع العام,خدمة إلكترونية جزئيا,2026/05/14,"36,905,161"
 عسير,ابها,القطاع العام,خدمة إلكترونية جزئيا,2026/05/14,"36,902,247"
الخدمات الرقمية,عام,القطاع العام,خدمة إلكترونية,2026/05/16,"36,934,864"
الخدمات الرقمية,عام,القطاع العام,خدمة إلكترونية,2026/05/16,"36,931,564"
الخدمات الرقمية,عام,القطاع العام,خدمة إلكترونية,2026/05/16,"36,934,853"
الخدمات الرقمية,عام,القطاع العام,خدمة إلكترونية,2026/05/16,"36,931,569"
الخدمات الرقمية,كتابة عدل مدمجة - افتراضية,القطاع العام,خدمة إلكترونية جزئيا,2026/05/16,"36,934,663"
الخدمات الرقمية,كتابة عدل مدمجة - افتراضية,القطاع العام,خدمة إلكترونية جزئيا,2026/05/16,"36,934,628"
الخدمات الرقمية,عام,القطاع العام,خدمة إلكترونية,2026/05/17,"36,947,281"
الخدمات الرقمية,عام,القطاع العام,خدمة إلكترونية,2026/05/17,"36,943,953"
الخدمات الرقمية,عام,القطاع العام,خدمة إلكترونية,2026/05/17,"36,956,539"
الخدمات الرقمية,عام,القطاع العام,خدمة إلكترونية,2026/05/17,"36,956,516"
الخدمات الرقمية,عام,القطاع العام,خدمة إلكترونية,2026/05/17,"36,951,714"
الخدمات الرقمية,عام,القطاع العام,خدمة إلكترونية,2026/05/17,"36,945,002"
 الرياض,الرياض,القطاع العام,خدمة إلكترونية جزئيا,2026/05/17,"36,946,209"
الخدمات الرقمية,عام,القطاع العام,خدمة إلكترونية,2026/05/17,"36,945,027"
الخدمات الرقمية,عام,القطاع العام,خدمة إلكترونية,2026/05/17,"36,945,029"
الخدمات الرقمية,عام,القطاع العام,خدمة إلكترونية,2026/05/17,"36,947,293"
الخدمات الرقمية,عام,القطاع العام,خدمة إلكترونية,2026/05/17,"36,943,983"
الخدمات الرقمية,عام,القطاع العام,خدمة إلكترونية,2026/05/17,"36,947,297"
الخدمات الرقمية,عام,القطاع العام,خدمة إلكترونية,2026/05/17,"36,947,295"
الخدمات الرقمية,عام,القطاع العام,خدمة إلكترونية,2026/05/17,"36,945,031"
الخدمات الرقمية,عام,القطاع العام,خدمة إلكترونية,2026/05/17,"36,945,030"
الخدمات الرقمية,عام,القطاع العام,خدمة إلكترونية,2026/05/17,"36,947,299"
الخدمات الرقمية,عام,القطاع العام,خدمة إلكترونية,2026/05/17,"36,945,025"
الخدمات الرقمية,عام,القطاع العام,خدمة إلكترونية,2026/05/17,"36,947,294"
الخدمات الرقمية,عام,القطاع العام,خدمة إلكترونية,2026/05/17,"36,951,724"
الخدمات الرقمية,عام,القطاع العام,خدمة إلكترونية,2026/05/17,"36,956,579"
الخدمات الرقمية,عام,القطاع العام,خدمة إلكترونية,2026/05/17,"36,947,296"
الخدمات الرقمية,عام,القطاع العام,خدمة إلكترونية,2026/05/17,"36,956,576"
الخدمات الرقمية,عام,القطاع العام,خدمة إلكترونية,2026/05/17,"36,956,546"
الخدمات الرقمية,عام,القطاع العام,خدمة إلكترونية,2026/05/17,"36,956,600"
الخدمات الرقمية,عام,القطاع العام,خدمة إلكترونية,2026/05/17,"36,956,574"
الخدمات الرقمية,عام,القطاع العام,خدمة إلكترونية,2026/05/17,"36,956,577"
الخدمات الرقمية,عام,القطاع العام,خدمة إلكترونية,2026/05/17,"36,956,547"
الخدمات الرقمية,عام,القطاع العام,خدمة إلكترونية,2026/05/17,"36,956,602"
الخدمات الرقمية,عام,القطاع العام,خدمة إلكترونية,2026/05/17,"36,956,545"
الخدمات الرقمية,عام,القطاع العام,خدمة إلكترونية,2026/05/17,"36,956,578"
الخدمات الرقمية,عام,القطاع العام,خدمة إلكترونية,2026/05/17,"36,945,028"
الخدمات الرقمية,عام,القطاع العام,خدمة إلكترونية,2026/05/17,"36,956,548"
الخدمات الرقمية,عام,القطاع العام,خدمة إلكترونية,2026/05/17,"36,956,603"
الخدمات الرقمية,عام,القطاع العام,خدمة إلكترونية,2026/05/17,"36,956,543"
الخدمات الرقمية,عام,القطاع العام,خدمة إلكترونية,2026/05/17,"36,956,544"
الخدمات الرقمية,عام,القطاع العام,خدمة إلكترونية,2026/05/17,"36,956,542"
الخدمات الرقمية,عام,القطاع العام,خدمة إلكترونية,2026/05/17,"36,956,575"
الخدمات الرقمية,عام,القطاع العام,خدمة إلكترونية جزئيا,2026/05/17,"36,954,191"
الخدمات الرقمية,عام,القطاع العام,خدمة إلكترونية جزئيا,2026/05/17,"36,953,096"
الخدمات الرقمية,عام,القطاع العام,خدمة إلكترونية جزئيا,2026/05/17,"36,953,080"
الخدمات الرقمية,عام,القطاع العام,خدمة إلكترونية جزئيا,2026/05/17,"36,953,208"
الخدمات الرقمية,عام,القطاع العام,خدمة إلكترونية جزئيا,2026/05/17,"36,953,194"
الخدمات الرقمية,عام,القطاع العام,خدمة إلكترونية جزئيا,2026/05/17,"36,954,695"
الخدمات الرقمية,عام,القطاع العام,خدمة إلكترونية جزئيا,2026/05/17,"36,952,999"
الخدمات الرقمية,عام,القطاع العام,خدمة إلكترونية جزئيا,2026/05/17,"36,953,131"
الخدمات الرقمية,عام,القطاع العام,خدمة إلكترونية جزئيا,2026/05/17,"36,953,204"
الخدمات الرقمية,عام,القطاع العام,خدمة إلكترونية جزئيا,2026/05/17,"36,953,137"
الخدمات الرقمية,عام,القطاع العام,خدمة إلكترونية جزئيا,2026/05/17,"36,953,183"
الخدمات الرقمية,عام,القطاع العام,خدمة إلكترونية جزئيا,2026/05/17,"36,954,688"
 الرياض,الرياض,القطاع العام,خدمة إلكترونية جزئيا,2026/05/17,"36,946,247"
الخدمات الرقمية,عام,القطاع العام,خدمة إلكترونية جزئيا,2026/05/17,"36,954,287"
الخدمات الرقمية,عام,القطاع العام,خدمة إلكترونية جزئيا,2026/05/17,"36,954,294"
الخدمات الرقمية,عام,القطاع العام,خدمة إلكترونية جزئيا,2026/05/17,"36,954,220"
الخدمات الرقمية,عام,القطاع العام,خدمة إلكترونية جزئيا,2026/05/17,"36,954,234"
 القصيم,بريده,القطاع العام,خدمة إلكترونية جزئيا,2026/05/17,"36,947,872"
 القصيم,بريده,القطاع العام,خدمة إلكترونية جزئيا,2026/05/17,"36,947,824"
 القصيم,بريده,القطاع العام,خدمة إلكترونية جزئيا,2026/05/17,"36,948,641"
 عسير,ابها,القطاع العام,خدمة إلكترونية جزئيا,2026/05/17,"36,940,007"
 عسير,ابها,القطاع العام,خدمة إلكترونية جزئيا,2026/05/17,"36,940,000"
الخدمات الرقمية,عام,القطاع العام,خدمة إلكترونية,2026/05/18,"36,961,405"
الخدمات الرقمية,عام,القطاع العام,خدمة إلكترونية,2026/05/18,"36,975,943"
الخدمات الرقمية,عام,القطاع العام,خدمة إلكترونية,2026/05/18,"36,971,418"
الخدمات الرقمية,عام,القطاع العام,خدمة إلكترونية,2026/05/18,"36,971,746"
الخدمات الرقمية,عام,القطاع العام,خدمة إلكترونية,2026/05/18,"36,958,475"
الخدمات الرقمية,عام,القطاع العام,خدمة إلكترونية,2026/05/18,"36,975,332"
الخدمات الرقمية,عام,القطاع العام,خدمة إلكترونية,2026/05/18,"36,969,744"
الخدمات الرقمية,عام,القطاع العام,خدمة إلكترونية,2026/05/18,"36,964,456"
الخدمات الرقمية,عام,القطاع العام,خدمة إلكترونية,2026/05/18,"36,973,753"
الخدمات الرقمية,عام,القطاع العام,خدمة إلكترونية,2026/05/18,"36,975,335"
الخدمات الرقمية,عام,القطاع العام,خدمة إلكترونية,2026/05/18,"36,975,336"
الخدمات الرقمية,عام,القطاع العام,خدمة إلكترونية,2026/05/18,"36,975,337"
الخدمات الرقمية,عام,القطاع العام,خدمة إلكترونية,2026/05/18,"36,971,516"
الخدمات الرقمية,عام,القطاع العام,خدمة إلكترونية,2026/05/18,"36,958,488"
الخدمات الرقمية,عام,القطاع العام,خدمة إلكترونية,2026/05/18,"36,973,803"
الخدمات الرقمية,عام,القطاع العام,خدمة إلكترونية,2026/05/18,"36,971,519"
الخدمات الرقمية,عام,القطاع العام,خدمة إلكترونية,2026/05/18,"36,971,528"
الخدمات الرقمية,عام,القطاع العام,خدمة إلكترونية,2026/05/18,"36,971,756"
الخدمات الرقمية,عام,القطاع العام,خدمة إلكترونية,2026/05/18,"36,971,522"
الخدمات الرقمية,عام,القطاع العام,خدمة إلكترونية,2026/05/18,"36,975,339"
الخدمات الرقمية,عام,القطاع العام,خدمة إلكترونية,2026/05/18,"36,975,360"
الخدمات الرقمية,عام,القطاع العام,خدمة إلكترونية,2026/05/18,"36,975,338"
الخدمات الرقمية,عام,القطاع العام,خدمة إلكترونية,2026/05/18,"36,975,944"
الخدمات الرقمية,عام,القطاع العام,خدمة إلكترونية,2026/05/18,"36,971,520"
الخدمات الرقمية,عام,القطاع العام,خدمة إلكترونية,2026/05/18,"36,969,746"
الخدمات الرقمية,عام,القطاع العام,خدمة إلكترونية,2026/05/18,"36,971,523"
الخدمات الرقمية,عام,القطاع العام,خدمة إلكترونية,2026/05/18,"36,975,361"
الخدمات الرقمية,عام,القطاع العام,خدمة إلكترونية,2026/05/18,"36,971,527"
الخدمات الرقمية,عام,القطاع العام,خدمة إلكترونية,2026/05/18,"36,971,521"
الخدمات الرقمية,عام,القطاع العام,خدمة إلكترونية,2026/05/18,"36,975,362"
الخدمات الرقمية,عام,القطاع العام,خدمة إلكترونية,2026/05/18,"36,961,398"
الخدمات الرقمية,عام,القطاع العام,خدمة إلكترونية,2026/05/18,"36,964,465"
الخدمات الرقمية,عام,القطاع العام,خدمة إلكترونية,2026/05/18,"36,971,525"
الخدمات الرقمية,عام,القطاع العام,خدمة إلكترونية,2026/05/18,"36,971,518"
 مكة المكرمه,جده,القطاع العام,خدمة إلكترونية جزئيا,2026/05/18,"36,961,204"
 الرياض,الرياض,القطاع العام,خدمة إلكترونية جزئيا,2026/05/18,"36,957,304"
 الرياض,الرياض,القطاع العام,خدمة إلكترونية جزئيا,2026/05/18,"36,973,687"
 الرياض,الرياض,القطاع العام,خدمة إلكترونية جزئيا,2026/05/18,"36,973,595"
 الرياض,الرياض,القطاع العام,خدمة إلكترونية جزئيا,2026/05/18,"36,973,413"
الخدمات الرقمية,عام,القطاع العام,خدمة إلكترونية جزئيا,2026/05/18,"36,975,095"
الخدمات الرقمية,عام,القطاع العام,خدمة إلكترونية جزئيا,2026/05/18,"36,975,087"
الخدمات الرقمية,عام,القطاع العام,خدمة إلكترونية جزئيا,2026/05/18,"36,975,122"
الخدمات الرقمية,عام,القطاع العام,خدمة إلكترونية جزئيا,2026/05/18,"36,977,222"
الخدمات الرقمية,عام,القطاع العام,خدمة إلكترونية جزئيا,2026/05/18,"36,972,297"
الخدمات الرقمية,عام,القطاع العام,خدمة إلكترونية جزئيا,2026/05/18,"36,957,958"
الخدمات الرقمية,عام,القطاع العام,خدمة إلكترونية جزئيا,2026/05/18,"36,958,025"
الخدمات الرقمية,عام,القطاع العام,خدمة إلكترونية جزئيا,2026/05/18,"36,957,990"
الخدمات الرقمية,عام,القطاع العام,خدمة إلكترونية جزئيا,2026/05/18,"36,957,975"
الخدمات الرقمية,عام,القطاع العام,خدمة إلكترونية جزئيا,2026/05/18,"36,958,023"
الخدمات الرقمية,عام,القطاع العام,خدمة إلكترونية جزئيا,2026/05/18,"36,958,029"
 المدينة المنوره,المدينة المنورة,القطاع العام,خدمة إلكترونية جزئيا,2026/05/18,"36,961,074"
الخدمات الرقمية,عام,القطاع العام,خدمة إلكترونية جزئيا,2026/05/18,"36,972,286"
الخدمات الرقمية,عام,القطاع العام,خدمة إلكترونية جزئيا,2026/05/18,"36,972,355"
الخدمات الرقمية,عام,القطاع العام,خدمة إلكترونية جزئيا,2026/05/18,"36,972,126"
الخدمات الرقمية,عام,القطاع العام,خدمة إلكترونية جزئيا,2026/05/18,"36,972,414"
الخدمات الرقمية,عام,القطاع العام,خدمة إلكترونية جزئيا,2026/05/18,"36,972,344"
الخدمات الرقمية,عام,القطاع العام,خدمة إلكترونية جزئيا,2026/05/18,"36,972,447"
 عسير,ابها,القطاع العام,خدمة إلكترونية جزئيا,2026/05/18,"36,966,337"
 عسير,ابها,القطاع العام,خدمة إلكترونية جزئيا,2026/05/18,"36,966,214"
 عسير,ابها,القطاع العام,خدمة إلكترونية جزئيا,2026/05/18,"36,966,290"
 الرياض,الرياض,القطاع العام,خدمة إلكترونية جزئيا,2026/05/18,"36,957,328"
 الرياض,الرياض,القطاع العام,خدمة إلكترونية جزئيا,2026/05/18,"36,964,183"
الخدمات الرقمية,عام,القطاع العام,خدمة إلكترونية,2026/05/19,"37,000,281"
الخدمات الرقمية,عام,القطاع العام,خدمة إلكترونية,2026/05/19,"36,982,668"
الخدمات الرقمية,عام,القطاع العام,خدمة إلكترونية,2026/05/19,"36,998,981"
الخدمات الرقمية,عام,القطاع العام,خدمة إلكترونية,2026/05/19,"36,993,050"
الخدمات الرقمية,عام,القطاع العام,خدمة إلكترونية,2026/05/19,"36,998,460"
الخدمات الرقمية,عام,القطاع العام,خدمة إلكترونية,2026/05/19,"37,000,273"
الخدمات الرقمية,عام,القطاع العام,خدمة إلكترونية,2026/05/19,"36,993,081"
الخدمات الرقمية,عام,القطاع العام,خدمة إلكترونية,2026/05/19,"36,998,468"
الخدمات الرقمية,عام,القطاع العام,خدمة إلكترونية,2026/05/19,"36,998,469"
الخدمات الرقمية,عام,القطاع العام,خدمة إلكترونية,2026/05/19,"36,998,976"
الخدمات الرقمية,عام,القطاع العام,خدمة إلكترونية,2026/05/19,"36,982,684"
 الرياض,الرياض,القطاع العام,خدمة إلكترونية جزئيا,2026/05/19,"37,001,442"
 الرياض,الرياض,القطاع العام,خدمة إلكترونية جزئيا,2026/05/19,"37,001,013"
 الرياض,الرياض,القطاع العام,خدمة إلكترونية جزئيا,2026/05/19,"37,000,985"
 الرياض,الرياض,القطاع العام,خدمة إلكترونية جزئيا,2026/05/19,"37,001,008"
 الرياض,الرياض,القطاع العام,خدمة إلكترونية جزئيا,2026/05/19,"37,001,050"
 الرياض,الرياض,القطاع العام,خدمة إلكترونية جزئيا,2026/05/19,"37,001,067"
 الرياض,الرياض,القطاع العام,خدمة إلكترونية جزئيا,2026/05/19,"37,001,061"
 الرياض,الرياض,القطاع العام,خدمة إلكترونية جزئيا,2026/05/19,"37,001,045"
الخدمات الرقمية,عام,القطاع العام,خدمة إلكترونية جزئيا,2026/05/19,"36,997,203"
الخدمات الرقمية,عام,القطاع العام,خدمة إلكترونية جزئيا,2026/05/19,"36,997,161"
الخدمات الرقمية,كتابة عدل مدمجة - افتراضية,القطاع العام,خدمة إلكترونية جزئيا,2026/05/19,"36,983,592"
الخدمات الرقمية,كتابة عدل مدمجة - افتراضية,القطاع العام,خدمة إلكترونية جزئيا,2026/05/19,"36,983,745"
الخدمات الرقمية,عام,القطاع العام,خدمة إلكترونية جزئيا,2026/05/19,"36,989,195"
الخدمات الرقمية,عام,القطاع العام,خدمة إلكترونية جزئيا,2026/05/19,"36,989,623"
الخدمات الرقمية,عام,القطاع العام,خدمة إلكترونية جزئيا,2026/05/19,"36,989,489"
الخدمات الرقمية,عام,القطاع العام,خدمة إلكترونية جزئيا,2026/05/19,"36,989,343"
الخدمات الرقمية,عام,القطاع العام,خدمة إلكترونية جزئيا,2026/05/19,"36,989,777"
 عسير,ابها,القطاع العام,خدمة إلكترونية جزئيا,2026/05/19,"36,981,219"
 عسير,ابها,القطاع العام,خدمة إلكترونية جزئيا,2026/05/19,"36,981,187"
الخدمات الرقمية,عام,القطاع العام,خدمة إلكترونية جزئيا,2026/05/19,"36,988,723"
الخدمات الرقمية,عام,القطاع العام,خدمة إلكترونية جزئيا,2026/05/19,"36,987,337"
الخدمات الرقمية,عام,القطاع العام,خدمة إلكترونية جزئيا,2026/05/19,"36,988,567"
الخدمات الرقمية,عام,القطاع العام,خدمة إلكترونية جزئيا,2026/05/19,"36,988,880"
الخدمات الرقمية,عام,القطاع العام,خدمة إلكترونية جزئيا,2026/05/19,"36,987,792"
الخدمات الرقمية,عام,القطاع العام,خدمة إلكترونية جزئيا,2026/05/19,"36,987,630"
الخدمات الرقمية,عام,القطاع العام,خدمة إلكترونية جزئيا,2026/05/19,"36,983,170"
الخدمات الرقمية,عام,القطاع العام,خدمة إلكترونية جزئيا,2026/05/19,"36,983,275"
 الرياض,الرياض,القطاع العام,خدمة إلكترونية جزئيا,2026/05/19,"36,988,046"
 الرياض,الرياض,القطاع العام,خدمة إلكترونية جزئيا,2026/05/19,"36,988,117"
الخدمات الرقمية,عام,القطاع العام,خدمة إلكترونية,2026/05/20,"37,017,887"
 جازان,جيزان,القطاع العام,خدمة إلكترونية جزئيا,2026/05/20,"37,009,183"
 جازان,جيزان,القطاع العام,خدمة إلكترونية جزئيا,2026/05/20,"37,009,804"
الخدمات الرقمية,عام,القطاع العام,خدمة إلكترونية,2026/05/20,"37,017,901"
الخدمات الرقمية,عام,القطاع العام,خدمة إلكترونية,2026/05/20,"37,017,839"
الخدمات الرقمية,عام,القطاع العام,خدمة إلكترونية,2026/05/20,"37,017,902"
الخدمات الرقمية,عام,القطاع العام,خدمة إلكترونية,2026/05/20,"37,025,268"
 جازان,جيزان,القطاع العام,خدمة إلكترونية جزئيا,2026/05/20,"37,009,249"
 جازان,جيزان,القطاع العام,خدمة إلكترونية جزئيا,2026/05/20,"37,009,900"
الخدمات الرقمية,عام,القطاع العام,خدمة إلكترونية جزئيا,2026/05/20,"37,004,708"
الخدمات الرقمية,عام,القطاع العام,خدمة إلكترونية جزئيا,2026/05/20,"37,029,925"
 الشرقية,الدمام,القطاع العام,خدمة إلكترونية جزئيا,2026/05/20,"37,010,795"
الخدمات الرقمية,عام,القطاع العام,خدمة إلكترونية جزئيا,2026/05/20,"37,017,002"
الخدمات الرقمية,عام,القطاع العام,خدمة إلكترونية جزئيا,2026/05/20,"37,016,833"
الخدمات الرقمية,عام,القطاع العام,خدمة إلكترونية جزئيا,2026/05/20,"37,016,692"
 جازان,جيزان,القطاع العام,خدمة إلكترونية جزئيا,2026/05/20,"37,011,811"
 الرياض,الرياض,القطاع العام,خدمة إلكترونية جزئيا,2026/05/20,"37,015,756"
 الرياض,الرياض,القطاع العام,خدمة إلكترونية جزئيا,2026/05/20,"37,015,711"
الخدمات الرقمية,عام,القطاع العام,خدمة إلكترونية,2026/05/21,"37,040,859"
الخدمات الرقمية,عام,القطاع العام,خدمة إلكترونية,2026/05/21,"37,031,758"
الخدمات الرقمية,عام,القطاع العام,خدمة إلكترونية,2026/05/21,"37,045,209"
 المدينة المنوره,المدينة المنورة,القطاع العام,خدمة إلكترونية جزئيا,2026/05/21,"37,041,130"
 الجوف,سكاكا,القطاع العام,خدمة إلكترونية جزئيا,2026/05/21,"37,035,128"
الخدمات الرقمية,عام,القطاع العام,خدمة إلكترونية,2026/05/21,"37,031,830"
الخدمات الرقمية,عام,القطاع العام,خدمة إلكترونية,2026/05/21,"37,040,897"
الخدمات الرقمية,عام,القطاع العام,خدمة إلكترونية,2026/05/21,"37,045,246"
الخدمات الرقمية,عام,القطاع العام,خدمة إلكترونية جزئيا,2026/05/21,"37,051,525"
الخدمات الرقمية,عام,القطاع العام,خدمة إلكترونية جزئيا,2026/05/21,"37,051,486"
الخدمات الرقمية,عام,القطاع العام,خدمة إلكترونية جزئيا,2026/05/21,"37,051,418"
الخدمات الرقمية,عام,القطاع العام,خدمة إلكترونية جزئيا,2026/05/21,"37,052,455"
الخدمات الرقمية,عام,القطاع العام,خدمة إلكترونية جزئيا,2026/05/21,"37,051,587"
 الرياض,الرياض,القطاع العام,خدمة إلكترونية جزئيا,2026/05/21,"37,043,724"
 الرياض,الرياض,القطاع العام,خدمة إلكترونية جزئيا,2026/05/21,"37,043,537"
 الجوف,سكاكا,القطاع العام,خدمة إلكترونية جزئيا,2026/05/22,"37,059,107"
الخدمات الرقمية,عام,القطاع العام,خدمة إلكترونية,2026/05/22,"37,065,981"
الخدمات الرقمية,عام,القطاع العام,خدمة إلكترونية,2026/05/22,"37,058,285"
الخدمات الرقمية,عام,القطاع العام,خدمة إلكترونية,2026/05/22,"37,058,292"
الخدمات الرقمية,عام,القطاع العام,خدمة إلكترونية,2026/05/22,"37,066,003"
 الرياض,الرياض,القطاع العام,خدمة إلكترونية جزئيا,2026/05/22,"37,066,184"
 الرياض,الرياض,القطاع العام,خدمة إلكترونية جزئيا,2026/05/22,"37,069,864"
 الرياض,الرياض,القطاع العام,خدمة إلكترونية جزئيا,2026/05/22,"37,070,540"
 الرياض,الرياض,القطاع العام,خدمة إلكترونية جزئيا,2026/05/22,"37,069,875"
 الرياض,الرياض,القطاع العام,خدمة إلكترونية جزئيا,2026/05/22,"37,066,532"
 الرياض,الرياض,القطاع العام,خدمة إلكترونية جزئيا,2026/05/22,"37,070,065"
 الرياض,الرياض,القطاع العام,خدمة إلكترونية جزئيا,2026/05/22,"37,066,147"
 الرياض,الرياض,القطاع العام,خدمة إلكترونية جزئيا,2026/05/22,"37,069,586"
 الرياض,الرياض,القطاع العام,خدمة إلكترونية جزئيا,2026/05/22,"37,066,289"
 الرياض,الرياض,القطاع العام,خدمة إلكترونية جزئيا,2026/05/22,"37,070,458"
 الرياض,الرياض,القطاع العام,خدمة إلكترونية جزئيا,2026/05/22,"37,069,438"
 الرياض,الرياض,القطاع العام,خدمة إلكترونية جزئيا,2026/05/22,"37,069,672"
 الرياض,الرياض,القطاع العام,خدمة إلكترونية جزئيا,2026/05/22,"37,070,526"
 الرياض,الرياض,القطاع العام,خدمة إلكترونية جزئيا,2026/05/22,"37,069,668"
 الرياض,الرياض,القطاع العام,خدمة إلكترونية جزئيا,2026/05/22,"37,070,446"
 الرياض,الرياض,القطاع العام,خدمة إلكترونية جزئيا,2026/05/22,"37,069,491"
 الرياض,الرياض,القطاع العام,خدمة إلكترونية جزئيا,2026/05/22,"37,069,965"
 الرياض,الرياض,القطاع العام,خدمة إلكترونية جزئيا,2026/05/22,"37,069,533"
 الرياض,الرياض,القطاع العام,خدمة إلكترونية جزئيا,2026/05/22,"37,070,383"
 الرياض,الرياض,القطاع العام,خدمة إلكترونية جزئيا,2026/05/22,"37,066,604"
 الرياض,الرياض,القطاع العام,خدمة إلكترونية جزئيا,2026/05/22,"37,066,209"
 الرياض,الرياض,القطاع العام,خدمة إلكترونية جزئيا,2026/05/22,"37,070,490"
 الرياض,الرياض,القطاع العام,خدمة إلكترونية جزئيا,2026/05/22,"37,069,375"
 الرياض,الرياض,القطاع العام,خدمة إلكترونية جزئيا,2026/05/22,"37,069,820"
 الرياض,الرياض,القطاع العام,خدمة إلكترونية جزئيا,2026/05/22,"37,070,506"
 الرياض,الرياض,القطاع العام,خدمة إلكترونية جزئيا,2026/05/22,"37,069,523"
 الرياض,الرياض,القطاع العام,خدمة إلكترونية جزئيا,2026/05/22,"37,066,640"
 الرياض,الرياض,القطاع العام,خدمة إلكترونية جزئيا,2026/05/22,"37,066,250"
 الرياض,الرياض,القطاع العام,خدمة إلكترونية جزئيا,2026/05/22,"37,070,025"
 الرياض,الرياض,القطاع العام,خدمة إلكترونية جزئيا,2026/05/22,"37,069,592"
 الرياض,الرياض,القطاع العام,خدمة إلكترونية جزئيا,2026/05/22,"37,066,670"
 الرياض,الرياض,القطاع العام,خدمة إلكترونية جزئيا,2026/05/22,"37,069,786"
 الرياض,الرياض,القطاع العام,خدمة إلكترونية جزئيا,2026/05/22,"37,070,414"
 الرياض,الرياض,القطاع العام,خدمة إلكترونية جزئيا,2026/05/22,"37,069,974"
 الرياض,الرياض,القطاع العام,خدمة إلكترونية جزئيا,2026/05/22,"37,066,661"
 الرياض,الرياض,القطاع العام,خدمة إلكترونية جزئيا,2026/05/22,"37,069,742"
 الرياض,الرياض,القطاع العام,خدمة إلكترونية جزئيا,2026/05/22,"37,069,756"
 الرياض,الرياض,القطاع العام,خدمة إلكترونية جزئيا,2026/05/22,"37,074,786"
 الرياض,الرياض,القطاع العام,خدمة إلكترونية جزئيا,2026/05/22,"37,074,883"
 الرياض,الرياض,القطاع العام,خدمة إلكترونية جزئيا,2026/05/22,"37,074,620"
 الرياض,الرياض,القطاع العام,خدمة إلكترونية جزئيا,2026/05/22,"37,074,851"
 الرياض,الرياض,القطاع العام,خدمة إلكترونية جزئيا,2026/05/22,"37,065,728"
 الرياض,الرياض,القطاع العام,خدمة إلكترونية جزئيا,2026/05/22,"37,065,564"
 الرياض,الرياض,القطاع العام,خدمة إلكترونية جزئيا,2026/05/22,"37,065,939"
 الرياض,الرياض,القطاع العام,خدمة إلكترونية جزئيا,2026/05/22,"37,065,734"
 الرياض,الرياض,القطاع العام,خدمة إلكترونية جزئيا,2026/05/22,"37,065,268"
 الرياض,الرياض,القطاع العام,خدمة إلكترونية جزئيا,2026/05/22,"37,065,423"
 الرياض,الرياض,القطاع العام,خدمة إلكترونية جزئيا,2026/05/22,"37,065,866"
 الرياض,الرياض,القطاع العام,خدمة إلكترونية جزئيا,2026/05/22,"37,065,797"
 الرياض,الرياض,القطاع العام,خدمة إلكترونية جزئيا,2026/05/22,"37,065,436"
 الرياض,الرياض,القطاع العام,خدمة إلكترونية جزئيا,2026/05/22,"37,065,606"
 الرياض,الرياض,القطاع العام,خدمة إلكترونية جزئيا,2026/05/22,"37,065,360"
 الرياض,الرياض,القطاع العام,خدمة إلكترونية جزئيا,2026/05/22,"37,065,828"
 الرياض,الرياض,القطاع العام,خدمة إلكترونية جزئيا,2026/05/22,"37,065,018"
 الرياض,الرياض,القطاع العام,خدمة إلكترونية جزئيا,2026/05/22,"37,065,877"
 الرياض,الرياض,القطاع العام,خدمة إلكترونية جزئيا,2026/05/22,"37,065,328"
الخدمات الرقمية,عام,القطاع العام,خدمة إلكترونية,2026/05/23,"37,088,339"
 الرياض,الرياض,القطاع العام,خدمة إلكترونية جزئيا,2026/05/23,"37,091,785"
 الرياض,الرياض,القطاع العام,خدمة إلكترونية جزئيا,2026/05/23,"37,091,648"
 الرياض,الرياض,القطاع العام,خدمة إلكترونية جزئيا,2026/05/23,"37,090,815"
 الرياض,الرياض,القطاع العام,خدمة إلكترونية جزئيا,2026/05/23,"37,091,517"
الخدمات الرقمية,عام,القطاع العام,خدمة إلكترونية,2026/05/23,"37,088,467"
 الرياض,الرياض,القطاع العام,خدمة إلكترونية جزئيا,2026/05/23,"37,088,630"
 الرياض,الرياض,القطاع العام,خدمة إلكترونية جزئيا,2026/05/23,"37,088,531"
 الرياض,الرياض,القطاع العام,خدمة إلكترونية جزئيا,2026/05/23,"37,088,628"
 الرياض,الرياض,القطاع العام,خدمة إلكترونية جزئيا,2026/05/23,"37,088,338"
 الرياض,الرياض,القطاع العام,خدمة إلكترونية جزئيا,2026/05/23,"37,087,628"
 الرياض,الرياض,القطاع العام,خدمة إلكترونية جزئيا,2026/05/23,"37,087,707"
 الرياض,الرياض,القطاع العام,خدمة إلكترونية جزئيا,2026/05/23,"37,087,632"
 الرياض,الرياض,القطاع العام,خدمة إلكترونية جزئيا,2026/05/23,"37,088,487"
 الرياض,الرياض,القطاع العام,خدمة إلكترونية جزئيا,2026/05/23,"37,088,497"
 الرياض,الرياض,القطاع العام,خدمة إلكترونية جزئيا,2026/05/23,"37,088,534"
 الرياض,الرياض,القطاع العام,خدمة إلكترونية جزئيا,2026/05/23,"37,088,532"
 الرياض,الرياض,القطاع العام,خدمة إلكترونية جزئيا,2026/05/23,"37,088,539"
 الرياض,الرياض,القطاع العام,خدمة إلكترونية جزئيا,2026/05/23,"37,088,625"
 الرياض,الرياض,القطاع العام,خدمة إلكترونية جزئيا,2026/05/23,"37,087,279"
 الرياض,الرياض,القطاع العام,خدمة إلكترونية جزئيا,2026/05/23,"37,087,714"
 الرياض,الرياض,القطاع العام,خدمة إلكترونية جزئيا,2026/05/23,"37,087,089"
 الرياض,الرياض,القطاع العام,خدمة إلكترونية جزئيا,2026/05/23,"37,087,709"
 الرياض,الرياض,القطاع العام,خدمة إلكترونية جزئيا,2026/05/23,"37,087,474"
 الرياض,الرياض,القطاع العام,خدمة إلكترونية جزئيا,2026/05/23,"37,087,273"
 الرياض,الرياض,القطاع العام,خدمة إلكترونية جزئيا,2026/05/23,"37,087,196"
 الرياض,الرياض,القطاع العام,خدمة إلكترونية جزئيا,2026/05/23,"37,087,262"
 الرياض,الرياض,القطاع العام,خدمة إلكترونية جزئيا,2026/05/23,"37,087,186"
 الرياض,الرياض,القطاع العام,خدمة إلكترونية جزئيا,2026/05/23,"37,087,704"
 الرياض,الرياض,القطاع العام,خدمة إلكترونية جزئيا,2026/05/23,"37,087,464"
 الرياض,الرياض,القطاع العام,خدمة إلكترونية جزئيا,2026/05/23,"37,087,468"
 الرياض,الرياض,القطاع العام,خدمة إلكترونية جزئيا,2026/05/23,"37,087,276"
 الرياض,الرياض,القطاع العام,خدمة إلكترونية جزئيا,2026/05/23,"37,087,530"
 الرياض,الرياض,القطاع العام,خدمة إلكترونية جزئيا,2026/05/23,"37,088,528"
 الرياض,الرياض,القطاع العام,خدمة إلكترونية جزئيا,2026/05/23,"37,088,629"
 الرياض,الرياض,القطاع العام,خدمة إلكترونية جزئيا,2026/05/23,"37,087,637"
 الرياض,الرياض,القطاع العام,خدمة إلكترونية جزئيا,2026/05/23,"37,087,184"
 الرياض,الرياض,القطاع العام,خدمة إلكترونية جزئيا,2026/05/23,"37,087,267"
 الرياض,الرياض,القطاع العام,خدمة إلكترونية جزئيا,2026/05/23,"37,087,520"
 الرياض,الرياض,القطاع العام,خدمة إلكترونية جزئيا,2026/05/23,"37,087,181"
 الرياض,الرياض,القطاع العام,خدمة إلكترونية جزئيا,2026/05/23,"37,091,202"
 الرياض,الرياض,القطاع العام,خدمة إلكترونية جزئيا,2026/05/23,"37,091,374"
 الرياض,الرياض,القطاع العام,خدمة إلكترونية جزئيا,2026/05/23,"37,087,537"
 الرياض,الرياض,القطاع العام,خدمة إلكترونية جزئيا,2026/05/23,"37,087,191"
 الرياض,الرياض,القطاع العام,خدمة إلكترونية جزئيا,2026/05/23,"37,085,091"
 الرياض,الرياض,القطاع العام,خدمة إلكترونية جزئيا,2026/05/23,"37,084,684"
 الرياض,الرياض,القطاع العام,خدمة إلكترونية جزئيا,2026/05/23,"37,083,105"
 الرياض,الرياض,القطاع العام,خدمة إلكترونية جزئيا,2026/05/23,"37,083,135"
 الرياض,الرياض,القطاع العام,خدمة إلكترونية جزئيا,2026/05/23,"37,084,954"
 الرياض,الرياض,القطاع العام,خدمة إلكترونية جزئيا,2026/05/23,"37,084,904"
 الرياض,الرياض,القطاع العام,خدمة إلكترونية جزئيا,2026/05/23,"37,084,909"
 الرياض,الرياض,القطاع العام,خدمة إلكترونية جزئيا,2026/05/23,"37,085,162"
 الرياض,الرياض,القطاع العام,خدمة إلكترونية جزئيا,2026/05/23,"37,084,945"
 الرياض,الرياض,القطاع العام,خدمة إلكترونية جزئيا,2026/05/23,"37,084,942"
 الرياض,الرياض,القطاع العام,خدمة إلكترونية جزئيا,2026/05/23,"37,085,160"
 الرياض,الرياض,القطاع العام,خدمة إلكترونية جزئيا,2026/05/23,"37,085,098"
 الرياض,الرياض,القطاع العام,خدمة إلكترونية جزئيا,2026/05/23,"37,084,912"
 الرياض,الرياض,القطاع العام,خدمة إلكترونية جزئيا,2026/05/23,"37,085,167"
 الرياض,الرياض,القطاع العام,خدمة إلكترونية جزئيا,2026/05/23,"37,084,941"
 الرياض,الرياض,القطاع العام,خدمة إلكترونية جزئيا,2026/05/23,"37,083,160"
 الرياض,الرياض,القطاع العام,خدمة إلكترونية جزئيا,2026/05/23,"37,084,811"
 الرياض,الرياض,القطاع العام,خدمة إلكترونية جزئيا,2026/05/23,"37,084,640"
 الرياض,الرياض,القطاع العام,خدمة إلكترونية جزئيا,2026/05/23,"37,083,349"
 الرياض,الرياض,القطاع العام,خدمة إلكترونية جزئيا,2026/05/23,"37,083,256"
 الرياض,الرياض,القطاع العام,خدمة إلكترونية جزئيا,2026/05/23,"37,083,340"
 الرياض,الرياض,القطاع العام,خدمة إلكترونية جزئيا,2026/05/23,"37,084,775"
 الرياض,الرياض,القطاع العام,خدمة إلكترونية جزئيا,2026/05/23,"37,083,354"
 الرياض,الرياض,القطاع العام,خدمة إلكترونية جزئيا,2026/05/23,"37,084,890"
 الرياض,الرياض,القطاع العام,خدمة إلكترونية جزئيا,2026/05/23,"37,083,168"
 الرياض,الرياض,القطاع العام,خدمة إلكترونية جزئيا,2026/05/23,"37,083,068"
 الرياض,الرياض,القطاع العام,خدمة إلكترونية جزئيا,2026/05/23,"37,084,762"
 الرياض,الرياض,القطاع العام,خدمة إلكترونية جزئيا,2026/05/23,"37,084,668"
 الرياض,الرياض,القطاع العام,خدمة إلكترونية جزئيا,2026/05/23,"37,084,873"
 الرياض,الرياض,القطاع العام,خدمة إلكترونية جزئيا,2026/05/23,"37,082,958"
 الرياض,الرياض,القطاع العام,خدمة إلكترونية جزئيا,2026/05/23,"37,084,885"
 الرياض,الرياض,القطاع العام,خدمة إلكترونية جزئيا,2026/05/23,"37,084,915"
 الرياض,الرياض,القطاع العام,خدمة إلكترونية جزئيا,2026/05/23,"37,084,946"
 الرياض,الرياض,القطاع العام,خدمة إلكترونية جزئيا,2026/05/23,"37,085,081"
 الرياض,الرياض,القطاع العام,خدمة إلكترونية جزئيا,2026/05/23,"37,084,949"
 الرياض,الرياض,القطاع العام,خدمة إلكترونية جزئيا,2026/05/23,"37,085,099"
 الرياض,الرياض,القطاع العام,خدمة إلكترونية جزئيا,2026/05/23,"37,084,952"
 الرياض,الرياض,القطاع العام,خدمة إلكترونية جزئيا,2026/05/23,"37,084,950"
 الرياض,الرياض,القطاع العام,خدمة إلكترونية جزئيا,2026/05/23,"37,085,097"
 الرياض,الرياض,القطاع العام,خدمة إلكترونية جزئيا,2026/05/23,"37,084,735"
 الرياض,الرياض,القطاع العام,خدمة إلكترونية جزئيا,2026/05/23,"37,084,860"
 الرياض,الرياض,القطاع العام,خدمة إلكترونية جزئيا,2026/05/23,"37,084,694"
 الرياض,الرياض,القطاع العام,خدمة إلكترونية جزئيا,2026/05/23,"37,083,122"
 الرياض,الرياض,القطاع العام,خدمة إلكترونية جزئيا,2026/05/23,"37,083,131"
 الرياض,الرياض,القطاع العام,خدمة إلكترونية جزئيا,2026/05/23,"37,083,306"
 الرياض,الرياض,القطاع العام,خدمة إلكترونية جزئيا,2026/05/23,"37,083,265"
 الرياض,الرياض,القطاع العام,خدمة إلكترونية جزئيا,2026/05/23,"37,083,261"
 الرياض,الرياض,القطاع العام,خدمة إلكترونية جزئيا,2026/05/23,"37,083,259"
الخدمات الرقمية,عام,القطاع العام,خدمة إلكترونية,2026/05/24,"37,097,732"
الخدمات الرقمية,عام,القطاع العام,خدمة إلكترونية,2026/05/24,"37,096,620"
 الرياض,الرياض,القطاع العام,خدمة إلكترونية جزئيا,2026/05/24,"37,105,964"
 الرياض,الرياض,القطاع العام,خدمة إلكترونية جزئيا,2026/05/24,"37,106,023"
 الرياض,الرياض,القطاع العام,خدمة إلكترونية جزئيا,2026/05/24,"37,099,899"
 الرياض,الرياض,القطاع العام,خدمة إلكترونية جزئيا,2026/05/24,"37,099,594"
 الرياض,الرياض,القطاع العام,خدمة إلكترونية جزئيا,2026/05/24,"37,105,723"
 الرياض,الرياض,القطاع العام,خدمة إلكترونية جزئيا,2026/05/24,"37,099,884"
 الرياض,الرياض,القطاع العام,خدمة إلكترونية جزئيا,2026/05/24,"37,105,707"
 الرياض,الرياض,القطاع العام,خدمة إلكترونية جزئيا,2026/05/24,"37,099,575"
 الرياض,الرياض,القطاع العام,خدمة إلكترونية جزئيا,2026/05/24,"37,099,842"
 الرياض,الرياض,القطاع العام,خدمة إلكترونية جزئيا,2026/05/24,"37,105,546"
 الرياض,الرياض,القطاع العام,خدمة إلكترونية جزئيا,2026/05/24,"37,105,661"
 الرياض,الرياض,القطاع العام,خدمة إلكترونية جزئيا,2026/05/24,"37,091,909"
 الرياض,الرياض,القطاع العام,خدمة إلكترونية جزئيا,2026/05/24,"37,099,565"
 الرياض,الرياض,القطاع العام,خدمة إلكترونية جزئيا,2026/05/24,"37,099,672"
 الرياض,الرياض,القطاع العام,خدمة إلكترونية جزئيا,2026/05/24,"37,099,634"
 الرياض,الرياض,القطاع العام,خدمة إلكترونية جزئيا,2026/05/24,"37,099,437"
الخدمات الرقمية,عام,القطاع العام,خدمة إلكترونية,2026/05/24,"37,096,625"
الخدمات الرقمية,عام,القطاع العام,خدمة إلكترونية,2026/05/24,"37,096,623"
الخدمات الرقمية,عام,القطاع العام,خدمة إلكترونية,2026/05/24,"37,096,622"
الخدمات الرقمية,عام,القطاع العام,خدمة إلكترونية,2026/05/24,"37,096,626"
الخدمات الرقمية,عام,القطاع العام,خدمة إلكترونية,2026/05/24,"37,096,627"
الخدمات الرقمية,عام,القطاع العام,خدمة إلكترونية,2026/05/24,"37,096,624"
الخدمات الرقمية,عام,القطاع العام,خدمة إلكترونية,2026/05/24,"37,096,621"
الخدمات الرقمية,عام,القطاع العام,خدمة إلكترونية,2026/05/24,"37,097,741"
الخدمات الرقمية,عام,القطاع العام,خدمة إلكترونية,2026/05/24,"37,097,742"
 الرياض,الرياض,القطاع العام,خدمة إلكترونية جزئيا,2026/05/24,"37,096,645"
 الرياض,الرياض,القطاع العام,خدمة إلكترونية جزئيا,2026/05/24,"37,096,921"
 الرياض,الرياض,القطاع العام,خدمة إلكترونية جزئيا,2026/05/24,"37,097,884"
 الرياض,الرياض,القطاع العام,خدمة إلكترونية جزئيا,2026/05/24,"37,096,796"
 الرياض,الرياض,القطاع العام,خدمة إلكترونية جزئيا,2026/05/24,"37,096,897"
 الرياض,الرياض,القطاع العام,خدمة إلكترونية جزئيا,2026/05/24,"37,098,001"
 الرياض,الرياض,القطاع العام,خدمة إلكترونية جزئيا,2026/05/24,"37,096,697"
 الرياض,الرياض,القطاع العام,خدمة إلكترونية جزئيا,2026/05/24,"37,098,098"
 الرياض,الرياض,القطاع العام,خدمة إلكترونية جزئيا,2026/05/24,"37,096,572"
 الرياض,الرياض,القطاع العام,خدمة إلكترونية جزئيا,2026/05/24,"37,098,013"
 الرياض,الرياض,القطاع العام,خدمة إلكترونية جزئيا,2026/05/24,"37,096,734"
 الرياض,الرياض,القطاع العام,خدمة إلكترونية جزئيا,2026/05/24,"37,098,018"
 الرياض,الرياض,القطاع العام,خدمة إلكترونية جزئيا,2026/05/24,"37,098,106"
 الرياض,الرياض,القطاع العام,خدمة إلكترونية جزئيا,2026/05/24,"37,098,105"
 الرياض,الرياض,القطاع العام,خدمة إلكترونية جزئيا,2026/05/24,"37,096,968"
 الرياض,الرياض,القطاع العام,خدمة إلكترونية جزئيا,2026/05/24,"37,096,642"
 الرياض,الرياض,القطاع العام,خدمة إلكترونية جزئيا,2026/05/24,"37,096,789"
 الرياض,الرياض,القطاع العام,خدمة إلكترونية جزئيا,2026/05/24,"37,096,794"
 الرياض,الرياض,القطاع العام,خدمة إلكترونية جزئيا,2026/05/24,"37,098,110"
 الرياض,الرياض,القطاع العام,خدمة إلكترونية جزئيا,2026/05/24,"37,098,083"
 الرياض,الرياض,القطاع العام,خدمة إلكترونية جزئيا,2026/05/24,"37,098,094"
 الرياض,الرياض,القطاع العام,خدمة إلكترونية جزئيا,2026/05/24,"37,096,611"
 الرياض,الرياض,القطاع العام,خدمة إلكترونية جزئيا,2026/05/24,"37,098,092"
 الرياض,الرياض,القطاع العام,خدمة إلكترونية جزئيا,2026/05/24,"37,096,616"
 الرياض,الرياض,القطاع العام,خدمة إلكترونية جزئيا,2026/05/24,"37,096,652"
 الرياض,الرياض,القطاع العام,خدمة إلكترونية جزئيا,2026/05/24,"37,096,650"
 الرياض,الرياض,القطاع العام,خدمة إلكترونية جزئيا,2026/05/24,"37,096,895"
 الرياض,الرياض,القطاع العام,خدمة إلكترونية جزئيا,2026/05/24,"37,096,937"
 الرياض,الرياض,القطاع العام,خدمة إلكترونية جزئيا,2026/05/24,"37,098,117"
 الرياض,الرياض,القطاع العام,خدمة إلكترونية جزئيا,2026/05/24,"37,098,154"
 الرياض,الرياض,القطاع العام,خدمة إلكترونية جزئيا,2026/05/24,"37,098,056"
 الرياض,الرياض,القطاع العام,خدمة إلكترونية جزئيا,2026/05/24,"37,098,051"
 الرياض,الرياض,القطاع العام,خدمة إلكترونية جزئيا,2026/05/24,"37,097,053"
 الرياض,الرياض,القطاع العام,خدمة إلكترونية جزئيا,2026/05/24,"37,096,787"
 الرياض,الرياض,القطاع العام,خدمة إلكترونية جزئيا,2026/05/24,"37,091,858"
 الرياض,الرياض,القطاع العام,خدمة إلكترونية جزئيا,2026/05/24,"37,091,901"
 الرياض,الرياض,القطاع العام,خدمة إلكترونية جزئيا,2026/05/24,"37,098,143"
 الرياض,الرياض,القطاع العام,خدمة إلكترونية جزئيا,2026/05/24,"37,098,111"
 الرياض,الرياض,القطاع العام,خدمة إلكترونية جزئيا,2026/05/24,"37,096,729"
 الرياض,الرياض,القطاع العام,خدمة إلكترونية جزئيا,2026/05/24,"37,097,969"
 الرياض,الرياض,القطاع العام,خدمة إلكترونية جزئيا,2026/05/24,"37,096,723"
 الرياض,الرياض,القطاع العام,خدمة إلكترونية جزئيا,2026/05/24,"37,096,617"
 الرياض,الرياض,القطاع العام,خدمة إلكترونية جزئيا,2026/05/24,"37,091,838"
 الرياض,الرياض,القطاع العام,خدمة إلكترونية جزئيا,2026/05/24,"37,105,228"
 الرياض,الرياض,القطاع العام,خدمة إلكترونية جزئيا,2026/05/24,"37,105,475"
 الرياض,الرياض,القطاع العام,خدمة إلكترونية جزئيا,2026/05/24,"37,105,261"
 الرياض,الرياض,القطاع العام,خدمة إلكترونية جزئيا,2026/05/24,"37,105,780"
 الرياض,الرياض,القطاع العام,خدمة إلكترونية جزئيا,2026/05/24,"37,105,235"
 الرياض,الرياض,القطاع العام,خدمة إلكترونية جزئيا,2026/05/24,"37,106,190"
 الرياض,الرياض,القطاع العام,خدمة إلكترونية جزئيا,2026/05/24,"37,106,436"
 الرياض,الرياض,القطاع العام,خدمة إلكترونية جزئيا,2026/05/24,"37,106,429"
 الرياض,الرياض,القطاع العام,خدمة إلكترونية جزئيا,2026/05/24,"37,106,394"
 الرياض,الرياض,القطاع العام,خدمة إلكترونية جزئيا,2026/05/24,"37,106,071"
 الرياض,الرياض,القطاع العام,خدمة إلكترونية جزئيا,2026/05/24,"37,106,380"
 الرياض,الرياض,القطاع العام,خدمة إلكترونية جزئيا,2026/05/24,"37,106,060"
 الرياض,الرياض,القطاع العام,خدمة إلكترونية جزئيا,2026/05/24,"37,098,931"
 الرياض,الرياض,القطاع العام,خدمة إلكترونية جزئيا,2026/05/24,"37,098,411"
 الرياض,الرياض,القطاع العام,خدمة إلكترونية جزئيا,2026/05/24,"37,098,909"
 الرياض,الرياض,القطاع العام,خدمة إلكترونية جزئيا,2026/05/24,"37,097,041"
 الرياض,الرياض,القطاع العام,خدمة إلكترونية جزئيا,2026/05/24,"37,096,932"
 الرياض,الرياض,القطاع العام,خدمة إلكترونية جزئيا,2026/05/24,"37,097,049"
 الرياض,الرياض,القطاع العام,خدمة إلكترونية جزئيا,2026/05/24,"37,097,043"
 الرياض,الرياض,القطاع العام,خدمة إلكترونية جزئيا,2026/05/24,"37,096,899"
 الرياض,الرياض,القطاع العام,خدمة إلكترونية جزئيا,2026/05/24,"37,096,977"
 الرياض,الرياض,القطاع العام,خدمة إلكترونية جزئيا,2026/05/24,"37,099,027"
 الرياض,الرياض,القطاع العام,خدمة إلكترونية جزئيا,2026/05/24,"37,099,077"
 الرياض,الرياض,القطاع العام,خدمة إلكترونية جزئيا,2026/05/24,"37,098,869"
 الرياض,الرياض,القطاع العام,خدمة إلكترونية جزئيا,2026/05/24,"37,098,354"
 الرياض,الرياض,القطاع العام,خدمة إلكترونية جزئيا,2026/05/24,"37,098,472"
 الرياض,الرياض,القطاع العام,خدمة إلكترونية جزئيا,2026/05/24,"37,099,269"
 الرياض,الرياض,القطاع العام,خدمة إلكترونية جزئيا,2026/05/24,"37,099,173"
 الرياض,الرياض,القطاع العام,خدمة إلكترونية جزئيا,2026/05/24,"37,098,711"
 الرياض,الرياض,القطاع العام,خدمة إلكترونية جزئيا,2026/05/25,"37,114,622"
 الرياض,الرياض,القطاع العام,خدمة إلكترونية جزئيا,2026/05/25,"37,114,569"
 الرياض,الرياض,القطاع العام,خدمة إلكترونية جزئيا,2026/05/25,"37,116,467"
 الرياض,الرياض,القطاع العام,خدمة إلكترونية جزئيا,2026/05/25,"37,116,478"
 الرياض,الرياض,القطاع العام,خدمة إلكترونية جزئيا,2026/05/25,"37,116,586"
 الرياض,الرياض,القطاع العام,خدمة إلكترونية جزئيا,2026/05/25,"37,116,414"
 الرياض,الرياض,القطاع العام,خدمة إلكترونية جزئيا,2026/05/25,"37,112,485"
 الرياض,الرياض,القطاع العام,خدمة إلكترونية جزئيا,2026/05/25,"37,112,239"
 الرياض,الرياض,القطاع العام,خدمة إلكترونية جزئيا,2026/05/25,"37,116,643"
 الرياض,الرياض,القطاع العام,خدمة إلكترونية جزئيا,2026/05/25,"37,116,650"
 الرياض,الرياض,القطاع العام,خدمة إلكترونية جزئيا,2026/05/25,"37,114,685"
 الرياض,الرياض,القطاع العام,خدمة إلكترونية جزئيا,2026/05/25,"37,112,453"
 الرياض,الرياض,القطاع العام,خدمة إلكترونية جزئيا,2026/05/25,"37,114,642"
 الرياض,الرياض,القطاع العام,خدمة إلكترونية جزئيا,2026/05/25,"37,116,524"
 الرياض,الرياض,القطاع العام,خدمة إلكترونية جزئيا,2026/05/25,"37,116,529"
 الرياض,الرياض,القطاع العام,خدمة إلكترونية جزئيا,2026/05/25,"37,116,585"
 الرياض,الرياض,القطاع العام,خدمة إلكترونية جزئيا,2026/05/25,"37,116,651"
 الرياض,الرياض,القطاع العام,خدمة إلكترونية جزئيا,2026/05/25,"37,116,581"
 الرياض,الرياض,القطاع العام,خدمة إلكترونية جزئيا,2026/05/25,"37,112,452"
 الرياض,الرياض,القطاع العام,خدمة إلكترونية جزئيا,2026/05/25,"37,112,487"
 الرياض,الرياض,القطاع العام,خدمة إلكترونية جزئيا,2026/05/25,"37,112,283"
 الرياض,الرياض,القطاع العام,خدمة إلكترونية جزئيا,2026/05/25,"37,112,293"
 الرياض,الرياض,القطاع العام,خدمة إلكترونية جزئيا,2026/05/25,"37,112,236"
 الرياض,الرياض,القطاع العام,خدمة إلكترونية جزئيا,2026/05/25,"37,114,465"
 الرياض,الرياض,القطاع العام,خدمة إلكترونية جزئيا,2026/05/25,"37,116,648"
 الرياض,الرياض,القطاع العام,خدمة إلكترونية جزئيا,2026/05/25,"37,113,640"
 الرياض,الرياض,القطاع العام,خدمة إلكترونية جزئيا,2026/05/25,"37,113,195"
 الرياض,الرياض,القطاع العام,خدمة إلكترونية جزئيا,2026/05/25,"37,113,483"
 الرياض,الرياض,القطاع العام,خدمة إلكترونية جزئيا,2026/05/25,"37,119,051"
 الرياض,الرياض,القطاع العام,خدمة إلكترونية جزئيا,2026/05/25,"37,119,149"
 الرياض,الرياض,القطاع العام,خدمة إلكترونية جزئيا,2026/05/25,"37,119,184"
 الرياض,الرياض,القطاع العام,خدمة إلكترونية جزئيا,2026/05/25,"37,114,698"
 الرياض,الرياض,القطاع العام,خدمة إلكترونية جزئيا,2026/05/25,"37,114,509"
 الرياض,الرياض,القطاع العام,خدمة إلكترونية جزئيا,2026/05/25,"37,114,555"
 الرياض,الرياض,القطاع العام,خدمة إلكترونية جزئيا,2026/05/25,"37,114,399"
 الرياض,الرياض,القطاع العام,خدمة إلكترونية جزئيا,2026/05/25,"37,114,475"
 الرياض,الرياض,القطاع العام,خدمة إلكترونية جزئيا,2026/05/25,"37,111,468"
 الرياض,الرياض,القطاع العام,خدمة إلكترونية جزئيا,2026/05/25,"37,111,476"
 الرياض,الرياض,القطاع العام,خدمة إلكترونية جزئيا,2026/05/25,"37,111,351"
 الرياض,الرياض,القطاع العام,خدمة إلكترونية جزئيا,2026/05/25,"37,111,450"
 الرياض,الرياض,القطاع العام,خدمة إلكترونية جزئيا,2026/05/25,"37,111,594"
 الرياض,الرياض,القطاع العام,خدمة إلكترونية جزئيا,2026/05/25,"37,111,420"
 الرياض,الرياض,القطاع العام,خدمة إلكترونية جزئيا,2026/05/25,"37,111,565"
 الرياض,الرياض,القطاع العام,خدمة إلكترونية جزئيا,2026/05/25,"37,112,197"
 الرياض,الرياض,القطاع العام,خدمة إلكترونية جزئيا,2026/05/25,"37,112,496"
 الرياض,الرياض,القطاع العام,خدمة إلكترونية جزئيا,2026/05/25,"37,111,471"
 الرياض,الرياض,القطاع العام,خدمة إلكترونية جزئيا,2026/05/25,"37,114,544"
 الرياض,الرياض,القطاع العام,خدمة إلكترونية جزئيا,2026/05/25,"37,111,470"
 الرياض,الرياض,القطاع العام,خدمة إلكترونية جزئيا,2026/05/25,"37,111,356"
 الرياض,الرياض,القطاع العام,خدمة إلكترونية جزئيا,2026/05/25,"37,111,350"
 الرياض,الرياض,القطاع العام,خدمة إلكترونية جزئيا,2026/05/25,"37,111,580"
 الرياض,الرياض,القطاع العام,خدمة إلكترونية جزئيا,2026/05/25,"37,111,530"
 الرياض,الرياض,القطاع العام,خدمة إلكترونية جزئيا,2026/05/25,"37,111,472"
 الرياض,الرياض,القطاع العام,خدمة إلكترونية جزئيا,2026/05/25,"37,112,339"
 الرياض,الرياض,القطاع العام,خدمة إلكترونية جزئيا,2026/05/25,"37,112,234"
 الرياض,الرياض,القطاع العام,خدمة إلكترونية جزئيا,2026/05/25,"37,112,493"
 الرياض,الرياض,القطاع العام,خدمة إلكترونية جزئيا,2026/05/25,"37,112,230"
 الرياض,الرياض,القطاع العام,خدمة إلكترونية جزئيا,2026/05/25,"37,112,227"
 الرياض,الرياض,القطاع العام,خدمة إلكترونية جزئيا,2026/05/25,"37,112,510"
 الرياض,الرياض,القطاع العام,خدمة إلكترونية جزئيا,2026/05/25,"37,111,457"
 الرياض,الرياض,القطاع العام,خدمة إلكترونية جزئيا,2026/05/25,"37,112,358"
 الرياض,الرياض,القطاع العام,خدمة إلكترونية جزئيا,2026/05/25,"37,114,417"
 الرياض,الرياض,القطاع العام,خدمة إلكترونية جزئيا,2026/05/25,"37,112,348"
 الرياض,الرياض,القطاع العام,خدمة إلكترونية جزئيا,2026/05/25,"37,111,436"
 الرياض,الرياض,القطاع العام,خدمة إلكترونية جزئيا,2026/05/25,"37,111,506"
 الرياض,الرياض,القطاع العام,خدمة إلكترونية جزئيا,2026/05/25,"37,111,352"
 الرياض,الرياض,القطاع العام,خدمة إلكترونية جزئيا,2026/05/25,"37,111,501"
 الرياض,الرياض,القطاع العام,خدمة إلكترونية جزئيا,2026/05/25,"37,111,345"
 الرياض,الرياض,القطاع العام,خدمة إلكترونية جزئيا,2026/05/25,"37,111,475"
 الرياض,الرياض,القطاع العام,خدمة إلكترونية جزئيا,2026/05/25,"37,112,457"
 الرياض,الرياض,القطاع العام,خدمة إلكترونية جزئيا,2026/05/25,"37,111,517"
 الرياض,الرياض,القطاع العام,خدمة إلكترونية جزئيا,2026/05/25,"37,112,324"
 الرياض,الرياض,القطاع العام,خدمة إلكترونية جزئيا,2026/05/25,"37,121,549"
 الرياض,الرياض,القطاع العام,خدمة إلكترونية جزئيا,2026/05/25,"37,121,612"
 الرياض,الرياض,القطاع العام,خدمة إلكترونية جزئيا,2026/05/25,"37,121,515"
 الرياض,الرياض,القطاع العام,خدمة إلكترونية جزئيا,2026/05/25,"37,121,378"
 الرياض,الرياض,القطاع العام,خدمة إلكترونية جزئيا,2026/05/25,"37,121,570"
 الرياض,الرياض,القطاع العام,خدمة إلكترونية جزئيا,2026/05/25,"37,121,432"
 الرياض,الرياض,القطاع العام,خدمة إلكترونية جزئيا,2026/05/25,"37,121,608"
 الرياض,الرياض,القطاع العام,خدمة إلكترونية جزئيا,2026/05/25,"37,121,457"
 الرياض,الرياض,القطاع العام,خدمة إلكترونية جزئيا,2026/05/25,"37,121,447"
 الرياض,الرياض,القطاع العام,خدمة إلكترونية جزئيا,2026/05/25,"37,121,316"
 الرياض,الرياض,القطاع العام,خدمة إلكترونية جزئيا,2026/05/25,"37,121,575"
 الرياض,الرياض,القطاع العام,خدمة إلكترونية جزئيا,2026/05/25,"37,121,616"
 الرياض,الرياض,القطاع العام,خدمة إلكترونية جزئيا,2026/05/25,"37,121,308"
 الرياض,الرياض,القطاع العام,خدمة إلكترونية جزئيا,2026/05/25,"37,121,353"
 الرياض,الرياض,القطاع العام,خدمة إلكترونية جزئيا,2026/05/25,"37,121,344"
 الرياض,الرياض,القطاع العام,خدمة إلكترونية جزئيا,2026/05/25,"37,113,238"
 الرياض,الرياض,القطاع العام,خدمة إلكترونية جزئيا,2026/05/25,"37,113,319"
 الرياض,الرياض,القطاع العام,خدمة إلكترونية جزئيا,2026/05/26,"37,127,842"
 الرياض,الرياض,القطاع العام,خدمة إلكترونية جزئيا,2026/05/26,"37,127,799"
 الرياض,الرياض,القطاع العام,خدمة إلكترونية جزئيا,2026/05/26,"37,127,849"
 الرياض,الرياض,القطاع العام,خدمة إلكترونية جزئيا,2026/05/26,"37,128,209"
 الرياض,الرياض,القطاع العام,خدمة إلكترونية جزئيا,2026/05/26,"37,127,834"
 الرياض,الرياض,القطاع العام,خدمة إلكترونية جزئيا,2026/05/26,"37,127,317"
 الرياض,الرياض,القطاع العام,خدمة إلكترونية جزئيا,2026/05/26,"37,127,396"
 الرياض,الرياض,القطاع العام,خدمة إلكترونية جزئيا,2026/05/26,"37,127,441"
 الرياض,الرياض,القطاع العام,خدمة إلكترونية جزئيا,2026/05/26,"37,127,542"
 الرياض,الرياض,القطاع العام,خدمة إلكترونية جزئيا,2026/05/26,"37,130,638"
 الرياض,الرياض,القطاع العام,خدمة إلكترونية جزئيا,2026/05/26,"37,130,549"
 الرياض,الرياض,القطاع العام,خدمة إلكترونية جزئيا,2026/05/26,"37,130,628"
 الرياض,الرياض,القطاع العام,خدمة إلكترونية جزئيا,2026/05/26,"37,130,514"
 الرياض,الرياض,القطاع العام,خدمة إلكترونية جزئيا,2026/05/26,"37,130,453"
 الرياض,الرياض,القطاع العام,خدمة إلكترونية جزئيا,2026/05/26,"37,130,585"
 الرياض,الرياض,القطاع العام,خدمة إلكترونية جزئيا,2026/05/26,"37,130,686"
 الرياض,الرياض,القطاع العام,خدمة إلكترونية جزئيا,2026/05/26,"37,130,728"
 الرياض,الرياض,القطاع العام,خدمة إلكترونية جزئيا,2026/05/26,"37,130,698"
 الرياض,الرياض,القطاع العام,خدمة إلكترونية جزئيا,2026/05/26,"37,127,550"
 الرياض,الرياض,القطاع العام,خدمة إلكترونية جزئيا,2026/05/26,"37,130,769"
 الرياض,الرياض,القطاع العام,خدمة إلكترونية جزئيا,2026/05/26,"37,127,380"
 الرياض,الرياض,القطاع العام,خدمة إلكترونية جزئيا,2026/05/26,"37,130,764"
 الرياض,الرياض,القطاع العام,خدمة إلكترونية جزئيا,2026/05/26,"37,126,797"
 الرياض,الرياض,القطاع العام,خدمة إلكترونية جزئيا,2026/05/26,"37,126,927"
 الرياض,الرياض,القطاع العام,خدمة إلكترونية جزئيا,2026/05/26,"37,127,891"
الخدمات الرقمية,عام,القطاع العام,خدمة إلكترونية,2026/05/26,"37,132,742"
 الرياض,الرياض,القطاع العام,خدمة إلكترونية جزئيا,2026/05/26,"37,127,056"
 الرياض,الرياض,القطاع العام,خدمة إلكترونية جزئيا,2026/05/26,"37,127,017"
 الرياض,الرياض,القطاع العام,خدمة إلكترونية جزئيا,2026/05/26,"37,125,843"
 الرياض,الرياض,القطاع العام,خدمة إلكترونية جزئيا,2026/05/26,"37,126,001"
 الرياض,الرياض,القطاع العام,خدمة إلكترونية جزئيا,2026/05/26,"37,125,877"
 الرياض,الرياض,القطاع العام,خدمة إلكترونية جزئيا,2026/05/26,"37,127,144"
 الرياض,الرياض,القطاع العام,خدمة إلكترونية جزئيا,2026/05/26,"37,127,010"
 الرياض,الرياض,القطاع العام,خدمة إلكترونية جزئيا,2026/05/26,"37,126,089"
 الرياض,الرياض,القطاع العام,خدمة إلكترونية جزئيا,2026/05/26,"37,125,842"
 الرياض,الرياض,القطاع العام,خدمة إلكترونية جزئيا,2026/05/26,"37,125,841"
 الرياض,الرياض,القطاع العام,خدمة إلكترونية جزئيا,2026/05/26,"37,126,079"
 الرياض,الرياض,القطاع العام,خدمة إلكترونية جزئيا,2026/05/26,"37,125,927"
 الرياض,الرياض,القطاع العام,خدمة إلكترونية جزئيا,2026/05/26,"37,126,194"
 الرياض,الرياض,القطاع العام,خدمة إلكترونية جزئيا,2026/05/26,"37,128,174"
 الرياض,الرياض,القطاع العام,خدمة إلكترونية جزئيا,2026/05/26,"37,127,792"
 الرياض,الرياض,القطاع العام,خدمة إلكترونية جزئيا,2026/05/26,"37,128,105"
 الرياض,الرياض,القطاع العام,خدمة إلكترونية جزئيا,2026/05/26,"37,128,097"
 الرياض,الرياض,القطاع العام,خدمة إلكترونية جزئيا,2026/05/26,"37,127,761"
 الرياض,الرياض,القطاع العام,خدمة إلكترونية جزئيا,2026/05/26,"37,127,959"
 الرياض,الرياض,القطاع العام,خدمة إلكترونية جزئيا,2026/05/26,"37,128,140"
 الرياض,الرياض,القطاع العام,خدمة إلكترونية جزئيا,2026/05/26,"37,128,029"
 الرياض,الرياض,القطاع العام,خدمة إلكترونية جزئيا,2026/05/26,"37,125,848"
 الرياض,الرياض,القطاع العام,خدمة إلكترونية جزئيا,2026/05/26,"37,125,965"
 الرياض,الرياض,القطاع العام,خدمة إلكترونية جزئيا,2026/05/26,"37,126,192"
 الرياض,الرياض,القطاع العام,خدمة إلكترونية جزئيا,2026/05/26,"37,126,144"
 الرياض,الرياض,القطاع العام,خدمة إلكترونية جزئيا,2026/05/26,"37,126,014"
 الرياض,الرياض,القطاع العام,خدمة إلكترونية جزئيا,2026/05/26,"37,125,913"
 الرياض,الرياض,القطاع العام,خدمة إلكترونية جزئيا,2026/05/26,"37,127,949"
 الرياض,الرياض,القطاع العام,خدمة إلكترونية جزئيا,2026/05/26,"37,127,048"
 الرياض,الرياض,القطاع العام,خدمة إلكترونية جزئيا,2026/05/26,"37,127,140"
 الرياض,الرياض,القطاع العام,خدمة إلكترونية جزئيا,2026/05/26,"37,125,844"
 الرياض,الرياض,القطاع العام,خدمة إلكترونية جزئيا,2026/05/26,"37,127,582"
 الرياض,الرياض,القطاع العام,خدمة إلكترونية جزئيا,2026/05/26,"37,127,598"
 الرياض,الرياض,القطاع العام,خدمة إلكترونية جزئيا,2026/05/26,"37,127,448"
 الرياض,الرياض,القطاع العام,خدمة إلكترونية جزئيا,2026/05/26,"37,127,434"
 الرياض,الرياض,القطاع العام,خدمة إلكترونية جزئيا,2026/05/26,"37,127,725"
 الرياض,الرياض,القطاع العام,خدمة إلكترونية جزئيا,2026/05/26,"37,127,471"
 الرياض,الرياض,القطاع العام,خدمة إلكترونية جزئيا,2026/05/26,"37,127,518"
 الرياض,الرياض,القطاع العام,خدمة إلكترونية جزئيا,2026/05/26,"37,127,099"
 الرياض,الرياض,القطاع العام,خدمة إلكترونية جزئيا,2026/05/26,"37,126,158"
 الرياض,الرياض,القطاع العام,خدمة إلكترونية جزئيا,2026/05/26,"37,126,057"
 الرياض,الرياض,القطاع العام,خدمة إلكترونية جزئيا,2026/05/26,"37,127,338"
 الرياض,الرياض,القطاع العام,خدمة إلكترونية جزئيا,2026/05/26,"37,127,012"
 الرياض,الرياض,القطاع العام,خدمة إلكترونية جزئيا,2026/05/26,"37,127,002"
 الرياض,الرياض,القطاع العام,خدمة إلكترونية جزئيا,2026/05/26,"37,127,090"
 الرياض,الرياض,القطاع العام,خدمة إلكترونية جزئيا,2026/05/26,"37,125,958"
 الرياض,الرياض,القطاع العام,خدمة إلكترونية جزئيا,2026/05/26,"37,126,018"
 الرياض,الرياض,القطاع العام,خدمة إلكترونية جزئيا,2026/05/26,"37,126,126"
 الرياض,الرياض,القطاع العام,خدمة إلكترونية جزئيا,2026/05/26,"37,126,092"
 الرياض,الرياض,القطاع العام,خدمة إلكترونية جزئيا,2026/05/26,"37,125,931"
 الرياض,الرياض,القطاع العام,خدمة إلكترونية جزئيا,2026/05/26,"37,127,438"
 الرياض,الرياض,القطاع العام,خدمة إلكترونية جزئيا,2026/05/26,"37,126,069"
 الرياض,الرياض,القطاع العام,خدمة إلكترونية جزئيا,2026/05/26,"37,127,083"
 الرياض,الرياض,القطاع العام,خدمة إلكترونية جزئيا,2026/05/26,"37,127,013"
 الرياض,الرياض,القطاع العام,خدمة إلكترونية جزئيا,2026/05/27,"37,144,073"
 الرياض,الرياض,القطاع العام,خدمة إلكترونية جزئيا,2026/05/27,"37,144,060"
 الرياض,الرياض,القطاع العام,خدمة إلكترونية جزئيا,2026/05/27,"37,143,760"
 الرياض,الرياض,القطاع العام,خدمة إلكترونية جزئيا,2026/05/27,"37,143,726"
 الرياض,الرياض,القطاع العام,خدمة إلكترونية جزئيا,2026/05/27,"37,145,326"
 الرياض,الرياض,القطاع العام,خدمة إلكترونية جزئيا,2026/05/27,"37,145,114"
 الرياض,الرياض,القطاع العام,خدمة إلكترونية جزئيا,2026/05/27,"37,145,306"
 الرياض,الرياض,القطاع العام,خدمة إلكترونية جزئيا,2026/05/27,"37,144,940"
 الرياض,الرياض,القطاع العام,خدمة إلكترونية جزئيا,2026/05/27,"37,145,212"
 الرياض,الرياض,القطاع العام,خدمة إلكترونية جزئيا,2026/05/27,"37,145,286"
 الرياض,الرياض,القطاع العام,خدمة إلكترونية جزئيا,2026/05/27,"37,145,312"
 الرياض,الرياض,القطاع العام,خدمة إلكترونية جزئيا,2026/05/27,"37,145,250"
 الرياض,الرياض,القطاع العام,خدمة إلكترونية جزئيا,2026/05/27,"37,145,337"
 الرياض,الرياض,القطاع العام,خدمة إلكترونية جزئيا,2026/05/27,"37,144,906"
 الرياض,الرياض,القطاع العام,خدمة إلكترونية جزئيا,2026/05/27,"37,145,163"
 الرياض,الرياض,القطاع العام,خدمة إلكترونية جزئيا,2026/05/27,"37,145,201"
 الرياض,الرياض,القطاع العام,خدمة إلكترونية جزئيا,2026/05/27,"37,144,965"
 الرياض,الرياض,القطاع العام,خدمة إلكترونية جزئيا,2026/05/27,"37,145,058"
 الرياض,الرياض,القطاع العام,خدمة إلكترونية جزئيا,2026/05/27,"37,145,152"
 الرياض,الرياض,القطاع العام,خدمة إلكترونية جزئيا,2026/05/27,"37,145,195"
 الرياض,الرياض,القطاع العام,خدمة إلكترونية جزئيا,2026/05/27,"37,143,864"
 الرياض,الرياض,القطاع العام,خدمة إلكترونية جزئيا,2026/05/27,"37,144,076"
 الرياض,الرياض,القطاع العام,خدمة إلكترونية جزئيا,2026/05/27,"37,143,874"
 الرياض,الرياض,القطاع العام,خدمة إلكترونية جزئيا,2026/05/27,"37,144,180"
 الرياض,الرياض,القطاع العام,خدمة إلكترونية جزئيا,2026/05/27,"37,144,078"
 الرياض,الرياض,القطاع العام,خدمة إلكترونية جزئيا,2026/05/27,"37,143,873"
 الرياض,الرياض,القطاع العام,خدمة إلكترونية جزئيا,2026/05/27,"37,143,774"
 الرياض,الرياض,القطاع العام,خدمة إلكترونية جزئيا,2026/05/27,"37,144,192"
 الرياض,الرياض,القطاع العام,خدمة إلكترونية جزئيا,2026/05/27,"37,143,777"
 الرياض,الرياض,القطاع العام,خدمة إلكترونية جزئيا,2026/05/27,"37,143,872"
 الرياض,الرياض,القطاع العام,خدمة إلكترونية جزئيا,2026/05/27,"37,143,871"
 الرياض,الرياض,القطاع العام,خدمة إلكترونية جزئيا,2026/05/27,"37,144,069"
 الرياض,الرياض,القطاع العام,خدمة إلكترونية جزئيا,2026/05/27,"37,144,079"
 الرياض,الرياض,القطاع العام,خدمة إلكترونية جزئيا,2026/05/27,"37,144,062"
 الرياض,الرياض,القطاع العام,خدمة إلكترونية جزئيا,2026/05/27,"37,143,763"
 الرياض,الرياض,القطاع العام,خدمة إلكترونية جزئيا,2026/05/27,"37,143,756"
 الرياض,الرياض,القطاع العام,خدمة إلكترونية جزئيا,2026/05/27,"37,143,867"
 الرياض,الرياض,القطاع العام,خدمة إلكترونية جزئيا,2026/05/27,"37,145,185"
 الرياض,الرياض,القطاع العام,خدمة إلكترونية جزئيا,2026/05/27,"37,145,080"
 الرياض,الرياض,القطاع العام,خدمة إلكترونية جزئيا,2026/05/27,"37,145,110"
 الرياض,الرياض,القطاع العام,خدمة إلكترونية جزئيا,2026/05/27,"37,145,092"
 الرياض,الرياض,القطاع العام,خدمة إلكترونية جزئيا,2026/05/27,"37,145,028"
 الرياض,الرياض,القطاع العام,خدمة إلكترونية جزئيا,2026/05/27,"37,144,912"
 الرياض,الرياض,القطاع العام,خدمة إلكترونية جزئيا,2026/05/27,"37,144,978"
 الرياض,الرياض,القطاع العام,خدمة إلكترونية جزئيا,2026/05/27,"37,145,209"
 الرياض,الرياض,القطاع العام,خدمة إلكترونية جزئيا,2026/05/27,"37,144,928"
 الرياض,الرياض,القطاع العام,خدمة إلكترونية جزئيا,2026/05/27,"37,145,173"
 الرياض,الرياض,القطاع العام,خدمة إلكترونية جزئيا,2026/05/27,"37,144,990"
 الرياض,الرياض,القطاع العام,خدمة إلكترونية جزئيا,2026/05/27,"37,145,100"
 الرياض,الرياض,القطاع العام,خدمة إلكترونية جزئيا,2026/05/27,"37,144,958"
 الرياض,الرياض,القطاع العام,خدمة إلكترونية جزئيا,2026/05/27,"37,145,047"
 الرياض,الرياض,القطاع العام,خدمة إلكترونية جزئيا,2026/05/27,"37,145,297"
 الرياض,الرياض,القطاع العام,خدمة إلكترونية جزئيا,2026/05/27,"37,145,241"
 الرياض,الرياض,القطاع العام,خدمة إلكترونية جزئيا,2026/05/27,"37,139,703"
 الرياض,الرياض,القطاع العام,خدمة إلكترونية جزئيا,2026/05/27,"37,139,675"
 الرياض,الرياض,القطاع العام,خدمة إلكترونية جزئيا,2026/05/27,"37,139,713"
 الرياض,الرياض,القطاع العام,خدمة إلكترونية جزئيا,2026/05/27,"37,139,705"
 الرياض,الرياض,القطاع العام,خدمة إلكترونية جزئيا,2026/05/27,"37,139,667"
 الرياض,الرياض,القطاع العام,خدمة إلكترونية جزئيا,2026/05/27,"37,139,664"
 الرياض,الرياض,القطاع العام,خدمة إلكترونية جزئيا,2026/05/27,"37,139,613"
الخدمات الرقمية,عام,القطاع العام,خدمة إلكترونية,2026/05/28,"37,162,526"
 الرياض,الرياض,القطاع العام,خدمة إلكترونية جزئيا,2026/05/28,"37,158,313"
 الرياض,الرياض,القطاع العام,خدمة إلكترونية جزئيا,2026/05/28,"37,158,316"
 الرياض,الرياض,القطاع العام,خدمة إلكترونية جزئيا,2026/05/28,"37,158,401"
 الرياض,الرياض,القطاع العام,خدمة إلكترونية جزئيا,2026/05/28,"37,158,229"
 الرياض,الرياض,القطاع العام,خدمة إلكترونية جزئيا,2026/05/28,"37,158,236"
 الرياض,الرياض,القطاع العام,خدمة إلكترونية جزئيا,2026/05/28,"37,158,538"
 الرياض,الرياض,القطاع العام,خدمة إلكترونية جزئيا,2026/05/28,"37,158,460"
 الرياض,الرياض,القطاع العام,خدمة إلكترونية جزئيا,2026/05/28,"37,158,301"
 الرياض,الرياض,القطاع العام,خدمة إلكترونية جزئيا,2026/05/28,"37,158,314"
 الرياض,الرياض,القطاع العام,خدمة إلكترونية جزئيا,2026/05/28,"37,158,533"
 الرياض,الرياض,القطاع العام,خدمة إلكترونية جزئيا,2026/05/28,"37,158,529"
 الرياض,الرياض,القطاع العام,خدمة إلكترونية جزئيا,2026/05/28,"37,158,467"
 الرياض,الرياض,القطاع العام,خدمة إلكترونية جزئيا,2026/05/28,"37,158,306"
 الرياض,الرياض,القطاع العام,خدمة إلكترونية جزئيا,2026/05/28,"37,158,239"
 الرياض,الرياض,القطاع العام,خدمة إلكترونية جزئيا,2026/05/28,"37,158,406"
 الرياض,الرياض,القطاع العام,خدمة إلكترونية جزئيا,2026/05/28,"37,158,076"
 الرياض,الرياض,القطاع العام,خدمة إلكترونية جزئيا,2026/05/28,"37,157,931"
 الرياض,الرياض,القطاع العام,خدمة إلكترونية جزئيا,2026/05/28,"37,157,298"
 الرياض,الرياض,القطاع العام,خدمة إلكترونية جزئيا,2026/05/28,"37,148,585"
 الرياض,الرياض,القطاع العام,خدمة إلكترونية جزئيا,2026/05/28,"37,157,938"
 الرياض,الرياض,القطاع العام,خدمة إلكترونية جزئيا,2026/05/28,"37,158,802"
 الرياض,الرياض,القطاع العام,خدمة إلكترونية جزئيا,2026/05/28,"37,148,533"
 الرياض,الرياض,القطاع العام,خدمة إلكترونية جزئيا,2026/05/28,"37,159,222"
 الرياض,الرياض,القطاع العام,خدمة إلكترونية جزئيا,2026/05/28,"37,156,708"
 الرياض,الرياض,القطاع العام,خدمة إلكترونية جزئيا,2026/05/28,"37,159,163"
 الرياض,الرياض,القطاع العام,خدمة إلكترونية جزئيا,2026/05/28,"37,148,497"
 الرياض,الرياض,القطاع العام,خدمة إلكترونية جزئيا,2026/05/28,"37,157,812"
 الرياض,الرياض,القطاع العام,خدمة إلكترونية جزئيا,2026/05/28,"37,157,929"
 الرياض,الرياض,القطاع العام,خدمة إلكترونية جزئيا,2026/05/28,"37,158,521"
 الرياض,الرياض,القطاع العام,خدمة إلكترونية جزئيا,2026/05/28,"37,148,419"
 الرياض,الرياض,القطاع العام,خدمة إلكترونية جزئيا,2026/05/28,"37,156,666"
 الرياض,الرياض,القطاع العام,خدمة إلكترونية جزئيا,2026/05/28,"37,156,761"
 الرياض,الرياض,القطاع العام,خدمة إلكترونية جزئيا,2026/05/28,"37,156,723"
الخدمات الرقمية,عام,القطاع العام,خدمة إلكترونية,2026/05/28,"37,162,519"
 الرياض,الرياض,القطاع العام,خدمة إلكترونية جزئيا,2026/05/28,"37,159,021"
 الرياض,الرياض,القطاع العام,خدمة إلكترونية جزئيا,2026/05/28,"37,158,531"
 الرياض,الرياض,القطاع العام,خدمة إلكترونية جزئيا,2026/05/28,"37,157,862"
 الرياض,الرياض,القطاع العام,خدمة إلكترونية جزئيا,2026/05/28,"37,158,814"
 الرياض,الرياض,القطاع العام,خدمة إلكترونية جزئيا,2026/05/28,"37,157,923"
 الرياض,الرياض,القطاع العام,خدمة إلكترونية جزئيا,2026/05/28,"37,159,077"
 الرياض,الرياض,القطاع العام,خدمة إلكترونية جزئيا,2026/05/28,"37,158,070"
 الرياض,الرياض,القطاع العام,خدمة إلكترونية جزئيا,2026/05/28,"37,159,172"
 الرياض,الرياض,القطاع العام,خدمة إلكترونية جزئيا,2026/05/28,"37,158,063"
 الرياض,الرياض,القطاع العام,خدمة إلكترونية جزئيا,2026/05/28,"37,158,462"
 الرياض,الرياض,القطاع العام,خدمة إلكترونية جزئيا,2026/05/28,"37,158,525"
 الرياض,الرياض,القطاع العام,خدمة إلكترونية جزئيا,2026/05/28,"37,158,522"
 الرياض,الرياض,القطاع العام,خدمة إلكترونية جزئيا,2026/05/28,"37,152,831"
 الرياض,الرياض,القطاع العام,خدمة إلكترونية جزئيا,2026/05/28,"37,152,773"
 الرياض,الرياض,القطاع العام,خدمة إلكترونية جزئيا,2026/05/28,"37,152,836"
 الرياض,الرياض,القطاع العام,خدمة إلكترونية جزئيا,2026/05/28,"37,148,480"
 الرياض,الرياض,القطاع العام,خدمة إلكترونية جزئيا,2026/05/28,"37,148,451"
 الرياض,الرياض,القطاع العام,خدمة إلكترونية جزئيا,2026/05/28,"37,148,590"
 الرياض,الرياض,القطاع العام,خدمة إلكترونية جزئيا,2026/05/28,"37,152,832"
 الرياض,الرياض,القطاع العام,خدمة إلكترونية جزئيا,2026/05/28,"37,152,920"
 الرياض,الرياض,القطاع العام,خدمة إلكترونية جزئيا,2026/05/28,"37,152,828"
 الرياض,الرياض,القطاع العام,خدمة إلكترونية جزئيا,2026/05/28,"37,152,711"
 الرياض,الرياض,القطاع العام,خدمة إلكترونية جزئيا,2026/05/28,"37,152,779"
 الرياض,الرياض,القطاع العام,خدمة إلكترونية جزئيا,2026/05/29,"37,173,098"
 الرياض,الرياض,القطاع العام,خدمة إلكترونية جزئيا,2026/05/29,"37,173,221"
 الرياض,الرياض,القطاع العام,خدمة إلكترونية جزئيا,2026/05/29,"37,173,263"
 الرياض,الرياض,القطاع العام,خدمة إلكترونية جزئيا,2026/05/29,"37,173,277"
 الرياض,الرياض,القطاع العام,خدمة إلكترونية جزئيا,2026/05/29,"37,173,303"
 الرياض,الرياض,القطاع العام,خدمة إلكترونية جزئيا,2026/05/29,"37,171,671"
 الرياض,الرياض,القطاع العام,خدمة إلكترونية جزئيا,2026/05/29,"37,171,887"
 الرياض,الرياض,القطاع العام,خدمة إلكترونية جزئيا,2026/05/29,"37,171,975"
 الرياض,الرياض,القطاع العام,خدمة إلكترونية جزئيا,2026/05/29,"37,172,189"
 الرياض,الرياض,القطاع العام,خدمة إلكترونية جزئيا,2026/05/29,"37,173,123"
 الرياض,الرياض,القطاع العام,خدمة إلكترونية جزئيا,2026/05/29,"37,172,301"
 الرياض,الرياض,القطاع العام,خدمة إلكترونية جزئيا,2026/05/29,"37,171,827"
 الرياض,الرياض,القطاع العام,خدمة إلكترونية جزئيا,2026/05/29,"37,172,177"
 الرياض,الرياض,القطاع العام,خدمة إلكترونية جزئيا,2026/05/29,"37,171,740"
 الرياض,الرياض,القطاع العام,خدمة إلكترونية جزئيا,2026/05/29,"37,173,172"
 الرياض,الرياض,القطاع العام,خدمة إلكترونية جزئيا,2026/05/29,"37,173,300"
 الرياض,الرياض,القطاع العام,خدمة إلكترونية جزئيا,2026/05/29,"37,173,279"
 الرياض,الرياض,القطاع العام,خدمة إلكترونية جزئيا,2026/05/29,"37,173,164"
 الرياض,الرياض,القطاع العام,خدمة إلكترونية جزئيا,2026/05/29,"37,173,133"
 الرياض,الرياض,القطاع العام,خدمة إلكترونية جزئيا,2026/05/29,"37,173,201"
 الرياض,الرياض,القطاع العام,خدمة إلكترونية جزئيا,2026/05/29,"37,173,309"
 الرياض,الرياض,القطاع العام,خدمة إلكترونية جزئيا,2026/05/29,"37,173,162"
 الرياض,الرياض,القطاع العام,خدمة إلكترونية جزئيا,2026/05/29,"37,173,344"
 الرياض,الرياض,القطاع العام,خدمة إلكترونية جزئيا,2026/05/29,"37,172,123"
 الرياض,الرياض,القطاع العام,خدمة إلكترونية جزئيا,2026/05/29,"37,172,013"
 الرياض,الرياض,القطاع العام,خدمة إلكترونية جزئيا,2026/05/29,"37,171,836"
 الرياض,الرياض,القطاع العام,خدمة إلكترونية جزئيا,2026/05/29,"37,173,161"
 الرياض,الرياض,القطاع العام,خدمة إلكترونية جزئيا,2026/05/29,"37,173,200"
 الرياض,الرياض,القطاع العام,خدمة إلكترونية جزئيا,2026/05/29,"37,173,169"
 الرياض,الرياض,القطاع العام,خدمة إلكترونية جزئيا,2026/05/29,"37,173,211"
 الرياض,الرياض,القطاع العام,خدمة إلكترونية جزئيا,2026/05/29,"37,173,314"
الخدمات الرقمية,عام,القطاع العام,خدمة إلكترونية,2026/05/29,"37,174,851"
 الرياض,الرياض,القطاع العام,خدمة إلكترونية جزئيا,2026/05/29,"37,166,625"
 الرياض,الرياض,القطاع العام,خدمة إلكترونية جزئيا,2026/05/29,"37,166,620"
 الرياض,الرياض,القطاع العام,خدمة إلكترونية جزئيا,2026/05/29,"37,166,446"
 الرياض,الرياض,القطاع العام,خدمة إلكترونية جزئيا,2026/05/29,"37,166,495"
 الرياض,الرياض,القطاع العام,خدمة إلكترونية جزئيا,2026/05/29,"37,166,531"
 الرياض,الرياض,القطاع العام,خدمة إلكترونية جزئيا,2026/05/29,"37,166,549"
 الرياض,الرياض,القطاع العام,خدمة إلكترونية جزئيا,2026/05/29,"37,166,481"
 الرياض,الرياض,القطاع العام,خدمة إلكترونية جزئيا,2026/05/29,"37,166,604"
 الرياض,الرياض,القطاع العام,خدمة إلكترونية جزئيا,2026/05/29,"37,166,540"
 الرياض,الرياض,القطاع العام,خدمة إلكترونية جزئيا,2026/05/29,"37,166,488"
 الرياض,الرياض,القطاع العام,خدمة إلكترونية جزئيا,2026/05/29,"37,166,619"
 الرياض,الرياض,القطاع العام,خدمة إلكترونية جزئيا,2026/05/29,"37,166,526"
 الرياض,الرياض,القطاع العام,خدمة إلكترونية جزئيا,2026/05/30,"37,181,373"
 الرياض,الرياض,القطاع العام,خدمة إلكترونية جزئيا,2026/05/30,"37,181,378"
 الرياض,الرياض,القطاع العام,خدمة إلكترونية جزئيا,2026/05/30,"37,181,417"
 الرياض,الرياض,القطاع العام,خدمة إلكترونية جزئيا,2026/05/30,"37,181,476"
 الرياض,الرياض,القطاع العام,خدمة إلكترونية جزئيا,2026/05/30,"37,181,507"
 الرياض,الرياض,القطاع العام,خدمة إلكترونية جزئيا,2026/05/30,"37,182,510"
 الرياض,الرياض,القطاع العام,خدمة إلكترونية جزئيا,2026/05/30,"37,184,199"
 الرياض,الرياض,القطاع العام,خدمة إلكترونية جزئيا,2026/05/30,"37,184,213"
 الرياض,الرياض,القطاع العام,خدمة إلكترونية جزئيا,2026/05/30,"37,184,241"
 الرياض,الرياض,القطاع العام,خدمة إلكترونية جزئيا,2026/05/30,"37,184,253"
 الرياض,الرياض,القطاع العام,خدمة إلكترونية جزئيا,2026/05/30,"37,184,283"
 الرياض,الرياض,القطاع العام,خدمة إلكترونية جزئيا,2026/05/30,"37,184,290"
 الرياض,الرياض,القطاع العام,خدمة إلكترونية جزئيا,2026/05/30,"37,184,323"
 الرياض,الرياض,القطاع العام,خدمة إلكترونية جزئيا,2026/05/30,"37,184,329"
 الرياض,الرياض,القطاع العام,خدمة إلكترونية جزئيا,2026/05/30,"37,184,360"
 الرياض,الرياض,القطاع العام,خدمة إلكترونية جزئيا,2026/05/30,"37,184,363"
 الرياض,الرياض,القطاع العام,خدمة إلكترونية جزئيا,2026/05/30,"37,184,370"
 الرياض,الرياض,القطاع العام,خدمة إلكترونية جزئيا,2026/05/30,"37,184,374"
 الرياض,الرياض,القطاع العام,خدمة إلكترونية جزئيا,2026/05/30,"37,184,379"
 الرياض,الرياض,القطاع العام,خدمة إلكترونية جزئيا,2026/05/30,"37,184,414"
 الرياض,الرياض,القطاع العام,خدمة إلكترونية جزئيا,2026/05/30,"37,184,445"
 الرياض,الرياض,القطاع العام,خدمة إلكترونية جزئيا,2026/05/30,"37,184,452"
 الرياض,الرياض,القطاع العام,خدمة إلكترونية جزئيا,2026/05/30,"37,184,607"
 الرياض,الرياض,القطاع العام,خدمة إلكترونية جزئيا,2026/05/30,"37,184,651"
 الرياض,الرياض,القطاع العام,خدمة إلكترونية جزئيا,2026/05/30,"37,184,669"
 الرياض,الرياض,القطاع العام,خدمة إلكترونية جزئيا,2026/05/30,"37,184,710"
 الرياض,الرياض,القطاع العام,خدمة إلكترونية جزئيا,2026/05/30,"37,185,241"
 الرياض,الرياض,القطاع العام,خدمة إلكترونية جزئيا,2026/05/30,"37,185,252"
 الرياض,الرياض,القطاع العام,خدمة إلكترونية جزئيا,2026/05/30,"37,185,271"
 الرياض,الرياض,القطاع العام,خدمة إلكترونية جزئيا,2026/05/30,"37,185,329"
 الرياض,الرياض,القطاع العام,خدمة إلكترونية جزئيا,2026/05/30,"37,185,391"
 الرياض,الرياض,القطاع العام,خدمة إلكترونية جزئيا,2026/05/30,"37,185,425"
 الرياض,الرياض,القطاع العام,خدمة إلكترونية جزئيا,2026/05/30,"37,185,462"
 الرياض,الرياض,القطاع العام,خدمة إلكترونية جزئيا,2026/05/30,"37,185,502"
 الرياض,الرياض,القطاع العام,خدمة إلكترونية جزئيا,2026/05/30,"37,185,683"
 الرياض,الرياض,القطاع العام,خدمة إلكترونية جزئيا,2026/05/30,"37,185,689"
 الرياض,الرياض,القطاع العام,خدمة إلكترونية جزئيا,2026/05/30,"37,182,312"
 الرياض,الرياض,القطاع العام,خدمة إلكترونية جزئيا,2026/05/30,"37,182,382"
 الرياض,الرياض,القطاع العام,خدمة إلكترونية جزئيا,2026/05/30,"37,182,394"
 الرياض,الرياض,القطاع العام,خدمة إلكترونية جزئيا,2026/05/30,"37,182,460"
 الرياض,الرياض,القطاع العام,خدمة إلكترونية جزئيا,2026/05/30,"37,182,476"
 الرياض,الرياض,القطاع العام,خدمة إلكترونية جزئيا,2026/05/30,"37,181,409"
 الرياض,الرياض,القطاع العام,خدمة إلكترونية جزئيا,2026/05/30,"37,181,413"
 الرياض,الرياض,القطاع العام,خدمة إلكترونية جزئيا,2026/05/30,"37,181,511"
 الرياض,الرياض,القطاع العام,خدمة إلكترونية جزئيا,2026/05/31,"37,196,626"
 الرياض,الرياض,القطاع العام,خدمة إلكترونية جزئيا,2026/05/31,"37,201,978"
 الرياض,الرياض,القطاع العام,خدمة إلكترونية جزئيا,2026/05/31,"37,201,984"
 الرياض,الرياض,القطاع العام,خدمة إلكترونية جزئيا,2026/05/31,"37,201,987"
 الرياض,الرياض,القطاع العام,خدمة إلكترونية جزئيا,2026/05/31,"37,201,993"
 الرياض,الرياض,القطاع العام,خدمة إلكترونية جزئيا,2026/05/31,"37,201,999"
 الرياض,الرياض,القطاع العام,خدمة إلكترونية جزئيا,2026/05/31,"37,202,041"
 الرياض,الرياض,القطاع العام,خدمة إلكترونية جزئيا,2026/05/31,"37,202,048"
 الرياض,الرياض,القطاع العام,خدمة إلكترونية جزئيا,2026/05/31,"37,202,050"
 الرياض,الرياض,القطاع العام,خدمة إلكترونية جزئيا,2026/05/31,"37,202,055"
 الرياض,الرياض,القطاع العام,خدمة إلكترونية جزئيا,2026/05/31,"37,202,101"
 الرياض,الرياض,القطاع العام,خدمة إلكترونية جزئيا,2026/05/31,"37,202,107"
 الرياض,الرياض,القطاع العام,خدمة إلكترونية جزئيا,2026/05/31,"37,202,116"
 الرياض,الرياض,القطاع العام,خدمة إلكترونية جزئيا,2026/05/31,"37,202,121"
 الرياض,الرياض,القطاع العام,خدمة إلكترونية جزئيا,2026/05/31,"37,202,126"
 الرياض,الرياض,القطاع العام,خدمة إلكترونية جزئيا,2026/05/31,"37,202,128"
 الرياض,الرياض,القطاع العام,خدمة إلكترونية جزئيا,2026/05/31,"37,202,130"
 الرياض,الرياض,القطاع العام,خدمة إلكترونية جزئيا,2026/05/31,"37,202,182"
 الرياض,الرياض,القطاع العام,خدمة إلكترونية جزئيا,2026/05/31,"37,202,188"
 الرياض,الرياض,القطاع العام,خدمة إلكترونية جزئيا,2026/05/31,"37,202,191"
 الرياض,الرياض,القطاع العام,خدمة إلكترونية جزئيا,2026/05/31,"37,202,194"
 الرياض,الرياض,القطاع العام,خدمة إلكترونية جزئيا,2026/05/31,"37,202,222"
 الرياض,الرياض,القطاع العام,خدمة إلكترونية جزئيا,2026/05/31,"37,202,223"
 الرياض,الرياض,القطاع العام,خدمة إلكترونية جزئيا,2026/05/31,"37,202,225"
 الرياض,الرياض,القطاع العام,خدمة إلكترونية جزئيا,2026/05/31,"37,202,231"
 الرياض,الرياض,القطاع العام,خدمة إلكترونية جزئيا,2026/05/31,"37,202,658"
 الرياض,الرياض,القطاع العام,خدمة إلكترونية جزئيا,2026/05/31,"37,202,715"
 الرياض,الرياض,القطاع العام,خدمة إلكترونية جزئيا,2026/05/31,"37,202,745"
 الرياض,الرياض,القطاع العام,خدمة إلكترونية جزئيا,2026/05/31,"37,202,792"
 الرياض,الرياض,القطاع العام,خدمة إلكترونية جزئيا,2026/05/31,"37,202,813"
 الرياض,الرياض,القطاع العام,خدمة إلكترونية جزئيا,2026/05/31,"37,202,839"
 الرياض,الرياض,القطاع العام,خدمة إلكترونية جزئيا,2026/05/31,"37,202,840"
 الرياض,الرياض,القطاع العام,خدمة إلكترونية جزئيا,2026/05/31,"37,202,847"
 الرياض,الرياض,القطاع العام,خدمة إلكترونية جزئيا,2026/05/31,"37,202,858"
 الرياض,الرياض,القطاع العام,خدمة إلكترونية جزئيا,2026/05/31,"37,202,903"
 الرياض,الرياض,القطاع العام,خدمة إلكترونية جزئيا,2026/05/31,"37,202,922"
 الرياض,الرياض,القطاع العام,خدمة إلكترونية جزئيا,2026/05/31,"37,202,944"
 الرياض,الرياض,القطاع العام,خدمة إلكترونية جزئيا,2026/05/31,"37,203,017"
 الرياض,الرياض,القطاع العام,خدمة إلكترونية جزئيا,2026/05/31,"37,203,025"
 الرياض,الرياض,القطاع العام,خدمة إلكترونية جزئيا,2026/05/31,"37,203,043"
 الرياض,الرياض,القطاع العام,خدمة إلكترونية جزئيا,2026/05/31,"37,203,097"
 الرياض,الرياض,القطاع العام,خدمة إلكترونية جزئيا,2026/05/31,"37,203,126"
 الرياض,الرياض,القطاع العام,خدمة إلكترونية جزئيا,2026/05/31,"37,203,156"
 الرياض,الرياض,القطاع العام,خدمة إلكترونية جزئيا,2026/05/31,"37,203,166"
 الرياض,الرياض,القطاع العام,خدمة إلكترونية جزئيا,2026/05/31,"37,203,201"
 الرياض,الرياض,القطاع العام,خدمة إلكترونية جزئيا,2026/05/31,"37,203,234"
 الرياض,الرياض,القطاع العام,خدمة إلكترونية جزئيا,2026/05/31,"37,203,306"
 الرياض,الرياض,القطاع العام,خدمة إلكترونية جزئيا,2026/05/31,"37,203,318"
 الرياض,الرياض,القطاع العام,خدمة إلكترونية جزئيا,2026/05/31,"37,205,543"
 الرياض,الرياض,القطاع العام,خدمة إلكترونية جزئيا,2026/05/31,"37,205,651"
 الرياض,الرياض,القطاع العام,خدمة إلكترونية جزئيا,2026/05/31,"37,205,776"
 الرياض,الرياض,القطاع العام,خدمة إلكترونية جزئيا,2026/05/31,"37,205,970"
 الرياض,الرياض,القطاع العام,خدمة إلكترونية جزئيا,2026/05/31,"37,205,884"
 الرياض,الرياض,القطاع العام,خدمة إلكترونية جزئيا,2026/05/31,"37,205,461"
 الرياض,الرياض,القطاع العام,خدمة إلكترونية جزئيا,2026/05/31,"37,196,621"
 الرياض,الرياض,القطاع العام,خدمة إلكترونية جزئيا,2026/05/31,"37,196,632"
 الرياض,الرياض,القطاع العام,خدمة إلكترونية جزئيا,2026/05/31,"37,196,639"
 الرياض,الرياض,القطاع العام,خدمة إلكترونية جزئيا,2026/05/31,"37,196,840"
 الرياض,الرياض,القطاع العام,خدمة إلكترونية جزئيا,2026/05/31,"37,196,844"
الخدمات الرقمية,عام,القطاع العام,خدمة إلكترونية,2026/06/01,"37,221,090"
الخدمات الرقمية,عام,القطاع العام,خدمة إلكترونية,2026/06/01,"37,218,316"
 الرياض,الرياض,القطاع العام,خدمة إلكترونية جزئيا,2026/06/01,"37,222,034"
 الرياض,الرياض,القطاع العام,خدمة إلكترونية جزئيا,2026/06/01,"37,222,119"
 الرياض,الرياض,القطاع العام,خدمة إلكترونية جزئيا,2026/06/01,"37,221,709"
 الرياض,الرياض,القطاع العام,خدمة إلكترونية جزئيا,2026/06/01,"37,221,852"
 الرياض,الرياض,القطاع العام,خدمة إلكترونية جزئيا,2026/06/01,"37,221,790"
 الرياض,الرياض,القطاع العام,خدمة إلكترونية جزئيا,2026/06/01,"37,221,987"
 الرياض,الرياض,القطاع العام,خدمة إلكترونية جزئيا,2026/06/01,"37,221,643"
 الرياض,الرياض,القطاع العام,خدمة إلكترونية جزئيا,2026/06/01,"37,222,030"
 الرياض,الرياض,القطاع العام,خدمة إلكترونية جزئيا,2026/06/01,"37,221,994"
 الرياض,الرياض,القطاع العام,خدمة إلكترونية جزئيا,2026/06/01,"37,221,926"
 الرياض,الرياض,القطاع العام,خدمة إلكترونية جزئيا,2026/06/01,"37,221,719"
 الرياض,الرياض,القطاع العام,خدمة إلكترونية جزئيا,2026/06/01,"37,221,925"
 الرياض,الرياض,القطاع العام,خدمة إلكترونية جزئيا,2026/06/01,"37,222,116"
 الرياض,الرياض,القطاع العام,خدمة إلكترونية جزئيا,2026/06/01,"37,222,025"
 الرياض,الرياض,القطاع العام,خدمة إلكترونية جزئيا,2026/06/01,"37,221,796"
 الرياض,الرياض,القطاع العام,خدمة إلكترونية جزئيا,2026/06/01,"37,222,102"
 الرياض,الرياض,القطاع العام,خدمة إلكترونية جزئيا,2026/06/01,"37,221,890"
 الرياض,الرياض,القطاع العام,خدمة إلكترونية جزئيا,2026/06/01,"37,221,883"
 الرياض,الرياض,القطاع العام,خدمة إلكترونية جزئيا,2026/06/01,"37,222,039"
 الرياض,الرياض,القطاع العام,خدمة إلكترونية جزئيا,2026/06/01,"37,221,982"
 الرياض,الرياض,القطاع العام,خدمة إلكترونية جزئيا,2026/06/01,"37,206,886"
 الرياض,الرياض,القطاع العام,خدمة إلكترونية جزئيا,2026/06/01,"37,206,959"
 الرياض,الرياض,القطاع العام,خدمة إلكترونية جزئيا,2026/06/01,"37,206,945"
 الرياض,الرياض,القطاع العام,خدمة إلكترونية جزئيا,2026/06/01,"37,221,934"
 الرياض,الرياض,القطاع العام,خدمة إلكترونية جزئيا,2026/06/01,"37,222,032"
الخدمات الرقمية,عام,القطاع العام,خدمة إلكترونية,2026/06/01,"37,221,092"
الخدمات الرقمية,عام,القطاع العام,خدمة إلكترونية,2026/06/01,"37,218,363"
 الرياض,الرياض,القطاع العام,خدمة إلكترونية جزئيا,2026/06/01,"37,223,635"
 الرياض,الرياض,القطاع العام,خدمة إلكترونية جزئيا,2026/06/01,"37,223,588"
 الرياض,الرياض,القطاع العام,خدمة إلكترونية جزئيا,2026/06/01,"37,223,598"
 الرياض,الرياض,القطاع العام,خدمة إلكترونية جزئيا,2026/06/01,"37,223,188"
 الرياض,الرياض,القطاع العام,خدمة إلكترونية جزئيا,2026/06/01,"37,223,196"
 الرياض,الرياض,القطاع العام,خدمة إلكترونية جزئيا,2026/06/01,"37,223,525"
 الرياض,الرياض,القطاع العام,خدمة إلكترونية جزئيا,2026/06/01,"37,223,481"
 الرياض,الرياض,القطاع العام,خدمة إلكترونية جزئيا,2026/06/01,"37,223,108"
 الرياض,الرياض,القطاع العام,خدمة إلكترونية جزئيا,2026/06/01,"37,221,855"
 الرياض,الرياض,القطاع العام,خدمة إلكترونية جزئيا,2026/06/01,"37,223,133"
 الرياض,الرياض,القطاع العام,خدمة إلكترونية جزئيا,2026/06/01,"37,223,585"
 الرياض,الرياض,القطاع العام,خدمة إلكترونية جزئيا,2026/06/01,"37,223,647"
 الرياض,الرياض,القطاع العام,خدمة إلكترونية جزئيا,2026/06/01,"37,223,536"
 الرياض,الرياض,القطاع العام,خدمة إلكترونية جزئيا,2026/06/01,"37,223,178"
 الرياض,الرياض,القطاع العام,خدمة إلكترونية جزئيا,2026/06/01,"37,223,493"
 الرياض,الرياض,القطاع العام,خدمة إلكترونية جزئيا,2026/06/01,"37,223,483"
 الرياض,الرياض,القطاع العام,خدمة إلكترونية جزئيا,2026/06/01,"37,206,864"
 الرياض,الرياض,القطاع العام,خدمة إلكترونية جزئيا,2026/06/01,"37,206,875"
 الرياض,الرياض,القطاع العام,خدمة إلكترونية جزئيا,2026/06/01,"37,206,894"
 الرياض,الرياض,القطاع العام,خدمة إلكترونية جزئيا,2026/06/01,"37,206,887"
الخدمات الرقمية,عام,القطاع العام,خدمة إلكترونية,2026/06/02,"37,240,748"
الخدمات الرقمية,عام,القطاع العام,خدمة إلكترونية,2026/06/02,"37,243,208"
 عسير,ابها,القطاع العام,خدمة إلكترونية جزئيا,2026/06/02,"37,231,473"
 عسير,ابها,القطاع العام,خدمة إلكترونية جزئيا,2026/06/02,"37,231,789"
 عسير,ابها,القطاع العام,خدمة إلكترونية جزئيا,2026/06/02,"37,231,360"
 عسير,ابها,القطاع العام,خدمة إلكترونية جزئيا,2026/06/02,"37,231,595"
 عسير,ابها,القطاع العام,خدمة إلكترونية جزئيا,2026/06/02,"37,231,699"
الخدمات الرقمية,عام,القطاع العام,خدمة إلكترونية,2026/06/02,"37,240,758"
الخدمات الرقمية,عام,القطاع العام,خدمة إلكترونية,2026/06/02,"37,243,222"
 الرياض,الرياض,القطاع العام,خدمة إلكترونية جزئيا,2026/06/02,"37,225,950"
 الرياض,الرياض,القطاع العام,خدمة إلكترونية جزئيا,2026/06/02,"37,225,942"
 الرياض,الرياض,القطاع العام,خدمة إلكترونية جزئيا,2026/06/02,"37,226,038"
 الرياض,الرياض,القطاع العام,خدمة إلكترونية جزئيا,2026/06/02,"37,226,467"
 الرياض,الرياض,القطاع العام,خدمة إلكترونية جزئيا,2026/06/02,"37,225,954"
 الرياض,الرياض,القطاع العام,خدمة إلكترونية جزئيا,2026/06/02,"37,225,952"
 الرياض,الرياض,القطاع العام,خدمة إلكترونية جزئيا,2026/06/02,"37,226,054"
 الرياض,الرياض,القطاع العام,خدمة إلكترونية جزئيا,2026/06/02,"37,226,585"
 الرياض,الرياض,القطاع العام,خدمة إلكترونية جزئيا,2026/06/02,"37,226,251"
 الرياض,الرياض,القطاع العام,خدمة إلكترونية جزئيا,2026/06/02,"37,226,473"
 الرياض,الرياض,القطاع العام,خدمة إلكترونية جزئيا,2026/06/02,"37,225,951"
 الرياض,الرياض,القطاع العام,خدمة إلكترونية جزئيا,2026/06/02,"37,226,239"
 الرياض,الرياض,القطاع العام,خدمة إلكترونية جزئيا,2026/06/02,"37,225,928"
 الرياض,الرياض,القطاع العام,خدمة إلكترونية جزئيا,2026/06/02,"37,226,425"
 الرياض,الرياض,القطاع العام,خدمة إلكترونية جزئيا,2026/06/02,"37,226,463"
 الرياض,الرياض,القطاع العام,خدمة إلكترونية جزئيا,2026/06/02,"37,226,055"
 الرياض,الرياض,القطاع العام,خدمة إلكترونية جزئيا,2026/06/02,"37,226,092"
 الرياض,الرياض,القطاع العام,خدمة إلكترونية جزئيا,2026/06/02,"37,226,384"
 الرياض,الرياض,القطاع العام,خدمة إلكترونية جزئيا,2026/06/02,"37,225,953"
 الرياض,الرياض,القطاع العام,خدمة إلكترونية جزئيا,2026/06/02,"37,226,430"
 الرياض,الرياض,القطاع العام,خدمة إلكترونية جزئيا,2026/06/02,"37,226,438"
 الرياض,الرياض,القطاع العام,خدمة إلكترونية جزئيا,2026/06/02,"37,226,049"
 الرياض,الرياض,القطاع العام,خدمة إلكترونية جزئيا,2026/06/02,"37,226,003"
 الرياض,الرياض,القطاع العام,خدمة إلكترونية جزئيا,2026/06/02,"37,226,357"
 الرياض,الرياض,القطاع العام,خدمة إلكترونية جزئيا,2026/06/02,"37,226,090"
 الرياض,الرياض,القطاع العام,خدمة إلكترونية جزئيا,2026/06/02,"37,226,148"
 الرياض,الرياض,القطاع العام,خدمة إلكترونية جزئيا,2026/06/02,"37,225,919"
 الرياض,الرياض,القطاع العام,خدمة إلكترونية جزئيا,2026/06/02,"37,225,935"
 الرياض,الرياض,القطاع العام,خدمة إلكترونية جزئيا,2026/06/02,"37,226,639"
 الرياض,الرياض,القطاع العام,خدمة إلكترونية جزئيا,2026/06/02,"37,226,353"
 الرياض,الرياض,القطاع العام,خدمة إلكترونية جزئيا,2026/06/02,"37,226,085"
 الرياض,الرياض,القطاع العام,خدمة إلكترونية جزئيا,2026/06/02,"37,225,850"
 الرياض,الرياض,القطاع العام,خدمة إلكترونية جزئيا,2026/06/02,"37,226,391"
 الرياض,الرياض,القطاع العام,خدمة إلكترونية جزئيا,2026/06/02,"37,226,016"
 الرياض,الرياض,القطاع العام,خدمة إلكترونية جزئيا,2026/06/02,"37,226,472"
 الرياض,الرياض,القطاع العام,خدمة إلكترونية جزئيا,2026/06/02,"37,226,469"
 الرياض,الرياض,القطاع العام,خدمة إلكترونية جزئيا,2026/06/02,"37,226,528"
 الرياض,الرياض,القطاع العام,خدمة إلكترونية جزئيا,2026/06/02,"37,226,057"
 الرياض,الرياض,القطاع العام,خدمة إلكترونية جزئيا,2026/06/02,"37,226,520"
 الرياض,الرياض,القطاع العام,خدمة إلكترونية جزئيا,2026/06/02,"37,226,007"
 الرياض,الرياض,القطاع العام,خدمة إلكترونية جزئيا,2026/06/02,"37,226,550"
 الرياض,الرياض,القطاع العام,خدمة إلكترونية جزئيا,2026/06/02,"37,226,359"
 الرياض,الرياض,القطاع العام,خدمة إلكترونية جزئيا,2026/06/02,"37,226,026"
 الرياض,الرياض,القطاع العام,خدمة إلكترونية جزئيا,2026/06/02,"37,226,544"
 الرياض,الرياض,القطاع العام,خدمة إلكترونية جزئيا,2026/06/02,"37,226,588"
 الرياض,الرياض,القطاع العام,خدمة إلكترونية جزئيا,2026/06/02,"37,226,557"
 الرياض,الرياض,القطاع العام,خدمة إلكترونية جزئيا,2026/06/02,"37,226,630"
 الرياض,الرياض,القطاع العام,خدمة إلكترونية جزئيا,2026/06/02,"37,226,532"
 مكة المكرمه,جده,القطاع العام,خدمة إلكترونية جزئيا,2026/06/02,"37,229,594"
الخدمات الرقمية,عام,القطاع العام,خدمة إلكترونية,2026/06/03,"37,252,311"
الخدمات الرقمية,عام,القطاع العام,خدمة إلكترونية,2026/06/03,"37,251,858"
الخدمات الرقمية,عام,القطاع العام,خدمة إلكترونية,2026/06/03,"37,252,725"
الخدمات الرقمية,عام,القطاع العام,خدمة إلكترونية,2026/06/03,"37,252,001"
الخدمات الرقمية,عام,القطاع العام,خدمة إلكترونية,2026/06/03,"37,251,765"
الخدمات الرقمية,عام,القطاع العام,خدمة إلكترونية,2026/06/03,"37,252,165"
الخدمات الرقمية,عام,القطاع العام,خدمة إلكترونية,2026/06/03,"37,252,911"
الخدمات الرقمية,عام,القطاع العام,خدمة إلكترونية,2026/06/03,"37,263,469"
الخدمات الرقمية,عام,القطاع العام,خدمة إلكترونية,2026/06/03,"37,264,338"
 عسير,ابها,القطاع العام,خدمة إلكترونية جزئيا,2026/06/03,"37,248,925"
 عسير,ابها,القطاع العام,خدمة إلكترونية جزئيا,2026/06/03,"37,253,336"
الخدمات الرقمية,عام,القطاع العام,خدمة إلكترونية,2026/06/03,"37,252,801"
الخدمات الرقمية,عام,القطاع العام,خدمة إلكترونية,2026/06/03,"37,252,929"
الخدمات الرقمية,عام,القطاع العام,خدمة إلكترونية,2026/06/03,"37,252,930"
الخدمات الرقمية,عام,القطاع العام,خدمة إلكترونية,2026/06/03,"37,252,804"
الخدمات الرقمية,عام,القطاع العام,خدمة إلكترونية,2026/06/03,"37,252,805"
الخدمات الرقمية,عام,القطاع العام,خدمة إلكترونية,2026/06/03,"37,252,806"
الخدمات الرقمية,عام,القطاع العام,خدمة إلكترونية,2026/06/03,"37,252,803"
الخدمات الرقمية,عام,القطاع العام,خدمة إلكترونية,2026/06/03,"37,264,374"
الخدمات الرقمية,عام,القطاع العام,خدمة إلكترونية,2026/06/03,"37,264,380"
الخدمات الرقمية,عام,القطاع العام,خدمة إلكترونية,2026/06/03,"37,264,381"
الخدمات الرقمية,عام,القطاع العام,خدمة إلكترونية,2026/06/03,"37,264,382"
الخدمات الرقمية,عام,القطاع العام,خدمة إلكترونية,2026/06/03,"37,264,377"
الخدمات الرقمية,عام,القطاع العام,خدمة إلكترونية,2026/06/03,"37,251,798"
الخدمات الرقمية,عام,القطاع العام,خدمة إلكترونية,2026/06/03,"37,263,492"
الخدمات الرقمية,عام,القطاع العام,خدمة إلكترونية,2026/06/03,"37,263,493"
الخدمات الرقمية,عام,القطاع العام,خدمة إلكترونية,2026/06/03,"37,264,375"
الخدمات الرقمية,عام,القطاع العام,خدمة إلكترونية,2026/06/03,"37,252,252"
الخدمات الرقمية,عام,القطاع العام,خدمة إلكترونية,2026/06/03,"37,264,378"
الخدمات الرقمية,عام,القطاع العام,خدمة إلكترونية,2026/06/03,"37,264,379"
الخدمات الرقمية,عام,القطاع العام,خدمة إلكترونية,2026/06/03,"37,264,376"
الخدمات الرقمية,عام,القطاع العام,خدمة إلكترونية,2026/06/03,"37,251,868"
الخدمات الرقمية,عام,القطاع العام,خدمة إلكترونية,2026/06/03,"37,252,364"
الخدمات الرقمية,عام,القطاع العام,خدمة إلكترونية,2026/06/03,"37,252,054"
الخدمات الرقمية,عام,القطاع العام,خدمة إلكترونية جزئيا,2026/06/03,"37,244,336"
الخدمات الرقمية,عام,القطاع العام,خدمة إلكترونية جزئيا,2026/06/03,"37,244,363"
 الرياض,الرياض,القطاع العام,خدمة إلكترونية جزئيا,2026/06/03,"37,246,079"
 الرياض,الرياض,القطاع العام,خدمة إلكترونية جزئيا,2026/06/03,"37,246,187"
 الرياض,الرياض,القطاع العام,خدمة إلكترونية جزئيا,2026/06/03,"37,246,145"
 الرياض,الرياض,القطاع العام,خدمة إلكترونية جزئيا,2026/06/03,"37,246,726"
 الرياض,الرياض,القطاع العام,خدمة إلكترونية جزئيا,2026/06/03,"37,246,104"
 الرياض,الرياض,القطاع العام,خدمة إلكترونية جزئيا,2026/06/03,"37,246,341"
 الرياض,الرياض,القطاع العام,خدمة إلكترونية جزئيا,2026/06/03,"37,246,901"
 الرياض,الرياض,القطاع العام,خدمة إلكترونية جزئيا,2026/06/03,"37,246,440"
 الرياض,الرياض,القطاع العام,خدمة إلكترونية جزئيا,2026/06/03,"37,246,193"
الخدمات الرقمية,عام,القطاع العام,خدمة إلكترونية جزئيا,2026/06/03,"37,251,609"
 الرياض,الرياض,القطاع العام,خدمة إلكترونية جزئيا,2026/06/03,"37,246,910"
 الرياض,الرياض,القطاع العام,خدمة إلكترونية جزئيا,2026/06/03,"37,246,065"
 الرياض,الرياض,القطاع العام,خدمة إلكترونية جزئيا,2026/06/03,"37,246,824"
 الرياض,الرياض,القطاع العام,خدمة إلكترونية جزئيا,2026/06/03,"37,246,031"
 الرياض,الرياض,القطاع العام,خدمة إلكترونية جزئيا,2026/06/03,"37,246,485"
 الرياض,الرياض,القطاع العام,خدمة إلكترونية جزئيا,2026/06/03,"37,246,357"
 الرياض,الرياض,القطاع العام,خدمة إلكترونية جزئيا,2026/06/03,"37,246,066"
 الرياض,الرياض,القطاع العام,خدمة إلكترونية جزئيا,2026/06/03,"37,246,779"
 الرياض,الرياض,القطاع العام,خدمة إلكترونية جزئيا,2026/06/03,"37,246,911"
 الرياض,الرياض,القطاع العام,خدمة إلكترونية جزئيا,2026/06/03,"37,246,346"
 الرياض,الرياض,القطاع العام,خدمة إلكترونية جزئيا,2026/06/03,"37,246,721"
 الرياض,الرياض,القطاع العام,خدمة إلكترونية جزئيا,2026/06/03,"37,246,148"
 الرياض,الرياض,القطاع العام,خدمة إلكترونية جزئيا,2026/06/03,"37,246,497"
 الرياض,الرياض,القطاع العام,خدمة إلكترونية جزئيا,2026/06/03,"37,246,308"
 الرياض,الرياض,القطاع العام,خدمة إلكترونية جزئيا,2026/06/03,"37,246,799"
 الرياض,الرياض,القطاع العام,خدمة إلكترونية جزئيا,2026/06/03,"37,246,821"
الخدمات الرقمية,عام,القطاع العام,خدمة إلكترونية جزئيا,2026/06/03,"37,266,581"
 الرياض,الرياض,القطاع العام,خدمة إلكترونية جزئيا,2026/06/03,"37,246,108"
 الرياض,الرياض,القطاع العام,خدمة إلكترونية جزئيا,2026/06/03,"37,246,291"
 الرياض,الرياض,القطاع العام,خدمة إلكترونية جزئيا,2026/06/03,"37,246,834"
 الرياض,الرياض,القطاع العام,خدمة إلكترونية جزئيا,2026/06/03,"37,246,900"
 الرياض,الرياض,القطاع العام,خدمة إلكترونية جزئيا,2026/06/03,"37,246,196"
 الرياض,الرياض,القطاع العام,خدمة إلكترونية جزئيا,2026/06/03,"37,246,189"
 الرياض,الرياض,القطاع العام,خدمة إلكترونية جزئيا,2026/06/03,"37,246,907"
 الرياض,الرياض,القطاع العام,خدمة إلكترونية جزئيا,2026/06/03,"37,246,153"
 الرياض,الرياض,القطاع العام,خدمة إلكترونية جزئيا,2026/06/03,"37,246,317"
 الرياض,الرياض,القطاع العام,خدمة إلكترونية جزئيا,2026/06/03,"37,246,830"
 الرياض,الرياض,القطاع العام,خدمة إلكترونية جزئيا,2026/06/03,"37,246,576"
 الرياض,الرياض,القطاع العام,خدمة إلكترونية جزئيا,2026/06/03,"37,246,785"
 الرياض,الرياض,القطاع العام,خدمة إلكترونية جزئيا,2026/06/03,"37,246,491"
 الرياض,الرياض,القطاع العام,خدمة إلكترونية جزئيا,2026/06/03,"37,246,676"
 الرياض,الرياض,القطاع العام,خدمة إلكترونية جزئيا,2026/06/03,"37,246,832"
 الرياض,الرياض,القطاع العام,خدمة إلكترونية جزئيا,2026/06/03,"37,246,904"
 الرياض,الرياض,القطاع العام,خدمة إلكترونية جزئيا,2026/06/03,"37,246,383"
 الرياض,الرياض,القطاع العام,خدمة إلكترونية جزئيا,2026/06/03,"37,246,565"
 الرياض,الرياض,القطاع العام,خدمة إلكترونية جزئيا,2026/06/03,"37,246,569"
 الرياض,الرياض,القطاع العام,خدمة إلكترونية جزئيا,2026/06/03,"37,246,287"
 الرياض,الرياض,القطاع العام,خدمة إلكترونية جزئيا,2026/06/03,"37,246,586"
الخدمات الرقمية,عام,القطاع العام,خدمة إلكترونية جزئيا,2026/06/03,"37,252,410"
الخدمات الرقمية,عام,القطاع العام,خدمة إلكترونية جزئيا,2026/06/03,"37,252,306"
الخدمات الرقمية,عام,القطاع العام,خدمة إلكترونية جزئيا,2026/06/03,"37,252,133"
الخدمات الرقمية,عام,القطاع العام,خدمة إلكترونية جزئيا,2026/06/03,"37,251,885"
الخدمات الرقمية,عام,القطاع العام,خدمة إلكترونية جزئيا,2026/06/03,"37,251,993"
الخدمات الرقمية,عام,القطاع العام,خدمة إلكترونية جزئيا,2026/06/03,"37,252,501"
الخدمات الرقمية,عام,القطاع العام,خدمة إلكترونية جزئيا,2026/06/03,"37,266,536"
الخدمات الرقمية,عام,القطاع العام,خدمة إلكترونية جزئيا,2026/06/03,"37,266,611"
الخدمات الرقمية,عام,القطاع العام,خدمة إلكترونية جزئيا,2026/06/03,"37,266,521"
الخدمات الرقمية,عام,القطاع العام,خدمة إلكترونية جزئيا,2026/06/03,"37,251,415"
الخدمات الرقمية,عام,القطاع العام,خدمة إلكترونية جزئيا,2026/06/03,"37,252,649"
الخدمات الرقمية,عام,القطاع العام,خدمة إلكترونية جزئيا,2026/06/03,"37,251,725"
 الرياض,الرياض,القطاع العام,خدمة إلكترونية جزئيا,2026/06/03,"37,246,633"
 الرياض,الرياض,القطاع العام,خدمة إلكترونية جزئيا,2026/06/03,"37,246,283"
 الرياض,الرياض,القطاع العام,خدمة إلكترونية جزئيا,2026/06/03,"37,246,315"
 الرياض,الرياض,القطاع العام,خدمة إلكترونية جزئيا,2026/06/03,"37,246,140"
 الرياض,الرياض,القطاع العام,خدمة إلكترونية جزئيا,2026/06/03,"37,246,835"
 الرياض,الرياض,القطاع العام,خدمة إلكترونية جزئيا,2026/06/03,"37,246,157"
 الرياض,الرياض,القطاع العام,خدمة إلكترونية جزئيا,2026/06/03,"37,247,006"
 الرياض,الرياض,القطاع العام,خدمة إلكترونية جزئيا,2026/06/03,"37,246,919"
 الرياض,الرياض,القطاع العام,خدمة إلكترونية جزئيا,2026/06/03,"37,246,737"
 الرياض,الرياض,القطاع العام,خدمة إلكترونية جزئيا,2026/06/03,"37,247,009"
 الرياض,الرياض,القطاع العام,خدمة إلكترونية جزئيا,2026/06/03,"37,246,068"
 الرياض,الرياض,القطاع العام,خدمة إلكترونية جزئيا,2026/06/03,"37,247,011"
 الرياض,الرياض,القطاع العام,خدمة إلكترونية جزئيا,2026/06/03,"37,246,826"
 الرياض,الرياض,القطاع العام,خدمة إلكترونية جزئيا,2026/06/03,"37,246,195"
 الرياض,الرياض,القطاع العام,خدمة إلكترونية جزئيا,2026/06/03,"37,246,350"
 الرياض,الرياض,القطاع العام,خدمة إلكترونية جزئيا,2026/06/03,"37,246,394"
 الرياض,الرياض,القطاع العام,خدمة إلكترونية جزئيا,2026/06/03,"37,246,597"
 الرياض,الرياض,القطاع العام,خدمة إلكترونية جزئيا,2026/06/03,"37,246,839"
 الرياض,الرياض,القطاع العام,خدمة إلكترونية جزئيا,2026/06/03,"37,246,352"
 الرياض,الرياض,القطاع العام,خدمة إلكترونية جزئيا,2026/06/03,"37,246,111"
 الرياض,الرياض,القطاع العام,خدمة إلكترونية جزئيا,2026/06/03,"37,246,185"
 الرياض,الرياض,القطاع العام,خدمة إلكترونية جزئيا,2026/06/03,"37,247,200"
 الرياض,الرياض,القطاع العام,خدمة إلكترونية جزئيا,2026/06/03,"37,246,490"
 الرياض,الرياض,القطاع العام,خدمة إلكترونية جزئيا,2026/06/03,"37,246,588"
 الرياض,الرياض,القطاع العام,خدمة إلكترونية جزئيا,2026/06/03,"37,246,908"
 الرياض,الرياض,القطاع العام,خدمة إلكترونية جزئيا,2026/06/03,"37,246,796"
 الرياض,الرياض,القطاع العام,خدمة إلكترونية جزئيا,2026/06/03,"37,246,822"
 الرياض,الرياض,القطاع العام,خدمة إلكترونية جزئيا,2026/06/03,"37,246,071"
 الرياض,الرياض,القطاع العام,خدمة إلكترونية جزئيا,2026/06/03,"37,247,209"
 الرياض,الرياض,القطاع العام,خدمة إلكترونية جزئيا,2026/06/03,"37,246,520"
 الرياض,الرياض,القطاع العام,خدمة إلكترونية جزئيا,2026/06/03,"37,246,787"
 الرياض,الرياض,القطاع العام,خدمة إلكترونية جزئيا,2026/06/03,"37,246,298"
 الرياض,الرياض,القطاع العام,خدمة إلكترونية جزئيا,2026/06/03,"37,246,404"
 الرياض,الرياض,القطاع العام,خدمة إلكترونية جزئيا,2026/06/03,"37,246,772"
 الرياض,الرياض,القطاع العام,خدمة إلكترونية جزئيا,2026/06/03,"37,246,152"
 الرياض,الرياض,القطاع العام,خدمة إلكترونية جزئيا,2026/06/03,"37,246,626"
 الرياض,الرياض,القطاع العام,خدمة إلكترونية جزئيا,2026/06/03,"37,246,914"
 الرياض,الرياض,القطاع العام,خدمة إلكترونية جزئيا,2026/06/03,"37,247,201"
 الرياض,الرياض,القطاع العام,خدمة إلكترونية جزئيا,2026/06/03,"37,247,205"
 الرياض,الرياض,القطاع العام,خدمة إلكترونية جزئيا,2026/06/03,"37,246,762"
 الرياض,الرياض,القطاع العام,خدمة إلكترونية جزئيا,2026/06/03,"37,246,734"
 الرياض,الرياض,القطاع العام,خدمة إلكترونية جزئيا,2026/06/03,"37,246,039"
 الرياض,الرياض,القطاع العام,خدمة إلكترونية جزئيا,2026/06/03,"37,247,207"
 الرياض,الرياض,القطاع العام,خدمة إلكترونية جزئيا,2026/06/03,"37,247,019"
 الرياض,الرياض,القطاع العام,خدمة إلكترونية جزئيا,2026/06/03,"37,246,903"
 الرياض,الرياض,القطاع العام,خدمة إلكترونية جزئيا,2026/06/03,"37,246,306"
 الرياض,الرياض,القطاع العام,خدمة إلكترونية جزئيا,2026/06/03,"37,246,353"
 الرياض,الرياض,القطاع العام,خدمة إلكترونية جزئيا,2026/06/03,"37,246,075"
 الرياض,الرياض,القطاع العام,خدمة إلكترونية جزئيا,2026/06/03,"37,246,836"
 الرياض,الرياض,القطاع العام,خدمة إلكترونية جزئيا,2026/06/03,"37,246,581"
 الرياض,الرياض,القطاع العام,خدمة إلكترونية جزئيا,2026/06/03,"37,246,311"
 الرياض,الرياض,القطاع العام,خدمة إلكترونية جزئيا,2026/06/03,"37,247,202"
 الرياض,الرياض,القطاع العام,خدمة إلكترونية جزئيا,2026/06/03,"37,246,181"
 الرياض,الرياض,القطاع العام,خدمة إلكترونية جزئيا,2026/06/03,"37,246,837"
 الرياض,الرياض,القطاع العام,خدمة إلكترونية جزئيا,2026/06/03,"37,246,528"
 الرياض,الرياض,القطاع العام,خدمة إلكترونية جزئيا,2026/06/03,"37,246,534"
 الرياض,الرياض,القطاع العام,خدمة إلكترونية جزئيا,2026/06/03,"37,246,380"
الخدمات الرقمية,عام,القطاع العام,خدمة إلكترونية جزئيا,2026/06/03,"37,253,298"
الخدمات الرقمية,عام,القطاع العام,خدمة إلكترونية جزئيا,2026/06/03,"37,250,567"
الخدمات الرقمية,عام,القطاع العام,خدمة إلكترونية جزئيا,2026/06/03,"37,252,890"
الخدمات الرقمية,عام,القطاع العام,خدمة إلكترونية جزئيا,2026/06/03,"37,250,895"
الخدمات الرقمية,عام,القطاع العام,خدمة إلكترونية جزئيا,2026/06/03,"37,251,120"
الخدمات الرقمية,عام,القطاع العام,خدمة إلكترونية جزئيا,2026/06/03,"37,250,430"
الخدمات الرقمية,عام,القطاع العام,خدمة إلكترونية جزئيا,2026/06/03,"37,252,832"
الخدمات الرقمية,عام,القطاع العام,خدمة إلكترونية جزئيا,2026/06/03,"37,252,941"
الخدمات الرقمية,عام,القطاع العام,خدمة إلكترونية جزئيا,2026/06/03,"37,253,144"
الخدمات الرقمية,عام,القطاع العام,خدمة إلكترونية جزئيا,2026/06/03,"37,253,238"
الخدمات الرقمية,عام,القطاع العام,خدمة إلكترونية جزئيا,2026/06/03,"37,250,746"
الخدمات الرقمية,عام,القطاع العام,خدمة إلكترونية جزئيا,2026/06/03,"37,253,037"
الخدمات الرقمية,عام,القطاع العام,خدمة إلكترونية جزئيا,2026/06/03,"37,251,216"
الخدمات الرقمية,عام,القطاع العام,خدمة إلكترونية جزئيا,2026/06/03,"37,250,643"
الخدمات الرقمية,عام,القطاع العام,خدمة إلكترونية جزئيا,2026/06/03,"37,250,225"
الخدمات الرقمية,عام,القطاع العام,خدمة إلكترونية جزئيا,2026/06/03,"37,252,814"
الخدمات الرقمية,عام,القطاع العام,خدمة إلكترونية جزئيا,2026/06/03,"37,244,683"
الخدمات الرقمية,عام,القطاع العام,خدمة إلكترونية جزئيا,2026/06/03,"37,244,682"
الخدمات الرقمية,عام,القطاع العام,خدمة إلكترونية جزئيا,2026/06/03,"37,251,304"
 الرياض,الرياض,القطاع العام,خدمة إلكترونية جزئيا,2026/06/03,"37,253,520"
 الرياض,الرياض,القطاع العام,خدمة إلكترونية جزئيا,2026/06/03,"37,253,337"
 عسير,ابها,القطاع العام,خدمة إلكترونية جزئيا,2026/06/03,"37,248,704"
 عسير,ابها,القطاع العام,خدمة إلكترونية جزئيا,2026/06/03,"37,249,580"
 عسير,ابها,القطاع العام,خدمة إلكترونية جزئيا,2026/06/03,"37,249,954"
 عسير,ابها,القطاع العام,خدمة إلكترونية جزئيا,2026/06/03,"37,249,946"
 عسير,ابها,القطاع العام,خدمة إلكترونية جزئيا,2026/06/03,"37,250,164"
 عسير,ابها,القطاع العام,خدمة إلكترونية جزئيا,2026/06/03,"37,249,814"
الخدمات الرقمية,عام,القطاع العام,خدمة إلكترونية,2026/06/04,"37,292,702"
الخدمات الرقمية,عام,القطاع العام,خدمة إلكترونية,2026/06/04,"37,272,680"
الخدمات الرقمية,عام,القطاع العام,خدمة إلكترونية,2026/06/04,"37,294,989"
الخدمات الرقمية,عام,القطاع العام,خدمة إلكترونية,2026/06/04,"37,273,060"
الخدمات الرقمية,عام,القطاع العام,خدمة إلكترونية,2026/06/04,"37,279,193"
الخدمات الرقمية,عام,القطاع العام,خدمة إلكترونية,2026/06/04,"37,296,751"
الخدمات الرقمية,عام,القطاع العام,خدمة إلكترونية,2026/06/04,"37,296,925"
الخدمات الرقمية,عام,القطاع العام,خدمة إلكترونية جزئيا,2026/06/04,"37,280,028"
 عسير,ابها,القطاع العام,خدمة إلكترونية جزئيا,2026/06/04,"37,274,088"
 عسير,ابها,القطاع العام,خدمة إلكترونية جزئيا,2026/06/04,"37,274,003"
 عسير,ابها,القطاع العام,خدمة إلكترونية جزئيا,2026/06/04,"37,274,065"
 الشرقية,الدمام,القطاع العام,خدمة إلكترونية جزئيا,2026/06/04,"37,273,966"
الخدمات الرقمية,عام,القطاع العام,خدمة إلكترونية,2026/06/04,"37,273,070"
الخدمات الرقمية,عام,القطاع العام,خدمة إلكترونية,2026/06/04,"37,272,659"
الخدمات الرقمية,عام,القطاع العام,خدمة إلكترونية,2026/06/04,"37,294,147"
الخدمات الرقمية,عام,القطاع العام,خدمة إلكترونية,2026/06/04,"37,294,148"
الخدمات الرقمية,عام,القطاع العام,خدمة إلكترونية,2026/06/04,"37,294,217"
الخدمات الرقمية,عام,القطاع العام,خدمة إلكترونية,2026/06/04,"37,294,218"
الخدمات الرقمية,عام,القطاع العام,خدمة إلكترونية,2026/06/04,"37,294,219"
الخدمات الرقمية,عام,القطاع العام,خدمة إلكترونية,2026/06/05,"37,300,676"
الخدمات الرقمية,عام,القطاع العام,خدمة إلكترونية,2026/06/05,"37,300,663"
الخدمات الرقمية,عام,القطاع العام,خدمة إلكترونية,2026/06/05,"37,300,656"
الخدمات الرقمية,عام,القطاع العام,خدمة إلكترونية,2026/06/06,"37,341,858"
الخدمات الرقمية,عام,القطاع العام,خدمة إلكترونية جزئيا,2026/06/06,"37,341,525"
الخدمات الرقمية,عام,القطاع العام,خدمة إلكترونية جزئيا,2026/06/06,"37,341,534"
الخدمات الرقمية,عام,القطاع العام,خدمة إلكترونية جزئيا,2026/06/06,"37,341,867"
الخدمات الرقمية,عام,القطاع العام,خدمة إلكترونية,2026/06/06,"37,342,257"
الخدمات الرقمية,عام,القطاع العام,خدمة إلكترونية,2026/06/06,"37,342,276"
الخدمات الرقمية,عام,القطاع العام,خدمة إلكترونية,2026/06/06,"37,342,277"
الخدمات الرقمية,عام,القطاع العام,خدمة إلكترونية,2026/06/06,"37,342,251"
الخدمات الرقمية,عام,القطاع العام,خدمة إلكترونية,2026/06/06,"37,342,252"
الخدمات الرقمية,عام,القطاع العام,خدمة إلكترونية,2026/06/06,"37,342,267"
الخدمات الرقمية,عام,القطاع العام,خدمة إلكترونية,2026/06/06,"37,342,226"
الخدمات الرقمية,عام,القطاع العام,خدمة إلكترونية,2026/06/06,"37,342,232"
الخدمات الرقمية,عام,القطاع العام,خدمة إلكترونية,2026/06/06,"37,342,248"
الخدمات الرقمية,عام,القطاع العام,خدمة إلكترونية,2026/06/06,"37,342,264"
الخدمات الرقمية,عام,القطاع العام,خدمة إلكترونية,2026/06/06,"37,342,265"
الخدمات الرقمية,عام,القطاع العام,خدمة إلكترونية,2026/06/06,"37,342,266"
الخدمات الرقمية,عام,القطاع العام,خدمة إلكترونية,2026/06/06,"37,342,274"
الخدمات الرقمية,عام,القطاع العام,خدمة إلكترونية,2026/06/06,"37,342,275"
الخدمات الرقمية,عام,القطاع العام,خدمة إلكترونية,2026/06/06,"37,342,228"
الخدمات الرقمية,عام,القطاع العام,خدمة إلكترونية,2026/06/06,"37,342,254"
الخدمات الرقمية,عام,القطاع العام,خدمة إلكترونية,2026/06/06,"37,342,229"
الخدمات الرقمية,عام,القطاع العام,خدمة إلكترونية,2026/06/06,"37,342,236"
الخدمات الرقمية,عام,القطاع العام,خدمة إلكترونية,2026/06/06,"37,342,269"
الخدمات الرقمية,عام,القطاع العام,خدمة إلكترونية,2026/06/06,"37,342,241"
الخدمات الرقمية,عام,القطاع العام,خدمة إلكترونية,2026/06/06,"37,342,268"
الخدمات الرقمية,عام,القطاع العام,خدمة إلكترونية,2026/06/06,"37,342,270"
الخدمات الرقمية,عام,القطاع العام,خدمة إلكترونية,2026/06/06,"37,342,245"
الخدمات الرقمية,عام,القطاع العام,خدمة إلكترونية,2026/06/06,"37,342,258"
الخدمات الرقمية,عام,القطاع العام,خدمة إلكترونية,2026/06/06,"37,342,271"
الخدمات الرقمية,عام,القطاع العام,خدمة إلكترونية,2026/06/06,"37,342,272"
الخدمات الرقمية,عام,القطاع العام,خدمة إلكترونية,2026/06/06,"37,342,237"
الخدمات الرقمية,عام,القطاع العام,خدمة إلكترونية,2026/06/06,"37,342,259"
الخدمات الرقمية,عام,القطاع العام,خدمة إلكترونية,2026/06/06,"37,342,273"
الخدمات الرقمية,عام,القطاع العام,خدمة إلكترونية,2026/06/06,"37,342,231"
الخدمات الرقمية,عام,القطاع العام,خدمة إلكترونية,2026/06/06,"37,342,244"
الخدمات الرقمية,عام,القطاع العام,خدمة إلكترونية,2026/06/06,"37,342,255"
الخدمات الرقمية,عام,القطاع العام,خدمة إلكترونية,2026/06/06,"37,342,243"
الخدمات الرقمية,عام,القطاع العام,خدمة إلكترونية,2026/06/06,"37,342,247"
الخدمات الرقمية,عام,القطاع العام,خدمة إلكترونية,2026/06/06,"37,342,239"
الخدمات الرقمية,عام,القطاع العام,خدمة إلكترونية,2026/06/06,"37,342,235"
الخدمات الرقمية,عام,القطاع العام,خدمة إلكترونية,2026/06/06,"37,342,246"
الخدمات الرقمية,عام,القطاع العام,خدمة إلكترونية,2026/06/06,"37,342,238"
الخدمات الرقمية,عام,القطاع العام,خدمة إلكترونية,2026/06/06,"37,342,256"
الخدمات الرقمية,عام,القطاع العام,خدمة إلكترونية,2026/06/06,"37,342,263"
الخدمات الرقمية,عام,القطاع العام,خدمة إلكترونية,2026/06/06,"37,342,230"
الخدمات الرقمية,عام,القطاع العام,خدمة إلكترونية,2026/06/06,"37,342,262"
الخدمات الرقمية,عام,القطاع العام,خدمة إلكترونية,2026/06/06,"37,342,234"
الخدمات الرقمية,عام,القطاع العام,خدمة إلكترونية,2026/06/06,"37,342,242"
الخدمات الرقمية,عام,القطاع العام,خدمة إلكترونية,2026/06/06,"37,342,261"
الخدمات الرقمية,عام,القطاع العام,خدمة إلكترونية,2026/06/06,"37,342,250"
الخدمات الرقمية,عام,القطاع العام,خدمة إلكترونية جزئيا,2026/06/06,"37,342,200"
الخدمات الرقمية,عام,القطاع العام,خدمة إلكترونية جزئيا,2026/06/06,"37,342,304"
الخدمات الرقمية,عام,القطاع العام,خدمة إلكترونية,2026/06/07,"37,357,132"
الخدمات الرقمية,عام,القطاع العام,خدمة إلكترونية,2026/06/07,"37,354,382"
الخدمات الرقمية,عام,القطاع العام,خدمة إلكترونية,2026/06/07,"37,357,496"
الخدمات الرقمية,عام,القطاع العام,خدمة إلكترونية,2026/06/07,"37,351,381"
الخدمات الرقمية,عام,القطاع العام,خدمة إلكترونية,2026/06/07,"37,362,425"
الخدمات الرقمية,عام,القطاع العام,خدمة إلكترونية جزئيا,2026/06/07,"37,368,129"
الخدمات الرقمية,عام,القطاع العام,خدمة إلكترونية جزئيا,2026/06/07,"37,368,137"
الخدمات الرقمية,عام,القطاع العام,خدمة إلكترونية جزئيا,2026/06/07,"37,365,736"
 عسير,ابها,القطاع العام,خدمة إلكترونية جزئيا,2026/06/07,"37,354,595"
 عسير,ابها,القطاع العام,خدمة إلكترونية جزئيا,2026/06/07,"37,354,675"
 عسير,ابها,القطاع العام,خدمة إلكترونية جزئيا,2026/06/07,"37,352,805"
 عسير,ابها,القطاع العام,خدمة إلكترونية جزئيا,2026/06/07,"37,352,692"
 مكة المكرمه,جده,القطاع العام,خدمة إلكترونية جزئيا,2026/06/07,"37,351,671"
 مكة المكرمه,جده,القطاع العام,خدمة إلكترونية جزئيا,2026/06/07,"37,351,725"
الخدمات الرقمية,عام,القطاع العام,خدمة إلكترونية,2026/06/07,"37,351,377"
الخدمات الرقمية,عام,القطاع العام,خدمة إلكترونية,2026/06/07,"37,366,629"
الخدمات الرقمية,عام,القطاع العام,خدمة إلكترونية,2026/06/07,"37,351,378"
الخدمات الرقمية,عام,القطاع العام,خدمة إلكترونية,2026/06/07,"37,366,788"
الخدمات الرقمية,عام,القطاع العام,خدمة إلكترونية,2026/06/07,"37,351,401"
الخدمات الرقمية,عام,القطاع العام,خدمة إلكترونية,2026/06/07,"37,351,400"
الخدمات الرقمية,عام,القطاع العام,خدمة إلكترونية,2026/06/07,"37,351,403"
الخدمات الرقمية,عام,القطاع العام,خدمة إلكترونية,2026/06/07,"37,366,782"
الخدمات الرقمية,عام,القطاع العام,خدمة إلكترونية,2026/06/07,"37,366,783"
الخدمات الرقمية,عام,القطاع العام,خدمة إلكترونية,2026/06/07,"37,366,594"
الخدمات الرقمية,عام,القطاع العام,خدمة إلكترونية,2026/06/07,"37,351,402"
الخدمات الرقمية,عام,القطاع العام,خدمة إلكترونية جزئيا,2026/06/07,"37,342,900"
الخدمات الرقمية,عام,القطاع العام,خدمة إلكترونية جزئيا,2026/06/07,"37,343,739"
الخدمات الرقمية,عام,القطاع العام,خدمة إلكترونية جزئيا,2026/06/07,"37,343,084"
الخدمات الرقمية,عام,القطاع العام,خدمة إلكترونية جزئيا,2026/06/07,"37,343,507"
الخدمات الرقمية,عام,القطاع العام,خدمة إلكترونية جزئيا,2026/06/07,"37,343,323"
الخدمات الرقمية,عام,القطاع العام,خدمة إلكترونية جزئيا,2026/06/07,"37,342,735"
الخدمات الرقمية,عام,القطاع العام,خدمة إلكترونية جزئيا,2026/06/07,"37,343,765"
الخدمات الرقمية,عام,القطاع العام,خدمة إلكترونية جزئيا,2026/06/07,"37,343,562"
الخدمات الرقمية,عام,القطاع العام,خدمة إلكترونية جزئيا,2026/06/07,"37,343,808"
الخدمات الرقمية,عام,القطاع العام,خدمة إلكترونية جزئيا,2026/06/07,"37,342,969"
الخدمات الرقمية,عام,القطاع العام,خدمة إلكترونية جزئيا,2026/06/07,"37,343,779"
الخدمات الرقمية,عام,القطاع العام,خدمة إلكترونية جزئيا,2026/06/07,"37,343,625"
الخدمات الرقمية,عام,القطاع العام,خدمة إلكترونية جزئيا,2026/06/07,"37,343,356"
الخدمات الرقمية,عام,القطاع العام,خدمة إلكترونية جزئيا,2026/06/07,"37,343,049"
الخدمات الرقمية,عام,القطاع العام,خدمة إلكترونية جزئيا,2026/06/07,"37,343,697"
الخدمات الرقمية,عام,القطاع العام,خدمة إلكترونية جزئيا,2026/06/07,"37,342,917"
الخدمات الرقمية,عام,القطاع العام,خدمة إلكترونية جزئيا,2026/06/07,"37,342,620"
الخدمات الرقمية,عام,القطاع العام,خدمة إلكترونية جزئيا,2026/06/07,"37,343,184"
الخدمات الرقمية,عام,القطاع العام,خدمة إلكترونية جزئيا,2026/06/07,"37,342,634"
الخدمات الرقمية,عام,القطاع العام,خدمة إلكترونية جزئيا,2026/06/07,"37,343,283"
الخدمات الرقمية,عام,القطاع العام,خدمة إلكترونية جزئيا,2026/06/07,"37,343,414"
الخدمات الرقمية,عام,القطاع العام,خدمة إلكترونية جزئيا,2026/06/07,"37,343,761"
الخدمات الرقمية,عام,القطاع العام,خدمة إلكترونية جزئيا,2026/06/07,"37,343,159"
 الرياض,الرياض,القطاع العام,خدمة إلكترونية جزئيا,2026/06/07,"37,358,874"
 الرياض,الرياض,القطاع العام,خدمة إلكترونية جزئيا,2026/06/07,"37,358,823"
الخدمات الرقمية,عام,القطاع العام,خدمة إلكترونية جزئيا,2026/06/07,"37,347,708"
الخدمات الرقمية,عام,القطاع العام,خدمة إلكترونية جزئيا,2026/06/07,"37,347,714"
الخدمات الرقمية,عام,القطاع العام,خدمة إلكترونية جزئيا,2026/06/07,"37,347,727"
الخدمات الرقمية,عام,القطاع العام,خدمة إلكترونية جزئيا,2026/06/07,"37,347,632"
 الرياض,الرياض,القطاع العام,خدمة إلكترونية جزئيا,2026/06/07,"37,358,735"
الخدمات الرقمية,عام,القطاع العام,خدمة إلكترونية جزئيا,2026/06/07,"37,366,415"
الخدمات الرقمية,عام,القطاع العام,خدمة إلكترونية جزئيا,2026/06/07,"37,366,402"
الخدمات الرقمية,عام,القطاع العام,خدمة إلكترونية جزئيا,2026/06/07,"37,366,519"
الخدمات الرقمية,عام,القطاع العام,خدمة إلكترونية جزئيا,2026/06/07,"37,366,565"
الخدمات الرقمية,عام,القطاع العام,خدمة إلكترونية جزئيا,2026/06/07,"37,366,512"
الخدمات الرقمية,عام,القطاع العام,خدمة إلكترونية جزئيا,2026/06/07,"37,366,374"
الخدمات الرقمية,عام,القطاع العام,خدمة إلكترونية جزئيا,2026/06/07,"37,366,660"
الخدمات الرقمية,عام,القطاع العام,خدمة إلكترونية جزئيا,2026/06/07,"37,366,668"
الخدمات الرقمية,عام,القطاع العام,خدمة إلكترونية جزئيا,2026/06/07,"37,366,570"
الخدمات الرقمية,عام,القطاع العام,خدمة إلكترونية جزئيا,2026/06/07,"37,366,507"
الخدمات الرقمية,عام,القطاع العام,خدمة إلكترونية جزئيا,2026/06/07,"37,366,370"
 القصيم,بريده,القطاع العام,خدمة إلكترونية جزئيا,2026/06/07,"37,354,695"
الخدمات الرقمية,عام,القطاع العام,خدمة إلكترونية,2026/06/08,"37,390,675"
الخدمات الرقمية,عام,القطاع العام,خدمة إلكترونية,2026/06/08,"37,390,449"
الخدمات الرقمية,عام,القطاع العام,خدمة إلكترونية,2026/06/08,"37,392,704"
الخدمات الرقمية,عام,القطاع العام,خدمة إلكترونية,2026/06/08,"37,389,064"
الخدمات الرقمية,عام,القطاع العام,خدمة إلكترونية,2026/06/08,"37,390,959"
الخدمات الرقمية,عام,القطاع العام,خدمة إلكترونية,2026/06/08,"37,385,601"
الخدمات الرقمية,عام,القطاع العام,خدمة إلكترونية,2026/06/08,"37,390,906"
الخدمات الرقمية,عام,القطاع العام,خدمة إلكترونية,2026/06/08,"37,381,416"
الخدمات الرقمية,عام,القطاع العام,خدمة إلكترونية,2026/06/08,"37,381,381"
الخدمات الرقمية,عام,القطاع العام,خدمة إلكترونية,2026/06/08,"37,378,504"
الخدمات الرقمية,عام,القطاع العام,خدمة إلكترونية,2026/06/08,"37,386,612"
الخدمات الرقمية,عام,القطاع العام,خدمة إلكترونية,2026/06/08,"37,377,878"
الخدمات الرقمية,عام,القطاع العام,خدمة إلكترونية,2026/06/08,"37,392,757"
الخدمات الرقمية,عام,القطاع العام,خدمة إلكترونية,2026/06/08,"37,381,364"
الخدمات الرقمية,عام,القطاع العام,خدمة إلكترونية,2026/06/08,"37,378,889"
الخدمات الرقمية,عام,القطاع العام,خدمة إلكترونية,2026/06/08,"37,379,023"
الخدمات الرقمية,عام,القطاع العام,خدمة إلكترونية,2026/06/08,"37,378,059"
الخدمات الرقمية,عام,القطاع العام,خدمة إلكترونية,2026/06/08,"37,386,890"
 الرياض,الرياض,القطاع العام,خدمة إلكترونية جزئيا,2026/06/08,"37,370,044"
 الرياض,الرياض,القطاع العام,خدمة إلكترونية جزئيا,2026/06/08,"37,370,017"
 الرياض,الرياض,القطاع العام,خدمة إلكترونية جزئيا,2026/06/08,"37,370,053"
الخدمات الرقمية,عام,القطاع العام,خدمة إلكترونية,2026/06/08,"37,390,110"
الخدمات الرقمية,عام,القطاع العام,خدمة إلكترونية,2026/06/08,"37,390,175"
الخدمات الرقمية,عام,القطاع العام,خدمة إلكترونية,2026/06/08,"37,391,008"
الخدمات الرقمية,عام,القطاع العام,خدمة إلكترونية,2026/06/08,"37,391,009"
الخدمات الرقمية,عام,القطاع العام,خدمة إلكترونية,2026/06/08,"37,391,010"
الخدمات الرقمية,عام,القطاع العام,خدمة إلكترونية,2026/06/08,"37,390,076"
الخدمات الرقمية,عام,القطاع العام,خدمة إلكترونية,2026/06/08,"37,390,116"
الخدمات الرقمية,عام,القطاع العام,خدمة إلكترونية,2026/06/08,"37,390,101"
الخدمات الرقمية,عام,القطاع العام,خدمة إلكترونية,2026/06/08,"37,390,460"
الخدمات الرقمية,عام,القطاع العام,خدمة إلكترونية,2026/06/08,"37,390,705"
الخدمات الرقمية,عام,القطاع العام,خدمة إلكترونية,2026/06/08,"37,390,897"
الخدمات الرقمية,عام,القطاع العام,خدمة إلكترونية,2026/06/08,"37,391,006"
الخدمات الرقمية,عام,القطاع العام,خدمة إلكترونية,2026/06/08,"37,391,011"
الخدمات الرقمية,عام,القطاع العام,خدمة إلكترونية,2026/06/08,"37,391,012"
الخدمات الرقمية,عام,القطاع العام,خدمة إلكترونية,2026/06/08,"37,390,109"
الخدمات الرقمية,عام,القطاع العام,خدمة إلكترونية,2026/06/08,"37,390,105"
الخدمات الرقمية,عام,القطاع العام,خدمة إلكترونية,2026/06/08,"37,390,106"
الخدمات الرقمية,عام,القطاع العام,خدمة إلكترونية,2026/06/08,"37,390,133"
الخدمات الرقمية,عام,القطاع العام,خدمة إلكترونية,2026/06/08,"37,390,465"
الخدمات الرقمية,عام,القطاع العام,خدمة إلكترونية,2026/06/08,"37,390,466"
الخدمات الرقمية,عام,القطاع العام,خدمة إلكترونية,2026/06/08,"37,390,075"
الخدمات الرقمية,عام,القطاع العام,خدمة إلكترونية,2026/06/08,"37,390,188"
الخدمات الرقمية,عام,القطاع العام,خدمة إلكترونية,2026/06/08,"37,390,703"
الخدمات الرقمية,عام,القطاع العام,خدمة إلكترونية,2026/06/08,"37,390,899"
الخدمات الرقمية,عام,القطاع العام,خدمة إلكترونية,2026/06/08,"37,390,921"
الخدمات الرقمية,عام,القطاع العام,خدمة إلكترونية,2026/06/08,"37,390,922"
الخدمات الرقمية,عام,القطاع العام,خدمة إلكترونية,2026/06/08,"37,390,113"
الخدمات الرقمية,عام,القطاع العام,خدمة إلكترونية,2026/06/08,"37,390,114"
الخدمات الرقمية,عام,القطاع العام,خدمة إلكترونية,2026/06/08,"37,390,118"
الخدمات الرقمية,عام,القطاع العام,خدمة إلكترونية,2026/06/08,"37,390,112"
الخدمات الرقمية,عام,القطاع العام,خدمة إلكترونية,2026/06/08,"37,390,120"
الخدمات الرقمية,عام,القطاع العام,خدمة إلكترونية,2026/06/08,"37,390,104"
الخدمات الرقمية,عام,القطاع العام,خدمة إلكترونية,2026/06/08,"37,390,464"
الخدمات الرقمية,عام,القطاع العام,خدمة إلكترونية,2026/06/08,"37,390,171"
الخدمات الرقمية,عام,القطاع العام,خدمة إلكترونية,2026/06/08,"37,390,172"
الخدمات الرقمية,عام,القطاع العام,خدمة إلكترونية,2026/06/08,"37,390,469"
الخدمات الرقمية,عام,القطاع العام,خدمة إلكترونية,2026/06/08,"37,390,103"
الخدمات الرقمية,عام,القطاع العام,خدمة إلكترونية,2026/06/08,"37,390,462"
الخدمات الرقمية,عام,القطاع العام,خدمة إلكترونية,2026/06/08,"37,390,463"
الخدمات الرقمية,عام,القطاع العام,خدمة إلكترونية,2026/06/08,"37,391,007"
الخدمات الرقمية,عام,القطاع العام,خدمة إلكترونية,2026/06/08,"37,390,077"
الخدمات الرقمية,عام,القطاع العام,خدمة إلكترونية,2026/06/08,"37,390,078"
الخدمات الرقمية,عام,القطاع العام,خدمة إلكترونية,2026/06/08,"37,390,079"
الخدمات الرقمية,عام,القطاع العام,خدمة إلكترونية,2026/06/08,"37,390,117"
الخدمات الرقمية,عام,القطاع العام,خدمة إلكترونية,2026/06/08,"37,390,074"
الخدمات الرقمية,عام,القطاع العام,خدمة إلكترونية,2026/06/08,"37,390,898"
الخدمات الرقمية,عام,القطاع العام,خدمة إلكترونية,2026/06/08,"37,390,702"
الخدمات الرقمية,عام,القطاع العام,خدمة إلكترونية,2026/06/08,"37,390,107"
الخدمات الرقمية,عام,القطاع العام,خدمة إلكترونية,2026/06/08,"37,390,467"
الخدمات الرقمية,عام,القطاع العام,خدمة إلكترونية,2026/06/08,"37,390,102"
الخدمات الرقمية,عام,القطاع العام,خدمة إلكترونية,2026/06/08,"37,390,461"
الخدمات الرقمية,عام,القطاع العام,خدمة إلكترونية,2026/06/08,"37,390,132"
الخدمات الرقمية,عام,القطاع العام,خدمة إلكترونية,2026/06/08,"37,390,923"
الخدمات الرقمية,عام,القطاع العام,خدمة إلكترونية,2026/06/08,"37,390,100"
الخدمات الرقمية,عام,القطاع العام,خدمة إلكترونية,2026/06/08,"37,390,189"
الخدمات الرقمية,عام,القطاع العام,خدمة إلكترونية,2026/06/08,"37,390,704"
الخدمات الرقمية,عام,القطاع العام,خدمة إلكترونية,2026/06/08,"37,390,155"
الخدمات الرقمية,عام,القطاع العام,خدمة إلكترونية,2026/06/08,"37,390,152"
الخدمات الرقمية,عام,القطاع العام,خدمة إلكترونية,2026/06/08,"37,390,153"
الخدمات الرقمية,عام,القطاع العام,خدمة إلكترونية,2026/06/08,"37,390,146"
الخدمات الرقمية,عام,القطاع العام,خدمة إلكترونية,2026/06/08,"37,390,147"
الخدمات الرقمية,عام,القطاع العام,خدمة إلكترونية,2026/06/08,"37,390,161"
الخدمات الرقمية,عام,القطاع العام,خدمة إلكترونية,2026/06/08,"37,390,170"
الخدمات الرقمية,عام,القطاع العام,خدمة إلكترونية,2026/06/08,"37,390,160"
الخدمات الرقمية,عام,القطاع العام,خدمة إلكترونية,2026/06/08,"37,390,145"
الخدمات الرقمية,عام,القطاع العام,خدمة إلكترونية,2026/06/08,"37,390,163"
الخدمات الرقمية,عام,القطاع العام,خدمة إلكترونية,2026/06/08,"37,390,150"
الخدمات الرقمية,عام,القطاع العام,خدمة إلكترونية,2026/06/08,"37,390,149"
الخدمات الرقمية,عام,القطاع العام,خدمة إلكترونية,2026/06/08,"37,390,167"
الخدمات الرقمية,عام,القطاع العام,خدمة إلكترونية,2026/06/08,"37,390,168"
الخدمات الرقمية,عام,القطاع العام,خدمة إلكترونية,2026/06/08,"37,390,154"
الخدمات الرقمية,عام,القطاع العام,خدمة إلكترونية,2026/06/08,"37,390,169"
الخدمات الرقمية,عام,القطاع العام,خدمة إلكترونية,2026/06/08,"37,390,142"
الخدمات الرقمية,عام,القطاع العام,خدمة إلكترونية,2026/06/08,"37,390,165"
الخدمات الرقمية,عام,القطاع العام,خدمة إلكترونية,2026/06/08,"37,390,162"
الخدمات الرقمية,عام,القطاع العام,خدمة إلكترونية,2026/06/08,"37,390,151"
الخدمات الرقمية,عام,القطاع العام,خدمة إلكترونية,2026/06/08,"37,390,166"
الخدمات الرقمية,عام,القطاع العام,خدمة إلكترونية,2026/06/08,"37,390,159"
الخدمات الرقمية,عام,القطاع العام,خدمة إلكترونية,2026/06/08,"37,390,164"
الخدمات الرقمية,عام,القطاع العام,خدمة إلكترونية,2026/06/08,"37,390,144"
الخدمات الرقمية,عام,القطاع العام,خدمة إلكترونية جزئيا,2026/06/08,"37,385,806"
الخدمات الرقمية,عام,القطاع العام,خدمة إلكترونية جزئيا,2026/06/08,"37,386,033"
 الرياض,الرياض,القطاع العام,خدمة إلكترونية جزئيا,2026/06/08,"37,378,265"
 الرياض,الرياض,القطاع العام,خدمة إلكترونية جزئيا,2026/06/08,"37,372,655"
 الرياض,الرياض,القطاع العام,خدمة إلكترونية جزئيا,2026/06/08,"37,372,691"
 الرياض,الرياض,القطاع العام,خدمة إلكترونية جزئيا,2026/06/08,"37,378,260"
 مكة المكرمه,جده,القطاع العام,خدمة إلكترونية جزئيا,2026/06/08,"37,380,535"
الخدمات الرقمية,عام,القطاع العام,خدمة إلكترونية جزئيا,2026/06/08,"37,374,188"
الخدمات الرقمية,عام,القطاع العام,خدمة إلكترونية جزئيا,2026/06/08,"37,374,222"
الخدمات الرقمية,عام,القطاع العام,خدمة إلكترونية جزئيا,2026/06/09,"37,409,288"
الخدمات الرقمية,عام,القطاع العام,خدمة إلكترونية جزئيا,2026/06/09,"37,409,261"
الخدمات الرقمية,عام,القطاع العام,خدمة إلكترونية,2026/06/09,"37,399,872"
الخدمات الرقمية,عام,القطاع العام,خدمة إلكترونية,2026/06/09,"37,406,814"
الخدمات الرقمية,عام,القطاع العام,خدمة إلكترونية,2026/06/09,"37,401,331"
الخدمات الرقمية,عام,القطاع العام,خدمة إلكترونية,2026/06/09,"37,410,734"
الخدمات الرقمية,عام,القطاع العام,خدمة إلكترونية,2026/06/09,"37,402,047"
الخدمات الرقمية,عام,القطاع العام,خدمة إلكترونية,2026/06/09,"37,408,560"
الخدمات الرقمية,عام,القطاع العام,خدمة إلكترونية,2026/06/09,"37,398,721"
الخدمات الرقمية,عام,القطاع العام,خدمة إلكترونية,2026/06/09,"37,408,258"
 عسير,ابها,القطاع العام,خدمة إلكترونية جزئيا,2026/06/09,"37,401,891"
 عسير,ابها,القطاع العام,خدمة إلكترونية جزئيا,2026/06/09,"37,401,990"
 الرياض,الرياض,القطاع العام,خدمة إلكترونية جزئيا,2026/06/09,"37,396,905"
الخدمات الرقمية,عام,القطاع العام,خدمة إلكترونية,2026/06/09,"37,415,738"
الخدمات الرقمية,عام,القطاع العام,خدمة إلكترونية,2026/06/09,"37,415,739"
الخدمات الرقمية,عام,القطاع العام,خدمة إلكترونية,2026/06/09,"37,415,740"
الخدمات الرقمية,عام,القطاع العام,خدمة إلكترونية,2026/06/09,"37,415,741"
الخدمات الرقمية,عام,القطاع العام,خدمة إلكترونية,2026/06/09,"37,415,742"
الخدمات الرقمية,عام,القطاع العام,خدمة إلكترونية,2026/06/09,"37,415,635"
الخدمات الرقمية,عام,القطاع العام,خدمة إلكترونية,2026/06/09,"37,415,734"
الخدمات الرقمية,عام,القطاع العام,خدمة إلكترونية,2026/06/09,"37,397,589"
الخدمات الرقمية,عام,القطاع العام,خدمة إلكترونية,2026/06/09,"37,415,634"
الخدمات الرقمية,عام,القطاع العام,خدمة إلكترونية,2026/06/09,"37,397,592"
الخدمات الرقمية,عام,القطاع العام,خدمة إلكترونية,2026/06/09,"37,397,593"
الخدمات الرقمية,عام,القطاع العام,خدمة إلكترونية,2026/06/09,"37,398,732"
الخدمات الرقمية,عام,القطاع العام,خدمة إلكترونية,2026/06/09,"37,415,638"
الخدمات الرقمية,عام,القطاع العام,خدمة إلكترونية,2026/06/09,"37,415,639"
الخدمات الرقمية,عام,القطاع العام,خدمة إلكترونية,2026/06/09,"37,415,748"
الخدمات الرقمية,عام,القطاع العام,خدمة إلكترونية,2026/06/09,"37,415,737"
الخدمات الرقمية,عام,القطاع العام,خدمة إلكترونية,2026/06/09,"37,415,636"
الخدمات الرقمية,عام,القطاع العام,خدمة إلكترونية,2026/06/09,"37,415,735"
الخدمات الرقمية,عام,القطاع العام,خدمة إلكترونية,2026/06/09,"37,397,588"
الخدمات الرقمية,عام,القطاع العام,خدمة إلكترونية,2026/06/09,"37,398,730"
الخدمات الرقمية,عام,القطاع العام,خدمة إلكترونية,2026/06/09,"37,398,726"
الخدمات الرقمية,عام,القطاع العام,خدمة إلكترونية,2026/06/09,"37,415,743"
الخدمات الرقمية,عام,القطاع العام,خدمة إلكترونية,2026/06/09,"37,397,594"
الخدمات الرقمية,عام,القطاع العام,خدمة إلكترونية,2026/06/09,"37,415,760"
الخدمات الرقمية,عام,القطاع العام,خدمة إلكترونية,2026/06/09,"37,398,731"
الخدمات الرقمية,عام,القطاع العام,خدمة إلكترونية,2026/06/09,"37,398,728"
الخدمات الرقمية,عام,القطاع العام,خدمة إلكترونية,2026/06/09,"37,415,733"
الخدمات الرقمية,عام,القطاع العام,خدمة إلكترونية,2026/06/09,"37,415,752"
الخدمات الرقمية,عام,القطاع العام,خدمة إلكترونية,2026/06/09,"37,415,753"
الخدمات الرقمية,عام,القطاع العام,خدمة إلكترونية,2026/06/09,"37,415,754"
الخدمات الرقمية,عام,القطاع العام,خدمة إلكترونية,2026/06/09,"37,415,751"
الخدمات الرقمية,عام,القطاع العام,خدمة إلكترونية جزئيا,2026/06/09,"37,419,274"
الخدمات الرقمية,عام,القطاع العام,خدمة إلكترونية جزئيا,2026/06/09,"37,418,641"
الخدمات الرقمية,عام,القطاع العام,خدمة إلكترونية جزئيا,2026/06/09,"37,418,646"
الخدمات الرقمية,عام,القطاع العام,خدمة إلكترونية جزئيا,2026/06/09,"37,415,794"
الخدمات الرقمية,عام,القطاع العام,خدمة إلكترونية جزئيا,2026/06/09,"37,394,875"
الخدمات الرقمية,عام,القطاع العام,خدمة إلكترونية جزئيا,2026/06/09,"37,394,804"
الخدمات الرقمية,عام,القطاع العام,خدمة إلكترونية جزئيا,2026/06/09,"37,395,090"
الخدمات الرقمية,عام,القطاع العام,خدمة إلكترونية جزئيا,2026/06/09,"37,395,023"
الخدمات الرقمية,عام,القطاع العام,خدمة إلكترونية جزئيا,2026/06/09,"37,394,912"
الخدمات الرقمية,عام,القطاع العام,خدمة إلكترونية جزئيا,2026/06/09,"37,394,865"
الخدمات الرقمية,عام,القطاع العام,خدمة إلكترونية جزئيا,2026/06/09,"37,394,916"
الخدمات الرقمية,عام,القطاع العام,خدمة إلكترونية جزئيا,2026/06/09,"37,395,300"
الخدمات الرقمية,عام,القطاع العام,خدمة إلكترونية جزئيا,2026/06/09,"37,394,922"
الخدمات الرقمية,عام,القطاع العام,خدمة إلكترونية جزئيا,2026/06/09,"37,394,961"
الخدمات الرقمية,عام,القطاع العام,خدمة إلكترونية جزئيا,2026/06/09,"37,394,903"
الخدمات الرقمية,عام,القطاع العام,خدمة إلكترونية جزئيا,2026/06/09,"37,395,062"
الخدمات الرقمية,عام,القطاع العام,خدمة إلكترونية جزئيا,2026/06/09,"37,395,145"
الخدمات الرقمية,عام,القطاع العام,خدمة إلكترونية جزئيا,2026/06/09,"37,395,077"
الخدمات الرقمية,عام,القطاع العام,خدمة إلكترونية جزئيا,2026/06/09,"37,395,133"
الخدمات الرقمية,عام,القطاع العام,خدمة إلكترونية جزئيا,2026/06/09,"37,395,250"
الخدمات الرقمية,عام,القطاع العام,خدمة إلكترونية جزئيا,2026/06/09,"37,395,218"
الخدمات الرقمية,عام,القطاع العام,خدمة إلكترونية جزئيا,2026/06/09,"37,395,352"
الخدمات الرقمية,عام,القطاع العام,خدمة إلكترونية جزئيا,2026/06/09,"37,395,004"
الخدمات الرقمية,عام,القطاع العام,خدمة إلكترونية جزئيا,2026/06/09,"37,395,208"
الخدمات الرقمية,عام,القطاع العام,خدمة إلكترونية جزئيا,2026/06/09,"37,394,974"
الخدمات الرقمية,عام,القطاع العام,خدمة إلكترونية جزئيا,2026/06/09,"37,395,274"
الخدمات الرقمية,عام,القطاع العام,خدمة إلكترونية جزئيا,2026/06/09,"37,395,151"
الخدمات الرقمية,عام,القطاع العام,خدمة إلكترونية جزئيا,2026/06/09,"37,394,832"
الخدمات الرقمية,عام,القطاع العام,خدمة إلكترونية جزئيا,2026/06/09,"37,395,310"
الخدمات الرقمية,عام,القطاع العام,خدمة إلكترونية جزئيا,2026/06/09,"37,409,173"
 الرياض,الرياض,القطاع العام,خدمة إلكترونية جزئيا,2026/06/09,"37,400,786"
 الباحة,الباحه,القطاع العام,خدمة إلكترونية جزئيا,2026/06/09,"37,398,367"
 الباحة,الباحه,القطاع العام,خدمة إلكترونية جزئيا,2026/06/09,"37,398,609"
 الباحة,الباحه,القطاع العام,خدمة إلكترونية جزئيا,2026/06/09,"37,398,553"
الخدمات الرقمية,عام,القطاع العام,خدمة إلكترونية جزئيا,2026/06/09,"37,418,658"
الخدمات الرقمية,عام,القطاع العام,خدمة إلكترونية جزئيا,2026/06/09,"37,418,656"
الخدمات الرقمية,عام,القطاع العام,خدمة إلكترونية,2026/06/10,"37,430,986"
الخدمات الرقمية,عام,القطاع العام,خدمة إلكترونية,2026/06/10,"37,445,196"
الخدمات الرقمية,عام,القطاع العام,خدمة إلكترونية,2026/06/10,"37,420,653"
الخدمات الرقمية,عام,القطاع العام,خدمة إلكترونية,2026/06/10,"37,445,990"
الخدمات الرقمية,عام,القطاع العام,خدمة إلكترونية,2026/06/10,"37,436,103"
الخدمات الرقمية,عام,القطاع العام,خدمة إلكترونية,2026/06/10,"37,434,282"
الخدمات الرقمية,عام,القطاع العام,خدمة إلكترونية,2026/06/10,"37,447,349"
الخدمات الرقمية,عام,القطاع العام,خدمة إلكترونية,2026/06/10,"37,441,748"
الخدمات الرقمية,عام,القطاع العام,خدمة إلكترونية,2026/06/10,"37,445,409"
الخدمات الرقمية,عام,القطاع العام,خدمة إلكترونية,2026/06/10,"37,445,434"
الخدمات الرقمية,عام,القطاع العام,خدمة إلكترونية,2026/06/10,"37,445,391"
الخدمات الرقمية,عام,القطاع العام,خدمة إلكترونية,2026/06/10,"37,445,410"
الخدمات الرقمية,عام,القطاع العام,خدمة إلكترونية,2026/06/10,"37,445,422"
الخدمات الرقمية,عام,القطاع العام,خدمة إلكترونية,2026/06/10,"37,447,365"
الخدمات الرقمية,عام,القطاع العام,خدمة إلكترونية,2026/06/10,"37,424,376"
الخدمات الرقمية,عام,القطاع العام,خدمة إلكترونية,2026/06/10,"37,424,377"
الخدمات الرقمية,عام,القطاع العام,خدمة إلكترونية,2026/06/10,"37,446,061"
الخدمات الرقمية,عام,القطاع العام,خدمة إلكترونية,2026/06/10,"37,446,071"
الخدمات الرقمية,عام,القطاع العام,خدمة إلكترونية,2026/06/10,"37,446,094"
الخدمات الرقمية,عام,القطاع العام,خدمة إلكترونية,2026/06/10,"37,446,095"
الخدمات الرقمية,عام,القطاع العام,خدمة إلكترونية,2026/06/10,"37,446,060"
الخدمات الرقمية,عام,القطاع العام,خدمة إلكترونية,2026/06/10,"37,446,078"
الخدمات الرقمية,عام,القطاع العام,خدمة إلكترونية,2026/06/10,"37,446,083"
الخدمات الرقمية,عام,القطاع العام,خدمة إلكترونية,2026/06/10,"37,446,077"
الخدمات الرقمية,عام,القطاع العام,خدمة إلكترونية,2026/06/10,"37,446,064"
الخدمات الرقمية,عام,القطاع العام,خدمة إلكترونية,2026/06/10,"37,446,065"
الخدمات الرقمية,عام,القطاع العام,خدمة إلكترونية,2026/06/10,"37,446,086"
الخدمات الرقمية,عام,القطاع العام,خدمة إلكترونية,2026/06/10,"37,446,089"
الخدمات الرقمية,عام,القطاع العام,خدمة إلكترونية,2026/06/10,"37,446,090"
الخدمات الرقمية,عام,القطاع العام,خدمة إلكترونية,2026/06/10,"37,446,092"
الخدمات الرقمية,عام,القطاع العام,خدمة إلكترونية,2026/06/10,"37,446,093"
الخدمات الرقمية,عام,القطاع العام,خدمة إلكترونية,2026/06/10,"37,446,079"
الخدمات الرقمية,عام,القطاع العام,خدمة إلكترونية,2026/06/10,"37,446,084"
الخدمات الرقمية,عام,القطاع العام,خدمة إلكترونية,2026/06/10,"37,446,058"
الخدمات الرقمية,عام,القطاع العام,خدمة إلكترونية,2026/06/10,"37,446,055"
الخدمات الرقمية,عام,القطاع العام,خدمة إلكترونية,2026/06/10,"37,446,091"
الخدمات الرقمية,عام,القطاع العام,خدمة إلكترونية,2026/06/10,"37,446,075"
الخدمات الرقمية,عام,القطاع العام,خدمة إلكترونية,2026/06/10,"37,446,051"
الخدمات الرقمية,عام,القطاع العام,خدمة إلكترونية,2026/06/10,"37,446,018"
الخدمات الرقمية,عام,القطاع العام,خدمة إلكترونية,2026/06/10,"37,446,066"
الخدمات الرقمية,عام,القطاع العام,خدمة إلكترونية,2026/06/10,"37,446,045"
الخدمات الرقمية,عام,القطاع العام,خدمة إلكترونية,2026/06/10,"37,446,043"
الخدمات الرقمية,عام,القطاع العام,خدمة إلكترونية,2026/06/10,"37,446,069"
الخدمات الرقمية,عام,القطاع العام,خدمة إلكترونية,2026/06/10,"37,446,070"
الخدمات الرقمية,عام,القطاع العام,خدمة إلكترونية,2026/06/10,"37,446,059"
الخدمات الرقمية,عام,القطاع العام,خدمة إلكترونية,2026/06/10,"37,446,073"
الخدمات الرقمية,عام,القطاع العام,خدمة إلكترونية,2026/06/10,"37,446,074"
الخدمات الرقمية,عام,القطاع العام,خدمة إلكترونية,2026/06/10,"37,446,068"
الخدمات الرقمية,عام,القطاع العام,خدمة إلكترونية,2026/06/10,"37,446,080"
الخدمات الرقمية,عام,القطاع العام,خدمة إلكترونية,2026/06/10,"37,446,087"
الخدمات الرقمية,عام,القطاع العام,خدمة إلكترونية,2026/06/10,"37,446,076"
الخدمات الرقمية,عام,القطاع العام,خدمة إلكترونية,2026/06/10,"37,446,046"
الخدمات الرقمية,عام,القطاع العام,خدمة إلكترونية,2026/06/10,"37,446,049"
الخدمات الرقمية,عام,القطاع العام,خدمة إلكترونية,2026/06/10,"37,446,047"
الخدمات الرقمية,عام,القطاع العام,خدمة إلكترونية,2026/06/10,"37,446,067"
الخدمات الرقمية,عام,القطاع العام,خدمة إلكترونية,2026/06/10,"37,446,085"
الخدمات الرقمية,عام,القطاع العام,خدمة إلكترونية,2026/06/10,"37,446,063"
الخدمات الرقمية,عام,القطاع العام,خدمة إلكترونية,2026/06/10,"37,446,088"
الخدمات الرقمية,عام,القطاع العام,خدمة إلكترونية,2026/06/10,"37,446,052"
الخدمات الرقمية,عام,القطاع العام,خدمة إلكترونية,2026/06/10,"37,446,062"
الخدمات الرقمية,عام,القطاع العام,خدمة إلكترونية,2026/06/10,"37,446,072"
الخدمات الرقمية,عام,القطاع العام,خدمة إلكترونية,2026/06/10,"37,446,040"
الخدمات الرقمية,عام,القطاع العام,خدمة إلكترونية,2026/06/10,"37,446,054"
الخدمات الرقمية,عام,القطاع العام,خدمة إلكترونية,2026/06/10,"37,446,053"
الخدمات الرقمية,عام,القطاع العام,خدمة إلكترونية,2026/06/10,"37,446,041"
الخدمات الرقمية,عام,القطاع العام,خدمة إلكترونية,2026/06/10,"37,446,081"
الخدمات الرقمية,عام,القطاع العام,خدمة إلكترونية,2026/06/10,"37,446,050"
الخدمات الرقمية,عام,القطاع العام,خدمة إلكترونية,2026/06/10,"37,446,057"
الخدمات الرقمية,عام,القطاع العام,خدمة إلكترونية,2026/06/10,"37,446,048"
الخدمات الرقمية,عام,القطاع العام,خدمة إلكترونية,2026/06/10,"37,446,019"
الخدمات الرقمية,عام,القطاع العام,خدمة إلكترونية جزئيا,2026/06/10,"37,427,324"
الخدمات الرقمية,عام,القطاع العام,خدمة إلكترونية جزئيا,2026/06/10,"37,427,406"
الخدمات الرقمية,عام,القطاع العام,خدمة إلكترونية جزئيا,2026/06/10,"37,427,418"
الخدمات الرقمية,عام,القطاع العام,خدمة إلكترونية جزئيا,2026/06/10,"37,427,450"
الخدمات الرقمية,عام,القطاع العام,خدمة إلكترونية جزئيا,2026/06/10,"37,427,365"
الخدمات الرقمية,عام,القطاع العام,خدمة إلكترونية جزئيا,2026/06/10,"37,437,103"
الخدمات الرقمية,عام,القطاع العام,خدمة إلكترونية جزئيا,2026/06/10,"37,437,268"
الخدمات الرقمية,عام,القطاع العام,خدمة إلكترونية جزئيا,2026/06/10,"37,437,499"
 الرياض,الرياض,القطاع العام,خدمة إلكترونية جزئيا,2026/06/10,"37,427,956"
الخدمات الرقمية,عام,القطاع العام,خدمة إلكترونية جزئيا,2026/06/10,"37,442,399"
الخدمات الرقمية,عام,القطاع العام,خدمة إلكترونية جزئيا,2026/06/10,"37,442,309"
الخدمات الرقمية,عام,القطاع العام,خدمة إلكترونية,2026/06/11,"37,477,789"
الخدمات الرقمية,عام,القطاع العام,خدمة إلكترونية,2026/06/11,"37,474,887"
الخدمات الرقمية,عام,القطاع العام,خدمة إلكترونية,2026/06/11,"37,467,189"
 عسير,ابها,القطاع العام,خدمة إلكترونية جزئيا,2026/06/11,"37,461,154"
 عسير,ابها,القطاع العام,خدمة إلكترونية جزئيا,2026/06/11,"37,461,088"
الخدمات الرقمية,عام,القطاع العام,خدمة إلكترونية,2026/06/11,"37,473,354"
الخدمات الرقمية,عام,القطاع العام,خدمة إلكترونية,2026/06/11,"37,474,890"
الخدمات الرقمية,عام,القطاع العام,خدمة إلكترونية,2026/06/11,"37,477,800"
الخدمات الرقمية,عام,القطاع العام,خدمة إلكترونية,2026/06/11,"37,474,891"
الخدمات الرقمية,عام,القطاع العام,خدمة إلكترونية,2026/06/11,"37,477,802"
الخدمات الرقمية,عام,القطاع العام,خدمة إلكترونية,2026/06/11,"37,477,803"
الخدمات الرقمية,عام,القطاع العام,خدمة إلكترونية جزئيا,2026/06/11,"37,466,942"
الخدمات الرقمية,عام,القطاع العام,خدمة إلكترونية جزئيا,2026/06/11,"37,466,636"
الخدمات الرقمية,عام,القطاع العام,خدمة إلكترونية جزئيا,2026/06/11,"37,466,787"
الخدمات الرقمية,عام,القطاع العام,خدمة إلكترونية جزئيا,2026/06/11,"37,466,508"
الخدمات الرقمية,عام,القطاع العام,خدمة إلكترونية جزئيا,2026/06/11,"37,470,299"
الخدمات الرقمية,عام,القطاع العام,خدمة إلكترونية جزئيا,2026/06/11,"37,471,228"
الخدمات الرقمية,عام,القطاع العام,خدمة إلكترونية جزئيا,2026/06/11,"37,469,871"
الخدمات الرقمية,عام,القطاع العام,خدمة إلكترونية جزئيا,2026/06/11,"37,470,673"
الخدمات الرقمية,عام,القطاع العام,خدمة إلكترونية جزئيا,2026/06/11,"37,470,072"
الخدمات الرقمية,عام,القطاع العام,خدمة إلكترونية جزئيا,2026/06/11,"37,471,150"
الخدمات الرقمية,عام,القطاع العام,خدمة إلكترونية جزئيا,2026/06/11,"37,470,864"
الخدمات الرقمية,عام,القطاع العام,خدمة إلكترونية جزئيا,2026/06/11,"37,470,442"
الخدمات الرقمية,عام,القطاع العام,خدمة إلكترونية جزئيا,2026/06/11,"37,471,065"
الخدمات الرقمية,عام,القطاع العام,خدمة إلكترونية جزئيا,2026/06/11,"37,470,788"
الخدمات الرقمية,عام,القطاع العام,خدمة إلكترونية جزئيا,2026/06/11,"37,469,697"
الخدمات الرقمية,عام,القطاع العام,خدمة إلكترونية جزئيا,2026/06/11,"37,470,243"
الخدمات الرقمية,عام,القطاع العام,خدمة إلكترونية جزئيا,2026/06/11,"37,470,742"
الخدمات الرقمية,عام,القطاع العام,خدمة إلكترونية جزئيا,2026/06/11,"37,465,803"
الخدمات الرقمية,عام,القطاع العام,خدمة إلكترونية جزئيا,2026/06/11,"37,466,016"
الخدمات الرقمية,عام,القطاع العام,خدمة إلكترونية جزئيا,2026/06/11,"37,466,298"
 الرياض,الرياض,القطاع العام,خدمة إلكترونية جزئيا,2026/06/11,"37,459,195"
 الرياض,الرياض,القطاع العام,خدمة إلكترونية جزئيا,2026/06/11,"37,458,211"
الخدمات الرقمية,عام,القطاع العام,خدمة إلكترونية جزئيا,2026/06/11,"37,460,726"
الخدمات الرقمية,عام,القطاع العام,خدمة إلكترونية جزئيا,2026/06/11,"37,460,612"
الخدمات الرقمية,عام,القطاع العام,خدمة إلكترونية جزئيا,2026/06/11,"37,469,461"
الخدمات الرقمية,عام,القطاع العام,خدمة إلكترونية جزئيا,2026/06/11,"37,469,011"
الخدمات الرقمية,عام,القطاع العام,خدمة إلكترونية جزئيا,2026/06/11,"37,469,582"
الخدمات الرقمية,عام,القطاع العام,خدمة إلكترونية جزئيا,2026/06/11,"37,469,169"
الخدمات الرقمية,عام,القطاع العام,خدمة إلكترونية جزئيا,2026/06/11,"37,468,853"
الخدمات الرقمية,عام,القطاع العام,خدمة إلكترونية جزئيا,2026/06/11,"37,449,062"
الخدمات الرقمية,عام,القطاع العام,خدمة إلكترونية جزئيا,2026/06/11,"37,449,056"
الخدمات الرقمية,عام,القطاع العام,خدمة إلكترونية جزئيا,2026/06/11,"37,448,880"
الخدمات الرقمية,عام,القطاع العام,خدمة إلكترونية جزئيا,2026/06/11,"37,448,898"
الخدمات الرقمية,عام,القطاع العام,خدمة إلكترونية جزئيا,2026/06/11,"37,448,778"
 الرياض,الرياض,القطاع العام,خدمة إلكترونية جزئيا,2026/06/11,"37,457,309"
 الرياض,الرياض,القطاع العام,خدمة إلكترونية جزئيا,2026/06/11,"37,469,127"
 الرياض,الرياض,القطاع العام,خدمة إلكترونية جزئيا,2026/06/11,"37,469,543"
 الرياض,الرياض,القطاع العام,خدمة إلكترونية جزئيا,2026/06/11,"37,469,372"
 الرياض,الرياض,القطاع العام,خدمة إلكترونية جزئيا,2026/06/11,"37,459,260"
 الرياض,الرياض,القطاع العام,خدمة إلكترونية جزئيا,2026/06/11,"37,458,124"
 الرياض,الرياض,القطاع العام,خدمة إلكترونية جزئيا,2026/06/11,"37,457,392"
الخدمات الرقمية,عام,القطاع العام,خدمة إلكترونية,2026/06/12,"37,484,506"
الخدمات الرقمية,عام,القطاع العام,خدمة إلكترونية,2026/06/12,"37,484,516"
الخدمات الرقمية,عام,القطاع العام,خدمة إلكترونية جزئيا,2026/06/13,"37,501,531"
الخدمات الرقمية,عام,القطاع العام,خدمة إلكترونية,2026/06/13,"37,500,416"
الخدمات الرقمية,عام,القطاع العام,خدمة إلكترونية,2026/06/13,"37,498,808"
الخدمات الرقمية,عام,القطاع العام,خدمة إلكترونية,2026/06/13,"37,501,671"
الخدمات الرقمية,عام,القطاع العام,خدمة إلكترونية,2026/06/13,"37,496,042"
الخدمات الرقمية,عام,القطاع العام,خدمة إلكترونية,2026/06/13,"37,500,173"
الخدمات الرقمية,عام,القطاع العام,خدمة إلكترونية,2026/06/13,"37,498,586"
الخدمات الرقمية,عام,القطاع العام,خدمة إلكترونية,2026/06/13,"37,498,078"
الخدمات الرقمية,عام,القطاع العام,خدمة إلكترونية جزئيا,2026/06/13,"37,501,487"
الخدمات الرقمية,عام,القطاع العام,خدمة إلكترونية,2026/06/13,"37,500,176"
الخدمات الرقمية,عام,القطاع العام,خدمة إلكترونية,2026/06/13,"37,500,177"
الخدمات الرقمية,عام,القطاع العام,خدمة إلكترونية,2026/06/13,"37,498,143"
الخدمات الرقمية,عام,القطاع العام,خدمة إلكترونية,2026/06/13,"37,498,144"
الخدمات الرقمية,عام,القطاع العام,خدمة إلكترونية,2026/06/13,"37,498,145"
الخدمات الرقمية,عام,القطاع العام,خدمة إلكترونية,2026/06/13,"37,498,149"
الخدمات الرقمية,عام,القطاع العام,خدمة إلكترونية,2026/06/13,"37,498,150"
الخدمات الرقمية,عام,القطاع العام,خدمة إلكترونية,2026/06/13,"37,498,151"
الخدمات الرقمية,عام,القطاع العام,خدمة إلكترونية,2026/06/13,"37,500,464"
الخدمات الرقمية,عام,القطاع العام,خدمة إلكترونية,2026/06/13,"37,500,465"
الخدمات الرقمية,عام,القطاع العام,خدمة إلكترونية,2026/06/13,"37,500,460"
الخدمات الرقمية,عام,القطاع العام,خدمة إلكترونية,2026/06/13,"37,498,147"
الخدمات الرقمية,عام,القطاع العام,خدمة إلكترونية,2026/06/13,"37,500,461"
الخدمات الرقمية,عام,القطاع العام,خدمة إلكترونية,2026/06/13,"37,500,462"
الخدمات الرقمية,عام,القطاع العام,خدمة إلكترونية,2026/06/13,"37,496,061"
الخدمات الرقمية,عام,القطاع العام,خدمة إلكترونية,2026/06/13,"37,498,588"
الخدمات الرقمية,عام,القطاع العام,خدمة إلكترونية,2026/06/13,"37,498,152"
الخدمات الرقمية,عام,القطاع العام,خدمة إلكترونية,2026/06/13,"37,500,178"
الخدمات الرقمية,عام,القطاع العام,خدمة إلكترونية,2026/06/13,"37,500,463"
الخدمات الرقمية,عام,القطاع العام,خدمة إلكترونية,2026/06/13,"37,498,146"
الخدمات الرقمية,عام,القطاع العام,خدمة إلكترونية,2026/06/13,"37,501,683"
الخدمات الرقمية,عام,القطاع العام,خدمة إلكترونية,2026/06/13,"37,496,060"
الخدمات الرقمية,عام,القطاع العام,خدمة إلكترونية,2026/06/13,"37,498,148"
الخدمات الرقمية,عام,القطاع العام,خدمة إلكترونية,2026/06/13,"37,498,785"
الخدمات الرقمية,عام,القطاع العام,خدمة إلكترونية,2026/06/13,"37,498,786"
الخدمات الرقمية,عام,القطاع العام,خدمة إلكترونية,2026/06/13,"37,498,787"
 الرياض,الرياض,القطاع العام,خدمة إلكترونية جزئيا,2026/06/13,"37,500,987"
 الرياض,الرياض,القطاع العام,خدمة إلكترونية جزئيا,2026/06/13,"37,501,039"
 الرياض,الرياض,القطاع العام,خدمة إلكترونية جزئيا,2026/06/13,"37,500,996"
 الرياض,الرياض,القطاع العام,خدمة إلكترونية جزئيا,2026/06/13,"37,500,975"
 الرياض,الرياض,القطاع العام,خدمة إلكترونية جزئيا,2026/06/13,"37,501,157"
 الرياض,الرياض,القطاع العام,خدمة إلكترونية جزئيا,2026/06/13,"37,501,025"
 الرياض,الرياض,القطاع العام,خدمة إلكترونية جزئيا,2026/06/13,"37,501,142"
 القصيم,بريده,القطاع العام,خدمة إلكترونية جزئيا,2026/06/14,"37,515,474"
 القصيم,بريده,القطاع العام,خدمة إلكترونية جزئيا,2026/06/14,"37,515,597"
 القصيم,بريده,القطاع العام,خدمة إلكترونية جزئيا,2026/06/14,"37,516,492"
 القصيم,بريده,القطاع العام,خدمة إلكترونية جزئيا,2026/06/14,"37,515,985"
 القصيم,بريده,القطاع العام,خدمة إلكترونية جزئيا,2026/06/14,"37,515,189"
 القصيم,بريده,القطاع العام,خدمة إلكترونية جزئيا,2026/06/14,"37,515,733"
 القصيم,بريده,القطاع العام,خدمة إلكترونية جزئيا,2026/06/14,"37,516,372"
 القصيم,بريده,القطاع العام,خدمة إلكترونية جزئيا,2026/06/14,"37,516,456"
 القصيم,بريده,القطاع العام,خدمة إلكترونية جزئيا,2026/06/14,"37,515,361"
 القصيم,بريده,القطاع العام,خدمة إلكترونية جزئيا,2026/06/14,"37,516,418"
 القصيم,بريده,القطاع العام,خدمة إلكترونية جزئيا,2026/06/14,"37,514,886"
 القصيم,بريده,القطاع العام,خدمة إلكترونية جزئيا,2026/06/14,"37,516,527"
 القصيم,بريده,القطاع العام,خدمة إلكترونية جزئيا,2026/06/14,"37,516,037"
 القصيم,بريده,القطاع العام,خدمة إلكترونية جزئيا,2026/06/14,"37,516,323"
الخدمات الرقمية,عام,القطاع العام,خدمة إلكترونية جزئيا,2026/06/14,"37,503,257"
الخدمات الرقمية,عام,القطاع العام,خدمة إلكترونية جزئيا,2026/06/14,"37,503,666"
الخدمات الرقمية,عام,القطاع العام,خدمة إلكترونية جزئيا,2026/06/14,"37,503,510"
الخدمات الرقمية,عام,القطاع العام,خدمة إلكترونية جزئيا,2026/06/14,"37,503,558"
الخدمات الرقمية,عام,القطاع العام,خدمة إلكترونية جزئيا,2026/06/14,"37,503,342"
الخدمات الرقمية,عام,القطاع العام,خدمة إلكترونية جزئيا,2026/06/14,"37,503,655"
الخدمات الرقمية,عام,القطاع العام,خدمة إلكترونية جزئيا,2026/06/14,"37,503,462"
الخدمات الرقمية,عام,القطاع العام,خدمة إلكترونية جزئيا,2026/06/14,"37,503,643"
الخدمات الرقمية,عام,القطاع العام,خدمة إلكترونية جزئيا,2026/06/14,"37,503,604"
الخدمات الرقمية,عام,القطاع العام,خدمة إلكترونية جزئيا,2026/06/14,"37,503,671"
الخدمات الرقمية,عام,القطاع العام,خدمة إلكترونية جزئيا,2026/06/14,"37,503,252"
الخدمات الرقمية,عام,القطاع العام,خدمة إلكترونية جزئيا,2026/06/14,"37,503,476"
الخدمات الرقمية,عام,القطاع العام,خدمة إلكترونية جزئيا,2026/06/14,"37,503,610"
الخدمات الرقمية,عام,القطاع العام,خدمة إلكترونية جزئيا,2026/06/14,"37,523,081"
الخدمات الرقمية,عام,القطاع العام,خدمة إلكترونية جزئيا,2026/06/14,"37,523,134"
الخدمات الرقمية,عام,القطاع العام,خدمة إلكترونية جزئيا,2026/06/14,"37,523,124"
الخدمات الرقمية,عام,القطاع العام,خدمة إلكترونية جزئيا,2026/06/14,"37,523,137"
الخدمات الرقمية,عام,القطاع العام,خدمة إلكترونية,2026/06/14,"37,522,600"
الخدمات الرقمية,عام,القطاع العام,خدمة إلكترونية,2026/06/14,"37,522,880"
الخدمات الرقمية,عام,القطاع العام,خدمة إلكترونية,2026/06/14,"37,522,544"
الخدمات الرقمية,عام,القطاع العام,خدمة إلكترونية,2026/06/14,"37,523,256"
الخدمات الرقمية,عام,القطاع العام,خدمة إلكترونية,2026/06/14,"37,524,149"
الخدمات الرقمية,عام,القطاع العام,خدمة إلكترونية,2026/06/14,"37,523,255"
الخدمات الرقمية,عام,القطاع العام,خدمة إلكترونية,2026/06/14,"37,519,328"
الخدمات الرقمية,عام,القطاع العام,خدمة إلكترونية,2026/06/14,"37,520,282"
الخدمات الرقمية,عام,القطاع العام,خدمة إلكترونية,2026/06/14,"37,522,546"
 جازان,جيزان,القطاع العام,خدمة إلكترونية جزئيا,2026/06/14,"37,509,189"
 جازان,جيزان,القطاع العام,خدمة إلكترونية جزئيا,2026/06/14,"37,509,140"
الخدمات الرقمية,عام,القطاع العام,خدمة إلكترونية,2026/06/14,"37,522,562"
الخدمات الرقمية,عام,القطاع العام,خدمة إلكترونية,2026/06/14,"37,522,563"
الخدمات الرقمية,عام,القطاع العام,خدمة إلكترونية,2026/06/14,"37,516,155"
الخدمات الرقمية,عام,القطاع العام,خدمة إلكترونية,2026/06/14,"37,522,604"
الخدمات الرقمية,عام,القطاع العام,خدمة إلكترونية,2026/06/14,"37,515,198"
الخدمات الرقمية,عام,القطاع العام,خدمة إلكترونية,2026/06/14,"37,524,157"
الخدمات الرقمية,عام,القطاع العام,خدمة إلكترونية,2026/06/14,"37,522,549"
الخدمات الرقمية,عام,القطاع العام,خدمة إلكترونية,2026/06/14,"37,522,550"
الخدمات الرقمية,عام,القطاع العام,خدمة إلكترونية,2026/06/14,"37,522,551"
الخدمات الرقمية,عام,القطاع العام,خدمة إلكترونية,2026/06/14,"37,522,882"
الخدمات الرقمية,عام,القطاع العام,خدمة إلكترونية,2026/06/14,"37,523,262"
الخدمات الرقمية,عام,القطاع العام,خدمة إلكترونية,2026/06/14,"37,516,157"
الخدمات الرقمية,عام,القطاع العام,خدمة إلكترونية,2026/06/14,"37,522,602"
الخدمات الرقمية,عام,القطاع العام,خدمة إلكترونية,2026/06/14,"37,522,883"
الخدمات الرقمية,عام,القطاع العام,خدمة إلكترونية,2026/06/14,"37,522,561"
الخدمات الرقمية,عام,القطاع العام,خدمة إلكترونية,2026/06/14,"37,523,261"
الخدمات الرقمية,عام,القطاع العام,خدمة إلكترونية,2026/06/14,"37,515,197"
الخدمات الرقمية,عام,القطاع العام,خدمة إلكترونية,2026/06/14,"37,524,156"
الخدمات الرقمية,عام,القطاع العام,خدمة إلكترونية,2026/06/14,"37,522,884"
الخدمات الرقمية,عام,القطاع العام,خدمة إلكترونية,2026/06/14,"37,522,885"
الخدمات الرقمية,عام,القطاع العام,خدمة إلكترونية,2026/06/14,"37,519,316"
الخدمات الرقمية,عام,القطاع العام,خدمة إلكترونية,2026/06/14,"37,523,263"
الخدمات الرقمية,عام,القطاع العام,خدمة إلكترونية,2026/06/14,"37,522,603"
الخدمات الرقمية,عام,القطاع العام,خدمة إلكترونية,2026/06/14,"37,520,304"
الخدمات الرقمية,عام,القطاع العام,خدمة إلكترونية,2026/06/14,"37,523,258"
الخدمات الرقمية,عام,القطاع العام,خدمة إلكترونية,2026/06/14,"37,523,259"
الخدمات الرقمية,عام,القطاع العام,خدمة إلكترونية,2026/06/14,"37,523,260"
الخدمات الرقمية,عام,القطاع العام,خدمة إلكترونية,2026/06/14,"37,524,158"
الخدمات الرقمية,عام,القطاع العام,خدمة إلكترونية,2026/06/14,"37,519,318"
الخدمات الرقمية,عام,القطاع العام,خدمة إلكترونية,2026/06/14,"37,519,317"
الخدمات الرقمية,عام,القطاع العام,خدمة إلكترونية جزئيا,2026/06/14,"37,503,930"
الخدمات الرقمية,عام,القطاع العام,خدمة إلكترونية جزئيا,2026/06/14,"37,503,833"
الخدمات الرقمية,عام,القطاع العام,خدمة إلكترونية جزئيا,2026/06/14,"37,503,943"
الخدمات الرقمية,عام,القطاع العام,خدمة إلكترونية جزئيا,2026/06/14,"37,503,722"
الخدمات الرقمية,عام,القطاع العام,خدمة إلكترونية جزئيا,2026/06/14,"37,503,822"
الخدمات الرقمية,عام,القطاع العام,خدمة إلكترونية جزئيا,2026/06/14,"37,503,732"
الخدمات الرقمية,عام,القطاع العام,خدمة إلكترونية جزئيا,2026/06/14,"37,503,764"
الخدمات الرقمية,عام,القطاع العام,خدمة إلكترونية جزئيا,2026/06/14,"37,503,898"
الخدمات الرقمية,عام,القطاع العام,خدمة إلكترونية جزئيا,2026/06/14,"37,503,835"
الخدمات الرقمية,عام,القطاع العام,خدمة إلكترونية جزئيا,2026/06/14,"37,503,887"
الخدمات الرقمية,عام,القطاع العام,خدمة إلكترونية جزئيا,2026/06/14,"37,503,977"
الخدمات الرقمية,عام,القطاع العام,خدمة إلكترونية جزئيا,2026/06/14,"37,503,969"
الخدمات الرقمية,عام,القطاع العام,خدمة إلكترونية جزئيا,2026/06/15,"37,549,046"
الخدمات الرقمية,عام,القطاع العام,خدمة إلكترونية جزئيا,2026/06/15,"37,549,018"
 جازان,جيزان,القطاع العام,خدمة إلكترونية جزئيا,2026/06/15,"37,532,982"
الخدمات الرقمية,عام,القطاع العام,خدمة إلكترونية,2026/06/15,"37,544,743"
الخدمات الرقمية,عام,القطاع العام,خدمة إلكترونية,2026/06/15,"37,545,887"
الخدمات الرقمية,عام,القطاع العام,خدمة إلكترونية,2026/06/15,"37,545,888"
الخدمات الرقمية,عام,القطاع العام,خدمة إلكترونية,2026/06/15,"37,545,886"
الخدمات الرقمية,عام,القطاع العام,خدمة إلكترونية,2026/06/15,"37,544,688"
الخدمات الرقمية,عام,القطاع العام,خدمة إلكترونية,2026/06/15,"37,528,473"
الخدمات الرقمية,عام,القطاع العام,خدمة إلكترونية,2026/06/15,"37,528,474"
الخدمات الرقمية,عام,القطاع العام,خدمة إلكترونية,2026/06/15,"37,529,260"
الخدمات الرقمية,عام,القطاع العام,خدمة إلكترونية,2026/06/15,"37,530,658"
الخدمات الرقمية,عام,القطاع العام,خدمة إلكترونية,2026/06/15,"37,530,657"
الخدمات الرقمية,عام,القطاع العام,خدمة إلكترونية,2026/06/15,"37,529,238"
الخدمات الرقمية,عام,القطاع العام,خدمة إلكترونية,2026/06/15,"37,529,239"
الخدمات الرقمية,عام,القطاع العام,خدمة إلكترونية,2026/06/15,"37,532,344"
الخدمات الرقمية,عام,القطاع العام,خدمة إلكترونية,2026/06/15,"37,532,345"
الخدمات الرقمية,عام,القطاع العام,خدمة إلكترونية,2026/06/15,"37,532,456"
الخدمات الرقمية,عام,القطاع العام,خدمة إلكترونية,2026/06/15,"37,532,454"
الخدمات الرقمية,عام,القطاع العام,خدمة إلكترونية,2026/06/15,"37,532,452"
الخدمات الرقمية,عام,القطاع العام,خدمة إلكترونية,2026/06/15,"37,532,455"
 الرياض,الرياض,القطاع العام,خدمة إلكترونية جزئيا,2026/06/15,"37,531,791"
 جازان,جيزان,القطاع العام,خدمة إلكترونية جزئيا,2026/06/15,"37,532,941"
 جازان,جيزان,القطاع العام,خدمة إلكترونية جزئيا,2026/06/15,"37,532,951"
الخدمات الرقمية,عام,القطاع العام,خدمة إلكترونية,2026/06/15,"37,529,243"
الخدمات الرقمية,عام,القطاع العام,خدمة إلكترونية,2026/06/15,"37,532,322"
الخدمات الرقمية,عام,القطاع العام,خدمة إلكترونية,2026/06/15,"37,544,686"
الخدمات الرقمية,عام,القطاع العام,خدمة إلكترونية,2026/06/15,"37,545,856"
الخدمات الرقمية,عام,القطاع العام,خدمة إلكترونية,2026/06/15,"37,528,414"
الخدمات الرقمية,عام,القطاع العام,خدمة إلكترونية,2026/06/15,"37,544,713"
الخدمات الرقمية,عام,القطاع العام,خدمة إلكترونية,2026/06/15,"37,532,443"
 الرياض,الرياض,القطاع العام,خدمة إلكترونية جزئيا,2026/06/16,"37,572,161"
 الرياض,الرياض,القطاع العام,خدمة إلكترونية جزئيا,2026/06/16,"37,572,316"
 الرياض,الرياض,القطاع العام,خدمة إلكترونية جزئيا,2026/06/16,"37,572,570"
 الرياض,الرياض,القطاع العام,خدمة إلكترونية جزئيا,2026/06/16,"37,571,994"
 الرياض,الرياض,القطاع العام,خدمة إلكترونية جزئيا,2026/06/16,"37,571,789"
الخدمات الرقمية,عام,القطاع العام,خدمة إلكترونية,2026/06/16,"37,549,516"
الخدمات الرقمية,عام,القطاع العام,خدمة إلكترونية,2026/06/16,"37,563,470"
الخدمات الرقمية,عام,القطاع العام,خدمة إلكترونية,2026/06/16,"37,563,471"
الخدمات الرقمية,عام,القطاع العام,خدمة إلكترونية,2026/06/16,"37,563,469"
الخدمات الرقمية,عام,القطاع العام,خدمة إلكترونية,2026/06/16,"37,562,382"
الخدمات الرقمية,عام,القطاع العام,خدمة إلكترونية,2026/06/16,"37,565,451"
الخدمات الرقمية,عام,القطاع العام,خدمة إلكترونية,2026/06/16,"37,566,301"
الخدمات الرقمية,عام,القطاع العام,خدمة إلكترونية,2026/06/16,"37,571,961"
الخدمات الرقمية,عام,القطاع العام,خدمة إلكترونية,2026/06/16,"37,575,314"
الخدمات الرقمية,عام,القطاع العام,خدمة إلكترونية,2026/06/16,"37,575,386"
الخدمات الرقمية,عام,القطاع العام,خدمة إلكترونية,2026/06/16,"37,575,614"
الخدمات الرقمية,عام,القطاع العام,خدمة إلكترونية,2026/06/16,"37,579,166"
الخدمات الرقمية,عام,القطاع العام,خدمة إلكترونية,2026/06/16,"37,579,171"
الخدمات الرقمية,عام,القطاع العام,خدمة إلكترونية,2026/06/16,"37,579,172"
الخدمات الرقمية,عام,القطاع العام,خدمة إلكترونية,2026/06/16,"37,579,169"
الخدمات الرقمية,عام,القطاع العام,خدمة إلكترونية,2026/06/16,"37,579,170"
الخدمات الرقمية,عام,القطاع العام,خدمة إلكترونية,2026/06/16,"37,579,174"
الخدمات الرقمية,عام,القطاع العام,خدمة إلكترونية,2026/06/16,"37,579,175"
الخدمات الرقمية,عام,القطاع العام,خدمة إلكترونية,2026/06/16,"37,579,177"
الخدمات الرقمية,عام,القطاع العام,خدمة إلكترونية,2026/06/16,"37,579,178"
الخدمات الرقمية,عام,القطاع العام,خدمة إلكترونية,2026/06/16,"37,579,176"
الخدمات الرقمية,عام,القطاع العام,خدمة إلكترونية,2026/06/16,"37,579,164"
الخدمات الرقمية,عام,القطاع العام,خدمة إلكترونية,2026/06/16,"37,579,168"
الخدمات الرقمية,عام,القطاع العام,خدمة إلكترونية,2026/06/16,"37,579,165"
الخدمات الرقمية,عام,القطاع العام,خدمة إلكترونية,2026/06/16,"37,579,179"
الخدمات الرقمية,عام,القطاع العام,خدمة إلكترونية,2026/06/16,"37,579,162"
الخدمات الرقمية,عام,القطاع العام,خدمة إلكترونية,2026/06/16,"37,579,163"
الخدمات الرقمية,عام,القطاع العام,خدمة إلكترونية,2026/06/16,"37,579,173"
الخدمات الرقمية,عام,القطاع العام,خدمة إلكترونية,2026/06/16,"37,575,613"
الخدمات الرقمية,عام,القطاع العام,خدمة إلكترونية,2026/06/16,"37,578,174"
الخدمات الرقمية,عام,القطاع العام,خدمة إلكترونية جزئيا,2026/06/16,"37,569,514"
الخدمات الرقمية,عام,القطاع العام,خدمة إلكترونية جزئيا,2026/06/16,"37,569,471"
الخدمات الرقمية,عام,القطاع العام,خدمة إلكترونية جزئيا,2026/06/16,"37,569,281"
الخدمات الرقمية,عام,القطاع العام,خدمة إلكترونية جزئيا,2026/06/16,"37,569,327"
الخدمات الرقمية,عام,القطاع العام,خدمة إلكترونية جزئيا,2026/06/16,"37,569,706"
الخدمات الرقمية,عام,القطاع العام,خدمة إلكترونية جزئيا,2026/06/16,"37,569,695"
الخدمات الرقمية,عام,القطاع العام,خدمة إلكترونية جزئيا,2026/06/16,"37,552,860"
الخدمات الرقمية,عام,القطاع العام,خدمة إلكترونية جزئيا,2026/06/16,"37,552,878"
الخدمات الرقمية,عام,القطاع العام,خدمة إلكترونية جزئيا,2026/06/16,"37,553,061"
الخدمات الرقمية,عام,القطاع العام,خدمة إلكترونية جزئيا,2026/06/16,"37,564,609"
الخدمات الرقمية,عام,القطاع العام,خدمة إلكترونية جزئيا,2026/06/16,"37,552,987"
الخدمات الرقمية,عام,القطاع العام,خدمة إلكترونية جزئيا,2026/06/16,"37,552,832"
الخدمات الرقمية,عام,القطاع العام,خدمة إلكترونية جزئيا,2026/06/16,"37,552,929"
الخدمات الرقمية,عام,القطاع العام,خدمة إلكترونية جزئيا,2026/06/16,"37,564,557"
الخدمات الرقمية,عام,القطاع العام,خدمة إلكترونية جزئيا,2026/06/16,"37,553,070"
الخدمات الرقمية,عام,القطاع العام,خدمة إلكترونية جزئيا,2026/06/16,"37,549,735"
الخدمات الرقمية,عام,القطاع العام,خدمة إلكترونية جزئيا,2026/06/16,"37,549,833"
الخدمات الرقمية,عام,القطاع العام,خدمة إلكترونية جزئيا,2026/06/16,"37,549,765"
الخدمات الرقمية,عام,القطاع العام,خدمة إلكترونية جزئيا,2026/06/16,"37,549,769"
الخدمات الرقمية,عام,القطاع العام,خدمة إلكترونية جزئيا,2026/06/16,"37,549,867"
الخدمات الرقمية,عام,القطاع العام,خدمة إلكترونية جزئيا,2026/06/16,"37,549,901"
الخدمات الرقمية,عام,القطاع العام,خدمة إلكترونية جزئيا,2026/06/16,"37,549,805"
الخدمات الرقمية,عام,القطاع العام,خدمة إلكترونية جزئيا,2026/06/16,"37,564,364"
الخدمات الرقمية,عام,القطاع العام,خدمة إلكترونية جزئيا,2026/06/16,"37,564,465"
 الرياض,الرياض,القطاع العام,خدمة إلكترونية جزئيا,2026/06/16,"37,564,818"
 الرياض,الرياض,القطاع العام,خدمة إلكترونية جزئيا,2026/06/16,"37,565,401"
 الرياض,الرياض,القطاع العام,خدمة إلكترونية جزئيا,2026/06/16,"37,565,452"
 الرياض,الرياض,القطاع العام,خدمة إلكترونية جزئيا,2026/06/16,"37,565,559"
 الرياض,الرياض,القطاع العام,خدمة إلكترونية جزئيا,2026/06/16,"37,565,654"
 الرياض,الرياض,القطاع العام,خدمة إلكترونية جزئيا,2026/06/16,"37,565,046"
 الرياض,الرياض,القطاع العام,خدمة إلكترونية جزئيا,2026/06/16,"37,565,130"
 الرياض,الرياض,القطاع العام,خدمة إلكترونية جزئيا,2026/06/16,"37,565,216"
 الرياض,الرياض,القطاع العام,خدمة إلكترونية جزئيا,2026/06/16,"37,565,320"
 الرياض,الرياض,القطاع العام,خدمة إلكترونية جزئيا,2026/06/16,"37,572,398"
 الرياض,الرياض,القطاع العام,خدمة إلكترونية جزئيا,2026/06/16,"37,572,503"
 القصيم,بريده,القطاع العام,خدمة إلكترونية جزئيا,2026/06/16,"37,564,960"
 القصيم,بريده,القطاع العام,خدمة إلكترونية جزئيا,2026/06/16,"37,566,090"
الخدمات الرقمية,عام,القطاع العام,خدمة إلكترونية جزئيا,2026/06/16,"37,552,036"
الخدمات الرقمية,عام,القطاع العام,خدمة إلكترونية جزئيا,2026/06/16,"37,552,087"
الخدمات الرقمية,عام,القطاع العام,خدمة إلكترونية جزئيا,2026/06/16,"37,551,973"
الخدمات الرقمية,عام,القطاع العام,خدمة إلكترونية جزئيا,2026/06/16,"37,551,578"
الخدمات الرقمية,عام,القطاع العام,خدمة إلكترونية جزئيا,2026/06/16,"37,551,719"
الخدمات الرقمية,عام,القطاع العام,خدمة إلكترونية جزئيا,2026/06/16,"37,552,319"
الخدمات الرقمية,عام,القطاع العام,خدمة إلكترونية جزئيا,2026/06/16,"37,551,898"
الخدمات الرقمية,عام,القطاع العام,خدمة إلكترونية جزئيا,2026/06/16,"37,552,757"
الخدمات الرقمية,عام,القطاع العام,خدمة إلكترونية جزئيا,2026/06/16,"37,552,138"
الخدمات الرقمية,عام,القطاع العام,خدمة إلكترونية جزئيا,2026/06/16,"37,551,836"
الخدمات الرقمية,عام,القطاع العام,خدمة إلكترونية جزئيا,2026/06/16,"37,551,924"
الخدمات الرقمية,عام,القطاع العام,خدمة إلكترونية جزئيا,2026/06/16,"37,552,243"
الخدمات الرقمية,عام,القطاع العام,خدمة إلكترونية جزئيا,2026/06/16,"37,552,740"
الخدمات الرقمية,عام,القطاع العام,خدمة إلكترونية جزئيا,2026/06/16,"37,551,752"
الخدمات الرقمية,عام,القطاع العام,خدمة إلكترونية جزئيا,2026/06/16,"37,551,647"
الخدمات الرقمية,عام,القطاع العام,خدمة إلكترونية جزئيا,2026/06/16,"37,552,687"
الخدمات الرقمية,عام,القطاع العام,خدمة إلكترونية جزئيا,2026/06/16,"37,551,714"
الخدمات الرقمية,عام,القطاع العام,خدمة إلكترونية جزئيا,2026/06/16,"37,552,293"
 الشرقية,الدمام,القطاع العام,خدمة إلكترونية جزئيا,2026/06/16,"37,562,193"
الخدمات الرقمية,عام,القطاع العام,خدمة إلكترونية جزئيا,2026/06/16,"37,575,996"
الخدمات الرقمية,عام,القطاع العام,خدمة إلكترونية جزئيا,2026/06/16,"37,576,239"
الخدمات الرقمية,عام,القطاع العام,خدمة إلكترونية جزئيا,2026/06/16,"37,575,826"
الخدمات الرقمية,عام,القطاع العام,خدمة إلكترونية جزئيا,2026/06/16,"37,575,940"
الخدمات الرقمية,عام,القطاع العام,خدمة إلكترونية جزئيا,2026/06/16,"37,576,266"
الخدمات الرقمية,عام,القطاع العام,خدمة إلكترونية جزئيا,2026/06/16,"37,575,908"
الخدمات الرقمية,عام,القطاع العام,خدمة إلكترونية جزئيا,2026/06/16,"37,576,281"
الخدمات الرقمية,عام,القطاع العام,خدمة إلكترونية جزئيا,2026/06/16,"37,576,029"
الخدمات الرقمية,عام,القطاع العام,خدمة إلكترونية جزئيا,2026/06/16,"37,575,790"
الخدمات الرقمية,عام,القطاع العام,خدمة إلكترونية جزئيا,2026/06/16,"37,575,982"
 جازان,جيزان,القطاع العام,خدمة إلكترونية جزئيا,2026/06/16,"37,557,926"
 جازان,جيزان,القطاع العام,خدمة إلكترونية جزئيا,2026/06/16,"37,558,304"
الخدمات الرقمية,عام,القطاع العام,خدمة إلكترونية,2026/06/16,"37,579,095"
الخدمات الرقمية,عام,القطاع العام,خدمة إلكترونية,2026/06/16,"37,562,368"
الخدمات الرقمية,عام,القطاع العام,خدمة إلكترونية,2026/06/16,"37,578,171"
الخدمات الرقمية,عام,القطاع العام,خدمة إلكترونية,2026/06/16,"37,575,370"
الخدمات الرقمية,عام,القطاع العام,خدمة إلكترونية,2026/06/16,"37,575,313"
الخدمات الرقمية,عام,القطاع العام,خدمة إلكترونية,2026/06/16,"37,565,425"
الخدمات الرقمية,عام,القطاع العام,خدمة إلكترونية,2026/06/16,"37,571,942"
الخدمات الرقمية,عام,القطاع العام,خدمة إلكترونية,2026/06/16,"37,566,274"
الخدمات الرقمية,عام,القطاع العام,خدمة إلكترونية,2026/06/16,"37,563,455"
الخدمات الرقمية,عام,القطاع العام,خدمة إلكترونية,2026/06/16,"37,549,501"
الخدمات الرقمية,عام,القطاع العام,خدمة إلكترونية,2026/06/16,"37,575,608"
الخدمات الرقمية,عام,القطاع العام,خدمة إلكترونية جزئيا,2026/06/17,"37,607,701"
الخدمات الرقمية,عام,القطاع العام,خدمة إلكترونية جزئيا,2026/06/17,"37,607,611"
الخدمات الرقمية,عام,القطاع العام,خدمة إلكترونية جزئيا,2026/06/17,"37,607,646"
الخدمات الرقمية,عام,القطاع العام,خدمة إلكترونية جزئيا,2026/06/17,"37,607,683"
الخدمات الرقمية,عام,القطاع العام,خدمة إلكترونية جزئيا,2026/06/17,"37,607,710"
الخدمات الرقمية,عام,القطاع العام,خدمة إلكترونية جزئيا,2026/06/17,"37,607,649"
الخدمات الرقمية,عام,القطاع العام,خدمة إلكترونية جزئيا,2026/06/17,"37,607,641"
الخدمات الرقمية,عام,القطاع العام,خدمة إلكترونية جزئيا,2026/06/17,"37,605,863"
الخدمات الرقمية,عام,القطاع العام,خدمة إلكترونية جزئيا,2026/06/17,"37,605,833"
الخدمات الرقمية,عام,القطاع العام,خدمة إلكترونية جزئيا,2026/06/17,"37,604,339"
الخدمات الرقمية,عام,القطاع العام,خدمة إلكترونية جزئيا,2026/06/17,"37,605,836"
الخدمات الرقمية,عام,القطاع العام,خدمة إلكترونية جزئيا,2026/06/17,"37,604,222"
الخدمات الرقمية,عام,القطاع العام,خدمة إلكترونية جزئيا,2026/06/17,"37,605,868"
الخدمات الرقمية,عام,القطاع العام,خدمة إلكترونية جزئيا,2026/06/17,"37,607,692"
الخدمات الرقمية,عام,القطاع العام,خدمة إلكترونية جزئيا,2026/06/17,"37,604,274"
 عسير,ابها,القطاع العام,خدمة إلكترونية جزئيا,2026/06/17,"37,591,006"
 عسير,ابها,القطاع العام,خدمة إلكترونية جزئيا,2026/06/17,"37,591,116"
الخدمات الرقمية,عام,القطاع العام,خدمة إلكترونية,2026/06/17,"37,581,686"
الخدمات الرقمية,عام,القطاع العام,خدمة إلكترونية,2026/06/17,"37,581,567"
الخدمات الرقمية,عام,القطاع العام,خدمة إلكترونية,2026/06/17,"37,596,826"
الخدمات الرقمية,عام,القطاع العام,خدمة إلكترونية,2026/06/17,"37,603,094"
الخدمات الرقمية,عام,القطاع العام,خدمة إلكترونية,2026/06/17,"37,606,436"
الخدمات الرقمية,عام,القطاع العام,خدمة إلكترونية,2026/06/17,"37,606,437"
الخدمات الرقمية,عام,القطاع العام,خدمة إلكترونية,2026/06/17,"37,606,438"
الخدمات الرقمية,عام,القطاع العام,خدمة إلكترونية,2026/06/17,"37,603,103"
الخدمات الرقمية,عام,القطاع العام,خدمة إلكترونية,2026/06/17,"37,596,827"
الخدمات الرقمية,عام,القطاع العام,خدمة إلكترونية,2026/06/17,"37,596,828"
الخدمات الرقمية,عام,القطاع العام,خدمة إلكترونية,2026/06/17,"37,606,439"
الخدمات الرقمية,عام,القطاع العام,خدمة إلكترونية,2026/06/17,"37,596,830"
الخدمات الرقمية,عام,القطاع العام,خدمة إلكترونية,2026/06/17,"37,606,440"
الخدمات الرقمية,عام,القطاع العام,خدمة إلكترونية,2026/06/17,"37,591,331"
الخدمات الرقمية,عام,القطاع العام,خدمة إلكترونية,2026/06/17,"37,604,566"
الخدمات الرقمية,عام,القطاع العام,خدمة إلكترونية,2026/06/17,"37,596,829"
الخدمات الرقمية,عام,القطاع العام,خدمة إلكترونية,2026/06/17,"37,593,726"
الخدمات الرقمية,عام,القطاع العام,خدمة إلكترونية,2026/06/17,"37,593,597"
الخدمات الرقمية,عام,القطاع العام,خدمة إلكترونية,2026/06/17,"37,593,598"
الخدمات الرقمية,عام,القطاع العام,خدمة إلكترونية,2026/06/17,"37,593,725"
الخدمات الرقمية,عام,القطاع العام,خدمة إلكترونية جزئيا,2026/06/17,"37,593,668"
الخدمات الرقمية,عام,القطاع العام,خدمة إلكترونية جزئيا,2026/06/17,"37,586,771"
الخدمات الرقمية,عام,القطاع العام,خدمة إلكترونية جزئيا,2026/06/17,"37,586,848"
الخدمات الرقمية,عام,القطاع العام,خدمة إلكترونية جزئيا,2026/06/17,"37,584,180"
الخدمات الرقمية,عام,القطاع العام,خدمة إلكترونية جزئيا,2026/06/17,"37,584,148"
الخدمات الرقمية,عام,القطاع العام,خدمة إلكترونية جزئيا,2026/06/17,"37,584,153"
الخدمات الرقمية,عام,القطاع العام,خدمة إلكترونية جزئيا,2026/06/17,"37,592,028"
 الرياض,الرياض,القطاع العام,خدمة إلكترونية جزئيا,2026/06/17,"37,588,885"
 الرياض,الرياض,القطاع العام,خدمة إلكترونية جزئيا,2026/06/17,"37,588,523"
 مكة المكرمه,جده,القطاع العام,خدمة إلكترونية جزئيا,2026/06/17,"37,588,002"
 مكة المكرمه,جده,القطاع العام,خدمة إلكترونية جزئيا,2026/06/17,"37,588,163"
 عسير,ابها,القطاع العام,خدمة إلكترونية جزئيا,2026/06/17,"37,585,108"
 جازان,جيزان,القطاع العام,خدمة إلكترونية جزئيا,2026/06/17,"37,587,524"
 جازان,جيزان,القطاع العام,خدمة إلكترونية جزئيا,2026/06/17,"37,587,473"
 جازان,جيزان,القطاع العام,خدمة إلكترونية جزئيا,2026/06/17,"37,587,610"
 جازان,جيزان,القطاع العام,خدمة إلكترونية جزئيا,2026/06/17,"37,587,805"
 جازان,جيزان,القطاع العام,خدمة إلكترونية جزئيا,2026/06/17,"37,587,743"
 جازان,جيزان,القطاع العام,خدمة إلكترونية جزئيا,2026/06/17,"37,587,760"
 جازان,جيزان,القطاع العام,خدمة إلكترونية جزئيا,2026/06/17,"37,587,841"
 جازان,جيزان,القطاع العام,خدمة إلكترونية جزئيا,2026/06/17,"37,587,677"
الخدمات الرقمية,عام,القطاع العام,خدمة إلكترونية جزئيا,2026/06/17,"37,608,045"
الخدمات الرقمية,عام,القطاع العام,خدمة إلكترونية جزئيا,2026/06/17,"37,582,424"
الخدمات الرقمية,عام,القطاع العام,خدمة إلكترونية جزئيا,2026/06/17,"37,607,561"
الخدمات الرقمية,عام,القطاع العام,خدمة إلكترونية جزئيا,2026/06/17,"37,607,522"
الخدمات الرقمية,عام,القطاع العام,خدمة إلكترونية جزئيا,2026/06/17,"37,607,526"
الخدمات الرقمية,عام,القطاع العام,خدمة إلكترونية جزئيا,2026/06/17,"37,607,498"
الخدمات الرقمية,عام,القطاع العام,خدمة إلكترونية جزئيا,2026/06/17,"37,582,429"
الخدمات الرقمية,عام,القطاع العام,خدمة إلكترونية جزئيا,2026/06/17,"37,582,421"
الخدمات الرقمية,عام,القطاع العام,خدمة إلكترونية جزئيا,2026/06/17,"37,582,427"
الخدمات الرقمية,عام,القطاع العام,خدمة إلكترونية جزئيا,2026/06/17,"37,582,420"
الخدمات الرقمية,عام,القطاع العام,خدمة إلكترونية جزئيا,2026/06/17,"37,582,428"
الخدمات الرقمية,عام,القطاع العام,خدمة إلكترونية جزئيا,2026/06/17,"37,582,353"
الخدمات الرقمية,عام,القطاع العام,خدمة إلكترونية جزئيا,2026/06/17,"37,582,437"
الخدمات الرقمية,عام,القطاع العام,خدمة إلكترونية جزئيا,2026/06/17,"37,582,355"
الخدمات الرقمية,عام,القطاع العام,خدمة إلكترونية جزئيا,2026/06/17,"37,607,534"
الخدمات الرقمية,عام,القطاع العام,خدمة إلكترونية جزئيا,2026/06/17,"37,607,575"
الخدمات الرقمية,عام,القطاع العام,خدمة إلكترونية جزئيا,2026/06/17,"37,582,432"
 الرياض,الرياض,القطاع العام,خدمة إلكترونية جزئيا,2026/06/17,"37,593,172"
 الرياض,الرياض,القطاع العام,خدمة إلكترونية جزئيا,2026/06/17,"37,593,133"
 الرياض,الرياض,القطاع العام,خدمة إلكترونية جزئيا,2026/06/17,"37,593,032"
 الرياض,الرياض,القطاع العام,خدمة إلكترونية جزئيا,2026/06/17,"37,608,111"
 الرياض,الرياض,القطاع العام,خدمة إلكترونية جزئيا,2026/06/17,"37,608,176"
الخدمات الرقمية,عام,القطاع العام,خدمة إلكترونية,2026/06/17,"37,581,563"
الخدمات الرقمية,عام,القطاع العام,خدمة إلكترونية,2026/06/17,"37,581,678"
الخدمات الرقمية,عام,القطاع العام,خدمة إلكترونية,2026/06/17,"37,596,771"
الخدمات الرقمية,عام,القطاع العام,خدمة إلكترونية,2026/06/17,"37,603,076"
الخدمات الرقمية,عام,القطاع العام,خدمة إلكترونية,2026/06/17,"37,604,548"
الخدمات الرقمية,عام,القطاع العام,خدمة إلكترونية,2026/06/17,"37,593,696"
الخدمات الرقمية,عام,القطاع العام,خدمة إلكترونية,2026/06/17,"37,593,594"
الخدمات الرقمية,عام,القطاع العام,خدمة إلكترونية,2026/06/17,"37,603,083"
الخدمات الرقمية,عام,القطاع العام,خدمة إلكترونية,2026/06/17,"37,591,301"
الخدمات الرقمية,عام,القطاع العام,خدمة إلكترونية,2026/06/17,"37,606,425"
 الرياض,الدرعيه,القطاع العام,خدمة إلكترونية جزئيا,2026/06/18,"37,624,202"
 جازان,جيزان,القطاع العام,خدمة إلكترونية جزئيا,2026/06/18,"37,616,344"
 جازان,جيزان,القطاع العام,خدمة إلكترونية جزئيا,2026/06/18,"37,616,253"
الخدمات الرقمية,عام,القطاع العام,خدمة إلكترونية,2026/06/18,"37,618,584"
الخدمات الرقمية,عام,القطاع العام,خدمة إلكترونية,2026/06/18,"37,618,587"
الخدمات الرقمية,عام,القطاع العام,خدمة إلكترونية,2026/06/18,"37,618,586"
الخدمات الرقمية,عام,القطاع العام,خدمة إلكترونية,2026/06/18,"37,632,499"
الخدمات الرقمية,عام,القطاع العام,خدمة إلكترونية,2026/06/18,"37,618,888"
 الرياض,الدرعيه,القطاع العام,خدمة إلكترونية جزئيا,2026/06/18,"37,623,821"
 الرياض,الدرعيه,القطاع العام,خدمة إلكترونية جزئيا,2026/06/18,"37,624,776"
 الرياض,الرياض,القطاع العام,خدمة إلكترونية جزئيا,2026/06/18,"37,621,575"
الخدمات الرقمية,عام,القطاع العام,خدمة إلكترونية,2026/06/18,"37,632,488"
الخدمات الرقمية,عام,القطاع العام,خدمة إلكترونية,2026/06/18,"37,618,568"
الخدمات الرقمية,عام,القطاع العام,خدمة إلكترونية,2026/06/18,"37,618,847"
الخدمات الرقمية,عام,القطاع العام,خدمة إلكترونية,2026/06/19,"37,639,124"
الخدمات الرقمية,عام,القطاع العام,خدمة إلكترونية,2026/06/19,"37,639,105"
الخدمات الرقمية,عام,القطاع العام,خدمة إلكترونية,2026/06/20,"37,662,800"
الخدمات الرقمية,عام,القطاع العام,خدمة إلكترونية,2026/06/20,"37,662,801"
الخدمات الرقمية,عام,القطاع العام,خدمة إلكترونية,2026/06/20,"37,660,572"
الخدمات الرقمية,عام,القطاع العام,خدمة إلكترونية,2026/06/20,"37,660,877"
الخدمات الرقمية,عام,القطاع العام,خدمة إلكترونية,2026/06/20,"37,661,452"
الخدمات الرقمية,عام,القطاع العام,خدمة إلكترونية,2026/06/20,"37,660,575"
الخدمات الرقمية,عام,القطاع العام,خدمة إلكترونية,2026/06/20,"37,661,451"
الخدمات الرقمية,عام,القطاع العام,خدمة إلكترونية,2026/06/20,"37,661,476"
الخدمات الرقمية,عام,القطاع العام,خدمة إلكترونية,2026/06/20,"37,661,606"
الخدمات الرقمية,عام,القطاع العام,خدمة إلكترونية,2026/06/20,"37,660,573"
الخدمات الرقمية,عام,القطاع العام,خدمة إلكترونية,2026/06/20,"37,661,454"
الخدمات الرقمية,عام,القطاع العام,خدمة إلكترونية,2026/06/20,"37,660,574"
الخدمات الرقمية,عام,القطاع العام,خدمة إلكترونية,2026/06/20,"37,661,596"
الخدمات الرقمية,عام,القطاع العام,خدمة إلكترونية,2026/06/20,"37,661,474"
الخدمات الرقمية,عام,القطاع العام,خدمة إلكترونية,2026/06/20,"37,660,876"
الخدمات الرقمية,عام,القطاع العام,خدمة إلكترونية,2026/06/20,"37,661,447"
الخدمات الرقمية,عام,القطاع العام,خدمة إلكترونية,2026/06/20,"37,662,786"
الخدمات الرقمية,عام,القطاع العام,خدمة إلكترونية,2026/06/20,"37,660,571"
 الرياض,الرياض,القطاع العام,خدمة إلكترونية جزئيا,2026/06/21,"37,673,694"
 الرياض,الرياض,القطاع العام,خدمة إلكترونية جزئيا,2026/06/21,"37,673,867"
الخدمات الرقمية,عام,القطاع العام,خدمة إلكترونية جزئيا,2026/06/21,"37,682,795"
الخدمات الرقمية,عام,القطاع العام,خدمة إلكترونية جزئيا,2026/06/21,"37,682,788"
الخدمات الرقمية,عام,القطاع العام,خدمة إلكترونية جزئيا,2026/06/21,"37,680,695"
 الرياض,الرياض,القطاع العام,خدمة إلكترونية جزئيا,2026/06/21,"37,674,578"
 الرياض,الرياض,القطاع العام,خدمة إلكترونية جزئيا,2026/06/21,"37,674,500"
الخدمات الرقمية,عام,القطاع العام,خدمة إلكترونية,2026/06/21,"37,670,198"
الخدمات الرقمية,عام,القطاع العام,خدمة إلكترونية,2026/06/21,"37,670,199"
الخدمات الرقمية,عام,القطاع العام,خدمة إلكترونية,2026/06/21,"37,669,398"
الخدمات الرقمية,عام,القطاع العام,خدمة إلكترونية,2026/06/21,"37,669,399"
الخدمات الرقمية,عام,القطاع العام,خدمة إلكترونية,2026/06/21,"37,671,389"
الخدمات الرقمية,عام,القطاع العام,خدمة إلكترونية,2026/06/21,"37,678,202"
الخدمات الرقمية,عام,القطاع العام,خدمة إلكترونية,2026/06/21,"37,678,203"
الخدمات الرقمية,عام,القطاع العام,خدمة إلكترونية,2026/06/21,"37,682,929"
الخدمات الرقمية,عام,القطاع العام,خدمة إلكترونية,2026/06/21,"37,669,933"
الخدمات الرقمية,عام,القطاع العام,خدمة إلكترونية,2026/06/21,"37,669,930"
الخدمات الرقمية,عام,القطاع العام,خدمة إلكترونية,2026/06/21,"37,669,931"
الخدمات الرقمية,عام,القطاع العام,خدمة إلكترونية,2026/06/21,"37,669,932"
الخدمات الرقمية,عام,القطاع العام,خدمة إلكترونية,2026/06/21,"37,680,747"
الخدمات الرقمية,عام,القطاع العام,خدمة إلكترونية,2026/06/21,"37,668,140"
الخدمات الرقمية,عام,القطاع العام,خدمة إلكترونية,2026/06/21,"37,678,200"
الخدمات الرقمية,عام,القطاع العام,خدمة إلكترونية,2026/06/21,"37,669,397"
الخدمات الرقمية,عام,القطاع العام,خدمة إلكترونية,2026/06/21,"37,670,200"
الخدمات الرقمية,عام,القطاع العام,خدمة إلكترونية,2026/06/21,"37,670,201"
الخدمات الرقمية,عام,القطاع العام,خدمة إلكترونية,2026/06/21,"37,685,024"
الخدمات الرقمية,عام,القطاع العام,خدمة إلكترونية,2026/06/21,"37,685,025"
الخدمات الرقمية,عام,القطاع العام,خدمة إلكترونية,2026/06/21,"37,672,377"
الخدمات الرقمية,عام,القطاع العام,خدمة إلكترونية,2026/06/21,"37,678,201"
الخدمات الرقمية,عام,القطاع العام,خدمة إلكترونية,2026/06/21,"37,678,179"
الخدمات الرقمية,عام,القطاع العام,خدمة إلكترونية,2026/06/21,"37,677,849"
الخدمات الرقمية,عام,القطاع العام,خدمة إلكترونية,2026/06/21,"37,678,205"
الخدمات الرقمية,عام,القطاع العام,خدمة إلكترونية جزئيا,2026/06/21,"37,669,148"
الخدمات الرقمية,عام,القطاع العام,خدمة إلكترونية جزئيا,2026/06/21,"37,669,159"
 الرياض,الدرعيه,القطاع العام,خدمة إلكترونية جزئيا,2026/06/21,"37,670,825"
 الرياض,الدرعيه,القطاع العام,خدمة إلكترونية جزئيا,2026/06/21,"37,671,334"
 الرياض,الدرعيه,القطاع العام,خدمة إلكترونية جزئيا,2026/06/21,"37,671,484"
 الرياض,الدرعيه,القطاع العام,خدمة إلكترونية جزئيا,2026/06/21,"37,671,631"
 الرياض,الدرعيه,القطاع العام,خدمة إلكترونية جزئيا,2026/06/21,"37,671,221"
 الرياض,المزاحميه,القطاع العام,خدمة إلكترونية جزئيا,2026/06/21,"37,672,365"
 الرياض,المزاحميه,القطاع العام,خدمة إلكترونية جزئيا,2026/06/21,"37,672,264"
 الرياض,المزاحميه,القطاع العام,خدمة إلكترونية جزئيا,2026/06/21,"37,672,466"
 الرياض,الدرعيه,القطاع العام,خدمة إلكترونية جزئيا,2026/06/21,"37,671,812"
 الرياض,الدرعيه,القطاع العام,خدمة إلكترونية جزئيا,2026/06/21,"37,672,795"
 الرياض,الدرعيه,القطاع العام,خدمة إلكترونية جزئيا,2026/06/21,"37,672,104"
 جازان,جيزان,القطاع العام,خدمة إلكترونية جزئيا,2026/06/21,"37,668,719"
الخدمات الرقمية,عام,القطاع العام,خدمة إلكترونية جزئيا,2026/06/21,"37,664,980"
الخدمات الرقمية,عام,القطاع العام,خدمة إلكترونية جزئيا,2026/06/21,"37,665,180"
الخدمات الرقمية,عام,القطاع العام,خدمة إلكترونية جزئيا,2026/06/21,"37,665,149"
الخدمات الرقمية,عام,القطاع العام,خدمة إلكترونية جزئيا,2026/06/21,"37,664,907"
الخدمات الرقمية,عام,القطاع العام,خدمة إلكترونية جزئيا,2026/06/21,"37,664,945"
الخدمات الرقمية,عام,القطاع العام,خدمة إلكترونية جزئيا,2026/06/21,"37,665,190"
الخدمات الرقمية,عام,القطاع العام,خدمة إلكترونية جزئيا,2026/06/21,"37,664,998"
الخدمات الرقمية,عام,القطاع العام,خدمة إلكترونية جزئيا,2026/06/21,"37,665,241"
الخدمات الرقمية,عام,القطاع العام,خدمة إلكترونية جزئيا,2026/06/21,"37,665,075"
الخدمات الرقمية,عام,القطاع العام,خدمة إلكترونية جزئيا,2026/06/21,"37,664,912"
الخدمات الرقمية,عام,القطاع العام,خدمة إلكترونية جزئيا,2026/06/21,"37,664,762"
الخدمات الرقمية,عام,القطاع العام,خدمة إلكترونية جزئيا,2026/06/21,"37,664,853"
الخدمات الرقمية,عام,القطاع العام,خدمة إلكترونية جزئيا,2026/06/21,"37,665,032"
الخدمات الرقمية,عام,القطاع العام,خدمة إلكترونية جزئيا,2026/06/21,"37,665,227"
الخدمات الرقمية,عام,القطاع العام,خدمة إلكترونية جزئيا,2026/06/21,"37,664,724"
الخدمات الرقمية,عام,القطاع العام,خدمة إلكترونية جزئيا,2026/06/21,"37,664,768"
الخدمات الرقمية,عام,القطاع العام,خدمة إلكترونية جزئيا,2026/06/21,"37,665,112"
الخدمات الرقمية,عام,القطاع العام,خدمة إلكترونية جزئيا,2026/06/21,"37,664,848"
الخدمات الرقمية,عام,القطاع العام,خدمة إلكترونية جزئيا,2026/06/21,"37,664,807"
الخدمات الرقمية,عام,القطاع العام,خدمة إلكترونية جزئيا,2026/06/21,"37,664,996"
الخدمات الرقمية,عام,القطاع العام,خدمة إلكترونية جزئيا,2026/06/21,"37,664,872"
الخدمات الرقمية,عام,القطاع العام,خدمة إلكترونية جزئيا,2026/06/21,"37,665,116"
الخدمات الرقمية,عام,القطاع العام,خدمة إلكترونية جزئيا,2026/06/21,"37,664,690"
 جازان,جيزان,القطاع العام,خدمة إلكترونية جزئيا,2026/06/21,"37,669,289"
 جازان,جيزان,القطاع العام,خدمة إلكترونية جزئيا,2026/06/21,"37,669,056"
الخدمات الرقمية,عام,القطاع العام,خدمة إلكترونية,2026/06/21,"37,682,906"
الخدمات الرقمية,عام,القطاع العام,خدمة إلكترونية,2026/06/21,"37,680,760"
الخدمات الرقمية,عام,القطاع العام,خدمة إلكترونية,2026/06/21,"37,669,989"
الخدمات الرقمية,عام,القطاع العام,خدمة إلكترونية,2026/06/21,"37,677,846"
الخدمات الرقمية,عام,القطاع العام,خدمة إلكترونية,2026/06/21,"37,678,176"
الخدمات الرقمية,عام,القطاع العام,خدمة إلكترونية,2026/06/21,"37,684,993"
الخدمات الرقمية,عام,القطاع العام,خدمة إلكترونية,2026/06/21,"37,669,387"
الخدمات الرقمية,عام,القطاع العام,خدمة إلكترونية,2026/06/21,"37,671,406"
الخدمات الرقمية,عام,القطاع العام,خدمة إلكترونية,2026/06/21,"37,672,367"
الخدمات الرقمية,عام,القطاع العام,خدمة إلكترونية,2026/06/21,"37,668,132"
الخدمات الرقمية,عام,القطاع العام,خدمة إلكترونية,2026/06/21,"37,670,190"
الخدمات الرقمية,عام,القطاع العام,خدمة إلكترونية جزئيا,2026/06/22,"37,712,557"
الخدمات الرقمية,عام,القطاع العام,خدمة إلكترونية جزئيا,2026/06/22,"37,712,262"
الخدمات الرقمية,عام,القطاع العام,خدمة إلكترونية جزئيا,2026/06/22,"37,712,304"
الخدمات الرقمية,عام,القطاع العام,خدمة إلكترونية جزئيا,2026/06/22,"37,712,678"
الخدمات الرقمية,عام,القطاع العام,خدمة إلكترونية جزئيا,2026/06/22,"37,704,430"
الخدمات الرقمية,عام,القطاع العام,خدمة إلكترونية جزئيا,2026/06/22,"37,704,575"
الخدمات الرقمية,عام,القطاع العام,خدمة إلكترونية جزئيا,2026/06/22,"37,704,532"
 الرياض,الرياض,القطاع العام,خدمة إلكترونية جزئيا,2026/06/22,"37,709,856"
 الرياض,الرياض,القطاع العام,خدمة إلكترونية جزئيا,2026/06/22,"37,709,704"
 جازان,جيزان,القطاع العام,خدمة إلكترونية جزئيا,2026/06/22,"37,693,670"
الخدمات الرقمية,عام,القطاع العام,خدمة إلكترونية,2026/06/22,"37,686,325"
الخدمات الرقمية,عام,القطاع العام,خدمة إلكترونية,2026/06/22,"37,691,243"
الخدمات الرقمية,عام,القطاع العام,خدمة إلكترونية,2026/06/22,"37,689,787"
الخدمات الرقمية,عام,القطاع العام,خدمة إلكترونية,2026/06/22,"37,694,392"
الخدمات الرقمية,عام,القطاع العام,خدمة إلكترونية,2026/06/22,"37,694,393"
الخدمات الرقمية,عام,القطاع العام,خدمة إلكترونية,2026/06/22,"37,691,247"
الخدمات الرقمية,عام,القطاع العام,خدمة إلكترونية,2026/06/22,"37,691,249"
الخدمات الرقمية,عام,القطاع العام,خدمة إلكترونية,2026/06/22,"37,691,244"
الخدمات الرقمية,عام,القطاع العام,خدمة إلكترونية,2026/06/22,"37,691,245"
الخدمات الرقمية,عام,القطاع العام,خدمة إلكترونية,2026/06/22,"37,691,250"
الخدمات الرقمية,عام,القطاع العام,خدمة إلكترونية,2026/06/22,"37,691,251"
الخدمات الرقمية,عام,القطاع العام,خدمة إلكترونية,2026/06/22,"37,691,252"
الخدمات الرقمية,عام,القطاع العام,خدمة إلكترونية,2026/06/22,"37,694,391"
الخدمات الرقمية,عام,القطاع العام,خدمة إلكترونية,2026/06/22,"37,691,246"
الخدمات الرقمية,عام,القطاع العام,خدمة إلكترونية,2026/06/22,"37,692,137"
الخدمات الرقمية,عام,القطاع العام,خدمة إلكترونية جزئيا,2026/06/22,"37,693,993"
الخدمات الرقمية,عام,القطاع العام,خدمة إلكترونية جزئيا,2026/06/22,"37,695,027"
الخدمات الرقمية,عام,القطاع العام,خدمة إلكترونية جزئيا,2026/06/22,"37,693,947"
الخدمات الرقمية,عام,القطاع العام,خدمة إلكترونية جزئيا,2026/06/22,"37,694,981"
الخدمات الرقمية,عام,القطاع العام,خدمة إلكترونية جزئيا,2026/06/22,"37,687,429"
الخدمات الرقمية,عام,القطاع العام,خدمة إلكترونية جزئيا,2026/06/22,"37,687,506"
الخدمات الرقمية,عام,القطاع العام,خدمة إلكترونية جزئيا,2026/06/22,"37,695,784"
الخدمات الرقمية,عام,القطاع العام,خدمة إلكترونية جزئيا,2026/06/22,"37,696,108"
الخدمات الرقمية,عام,القطاع العام,خدمة إلكترونية جزئيا,2026/06/22,"37,696,484"
الخدمات الرقمية,عام,القطاع العام,خدمة إلكترونية جزئيا,2026/06/22,"37,696,190"
الخدمات الرقمية,عام,القطاع العام,خدمة إلكترونية جزئيا,2026/06/22,"37,696,346"
الخدمات الرقمية,عام,القطاع العام,خدمة إلكترونية جزئيا,2026/06/22,"37,695,919"
الخدمات الرقمية,عام,القطاع العام,خدمة إلكترونية جزئيا,2026/06/22,"37,696,026"
 الرياض,الدرعيه,القطاع العام,خدمة إلكترونية جزئيا,2026/06/22,"37,694,280"
 الرياض,الدرعيه,القطاع العام,خدمة إلكترونية جزئيا,2026/06/22,"37,696,080"
 الرياض,الدرعيه,القطاع العام,خدمة إلكترونية جزئيا,2026/06/22,"37,695,405"
 الرياض,الدرعيه,القطاع العام,خدمة إلكترونية جزئيا,2026/06/22,"37,695,001"
 الرياض,الدرعيه,القطاع العام,خدمة إلكترونية جزئيا,2026/06/22,"37,694,538"
 الرياض,الدرعيه,القطاع العام,خدمة إلكترونية جزئيا,2026/06/22,"37,695,099"
 الرياض,الدرعيه,القطاع العام,خدمة إلكترونية جزئيا,2026/06/22,"37,694,372"
 الرياض,الدرعيه,القطاع العام,خدمة إلكترونية جزئيا,2026/06/22,"37,695,928"
 الرياض,الدرعيه,القطاع العام,خدمة إلكترونية جزئيا,2026/06/22,"37,694,764"
 الرياض,الدرعيه,القطاع العام,خدمة إلكترونية جزئيا,2026/06/22,"37,695,580"
 الرياض,الدرعيه,القطاع العام,خدمة إلكترونية جزئيا,2026/06/22,"37,693,964"
 الرياض,الدرعيه,القطاع العام,خدمة إلكترونية جزئيا,2026/06/22,"37,696,332"
 الرياض,الدرعيه,القطاع العام,خدمة إلكترونية جزئيا,2026/06/22,"37,696,854"
الخدمات الرقمية,عام,القطاع العام,خدمة إلكترونية جزئيا,2026/06/22,"37,694,821"
الخدمات الرقمية,عام,القطاع العام,خدمة إلكترونية جزئيا,2026/06/22,"37,694,326"
الخدمات الرقمية,عام,القطاع العام,خدمة إلكترونية جزئيا,2026/06/22,"37,694,751"
الخدمات الرقمية,عام,القطاع العام,خدمة إلكترونية جزئيا,2026/06/22,"37,694,622"
الخدمات الرقمية,عام,القطاع العام,خدمة إلكترونية جزئيا,2026/06/22,"37,695,131"
الخدمات الرقمية,عام,القطاع العام,خدمة إلكترونية جزئيا,2026/06/22,"37,694,663"
الخدمات الرقمية,عام,القطاع العام,خدمة إلكترونية جزئيا,2026/06/22,"37,694,265"
الخدمات الرقمية,عام,القطاع العام,خدمة إلكترونية جزئيا,2026/06/22,"37,712,135"
الخدمات الرقمية,عام,القطاع العام,خدمة إلكترونية جزئيا,2026/06/22,"37,712,079"
الخدمات الرقمية,عام,القطاع العام,خدمة إلكترونية جزئيا,2026/06/22,"37,711,999"
الخدمات الرقمية,عام,القطاع العام,خدمة إلكترونية جزئيا,2026/06/22,"37,712,091"
الخدمات الرقمية,عام,القطاع العام,خدمة إلكترونية جزئيا,2026/06/22,"37,712,172"
الخدمات الرقمية,عام,القطاع العام,خدمة إلكترونية جزئيا,2026/06/22,"37,712,125"
الخدمات الرقمية,عام,القطاع العام,خدمة إلكترونية جزئيا,2026/06/22,"37,712,204"
الخدمات الرقمية,عام,القطاع العام,خدمة إلكترونية جزئيا,2026/06/22,"37,694,390"
الخدمات الرقمية,عام,القطاع العام,خدمة إلكترونية جزئيا,2026/06/22,"37,694,302"
الخدمات الرقمية,عام,القطاع العام,خدمة إلكترونية جزئيا,2026/06/22,"37,694,840"
الخدمات الرقمية,عام,القطاع العام,خدمة إلكترونية جزئيا,2026/06/22,"37,694,220"
الخدمات الرقمية,عام,القطاع العام,خدمة إلكترونية جزئيا,2026/06/22,"37,694,547"
الخدمات الرقمية,عام,القطاع العام,خدمة إلكترونية جزئيا,2026/06/22,"37,695,177"
الخدمات الرقمية,عام,القطاع العام,خدمة إلكترونية جزئيا,2026/06/22,"37,712,037"
الخدمات الرقمية,عام,القطاع العام,خدمة إلكترونية جزئيا,2026/06/22,"37,711,958"
الخدمات الرقمية,عام,القطاع العام,خدمة إلكترونية جزئيا,2026/06/22,"37,712,214"
الخدمات الرقمية,عام,القطاع العام,خدمة إلكترونية جزئيا,2026/06/22,"37,694,152"
الخدمات الرقمية,عام,القطاع العام,خدمة إلكترونية جزئيا,2026/06/22,"37,694,107"
الخدمات الرقمية,عام,القطاع العام,خدمة إلكترونية جزئيا,2026/06/22,"37,694,503"
الخدمات الرقمية,عام,القطاع العام,خدمة إلكترونية جزئيا,2026/06/22,"37,694,900"
الخدمات الرقمية,عام,القطاع العام,خدمة إلكترونية جزئيا,2026/06/22,"37,694,061"
الخدمات الرقمية,عام,القطاع العام,خدمة إلكترونية جزئيا,2026/06/22,"37,694,435"
الخدمات الرقمية,عام,القطاع العام,خدمة إلكترونية جزئيا,2026/06/22,"37,695,074"
 الرياض,الرياض,القطاع العام,خدمة إلكترونية جزئيا,2026/06/22,"37,710,072"
الخدمات الرقمية,عام,القطاع العام,خدمة إلكترونية جزئيا,2026/06/22,"37,704,951"
الخدمات الرقمية,عام,القطاع العام,خدمة إلكترونية جزئيا,2026/06/22,"37,704,857"
 جازان,جيزان,القطاع العام,خدمة إلكترونية جزئيا,2026/06/22,"37,693,625"
الخدمات الرقمية,عام,القطاع العام,خدمة إلكترونية,2026/06/22,"37,691,228"
الخدمات الرقمية,عام,القطاع العام,خدمة إلكترونية,2026/06/22,"37,689,784"
الخدمات الرقمية,عام,القطاع العام,خدمة إلكترونية,2026/06/22,"37,692,142"
الخدمات الرقمية,عام,القطاع العام,خدمة إلكترونية,2026/06/22,"37,694,370"
الخدمات الرقمية,عام,القطاع العام,خدمة إلكترونية,2026/06/22,"37,686,324"
 جازان,جيزان,القطاع العام,خدمة إلكترونية جزئيا,2026/06/22,"37,693,504"
 جازان,جيزان,القطاع العام,خدمة إلكترونية جزئيا,2026/06/22,"37,693,620"
 الرياض,الرياض,القطاع العام,خدمة إلكترونية جزئيا,2026/06/23,"37,746,972"
 الرياض,الرياض,القطاع العام,خدمة إلكترونية جزئيا,2026/06/23,"37,740,084"
 الرياض,الرياض,القطاع العام,خدمة إلكترونية جزئيا,2026/06/23,"37,739,990"
 الرياض,الرياض,القطاع العام,خدمة إلكترونية جزئيا,2026/06/23,"37,739,909"
 الرياض,الرياض,القطاع العام,خدمة إلكترونية جزئيا,2026/06/23,"37,730,921"
الخدمات الرقمية,عام,القطاع العام,خدمة إلكترونية,2026/06/23,"37,726,894"
الخدمات الرقمية,عام,القطاع العام,خدمة إلكترونية,2026/06/23,"37,726,899"
الخدمات الرقمية,عام,القطاع العام,خدمة إلكترونية,2026/06/23,"37,726,896"
الخدمات الرقمية,عام,القطاع العام,خدمة إلكترونية,2026/06/23,"37,726,893"
الخدمات الرقمية,عام,القطاع العام,خدمة إلكترونية,2026/06/23,"37,731,493"
الخدمات الرقمية,عام,القطاع العام,خدمة إلكترونية,2026/06/23,"37,728,248"
الخدمات الرقمية,عام,القطاع العام,خدمة إلكترونية,2026/06/23,"37,730,097"
الخدمات الرقمية,عام,القطاع العام,خدمة إلكترونية,2026/06/23,"37,730,098"
الخدمات الرقمية,عام,القطاع العام,خدمة إلكترونية,2026/06/23,"37,728,250"
الخدمات الرقمية,عام,القطاع العام,خدمة إلكترونية,2026/06/23,"37,742,754"
الخدمات الرقمية,عام,القطاع العام,خدمة إلكترونية,2026/06/23,"37,745,359"
الخدمات الرقمية,عام,القطاع العام,خدمة إلكترونية,2026/06/23,"37,728,249"
الخدمات الرقمية,عام,القطاع العام,خدمة إلكترونية,2026/06/23,"37,728,246"
الخدمات الرقمية,عام,القطاع العام,خدمة إلكترونية,2026/06/23,"37,745,357"
الخدمات الرقمية,عام,القطاع العام,خدمة إلكترونية,2026/06/23,"37,745,358"
الخدمات الرقمية,عام,القطاع العام,خدمة إلكترونية,2026/06/23,"37,742,817"
الخدمات الرقمية,عام,القطاع العام,خدمة إلكترونية,2026/06/23,"37,745,356"
الخدمات الرقمية,عام,القطاع العام,خدمة إلكترونية جزئيا,2026/06/23,"37,739,423"
الخدمات الرقمية,عام,القطاع العام,خدمة إلكترونية جزئيا,2026/06/23,"37,739,276"
الخدمات الرقمية,عام,القطاع العام,خدمة إلكترونية جزئيا,2026/06/23,"37,739,315"
الخدمات الرقمية,عام,القطاع العام,خدمة إلكترونية جزئيا,2026/06/23,"37,739,439"
الخدمات الرقمية,عام,القطاع العام,خدمة إلكترونية جزئيا,2026/06/23,"37,719,913"
الخدمات الرقمية,عام,القطاع العام,خدمة إلكترونية جزئيا,2026/06/23,"37,720,484"
الخدمات الرقمية,عام,القطاع العام,خدمة إلكترونية جزئيا,2026/06/23,"37,719,990"
الخدمات الرقمية,عام,القطاع العام,خدمة إلكترونية جزئيا,2026/06/23,"37,720,510"
الخدمات الرقمية,عام,القطاع العام,خدمة إلكترونية جزئيا,2026/06/23,"37,719,867"
الخدمات الرقمية,عام,القطاع العام,خدمة إلكترونية جزئيا,2026/06/23,"37,720,028"
الخدمات الرقمية,عام,القطاع العام,خدمة إلكترونية جزئيا,2026/06/23,"37,719,789"
الخدمات الرقمية,عام,القطاع العام,خدمة إلكترونية جزئيا,2026/06/23,"37,720,440"
الخدمات الرقمية,عام,القطاع العام,خدمة إلكترونية جزئيا,2026/06/23,"37,719,675"
الخدمات الرقمية,عام,القطاع العام,خدمة إلكترونية جزئيا,2026/06/23,"37,720,020"
الخدمات الرقمية,عام,القطاع العام,خدمة إلكترونية جزئيا,2026/06/23,"37,719,743"
الخدمات الرقمية,عام,القطاع العام,خدمة إلكترونية جزئيا,2026/06/23,"37,725,063"
الخدمات الرقمية,عام,القطاع العام,خدمة إلكترونية جزئيا,2026/06/23,"37,725,065"
الخدمات الرقمية,عام,القطاع العام,خدمة إلكترونية جزئيا,2026/06/23,"37,725,071"
الخدمات الرقمية,عام,القطاع العام,خدمة إلكترونية جزئيا,2026/06/23,"37,724,679"
الخدمات الرقمية,عام,القطاع العام,خدمة إلكترونية جزئيا,2026/06/23,"37,725,077"
الخدمات الرقمية,عام,القطاع العام,خدمة إلكترونية جزئيا,2026/06/23,"37,720,544"
الخدمات الرقمية,عام,القطاع العام,خدمة إلكترونية جزئيا,2026/06/23,"37,725,070"
الخدمات الرقمية,عام,القطاع العام,خدمة إلكترونية جزئيا,2026/06/23,"37,725,067"
الخدمات الرقمية,عام,القطاع العام,خدمة إلكترونية جزئيا,2026/06/23,"37,724,676"
 الرياض,الرياض,القطاع العام,خدمة إلكترونية جزئيا,2026/06/23,"37,731,382"
الخدمات الرقمية,عام,القطاع العام,خدمة إلكترونية جزئيا,2026/06/23,"37,719,624"
الخدمات الرقمية,عام,القطاع العام,خدمة إلكترونية جزئيا,2026/06/23,"37,720,154"
الخدمات الرقمية,عام,القطاع العام,خدمة إلكترونية جزئيا,2026/06/23,"37,720,074"
الخدمات الرقمية,عام,القطاع العام,خدمة إلكترونية جزئيا,2026/06/23,"37,720,267"
الخدمات الرقمية,عام,القطاع العام,خدمة إلكترونية جزئيا,2026/06/23,"37,720,231"
الخدمات الرقمية,عام,القطاع العام,خدمة إلكترونية جزئيا,2026/06/23,"37,719,241"
الخدمات الرقمية,عام,القطاع العام,خدمة إلكترونية جزئيا,2026/06/23,"37,720,342"
الخدمات الرقمية,عام,القطاع العام,خدمة إلكترونية جزئيا,2026/06/23,"37,719,458"
الخدمات الرقمية,عام,القطاع العام,خدمة إلكترونية جزئيا,2026/06/23,"37,719,529"
الخدمات الرقمية,عام,القطاع العام,خدمة إلكترونية جزئيا,2026/06/23,"37,719,449"
الخدمات الرقمية,عام,القطاع العام,خدمة إلكترونية جزئيا,2026/06/23,"37,720,407"
الخدمات الرقمية,عام,القطاع العام,خدمة إلكترونية جزئيا,2026/06/23,"37,720,235"
الخدمات الرقمية,عام,القطاع العام,خدمة إلكترونية جزئيا,2026/06/23,"37,720,373"
 الرياض,الرياض,القطاع العام,خدمة إلكترونية جزئيا,2026/06/23,"37,737,860"
 الرياض,الرياض,القطاع العام,خدمة إلكترونية جزئيا,2026/06/23,"37,737,730"
 الرياض,الرياض,القطاع العام,خدمة إلكترونية جزئيا,2026/06/23,"37,737,903"
الخدمات الرقمية,عام,القطاع العام,خدمة إلكترونية جزئيا,2026/06/23,"37,746,242"
 الرياض,الرياض,القطاع العام,خدمة إلكترونية جزئيا,2026/06/23,"37,747,132"
 الرياض,الرياض,القطاع العام,خدمة إلكترونية جزئيا,2026/06/23,"37,747,035"
الخدمات الرقمية,عام,القطاع العام,خدمة إلكترونية جزئيا,2026/06/23,"37,744,589"
الخدمات الرقمية,عام,القطاع العام,خدمة إلكترونية جزئيا,2026/06/23,"37,744,642"
الخدمات الرقمية,عام,القطاع العام,خدمة إلكترونية جزئيا,2026/06/23,"37,744,621"
الخدمات الرقمية,عام,القطاع العام,خدمة إلكترونية جزئيا,2026/06/23,"37,744,559"
 الشرقية,الدمام,القطاع العام,خدمة إلكترونية جزئيا,2026/06/23,"37,732,259"
الخدمات الرقمية,عام,القطاع العام,خدمة إلكترونية,2026/06/23,"37,742,733"
الخدمات الرقمية,عام,القطاع العام,خدمة إلكترونية,2026/06/23,"37,726,884"
الخدمات الرقمية,عام,القطاع العام,خدمة إلكترونية,2026/06/23,"37,728,236"
الخدمات الرقمية,عام,القطاع العام,خدمة إلكترونية,2026/06/23,"37,730,090"
الخدمات الرقمية,عام,القطاع العام,خدمة إلكترونية,2026/06/23,"37,731,483"
الخدمات الرقمية,عام,القطاع العام,خدمة إلكترونية,2026/06/23,"37,742,812"
الخدمات الرقمية,عام,القطاع العام,خدمة إلكترونية,2026/06/23,"37,745,330"
الخدمات الرقمية,عام,القطاع العام,خدمة إلكترونية جزئيا,2026/06/23,"37,733,802"
الخدمات الرقمية,عام,القطاع العام,خدمة إلكترونية جزئيا,2026/06/23,"37,733,655"
 عسير,ابها,القطاع العام,خدمة إلكترونية جزئيا,2026/06/24,"37,756,886"
 عسير,ابها,القطاع العام,خدمة إلكترونية جزئيا,2026/06/24,"37,756,840"
 جازان,جيزان,القطاع العام,خدمة إلكترونية جزئيا,2026/06/24,"37,758,995"
الخدمات الرقمية,عام,القطاع العام,خدمة إلكترونية,2026/06/24,"37,772,304"
الخدمات الرقمية,عام,القطاع العام,خدمة إلكترونية,2026/06/24,"37,772,305"
الخدمات الرقمية,عام,القطاع العام,خدمة إلكترونية,2026/06/24,"37,761,357"
الخدمات الرقمية,عام,القطاع العام,خدمة إلكترونية,2026/06/24,"37,753,684"
الخدمات الرقمية,عام,القطاع العام,خدمة إلكترونية,2026/06/24,"37,753,685"
الخدمات الرقمية,عام,القطاع العام,خدمة إلكترونية,2026/06/24,"37,772,250"
الخدمات الرقمية,عام,القطاع العام,خدمة إلكترونية,2026/06/24,"37,772,251"
الخدمات الرقمية,عام,القطاع العام,خدمة إلكترونية,2026/06/24,"37,769,526"
الخدمات الرقمية,عام,القطاع العام,خدمة إلكترونية,2026/06/24,"37,759,189"
الخدمات الرقمية,عام,القطاع العام,خدمة إلكترونية,2026/06/24,"37,763,748"
الخدمات الرقمية,عام,القطاع العام,خدمة إلكترونية,2026/06/24,"37,768,623"
الخدمات الرقمية,عام,القطاع العام,خدمة إلكترونية,2026/06/24,"37,753,683"
الخدمات الرقمية,عام,القطاع العام,خدمة إلكترونية,2026/06/24,"37,772,252"
الخدمات الرقمية,عام,القطاع العام,خدمة إلكترونية,2026/06/24,"37,772,303"
الخدمات الرقمية,عام,القطاع العام,خدمة إلكترونية,2026/06/24,"37,752,058"
الخدمات الرقمية,عام,القطاع العام,خدمة إلكترونية,2026/06/24,"37,752,059"
الخدمات الرقمية,عام,القطاع العام,خدمة إلكترونية,2026/06/24,"37,752,083"
الخدمات الرقمية,عام,القطاع العام,خدمة إلكترونية,2026/06/24,"37,752,084"
الخدمات الرقمية,عام,القطاع العام,خدمة إلكترونية,2026/06/24,"37,752,092"
الخدمات الرقمية,عام,القطاع العام,خدمة إلكترونية,2026/06/24,"37,752,086"
الخدمات الرقمية,عام,القطاع العام,خدمة إلكترونية,2026/06/24,"37,752,088"
الخدمات الرقمية,عام,القطاع العام,خدمة إلكترونية,2026/06/24,"37,752,089"
الخدمات الرقمية,عام,القطاع العام,خدمة إلكترونية,2026/06/24,"37,752,081"
الخدمات الرقمية,عام,القطاع العام,خدمة إلكترونية,2026/06/24,"37,752,080"
الخدمات الرقمية,عام,القطاع العام,خدمة إلكترونية,2026/06/24,"37,752,090"
الخدمات الرقمية,عام,القطاع العام,خدمة إلكترونية,2026/06/24,"37,752,056"
الخدمات الرقمية,عام,القطاع العام,خدمة إلكترونية,2026/06/24,"37,752,057"
الخدمات الرقمية,عام,القطاع العام,خدمة إلكترونية,2026/06/24,"37,753,403"
الخدمات الرقمية,عام,القطاع العام,خدمة إلكترونية,2026/06/24,"37,752,055"
الخدمات الرقمية,عام,القطاع العام,خدمة إلكترونية,2026/06/24,"37,752,085"
الخدمات الرقمية,عام,القطاع العام,خدمة إلكترونية,2026/06/24,"37,752,082"
الخدمات الرقمية,عام,القطاع العام,خدمة إلكترونية,2026/06/24,"37,753,404"
الخدمات الرقمية,عام,القطاع العام,خدمة إلكترونية,2026/06/24,"37,753,405"
الخدمات الرقمية,عام,القطاع العام,خدمة إلكترونية,2026/06/24,"37,752,087"
الخدمات الرقمية,عام,القطاع العام,خدمة إلكترونية,2026/06/24,"37,774,187"
الخدمات الرقمية,عام,القطاع العام,خدمة إلكترونية جزئيا,2026/06/24,"37,748,086"
الخدمات الرقمية,عام,القطاع العام,خدمة إلكترونية جزئيا,2026/06/24,"37,760,617"
 عسير,ابها,القطاع العام,خدمة إلكترونية جزئيا,2026/06/24,"37,755,852"
 عسير,ابها,القطاع العام,خدمة إلكترونية جزئيا,2026/06/24,"37,755,888"
الخدمات الرقمية,عام,القطاع العام,خدمة إلكترونية جزئيا,2026/06/24,"37,768,949"
 جازان,جيزان,القطاع العام,خدمة إلكترونية جزئيا,2026/06/24,"37,759,029"
الخدمات الرقمية,عام,القطاع العام,خدمة إلكترونية جزئيا,2026/06/24,"37,768,991"
الخدمات الرقمية,عام,القطاع العام,خدمة إلكترونية جزئيا,2026/06/24,"37,770,177"
الخدمات الرقمية,عام,القطاع العام,خدمة إلكترونية جزئيا,2026/06/24,"37,770,215"
الخدمات الرقمية,عام,القطاع العام,خدمة إلكترونية جزئيا,2026/06/24,"37,770,273"
الخدمات الرقمية,عام,القطاع العام,خدمة إلكترونية جزئيا,2026/06/24,"37,770,162"
الخدمات الرقمية,عام,القطاع العام,خدمة إلكترونية جزئيا,2026/06/24,"37,770,051"
الخدمات الرقمية,عام,القطاع العام,خدمة إلكترونية جزئيا,2026/06/24,"37,769,146"
الخدمات الرقمية,عام,القطاع العام,خدمة إلكترونية جزئيا,2026/06/24,"37,770,306"
الخدمات الرقمية,عام,القطاع العام,خدمة إلكترونية جزئيا,2026/06/24,"37,770,085"
الخدمات الرقمية,عام,القطاع العام,خدمة إلكترونية جزئيا,2026/06/24,"37,770,205"
الخدمات الرقمية,عام,القطاع العام,خدمة إلكترونية جزئيا,2026/06/24,"37,770,091"
 مكة المكرمه,جده,القطاع العام,خدمة إلكترونية جزئيا,2026/06/24,"37,761,115"
الخدمات الرقمية,عام,القطاع العام,خدمة إلكترونية,2026/06/24,"37,753,656"
الخدمات الرقمية,عام,القطاع العام,خدمة إلكترونية,2026/06/24,"37,752,067"
الخدمات الرقمية,عام,القطاع العام,خدمة إلكترونية,2026/06/24,"37,769,511"
الخدمات الرقمية,عام,القطاع العام,خدمة إلكترونية,2026/06/24,"37,753,397"
الخدمات الرقمية,عام,القطاع العام,خدمة إلكترونية,2026/06/24,"37,759,170"
الخدمات الرقمية,عام,القطاع العام,خدمة إلكترونية,2026/06/24,"37,763,736"
الخدمات الرقمية,عام,القطاع العام,خدمة إلكترونية,2026/06/24,"37,774,186"
الخدمات الرقمية,عام,القطاع العام,خدمة إلكترونية,2026/06/24,"37,761,353"
الخدمات الرقمية,عام,القطاع العام,خدمة إلكترونية,2026/06/24,"37,772,294"
الخدمات الرقمية,عام,القطاع العام,خدمة إلكترونية,2026/06/24,"37,772,245"
الخدمات الرقمية,عام,القطاع العام,خدمة إلكترونية,2026/06/24,"37,768,616"
الخدمات الرقمية,عام,القطاع العام,خدمة إلكترونية جزئيا,2026/06/24,"37,753,512"
الخدمات الرقمية,عام,القطاع العام,خدمة إلكترونية جزئيا,2026/06/24,"37,753,478"
الخدمات الرقمية,عام,القطاع العام,خدمة إلكترونية,2026/06/25,"37,786,692"
الخدمات الرقمية,عام,القطاع العام,خدمة إلكترونية,2026/06/25,"37,786,650"
الخدمات الرقمية,عام,القطاع العام,خدمة إلكترونية,2026/06/25,"37,793,190"
الخدمات الرقمية,عام,القطاع العام,خدمة إلكترونية,2026/06/25,"37,783,338"
الخدمات الرقمية,عام,القطاع العام,خدمة إلكترونية,2026/06/25,"37,792,024"
الخدمات الرقمية,عام,القطاع العام,خدمة إلكترونية,2026/06/25,"37,793,438"
الخدمات الرقمية,عام,القطاع العام,خدمة إلكترونية,2026/06/25,"37,796,039"
الخدمات الرقمية,عام,القطاع العام,خدمة إلكترونية,2026/06/25,"37,786,664"
الخدمات الرقمية,عام,القطاع العام,خدمة إلكترونية,2026/06/25,"37,786,663"
الخدمات الرقمية,عام,القطاع العام,خدمة إلكترونية,2026/06/25,"37,786,665"
الخدمات الرقمية,عام,القطاع العام,خدمة إلكترونية,2026/06/25,"37,786,667"
الخدمات الرقمية,عام,القطاع العام,خدمة إلكترونية,2026/06/25,"37,796,048"
الخدمات الرقمية,عام,القطاع العام,خدمة إلكترونية,2026/06/25,"37,796,049"
الخدمات الرقمية,عام,القطاع العام,خدمة إلكترونية,2026/06/25,"37,796,050"
الخدمات الرقمية,عام,القطاع العام,خدمة إلكترونية,2026/06/25,"37,796,052"
الخدمات الرقمية,عام,القطاع العام,خدمة إلكترونية,2026/06/25,"37,796,053"
الخدمات الرقمية,عام,القطاع العام,خدمة إلكترونية,2026/06/25,"37,783,342"
الخدمات الرقمية,عام,القطاع العام,خدمة إلكترونية,2026/06/25,"37,786,698"
الخدمات الرقمية,عام,القطاع العام,خدمة إلكترونية,2026/06/25,"37,796,051"
الخدمات الرقمية,عام,القطاع العام,خدمة إلكترونية,2026/06/25,"37,793,453"
الخدمات الرقمية,عام,القطاع العام,خدمة إلكترونية,2026/06/25,"37,792,067"
الخدمات الرقمية,عام,القطاع العام,خدمة إلكترونية,2026/06/25,"37,792,068"
الخدمات الرقمية,عام,القطاع العام,خدمة إلكترونية,2026/06/25,"37,796,047"
الخدمات الرقمية,عام,القطاع العام,خدمة إلكترونية,2026/06/25,"37,793,203"
الخدمات الرقمية,عام,القطاع العام,خدمة إلكترونية,2026/06/25,"37,792,066"
 الرياض,الرياض,القطاع العام,خدمة إلكترونية جزئيا,2026/06/25,"37,779,009"
الخدمات الرقمية,عام,القطاع العام,خدمة إلكترونية جزئيا,2026/06/25,"37,793,074"
الخدمات الرقمية,عام,القطاع العام,خدمة إلكترونية جزئيا,2026/06/25,"37,793,026"
 الرياض,الرياض,القطاع العام,خدمة إلكترونية جزئيا,2026/06/25,"37,790,311"
الخدمات الرقمية,عام,القطاع العام,خدمة إلكترونية جزئيا,2026/06/25,"37,777,443"
الخدمات الرقمية,عام,القطاع العام,خدمة إلكترونية جزئيا,2026/06/25,"37,777,413"
 الرياض,الرياض,القطاع العام,خدمة إلكترونية جزئيا,2026/06/25,"37,778,919"
 الرياض,الرياض,القطاع العام,خدمة إلكترونية جزئيا,2026/06/25,"37,776,363"
 الرياض,الرياض,القطاع العام,خدمة إلكترونية جزئيا,2026/06/25,"37,776,318"
 الرياض,الرياض,القطاع العام,خدمة إلكترونية جزئيا,2026/06/25,"37,781,475"
 الرياض,الرياض,القطاع العام,خدمة إلكترونية جزئيا,2026/06/25,"37,781,533"
 الرياض,الرياض,القطاع العام,خدمة إلكترونية جزئيا,2026/06/25,"37,787,944"
 الرياض,الرياض,القطاع العام,خدمة إلكترونية جزئيا,2026/06/25,"37,787,997"
 الرياض,الرياض,القطاع العام,خدمة إلكترونية جزئيا,2026/06/25,"37,787,889"
الخدمات الرقمية,عام,القطاع العام,خدمة إلكترونية,2026/06/26,"37,810,741"
الخدمات الرقمية,عام,القطاع العام,خدمة إلكترونية,2026/06/26,"37,810,736"
الخدمات الرقمية,عام,القطاع العام,خدمة إلكترونية,2026/06/26,"37,810,739"
الخدمات الرقمية,عام,القطاع العام,خدمة إلكترونية,2026/06/26,"37,810,737"
الخدمات الرقمية,عام,القطاع العام,خدمة إلكترونية,2026/06/26,"37,810,738"
الخدمات الرقمية,عام,القطاع العام,خدمة إلكترونية,2026/06/27,"37,816,278"
الخدمات الرقمية,عام,القطاع العام,خدمة إلكترونية,2026/06/27,"37,819,755"
الخدمات الرقمية,عام,القطاع العام,خدمة إلكترونية,2026/06/27,"37,821,176"
الخدمات الرقمية,عام,القطاع العام,خدمة إلكترونية,2026/06/27,"37,822,550"
الخدمات الرقمية,عام,القطاع العام,خدمة إلكترونية,2026/06/27,"37,816,751"
الخدمات الرقمية,عام,القطاع العام,خدمة إلكترونية,2026/06/27,"37,819,885"
الخدمات الرقمية,عام,القطاع العام,خدمة إلكترونية,2026/06/27,"37,816,756"
الخدمات الرقمية,عام,القطاع العام,خدمة إلكترونية,2026/06/27,"37,816,757"
الخدمات الرقمية,عام,القطاع العام,خدمة إلكترونية,2026/06/27,"37,821,197"
الخدمات الرقمية,عام,القطاع العام,خدمة إلكترونية,2026/06/27,"37,819,764"
الخدمات الرقمية,عام,القطاع العام,خدمة إلكترونية,2026/06/27,"37,819,765"
الخدمات الرقمية,عام,القطاع العام,خدمة إلكترونية,2026/06/27,"37,821,198"
الخدمات الرقمية,عام,القطاع العام,خدمة إلكترونية,2026/06/27,"37,819,892"
الخدمات الرقمية,عام,القطاع العام,خدمة إلكترونية,2026/06/27,"37,819,766"
الخدمات الرقمية,عام,القطاع العام,خدمة إلكترونية,2026/06/27,"37,822,559"
الخدمات الرقمية,عام,القطاع العام,خدمة إلكترونية,2026/06/27,"37,821,196"
الخدمات الرقمية,عام,القطاع العام,خدمة إلكترونية,2026/06/27,"37,822,555"
الخدمات الرقمية,عام,القطاع العام,خدمة إلكترونية,2026/06/27,"37,822,556"
الخدمات الرقمية,عام,القطاع العام,خدمة إلكترونية,2026/06/27,"37,822,560"
الخدمات الرقمية,عام,القطاع العام,خدمة إلكترونية,2026/06/27,"37,816,307"
الخدمات الرقمية,عام,القطاع العام,خدمة إلكترونية,2026/06/27,"37,822,561"
الخدمات الرقمية,عام,القطاع العام,خدمة إلكترونية,2026/06/27,"37,822,558"
الخدمات الرقمية,عام,القطاع العام,خدمة إلكترونية,2026/06/27,"37,822,557"
الخدمات الرقمية,عام,القطاع العام,خدمة إلكترونية,2026/06/28,"37,824,554"
الخدمات الرقمية,عام,القطاع العام,خدمة إلكترونية,2026/06/28,"37,838,627"
الخدمات الرقمية,عام,القطاع العام,خدمة إلكترونية,2026/06/28,"37,840,658"
الخدمات الرقمية,عام,القطاع العام,خدمة إلكترونية,2026/06/28,"37,840,766"
الخدمات الرقمية,عام,القطاع العام,خدمة إلكترونية,2026/06/28,"37,841,112"
الخدمات الرقمية,عام,القطاع العام,خدمة إلكترونية,2026/06/28,"37,841,130"
الخدمات الرقمية,عام,القطاع العام,خدمة إلكترونية,2026/06/28,"37,838,643"
الخدمات الرقمية,عام,القطاع العام,خدمة إلكترونية,2026/06/28,"37,841,128"
الخدمات الرقمية,عام,القطاع العام,خدمة إلكترونية,2026/06/28,"37,841,129"
الخدمات الرقمية,عام,القطاع العام,خدمة إلكترونية,2026/06/28,"37,838,645"
الخدمات الرقمية,عام,القطاع العام,خدمة إلكترونية,2026/06/28,"37,840,788"
الخدمات الرقمية,عام,القطاع العام,خدمة إلكترونية,2026/06/28,"37,840,718"
الخدمات الرقمية,عام,القطاع العام,خدمة إلكترونية,2026/06/28,"37,840,719"
الخدمات الرقمية,عام,القطاع العام,خدمة إلكترونية,2026/06/28,"37,838,644"
الخدمات الرقمية,عام,القطاع العام,خدمة إلكترونية,2026/06/28,"37,840,716"
الخدمات الرقمية,عام,القطاع العام,خدمة إلكترونية,2026/06/28,"37,824,555"
الخدمات الرقمية,عام,القطاع العام,خدمة إلكترونية,2026/06/28,"37,840,720"
الخدمات الرقمية,عام,القطاع العام,خدمة إلكترونية,2026/06/28,"37,840,717"
الخدمات الرقمية,عام,القطاع العام,خدمة إلكترونية,2026/06/28,"37,841,127"
 الرياض,الرياض,القطاع العام,خدمة إلكترونية جزئيا,2026/06/28,"37,826,035"
 الرياض,الرياض,القطاع العام,خدمة إلكترونية جزئيا,2026/06/28,"37,825,975"
 الرياض,الرياض,القطاع العام,خدمة إلكترونية جزئيا,2026/06/28,"37,826,166"
 الرياض,المزاحميه,القطاع العام,خدمة إلكترونية جزئيا,2026/06/28,"37,833,526"
 الرياض,المزاحميه,القطاع العام,خدمة إلكترونية جزئيا,2026/06/28,"37,833,489"
 الرياض,المزاحميه,القطاع العام,خدمة إلكترونية جزئيا,2026/06/28,"37,833,430"
 الرياض,المزاحميه,القطاع العام,خدمة إلكترونية جزئيا,2026/06/28,"37,833,611"
 جازان,جيزان,القطاع العام,خدمة إلكترونية جزئيا,2026/06/28,"37,829,777"
الخدمات الرقمية,عام,القطاع العام,خدمة إلكترونية جزئيا,2026/06/28,"37,841,269"
الخدمات الرقمية,عام,القطاع العام,خدمة إلكترونية جزئيا,2026/06/28,"37,841,277"
 جازان,جيزان,القطاع العام,خدمة إلكترونية جزئيا,2026/06/28,"37,829,733"
الخدمات الرقمية,عام,القطاع العام,خدمة إلكترونية جزئيا,2026/06/28,"37,844,129"
الخدمات الرقمية,عام,القطاع العام,خدمة إلكترونية جزئيا,2026/06/28,"37,844,103"
الخدمات الرقمية,عام,القطاع العام,خدمة إلكترونية جزئيا,2026/06/28,"37,844,165"
الخدمات الرقمية,عام,القطاع العام,خدمة إلكترونية جزئيا,2026/06/28,"37,844,264"
الخدمات الرقمية,عام,القطاع العام,خدمة إلكترونية جزئيا,2026/06/28,"37,844,174"
الخدمات الرقمية,عام,القطاع العام,خدمة إلكترونية جزئيا,2026/06/28,"37,844,101"
الخدمات الرقمية,عام,القطاع العام,خدمة إلكترونية جزئيا,2026/06/28,"37,824,879"
الخدمات الرقمية,عام,القطاع العام,خدمة إلكترونية جزئيا,2026/06/28,"37,824,865"
الخدمات الرقمية,عام,القطاع العام,خدمة إلكترونية جزئيا,2026/06/28,"37,824,923"
الخدمات الرقمية,عام,القطاع العام,خدمة إلكترونية جزئيا,2026/06/28,"37,824,959"
الخدمات الرقمية,عام,القطاع العام,خدمة إلكترونية جزئيا,2026/06/28,"37,824,911"
الخدمات الرقمية,عام,القطاع العام,خدمة إلكترونية جزئيا,2026/06/28,"37,824,936"
الخدمات الرقمية,عام,القطاع العام,خدمة إلكترونية جزئيا,2026/06/28,"37,824,795"
الخدمات الرقمية,عام,القطاع العام,خدمة إلكترونية جزئيا,2026/06/28,"37,824,790"
الخدمات الرقمية,عام,القطاع العام,خدمة إلكترونية جزئيا,2026/06/28,"37,824,820"
الخدمات الرقمية,عام,القطاع العام,خدمة إلكترونية جزئيا,2026/06/28,"37,824,836"
الخدمات الرقمية,عام,القطاع العام,خدمة إلكترونية جزئيا,2026/06/28,"37,824,917"
الخدمات الرقمية,عام,القطاع العام,خدمة إلكترونية جزئيا,2026/06/28,"37,841,056"
الخدمات الرقمية,عام,القطاع العام,خدمة إلكترونية جزئيا,2026/06/28,"37,844,215"
الخدمات الرقمية,عام,القطاع العام,خدمة إلكترونية جزئيا,2026/06/28,"37,844,234"
الخدمات الرقمية,عام,القطاع العام,خدمة إلكترونية جزئيا,2026/06/28,"37,844,137"
الخدمات الرقمية,عام,القطاع العام,خدمة إلكترونية جزئيا,2026/06/28,"37,844,125"
 الرياض,الرياض,القطاع العام,خدمة إلكترونية جزئيا,2026/06/28,"37,840,166"
 الرياض,الرياض,القطاع العام,خدمة إلكترونية جزئيا,2026/06/28,"37,840,352"
 الرياض,الرياض,القطاع العام,خدمة إلكترونية جزئيا,2026/06/28,"37,840,396"
 الرياض,الرياض,القطاع العام,خدمة إلكترونية جزئيا,2026/06/28,"37,840,103"
 الرياض,الرياض,القطاع العام,خدمة إلكترونية جزئيا,2026/06/28,"37,839,729"
 الرياض,الرياض,القطاع العام,خدمة إلكترونية جزئيا,2026/06/28,"37,839,847"
 الرياض,الرياض,القطاع العام,خدمة إلكترونية جزئيا,2026/06/28,"37,840,234"
 الرياض,الرياض,القطاع العام,خدمة إلكترونية جزئيا,2026/06/28,"37,839,900"
الخدمات الرقمية,عام,القطاع العام,خدمة إلكترونية جزئيا,2026/06/28,"37,844,484"
الخدمات الرقمية,عام,القطاع العام,خدمة إلكترونية جزئيا,2026/06/28,"37,844,488"
الخدمات الرقمية,عام,القطاع العام,خدمة إلكترونية جزئيا,2026/06/28,"37,825,030"
الخدمات الرقمية,عام,القطاع العام,خدمة إلكترونية جزئيا,2026/06/28,"37,825,031"
الخدمات الرقمية,عام,القطاع العام,خدمة إلكترونية جزئيا,2026/06/28,"37,825,074"
الخدمات الرقمية,عام,القطاع العام,خدمة إلكترونية جزئيا,2026/06/28,"37,824,992"
الخدمات الرقمية,عام,القطاع العام,خدمة إلكترونية جزئيا,2026/06/28,"37,825,179"
الخدمات الرقمية,عام,القطاع العام,خدمة إلكترونية جزئيا,2026/06/28,"37,825,102"
الخدمات الرقمية,عام,القطاع العام,خدمة إلكترونية جزئيا,2026/06/28,"37,825,090"
الخدمات الرقمية,عام,القطاع العام,خدمة إلكترونية جزئيا,2026/06/28,"37,825,018"
الخدمات الرقمية,عام,القطاع العام,خدمة إلكترونية جزئيا,2026/06/28,"37,825,006"
الخدمات الرقمية,عام,القطاع العام,خدمة إلكترونية جزئيا,2026/06/28,"37,825,040"
الخدمات الرقمية,عام,القطاع العام,خدمة إلكترونية جزئيا,2026/06/28,"37,825,127"
الخدمات الرقمية,عام,القطاع العام,خدمة إلكترونية جزئيا,2026/06/28,"37,825,056"
الخدمات الرقمية,عام,القطاع العام,خدمة إلكترونية جزئيا,2026/06/28,"37,825,130"
 الرياض,الرياض,القطاع العام,خدمة إلكترونية جزئيا,2026/06/28,"37,826,117"
 الرياض,الرياض,القطاع العام,خدمة إلكترونية جزئيا,2026/06/28,"37,826,259"
 مكة المكرمه,جده,القطاع العام,خدمة إلكترونية جزئيا,2026/06/28,"37,827,949"
 مكة المكرمه,جده,القطاع العام,خدمة إلكترونية جزئيا,2026/06/28,"37,827,940"
الخدمات الرقمية,عام,القطاع العام,خدمة إلكترونية,2026/06/29,"37,851,057"
الخدمات الرقمية,عام,القطاع العام,خدمة إلكترونية,2026/06/29,"37,850,015"
الخدمات الرقمية,عام,القطاع العام,خدمة إلكترونية,2026/06/29,"37,853,332"
الخدمات الرقمية,عام,القطاع العام,خدمة إلكترونية,2026/06/29,"37,854,606"
الخدمات الرقمية,عام,القطاع العام,خدمة إلكترونية,2026/06/29,"37,855,454"
الخدمات الرقمية,عام,القطاع العام,خدمة إلكترونية,2026/06/29,"37,855,613"
الخدمات الرقمية,عام,القطاع العام,خدمة إلكترونية,2026/06/29,"37,855,800"
الخدمات الرقمية,عام,القطاع العام,خدمة إلكترونية,2026/06/29,"37,855,842"
الخدمات الرقمية,عام,القطاع العام,خدمة إلكترونية,2026/06/29,"37,856,619"
الخدمات الرقمية,عام,القطاع العام,خدمة إلكترونية,2026/06/29,"37,856,721"
الخدمات الرقمية,عام,القطاع العام,خدمة إلكترونية,2026/06/29,"37,855,917"
الخدمات الرقمية,عام,القطاع العام,خدمة إلكترونية,2026/06/29,"37,856,565"
الخدمات الرقمية,عام,القطاع العام,خدمة إلكترونية,2026/06/29,"37,864,792"
الخدمات الرقمية,عام,القطاع العام,خدمة إلكترونية,2026/06/29,"37,869,068"
الخدمات الرقمية,عام,القطاع العام,خدمة إلكترونية,2026/06/29,"37,866,066"
الخدمات الرقمية,عام,القطاع العام,خدمة إلكترونية,2026/06/29,"37,866,344"
الخدمات الرقمية,عام,القطاع العام,خدمة إلكترونية,2026/06/29,"37,869,616"
الخدمات الرقمية,عام,القطاع العام,خدمة إلكترونية,2026/06/29,"37,873,484"
الخدمات الرقمية,عام,القطاع العام,خدمة إلكترونية,2026/06/29,"37,866,120"
الخدمات الرقمية,عام,القطاع العام,خدمة إلكترونية,2026/06/29,"37,866,099"
الخدمات الرقمية,عام,القطاع العام,خدمة إلكترونية,2026/06/29,"37,873,491"
الخدمات الرقمية,عام,القطاع العام,خدمة إلكترونية,2026/06/29,"37,873,492"
الخدمات الرقمية,عام,القطاع العام,خدمة إلكترونية,2026/06/29,"37,873,493"
الخدمات الرقمية,عام,القطاع العام,خدمة إلكترونية,2026/06/29,"37,873,488"
الخدمات الرقمية,عام,القطاع العام,خدمة إلكترونية,2026/06/29,"37,873,489"
الخدمات الرقمية,عام,القطاع العام,خدمة إلكترونية,2026/06/29,"37,873,494"
الخدمات الرقمية,عام,القطاع العام,خدمة إلكترونية,2026/06/29,"37,873,490"
الخدمات الرقمية,عام,القطاع العام,خدمة إلكترونية,2026/06/29,"37,873,496"
الخدمات الرقمية,عام,القطاع العام,خدمة إلكترونية,2026/06/29,"37,873,495"
الخدمات الرقمية,عام,القطاع العام,خدمة إلكترونية,2026/06/29,"37,873,487"
الخدمات الرقمية,عام,القطاع العام,خدمة إلكترونية,2026/06/29,"37,850,064"
الخدمات الرقمية,عام,القطاع العام,خدمة إلكترونية,2026/06/29,"37,850,065"
الخدمات الرقمية,عام,القطاع العام,خدمة إلكترونية,2026/06/29,"37,853,391"
الخدمات الرقمية,عام,القطاع العام,خدمة إلكترونية,2026/06/29,"37,851,089"
الخدمات الرقمية,عام,القطاع العام,خدمة إلكترونية,2026/06/29,"37,853,390"
الخدمات الرقمية,عام,القطاع العام,خدمة إلكترونية,2026/06/29,"37,855,950"
الخدمات الرقمية,عام,القطاع العام,خدمة إلكترونية,2026/06/29,"37,853,396"
الخدمات الرقمية,عام,القطاع العام,خدمة إلكترونية,2026/06/29,"37,855,944"
الخدمات الرقمية,عام,القطاع العام,خدمة إلكترونية,2026/06/29,"37,855,951"
الخدمات الرقمية,عام,القطاع العام,خدمة إلكترونية,2026/06/29,"37,854,616"
الخدمات الرقمية,عام,القطاع العام,خدمة إلكترونية,2026/06/29,"37,851,088"
الخدمات الرقمية,عام,القطاع العام,خدمة إلكترونية,2026/06/29,"37,851,087"
الخدمات الرقمية,عام,القطاع العام,خدمة إلكترونية,2026/06/29,"37,853,397"
الخدمات الرقمية,عام,القطاع العام,خدمة إلكترونية,2026/06/29,"37,853,398"
الخدمات الرقمية,عام,القطاع العام,خدمة إلكترونية,2026/06/29,"37,855,943"
الخدمات الرقمية,عام,القطاع العام,خدمة إلكترونية,2026/06/29,"37,853,399"
الخدمات الرقمية,عام,القطاع العام,خدمة إلكترونية,2026/06/29,"37,853,420"
الخدمات الرقمية,عام,القطاع العام,خدمة إلكترونية,2026/06/29,"37,850,066"
الخدمات الرقمية,عام,القطاع العام,خدمة إلكترونية,2026/06/29,"37,853,393"
الخدمات الرقمية,عام,القطاع العام,خدمة إلكترونية,2026/06/29,"37,856,719"
الخدمات الرقمية,عام,القطاع العام,خدمة إلكترونية,2026/06/29,"37,853,394"
الخدمات الرقمية,عام,القطاع العام,خدمة إلكترونية,2026/06/29,"37,855,945"
الخدمات الرقمية,عام,القطاع العام,خدمة إلكترونية,2026/06/29,"37,856,577"
الخدمات الرقمية,عام,القطاع العام,خدمة إلكترونية,2026/06/29,"37,855,953"
الخدمات الرقمية,عام,القطاع العام,خدمة إلكترونية,2026/06/29,"37,855,955"
الخدمات الرقمية,عام,القطاع العام,خدمة إلكترونية,2026/06/29,"37,855,810"
الخدمات الرقمية,عام,القطاع العام,خدمة إلكترونية,2026/06/29,"37,855,851"
الخدمات الرقمية,عام,القطاع العام,خدمة إلكترونية,2026/06/29,"37,855,948"
الخدمات الرقمية,عام,القطاع العام,خدمة إلكترونية,2026/06/29,"37,855,949"
الخدمات الرقمية,عام,القطاع العام,خدمة إلكترونية,2026/06/29,"37,864,832"
الخدمات الرقمية,عام,القطاع العام,خدمة إلكترونية,2026/06/29,"37,869,657"
الخدمات الرقمية,عام,القطاع العام,خدمة إلكترونية,2026/06/29,"37,869,658"
الخدمات الرقمية,عام,القطاع العام,خدمة إلكترونية,2026/06/29,"37,856,640"
الخدمات الرقمية,عام,القطاع العام,خدمة إلكترونية,2026/06/29,"37,869,647"
الخدمات الرقمية,عام,القطاع العام,خدمة إلكترونية,2026/06/29,"37,869,099"
الخدمات الرقمية,عام,القطاع العام,خدمة إلكترونية,2026/06/29,"37,869,646"
الخدمات الرقمية,عام,القطاع العام,خدمة إلكترونية,2026/06/29,"37,866,388"
الخدمات الرقمية,عام,القطاع العام,خدمة إلكترونية,2026/06/29,"37,869,651"
الخدمات الرقمية,عام,القطاع العام,خدمة إلكترونية,2026/06/29,"37,866,386"
الخدمات الرقمية,عام,القطاع العام,خدمة إلكترونية,2026/06/29,"37,866,387"
الخدمات الرقمية,عام,القطاع العام,خدمة إلكترونية,2026/06/29,"37,855,952"
الخدمات الرقمية,عام,القطاع العام,خدمة إلكترونية,2026/06/29,"37,869,649"
الخدمات الرقمية,عام,القطاع العام,خدمة إلكترونية,2026/06/29,"37,869,660"
الخدمات الرقمية,عام,القطاع العام,خدمة إلكترونية,2026/06/29,"37,869,661"
الخدمات الرقمية,عام,القطاع العام,خدمة إلكترونية,2026/06/29,"37,851,090"
الخدمات الرقمية,عام,القطاع العام,خدمة إلكترونية,2026/06/29,"37,853,395"
الخدمات الرقمية,عام,القطاع العام,خدمة إلكترونية,2026/06/29,"37,855,946"
الخدمات الرقمية,عام,القطاع العام,خدمة إلكترونية,2026/06/29,"37,853,392"
الخدمات الرقمية,عام,القطاع العام,خدمة إلكترونية,2026/06/29,"37,851,086"
الخدمات الرقمية,عام,القطاع العام,خدمة إلكترونية,2026/06/29,"37,869,652"
الخدمات الرقمية,عام,القطاع العام,خدمة إلكترونية,2026/06/29,"37,853,389"
الخدمات الرقمية,عام,القطاع العام,خدمة إلكترونية,2026/06/29,"37,855,484"
الخدمات الرقمية,عام,القطاع العام,خدمة إلكترونية,2026/06/29,"37,869,648"
الخدمات الرقمية,عام,القطاع العام,خدمة إلكترونية,2026/06/29,"37,869,659"
الخدمات الرقمية,عام,القطاع العام,خدمة إلكترونية,2026/06/29,"37,855,641"
الخدمات الرقمية,عام,القطاع العام,خدمة إلكترونية,2026/06/29,"37,869,662"
الخدمات الرقمية,عام,القطاع العام,خدمة إلكترونية,2026/06/29,"37,869,650"
الخدمات الرقمية,عام,القطاع العام,خدمة إلكترونية,2026/06/29,"37,869,653"
الخدمات الرقمية,عام,القطاع العام,خدمة إلكترونية,2026/06/29,"37,869,654"
الخدمات الرقمية,عام,القطاع العام,خدمة إلكترونية,2026/06/29,"37,869,655"
الخدمات الرقمية,عام,القطاع العام,خدمة إلكترونية,2026/06/29,"37,869,656"
 الرياض,المزاحميه,القطاع العام,خدمة إلكترونية جزئيا,2026/06/29,"37,853,121"
 الرياض,المزاحميه,القطاع العام,خدمة إلكترونية جزئيا,2026/06/29,"37,853,174"
 الرياض,الرياض,القطاع العام,خدمة إلكترونية جزئيا,2026/06/29,"37,850,629"
الخدمات الرقمية,عام,القطاع العام,خدمة إلكترونية جزئيا,2026/06/29,"37,863,673"
الخدمات الرقمية,عام,القطاع العام,خدمة إلكترونية جزئيا,2026/06/29,"37,864,160"
الخدمات الرقمية,عام,القطاع العام,خدمة إلكترونية جزئيا,2026/06/29,"37,864,207"
الخدمات الرقمية,عام,القطاع العام,خدمة إلكترونية جزئيا,2026/06/29,"37,864,083"
 الرياض,الرياض,القطاع العام,خدمة إلكترونية جزئيا,2026/06/29,"37,849,835"
 الرياض,الرياض,القطاع العام,خدمة إلكترونية جزئيا,2026/06/29,"37,849,949"
الخدمات الرقمية,عام,القطاع العام,خدمة إلكترونية جزئيا,2026/06/29,"37,860,742"
الخدمات الرقمية,عام,القطاع العام,خدمة إلكترونية جزئيا,2026/06/29,"37,860,797"
الخدمات الرقمية,عام,القطاع العام,خدمة إلكترونية جزئيا,2026/06/29,"37,860,501"
الخدمات الرقمية,عام,القطاع العام,خدمة إلكترونية جزئيا,2026/06/29,"37,863,678"
الخدمات الرقمية,عام,القطاع العام,خدمة إلكترونية جزئيا,2026/06/29,"37,864,096"
الخدمات الرقمية,عام,القطاع العام,خدمة إلكترونية جزئيا,2026/06/29,"37,863,667"
الخدمات الرقمية,عام,القطاع العام,خدمة إلكترونية جزئيا,2026/06/29,"37,864,177"
الخدمات الرقمية,عام,القطاع العام,خدمة إلكترونية جزئيا,2026/06/29,"37,864,091"
الخدمات الرقمية,عام,القطاع العام,خدمة إلكترونية جزئيا,2026/06/29,"37,864,246"
الخدمات الرقمية,عام,القطاع العام,خدمة إلكترونية جزئيا,2026/06/29,"37,863,993"
الخدمات الرقمية,عام,القطاع العام,خدمة إلكترونية جزئيا,2026/06/29,"37,863,716"
الخدمات الرقمية,عام,القطاع العام,خدمة إلكترونية جزئيا,2026/06/29,"37,864,035"
الخدمات الرقمية,عام,القطاع العام,خدمة إلكترونية جزئيا,2026/06/29,"37,869,567"
الخدمات الرقمية,عام,القطاع العام,خدمة إلكترونية جزئيا,2026/06/29,"37,869,537"
 الرياض,الرياض,القطاع العام,خدمة إلكترونية جزئيا,2026/06/29,"37,845,704"
 الرياض,الرياض,القطاع العام,خدمة إلكترونية جزئيا,2026/06/29,"37,845,640"
 الرياض,الرياض,القطاع العام,خدمة إلكترونية جزئيا,2026/06/29,"37,845,824"
 الرياض,الرياض,القطاع العام,خدمة إلكترونية جزئيا,2026/06/29,"37,845,789"
 الرياض,الرياض,القطاع العام,خدمة إلكترونية جزئيا,2026/06/29,"37,845,732"
الخدمات الرقمية,عام,القطاع العام,خدمة إلكترونية,2026/06/30,"37,904,009"
الخدمات الرقمية,عام,القطاع العام,خدمة إلكترونية,2026/06/30,"37,876,936"
الخدمات الرقمية,عام,القطاع العام,خدمة إلكترونية,2026/06/30,"37,879,603"
الخدمات الرقمية,عام,القطاع العام,خدمة إلكترونية,2026/06/30,"37,881,554"
الخدمات الرقمية,عام,القطاع العام,خدمة إلكترونية,2026/06/30,"37,883,259"
الخدمات الرقمية,عام,القطاع العام,خدمة إلكترونية,2026/06/30,"37,901,051"
الخدمات الرقمية,عام,القطاع العام,خدمة إلكترونية,2026/06/30,"37,886,794"
الخدمات الرقمية,عام,القطاع العام,خدمة إلكترونية,2026/06/30,"37,889,525"
الخدمات الرقمية,عام,القطاع العام,خدمة إلكترونية,2026/06/30,"37,904,036"
الخدمات الرقمية,عام,القطاع العام,خدمة إلكترونية,2026/06/30,"37,904,035"
الخدمات الرقمية,عام,القطاع العام,خدمة إلكترونية,2026/06/30,"37,901,074"
الخدمات الرقمية,عام,القطاع العام,خدمة إلكترونية,2026/06/30,"37,901,073"
الخدمات الرقمية,عام,القطاع العام,خدمة إلكترونية,2026/06/30,"37,901,072"
الخدمات الرقمية,عام,القطاع العام,خدمة إلكترونية,2026/06/30,"37,904,034"
الخدمات الرقمية,عام,القطاع العام,خدمة إلكترونية,2026/06/30,"37,879,619"
الخدمات الرقمية,عام,القطاع العام,خدمة إلكترونية,2026/06/30,"37,876,943"
الخدمات الرقمية,عام,القطاع العام,خدمة إلكترونية,2026/06/30,"37,876,941"
الخدمات الرقمية,عام,القطاع العام,خدمة إلكترونية,2026/06/30,"37,883,289"
الخدمات الرقمية,عام,القطاع العام,خدمة إلكترونية,2026/06/30,"37,886,826"
الخدمات الرقمية,عام,القطاع العام,خدمة إلكترونية,2026/06/30,"37,879,618"
الخدمات الرقمية,عام,القطاع العام,خدمة إلكترونية,2026/06/30,"37,876,942"
الخدمات الرقمية,عام,القطاع العام,خدمة إلكترونية,2026/06/30,"37,888,410"
الخدمات الرقمية,عام,القطاع العام,خدمة إلكترونية,2026/06/30,"37,889,585"
الخدمات الرقمية,عام,القطاع العام,خدمة إلكترونية,2026/06/30,"37,886,829"
الخدمات الرقمية,عام,القطاع العام,خدمة إلكترونية,2026/06/30,"37,886,830"
الخدمات الرقمية,عام,القطاع العام,خدمة إلكترونية,2026/06/30,"37,886,831"
الخدمات الرقمية,عام,القطاع العام,خدمة إلكترونية,2026/06/30,"37,886,827"
الخدمات الرقمية,عام,القطاع العام,خدمة إلكترونية,2026/06/30,"37,881,589"
 الرياض,الرياض,القطاع العام,خدمة إلكترونية جزئيا,2026/06/30,"37,886,019"
 القصيم,بريده,القطاع العام,خدمة إلكترونية جزئيا,2026/06/30,"37,888,248"
الخدمات الرقمية,عام,القطاع العام,خدمة إلكترونية جزئيا,2026/06/30,"37,895,390"
الخدمات الرقمية,عام,القطاع العام,خدمة إلكترونية جزئيا,2026/06/30,"37,895,354"
الخدمات الرقمية,عام,القطاع العام,خدمة إلكترونية جزئيا,2026/06/30,"37,895,518"
الخدمات الرقمية,عام,القطاع العام,خدمة إلكترونية جزئيا,2026/06/30,"37,895,550"
الخدمات الرقمية,عام,القطاع العام,خدمة إلكترونية جزئيا,2026/06/30,"37,895,466"
الخدمات الرقمية,عام,القطاع العام,خدمة إلكترونية جزئيا,2026/06/30,"37,895,343"
الخدمات الرقمية,عام,القطاع العام,خدمة إلكترونية جزئيا,2026/06/30,"37,895,742"
الخدمات الرقمية,عام,القطاع العام,خدمة إلكترونية جزئيا,2026/06/30,"37,895,438"
الخدمات الرقمية,عام,القطاع العام,خدمة إلكترونية جزئيا,2026/06/30,"37,895,607"
الخدمات الرقمية,عام,القطاع العام,خدمة إلكترونية جزئيا,2026/06/30,"37,895,422"
الخدمات الرقمية,عام,القطاع العام,خدمة إلكترونية جزئيا,2026/06/30,"37,895,582"
الخدمات الرقمية,عام,القطاع العام,خدمة إلكترونية جزئيا,2026/06/30,"37,895,479"
الخدمات الرقمية,عام,القطاع العام,خدمة إلكترونية جزئيا,2026/06/30,"37,887,763"
الخدمات الرقمية,عام,القطاع العام,خدمة إلكترونية جزئيا,2026/06/30,"37,887,887"
الخدمات الرقمية,عام,القطاع العام,خدمة إلكترونية جزئيا,2026/06/30,"37,886,499"
الخدمات الرقمية,عام,القطاع العام,خدمة إلكترونية جزئيا,2026/06/30,"37,888,002"
 مكة المكرمه,جده,القطاع العام,خدمة إلكترونية جزئيا,2026/06/30,"37,883,449"
 عسير,ابها,القطاع العام,خدمة إلكترونية جزئيا,2026/06/30,"37,880,771"
 عسير,ابها,القطاع العام,خدمة إلكترونية جزئيا,2026/06/30,"37,880,920"
,,,,,
