المنطقة,المدينة,نوع القطاع,نوع الخدمة,التاريخ ميلادي,الرقم المرجعي
 المدينة المنوره,المدينة المنورة,القطاع الخاص,خدمة إلكترونية جزئيا,2026/04/01,"35,980,363"
 المدينة المنوره,المدينة المنورة,القطاع الخاص,خدمة إلكترونية جزئيا,2026/04/01,"35,977,521"
 الشرقية,حفر الباطن,القطاع الخاص,خدمة إلكترونية جزئيا,2026/04/01,"35,979,109"
 الحدود الشمالية,عرعر,القطاع الخاص,خدمة إلكترونية جزئيا,2026/04/01,"35,986,883"
 الحدود الشمالية,عرعر,القطاع الخاص,خدمة إلكترونية جزئيا,2026/04/01,"35,983,830"
 عسير,ابها,القطاع الخاص,خدمة إلكترونية جزئيا,2026/04/01,"35,982,369"
 عسير,ابها,القطاع الخاص,خدمة إلكترونية جزئيا,2026/04/01,"35,981,653"
 عسير,ابها,القطاع الخاص,خدمة إلكترونية جزئيا,2026/04/01,"35,981,313"
 حائل,حائل,القطاع الخاص,خدمة إلكترونية جزئيا,2026/04/01,"35,978,672"
 القصيم,بريده,القطاع الخاص,خدمة إلكترونية جزئيا,2026/04/01,"35,986,720"
 القصيم,بريده,القطاع الخاص,خدمة إلكترونية جزئيا,2026/04/01,"35,985,096"
 القصيم,بريده,القطاع الخاص,خدمة إلكترونية جزئيا,2026/04/01,"35,987,069"
 القصيم,بريده,القطاع الخاص,خدمة إلكترونية جزئيا,2026/04/01,"35,985,753"
 القصيم,بريده,القطاع الخاص,خدمة إلكترونية جزئيا,2026/04/01,"35,986,238"
 مكة المكرمه,جده,القطاع الخاص,خدمة إلكترونية جزئيا,2026/04/01,"35,986,266"
 مكة المكرمه,جده,القطاع الخاص,خدمة إلكترونية جزئيا,2026/04/01,"35,986,180"
 الشرقية,الدمام,القطاع الخاص,خدمة إلكترونية جزئيا,2026/04/01,"35,982,928"
 الشرقية,الدمام,القطاع الخاص,خدمة إلكترونية جزئيا,2026/04/01,"35,983,028"
 الشرقية,الدمام,القطاع الخاص,خدمة إلكترونية جزئيا,2026/04/01,"35,983,117"
 الشرقية,الدمام,القطاع الخاص,خدمة إلكترونية جزئيا,2026/04/01,"35,978,148"
 مكة المكرمه,مكة المكرمة,القطاع الخاص,خدمة إلكترونية جزئيا,2026/04/01,"35,977,388"
 مكة المكرمه,مكة المكرمة,القطاع الخاص,خدمة إلكترونية جزئيا,2026/04/01,"35,974,307"
 مكة المكرمه,مكة المكرمة,القطاع الخاص,خدمة إلكترونية جزئيا,2026/04/01,"35,978,718"
 مكة المكرمه,مكة المكرمة,القطاع الخاص,خدمة إلكترونية جزئيا,2026/04/01,"35,976,442"
 مكة المكرمه,مكة المكرمة,القطاع الخاص,خدمة إلكترونية جزئيا,2026/04/01,"35,985,201"
 مكة المكرمه,مكة المكرمة,القطاع الخاص,خدمة إلكترونية جزئيا,2026/04/01,"35,981,055"
 مكة المكرمه,مكة المكرمة,القطاع الخاص,خدمة إلكترونية جزئيا,2026/04/01,"35,981,939"
 مكة المكرمه,مكة المكرمة,القطاع الخاص,خدمة إلكترونية جزئيا,2026/04/01,"35,979,878"
 مكة المكرمه,مكة المكرمة,القطاع الخاص,خدمة إلكترونية جزئيا,2026/04/01,"35,967,415"
 مكة المكرمه,مكة المكرمة,القطاع الخاص,خدمة إلكترونية جزئيا,2026/04/01,"35,981,064"
 مكة المكرمه,مكة المكرمة,القطاع الخاص,خدمة إلكترونية جزئيا,2026/04/01,"35,984,048"
 مكة المكرمه,مكة المكرمة,القطاع الخاص,خدمة إلكترونية جزئيا,2026/04/01,"35,980,705"
 مكة المكرمه,مكة المكرمة,القطاع الخاص,خدمة إلكترونية جزئيا,2026/04/01,"35,983,484"
 مكة المكرمه,مكة المكرمة,القطاع الخاص,خدمة إلكترونية جزئيا,2026/04/01,"35,983,863"
 مكة المكرمه,مكة المكرمة,القطاع الخاص,خدمة إلكترونية جزئيا,2026/04/01,"35,987,026"
 مكة المكرمه,مكة المكرمة,القطاع الخاص,خدمة إلكترونية جزئيا,2026/04/01,"35,988,059"
 مكة المكرمه,مكة المكرمة,القطاع الخاص,خدمة إلكترونية جزئيا,2026/04/01,"35,982,094"
 مكة المكرمه,مكة المكرمة,القطاع الخاص,خدمة إلكترونية جزئيا,2026/04/01,"35,976,594"
 مكة المكرمه,مكة المكرمة,القطاع الخاص,خدمة إلكترونية جزئيا,2026/04/01,"35,967,296"
 مكة المكرمه,مكة المكرمة,القطاع الخاص,خدمة إلكترونية جزئيا,2026/04/01,"35,979,026"
 الرياض,الرياض,القطاع الخاص,خدمة إلكترونية جزئيا,2026/04/01,"35,985,140"
 الرياض,الرياض,القطاع الخاص,خدمة إلكترونية جزئيا,2026/04/01,"35,985,034"
 الرياض,الرياض,القطاع الخاص,خدمة إلكترونية جزئيا,2026/04/01,"35,974,572"
 الرياض,الرياض,القطاع الخاص,خدمة إلكترونية جزئيا,2026/04/01,"35,988,304"
 الرياض,الرياض,القطاع الخاص,خدمة إلكترونية جزئيا,2026/04/01,"35,978,165"
 الرياض,الرياض,القطاع الخاص,خدمة إلكترونية جزئيا,2026/04/01,"35,974,097"
 الرياض,الرياض,القطاع الخاص,خدمة إلكترونية جزئيا,2026/04/01,"35,975,463"
 الرياض,الرياض,القطاع الخاص,خدمة إلكترونية جزئيا,2026/04/01,"35,975,271"
 الرياض,الرياض,القطاع الخاص,خدمة إلكترونية جزئيا,2026/04/01,"35,982,320"
 الرياض,الرياض,القطاع الخاص,خدمة إلكترونية جزئيا,2026/04/01,"35,973,258"
 الرياض,الرياض,القطاع الخاص,خدمة إلكترونية جزئيا,2026/04/01,"35,983,468"
 الرياض,الرياض,القطاع الخاص,خدمة إلكترونية جزئيا,2026/04/01,"35,974,208"
 الرياض,الرياض,القطاع الخاص,خدمة إلكترونية جزئيا,2026/04/01,"35,978,295"
 الرياض,الرياض,القطاع الخاص,خدمة إلكترونية جزئيا,2026/04/01,"35,978,141"
 الرياض,الرياض,القطاع الخاص,خدمة إلكترونية جزئيا,2026/04/01,"35,978,572"
 الرياض,الرياض,القطاع الخاص,خدمة إلكترونية جزئيا,2026/04/01,"35,978,671"
 الرياض,الرياض,القطاع الخاص,خدمة إلكترونية جزئيا,2026/04/01,"35,978,798"
 الرياض,الرياض,القطاع الخاص,خدمة إلكترونية جزئيا,2026/04/01,"35,985,955"
 الرياض,الرياض,القطاع الخاص,خدمة إلكترونية جزئيا,2026/04/01,"35,986,219"
 الرياض,الرياض,القطاع الخاص,خدمة إلكترونية جزئيا,2026/04/01,"35,971,844"
 الرياض,الرياض,القطاع الخاص,خدمة إلكترونية جزئيا,2026/04/01,"35,971,665"
 الرياض,الرياض,القطاع الخاص,خدمة إلكترونية جزئيا,2026/04/01,"35,971,742"
 الرياض,الرياض,القطاع الخاص,خدمة إلكترونية جزئيا,2026/04/01,"35,971,535"
 الرياض,الرياض,القطاع الخاص,خدمة إلكترونية جزئيا,2026/04/01,"35,971,814"
 الرياض,الرياض,القطاع الخاص,خدمة إلكترونية جزئيا,2026/04/01,"35,971,901"
 الرياض,الرياض,القطاع الخاص,خدمة إلكترونية جزئيا,2026/04/01,"35,971,320"
 الرياض,الرياض,القطاع الخاص,خدمة إلكترونية جزئيا,2026/04/01,"35,971,483"
 الرياض,الرياض,القطاع الخاص,خدمة إلكترونية جزئيا,2026/04/01,"35,978,095"
 الرياض,الرياض,القطاع الخاص,خدمة إلكترونية جزئيا,2026/04/01,"35,978,308"
 الرياض,الرياض,القطاع الخاص,خدمة إلكترونية جزئيا,2026/04/01,"35,978,528"
 الرياض,الرياض,القطاع الخاص,خدمة إلكترونية جزئيا,2026/04/01,"35,975,967"
 الرياض,الرياض,القطاع الخاص,خدمة إلكترونية جزئيا,2026/04/01,"35,973,725"
 الرياض,الرياض,القطاع الخاص,خدمة إلكترونية جزئيا,2026/04/01,"35,973,263"
 الرياض,الرياض,القطاع الخاص,خدمة إلكترونية جزئيا,2026/04/01,"35,978,000"
 الرياض,الرياض,القطاع الخاص,خدمة إلكترونية جزئيا,2026/04/01,"35,978,185"
 الرياض,الرياض,القطاع الخاص,خدمة إلكترونية جزئيا,2026/04/01,"35,980,194"
الخدمات الرقمية,عام,القطاع العام,خدمة إلكترونية,2026/04/01,"35,971,806"
الخدمات الرقمية,عام,القطاع العام,خدمة إلكترونية,2026/04/01,"35,978,108"
الخدمات الرقمية,عام,القطاع العام,خدمة إلكترونية,2026/04/01,"35,971,811"
 القصيم,بريده,القطاع العام,خدمة إلكترونية جزئيا,2026/04/01,"35,973,642"
الخدمات الرقمية,كتابة عدل مدمجة - افتراضية,القطاع العام,خدمة إلكترونية جزئيا,2026/04/01,"35,977,192"
 عسير,ابها,القطاع الخاص,خدمة إلكترونية جزئيا,2026/04/01,"35,982,508"
 عسير,ابها,القطاع الخاص,خدمة إلكترونية جزئيا,2026/04/01,"35,981,840"
 الرياض,الرياض,القطاع الخاص,خدمة إلكترونية جزئيا,2026/04/01,"35,971,608"
 الرياض,الرياض,القطاع الخاص,خدمة إلكترونية جزئيا,2026/04/01,"35,978,179"
 مكة المكرمه,مكة المكرمة,القطاع الخاص,خدمة إلكترونية جزئيا,2026/04/01,"35,974,356"
 مكة المكرمه,مكة المكرمة,القطاع الخاص,خدمة إلكترونية جزئيا,2026/04/01,"35,977,119"
 المدينة المنوره,المدينة المنورة,القطاع الخاص,خدمة إلكترونية جزئيا,2026/04/01,"35,980,837"
 الرياض,الرياض,القطاع الخاص,خدمة إلكترونية جزئيا,2026/04/01,"35,982,339"
 الرياض,الرياض,القطاع الخاص,خدمة إلكترونية جزئيا,2026/04/01,"35,980,422"
 الرياض,الرياض,القطاع الخاص,خدمة إلكترونية جزئيا,2026/04/01,"35,978,310"
 القصيم,بريده,القطاع الخاص,خدمة إلكترونية جزئيا,2026/04/01,"35,986,506"
 الرياض,الرياض,القطاع الخاص,خدمة إلكترونية جزئيا,2026/04/01,"35,978,570"
 الرياض,الرياض,القطاع الخاص,خدمة إلكترونية جزئيا,2026/04/01,"35,978,524"
 مكة المكرمه,مكة المكرمة,القطاع الخاص,خدمة إلكترونية جزئيا,2026/04/01,"35,977,632"
 الرياض,الرياض,القطاع الخاص,خدمة إلكترونية جزئيا,2026/04/01,"35,978,621"
 الرياض,الرياض,القطاع الخاص,خدمة إلكترونية جزئيا,2026/04/01,"35,978,730"
 الرياض,الرياض,القطاع الخاص,خدمة إلكترونية جزئيا,2026/04/01,"35,971,510"
 الرياض,الرياض,القطاع الخاص,خدمة إلكترونية جزئيا,2026/04/01,"35,971,775"
 مكة المكرمه,مكة المكرمة,القطاع الخاص,خدمة إلكترونية جزئيا,2026/04/01,"35,981,192"
 حائل,حائل,القطاع الخاص,خدمة إلكترونية جزئيا,2026/04/01,"35,978,774"
 الشرقية,حفر الباطن,القطاع الخاص,خدمة إلكترونية جزئيا,2026/04/01,"35,979,200"
 الشرقية,الدمام,القطاع الخاص,خدمة إلكترونية جزئيا,2026/04/01,"35,978,271"
 الرياض,الرياض,القطاع الخاص,خدمة إلكترونية جزئيا,2026/04/01,"35,983,519"
 الرياض,الرياض,القطاع الخاص,خدمة إلكترونية جزئيا,2026/04/01,"35,971,363"
 الرياض,الرياض,القطاع الخاص,خدمة إلكترونية جزئيا,2026/04/01,"35,971,946"
 مكة المكرمه,جده,القطاع الخاص,خدمة إلكترونية جزئيا,2026/04/01,"35,979,173"
 مكة المكرمه,جده,القطاع الخاص,خدمة إلكترونية جزئيا,2026/04/01,"35,975,812"
 الرياض,الرياض,القطاع الخاص,خدمة إلكترونية جزئيا,2026/04/01,"35,978,274"
 الرياض,الرياض,القطاع الخاص,خدمة إلكترونية جزئيا,2026/04/01,"35,973,456"
 الرياض,الرياض,القطاع الخاص,خدمة إلكترونية جزئيا,2026/04/01,"35,978,083"
 القصيم,بريده,القطاع الخاص,خدمة إلكترونية جزئيا,2026/04/01,"35,986,864"
 مكة المكرمه,مكة المكرمة,القطاع الخاص,خدمة إلكترونية جزئيا,2026/04/01,"35,988,083"
 الحدود الشمالية,عرعر,القطاع الخاص,خدمة إلكترونية جزئيا,2026/04/01,"35,983,836"
 الحدود الشمالية,عرعر,القطاع الخاص,خدمة إلكترونية جزئيا,2026/04/01,"35,986,954"
 الرياض,الرياض,القطاع الخاص,خدمة إلكترونية جزئيا,2026/04/01,"35,978,393"
 الرياض,الرياض,القطاع الخاص,خدمة إلكترونية جزئيا,2026/04/01,"35,978,909"
الخدمات الرقمية,عام,القطاع العام,خدمة إلكترونية,2026/04/01,"35,967,551"
الخدمات الرقمية,عام,القطاع العام,خدمة إلكترونية,2026/04/01,"35,972,540"
الخدمات الرقمية,عام,القطاع العام,خدمة إلكترونية,2026/04/01,"35,970,466"
الخدمات الرقمية,عام,القطاع العام,خدمة إلكترونية,2026/04/01,"35,979,317"
الخدمات الرقمية,عام,القطاع العام,خدمة إلكترونية,2026/04/01,"35,979,945"
الخدمات الرقمية,عام,القطاع العام,خدمة إلكترونية,2026/04/01,"35,972,771"
الخدمات الرقمية,عام,القطاع العام,خدمة إلكترونية,2026/04/01,"35,979,358"
الخدمات الرقمية,عام,القطاع العام,خدمة إلكترونية,2026/04/01,"35,969,552"
الخدمات الرقمية,عام,القطاع العام,خدمة إلكترونية,2026/04/01,"35,973,497"
الخدمات الرقمية,عام,القطاع العام,خدمة إلكترونية,2026/04/01,"35,970,977"
الخدمات الرقمية,عام,القطاع العام,خدمة إلكترونية,2026/04/01,"35,970,966"
الخدمات الرقمية,عام,القطاع العام,خدمة إلكترونية,2026/04/01,"35,977,677"
الخدمات الرقمية,عام,القطاع العام,خدمة إلكترونية,2026/04/01,"35,967,158"
الخدمات الرقمية,عام,القطاع العام,خدمة إلكترونية,2026/04/01,"35,985,738"
الخدمات الرقمية,عام,القطاع العام,خدمة إلكترونية,2026/04/01,"35,986,141"
الخدمات الرقمية,عام,القطاع العام,خدمة إلكترونية,2026/04/01,"35,974,303"
الخدمات الرقمية,عام,القطاع العام,خدمة إلكترونية,2026/04/01,"35,979,668"
الخدمات الرقمية,عام,القطاع العام,خدمة إلكترونية,2026/04/01,"35,986,918"
الخدمات الرقمية,عام,القطاع العام,خدمة إلكترونية,2026/04/01,"35,981,052"
الخدمات الرقمية,عام,القطاع العام,خدمة إلكترونية,2026/04/01,"35,970,858"
الخدمات الرقمية,عام,القطاع العام,خدمة إلكترونية,2026/04/01,"35,978,483"
الخدمات الرقمية,عام,القطاع العام,خدمة إلكترونية,2026/04/01,"35,979,634"
الخدمات الرقمية,عام,القطاع العام,خدمة إلكترونية,2026/04/01,"35,971,924"
الخدمات الرقمية,عام,القطاع العام,خدمة إلكترونية,2026/04/01,"35,978,138"
الخدمات الرقمية,عام,القطاع العام,خدمة إلكترونية,2026/04/01,"35,980,891"
الخدمات الرقمية,عام,القطاع العام,خدمة إلكترونية,2026/04/01,"35,983,031"
الخدمات الرقمية,عام,القطاع العام,خدمة إلكترونية,2026/04/01,"35,980,300"
الخدمات الرقمية,عام,القطاع العام,خدمة إلكترونية,2026/04/01,"35,977,758"
الخدمات الرقمية,عام,القطاع العام,خدمة إلكترونية,2026/04/01,"35,982,862"
الخدمات الرقمية,عام,القطاع العام,خدمة إلكترونية,2026/04/01,"35,983,048"
الخدمات الرقمية,عام,القطاع العام,خدمة إلكترونية,2026/04/01,"35,983,093"
الخدمات الرقمية,عام,القطاع العام,خدمة إلكترونية,2026/04/01,"35,982,235"
الخدمات الرقمية,عام,القطاع العام,خدمة إلكترونية,2026/04/01,"35,982,998"
الخدمات الرقمية,عام,القطاع العام,خدمة إلكترونية,2026/04/01,"35,972,021"
الخدمات الرقمية,عام,القطاع العام,خدمة إلكترونية,2026/04/01,"35,975,198"
الخدمات الرقمية,عام,القطاع العام,خدمة إلكترونية,2026/04/01,"35,983,224"
الخدمات الرقمية,عام,القطاع العام,خدمة إلكترونية,2026/04/01,"35,984,548"
الخدمات الرقمية,عام,القطاع العام,خدمة إلكترونية,2026/04/01,"35,982,828"
الخدمات الرقمية,عام,القطاع العام,خدمة إلكترونية,2026/04/01,"35,982,871"
الخدمات الرقمية,عام,القطاع العام,خدمة إلكترونية,2026/04/01,"35,976,798"
الخدمات الرقمية,عام,القطاع العام,خدمة إلكترونية,2026/04/01,"35,978,059"
الخدمات الرقمية,عام,القطاع العام,خدمة إلكترونية,2026/04/01,"35,980,403"
الخدمات الرقمية,عام,القطاع العام,خدمة إلكترونية,2026/04/01,"35,977,913"
الخدمات الرقمية,عام,القطاع العام,خدمة إلكترونية,2026/04/01,"35,982,782"
الخدمات الرقمية,عام,القطاع العام,خدمة إلكترونية,2026/04/01,"35,983,127"
الخدمات الرقمية,كتابة عدل مدمجة - افتراضية,القطاع العام,خدمة إلكترونية جزئيا,2026/04/01,"35,976,252"
 مكة المكرمه,مكة المكرمة,القطاع الخاص,خدمة إلكترونية جزئيا,2026/04/02,"36,003,187"
 مكة المكرمه,مكة المكرمة,القطاع الخاص,خدمة إلكترونية جزئيا,2026/04/02,"36,007,386"
 مكة المكرمه,مكة المكرمة,القطاع الخاص,خدمة إلكترونية جزئيا,2026/04/02,"35,999,593"
 الرياض,الرياض,القطاع الخاص,خدمة إلكترونية جزئيا,2026/04/02,"35,996,672"
 المدينة المنوره,المدينة المنورة,القطاع الخاص,خدمة إلكترونية جزئيا,2026/04/02,"36,001,150"
 المدينة المنوره,المدينة المنورة,القطاع الخاص,خدمة إلكترونية جزئيا,2026/04/02,"36,001,247"
 المدينة المنوره,المدينة المنورة,القطاع الخاص,خدمة إلكترونية جزئيا,2026/04/02,"36,001,462"
 الشرقية,الدمام,القطاع الخاص,خدمة إلكترونية جزئيا,2026/04/02,"36,001,040"
 الشرقية,الدمام,القطاع الخاص,خدمة إلكترونية جزئيا,2026/04/02,"35,995,182"
 الشرقية,الدمام,القطاع الخاص,خدمة إلكترونية جزئيا,2026/04/02,"35,995,049"
 عسير,ابها,القطاع الخاص,خدمة إلكترونية جزئيا,2026/04/02,"36,003,907"
 القصيم,بريده,القطاع الخاص,خدمة إلكترونية جزئيا,2026/04/02,"36,005,771"
 الشرقية,الدمام,القطاع الخاص,خدمة إلكترونية جزئيا,2026/04/02,"35,999,649"
 الشرقية,الدمام,القطاع الخاص,خدمة إلكترونية جزئيا,2026/04/02,"35,998,451"
 الشرقية,الدمام,القطاع الخاص,خدمة إلكترونية جزئيا,2026/04/02,"36,001,584"
 مكة المكرمه,مكة المكرمة,القطاع الخاص,خدمة إلكترونية جزئيا,2026/04/02,"36,000,805"
 مكة المكرمه,مكة المكرمة,القطاع الخاص,خدمة إلكترونية جزئيا,2026/04/02,"35,994,759"
 مكة المكرمه,مكة المكرمة,القطاع الخاص,خدمة إلكترونية جزئيا,2026/04/02,"36,000,595"
 مكة المكرمه,مكة المكرمة,القطاع الخاص,خدمة إلكترونية جزئيا,2026/04/02,"36,007,511"
 مكة المكرمه,مكة المكرمة,القطاع الخاص,خدمة إلكترونية جزئيا,2026/04/02,"36,007,433"
 الرياض,الرياض,القطاع الخاص,خدمة إلكترونية جزئيا,2026/04/02,"36,006,214"
 الرياض,الرياض,القطاع الخاص,خدمة إلكترونية جزئيا,2026/04/02,"36,006,180"
 الرياض,الرياض,القطاع الخاص,خدمة إلكترونية جزئيا,2026/04/02,"35,997,451"
 الرياض,الرياض,القطاع الخاص,خدمة إلكترونية جزئيا,2026/04/02,"35,993,726"
 الرياض,الرياض,القطاع الخاص,خدمة إلكترونية جزئيا,2026/04/02,"36,004,554"
 الرياض,الرياض,القطاع الخاص,خدمة إلكترونية جزئيا,2026/04/02,"35,994,587"
 الرياض,الرياض,القطاع الخاص,خدمة إلكترونية جزئيا,2026/04/02,"36,002,183"
الخدمات الرقمية,عام,القطاع العام,خدمة إلكترونية,2026/04/02,"35,998,076"
 عسير,ابها,القطاع الخاص,خدمة إلكترونية جزئيا,2026/04/02,"36,004,000"
 مكة المكرمه,مكة المكرمة,القطاع الخاص,خدمة إلكترونية جزئيا,2026/04/02,"36,001,988"
 الرياض,الرياض,القطاع الخاص,خدمة إلكترونية جزئيا,2026/04/02,"36,002,292"
 الشرقية,الدمام,القطاع الخاص,خدمة إلكترونية جزئيا,2026/04/02,"36,001,698"
 الشرقية,الدمام,القطاع الخاص,خدمة إلكترونية جزئيا,2026/04/02,"35,999,719"
 الشرقية,الدمام,القطاع الخاص,خدمة إلكترونية جزئيا,2026/04/02,"35,998,839"
 القصيم,بريده,القطاع الخاص,خدمة إلكترونية جزئيا,2026/04/02,"36,005,923"
 مكة المكرمه,مكة المكرمة,القطاع الخاص,خدمة إلكترونية جزئيا,2026/04/02,"35,999,854"
 مكة المكرمه,مكة المكرمة,القطاع الخاص,خدمة إلكترونية جزئيا,2026/04/02,"36,000,655"
 الرياض,الرياض,القطاع الخاص,خدمة إلكترونية جزئيا,2026/04/02,"36,004,960"
 الرياض,الرياض,القطاع الخاص,خدمة إلكترونية جزئيا,2026/04/02,"35,996,983"
 مكة المكرمه,مكة المكرمة,القطاع الخاص,خدمة إلكترونية جزئيا,2026/04/02,"36,007,497"
 الرياض,الرياض,القطاع الخاص,خدمة إلكترونية جزئيا,2026/04/02,"35,997,474"
 الرياض,الرياض,القطاع الخاص,خدمة إلكترونية جزئيا,2026/04/02,"35,995,024"
 الرياض,الرياض,القطاع الخاص,خدمة إلكترونية جزئيا,2026/04/02,"35,994,065"
 مكة المكرمه,مكة المكرمة,القطاع الخاص,خدمة إلكترونية جزئيا,2026/04/02,"35,995,403"
 الشرقية,الدمام,القطاع الخاص,خدمة إلكترونية جزئيا,2026/04/02,"36,001,724"
 الرياض,الرياض,القطاع الخاص,خدمة إلكترونية جزئيا,2026/04/02,"36,006,245"
 الرياض,الرياض,القطاع الخاص,خدمة إلكترونية جزئيا,2026/04/02,"35,994,651"
 الرياض,الرياض,القطاع الخاص,خدمة إلكترونية جزئيا,2026/04/02,"35,993,758"
 مكة المكرمه,مكة المكرمة,القطاع الخاص,خدمة إلكترونية جزئيا,2026/04/02,"36,003,566"
 المدينة المنوره,المدينة المنورة,القطاع الخاص,خدمة إلكترونية جزئيا,2026/04/02,"36,001,463"
 الرياض,الرياض,القطاع الخاص,خدمة إلكترونية جزئيا,2026/04/02,"36,006,452"
 الشرقية,الدمام,القطاع الخاص,خدمة إلكترونية جزئيا,2026/04/02,"35,995,804"
 الشرقية,الدمام,القطاع الخاص,خدمة إلكترونية جزئيا,2026/04/02,"35,995,364"
 الرياض,الرياض,القطاع الخاص,خدمة إلكترونية جزئيا,2026/04/02,"35,988,349"
 الشرقية,حفر الباطن,القطاع الخاص,خدمة إلكترونية جزئيا,2026/04/02,"36,006,741"
 الشرقية,الدمام,القطاع الخاص,خدمة إلكترونية جزئيا,2026/04/02,"36,001,298"
الخدمات الرقمية,عام,القطاع العام,خدمة إلكترونية,2026/04/02,"35,995,558"
الخدمات الرقمية,عام,القطاع العام,خدمة إلكترونية,2026/04/02,"35,997,962"
الخدمات الرقمية,عام,القطاع العام,خدمة إلكترونية,2026/04/02,"35,995,697"
الخدمات الرقمية,عام,القطاع العام,خدمة إلكترونية,2026/04/02,"35,995,150"
الخدمات الرقمية,عام,القطاع العام,خدمة إلكترونية,2026/04/02,"36,003,487"
الخدمات الرقمية,عام,القطاع العام,خدمة إلكترونية,2026/04/02,"35,997,834"
الخدمات الرقمية,عام,القطاع العام,خدمة إلكترونية,2026/04/02,"35,998,558"
الخدمات الرقمية,عام,القطاع العام,خدمة إلكترونية,2026/04/02,"36,001,875"
الخدمات الرقمية,عام,القطاع العام,خدمة إلكترونية,2026/04/02,"36,003,042"
الخدمات الرقمية,عام,القطاع العام,خدمة إلكترونية,2026/04/02,"36,005,577"
الخدمات الرقمية,عام,القطاع العام,خدمة إلكترونية,2026/04/02,"36,005,842"
الخدمات الرقمية,عام,القطاع العام,خدمة إلكترونية,2026/04/02,"36,005,582"
الخدمات الرقمية,عام,القطاع العام,خدمة إلكترونية,2026/04/02,"36,002,382"
الخدمات الرقمية,عام,القطاع العام,خدمة إلكترونية,2026/04/02,"36,005,300"
الخدمات الرقمية,عام,القطاع العام,خدمة إلكترونية,2026/04/02,"36,002,673"
الخدمات الرقمية,عام,القطاع العام,خدمة إلكترونية,2026/04/02,"36,005,722"
الخدمات الرقمية,عام,القطاع العام,خدمة إلكترونية,2026/04/02,"36,005,192"
الخدمات الرقمية,عام,القطاع العام,خدمة إلكترونية,2026/04/02,"36,006,024"
الخدمات الرقمية,عام,القطاع العام,خدمة إلكترونية,2026/04/02,"36,005,190"
الخدمات الرقمية,عام,القطاع العام,خدمة إلكترونية,2026/04/02,"36,005,989"
الخدمات الرقمية,عام,القطاع العام,خدمة إلكترونية,2026/04/02,"36,000,989"
الخدمات الرقمية,عام,القطاع العام,خدمة إلكترونية,2026/04/02,"36,003,265"
الخدمات الرقمية,عام,القطاع العام,خدمة إلكترونية,2026/04/02,"36,007,334"
الخدمات الرقمية,عام,القطاع العام,خدمة إلكترونية,2026/04/02,"36,003,449"
الخدمات الرقمية,عام,القطاع العام,خدمة إلكترونية,2026/04/02,"36,007,544"
الخدمات الرقمية,عام,القطاع العام,خدمة إلكترونية,2026/04/02,"35,995,605"
الخدمات الرقمية,عام,القطاع العام,خدمة إلكترونية,2026/04/02,"36,005,089"
الخدمات الرقمية,عام,القطاع العام,خدمة إلكترونية,2026/04/02,"35,994,853"
الخدمات الرقمية,عام,القطاع العام,خدمة إلكترونية,2026/04/02,"36,007,500"
الخدمات الرقمية,عام,القطاع العام,خدمة إلكترونية,2026/04/02,"36,006,591"
الخدمات الرقمية,عام,القطاع العام,خدمة إلكترونية,2026/04/02,"36,003,166"
الخدمات الرقمية,عام,القطاع العام,خدمة إلكترونية,2026/04/02,"36,005,814"
الخدمات الرقمية,عام,القطاع العام,خدمة إلكترونية,2026/04/02,"35,998,091"
الخدمات الرقمية,عام,القطاع العام,خدمة إلكترونية,2026/04/02,"36,002,703"
الخدمات الرقمية,عام,القطاع العام,خدمة إلكترونية,2026/04/02,"36,007,775"
الخدمات الرقمية,عام,القطاع العام,خدمة إلكترونية,2026/04/02,"36,008,278"
الخدمات الرقمية,عام,القطاع العام,خدمة إلكترونية,2026/04/02,"36,009,016"
الخدمات الرقمية,عام,القطاع العام,خدمة إلكترونية,2026/04/02,"36,007,081"
الخدمات الرقمية,عام,القطاع العام,خدمة إلكترونية,2026/04/02,"35,993,947"
الخدمات الرقمية,عام,القطاع العام,خدمة إلكترونية,2026/04/02,"35,994,972"
الخدمات الرقمية,عام,القطاع العام,خدمة إلكترونية,2026/04/02,"35,994,487"
الخدمات الرقمية,عام,القطاع العام,خدمة إلكترونية,2026/04/02,"35,993,139"
الخدمات الرقمية,عام,القطاع العام,خدمة إلكترونية,2026/04/02,"35,994,495"
الخدمات الرقمية,عام,القطاع العام,خدمة إلكترونية,2026/04/02,"35,995,981"
الخدمات الرقمية,عام,القطاع العام,خدمة إلكترونية,2026/04/02,"35,999,116"
الخدمات الرقمية,عام,القطاع العام,خدمة إلكترونية,2026/04/02,"36,001,338"
الخدمات الرقمية,عام,القطاع العام,خدمة إلكترونية,2026/04/02,"35,995,294"
الخدمات الرقمية,عام,القطاع العام,خدمة إلكترونية,2026/04/02,"35,999,499"
الخدمات الرقمية,عام,القطاع العام,خدمة إلكترونية,2026/04/02,"35,993,949"
الخدمات الرقمية,عام,القطاع العام,خدمة إلكترونية,2026/04/02,"35,997,064"
الخدمات الرقمية,عام,القطاع العام,خدمة إلكترونية,2026/04/02,"35,995,303"
الخدمات الرقمية,عام,القطاع العام,خدمة إلكترونية,2026/04/02,"36,001,174"
الخدمات الرقمية,عام,القطاع العام,خدمة إلكترونية,2026/04/02,"36,001,315"
الخدمات الرقمية,عام,القطاع العام,خدمة إلكترونية,2026/04/02,"36,001,503"
الخدمات الرقمية,عام,القطاع العام,خدمة إلكترونية,2026/04/02,"35,995,162"
الخدمات الرقمية,عام,القطاع العام,خدمة إلكترونية,2026/04/02,"36,003,833"
الخدمات الرقمية,عام,القطاع العام,خدمة إلكترونية,2026/04/02,"36,000,393"
الخدمات الرقمية,عام,القطاع العام,خدمة إلكترونية,2026/04/02,"35,999,952"
الخدمات الرقمية,عام,القطاع العام,خدمة إلكترونية,2026/04/02,"36,000,007"
الخدمات الرقمية,عام,القطاع العام,خدمة إلكترونية,2026/04/02,"36,002,796"
الخدمات الرقمية,عام,القطاع العام,خدمة إلكترونية,2026/04/02,"36,005,280"
الخدمات الرقمية,عام,القطاع العام,خدمة إلكترونية,2026/04/02,"36,002,345"
الخدمات الرقمية,عام,القطاع العام,خدمة إلكترونية,2026/04/02,"36,004,667"
الخدمات الرقمية,عام,القطاع العام,خدمة إلكترونية,2026/04/02,"36,005,136"
الخدمات الرقمية,عام,القطاع العام,خدمة إلكترونية,2026/04/02,"36,004,595"
الخدمات الرقمية,عام,القطاع العام,خدمة إلكترونية,2026/04/02,"36,005,074"
الخدمات الرقمية,عام,القطاع العام,خدمة إلكترونية,2026/04/02,"36,005,352"
الخدمات الرقمية,عام,القطاع العام,خدمة إلكترونية,2026/04/02,"36,005,084"
الخدمات الرقمية,عام,القطاع العام,خدمة إلكترونية,2026/04/02,"36,005,412"
الخدمات الرقمية,عام,القطاع العام,خدمة إلكترونية,2026/04/02,"36,005,188"
الخدمات الرقمية,عام,القطاع العام,خدمة إلكترونية,2026/04/02,"36,002,145"
الخدمات الرقمية,عام,القطاع العام,خدمة إلكترونية,2026/04/02,"36,004,862"
الخدمات الرقمية,عام,القطاع العام,خدمة إلكترونية,2026/04/02,"36,004,387"
الخدمات الرقمية,عام,القطاع العام,خدمة إلكترونية,2026/04/02,"36,004,332"
الخدمات الرقمية,عام,القطاع العام,خدمة إلكترونية,2026/04/02,"36,001,863"
الخدمات الرقمية,عام,القطاع العام,خدمة إلكترونية,2026/04/02,"36,003,089"
الخدمات الرقمية,عام,القطاع العام,خدمة إلكترونية,2026/04/02,"35,998,146"
الخدمات الرقمية,عام,القطاع العام,خدمة إلكترونية,2026/04/02,"36,001,866"
الخدمات الرقمية,عام,القطاع العام,خدمة إلكترونية,2026/04/02,"35,993,922"
 المدينة المنوره,المدينة المنورة,القطاع الخاص,خدمة إلكترونية جزئيا,2026/04/03,"36,018,686"
 مكة المكرمه,مكة المكرمة,القطاع الخاص,خدمة إلكترونية جزئيا,2026/04/03,"36,016,444"
 المدينة المنوره,المدينة المنورة,القطاع الخاص,خدمة إلكترونية جزئيا,2026/04/03,"36,018,828"
الخدمات الرقمية,عام,القطاع العام,خدمة إلكترونية,2026/04/03,"36,016,182"
الخدمات الرقمية,عام,القطاع العام,خدمة إلكترونية,2026/04/03,"36,014,088"
الخدمات الرقمية,عام,القطاع العام,خدمة إلكترونية,2026/04/03,"36,009,878"
الخدمات الرقمية,عام,القطاع العام,خدمة إلكترونية,2026/04/03,"36,009,458"
الخدمات الرقمية,عام,القطاع العام,خدمة إلكترونية,2026/04/03,"36,017,167"
الخدمات الرقمية,عام,القطاع العام,خدمة إلكترونية,2026/04/03,"36,010,462"
 المدينة المنوره,المدينة المنورة,القطاع الخاص,خدمة إلكترونية جزئيا,2026/04/04,"36,027,369"
 الرياض,الخرج,القطاع الخاص,خدمة إلكترونية جزئيا,2026/04/04,"36,026,280"
 مكة المكرمه,جده,القطاع الخاص,خدمة إلكترونية جزئيا,2026/04/04,"36,028,214"
 مكة المكرمه,جده,القطاع الخاص,خدمة إلكترونية جزئيا,2026/04/04,"36,029,017"
الخدمات الرقمية,عام,القطاع العام,خدمة إلكترونية,2026/04/04,"36,025,290"
الخدمات الرقمية,عام,القطاع العام,خدمة إلكترونية,2026/04/04,"36,023,455"
الخدمات الرقمية,عام,القطاع العام,خدمة إلكترونية,2026/04/04,"36,025,501"
الخدمات الرقمية,عام,القطاع العام,خدمة إلكترونية,2026/04/04,"36,026,785"
الخدمات الرقمية,عام,القطاع العام,خدمة إلكترونية,2026/04/04,"36,029,841"
 الرياض,الخرج,القطاع الخاص,خدمة إلكترونية جزئيا,2026/04/04,"36,026,337"
 مكة المكرمه,جده,القطاع الخاص,خدمة إلكترونية جزئيا,2026/04/04,"36,028,230"
 المدينة المنوره,المدينة المنورة,القطاع الخاص,خدمة إلكترونية جزئيا,2026/04/04,"36,027,498"
 الشرقية,الدمام,القطاع الخاص,خدمة إلكترونية جزئيا,2026/04/05,"36,042,335"
 مكة المكرمه,القنفذه,القطاع الخاص,خدمة إلكترونية جزئيا,2026/04/05,"36,039,488"
 مكة المكرمه,الطائف,القطاع الخاص,خدمة إلكترونية جزئيا,2026/04/05,"36,043,880"
 عسير,ابها,القطاع الخاص,خدمة إلكترونية جزئيا,2026/04/05,"36,042,274"
 عسير,ابها,القطاع الخاص,خدمة إلكترونية جزئيا,2026/04/05,"36,044,732"
 مكة المكرمه,جده,القطاع الخاص,خدمة إلكترونية جزئيا,2026/04/05,"36,057,465"
 مكة المكرمه,جده,القطاع الخاص,خدمة إلكترونية جزئيا,2026/04/05,"36,054,528"
 الشرقية,الدمام,القطاع الخاص,خدمة إلكترونية جزئيا,2026/04/05,"36,047,477"
 الشرقية,الدمام,القطاع الخاص,خدمة إلكترونية جزئيا,2026/04/05,"36,037,596"
 الشرقية,الدمام,القطاع الخاص,خدمة إلكترونية جزئيا,2026/04/05,"36,037,325"
 مكة المكرمه,مكة المكرمة,القطاع الخاص,خدمة إلكترونية جزئيا,2026/04/05,"36,042,827"
 مكة المكرمه,مكة المكرمة,القطاع الخاص,خدمة إلكترونية جزئيا,2026/04/05,"36,040,282"
 مكة المكرمه,مكة المكرمة,القطاع الخاص,خدمة إلكترونية جزئيا,2026/04/05,"36,045,905"
 مكة المكرمه,مكة المكرمة,القطاع الخاص,خدمة إلكترونية جزئيا,2026/04/05,"36,042,098"
 مكة المكرمه,مكة المكرمة,القطاع الخاص,خدمة إلكترونية جزئيا,2026/04/05,"36,040,281"
 مكة المكرمه,مكة المكرمة,القطاع الخاص,خدمة إلكترونية جزئيا,2026/04/05,"36,042,502"
 مكة المكرمه,مكة المكرمة,القطاع الخاص,خدمة إلكترونية جزئيا,2026/04/05,"36,042,354"
 مكة المكرمه,مكة المكرمة,القطاع الخاص,خدمة إلكترونية جزئيا,2026/04/05,"36,042,829"
 الرياض,الرياض,القطاع الخاص,خدمة إلكترونية جزئيا,2026/04/05,"36,062,027"
 الرياض,الرياض,القطاع الخاص,خدمة إلكترونية جزئيا,2026/04/05,"36,061,719"
 الرياض,الرياض,القطاع الخاص,خدمة إلكترونية جزئيا,2026/04/05,"36,061,766"
 الرياض,الرياض,القطاع الخاص,خدمة إلكترونية جزئيا,2026/04/05,"36,061,865"
 الرياض,الرياض,القطاع الخاص,خدمة إلكترونية جزئيا,2026/04/05,"36,040,548"
 الرياض,الرياض,القطاع الخاص,خدمة إلكترونية جزئيا,2026/04/05,"36,061,150"
 الرياض,الرياض,القطاع الخاص,خدمة إلكترونية جزئيا,2026/04/05,"36,043,445"
 الرياض,الرياض,القطاع الخاص,خدمة إلكترونية جزئيا,2026/04/05,"36,044,103"
 الرياض,الرياض,القطاع الخاص,خدمة إلكترونية جزئيا,2026/04/05,"36,042,908"
 الرياض,الرياض,القطاع الخاص,خدمة إلكترونية جزئيا,2026/04/05,"36,042,971"
 الرياض,الرياض,القطاع الخاص,خدمة إلكترونية جزئيا,2026/04/05,"36,041,090"
 الرياض,الرياض,القطاع الخاص,خدمة إلكترونية جزئيا,2026/04/05,"36,040,642"
 الرياض,الرياض,القطاع الخاص,خدمة إلكترونية جزئيا,2026/04/05,"36,044,284"
 الرياض,الرياض,القطاع الخاص,خدمة إلكترونية جزئيا,2026/04/05,"36,041,004"
 الرياض,الرياض,القطاع الخاص,خدمة إلكترونية جزئيا,2026/04/05,"36,040,848"
 الرياض,الرياض,القطاع الخاص,خدمة إلكترونية جزئيا,2026/04/05,"36,041,067"
 الرياض,الرياض,القطاع الخاص,خدمة إلكترونية جزئيا,2026/04/05,"36,036,283"
 الرياض,الرياض,القطاع الخاص,خدمة إلكترونية جزئيا,2026/04/05,"36,040,668"
الخدمات الرقمية,عام,القطاع العام,خدمة إلكترونية,2026/04/05,"36,034,906"
الخدمات الرقمية,عام,القطاع العام,خدمة إلكترونية,2026/04/05,"36,037,999"
الخدمات الرقمية,عام,القطاع العام,خدمة إلكترونية,2026/04/05,"36,038,544"
الخدمات الرقمية,عام,القطاع العام,خدمة إلكترونية,2026/04/05,"36,039,910"
الخدمات الرقمية,عام,القطاع العام,خدمة إلكترونية,2026/04/05,"36,040,344"
الخدمات الرقمية,عام,القطاع العام,خدمة إلكترونية,2026/04/05,"36,042,134"
الخدمات الرقمية,عام,القطاع العام,خدمة إلكترونية,2026/04/05,"36,040,258"
الخدمات الرقمية,عام,القطاع العام,خدمة إلكترونية,2026/04/05,"36,042,527"
الخدمات الرقمية,عام,القطاع العام,خدمة إلكترونية,2026/04/05,"36,040,288"
الخدمات الرقمية,عام,القطاع العام,خدمة إلكترونية,2026/04/05,"36,042,868"
الخدمات الرقمية,عام,القطاع العام,خدمة إلكترونية,2026/04/05,"36,041,939"
الخدمات الرقمية,عام,القطاع العام,خدمة إلكترونية,2026/04/05,"36,035,198"
الخدمات الرقمية,عام,القطاع العام,خدمة إلكترونية,2026/04/05,"36,061,866"
الخدمات الرقمية,عام,القطاع العام,خدمة إلكترونية,2026/04/05,"36,041,268"
الخدمات الرقمية,عام,القطاع العام,خدمة إلكترونية,2026/04/05,"36,061,418"
الخدمات الرقمية,عام,القطاع العام,خدمة إلكترونية,2026/04/05,"36,036,563"
الخدمات الرقمية,عام,القطاع العام,خدمة إلكترونية,2026/04/05,"36,036,436"
الخدمات الرقمية,عام,القطاع العام,خدمة إلكترونية,2026/04/05,"36,036,444"
الخدمات الرقمية,عام,القطاع العام,خدمة إلكترونية,2026/04/05,"36,036,847"
الخدمات الرقمية,عام,القطاع العام,خدمة إلكترونية,2026/04/05,"36,038,176"
الخدمات الرقمية,عام,القطاع العام,خدمة إلكترونية,2026/04/05,"36,035,964"
الخدمات الرقمية,عام,القطاع العام,خدمة إلكترونية,2026/04/05,"36,036,048"
الخدمات الرقمية,عام,القطاع العام,خدمة إلكترونية,2026/04/05,"36,037,166"
الخدمات الرقمية,عام,القطاع العام,خدمة إلكترونية,2026/04/05,"36,037,130"
الخدمات الرقمية,عام,القطاع العام,خدمة إلكترونية,2026/04/05,"36,035,919"
الخدمات الرقمية,عام,القطاع العام,خدمة إلكترونية,2026/04/05,"36,036,275"
الخدمات الرقمية,عام,القطاع العام,خدمة إلكترونية,2026/04/05,"36,036,597"
الخدمات الرقمية,عام,القطاع العام,خدمة إلكترونية,2026/04/05,"36,037,401"
الخدمات الرقمية,عام,القطاع العام,خدمة إلكترونية,2026/04/05,"36,041,764"
الخدمات الرقمية,عام,القطاع العام,خدمة إلكترونية,2026/04/05,"36,046,993"
الخدمات الرقمية,عام,القطاع العام,خدمة إلكترونية,2026/04/05,"36,033,984"
الخدمات الرقمية,عام,القطاع العام,خدمة إلكترونية,2026/04/05,"36,035,401"
الخدمات الرقمية,عام,القطاع العام,خدمة إلكترونية,2026/04/05,"36,037,199"
الخدمات الرقمية,عام,القطاع العام,خدمة إلكترونية,2026/04/05,"36,035,270"
الخدمات الرقمية,عام,القطاع العام,خدمة إلكترونية,2026/04/05,"36,039,365"
الخدمات الرقمية,عام,القطاع العام,خدمة إلكترونية,2026/04/05,"36,038,886"
الخدمات الرقمية,عام,القطاع العام,خدمة إلكترونية,2026/04/05,"36,039,489"
الخدمات الرقمية,عام,القطاع العام,خدمة إلكترونية,2026/04/05,"36,039,659"
الخدمات الرقمية,عام,القطاع العام,خدمة إلكترونية,2026/04/05,"36,039,986"
الخدمات الرقمية,عام,القطاع العام,خدمة إلكترونية,2026/04/05,"36,040,040"
الخدمات الرقمية,عام,القطاع العام,خدمة إلكترونية,2026/04/05,"36,040,079"
الخدمات الرقمية,عام,القطاع العام,خدمة إلكترونية,2026/04/05,"36,039,395"
الخدمات الرقمية,عام,القطاع العام,خدمة إلكترونية,2026/04/05,"36,040,014"
الخدمات الرقمية,عام,القطاع العام,خدمة إلكترونية,2026/04/05,"36,039,530"
الخدمات الرقمية,عام,القطاع العام,خدمة إلكترونية,2026/04/05,"36,040,050"
الخدمات الرقمية,عام,القطاع العام,خدمة إلكترونية,2026/04/05,"36,039,374"
الخدمات الرقمية,عام,القطاع العام,خدمة إلكترونية,2026/04/05,"36,044,829"
الخدمات الرقمية,عام,القطاع العام,خدمة إلكترونية,2026/04/05,"36,044,858"
الخدمات الرقمية,عام,القطاع العام,خدمة إلكترونية,2026/04/05,"36,043,941"
الخدمات الرقمية,عام,القطاع العام,خدمة إلكترونية,2026/04/05,"36,044,745"
الخدمات الرقمية,عام,القطاع العام,خدمة إلكترونية,2026/04/05,"36,046,352"
الخدمات الرقمية,عام,القطاع العام,خدمة إلكترونية,2026/04/05,"36,049,520"
الخدمات الرقمية,عام,القطاع العام,خدمة إلكترونية,2026/04/05,"36,045,035"
الخدمات الرقمية,عام,القطاع العام,خدمة إلكترونية,2026/04/05,"36,039,455"
الخدمات الرقمية,عام,القطاع العام,خدمة إلكترونية,2026/04/05,"36,043,707"
الخدمات الرقمية,عام,القطاع العام,خدمة إلكترونية,2026/04/05,"36,044,648"
الخدمات الرقمية,عام,القطاع العام,خدمة إلكترونية,2026/04/05,"36,044,836"
الخدمات الرقمية,عام,القطاع العام,خدمة إلكترونية,2026/04/05,"36,041,950"
الخدمات الرقمية,عام,القطاع العام,خدمة إلكترونية,2026/04/05,"36,043,975"
الخدمات الرقمية,عام,القطاع العام,خدمة إلكترونية,2026/04/05,"36,046,978"
الخدمات الرقمية,عام,القطاع العام,خدمة إلكترونية,2026/04/05,"36,052,849"
الخدمات الرقمية,عام,القطاع العام,خدمة إلكترونية,2026/04/05,"36,061,905"
 مكة المكرمه,القنفذه,القطاع الخاص,خدمة إلكترونية جزئيا,2026/04/05,"36,039,729"
 عسير,ابها,القطاع الخاص,خدمة إلكترونية جزئيا,2026/04/05,"36,042,375"
 عسير,ابها,القطاع الخاص,خدمة إلكترونية جزئيا,2026/04/05,"36,044,802"
 مكة المكرمه,مكة المكرمة,القطاع الخاص,خدمة إلكترونية جزئيا,2026/04/05,"36,042,945"
 مكة المكرمه,مكة المكرمة,القطاع الخاص,خدمة إلكترونية جزئيا,2026/04/05,"36,042,407"
 مكة المكرمه,مكة المكرمة,القطاع الخاص,خدمة إلكترونية جزئيا,2026/04/05,"36,042,654"
 مكة المكرمه,مكة المكرمة,القطاع الخاص,خدمة إلكترونية جزئيا,2026/04/05,"36,040,402"
 مكة المكرمه,مكة المكرمة,القطاع الخاص,خدمة إلكترونية جزئيا,2026/04/05,"36,043,007"
 الشرقية,الدمام,القطاع الخاص,خدمة إلكترونية جزئيا,2026/04/05,"36,037,971"
 مكة المكرمه,الطائف,القطاع الخاص,خدمة إلكترونية جزئيا,2026/04/05,"36,043,924"
 الرياض,الرياض,القطاع الخاص,خدمة إلكترونية جزئيا,2026/04/05,"36,036,406"
 الرياض,الرياض,القطاع الخاص,خدمة إلكترونية جزئيا,2026/04/05,"36,040,963"
 مكة المكرمه,مكة المكرمة,القطاع الخاص,خدمة إلكترونية جزئيا,2026/04/05,"36,042,392"
 الرياض,الرياض,القطاع الخاص,خدمة إلكترونية جزئيا,2026/04/05,"36,040,843"
 الشرقية,الدمام,القطاع الخاص,خدمة إلكترونية جزئيا,2026/04/05,"36,047,651"
 الشرقية,الدمام,القطاع الخاص,خدمة إلكترونية جزئيا,2026/04/05,"36,037,533"
 الرياض,الرياض,القطاع الخاص,خدمة إلكترونية جزئيا,2026/04/05,"36,041,141"
 الرياض,الرياض,القطاع الخاص,خدمة إلكترونية جزئيا,2026/04/05,"36,044,313"
 الرياض,الرياض,القطاع الخاص,خدمة إلكترونية جزئيا,2026/04/05,"36,041,143"
 الرياض,الرياض,القطاع الخاص,خدمة إلكترونية جزئيا,2026/04/05,"36,040,917"
 مكة المكرمه,مكة المكرمة,القطاع الخاص,خدمة إلكترونية جزئيا,2026/04/05,"36,047,288"
 الرياض,الرياض,القطاع الخاص,خدمة إلكترونية جزئيا,2026/04/05,"36,043,542"
 الرياض,الرياض,القطاع الخاص,خدمة إلكترونية جزئيا,2026/04/05,"36,041,291"
 حائل,حائل,القطاع الخاص,خدمة إلكترونية جزئيا,2026/04/05,"36,042,707"
 الرياض,الرياض,القطاع الخاص,خدمة إلكترونية جزئيا,2026/04/05,"36,043,120"
 الرياض,الرياض,القطاع الخاص,خدمة إلكترونية جزئيا,2026/04/05,"36,041,626"
 مكة المكرمه,جده,القطاع الخاص,خدمة إلكترونية جزئيا,2026/04/05,"36,038,128"
 الرياض,الرياض,القطاع الخاص,خدمة إلكترونية جزئيا,2026/04/05,"36,044,169"
 الرياض,الرياض,القطاع الخاص,خدمة إلكترونية جزئيا,2026/04/05,"36,061,391"
 الرياض,الرياض,القطاع الخاص,خدمة إلكترونية جزئيا,2026/04/05,"36,062,119"
 الشرقية,الدمام,القطاع الخاص,خدمة إلكترونية جزئيا,2026/04/05,"36,042,406"
 القصيم,بريده,القطاع الخاص,خدمة إلكترونية جزئيا,2026/04/05,"36,054,830"
 مكة المكرمه,جده,القطاع الخاص,خدمة إلكترونية جزئيا,2026/04/05,"36,058,509"
الخدمات الرقمية,عام,القطاع العام,خدمة إلكترونية,2026/04/05,"36,041,708"
الخدمات الرقمية,عام,القطاع العام,خدمة إلكترونية,2026/04/05,"36,044,658"
 حائل,حائل,القطاع الخاص,خدمة إلكترونية جزئيا,2026/04/06,"36,081,167"
 مكة المكرمه,جده,القطاع الخاص,خدمة إلكترونية جزئيا,2026/04/06,"36,080,850"
 مكة المكرمه,مكة المكرمة,القطاع الخاص,خدمة إلكترونية جزئيا,2026/04/06,"36,072,743"
 الرياض,الرياض,القطاع الخاص,خدمة إلكترونية جزئيا,2026/04/06,"36,080,358"
 المدينة المنوره,المدينة المنورة,القطاع الخاص,خدمة إلكترونية جزئيا,2026/04/06,"36,070,365"
الخدمات الرقمية,كتابة عدل مدمجة - افتراضية,القطاع العام,خدمة إلكترونية جزئيا,2026/04/06,"36,065,758"
 الشرقية,الاحساء,القطاع الخاص,خدمة إلكترونية جزئيا,2026/04/06,"36,077,316"
 حائل,حائل,القطاع الخاص,خدمة إلكترونية جزئيا,2026/04/06,"36,082,649"
 حائل,حائل,القطاع الخاص,خدمة إلكترونية جزئيا,2026/04/06,"36,084,405"
 حائل,حائل,القطاع الخاص,خدمة إلكترونية جزئيا,2026/04/06,"36,084,269"
 حائل,حائل,القطاع الخاص,خدمة إلكترونية جزئيا,2026/04/06,"36,086,590"
 حائل,حائل,القطاع الخاص,خدمة إلكترونية جزئيا,2026/04/06,"36,086,543"
 نجران,نجران,القطاع الخاص,خدمة إلكترونية جزئيا,2026/04/06,"36,085,995"
 مكة المكرمه,الطائف,القطاع الخاص,خدمة إلكترونية جزئيا,2026/04/06,"36,075,440"
 مكة المكرمه,الطائف,القطاع الخاص,خدمة إلكترونية جزئيا,2026/04/06,"36,084,153"
 القصيم,بريده,القطاع الخاص,خدمة إلكترونية جزئيا,2026/04/06,"36,083,982"
 الشرقية,الدمام,القطاع الخاص,خدمة إلكترونية جزئيا,2026/04/06,"36,068,493"
 الشرقية,الدمام,القطاع الخاص,خدمة إلكترونية جزئيا,2026/04/06,"36,073,210"
 مكة المكرمه,مكة المكرمة,القطاع الخاص,خدمة إلكترونية جزئيا,2026/04/06,"36,072,898"
 مكة المكرمه,مكة المكرمة,القطاع الخاص,خدمة إلكترونية جزئيا,2026/04/06,"36,077,796"
 مكة المكرمه,مكة المكرمة,القطاع الخاص,خدمة إلكترونية جزئيا,2026/04/06,"36,077,293"
 مكة المكرمه,مكة المكرمة,القطاع الخاص,خدمة إلكترونية جزئيا,2026/04/06,"36,073,434"
 مكة المكرمه,مكة المكرمة,القطاع الخاص,خدمة إلكترونية جزئيا,2026/04/06,"36,077,327"
 مكة المكرمه,مكة المكرمة,القطاع الخاص,خدمة إلكترونية جزئيا,2026/04/06,"36,071,997"
 مكة المكرمه,مكة المكرمة,القطاع الخاص,خدمة إلكترونية جزئيا,2026/04/06,"36,072,852"
 مكة المكرمه,مكة المكرمة,القطاع الخاص,خدمة إلكترونية جزئيا,2026/04/06,"36,077,487"
 الرياض,الرياض,القطاع الخاص,خدمة إلكترونية جزئيا,2026/04/06,"36,083,469"
 الرياض,الرياض,القطاع الخاص,خدمة إلكترونية جزئيا,2026/04/06,"36,084,152"
 الرياض,الرياض,القطاع الخاص,خدمة إلكترونية جزئيا,2026/04/06,"36,076,583"
 الرياض,الرياض,القطاع الخاص,خدمة إلكترونية جزئيا,2026/04/06,"36,071,510"
 الرياض,الرياض,القطاع الخاص,خدمة إلكترونية جزئيا,2026/04/06,"36,071,163"
 الرياض,الرياض,القطاع الخاص,خدمة إلكترونية جزئيا,2026/04/06,"36,067,554"
 الرياض,الرياض,القطاع الخاص,خدمة إلكترونية جزئيا,2026/04/06,"36,067,847"
 الرياض,الرياض,القطاع الخاص,خدمة إلكترونية جزئيا,2026/04/06,"36,067,662"
 الرياض,الرياض,القطاع الخاص,خدمة إلكترونية جزئيا,2026/04/06,"36,083,597"
 الرياض,الرياض,القطاع الخاص,خدمة إلكترونية جزئيا,2026/04/06,"36,077,675"
 الرياض,الرياض,القطاع الخاص,خدمة إلكترونية جزئيا,2026/04/06,"36,077,367"
 الرياض,الرياض,القطاع الخاص,خدمة إلكترونية جزئيا,2026/04/06,"36,075,991"
 الرياض,الرياض,القطاع الخاص,خدمة إلكترونية جزئيا,2026/04/06,"36,071,854"
 الرياض,الرياض,القطاع الخاص,خدمة إلكترونية جزئيا,2026/04/06,"36,068,006"
 الرياض,الرياض,القطاع الخاص,خدمة إلكترونية جزئيا,2026/04/06,"36,070,509"
 الرياض,الرياض,القطاع الخاص,خدمة إلكترونية جزئيا,2026/04/06,"36,077,918"
 الرياض,الرياض,القطاع الخاص,خدمة إلكترونية جزئيا,2026/04/06,"36,071,511"
الخدمات الرقمية,عام,القطاع العام,خدمة إلكترونية,2026/04/06,"36,074,457"
 مكة المكرمه,الطائف,القطاع الخاص,خدمة إلكترونية جزئيا,2026/04/06,"36,075,665"
 القصيم,بريده,القطاع الخاص,خدمة إلكترونية جزئيا,2026/04/06,"36,084,374"
 مكة المكرمه,الطائف,القطاع الخاص,خدمة إلكترونية جزئيا,2026/04/06,"36,084,401"
 الرياض,الرياض,القطاع الخاص,خدمة إلكترونية جزئيا,2026/04/06,"36,084,204"
 مكة المكرمه,مكة المكرمة,القطاع الخاص,خدمة إلكترونية جزئيا,2026/04/06,"36,073,768"
 مكة المكرمه,مكة المكرمة,القطاع الخاص,خدمة إلكترونية جزئيا,2026/04/06,"36,077,766"
 نجران,نجران,القطاع الخاص,خدمة إلكترونية جزئيا,2026/04/06,"36,086,364"
 الرياض,الرياض,القطاع الخاص,خدمة إلكترونية جزئيا,2026/04/06,"36,068,124"
 الرياض,الرياض,القطاع الخاص,خدمة إلكترونية جزئيا,2026/04/06,"36,078,006"
 الرياض,الرياض,القطاع الخاص,خدمة إلكترونية جزئيا,2026/04/06,"36,083,544"
 الرياض,الرياض,القطاع الخاص,خدمة إلكترونية جزئيا,2026/04/06,"36,071,297"
 الرياض,الرياض,القطاع الخاص,خدمة إلكترونية جزئيا,2026/04/06,"36,071,869"
 مكة المكرمه,مكة المكرمة,القطاع الخاص,خدمة إلكترونية جزئيا,2026/04/06,"36,078,027"
 مكة المكرمه,مكة المكرمة,القطاع الخاص,خدمة إلكترونية جزئيا,2026/04/06,"36,072,974"
 مكة المكرمه,مكة المكرمة,القطاع الخاص,خدمة إلكترونية جزئيا,2026/04/06,"36,077,375"
 الرياض,الرياض,القطاع الخاص,خدمة إلكترونية جزئيا,2026/04/06,"36,077,666"
 الشرقية,الدمام,القطاع الخاص,خدمة إلكترونية جزئيا,2026/04/06,"36,068,561"
 الرياض,الرياض,القطاع الخاص,خدمة إلكترونية جزئيا,2026/04/06,"36,074,612"
 الرياض,الرياض,القطاع الخاص,خدمة إلكترونية جزئيا,2026/04/06,"36,076,986"
 الرياض,الرياض,القطاع الخاص,خدمة إلكترونية جزئيا,2026/04/06,"36,071,891"
 الرياض,الرياض,القطاع الخاص,خدمة إلكترونية جزئيا,2026/04/06,"36,068,064"
 مكة المكرمه,جده,القطاع الخاص,خدمة إلكترونية جزئيا,2026/04/06,"36,080,918"
 الشرقية,الاحساء,القطاع الخاص,خدمة إلكترونية جزئيا,2026/04/06,"36,077,417"
 حائل,حائل,القطاع الخاص,خدمة إلكترونية جزئيا,2026/04/06,"36,086,701"
 مكة المكرمه,مكة المكرمة,القطاع الخاص,خدمة إلكترونية جزئيا,2026/04/06,"36,073,131"
 الرياض,الرياض,القطاع الخاص,خدمة إلكترونية جزئيا,2026/04/06,"36,076,430"
 حائل,حائل,القطاع الخاص,خدمة إلكترونية جزئيا,2026/04/06,"36,081,358"
 الشرقية,الدمام,القطاع الخاص,خدمة إلكترونية جزئيا,2026/04/06,"36,073,364"
 الرياض,الرياض,القطاع الخاص,خدمة إلكترونية جزئيا,2026/04/06,"36,080,555"
 الرياض,الرياض,القطاع الخاص,خدمة إلكترونية جزئيا,2026/04/06,"36,070,831"
 الرياض,الرياض,القطاع الخاص,خدمة إلكترونية جزئيا,2026/04/06,"36,071,933"
 المدينة المنوره,المدينة المنورة,القطاع الخاص,خدمة إلكترونية جزئيا,2026/04/06,"36,070,415"
 الرياض,الرياض,القطاع الخاص,خدمة إلكترونية جزئيا,2026/04/06,"36,068,238"
الخدمات الرقمية,عام,القطاع العام,خدمة إلكترونية,2026/04/06,"36,082,203"
الخدمات الرقمية,عام,القطاع العام,خدمة إلكترونية,2026/04/06,"36,070,335"
الخدمات الرقمية,عام,القطاع العام,خدمة إلكترونية,2026/04/06,"36,079,873"
الخدمات الرقمية,عام,القطاع العام,خدمة إلكترونية,2026/04/06,"36,072,377"
الخدمات الرقمية,عام,القطاع العام,خدمة إلكترونية,2026/04/06,"36,072,374"
الخدمات الرقمية,عام,القطاع العام,خدمة إلكترونية,2026/04/06,"36,070,000"
الخدمات الرقمية,عام,القطاع العام,خدمة إلكترونية,2026/04/06,"36,072,420"
الخدمات الرقمية,عام,القطاع العام,خدمة إلكترونية,2026/04/06,"36,076,645"
الخدمات الرقمية,عام,القطاع العام,خدمة إلكترونية,2026/04/06,"36,077,125"
الخدمات الرقمية,عام,القطاع العام,خدمة إلكترونية,2026/04/06,"36,078,321"
الخدمات الرقمية,عام,القطاع العام,خدمة إلكترونية,2026/04/06,"36,075,104"
الخدمات الرقمية,عام,القطاع العام,خدمة إلكترونية,2026/04/06,"36,077,144"
الخدمات الرقمية,عام,القطاع العام,خدمة إلكترونية,2026/04/06,"36,067,545"
الخدمات الرقمية,عام,القطاع العام,خدمة إلكترونية,2026/04/06,"36,070,889"
الخدمات الرقمية,عام,القطاع العام,خدمة إلكترونية,2026/04/06,"36,072,648"
الخدمات الرقمية,عام,القطاع العام,خدمة إلكترونية,2026/04/06,"36,078,315"
الخدمات الرقمية,عام,القطاع العام,خدمة إلكترونية,2026/04/06,"36,078,693"
الخدمات الرقمية,عام,القطاع العام,خدمة إلكترونية,2026/04/06,"36,074,800"
الخدمات الرقمية,عام,القطاع العام,خدمة إلكترونية,2026/04/06,"36,080,874"
الخدمات الرقمية,عام,القطاع العام,خدمة إلكترونية,2026/04/06,"36,068,823"
الخدمات الرقمية,عام,القطاع العام,خدمة إلكترونية,2026/04/06,"36,071,245"
الخدمات الرقمية,عام,القطاع العام,خدمة إلكترونية,2026/04/06,"36,076,290"
الخدمات الرقمية,عام,القطاع العام,خدمة إلكترونية,2026/04/06,"36,068,267"
الخدمات الرقمية,عام,القطاع العام,خدمة إلكترونية,2026/04/06,"36,068,625"
الخدمات الرقمية,عام,القطاع العام,خدمة إلكترونية,2026/04/06,"36,068,791"
الخدمات الرقمية,عام,القطاع العام,خدمة إلكترونية,2026/04/06,"36,067,197"
الخدمات الرقمية,عام,القطاع العام,خدمة إلكترونية,2026/04/06,"36,075,157"
الخدمات الرقمية,عام,القطاع العام,خدمة إلكترونية,2026/04/06,"36,067,452"
الخدمات الرقمية,عام,القطاع العام,خدمة إلكترونية,2026/04/06,"36,074,261"
الخدمات الرقمية,عام,القطاع العام,خدمة إلكترونية,2026/04/06,"36,077,044"
الخدمات الرقمية,عام,القطاع العام,خدمة إلكترونية,2026/04/06,"36,082,125"
الخدمات الرقمية,عام,القطاع العام,خدمة إلكترونية,2026/04/06,"36,072,469"
الخدمات الرقمية,عام,القطاع العام,خدمة إلكترونية,2026/04/06,"36,073,139"
الخدمات الرقمية,عام,القطاع العام,خدمة إلكترونية,2026/04/06,"36,073,097"
الخدمات الرقمية,عام,القطاع العام,خدمة إلكترونية,2026/04/06,"36,071,842"
الخدمات الرقمية,عام,القطاع العام,خدمة إلكترونية,2026/04/06,"36,080,125"
الخدمات الرقمية,عام,القطاع العام,خدمة إلكترونية,2026/04/06,"36,072,847"
الخدمات الرقمية,عام,القطاع العام,خدمة إلكترونية,2026/04/06,"36,067,978"
الخدمات الرقمية,عام,القطاع العام,خدمة إلكترونية,2026/04/06,"36,072,136"
الخدمات الرقمية,عام,القطاع العام,خدمة إلكترونية,2026/04/06,"36,072,744"
الخدمات الرقمية,عام,القطاع العام,خدمة إلكترونية,2026/04/06,"36,072,789"
الخدمات الرقمية,عام,القطاع العام,خدمة إلكترونية,2026/04/06,"36,073,601"
الخدمات الرقمية,عام,القطاع العام,خدمة إلكترونية,2026/04/06,"36,080,279"
الخدمات الرقمية,عام,القطاع العام,خدمة إلكترونية,2026/04/06,"36,073,358"
الخدمات الرقمية,عام,القطاع العام,خدمة إلكترونية,2026/04/06,"36,072,190"
الخدمات الرقمية,عام,القطاع العام,خدمة إلكترونية,2026/04/06,"36,071,930"
الخدمات الرقمية,عام,القطاع العام,خدمة إلكترونية,2026/04/06,"36,073,409"
الخدمات الرقمية,عام,القطاع العام,خدمة إلكترونية,2026/04/06,"36,075,087"
الخدمات الرقمية,عام,القطاع العام,خدمة إلكترونية,2026/04/06,"36,072,306"
الخدمات الرقمية,عام,القطاع العام,خدمة إلكترونية,2026/04/06,"36,072,061"
الخدمات الرقمية,عام,القطاع العام,خدمة إلكترونية,2026/04/06,"36,078,079"
الخدمات الرقمية,عام,القطاع العام,خدمة إلكترونية,2026/04/06,"36,076,874"
الخدمات الرقمية,عام,القطاع العام,خدمة إلكترونية,2026/04/06,"36,073,591"
الخدمات الرقمية,عام,القطاع العام,خدمة إلكترونية,2026/04/06,"36,066,571"
الخدمات الرقمية,عام,القطاع العام,خدمة إلكترونية,2026/04/06,"36,072,234"
الخدمات الرقمية,عام,القطاع العام,خدمة إلكترونية,2026/04/06,"36,072,332"
الخدمات الرقمية,عام,القطاع العام,خدمة إلكترونية,2026/04/06,"36,071,879"
الخدمات الرقمية,عام,القطاع العام,خدمة إلكترونية,2026/04/06,"36,071,987"
الخدمات الرقمية,عام,القطاع العام,خدمة إلكترونية,2026/04/06,"36,073,737"
الخدمات الرقمية,عام,القطاع العام,خدمة إلكترونية,2026/04/06,"36,072,603"
الخدمات الرقمية,عام,القطاع العام,خدمة إلكترونية,2026/04/06,"36,077,506"
الخدمات الرقمية,عام,القطاع العام,خدمة إلكترونية,2026/04/06,"36,072,655"
الخدمات الرقمية,عام,القطاع العام,خدمة إلكترونية,2026/04/06,"36,073,043"
الخدمات الرقمية,عام,القطاع العام,خدمة إلكترونية,2026/04/06,"36,077,092"
الخدمات الرقمية,عام,القطاع العام,خدمة إلكترونية,2026/04/06,"36,072,888"
 المدينة المنوره,المدينة المنورة,القطاع الخاص,خدمة إلكترونية جزئيا,2026/04/07,"36,104,373"
 المدينة المنوره,المدينة المنورة,القطاع الخاص,خدمة إلكترونية جزئيا,2026/04/07,"36,107,012"
 المدينة المنوره,المدينة المنورة,القطاع الخاص,خدمة إلكترونية جزئيا,2026/04/07,"36,104,721"
 المدينة المنوره,المدينة المنورة,القطاع الخاص,خدمة إلكترونية جزئيا,2026/04/07,"36,105,879"
 عسير,بيشه,القطاع الخاص,خدمة إلكترونية جزئيا,2026/04/07,"36,111,961"
 مكة المكرمه,الطائف,القطاع الخاص,خدمة إلكترونية جزئيا,2026/04/07,"36,105,872"
 مكة المكرمه,الطائف,القطاع الخاص,خدمة إلكترونية جزئيا,2026/04/07,"36,107,114"
 القصيم,بريده,القطاع الخاص,خدمة إلكترونية جزئيا,2026/04/07,"36,102,988"
 القصيم,بريده,القطاع الخاص,خدمة إلكترونية جزئيا,2026/04/07,"36,103,514"
 مكة المكرمه,جده,القطاع الخاص,خدمة إلكترونية جزئيا,2026/04/07,"36,114,116"
 الشرقية,الدمام,القطاع الخاص,خدمة إلكترونية جزئيا,2026/04/07,"36,097,576"
 الشرقية,الدمام,القطاع الخاص,خدمة إلكترونية جزئيا,2026/04/07,"36,100,004"
 الشرقية,الدمام,القطاع الخاص,خدمة إلكترونية جزئيا,2026/04/07,"36,109,146"
 الشرقية,الدمام,القطاع الخاص,خدمة إلكترونية جزئيا,2026/04/07,"36,097,924"
 مكة المكرمه,مكة المكرمة,القطاع الخاص,خدمة إلكترونية جزئيا,2026/04/07,"36,108,495"
 مكة المكرمه,مكة المكرمة,القطاع الخاص,خدمة إلكترونية جزئيا,2026/04/07,"36,103,687"
 الرياض,الرياض,القطاع الخاص,خدمة إلكترونية جزئيا,2026/04/07,"36,101,848"
 الرياض,الرياض,القطاع الخاص,خدمة إلكترونية جزئيا,2026/04/07,"36,100,533"
 الرياض,الرياض,القطاع الخاص,خدمة إلكترونية جزئيا,2026/04/07,"36,100,659"
 الرياض,الرياض,القطاع الخاص,خدمة إلكترونية جزئيا,2026/04/07,"36,099,293"
 الرياض,الرياض,القطاع الخاص,خدمة إلكترونية جزئيا,2026/04/07,"36,102,479"
 الرياض,الرياض,القطاع الخاص,خدمة إلكترونية جزئيا,2026/04/07,"36,099,400"
 الرياض,الرياض,القطاع الخاص,خدمة إلكترونية جزئيا,2026/04/07,"36,111,826"
 الرياض,الرياض,القطاع الخاص,خدمة إلكترونية جزئيا,2026/04/07,"36,110,812"
 الرياض,الرياض,القطاع الخاص,خدمة إلكترونية جزئيا,2026/04/07,"36,099,894"
 الرياض,الرياض,القطاع الخاص,خدمة إلكترونية جزئيا,2026/04/07,"36,101,418"
 الرياض,الرياض,القطاع الخاص,خدمة إلكترونية جزئيا,2026/04/07,"36,110,552"
 الرياض,الرياض,القطاع الخاص,خدمة إلكترونية جزئيا,2026/04/07,"36,102,308"
 الرياض,الرياض,القطاع الخاص,خدمة إلكترونية جزئيا,2026/04/07,"36,102,104"
 الرياض,الرياض,القطاع الخاص,خدمة إلكترونية جزئيا,2026/04/07,"36,109,098"
 الرياض,الرياض,القطاع الخاص,خدمة إلكترونية جزئيا,2026/04/07,"36,108,206"
 الرياض,الرياض,القطاع الخاص,خدمة إلكترونية جزئيا,2026/04/07,"36,109,594"
 الرياض,الرياض,القطاع الخاص,خدمة إلكترونية جزئيا,2026/04/07,"36,109,353"
 الرياض,الرياض,القطاع الخاص,خدمة إلكترونية جزئيا,2026/04/07,"36,102,958"
 الرياض,الرياض,القطاع الخاص,خدمة إلكترونية جزئيا,2026/04/07,"36,098,186"
 الرياض,الرياض,القطاع الخاص,خدمة إلكترونية جزئيا,2026/04/07,"36,100,456"
 الرياض,الرياض,القطاع الخاص,خدمة إلكترونية جزئيا,2026/04/07,"36,101,911"
 الرياض,الرياض,القطاع الخاص,خدمة إلكترونية جزئيا,2026/04/07,"36,099,921"
 الرياض,الرياض,القطاع الخاص,خدمة إلكترونية جزئيا,2026/04/07,"36,100,035"
 الرياض,الرياض,القطاع الخاص,خدمة إلكترونية جزئيا,2026/04/07,"36,108,957"
 الرياض,الرياض,القطاع الخاص,خدمة إلكترونية جزئيا,2026/04/07,"36,108,631"
 الرياض,الرياض,القطاع الخاص,خدمة إلكترونية جزئيا,2026/04/07,"36,107,895"
 الرياض,الرياض,القطاع الخاص,خدمة إلكترونية جزئيا,2026/04/07,"36,098,233"
 الرياض,الرياض,القطاع الخاص,خدمة إلكترونية جزئيا,2026/04/07,"36,101,148"
 مكة المكرمه,مكة المكرمة,القطاع الخاص,خدمة إلكترونية جزئيا,2026/04/07,"36,103,895"
 الرياض,الرياض,القطاع الخاص,خدمة إلكترونية جزئيا,2026/04/07,"36,101,987"
 الرياض,الرياض,القطاع الخاص,خدمة إلكترونية جزئيا,2026/04/07,"36,102,251"
 الرياض,الرياض,القطاع الخاص,خدمة إلكترونية جزئيا,2026/04/07,"36,098,257"
 المدينة المنوره,المدينة المنورة,القطاع الخاص,خدمة إلكترونية جزئيا,2026/04/07,"36,107,227"
 الرياض,الرياض,القطاع الخاص,خدمة إلكترونية جزئيا,2026/04/07,"36,100,699"
 الرياض,الرياض,القطاع الخاص,خدمة إلكترونية جزئيا,2026/04/07,"36,101,553"
 الرياض,الرياض,القطاع الخاص,خدمة إلكترونية جزئيا,2026/04/07,"36,102,315"
 الرياض,الرياض,القطاع الخاص,خدمة إلكترونية جزئيا,2026/04/07,"36,100,626"
 الرياض,الرياض,القطاع الخاص,خدمة إلكترونية جزئيا,2026/04/07,"36,102,151"
 الرياض,الرياض,القطاع الخاص,خدمة إلكترونية جزئيا,2026/04/07,"36,103,141"
 الرياض,الرياض,القطاع الخاص,خدمة إلكترونية جزئيا,2026/04/07,"36,100,984"
 الرياض,الرياض,القطاع الخاص,خدمة إلكترونية جزئيا,2026/04/07,"36,101,236"
 الرياض,الرياض,القطاع الخاص,خدمة إلكترونية جزئيا,2026/04/07,"36,100,565"
 الرياض,الرياض,القطاع الخاص,خدمة إلكترونية جزئيا,2026/04/07,"36,100,066"
 المدينة المنوره,المدينة المنورة,القطاع الخاص,خدمة إلكترونية جزئيا,2026/04/07,"36,106,003"
 الشرقية,الدمام,القطاع الخاص,خدمة إلكترونية جزئيا,2026/04/07,"36,098,147"
 القصيم,بريده,القطاع الخاص,خدمة إلكترونية جزئيا,2026/04/07,"36,103,345"
 الرياض,الرياض,القطاع الخاص,خدمة إلكترونية جزئيا,2026/04/07,"36,110,597"
 الرياض,الرياض,القطاع الخاص,خدمة إلكترونية جزئيا,2026/04/07,"36,100,273"
 الرياض,الرياض,القطاع الخاص,خدمة إلكترونية جزئيا,2026/04/07,"36,108,925"
 الرياض,الرياض,القطاع الخاص,خدمة إلكترونية جزئيا,2026/04/07,"36,101,809"
 الرياض,الرياض,القطاع الخاص,خدمة إلكترونية جزئيا,2026/04/07,"36,109,361"
 الرياض,الرياض,القطاع الخاص,خدمة إلكترونية جزئيا,2026/04/07,"36,098,370"
 الرياض,الرياض,القطاع الخاص,خدمة إلكترونية جزئيا,2026/04/07,"36,108,140"
 الشرقية,الدمام,القطاع الخاص,خدمة إلكترونية جزئيا,2026/04/07,"36,097,763"
 الرياض,الرياض,القطاع الخاص,خدمة إلكترونية جزئيا,2026/04/07,"36,102,394"
 الشرقية,الدمام,القطاع الخاص,خدمة إلكترونية جزئيا,2026/04/07,"36,109,327"
 الشرقية,الدمام,القطاع الخاص,خدمة إلكترونية جزئيا,2026/04/07,"36,100,029"
 الرياض,الرياض,القطاع الخاص,خدمة إلكترونية جزئيا,2026/04/07,"36,109,713"
 الرياض,الرياض,القطاع الخاص,خدمة إلكترونية جزئيا,2026/04/07,"36,109,454"
 مكة المكرمه,مكة المكرمة,القطاع الخاص,خدمة إلكترونية جزئيا,2026/04/07,"36,108,560"
 القصيم,بريده,القطاع الخاص,خدمة إلكترونية جزئيا,2026/04/07,"36,103,638"
 عسير,بيشه,القطاع الخاص,خدمة إلكترونية جزئيا,2026/04/07,"36,112,236"
 الرياض,الرياض,القطاع الخاص,خدمة إلكترونية جزئيا,2026/04/07,"36,102,668"
 الرياض,الرياض,القطاع الخاص,خدمة إلكترونية جزئيا,2026/04/07,"36,100,284"
 الرياض,الرياض,القطاع الخاص,خدمة إلكترونية جزئيا,2026/04/07,"36,101,108"
 مكة المكرمه,جده,القطاع الخاص,خدمة إلكترونية جزئيا,2026/04/07,"36,114,374"
 الرياض,الرياض,القطاع الخاص,خدمة إلكترونية جزئيا,2026/04/07,"36,101,073"
 الرياض,الرياض,القطاع الخاص,خدمة إلكترونية جزئيا,2026/04/07,"36,111,937"
 الرياض,الرياض,القطاع الخاص,خدمة إلكترونية جزئيا,2026/04/07,"36,111,002"
 الرياض,الرياض,القطاع الخاص,خدمة إلكترونية جزئيا,2026/04/07,"36,106,824"
 الرياض,الرياض,القطاع الخاص,خدمة إلكترونية جزئيا,2026/04/07,"36,108,299"
الخدمات الرقمية,عام,القطاع العام,خدمة إلكترونية,2026/04/07,"36,100,478"
الخدمات الرقمية,عام,القطاع العام,خدمة إلكترونية,2026/04/07,"36,103,212"
الخدمات الرقمية,عام,القطاع العام,خدمة إلكترونية,2026/04/07,"36,100,495"
الخدمات الرقمية,عام,القطاع العام,خدمة إلكترونية,2026/04/07,"36,101,361"
الخدمات الرقمية,عام,القطاع العام,خدمة إلكترونية,2026/04/07,"36,100,340"
الخدمات الرقمية,عام,القطاع العام,خدمة إلكترونية,2026/04/07,"36,100,734"
الخدمات الرقمية,عام,القطاع العام,خدمة إلكترونية,2026/04/07,"36,101,727"
الخدمات الرقمية,عام,القطاع العام,خدمة إلكترونية,2026/04/07,"36,101,810"
الخدمات الرقمية,عام,القطاع العام,خدمة إلكترونية,2026/04/07,"36,102,898"
الخدمات الرقمية,عام,القطاع العام,خدمة إلكترونية,2026/04/07,"36,099,756"
الخدمات الرقمية,عام,القطاع العام,خدمة إلكترونية,2026/04/07,"36,104,113"
الخدمات الرقمية,عام,القطاع العام,خدمة إلكترونية,2026/04/07,"36,105,901"
الخدمات الرقمية,عام,القطاع العام,خدمة إلكترونية,2026/04/07,"36,107,055"
الخدمات الرقمية,عام,القطاع العام,خدمة إلكترونية,2026/04/07,"36,109,009"
الخدمات الرقمية,عام,القطاع العام,خدمة إلكترونية,2026/04/07,"36,100,610"
الخدمات الرقمية,عام,القطاع العام,خدمة إلكترونية,2026/04/07,"36,107,919"
الخدمات الرقمية,عام,القطاع العام,خدمة إلكترونية,2026/04/07,"36,111,986"
الخدمات الرقمية,عام,القطاع العام,خدمة إلكترونية,2026/04/07,"36,109,841"
الخدمات الرقمية,عام,القطاع العام,خدمة إلكترونية,2026/04/07,"36,112,514"
الخدمات الرقمية,عام,القطاع العام,خدمة إلكترونية,2026/04/07,"36,109,089"
الخدمات الرقمية,عام,القطاع العام,خدمة إلكترونية,2026/04/07,"36,111,171"
الخدمات الرقمية,عام,القطاع العام,خدمة إلكترونية,2026/04/07,"36,115,727"
الخدمات الرقمية,عام,القطاع العام,خدمة إلكترونية,2026/04/07,"36,107,086"
الخدمات الرقمية,عام,القطاع العام,خدمة إلكترونية,2026/04/07,"36,096,747"
الخدمات الرقمية,عام,القطاع العام,خدمة إلكترونية,2026/04/07,"36,101,982"
الخدمات الرقمية,عام,القطاع العام,خدمة إلكترونية,2026/04/07,"36,098,334"
الخدمات الرقمية,عام,القطاع العام,خدمة إلكترونية,2026/04/07,"36,099,640"
الخدمات الرقمية,عام,القطاع العام,خدمة إلكترونية,2026/04/07,"36,101,424"
الخدمات الرقمية,عام,القطاع العام,خدمة إلكترونية,2026/04/07,"36,101,290"
الخدمات الرقمية,عام,القطاع العام,خدمة إلكترونية,2026/04/07,"36,104,642"
الخدمات الرقمية,عام,القطاع العام,خدمة إلكترونية,2026/04/07,"36,107,926"
الخدمات الرقمية,عام,القطاع العام,خدمة إلكترونية,2026/04/07,"36,109,214"
الخدمات الرقمية,عام,القطاع العام,خدمة إلكترونية,2026/04/07,"36,109,153"
الخدمات الرقمية,عام,القطاع العام,خدمة إلكترونية,2026/04/07,"36,107,574"
الخدمات الرقمية,عام,القطاع العام,خدمة إلكترونية,2026/04/07,"36,108,418"
الخدمات الرقمية,عام,القطاع العام,خدمة إلكترونية,2026/04/07,"36,099,928"
الخدمات الرقمية,عام,القطاع العام,خدمة إلكترونية,2026/04/07,"36,106,996"
الخدمات الرقمية,عام,القطاع العام,خدمة إلكترونية,2026/04/07,"36,106,013"
الخدمات الرقمية,عام,القطاع العام,خدمة إلكترونية,2026/04/07,"36,103,295"
الخدمات الرقمية,عام,القطاع العام,خدمة إلكترونية,2026/04/07,"36,109,232"
 المدينة المنوره,المدينة المنورة,القطاع الخاص,خدمة إلكترونية جزئيا,2026/04/08,"36,133,889"
 الشرقية,الدمام,القطاع الخاص,خدمة إلكترونية جزئيا,2026/04/08,"36,136,924"
 الشرقية,الدمام,القطاع الخاص,خدمة إلكترونية جزئيا,2026/04/08,"36,136,647"
 الشرقية,الدمام,القطاع الخاص,خدمة إلكترونية جزئيا,2026/04/08,"36,136,632"
 عسير,بيشه,القطاع الخاص,خدمة إلكترونية جزئيا,2026/04/08,"36,133,902"
 عسير,بيشه,القطاع الخاص,خدمة إلكترونية جزئيا,2026/04/08,"36,133,799"
 الرياض,شقراء,القطاع الخاص,خدمة إلكترونية جزئيا,2026/04/08,"36,131,910"
 عسير,بيشه,القطاع الخاص,خدمة إلكترونية جزئيا,2026/04/08,"36,134,131"
 الرياض,شقراء,القطاع الخاص,خدمة إلكترونية جزئيا,2026/04/08,"36,125,944"
 مكة المكرمه,الطائف,القطاع الخاص,خدمة إلكترونية جزئيا,2026/04/08,"36,123,647"
 حائل,حائل,القطاع الخاص,خدمة إلكترونية جزئيا,2026/04/08,"36,124,893"
 حائل,حائل,القطاع الخاص,خدمة إلكترونية جزئيا,2026/04/08,"36,123,853"
 القصيم,بريده,القطاع الخاص,خدمة إلكترونية جزئيا,2026/04/08,"36,136,866"
 القصيم,بريده,القطاع الخاص,خدمة إلكترونية جزئيا,2026/04/08,"36,135,184"
 القصيم,بريده,القطاع الخاص,خدمة إلكترونية جزئيا,2026/04/08,"36,125,643"
 القصيم,بريده,القطاع الخاص,خدمة إلكترونية جزئيا,2026/04/08,"36,135,124"
 القصيم,بريده,القطاع الخاص,خدمة إلكترونية جزئيا,2026/04/08,"36,136,849"
 القصيم,بريده,القطاع الخاص,خدمة إلكترونية جزئيا,2026/04/08,"36,136,856"
 مكة المكرمه,جده,القطاع الخاص,خدمة إلكترونية جزئيا,2026/04/08,"36,131,387"
 الشرقية,الدمام,القطاع الخاص,خدمة إلكترونية جزئيا,2026/04/08,"36,131,104"
 الشرقية,الدمام,القطاع الخاص,خدمة إلكترونية جزئيا,2026/04/08,"36,124,366"
 الشرقية,الدمام,القطاع الخاص,خدمة إلكترونية جزئيا,2026/04/08,"36,124,164"
 الشرقية,الدمام,القطاع الخاص,خدمة إلكترونية جزئيا,2026/04/08,"36,131,059"
 الشرقية,الدمام,القطاع الخاص,خدمة إلكترونية جزئيا,2026/04/08,"36,125,574"
 الشرقية,الدمام,القطاع الخاص,خدمة إلكترونية جزئيا,2026/04/08,"36,123,812"
 مكة المكرمه,مكة المكرمة,القطاع الخاص,خدمة إلكترونية جزئيا,2026/04/08,"36,122,609"
 مكة المكرمه,مكة المكرمة,القطاع الخاص,خدمة إلكترونية جزئيا,2026/04/08,"36,129,048"
 الرياض,الرياض,القطاع الخاص,خدمة إلكترونية جزئيا,2026/04/08,"36,121,664"
 الرياض,الرياض,القطاع الخاص,خدمة إلكترونية جزئيا,2026/04/08,"36,121,703"
 الرياض,الرياض,القطاع الخاص,خدمة إلكترونية جزئيا,2026/04/08,"36,125,415"
 الرياض,الرياض,القطاع الخاص,خدمة إلكترونية جزئيا,2026/04/08,"36,123,006"
 الرياض,الرياض,القطاع الخاص,خدمة إلكترونية جزئيا,2026/04/08,"36,122,559"
 الرياض,الرياض,القطاع الخاص,خدمة إلكترونية جزئيا,2026/04/08,"36,130,141"
 الرياض,الرياض,القطاع الخاص,خدمة إلكترونية جزئيا,2026/04/08,"36,130,428"
 الرياض,الرياض,القطاع الخاص,خدمة إلكترونية جزئيا,2026/04/08,"36,120,926"
 الرياض,الرياض,القطاع الخاص,خدمة إلكترونية جزئيا,2026/04/08,"36,121,418"
 الرياض,الرياض,القطاع الخاص,خدمة إلكترونية جزئيا,2026/04/08,"36,122,141"
 الرياض,الرياض,القطاع الخاص,خدمة إلكترونية جزئيا,2026/04/08,"36,121,681"
 الرياض,الرياض,القطاع الخاص,خدمة إلكترونية جزئيا,2026/04/08,"36,122,787"
 الرياض,الرياض,القطاع الخاص,خدمة إلكترونية جزئيا,2026/04/08,"36,130,677"
 الرياض,الرياض,القطاع الخاص,خدمة إلكترونية جزئيا,2026/04/08,"36,128,029"
 الرياض,الرياض,القطاع الخاص,خدمة إلكترونية جزئيا,2026/04/08,"36,128,847"
 الرياض,الرياض,القطاع الخاص,خدمة إلكترونية جزئيا,2026/04/08,"36,127,965"
 الرياض,الرياض,القطاع الخاص,خدمة إلكترونية جزئيا,2026/04/08,"36,128,166"
 الرياض,الرياض,القطاع الخاص,خدمة إلكترونية جزئيا,2026/04/08,"36,124,766"
 الرياض,الرياض,القطاع الخاص,خدمة إلكترونية جزئيا,2026/04/08,"36,128,743"
 الرياض,الرياض,القطاع الخاص,خدمة إلكترونية جزئيا,2026/04/08,"36,122,845"
 الرياض,الرياض,القطاع الخاص,خدمة إلكترونية جزئيا,2026/04/08,"36,123,358"
 الرياض,الرياض,القطاع الخاص,خدمة إلكترونية جزئيا,2026/04/08,"36,131,009"
 الرياض,الرياض,القطاع الخاص,خدمة إلكترونية جزئيا,2026/04/08,"36,130,524"
 الرياض,الرياض,القطاع الخاص,خدمة إلكترونية جزئيا,2026/04/08,"36,124,327"
 الرياض,الرياض,القطاع الخاص,خدمة إلكترونية جزئيا,2026/04/08,"36,128,372"
 الرياض,الرياض,القطاع الخاص,خدمة إلكترونية جزئيا,2026/04/08,"36,130,824"
 الرياض,الرياض,القطاع الخاص,خدمة إلكترونية جزئيا,2026/04/08,"36,124,601"
 الرياض,الرياض,القطاع الخاص,خدمة إلكترونية جزئيا,2026/04/08,"36,123,412"
 الشرقية,الدمام,القطاع الخاص,خدمة إلكترونية جزئيا,2026/04/08,"36,124,430"
 عسير,بيشه,القطاع الخاص,خدمة إلكترونية جزئيا,2026/04/08,"36,134,182"
 القصيم,بريده,القطاع الخاص,خدمة إلكترونية جزئيا,2026/04/08,"36,125,917"
 الرياض,الرياض,القطاع الخاص,خدمة إلكترونية جزئيا,2026/04/08,"36,130,813"
 الرياض,الرياض,القطاع الخاص,خدمة إلكترونية جزئيا,2026/04/08,"36,124,962"
 مكة المكرمه,مكة المكرمة,القطاع الخاص,خدمة إلكترونية جزئيا,2026/04/08,"36,122,749"
 مكة المكرمه,مكة المكرمة,القطاع الخاص,خدمة إلكترونية جزئيا,2026/04/08,"36,129,137"
 الرياض,شقراء,القطاع الخاص,خدمة إلكترونية جزئيا,2026/04/08,"36,126,152"
 الرياض,الرياض,القطاع الخاص,خدمة إلكترونية جزئيا,2026/04/08,"36,125,469"
 الرياض,الرياض,القطاع الخاص,خدمة إلكترونية جزئيا,2026/04/08,"36,123,029"
 الرياض,الرياض,القطاع الخاص,خدمة إلكترونية جزئيا,2026/04/08,"36,131,030"
 الرياض,الرياض,القطاع الخاص,خدمة إلكترونية جزئيا,2026/04/08,"36,122,893"
 الرياض,الرياض,القطاع الخاص,خدمة إلكترونية جزئيا,2026/04/08,"36,126,742"
 مكة المكرمه,جده,القطاع الخاص,خدمة إلكترونية جزئيا,2026/04/08,"36,131,795"
 الرياض,الرياض,القطاع الخاص,خدمة إلكترونية جزئيا,2026/04/08,"36,120,967"
 الرياض,الرياض,القطاع الخاص,خدمة إلكترونية جزئيا,2026/04/08,"36,122,195"
 الرياض,الرياض,القطاع الخاص,خدمة إلكترونية جزئيا,2026/04/08,"36,121,730"
 الرياض,الرياض,القطاع الخاص,خدمة إلكترونية جزئيا,2026/04/08,"36,121,460"
 حائل,حائل,القطاع الخاص,خدمة إلكترونية جزئيا,2026/04/08,"36,124,361"
 حائل,حائل,القطاع الخاص,خدمة إلكترونية جزئيا,2026/04/08,"36,125,139"
 مكة المكرمه,الطائف,القطاع الخاص,خدمة إلكترونية جزئيا,2026/04/08,"36,123,778"
 المدينة المنوره,المدينة المنورة,القطاع الخاص,خدمة إلكترونية جزئيا,2026/04/08,"36,133,985"
 الرياض,الرياض,القطاع الخاص,خدمة إلكترونية جزئيا,2026/04/08,"36,123,480"
 الشرقية,الدمام,القطاع الخاص,خدمة إلكترونية جزئيا,2026/04/08,"36,125,667"
 الشرقية,الدمام,القطاع الخاص,خدمة إلكترونية جزئيا,2026/04/08,"36,131,154"
 الرياض,الرياض,القطاع الخاص,خدمة إلكترونية جزئيا,2026/04/08,"36,128,886"
 الرياض,الرياض,القطاع الخاص,خدمة إلكترونية جزئيا,2026/04/08,"36,128,843"
 الرياض,الرياض,القطاع الخاص,خدمة إلكترونية جزئيا,2026/04/08,"36,122,688"
 الرياض,شقراء,القطاع الخاص,خدمة إلكترونية جزئيا,2026/04/08,"36,132,055"
الخدمات الرقمية,عام,القطاع العام,خدمة إلكترونية,2026/04/08,"36,128,472"
الخدمات الرقمية,عام,القطاع العام,خدمة إلكترونية,2026/04/08,"36,124,287"
الخدمات الرقمية,عام,القطاع العام,خدمة إلكترونية,2026/04/08,"36,127,006"
الخدمات الرقمية,عام,القطاع العام,خدمة إلكترونية,2026/04/08,"36,128,108"
الخدمات الرقمية,عام,القطاع العام,خدمة إلكترونية,2026/04/08,"36,121,410"
الخدمات الرقمية,عام,القطاع العام,خدمة إلكترونية,2026/04/08,"36,125,951"
الخدمات الرقمية,عام,القطاع العام,خدمة إلكترونية,2026/04/08,"36,127,886"
الخدمات الرقمية,عام,القطاع العام,خدمة إلكترونية,2026/04/08,"36,132,750"
الخدمات الرقمية,عام,القطاع العام,خدمة إلكترونية,2026/04/08,"36,125,974"
الخدمات الرقمية,عام,القطاع العام,خدمة إلكترونية,2026/04/08,"36,125,844"
الخدمات الرقمية,عام,القطاع العام,خدمة إلكترونية,2026/04/08,"36,126,010"
الخدمات الرقمية,عام,القطاع العام,خدمة إلكترونية,2026/04/08,"36,123,960"
الخدمات الرقمية,عام,القطاع العام,خدمة إلكترونية,2026/04/08,"36,132,005"
الخدمات الرقمية,عام,القطاع العام,خدمة إلكترونية,2026/04/08,"36,133,252"
الخدمات الرقمية,عام,القطاع العام,خدمة إلكترونية,2026/04/08,"36,124,701"
الخدمات الرقمية,عام,القطاع العام,خدمة إلكترونية,2026/04/08,"36,129,610"
الخدمات الرقمية,عام,القطاع العام,خدمة إلكترونية,2026/04/08,"36,128,086"
الخدمات الرقمية,عام,القطاع العام,خدمة إلكترونية,2026/04/08,"36,129,772"
الخدمات الرقمية,عام,القطاع العام,خدمة إلكترونية,2026/04/08,"36,133,942"
الخدمات الرقمية,عام,القطاع العام,خدمة إلكترونية,2026/04/08,"36,133,244"
الخدمات الرقمية,عام,القطاع العام,خدمة إلكترونية,2026/04/08,"36,128,060"
الخدمات الرقمية,عام,القطاع العام,خدمة إلكترونية,2026/04/08,"36,134,865"
الخدمات الرقمية,عام,القطاع العام,خدمة إلكترونية,2026/04/08,"36,133,061"
الخدمات الرقمية,عام,القطاع العام,خدمة إلكترونية,2026/04/08,"36,120,866"
الخدمات الرقمية,عام,القطاع العام,خدمة إلكترونية,2026/04/08,"36,132,321"
الخدمات الرقمية,عام,القطاع العام,خدمة إلكترونية,2026/04/08,"36,134,637"
الخدمات الرقمية,عام,القطاع العام,خدمة إلكترونية,2026/04/08,"36,131,319"
الخدمات الرقمية,عام,القطاع العام,خدمة إلكترونية,2026/04/08,"36,128,193"
الخدمات الرقمية,عام,القطاع العام,خدمة إلكترونية,2026/04/08,"36,121,634"
الخدمات الرقمية,عام,القطاع العام,خدمة إلكترونية,2026/04/08,"36,135,621"
الخدمات الرقمية,عام,القطاع العام,خدمة إلكترونية,2026/04/08,"36,123,925"
الخدمات الرقمية,عام,القطاع العام,خدمة إلكترونية,2026/04/08,"36,124,144"
الخدمات الرقمية,عام,القطاع العام,خدمة إلكترونية,2026/04/08,"36,128,997"
الخدمات الرقمية,عام,القطاع العام,خدمة إلكترونية,2026/04/08,"36,129,742"
الخدمات الرقمية,عام,القطاع العام,خدمة إلكترونية,2026/04/08,"36,122,816"
الخدمات الرقمية,عام,القطاع العام,خدمة إلكترونية,2026/04/08,"36,123,445"
الخدمات الرقمية,عام,القطاع العام,خدمة إلكترونية,2026/04/08,"36,128,279"
الخدمات الرقمية,عام,القطاع العام,خدمة إلكترونية,2026/04/08,"36,128,518"
الخدمات الرقمية,عام,القطاع العام,خدمة إلكترونية,2026/04/08,"36,132,204"
الخدمات الرقمية,عام,القطاع العام,خدمة إلكترونية,2026/04/08,"36,124,251"
الخدمات الرقمية,عام,القطاع العام,خدمة إلكترونية,2026/04/08,"36,123,501"
الخدمات الرقمية,عام,القطاع العام,خدمة إلكترونية,2026/04/08,"36,133,267"
الخدمات الرقمية,عام,القطاع العام,خدمة إلكترونية,2026/04/08,"36,134,026"
الخدمات الرقمية,عام,القطاع العام,خدمة إلكترونية,2026/04/08,"36,123,444"
الخدمات الرقمية,عام,القطاع العام,خدمة إلكترونية,2026/04/08,"36,130,539"
الخدمات الرقمية,عام,القطاع العام,خدمة إلكترونية,2026/04/08,"36,128,890"
الخدمات الرقمية,عام,القطاع العام,خدمة إلكترونية,2026/04/08,"36,125,255"
الخدمات الرقمية,عام,القطاع العام,خدمة إلكترونية,2026/04/08,"36,132,251"
الخدمات الرقمية,عام,القطاع العام,خدمة إلكترونية,2026/04/08,"36,123,477"
الخدمات الرقمية,عام,القطاع العام,خدمة إلكترونية,2026/04/08,"36,126,120"
 الشرقية,الدمام,القطاع الخاص,خدمة إلكترونية جزئيا,2026/04/09,"36,160,500"
 الشرقية,الدمام,القطاع الخاص,خدمة إلكترونية جزئيا,2026/04/09,"36,147,208"
 الشرقية,الدمام,القطاع الخاص,خدمة إلكترونية جزئيا,2026/04/09,"36,145,526"
 الشرقية,الدمام,القطاع الخاص,خدمة إلكترونية جزئيا,2026/04/09,"36,145,727"
 الشرقية,الدمام,القطاع الخاص,خدمة إلكترونية جزئيا,2026/04/09,"36,160,237"
 الشرقية,الدمام,القطاع الخاص,خدمة إلكترونية جزئيا,2026/04/09,"36,147,365"
 الشرقية,الدمام,القطاع الخاص,خدمة إلكترونية جزئيا,2026/04/09,"36,160,534"
 عسير,بيشه,القطاع الخاص,خدمة إلكترونية جزئيا,2026/04/09,"36,152,491"
 عسير,بيشه,القطاع الخاص,خدمة إلكترونية جزئيا,2026/04/09,"36,156,324"
 عسير,بيشه,القطاع الخاص,خدمة إلكترونية جزئيا,2026/04/09,"36,152,298"
 عسير,بيشه,القطاع الخاص,خدمة إلكترونية جزئيا,2026/04/09,"36,157,166"
 عسير,بيشه,القطاع الخاص,خدمة إلكترونية جزئيا,2026/04/09,"36,157,182"
 عسير,بيشه,القطاع الخاص,خدمة إلكترونية جزئيا,2026/04/09,"36,159,566"
 عسير,بيشه,القطاع الخاص,خدمة إلكترونية جزئيا,2026/04/09,"36,152,461"
 مكة المكرمه,الطائف,القطاع الخاص,خدمة إلكترونية جزئيا,2026/04/09,"36,151,730"
 مكة المكرمه,الطائف,القطاع الخاص,خدمة إلكترونية جزئيا,2026/04/09,"36,155,910"
 مكة المكرمه,الطائف,القطاع الخاص,خدمة إلكترونية جزئيا,2026/04/09,"36,151,851"
 مكة المكرمه,الطائف,القطاع الخاص,خدمة إلكترونية جزئيا,2026/04/09,"36,154,168"
 مكة المكرمه,الطائف,القطاع الخاص,خدمة إلكترونية جزئيا,2026/04/09,"36,152,484"
 مكة المكرمه,الطائف,القطاع الخاص,خدمة إلكترونية جزئيا,2026/04/09,"36,155,711"
 مكة المكرمه,الطائف,القطاع الخاص,خدمة إلكترونية جزئيا,2026/04/09,"36,154,089"
 مكة المكرمه,الطائف,القطاع الخاص,خدمة إلكترونية جزئيا,2026/04/09,"36,154,491"
 مكة المكرمه,الطائف,القطاع الخاص,خدمة إلكترونية جزئيا,2026/04/09,"36,154,857"
 مكة المكرمه,الطائف,القطاع الخاص,خدمة إلكترونية جزئيا,2026/04/09,"36,154,842"
 مكة المكرمه,الطائف,القطاع الخاص,خدمة إلكترونية جزئيا,2026/04/09,"36,154,537"
 مكة المكرمه,الطائف,القطاع الخاص,خدمة إلكترونية جزئيا,2026/04/09,"36,154,804"
 مكة المكرمه,الطائف,القطاع الخاص,خدمة إلكترونية جزئيا,2026/04/09,"36,154,101"
 مكة المكرمه,الطائف,القطاع الخاص,خدمة إلكترونية جزئيا,2026/04/09,"36,152,665"
 عسير,ابها,القطاع الخاص,خدمة إلكترونية جزئيا,2026/04/09,"36,151,326"
 عسير,ابها,القطاع الخاص,خدمة إلكترونية جزئيا,2026/04/09,"36,151,333"
 عسير,ابها,القطاع الخاص,خدمة إلكترونية جزئيا,2026/04/09,"36,151,385"
 عسير,ابها,القطاع الخاص,خدمة إلكترونية جزئيا,2026/04/09,"36,156,141"
 عسير,ابها,القطاع الخاص,خدمة إلكترونية جزئيا,2026/04/09,"36,150,319"
 عسير,ابها,القطاع الخاص,خدمة إلكترونية جزئيا,2026/04/09,"36,154,738"
 عسير,ابها,القطاع الخاص,خدمة إلكترونية جزئيا,2026/04/09,"36,154,807"
 عسير,ابها,القطاع الخاص,خدمة إلكترونية جزئيا,2026/04/09,"36,150,292"
 عسير,ابها,القطاع الخاص,خدمة إلكترونية جزئيا,2026/04/09,"36,154,729"
 عسير,ابها,القطاع الخاص,خدمة إلكترونية جزئيا,2026/04/09,"36,153,286"
 عسير,ابها,القطاع الخاص,خدمة إلكترونية جزئيا,2026/04/09,"36,153,328"
 عسير,ابها,القطاع الخاص,خدمة إلكترونية جزئيا,2026/04/09,"36,156,108"
 عسير,ابها,القطاع الخاص,خدمة إلكترونية جزئيا,2026/04/09,"36,156,110"
 عسير,ابها,القطاع الخاص,خدمة إلكترونية جزئيا,2026/04/09,"36,154,819"
 عسير,ابها,القطاع الخاص,خدمة إلكترونية جزئيا,2026/04/09,"36,154,773"
 عسير,ابها,القطاع الخاص,خدمة إلكترونية جزئيا,2026/04/09,"36,153,258"
 عسير,ابها,القطاع الخاص,خدمة إلكترونية جزئيا,2026/04/09,"36,156,171"
 عسير,ابها,القطاع الخاص,خدمة إلكترونية جزئيا,2026/04/09,"36,154,786"
 عسير,ابها,القطاع الخاص,خدمة إلكترونية جزئيا,2026/04/09,"36,150,316"
 عسير,ابها,القطاع الخاص,خدمة إلكترونية جزئيا,2026/04/09,"36,150,387"
 عسير,ابها,القطاع الخاص,خدمة إلكترونية جزئيا,2026/04/09,"36,150,801"
 عسير,ابها,القطاع الخاص,خدمة إلكترونية جزئيا,2026/04/09,"36,153,307"
 عسير,ابها,القطاع الخاص,خدمة إلكترونية جزئيا,2026/04/09,"36,151,275"
 حائل,حائل,القطاع الخاص,خدمة إلكترونية جزئيا,2026/04/09,"36,160,226"
 حائل,حائل,القطاع الخاص,خدمة إلكترونية جزئيا,2026/04/09,"36,160,328"
 حائل,حائل,القطاع الخاص,خدمة إلكترونية جزئيا,2026/04/09,"36,160,216"
 القصيم,بريده,القطاع الخاص,خدمة إلكترونية جزئيا,2026/04/09,"36,143,807"
 القصيم,بريده,القطاع الخاص,خدمة إلكترونية جزئيا,2026/04/09,"36,156,180"
 القصيم,بريده,القطاع الخاص,خدمة إلكترونية جزئيا,2026/04/09,"36,156,156"
 القصيم,بريده,القطاع الخاص,خدمة إلكترونية جزئيا,2026/04/09,"36,161,423"
 القصيم,بريده,القطاع الخاص,خدمة إلكترونية جزئيا,2026/04/09,"36,157,805"
 القصيم,بريده,القطاع الخاص,خدمة إلكترونية جزئيا,2026/04/09,"36,156,153"
 القصيم,بريده,القطاع الخاص,خدمة إلكترونية جزئيا,2026/04/09,"36,161,751"
 القصيم,بريده,القطاع الخاص,خدمة إلكترونية جزئيا,2026/04/09,"36,143,497"
 القصيم,بريده,القطاع الخاص,خدمة إلكترونية جزئيا,2026/04/09,"36,151,161"
 القصيم,بريده,القطاع الخاص,خدمة إلكترونية جزئيا,2026/04/09,"36,157,073"
 القصيم,بريده,القطاع الخاص,خدمة إلكترونية جزئيا,2026/04/09,"36,151,130"
 الشرقية,الدمام,القطاع الخاص,خدمة إلكترونية جزئيا,2026/04/09,"36,143,860"
 الشرقية,الدمام,القطاع الخاص,خدمة إلكترونية جزئيا,2026/04/09,"36,143,640"
 الشرقية,الدمام,القطاع الخاص,خدمة إلكترونية جزئيا,2026/04/09,"36,143,658"
 الشرقية,الدمام,القطاع الخاص,خدمة إلكترونية جزئيا,2026/04/09,"36,143,803"
 مكة المكرمه,مكة المكرمة,القطاع الخاص,خدمة إلكترونية جزئيا,2026/04/09,"36,155,343"
 مكة المكرمه,مكة المكرمة,القطاع الخاص,خدمة إلكترونية جزئيا,2026/04/09,"36,155,312"
 مكة المكرمه,مكة المكرمة,القطاع الخاص,خدمة إلكترونية جزئيا,2026/04/09,"36,155,497"
 مكة المكرمه,مكة المكرمة,القطاع الخاص,خدمة إلكترونية جزئيا,2026/04/09,"36,160,928"
 الرياض,الرياض,القطاع الخاص,خدمة إلكترونية جزئيا,2026/04/09,"36,151,499"
 الرياض,الرياض,القطاع الخاص,خدمة إلكترونية جزئيا,2026/04/09,"36,152,614"
 الرياض,الرياض,القطاع الخاص,خدمة إلكترونية جزئيا,2026/04/09,"36,151,798"
 الرياض,الرياض,القطاع الخاص,خدمة إلكترونية جزئيا,2026/04/09,"36,157,377"
 الرياض,الرياض,القطاع الخاص,خدمة إلكترونية جزئيا,2026/04/09,"36,149,435"
 الرياض,الرياض,القطاع الخاص,خدمة إلكترونية جزئيا,2026/04/09,"36,151,616"
 الرياض,الرياض,القطاع الخاص,خدمة إلكترونية جزئيا,2026/04/09,"36,159,138"
 الرياض,الرياض,القطاع الخاص,خدمة إلكترونية جزئيا,2026/04/09,"36,157,469"
 الرياض,الرياض,القطاع الخاص,خدمة إلكترونية جزئيا,2026/04/09,"36,151,334"
 الرياض,الرياض,القطاع الخاص,خدمة إلكترونية جزئيا,2026/04/09,"36,158,358"
 الرياض,الرياض,القطاع الخاص,خدمة إلكترونية جزئيا,2026/04/09,"36,144,692"
 الرياض,الرياض,القطاع الخاص,خدمة إلكترونية جزئيا,2026/04/09,"36,144,808"
 الرياض,الرياض,القطاع الخاص,خدمة إلكترونية جزئيا,2026/04/09,"36,144,453"
 الرياض,الرياض,القطاع الخاص,خدمة إلكترونية جزئيا,2026/04/09,"36,145,757"
 الرياض,الرياض,القطاع الخاص,خدمة إلكترونية جزئيا,2026/04/09,"36,160,417"
 القصيم,بريده,القطاع الخاص,خدمة إلكترونية جزئيا,2026/04/09,"36,143,814"
 القصيم,بريده,القطاع الخاص,خدمة إلكترونية جزئيا,2026/04/09,"36,143,648"
 الشرقية,الدمام,القطاع الخاص,خدمة إلكترونية جزئيا,2026/04/09,"36,143,942"
 حائل,حائل,القطاع الخاص,خدمة إلكترونية جزئيا,2026/04/09,"36,160,453"
 حائل,حائل,القطاع الخاص,خدمة إلكترونية جزئيا,2026/04/09,"36,160,262"
 حائل,حائل,القطاع الخاص,خدمة إلكترونية جزئيا,2026/04/09,"36,160,386"
 القصيم,بريده,القطاع الخاص,خدمة إلكترونية جزئيا,2026/04/09,"36,161,853"
 القصيم,بريده,القطاع الخاص,خدمة إلكترونية جزئيا,2026/04/09,"36,161,645"
 مكة المكرمه,مكة المكرمة,القطاع الخاص,خدمة إلكترونية جزئيا,2026/04/09,"36,154,414"
 الرياض,الرياض,القطاع الخاص,خدمة إلكترونية جزئيا,2026/04/09,"36,159,276"
 الرياض,الرياض,القطاع الخاص,خدمة إلكترونية جزئيا,2026/04/09,"36,144,824"
 الرياض,الرياض,القطاع الخاص,خدمة إلكترونية جزئيا,2026/04/09,"36,160,464"
الخدمات الرقمية,عام,القطاع العام,خدمة إلكترونية,2026/04/09,"36,144,995"
الخدمات الرقمية,عام,القطاع العام,خدمة إلكترونية,2026/04/09,"36,147,704"
الخدمات الرقمية,عام,القطاع العام,خدمة إلكترونية,2026/04/09,"36,154,387"
الخدمات الرقمية,عام,القطاع العام,خدمة إلكترونية,2026/04/09,"36,138,451"
الخدمات الرقمية,عام,القطاع العام,خدمة إلكترونية,2026/04/09,"36,144,845"
الخدمات الرقمية,عام,القطاع العام,خدمة إلكترونية,2026/04/09,"36,144,877"
الخدمات الرقمية,عام,القطاع العام,خدمة إلكترونية,2026/04/09,"36,144,682"
الخدمات الرقمية,عام,القطاع العام,خدمة إلكترونية,2026/04/09,"36,144,767"
الخدمات الرقمية,عام,القطاع العام,خدمة إلكترونية,2026/04/09,"36,150,091"
الخدمات الرقمية,عام,القطاع العام,خدمة إلكترونية,2026/04/09,"36,144,363"
الخدمات الرقمية,عام,القطاع العام,خدمة إلكترونية,2026/04/09,"36,147,306"
الخدمات الرقمية,عام,القطاع العام,خدمة إلكترونية,2026/04/09,"36,151,731"
الخدمات الرقمية,عام,القطاع العام,خدمة إلكترونية,2026/04/09,"36,151,937"
الخدمات الرقمية,عام,القطاع العام,خدمة إلكترونية,2026/04/09,"36,152,444"
الخدمات الرقمية,عام,القطاع العام,خدمة إلكترونية,2026/04/09,"36,146,331"
الخدمات الرقمية,عام,القطاع العام,خدمة إلكترونية,2026/04/09,"36,151,906"
الخدمات الرقمية,عام,القطاع العام,خدمة إلكترونية,2026/04/09,"36,157,510"
الخدمات الرقمية,عام,القطاع العام,خدمة إلكترونية,2026/04/09,"36,156,302"
الخدمات الرقمية,عام,القطاع العام,خدمة إلكترونية,2026/04/09,"36,145,633"
الخدمات الرقمية,عام,القطاع العام,خدمة إلكترونية,2026/04/09,"36,153,957"
الخدمات الرقمية,عام,القطاع العام,خدمة إلكترونية,2026/04/09,"36,143,593"
الخدمات الرقمية,عام,القطاع العام,خدمة إلكترونية,2026/04/09,"36,143,602"
الخدمات الرقمية,عام,القطاع العام,خدمة إلكترونية,2026/04/09,"36,140,520"
الخدمات الرقمية,عام,القطاع العام,خدمة إلكترونية,2026/04/09,"36,146,271"
الخدمات الرقمية,عام,القطاع العام,خدمة إلكترونية,2026/04/09,"36,148,147"
الخدمات الرقمية,عام,القطاع العام,خدمة إلكترونية,2026/04/09,"36,146,612"
الخدمات الرقمية,عام,القطاع العام,خدمة إلكترونية,2026/04/09,"36,157,660"
الخدمات الرقمية,عام,القطاع العام,خدمة إلكترونية,2026/04/09,"36,155,049"
الخدمات الرقمية,عام,القطاع العام,خدمة إلكترونية,2026/04/09,"36,155,905"
الخدمات الرقمية,عام,القطاع العام,خدمة إلكترونية,2026/04/09,"36,145,281"
الخدمات الرقمية,عام,القطاع العام,خدمة إلكترونية,2026/04/09,"36,152,146"
الخدمات الرقمية,عام,القطاع العام,خدمة إلكترونية,2026/04/09,"36,146,527"
الخدمات الرقمية,عام,القطاع العام,خدمة إلكترونية,2026/04/09,"36,153,224"
الخدمات الرقمية,عام,القطاع العام,خدمة إلكترونية,2026/04/09,"36,158,677"
الخدمات الرقمية,عام,القطاع العام,خدمة إلكترونية,2026/04/09,"36,152,676"
الخدمات الرقمية,عام,القطاع العام,خدمة إلكترونية,2026/04/09,"36,156,595"
الخدمات الرقمية,عام,القطاع العام,خدمة إلكترونية,2026/04/09,"36,157,776"
الخدمات الرقمية,عام,القطاع العام,خدمة إلكترونية,2026/04/09,"36,142,716"
الخدمات الرقمية,عام,القطاع العام,خدمة إلكترونية,2026/04/09,"36,155,830"
الخدمات الرقمية,عام,القطاع العام,خدمة إلكترونية,2026/04/09,"36,159,272"
الخدمات الرقمية,عام,القطاع العام,خدمة إلكترونية,2026/04/09,"36,152,077"
الخدمات الرقمية,عام,القطاع العام,خدمة إلكترونية,2026/04/09,"36,155,382"
الخدمات الرقمية,عام,القطاع العام,خدمة إلكترونية,2026/04/09,"36,159,880"
الخدمات الرقمية,عام,القطاع العام,خدمة إلكترونية,2026/04/09,"36,155,316"
الخدمات الرقمية,عام,القطاع العام,خدمة إلكترونية,2026/04/09,"36,154,714"
الخدمات الرقمية,عام,القطاع العام,خدمة إلكترونية,2026/04/09,"36,154,519"
الخدمات الرقمية,عام,القطاع العام,خدمة إلكترونية,2026/04/09,"36,155,160"
 الشرقية,الدمام,القطاع الخاص,خدمة إلكترونية جزئيا,2026/04/10,"36,167,060"
 عسير,بيشه,القطاع الخاص,خدمة إلكترونية جزئيا,2026/04/10,"36,169,644"
 عسير,بيشه,القطاع الخاص,خدمة إلكترونية جزئيا,2026/04/10,"36,169,297"
 عسير,بيشه,القطاع الخاص,خدمة إلكترونية جزئيا,2026/04/10,"36,169,761"
 عسير,بيشه,القطاع الخاص,خدمة إلكترونية جزئيا,2026/04/10,"36,170,403"
 عسير,بيشه,القطاع الخاص,خدمة إلكترونية جزئيا,2026/04/10,"36,170,486"
 عسير,بيشه,القطاع الخاص,خدمة إلكترونية جزئيا,2026/04/10,"36,170,156"
 عسير,بيشه,القطاع الخاص,خدمة إلكترونية جزئيا,2026/04/10,"36,170,066"
 عسير,بيشه,القطاع الخاص,خدمة إلكترونية جزئيا,2026/04/10,"36,170,267"
 مكة المكرمه,مكة المكرمة,القطاع الخاص,خدمة إلكترونية جزئيا,2026/04/10,"36,171,194"
 عسير,بيشه,القطاع الخاص,خدمة إلكترونية جزئيا,2026/04/10,"36,169,959"
 عسير,بيشه,القطاع الخاص,خدمة إلكترونية جزئيا,2026/04/10,"36,170,421"
 عسير,بيشه,القطاع الخاص,خدمة إلكترونية جزئيا,2026/04/10,"36,170,115"
 عسير,بيشه,القطاع الخاص,خدمة إلكترونية جزئيا,2026/04/10,"36,170,172"
 عسير,بيشه,القطاع الخاص,خدمة إلكترونية جزئيا,2026/04/10,"36,169,546"
 عسير,بيشه,القطاع الخاص,خدمة إلكترونية جزئيا,2026/04/10,"36,170,521"
 عسير,بيشه,القطاع الخاص,خدمة إلكترونية جزئيا,2026/04/10,"36,169,649"
 عسير,بيشه,القطاع الخاص,خدمة إلكترونية جزئيا,2026/04/10,"36,170,360"
 الشرقية,الدمام,القطاع الخاص,خدمة إلكترونية جزئيا,2026/04/10,"36,167,143"
 مكة المكرمه,مكة المكرمة,القطاع الخاص,خدمة إلكترونية جزئيا,2026/04/10,"36,171,308"
 القصيم,بريده,القطاع الخاص,خدمة إلكترونية جزئيا,2026/04/11,"36,180,494"
 الرياض,الرياض,القطاع الخاص,خدمة إلكترونية جزئيا,2026/04/11,"36,181,959"
 الرياض,الرياض,القطاع الخاص,خدمة إلكترونية جزئيا,2026/04/11,"36,183,770"
 الرياض,الرياض,القطاع الخاص,خدمة إلكترونية جزئيا,2026/04/11,"36,183,829"
 الرياض,الرياض,القطاع الخاص,خدمة إلكترونية جزئيا,2026/04/11,"36,180,538"
 القصيم,بريده,القطاع الخاص,خدمة إلكترونية جزئيا,2026/04/11,"36,180,566"
 مكة المكرمه,جده,القطاع الخاص,خدمة إلكترونية جزئيا,2026/04/11,"36,181,122"
 مكة المكرمه,مكة المكرمة,القطاع الخاص,خدمة إلكترونية جزئيا,2026/04/11,"36,179,328"
 الرياض,الرياض,القطاع الخاص,خدمة إلكترونية جزئيا,2026/04/11,"36,180,656"
 الرياض,الرياض,القطاع الخاص,خدمة إلكترونية جزئيا,2026/04/11,"36,182,108"
 الشرقية,الاحساء,القطاع الخاص,خدمة إلكترونية جزئيا,2026/04/12,"36,198,650"
 القصيم,الرس,القطاع الخاص,خدمة إلكترونية جزئيا,2026/04/12,"36,200,632"
 الحدود الشمالية,عرعر,القطاع الخاص,خدمة إلكترونية جزئيا,2026/04/12,"36,199,725"
 الحدود الشمالية,عرعر,القطاع الخاص,خدمة إلكترونية جزئيا,2026/04/12,"36,200,114"
 الحدود الشمالية,عرعر,القطاع الخاص,خدمة إلكترونية جزئيا,2026/04/12,"36,200,634"
 مكة المكرمه,الطائف,القطاع الخاص,خدمة إلكترونية جزئيا,2026/04/12,"36,189,043"
 مكة المكرمه,الطائف,القطاع الخاص,خدمة إلكترونية جزئيا,2026/04/12,"36,201,968"
 مكة المكرمه,الطائف,القطاع الخاص,خدمة إلكترونية جزئيا,2026/04/12,"36,202,084"
 عسير,ابها,القطاع الخاص,خدمة إلكترونية جزئيا,2026/04/12,"36,189,920"
 عسير,ابها,القطاع الخاص,خدمة إلكترونية جزئيا,2026/04/12,"36,189,941"
 عسير,ابها,القطاع الخاص,خدمة إلكترونية جزئيا,2026/04/12,"36,192,948"
 عسير,ابها,القطاع الخاص,خدمة إلكترونية جزئيا,2026/04/12,"36,198,045"
 القصيم,بريده,القطاع الخاص,خدمة إلكترونية جزئيا,2026/04/12,"36,203,737"
 القصيم,بريده,القطاع الخاص,خدمة إلكترونية جزئيا,2026/04/12,"36,190,239"
 القصيم,بريده,القطاع الخاص,خدمة إلكترونية جزئيا,2026/04/12,"36,204,017"
 القصيم,بريده,القطاع الخاص,خدمة إلكترونية جزئيا,2026/04/12,"36,203,902"
 القصيم,بريده,القطاع الخاص,خدمة إلكترونية جزئيا,2026/04/12,"36,203,346"
 القصيم,بريده,القطاع الخاص,خدمة إلكترونية جزئيا,2026/04/12,"36,204,145"
 القصيم,بريده,القطاع الخاص,خدمة إلكترونية جزئيا,2026/04/12,"36,203,914"
 القصيم,بريده,القطاع الخاص,خدمة إلكترونية جزئيا,2026/04/12,"36,203,209"
 القصيم,بريده,القطاع الخاص,خدمة إلكترونية جزئيا,2026/04/12,"36,203,619"
 القصيم,بريده,القطاع الخاص,خدمة إلكترونية جزئيا,2026/04/12,"36,203,501"
 القصيم,بريده,القطاع الخاص,خدمة إلكترونية جزئيا,2026/04/12,"36,198,999"
 القصيم,بريده,القطاع الخاص,خدمة إلكترونية جزئيا,2026/04/12,"36,200,646"
 مكة المكرمه,مكة المكرمة,القطاع الخاص,خدمة إلكترونية جزئيا,2026/04/12,"36,190,553"
 مكة المكرمه,مكة المكرمة,القطاع الخاص,خدمة إلكترونية جزئيا,2026/04/12,"36,192,885"
 مكة المكرمه,مكة المكرمة,القطاع الخاص,خدمة إلكترونية جزئيا,2026/04/12,"36,189,280"
 مكة المكرمه,مكة المكرمة,القطاع الخاص,خدمة إلكترونية جزئيا,2026/04/12,"36,191,138"
 مكة المكرمه,مكة المكرمة,القطاع الخاص,خدمة إلكترونية جزئيا,2026/04/12,"36,190,765"
 مكة المكرمه,مكة المكرمة,القطاع الخاص,خدمة إلكترونية جزئيا,2026/04/12,"36,190,503"
 مكة المكرمه,مكة المكرمة,القطاع الخاص,خدمة إلكترونية جزئيا,2026/04/12,"36,190,614"
 مكة المكرمه,مكة المكرمة,القطاع الخاص,خدمة إلكترونية جزئيا,2026/04/12,"36,196,846"
 مكة المكرمه,مكة المكرمة,القطاع الخاص,خدمة إلكترونية جزئيا,2026/04/12,"36,197,433"
 مكة المكرمه,مكة المكرمة,القطاع الخاص,خدمة إلكترونية جزئيا,2026/04/12,"36,202,431"
 مكة المكرمه,مكة المكرمة,القطاع الخاص,خدمة إلكترونية جزئيا,2026/04/12,"36,202,214"
 مكة المكرمه,مكة المكرمة,القطاع الخاص,خدمة إلكترونية جزئيا,2026/04/12,"36,202,368"
 الرياض,الرياض,القطاع الخاص,خدمة إلكترونية جزئيا,2026/04/12,"36,189,422"
 الرياض,الرياض,القطاع الخاص,خدمة إلكترونية جزئيا,2026/04/12,"36,202,063"
 الرياض,الرياض,القطاع الخاص,خدمة إلكترونية جزئيا,2026/04/12,"36,189,130"
 الرياض,الرياض,القطاع الخاص,خدمة إلكترونية جزئيا,2026/04/12,"36,189,054"
 الرياض,الرياض,القطاع الخاص,خدمة إلكترونية جزئيا,2026/04/12,"36,190,618"
 الرياض,الرياض,القطاع الخاص,خدمة إلكترونية جزئيا,2026/04/12,"36,190,611"
 الرياض,الرياض,القطاع الخاص,خدمة إلكترونية جزئيا,2026/04/12,"36,189,241"
 الرياض,الرياض,القطاع الخاص,خدمة إلكترونية جزئيا,2026/04/12,"36,195,741"
 الرياض,الرياض,القطاع الخاص,خدمة إلكترونية جزئيا,2026/04/12,"36,189,441"
 الرياض,الرياض,القطاع الخاص,خدمة إلكترونية جزئيا,2026/04/12,"36,197,557"
 الرياض,الرياض,القطاع الخاص,خدمة إلكترونية جزئيا,2026/04/12,"36,192,416"
 الرياض,الرياض,القطاع الخاص,خدمة إلكترونية جزئيا,2026/04/12,"36,196,893"
 الرياض,الرياض,القطاع الخاص,خدمة إلكترونية جزئيا,2026/04/12,"36,193,981"
 الرياض,الرياض,القطاع الخاص,خدمة إلكترونية جزئيا,2026/04/12,"36,198,591"
الخدمات الرقمية,عام,القطاع العام,خدمة إلكترونية,2026/04/12,"36,197,176"
 القصيم,الرس,القطاع الخاص,خدمة إلكترونية جزئيا,2026/04/12,"36,200,638"
 الشرقية,الاحساء,القطاع الخاص,خدمة إلكترونية جزئيا,2026/04/12,"36,199,101"
 القصيم,بريده,القطاع الخاص,خدمة إلكترونية جزئيا,2026/04/12,"36,204,058"
 القصيم,بريده,القطاع الخاص,خدمة إلكترونية جزئيا,2026/04/12,"36,203,658"
 القصيم,بريده,القطاع الخاص,خدمة إلكترونية جزئيا,2026/04/12,"36,199,114"
 القصيم,بريده,القطاع الخاص,خدمة إلكترونية جزئيا,2026/04/12,"36,201,051"
 القصيم,بريده,القطاع الخاص,خدمة إلكترونية جزئيا,2026/04/12,"36,203,781"
 القصيم,بريده,القطاع الخاص,خدمة إلكترونية جزئيا,2026/04/12,"36,203,219"
 القصيم,بريده,القطاع الخاص,خدمة إلكترونية جزئيا,2026/04/12,"36,204,169"
 القصيم,بريده,القطاع الخاص,خدمة إلكترونية جزئيا,2026/04/12,"36,203,376"
 عسير,ابها,القطاع الخاص,خدمة إلكترونية جزئيا,2026/04/12,"36,198,167"
 مكة المكرمه,الطائف,القطاع الخاص,خدمة إلكترونية جزئيا,2026/04/12,"36,189,790"
 مكة المكرمه,جده,القطاع الخاص,خدمة إلكترونية جزئيا,2026/04/12,"36,197,702"
 مكة المكرمه,الطائف,القطاع الخاص,خدمة إلكترونية جزئيا,2026/04/12,"36,202,070"
 الحدود الشمالية,عرعر,القطاع الخاص,خدمة إلكترونية جزئيا,2026/04/12,"36,199,858"
 الحدود الشمالية,عرعر,القطاع الخاص,خدمة إلكترونية جزئيا,2026/04/12,"36,200,712"
 مكة المكرمه,مكة المكرمة,القطاع الخاص,خدمة إلكترونية جزئيا,2026/04/12,"36,197,101"
 مكة المكرمه,مكة المكرمة,القطاع الخاص,خدمة إلكترونية جزئيا,2026/04/12,"36,189,575"
 مكة المكرمه,مكة المكرمة,القطاع الخاص,خدمة إلكترونية جزئيا,2026/04/12,"36,192,220"
 مكة المكرمه,مكة المكرمة,القطاع الخاص,خدمة إلكترونية جزئيا,2026/04/12,"36,197,857"
 مكة المكرمه,مكة المكرمة,القطاع الخاص,خدمة إلكترونية جزئيا,2026/04/12,"36,202,376"
 مكة المكرمه,مكة المكرمة,القطاع الخاص,خدمة إلكترونية جزئيا,2026/04/12,"36,202,437"
 مكة المكرمه,مكة المكرمة,القطاع الخاص,خدمة إلكترونية جزئيا,2026/04/12,"36,202,289"
 الرياض,الرياض,القطاع الخاص,خدمة إلكترونية جزئيا,2026/04/12,"36,197,025"
 الرياض,الرياض,القطاع الخاص,خدمة إلكترونية جزئيا,2026/04/12,"36,197,144"
 الرياض,الرياض,القطاع الخاص,خدمة إلكترونية جزئيا,2026/04/12,"36,189,971"
 الرياض,الرياض,القطاع الخاص,خدمة إلكترونية جزئيا,2026/04/12,"36,195,977"
 الرياض,الرياض,القطاع الخاص,خدمة إلكترونية جزئيا,2026/04/12,"36,198,712"
 الرياض,الرياض,القطاع الخاص,خدمة إلكترونية جزئيا,2026/04/12,"36,197,761"
 الرياض,الرياض,القطاع الخاص,خدمة إلكترونية جزئيا,2026/04/12,"36,202,136"
 الرياض,الرياض,القطاع الخاص,خدمة إلكترونية جزئيا,2026/04/12,"36,189,806"
الخدمات الرقمية,عام,القطاع العام,خدمة إلكترونية,2026/04/12,"36,188,615"
الخدمات الرقمية,عام,القطاع العام,خدمة إلكترونية,2026/04/12,"36,188,171"
الخدمات الرقمية,عام,القطاع العام,خدمة إلكترونية,2026/04/12,"36,189,876"
الخدمات الرقمية,عام,القطاع العام,خدمة إلكترونية,2026/04/12,"36,193,037"
الخدمات الرقمية,عام,القطاع العام,خدمة إلكترونية,2026/04/12,"36,195,068"
الخدمات الرقمية,عام,القطاع العام,خدمة إلكترونية,2026/04/12,"36,189,731"
الخدمات الرقمية,عام,القطاع العام,خدمة إلكترونية,2026/04/12,"36,191,682"
الخدمات الرقمية,عام,القطاع العام,خدمة إلكترونية,2026/04/12,"36,197,596"
الخدمات الرقمية,عام,القطاع العام,خدمة إلكترونية,2026/04/12,"36,188,150"
الخدمات الرقمية,عام,القطاع العام,خدمة إلكترونية,2026/04/12,"36,189,633"
الخدمات الرقمية,عام,القطاع العام,خدمة إلكترونية,2026/04/12,"36,187,722"
الخدمات الرقمية,عام,القطاع العام,خدمة إلكترونية,2026/04/12,"36,189,541"
الخدمات الرقمية,عام,القطاع العام,خدمة إلكترونية,2026/04/12,"36,193,437"
الخدمات الرقمية,عام,القطاع العام,خدمة إلكترونية,2026/04/12,"36,189,115"
الخدمات الرقمية,عام,القطاع العام,خدمة إلكترونية,2026/04/12,"36,187,863"
الخدمات الرقمية,عام,القطاع العام,خدمة إلكترونية,2026/04/12,"36,190,964"
الخدمات الرقمية,عام,القطاع العام,خدمة إلكترونية,2026/04/12,"36,188,475"
الخدمات الرقمية,عام,القطاع العام,خدمة إلكترونية,2026/04/12,"36,188,506"
الخدمات الرقمية,عام,القطاع العام,خدمة إلكترونية,2026/04/12,"36,188,595"
الخدمات الرقمية,عام,القطاع العام,خدمة إلكترونية,2026/04/12,"36,189,113"
الخدمات الرقمية,عام,القطاع العام,خدمة إلكترونية,2026/04/12,"36,187,606"
الخدمات الرقمية,عام,القطاع العام,خدمة إلكترونية,2026/04/12,"36,187,995"
الخدمات الرقمية,عام,القطاع العام,خدمة إلكترونية,2026/04/12,"36,188,107"
الخدمات الرقمية,عام,القطاع العام,خدمة إلكترونية,2026/04/12,"36,195,615"
الخدمات الرقمية,عام,القطاع العام,خدمة إلكترونية,2026/04/12,"36,188,109"
الخدمات الرقمية,عام,القطاع العام,خدمة إلكترونية,2026/04/12,"36,194,658"
الخدمات الرقمية,عام,القطاع العام,خدمة إلكترونية,2026/04/12,"36,195,645"
الخدمات الرقمية,عام,القطاع العام,خدمة إلكترونية,2026/04/12,"36,193,652"
الخدمات الرقمية,عام,القطاع العام,خدمة إلكترونية,2026/04/12,"36,197,464"
الخدمات الرقمية,عام,القطاع العام,خدمة إلكترونية,2026/04/12,"36,198,026"
الخدمات الرقمية,عام,القطاع العام,خدمة إلكترونية,2026/04/12,"36,198,052"
الخدمات الرقمية,عام,القطاع العام,خدمة إلكترونية,2026/04/12,"36,198,387"
الخدمات الرقمية,عام,القطاع العام,خدمة إلكترونية,2026/04/12,"36,194,613"
الخدمات الرقمية,عام,القطاع العام,خدمة إلكترونية,2026/04/12,"36,198,430"
الخدمات الرقمية,عام,القطاع العام,خدمة إلكترونية,2026/04/12,"36,197,971"
الخدمات الرقمية,عام,القطاع العام,خدمة إلكترونية,2026/04/12,"36,198,118"
الخدمات الرقمية,عام,القطاع العام,خدمة إلكترونية,2026/04/12,"36,194,721"
الخدمات الرقمية,عام,القطاع العام,خدمة إلكترونية,2026/04/12,"36,198,313"
الخدمات الرقمية,عام,القطاع العام,خدمة إلكترونية,2026/04/12,"36,200,083"
الخدمات الرقمية,عام,القطاع العام,خدمة إلكترونية,2026/04/12,"36,194,363"
الخدمات الرقمية,عام,القطاع العام,خدمة إلكترونية,2026/04/12,"36,202,452"
الخدمات الرقمية,عام,القطاع العام,خدمة إلكترونية,2026/04/12,"36,197,828"
الخدمات الرقمية,عام,القطاع العام,خدمة إلكترونية,2026/04/12,"36,198,151"
الخدمات الرقمية,عام,القطاع العام,خدمة إلكترونية,2026/04/12,"36,197,245"
الخدمات الرقمية,عام,القطاع العام,خدمة إلكترونية,2026/04/12,"36,190,267"
الخدمات الرقمية,عام,القطاع العام,خدمة إلكترونية,2026/04/12,"36,197,979"
الخدمات الرقمية,عام,القطاع العام,خدمة إلكترونية,2026/04/12,"36,198,046"
الخدمات الرقمية,عام,القطاع العام,خدمة إلكترونية,2026/04/12,"36,198,084"
الخدمات الرقمية,عام,القطاع العام,خدمة إلكترونية,2026/04/12,"36,195,364"
الخدمات الرقمية,عام,القطاع العام,خدمة إلكترونية,2026/04/12,"36,198,155"
الخدمات الرقمية,عام,القطاع العام,خدمة إلكترونية,2026/04/12,"36,198,120"
الخدمات الرقمية,عام,القطاع العام,خدمة إلكترونية,2026/04/12,"36,198,138"
الخدمات الرقمية,عام,القطاع العام,خدمة إلكترونية,2026/04/12,"36,197,973"
الخدمات الرقمية,عام,القطاع العام,خدمة إلكترونية,2026/04/12,"36,193,667"
الخدمات الرقمية,عام,القطاع العام,خدمة إلكترونية,2026/04/12,"36,197,061"
الخدمات الرقمية,عام,القطاع العام,خدمة إلكترونية,2026/04/12,"36,198,320"
الخدمات الرقمية,عام,القطاع العام,خدمة إلكترونية,2026/04/12,"36,193,656"
الخدمات الرقمية,عام,القطاع العام,خدمة إلكترونية,2026/04/12,"36,196,870"
الخدمات الرقمية,عام,القطاع العام,خدمة إلكترونية,2026/04/12,"36,198,952"
الخدمات الرقمية,عام,القطاع العام,خدمة إلكترونية,2026/04/12,"36,196,271"
الخدمات الرقمية,عام,القطاع العام,خدمة إلكترونية,2026/04/12,"36,193,502"
الخدمات الرقمية,عام,القطاع العام,خدمة إلكترونية,2026/04/12,"36,197,491"
الخدمات الرقمية,عام,القطاع العام,خدمة إلكترونية,2026/04/12,"36,203,538"
الخدمات الرقمية,عام,القطاع العام,خدمة إلكترونية,2026/04/12,"36,197,818"
الخدمات الرقمية,عام,القطاع العام,خدمة إلكترونية,2026/04/12,"36,198,330"
الخدمات الرقمية,عام,القطاع العام,خدمة إلكترونية,2026/04/12,"36,196,957"
الخدمات الرقمية,عام,القطاع العام,خدمة إلكترونية,2026/04/12,"36,192,512"
الخدمات الرقمية,عام,القطاع العام,خدمة إلكترونية,2026/04/12,"36,194,443"
الخدمات الرقمية,عام,القطاع العام,خدمة إلكترونية,2026/04/12,"36,198,275"
الخدمات الرقمية,عام,القطاع العام,خدمة إلكترونية,2026/04/12,"36,198,303"
الخدمات الرقمية,عام,القطاع العام,خدمة إلكترونية,2026/04/12,"36,195,498"
الخدمات الرقمية,عام,القطاع العام,خدمة إلكترونية,2026/04/12,"36,193,760"
الخدمات الرقمية,عام,القطاع العام,خدمة إلكترونية,2026/04/12,"36,195,555"
الخدمات الرقمية,عام,القطاع العام,خدمة إلكترونية,2026/04/12,"36,204,243"
الخدمات الرقمية,عام,القطاع العام,خدمة إلكترونية,2026/04/12,"36,197,028"
الخدمات الرقمية,عام,القطاع العام,خدمة إلكترونية,2026/04/12,"36,186,740"
الخدمات الرقمية,عام,القطاع العام,خدمة إلكترونية,2026/04/12,"36,199,191"
الخدمات الرقمية,عام,القطاع العام,خدمة إلكترونية,2026/04/12,"36,198,885"
الخدمات الرقمية,عام,القطاع العام,خدمة إلكترونية,2026/04/12,"36,199,337"
الخدمات الرقمية,عام,القطاع العام,خدمة إلكترونية,2026/04/12,"36,196,061"
الخدمات الرقمية,عام,القطاع العام,خدمة إلكترونية,2026/04/12,"36,196,277"
الخدمات الرقمية,عام,القطاع العام,خدمة إلكترونية,2026/04/12,"36,197,402"
الخدمات الرقمية,عام,القطاع العام,خدمة إلكترونية,2026/04/12,"36,195,586"
الخدمات الرقمية,عام,القطاع العام,خدمة إلكترونية,2026/04/12,"36,199,501"
الخدمات الرقمية,عام,القطاع العام,خدمة إلكترونية,2026/04/12,"36,198,572"
الخدمات الرقمية,عام,القطاع العام,خدمة إلكترونية,2026/04/12,"36,190,268"
الخدمات الرقمية,عام,القطاع العام,خدمة إلكترونية,2026/04/12,"36,197,296"
الخدمات الرقمية,عام,القطاع العام,خدمة إلكترونية,2026/04/12,"36,194,685"
الخدمات الرقمية,عام,القطاع العام,خدمة إلكترونية,2026/04/12,"36,191,916"
الخدمات الرقمية,عام,القطاع العام,خدمة إلكترونية,2026/04/12,"36,201,222"
الخدمات الرقمية,عام,القطاع العام,خدمة إلكترونية,2026/04/12,"36,192,251"
الخدمات الرقمية,عام,القطاع العام,خدمة إلكترونية,2026/04/12,"36,192,681"
الخدمات الرقمية,عام,القطاع العام,خدمة إلكترونية,2026/04/12,"36,200,877"
الخدمات الرقمية,عام,القطاع العام,خدمة إلكترونية,2026/04/12,"36,193,272"
الخدمات الرقمية,عام,القطاع العام,خدمة إلكترونية,2026/04/12,"36,195,471"
الخدمات الرقمية,عام,القطاع العام,خدمة إلكترونية,2026/04/12,"36,198,878"
 المدينة المنوره,المدينة المنورة,القطاع الخاص,خدمة إلكترونية جزئيا,2026/04/13,"36,217,984"
 المدينة المنوره,المدينة المنورة,القطاع الخاص,خدمة إلكترونية جزئيا,2026/04/13,"36,216,631"
 الشرقية,الدمام,القطاع الخاص,خدمة إلكترونية جزئيا,2026/04/13,"36,214,713"
 القصيم,عنيزه,القطاع الخاص,خدمة إلكترونية جزئيا,2026/04/13,"36,225,801"
 القصيم,عنيزه,القطاع الخاص,خدمة إلكترونية جزئيا,2026/04/13,"36,226,266"
 الشرقية,الاحساء,القطاع الخاص,خدمة إلكترونية جزئيا,2026/04/13,"36,216,244"
 حائل,حائل,القطاع الخاص,خدمة إلكترونية جزئيا,2026/04/13,"36,212,288"
 حائل,حائل,القطاع الخاص,خدمة إلكترونية جزئيا,2026/04/13,"36,215,457"
 مكة المكرمه,الطائف,القطاع الخاص,خدمة إلكترونية جزئيا,2026/04/13,"36,212,284"
 مكة المكرمه,الطائف,القطاع الخاص,خدمة إلكترونية جزئيا,2026/04/13,"36,219,856"
 عسير,ابها,القطاع الخاص,خدمة إلكترونية جزئيا,2026/04/13,"36,223,955"
 القصيم,بريده,القطاع الخاص,خدمة إلكترونية جزئيا,2026/04/13,"36,224,190"
 القصيم,بريده,القطاع الخاص,خدمة إلكترونية جزئيا,2026/04/13,"36,224,572"
 القصيم,بريده,القطاع الخاص,خدمة إلكترونية جزئيا,2026/04/13,"36,225,671"
 القصيم,بريده,القطاع الخاص,خدمة إلكترونية جزئيا,2026/04/13,"36,225,800"
 القصيم,بريده,القطاع الخاص,خدمة إلكترونية جزئيا,2026/04/13,"36,224,406"
 القصيم,بريده,القطاع الخاص,خدمة إلكترونية جزئيا,2026/04/13,"36,223,819"
 القصيم,بريده,القطاع الخاص,خدمة إلكترونية جزئيا,2026/04/13,"36,222,177"
 مكة المكرمه,جده,القطاع الخاص,خدمة إلكترونية جزئيا,2026/04/13,"36,221,084"
 مكة المكرمه,جده,القطاع الخاص,خدمة إلكترونية جزئيا,2026/04/13,"36,221,605"
 مكة المكرمه,جده,القطاع الخاص,خدمة إلكترونية جزئيا,2026/04/13,"36,226,936"
 مكة المكرمه,جده,القطاع الخاص,خدمة إلكترونية جزئيا,2026/04/13,"36,227,784"
 مكة المكرمه,جده,القطاع الخاص,خدمة إلكترونية جزئيا,2026/04/13,"36,221,972"
 مكة المكرمه,جده,القطاع الخاص,خدمة إلكترونية جزئيا,2026/04/13,"36,227,341"
 مكة المكرمه,جده,القطاع الخاص,خدمة إلكترونية جزئيا,2026/04/13,"36,214,928"
 الشرقية,الدمام,القطاع الخاص,خدمة إلكترونية جزئيا,2026/04/13,"36,210,280"
 مكة المكرمه,مكة المكرمة,القطاع الخاص,خدمة إلكترونية جزئيا,2026/04/13,"36,213,315"
 مكة المكرمه,مكة المكرمة,القطاع الخاص,خدمة إلكترونية جزئيا,2026/04/13,"36,214,333"
 مكة المكرمه,مكة المكرمة,القطاع الخاص,خدمة إلكترونية جزئيا,2026/04/13,"36,222,185"
 مكة المكرمه,مكة المكرمة,القطاع الخاص,خدمة إلكترونية جزئيا,2026/04/13,"36,221,276"
 الرياض,الرياض,القطاع الخاص,خدمة إلكترونية جزئيا,2026/04/13,"36,229,010"
 الرياض,الرياض,القطاع الخاص,خدمة إلكترونية جزئيا,2026/04/13,"36,222,048"
 الرياض,الرياض,القطاع الخاص,خدمة إلكترونية جزئيا,2026/04/13,"36,214,558"
 الرياض,الرياض,القطاع الخاص,خدمة إلكترونية جزئيا,2026/04/13,"36,216,216"
 الرياض,الرياض,القطاع الخاص,خدمة إلكترونية جزئيا,2026/04/13,"36,219,892"
 الرياض,الرياض,القطاع الخاص,خدمة إلكترونية جزئيا,2026/04/13,"36,222,172"
 الرياض,الرياض,القطاع الخاص,خدمة إلكترونية جزئيا,2026/04/13,"36,220,910"
 الرياض,الرياض,القطاع الخاص,خدمة إلكترونية جزئيا,2026/04/13,"36,216,634"
 الرياض,الرياض,القطاع الخاص,خدمة إلكترونية جزئيا,2026/04/13,"36,223,357"
 الرياض,الرياض,القطاع الخاص,خدمة إلكترونية جزئيا,2026/04/13,"36,223,570"
 الرياض,الرياض,القطاع الخاص,خدمة إلكترونية جزئيا,2026/04/13,"36,222,998"
 الرياض,الرياض,القطاع الخاص,خدمة إلكترونية جزئيا,2026/04/13,"36,212,347"
 الرياض,الرياض,القطاع الخاص,خدمة إلكترونية جزئيا,2026/04/13,"36,216,477"
 الرياض,الرياض,القطاع الخاص,خدمة إلكترونية جزئيا,2026/04/13,"36,212,560"
 الرياض,الرياض,القطاع الخاص,خدمة إلكترونية جزئيا,2026/04/13,"36,210,377"
 الرياض,الرياض,القطاع الخاص,خدمة إلكترونية جزئيا,2026/04/13,"36,220,583"
 الرياض,الرياض,القطاع الخاص,خدمة إلكترونية جزئيا,2026/04/13,"36,216,282"
 الرياض,الرياض,القطاع الخاص,خدمة إلكترونية جزئيا,2026/04/13,"36,210,354"
 مكة المكرمه,جده,القطاع الخاص,خدمة إلكترونية جزئيا,2026/04/13,"36,214,975"
 القصيم,بريده,القطاع الخاص,خدمة إلكترونية جزئيا,2026/04/13,"36,227,288"
 القصيم,بريده,القطاع الخاص,خدمة إلكترونية جزئيا,2026/04/13,"36,225,678"
 الشرقية,الدمام,القطاع الخاص,خدمة إلكترونية جزئيا,2026/04/13,"36,214,892"
 مكة المكرمه,الطائف,القطاع الخاص,خدمة إلكترونية جزئيا,2026/04/13,"36,212,631"
 الشرقية,الاحساء,القطاع الخاص,خدمة إلكترونية جزئيا,2026/04/13,"36,216,525"
 مكة المكرمه,جده,القطاع الخاص,خدمة إلكترونية جزئيا,2026/04/13,"36,213,598"
 حائل,حائل,القطاع الخاص,خدمة إلكترونية جزئيا,2026/04/13,"36,219,715"
 المدينة المنوره,المدينة المنورة,القطاع الخاص,خدمة إلكترونية جزئيا,2026/04/13,"36,218,558"
 الشرقية,الدمام,القطاع الخاص,خدمة إلكترونية جزئيا,2026/04/13,"36,210,310"
 حائل,حائل,القطاع الخاص,خدمة إلكترونية جزئيا,2026/04/13,"36,212,828"
 حائل,حائل,القطاع الخاص,خدمة إلكترونية جزئيا,2026/04/13,"36,215,686"
 مكة المكرمه,جده,القطاع الخاص,خدمة إلكترونية جزئيا,2026/04/13,"36,221,763"
 القصيم,عنيزه,القطاع الخاص,خدمة إلكترونية جزئيا,2026/04/13,"36,226,411"
 القصيم,بريده,القطاع الخاص,خدمة إلكترونية جزئيا,2026/04/13,"36,219,041"
 القصيم,بريده,القطاع الخاص,خدمة إلكترونية جزئيا,2026/04/13,"36,222,291"
 مكة المكرمه,مكة المكرمة,القطاع الخاص,خدمة إلكترونية جزئيا,2026/04/13,"36,213,480"
 مكة المكرمه,مكة المكرمة,القطاع الخاص,خدمة إلكترونية جزئيا,2026/04/13,"36,214,998"
 مكة المكرمه,مكة المكرمة,القطاع الخاص,خدمة إلكترونية جزئيا,2026/04/13,"36,222,178"
 الرياض,الرياض,القطاع الخاص,خدمة إلكترونية جزئيا,2026/04/13,"36,216,529"
 الرياض,الرياض,القطاع الخاص,خدمة إلكترونية جزئيا,2026/04/13,"36,210,397"
 الرياض,الرياض,القطاع الخاص,خدمة إلكترونية جزئيا,2026/04/13,"36,216,530"
 الرياض,الرياض,القطاع الخاص,خدمة إلكترونية جزئيا,2026/04/13,"36,222,076"
 الرياض,الرياض,القطاع الخاص,خدمة إلكترونية جزئيا,2026/04/13,"36,214,855"
 الرياض,الرياض,القطاع الخاص,خدمة إلكترونية جزئيا,2026/04/13,"36,221,001"
 الرياض,الرياض,القطاع الخاص,خدمة إلكترونية جزئيا,2026/04/13,"36,221,448"
 الرياض,الرياض,القطاع الخاص,خدمة إلكترونية جزئيا,2026/04/13,"36,216,562"
 الرياض,الرياض,القطاع الخاص,خدمة إلكترونية جزئيا,2026/04/13,"36,212,747"
 الرياض,الرياض,القطاع الخاص,خدمة إلكترونية جزئيا,2026/04/13,"36,213,313"
 الرياض,الرياض,القطاع الخاص,خدمة إلكترونية جزئيا,2026/04/13,"36,222,300"
 الرياض,الرياض,القطاع الخاص,خدمة إلكترونية جزئيا,2026/04/13,"36,210,911"
الخدمات الرقمية,عام,القطاع العام,خدمة إلكترونية,2026/04/13,"36,211,528"
الخدمات الرقمية,عام,القطاع العام,خدمة إلكترونية,2026/04/13,"36,218,161"
الخدمات الرقمية,عام,القطاع العام,خدمة إلكترونية,2026/04/13,"36,218,365"
الخدمات الرقمية,عام,القطاع العام,خدمة إلكترونية,2026/04/13,"36,218,256"
الخدمات الرقمية,عام,القطاع العام,خدمة إلكترونية,2026/04/13,"36,208,721"
الخدمات الرقمية,عام,القطاع العام,خدمة إلكترونية,2026/04/13,"36,216,160"
الخدمات الرقمية,عام,القطاع العام,خدمة إلكترونية,2026/04/13,"36,215,962"
الخدمات الرقمية,عام,القطاع العام,خدمة إلكترونية,2026/04/13,"36,219,981"
الخدمات الرقمية,عام,القطاع العام,خدمة إلكترونية,2026/04/13,"36,221,054"
الخدمات الرقمية,عام,القطاع العام,خدمة إلكترونية,2026/04/13,"36,216,340"
الخدمات الرقمية,عام,القطاع العام,خدمة إلكترونية,2026/04/13,"36,218,056"
الخدمات الرقمية,عام,القطاع العام,خدمة إلكترونية,2026/04/13,"36,216,869"
الخدمات الرقمية,عام,القطاع العام,خدمة إلكترونية,2026/04/13,"36,221,752"
الخدمات الرقمية,عام,القطاع العام,خدمة إلكترونية,2026/04/13,"36,217,045"
الخدمات الرقمية,عام,القطاع العام,خدمة إلكترونية,2026/04/13,"36,220,175"
الخدمات الرقمية,عام,القطاع العام,خدمة إلكترونية,2026/04/13,"36,217,291"
الخدمات الرقمية,عام,القطاع العام,خدمة إلكترونية,2026/04/13,"36,223,675"
الخدمات الرقمية,عام,القطاع العام,خدمة إلكترونية,2026/04/13,"36,220,571"
الخدمات الرقمية,عام,القطاع العام,خدمة إلكترونية,2026/04/13,"36,221,109"
الخدمات الرقمية,عام,القطاع العام,خدمة إلكترونية,2026/04/13,"36,221,085"
الخدمات الرقمية,عام,القطاع العام,خدمة إلكترونية,2026/04/13,"36,221,318"
الخدمات الرقمية,عام,القطاع العام,خدمة إلكترونية,2026/04/13,"36,222,784"
الخدمات الرقمية,عام,القطاع العام,خدمة إلكترونية,2026/04/13,"36,223,142"
الخدمات الرقمية,عام,القطاع العام,خدمة إلكترونية,2026/04/13,"36,220,983"
الخدمات الرقمية,عام,القطاع العام,خدمة إلكترونية,2026/04/13,"36,217,932"
الخدمات الرقمية,عام,القطاع العام,خدمة إلكترونية,2026/04/13,"36,221,237"
الخدمات الرقمية,عام,القطاع العام,خدمة إلكترونية,2026/04/13,"36,221,478"
الخدمات الرقمية,عام,القطاع العام,خدمة إلكترونية,2026/04/13,"36,221,615"
الخدمات الرقمية,عام,القطاع العام,خدمة إلكترونية,2026/04/13,"36,216,429"
الخدمات الرقمية,عام,القطاع العام,خدمة إلكترونية,2026/04/13,"36,219,874"
الخدمات الرقمية,عام,القطاع العام,خدمة إلكترونية,2026/04/13,"36,217,507"
الخدمات الرقمية,عام,القطاع العام,خدمة إلكترونية,2026/04/13,"36,216,289"
الخدمات الرقمية,عام,القطاع العام,خدمة إلكترونية,2026/04/13,"36,218,249"
الخدمات الرقمية,عام,القطاع العام,خدمة إلكترونية,2026/04/13,"36,221,604"
الخدمات الرقمية,عام,القطاع العام,خدمة إلكترونية,2026/04/13,"36,217,801"
الخدمات الرقمية,عام,القطاع العام,خدمة إلكترونية,2026/04/13,"36,221,021"
الخدمات الرقمية,عام,القطاع العام,خدمة إلكترونية,2026/04/13,"36,221,647"
الخدمات الرقمية,عام,القطاع العام,خدمة إلكترونية,2026/04/13,"36,221,154"
الخدمات الرقمية,عام,القطاع العام,خدمة إلكترونية,2026/04/13,"36,220,644"
الخدمات الرقمية,عام,القطاع العام,خدمة إلكترونية,2026/04/13,"36,229,799"
الخدمات الرقمية,عام,القطاع العام,خدمة إلكترونية,2026/04/13,"36,229,798"
الخدمات الرقمية,عام,القطاع العام,خدمة إلكترونية,2026/04/13,"36,230,450"
الخدمات الرقمية,عام,القطاع العام,خدمة إلكترونية,2026/04/13,"36,230,238"
الخدمات الرقمية,عام,القطاع العام,خدمة إلكترونية,2026/04/13,"36,213,644"
الخدمات الرقمية,عام,القطاع العام,خدمة إلكترونية,2026/04/13,"36,214,573"
الخدمات الرقمية,عام,القطاع العام,خدمة إلكترونية,2026/04/13,"36,219,403"
الخدمات الرقمية,عام,القطاع العام,خدمة إلكترونية,2026/04/13,"36,215,832"
الخدمات الرقمية,عام,القطاع العام,خدمة إلكترونية,2026/04/13,"36,217,229"
الخدمات الرقمية,عام,القطاع العام,خدمة إلكترونية,2026/04/13,"36,218,177"
الخدمات الرقمية,عام,القطاع العام,خدمة إلكترونية,2026/04/13,"36,218,237"
الخدمات الرقمية,عام,القطاع العام,خدمة إلكترونية,2026/04/13,"36,222,630"
الخدمات الرقمية,عام,القطاع العام,خدمة إلكترونية,2026/04/13,"36,220,902"
الخدمات الرقمية,عام,القطاع العام,خدمة إلكترونية,2026/04/13,"36,222,595"
الخدمات الرقمية,عام,القطاع العام,خدمة إلكترونية,2026/04/13,"36,215,261"
الخدمات الرقمية,عام,القطاع العام,خدمة إلكترونية,2026/04/13,"36,218,329"
الخدمات الرقمية,عام,القطاع العام,خدمة إلكترونية,2026/04/13,"36,219,682"
الخدمات الرقمية,عام,القطاع العام,خدمة إلكترونية,2026/04/13,"36,220,778"
الخدمات الرقمية,عام,القطاع العام,خدمة إلكترونية,2026/04/13,"36,222,304"
الخدمات الرقمية,عام,القطاع العام,خدمة إلكترونية,2026/04/13,"36,222,504"
الخدمات الرقمية,عام,القطاع العام,خدمة إلكترونية,2026/04/13,"36,222,696"
الخدمات الرقمية,عام,القطاع العام,خدمة إلكترونية,2026/04/13,"36,222,810"
الخدمات الرقمية,عام,القطاع العام,خدمة إلكترونية,2026/04/13,"36,221,530"
الخدمات الرقمية,عام,القطاع العام,خدمة إلكترونية,2026/04/13,"36,221,509"
الخدمات الرقمية,عام,القطاع العام,خدمة إلكترونية,2026/04/13,"36,222,461"
الخدمات الرقمية,عام,القطاع العام,خدمة إلكترونية,2026/04/13,"36,217,848"
الخدمات الرقمية,عام,القطاع العام,خدمة إلكترونية,2026/04/13,"36,216,924"
الخدمات الرقمية,عام,القطاع العام,خدمة إلكترونية,2026/04/13,"36,220,541"
الخدمات الرقمية,عام,القطاع العام,خدمة إلكترونية,2026/04/13,"36,218,821"
الخدمات الرقمية,عام,القطاع العام,خدمة إلكترونية,2026/04/13,"36,222,268"
الخدمات الرقمية,عام,القطاع العام,خدمة إلكترونية,2026/04/13,"36,223,670"
الخدمات الرقمية,عام,القطاع العام,خدمة إلكترونية,2026/04/13,"36,222,742"
الخدمات الرقمية,عام,القطاع العام,خدمة إلكترونية,2026/04/13,"36,205,755"
الخدمات الرقمية,عام,القطاع العام,خدمة إلكترونية,2026/04/13,"36,218,529"
 المدينة المنوره,المدينة المنورة,القطاع الخاص,خدمة إلكترونية جزئيا,2026/04/14,"36,257,374"
 المدينة المنوره,المدينة المنورة,القطاع الخاص,خدمة إلكترونية جزئيا,2026/04/14,"36,257,734"
 المدينة المنوره,المدينة المنورة,القطاع الخاص,خدمة إلكترونية جزئيا,2026/04/14,"36,257,883"
 المدينة المنوره,المدينة المنورة,القطاع الخاص,خدمة إلكترونية جزئيا,2026/04/14,"36,257,518"
 المدينة المنوره,المدينة المنورة,القطاع الخاص,خدمة إلكترونية جزئيا,2026/04/14,"36,245,538"
 المدينة المنوره,المدينة المنورة,القطاع الخاص,خدمة إلكترونية جزئيا,2026/04/14,"36,244,146"
 المدينة المنوره,المدينة المنورة,القطاع الخاص,خدمة إلكترونية جزئيا,2026/04/14,"36,245,756"
 القصيم,البكيريه,القطاع الخاص,خدمة إلكترونية جزئيا,2026/04/14,"36,252,300"
 القصيم,البكيريه,القطاع الخاص,خدمة إلكترونية جزئيا,2026/04/14,"36,251,970"
 القصيم,البكيريه,القطاع الخاص,خدمة إلكترونية جزئيا,2026/04/14,"36,252,536"
 القصيم,البكيريه,القطاع الخاص,خدمة إلكترونية جزئيا,2026/04/14,"36,253,065"
 القصيم,البكيريه,القطاع الخاص,خدمة إلكترونية جزئيا,2026/04/14,"36,252,831"
 الشرقية,الخبر,القطاع الخاص,خدمة إلكترونية جزئيا,2026/04/14,"36,239,604"
 الشرقية,حفر الباطن,القطاع الخاص,خدمة إلكترونية جزئيا,2026/04/14,"36,256,459"
 الرياض,الخرج,القطاع الخاص,خدمة إلكترونية جزئيا,2026/04/14,"36,247,410"
 الشرقية,حفر الباطن,القطاع الخاص,خدمة إلكترونية جزئيا,2026/04/14,"36,255,978"
 الشرقية,حفر الباطن,القطاع الخاص,خدمة إلكترونية جزئيا,2026/04/14,"36,256,183"
 الرياض,الخرج,القطاع الخاص,خدمة إلكترونية جزئيا,2026/04/14,"36,245,221"
 الرياض,الخرج,القطاع الخاص,خدمة إلكترونية جزئيا,2026/04/14,"36,245,681"
 الشرقية,الاحساء,القطاع الخاص,خدمة إلكترونية جزئيا,2026/04/14,"36,254,454"
 الحدود الشمالية,عرعر,القطاع الخاص,خدمة إلكترونية جزئيا,2026/04/14,"36,254,913"
 الحدود الشمالية,عرعر,القطاع الخاص,خدمة إلكترونية جزئيا,2026/04/14,"36,255,415"
 الحدود الشمالية,عرعر,القطاع الخاص,خدمة إلكترونية جزئيا,2026/04/14,"36,255,233"
 مكة المكرمه,الطائف,القطاع الخاص,خدمة إلكترونية جزئيا,2026/04/14,"36,254,545"
 مكة المكرمه,الطائف,القطاع الخاص,خدمة إلكترونية جزئيا,2026/04/14,"36,244,383"
 مكة المكرمه,الطائف,القطاع الخاص,خدمة إلكترونية جزئيا,2026/04/14,"36,247,195"
 القصيم,بريده,القطاع الخاص,خدمة إلكترونية جزئيا,2026/04/14,"36,247,377"
 القصيم,بريده,القطاع الخاص,خدمة إلكترونية جزئيا,2026/04/14,"36,251,363"
 مكة المكرمه,جده,القطاع الخاص,خدمة إلكترونية جزئيا,2026/04/14,"36,239,952"
 مكة المكرمه,جده,القطاع الخاص,خدمة إلكترونية جزئيا,2026/04/14,"36,239,519"
 مكة المكرمه,جده,القطاع الخاص,خدمة إلكترونية جزئيا,2026/04/14,"36,238,967"
 مكة المكرمه,جده,القطاع الخاص,خدمة إلكترونية جزئيا,2026/04/14,"36,248,072"
 مكة المكرمه,جده,القطاع الخاص,خدمة إلكترونية جزئيا,2026/04/14,"36,246,708"
 مكة المكرمه,جده,القطاع الخاص,خدمة إلكترونية جزئيا,2026/04/14,"36,240,207"
 مكة المكرمه,جده,القطاع الخاص,خدمة إلكترونية جزئيا,2026/04/14,"36,250,157"
 مكة المكرمه,جده,القطاع الخاص,خدمة إلكترونية جزئيا,2026/04/14,"36,244,045"
 مكة المكرمه,جده,القطاع الخاص,خدمة إلكترونية جزئيا,2026/04/14,"36,241,629"
 مكة المكرمه,مكة المكرمة,القطاع الخاص,خدمة إلكترونية جزئيا,2026/04/14,"36,239,022"
 مكة المكرمه,مكة المكرمة,القطاع الخاص,خدمة إلكترونية جزئيا,2026/04/14,"36,245,105"
 مكة المكرمه,مكة المكرمة,القطاع الخاص,خدمة إلكترونية جزئيا,2026/04/14,"36,251,885"
 مكة المكرمه,مكة المكرمة,القطاع الخاص,خدمة إلكترونية جزئيا,2026/04/14,"36,251,092"
 مكة المكرمه,مكة المكرمة,القطاع الخاص,خدمة إلكترونية جزئيا,2026/04/14,"36,251,381"
 الرياض,الرياض,القطاع الخاص,خدمة إلكترونية جزئيا,2026/04/14,"36,243,015"
 الرياض,الرياض,القطاع الخاص,خدمة إلكترونية جزئيا,2026/04/14,"36,244,787"
 الرياض,الرياض,القطاع الخاص,خدمة إلكترونية جزئيا,2026/04/14,"36,242,738"
 الرياض,الرياض,القطاع الخاص,خدمة إلكترونية جزئيا,2026/04/14,"36,239,060"
 الرياض,الرياض,القطاع الخاص,خدمة إلكترونية جزئيا,2026/04/14,"36,248,196"
 الرياض,الرياض,القطاع الخاص,خدمة إلكترونية جزئيا,2026/04/14,"36,244,251"
 الرياض,الرياض,القطاع الخاص,خدمة إلكترونية جزئيا,2026/04/14,"36,242,875"
 الرياض,الرياض,القطاع الخاص,خدمة إلكترونية جزئيا,2026/04/14,"36,238,007"
 الرياض,الرياض,القطاع الخاص,خدمة إلكترونية جزئيا,2026/04/14,"36,247,120"
 الرياض,الرياض,القطاع الخاص,خدمة إلكترونية جزئيا,2026/04/14,"36,237,702"
 الرياض,الرياض,القطاع الخاص,خدمة إلكترونية جزئيا,2026/04/14,"36,238,358"
 الرياض,الرياض,القطاع الخاص,خدمة إلكترونية جزئيا,2026/04/14,"36,249,442"
 الرياض,الرياض,القطاع الخاص,خدمة إلكترونية جزئيا,2026/04/14,"36,244,687"
 الشرقية,الخبر,القطاع الخاص,خدمة إلكترونية جزئيا,2026/04/14,"36,239,985"
 مكة المكرمه,جده,القطاع الخاص,خدمة إلكترونية جزئيا,2026/04/14,"36,239,680"
 المدينة المنوره,المدينة المنورة,القطاع الخاص,خدمة إلكترونية جزئيا,2026/04/14,"36,246,709"
 مكة المكرمه,الطائف,القطاع الخاص,خدمة إلكترونية جزئيا,2026/04/14,"36,247,297"
 مكة المكرمه,جده,القطاع الخاص,خدمة إلكترونية جزئيا,2026/04/14,"36,239,203"
 القصيم,بريده,القطاع الخاص,خدمة إلكترونية جزئيا,2026/04/14,"36,247,615"
 المدينة المنوره,المدينة المنورة,القطاع الخاص,خدمة إلكترونية جزئيا,2026/04/14,"36,244,933"
 مكة المكرمه,جده,القطاع الخاص,خدمة إلكترونية جزئيا,2026/04/14,"36,242,138"
 مكة المكرمه,جده,القطاع الخاص,خدمة إلكترونية جزئيا,2026/04/14,"36,248,645"
 مكة المكرمه,الطائف,القطاع الخاص,خدمة إلكترونية جزئيا,2026/04/14,"36,255,119"
 الحدود الشمالية,عرعر,القطاع الخاص,خدمة إلكترونية جزئيا,2026/04/14,"36,255,443"
 المدينة المنوره,المدينة المنورة,القطاع الخاص,خدمة إلكترونية جزئيا,2026/04/14,"36,258,062"
 القصيم,بريده,القطاع الخاص,خدمة إلكترونية جزئيا,2026/04/14,"36,251,471"
 الشرقية,حفر الباطن,القطاع الخاص,خدمة إلكترونية جزئيا,2026/04/14,"36,256,662"
 القصيم,البكيريه,القطاع الخاص,خدمة إلكترونية جزئيا,2026/04/14,"36,253,342"
 الرياض,الخرج,القطاع الخاص,خدمة إلكترونية جزئيا,2026/04/14,"36,247,716"
 مكة المكرمه,مكة المكرمة,القطاع الخاص,خدمة إلكترونية جزئيا,2026/04/14,"36,252,097"
 مكة المكرمه,مكة المكرمة,القطاع الخاص,خدمة إلكترونية جزئيا,2026/04/14,"36,247,304"
 مكة المكرمه,مكة المكرمة,القطاع الخاص,خدمة إلكترونية جزئيا,2026/04/14,"36,239,677"
 الرياض,الرياض,القطاع الخاص,خدمة إلكترونية جزئيا,2026/04/14,"36,238,145"
 الرياض,الرياض,القطاع الخاص,خدمة إلكترونية جزئيا,2026/04/14,"36,244,129"
 الرياض,الرياض,القطاع الخاص,خدمة إلكترونية جزئيا,2026/04/14,"36,247,242"
 الرياض,الرياض,القطاع الخاص,خدمة إلكترونية جزئيا,2026/04/14,"36,237,997"
 الرياض,الرياض,القطاع الخاص,خدمة إلكترونية جزئيا,2026/04/14,"36,239,518"
 الرياض,الرياض,القطاع الخاص,خدمة إلكترونية جزئيا,2026/04/14,"36,248,600"
 الرياض,الرياض,القطاع الخاص,خدمة إلكترونية جزئيا,2026/04/14,"36,247,207"
 الرياض,الرياض,القطاع الخاص,خدمة إلكترونية جزئيا,2026/04/14,"36,249,617"
الخدمات الرقمية,عام,القطاع العام,خدمة إلكترونية,2026/04/14,"36,251,172"
الخدمات الرقمية,عام,القطاع العام,خدمة إلكترونية,2026/04/14,"36,251,620"
الخدمات الرقمية,عام,القطاع العام,خدمة إلكترونية,2026/04/14,"36,251,442"
الخدمات الرقمية,عام,القطاع العام,خدمة إلكترونية,2026/04/14,"36,254,094"
الخدمات الرقمية,عام,القطاع العام,خدمة إلكترونية,2026/04/14,"36,255,547"
الخدمات الرقمية,عام,القطاع العام,خدمة إلكترونية,2026/04/14,"36,234,692"
الخدمات الرقمية,عام,القطاع العام,خدمة إلكترونية,2026/04/14,"36,235,051"
الخدمات الرقمية,عام,القطاع العام,خدمة إلكترونية,2026/04/14,"36,237,078"
الخدمات الرقمية,عام,القطاع العام,خدمة إلكترونية,2026/04/14,"36,240,229"
الخدمات الرقمية,عام,القطاع العام,خدمة إلكترونية,2026/04/14,"36,239,925"
الخدمات الرقمية,عام,القطاع العام,خدمة إلكترونية,2026/04/14,"36,242,520"
الخدمات الرقمية,عام,القطاع العام,خدمة إلكترونية,2026/04/14,"36,247,608"
الخدمات الرقمية,عام,القطاع العام,خدمة إلكترونية,2026/04/14,"36,246,905"
الخدمات الرقمية,عام,القطاع العام,خدمة إلكترونية,2026/04/14,"36,247,479"
الخدمات الرقمية,عام,القطاع العام,خدمة إلكترونية,2026/04/14,"36,247,669"
الخدمات الرقمية,عام,القطاع العام,خدمة إلكترونية,2026/04/14,"36,244,309"
الخدمات الرقمية,عام,القطاع العام,خدمة إلكترونية,2026/04/14,"36,246,874"
الخدمات الرقمية,عام,القطاع العام,خدمة إلكترونية,2026/04/14,"36,243,522"
الخدمات الرقمية,عام,القطاع العام,خدمة إلكترونية,2026/04/14,"36,250,979"
الخدمات الرقمية,عام,القطاع العام,خدمة إلكترونية,2026/04/14,"36,251,100"
الخدمات الرقمية,عام,القطاع العام,خدمة إلكترونية,2026/04/14,"36,251,613"
الخدمات الرقمية,عام,القطاع العام,خدمة إلكترونية,2026/04/14,"36,253,076"
الخدمات الرقمية,عام,القطاع العام,خدمة إلكترونية,2026/04/14,"36,250,213"
الخدمات الرقمية,عام,القطاع العام,خدمة إلكترونية,2026/04/14,"36,255,983"
الخدمات الرقمية,عام,القطاع العام,خدمة إلكترونية,2026/04/14,"36,256,059"
الخدمات الرقمية,عام,القطاع العام,خدمة إلكترونية,2026/04/14,"36,256,347"
الخدمات الرقمية,عام,القطاع العام,خدمة إلكترونية,2026/04/14,"36,256,029"
الخدمات الرقمية,عام,القطاع العام,خدمة إلكترونية,2026/04/14,"36,255,726"
الخدمات الرقمية,عام,القطاع العام,خدمة إلكترونية,2026/04/14,"36,233,883"
الخدمات الرقمية,عام,القطاع العام,خدمة إلكترونية,2026/04/14,"36,231,147"
الخدمات الرقمية,عام,القطاع العام,خدمة إلكترونية,2026/04/14,"36,231,570"
الخدمات الرقمية,عام,القطاع العام,خدمة إلكترونية,2026/04/14,"36,234,488"
الخدمات الرقمية,عام,القطاع العام,خدمة إلكترونية,2026/04/14,"36,236,117"
الخدمات الرقمية,عام,القطاع العام,خدمة إلكترونية,2026/04/14,"36,236,854"
الخدمات الرقمية,عام,القطاع العام,خدمة إلكترونية,2026/04/14,"36,238,556"
الخدمات الرقمية,عام,القطاع العام,خدمة إلكترونية,2026/04/14,"36,236,362"
الخدمات الرقمية,عام,القطاع العام,خدمة إلكترونية,2026/04/14,"36,239,669"
الخدمات الرقمية,عام,القطاع العام,خدمة إلكترونية,2026/04/14,"36,242,595"
الخدمات الرقمية,عام,القطاع العام,خدمة إلكترونية,2026/04/14,"36,231,352"
الخدمات الرقمية,عام,القطاع العام,خدمة إلكترونية,2026/04/14,"36,242,342"
الخدمات الرقمية,عام,القطاع العام,خدمة إلكترونية,2026/04/14,"36,242,965"
الخدمات الرقمية,عام,القطاع العام,خدمة إلكترونية,2026/04/14,"36,240,724"
الخدمات الرقمية,عام,القطاع العام,خدمة إلكترونية,2026/04/14,"36,243,246"
الخدمات الرقمية,عام,القطاع العام,خدمة إلكترونية,2026/04/14,"36,245,087"
الخدمات الرقمية,عام,القطاع العام,خدمة إلكترونية,2026/04/14,"36,245,193"
الخدمات الرقمية,عام,القطاع العام,خدمة إلكترونية,2026/04/14,"36,245,106"
الخدمات الرقمية,عام,القطاع العام,خدمة إلكترونية,2026/04/14,"36,245,219"
الخدمات الرقمية,عام,القطاع العام,خدمة إلكترونية,2026/04/14,"36,247,415"
الخدمات الرقمية,عام,القطاع العام,خدمة إلكترونية,2026/04/14,"36,246,488"
الخدمات الرقمية,عام,القطاع العام,خدمة إلكترونية,2026/04/14,"36,247,819"
الخدمات الرقمية,عام,القطاع العام,خدمة إلكترونية,2026/04/14,"36,248,295"
الخدمات الرقمية,عام,القطاع العام,خدمة إلكترونية,2026/04/14,"36,249,734"
الخدمات الرقمية,عام,القطاع العام,خدمة إلكترونية,2026/04/14,"36,249,521"
الخدمات الرقمية,عام,القطاع العام,خدمة إلكترونية,2026/04/14,"36,249,732"
الخدمات الرقمية,عام,القطاع العام,خدمة إلكترونية,2026/04/14,"36,249,066"
الخدمات الرقمية,عام,القطاع العام,خدمة إلكترونية,2026/04/14,"36,247,206"
الخدمات الرقمية,عام,القطاع العام,خدمة إلكترونية,2026/04/14,"36,249,605"
الخدمات الرقمية,عام,القطاع العام,خدمة إلكترونية,2026/04/14,"36,249,320"
الخدمات الرقمية,عام,القطاع العام,خدمة إلكترونية,2026/04/14,"36,252,558"
الخدمات الرقمية,عام,القطاع العام,خدمة إلكترونية,2026/04/14,"36,249,312"
الخدمات الرقمية,عام,القطاع العام,خدمة إلكترونية,2026/04/14,"36,250,825"
الخدمات الرقمية,عام,القطاع العام,خدمة إلكترونية,2026/04/14,"36,252,263"
الخدمات الرقمية,عام,القطاع العام,خدمة إلكترونية,2026/04/14,"36,247,478"
الخدمات الرقمية,عام,القطاع العام,خدمة إلكترونية,2026/04/14,"36,254,353"
الخدمات الرقمية,عام,القطاع العام,خدمة إلكترونية,2026/04/14,"36,249,912"
الخدمات الرقمية,عام,القطاع العام,خدمة إلكترونية,2026/04/14,"36,258,768"
الخدمات الرقمية,عام,القطاع العام,خدمة إلكترونية,2026/04/14,"36,258,202"
 المدينة المنوره,المدينة المنورة,القطاع الخاص,خدمة إلكترونية جزئيا,2026/04/15,"36,268,919"
 المدينة المنوره,المدينة المنورة,القطاع الخاص,خدمة إلكترونية جزئيا,2026/04/15,"36,268,913"
 المدينة المنوره,المدينة المنورة,القطاع الخاص,خدمة إلكترونية جزئيا,2026/04/15,"36,283,086"
 المدينة المنوره,المدينة المنورة,القطاع الخاص,خدمة إلكترونية جزئيا,2026/04/15,"36,283,774"
 المدينة المنوره,المدينة المنورة,القطاع الخاص,خدمة إلكترونية جزئيا,2026/04/15,"36,283,000"
 المدينة المنوره,المدينة المنورة,القطاع الخاص,خدمة إلكترونية جزئيا,2026/04/15,"36,282,811"
 المدينة المنوره,المدينة المنورة,القطاع الخاص,خدمة إلكترونية جزئيا,2026/04/15,"36,282,736"
 المدينة المنوره,المدينة المنورة,القطاع الخاص,خدمة إلكترونية جزئيا,2026/04/15,"36,283,305"
 المدينة المنوره,المدينة المنورة,القطاع الخاص,خدمة إلكترونية جزئيا,2026/04/15,"36,283,313"
 المدينة المنوره,المدينة المنورة,القطاع الخاص,خدمة إلكترونية جزئيا,2026/04/15,"36,282,574"
 المدينة المنوره,المدينة المنورة,القطاع الخاص,خدمة إلكترونية جزئيا,2026/04/15,"36,283,201"
 المدينة المنوره,المدينة المنورة,القطاع الخاص,خدمة إلكترونية جزئيا,2026/04/15,"36,283,565"
 المدينة المنوره,المدينة المنورة,القطاع الخاص,خدمة إلكترونية جزئيا,2026/04/15,"36,283,249"
 الحدود الشمالية,عرعر,القطاع الخاص,خدمة إلكترونية جزئيا,2026/04/15,"36,281,698"
 مكة المكرمه,الطائف,القطاع الخاص,خدمة إلكترونية جزئيا,2026/04/15,"36,281,199"
 عسير,ابها,القطاع الخاص,خدمة إلكترونية جزئيا,2026/04/15,"36,282,570"
 حائل,حائل,القطاع الخاص,خدمة إلكترونية جزئيا,2026/04/15,"36,269,082"
 القصيم,بريده,القطاع الخاص,خدمة إلكترونية جزئيا,2026/04/15,"36,270,584"
 القصيم,بريده,القطاع الخاص,خدمة إلكترونية جزئيا,2026/04/15,"36,274,532"
 القصيم,بريده,القطاع الخاص,خدمة إلكترونية جزئيا,2026/04/15,"36,279,912"
 القصيم,بريده,القطاع الخاص,خدمة إلكترونية جزئيا,2026/04/15,"36,280,677"
 القصيم,بريده,القطاع الخاص,خدمة إلكترونية جزئيا,2026/04/15,"36,265,428"
 مكة المكرمه,جده,القطاع الخاص,خدمة إلكترونية جزئيا,2026/04/15,"36,267,600"
 مكة المكرمه,جده,القطاع الخاص,خدمة إلكترونية جزئيا,2026/04/15,"36,268,751"
 مكة المكرمه,جده,القطاع الخاص,خدمة إلكترونية جزئيا,2026/04/15,"36,282,379"
 الشرقية,الدمام,القطاع الخاص,خدمة إلكترونية جزئيا,2026/04/15,"36,265,224"
 الشرقية,الدمام,القطاع الخاص,خدمة إلكترونية جزئيا,2026/04/15,"36,268,585"
 مكة المكرمه,مكة المكرمة,القطاع الخاص,خدمة إلكترونية جزئيا,2026/04/15,"36,269,081"
 مكة المكرمه,مكة المكرمة,القطاع الخاص,خدمة إلكترونية جزئيا,2026/04/15,"36,280,335"
 مكة المكرمه,مكة المكرمة,القطاع الخاص,خدمة إلكترونية جزئيا,2026/04/15,"36,281,627"
 مكة المكرمه,مكة المكرمة,القطاع الخاص,خدمة إلكترونية جزئيا,2026/04/15,"36,278,040"
 الرياض,الرياض,القطاع الخاص,خدمة إلكترونية جزئيا,2026/04/15,"36,273,434"
 الرياض,الرياض,القطاع الخاص,خدمة إلكترونية جزئيا,2026/04/15,"36,267,000"
 الرياض,الرياض,القطاع الخاص,خدمة إلكترونية جزئيا,2026/04/15,"36,267,001"
 الرياض,الرياض,القطاع الخاص,خدمة إلكترونية جزئيا,2026/04/15,"36,279,763"
 الرياض,الرياض,القطاع الخاص,خدمة إلكترونية جزئيا,2026/04/15,"36,275,380"
 الرياض,الرياض,القطاع الخاص,خدمة إلكترونية جزئيا,2026/04/15,"36,280,440"
 الرياض,الرياض,القطاع الخاص,خدمة إلكترونية جزئيا,2026/04/15,"36,280,418"
 الرياض,الرياض,القطاع الخاص,خدمة إلكترونية جزئيا,2026/04/15,"36,280,400"
 الرياض,الرياض,القطاع الخاص,خدمة إلكترونية جزئيا,2026/04/15,"36,274,526"
 الرياض,الرياض,القطاع الخاص,خدمة إلكترونية جزئيا,2026/04/15,"36,265,214"
 الرياض,الرياض,القطاع الخاص,خدمة إلكترونية جزئيا,2026/04/15,"36,264,970"
 الرياض,الرياض,القطاع الخاص,خدمة إلكترونية جزئيا,2026/04/15,"36,274,705"
 الرياض,الرياض,القطاع الخاص,خدمة إلكترونية جزئيا,2026/04/15,"36,278,687"
الخدمات الرقمية,عام,القطاع العام,خدمة إلكترونية,2026/04/15,"36,278,131"
 الشرقية,الدمام,القطاع الخاص,خدمة إلكترونية جزئيا,2026/04/15,"36,265,276"
 عسير,ابها,القطاع الخاص,خدمة إلكترونية جزئيا,2026/04/15,"36,282,650"
 القصيم,بريده,القطاع الخاص,خدمة إلكترونية جزئيا,2026/04/15,"36,265,806"
 المدينة المنوره,المدينة المنورة,القطاع الخاص,خدمة إلكترونية جزئيا,2026/04/15,"36,282,649"
 المدينة المنوره,المدينة المنورة,القطاع الخاص,خدمة إلكترونية جزئيا,2026/04/15,"36,283,196"
 المدينة المنوره,المدينة المنورة,القطاع الخاص,خدمة إلكترونية جزئيا,2026/04/15,"36,269,214"
 المدينة المنوره,المدينة المنورة,القطاع الخاص,خدمة إلكترونية جزئيا,2026/04/15,"36,283,116"
 المدينة المنوره,المدينة المنورة,القطاع الخاص,خدمة إلكترونية جزئيا,2026/04/15,"36,283,346"
 المدينة المنوره,المدينة المنورة,القطاع الخاص,خدمة إلكترونية جزئيا,2026/04/15,"36,282,750"
 القصيم,بريده,القطاع الخاص,خدمة إلكترونية جزئيا,2026/04/15,"36,280,368"
 حائل,حائل,القطاع الخاص,خدمة إلكترونية جزئيا,2026/04/15,"36,269,815"
 المدينة المنوره,المدينة المنورة,القطاع الخاص,خدمة إلكترونية جزئيا,2026/04/15,"36,283,036"
 مكة المكرمه,الطائف,القطاع الخاص,خدمة إلكترونية جزئيا,2026/04/15,"36,281,342"
 الشرقية,الدمام,القطاع الخاص,خدمة إلكترونية جزئيا,2026/04/15,"36,268,912"
 مكة المكرمه,جده,القطاع الخاص,خدمة إلكترونية جزئيا,2026/04/15,"36,282,615"
 المدينة المنوره,المدينة المنورة,القطاع الخاص,خدمة إلكترونية جزئيا,2026/04/15,"36,283,570"
 الحدود الشمالية,عرعر,القطاع الخاص,خدمة إلكترونية جزئيا,2026/04/15,"36,281,825"
 المدينة المنوره,المدينة المنورة,القطاع الخاص,خدمة إلكترونية جزئيا,2026/04/15,"36,282,869"
 المدينة المنوره,المدينة المنورة,القطاع الخاص,خدمة إلكترونية جزئيا,2026/04/15,"36,283,785"
 مكة المكرمه,جده,القطاع الخاص,خدمة إلكترونية جزئيا,2026/04/15,"36,269,948"
 مكة المكرمه,مكة المكرمة,القطاع الخاص,خدمة إلكترونية جزئيا,2026/04/15,"36,269,208"
 مكة المكرمه,مكة المكرمة,القطاع الخاص,خدمة إلكترونية جزئيا,2026/04/15,"36,277,908"
 مكة المكرمه,مكة المكرمة,القطاع الخاص,خدمة إلكترونية جزئيا,2026/04/15,"36,280,537"
 مكة المكرمه,مكة المكرمة,القطاع الخاص,خدمة إلكترونية جزئيا,2026/04/15,"36,281,861"
 الرياض,الرياض,القطاع الخاص,خدمة إلكترونية جزئيا,2026/04/15,"36,265,040"
 الرياض,الرياض,القطاع الخاص,خدمة إلكترونية جزئيا,2026/04/15,"36,265,237"
 الرياض,الرياض,القطاع الخاص,خدمة إلكترونية جزئيا,2026/04/15,"36,267,309"
 الرياض,الرياض,القطاع الخاص,خدمة إلكترونية جزئيا,2026/04/15,"36,280,524"
 الرياض,الرياض,القطاع الخاص,خدمة إلكترونية جزئيا,2026/04/15,"36,275,200"
 الرياض,الرياض,القطاع الخاص,خدمة إلكترونية جزئيا,2026/04/15,"36,273,499"
 الرياض,الرياض,القطاع الخاص,خدمة إلكترونية جزئيا,2026/04/15,"36,278,850"
 الرياض,الرياض,القطاع الخاص,خدمة إلكترونية جزئيا,2026/04/15,"36,274,675"
 الرياض,الرياض,القطاع الخاص,خدمة إلكترونية جزئيا,2026/04/15,"36,267,013"
 الرياض,الرياض,القطاع الخاص,خدمة إلكترونية جزئيا,2026/04/15,"36,279,938"
 الرياض,الرياض,القطاع الخاص,خدمة إلكترونية جزئيا,2026/04/15,"36,274,053"
الخدمات الرقمية,عام,القطاع العام,خدمة إلكترونية,2026/04/15,"36,264,484"
الخدمات الرقمية,عام,القطاع العام,خدمة إلكترونية,2026/04/15,"36,264,249"
الخدمات الرقمية,عام,القطاع العام,خدمة إلكترونية,2026/04/15,"36,265,492"
الخدمات الرقمية,عام,القطاع العام,خدمة إلكترونية,2026/04/15,"36,265,028"
الخدمات الرقمية,عام,القطاع العام,خدمة إلكترونية,2026/04/15,"36,264,996"
الخدمات الرقمية,عام,القطاع العام,خدمة إلكترونية,2026/04/15,"36,268,543"
الخدمات الرقمية,عام,القطاع العام,خدمة إلكترونية,2026/04/15,"36,268,981"
الخدمات الرقمية,عام,القطاع العام,خدمة إلكترونية,2026/04/15,"36,269,665"
الخدمات الرقمية,عام,القطاع العام,خدمة إلكترونية,2026/04/15,"36,275,651"
الخدمات الرقمية,عام,القطاع العام,خدمة إلكترونية,2026/04/15,"36,275,325"
الخدمات الرقمية,عام,القطاع العام,خدمة إلكترونية,2026/04/15,"36,276,119"
الخدمات الرقمية,عام,القطاع العام,خدمة إلكترونية,2026/04/15,"36,278,022"
الخدمات الرقمية,عام,القطاع العام,خدمة إلكترونية,2026/04/15,"36,279,754"
الخدمات الرقمية,عام,القطاع العام,خدمة إلكترونية,2026/04/15,"36,267,423"
الخدمات الرقمية,عام,القطاع العام,خدمة إلكترونية,2026/04/15,"36,274,665"
الخدمات الرقمية,عام,القطاع العام,خدمة إلكترونية,2026/04/15,"36,275,132"
الخدمات الرقمية,عام,القطاع العام,خدمة إلكترونية,2026/04/15,"36,280,639"
الخدمات الرقمية,عام,القطاع العام,خدمة إلكترونية,2026/04/15,"36,271,880"
الخدمات الرقمية,عام,القطاع العام,خدمة إلكترونية,2026/04/15,"36,275,360"
الخدمات الرقمية,عام,القطاع العام,خدمة إلكترونية,2026/04/15,"36,275,395"
الخدمات الرقمية,عام,القطاع العام,خدمة إلكترونية,2026/04/15,"36,280,013"
الخدمات الرقمية,عام,القطاع العام,خدمة إلكترونية,2026/04/15,"36,280,364"
الخدمات الرقمية,عام,القطاع العام,خدمة إلكترونية,2026/04/15,"36,273,656"
الخدمات الرقمية,عام,القطاع العام,خدمة إلكترونية,2026/04/15,"36,274,313"
الخدمات الرقمية,عام,القطاع العام,خدمة إلكترونية,2026/04/15,"36,281,952"
الخدمات الرقمية,عام,القطاع العام,خدمة إلكترونية,2026/04/15,"36,270,946"
الخدمات الرقمية,عام,القطاع العام,خدمة إلكترونية,2026/04/15,"36,273,133"
الخدمات الرقمية,عام,القطاع العام,خدمة إلكترونية,2026/04/15,"36,275,833"
الخدمات الرقمية,عام,القطاع العام,خدمة إلكترونية,2026/04/15,"36,273,590"
الخدمات الرقمية,عام,القطاع العام,خدمة إلكترونية,2026/04/15,"36,273,578"
الخدمات الرقمية,عام,القطاع العام,خدمة إلكترونية,2026/04/15,"36,282,617"
الخدمات الرقمية,عام,القطاع العام,خدمة إلكترونية,2026/04/15,"36,273,293"
الخدمات الرقمية,عام,القطاع العام,خدمة إلكترونية,2026/04/15,"36,278,190"
الخدمات الرقمية,عام,القطاع العام,خدمة إلكترونية,2026/04/15,"36,268,361"
الخدمات الرقمية,عام,القطاع العام,خدمة إلكترونية,2026/04/15,"36,279,794"
الخدمات الرقمية,عام,القطاع العام,خدمة إلكترونية,2026/04/15,"36,272,276"
الخدمات الرقمية,عام,القطاع العام,خدمة إلكترونية,2026/04/15,"36,276,724"
الخدمات الرقمية,عام,القطاع العام,خدمة إلكترونية,2026/04/15,"36,276,787"
الخدمات الرقمية,عام,القطاع العام,خدمة إلكترونية,2026/04/15,"36,279,527"
الخدمات الرقمية,عام,القطاع العام,خدمة إلكترونية,2026/04/15,"36,276,993"
الخدمات الرقمية,عام,القطاع العام,خدمة إلكترونية,2026/04/15,"36,263,093"
الخدمات الرقمية,عام,القطاع العام,خدمة إلكترونية,2026/04/15,"36,263,907"
الخدمات الرقمية,عام,القطاع العام,خدمة إلكترونية,2026/04/15,"36,263,833"
الخدمات الرقمية,عام,القطاع العام,خدمة إلكترونية,2026/04/15,"36,263,964"
الخدمات الرقمية,عام,القطاع العام,خدمة إلكترونية,2026/04/15,"36,266,409"
الخدمات الرقمية,عام,القطاع العام,خدمة إلكترونية,2026/04/15,"36,285,520"
الخدمات الرقمية,عام,القطاع العام,خدمة إلكترونية,2026/04/15,"36,275,036"
الخدمات الرقمية,عام,القطاع العام,خدمة إلكترونية,2026/04/15,"36,273,257"
الخدمات الرقمية,عام,القطاع العام,خدمة إلكترونية,2026/04/15,"36,266,928"
الخدمات الرقمية,عام,القطاع العام,خدمة إلكترونية,2026/04/15,"36,277,583"
الخدمات الرقمية,عام,القطاع العام,خدمة إلكترونية,2026/04/15,"36,280,498"
الخدمات الرقمية,عام,القطاع العام,خدمة إلكترونية,2026/04/15,"36,280,614"
الخدمات الرقمية,عام,القطاع العام,خدمة إلكترونية,2026/04/15,"36,274,432"
الخدمات الرقمية,عام,القطاع العام,خدمة إلكترونية,2026/04/15,"36,279,923"
الخدمات الرقمية,عام,القطاع العام,خدمة إلكترونية,2026/04/15,"36,280,264"
الخدمات الرقمية,عام,القطاع العام,خدمة إلكترونية,2026/04/15,"36,280,052"
الخدمات الرقمية,عام,القطاع العام,خدمة إلكترونية,2026/04/15,"36,285,654"
الخدمات الرقمية,عام,القطاع العام,خدمة إلكترونية,2026/04/15,"36,268,565"
الخدمات الرقمية,عام,القطاع العام,خدمة إلكترونية,2026/04/15,"36,278,852"
الخدمات الرقمية,عام,القطاع العام,خدمة إلكترونية,2026/04/15,"36,276,150"
الخدمات الرقمية,عام,القطاع العام,خدمة إلكترونية,2026/04/15,"36,279,902"
الخدمات الرقمية,عام,القطاع العام,خدمة إلكترونية,2026/04/15,"36,268,534"
الخدمات الرقمية,عام,القطاع العام,خدمة إلكترونية,2026/04/15,"36,279,980"
الخدمات الرقمية,عام,القطاع العام,خدمة إلكترونية,2026/04/15,"36,262,905"
الخدمات الرقمية,عام,القطاع العام,خدمة إلكترونية,2026/04/15,"36,266,546"
الخدمات الرقمية,عام,القطاع العام,خدمة إلكترونية,2026/04/15,"36,272,823"
الخدمات الرقمية,عام,القطاع العام,خدمة إلكترونية,2026/04/15,"36,275,151"
الخدمات الرقمية,عام,القطاع العام,خدمة إلكترونية,2026/04/15,"36,275,217"
الخدمات الرقمية,عام,القطاع العام,خدمة إلكترونية,2026/04/15,"36,278,047"
الخدمات الرقمية,عام,القطاع العام,خدمة إلكترونية,2026/04/15,"36,280,926"
الخدمات الرقمية,عام,القطاع العام,خدمة إلكترونية,2026/04/15,"36,268,627"
الخدمات الرقمية,عام,القطاع العام,خدمة إلكترونية,2026/04/15,"36,273,724"
الخدمات الرقمية,عام,القطاع العام,خدمة إلكترونية,2026/04/15,"36,278,424"
الخدمات الرقمية,عام,القطاع العام,خدمة إلكترونية,2026/04/15,"36,279,846"
الخدمات الرقمية,عام,القطاع العام,خدمة إلكترونية,2026/04/15,"36,272,405"
الخدمات الرقمية,عام,القطاع العام,خدمة إلكترونية,2026/04/15,"36,279,866"
الخدمات الرقمية,عام,القطاع العام,خدمة إلكترونية,2026/04/15,"36,281,099"
الخدمات الرقمية,عام,القطاع العام,خدمة إلكترونية,2026/04/15,"36,272,092"
الخدمات الرقمية,عام,القطاع العام,خدمة إلكترونية,2026/04/15,"36,280,215"
الخدمات الرقمية,عام,القطاع العام,خدمة إلكترونية,2026/04/15,"36,272,237"
الخدمات الرقمية,عام,القطاع العام,خدمة إلكترونية,2026/04/15,"36,274,677"
الخدمات الرقمية,عام,القطاع العام,خدمة إلكترونية,2026/04/15,"36,279,971"
الخدمات الرقمية,عام,القطاع العام,خدمة إلكترونية,2026/04/15,"36,276,858"
الخدمات الرقمية,عام,القطاع العام,خدمة إلكترونية,2026/04/15,"36,279,497"
الخدمات الرقمية,عام,القطاع العام,خدمة إلكترونية,2026/04/15,"36,271,473"
الخدمات الرقمية,عام,القطاع العام,خدمة إلكترونية,2026/04/15,"36,280,994"
الخدمات الرقمية,عام,القطاع العام,خدمة إلكترونية,2026/04/15,"36,275,612"
الخدمات الرقمية,عام,القطاع العام,خدمة إلكترونية,2026/04/15,"36,279,167"
 المدينة المنوره,المدينة المنورة,القطاع الخاص,خدمة إلكترونية جزئيا,2026/04/16,"36,300,618"
 المدينة المنوره,المدينة المنورة,القطاع الخاص,خدمة إلكترونية جزئيا,2026/04/16,"36,300,367"
 المدينة المنوره,المدينة المنورة,القطاع الخاص,خدمة إلكترونية جزئيا,2026/04/16,"36,300,032"
 المدينة المنوره,المدينة المنورة,القطاع الخاص,خدمة إلكترونية جزئيا,2026/04/16,"36,299,338"
 المدينة المنوره,المدينة المنورة,القطاع الخاص,خدمة إلكترونية جزئيا,2026/04/16,"36,308,955"
 المدينة المنوره,المدينة المنورة,القطاع الخاص,خدمة إلكترونية جزئيا,2026/04/16,"36,308,551"
 المدينة المنوره,المدينة المنورة,القطاع الخاص,خدمة إلكترونية جزئيا,2026/04/16,"36,308,827"
 المدينة المنوره,المدينة المنورة,القطاع الخاص,خدمة إلكترونية جزئيا,2026/04/16,"36,306,212"
 المدينة المنوره,المدينة المنورة,القطاع الخاص,خدمة إلكترونية جزئيا,2026/04/16,"36,309,624"
 جازان,جيزان,القطاع الخاص,خدمة إلكترونية جزئيا,2026/04/16,"36,311,683"
 عسير,بيشه,القطاع الخاص,خدمة إلكترونية جزئيا,2026/04/16,"36,298,329"
 عسير,بيشه,القطاع الخاص,خدمة إلكترونية جزئيا,2026/04/16,"36,298,131"
 عسير,بيشه,القطاع الخاص,خدمة إلكترونية جزئيا,2026/04/16,"36,296,839"
 عسير,بيشه,القطاع الخاص,خدمة إلكترونية جزئيا,2026/04/16,"36,298,810"
 الشرقية,القطيف,القطاع الخاص,خدمة إلكترونية جزئيا,2026/04/16,"36,305,884"
 الحدود الشمالية,عرعر,القطاع الخاص,خدمة إلكترونية جزئيا,2026/04/16,"36,307,080"
 مكة المكرمه,الطائف,القطاع الخاص,خدمة إلكترونية جزئيا,2026/04/16,"36,295,210"
 مكة المكرمه,الطائف,القطاع الخاص,خدمة إلكترونية جزئيا,2026/04/16,"36,295,584"
 الشرقية,الدمام,القطاع الخاص,خدمة إلكترونية جزئيا,2026/04/16,"36,291,878"
 الشرقية,الدمام,القطاع الخاص,خدمة إلكترونية جزئيا,2026/04/16,"36,296,293"
 مكة المكرمه,مكة المكرمة,القطاع الخاص,خدمة إلكترونية جزئيا,2026/04/16,"36,299,130"
 مكة المكرمه,مكة المكرمة,القطاع الخاص,خدمة إلكترونية جزئيا,2026/04/16,"36,297,240"
 مكة المكرمه,مكة المكرمة,القطاع الخاص,خدمة إلكترونية جزئيا,2026/04/16,"36,294,627"
 مكة المكرمه,مكة المكرمة,القطاع الخاص,خدمة إلكترونية جزئيا,2026/04/16,"36,303,892"
 مكة المكرمه,مكة المكرمة,القطاع الخاص,خدمة إلكترونية جزئيا,2026/04/16,"36,304,513"
 مكة المكرمه,مكة المكرمة,القطاع الخاص,خدمة إلكترونية جزئيا,2026/04/16,"36,304,542"
 مكة المكرمه,مكة المكرمة,القطاع الخاص,خدمة إلكترونية جزئيا,2026/04/16,"36,303,857"
 الرياض,الرياض,القطاع الخاص,خدمة إلكترونية جزئيا,2026/04/16,"36,292,859"
 الرياض,الرياض,القطاع الخاص,خدمة إلكترونية جزئيا,2026/04/16,"36,292,892"
 الرياض,الرياض,القطاع الخاص,خدمة إلكترونية جزئيا,2026/04/16,"36,295,125"
 الرياض,الرياض,القطاع الخاص,خدمة إلكترونية جزئيا,2026/04/16,"36,302,107"
 الرياض,الرياض,القطاع الخاص,خدمة إلكترونية جزئيا,2026/04/16,"36,300,998"
 الرياض,الرياض,القطاع الخاص,خدمة إلكترونية جزئيا,2026/04/16,"36,300,220"
 الرياض,الرياض,القطاع الخاص,خدمة إلكترونية جزئيا,2026/04/16,"36,296,856"
 الرياض,الرياض,القطاع الخاص,خدمة إلكترونية جزئيا,2026/04/16,"36,298,321"
 الرياض,الرياض,القطاع الخاص,خدمة إلكترونية جزئيا,2026/04/16,"36,290,847"
 الرياض,الرياض,القطاع الخاص,خدمة إلكترونية جزئيا,2026/04/16,"36,293,068"
 الرياض,الرياض,القطاع الخاص,خدمة إلكترونية جزئيا,2026/04/16,"36,291,454"
الخدمات الرقمية,كتابة عدل مدمجة - افتراضية,القطاع العام,خدمة إلكترونية جزئيا,2026/04/16,"36,292,140"
الخدمات الرقمية,عام,القطاع العام,خدمة إلكترونية,2026/04/16,"36,301,548"
 المدينة المنوره,المدينة المنورة,القطاع الخاص,خدمة إلكترونية جزئيا,2026/04/16,"36,309,701"
 الشرقية,الدمام,القطاع الخاص,خدمة إلكترونية جزئيا,2026/04/16,"36,292,067"
 المدينة المنوره,المدينة المنورة,القطاع الخاص,خدمة إلكترونية جزئيا,2026/04/16,"36,306,343"
 الشرقية,القطيف,القطاع الخاص,خدمة إلكترونية جزئيا,2026/04/16,"36,306,043"
 مكة المكرمه,الطائف,القطاع الخاص,خدمة إلكترونية جزئيا,2026/04/16,"36,295,880"
 عسير,بيشه,القطاع الخاص,خدمة إلكترونية جزئيا,2026/04/16,"36,298,917"
 المدينة المنوره,المدينة المنورة,القطاع الخاص,خدمة إلكترونية جزئيا,2026/04/16,"36,299,578"
 المدينة المنوره,المدينة المنورة,القطاع الخاص,خدمة إلكترونية جزئيا,2026/04/16,"36,300,483"
 مكة المكرمه,الطائف,القطاع الخاص,خدمة إلكترونية جزئيا,2026/04/16,"36,295,758"
 المدينة المنوره,المدينة المنورة,القطاع الخاص,خدمة إلكترونية جزئيا,2026/04/16,"36,300,938"
 المدينة المنوره,المدينة المنورة,القطاع الخاص,خدمة إلكترونية جزئيا,2026/04/16,"36,300,152"
 الحدود الشمالية,عرعر,القطاع الخاص,خدمة إلكترونية جزئيا,2026/04/16,"36,307,188"
 مكة المكرمه,مكة المكرمة,القطاع الخاص,خدمة إلكترونية جزئيا,2026/04/16,"36,295,572"
 مكة المكرمه,مكة المكرمة,القطاع الخاص,خدمة إلكترونية جزئيا,2026/04/16,"36,304,028"
 مكة المكرمه,مكة المكرمة,القطاع الخاص,خدمة إلكترونية جزئيا,2026/04/16,"36,304,623"
 مكة المكرمه,مكة المكرمة,القطاع الخاص,خدمة إلكترونية جزئيا,2026/04/16,"36,304,270"
 مكة المكرمه,مكة المكرمة,القطاع الخاص,خدمة إلكترونية جزئيا,2026/04/16,"36,303,680"
 الرياض,الرياض,القطاع الخاص,خدمة إلكترونية جزئيا,2026/04/16,"36,290,903"
 الرياض,الرياض,القطاع الخاص,خدمة إلكترونية جزئيا,2026/04/16,"36,298,371"
 الرياض,الرياض,القطاع الخاص,خدمة إلكترونية جزئيا,2026/04/16,"36,293,166"
 الرياض,الرياض,القطاع الخاص,خدمة إلكترونية جزئيا,2026/04/16,"36,295,230"
 الرياض,الرياض,القطاع الخاص,خدمة إلكترونية جزئيا,2026/04/16,"36,292,969"
 الرياض,الرياض,القطاع الخاص,خدمة إلكترونية جزئيا,2026/04/16,"36,291,514"
الخدمات الرقمية,عام,القطاع العام,خدمة إلكترونية,2026/04/16,"36,303,604"
الخدمات الرقمية,عام,القطاع العام,خدمة إلكترونية,2026/04/16,"36,290,189"
الخدمات الرقمية,عام,القطاع العام,خدمة إلكترونية,2026/04/16,"36,304,264"
الخدمات الرقمية,عام,القطاع العام,خدمة إلكترونية,2026/04/16,"36,304,735"
الخدمات الرقمية,عام,القطاع العام,خدمة إلكترونية,2026/04/16,"36,304,746"
الخدمات الرقمية,عام,القطاع العام,خدمة إلكترونية,2026/04/16,"36,304,555"
الخدمات الرقمية,عام,القطاع العام,خدمة إلكترونية,2026/04/16,"36,306,350"
الخدمات الرقمية,عام,القطاع العام,خدمة إلكترونية,2026/04/16,"36,304,599"
الخدمات الرقمية,عام,القطاع العام,خدمة إلكترونية,2026/04/16,"36,305,577"
الخدمات الرقمية,عام,القطاع العام,خدمة إلكترونية,2026/04/16,"36,304,900"
الخدمات الرقمية,عام,القطاع العام,خدمة إلكترونية,2026/04/16,"36,305,374"
الخدمات الرقمية,عام,القطاع العام,خدمة إلكترونية,2026/04/16,"36,296,467"
الخدمات الرقمية,عام,القطاع العام,خدمة إلكترونية,2026/04/16,"36,302,263"
الخدمات الرقمية,عام,القطاع العام,خدمة إلكترونية,2026/04/16,"36,290,541"
الخدمات الرقمية,عام,القطاع العام,خدمة إلكترونية,2026/04/16,"36,298,960"
الخدمات الرقمية,عام,القطاع العام,خدمة إلكترونية,2026/04/16,"36,304,159"
الخدمات الرقمية,عام,القطاع العام,خدمة إلكترونية,2026/04/16,"36,297,904"
الخدمات الرقمية,عام,القطاع العام,خدمة إلكترونية,2026/04/16,"36,301,788"
الخدمات الرقمية,عام,القطاع العام,خدمة إلكترونية,2026/04/16,"36,290,254"
الخدمات الرقمية,عام,القطاع العام,خدمة إلكترونية,2026/04/16,"36,301,861"
الخدمات الرقمية,عام,القطاع العام,خدمة إلكترونية,2026/04/16,"36,301,294"
الخدمات الرقمية,عام,القطاع العام,خدمة إلكترونية,2026/04/16,"36,301,386"
الخدمات الرقمية,عام,القطاع العام,خدمة إلكترونية,2026/04/16,"36,292,649"
الخدمات الرقمية,عام,القطاع العام,خدمة إلكترونية,2026/04/16,"36,300,101"
الخدمات الرقمية,عام,القطاع العام,خدمة إلكترونية,2026/04/16,"36,301,474"
الخدمات الرقمية,عام,القطاع العام,خدمة إلكترونية,2026/04/16,"36,292,361"
الخدمات الرقمية,عام,القطاع العام,خدمة إلكترونية,2026/04/16,"36,295,500"
الخدمات الرقمية,عام,القطاع العام,خدمة إلكترونية,2026/04/16,"36,303,698"
الخدمات الرقمية,عام,القطاع العام,خدمة إلكترونية,2026/04/16,"36,303,160"
الخدمات الرقمية,عام,القطاع العام,خدمة إلكترونية,2026/04/16,"36,291,621"
الخدمات الرقمية,عام,القطاع العام,خدمة إلكترونية,2026/04/16,"36,295,652"
الخدمات الرقمية,عام,القطاع العام,خدمة إلكترونية,2026/04/16,"36,304,576"
الخدمات الرقمية,عام,القطاع العام,خدمة إلكترونية,2026/04/16,"36,307,018"
الخدمات الرقمية,عام,القطاع العام,خدمة إلكترونية,2026/04/16,"36,307,245"
الخدمات الرقمية,عام,القطاع العام,خدمة إلكترونية,2026/04/16,"36,306,187"
الخدمات الرقمية,عام,القطاع العام,خدمة إلكترونية,2026/04/16,"36,309,062"
الخدمات الرقمية,عام,القطاع العام,خدمة إلكترونية,2026/04/16,"36,307,781"
الخدمات الرقمية,عام,القطاع العام,خدمة إلكترونية,2026/04/16,"36,307,602"
الخدمات الرقمية,عام,القطاع العام,خدمة إلكترونية,2026/04/16,"36,308,969"
الخدمات الرقمية,عام,القطاع العام,خدمة إلكترونية,2026/04/16,"36,306,649"
الخدمات الرقمية,عام,القطاع العام,خدمة إلكترونية,2026/04/16,"36,305,958"
الخدمات الرقمية,عام,القطاع العام,خدمة إلكترونية,2026/04/16,"36,307,619"
الخدمات الرقمية,عام,القطاع العام,خدمة إلكترونية,2026/04/16,"36,307,027"
الخدمات الرقمية,عام,القطاع العام,خدمة إلكترونية,2026/04/16,"36,307,135"
الخدمات الرقمية,عام,القطاع العام,خدمة إلكترونية,2026/04/16,"36,305,255"
الخدمات الرقمية,عام,القطاع العام,خدمة إلكترونية,2026/04/16,"36,309,355"
الخدمات الرقمية,عام,القطاع العام,خدمة إلكترونية,2026/04/16,"36,308,240"
الخدمات الرقمية,عام,القطاع العام,خدمة إلكترونية,2026/04/16,"36,307,380"
الخدمات الرقمية,عام,القطاع العام,خدمة إلكترونية,2026/04/16,"36,306,324"
الخدمات الرقمية,عام,القطاع العام,خدمة إلكترونية,2026/04/16,"36,307,920"
الخدمات الرقمية,عام,القطاع العام,خدمة إلكترونية,2026/04/16,"36,309,219"
الخدمات الرقمية,عام,القطاع العام,خدمة إلكترونية,2026/04/16,"36,307,941"
الخدمات الرقمية,عام,القطاع العام,خدمة إلكترونية,2026/04/16,"36,308,468"
الخدمات الرقمية,عام,القطاع العام,خدمة إلكترونية,2026/04/16,"36,306,477"
الخدمات الرقمية,عام,القطاع العام,خدمة إلكترونية,2026/04/16,"36,308,071"
الخدمات الرقمية,عام,القطاع العام,خدمة إلكترونية,2026/04/16,"36,306,287"
الخدمات الرقمية,عام,القطاع العام,خدمة إلكترونية,2026/04/16,"36,307,286"
الخدمات الرقمية,عام,القطاع العام,خدمة إلكترونية,2026/04/16,"36,308,008"
الخدمات الرقمية,عام,القطاع العام,خدمة إلكترونية,2026/04/16,"36,305,365"
الخدمات الرقمية,عام,القطاع العام,خدمة إلكترونية,2026/04/16,"36,307,692"
الخدمات الرقمية,عام,القطاع العام,خدمة إلكترونية,2026/04/16,"36,306,229"
الخدمات الرقمية,عام,القطاع العام,خدمة إلكترونية,2026/04/16,"36,309,384"
الخدمات الرقمية,عام,القطاع العام,خدمة إلكترونية,2026/04/16,"36,309,433"
الخدمات الرقمية,عام,القطاع العام,خدمة إلكترونية,2026/04/16,"36,312,744"
الخدمات الرقمية,عام,القطاع العام,خدمة إلكترونية,2026/04/16,"36,298,193"
الخدمات الرقمية,عام,القطاع العام,خدمة إلكترونية,2026/04/16,"36,304,054"
الخدمات الرقمية,عام,القطاع العام,خدمة إلكترونية,2026/04/16,"36,302,430"
الخدمات الرقمية,عام,القطاع العام,خدمة إلكترونية,2026/04/16,"36,303,519"
الخدمات الرقمية,عام,القطاع العام,خدمة إلكترونية,2026/04/16,"36,300,346"
الخدمات الرقمية,عام,القطاع العام,خدمة إلكترونية,2026/04/16,"36,302,688"
الخدمات الرقمية,عام,القطاع العام,خدمة إلكترونية,2026/04/16,"36,293,517"
الخدمات الرقمية,عام,القطاع العام,خدمة إلكترونية,2026/04/16,"36,303,598"
الخدمات الرقمية,عام,القطاع العام,خدمة إلكترونية,2026/04/16,"36,297,646"
الخدمات الرقمية,عام,القطاع العام,خدمة إلكترونية,2026/04/16,"36,302,294"
الخدمات الرقمية,عام,القطاع العام,خدمة إلكترونية,2026/04/16,"36,295,925"
الخدمات الرقمية,عام,القطاع العام,خدمة إلكترونية,2026/04/16,"36,303,523"
الخدمات الرقمية,عام,القطاع العام,خدمة إلكترونية,2026/04/16,"36,299,841"
الخدمات الرقمية,عام,القطاع العام,خدمة إلكترونية,2026/04/16,"36,299,555"
الخدمات الرقمية,عام,القطاع العام,خدمة إلكترونية,2026/04/16,"36,300,422"
الخدمات الرقمية,عام,القطاع العام,خدمة إلكترونية,2026/04/16,"36,301,107"
الخدمات الرقمية,عام,القطاع العام,خدمة إلكترونية,2026/04/16,"36,299,442"
الخدمات الرقمية,عام,القطاع العام,خدمة إلكترونية,2026/04/16,"36,299,124"
الخدمات الرقمية,عام,القطاع العام,خدمة إلكترونية,2026/04/16,"36,304,619"
الخدمات الرقمية,عام,القطاع العام,خدمة إلكترونية,2026/04/16,"36,307,598"
الخدمات الرقمية,عام,القطاع العام,خدمة إلكترونية,2026/04/16,"36,304,893"
الخدمات الرقمية,عام,القطاع العام,خدمة إلكترونية,2026/04/16,"36,305,072"
الخدمات الرقمية,عام,القطاع العام,خدمة إلكترونية,2026/04/16,"36,305,254"
الخدمات الرقمية,عام,القطاع العام,خدمة إلكترونية,2026/04/16,"36,305,357"
الخدمات الرقمية,عام,القطاع العام,خدمة إلكترونية,2026/04/16,"36,305,610"
الخدمات الرقمية,عام,القطاع العام,خدمة إلكترونية,2026/04/16,"36,304,561"
الخدمات الرقمية,عام,القطاع العام,خدمة إلكترونية,2026/04/16,"36,304,690"
الخدمات الرقمية,عام,القطاع العام,خدمة إلكترونية,2026/04/16,"36,305,224"
الخدمات الرقمية,عام,القطاع العام,خدمة إلكترونية,2026/04/16,"36,304,547"
الخدمات الرقمية,عام,القطاع العام,خدمة إلكترونية,2026/04/17,"36,315,864"
 نجران,نجران,القطاع الخاص,خدمة إلكترونية جزئيا,2026/04/17,"36,321,651"
 نجران,نجران,القطاع الخاص,خدمة إلكترونية جزئيا,2026/04/17,"36,321,602"
 نجران,نجران,القطاع الخاص,خدمة إلكترونية جزئيا,2026/04/17,"36,321,660"
 الحدود الشمالية,عرعر,القطاع الخاص,خدمة إلكترونية جزئيا,2026/04/18,"36,332,783"
 الحدود الشمالية,عرعر,القطاع الخاص,خدمة إلكترونية جزئيا,2026/04/18,"36,332,899"
الخدمات الرقمية,عام,القطاع العام,خدمة إلكترونية,2026/04/18,"36,334,885"
الخدمات الرقمية,عام,القطاع العام,خدمة إلكترونية,2026/04/18,"36,337,542"
الخدمات الرقمية,عام,القطاع العام,خدمة إلكترونية,2026/04/18,"36,335,304"
الخدمات الرقمية,عام,القطاع العام,خدمة إلكترونية,2026/04/18,"36,335,383"
الخدمات الرقمية,عام,القطاع العام,خدمة إلكترونية,2026/04/18,"36,334,658"
 المدينة المنوره,المدينة المنورة,القطاع الخاص,خدمة إلكترونية جزئيا,2026/04/19,"36,359,944"
 المدينة المنوره,المدينة المنورة,القطاع الخاص,خدمة إلكترونية جزئيا,2026/04/19,"36,355,432"
 الشرقية,الدمام,القطاع الخاص,خدمة إلكترونية جزئيا,2026/04/19,"36,353,808"
 الشرقية,الدمام,القطاع الخاص,خدمة إلكترونية جزئيا,2026/04/19,"36,354,547"
 الشرقية,الدمام,القطاع الخاص,خدمة إلكترونية جزئيا,2026/04/19,"36,354,960"
 الشرقية,الخبر,القطاع الخاص,خدمة إلكترونية جزئيا,2026/04/19,"36,348,060"
 القصيم,بريده,القطاع الخاص,خدمة إلكترونية جزئيا,2026/04/19,"36,362,738"
 القصيم,بريده,القطاع الخاص,خدمة إلكترونية جزئيا,2026/04/19,"36,362,600"
 القصيم,بريده,القطاع الخاص,خدمة إلكترونية جزئيا,2026/04/19,"36,362,293"
 الشرقية,الدمام,القطاع الخاص,خدمة إلكترونية جزئيا,2026/04/19,"36,349,844"
 الشرقية,الدمام,القطاع الخاص,خدمة إلكترونية جزئيا,2026/04/19,"36,355,701"
 الشرقية,الدمام,القطاع الخاص,خدمة إلكترونية جزئيا,2026/04/19,"36,355,236"
 الشرقية,الدمام,القطاع الخاص,خدمة إلكترونية جزئيا,2026/04/19,"36,347,475"
 الشرقية,الدمام,القطاع الخاص,خدمة إلكترونية جزئيا,2026/04/19,"36,345,537"
 مكة المكرمه,مكة المكرمة,القطاع الخاص,خدمة إلكترونية جزئيا,2026/04/19,"36,356,864"
 مكة المكرمه,مكة المكرمة,القطاع الخاص,خدمة إلكترونية جزئيا,2026/04/19,"36,355,842"
 مكة المكرمه,مكة المكرمة,القطاع الخاص,خدمة إلكترونية جزئيا,2026/04/19,"36,356,518"
 مكة المكرمه,مكة المكرمة,القطاع الخاص,خدمة إلكترونية جزئيا,2026/04/19,"36,354,774"
 مكة المكرمه,مكة المكرمة,القطاع الخاص,خدمة إلكترونية جزئيا,2026/04/19,"36,352,385"
 مكة المكرمه,مكة المكرمة,القطاع الخاص,خدمة إلكترونية جزئيا,2026/04/19,"36,346,022"
 مكة المكرمه,مكة المكرمة,القطاع الخاص,خدمة إلكترونية جزئيا,2026/04/19,"36,356,426"
 مكة المكرمه,مكة المكرمة,القطاع الخاص,خدمة إلكترونية جزئيا,2026/04/19,"36,357,704"
 مكة المكرمه,مكة المكرمة,القطاع الخاص,خدمة إلكترونية جزئيا,2026/04/19,"36,358,915"
 مكة المكرمه,مكة المكرمة,القطاع الخاص,خدمة إلكترونية جزئيا,2026/04/19,"36,358,737"
 مكة المكرمه,مكة المكرمة,القطاع الخاص,خدمة إلكترونية جزئيا,2026/04/19,"36,357,776"
 مكة المكرمه,مكة المكرمة,القطاع الخاص,خدمة إلكترونية جزئيا,2026/04/19,"36,358,174"
 مكة المكرمه,مكة المكرمة,القطاع الخاص,خدمة إلكترونية جزئيا,2026/04/19,"36,358,086"
 مكة المكرمه,مكة المكرمة,القطاع الخاص,خدمة إلكترونية جزئيا,2026/04/19,"36,359,058"
 الرياض,الرياض,القطاع الخاص,خدمة إلكترونية جزئيا,2026/04/19,"36,358,268"
 الرياض,الرياض,القطاع الخاص,خدمة إلكترونية جزئيا,2026/04/19,"36,358,160"
 الرياض,الرياض,القطاع الخاص,خدمة إلكترونية جزئيا,2026/04/19,"36,352,966"
 الرياض,الرياض,القطاع الخاص,خدمة إلكترونية جزئيا,2026/04/19,"36,354,351"
 الرياض,الرياض,القطاع الخاص,خدمة إلكترونية جزئيا,2026/04/19,"36,355,368"
 الرياض,الرياض,القطاع الخاص,خدمة إلكترونية جزئيا,2026/04/19,"36,346,465"
 الرياض,الرياض,القطاع الخاص,خدمة إلكترونية جزئيا,2026/04/19,"36,353,221"
 الرياض,الرياض,القطاع الخاص,خدمة إلكترونية جزئيا,2026/04/19,"36,353,060"
 الرياض,الرياض,القطاع الخاص,خدمة إلكترونية جزئيا,2026/04/19,"36,357,970"
 الرياض,الرياض,القطاع الخاص,خدمة إلكترونية جزئيا,2026/04/19,"36,358,780"
 الرياض,الرياض,القطاع الخاص,خدمة إلكترونية جزئيا,2026/04/19,"36,358,918"
 الرياض,الرياض,القطاع الخاص,خدمة إلكترونية جزئيا,2026/04/19,"36,358,831"
 الرياض,الرياض,القطاع الخاص,خدمة إلكترونية جزئيا,2026/04/19,"36,359,234"
 الرياض,الرياض,القطاع الخاص,خدمة إلكترونية جزئيا,2026/04/19,"36,358,688"
 الرياض,الرياض,القطاع الخاص,خدمة إلكترونية جزئيا,2026/04/19,"36,358,868"
 الرياض,الرياض,القطاع الخاص,خدمة إلكترونية جزئيا,2026/04/19,"36,358,950"
 الرياض,الرياض,القطاع الخاص,خدمة إلكترونية جزئيا,2026/04/19,"36,346,249"
 الرياض,الرياض,القطاع الخاص,خدمة إلكترونية جزئيا,2026/04/19,"36,357,736"
 الرياض,الرياض,القطاع الخاص,خدمة إلكترونية جزئيا,2026/04/19,"36,346,427"
 الرياض,الرياض,القطاع الخاص,خدمة إلكترونية جزئيا,2026/04/19,"36,353,141"
 الرياض,الرياض,القطاع الخاص,خدمة إلكترونية جزئيا,2026/04/19,"36,350,928"
 الرياض,الرياض,القطاع الخاص,خدمة إلكترونية جزئيا,2026/04/19,"36,344,202"
 الرياض,الرياض,القطاع الخاص,خدمة إلكترونية جزئيا,2026/04/19,"36,348,229"
 الرياض,الرياض,القطاع الخاص,خدمة إلكترونية جزئيا,2026/04/19,"36,352,075"
 الرياض,الرياض,القطاع الخاص,خدمة إلكترونية جزئيا,2026/04/19,"36,357,845"
 مكة المكرمه,مكة المكرمة,القطاع الخاص,خدمة إلكترونية جزئيا,2026/04/19,"36,353,303"
 الرياض,الرياض,القطاع الخاص,خدمة إلكترونية جزئيا,2026/04/19,"36,344,321"
 الرياض,الرياض,القطاع الخاص,خدمة إلكترونية جزئيا,2026/04/19,"36,346,500"
 الرياض,الرياض,القطاع الخاص,خدمة إلكترونية جزئيا,2026/04/19,"36,346,488"
 مكة المكرمه,مكة المكرمة,القطاع الخاص,خدمة إلكترونية جزئيا,2026/04/19,"36,355,066"
 الشرقية,الدمام,القطاع الخاص,خدمة إلكترونية جزئيا,2026/04/19,"36,355,839"
 الشرقية,الدمام,القطاع الخاص,خدمة إلكترونية جزئيا,2026/04/19,"36,345,662"
 الشرقية,الدمام,القطاع الخاص,خدمة إلكترونية جزئيا,2026/04/19,"36,349,993"
 الرياض,الرياض,القطاع الخاص,خدمة إلكترونية جزئيا,2026/04/19,"36,353,294"
 الرياض,الرياض,القطاع الخاص,خدمة إلكترونية جزئيا,2026/04/19,"36,354,730"
 الرياض,الرياض,القطاع الخاص,خدمة إلكترونية جزئيا,2026/04/19,"36,352,452"
 الرياض,الرياض,القطاع الخاص,خدمة إلكترونية جزئيا,2026/04/19,"36,347,236"
 الرياض,الرياض,القطاع الخاص,خدمة إلكترونية جزئيا,2026/04/19,"36,348,486"
 الرياض,الرياض,القطاع الخاص,خدمة إلكترونية جزئيا,2026/04/19,"36,351,316"
 الرياض,الرياض,القطاع الخاص,خدمة إلكترونية جزئيا,2026/04/19,"36,353,227"
 المدينة المنوره,المدينة المنورة,القطاع الخاص,خدمة إلكترونية جزئيا,2026/04/19,"36,355,551"
 المدينة المنوره,المدينة المنورة,القطاع الخاص,خدمة إلكترونية جزئيا,2026/04/19,"36,356,150"
 الرياض,الرياض,القطاع الخاص,خدمة إلكترونية جزئيا,2026/04/19,"36,355,434"
 مكة المكرمه,مكة المكرمة,القطاع الخاص,خدمة إلكترونية جزئيا,2026/04/19,"36,355,987"
 الشرقية,الخبر,القطاع الخاص,خدمة إلكترونية جزئيا,2026/04/19,"36,348,348"
 القصيم,بريده,القطاع الخاص,خدمة إلكترونية جزئيا,2026/04/19,"36,362,798"
 مكة المكرمه,مكة المكرمة,القطاع الخاص,خدمة إلكترونية جزئيا,2026/04/19,"36,357,017"
 مكة المكرمه,مكة المكرمة,القطاع الخاص,خدمة إلكترونية جزئيا,2026/04/19,"36,356,844"
 الرياض,الرياض,القطاع الخاص,خدمة إلكترونية جزئيا,2026/04/19,"36,358,790"
 الرياض,الرياض,القطاع الخاص,خدمة إلكترونية جزئيا,2026/04/19,"36,358,709"
 الرياض,الرياض,القطاع الخاص,خدمة إلكترونية جزئيا,2026/04/19,"36,359,264"
 الرياض,الرياض,القطاع الخاص,خدمة إلكترونية جزئيا,2026/04/19,"36,353,323"
 الرياض,الرياض,القطاع الخاص,خدمة إلكترونية جزئيا,2026/04/19,"36,358,625"
 الرياض,الرياض,القطاع الخاص,خدمة إلكترونية جزئيا,2026/04/19,"36,357,954"
 الرياض,الرياض,القطاع الخاص,خدمة إلكترونية جزئيا,2026/04/19,"36,357,872"
 مكة المكرمه,مكة المكرمة,القطاع الخاص,خدمة إلكترونية جزئيا,2026/04/19,"36,356,609"
 الرياض,الرياض,القطاع الخاص,خدمة إلكترونية جزئيا,2026/04/19,"36,358,154"
 الرياض,الرياض,القطاع الخاص,خدمة إلكترونية جزئيا,2026/04/19,"36,358,058"
 المدينة المنوره,المدينة المنورة,القطاع الخاص,خدمة إلكترونية جزئيا,2026/04/19,"36,360,267"
 مكة المكرمه,مكة المكرمة,القطاع الخاص,خدمة إلكترونية جزئيا,2026/04/19,"36,359,139"
الخدمات الرقمية,عام,القطاع العام,خدمة إلكترونية,2026/04/19,"36,344,521"
الخدمات الرقمية,عام,القطاع العام,خدمة إلكترونية,2026/04/19,"36,349,354"
الخدمات الرقمية,عام,القطاع العام,خدمة إلكترونية,2026/04/19,"36,347,282"
الخدمات الرقمية,عام,القطاع العام,خدمة إلكترونية,2026/04/19,"36,346,339"
الخدمات الرقمية,عام,القطاع العام,خدمة إلكترونية,2026/04/19,"36,345,143"
الخدمات الرقمية,عام,القطاع العام,خدمة إلكترونية,2026/04/19,"36,342,920"
الخدمات الرقمية,عام,القطاع العام,خدمة إلكترونية,2026/04/19,"36,349,386"
الخدمات الرقمية,عام,القطاع العام,خدمة إلكترونية,2026/04/19,"36,348,218"
الخدمات الرقمية,عام,القطاع العام,خدمة إلكترونية,2026/04/19,"36,351,665"
الخدمات الرقمية,عام,القطاع العام,خدمة إلكترونية,2026/04/19,"36,349,348"
الخدمات الرقمية,عام,القطاع العام,خدمة إلكترونية,2026/04/19,"36,347,243"
الخدمات الرقمية,عام,القطاع العام,خدمة إلكترونية,2026/04/19,"36,343,791"
الخدمات الرقمية,عام,القطاع العام,خدمة إلكترونية,2026/04/19,"36,351,778"
الخدمات الرقمية,عام,القطاع العام,خدمة إلكترونية,2026/04/19,"36,347,197"
الخدمات الرقمية,عام,القطاع العام,خدمة إلكترونية,2026/04/19,"36,345,979"
الخدمات الرقمية,عام,القطاع العام,خدمة إلكترونية,2026/04/19,"36,343,800"
الخدمات الرقمية,عام,القطاع العام,خدمة إلكترونية,2026/04/19,"36,347,300"
الخدمات الرقمية,عام,القطاع العام,خدمة إلكترونية,2026/04/19,"36,343,508"
الخدمات الرقمية,عام,القطاع العام,خدمة إلكترونية,2026/04/19,"36,357,218"
الخدمات الرقمية,عام,القطاع العام,خدمة إلكترونية,2026/04/19,"36,359,075"
الخدمات الرقمية,عام,القطاع العام,خدمة إلكترونية,2026/04/19,"36,354,329"
الخدمات الرقمية,عام,القطاع العام,خدمة إلكترونية,2026/04/19,"36,350,019"
الخدمات الرقمية,عام,القطاع العام,خدمة إلكترونية,2026/04/19,"36,353,838"
الخدمات الرقمية,عام,القطاع العام,خدمة إلكترونية,2026/04/19,"36,356,221"
الخدمات الرقمية,عام,القطاع العام,خدمة إلكترونية,2026/04/19,"36,355,325"
الخدمات الرقمية,عام,القطاع العام,خدمة إلكترونية,2026/04/19,"36,346,388"
الخدمات الرقمية,عام,القطاع العام,خدمة إلكترونية,2026/04/19,"36,350,903"
الخدمات الرقمية,عام,القطاع العام,خدمة إلكترونية,2026/04/19,"36,355,659"
الخدمات الرقمية,عام,القطاع العام,خدمة إلكترونية,2026/04/19,"36,357,302"
الخدمات الرقمية,عام,القطاع العام,خدمة إلكترونية,2026/04/19,"36,356,705"
الخدمات الرقمية,عام,القطاع العام,خدمة إلكترونية,2026/04/19,"36,357,498"
الخدمات الرقمية,عام,القطاع العام,خدمة إلكترونية,2026/04/19,"36,362,891"
الخدمات الرقمية,عام,القطاع العام,خدمة إلكترونية,2026/04/19,"36,358,264"
الخدمات الرقمية,عام,القطاع العام,خدمة إلكترونية,2026/04/19,"36,356,871"
الخدمات الرقمية,عام,القطاع العام,خدمة إلكترونية,2026/04/19,"36,357,333"
الخدمات الرقمية,عام,القطاع العام,خدمة إلكترونية,2026/04/19,"36,357,907"
الخدمات الرقمية,عام,القطاع العام,خدمة إلكترونية,2026/04/19,"36,356,713"
الخدمات الرقمية,عام,القطاع العام,خدمة إلكترونية,2026/04/19,"36,346,216"
الخدمات الرقمية,عام,القطاع العام,خدمة إلكترونية,2026/04/19,"36,352,793"
الخدمات الرقمية,عام,القطاع العام,خدمة إلكترونية,2026/04/19,"36,347,271"
الخدمات الرقمية,عام,القطاع العام,خدمة إلكترونية,2026/04/19,"36,350,258"
الخدمات الرقمية,عام,القطاع العام,خدمة إلكترونية,2026/04/19,"36,354,214"
الخدمات الرقمية,عام,القطاع العام,خدمة إلكترونية,2026/04/19,"36,344,873"
الخدمات الرقمية,عام,القطاع العام,خدمة إلكترونية,2026/04/19,"36,357,721"
الخدمات الرقمية,عام,القطاع العام,خدمة إلكترونية,2026/04/19,"36,359,059"
الخدمات الرقمية,عام,القطاع العام,خدمة إلكترونية,2026/04/19,"36,358,540"
الخدمات الرقمية,عام,القطاع العام,خدمة إلكترونية,2026/04/19,"36,357,301"
الخدمات الرقمية,عام,القطاع العام,خدمة إلكترونية,2026/04/19,"36,360,400"
الخدمات الرقمية,عام,القطاع العام,خدمة إلكترونية,2026/04/19,"36,360,901"
 المدينة المنوره,المدينة المنورة,القطاع الخاص,خدمة إلكترونية جزئيا,2026/04/20,"36,377,455"
 الشرقية,الاحساء,القطاع الخاص,خدمة إلكترونية جزئيا,2026/04/20,"36,367,722"
 مكة المكرمه,الطائف,القطاع الخاص,خدمة إلكترونية جزئيا,2026/04/20,"36,377,645"
 القصيم,بريده,القطاع الخاص,خدمة إلكترونية جزئيا,2026/04/20,"36,383,902"
 القصيم,بريده,القطاع الخاص,خدمة إلكترونية جزئيا,2026/04/20,"36,377,946"
 القصيم,بريده,القطاع الخاص,خدمة إلكترونية جزئيا,2026/04/20,"36,385,322"
 القصيم,بريده,القطاع الخاص,خدمة إلكترونية جزئيا,2026/04/20,"36,377,733"
 القصيم,بريده,القطاع الخاص,خدمة إلكترونية جزئيا,2026/04/20,"36,381,889"
 القصيم,بريده,القطاع الخاص,خدمة إلكترونية جزئيا,2026/04/20,"36,385,881"
 مكة المكرمه,جده,القطاع الخاص,خدمة إلكترونية جزئيا,2026/04/20,"36,374,850"
 مكة المكرمه,جده,القطاع الخاص,خدمة إلكترونية جزئيا,2026/04/20,"36,376,421"
 مكة المكرمه,جده,القطاع الخاص,خدمة إلكترونية جزئيا,2026/04/20,"36,374,997"
 الشرقية,الدمام,القطاع الخاص,خدمة إلكترونية جزئيا,2026/04/20,"36,375,010"
 الشرقية,الدمام,القطاع الخاص,خدمة إلكترونية جزئيا,2026/04/20,"36,371,029"
 مكة المكرمه,مكة المكرمة,القطاع الخاص,خدمة إلكترونية جزئيا,2026/04/20,"36,385,109"
 مكة المكرمه,مكة المكرمة,القطاع الخاص,خدمة إلكترونية جزئيا,2026/04/20,"36,372,527"
 مكة المكرمه,مكة المكرمة,القطاع الخاص,خدمة إلكترونية جزئيا,2026/04/20,"36,375,046"
 مكة المكرمه,مكة المكرمة,القطاع الخاص,خدمة إلكترونية جزئيا,2026/04/20,"36,377,288"
 مكة المكرمه,مكة المكرمة,القطاع الخاص,خدمة إلكترونية جزئيا,2026/04/20,"36,372,575"
 الرياض,الرياض,القطاع الخاص,خدمة إلكترونية جزئيا,2026/04/20,"36,372,044"
 الرياض,الرياض,القطاع الخاص,خدمة إلكترونية جزئيا,2026/04/20,"36,382,295"
 الرياض,الرياض,القطاع الخاص,خدمة إلكترونية جزئيا,2026/04/20,"36,382,105"
 الرياض,الرياض,القطاع الخاص,خدمة إلكترونية جزئيا,2026/04/20,"36,380,513"
 الرياض,الرياض,القطاع الخاص,خدمة إلكترونية جزئيا,2026/04/20,"36,380,906"
 الرياض,الرياض,القطاع الخاص,خدمة إلكترونية جزئيا,2026/04/20,"36,387,067"
 الرياض,الرياض,القطاع الخاص,خدمة إلكترونية جزئيا,2026/04/20,"36,386,600"
 الرياض,الرياض,القطاع الخاص,خدمة إلكترونية جزئيا,2026/04/20,"36,368,959"
 الرياض,الرياض,القطاع الخاص,خدمة إلكترونية جزئيا,2026/04/20,"36,369,153"
 الرياض,الرياض,القطاع الخاص,خدمة إلكترونية جزئيا,2026/04/20,"36,371,230"
 الرياض,الرياض,القطاع الخاص,خدمة إلكترونية جزئيا,2026/04/20,"36,368,260"
 الرياض,الرياض,القطاع الخاص,خدمة إلكترونية جزئيا,2026/04/20,"36,374,024"
 الرياض,الرياض,القطاع الخاص,خدمة إلكترونية جزئيا,2026/04/20,"36,368,638"
 الرياض,الرياض,القطاع الخاص,خدمة إلكترونية جزئيا,2026/04/20,"36,371,715"
 الرياض,الرياض,القطاع الخاص,خدمة إلكترونية جزئيا,2026/04/20,"36,373,487"
 الرياض,الرياض,القطاع الخاص,خدمة إلكترونية جزئيا,2026/04/20,"36,372,122"
 الرياض,الرياض,القطاع الخاص,خدمة إلكترونية جزئيا,2026/04/20,"36,378,320"
 الرياض,الرياض,القطاع الخاص,خدمة إلكترونية جزئيا,2026/04/20,"36,377,480"
 الرياض,الرياض,القطاع الخاص,خدمة إلكترونية جزئيا,2026/04/20,"36,381,634"
 الرياض,الرياض,القطاع الخاص,خدمة إلكترونية جزئيا,2026/04/20,"36,379,927"
 الرياض,الرياض,القطاع الخاص,خدمة إلكترونية جزئيا,2026/04/20,"36,380,698"
 الرياض,الرياض,القطاع الخاص,خدمة إلكترونية جزئيا,2026/04/20,"36,379,301"
 الرياض,الرياض,القطاع الخاص,خدمة إلكترونية جزئيا,2026/04/20,"36,375,095"
 الرياض,الرياض,القطاع الخاص,خدمة إلكترونية جزئيا,2026/04/20,"36,379,055"
 الرياض,الرياض,القطاع الخاص,خدمة إلكترونية جزئيا,2026/04/20,"36,375,886"
 الرياض,الرياض,القطاع الخاص,خدمة إلكترونية جزئيا,2026/04/20,"36,378,250"
 الرياض,الرياض,القطاع الخاص,خدمة إلكترونية جزئيا,2026/04/20,"36,379,042"
 الرياض,الرياض,القطاع الخاص,خدمة إلكترونية جزئيا,2026/04/20,"36,378,122"
 الرياض,الرياض,القطاع الخاص,خدمة إلكترونية جزئيا,2026/04/20,"36,378,005"
 الرياض,الرياض,القطاع الخاص,خدمة إلكترونية جزئيا,2026/04/20,"36,372,054"
 الرياض,الرياض,القطاع الخاص,خدمة إلكترونية جزئيا,2026/04/20,"36,377,131"
 الرياض,الرياض,القطاع الخاص,خدمة إلكترونية جزئيا,2026/04/20,"36,371,549"
 الرياض,الرياض,القطاع الخاص,خدمة إلكترونية جزئيا,2026/04/20,"36,374,705"
الخدمات الرقمية,عام,القطاع العام,خدمة إلكترونية,2026/04/20,"36,372,662"
الخدمات الرقمية,عام,القطاع العام,خدمة إلكترونية,2026/04/20,"36,373,086"
الخدمات الرقمية,عام,القطاع العام,خدمة إلكترونية,2026/04/20,"36,373,026"
الخدمات الرقمية,عام,القطاع العام,خدمة إلكترونية,2026/04/20,"36,376,986"
 الرياض,الرياض,القطاع الخاص,خدمة إلكترونية جزئيا,2026/04/20,"36,373,156"
 مكة المكرمه,جده,القطاع الخاص,خدمة إلكترونية جزئيا,2026/04/20,"36,374,982"
 الرياض,الرياض,القطاع الخاص,خدمة إلكترونية جزئيا,2026/04/20,"36,382,348"
 مكة المكرمه,جده,القطاع الخاص,خدمة إلكترونية جزئيا,2026/04/20,"36,375,116"
 الشرقية,الدمام,القطاع الخاص,خدمة إلكترونية جزئيا,2026/04/20,"36,375,259"
 الرياض,الرياض,القطاع الخاص,خدمة إلكترونية جزئيا,2026/04/20,"36,381,912"
 الرياض,الرياض,القطاع الخاص,خدمة إلكترونية جزئيا,2026/04/20,"36,382,161"
 القصيم,بريده,القطاع الخاص,خدمة إلكترونية جزئيا,2026/04/20,"36,369,961"
 الشرقية,الدمام,القطاع الخاص,خدمة إلكترونية جزئيا,2026/04/20,"36,371,176"
 القصيم,بريده,القطاع الخاص,خدمة إلكترونية جزئيا,2026/04/20,"36,382,058"
 الشرقية,الاحساء,القطاع الخاص,خدمة إلكترونية جزئيا,2026/04/20,"36,367,822"
 مكة المكرمه,جده,القطاع الخاص,خدمة إلكترونية جزئيا,2026/04/20,"36,377,163"
 مكة المكرمه,جده,القطاع الخاص,خدمة إلكترونية جزئيا,2026/04/20,"36,372,443"
 مكة المكرمه,جده,القطاع الخاص,خدمة إلكترونية جزئيا,2026/04/20,"36,374,866"
 الرياض,الرياض,القطاع الخاص,خدمة إلكترونية جزئيا,2026/04/20,"36,387,169"
 الرياض,الرياض,القطاع الخاص,خدمة إلكترونية جزئيا,2026/04/20,"36,377,279"
 مكة المكرمه,مكة المكرمة,القطاع الخاص,خدمة إلكترونية جزئيا,2026/04/20,"36,372,766"
 مكة المكرمه,مكة المكرمة,القطاع الخاص,خدمة إلكترونية جزئيا,2026/04/20,"36,374,394"
 مكة المكرمه,جده,القطاع الخاص,خدمة إلكترونية جزئيا,2026/04/20,"36,376,659"
 الرياض,الرياض,القطاع الخاص,خدمة إلكترونية جزئيا,2026/04/20,"36,371,569"
 الرياض,الرياض,القطاع الخاص,خدمة إلكترونية جزئيا,2026/04/20,"36,375,214"
 الرياض,الرياض,القطاع الخاص,خدمة إلكترونية جزئيا,2026/04/20,"36,380,032"
 الرياض,الرياض,القطاع الخاص,خدمة إلكترونية جزئيا,2026/04/20,"36,377,532"
 المدينة المنوره,المدينة المنورة,القطاع الخاص,خدمة إلكترونية جزئيا,2026/04/20,"36,377,637"
 مكة المكرمه,مكة المكرمة,القطاع الخاص,خدمة إلكترونية جزئيا,2026/04/20,"36,372,683"
 مكة المكرمه,مكة المكرمة,القطاع الخاص,خدمة إلكترونية جزئيا,2026/04/20,"36,375,161"
 مكة المكرمه,مكة المكرمة,القطاع الخاص,خدمة إلكترونية جزئيا,2026/04/20,"36,377,517"
 مكة المكرمه,مكة المكرمة,القطاع الخاص,خدمة إلكترونية جزئيا,2026/04/20,"36,385,402"
الخدمات الرقمية,عام,القطاع العام,خدمة إلكترونية,2026/04/20,"36,369,201"
الخدمات الرقمية,عام,القطاع العام,خدمة إلكترونية,2026/04/20,"36,374,473"
الخدمات الرقمية,عام,القطاع العام,خدمة إلكترونية,2026/04/20,"36,369,824"
الخدمات الرقمية,عام,القطاع العام,خدمة إلكترونية,2026/04/20,"36,376,878"
الخدمات الرقمية,عام,القطاع العام,خدمة إلكترونية,2026/04/20,"36,366,828"
الخدمات الرقمية,عام,القطاع العام,خدمة إلكترونية,2026/04/20,"36,366,731"
الخدمات الرقمية,عام,القطاع العام,خدمة إلكترونية,2026/04/20,"36,378,025"
الخدمات الرقمية,عام,القطاع العام,خدمة إلكترونية,2026/04/20,"36,381,327"
الخدمات الرقمية,عام,القطاع العام,خدمة إلكترونية,2026/04/20,"36,366,739"
الخدمات الرقمية,عام,القطاع العام,خدمة إلكترونية,2026/04/20,"36,366,793"
الخدمات الرقمية,عام,القطاع العام,خدمة إلكترونية,2026/04/20,"36,366,795"
الخدمات الرقمية,عام,القطاع العام,خدمة إلكترونية,2026/04/20,"36,377,135"
الخدمات الرقمية,عام,القطاع العام,خدمة إلكترونية,2026/04/20,"36,378,078"
الخدمات الرقمية,عام,القطاع العام,خدمة إلكترونية,2026/04/20,"36,381,375"
الخدمات الرقمية,عام,القطاع العام,خدمة إلكترونية,2026/04/20,"36,366,789"
الخدمات الرقمية,عام,القطاع العام,خدمة إلكترونية,2026/04/20,"36,366,615"
الخدمات الرقمية,عام,القطاع العام,خدمة إلكترونية,2026/04/20,"36,366,640"
الخدمات الرقمية,عام,القطاع العام,خدمة إلكترونية,2026/04/20,"36,376,925"
الخدمات الرقمية,عام,القطاع العام,خدمة إلكترونية,2026/04/20,"36,366,611"
الخدمات الرقمية,عام,القطاع العام,خدمة إلكترونية,2026/04/20,"36,381,349"
الخدمات الرقمية,عام,القطاع العام,خدمة إلكترونية,2026/04/20,"36,381,394"
الخدمات الرقمية,عام,القطاع العام,خدمة إلكترونية,2026/04/20,"36,374,610"
الخدمات الرقمية,عام,القطاع العام,خدمة إلكترونية,2026/04/20,"36,366,667"
الخدمات الرقمية,عام,القطاع العام,خدمة إلكترونية,2026/04/20,"36,366,688"
الخدمات الرقمية,عام,القطاع العام,خدمة إلكترونية,2026/04/20,"36,366,820"
الخدمات الرقمية,عام,القطاع العام,خدمة إلكترونية,2026/04/20,"36,375,297"
الخدمات الرقمية,عام,القطاع العام,خدمة إلكترونية,2026/04/20,"36,366,673"
الخدمات الرقمية,عام,القطاع العام,خدمة إلكترونية,2026/04/20,"36,366,799"
الخدمات الرقمية,عام,القطاع العام,خدمة إلكترونية,2026/04/20,"36,375,487"
الخدمات الرقمية,عام,القطاع العام,خدمة إلكترونية,2026/04/20,"36,369,792"
الخدمات الرقمية,عام,القطاع العام,خدمة إلكترونية,2026/04/20,"36,366,771"
الخدمات الرقمية,عام,القطاع العام,خدمة إلكترونية,2026/04/20,"36,385,550"
الخدمات الرقمية,عام,القطاع العام,خدمة إلكترونية,2026/04/20,"36,371,900"
الخدمات الرقمية,عام,القطاع العام,خدمة إلكترونية,2026/04/20,"36,376,542"
الخدمات الرقمية,عام,القطاع العام,خدمة إلكترونية,2026/04/20,"36,370,612"
الخدمات الرقمية,عام,القطاع العام,خدمة إلكترونية,2026/04/20,"36,372,224"
الخدمات الرقمية,عام,القطاع العام,خدمة إلكترونية,2026/04/20,"36,371,869"
الخدمات الرقمية,عام,القطاع العام,خدمة إلكترونية,2026/04/20,"36,375,817"
الخدمات الرقمية,عام,القطاع العام,خدمة إلكترونية,2026/04/20,"36,372,186"
الخدمات الرقمية,عام,القطاع العام,خدمة إلكترونية,2026/04/20,"36,373,071"
الخدمات الرقمية,عام,القطاع العام,خدمة إلكترونية,2026/04/20,"36,364,701"
الخدمات الرقمية,عام,القطاع العام,خدمة إلكترونية,2026/04/20,"36,367,803"
الخدمات الرقمية,عام,القطاع العام,خدمة إلكترونية,2026/04/20,"36,372,622"
الخدمات الرقمية,عام,القطاع العام,خدمة إلكترونية,2026/04/20,"36,376,926"
الخدمات الرقمية,عام,القطاع العام,خدمة إلكترونية,2026/04/20,"36,381,209"
الخدمات الرقمية,عام,القطاع العام,خدمة إلكترونية,2026/04/20,"36,374,894"
الخدمات الرقمية,عام,القطاع العام,خدمة إلكترونية,2026/04/20,"36,380,240"
الخدمات الرقمية,عام,القطاع العام,خدمة إلكترونية,2026/04/20,"36,377,248"
الخدمات الرقمية,عام,القطاع العام,خدمة إلكترونية,2026/04/20,"36,376,175"
الخدمات الرقمية,عام,القطاع العام,خدمة إلكترونية,2026/04/20,"36,376,114"
الخدمات الرقمية,عام,القطاع العام,خدمة إلكترونية,2026/04/20,"36,374,322"
الخدمات الرقمية,عام,القطاع العام,خدمة إلكترونية,2026/04/20,"36,383,340"
الخدمات الرقمية,عام,القطاع العام,خدمة إلكترونية,2026/04/20,"36,371,565"
الخدمات الرقمية,عام,القطاع العام,خدمة إلكترونية,2026/04/20,"36,381,836"
الخدمات الرقمية,عام,القطاع العام,خدمة إلكترونية,2026/04/20,"36,383,836"
الخدمات الرقمية,عام,القطاع العام,خدمة إلكترونية,2026/04/20,"36,366,139"
الخدمات الرقمية,عام,القطاع العام,خدمة إلكترونية,2026/04/20,"36,381,565"
الخدمات الرقمية,عام,القطاع العام,خدمة إلكترونية,2026/04/20,"36,371,114"
الخدمات الرقمية,عام,القطاع العام,خدمة إلكترونية,2026/04/20,"36,376,520"
الخدمات الرقمية,عام,القطاع العام,خدمة إلكترونية,2026/04/20,"36,376,936"
الخدمات الرقمية,عام,القطاع العام,خدمة إلكترونية,2026/04/20,"36,370,684"
الخدمات الرقمية,عام,القطاع العام,خدمة إلكترونية,2026/04/20,"36,366,709"
الخدمات الرقمية,عام,القطاع العام,خدمة إلكترونية,2026/04/20,"36,378,455"
الخدمات الرقمية,عام,القطاع العام,خدمة إلكترونية,2026/04/20,"36,382,875"
الخدمات الرقمية,عام,القطاع العام,خدمة إلكترونية,2026/04/20,"36,382,644"
الخدمات الرقمية,عام,القطاع العام,خدمة إلكترونية,2026/04/20,"36,377,036"
الخدمات الرقمية,عام,القطاع العام,خدمة إلكترونية,2026/04/20,"36,385,761"
الخدمات الرقمية,عام,القطاع العام,خدمة إلكترونية,2026/04/20,"36,385,580"
الخدمات الرقمية,عام,القطاع العام,خدمة إلكترونية,2026/04/20,"36,386,734"
الخدمات الرقمية,عام,القطاع العام,خدمة إلكترونية,2026/04/20,"36,385,293"
 الرياض,الرياض,القطاع الخاص,خدمة إلكترونية جزئيا,2026/04/20,"36,372,248"
 الرياض,الرياض,القطاع الخاص,خدمة إلكترونية جزئيا,2026/04/20,"36,371,273"
 الرياض,الرياض,القطاع الخاص,خدمة إلكترونية جزئيا,2026/04/20,"36,368,276"
 الرياض,الرياض,القطاع الخاص,خدمة إلكترونية جزئيا,2026/04/20,"36,373,558"
 الرياض,الرياض,القطاع الخاص,خدمة إلكترونية جزئيا,2026/04/20,"36,369,032"
 الرياض,الرياض,القطاع الخاص,خدمة إلكترونية جزئيا,2026/04/20,"36,371,818"
 الرياض,الرياض,القطاع الخاص,خدمة إلكترونية جزئيا,2026/04/20,"36,374,048"
 الرياض,الرياض,القطاع الخاص,خدمة إلكترونية جزئيا,2026/04/20,"36,368,687"
 الرياض,الرياض,القطاع الخاص,خدمة إلكترونية جزئيا,2026/04/20,"36,369,187"
 الرياض,الرياض,القطاع الخاص,خدمة إلكترونية جزئيا,2026/04/20,"36,375,965"
 الرياض,الرياض,القطاع الخاص,خدمة إلكترونية جزئيا,2026/04/20,"36,379,323"
 الرياض,الرياض,القطاع الخاص,خدمة إلكترونية جزئيا,2026/04/20,"36,375,166"
 الرياض,الرياض,القطاع الخاص,خدمة إلكترونية جزئيا,2026/04/20,"36,378,362"
 مكة المكرمه,الطائف,القطاع الخاص,خدمة إلكترونية جزئيا,2026/04/20,"36,378,014"
 الرياض,الرياض,القطاع الخاص,خدمة إلكترونية جزئيا,2026/04/20,"36,372,206"
 المدينة المنوره,المدينة المنورة,القطاع الخاص,خدمة إلكترونية جزئيا,2026/04/21,"36,396,709"
 المدينة المنوره,المدينة المنورة,القطاع الخاص,خدمة إلكترونية جزئيا,2026/04/21,"36,413,049"
 الشرقية,الدمام,القطاع الخاص,خدمة إلكترونية جزئيا,2026/04/21,"36,393,980"
 الرياض,الخرج,القطاع الخاص,خدمة إلكترونية جزئيا,2026/04/21,"36,405,932"
 حائل,حائل,القطاع الخاص,خدمة إلكترونية جزئيا,2026/04/21,"36,395,045"
 حائل,حائل,القطاع الخاص,خدمة إلكترونية جزئيا,2026/04/21,"36,395,186"
 القصيم,بريده,القطاع الخاص,خدمة إلكترونية جزئيا,2026/04/21,"36,410,112"
 الشرقية,الدمام,القطاع الخاص,خدمة إلكترونية جزئيا,2026/04/21,"36,402,288"
 الشرقية,الدمام,القطاع الخاص,خدمة إلكترونية جزئيا,2026/04/21,"36,403,179"
 الشرقية,الدمام,القطاع الخاص,خدمة إلكترونية جزئيا,2026/04/21,"36,401,947"
 مكة المكرمه,مكة المكرمة,القطاع الخاص,خدمة إلكترونية جزئيا,2026/04/21,"36,399,276"
 مكة المكرمه,مكة المكرمة,القطاع الخاص,خدمة إلكترونية جزئيا,2026/04/21,"36,402,759"
 مكة المكرمه,مكة المكرمة,القطاع الخاص,خدمة إلكترونية جزئيا,2026/04/21,"36,403,114"
 مكة المكرمه,مكة المكرمة,القطاع الخاص,خدمة إلكترونية جزئيا,2026/04/21,"36,397,382"
 مكة المكرمه,مكة المكرمة,القطاع الخاص,خدمة إلكترونية جزئيا,2026/04/21,"36,395,117"
 مكة المكرمه,مكة المكرمة,القطاع الخاص,خدمة إلكترونية جزئيا,2026/04/21,"36,401,868"
 مكة المكرمه,مكة المكرمة,القطاع الخاص,خدمة إلكترونية جزئيا,2026/04/21,"36,406,881"
 مكة المكرمه,مكة المكرمة,القطاع الخاص,خدمة إلكترونية جزئيا,2026/04/21,"36,410,545"
 مكة المكرمه,مكة المكرمة,القطاع الخاص,خدمة إلكترونية جزئيا,2026/04/21,"36,410,310"
 مكة المكرمه,مكة المكرمة,القطاع الخاص,خدمة إلكترونية جزئيا,2026/04/21,"36,411,010"
 مكة المكرمه,مكة المكرمة,القطاع الخاص,خدمة إلكترونية جزئيا,2026/04/21,"36,401,502"
 الرياض,الرياض,القطاع الخاص,خدمة إلكترونية جزئيا,2026/04/21,"36,394,090"
 الرياض,الرياض,القطاع الخاص,خدمة إلكترونية جزئيا,2026/04/21,"36,398,396"
 الرياض,الرياض,القطاع الخاص,خدمة إلكترونية جزئيا,2026/04/21,"36,403,725"
 الرياض,الرياض,القطاع الخاص,خدمة إلكترونية جزئيا,2026/04/21,"36,411,490"
 الرياض,الرياض,القطاع الخاص,خدمة إلكترونية جزئيا,2026/04/21,"36,405,014"
 الرياض,الرياض,القطاع الخاص,خدمة إلكترونية جزئيا,2026/04/21,"36,405,505"
 الرياض,الرياض,القطاع الخاص,خدمة إلكترونية جزئيا,2026/04/21,"36,403,888"
 الرياض,الرياض,القطاع الخاص,خدمة إلكترونية جزئيا,2026/04/21,"36,397,496"
 الرياض,الرياض,القطاع الخاص,خدمة إلكترونية جزئيا,2026/04/21,"36,402,560"
 الرياض,الرياض,القطاع الخاص,خدمة إلكترونية جزئيا,2026/04/21,"36,398,663"
 الرياض,الرياض,القطاع الخاص,خدمة إلكترونية جزئيا,2026/04/21,"36,398,237"
 الرياض,الرياض,القطاع الخاص,خدمة إلكترونية جزئيا,2026/04/21,"36,405,284"
 الرياض,الرياض,القطاع الخاص,خدمة إلكترونية جزئيا,2026/04/21,"36,398,541"
 الرياض,الرياض,القطاع الخاص,خدمة إلكترونية جزئيا,2026/04/21,"36,392,189"
 الرياض,الرياض,القطاع الخاص,خدمة إلكترونية جزئيا,2026/04/21,"36,393,388"
 الرياض,الرياض,القطاع الخاص,خدمة إلكترونية جزئيا,2026/04/21,"36,403,712"
 الرياض,الرياض,القطاع الخاص,خدمة إلكترونية جزئيا,2026/04/21,"36,397,909"
 المدينة المنوره,المدينة المنورة,القطاع الخاص,خدمة إلكترونية جزئيا,2026/04/21,"36,397,068"
 مكة المكرمه,مكة المكرمة,القطاع الخاص,خدمة إلكترونية جزئيا,2026/04/21,"36,406,985"
 مكة المكرمه,مكة المكرمة,القطاع الخاص,خدمة إلكترونية جزئيا,2026/04/21,"36,411,329"
 حائل,حائل,القطاع الخاص,خدمة إلكترونية جزئيا,2026/04/21,"36,395,230"
 الرياض,الرياض,القطاع الخاص,خدمة إلكترونية جزئيا,2026/04/21,"36,411,540"
 الرياض,الخرج,القطاع الخاص,خدمة إلكترونية جزئيا,2026/04/21,"36,406,674"
 القصيم,بريده,القطاع الخاص,خدمة إلكترونية جزئيا,2026/04/21,"36,410,303"
 الشرقية,الدمام,القطاع الخاص,خدمة إلكترونية جزئيا,2026/04/21,"36,402,361"
 الشرقية,الدمام,القطاع الخاص,خدمة إلكترونية جزئيا,2026/04/21,"36,403,262"
 الرياض,الرياض,القطاع الخاص,خدمة إلكترونية جزئيا,2026/04/21,"36,405,617"
 الشرقية,الدمام,القطاع الخاص,خدمة إلكترونية جزئيا,2026/04/21,"36,394,312"
 الرياض,الرياض,القطاع الخاص,خدمة إلكترونية جزئيا,2026/04/21,"36,404,137"
 الشرقية,الدمام,القطاع الخاص,خدمة إلكترونية جزئيا,2026/04/21,"36,402,327"
 مكة المكرمه,مكة المكرمة,القطاع الخاص,خدمة إلكترونية جزئيا,2026/04/21,"36,402,907"
 مكة المكرمه,جده,القطاع الخاص,خدمة إلكترونية جزئيا,2026/04/21,"36,395,531"
 مكة المكرمه,مكة المكرمة,القطاع الخاص,خدمة إلكترونية جزئيا,2026/04/21,"36,403,213"
 مكة المكرمه,مكة المكرمة,القطاع الخاص,خدمة إلكترونية جزئيا,2026/04/21,"36,402,000"
 الرياض,الرياض,القطاع الخاص,خدمة إلكترونية جزئيا,2026/04/21,"36,398,632"
 الرياض,الرياض,القطاع الخاص,خدمة إلكترونية جزئيا,2026/04/21,"36,393,621"
 الرياض,الرياض,القطاع الخاص,خدمة إلكترونية جزئيا,2026/04/21,"36,399,155"
 الرياض,الرياض,القطاع الخاص,خدمة إلكترونية جزئيا,2026/04/21,"36,398,488"
 الرياض,الرياض,القطاع الخاص,خدمة إلكترونية جزئيا,2026/04/21,"36,405,471"
 الرياض,الرياض,القطاع الخاص,خدمة إلكترونية جزئيا,2026/04/21,"36,394,461"
 الرياض,الرياض,القطاع الخاص,خدمة إلكترونية جزئيا,2026/04/21,"36,403,792"
 الرياض,الرياض,القطاع الخاص,خدمة إلكترونية جزئيا,2026/04/21,"36,404,218"
 مكة المكرمه,مكة المكرمة,القطاع الخاص,خدمة إلكترونية جزئيا,2026/04/21,"36,397,716"
 مكة المكرمه,مكة المكرمة,القطاع الخاص,خدمة إلكترونية جزئيا,2026/04/21,"36,395,282"
 مكة المكرمه,مكة المكرمة,القطاع الخاص,خدمة إلكترونية جزئيا,2026/04/21,"36,399,408"
الخدمات الرقمية,عام,القطاع العام,خدمة إلكترونية,2026/04/21,"36,407,227"
الخدمات الرقمية,عام,القطاع العام,خدمة إلكترونية,2026/04/21,"36,409,038"
الخدمات الرقمية,عام,القطاع العام,خدمة إلكترونية,2026/04/21,"36,407,498"
الخدمات الرقمية,عام,القطاع العام,خدمة إلكترونية,2026/04/21,"36,408,070"
الخدمات الرقمية,عام,القطاع العام,خدمة إلكترونية,2026/04/21,"36,406,690"
الخدمات الرقمية,عام,القطاع العام,خدمة إلكترونية,2026/04/21,"36,392,172"
الخدمات الرقمية,عام,القطاع العام,خدمة إلكترونية,2026/04/21,"36,396,065"
الخدمات الرقمية,عام,القطاع العام,خدمة إلكترونية,2026/04/21,"36,400,528"
الخدمات الرقمية,عام,القطاع العام,خدمة إلكترونية,2026/04/21,"36,396,364"
الخدمات الرقمية,عام,القطاع العام,خدمة إلكترونية,2026/04/21,"36,399,411"
الخدمات الرقمية,عام,القطاع العام,خدمة إلكترونية,2026/04/21,"36,399,197"
الخدمات الرقمية,عام,القطاع العام,خدمة إلكترونية,2026/04/21,"36,396,663"
الخدمات الرقمية,عام,القطاع العام,خدمة إلكترونية,2026/04/21,"36,396,185"
الخدمات الرقمية,عام,القطاع العام,خدمة إلكترونية,2026/04/21,"36,395,047"
الخدمات الرقمية,عام,القطاع العام,خدمة إلكترونية,2026/04/21,"36,396,193"
الخدمات الرقمية,عام,القطاع العام,خدمة إلكترونية,2026/04/21,"36,395,022"
الخدمات الرقمية,عام,القطاع العام,خدمة إلكترونية,2026/04/21,"36,396,721"
الخدمات الرقمية,عام,القطاع العام,خدمة إلكترونية,2026/04/21,"36,394,100"
الخدمات الرقمية,عام,القطاع العام,خدمة إلكترونية,2026/04/21,"36,394,443"
الخدمات الرقمية,عام,القطاع العام,خدمة إلكترونية,2026/04/21,"36,398,478"
الخدمات الرقمية,عام,القطاع العام,خدمة إلكترونية,2026/04/21,"36,400,798"
الخدمات الرقمية,عام,القطاع العام,خدمة إلكترونية,2026/04/21,"36,395,143"
الخدمات الرقمية,عام,القطاع العام,خدمة إلكترونية,2026/04/21,"36,393,206"
الخدمات الرقمية,عام,القطاع العام,خدمة إلكترونية,2026/04/21,"36,399,576"
الخدمات الرقمية,عام,القطاع العام,خدمة إلكترونية,2026/04/21,"36,398,015"
الخدمات الرقمية,عام,القطاع العام,خدمة إلكترونية,2026/04/21,"36,395,437"
الخدمات الرقمية,عام,القطاع العام,خدمة إلكترونية,2026/04/21,"36,413,005"
الخدمات الرقمية,عام,القطاع العام,خدمة إلكترونية,2026/04/21,"36,412,445"
الخدمات الرقمية,عام,القطاع العام,خدمة إلكترونية,2026/04/21,"36,408,650"
الخدمات الرقمية,عام,القطاع العام,خدمة إلكترونية,2026/04/21,"36,412,684"
الخدمات الرقمية,عام,القطاع العام,خدمة إلكترونية,2026/04/21,"36,410,475"
الخدمات الرقمية,عام,القطاع العام,خدمة إلكترونية,2026/04/21,"36,408,938"
الخدمات الرقمية,عام,القطاع العام,خدمة إلكترونية,2026/04/21,"36,391,547"
الخدمات الرقمية,عام,القطاع العام,خدمة إلكترونية,2026/04/21,"36,398,563"
الخدمات الرقمية,عام,القطاع العام,خدمة إلكترونية,2026/04/21,"36,397,277"
الخدمات الرقمية,عام,القطاع العام,خدمة إلكترونية,2026/04/21,"36,391,169"
الخدمات الرقمية,عام,القطاع العام,خدمة إلكترونية,2026/04/21,"36,393,156"
الخدمات الرقمية,عام,القطاع العام,خدمة إلكترونية,2026/04/21,"36,397,175"
الخدمات الرقمية,عام,القطاع العام,خدمة إلكترونية,2026/04/21,"36,400,726"
الخدمات الرقمية,عام,القطاع العام,خدمة إلكترونية,2026/04/21,"36,399,481"
الخدمات الرقمية,عام,القطاع العام,خدمة إلكترونية,2026/04/21,"36,398,058"
الخدمات الرقمية,عام,القطاع العام,خدمة إلكترونية,2026/04/21,"36,397,518"
الخدمات الرقمية,عام,القطاع العام,خدمة إلكترونية,2026/04/21,"36,401,345"
الخدمات الرقمية,عام,القطاع العام,خدمة إلكترونية,2026/04/21,"36,398,280"
الخدمات الرقمية,عام,القطاع العام,خدمة إلكترونية,2026/04/21,"36,395,759"
الخدمات الرقمية,عام,القطاع العام,خدمة إلكترونية,2026/04/21,"36,399,045"
الخدمات الرقمية,عام,القطاع العام,خدمة إلكترونية,2026/04/21,"36,399,414"
الخدمات الرقمية,عام,القطاع العام,خدمة إلكترونية,2026/04/21,"36,394,132"
الخدمات الرقمية,عام,القطاع العام,خدمة إلكترونية,2026/04/21,"36,401,306"
الخدمات الرقمية,عام,القطاع العام,خدمة إلكترونية,2026/04/21,"36,395,603"
الخدمات الرقمية,عام,القطاع العام,خدمة إلكترونية,2026/04/21,"36,395,933"
الخدمات الرقمية,عام,القطاع العام,خدمة إلكترونية,2026/04/21,"36,405,090"
الخدمات الرقمية,عام,القطاع العام,خدمة إلكترونية,2026/04/21,"36,404,048"
الخدمات الرقمية,عام,القطاع العام,خدمة إلكترونية,2026/04/21,"36,405,075"
الخدمات الرقمية,عام,القطاع العام,خدمة إلكترونية,2026/04/21,"36,404,687"
 الرياض,الرياض,القطاع الخاص,خدمة إلكترونية جزئيا,2026/04/21,"36,399,111"
الخدمات الرقمية,عام,القطاع العام,خدمة إلكترونية,2026/04/21,"36,392,700"
 المدينة المنوره,المدينة المنورة,القطاع الخاص,خدمة إلكترونية جزئيا,2026/04/22,"36,420,277"
 المدينة المنوره,المدينة المنورة,القطاع الخاص,خدمة إلكترونية جزئيا,2026/04/22,"36,413,172"
 المدينة المنوره,المدينة المنورة,القطاع الخاص,خدمة إلكترونية جزئيا,2026/04/22,"36,435,080"
 المدينة المنوره,المدينة المنورة,القطاع الخاص,خدمة إلكترونية جزئيا,2026/04/22,"36,426,572"
 نجران,نجران,القطاع الخاص,خدمة إلكترونية جزئيا,2026/04/22,"36,421,704"
 نجران,نجران,القطاع الخاص,خدمة إلكترونية جزئيا,2026/04/22,"36,422,808"
 نجران,نجران,القطاع الخاص,خدمة إلكترونية جزئيا,2026/04/22,"36,420,153"
 الرياض,الخرج,القطاع الخاص,خدمة إلكترونية جزئيا,2026/04/22,"36,435,869"
 الحدود الشمالية,عرعر,القطاع الخاص,خدمة إلكترونية جزئيا,2026/04/22,"36,435,418"
 مكة المكرمه,الطائف,القطاع الخاص,خدمة إلكترونية جزئيا,2026/04/22,"36,430,663"
 مكة المكرمه,الطائف,القطاع الخاص,خدمة إلكترونية جزئيا,2026/04/22,"36,430,513"
 القصيم,بريده,القطاع الخاص,خدمة إلكترونية جزئيا,2026/04/22,"36,432,760"
 القصيم,بريده,القطاع الخاص,خدمة إلكترونية جزئيا,2026/04/22,"36,433,196"
 القصيم,بريده,القطاع الخاص,خدمة إلكترونية جزئيا,2026/04/22,"36,437,230"
 القصيم,بريده,القطاع الخاص,خدمة إلكترونية جزئيا,2026/04/22,"36,437,556"
 القصيم,بريده,القطاع الخاص,خدمة إلكترونية جزئيا,2026/04/22,"36,437,194"
 القصيم,بريده,القطاع الخاص,خدمة إلكترونية جزئيا,2026/04/22,"36,437,071"
 القصيم,بريده,القطاع الخاص,خدمة إلكترونية جزئيا,2026/04/22,"36,436,616"
 القصيم,بريده,القطاع الخاص,خدمة إلكترونية جزئيا,2026/04/22,"36,436,918"
 مكة المكرمه,جده,القطاع الخاص,خدمة إلكترونية جزئيا,2026/04/22,"36,420,532"
 مكة المكرمه,جده,القطاع الخاص,خدمة إلكترونية جزئيا,2026/04/22,"36,422,251"
 مكة المكرمه,جده,القطاع الخاص,خدمة إلكترونية جزئيا,2026/04/22,"36,421,804"
 مكة المكرمه,جده,القطاع الخاص,خدمة إلكترونية جزئيا,2026/04/22,"36,432,279"
 الشرقية,الدمام,القطاع الخاص,خدمة إلكترونية جزئيا,2026/04/22,"36,424,533"
 الشرقية,الدمام,القطاع الخاص,خدمة إلكترونية جزئيا,2026/04/22,"36,420,354"
 الشرقية,الدمام,القطاع الخاص,خدمة إلكترونية جزئيا,2026/04/22,"36,422,368"
 الشرقية,الدمام,القطاع الخاص,خدمة إلكترونية جزئيا,2026/04/22,"36,427,967"
 الشرقية,الدمام,القطاع الخاص,خدمة إلكترونية جزئيا,2026/04/22,"36,430,067"
 مكة المكرمه,مكة المكرمة,القطاع الخاص,خدمة إلكترونية جزئيا,2026/04/22,"36,423,532"
 مكة المكرمه,مكة المكرمة,القطاع الخاص,خدمة إلكترونية جزئيا,2026/04/22,"36,420,594"
 مكة المكرمه,مكة المكرمة,القطاع الخاص,خدمة إلكترونية جزئيا,2026/04/22,"36,420,060"
 مكة المكرمه,مكة المكرمة,القطاع الخاص,خدمة إلكترونية جزئيا,2026/04/22,"36,434,127"
 مكة المكرمه,مكة المكرمة,القطاع الخاص,خدمة إلكترونية جزئيا,2026/04/22,"36,434,402"
 الرياض,الرياض,القطاع الخاص,خدمة إلكترونية جزئيا,2026/04/22,"36,419,559"
 الرياض,الرياض,القطاع الخاص,خدمة إلكترونية جزئيا,2026/04/22,"36,419,941"
 الرياض,الرياض,القطاع الخاص,خدمة إلكترونية جزئيا,2026/04/22,"36,425,182"
 الرياض,الرياض,القطاع الخاص,خدمة إلكترونية جزئيا,2026/04/22,"36,424,700"
 الرياض,الرياض,القطاع الخاص,خدمة إلكترونية جزئيا,2026/04/22,"36,418,892"
 الرياض,الرياض,القطاع الخاص,خدمة إلكترونية جزئيا,2026/04/22,"36,431,693"
 الرياض,الرياض,القطاع الخاص,خدمة إلكترونية جزئيا,2026/04/22,"36,431,766"
 الرياض,الرياض,القطاع الخاص,خدمة إلكترونية جزئيا,2026/04/22,"36,419,854"
 الرياض,الرياض,القطاع الخاص,خدمة إلكترونية جزئيا,2026/04/22,"36,418,089"
 الرياض,الرياض,القطاع الخاص,خدمة إلكترونية جزئيا,2026/04/22,"36,418,358"
 الرياض,الرياض,القطاع الخاص,خدمة إلكترونية جزئيا,2026/04/22,"36,425,264"
 الرياض,الرياض,القطاع الخاص,خدمة إلكترونية جزئيا,2026/04/22,"36,424,843"
الخدمات الرقمية,عام,القطاع العام,خدمة إلكترونية,2026/04/22,"36,429,267"
 الرياض,الرياض,القطاع الخاص,خدمة إلكترونية جزئيا,2026/04/22,"36,425,138"
 الرياض,الرياض,القطاع الخاص,خدمة إلكترونية جزئيا,2026/04/22,"36,431,998"
 الشرقية,الدمام,القطاع الخاص,خدمة إلكترونية جزئيا,2026/04/22,"36,428,241"
 الرياض,الرياض,القطاع الخاص,خدمة إلكترونية جزئيا,2026/04/22,"36,424,822"
 نجران,نجران,القطاع الخاص,خدمة إلكترونية جزئيا,2026/04/22,"36,423,595"
 مكة المكرمه,جده,القطاع الخاص,خدمة إلكترونية جزئيا,2026/04/22,"36,421,985"
 مكة المكرمه,جده,القطاع الخاص,خدمة إلكترونية جزئيا,2026/04/22,"36,422,774"
 الرياض,الرياض,القطاع الخاص,خدمة إلكترونية جزئيا,2026/04/22,"36,425,025"
 الشرقية,حفر الباطن,القطاع الخاص,خدمة إلكترونية جزئيا,2026/04/22,"36,432,532"
 الرياض,الرياض,القطاع الخاص,خدمة إلكترونية جزئيا,2026/04/22,"36,429,459"
 مكة المكرمه,جده,القطاع الخاص,خدمة إلكترونية جزئيا,2026/04/22,"36,432,617"
 الرياض,الخرج,القطاع الخاص,خدمة إلكترونية جزئيا,2026/04/22,"36,436,060"
 المدينة المنوره,المدينة المنورة,القطاع الخاص,خدمة إلكترونية جزئيا,2026/04/22,"36,413,176"
 القصيم,بريده,القطاع الخاص,خدمة إلكترونية جزئيا,2026/04/22,"36,433,339"
 مكة المكرمه,مكة المكرمة,القطاع الخاص,خدمة إلكترونية جزئيا,2026/04/22,"36,434,466"
 الشرقية,الدمام,القطاع الخاص,خدمة إلكترونية جزئيا,2026/04/22,"36,430,141"
 المدينة المنوره,المدينة المنورة,القطاع الخاص,خدمة إلكترونية جزئيا,2026/04/22,"36,420,470"
 الحدود الشمالية,عرعر,القطاع الخاص,خدمة إلكترونية جزئيا,2026/04/22,"36,435,432"
 المدينة المنوره,المدينة المنورة,القطاع الخاص,خدمة إلكترونية جزئيا,2026/04/22,"36,435,197"
 الشرقية,الدمام,القطاع الخاص,خدمة إلكترونية جزئيا,2026/04/22,"36,422,883"
 الشرقية,الدمام,القطاع الخاص,خدمة إلكترونية جزئيا,2026/04/22,"36,420,579"
 الرياض,الرياض,القطاع الخاص,خدمة إلكترونية جزئيا,2026/04/22,"36,418,116"
 مكة المكرمه,مكة المكرمة,القطاع الخاص,خدمة إلكترونية جزئيا,2026/04/22,"36,423,068"
 مكة المكرمه,مكة المكرمة,القطاع الخاص,خدمة إلكترونية جزئيا,2026/04/22,"36,420,709"
 مكة المكرمه,مكة المكرمة,القطاع الخاص,خدمة إلكترونية جزئيا,2026/04/22,"36,420,141"
 الرياض,الرياض,القطاع الخاص,خدمة إلكترونية جزئيا,2026/04/22,"36,425,893"
 الرياض,الرياض,القطاع الخاص,خدمة إلكترونية جزئيا,2026/04/22,"36,418,453"
 المدينة المنوره,المدينة المنورة,القطاع الخاص,خدمة إلكترونية جزئيا,2026/04/22,"36,426,807"
 الرياض,الرياض,القطاع الخاص,خدمة إلكترونية جزئيا,2026/04/22,"36,419,964"
 الرياض,الرياض,القطاع الخاص,خدمة إلكترونية جزئيا,2026/04/22,"36,424,984"
 الرياض,الرياض,القطاع الخاص,خدمة إلكترونية جزئيا,2026/04/22,"36,425,326"
 مكة المكرمه,مكة المكرمة,القطاع الخاص,خدمة إلكترونية جزئيا,2026/04/22,"36,423,719"
الخدمات الرقمية,عام,القطاع العام,خدمة إلكترونية,2026/04/22,"36,423,909"
الخدمات الرقمية,عام,القطاع العام,خدمة إلكترونية,2026/04/22,"36,423,960"
الخدمات الرقمية,عام,القطاع العام,خدمة إلكترونية,2026/04/22,"36,423,998"
الخدمات الرقمية,عام,القطاع العام,خدمة إلكترونية,2026/04/22,"36,421,338"
الخدمات الرقمية,عام,القطاع العام,خدمة إلكترونية,2026/04/22,"36,424,334"
الخدمات الرقمية,عام,القطاع العام,خدمة إلكترونية,2026/04/22,"36,423,611"
الخدمات الرقمية,عام,القطاع العام,خدمة إلكترونية,2026/04/22,"36,414,999"
الخدمات الرقمية,عام,القطاع العام,خدمة إلكترونية,2026/04/22,"36,423,593"
الخدمات الرقمية,عام,القطاع العام,خدمة إلكترونية,2026/04/22,"36,423,939"
الخدمات الرقمية,عام,القطاع العام,خدمة إلكترونية,2026/04/22,"36,424,066"
الخدمات الرقمية,عام,القطاع العام,خدمة إلكترونية,2026/04/22,"36,425,392"
الخدمات الرقمية,عام,القطاع العام,خدمة إلكترونية,2026/04/22,"36,423,566"
الخدمات الرقمية,عام,القطاع العام,خدمة إلكترونية,2026/04/22,"36,418,903"
الخدمات الرقمية,عام,القطاع العام,خدمة إلكترونية,2026/04/22,"36,421,137"
الخدمات الرقمية,عام,القطاع العام,خدمة إلكترونية,2026/04/22,"36,421,694"
الخدمات الرقمية,عام,القطاع العام,خدمة إلكترونية,2026/04/22,"36,422,000"
الخدمات الرقمية,عام,القطاع العام,خدمة إلكترونية,2026/04/22,"36,423,893"
الخدمات الرقمية,عام,القطاع العام,خدمة إلكترونية,2026/04/22,"36,417,364"
الخدمات الرقمية,عام,القطاع العام,خدمة إلكترونية,2026/04/22,"36,422,317"
الخدمات الرقمية,عام,القطاع العام,خدمة إلكترونية,2026/04/22,"36,426,397"
الخدمات الرقمية,عام,القطاع العام,خدمة إلكترونية,2026/04/22,"36,420,660"
الخدمات الرقمية,عام,القطاع العام,خدمة إلكترونية,2026/04/22,"36,420,606"
الخدمات الرقمية,عام,القطاع العام,خدمة إلكترونية,2026/04/22,"36,420,743"
الخدمات الرقمية,عام,القطاع العام,خدمة إلكترونية,2026/04/22,"36,423,722"
الخدمات الرقمية,عام,القطاع العام,خدمة إلكترونية,2026/04/22,"36,420,704"
الخدمات الرقمية,عام,القطاع العام,خدمة إلكترونية,2026/04/22,"36,424,321"
الخدمات الرقمية,عام,القطاع العام,خدمة إلكترونية,2026/04/22,"36,426,376"
الخدمات الرقمية,عام,القطاع العام,خدمة إلكترونية,2026/04/22,"36,423,473"
الخدمات الرقمية,عام,القطاع العام,خدمة إلكترونية,2026/04/22,"36,416,323"
الخدمات الرقمية,عام,القطاع العام,خدمة إلكترونية,2026/04/22,"36,420,831"
الخدمات الرقمية,عام,القطاع العام,خدمة إلكترونية,2026/04/22,"36,423,527"
الخدمات الرقمية,عام,القطاع العام,خدمة إلكترونية,2026/04/22,"36,418,477"
الخدمات الرقمية,عام,القطاع العام,خدمة إلكترونية,2026/04/22,"36,431,459"
الخدمات الرقمية,عام,القطاع العام,خدمة إلكترونية,2026/04/22,"36,429,564"
الخدمات الرقمية,عام,القطاع العام,خدمة إلكترونية,2026/04/22,"36,432,804"
الخدمات الرقمية,عام,القطاع العام,خدمة إلكترونية,2026/04/22,"36,431,488"
الخدمات الرقمية,عام,القطاع العام,خدمة إلكترونية,2026/04/22,"36,430,825"
الخدمات الرقمية,عام,القطاع العام,خدمة إلكترونية,2026/04/22,"36,431,440"
الخدمات الرقمية,عام,القطاع العام,خدمة إلكترونية,2026/04/22,"36,431,428"
الخدمات الرقمية,عام,القطاع العام,خدمة إلكترونية,2026/04/22,"36,431,502"
الخدمات الرقمية,عام,القطاع العام,خدمة إلكترونية,2026/04/22,"36,428,828"
الخدمات الرقمية,عام,القطاع العام,خدمة إلكترونية,2026/04/22,"36,423,528"
الخدمات الرقمية,عام,القطاع العام,خدمة إلكترونية,2026/04/22,"36,423,742"
الخدمات الرقمية,عام,القطاع العام,خدمة إلكترونية,2026/04/22,"36,426,228"
الخدمات الرقمية,عام,القطاع العام,خدمة إلكترونية,2026/04/22,"36,426,506"
الخدمات الرقمية,عام,القطاع العام,خدمة إلكترونية,2026/04/22,"36,425,874"
الخدمات الرقمية,عام,القطاع العام,خدمة إلكترونية,2026/04/22,"36,424,804"
الخدمات الرقمية,عام,القطاع العام,خدمة إلكترونية,2026/04/22,"36,422,765"
الخدمات الرقمية,عام,القطاع العام,خدمة إلكترونية,2026/04/22,"36,418,994"
الخدمات الرقمية,عام,القطاع العام,خدمة إلكترونية,2026/04/22,"36,424,539"
الخدمات الرقمية,عام,القطاع العام,خدمة إلكترونية,2026/04/22,"36,426,808"
الخدمات الرقمية,عام,القطاع العام,خدمة إلكترونية,2026/04/22,"36,424,908"
الخدمات الرقمية,عام,القطاع العام,خدمة إلكترونية,2026/04/22,"36,426,756"
الخدمات الرقمية,عام,القطاع العام,خدمة إلكترونية,2026/04/22,"36,426,727"
الخدمات الرقمية,عام,القطاع العام,خدمة إلكترونية,2026/04/22,"36,424,402"
الخدمات الرقمية,عام,القطاع العام,خدمة إلكترونية,2026/04/22,"36,427,243"
الخدمات الرقمية,عام,القطاع العام,خدمة إلكترونية,2026/04/22,"36,427,591"
الخدمات الرقمية,عام,القطاع العام,خدمة إلكترونية,2026/04/22,"36,427,855"
الخدمات الرقمية,عام,القطاع العام,خدمة إلكترونية,2026/04/22,"36,428,565"
الخدمات الرقمية,عام,القطاع العام,خدمة إلكترونية,2026/04/22,"36,427,628"
الخدمات الرقمية,عام,القطاع العام,خدمة إلكترونية,2026/04/22,"36,427,972"
الخدمات الرقمية,عام,القطاع العام,خدمة إلكترونية,2026/04/22,"36,430,500"
الخدمات الرقمية,عام,القطاع العام,خدمة إلكترونية,2026/04/22,"36,428,321"
الخدمات الرقمية,عام,القطاع العام,خدمة إلكترونية,2026/04/22,"36,428,877"
الخدمات الرقمية,عام,القطاع العام,خدمة إلكترونية,2026/04/22,"36,430,411"
الخدمات الرقمية,عام,القطاع العام,خدمة إلكترونية,2026/04/22,"36,428,169"
الخدمات الرقمية,عام,القطاع العام,خدمة إلكترونية,2026/04/22,"36,430,225"
الخدمات الرقمية,عام,القطاع العام,خدمة إلكترونية,2026/04/22,"36,428,837"
الخدمات الرقمية,عام,القطاع العام,خدمة إلكترونية,2026/04/22,"36,432,606"
الخدمات الرقمية,عام,القطاع العام,خدمة إلكترونية,2026/04/22,"36,428,331"
الخدمات الرقمية,عام,القطاع العام,خدمة إلكترونية,2026/04/22,"36,430,117"
الخدمات الرقمية,عام,القطاع العام,خدمة إلكترونية,2026/04/22,"36,433,635"
الخدمات الرقمية,عام,القطاع العام,خدمة إلكترونية,2026/04/22,"36,428,058"
الخدمات الرقمية,عام,القطاع العام,خدمة إلكترونية,2026/04/22,"36,429,467"
الخدمات الرقمية,عام,القطاع العام,خدمة إلكترونية,2026/04/22,"36,433,792"
الخدمات الرقمية,عام,القطاع العام,خدمة إلكترونية,2026/04/22,"36,431,313"
الخدمات الرقمية,عام,القطاع العام,خدمة إلكترونية,2026/04/22,"36,431,213"
الخدمات الرقمية,عام,القطاع العام,خدمة إلكترونية,2026/04/22,"36,432,270"
الخدمات الرقمية,عام,القطاع العام,خدمة إلكترونية,2026/04/22,"36,430,362"
الخدمات الرقمية,عام,القطاع العام,خدمة إلكترونية,2026/04/22,"36,429,190"
الخدمات الرقمية,عام,القطاع العام,خدمة إلكترونية,2026/04/22,"36,433,695"
الخدمات الرقمية,عام,القطاع العام,خدمة إلكترونية,2026/04/22,"36,431,436"
الخدمات الرقمية,عام,القطاع العام,خدمة إلكترونية,2026/04/22,"36,427,170"
الخدمات الرقمية,عام,القطاع العام,خدمة إلكترونية,2026/04/22,"36,430,860"
الخدمات الرقمية,عام,القطاع العام,خدمة إلكترونية,2026/04/22,"36,434,500"
الخدمات الرقمية,عام,القطاع العام,خدمة إلكترونية,2026/04/22,"36,430,171"
الخدمات الرقمية,عام,القطاع العام,خدمة إلكترونية,2026/04/22,"36,430,534"
الخدمات الرقمية,عام,القطاع العام,خدمة إلكترونية,2026/04/22,"36,431,828"
الخدمات الرقمية,عام,القطاع العام,خدمة إلكترونية,2026/04/22,"36,428,148"
الخدمات الرقمية,عام,القطاع العام,خدمة إلكترونية,2026/04/22,"36,427,704"
الخدمات الرقمية,عام,القطاع العام,خدمة إلكترونية,2026/04/22,"36,429,236"
الخدمات الرقمية,عام,القطاع العام,خدمة إلكترونية,2026/04/22,"36,427,968"
الخدمات الرقمية,عام,القطاع العام,خدمة إلكترونية,2026/04/22,"36,428,103"
الخدمات الرقمية,عام,القطاع العام,خدمة إلكترونية,2026/04/22,"36,428,596"
الخدمات الرقمية,عام,القطاع العام,خدمة إلكترونية,2026/04/22,"36,428,964"
 الرياض,الرياض,القطاع الخاص,خدمة إلكترونية جزئيا,2026/04/22,"36,419,169"
 الرياض,الرياض,القطاع الخاص,خدمة إلكترونية جزئيا,2026/04/22,"36,419,801"
 الرياض,الرياض,القطاع الخاص,خدمة إلكترونية جزئيا,2026/04/22,"36,425,287"
 الرياض,الرياض,القطاع الخاص,خدمة إلكترونية جزئيا,2026/04/22,"36,420,281"
 الرياض,الرياض,القطاع الخاص,خدمة إلكترونية جزئيا,2026/04/22,"36,424,773"
الخدمات الرقمية,عام,القطاع العام,خدمة إلكترونية,2026/04/22,"36,420,680"
الخدمات الرقمية,عام,القطاع العام,خدمة إلكترونية,2026/04/22,"36,420,733"
الخدمات الرقمية,عام,القطاع العام,خدمة إلكترونية,2026/04/22,"36,422,982"
الخدمات الرقمية,عام,القطاع العام,خدمة إلكترونية,2026/04/22,"36,420,303"
الخدمات الرقمية,عام,القطاع العام,خدمة إلكترونية,2026/04/22,"36,423,563"
الخدمات الرقمية,عام,القطاع العام,خدمة إلكترونية,2026/04/22,"36,422,022"
الخدمات الرقمية,عام,القطاع العام,خدمة إلكترونية,2026/04/22,"36,422,416"
الخدمات الرقمية,عام,القطاع العام,خدمة إلكترونية,2026/04/22,"36,420,341"
الخدمات الرقمية,عام,القطاع العام,خدمة إلكترونية,2026/04/22,"36,424,097"
الخدمات الرقمية,عام,القطاع العام,خدمة إلكترونية,2026/04/22,"36,425,736"
الخدمات الرقمية,عام,القطاع العام,خدمة إلكترونية,2026/04/22,"36,424,809"
الخدمات الرقمية,عام,القطاع العام,خدمة إلكترونية,2026/04/22,"36,428,235"
الخدمات الرقمية,عام,القطاع العام,خدمة إلكترونية,2026/04/22,"36,428,654"
الخدمات الرقمية,عام,القطاع العام,خدمة إلكترونية,2026/04/22,"36,428,338"
الخدمات الرقمية,عام,القطاع العام,خدمة إلكترونية,2026/04/22,"36,434,792"
الخدمات الرقمية,عام,القطاع العام,خدمة إلكترونية,2026/04/22,"36,428,269"
الخدمات الرقمية,عام,القطاع العام,خدمة إلكترونية,2026/04/22,"36,428,546"
الخدمات الرقمية,عام,القطاع العام,خدمة إلكترونية,2026/04/22,"36,429,432"
الخدمات الرقمية,عام,القطاع العام,خدمة إلكترونية,2026/04/22,"36,431,493"
الخدمات الرقمية,عام,القطاع العام,خدمة إلكترونية,2026/04/22,"36,432,594"
الخدمات الرقمية,عام,القطاع العام,خدمة إلكترونية,2026/04/22,"36,436,709"
الخدمات الرقمية,عام,القطاع العام,خدمة إلكترونية,2026/04/22,"36,436,251"
الخدمات الرقمية,عام,القطاع العام,خدمة إلكترونية,2026/04/22,"36,436,144"
الخدمات الرقمية,عام,القطاع العام,خدمة إلكترونية,2026/04/22,"36,429,808"
الخدمات الرقمية,عام,القطاع العام,خدمة إلكترونية,2026/04/22,"36,436,304"
الخدمات الرقمية,عام,القطاع العام,خدمة إلكترونية,2026/04/22,"36,430,942"
الخدمات الرقمية,عام,القطاع العام,خدمة إلكترونية,2026/04/22,"36,437,542"
الخدمات الرقمية,عام,القطاع العام,خدمة إلكترونية,2026/04/22,"36,436,421"
الخدمات الرقمية,عام,القطاع العام,خدمة إلكترونية,2026/04/22,"36,422,782"
 القصيم,بريده,القطاع الخاص,خدمة إلكترونية جزئيا,2026/04/22,"36,425,903"
 تبوك,تبوك,القطاع الخاص,خدمة إلكترونية جزئيا,2026/04/23,"36,448,800"
 الشرقية,الاحساء,القطاع الخاص,خدمة إلكترونية جزئيا,2026/04/23,"36,451,705"
 الجوف,سكاكا,القطاع الخاص,خدمة إلكترونية جزئيا,2026/04/23,"36,453,648"
 مكة المكرمه,الطائف,القطاع الخاص,خدمة إلكترونية جزئيا,2026/04/23,"36,449,912"
 مكة المكرمه,الطائف,القطاع الخاص,خدمة إلكترونية جزئيا,2026/04/23,"36,450,602"
 القصيم,بريده,القطاع الخاص,خدمة إلكترونية جزئيا,2026/04/23,"36,449,468"
 الشرقية,الدمام,القطاع الخاص,خدمة إلكترونية جزئيا,2026/04/23,"36,447,853"
 الشرقية,الدمام,القطاع الخاص,خدمة إلكترونية جزئيا,2026/04/23,"36,457,118"
 مكة المكرمه,مكة المكرمة,القطاع الخاص,خدمة إلكترونية جزئيا,2026/04/23,"36,449,581"
 مكة المكرمه,مكة المكرمة,القطاع الخاص,خدمة إلكترونية جزئيا,2026/04/23,"36,450,013"
 مكة المكرمه,مكة المكرمة,القطاع الخاص,خدمة إلكترونية جزئيا,2026/04/23,"36,448,850"
 مكة المكرمه,مكة المكرمة,القطاع الخاص,خدمة إلكترونية جزئيا,2026/04/23,"36,457,678"
 مكة المكرمه,مكة المكرمة,القطاع الخاص,خدمة إلكترونية جزئيا,2026/04/23,"36,463,033"
 الرياض,الرياض,القطاع الخاص,خدمة إلكترونية جزئيا,2026/04/23,"36,465,325"
 الرياض,الرياض,القطاع الخاص,خدمة إلكترونية جزئيا,2026/04/23,"36,452,521"
 الرياض,الرياض,القطاع الخاص,خدمة إلكترونية جزئيا,2026/04/23,"36,449,600"
 الرياض,الرياض,القطاع الخاص,خدمة إلكترونية جزئيا,2026/04/23,"36,449,289"
 الرياض,الرياض,القطاع الخاص,خدمة إلكترونية جزئيا,2026/04/23,"36,446,458"
 الرياض,الرياض,القطاع الخاص,خدمة إلكترونية جزئيا,2026/04/23,"36,463,806"
 الرياض,الرياض,القطاع الخاص,خدمة إلكترونية جزئيا,2026/04/23,"36,448,509"
 الرياض,الرياض,القطاع الخاص,خدمة إلكترونية جزئيا,2026/04/23,"36,448,436"
 الرياض,الرياض,القطاع الخاص,خدمة إلكترونية جزئيا,2026/04/23,"36,450,655"
 الرياض,الرياض,القطاع الخاص,خدمة إلكترونية جزئيا,2026/04/23,"36,450,998"
 الرياض,الرياض,القطاع الخاص,خدمة إلكترونية جزئيا,2026/04/23,"36,452,317"
 الرياض,الرياض,القطاع الخاص,خدمة إلكترونية جزئيا,2026/04/23,"36,449,080"
الخدمات الرقمية,عام,القطاع العام,خدمة إلكترونية,2026/04/23,"36,451,486"
 الرياض,الرياض,القطاع الخاص,خدمة إلكترونية جزئيا,2026/04/23,"36,453,459"
 الرياض,الرياض,القطاع الخاص,خدمة إلكترونية جزئيا,2026/04/23,"36,450,801"
 الرياض,الرياض,القطاع الخاص,خدمة إلكترونية جزئيا,2026/04/23,"36,451,082"
 الرياض,الرياض,القطاع الخاص,خدمة إلكترونية جزئيا,2026/04/23,"36,448,648"
 الشرقية,الدمام,القطاع الخاص,خدمة إلكترونية جزئيا,2026/04/23,"36,457,720"
 مكة المكرمه,مكة المكرمة,القطاع الخاص,خدمة إلكترونية جزئيا,2026/04/23,"36,463,151"
 الشرقية,الاحساء,القطاع الخاص,خدمة إلكترونية جزئيا,2026/04/23,"36,451,830"
 الرياض,الرياض,القطاع الخاص,خدمة إلكترونية جزئيا,2026/04/23,"36,452,486"
 الرياض,الرياض,القطاع الخاص,خدمة إلكترونية جزئيا,2026/04/23,"36,448,554"
 الشرقية,الدمام,القطاع الخاص,خدمة إلكترونية جزئيا,2026/04/23,"36,446,505"
 مكة المكرمه,جده,القطاع الخاص,خدمة إلكترونية جزئيا,2026/04/23,"36,448,998"
 الرياض,الرياض,القطاع الخاص,خدمة إلكترونية جزئيا,2026/04/23,"36,465,544"
 الشرقية,الدمام,القطاع الخاص,خدمة إلكترونية جزئيا,2026/04/23,"36,447,938"
 الرياض,الرياض,القطاع الخاص,خدمة إلكترونية جزئيا,2026/04/23,"36,452,626"
 مكة المكرمه,مكة المكرمة,القطاع الخاص,خدمة إلكترونية جزئيا,2026/04/23,"36,450,191"
 تبوك,تبوك,القطاع الخاص,خدمة إلكترونية جزئيا,2026/04/23,"36,448,923"
 الرياض,الرياض,القطاع الخاص,خدمة إلكترونية جزئيا,2026/04/23,"36,449,409"
 الرياض,الرياض,القطاع الخاص,خدمة إلكترونية جزئيا,2026/04/23,"36,450,302"
 الرياض,الرياض,القطاع الخاص,خدمة إلكترونية جزئيا,2026/04/23,"36,452,629"
 الرياض,الرياض,القطاع الخاص,خدمة إلكترونية جزئيا,2026/04/23,"36,449,639"
 مكة المكرمه,مكة المكرمة,القطاع الخاص,خدمة إلكترونية جزئيا,2026/04/23,"36,449,865"
 مكة المكرمه,مكة المكرمة,القطاع الخاص,خدمة إلكترونية جزئيا,2026/04/23,"36,449,068"
 مكة المكرمه,مكة المكرمة,القطاع الخاص,خدمة إلكترونية جزئيا,2026/04/23,"36,457,859"
الخدمات الرقمية,عام,القطاع العام,خدمة إلكترونية,2026/04/23,"36,444,713"
الخدمات الرقمية,عام,القطاع العام,خدمة إلكترونية,2026/04/23,"36,445,759"
الخدمات الرقمية,عام,القطاع العام,خدمة إلكترونية,2026/04/23,"36,454,283"
الخدمات الرقمية,عام,القطاع العام,خدمة إلكترونية,2026/04/23,"36,446,321"
الخدمات الرقمية,عام,القطاع العام,خدمة إلكترونية,2026/04/23,"36,445,934"
الخدمات الرقمية,عام,القطاع العام,خدمة إلكترونية,2026/04/23,"36,456,141"
الخدمات الرقمية,عام,القطاع العام,خدمة إلكترونية,2026/04/23,"36,452,812"
الخدمات الرقمية,عام,القطاع العام,خدمة إلكترونية,2026/04/23,"36,458,875"
الخدمات الرقمية,عام,القطاع العام,خدمة إلكترونية,2026/04/23,"36,458,608"
الخدمات الرقمية,عام,القطاع العام,خدمة إلكترونية,2026/04/23,"36,458,850"
الخدمات الرقمية,عام,القطاع العام,خدمة إلكترونية,2026/04/23,"36,452,567"
الخدمات الرقمية,عام,القطاع العام,خدمة إلكترونية,2026/04/23,"36,458,942"
الخدمات الرقمية,عام,القطاع العام,خدمة إلكترونية,2026/04/23,"36,462,228"
الخدمات الرقمية,عام,القطاع العام,خدمة إلكترونية,2026/04/23,"36,457,833"
الخدمات الرقمية,عام,القطاع العام,خدمة إلكترونية,2026/04/23,"36,462,133"
الخدمات الرقمية,عام,القطاع العام,خدمة إلكترونية,2026/04/23,"36,462,356"
الخدمات الرقمية,عام,القطاع العام,خدمة إلكترونية,2026/04/23,"36,462,750"
الخدمات الرقمية,عام,القطاع العام,خدمة إلكترونية,2026/04/23,"36,462,278"
الخدمات الرقمية,عام,القطاع العام,خدمة إلكترونية,2026/04/23,"36,462,414"
الخدمات الرقمية,عام,القطاع العام,خدمة إلكترونية,2026/04/23,"36,462,479"
الخدمات الرقمية,عام,القطاع العام,خدمة إلكترونية,2026/04/23,"36,456,276"
الخدمات الرقمية,عام,القطاع العام,خدمة إلكترونية,2026/04/23,"36,460,856"
الخدمات الرقمية,عام,القطاع العام,خدمة إلكترونية,2026/04/23,"36,445,731"
الخدمات الرقمية,عام,القطاع العام,خدمة إلكترونية,2026/04/23,"36,458,469"
الخدمات الرقمية,عام,القطاع العام,خدمة إلكترونية,2026/04/23,"36,458,978"
الخدمات الرقمية,عام,القطاع العام,خدمة إلكترونية,2026/04/23,"36,458,990"
الخدمات الرقمية,عام,القطاع العام,خدمة إلكترونية,2026/04/23,"36,462,713"
الخدمات الرقمية,عام,القطاع العام,خدمة إلكترونية,2026/04/23,"36,462,345"
الخدمات الرقمية,عام,القطاع العام,خدمة إلكترونية,2026/04/23,"36,462,611"
الخدمات الرقمية,عام,القطاع العام,خدمة إلكترونية,2026/04/23,"36,462,183"
الخدمات الرقمية,عام,القطاع العام,خدمة إلكترونية,2026/04/23,"36,462,560"
الخدمات الرقمية,عام,القطاع العام,خدمة إلكترونية,2026/04/23,"36,462,335"
الخدمات الرقمية,عام,القطاع العام,خدمة إلكترونية,2026/04/23,"36,462,384"
الخدمات الرقمية,عام,القطاع العام,خدمة إلكترونية,2026/04/23,"36,462,602"
الخدمات الرقمية,عام,القطاع العام,خدمة إلكترونية,2026/04/23,"36,462,248"
الخدمات الرقمية,عام,القطاع العام,خدمة إلكترونية,2026/04/23,"36,459,104"
الخدمات الرقمية,عام,القطاع العام,خدمة إلكترونية,2026/04/23,"36,458,939"
الخدمات الرقمية,عام,القطاع العام,خدمة إلكترونية,2026/04/23,"36,462,566"
الخدمات الرقمية,عام,القطاع العام,خدمة إلكترونية,2026/04/23,"36,462,683"
الخدمات الرقمية,عام,القطاع العام,خدمة إلكترونية,2026/04/23,"36,446,641"
الخدمات الرقمية,عام,القطاع العام,خدمة إلكترونية,2026/04/23,"36,447,501"
الخدمات الرقمية,عام,القطاع العام,خدمة إلكترونية,2026/04/23,"36,452,093"
الخدمات الرقمية,عام,القطاع العام,خدمة إلكترونية,2026/04/23,"36,462,838"
الخدمات الرقمية,عام,القطاع العام,خدمة إلكترونية,2026/04/23,"36,462,822"
الخدمات الرقمية,عام,القطاع العام,خدمة إلكترونية,2026/04/23,"36,462,519"
الخدمات الرقمية,عام,القطاع العام,خدمة إلكترونية,2026/04/23,"36,445,750"
الخدمات الرقمية,عام,القطاع العام,خدمة إلكترونية,2026/04/23,"36,462,767"
الخدمات الرقمية,عام,القطاع العام,خدمة إلكترونية,2026/04/23,"36,462,648"
الخدمات الرقمية,عام,القطاع العام,خدمة إلكترونية,2026/04/23,"36,447,824"
الخدمات الرقمية,عام,القطاع العام,خدمة إلكترونية,2026/04/23,"36,448,747"
الخدمات الرقمية,عام,القطاع العام,خدمة إلكترونية,2026/04/23,"36,447,662"
الخدمات الرقمية,عام,القطاع العام,خدمة إلكترونية,2026/04/23,"36,448,086"
الخدمات الرقمية,عام,القطاع العام,خدمة إلكترونية,2026/04/23,"36,448,698"
الخدمات الرقمية,عام,القطاع العام,خدمة إلكترونية,2026/04/23,"36,452,838"
الخدمات الرقمية,عام,القطاع العام,خدمة إلكترونية,2026/04/23,"36,450,630"
الخدمات الرقمية,عام,القطاع العام,خدمة إلكترونية,2026/04/23,"36,449,197"
الخدمات الرقمية,عام,القطاع العام,خدمة إلكترونية,2026/04/23,"36,448,927"
الخدمات الرقمية,عام,القطاع العام,خدمة إلكترونية,2026/04/23,"36,450,613"
الخدمات الرقمية,عام,القطاع العام,خدمة إلكترونية,2026/04/23,"36,450,746"
الخدمات الرقمية,عام,القطاع العام,خدمة إلكترونية,2026/04/23,"36,453,592"
الخدمات الرقمية,عام,القطاع العام,خدمة إلكترونية,2026/04/23,"36,449,323"
الخدمات الرقمية,عام,القطاع العام,خدمة إلكترونية,2026/04/23,"36,448,885"
الخدمات الرقمية,عام,القطاع العام,خدمة إلكترونية,2026/04/23,"36,449,841"
الخدمات الرقمية,عام,القطاع العام,خدمة إلكترونية,2026/04/23,"36,447,333"
الخدمات الرقمية,عام,القطاع العام,خدمة إلكترونية,2026/04/23,"36,449,640"
الخدمات الرقمية,عام,القطاع العام,خدمة إلكترونية,2026/04/23,"36,451,686"
الخدمات الرقمية,عام,القطاع العام,خدمة إلكترونية,2026/04/23,"36,454,212"
الخدمات الرقمية,عام,القطاع العام,خدمة إلكترونية,2026/04/23,"36,453,872"
الخدمات الرقمية,عام,القطاع العام,خدمة إلكترونية,2026/04/23,"36,447,935"
الخدمات الرقمية,عام,القطاع العام,خدمة إلكترونية,2026/04/23,"36,449,332"
الخدمات الرقمية,عام,القطاع العام,خدمة إلكترونية,2026/04/23,"36,453,553"
الخدمات الرقمية,عام,القطاع العام,خدمة إلكترونية,2026/04/23,"36,449,304"
الخدمات الرقمية,عام,القطاع العام,خدمة إلكترونية,2026/04/23,"36,448,662"
الخدمات الرقمية,عام,القطاع العام,خدمة إلكترونية,2026/04/23,"36,449,941"
الخدمات الرقمية,عام,القطاع العام,خدمة إلكترونية,2026/04/23,"36,454,882"
الخدمات الرقمية,عام,القطاع العام,خدمة إلكترونية,2026/04/23,"36,448,866"
الخدمات الرقمية,عام,القطاع العام,خدمة إلكترونية,2026/04/23,"36,449,454"
الخدمات الرقمية,عام,القطاع العام,خدمة إلكترونية,2026/04/23,"36,449,413"
الخدمات الرقمية,عام,القطاع العام,خدمة إلكترونية,2026/04/23,"36,448,494"
الخدمات الرقمية,عام,القطاع العام,خدمة إلكترونية,2026/04/23,"36,441,508"
الخدمات الرقمية,عام,القطاع العام,خدمة إلكترونية,2026/04/23,"36,450,971"
الخدمات الرقمية,عام,القطاع العام,خدمة إلكترونية,2026/04/23,"36,452,022"
الخدمات الرقمية,عام,القطاع العام,خدمة إلكترونية,2026/04/23,"36,450,389"
الخدمات الرقمية,عام,القطاع العام,خدمة إلكترونية,2026/04/23,"36,454,688"
الخدمات الرقمية,عام,القطاع العام,خدمة إلكترونية,2026/04/23,"36,450,743"
الخدمات الرقمية,عام,القطاع العام,خدمة إلكترونية,2026/04/23,"36,453,443"
الخدمات الرقمية,عام,القطاع العام,خدمة إلكترونية,2026/04/23,"36,453,100"
الخدمات الرقمية,عام,القطاع العام,خدمة إلكترونية,2026/04/23,"36,452,206"
الخدمات الرقمية,عام,القطاع العام,خدمة إلكترونية,2026/04/23,"36,452,622"
الخدمات الرقمية,عام,القطاع العام,خدمة إلكترونية,2026/04/23,"36,440,913"
الخدمات الرقمية,عام,القطاع العام,خدمة إلكترونية,2026/04/23,"36,458,554"
الخدمات الرقمية,عام,القطاع العام,خدمة إلكترونية,2026/04/23,"36,452,327"
الخدمات الرقمية,عام,القطاع العام,خدمة إلكترونية,2026/04/23,"36,462,387"
الخدمات الرقمية,عام,القطاع العام,خدمة إلكترونية,2026/04/23,"36,450,662"
الخدمات الرقمية,عام,القطاع العام,خدمة إلكترونية,2026/04/23,"36,449,965"
الخدمات الرقمية,عام,القطاع العام,خدمة إلكترونية,2026/04/23,"36,457,978"
الخدمات الرقمية,عام,القطاع العام,خدمة إلكترونية,2026/04/23,"36,461,339"
الخدمات الرقمية,عام,القطاع العام,خدمة إلكترونية,2026/04/23,"36,458,421"
الخدمات الرقمية,عام,القطاع العام,خدمة إلكترونية,2026/04/23,"36,465,170"
الخدمات الرقمية,عام,القطاع العام,خدمة إلكترونية,2026/04/23,"36,466,078"
 مكة المكرمه,الطائف,القطاع الخاص,خدمة إلكترونية جزئيا,2026/04/23,"36,450,664"
 مكة المكرمه,جده,القطاع الخاص,خدمة إلكترونية جزئيا,2026/04/24,"36,481,039"
 الرياض,الرياض,القطاع الخاص,خدمة إلكترونية جزئيا,2026/04/24,"36,475,477"
 الرياض,الرياض,القطاع الخاص,خدمة إلكترونية جزئيا,2026/04/24,"36,474,864"
 الرياض,الرياض,القطاع الخاص,خدمة إلكترونية جزئيا,2026/04/24,"36,478,295"
 الرياض,الرياض,القطاع الخاص,خدمة إلكترونية جزئيا,2026/04/24,"36,478,320"
 الرياض,الرياض,القطاع الخاص,خدمة إلكترونية جزئيا,2026/04/24,"36,475,577"
 مكة المكرمه,جده,القطاع الخاص,خدمة إلكترونية جزئيا,2026/04/24,"36,481,170"
الخدمات الرقمية,عام,القطاع العام,خدمة إلكترونية,2026/04/24,"36,480,318"
الخدمات الرقمية,عام,القطاع العام,خدمة إلكترونية,2026/04/24,"36,476,069"
الخدمات الرقمية,عام,القطاع العام,خدمة إلكترونية,2026/04/24,"36,476,164"
 مكة المكرمه,مكة المكرمة,القطاع الخاص,خدمة إلكترونية جزئيا,2026/04/25,"36,488,146"
 مكة المكرمه,مكة المكرمة,القطاع الخاص,خدمة إلكترونية جزئيا,2026/04/25,"36,489,175"
 مكة المكرمه,مكة المكرمة,القطاع الخاص,خدمة إلكترونية جزئيا,2026/04/25,"36,488,682"
 الحدود الشمالية,عرعر,القطاع الخاص,خدمة إلكترونية جزئيا,2026/04/25,"36,489,140"
 مكة المكرمه,مكة المكرمة,القطاع الخاص,خدمة إلكترونية جزئيا,2026/04/25,"36,489,232"
 مكة المكرمه,مكة المكرمة,القطاع الخاص,خدمة إلكترونية جزئيا,2026/04/25,"36,488,312"
الخدمات الرقمية,عام,القطاع العام,خدمة إلكترونية,2026/04/25,"36,491,106"
 المدينة المنوره,المدينة المنورة,القطاع الخاص,خدمة إلكترونية جزئيا,2026/04/26,"36,509,038"
 المدينة المنوره,المدينة المنورة,القطاع الخاص,خدمة إلكترونية جزئيا,2026/04/26,"36,502,465"
 المدينة المنوره,المدينة المنورة,القطاع الخاص,خدمة إلكترونية جزئيا,2026/04/26,"36,502,641"
 الشرقية,الدمام,القطاع الخاص,خدمة إلكترونية جزئيا,2026/04/26,"36,497,693"
 الحدود الشمالية,عرعر,القطاع الخاص,خدمة إلكترونية جزئيا,2026/04/26,"36,509,136"
 الحدود الشمالية,عرعر,القطاع الخاص,خدمة إلكترونية جزئيا,2026/04/26,"36,510,888"
 مكة المكرمه,الطائف,القطاع الخاص,خدمة إلكترونية جزئيا,2026/04/26,"36,501,458"
 عسير,ابها,القطاع الخاص,خدمة إلكترونية جزئيا,2026/04/26,"36,505,799"
 عسير,ابها,القطاع الخاص,خدمة إلكترونية جزئيا,2026/04/26,"36,506,358"
 عسير,ابها,القطاع الخاص,خدمة إلكترونية جزئيا,2026/04/26,"36,500,584"
 القصيم,بريده,القطاع الخاص,خدمة إلكترونية جزئيا,2026/04/26,"36,512,175"
 القصيم,بريده,القطاع الخاص,خدمة إلكترونية جزئيا,2026/04/26,"36,512,341"
 القصيم,بريده,القطاع الخاص,خدمة إلكترونية جزئيا,2026/04/26,"36,512,295"
 القصيم,بريده,القطاع الخاص,خدمة إلكترونية جزئيا,2026/04/26,"36,511,762"
 القصيم,بريده,القطاع الخاص,خدمة إلكترونية جزئيا,2026/04/26,"36,510,738"
 القصيم,بريده,القطاع الخاص,خدمة إلكترونية جزئيا,2026/04/26,"36,512,223"
 القصيم,بريده,القطاع الخاص,خدمة إلكترونية جزئيا,2026/04/26,"36,510,271"
 مكة المكرمه,جده,القطاع الخاص,خدمة إلكترونية جزئيا,2026/04/26,"36,509,217"
 مكة المكرمه,جده,القطاع الخاص,خدمة إلكترونية جزئيا,2026/04/26,"36,509,151"
 مكة المكرمه,جده,القطاع الخاص,خدمة إلكترونية جزئيا,2026/04/26,"36,509,235"
 مكة المكرمه,جده,القطاع الخاص,خدمة إلكترونية جزئيا,2026/04/26,"36,500,806"
 مكة المكرمه,جده,القطاع الخاص,خدمة إلكترونية جزئيا,2026/04/26,"36,500,724"
 الشرقية,الدمام,القطاع الخاص,خدمة إلكترونية جزئيا,2026/04/26,"36,505,853"
 الشرقية,الدمام,القطاع الخاص,خدمة إلكترونية جزئيا,2026/04/26,"36,506,371"
 الشرقية,الدمام,القطاع الخاص,خدمة إلكترونية جزئيا,2026/04/26,"36,506,582"
 الشرقية,الدمام,القطاع الخاص,خدمة إلكترونية جزئيا,2026/04/26,"36,505,828"
 الشرقية,الدمام,القطاع الخاص,خدمة إلكترونية جزئيا,2026/04/26,"36,502,184"
 الشرقية,الدمام,القطاع الخاص,خدمة إلكترونية جزئيا,2026/04/26,"36,506,563"
 الشرقية,الدمام,القطاع الخاص,خدمة إلكترونية جزئيا,2026/04/26,"36,506,306"
 الشرقية,الدمام,القطاع الخاص,خدمة إلكترونية جزئيا,2026/04/26,"36,504,856"
 الشرقية,الدمام,القطاع الخاص,خدمة إلكترونية جزئيا,2026/04/26,"36,507,455"
 الشرقية,الدمام,القطاع الخاص,خدمة إلكترونية جزئيا,2026/04/26,"36,506,991"
 مكة المكرمه,مكة المكرمة,القطاع الخاص,خدمة إلكترونية جزئيا,2026/04/26,"36,506,831"
 مكة المكرمه,مكة المكرمة,القطاع الخاص,خدمة إلكترونية جزئيا,2026/04/26,"36,506,728"
 مكة المكرمه,مكة المكرمة,القطاع الخاص,خدمة إلكترونية جزئيا,2026/04/26,"36,502,434"
 مكة المكرمه,مكة المكرمة,القطاع الخاص,خدمة إلكترونية جزئيا,2026/04/26,"36,507,123"
 الرياض,الرياض,القطاع الخاص,خدمة إلكترونية جزئيا,2026/04/26,"36,508,246"
 الرياض,الرياض,القطاع الخاص,خدمة إلكترونية جزئيا,2026/04/26,"36,507,543"
 الرياض,الرياض,القطاع الخاص,خدمة إلكترونية جزئيا,2026/04/26,"36,501,831"
 الرياض,الرياض,القطاع الخاص,خدمة إلكترونية جزئيا,2026/04/26,"36,502,825"
 الرياض,الرياض,القطاع الخاص,خدمة إلكترونية جزئيا,2026/04/26,"36,504,302"
 الرياض,الرياض,القطاع الخاص,خدمة إلكترونية جزئيا,2026/04/26,"36,502,331"
 الرياض,الرياض,القطاع الخاص,خدمة إلكترونية جزئيا,2026/04/26,"36,502,260"
 الرياض,الرياض,القطاع الخاص,خدمة إلكترونية جزئيا,2026/04/26,"36,502,721"
 الرياض,الرياض,القطاع الخاص,خدمة إلكترونية جزئيا,2026/04/26,"36,497,229"
 الرياض,الرياض,القطاع الخاص,خدمة إلكترونية جزئيا,2026/04/26,"36,498,421"
 الرياض,الرياض,القطاع الخاص,خدمة إلكترونية جزئيا,2026/04/26,"36,499,784"
 الرياض,الرياض,القطاع الخاص,خدمة إلكترونية جزئيا,2026/04/26,"36,500,355"
 الرياض,الرياض,القطاع الخاص,خدمة إلكترونية جزئيا,2026/04/26,"36,509,200"
 الرياض,الرياض,القطاع الخاص,خدمة إلكترونية جزئيا,2026/04/26,"36,503,715"
 الرياض,الرياض,القطاع الخاص,خدمة إلكترونية جزئيا,2026/04/26,"36,503,893"
 الرياض,الرياض,القطاع الخاص,خدمة إلكترونية جزئيا,2026/04/26,"36,504,217"
 الرياض,الرياض,القطاع الخاص,خدمة إلكترونية جزئيا,2026/04/26,"36,502,974"
 الرياض,الرياض,القطاع الخاص,خدمة إلكترونية جزئيا,2026/04/26,"36,507,351"
 الرياض,الرياض,القطاع الخاص,خدمة إلكترونية جزئيا,2026/04/26,"36,500,513"
 الرياض,الرياض,القطاع الخاص,خدمة إلكترونية جزئيا,2026/04/26,"36,499,440"
 الرياض,الرياض,القطاع الخاص,خدمة إلكترونية جزئيا,2026/04/26,"36,499,051"
الخدمات الرقمية,عام,القطاع العام,خدمة إلكترونية,2026/04/26,"36,500,562"
 الرياض,الرياض,القطاع الخاص,خدمة إلكترونية جزئيا,2026/04/26,"36,500,433"
 المدينة المنوره,المدينة المنورة,القطاع الخاص,خدمة إلكترونية جزئيا,2026/04/26,"36,502,762"
 الشرقية,الدمام,القطاع الخاص,خدمة إلكترونية جزئيا,2026/04/26,"36,506,618"
 الشرقية,الدمام,القطاع الخاص,خدمة إلكترونية جزئيا,2026/04/26,"36,507,065"
 الرياض,الرياض,القطاع الخاص,خدمة إلكترونية جزئيا,2026/04/26,"36,499,288"
 القصيم,بريده,القطاع الخاص,خدمة إلكترونية جزئيا,2026/04/26,"36,512,385"
 مكة المكرمه,جده,القطاع الخاص,خدمة إلكترونية جزئيا,2026/04/26,"36,512,442"
 الشرقية,الدمام,القطاع الخاص,خدمة إلكترونية جزئيا,2026/04/26,"36,506,064"
 مكة المكرمه,جده,القطاع الخاص,خدمة إلكترونية جزئيا,2026/04/26,"36,509,344"
 الشرقية,الدمام,القطاع الخاص,خدمة إلكترونية جزئيا,2026/04/26,"36,497,806"
 الشرقية,الدمام,القطاع الخاص,خدمة إلكترونية جزئيا,2026/04/26,"36,502,248"
 الرياض,الرياض,القطاع الخاص,خدمة إلكترونية جزئيا,2026/04/26,"36,507,871"
 الحدود الشمالية,عرعر,القطاع الخاص,خدمة إلكترونية جزئيا,2026/04/26,"36,510,928"
 الحدود الشمالية,عرعر,القطاع الخاص,خدمة إلكترونية جزئيا,2026/04/26,"36,509,192"
 الرياض,الرياض,القطاع الخاص,خدمة إلكترونية جزئيا,2026/04/26,"36,508,368"
 المدينة المنوره,المدينة المنورة,القطاع الخاص,خدمة إلكترونية جزئيا,2026/04/26,"36,509,086"
 عسير,ابها,القطاع الخاص,خدمة إلكترونية جزئيا,2026/04/26,"36,500,676"
 عسير,ابها,القطاع الخاص,خدمة إلكترونية جزئيا,2026/04/26,"36,505,917"
 عسير,ابها,القطاع الخاص,خدمة إلكترونية جزئيا,2026/04/26,"36,506,521"
 مكة المكرمه,مكة المكرمة,القطاع الخاص,خدمة إلكترونية جزئيا,2026/04/26,"36,502,666"
 مكة المكرمه,الطائف,القطاع الخاص,خدمة إلكترونية جزئيا,2026/04/26,"36,501,691"
 مكة المكرمه,مكة المكرمة,القطاع الخاص,خدمة إلكترونية جزئيا,2026/04/26,"36,499,457"
 مكة المكرمه,جده,القطاع الخاص,خدمة إلكترونية جزئيا,2026/04/26,"36,500,837"
 الرياض,الرياض,القطاع الخاص,خدمة إلكترونية جزئيا,2026/04/26,"36,500,734"
 الرياض,الرياض,القطاع الخاص,خدمة إلكترونية جزئيا,2026/04/26,"36,499,107"
 الرياض,الرياض,القطاع الخاص,خدمة إلكترونية جزئيا,2026/04/26,"36,497,291"
 الرياض,الرياض,القطاع الخاص,خدمة إلكترونية جزئيا,2026/04/26,"36,499,497"
 الرياض,الرياض,القطاع الخاص,خدمة إلكترونية جزئيا,2026/04/26,"36,498,438"
 الرياض,الرياض,القطاع الخاص,خدمة إلكترونية جزئيا,2026/04/26,"36,504,290"
 مكة المكرمه,مكة المكرمة,القطاع الخاص,خدمة إلكترونية جزئيا,2026/04/26,"36,507,125"
 مكة المكرمه,مكة المكرمة,القطاع الخاص,خدمة إلكترونية جزئيا,2026/04/26,"36,506,805"
الخدمات الرقمية,عام,القطاع العام,خدمة إلكترونية,2026/04/26,"36,501,562"
الخدمات الرقمية,عام,القطاع العام,خدمة إلكترونية,2026/04/26,"36,500,503"
الخدمات الرقمية,عام,القطاع العام,خدمة إلكترونية,2026/04/26,"36,501,528"
الخدمات الرقمية,عام,القطاع العام,خدمة إلكترونية,2026/04/26,"36,500,624"
الخدمات الرقمية,عام,القطاع العام,خدمة إلكترونية,2026/04/26,"36,504,632"
الخدمات الرقمية,عام,القطاع العام,خدمة إلكترونية,2026/04/26,"36,505,572"
الخدمات الرقمية,عام,القطاع العام,خدمة إلكترونية,2026/04/26,"36,510,489"
الخدمات الرقمية,عام,القطاع العام,خدمة إلكترونية,2026/04/26,"36,504,248"
الخدمات الرقمية,عام,القطاع العام,خدمة إلكترونية,2026/04/26,"36,509,290"
الخدمات الرقمية,عام,القطاع العام,خدمة إلكترونية,2026/04/26,"36,508,036"
الخدمات الرقمية,عام,القطاع العام,خدمة إلكترونية,2026/04/26,"36,505,876"
الخدمات الرقمية,عام,القطاع العام,خدمة إلكترونية,2026/04/26,"36,506,177"
الخدمات الرقمية,عام,القطاع العام,خدمة إلكترونية,2026/04/26,"36,505,860"
الخدمات الرقمية,عام,القطاع العام,خدمة إلكترونية,2026/04/26,"36,501,652"
الخدمات الرقمية,عام,القطاع العام,خدمة إلكترونية,2026/04/26,"36,507,749"
الخدمات الرقمية,عام,القطاع العام,خدمة إلكترونية,2026/04/26,"36,500,722"
الخدمات الرقمية,عام,القطاع العام,خدمة إلكترونية,2026/04/26,"36,506,509"
الخدمات الرقمية,عام,القطاع العام,خدمة إلكترونية,2026/04/26,"36,506,132"
الخدمات الرقمية,عام,القطاع العام,خدمة إلكترونية,2026/04/26,"36,504,457"
الخدمات الرقمية,عام,القطاع العام,خدمة إلكترونية,2026/04/26,"36,501,415"
الخدمات الرقمية,عام,القطاع العام,خدمة إلكترونية,2026/04/26,"36,500,858"
الخدمات الرقمية,عام,القطاع العام,خدمة إلكترونية,2026/04/26,"36,505,909"
الخدمات الرقمية,عام,القطاع العام,خدمة إلكترونية,2026/04/26,"36,507,727"
الخدمات الرقمية,عام,القطاع العام,خدمة إلكترونية,2026/04/26,"36,503,934"
الخدمات الرقمية,عام,القطاع العام,خدمة إلكترونية,2026/04/26,"36,506,466"
الخدمات الرقمية,عام,القطاع العام,خدمة إلكترونية,2026/04/26,"36,500,942"
الخدمات الرقمية,عام,القطاع العام,خدمة إلكترونية,2026/04/26,"36,495,404"
الخدمات الرقمية,عام,القطاع العام,خدمة إلكترونية,2026/04/26,"36,494,907"
الخدمات الرقمية,عام,القطاع العام,خدمة إلكترونية,2026/04/26,"36,495,111"
الخدمات الرقمية,عام,القطاع العام,خدمة إلكترونية,2026/04/26,"36,494,918"
الخدمات الرقمية,عام,القطاع العام,خدمة إلكترونية,2026/04/26,"36,500,817"
الخدمات الرقمية,عام,القطاع العام,خدمة إلكترونية,2026/04/26,"36,495,057"
الخدمات الرقمية,عام,القطاع العام,خدمة إلكترونية,2026/04/26,"36,501,679"
الخدمات الرقمية,عام,القطاع العام,خدمة إلكترونية,2026/04/26,"36,500,561"
الخدمات الرقمية,عام,القطاع العام,خدمة إلكترونية,2026/04/26,"36,503,951"
الخدمات الرقمية,عام,القطاع العام,خدمة إلكترونية,2026/04/26,"36,502,471"
الخدمات الرقمية,عام,القطاع العام,خدمة إلكترونية,2026/04/26,"36,504,087"
الخدمات الرقمية,عام,القطاع العام,خدمة إلكترونية,2026/04/26,"36,504,214"
الخدمات الرقمية,عام,القطاع العام,خدمة إلكترونية,2026/04/26,"36,501,841"
الخدمات الرقمية,عام,القطاع العام,خدمة إلكترونية,2026/04/26,"36,502,392"
الخدمات الرقمية,عام,القطاع العام,خدمة إلكترونية,2026/04/26,"36,504,064"
الخدمات الرقمية,عام,القطاع العام,خدمة إلكترونية,2026/04/26,"36,502,088"
الخدمات الرقمية,عام,القطاع العام,خدمة إلكترونية,2026/04/26,"36,504,464"
الخدمات الرقمية,عام,القطاع العام,خدمة إلكترونية,2026/04/26,"36,507,907"
الخدمات الرقمية,عام,القطاع العام,خدمة إلكترونية,2026/04/26,"36,500,539"
الخدمات الرقمية,عام,القطاع العام,خدمة إلكترونية,2026/04/26,"36,507,826"
الخدمات الرقمية,عام,القطاع العام,خدمة إلكترونية,2026/04/26,"36,507,663"
الخدمات الرقمية,عام,القطاع العام,خدمة إلكترونية,2026/04/26,"36,507,724"
الخدمات الرقمية,عام,القطاع العام,خدمة إلكترونية,2026/04/26,"36,507,831"
الخدمات الرقمية,عام,القطاع العام,خدمة إلكترونية,2026/04/26,"36,495,381"
الخدمات الرقمية,عام,القطاع العام,خدمة إلكترونية,2026/04/26,"36,510,461"
الخدمات الرقمية,عام,القطاع العام,خدمة إلكترونية,2026/04/26,"36,502,329"
الخدمات الرقمية,عام,القطاع العام,خدمة إلكترونية,2026/04/26,"36,505,613"
الخدمات الرقمية,عام,القطاع العام,خدمة إلكترونية,2026/04/26,"36,504,273"
الخدمات الرقمية,عام,القطاع العام,خدمة إلكترونية,2026/04/26,"36,502,675"
الخدمات الرقمية,عام,القطاع العام,خدمة إلكترونية,2026/04/26,"36,505,879"
الخدمات الرقمية,عام,القطاع العام,خدمة إلكترونية,2026/04/26,"36,501,030"
الخدمات الرقمية,عام,القطاع العام,خدمة إلكترونية,2026/04/26,"36,508,066"
الخدمات الرقمية,عام,القطاع العام,خدمة إلكترونية,2026/04/26,"36,504,158"
الخدمات الرقمية,عام,القطاع العام,خدمة إلكترونية,2026/04/26,"36,504,728"
الخدمات الرقمية,عام,القطاع العام,خدمة إلكترونية,2026/04/26,"36,506,233"
 الرياض,الرياض,القطاع الخاص,خدمة إلكترونية جزئيا,2026/04/26,"36,502,055"
الخدمات الرقمية,عام,القطاع العام,خدمة إلكترونية,2026/04/26,"36,501,206"
الخدمات الرقمية,عام,القطاع العام,خدمة إلكترونية,2026/04/26,"36,501,532"
الخدمات الرقمية,عام,القطاع العام,خدمة إلكترونية,2026/04/26,"36,500,596"
الخدمات الرقمية,عام,القطاع العام,خدمة إلكترونية,2026/04/26,"36,502,212"
الخدمات الرقمية,عام,القطاع العام,خدمة إلكترونية,2026/04/26,"36,501,367"
الخدمات الرقمية,عام,القطاع العام,خدمة إلكترونية,2026/04/26,"36,502,785"
الخدمات الرقمية,عام,القطاع العام,خدمة إلكترونية,2026/04/26,"36,509,243"
الخدمات الرقمية,عام,القطاع العام,خدمة إلكترونية,2026/04/26,"36,504,219"
الخدمات الرقمية,عام,القطاع العام,خدمة إلكترونية,2026/04/26,"36,507,676"
الخدمات الرقمية,عام,القطاع العام,خدمة إلكترونية,2026/04/26,"36,504,509"
الخدمات الرقمية,عام,القطاع العام,خدمة إلكترونية,2026/04/26,"36,507,670"
الخدمات الرقمية,عام,القطاع العام,خدمة إلكترونية,2026/04/26,"36,508,152"
الخدمات الرقمية,عام,القطاع العام,خدمة إلكترونية,2026/04/26,"36,508,094"
الخدمات الرقمية,عام,القطاع العام,خدمة إلكترونية,2026/04/26,"36,501,560"
الخدمات الرقمية,عام,القطاع العام,خدمة إلكترونية,2026/04/26,"36,513,003"
الخدمات الرقمية,عام,القطاع العام,خدمة إلكترونية,2026/04/26,"36,513,049"
 الرياض,الرياض,القطاع الخاص,خدمة إلكترونية جزئيا,2026/04/26,"36,504,392"
 الرياض,الرياض,القطاع الخاص,خدمة إلكترونية جزئيا,2026/04/26,"36,502,441"
 الرياض,الرياض,القطاع الخاص,خدمة إلكترونية جزئيا,2026/04/26,"36,502,866"
 الرياض,الرياض,القطاع الخاص,خدمة إلكترونية جزئيا,2026/04/26,"36,509,229"
 الرياض,الرياض,القطاع الخاص,خدمة إلكترونية جزئيا,2026/04/26,"36,503,794"
 الرياض,الرياض,القطاع الخاص,خدمة إلكترونية جزئيا,2026/04/26,"36,504,272"
 الرياض,الرياض,القطاع الخاص,خدمة إلكترونية جزئيا,2026/04/26,"36,503,041"
الخدمات الرقمية,عام,القطاع العام,خدمة إلكترونية,2026/04/26,"36,508,051"
الخدمات الرقمية,عام,القطاع العام,خدمة إلكترونية,2026/04/26,"36,508,141"
 مكة المكرمه,مكة المكرمة,القطاع الخاص,خدمة إلكترونية جزئيا,2026/04/26,"36,507,158"
 المدينة المنوره,المدينة المنورة,القطاع الخاص,خدمة إلكترونية جزئيا,2026/04/27,"36,538,746"
 حائل,حائل,القطاع الخاص,خدمة إلكترونية جزئيا,2026/04/27,"36,539,683"
 حائل,حائل,القطاع الخاص,خدمة إلكترونية جزئيا,2026/04/27,"36,539,787"
 مكة المكرمه,مكة المكرمة,القطاع الخاص,خدمة إلكترونية جزئيا,2026/04/27,"36,538,504"
 مكة المكرمه,مكة المكرمة,القطاع الخاص,خدمة إلكترونية جزئيا,2026/04/27,"36,523,508"
 الرياض,الرياض,القطاع الخاص,خدمة إلكترونية جزئيا,2026/04/27,"36,531,222"
 الرياض,الرياض,القطاع الخاص,خدمة إلكترونية جزئيا,2026/04/27,"36,540,547"
 الرياض,الرياض,القطاع الخاص,خدمة إلكترونية جزئيا,2026/04/27,"36,538,528"
 المدينة المنوره,المدينة المنورة,القطاع الخاص,خدمة إلكترونية جزئيا,2026/04/27,"36,537,982"
 تبوك,تبوك,القطاع الخاص,خدمة إلكترونية جزئيا,2026/04/27,"36,527,423"
 مكة المكرمه,الطائف,القطاع الخاص,خدمة إلكترونية جزئيا,2026/04/27,"36,517,832"
 حائل,حائل,القطاع الخاص,خدمة إلكترونية جزئيا,2026/04/27,"36,525,393"
 حائل,حائل,القطاع الخاص,خدمة إلكترونية جزئيا,2026/04/27,"36,539,454"
 القصيم,بريده,القطاع الخاص,خدمة إلكترونية جزئيا,2026/04/27,"36,538,763"
 مكة المكرمه,جده,القطاع الخاص,خدمة إلكترونية جزئيا,2026/04/27,"36,524,000"
 الشرقية,الدمام,القطاع الخاص,خدمة إلكترونية جزئيا,2026/04/27,"36,532,549"
 الشرقية,الدمام,القطاع الخاص,خدمة إلكترونية جزئيا,2026/04/27,"36,531,195"
 الشرقية,الدمام,القطاع الخاص,خدمة إلكترونية جزئيا,2026/04/27,"36,531,282"
 الشرقية,الدمام,القطاع الخاص,خدمة إلكترونية جزئيا,2026/04/27,"36,518,411"
 مكة المكرمه,مكة المكرمة,القطاع الخاص,خدمة إلكترونية جزئيا,2026/04/27,"36,525,450"
 مكة المكرمه,مكة المكرمة,القطاع الخاص,خدمة إلكترونية جزئيا,2026/04/27,"36,526,710"
 مكة المكرمه,مكة المكرمة,القطاع الخاص,خدمة إلكترونية جزئيا,2026/04/27,"36,538,859"
 الرياض,الرياض,القطاع الخاص,خدمة إلكترونية جزئيا,2026/04/27,"36,519,412"
 الرياض,الرياض,القطاع الخاص,خدمة إلكترونية جزئيا,2026/04/27,"36,538,285"
 الرياض,الرياض,القطاع الخاص,خدمة إلكترونية جزئيا,2026/04/27,"36,520,774"
 الرياض,الرياض,القطاع الخاص,خدمة إلكترونية جزئيا,2026/04/27,"36,518,248"
الخدمات الرقمية,عام,القطاع العام,خدمة إلكترونية,2026/04/27,"36,526,205"
الخدمات الرقمية,عام,القطاع العام,خدمة إلكترونية,2026/04/27,"36,518,968"
الخدمات الرقمية,عام,القطاع العام,خدمة إلكترونية,2026/04/27,"36,529,256"
 الرياض,الرياض,القطاع الخاص,خدمة إلكترونية جزئيا,2026/04/27,"36,538,620"
 حائل,حائل,القطاع الخاص,خدمة إلكترونية جزئيا,2026/04/27,"36,539,849"
 الرياض,الرياض,القطاع الخاص,خدمة إلكترونية جزئيا,2026/04/27,"36,540,732"
 القصيم,بريده,القطاع الخاص,خدمة إلكترونية جزئيا,2026/04/27,"36,538,823"
 حائل,حائل,القطاع الخاص,خدمة إلكترونية جزئيا,2026/04/27,"36,539,734"
 مكة المكرمه,مكة المكرمة,القطاع الخاص,خدمة إلكترونية جزئيا,2026/04/27,"36,533,685"
 المدينة المنوره,المدينة المنورة,القطاع الخاص,خدمة إلكترونية جزئيا,2026/04/27,"36,540,890"
 الشرقية,الدمام,القطاع الخاص,خدمة إلكترونية جزئيا,2026/04/27,"36,531,497"
 حائل,حائل,القطاع الخاص,خدمة إلكترونية جزئيا,2026/04/27,"36,539,539"
 الرياض,الرياض,القطاع الخاص,خدمة إلكترونية جزئيا,2026/04/27,"36,520,867"
 مكة المكرمه,جده,القطاع الخاص,خدمة إلكترونية جزئيا,2026/04/27,"36,521,947"
 مكة المكرمه,مكة المكرمة,القطاع الخاص,خدمة إلكترونية جزئيا,2026/04/27,"36,538,432"
 الشرقية,الدمام,القطاع الخاص,خدمة إلكترونية جزئيا,2026/04/27,"36,518,736"
 مكة المكرمه,جده,القطاع الخاص,خدمة إلكترونية جزئيا,2026/04/27,"36,524,141"
 مكة المكرمه,مكة المكرمة,القطاع الخاص,خدمة إلكترونية جزئيا,2026/04/27,"36,533,954"
 الشرقية,الدمام,القطاع الخاص,خدمة إلكترونية جزئيا,2026/04/27,"36,518,630"
 الشرقية,الدمام,القطاع الخاص,خدمة إلكترونية جزئيا,2026/04/27,"36,532,628"
 الرياض,الرياض,القطاع الخاص,خدمة إلكترونية جزئيا,2026/04/27,"36,518,286"
 تبوك,تبوك,القطاع الخاص,خدمة إلكترونية جزئيا,2026/04/27,"36,527,489"
 مكة المكرمه,مكة المكرمة,القطاع الخاص,خدمة إلكترونية جزئيا,2026/04/27,"36,531,416"
 حائل,حائل,القطاع الخاص,خدمة إلكترونية جزئيا,2026/04/27,"36,525,579"
 الرياض,الرياض,القطاع الخاص,خدمة إلكترونية جزئيا,2026/04/27,"36,519,715"
 الرياض,الرياض,القطاع الخاص,خدمة إلكترونية جزئيا,2026/04/27,"36,531,570"
 مكة المكرمه,مكة المكرمة,القطاع الخاص,خدمة إلكترونية جزئيا,2026/04/27,"36,525,656"
 مكة المكرمه,مكة المكرمة,القطاع الخاص,خدمة إلكترونية جزئيا,2026/04/27,"36,527,564"
 مكة المكرمه,مكة المكرمة,القطاع الخاص,خدمة إلكترونية جزئيا,2026/04/27,"36,523,789"
 مكة المكرمه,مكة المكرمة,القطاع الخاص,خدمة إلكترونية جزئيا,2026/04/27,"36,538,920"
 مكة المكرمه,مكة المكرمة,القطاع الخاص,خدمة إلكترونية جزئيا,2026/04/27,"36,538,689"
الخدمات الرقمية,عام,القطاع العام,خدمة إلكترونية,2026/04/27,"36,526,113"
الخدمات الرقمية,عام,القطاع العام,خدمة إلكترونية,2026/04/27,"36,526,190"
الخدمات الرقمية,عام,القطاع العام,خدمة إلكترونية,2026/04/27,"36,526,352"
الخدمات الرقمية,عام,القطاع العام,خدمة إلكترونية,2026/04/27,"36,526,508"
الخدمات الرقمية,عام,القطاع العام,خدمة إلكترونية,2026/04/27,"36,521,940"
الخدمات الرقمية,عام,القطاع العام,خدمة إلكترونية,2026/04/27,"36,518,087"
الخدمات الرقمية,عام,القطاع العام,خدمة إلكترونية,2026/04/27,"36,525,296"
الخدمات الرقمية,عام,القطاع العام,خدمة إلكترونية,2026/04/27,"36,519,976"
الخدمات الرقمية,عام,القطاع العام,خدمة إلكترونية,2026/04/27,"36,521,247"
الخدمات الرقمية,عام,القطاع العام,خدمة إلكترونية,2026/04/27,"36,530,762"
الخدمات الرقمية,عام,القطاع العام,خدمة إلكترونية,2026/04/27,"36,529,697"
الخدمات الرقمية,عام,القطاع العام,خدمة إلكترونية,2026/04/27,"36,523,615"
الخدمات الرقمية,عام,القطاع العام,خدمة إلكترونية,2026/04/27,"36,532,920"
الخدمات الرقمية,عام,القطاع العام,خدمة إلكترونية,2026/04/27,"36,532,665"
الخدمات الرقمية,عام,القطاع العام,خدمة إلكترونية,2026/04/27,"36,534,617"
الخدمات الرقمية,عام,القطاع العام,خدمة إلكترونية,2026/04/27,"36,532,839"
الخدمات الرقمية,عام,القطاع العام,خدمة إلكترونية,2026/04/27,"36,525,824"
الخدمات الرقمية,عام,القطاع العام,خدمة إلكترونية,2026/04/27,"36,529,947"
الخدمات الرقمية,عام,القطاع العام,خدمة إلكترونية,2026/04/27,"36,523,621"
الخدمات الرقمية,عام,القطاع العام,خدمة إلكترونية,2026/04/27,"36,531,251"
الخدمات الرقمية,عام,القطاع العام,خدمة إلكترونية,2026/04/27,"36,530,565"
الخدمات الرقمية,عام,القطاع العام,خدمة إلكترونية,2026/04/27,"36,534,717"
الخدمات الرقمية,عام,القطاع العام,خدمة إلكترونية,2026/04/27,"36,522,857"
الخدمات الرقمية,عام,القطاع العام,خدمة إلكترونية,2026/04/27,"36,526,238"
الخدمات الرقمية,عام,القطاع العام,خدمة إلكترونية,2026/04/27,"36,527,258"
الخدمات الرقمية,عام,القطاع العام,خدمة إلكترونية,2026/04/27,"36,517,944"
الخدمات الرقمية,عام,القطاع العام,خدمة إلكترونية,2026/04/27,"36,527,453"
الخدمات الرقمية,عام,القطاع العام,خدمة إلكترونية,2026/04/27,"36,528,299"
الخدمات الرقمية,عام,القطاع العام,خدمة إلكترونية,2026/04/27,"36,527,912"
الخدمات الرقمية,عام,القطاع العام,خدمة إلكترونية,2026/04/27,"36,526,889"
الخدمات الرقمية,عام,القطاع العام,خدمة إلكترونية,2026/04/27,"36,528,448"
الخدمات الرقمية,عام,القطاع العام,خدمة إلكترونية,2026/04/27,"36,528,441"
الخدمات الرقمية,عام,القطاع العام,خدمة إلكترونية,2026/04/27,"36,528,720"
الخدمات الرقمية,عام,القطاع العام,خدمة إلكترونية,2026/04/27,"36,530,055"
الخدمات الرقمية,عام,القطاع العام,خدمة إلكترونية,2026/04/27,"36,527,761"
الخدمات الرقمية,عام,القطاع العام,خدمة إلكترونية,2026/04/27,"36,528,695"
الخدمات الرقمية,عام,القطاع العام,خدمة إلكترونية,2026/04/27,"36,528,321"
الخدمات الرقمية,عام,القطاع العام,خدمة إلكترونية,2026/04/27,"36,528,875"
الخدمات الرقمية,عام,القطاع العام,خدمة إلكترونية,2026/04/27,"36,530,671"
الخدمات الرقمية,عام,القطاع العام,خدمة إلكترونية,2026/04/27,"36,527,250"
الخدمات الرقمية,عام,القطاع العام,خدمة إلكترونية,2026/04/27,"36,529,950"
الخدمات الرقمية,عام,القطاع العام,خدمة إلكترونية,2026/04/27,"36,528,306"
الخدمات الرقمية,عام,القطاع العام,خدمة إلكترونية,2026/04/27,"36,528,897"
الخدمات الرقمية,عام,القطاع العام,خدمة إلكترونية,2026/04/27,"36,534,014"
الخدمات الرقمية,عام,القطاع العام,خدمة إلكترونية,2026/04/27,"36,526,267"
الخدمات الرقمية,عام,القطاع العام,خدمة إلكترونية,2026/04/27,"36,528,783"
الخدمات الرقمية,عام,القطاع العام,خدمة إلكترونية,2026/04/27,"36,527,427"
الخدمات الرقمية,عام,القطاع العام,خدمة إلكترونية,2026/04/27,"36,527,561"
الخدمات الرقمية,عام,القطاع العام,خدمة إلكترونية,2026/04/27,"36,526,084"
الخدمات الرقمية,عام,القطاع العام,خدمة إلكترونية,2026/04/27,"36,528,416"
الخدمات الرقمية,عام,القطاع العام,خدمة إلكترونية,2026/04/27,"36,528,887"
الخدمات الرقمية,عام,القطاع العام,خدمة إلكترونية,2026/04/27,"36,526,773"
الخدمات الرقمية,عام,القطاع العام,خدمة إلكترونية,2026/04/27,"36,529,944"
الخدمات الرقمية,عام,القطاع العام,خدمة إلكترونية,2026/04/27,"36,513,367"
الخدمات الرقمية,عام,القطاع العام,خدمة إلكترونية,2026/04/27,"36,528,756"
الخدمات الرقمية,عام,القطاع العام,خدمة إلكترونية,2026/04/27,"36,525,278"
 المدينة المنوره,المدينة المنورة,القطاع الخاص,خدمة إلكترونية جزئيا,2026/04/27,"36,538,017"
الخدمات الرقمية,عام,القطاع العام,خدمة إلكترونية,2026/04/27,"36,514,246"
الخدمات الرقمية,عام,القطاع العام,خدمة إلكترونية,2026/04/27,"36,525,874"
الخدمات الرقمية,عام,القطاع العام,خدمة إلكترونية,2026/04/27,"36,518,827"
الخدمات الرقمية,عام,القطاع العام,خدمة إلكترونية,2026/04/27,"36,521,984"
الخدمات الرقمية,عام,القطاع العام,خدمة إلكترونية,2026/04/27,"36,525,303"
الخدمات الرقمية,عام,القطاع العام,خدمة إلكترونية,2026/04/27,"36,523,127"
الخدمات الرقمية,عام,القطاع العام,خدمة إلكترونية,2026/04/27,"36,524,148"
الخدمات الرقمية,عام,القطاع العام,خدمة إلكترونية,2026/04/27,"36,513,606"
الخدمات الرقمية,عام,القطاع العام,خدمة إلكترونية,2026/04/27,"36,520,755"
الخدمات الرقمية,عام,القطاع العام,خدمة إلكترونية,2026/04/27,"36,528,864"
الخدمات الرقمية,عام,القطاع العام,خدمة إلكترونية,2026/04/27,"36,526,516"
الخدمات الرقمية,عام,القطاع العام,خدمة إلكترونية,2026/04/27,"36,529,520"
الخدمات الرقمية,عام,القطاع العام,خدمة إلكترونية,2026/04/27,"36,531,637"
الخدمات الرقمية,عام,القطاع العام,خدمة إلكترونية,2026/04/27,"36,531,372"
الخدمات الرقمية,عام,القطاع العام,خدمة إلكترونية,2026/04/27,"36,534,364"
الخدمات الرقمية,عام,القطاع العام,خدمة إلكترونية,2026/04/27,"36,539,111"
الخدمات الرقمية,عام,القطاع العام,خدمة إلكترونية,2026/04/27,"36,513,584"
الخدمات الرقمية,عام,القطاع العام,خدمة إلكترونية,2026/04/27,"36,524,643"
الخدمات الرقمية,عام,القطاع العام,خدمة إلكترونية,2026/04/27,"36,531,675"
الخدمات الرقمية,عام,القطاع العام,خدمة إلكترونية,2026/04/27,"36,530,042"
الخدمات الرقمية,عام,القطاع العام,خدمة إلكترونية,2026/04/27,"36,537,781"
الخدمات الرقمية,عام,القطاع العام,خدمة إلكترونية,2026/04/27,"36,539,451"
 مكة المكرمه,الطائف,القطاع الخاص,خدمة إلكترونية جزئيا,2026/04/27,"36,517,909"
 الشرقية,الدمام,القطاع الخاص,خدمة إلكترونية جزئيا,2026/04/28,"36,551,813"
 الشرقية,الدمام,القطاع الخاص,خدمة إلكترونية جزئيا,2026/04/28,"36,551,696"
 المدينة المنوره,المدينة المنورة,القطاع الخاص,خدمة إلكترونية جزئيا,2026/04/28,"36,557,788"
 القصيم,بريده,القطاع الخاص,خدمة إلكترونية جزئيا,2026/04/28,"36,559,919"
 حائل,حائل,القطاع الخاص,خدمة إلكترونية جزئيا,2026/04/28,"36,562,713"
 الشرقية,الاحساء,القطاع الخاص,خدمة إلكترونية جزئيا,2026/04/28,"36,557,279"
 الشرقية,الدمام,القطاع الخاص,خدمة إلكترونية جزئيا,2026/04/28,"36,559,488"
 الشرقية,الدمام,القطاع الخاص,خدمة إلكترونية جزئيا,2026/04/28,"36,558,081"
 الحدود الشمالية,عرعر,القطاع الخاص,خدمة إلكترونية جزئيا,2026/04/28,"36,559,355"
 الشرقية,الاحساء,القطاع الخاص,خدمة إلكترونية جزئيا,2026/04/28,"36,557,271"
 حائل,حائل,القطاع الخاص,خدمة إلكترونية جزئيا,2026/04/28,"36,563,083"
 الشرقية,الدمام,القطاع الخاص,خدمة إلكترونية جزئيا,2026/04/28,"36,557,972"
 الرياض,الخرج,القطاع الخاص,خدمة إلكترونية جزئيا,2026/04/28,"36,563,205"
 مكة المكرمه,مكة المكرمة,القطاع الخاص,خدمة إلكترونية جزئيا,2026/04/28,"36,550,722"
 الرياض,الرياض,القطاع الخاص,خدمة إلكترونية جزئيا,2026/04/28,"36,549,637"
 الرياض,الرياض,القطاع الخاص,خدمة إلكترونية جزئيا,2026/04/28,"36,550,272"
 الرياض,الرياض,القطاع الخاص,خدمة إلكترونية جزئيا,2026/04/28,"36,556,127"
 الرياض,الرياض,القطاع الخاص,خدمة إلكترونية جزئيا,2026/04/28,"36,555,060"
 الرياض,الرياض,القطاع الخاص,خدمة إلكترونية جزئيا,2026/04/28,"36,557,367"
 الرياض,الرياض,القطاع الخاص,خدمة إلكترونية جزئيا,2026/04/28,"36,554,104"
 الرياض,الرياض,القطاع الخاص,خدمة إلكترونية جزئيا,2026/04/28,"36,553,933"
 الرياض,الرياض,القطاع الخاص,خدمة إلكترونية جزئيا,2026/04/28,"36,555,502"
 الرياض,الرياض,القطاع الخاص,خدمة إلكترونية جزئيا,2026/04/28,"36,556,842"
 الرياض,الرياض,القطاع الخاص,خدمة إلكترونية جزئيا,2026/04/28,"36,560,237"
 الرياض,الرياض,القطاع الخاص,خدمة إلكترونية جزئيا,2026/04/28,"36,556,221"
 عسير,ابها,القطاع الخاص,خدمة إلكترونية جزئيا,2026/04/28,"36,553,855"
 الرياض,الرياض,القطاع الخاص,خدمة إلكترونية جزئيا,2026/04/28,"36,561,427"
 الرياض,الرياض,القطاع الخاص,خدمة إلكترونية جزئيا,2026/04/28,"36,555,279"
 الرياض,الرياض,القطاع الخاص,خدمة إلكترونية جزئيا,2026/04/28,"36,554,342"
 الرياض,الرياض,القطاع الخاص,خدمة إلكترونية جزئيا,2026/04/28,"36,550,026"
الخدمات الرقمية,عام,القطاع العام,خدمة إلكترونية,2026/04/28,"36,556,940"
الخدمات الرقمية,عام,القطاع العام,خدمة إلكترونية,2026/04/28,"36,555,357"
الخدمات الرقمية,عام,القطاع العام,خدمة إلكترونية,2026/04/28,"36,561,193"
الخدمات الرقمية,عام,القطاع العام,خدمة إلكترونية,2026/04/28,"36,559,352"
الخدمات الرقمية,عام,القطاع العام,خدمة إلكترونية,2026/04/28,"36,559,401"
الخدمات الرقمية,عام,القطاع العام,خدمة إلكترونية,2026/04/28,"36,561,154"
الخدمات الرقمية,عام,القطاع العام,خدمة إلكترونية,2026/04/28,"36,561,146"
الخدمات الرقمية,عام,القطاع العام,خدمة إلكترونية,2026/04/28,"36,565,417"
الخدمات الرقمية,عام,القطاع العام,خدمة إلكترونية,2026/04/28,"36,559,652"
الخدمات الرقمية,عام,القطاع العام,خدمة إلكترونية,2026/04/28,"36,563,927"
الخدمات الرقمية,عام,القطاع العام,خدمة إلكترونية,2026/04/28,"36,560,452"
الخدمات الرقمية,عام,القطاع العام,خدمة إلكترونية,2026/04/28,"36,564,057"
الخدمات الرقمية,عام,القطاع العام,خدمة إلكترونية,2026/04/28,"36,561,663"
الخدمات الرقمية,عام,القطاع العام,خدمة إلكترونية,2026/04/28,"36,559,192"
الخدمات الرقمية,عام,القطاع العام,خدمة إلكترونية,2026/04/28,"36,565,549"
الخدمات الرقمية,عام,القطاع العام,خدمة إلكترونية,2026/04/28,"36,560,258"
الخدمات الرقمية,عام,القطاع العام,خدمة إلكترونية,2026/04/28,"36,561,796"
 الشرقية,حفر الباطن,القطاع الخاص,خدمة إلكترونية جزئيا,2026/04/28,"36,558,064"
 القصيم,بريده,القطاع الخاص,خدمة إلكترونية جزئيا,2026/04/28,"36,560,085"
 الشرقية,الدمام,القطاع الخاص,خدمة إلكترونية جزئيا,2026/04/28,"36,551,887"
 الرياض,الرياض,القطاع الخاص,خدمة إلكترونية جزئيا,2026/04/28,"36,562,252"
 حائل,حائل,القطاع الخاص,خدمة إلكترونية جزئيا,2026/04/28,"36,562,818"
 حائل,حائل,القطاع الخاص,خدمة إلكترونية جزئيا,2026/04/28,"36,563,108"
 الشرقية,الدمام,القطاع الخاص,خدمة إلكترونية جزئيا,2026/04/28,"36,550,555"
 الحدود الشمالية,عرعر,القطاع الخاص,خدمة إلكترونية جزئيا,2026/04/28,"36,559,836"
 الشرقية,الدمام,القطاع الخاص,خدمة إلكترونية جزئيا,2026/04/28,"36,559,098"
 الشرقية,الدمام,القطاع الخاص,خدمة إلكترونية جزئيا,2026/04/28,"36,559,776"
 الشرقية,الدمام,القطاع الخاص,خدمة إلكترونية جزئيا,2026/04/28,"36,552,099"
 الرياض,الرياض,القطاع الخاص,خدمة إلكترونية جزئيا,2026/04/28,"36,550,410"
 الرياض,الرياض,القطاع الخاص,خدمة إلكترونية جزئيا,2026/04/28,"36,549,820"
 عسير,ابها,القطاع الخاص,خدمة إلكترونية جزئيا,2026/04/28,"36,554,146"
 الرياض,الرياض,القطاع الخاص,خدمة إلكترونية جزئيا,2026/04/28,"36,555,208"
 الرياض,الرياض,القطاع الخاص,خدمة إلكترونية جزئيا,2026/04/28,"36,556,336"
 مكة المكرمه,مكة المكرمة,القطاع الخاص,خدمة إلكترونية جزئيا,2026/04/28,"36,550,871"
الخدمات الرقمية,عام,القطاع العام,خدمة إلكترونية,2026/04/28,"36,550,403"
الخدمات الرقمية,عام,القطاع العام,خدمة إلكترونية,2026/04/28,"36,549,337"
الخدمات الرقمية,عام,القطاع العام,خدمة إلكترونية,2026/04/28,"36,554,382"
الخدمات الرقمية,عام,القطاع العام,خدمة إلكترونية,2026/04/28,"36,550,391"
الخدمات الرقمية,عام,القطاع العام,خدمة إلكترونية,2026/04/28,"36,549,220"
الخدمات الرقمية,عام,القطاع العام,خدمة إلكترونية,2026/04/28,"36,550,262"
الخدمات الرقمية,عام,القطاع العام,خدمة إلكترونية,2026/04/28,"36,550,266"
الخدمات الرقمية,عام,القطاع العام,خدمة إلكترونية,2026/04/28,"36,555,670"
الخدمات الرقمية,عام,القطاع العام,خدمة إلكترونية,2026/04/28,"36,556,134"
الخدمات الرقمية,عام,القطاع العام,خدمة إلكترونية,2026/04/28,"36,556,141"
الخدمات الرقمية,عام,القطاع العام,خدمة إلكترونية,2026/04/28,"36,556,676"
الخدمات الرقمية,عام,القطاع العام,خدمة إلكترونية,2026/04/28,"36,555,833"
الخدمات الرقمية,عام,القطاع العام,خدمة إلكترونية,2026/04/28,"36,556,723"
 الرياض,الرياض,القطاع الخاص,خدمة إلكترونية جزئيا,2026/04/28,"36,555,584"
الخدمات الرقمية,عام,القطاع العام,خدمة إلكترونية,2026/04/28,"36,542,894"
الخدمات الرقمية,عام,القطاع العام,خدمة إلكترونية,2026/04/28,"36,554,686"
الخدمات الرقمية,عام,القطاع العام,خدمة إلكترونية,2026/04/28,"36,553,691"
الخدمات الرقمية,عام,القطاع العام,خدمة إلكترونية,2026/04/28,"36,553,016"
 تبوك,تبوك,القطاع الخاص,خدمة إلكترونية جزئيا,2026/04/29,"36,582,144"
 حائل,حائل,القطاع الخاص,خدمة إلكترونية جزئيا,2026/04/29,"36,586,786"
 عسير,ابها,القطاع الخاص,خدمة إلكترونية جزئيا,2026/04/29,"36,584,562"
 عسير,ابها,القطاع الخاص,خدمة إلكترونية جزئيا,2026/04/29,"36,586,439"
 عسير,ابها,القطاع الخاص,خدمة إلكترونية جزئيا,2026/04/29,"36,584,845"
 الشرقية,الاحساء,القطاع الخاص,خدمة إلكترونية جزئيا,2026/04/29,"36,575,442"
 الشرقية,الاحساء,القطاع الخاص,خدمة إلكترونية جزئيا,2026/04/29,"36,578,409"
 الشرقية,القطيف,القطاع الخاص,خدمة إلكترونية جزئيا,2026/04/29,"36,587,890"
 الجوف,القريات,القطاع الخاص,خدمة إلكترونية جزئيا,2026/04/29,"36,582,979"
 الجوف,القريات,القطاع الخاص,خدمة إلكترونية جزئيا,2026/04/29,"36,582,874"
 الجوف,القريات,القطاع الخاص,خدمة إلكترونية جزئيا,2026/04/29,"36,582,368"
 الجوف,القريات,القطاع الخاص,خدمة إلكترونية جزئيا,2026/04/29,"36,582,358"
 عسير,ابها,القطاع الخاص,خدمة إلكترونية جزئيا,2026/04/29,"36,584,480"
 الرياض,الخرج,القطاع الخاص,خدمة إلكترونية جزئيا,2026/04/29,"36,588,467"
 الحدود الشمالية,عرعر,القطاع الخاص,خدمة إلكترونية جزئيا,2026/04/29,"36,588,399"
 الحدود الشمالية,عرعر,القطاع الخاص,خدمة إلكترونية جزئيا,2026/04/29,"36,586,692"
 مكة المكرمه,مكة المكرمة,القطاع الخاص,خدمة إلكترونية جزئيا,2026/04/29,"36,582,482"
 مكة المكرمه,مكة المكرمة,القطاع الخاص,خدمة إلكترونية جزئيا,2026/04/29,"36,582,766"
 مكة المكرمه,مكة المكرمة,القطاع الخاص,خدمة إلكترونية جزئيا,2026/04/29,"36,574,918"
 مكة المكرمه,مكة المكرمة,القطاع الخاص,خدمة إلكترونية جزئيا,2026/04/29,"36,574,862"
 الرياض,الرياض,القطاع الخاص,خدمة إلكترونية جزئيا,2026/04/29,"36,574,995"
 الرياض,الرياض,القطاع الخاص,خدمة إلكترونية جزئيا,2026/04/29,"36,589,020"
 الرياض,الرياض,القطاع الخاص,خدمة إلكترونية جزئيا,2026/04/29,"36,588,856"
 الرياض,الرياض,القطاع الخاص,خدمة إلكترونية جزئيا,2026/04/29,"36,585,759"
 الرياض,الرياض,القطاع الخاص,خدمة إلكترونية جزئيا,2026/04/29,"36,567,636"
 الرياض,الرياض,القطاع الخاص,خدمة إلكترونية جزئيا,2026/04/29,"36,582,847"
 الرياض,الرياض,القطاع الخاص,خدمة إلكترونية جزئيا,2026/04/29,"36,579,390"
 الرياض,الرياض,القطاع الخاص,خدمة إلكترونية جزئيا,2026/04/29,"36,584,997"
 الرياض,الرياض,القطاع الخاص,خدمة إلكترونية جزئيا,2026/04/29,"36,584,474"
 الرياض,الرياض,القطاع الخاص,خدمة إلكترونية جزئيا,2026/04/29,"36,573,412"
 الرياض,الرياض,القطاع الخاص,خدمة إلكترونية جزئيا,2026/04/29,"36,573,717"
 الرياض,الرياض,القطاع الخاص,خدمة إلكترونية جزئيا,2026/04/29,"36,577,336"
 الرياض,الرياض,القطاع الخاص,خدمة إلكترونية جزئيا,2026/04/29,"36,581,721"
 الرياض,الرياض,القطاع الخاص,خدمة إلكترونية جزئيا,2026/04/29,"36,584,685"
 الرياض,الرياض,القطاع الخاص,خدمة إلكترونية جزئيا,2026/04/29,"36,581,905"
 الرياض,الرياض,القطاع الخاص,خدمة إلكترونية جزئيا,2026/04/29,"36,581,939"
 الرياض,الرياض,القطاع الخاص,خدمة إلكترونية جزئيا,2026/04/29,"36,581,876"
 الرياض,الرياض,القطاع الخاص,خدمة إلكترونية جزئيا,2026/04/29,"36,582,053"
 الرياض,الرياض,القطاع الخاص,خدمة إلكترونية جزئيا,2026/04/29,"36,573,722"
 الرياض,الرياض,القطاع الخاص,خدمة إلكترونية جزئيا,2026/04/29,"36,567,267"
 الرياض,الرياض,القطاع الخاص,خدمة إلكترونية جزئيا,2026/04/29,"36,567,570"
 الرياض,الخرج,القطاع الخاص,خدمة إلكترونية جزئيا,2026/04/29,"36,588,659"
 الرياض,الخرج,القطاع الخاص,خدمة إلكترونية جزئيا,2026/04/29,"36,588,530"
 مكة المكرمه,مكة المكرمة,القطاع الخاص,خدمة إلكترونية جزئيا,2026/04/29,"36,575,002"
 الرياض,الرياض,القطاع الخاص,خدمة إلكترونية جزئيا,2026/04/29,"36,585,586"
الخدمات الرقمية,كتابة عدل مدمجة - افتراضية,القطاع العام,خدمة إلكترونية جزئيا,2026/04/29,"36,583,758"
الخدمات الرقمية,عام,القطاع العام,خدمة إلكترونية,2026/04/29,"36,575,148"
الخدمات الرقمية,عام,القطاع العام,خدمة إلكترونية,2026/04/29,"36,579,955"
الخدمات الرقمية,عام,القطاع العام,خدمة إلكترونية,2026/04/29,"36,579,951"
 الرياض,الرياض,القطاع الخاص,خدمة إلكترونية جزئيا,2026/04/29,"36,586,045"
 الرياض,الرياض,القطاع الخاص,خدمة إلكترونية جزئيا,2026/04/29,"36,585,053"
 الرياض,الرياض,القطاع الخاص,خدمة إلكترونية جزئيا,2026/04/29,"36,583,038"
 الرياض,الرياض,القطاع الخاص,خدمة إلكترونية جزئيا,2026/04/29,"36,589,221"
 الشرقية,القطيف,القطاع الخاص,خدمة إلكترونية جزئيا,2026/04/29,"36,588,004"
 عسير,ابها,القطاع الخاص,خدمة إلكترونية جزئيا,2026/04/29,"36,586,476"
 الرياض,الخرج,القطاع الخاص,خدمة إلكترونية جزئيا,2026/04/29,"36,588,929"
 الحدود الشمالية,عرعر,القطاع الخاص,خدمة إلكترونية جزئيا,2026/04/29,"36,586,740"
 الحدود الشمالية,عرعر,القطاع الخاص,خدمة إلكترونية جزئيا,2026/04/29,"36,588,474"
 الرياض,الرياض,القطاع الخاص,خدمة إلكترونية جزئيا,2026/04/29,"36,567,913"
 عسير,ابها,القطاع الخاص,خدمة إلكترونية جزئيا,2026/04/29,"36,584,976"
 تبوك,تبوك,القطاع الخاص,خدمة إلكترونية جزئيا,2026/04/29,"36,582,805"
 الرياض,الرياض,القطاع الخاص,خدمة إلكترونية جزئيا,2026/04/29,"36,581,799"
 الرياض,الرياض,القطاع الخاص,خدمة إلكترونية جزئيا,2026/04/29,"36,582,782"
 الرياض,الرياض,القطاع الخاص,خدمة إلكترونية جزئيا,2026/04/29,"36,584,963"
 الرياض,الرياض,القطاع الخاص,خدمة إلكترونية جزئيا,2026/04/29,"36,585,765"
 الرياض,الرياض,القطاع الخاص,خدمة إلكترونية جزئيا,2026/04/29,"36,573,583"
 الرياض,الرياض,القطاع الخاص,خدمة إلكترونية جزئيا,2026/04/29,"36,573,915"
 الرياض,الرياض,القطاع الخاص,خدمة إلكترونية جزئيا,2026/04/29,"36,584,930"
 الرياض,الرياض,القطاع الخاص,خدمة إلكترونية جزئيا,2026/04/29,"36,582,938"
 الرياض,الرياض,القطاع الخاص,خدمة إلكترونية جزئيا,2026/04/29,"36,573,776"
 الرياض,الرياض,القطاع الخاص,خدمة إلكترونية جزئيا,2026/04/29,"36,581,970"
 مكة المكرمه,مكة المكرمة,القطاع الخاص,خدمة إلكترونية جزئيا,2026/04/29,"36,575,162"
الخدمات الرقمية,عام,القطاع العام,خدمة إلكترونية,2026/04/29,"36,577,475"
الخدمات الرقمية,عام,القطاع العام,خدمة إلكترونية,2026/04/29,"36,578,098"
الخدمات الرقمية,عام,القطاع العام,خدمة إلكترونية,2026/04/29,"36,586,598"
الخدمات الرقمية,عام,القطاع العام,خدمة إلكترونية,2026/04/29,"36,577,679"
الخدمات الرقمية,عام,القطاع العام,خدمة إلكترونية,2026/04/29,"36,576,630"
الخدمات الرقمية,عام,القطاع العام,خدمة إلكترونية,2026/04/29,"36,586,537"
الخدمات الرقمية,عام,القطاع العام,خدمة إلكترونية,2026/04/29,"36,573,885"
الخدمات الرقمية,عام,القطاع العام,خدمة إلكترونية,2026/04/29,"36,577,544"
الخدمات الرقمية,عام,القطاع العام,خدمة إلكترونية,2026/04/29,"36,577,890"
الخدمات الرقمية,عام,القطاع العام,خدمة إلكترونية,2026/04/29,"36,581,507"
الخدمات الرقمية,عام,القطاع العام,خدمة إلكترونية,2026/04/29,"36,578,444"
الخدمات الرقمية,عام,القطاع العام,خدمة إلكترونية,2026/04/29,"36,583,158"
الخدمات الرقمية,عام,القطاع العام,خدمة إلكترونية,2026/04/29,"36,585,019"
الخدمات الرقمية,عام,القطاع العام,خدمة إلكترونية,2026/04/29,"36,584,250"
الخدمات الرقمية,عام,القطاع العام,خدمة إلكترونية,2026/04/29,"36,581,620"
الخدمات الرقمية,عام,القطاع العام,خدمة إلكترونية,2026/04/29,"36,587,168"
الخدمات الرقمية,عام,القطاع العام,خدمة إلكترونية,2026/04/29,"36,585,857"
الخدمات الرقمية,عام,القطاع العام,خدمة إلكترونية,2026/04/29,"36,587,931"
الخدمات الرقمية,عام,القطاع العام,خدمة إلكترونية,2026/04/29,"36,588,258"
الخدمات الرقمية,عام,القطاع العام,خدمة إلكترونية,2026/04/29,"36,587,110"
الخدمات الرقمية,عام,القطاع العام,خدمة إلكترونية,2026/04/29,"36,582,801"
الخدمات الرقمية,عام,القطاع العام,خدمة إلكترونية,2026/04/29,"36,586,689"
الخدمات الرقمية,عام,القطاع العام,خدمة إلكترونية,2026/04/29,"36,588,099"
الخدمات الرقمية,عام,القطاع العام,خدمة إلكترونية,2026/04/29,"36,587,853"
الخدمات الرقمية,عام,القطاع العام,خدمة إلكترونية,2026/04/29,"36,588,103"
الخدمات الرقمية,عام,القطاع العام,خدمة إلكترونية,2026/04/29,"36,584,574"
الخدمات الرقمية,عام,القطاع العام,خدمة إلكترونية,2026/04/29,"36,587,895"
الخدمات الرقمية,عام,القطاع العام,خدمة إلكترونية,2026/04/29,"36,587,859"
الخدمات الرقمية,عام,القطاع العام,خدمة إلكترونية,2026/04/29,"36,588,007"
الخدمات الرقمية,عام,القطاع العام,خدمة إلكترونية,2026/04/29,"36,588,127"
الخدمات الرقمية,عام,القطاع العام,خدمة إلكترونية,2026/04/29,"36,587,878"
الخدمات الرقمية,عام,القطاع العام,خدمة إلكترونية,2026/04/29,"36,588,066"
الخدمات الرقمية,عام,القطاع العام,خدمة إلكترونية,2026/04/29,"36,587,390"
الخدمات الرقمية,عام,القطاع العام,خدمة إلكترونية,2026/04/29,"36,587,685"
الخدمات الرقمية,عام,القطاع العام,خدمة إلكترونية,2026/04/29,"36,588,041"
الخدمات الرقمية,عام,القطاع العام,خدمة إلكترونية,2026/04/29,"36,588,166"
الخدمات الرقمية,عام,القطاع العام,خدمة إلكترونية,2026/04/29,"36,585,983"
الخدمات الرقمية,عام,القطاع العام,خدمة إلكترونية,2026/04/29,"36,586,902"
الخدمات الرقمية,عام,القطاع العام,خدمة إلكترونية,2026/04/29,"36,588,139"
الخدمات الرقمية,عام,القطاع العام,خدمة إلكترونية,2026/04/29,"36,588,182"
الخدمات الرقمية,عام,القطاع العام,خدمة إلكترونية,2026/04/29,"36,588,195"
الخدمات الرقمية,عام,القطاع العام,خدمة إلكترونية,2026/04/29,"36,581,400"
الخدمات الرقمية,عام,القطاع العام,خدمة إلكترونية,2026/04/29,"36,585,867"
الخدمات الرقمية,عام,القطاع العام,خدمة إلكترونية,2026/04/29,"36,580,805"
الخدمات الرقمية,عام,القطاع العام,خدمة إلكترونية,2026/04/29,"36,587,973"
الخدمات الرقمية,عام,القطاع العام,خدمة إلكترونية,2026/04/29,"36,581,510"
الخدمات الرقمية,عام,القطاع العام,خدمة إلكترونية,2026/04/29,"36,581,379"
الخدمات الرقمية,عام,القطاع العام,خدمة إلكترونية,2026/04/29,"36,587,828"
الخدمات الرقمية,عام,القطاع العام,خدمة إلكترونية,2026/04/29,"36,582,686"
الخدمات الرقمية,عام,القطاع العام,خدمة إلكترونية,2026/04/29,"36,591,602"
الخدمات الرقمية,عام,القطاع العام,خدمة إلكترونية,2026/04/29,"36,570,788"
الخدمات الرقمية,عام,القطاع العام,خدمة إلكترونية,2026/04/29,"36,576,646"
الخدمات الرقمية,عام,القطاع العام,خدمة إلكترونية,2026/04/29,"36,577,391"
الخدمات الرقمية,عام,القطاع العام,خدمة إلكترونية,2026/04/29,"36,578,462"
الخدمات الرقمية,عام,القطاع العام,خدمة إلكترونية,2026/04/29,"36,577,253"
الخدمات الرقمية,عام,القطاع العام,خدمة إلكترونية,2026/04/29,"36,578,432"
الخدمات الرقمية,عام,القطاع العام,خدمة إلكترونية,2026/04/29,"36,582,432"
الخدمات الرقمية,عام,القطاع العام,خدمة إلكترونية,2026/04/29,"36,582,273"
الخدمات الرقمية,عام,القطاع العام,خدمة إلكترونية,2026/04/29,"36,581,672"
الخدمات الرقمية,عام,القطاع العام,خدمة إلكترونية,2026/04/29,"36,586,086"
الخدمات الرقمية,عام,القطاع العام,خدمة إلكترونية,2026/04/29,"36,584,277"
الخدمات الرقمية,عام,القطاع العام,خدمة إلكترونية,2026/04/29,"36,581,603"
الخدمات الرقمية,عام,القطاع العام,خدمة إلكترونية,2026/04/29,"36,582,566"
الخدمات الرقمية,عام,القطاع العام,خدمة إلكترونية,2026/04/29,"36,581,685"
الخدمات الرقمية,عام,القطاع العام,خدمة إلكترونية,2026/04/29,"36,585,688"
الخدمات الرقمية,عام,القطاع العام,خدمة إلكترونية,2026/04/29,"36,583,001"
الخدمات الرقمية,عام,القطاع العام,خدمة إلكترونية,2026/04/29,"36,576,802"
الخدمات الرقمية,عام,القطاع العام,خدمة إلكترونية,2026/04/29,"36,582,190"
الخدمات الرقمية,عام,القطاع العام,خدمة إلكترونية,2026/04/29,"36,581,376"
الخدمات الرقمية,عام,القطاع العام,خدمة إلكترونية,2026/04/29,"36,583,155"
الخدمات الرقمية,عام,القطاع العام,خدمة إلكترونية,2026/04/29,"36,581,549"
الخدمات الرقمية,عام,القطاع العام,خدمة إلكترونية,2026/04/29,"36,582,810"
الخدمات الرقمية,عام,القطاع العام,خدمة إلكترونية,2026/04/29,"36,578,401"
الخدمات الرقمية,عام,القطاع العام,خدمة إلكترونية,2026/04/29,"36,585,406"
 الرياض,الرياض,القطاع الخاص,خدمة إلكترونية جزئيا,2026/04/29,"36,575,108"
الخدمات الرقمية,عام,القطاع العام,خدمة إلكترونية,2026/04/29,"36,568,869"
الخدمات الرقمية,عام,القطاع العام,خدمة إلكترونية,2026/04/29,"36,577,197"
الخدمات الرقمية,عام,القطاع العام,خدمة إلكترونية,2026/04/29,"36,578,178"
الخدمات الرقمية,عام,القطاع العام,خدمة إلكترونية,2026/04/29,"36,578,408"
الخدمات الرقمية,عام,القطاع العام,خدمة إلكترونية,2026/04/29,"36,580,317"
الخدمات الرقمية,عام,القطاع العام,خدمة إلكترونية,2026/04/29,"36,576,746"
الخدمات الرقمية,عام,القطاع العام,خدمة إلكترونية,2026/04/29,"36,578,415"
الخدمات الرقمية,عام,القطاع العام,خدمة إلكترونية,2026/04/29,"36,579,536"
الخدمات الرقمية,عام,القطاع العام,خدمة إلكترونية,2026/04/29,"36,574,170"
الخدمات الرقمية,عام,القطاع العام,خدمة إلكترونية,2026/04/29,"36,581,144"
الخدمات الرقمية,عام,القطاع العام,خدمة إلكترونية,2026/04/29,"36,580,559"
الخدمات الرقمية,عام,القطاع العام,خدمة إلكترونية,2026/04/29,"36,577,898"
الخدمات الرقمية,عام,القطاع العام,خدمة إلكترونية,2026/04/29,"36,585,606"
الخدمات الرقمية,عام,القطاع العام,خدمة إلكترونية,2026/04/29,"36,579,794"
الخدمات الرقمية,عام,القطاع العام,خدمة إلكترونية,2026/04/29,"36,575,651"
الخدمات الرقمية,عام,القطاع العام,خدمة إلكترونية,2026/04/29,"36,586,069"
الخدمات الرقمية,عام,القطاع العام,خدمة إلكترونية,2026/04/29,"36,587,840"
الخدمات الرقمية,عام,القطاع العام,خدمة إلكترونية,2026/04/29,"36,588,584"
الخدمات الرقمية,عام,القطاع العام,خدمة إلكترونية,2026/04/29,"36,580,204"
الخدمات الرقمية,عام,القطاع العام,خدمة إلكترونية,2026/04/29,"36,581,128"
الخدمات الرقمية,عام,القطاع العام,خدمة إلكترونية,2026/04/29,"36,584,971"
الخدمات الرقمية,عام,القطاع العام,خدمة إلكترونية,2026/04/29,"36,578,111"
الخدمات الرقمية,عام,القطاع العام,خدمة إلكترونية,2026/04/29,"36,585,253"
الخدمات الرقمية,عام,القطاع العام,خدمة إلكترونية,2026/04/29,"36,574,158"
الخدمات الرقمية,عام,القطاع العام,خدمة إلكترونية,2026/04/29,"36,582,729"
الخدمات الرقمية,عام,القطاع العام,خدمة إلكترونية,2026/04/29,"36,585,150"
الخدمات الرقمية,عام,القطاع العام,خدمة إلكترونية,2026/04/29,"36,580,804"
الخدمات الرقمية,عام,القطاع العام,خدمة إلكترونية,2026/04/29,"36,580,962"
الخدمات الرقمية,عام,القطاع العام,خدمة إلكترونية,2026/04/29,"36,581,459"
الخدمات الرقمية,عام,القطاع العام,خدمة إلكترونية,2026/04/29,"36,581,203"
 عسير,ابها,القطاع الخاص,خدمة إلكترونية جزئيا,2026/04/29,"36,584,588"
 حائل,حائل,القطاع الخاص,خدمة إلكترونية جزئيا,2026/04/29,"36,586,901"
 القصيم,بريده,القطاع الخاص,خدمة إلكترونية جزئيا,2026/04/30,"36,614,436"
 القصيم,بريده,القطاع الخاص,خدمة إلكترونية جزئيا,2026/04/30,"36,600,627"
 الشرقية,الاحساء,القطاع الخاص,خدمة إلكترونية جزئيا,2026/04/30,"36,609,528"
 تبوك,تيماء,القطاع الخاص,خدمة إلكترونية جزئيا,2026/04/30,"36,607,208"
 الشرقية,حفر الباطن,القطاع الخاص,خدمة إلكترونية جزئيا,2026/04/30,"36,614,605"
 الشرقية,حفر الباطن,القطاع الخاص,خدمة إلكترونية جزئيا,2026/04/30,"36,614,227"
 الشرقية,حفر الباطن,القطاع الخاص,خدمة إلكترونية جزئيا,2026/04/30,"36,613,757"
 الشرقية,حفر الباطن,القطاع الخاص,خدمة إلكترونية جزئيا,2026/04/30,"36,614,101"
 القصيم,بريده,القطاع الخاص,خدمة إلكترونية جزئيا,2026/04/30,"36,614,426"
 القصيم,بريده,القطاع الخاص,خدمة إلكترونية جزئيا,2026/04/30,"36,614,056"
 مكة المكرمه,الطائف,القطاع الخاص,خدمة إلكترونية جزئيا,2026/04/30,"36,602,787"
 القصيم,بريده,القطاع الخاص,خدمة إلكترونية جزئيا,2026/04/30,"36,611,066"
 القصيم,بريده,القطاع الخاص,خدمة إلكترونية جزئيا,2026/04/30,"36,609,854"
 القصيم,بريده,القطاع الخاص,خدمة إلكترونية جزئيا,2026/04/30,"36,612,484"
 المدينة المنوره,المدينة المنورة,القطاع الخاص,خدمة إلكترونية جزئيا,2026/04/30,"36,616,000"
 الشرقية,حفر الباطن,القطاع الخاص,خدمة إلكترونية جزئيا,2026/04/30,"36,614,370"
 مكة المكرمه,جده,القطاع الخاص,خدمة إلكترونية جزئيا,2026/04/30,"36,614,362"
 مكة المكرمه,جده,القطاع الخاص,خدمة إلكترونية جزئيا,2026/04/30,"36,613,913"
 مكة المكرمه,مكة المكرمة,القطاع الخاص,خدمة إلكترونية جزئيا,2026/04/30,"36,606,612"
 مكة المكرمه,مكة المكرمة,القطاع الخاص,خدمة إلكترونية جزئيا,2026/04/30,"36,604,039"
 مكة المكرمه,مكة المكرمة,القطاع الخاص,خدمة إلكترونية جزئيا,2026/04/30,"36,609,000"
 مكة المكرمه,مكة المكرمة,القطاع الخاص,خدمة إلكترونية جزئيا,2026/04/30,"36,611,652"
 الرياض,الرياض,القطاع الخاص,خدمة إلكترونية جزئيا,2026/04/30,"36,610,225"
 الرياض,الرياض,القطاع الخاص,خدمة إلكترونية جزئيا,2026/04/30,"36,600,783"
 الرياض,الرياض,القطاع الخاص,خدمة إلكترونية جزئيا,2026/04/30,"36,601,417"
 الرياض,الرياض,القطاع الخاص,خدمة إلكترونية جزئيا,2026/04/30,"36,613,352"
 الرياض,الرياض,القطاع الخاص,خدمة إلكترونية جزئيا,2026/04/30,"36,613,101"
 الرياض,الرياض,القطاع الخاص,خدمة إلكترونية جزئيا,2026/04/30,"36,613,020"
 الرياض,الرياض,القطاع الخاص,خدمة إلكترونية جزئيا,2026/04/30,"36,612,541"
 الرياض,الرياض,القطاع الخاص,خدمة إلكترونية جزئيا,2026/04/30,"36,601,497"
 الرياض,الرياض,القطاع الخاص,خدمة إلكترونية جزئيا,2026/04/30,"36,608,562"
 الرياض,الرياض,القطاع الخاص,خدمة إلكترونية جزئيا,2026/04/30,"36,609,849"
 الرياض,الرياض,القطاع الخاص,خدمة إلكترونية جزئيا,2026/04/30,"36,607,913"
 الجوف,القريات,القطاع الخاص,خدمة إلكترونية جزئيا,2026/04/30,"36,593,748"
الخدمات الرقمية,عام,القطاع العام,خدمة إلكترونية,2026/04/30,"36,602,804"
الخدمات الرقمية,عام,القطاع العام,خدمة إلكترونية,2026/04/30,"36,604,867"
الخدمات الرقمية,عام,القطاع العام,خدمة إلكترونية,2026/04/30,"36,606,903"
الخدمات الرقمية,عام,القطاع العام,خدمة إلكترونية,2026/04/30,"36,609,214"
 الرياض,الرياض,القطاع الخاص,خدمة إلكترونية جزئيا,2026/04/30,"36,610,312"
 مكة المكرمه,الطائف,القطاع الخاص,خدمة إلكترونية جزئيا,2026/04/30,"36,603,692"
 مكة المكرمه,مكة المكرمة,القطاع الخاص,خدمة إلكترونية جزئيا,2026/04/30,"36,609,175"
 الرياض,الرياض,القطاع الخاص,خدمة إلكترونية جزئيا,2026/04/30,"36,610,453"
 مكة المكرمه,مكة المكرمة,القطاع الخاص,خدمة إلكترونية جزئيا,2026/04/30,"36,606,961"
 تبوك,تيماء,القطاع الخاص,خدمة إلكترونية جزئيا,2026/04/30,"36,607,461"
 الشرقية,حفر الباطن,القطاع الخاص,خدمة إلكترونية جزئيا,2026/04/30,"36,614,653"
 الجوف,القريات,القطاع الخاص,خدمة إلكترونية جزئيا,2026/04/30,"36,593,862"
 مكة المكرمه,جده,القطاع الخاص,خدمة إلكترونية جزئيا,2026/04/30,"36,600,271"
 الرياض,الرياض,القطاع الخاص,خدمة إلكترونية جزئيا,2026/04/30,"36,612,676"
 الرياض,الرياض,القطاع الخاص,خدمة إلكترونية جزئيا,2026/04/30,"36,609,972"
 مكة المكرمه,جده,القطاع الخاص,خدمة إلكترونية جزئيا,2026/04/30,"36,613,965"
 مكة المكرمه,جده,القطاع الخاص,خدمة إلكترونية جزئيا,2026/04/30,"36,614,375"
 الرياض,الرياض,القطاع الخاص,خدمة إلكترونية جزئيا,2026/04/30,"36,604,901"
 الشرقية,الاحساء,القطاع الخاص,خدمة إلكترونية جزئيا,2026/04/30,"36,609,889"
 القصيم,بريده,القطاع الخاص,خدمة إلكترونية جزئيا,2026/04/30,"36,609,920"
 القصيم,بريده,القطاع الخاص,خدمة إلكترونية جزئيا,2026/04/30,"36,612,670"
 القصيم,بريده,القطاع الخاص,خدمة إلكترونية جزئيا,2026/04/30,"36,600,953"
 القصيم,بريده,القطاع الخاص,خدمة إلكترونية جزئيا,2026/04/30,"36,601,088"
 الرياض,الرياض,القطاع الخاص,خدمة إلكترونية جزئيا,2026/04/30,"36,601,788"
 المدينة المنوره,المدينة المنورة,القطاع الخاص,خدمة إلكترونية جزئيا,2026/04/30,"36,616,051"
 الرياض,الرياض,القطاع الخاص,خدمة إلكترونية جزئيا,2026/04/30,"36,601,073"
 مكة المكرمه,مكة المكرمة,القطاع الخاص,خدمة إلكترونية جزئيا,2026/04/30,"36,611,807"
الخدمات الرقمية,عام,القطاع العام,خدمة إلكترونية,2026/04/30,"36,606,888"
الخدمات الرقمية,عام,القطاع العام,خدمة إلكترونية,2026/04/30,"36,603,858"
الخدمات الرقمية,عام,القطاع العام,خدمة إلكترونية,2026/04/30,"36,601,675"
الخدمات الرقمية,عام,القطاع العام,خدمة إلكترونية,2026/04/30,"36,602,868"
الخدمات الرقمية,عام,القطاع العام,خدمة إلكترونية,2026/04/30,"36,605,596"
الخدمات الرقمية,عام,القطاع العام,خدمة إلكترونية,2026/04/30,"36,606,132"
الخدمات الرقمية,عام,القطاع العام,خدمة إلكترونية,2026/04/30,"36,601,622"
الخدمات الرقمية,عام,القطاع العام,خدمة إلكترونية,2026/04/30,"36,601,973"
الخدمات الرقمية,عام,القطاع العام,خدمة إلكترونية,2026/04/30,"36,608,256"
الخدمات الرقمية,عام,القطاع العام,خدمة إلكترونية,2026/04/30,"36,602,536"
الخدمات الرقمية,عام,القطاع العام,خدمة إلكترونية,2026/04/30,"36,602,975"
الخدمات الرقمية,عام,القطاع العام,خدمة إلكترونية,2026/04/30,"36,608,904"
الخدمات الرقمية,عام,القطاع العام,خدمة إلكترونية,2026/04/30,"36,608,745"
الخدمات الرقمية,عام,القطاع العام,خدمة إلكترونية,2026/04/30,"36,610,643"
الخدمات الرقمية,عام,القطاع العام,خدمة إلكترونية,2026/04/30,"36,613,034"
الخدمات الرقمية,عام,القطاع العام,خدمة إلكترونية,2026/04/30,"36,612,969"
الخدمات الرقمية,عام,القطاع العام,خدمة إلكترونية,2026/04/30,"36,613,816"
الخدمات الرقمية,عام,القطاع العام,خدمة إلكترونية,2026/04/30,"36,610,426"
الخدمات الرقمية,عام,القطاع العام,خدمة إلكترونية,2026/04/30,"36,613,597"
الخدمات الرقمية,عام,القطاع العام,خدمة إلكترونية,2026/04/30,"36,610,744"
الخدمات الرقمية,عام,القطاع العام,خدمة إلكترونية,2026/04/30,"36,612,579"
الخدمات الرقمية,عام,القطاع العام,خدمة إلكترونية,2026/04/30,"36,612,723"
الخدمات الرقمية,عام,القطاع العام,خدمة إلكترونية,2026/04/30,"36,613,274"
الخدمات الرقمية,عام,القطاع العام,خدمة إلكترونية,2026/04/30,"36,611,366"
الخدمات الرقمية,عام,القطاع العام,خدمة إلكترونية,2026/04/30,"36,612,808"
الخدمات الرقمية,عام,القطاع العام,خدمة إلكترونية,2026/04/30,"36,613,087"
الخدمات الرقمية,عام,القطاع العام,خدمة إلكترونية,2026/04/30,"36,613,542"
الخدمات الرقمية,عام,القطاع العام,خدمة إلكترونية,2026/04/30,"36,612,559"
الخدمات الرقمية,عام,القطاع العام,خدمة إلكترونية,2026/04/30,"36,612,503"
الخدمات الرقمية,عام,القطاع العام,خدمة إلكترونية,2026/04/30,"36,613,952"
الخدمات الرقمية,عام,القطاع العام,خدمة إلكترونية,2026/04/30,"36,612,476"
الخدمات الرقمية,عام,القطاع العام,خدمة إلكترونية,2026/04/30,"36,613,371"
الخدمات الرقمية,عام,القطاع العام,خدمة إلكترونية,2026/04/30,"36,613,229"
الخدمات الرقمية,عام,القطاع العام,خدمة إلكترونية,2026/04/30,"36,613,655"
الخدمات الرقمية,عام,القطاع العام,خدمة إلكترونية,2026/04/30,"36,613,995"
الخدمات الرقمية,عام,القطاع العام,خدمة إلكترونية,2026/04/30,"36,610,393"
الخدمات الرقمية,عام,القطاع العام,خدمة إلكترونية,2026/04/30,"36,610,576"
الخدمات الرقمية,عام,القطاع العام,خدمة إلكترونية,2026/04/30,"36,613,356"
الخدمات الرقمية,عام,القطاع العام,خدمة إلكترونية,2026/04/30,"36,613,961"
الخدمات الرقمية,عام,القطاع العام,خدمة إلكترونية,2026/04/30,"36,613,339"
الخدمات الرقمية,عام,القطاع العام,خدمة إلكترونية,2026/04/30,"36,613,768"
الخدمات الرقمية,عام,القطاع العام,خدمة إلكترونية,2026/04/30,"36,613,065"
الخدمات الرقمية,عام,القطاع العام,خدمة إلكترونية,2026/04/30,"36,613,497"
الخدمات الرقمية,عام,القطاع العام,خدمة إلكترونية,2026/04/30,"36,612,545"
الخدمات الرقمية,عام,القطاع العام,خدمة إلكترونية,2026/04/30,"36,602,554"
الخدمات الرقمية,عام,القطاع العام,خدمة إلكترونية,2026/04/30,"36,612,153"
الخدمات الرقمية,عام,القطاع العام,خدمة إلكترونية,2026/04/30,"36,610,945"
الخدمات الرقمية,عام,القطاع العام,خدمة إلكترونية,2026/04/30,"36,612,780"
الخدمات الرقمية,عام,القطاع العام,خدمة إلكترونية,2026/04/30,"36,613,267"
الخدمات الرقمية,عام,القطاع العام,خدمة إلكترونية,2026/04/30,"36,613,818"
الخدمات الرقمية,عام,القطاع العام,خدمة إلكترونية,2026/04/30,"36,613,832"
الخدمات الرقمية,عام,القطاع العام,خدمة إلكترونية,2026/04/30,"36,613,925"
الخدمات الرقمية,عام,القطاع العام,خدمة إلكترونية,2026/04/30,"36,612,635"
الخدمات الرقمية,عام,القطاع العام,خدمة إلكترونية,2026/04/30,"36,612,792"
الخدمات الرقمية,عام,القطاع العام,خدمة إلكترونية,2026/04/30,"36,613,489"
الخدمات الرقمية,عام,القطاع العام,خدمة إلكترونية,2026/04/30,"36,613,733"
الخدمات الرقمية,عام,القطاع العام,خدمة إلكترونية,2026/04/30,"36,612,910"
الخدمات الرقمية,عام,القطاع العام,خدمة إلكترونية,2026/04/30,"36,610,359"
الخدمات الرقمية,عام,القطاع العام,خدمة إلكترونية,2026/04/30,"36,612,925"
الخدمات الرقمية,عام,القطاع العام,خدمة إلكترونية,2026/04/30,"36,601,463"
الخدمات الرقمية,عام,القطاع العام,خدمة إلكترونية,2026/04/30,"36,601,515"
الخدمات الرقمية,عام,القطاع العام,خدمة إلكترونية,2026/04/30,"36,610,996"
الخدمات الرقمية,عام,القطاع العام,خدمة إلكترونية,2026/04/30,"36,609,270"
الخدمات الرقمية,عام,القطاع العام,خدمة إلكترونية,2026/04/30,"36,612,659"
الخدمات الرقمية,عام,القطاع العام,خدمة إلكترونية,2026/04/30,"36,603,810"
الخدمات الرقمية,عام,القطاع العام,خدمة إلكترونية,2026/04/30,"36,602,461"
الخدمات الرقمية,عام,القطاع العام,خدمة إلكترونية,2026/04/30,"36,617,055"
الخدمات الرقمية,عام,القطاع العام,خدمة إلكترونية,2026/04/30,"36,601,775"
الخدمات الرقمية,عام,القطاع العام,خدمة إلكترونية,2026/04/30,"36,613,256"
الخدمات الرقمية,عام,القطاع العام,خدمة إلكترونية,2026/04/30,"36,613,193"
الخدمات الرقمية,عام,القطاع العام,خدمة إلكترونية,2026/04/30,"36,613,673"
الخدمات الرقمية,عام,القطاع العام,خدمة إلكترونية,2026/04/30,"36,610,699"
الخدمات الرقمية,عام,القطاع العام,خدمة إلكترونية,2026/04/30,"36,612,482"
الخدمات الرقمية,عام,القطاع العام,خدمة إلكترونية,2026/04/30,"36,613,609"
الخدمات الرقمية,عام,القطاع العام,خدمة إلكترونية,2026/04/30,"36,613,018"
الخدمات الرقمية,عام,القطاع العام,خدمة إلكترونية,2026/04/30,"36,602,571"
الخدمات الرقمية,عام,القطاع العام,خدمة إلكترونية,2026/04/30,"36,612,680"
الخدمات الرقمية,عام,القطاع العام,خدمة إلكترونية,2026/04/30,"36,612,569"
الخدمات الرقمية,عام,القطاع العام,خدمة إلكترونية,2026/04/30,"36,612,734"
الخدمات الرقمية,عام,القطاع العام,خدمة إلكترونية,2026/04/30,"36,613,747"
الخدمات الرقمية,عام,القطاع العام,خدمة إلكترونية,2026/04/30,"36,613,690"
الخدمات الرقمية,عام,القطاع العام,خدمة إلكترونية,2026/04/30,"36,612,748"
الخدمات الرقمية,عام,القطاع العام,خدمة إلكترونية,2026/04/30,"36,613,875"
الخدمات الرقمية,عام,القطاع العام,خدمة إلكترونية,2026/04/30,"36,610,800"
الخدمات الرقمية,عام,القطاع العام,خدمة إلكترونية,2026/04/30,"36,611,915"
الخدمات الرقمية,عام,القطاع العام,خدمة إلكترونية,2026/04/30,"36,612,891"
الخدمات الرقمية,عام,القطاع العام,خدمة إلكترونية,2026/04/30,"36,599,749"
الخدمات الرقمية,عام,القطاع العام,خدمة إلكترونية,2026/04/30,"36,599,207"
الخدمات الرقمية,عام,القطاع العام,خدمة إلكترونية,2026/04/30,"36,599,122"
الخدمات الرقمية,عام,القطاع العام,خدمة إلكترونية,2026/04/30,"36,600,675"
الخدمات الرقمية,عام,القطاع العام,خدمة إلكترونية,2026/04/30,"36,599,116"
الخدمات الرقمية,عام,القطاع العام,خدمة إلكترونية,2026/04/30,"36,599,288"
الخدمات الرقمية,عام,القطاع العام,خدمة إلكترونية,2026/04/30,"36,599,097"
الخدمات الرقمية,عام,القطاع العام,خدمة إلكترونية,2026/04/30,"36,600,502"
الخدمات الرقمية,عام,القطاع العام,خدمة إلكترونية,2026/04/30,"36,606,313"
الخدمات الرقمية,عام,القطاع العام,خدمة إلكترونية,2026/04/30,"36,604,260"
الخدمات الرقمية,عام,القطاع العام,خدمة إلكترونية,2026/04/30,"36,604,756"
الخدمات الرقمية,عام,القطاع العام,خدمة إلكترونية,2026/04/30,"36,604,638"
الخدمات الرقمية,عام,القطاع العام,خدمة إلكترونية,2026/04/30,"36,608,505"
الخدمات الرقمية,عام,القطاع العام,خدمة إلكترونية,2026/04/30,"36,604,630"
الخدمات الرقمية,عام,القطاع العام,خدمة إلكترونية,2026/04/30,"36,599,300"
الخدمات الرقمية,عام,القطاع العام,خدمة إلكترونية,2026/04/30,"36,604,950"
الخدمات الرقمية,عام,القطاع العام,خدمة إلكترونية,2026/04/30,"36,612,542"
الخدمات الرقمية,عام,القطاع العام,خدمة إلكترونية,2026/04/30,"36,612,785"
الخدمات الرقمية,عام,القطاع العام,خدمة إلكترونية,2026/04/30,"36,605,481"
الخدمات الرقمية,عام,القطاع العام,خدمة إلكترونية,2026/04/30,"36,606,384"
الخدمات الرقمية,عام,القطاع العام,خدمة إلكترونية,2026/04/30,"36,605,762"
الخدمات الرقمية,عام,القطاع العام,خدمة إلكترونية,2026/04/30,"36,605,981"
الخدمات الرقمية,عام,القطاع العام,خدمة إلكترونية,2026/04/30,"36,602,485"
الخدمات الرقمية,عام,القطاع العام,خدمة إلكترونية,2026/04/30,"36,608,725"
الخدمات الرقمية,عام,القطاع العام,خدمة إلكترونية,2026/04/30,"36,605,214"
الخدمات الرقمية,عام,القطاع العام,خدمة إلكترونية,2026/04/30,"36,601,549"
الخدمات الرقمية,عام,القطاع العام,خدمة إلكترونية,2026/04/30,"36,601,124"
الخدمات الرقمية,عام,القطاع العام,خدمة إلكترونية,2026/04/30,"36,601,420"
الخدمات الرقمية,عام,القطاع العام,خدمة إلكترونية,2026/04/30,"36,601,143"
الخدمات الرقمية,عام,القطاع العام,خدمة إلكترونية,2026/04/30,"36,613,917"
الخدمات الرقمية,عام,القطاع العام,خدمة إلكترونية,2026/04/30,"36,616,522"
الخدمات الرقمية,عام,القطاع العام,خدمة إلكترونية,2026/04/30,"36,606,348"
الخدمات الرقمية,عام,القطاع العام,خدمة إلكترونية,2026/04/30,"36,601,979"
الخدمات الرقمية,عام,القطاع العام,خدمة إلكترونية,2026/04/30,"36,599,823"
الخدمات الرقمية,عام,القطاع العام,خدمة إلكترونية,2026/04/30,"36,599,607"
الخدمات الرقمية,عام,القطاع العام,خدمة إلكترونية,2026/04/30,"36,603,783"
الخدمات الرقمية,عام,القطاع العام,خدمة إلكترونية,2026/04/30,"36,607,009"
الخدمات الرقمية,عام,القطاع العام,خدمة إلكترونية,2026/04/30,"36,607,663"
الخدمات الرقمية,عام,القطاع العام,خدمة إلكترونية,2026/04/30,"36,607,792"
الخدمات الرقمية,عام,القطاع العام,خدمة إلكترونية,2026/04/30,"36,606,154"
الخدمات الرقمية,عام,القطاع العام,خدمة إلكترونية,2026/04/30,"36,609,095"
الخدمات الرقمية,عام,القطاع العام,خدمة إلكترونية,2026/04/30,"36,604,048"
الخدمات الرقمية,عام,القطاع العام,خدمة إلكترونية,2026/04/30,"36,609,899"
الخدمات الرقمية,عام,القطاع العام,خدمة إلكترونية,2026/04/30,"36,610,577"
الخدمات الرقمية,عام,القطاع العام,خدمة إلكترونية,2026/04/30,"36,612,211"
الخدمات الرقمية,عام,القطاع العام,خدمة إلكترونية,2026/04/30,"36,604,479"
الخدمات الرقمية,عام,القطاع العام,خدمة إلكترونية,2026/04/30,"36,616,925"
الخدمات الرقمية,عام,القطاع العام,خدمة إلكترونية,2026/04/30,"36,605,767"
الخدمات الرقمية,عام,القطاع العام,خدمة إلكترونية,2026/04/30,"36,610,361"
الخدمات الرقمية,عام,القطاع العام,خدمة إلكترونية,2026/04/30,"36,609,991"
الخدمات الرقمية,عام,القطاع العام,خدمة إلكترونية,2026/04/30,"36,610,202"
الخدمات الرقمية,عام,القطاع العام,خدمة إلكترونية,2026/04/30,"36,608,237"
الخدمات الرقمية,عام,القطاع العام,خدمة إلكترونية,2026/04/30,"36,617,240"
الخدمات الرقمية,عام,القطاع العام,خدمة إلكترونية,2026/04/30,"36,610,492"
الخدمات الرقمية,عام,القطاع العام,خدمة إلكترونية,2026/04/30,"36,608,734"
الخدمات الرقمية,عام,القطاع العام,خدمة إلكترونية,2026/04/30,"36,604,840"
الخدمات الرقمية,عام,القطاع العام,خدمة إلكترونية,2026/04/30,"36,601,793"
الخدمات الرقمية,عام,القطاع العام,خدمة إلكترونية,2026/04/30,"36,602,195"
الخدمات الرقمية,عام,القطاع العام,خدمة إلكترونية,2026/04/30,"36,599,489"
الخدمات الرقمية,عام,القطاع العام,خدمة إلكترونية,2026/04/30,"36,601,261"
الخدمات الرقمية,عام,القطاع العام,خدمة إلكترونية,2026/04/30,"36,604,561"
 مكة المكرمه,مكة المكرمة,القطاع الخاص,خدمة إلكترونية جزئيا,2026/04/30,"36,604,217"
 المدينة المنوره,المدينة المنورة,القطاع الخاص,خدمة إلكترونية جزئيا,2026/05/01,"36,628,552"
 المدينة المنوره,المدينة المنورة,القطاع الخاص,خدمة إلكترونية جزئيا,2026/05/01,"36,628,474"
 القصيم,بريده,القطاع الخاص,خدمة إلكترونية جزئيا,2026/05/01,"36,625,193"
 الشرقية,حفر الباطن,القطاع الخاص,خدمة إلكترونية جزئيا,2026/05/01,"36,627,238"
 الشرقية,حفر الباطن,القطاع الخاص,خدمة إلكترونية جزئيا,2026/05/01,"36,627,365"
 الشرقية,حفر الباطن,القطاع الخاص,خدمة إلكترونية جزئيا,2026/05/01,"36,627,207"
 نجران,نجران,القطاع الخاص,خدمة إلكترونية جزئيا,2026/05/01,"36,618,800"
 الشرقية,حفر الباطن,القطاع الخاص,خدمة إلكترونية جزئيا,2026/05/01,"36,627,404"
 نجران,نجران,القطاع الخاص,خدمة إلكترونية جزئيا,2026/05/01,"36,618,891"
 القصيم,بريده,القطاع الخاص,خدمة إلكترونية جزئيا,2026/05/01,"36,625,309"
الخدمات الرقمية,عام,القطاع العام,خدمة إلكترونية,2026/05/01,"36,623,969"
الخدمات الرقمية,عام,القطاع العام,خدمة إلكترونية,2026/05/01,"36,618,483"
الخدمات الرقمية,عام,القطاع العام,خدمة إلكترونية,2026/05/01,"36,618,885"
 المدينة المنوره,المدينة المنورة,القطاع الخاص,خدمة إلكترونية جزئيا,2026/05/02,"36,638,430"
 المدينة المنوره,المدينة المنورة,القطاع الخاص,خدمة إلكترونية جزئيا,2026/05/02,"36,636,999"
 الرياض,شقراء,القطاع الخاص,خدمة إلكترونية جزئيا,2026/05/02,"36,635,168"
 الرياض,شقراء,القطاع الخاص,خدمة إلكترونية جزئيا,2026/05/02,"36,635,059"
 الحدود الشمالية,عرعر,القطاع الخاص,خدمة إلكترونية جزئيا,2026/05/02,"36,639,557"
 المدينة المنوره,المدينة المنورة,القطاع الخاص,خدمة إلكترونية جزئيا,2026/05/02,"36,638,482"
 المدينة المنوره,المدينة المنورة,القطاع الخاص,خدمة إلكترونية جزئيا,2026/05/02,"36,637,207"
 الحدود الشمالية,عرعر,القطاع الخاص,خدمة إلكترونية جزئيا,2026/05/02,"36,639,624"
 الرياض,شقراء,القطاع الخاص,خدمة إلكترونية جزئيا,2026/05/02,"36,635,437"
الخدمات الرقمية,عام,القطاع العام,خدمة إلكترونية,2026/05/02,"36,630,274"
الخدمات الرقمية,عام,القطاع العام,خدمة إلكترونية,2026/05/02,"36,640,019"
الخدمات الرقمية,عام,القطاع العام,خدمة إلكترونية,2026/05/02,"36,639,836"
الخدمات الرقمية,عام,القطاع العام,خدمة إلكترونية,2026/05/02,"36,639,229"
الخدمات الرقمية,عام,القطاع العام,خدمة إلكترونية,2026/05/02,"36,637,237"
الخدمات الرقمية,عام,القطاع العام,خدمة إلكترونية,2026/05/02,"36,639,990"
 الشرقية,الدمام,القطاع الخاص,خدمة إلكترونية جزئيا,2026/05/03,"36,648,572"
 المدينة المنوره,المدينة المنورة,القطاع الخاص,خدمة إلكترونية جزئيا,2026/05/03,"36,658,534"
 حائل,حائل,القطاع الخاص,خدمة إلكترونية جزئيا,2026/05/03,"36,658,060"
 حائل,حائل,القطاع الخاص,خدمة إلكترونية جزئيا,2026/05/03,"36,648,680"
 مكة المكرمه,الطائف,القطاع الخاص,خدمة إلكترونية جزئيا,2026/05/03,"36,659,901"
 المدينة المنوره,المدينة المنورة,القطاع الخاص,خدمة إلكترونية جزئيا,2026/05/03,"36,659,940"
 المدينة المنوره,المدينة المنورة,القطاع الخاص,خدمة إلكترونية جزئيا,2026/05/03,"36,658,269"
 حائل,حائل,القطاع الخاص,خدمة إلكترونية جزئيا,2026/05/03,"36,657,904"
 الشرقية,الدمام,القطاع الخاص,خدمة إلكترونية جزئيا,2026/05/03,"36,655,082"
 الشرقية,الدمام,القطاع الخاص,خدمة إلكترونية جزئيا,2026/05/03,"36,650,966"
 الشرقية,الدمام,القطاع الخاص,خدمة إلكترونية جزئيا,2026/05/03,"36,648,360"
 المدينة المنوره,المدينة المنورة,القطاع الخاص,خدمة إلكترونية جزئيا,2026/05/03,"36,659,971"
 عسير,ابها,القطاع الخاص,خدمة إلكترونية جزئيا,2026/05/03,"36,655,311"
 مكة المكرمه,مكة المكرمة,القطاع الخاص,خدمة إلكترونية جزئيا,2026/05/03,"36,655,806"
 مكة المكرمه,مكة المكرمة,القطاع الخاص,خدمة إلكترونية جزئيا,2026/05/03,"36,656,459"
 مكة المكرمه,مكة المكرمة,القطاع الخاص,خدمة إلكترونية جزئيا,2026/05/03,"36,661,266"
 مكة المكرمه,مكة المكرمة,القطاع الخاص,خدمة إلكترونية جزئيا,2026/05/03,"36,652,229"
 مكة المكرمه,مكة المكرمة,القطاع الخاص,خدمة إلكترونية جزئيا,2026/05/03,"36,649,444"
 مكة المكرمه,مكة المكرمة,القطاع الخاص,خدمة إلكترونية جزئيا,2026/05/03,"36,649,982"
 مكة المكرمه,مكة المكرمة,القطاع الخاص,خدمة إلكترونية جزئيا,2026/05/03,"36,649,752"
 مكة المكرمه,مكة المكرمة,القطاع الخاص,خدمة إلكترونية جزئيا,2026/05/03,"36,661,419"
 الرياض,الرياض,القطاع الخاص,خدمة إلكترونية جزئيا,2026/05/03,"36,647,860"
 الرياض,الرياض,القطاع الخاص,خدمة إلكترونية جزئيا,2026/05/03,"36,650,013"
 الرياض,الرياض,القطاع الخاص,خدمة إلكترونية جزئيا,2026/05/03,"36,650,889"
 الرياض,الرياض,القطاع الخاص,خدمة إلكترونية جزئيا,2026/05/03,"36,652,014"
 الرياض,الرياض,القطاع الخاص,خدمة إلكترونية جزئيا,2026/05/03,"36,652,915"
 الرياض,الرياض,القطاع الخاص,خدمة إلكترونية جزئيا,2026/05/03,"36,648,271"
 الرياض,الرياض,القطاع الخاص,خدمة إلكترونية جزئيا,2026/05/03,"36,649,951"
 الرياض,الرياض,القطاع الخاص,خدمة إلكترونية جزئيا,2026/05/03,"36,654,264"
 الرياض,الرياض,القطاع الخاص,خدمة إلكترونية جزئيا,2026/05/03,"36,651,205"
الخدمات الرقمية,عام,القطاع العام,خدمة إلكترونية,2026/05/03,"36,648,828"
 عسير,ابها,القطاع الخاص,خدمة إلكترونية جزئيا,2026/05/03,"36,655,374"
 مكة المكرمه,مكة المكرمة,القطاع الخاص,خدمة إلكترونية جزئيا,2026/05/03,"36,651,160"
 مكة المكرمه,مكة المكرمة,القطاع الخاص,خدمة إلكترونية جزئيا,2026/05/03,"36,649,654"
 الرياض,الرياض,القطاع الخاص,خدمة إلكترونية جزئيا,2026/05/03,"36,653,724"
 الشرقية,الدمام,القطاع الخاص,خدمة إلكترونية جزئيا,2026/05/03,"36,648,720"
 الشرقية,الدمام,القطاع الخاص,خدمة إلكترونية جزئيا,2026/05/03,"36,655,301"
 الرياض,الرياض,القطاع الخاص,خدمة إلكترونية جزئيا,2026/05/03,"36,648,323"
 الرياض,الرياض,القطاع الخاص,خدمة إلكترونية جزئيا,2026/05/03,"36,649,107"
 الرياض,الرياض,القطاع الخاص,خدمة إلكترونية جزئيا,2026/05/03,"36,652,052"
 حائل,حائل,القطاع الخاص,خدمة إلكترونية جزئيا,2026/05/03,"36,648,767"
 مكة المكرمه,مكة المكرمة,القطاع الخاص,خدمة إلكترونية جزئيا,2026/05/03,"36,656,017"
 مكة المكرمه,مكة المكرمة,القطاع الخاص,خدمة إلكترونية جزئيا,2026/05/03,"36,650,126"
 مكة المكرمه,مكة المكرمة,القطاع الخاص,خدمة إلكترونية جزئيا,2026/05/03,"36,652,451"
 مكة المكرمه,مكة المكرمة,القطاع الخاص,خدمة إلكترونية جزئيا,2026/05/03,"36,654,365"
 مكة المكرمه,مكة المكرمة,القطاع الخاص,خدمة إلكترونية جزئيا,2026/05/03,"36,651,926"
 مكة المكرمه,مكة المكرمة,القطاع الخاص,خدمة إلكترونية جزئيا,2026/05/03,"36,656,535"
 الرياض,الرياض,القطاع الخاص,خدمة إلكترونية جزئيا,2026/05/03,"36,651,340"
 الرياض,الرياض,القطاع الخاص,خدمة إلكترونية جزئيا,2026/05/03,"36,650,395"
 الرياض,الرياض,القطاع الخاص,خدمة إلكترونية جزئيا,2026/05/03,"36,651,163"
 الرياض,الرياض,القطاع الخاص,خدمة إلكترونية جزئيا,2026/05/03,"36,650,249"
 الشرقية,الدمام,القطاع الخاص,خدمة إلكترونية جزئيا,2026/05/03,"36,648,463"
 الشرقية,الدمام,القطاع الخاص,خدمة إلكترونية جزئيا,2026/05/03,"36,651,194"
 حائل,حائل,القطاع الخاص,خدمة إلكترونية جزئيا,2026/05/03,"36,658,090"
 مكة المكرمه,مكة المكرمة,القطاع الخاص,خدمة إلكترونية جزئيا,2026/05/03,"36,661,455"
 مكة المكرمه,مكة المكرمة,القطاع الخاص,خدمة إلكترونية جزئيا,2026/05/03,"36,661,322"
 الرياض,الرياض,القطاع الخاص,خدمة إلكترونية جزئيا,2026/05/03,"36,648,068"
 الرياض,الرياض,القطاع الخاص,خدمة إلكترونية جزئيا,2026/05/03,"36,654,298"
 المدينة المنوره,المدينة المنورة,القطاع الخاص,خدمة إلكترونية جزئيا,2026/05/03,"36,660,010"
 المدينة المنوره,المدينة المنورة,القطاع الخاص,خدمة إلكترونية جزئيا,2026/05/03,"36,658,329"
 مكة المكرمه,الطائف,القطاع الخاص,خدمة إلكترونية جزئيا,2026/05/03,"36,659,912"
 مكة المكرمه,جده,القطاع الخاص,خدمة إلكترونية جزئيا,2026/05/03,"36,658,312"
الخدمات الرقمية,عام,القطاع العام,خدمة إلكترونية,2026/05/03,"36,656,461"
الخدمات الرقمية,عام,القطاع العام,خدمة إلكترونية,2026/05/03,"36,650,634"
الخدمات الرقمية,عام,القطاع العام,خدمة إلكترونية,2026/05/03,"36,647,790"
الخدمات الرقمية,عام,القطاع العام,خدمة إلكترونية,2026/05/03,"36,657,008"
الخدمات الرقمية,عام,القطاع العام,خدمة إلكترونية,2026/05/03,"36,650,016"
الخدمات الرقمية,عام,القطاع العام,خدمة إلكترونية,2026/05/03,"36,652,874"
الخدمات الرقمية,عام,القطاع العام,خدمة إلكترونية,2026/05/03,"36,656,564"
الخدمات الرقمية,عام,القطاع العام,خدمة إلكترونية,2026/05/03,"36,660,767"
الخدمات الرقمية,عام,القطاع العام,خدمة إلكترونية,2026/05/03,"36,648,005"
الخدمات الرقمية,عام,القطاع العام,خدمة إلكترونية,2026/05/03,"36,655,581"
الخدمات الرقمية,عام,القطاع العام,خدمة إلكترونية,2026/05/03,"36,648,646"
الخدمات الرقمية,عام,القطاع العام,خدمة إلكترونية,2026/05/03,"36,649,543"
الخدمات الرقمية,عام,القطاع العام,خدمة إلكترونية,2026/05/03,"36,647,215"
الخدمات الرقمية,عام,القطاع العام,خدمة إلكترونية,2026/05/03,"36,659,835"
الخدمات الرقمية,عام,القطاع العام,خدمة إلكترونية,2026/05/03,"36,646,930"
الخدمات الرقمية,عام,القطاع العام,خدمة إلكترونية,2026/05/03,"36,650,524"
الخدمات الرقمية,عام,القطاع العام,خدمة إلكترونية,2026/05/03,"36,647,640"
الخدمات الرقمية,عام,القطاع العام,خدمة إلكترونية,2026/05/03,"36,659,747"
الخدمات الرقمية,عام,القطاع العام,خدمة إلكترونية,2026/05/03,"36,653,417"
الخدمات الرقمية,عام,القطاع العام,خدمة إلكترونية,2026/05/03,"36,653,028"
الخدمات الرقمية,عام,القطاع العام,خدمة إلكترونية,2026/05/03,"36,656,493"
الخدمات الرقمية,عام,القطاع العام,خدمة إلكترونية,2026/05/03,"36,647,976"
الخدمات الرقمية,عام,القطاع العام,خدمة إلكترونية,2026/05/03,"36,647,574"
الخدمات الرقمية,عام,القطاع العام,خدمة إلكترونية,2026/05/03,"36,650,714"
الخدمات الرقمية,عام,القطاع العام,خدمة إلكترونية,2026/05/03,"36,657,404"
الخدمات الرقمية,عام,القطاع العام,خدمة إلكترونية,2026/05/03,"36,647,112"
الخدمات الرقمية,عام,القطاع العام,خدمة إلكترونية,2026/05/03,"36,650,532"
الخدمات الرقمية,عام,القطاع العام,خدمة إلكترونية,2026/05/03,"36,656,486"
الخدمات الرقمية,عام,القطاع العام,خدمة إلكترونية,2026/05/03,"36,656,584"
الخدمات الرقمية,عام,القطاع العام,خدمة إلكترونية,2026/05/03,"36,647,735"
الخدمات الرقمية,عام,القطاع العام,خدمة إلكترونية,2026/05/03,"36,651,298"
الخدمات الرقمية,عام,القطاع العام,خدمة إلكترونية,2026/05/03,"36,661,270"
الخدمات الرقمية,عام,القطاع العام,خدمة إلكترونية,2026/05/03,"36,652,975"
الخدمات الرقمية,عام,القطاع العام,خدمة إلكترونية,2026/05/03,"36,648,077"
الخدمات الرقمية,عام,القطاع العام,خدمة إلكترونية,2026/05/03,"36,648,429"
الخدمات الرقمية,عام,القطاع العام,خدمة إلكترونية,2026/05/03,"36,658,619"
الخدمات الرقمية,عام,القطاع العام,خدمة إلكترونية,2026/05/03,"36,652,384"
الخدمات الرقمية,عام,القطاع العام,خدمة إلكترونية,2026/05/03,"36,647,934"
الخدمات الرقمية,عام,القطاع العام,خدمة إلكترونية,2026/05/03,"36,650,702"
الخدمات الرقمية,عام,القطاع العام,خدمة إلكترونية,2026/05/03,"36,647,432"
الخدمات الرقمية,عام,القطاع العام,خدمة إلكترونية,2026/05/03,"36,648,397"
الخدمات الرقمية,عام,القطاع العام,خدمة إلكترونية,2026/05/03,"36,649,194"
الخدمات الرقمية,عام,القطاع العام,خدمة إلكترونية,2026/05/03,"36,657,555"
الخدمات الرقمية,عام,القطاع العام,خدمة إلكترونية,2026/05/03,"36,653,507"
الخدمات الرقمية,عام,القطاع العام,خدمة إلكترونية,2026/05/03,"36,647,904"
الخدمات الرقمية,عام,القطاع العام,خدمة إلكترونية,2026/05/03,"36,647,845"
الخدمات الرقمية,عام,القطاع العام,خدمة إلكترونية,2026/05/03,"36,650,905"
الخدمات الرقمية,عام,القطاع العام,خدمة إلكترونية,2026/05/03,"36,652,090"
الخدمات الرقمية,عام,القطاع العام,خدمة إلكترونية,2026/05/03,"36,653,145"
الخدمات الرقمية,عام,القطاع العام,خدمة إلكترونية,2026/05/03,"36,656,582"
الخدمات الرقمية,عام,القطاع العام,خدمة إلكترونية,2026/05/03,"36,651,384"
الخدمات الرقمية,عام,القطاع العام,خدمة إلكترونية,2026/05/03,"36,656,174"
الخدمات الرقمية,عام,القطاع العام,خدمة إلكترونية,2026/05/03,"36,656,335"
الخدمات الرقمية,عام,القطاع العام,خدمة إلكترونية,2026/05/03,"36,657,061"
الخدمات الرقمية,عام,القطاع العام,خدمة إلكترونية,2026/05/03,"36,647,479"
الخدمات الرقمية,عام,القطاع العام,خدمة إلكترونية,2026/05/03,"36,661,010"
 المدينة المنوره,المدينة المنورة,القطاع الخاص,خدمة إلكترونية جزئيا,2026/05/04,"36,672,658"
 القصيم,بريده,القطاع الخاص,خدمة إلكترونية جزئيا,2026/05/04,"36,678,965"
 الشرقية,الدمام,القطاع الخاص,خدمة إلكترونية جزئيا,2026/05/04,"36,671,038"
 الشرقية,الدمام,القطاع الخاص,خدمة إلكترونية جزئيا,2026/05/04,"36,676,719"
 الشرقية,الدمام,القطاع الخاص,خدمة إلكترونية جزئيا,2026/05/04,"36,670,932"
 المدينة المنوره,المدينة المنورة,القطاع الخاص,خدمة إلكترونية جزئيا,2026/05/04,"36,688,081"
 حائل,حائل,القطاع الخاص,خدمة إلكترونية جزئيا,2026/05/04,"36,686,146"
 حائل,حائل,القطاع الخاص,خدمة إلكترونية جزئيا,2026/05/04,"36,685,757"
 القصيم,بريده,القطاع الخاص,خدمة إلكترونية جزئيا,2026/05/04,"36,662,369"
 الشرقية,الاحساء,القطاع الخاص,خدمة إلكترونية جزئيا,2026/05/04,"36,676,679"
 حائل,حائل,القطاع الخاص,خدمة إلكترونية جزئيا,2026/05/04,"36,676,908"
 عسير,ابها,القطاع الخاص,خدمة إلكترونية جزئيا,2026/05/04,"36,671,788"
 القصيم,بريده,القطاع الخاص,خدمة إلكترونية جزئيا,2026/05/04,"36,676,975"
 الرياض,شقراء,القطاع الخاص,خدمة إلكترونية جزئيا,2026/05/04,"36,672,070"
 الشرقية,الدمام,القطاع الخاص,خدمة إلكترونية جزئيا,2026/05/04,"36,668,430"
 الشرقية,الدمام,القطاع الخاص,خدمة إلكترونية جزئيا,2026/05/04,"36,677,049"
 الشرقية,الدمام,القطاع الخاص,خدمة إلكترونية جزئيا,2026/05/04,"36,676,603"
 الحدود الشمالية,عرعر,القطاع الخاص,خدمة إلكترونية جزئيا,2026/05/04,"36,681,122"
 الحدود الشمالية,عرعر,القطاع الخاص,خدمة إلكترونية جزئيا,2026/05/04,"36,685,205"
 الحدود الشمالية,عرعر,القطاع الخاص,خدمة إلكترونية جزئيا,2026/05/04,"36,684,043"
 الحدود الشمالية,عرعر,القطاع الخاص,خدمة إلكترونية جزئيا,2026/05/04,"36,681,747"
 الحدود الشمالية,عرعر,القطاع الخاص,خدمة إلكترونية جزئيا,2026/05/04,"36,681,682"
 الحدود الشمالية,عرعر,القطاع الخاص,خدمة إلكترونية جزئيا,2026/05/04,"36,685,611"
 عسير,ابها,القطاع الخاص,خدمة إلكترونية جزئيا,2026/05/04,"36,668,982"
 مكة المكرمه,مكة المكرمة,القطاع الخاص,خدمة إلكترونية جزئيا,2026/05/04,"36,686,771"
 مكة المكرمه,مكة المكرمة,القطاع الخاص,خدمة إلكترونية جزئيا,2026/05/04,"36,673,391"
 مكة المكرمه,مكة المكرمة,القطاع الخاص,خدمة إلكترونية جزئيا,2026/05/04,"36,679,244"
 مكة المكرمه,مكة المكرمة,القطاع الخاص,خدمة إلكترونية جزئيا,2026/05/04,"36,687,084"
 مكة المكرمه,مكة المكرمة,القطاع الخاص,خدمة إلكترونية جزئيا,2026/05/04,"36,668,770"
 مكة المكرمه,مكة المكرمة,القطاع الخاص,خدمة إلكترونية جزئيا,2026/05/04,"36,679,089"
 مكة المكرمه,مكة المكرمة,القطاع الخاص,خدمة إلكترونية جزئيا,2026/05/04,"36,679,389"
 مكة المكرمه,مكة المكرمة,القطاع الخاص,خدمة إلكترونية جزئيا,2026/05/04,"36,678,642"
 مكة المكرمه,مكة المكرمة,القطاع الخاص,خدمة إلكترونية جزئيا,2026/05/04,"36,677,337"
 الرياض,الرياض,القطاع الخاص,خدمة إلكترونية جزئيا,2026/05/04,"36,687,834"
 الرياض,الرياض,القطاع الخاص,خدمة إلكترونية جزئيا,2026/05/04,"36,687,793"
 الرياض,الرياض,القطاع الخاص,خدمة إلكترونية جزئيا,2026/05/04,"36,687,887"
 الرياض,الرياض,القطاع الخاص,خدمة إلكترونية جزئيا,2026/05/04,"36,688,239"
 الرياض,الرياض,القطاع الخاص,خدمة إلكترونية جزئيا,2026/05/04,"36,687,935"
 الرياض,الرياض,القطاع الخاص,خدمة إلكترونية جزئيا,2026/05/04,"36,688,142"
 الرياض,الرياض,القطاع الخاص,خدمة إلكترونية جزئيا,2026/05/04,"36,688,066"
 الرياض,الرياض,القطاع الخاص,خدمة إلكترونية جزئيا,2026/05/04,"36,688,167"
 الرياض,الرياض,القطاع الخاص,خدمة إلكترونية جزئيا,2026/05/04,"36,688,104"
 الرياض,الرياض,القطاع الخاص,خدمة إلكترونية جزئيا,2026/05/04,"36,688,443"
 الرياض,الرياض,القطاع الخاص,خدمة إلكترونية جزئيا,2026/05/04,"36,688,414"
 الرياض,الرياض,القطاع الخاص,خدمة إلكترونية جزئيا,2026/05/04,"36,688,482"
 الرياض,الرياض,القطاع الخاص,خدمة إلكترونية جزئيا,2026/05/04,"36,671,177"
 الرياض,الرياض,القطاع الخاص,خدمة إلكترونية جزئيا,2026/05/04,"36,670,809"
 الرياض,الرياض,القطاع الخاص,خدمة إلكترونية جزئيا,2026/05/04,"36,687,930"
 الرياض,الرياض,القطاع الخاص,خدمة إلكترونية جزئيا,2026/05/04,"36,687,532"
 الرياض,الرياض,القطاع الخاص,خدمة إلكترونية جزئيا,2026/05/04,"36,687,158"
 الرياض,الرياض,القطاع الخاص,خدمة إلكترونية جزئيا,2026/05/04,"36,687,465"
 الرياض,الرياض,القطاع الخاص,خدمة إلكترونية جزئيا,2026/05/04,"36,687,412"
 الرياض,الرياض,القطاع الخاص,خدمة إلكترونية جزئيا,2026/05/04,"36,687,152"
 الرياض,الرياض,القطاع الخاص,خدمة إلكترونية جزئيا,2026/05/04,"36,687,671"
 الرياض,الرياض,القطاع الخاص,خدمة إلكترونية جزئيا,2026/05/04,"36,687,089"
 الرياض,الرياض,القطاع الخاص,خدمة إلكترونية جزئيا,2026/05/04,"36,687,732"
 الرياض,الرياض,القطاع الخاص,خدمة إلكترونية جزئيا,2026/05/04,"36,687,357"
 الرياض,الرياض,القطاع الخاص,خدمة إلكترونية جزئيا,2026/05/04,"36,687,249"
 الرياض,الرياض,القطاع الخاص,خدمة إلكترونية جزئيا,2026/05/04,"36,687,310"
 الرياض,الرياض,القطاع الخاص,خدمة إلكترونية جزئيا,2026/05/04,"36,688,350"
 الرياض,الرياض,القطاع الخاص,خدمة إلكترونية جزئيا,2026/05/04,"36,673,062"
 الرياض,الرياض,القطاع الخاص,خدمة إلكترونية جزئيا,2026/05/04,"36,687,541"
 الرياض,الرياض,القطاع الخاص,خدمة إلكترونية جزئيا,2026/05/04,"36,687,599"
 الرياض,الرياض,القطاع الخاص,خدمة إلكترونية جزئيا,2026/05/04,"36,686,731"
 الرياض,الرياض,القطاع الخاص,خدمة إلكترونية جزئيا,2026/05/04,"36,686,866"
 الرياض,الرياض,القطاع الخاص,خدمة إلكترونية جزئيا,2026/05/04,"36,672,299"
 الرياض,الرياض,القطاع الخاص,خدمة إلكترونية جزئيا,2026/05/04,"36,670,510"
 الرياض,الرياض,القطاع الخاص,خدمة إلكترونية جزئيا,2026/05/04,"36,668,434"
 الرياض,الرياض,القطاع الخاص,خدمة إلكترونية جزئيا,2026/05/04,"36,671,063"
 الرياض,الرياض,القطاع الخاص,خدمة إلكترونية جزئيا,2026/05/04,"36,670,948"
 الرياض,الرياض,القطاع الخاص,خدمة إلكترونية جزئيا,2026/05/04,"36,673,523"
 الرياض,الرياض,القطاع الخاص,خدمة إلكترونية جزئيا,2026/05/04,"36,673,903"
 الرياض,الرياض,القطاع الخاص,خدمة إلكترونية جزئيا,2026/05/04,"36,666,776"
 الرياض,الرياض,القطاع الخاص,خدمة إلكترونية جزئيا,2026/05/04,"36,670,652"
 الرياض,الرياض,القطاع الخاص,خدمة إلكترونية جزئيا,2026/05/04,"36,686,974"
 الرياض,الرياض,القطاع الخاص,خدمة إلكترونية جزئيا,2026/05/04,"36,688,277"
 الرياض,الرياض,القطاع الخاص,خدمة إلكترونية جزئيا,2026/05/04,"36,687,969"
 الرياض,الرياض,القطاع الخاص,خدمة إلكترونية جزئيا,2026/05/04,"36,687,205"
 الرياض,الرياض,القطاع الخاص,خدمة إلكترونية جزئيا,2026/05/04,"36,687,030"
 الرياض,الرياض,القطاع الخاص,خدمة إلكترونية جزئيا,2026/05/04,"36,687,763"
 الرياض,الرياض,القطاع الخاص,خدمة إلكترونية جزئيا,2026/05/04,"36,687,439"
 الرياض,الرياض,القطاع الخاص,خدمة إلكترونية جزئيا,2026/05/04,"36,667,762"
 الرياض,الرياض,القطاع الخاص,خدمة إلكترونية جزئيا,2026/05/04,"36,667,381"
 الرياض,الرياض,القطاع الخاص,خدمة إلكترونية جزئيا,2026/05/04,"36,687,184"
 الرياض,الرياض,القطاع الخاص,خدمة إلكترونية جزئيا,2026/05/04,"36,688,367"
 الرياض,الرياض,القطاع الخاص,خدمة إلكترونية جزئيا,2026/05/04,"36,688,178"
 الرياض,الرياض,القطاع الخاص,خدمة إلكترونية جزئيا,2026/05/04,"36,687,824"
 الرياض,الرياض,القطاع الخاص,خدمة إلكترونية جزئيا,2026/05/04,"36,687,612"
 الرياض,الرياض,القطاع الخاص,خدمة إلكترونية جزئيا,2026/05/04,"36,687,435"
 الرياض,الرياض,القطاع الخاص,خدمة إلكترونية جزئيا,2026/05/04,"36,687,488"
 الرياض,الرياض,القطاع الخاص,خدمة إلكترونية جزئيا,2026/05/04,"36,688,294"
 الرياض,الرياض,القطاع الخاص,خدمة إلكترونية جزئيا,2026/05/04,"36,688,503"
 الرياض,الرياض,القطاع الخاص,خدمة إلكترونية جزئيا,2026/05/04,"36,687,346"
 الرياض,الرياض,القطاع الخاص,خدمة إلكترونية جزئيا,2026/05/04,"36,687,539"
 الرياض,الرياض,القطاع الخاص,خدمة إلكترونية جزئيا,2026/05/04,"36,687,023"
 المدينة المنوره,المدينة المنورة,القطاع الخاص,خدمة إلكترونية جزئيا,2026/05/04,"36,688,199"
 الرياض,الرياض,القطاع الخاص,خدمة إلكترونية جزئيا,2026/05/04,"36,687,838"
 الرياض,الرياض,القطاع الخاص,خدمة إلكترونية جزئيا,2026/05/04,"36,688,009"
 الرياض,الرياض,القطاع الخاص,خدمة إلكترونية جزئيا,2026/05/04,"36,688,113"
 الرياض,الرياض,القطاع الخاص,خدمة إلكترونية جزئيا,2026/05/04,"36,687,214"
 الرياض,الرياض,القطاع الخاص,خدمة إلكترونية جزئيا,2026/05/04,"36,687,389"
 الرياض,الرياض,القطاع الخاص,خدمة إلكترونية جزئيا,2026/05/04,"36,687,761"
 الرياض,الرياض,القطاع الخاص,خدمة إلكترونية جزئيا,2026/05/04,"36,688,150"
 الرياض,الرياض,القطاع الخاص,خدمة إلكترونية جزئيا,2026/05/04,"36,688,073"
 الرياض,الرياض,القطاع الخاص,خدمة إلكترونية جزئيا,2026/05/04,"36,687,106"
 الرياض,الرياض,القطاع الخاص,خدمة إلكترونية جزئيا,2026/05/04,"36,687,282"
 الرياض,الرياض,القطاع الخاص,خدمة إلكترونية جزئيا,2026/05/04,"36,687,048"
 الرياض,الرياض,القطاع الخاص,خدمة إلكترونية جزئيا,2026/05/04,"36,687,946"
 الرياض,الرياض,القطاع الخاص,خدمة إلكترونية جزئيا,2026/05/04,"36,688,465"
 الرياض,الرياض,القطاع الخاص,خدمة إلكترونية جزئيا,2026/05/04,"36,687,906"
 الرياض,الرياض,القطاع الخاص,خدمة إلكترونية جزئيا,2026/05/04,"36,688,250"
 الرياض,الرياض,القطاع الخاص,خدمة إلكترونية جزئيا,2026/05/04,"36,687,851"
 الرياض,الرياض,القطاع الخاص,خدمة إلكترونية جزئيا,2026/05/04,"36,687,650"
 الرياض,الرياض,القطاع الخاص,خدمة إلكترونية جزئيا,2026/05/04,"36,687,998"
 الرياض,الرياض,القطاع الخاص,خدمة إلكترونية جزئيا,2026/05/04,"36,687,403"
 مكة المكرمه,مكة المكرمة,القطاع الخاص,خدمة إلكترونية جزئيا,2026/05/04,"36,687,099"
 مكة المكرمه,مكة المكرمة,القطاع الخاص,خدمة إلكترونية جزئيا,2026/05/04,"36,687,024"
 الرياض,الرياض,القطاع الخاص,خدمة إلكترونية جزئيا,2026/05/04,"36,674,527"
 مكة المكرمه,مكة المكرمة,القطاع الخاص,خدمة إلكترونية جزئيا,2026/05/04,"36,677,493"
 مكة المكرمه,مكة المكرمة,القطاع الخاص,خدمة إلكترونية جزئيا,2026/05/04,"36,679,164"
 الشرقية,الدمام,القطاع الخاص,خدمة إلكترونية جزئيا,2026/05/04,"36,671,175"
 الرياض,الرياض,القطاع الخاص,خدمة إلكترونية جزئيا,2026/05/04,"36,672,472"
 حائل,حائل,القطاع الخاص,خدمة إلكترونية جزئيا,2026/05/04,"36,686,420"
 الرياض,الرياض,القطاع الخاص,خدمة إلكترونية جزئيا,2026/05/04,"36,673,798"
 الرياض,الرياض,القطاع الخاص,خدمة إلكترونية جزئيا,2026/05/04,"36,687,708"
 الشرقية,الاحساء,القطاع الخاص,خدمة إلكترونية جزئيا,2026/05/04,"36,677,013"
 الشرقية,الدمام,القطاع الخاص,خدمة إلكترونية جزئيا,2026/05/04,"36,671,494"
 مكة المكرمه,مكة المكرمة,القطاع الخاص,خدمة إلكترونية جزئيا,2026/05/04,"36,678,747"
 القصيم,بريده,القطاع الخاص,خدمة إلكترونية جزئيا,2026/05/04,"36,679,154"
 القصيم,بريده,القطاع الخاص,خدمة إلكترونية جزئيا,2026/05/04,"36,677,093"
 الشرقية,الدمام,القطاع الخاص,خدمة إلكترونية جزئيا,2026/05/04,"36,676,777"
 مكة المكرمه,مكة المكرمة,القطاع الخاص,خدمة إلكترونية جزئيا,2026/05/04,"36,679,296"
 الحدود الشمالية,عرعر,القطاع الخاص,خدمة إلكترونية جزئيا,2026/05/04,"36,685,769"
 مكة المكرمه,جده,القطاع الخاص,خدمة إلكترونية جزئيا,2026/05/04,"36,674,526"
 عسير,ابها,القطاع الخاص,خدمة إلكترونية جزئيا,2026/05/04,"36,672,064"
 الرياض,الرياض,القطاع الخاص,خدمة إلكترونية جزئيا,2026/05/04,"36,673,174"
 مكة المكرمه,مكة المكرمة,القطاع الخاص,خدمة إلكترونية جزئيا,2026/05/04,"36,669,341"
 مكة المكرمه,مكة المكرمة,القطاع الخاص,خدمة إلكترونية جزئيا,2026/05/04,"36,673,577"
 الرياض,الرياض,القطاع الخاص,خدمة إلكترونية جزئيا,2026/05/04,"36,666,892"
 المدينة المنوره,المدينة المنورة,القطاع الخاص,خدمة إلكترونية جزئيا,2026/05/04,"36,674,119"
 الرياض,الرياض,القطاع الخاص,خدمة إلكترونية جزئيا,2026/05/04,"36,668,716"
 الرياض,الرياض,القطاع الخاص,خدمة إلكترونية جزئيا,2026/05/04,"36,670,635"
 القصيم,بريده,القطاع الخاص,خدمة إلكترونية جزئيا,2026/05/04,"36,673,475"
 مكة المكرمه,مكة المكرمة,القطاع الخاص,خدمة إلكترونية جزئيا,2026/05/04,"36,679,555"
 الشرقية,الدمام,القطاع الخاص,خدمة إلكترونية جزئيا,2026/05/04,"36,668,652"
 الشرقية,الدمام,القطاع الخاص,خدمة إلكترونية جزئيا,2026/05/04,"36,677,261"
 مكة المكرمه,جده,القطاع الخاص,خدمة إلكترونية جزئيا,2026/05/04,"36,672,459"
 القصيم,بريده,القطاع الخاص,خدمة إلكترونية جزئيا,2026/05/04,"36,662,462"
 الرياض,الرياض,القطاع الخاص,خدمة إلكترونية جزئيا,2026/05/04,"36,671,183"
 الرياض,الرياض,القطاع الخاص,خدمة إلكترونية جزئيا,2026/05/04,"36,670,780"
 حائل,حائل,القطاع الخاص,خدمة إلكترونية جزئيا,2026/05/04,"36,677,025"
الخدمات الرقمية,عام,القطاع العام,خدمة إلكترونية,2026/05/04,"36,686,766"
الخدمات الرقمية,عام,القطاع العام,خدمة إلكترونية,2026/05/04,"36,687,336"
الخدمات الرقمية,عام,القطاع العام,خدمة إلكترونية,2026/05/04,"36,682,301"
الخدمات الرقمية,عام,القطاع العام,خدمة إلكترونية,2026/05/04,"36,679,510"
الخدمات الرقمية,عام,القطاع العام,خدمة إلكترونية,2026/05/04,"36,678,437"
الخدمات الرقمية,عام,القطاع العام,خدمة إلكترونية,2026/05/04,"36,678,544"
الخدمات الرقمية,عام,القطاع العام,خدمة إلكترونية,2026/05/04,"36,678,608"
الخدمات الرقمية,عام,القطاع العام,خدمة إلكترونية,2026/05/04,"36,678,902"
الخدمات الرقمية,عام,القطاع العام,خدمة إلكترونية,2026/05/04,"36,679,239"
الخدمات الرقمية,عام,القطاع العام,خدمة إلكترونية,2026/05/04,"36,679,441"
الخدمات الرقمية,عام,القطاع العام,خدمة إلكترونية,2026/05/04,"36,680,098"
الخدمات الرقمية,عام,القطاع العام,خدمة إلكترونية,2026/05/04,"36,680,679"
الخدمات الرقمية,عام,القطاع العام,خدمة إلكترونية,2026/05/04,"36,680,203"
الخدمات الرقمية,عام,القطاع العام,خدمة إلكترونية,2026/05/04,"36,678,670"
الخدمات الرقمية,عام,القطاع العام,خدمة إلكترونية,2026/05/04,"36,679,539"
الخدمات الرقمية,عام,القطاع العام,خدمة إلكترونية,2026/05/04,"36,679,571"
الخدمات الرقمية,عام,القطاع العام,خدمة إلكترونية,2026/05/04,"36,679,415"
الخدمات الرقمية,عام,القطاع العام,خدمة إلكترونية,2026/05/04,"36,680,881"
الخدمات الرقمية,عام,القطاع العام,خدمة إلكترونية,2026/05/04,"36,680,328"
الخدمات الرقمية,عام,القطاع العام,خدمة إلكترونية,2026/05/04,"36,667,214"
الخدمات الرقمية,عام,القطاع العام,خدمة إلكترونية,2026/05/04,"36,675,438"
الخدمات الرقمية,عام,القطاع العام,خدمة إلكترونية,2026/05/04,"36,667,274"
الخدمات الرقمية,عام,القطاع العام,خدمة إلكترونية,2026/05/04,"36,678,283"
الخدمات الرقمية,عام,القطاع العام,خدمة إلكترونية,2026/05/04,"36,669,693"
الخدمات الرقمية,عام,القطاع العام,خدمة إلكترونية,2026/05/04,"36,681,340"
الخدمات الرقمية,عام,القطاع العام,خدمة إلكترونية,2026/05/04,"36,675,222"
الخدمات الرقمية,عام,القطاع العام,خدمة إلكترونية,2026/05/04,"36,678,385"
الخدمات الرقمية,عام,القطاع العام,خدمة إلكترونية,2026/05/04,"36,678,658"
الخدمات الرقمية,عام,القطاع العام,خدمة إلكترونية,2026/05/04,"36,678,733"
الخدمات الرقمية,عام,القطاع العام,خدمة إلكترونية,2026/05/04,"36,679,122"
الخدمات الرقمية,عام,القطاع العام,خدمة إلكترونية,2026/05/04,"36,679,152"
الخدمات الرقمية,عام,القطاع العام,خدمة إلكترونية,2026/05/04,"36,675,121"
الخدمات الرقمية,عام,القطاع العام,خدمة إلكترونية,2026/05/04,"36,675,086"
الخدمات الرقمية,عام,القطاع العام,خدمة إلكترونية,2026/05/04,"36,679,202"
الخدمات الرقمية,عام,القطاع العام,خدمة إلكترونية,2026/05/04,"36,670,729"
الخدمات الرقمية,عام,القطاع العام,خدمة إلكترونية,2026/05/04,"36,679,216"
الخدمات الرقمية,عام,القطاع العام,خدمة إلكترونية,2026/05/04,"36,667,573"
الخدمات الرقمية,عام,القطاع العام,خدمة إلكترونية,2026/05/04,"36,676,276"
الخدمات الرقمية,عام,القطاع العام,خدمة إلكترونية,2026/05/04,"36,678,631"
الخدمات الرقمية,عام,القطاع العام,خدمة إلكترونية,2026/05/04,"36,679,385"
الخدمات الرقمية,عام,القطاع العام,خدمة إلكترونية,2026/05/04,"36,680,252"
الخدمات الرقمية,عام,القطاع العام,خدمة إلكترونية,2026/05/04,"36,670,773"
الخدمات الرقمية,عام,القطاع العام,خدمة إلكترونية,2026/05/04,"36,675,345"
الخدمات الرقمية,عام,القطاع العام,خدمة إلكترونية,2026/05/04,"36,675,399"
الخدمات الرقمية,عام,القطاع العام,خدمة إلكترونية,2026/05/04,"36,675,352"
الخدمات الرقمية,عام,القطاع العام,خدمة إلكترونية,2026/05/04,"36,675,189"
الخدمات الرقمية,عام,القطاع العام,خدمة إلكترونية,2026/05/04,"36,678,769"
الخدمات الرقمية,عام,القطاع العام,خدمة إلكترونية,2026/05/04,"36,680,797"
الخدمات الرقمية,عام,القطاع العام,خدمة إلكترونية,2026/05/04,"36,666,994"
الخدمات الرقمية,عام,القطاع العام,خدمة إلكترونية,2026/05/04,"36,667,035"
الخدمات الرقمية,عام,القطاع العام,خدمة إلكترونية,2026/05/04,"36,680,312"
الخدمات الرقمية,عام,القطاع العام,خدمة إلكترونية,2026/05/04,"36,674,949"
الخدمات الرقمية,عام,القطاع العام,خدمة إلكترونية,2026/05/04,"36,679,487"
الخدمات الرقمية,عام,القطاع العام,خدمة إلكترونية,2026/05/04,"36,678,947"
الخدمات الرقمية,عام,القطاع العام,خدمة إلكترونية,2026/05/04,"36,678,007"
الخدمات الرقمية,عام,القطاع العام,خدمة إلكترونية,2026/05/04,"36,675,477"
الخدمات الرقمية,عام,القطاع العام,خدمة إلكترونية,2026/05/04,"36,671,906"
الخدمات الرقمية,عام,القطاع العام,خدمة إلكترونية,2026/05/04,"36,675,293"
الخدمات الرقمية,عام,القطاع العام,خدمة إلكترونية,2026/05/04,"36,678,842"
الخدمات الرقمية,عام,القطاع العام,خدمة إلكترونية,2026/05/04,"36,669,605"
الخدمات الرقمية,عام,القطاع العام,خدمة إلكترونية,2026/05/04,"36,680,655"
الخدمات الرقمية,عام,القطاع العام,خدمة إلكترونية,2026/05/04,"36,678,816"
الخدمات الرقمية,عام,القطاع العام,خدمة إلكترونية,2026/05/04,"36,668,668"
الخدمات الرقمية,عام,القطاع العام,خدمة إلكترونية,2026/05/04,"36,679,258"
الخدمات الرقمية,عام,القطاع العام,خدمة إلكترونية,2026/05/04,"36,670,639"
الخدمات الرقمية,عام,القطاع العام,خدمة إلكترونية,2026/05/04,"36,678,482"
الخدمات الرقمية,عام,القطاع العام,خدمة إلكترونية,2026/05/04,"36,672,579"
الخدمات الرقمية,عام,القطاع العام,خدمة إلكترونية,2026/05/04,"36,679,314"
الخدمات الرقمية,عام,القطاع العام,خدمة إلكترونية,2026/05/04,"36,679,455"
الخدمات الرقمية,عام,القطاع العام,خدمة إلكترونية,2026/05/04,"36,678,575"
الخدمات الرقمية,عام,القطاع العام,خدمة إلكترونية,2026/05/04,"36,678,507"
الخدمات الرقمية,عام,القطاع العام,خدمة إلكترونية,2026/05/04,"36,679,350"
الخدمات الرقمية,عام,القطاع العام,خدمة إلكترونية,2026/05/04,"36,675,440"
الخدمات الرقمية,عام,القطاع العام,خدمة إلكترونية,2026/05/04,"36,678,771"
الخدمات الرقمية,عام,القطاع العام,خدمة إلكترونية,2026/05/04,"36,680,899"
الخدمات الرقمية,عام,القطاع العام,خدمة إلكترونية,2026/05/04,"36,673,793"
الخدمات الرقمية,عام,القطاع العام,خدمة إلكترونية,2026/05/04,"36,675,150"
الخدمات الرقمية,عام,القطاع العام,خدمة إلكترونية,2026/05/04,"36,668,819"
الخدمات الرقمية,عام,القطاع العام,خدمة إلكترونية,2026/05/04,"36,681,006"
الخدمات الرقمية,عام,القطاع العام,خدمة إلكترونية,2026/05/04,"36,680,807"
الخدمات الرقمية,عام,القطاع العام,خدمة إلكترونية,2026/05/04,"36,680,735"
الخدمات الرقمية,عام,القطاع العام,خدمة إلكترونية,2026/05/04,"36,680,221"
الخدمات الرقمية,عام,القطاع العام,خدمة إلكترونية,2026/05/04,"36,680,846"
الخدمات الرقمية,عام,القطاع العام,خدمة إلكترونية,2026/05/04,"36,666,714"
الخدمات الرقمية,عام,القطاع العام,خدمة إلكترونية,2026/05/04,"36,680,469"
الخدمات الرقمية,عام,القطاع العام,خدمة إلكترونية,2026/05/04,"36,679,191"
الخدمات الرقمية,عام,القطاع العام,خدمة إلكترونية,2026/05/04,"36,682,273"
الخدمات الرقمية,عام,القطاع العام,خدمة إلكترونية,2026/05/04,"36,684,194"
الخدمات الرقمية,عام,القطاع العام,خدمة إلكترونية,2026/05/04,"36,687,243"
الخدمات الرقمية,عام,القطاع العام,خدمة إلكترونية,2026/05/04,"36,670,822"
الخدمات الرقمية,عام,القطاع العام,خدمة إلكترونية,2026/05/04,"36,680,379"
الخدمات الرقمية,عام,القطاع العام,خدمة إلكترونية,2026/05/04,"36,674,470"
الخدمات الرقمية,عام,القطاع العام,خدمة إلكترونية,2026/05/04,"36,671,486"
الخدمات الرقمية,عام,القطاع العام,خدمة إلكترونية,2026/05/04,"36,675,355"
الخدمات الرقمية,عام,القطاع العام,خدمة إلكترونية,2026/05/04,"36,678,813"
الخدمات الرقمية,عام,القطاع العام,خدمة إلكترونية,2026/05/04,"36,678,984"
الخدمات الرقمية,عام,القطاع العام,خدمة إلكترونية,2026/05/04,"36,673,130"
الخدمات الرقمية,عام,القطاع العام,خدمة إلكترونية,2026/05/04,"36,669,082"
الخدمات الرقمية,عام,القطاع العام,خدمة إلكترونية,2026/05/04,"36,675,465"
الخدمات الرقمية,عام,القطاع العام,خدمة إلكترونية,2026/05/04,"36,676,186"
الخدمات الرقمية,عام,القطاع العام,خدمة إلكترونية,2026/05/04,"36,678,536"
الخدمات الرقمية,عام,القطاع العام,خدمة إلكترونية,2026/05/04,"36,677,985"
الخدمات الرقمية,عام,القطاع العام,خدمة إلكترونية,2026/05/04,"36,678,741"
الخدمات الرقمية,عام,القطاع العام,خدمة إلكترونية,2026/05/04,"36,681,658"
الخدمات الرقمية,عام,القطاع العام,خدمة إلكترونية,2026/05/04,"36,669,319"
الخدمات الرقمية,عام,القطاع العام,خدمة إلكترونية,2026/05/04,"36,677,737"
الخدمات الرقمية,عام,القطاع العام,خدمة إلكترونية,2026/05/04,"36,662,947"
الخدمات الرقمية,عام,القطاع العام,خدمة إلكترونية,2026/05/04,"36,680,179"
الخدمات الرقمية,عام,القطاع العام,خدمة إلكترونية,2026/05/04,"36,671,885"
الخدمات الرقمية,عام,القطاع العام,خدمة إلكترونية,2026/05/04,"36,681,427"
 الشرقية,الخبر,القطاع الخاص,خدمة إلكترونية جزئيا,2026/05/05,"36,702,428"
 الشرقية,الخبر,القطاع الخاص,خدمة إلكترونية جزئيا,2026/05/05,"36,701,499"
 المدينة المنوره,المدينة المنورة,القطاع الخاص,خدمة إلكترونية جزئيا,2026/05/05,"36,699,537"
 القصيم,بريده,القطاع الخاص,خدمة إلكترونية جزئيا,2026/05/05,"36,709,176"
 القصيم,بريده,القطاع الخاص,خدمة إلكترونية جزئيا,2026/05/05,"36,704,045"
 القصيم,بريده,القطاع الخاص,خدمة إلكترونية جزئيا,2026/05/05,"36,705,505"
 القصيم,بريده,القطاع الخاص,خدمة إلكترونية جزئيا,2026/05/05,"36,702,227"
 مكة المكرمه,القنفذه,القطاع الخاص,خدمة إلكترونية جزئيا,2026/05/05,"36,709,346"
 المدينة المنوره,المدينة المنورة,القطاع الخاص,خدمة إلكترونية جزئيا,2026/05/05,"36,713,186"
 الشرقية,الخبر,القطاع الخاص,خدمة إلكترونية جزئيا,2026/05/05,"36,705,398"
 القصيم,عنيزه,القطاع الخاص,خدمة إلكترونية جزئيا,2026/05/05,"36,710,101"
 الشرقية,الدمام,القطاع الخاص,خدمة إلكترونية جزئيا,2026/05/05,"36,702,313"
 مكة المكرمه,جده,القطاع الخاص,خدمة إلكترونية جزئيا,2026/05/05,"36,700,065"
 مكة المكرمه,جده,القطاع الخاص,خدمة إلكترونية جزئيا,2026/05/05,"36,698,547"
 مكة المكرمه,جده,القطاع الخاص,خدمة إلكترونية جزئيا,2026/05/05,"36,713,148"
 مكة المكرمه,جده,القطاع الخاص,خدمة إلكترونية جزئيا,2026/05/05,"36,714,128"
 مكة المكرمه,جده,القطاع الخاص,خدمة إلكترونية جزئيا,2026/05/05,"36,714,303"
 مكة المكرمه,مكة المكرمة,القطاع الخاص,خدمة إلكترونية جزئيا,2026/05/05,"36,713,230"
 مكة المكرمه,مكة المكرمة,القطاع الخاص,خدمة إلكترونية جزئيا,2026/05/05,"36,701,923"
 مكة المكرمه,مكة المكرمة,القطاع الخاص,خدمة إلكترونية جزئيا,2026/05/05,"36,712,294"
 مكة المكرمه,مكة المكرمة,القطاع الخاص,خدمة إلكترونية جزئيا,2026/05/05,"36,713,633"
 الرياض,الرياض,القطاع الخاص,خدمة إلكترونية جزئيا,2026/05/05,"36,697,189"
 الرياض,الرياض,القطاع الخاص,خدمة إلكترونية جزئيا,2026/05/05,"36,705,202"
 الرياض,الرياض,القطاع الخاص,خدمة إلكترونية جزئيا,2026/05/05,"36,689,877"
 الرياض,الرياض,القطاع الخاص,خدمة إلكترونية جزئيا,2026/05/05,"36,689,962"
 الرياض,الرياض,القطاع الخاص,خدمة إلكترونية جزئيا,2026/05/05,"36,689,755"
 الرياض,الرياض,القطاع الخاص,خدمة إلكترونية جزئيا,2026/05/05,"36,689,798"
 الرياض,الرياض,القطاع الخاص,خدمة إلكترونية جزئيا,2026/05/05,"36,698,621"
 الرياض,الرياض,القطاع الخاص,خدمة إلكترونية جزئيا,2026/05/05,"36,695,733"
 الرياض,الرياض,القطاع الخاص,خدمة إلكترونية جزئيا,2026/05/05,"36,697,900"
 الرياض,الرياض,القطاع الخاص,خدمة إلكترونية جزئيا,2026/05/05,"36,694,395"
 الرياض,الرياض,القطاع الخاص,خدمة إلكترونية جزئيا,2026/05/05,"36,707,524"
 الرياض,الرياض,القطاع الخاص,خدمة إلكترونية جزئيا,2026/05/05,"36,698,764"
 المدينة المنوره,المدينة المنورة,القطاع الخاص,خدمة إلكترونية جزئيا,2026/05/05,"36,710,249"
 المدينة المنوره,المدينة المنورة,القطاع الخاص,خدمة إلكترونية جزئيا,2026/05/05,"36,713,607"
 مكة المكرمه,القنفذه,القطاع الخاص,خدمة إلكترونية جزئيا,2026/05/05,"36,709,235"
 الشرقية,الخبر,القطاع الخاص,خدمة إلكترونية جزئيا,2026/05/05,"36,707,582"
 الحدود الشمالية,عرعر,القطاع الخاص,خدمة إلكترونية جزئيا,2026/05/05,"36,710,168"
 الحدود الشمالية,عرعر,القطاع الخاص,خدمة إلكترونية جزئيا,2026/05/05,"36,711,975"
 القصيم,بريده,القطاع الخاص,خدمة إلكترونية جزئيا,2026/05/05,"36,705,787"
 مكة المكرمه,جده,القطاع الخاص,خدمة إلكترونية جزئيا,2026/05/05,"36,714,396"
 مكة المكرمه,جده,القطاع الخاص,خدمة إلكترونية جزئيا,2026/05/05,"36,714,337"
 مكة المكرمه,مكة المكرمة,القطاع الخاص,خدمة إلكترونية جزئيا,2026/05/05,"36,710,999"
 مكة المكرمه,مكة المكرمة,القطاع الخاص,خدمة إلكترونية جزئيا,2026/05/05,"36,709,954"
 الرياض,الرياض,القطاع الخاص,خدمة إلكترونية جزئيا,2026/05/05,"36,706,400"
 الرياض,الرياض,القطاع الخاص,خدمة إلكترونية جزئيا,2026/05/05,"36,711,535"
 الرياض,الرياض,القطاع الخاص,خدمة إلكترونية جزئيا,2026/05/05,"36,707,461"
 الرياض,الرياض,القطاع الخاص,خدمة إلكترونية جزئيا,2026/05/05,"36,708,695"
الخدمات الرقمية,كتابة عدل مدمجة - افتراضية,القطاع العام,خدمة إلكترونية جزئيا,2026/05/05,"36,709,105"
 الرياض,الرياض,القطاع الخاص,خدمة إلكترونية جزئيا,2026/05/05,"36,694,438"
 الرياض,الرياض,القطاع الخاص,خدمة إلكترونية جزئيا,2026/05/05,"36,698,842"
 الرياض,الرياض,القطاع الخاص,خدمة إلكترونية جزئيا,2026/05/05,"36,689,964"
 الرياض,الرياض,القطاع الخاص,خدمة إلكترونية جزئيا,2026/05/05,"36,689,883"
 الرياض,الرياض,القطاع الخاص,خدمة إلكترونية جزئيا,2026/05/05,"36,689,787"
 الرياض,الرياض,القطاع الخاص,خدمة إلكترونية جزئيا,2026/05/05,"36,689,822"
 الرياض,الرياض,القطاع الخاص,خدمة إلكترونية جزئيا,2026/05/05,"36,698,001"
 مكة المكرمه,جده,القطاع الخاص,خدمة إلكترونية جزئيا,2026/05/05,"36,698,790"
 الرياض,الرياض,القطاع الخاص,خدمة إلكترونية جزئيا,2026/05/05,"36,698,887"
 مكة المكرمه,مكة المكرمة,القطاع الخاص,خدمة إلكترونية جزئيا,2026/05/05,"36,702,015"
 الشرقية,الخبر,القطاع الخاص,خدمة إلكترونية جزئيا,2026/05/05,"36,701,653"
 مكة المكرمه,جده,القطاع الخاص,خدمة إلكترونية جزئيا,2026/05/05,"36,700,240"
 الشرقية,الدمام,القطاع الخاص,خدمة إلكترونية جزئيا,2026/05/05,"36,697,875"
 الشرقية,الدمام,القطاع الخاص,خدمة إلكترونية جزئيا,2026/05/05,"36,702,431"
 الرياض,الرياض,القطاع الخاص,خدمة إلكترونية جزئيا,2026/05/05,"36,711,661"
 القصيم,بريده,القطاع الخاص,خدمة إلكترونية جزئيا,2026/05/05,"36,709,464"
 مكة المكرمه,جده,القطاع الخاص,خدمة إلكترونية جزئيا,2026/05/05,"36,714,464"
 مكة المكرمه,جده,القطاع الخاص,خدمة إلكترونية جزئيا,2026/05/05,"36,714,315"
 المدينة المنوره,المدينة المنورة,القطاع الخاص,خدمة إلكترونية جزئيا,2026/05/05,"36,700,851"
 القصيم,عنيزه,القطاع الخاص,خدمة إلكترونية جزئيا,2026/05/05,"36,710,165"
 الرياض,الرياض,القطاع الخاص,خدمة إلكترونية جزئيا,2026/05/05,"36,709,198"
 المدينة المنوره,المدينة المنورة,القطاع الخاص,خدمة إلكترونية جزئيا,2026/05/05,"36,713,698"
 مكة المكرمه,مكة المكرمة,القطاع الخاص,خدمة إلكترونية جزئيا,2026/05/05,"36,713,860"
 مكة المكرمه,القنفذه,القطاع الخاص,خدمة إلكترونية جزئيا,2026/05/05,"36,709,372"
 مكة المكرمه,مكة المكرمة,القطاع الخاص,خدمة إلكترونية جزئيا,2026/05/05,"36,711,267"
 مكة المكرمه,مكة المكرمة,القطاع الخاص,خدمة إلكترونية جزئيا,2026/05/05,"36,712,539"
 مكة المكرمه,جده,القطاع الخاص,خدمة إلكترونية جزئيا,2026/05/05,"36,713,309"
 مكة المكرمه,جده,القطاع الخاص,خدمة إلكترونية جزئيا,2026/05/05,"36,714,394"
 مكة المكرمه,جده,القطاع الخاص,خدمة إلكترونية جزئيا,2026/05/05,"36,714,260"
 الشرقية,الخبر,القطاع الخاص,خدمة إلكترونية جزئيا,2026/05/05,"36,707,753"
 الرياض,الرياض,القطاع الخاص,خدمة إلكترونية جزئيا,2026/05/05,"36,707,979"
 الحدود الشمالية,عرعر,القطاع الخاص,خدمة إلكترونية جزئيا,2026/05/05,"36,710,433"
 الحدود الشمالية,عرعر,القطاع الخاص,خدمة إلكترونية جزئيا,2026/05/05,"36,712,084"
الخدمات الرقمية,عام,القطاع العام,خدمة إلكترونية,2026/05/05,"36,693,927"
الخدمات الرقمية,عام,القطاع العام,خدمة إلكترونية,2026/05/05,"36,694,080"
الخدمات الرقمية,عام,القطاع العام,خدمة إلكترونية,2026/05/05,"36,692,330"
الخدمات الرقمية,عام,القطاع العام,خدمة إلكترونية,2026/05/05,"36,694,095"
الخدمات الرقمية,عام,القطاع العام,خدمة إلكترونية,2026/05/05,"36,693,663"
الخدمات الرقمية,عام,القطاع العام,خدمة إلكترونية,2026/05/05,"36,693,777"
الخدمات الرقمية,عام,القطاع العام,خدمة إلكترونية,2026/05/05,"36,693,694"
الخدمات الرقمية,عام,القطاع العام,خدمة إلكترونية,2026/05/05,"36,693,948"
الخدمات الرقمية,عام,القطاع العام,خدمة إلكترونية,2026/05/05,"36,693,994"
الخدمات الرقمية,عام,القطاع العام,خدمة إلكترونية,2026/05/05,"36,693,801"
الخدمات الرقمية,عام,القطاع العام,خدمة إلكترونية,2026/05/05,"36,693,947"
الخدمات الرقمية,عام,القطاع العام,خدمة إلكترونية,2026/05/05,"36,694,145"
الخدمات الرقمية,عام,القطاع العام,خدمة إلكترونية,2026/05/05,"36,693,626"
الخدمات الرقمية,عام,القطاع العام,خدمة إلكترونية,2026/05/05,"36,695,898"
الخدمات الرقمية,عام,القطاع العام,خدمة إلكترونية,2026/05/05,"36,693,718"
الخدمات الرقمية,عام,القطاع العام,خدمة إلكترونية,2026/05/05,"36,693,963"
الخدمات الرقمية,عام,القطاع العام,خدمة إلكترونية,2026/05/05,"36,697,590"
الخدمات الرقمية,عام,القطاع العام,خدمة إلكترونية,2026/05/05,"36,694,053"
الخدمات الرقمية,عام,القطاع العام,خدمة إلكترونية,2026/05/05,"36,696,437"
الخدمات الرقمية,عام,القطاع العام,خدمة إلكترونية,2026/05/05,"36,697,060"
الخدمات الرقمية,عام,القطاع العام,خدمة إلكترونية,2026/05/05,"36,693,674"
الخدمات الرقمية,عام,القطاع العام,خدمة إلكترونية,2026/05/05,"36,693,666"
الخدمات الرقمية,عام,القطاع العام,خدمة إلكترونية,2026/05/05,"36,693,768"
الخدمات الرقمية,عام,القطاع العام,خدمة إلكترونية,2026/05/05,"36,693,976"
الخدمات الرقمية,عام,القطاع العام,خدمة إلكترونية,2026/05/05,"36,696,436"
الخدمات الرقمية,عام,القطاع العام,خدمة إلكترونية,2026/05/05,"36,693,793"
الخدمات الرقمية,عام,القطاع العام,خدمة إلكترونية,2026/05/05,"36,697,860"
الخدمات الرقمية,عام,القطاع العام,خدمة إلكترونية,2026/05/05,"36,693,842"
الخدمات الرقمية,عام,القطاع العام,خدمة إلكترونية,2026/05/05,"36,693,888"
الخدمات الرقمية,عام,القطاع العام,خدمة إلكترونية,2026/05/05,"36,693,966"
الخدمات الرقمية,عام,القطاع العام,خدمة إلكترونية,2026/05/05,"36,693,601"
الخدمات الرقمية,عام,القطاع العام,خدمة إلكترونية,2026/05/05,"36,694,206"
الخدمات الرقمية,عام,القطاع العام,خدمة إلكترونية,2026/05/05,"36,693,865"
الخدمات الرقمية,عام,القطاع العام,خدمة إلكترونية,2026/05/05,"36,694,047"
الخدمات الرقمية,عام,القطاع العام,خدمة إلكترونية,2026/05/05,"36,693,739"
الخدمات الرقمية,عام,القطاع العام,خدمة إلكترونية,2026/05/05,"36,693,905"
الخدمات الرقمية,عام,القطاع العام,خدمة إلكترونية,2026/05/05,"36,693,542"
الخدمات الرقمية,عام,القطاع العام,خدمة إلكترونية,2026/05/05,"36,701,612"
الخدمات الرقمية,عام,القطاع العام,خدمة إلكترونية,2026/05/05,"36,694,211"
الخدمات الرقمية,عام,القطاع العام,خدمة إلكترونية,2026/05/05,"36,696,430"
الخدمات الرقمية,عام,القطاع العام,خدمة إلكترونية,2026/05/05,"36,693,990"
الخدمات الرقمية,عام,القطاع العام,خدمة إلكترونية,2026/05/05,"36,693,723"
الخدمات الرقمية,عام,القطاع العام,خدمة إلكترونية,2026/05/05,"36,700,548"
الخدمات الرقمية,عام,القطاع العام,خدمة إلكترونية,2026/05/05,"36,697,624"
الخدمات الرقمية,عام,القطاع العام,خدمة إلكترونية,2026/05/05,"36,696,910"
الخدمات الرقمية,عام,القطاع العام,خدمة إلكترونية,2026/05/05,"36,693,569"
الخدمات الرقمية,عام,القطاع العام,خدمة إلكترونية,2026/05/05,"36,694,018"
الخدمات الرقمية,عام,القطاع العام,خدمة إلكترونية,2026/05/05,"36,696,470"
الخدمات الرقمية,عام,القطاع العام,خدمة إلكترونية,2026/05/05,"36,708,579"
الخدمات الرقمية,عام,القطاع العام,خدمة إلكترونية,2026/05/05,"36,702,808"
الخدمات الرقمية,عام,القطاع العام,خدمة إلكترونية,2026/05/05,"36,714,160"
الخدمات الرقمية,عام,القطاع العام,خدمة إلكترونية,2026/05/05,"36,709,941"
الخدمات الرقمية,عام,القطاع العام,خدمة إلكترونية,2026/05/05,"36,707,283"
الخدمات الرقمية,عام,القطاع العام,خدمة إلكترونية,2026/05/05,"36,707,118"
الخدمات الرقمية,عام,القطاع العام,خدمة إلكترونية,2026/05/05,"36,714,034"
الخدمات الرقمية,عام,القطاع العام,خدمة إلكترونية,2026/05/05,"36,707,876"
الخدمات الرقمية,عام,القطاع العام,خدمة إلكترونية,2026/05/05,"36,707,633"
الخدمات الرقمية,عام,القطاع العام,خدمة إلكترونية,2026/05/05,"36,707,690"
الخدمات الرقمية,عام,القطاع العام,خدمة إلكترونية,2026/05/05,"36,707,846"
الخدمات الرقمية,عام,القطاع العام,خدمة إلكترونية,2026/05/05,"36,706,834"
الخدمات الرقمية,عام,القطاع العام,خدمة إلكترونية,2026/05/05,"36,707,747"
الخدمات الرقمية,عام,القطاع العام,خدمة إلكترونية,2026/05/05,"36,707,992"
الخدمات الرقمية,عام,القطاع العام,خدمة إلكترونية,2026/05/05,"36,710,966"
الخدمات الرقمية,عام,القطاع العام,خدمة إلكترونية,2026/05/05,"36,707,776"
الخدمات الرقمية,عام,القطاع العام,خدمة إلكترونية,2026/05/05,"36,711,187"
الخدمات الرقمية,عام,القطاع العام,خدمة إلكترونية,2026/05/05,"36,709,313"
الخدمات الرقمية,عام,القطاع العام,خدمة إلكترونية,2026/05/05,"36,707,103"
الخدمات الرقمية,عام,القطاع العام,خدمة إلكترونية,2026/05/05,"36,709,465"
الخدمات الرقمية,عام,القطاع العام,خدمة إلكترونية,2026/05/05,"36,708,997"
الخدمات الرقمية,عام,القطاع العام,خدمة إلكترونية,2026/05/05,"36,707,584"
الخدمات الرقمية,عام,القطاع العام,خدمة إلكترونية,2026/05/05,"36,707,059"
الخدمات الرقمية,عام,القطاع العام,خدمة إلكترونية,2026/05/05,"36,708,377"
الخدمات الرقمية,عام,القطاع العام,خدمة إلكترونية,2026/05/05,"36,707,520"
الخدمات الرقمية,عام,القطاع العام,خدمة إلكترونية,2026/05/05,"36,707,412"
الخدمات الرقمية,عام,القطاع العام,خدمة إلكترونية,2026/05/05,"36,709,276"
الخدمات الرقمية,عام,القطاع العام,خدمة إلكترونية,2026/05/05,"36,707,556"
الخدمات الرقمية,عام,القطاع العام,خدمة إلكترونية,2026/05/05,"36,708,324"
الخدمات الرقمية,عام,القطاع العام,خدمة إلكترونية,2026/05/05,"36,709,434"
الخدمات الرقمية,عام,القطاع العام,خدمة إلكترونية,2026/05/05,"36,707,958"
الخدمات الرقمية,عام,القطاع العام,خدمة إلكترونية,2026/05/05,"36,707,594"
الخدمات الرقمية,عام,القطاع العام,خدمة إلكترونية,2026/05/05,"36,707,095"
الخدمات الرقمية,عام,القطاع العام,خدمة إلكترونية,2026/05/05,"36,707,466"
الخدمات الرقمية,عام,القطاع العام,خدمة إلكترونية,2026/05/05,"36,707,201"
الخدمات الرقمية,عام,القطاع العام,خدمة إلكترونية,2026/05/05,"36,708,012"
الخدمات الرقمية,عام,القطاع العام,خدمة إلكترونية,2026/05/05,"36,696,764"
الخدمات الرقمية,عام,القطاع العام,خدمة إلكترونية,2026/05/05,"36,697,889"
الخدمات الرقمية,عام,القطاع العام,خدمة إلكترونية,2026/05/05,"36,697,877"
الخدمات الرقمية,عام,القطاع العام,خدمة إلكترونية,2026/05/05,"36,698,937"
الخدمات الرقمية,عام,القطاع العام,خدمة إلكترونية,2026/05/05,"36,701,159"
الخدمات الرقمية,عام,القطاع العام,خدمة إلكترونية,2026/05/05,"36,702,259"
الخدمات الرقمية,عام,القطاع العام,خدمة إلكترونية,2026/05/05,"36,702,175"
الخدمات الرقمية,عام,القطاع العام,خدمة إلكترونية,2026/05/05,"36,711,682"
الخدمات الرقمية,عام,القطاع العام,خدمة إلكترونية,2026/05/05,"36,706,937"
الخدمات الرقمية,عام,القطاع العام,خدمة إلكترونية,2026/05/05,"36,711,163"
الخدمات الرقمية,عام,القطاع العام,خدمة إلكترونية,2026/05/05,"36,706,864"
الخدمات الرقمية,عام,القطاع العام,خدمة إلكترونية,2026/05/05,"36,709,786"
الخدمات الرقمية,عام,القطاع العام,خدمة إلكترونية,2026/05/05,"36,698,758"
الخدمات الرقمية,عام,القطاع العام,خدمة إلكترونية,2026/05/05,"36,704,336"
الخدمات الرقمية,عام,القطاع العام,خدمة إلكترونية,2026/05/05,"36,705,069"
الخدمات الرقمية,عام,القطاع العام,خدمة إلكترونية,2026/05/05,"36,710,329"
الخدمات الرقمية,عام,القطاع العام,خدمة إلكترونية,2026/05/05,"36,705,198"
الخدمات الرقمية,عام,القطاع العام,خدمة إلكترونية,2026/05/05,"36,704,360"
الخدمات الرقمية,عام,القطاع العام,خدمة إلكترونية,2026/05/05,"36,712,150"
الخدمات الرقمية,عام,القطاع العام,خدمة إلكترونية,2026/05/05,"36,706,465"
 المدينة المنوره,المدينة المنورة,القطاع الخاص,خدمة إلكترونية جزئيا,2026/05/06,"36,722,010"
 الشرقية,الدمام,القطاع الخاص,خدمة إلكترونية جزئيا,2026/05/06,"36,731,809"
 الشرقية,الدمام,القطاع الخاص,خدمة إلكترونية جزئيا,2026/05/06,"36,728,225"
 القصيم,بريده,القطاع الخاص,خدمة إلكترونية جزئيا,2026/05/06,"36,724,374"
 الرياض,شقراء,القطاع الخاص,خدمة إلكترونية جزئيا,2026/05/06,"36,726,920"
 الشرقية,الدمام,القطاع الخاص,خدمة إلكترونية جزئيا,2026/05/06,"36,732,302"
 الشرقية,الدمام,القطاع الخاص,خدمة إلكترونية جزئيا,2026/05/06,"36,724,256"
 الحدود الشمالية,عرعر,القطاع الخاص,خدمة إلكترونية جزئيا,2026/05/06,"36,730,386"
 مكة المكرمه,مكة المكرمة,القطاع الخاص,خدمة إلكترونية جزئيا,2026/05/06,"36,730,389"
 مكة المكرمه,مكة المكرمة,القطاع الخاص,خدمة إلكترونية جزئيا,2026/05/06,"36,730,802"
 مكة المكرمه,مكة المكرمة,القطاع الخاص,خدمة إلكترونية جزئيا,2026/05/06,"36,730,258"
 مكة المكرمه,مكة المكرمة,القطاع الخاص,خدمة إلكترونية جزئيا,2026/05/06,"36,727,521"
 الرياض,الرياض,القطاع الخاص,خدمة إلكترونية جزئيا,2026/05/06,"36,727,999"
 الرياض,الرياض,القطاع الخاص,خدمة إلكترونية جزئيا,2026/05/06,"36,727,853"
 الرياض,الرياض,القطاع الخاص,خدمة إلكترونية جزئيا,2026/05/06,"36,731,166"
 الرياض,شقراء,القطاع الخاص,خدمة إلكترونية جزئيا,2026/05/06,"36,730,138"
 الرياض,شقراء,القطاع الخاص,خدمة إلكترونية جزئيا,2026/05/06,"36,727,024"
 الرياض,شقراء,القطاع الخاص,خدمة إلكترونية جزئيا,2026/05/06,"36,726,964"
 مكة المكرمه,الطائف,القطاع الخاص,خدمة إلكترونية جزئيا,2026/05/06,"36,727,956"
 عسير,ابها,القطاع الخاص,خدمة إلكترونية جزئيا,2026/05/06,"36,730,360"
 القصيم,بريده,القطاع الخاص,خدمة إلكترونية جزئيا,2026/05/06,"36,725,673"
 الشرقية,الدمام,القطاع الخاص,خدمة إلكترونية جزئيا,2026/05/06,"36,732,049"
 الشرقية,الدمام,القطاع الخاص,خدمة إلكترونية جزئيا,2026/05/06,"36,723,854"
 الشرقية,الدمام,القطاع الخاص,خدمة إلكترونية جزئيا,2026/05/06,"36,724,260"
 مكة المكرمه,مكة المكرمة,القطاع الخاص,خدمة إلكترونية جزئيا,2026/05/06,"36,730,645"
 مكة المكرمه,مكة المكرمة,القطاع الخاص,خدمة إلكترونية جزئيا,2026/05/06,"36,731,585"
 مكة المكرمه,مكة المكرمة,القطاع الخاص,خدمة إلكترونية جزئيا,2026/05/06,"36,732,335"
 مكة المكرمه,مكة المكرمة,القطاع الخاص,خدمة إلكترونية جزئيا,2026/05/06,"36,730,980"
 مكة المكرمه,مكة المكرمة,القطاع الخاص,خدمة إلكترونية جزئيا,2026/05/06,"36,728,631"
 الرياض,الرياض,القطاع الخاص,خدمة إلكترونية جزئيا,2026/05/06,"36,722,895"
 الرياض,الرياض,القطاع الخاص,خدمة إلكترونية جزئيا,2026/05/06,"36,726,545"
 الرياض,الرياض,القطاع الخاص,خدمة إلكترونية جزئيا,2026/05/06,"36,730,885"
 الرياض,الرياض,القطاع الخاص,خدمة إلكترونية جزئيا,2026/05/06,"36,728,500"
 الرياض,الرياض,القطاع الخاص,خدمة إلكترونية جزئيا,2026/05/06,"36,723,004"
 الشرقية,الدمام,القطاع الخاص,خدمة إلكترونية جزئيا,2026/05/06,"36,724,574"
 عسير,ابها,القطاع الخاص,خدمة إلكترونية جزئيا,2026/05/06,"36,730,547"
 الشرقية,الدمام,القطاع الخاص,خدمة إلكترونية جزئيا,2026/05/06,"36,724,321"
 الرياض,الرياض,القطاع الخاص,خدمة إلكترونية جزئيا,2026/05/06,"36,727,976"
 الرياض,الرياض,القطاع الخاص,خدمة إلكترونية جزئيا,2026/05/06,"36,726,590"
 مكة المكرمه,مكة المكرمة,القطاع الخاص,خدمة إلكترونية جزئيا,2026/05/06,"36,730,773"
 القصيم,بريده,القطاع الخاص,خدمة إلكترونية جزئيا,2026/05/06,"36,724,530"
 القصيم,بريده,القطاع الخاص,خدمة إلكترونية جزئيا,2026/05/06,"36,725,827"
 الشرقية,الدمام,القطاع الخاص,خدمة إلكترونية جزئيا,2026/05/06,"36,723,561"
 مكة المكرمه,مكة المكرمة,القطاع الخاص,خدمة إلكترونية جزئيا,2026/05/06,"36,731,763"
 مكة المكرمه,مكة المكرمة,القطاع الخاص,خدمة إلكترونية جزئيا,2026/05/06,"36,732,436"
 الشرقية,الدمام,القطاع الخاص,خدمة إلكترونية جزئيا,2026/05/06,"36,732,093"
 الشرقية,الدمام,القطاع الخاص,خدمة إلكترونية جزئيا,2026/05/06,"36,732,389"
 الشرقية,الدمام,القطاع الخاص,خدمة إلكترونية جزئيا,2026/05/06,"36,731,974"
 الرياض,الرياض,القطاع الخاص,خدمة إلكترونية جزئيا,2026/05/06,"36,731,854"
 مكة المكرمه,الطائف,القطاع الخاص,خدمة إلكترونية جزئيا,2026/05/06,"36,728,296"
 الرياض,شقراء,القطاع الخاص,خدمة إلكترونية جزئيا,2026/05/06,"36,730,744"
 الشرقية,الدمام,القطاع الخاص,خدمة إلكترونية جزئيا,2026/05/06,"36,724,494"
 المدينة المنوره,المدينة المنورة,القطاع الخاص,خدمة إلكترونية جزئيا,2026/05/06,"36,722,339"
 الحدود الشمالية,عرعر,القطاع الخاص,خدمة إلكترونية جزئيا,2026/05/06,"36,730,932"
الخدمات الرقمية,عام,القطاع العام,خدمة إلكترونية,2026/05/06,"36,725,429"
الخدمات الرقمية,عام,القطاع العام,خدمة إلكترونية,2026/05/06,"36,726,313"
الخدمات الرقمية,عام,القطاع العام,خدمة إلكترونية,2026/05/06,"36,731,392"
الخدمات الرقمية,عام,القطاع العام,خدمة إلكترونية,2026/05/06,"36,732,622"
الخدمات الرقمية,عام,القطاع العام,خدمة إلكترونية,2026/05/06,"36,724,145"
الخدمات الرقمية,عام,القطاع العام,خدمة إلكترونية,2026/05/06,"36,723,542"
الخدمات الرقمية,عام,القطاع العام,خدمة إلكترونية,2026/05/06,"36,733,201"
الخدمات الرقمية,عام,القطاع العام,خدمة إلكترونية,2026/05/06,"36,723,609"
الخدمات الرقمية,عام,القطاع العام,خدمة إلكترونية,2026/05/06,"36,721,303"
الخدمات الرقمية,عام,القطاع العام,خدمة إلكترونية,2026/05/06,"36,727,462"
الخدمات الرقمية,عام,القطاع العام,خدمة إلكترونية,2026/05/06,"36,728,573"
الخدمات الرقمية,عام,القطاع العام,خدمة إلكترونية,2026/05/06,"36,729,856"
الخدمات الرقمية,عام,القطاع العام,خدمة إلكترونية,2026/05/06,"36,726,475"
الخدمات الرقمية,عام,القطاع العام,خدمة إلكترونية,2026/05/06,"36,723,329"
الخدمات الرقمية,عام,القطاع العام,خدمة إلكترونية,2026/05/06,"36,724,154"
الخدمات الرقمية,عام,القطاع العام,خدمة إلكترونية,2026/05/06,"36,730,546"
الخدمات الرقمية,عام,القطاع العام,خدمة إلكترونية,2026/05/06,"36,725,986"
الخدمات الرقمية,عام,القطاع العام,خدمة إلكترونية,2026/05/06,"36,727,037"
الخدمات الرقمية,عام,القطاع العام,خدمة إلكترونية,2026/05/06,"36,733,418"
الخدمات الرقمية,عام,القطاع العام,خدمة إلكترونية,2026/05/06,"36,724,297"
الخدمات الرقمية,عام,القطاع العام,خدمة إلكترونية,2026/05/06,"36,730,196"
الخدمات الرقمية,عام,القطاع العام,خدمة إلكترونية,2026/05/06,"36,721,008"
الخدمات الرقمية,عام,القطاع العام,خدمة إلكترونية,2026/05/06,"36,733,695"
الخدمات الرقمية,عام,القطاع العام,خدمة إلكترونية,2026/05/06,"36,731,899"
الخدمات الرقمية,عام,القطاع العام,خدمة إلكترونية,2026/05/06,"36,733,531"
الخدمات الرقمية,عام,القطاع العام,خدمة إلكترونية,2026/05/06,"36,725,283"
الخدمات الرقمية,عام,القطاع العام,خدمة إلكترونية,2026/05/06,"36,723,871"
الخدمات الرقمية,عام,القطاع العام,خدمة إلكترونية,2026/05/06,"36,716,643"
الخدمات الرقمية,عام,القطاع العام,خدمة إلكترونية,2026/05/06,"36,726,830"
الخدمات الرقمية,عام,القطاع العام,خدمة إلكترونية,2026/05/06,"36,731,274"
الخدمات الرقمية,عام,القطاع العام,خدمة إلكترونية,2026/05/06,"36,727,270"
الخدمات الرقمية,عام,القطاع العام,خدمة إلكترونية,2026/05/06,"36,728,672"
الخدمات الرقمية,عام,القطاع العام,خدمة إلكترونية,2026/05/06,"36,730,203"
الخدمات الرقمية,عام,القطاع العام,خدمة إلكترونية,2026/05/06,"36,721,531"
الخدمات الرقمية,عام,القطاع العام,خدمة إلكترونية,2026/05/06,"36,730,253"
الخدمات الرقمية,عام,القطاع العام,خدمة إلكترونية,2026/05/06,"36,727,090"
الخدمات الرقمية,عام,القطاع العام,خدمة إلكترونية,2026/05/06,"36,732,735"
الخدمات الرقمية,عام,القطاع العام,خدمة إلكترونية,2026/05/06,"36,731,300"
الخدمات الرقمية,عام,القطاع العام,خدمة إلكترونية,2026/05/06,"36,729,166"
الخدمات الرقمية,عام,القطاع العام,خدمة إلكترونية,2026/05/06,"36,725,899"
الخدمات الرقمية,عام,القطاع العام,خدمة إلكترونية,2026/05/06,"36,727,447"
الخدمات الرقمية,عام,القطاع العام,خدمة إلكترونية,2026/05/06,"36,730,725"
الخدمات الرقمية,عام,القطاع العام,خدمة إلكترونية,2026/05/06,"36,725,265"
الخدمات الرقمية,عام,القطاع العام,خدمة إلكترونية,2026/05/06,"36,726,082"
الخدمات الرقمية,عام,القطاع العام,خدمة إلكترونية,2026/05/06,"36,733,518"
الخدمات الرقمية,عام,القطاع العام,خدمة إلكترونية,2026/05/06,"36,725,832"
الخدمات الرقمية,عام,القطاع العام,خدمة إلكترونية,2026/05/06,"36,728,052"
الخدمات الرقمية,عام,القطاع العام,خدمة إلكترونية,2026/05/06,"36,730,143"
 المدينة المنوره,المدينة المنورة,القطاع الخاص,خدمة إلكترونية جزئيا,2026/05/07,"36,745,860"
 القصيم,الرس,القطاع الخاص,خدمة إلكترونية جزئيا,2026/05/07,"36,762,325"
 القصيم,الرس,القطاع الخاص,خدمة إلكترونية جزئيا,2026/05/07,"36,761,911"
 القصيم,الرس,القطاع الخاص,خدمة إلكترونية جزئيا,2026/05/07,"36,762,922"
 الشرقية,الدمام,القطاع الخاص,خدمة إلكترونية جزئيا,2026/05/07,"36,743,927"
 الشرقية,الدمام,القطاع الخاص,خدمة إلكترونية جزئيا,2026/05/07,"36,744,328"
 القصيم,بريده,القطاع الخاص,خدمة إلكترونية جزئيا,2026/05/07,"36,750,375"
 حائل,حائل,القطاع الخاص,خدمة إلكترونية جزئيا,2026/05/07,"36,746,572"
 عسير,ابها,القطاع الخاص,خدمة إلكترونية جزئيا,2026/05/07,"36,747,820"
 عسير,ابها,القطاع الخاص,خدمة إلكترونية جزئيا,2026/05/07,"36,744,721"
 الشرقية,القطيف,القطاع الخاص,خدمة إلكترونية جزئيا,2026/05/07,"36,744,932"
 الرياض,الخرج,القطاع الخاص,خدمة إلكترونية جزئيا,2026/05/07,"36,762,641"
 الرياض,الخرج,القطاع الخاص,خدمة إلكترونية جزئيا,2026/05/07,"36,757,756"
 الرياض,الخرج,القطاع الخاص,خدمة إلكترونية جزئيا,2026/05/07,"36,758,821"
 حائل,حائل,القطاع الخاص,خدمة إلكترونية جزئيا,2026/05/07,"36,754,736"
 حائل,حائل,القطاع الخاص,خدمة إلكترونية جزئيا,2026/05/07,"36,755,105"
 حائل,حائل,القطاع الخاص,خدمة إلكترونية جزئيا,2026/05/07,"36,750,774"
 حائل,حائل,القطاع الخاص,خدمة إلكترونية جزئيا,2026/05/07,"36,754,114"
 القصيم,الرس,القطاع الخاص,خدمة إلكترونية جزئيا,2026/05/07,"36,762,488"
 الشرقية,الدمام,القطاع الخاص,خدمة إلكترونية جزئيا,2026/05/07,"36,748,794"
 مكة المكرمه,مكة المكرمة,القطاع الخاص,خدمة إلكترونية جزئيا,2026/05/07,"36,755,788"
 مكة المكرمه,مكة المكرمة,القطاع الخاص,خدمة إلكترونية جزئيا,2026/05/07,"36,746,277"
 مكة المكرمه,مكة المكرمة,القطاع الخاص,خدمة إلكترونية جزئيا,2026/05/07,"36,755,007"
 الرياض,الرياض,القطاع الخاص,خدمة إلكترونية جزئيا,2026/05/07,"36,747,998"
 الرياض,الرياض,القطاع الخاص,خدمة إلكترونية جزئيا,2026/05/07,"36,757,111"
 الرياض,الرياض,القطاع الخاص,خدمة إلكترونية جزئيا,2026/05/07,"36,757,230"
 الرياض,الرياض,القطاع الخاص,خدمة إلكترونية جزئيا,2026/05/07,"36,754,728"
 الرياض,الرياض,القطاع الخاص,خدمة إلكترونية جزئيا,2026/05/07,"36,755,240"
 الرياض,الرياض,القطاع الخاص,خدمة إلكترونية جزئيا,2026/05/07,"36,743,775"
 الرياض,الرياض,القطاع الخاص,خدمة إلكترونية جزئيا,2026/05/07,"36,749,687"
 المدينة المنوره,المدينة المنورة,القطاع الخاص,خدمة إلكترونية جزئيا,2026/05/07,"36,763,500"
 القصيم,الرس,القطاع الخاص,خدمة إلكترونية جزئيا,2026/05/07,"36,762,127"
 القصيم,الرس,القطاع الخاص,خدمة إلكترونية جزئيا,2026/05/07,"36,762,162"
 حائل,حائل,القطاع الخاص,خدمة إلكترونية جزئيا,2026/05/07,"36,755,696"
 عسير,ابها,القطاع الخاص,خدمة إلكترونية جزئيا,2026/05/07,"36,763,162"
 عسير,ابها,القطاع الخاص,خدمة إلكترونية جزئيا,2026/05/07,"36,763,133"
 عسير,ابها,القطاع الخاص,خدمة إلكترونية جزئيا,2026/05/07,"36,748,149"
 القصيم,بريده,القطاع الخاص,خدمة إلكترونية جزئيا,2026/05/07,"36,751,676"
 القصيم,بريده,القطاع الخاص,خدمة إلكترونية جزئيا,2026/05/07,"36,749,669"
 مكة المكرمه,مكة المكرمة,القطاع الخاص,خدمة إلكترونية جزئيا,2026/05/07,"36,754,472"
 مكة المكرمه,مكة المكرمة,القطاع الخاص,خدمة إلكترونية جزئيا,2026/05/07,"36,755,649"
 مكة المكرمه,مكة المكرمة,القطاع الخاص,خدمة إلكترونية جزئيا,2026/05/07,"36,755,447"
 مكة المكرمه,مكة المكرمة,القطاع الخاص,خدمة إلكترونية جزئيا,2026/05/07,"36,748,179"
 الرياض,الرياض,القطاع الخاص,خدمة إلكترونية جزئيا,2026/05/07,"36,755,845"
 الرياض,الرياض,القطاع الخاص,خدمة إلكترونية جزئيا,2026/05/07,"36,750,548"
 الرياض,الرياض,القطاع الخاص,خدمة إلكترونية جزئيا,2026/05/07,"36,748,822"
 الرياض,الرياض,القطاع الخاص,خدمة إلكترونية جزئيا,2026/05/07,"36,749,132"
 الرياض,الرياض,القطاع الخاص,خدمة إلكترونية جزئيا,2026/05/07,"36,747,722"
 الرياض,الرياض,القطاع الخاص,خدمة إلكترونية جزئيا,2026/05/07,"36,747,299"
 الرياض,الرياض,القطاع الخاص,خدمة إلكترونية جزئيا,2026/05/07,"36,756,131"
الخدمات الرقمية,عام,القطاع العام,خدمة إلكترونية,2026/05/07,"36,755,708"
الخدمات الرقمية,عام,القطاع العام,خدمة إلكترونية,2026/05/07,"36,755,714"
الخدمات الرقمية,عام,القطاع العام,خدمة إلكترونية,2026/05/07,"36,753,422"
الخدمات الرقمية,عام,القطاع العام,خدمة إلكترونية,2026/05/07,"36,753,338"
 الشرقية,الدمام,القطاع الخاص,خدمة إلكترونية جزئيا,2026/05/07,"36,744,561"
 عسير,ابها,القطاع الخاص,خدمة إلكترونية جزئيا,2026/05/07,"36,748,229"
 عسير,ابها,القطاع الخاص,خدمة إلكترونية جزئيا,2026/05/07,"36,763,269"
 عسير,ابها,القطاع الخاص,خدمة إلكترونية جزئيا,2026/05/07,"36,744,849"
 الرياض,الرياض,القطاع الخاص,خدمة إلكترونية جزئيا,2026/05/07,"36,755,480"
 الرياض,الرياض,القطاع الخاص,خدمة إلكترونية جزئيا,2026/05/07,"36,755,035"
 الرياض,الرياض,القطاع الخاص,خدمة إلكترونية جزئيا,2026/05/07,"36,744,933"
 المدينة المنوره,المدينة المنورة,القطاع الخاص,خدمة إلكترونية جزئيا,2026/05/07,"36,763,505"
 الشرقية,الدمام,القطاع الخاص,خدمة إلكترونية جزئيا,2026/05/07,"36,748,924"
 الرياض,الرياض,القطاع الخاص,خدمة إلكترونية جزئيا,2026/05/07,"36,743,889"
 مكة المكرمه,جده,القطاع الخاص,خدمة إلكترونية جزئيا,2026/05/07,"36,746,448"
 القصيم,الرس,القطاع الخاص,خدمة إلكترونية جزئيا,2026/05/07,"36,762,961"
 الرياض,الرياض,القطاع الخاص,خدمة إلكترونية جزئيا,2026/05/07,"36,749,447"
 الرياض,الرياض,القطاع الخاص,خدمة إلكترونية جزئيا,2026/05/07,"36,757,370"
 الرياض,الخرج,القطاع الخاص,خدمة إلكترونية جزئيا,2026/05/07,"36,762,659"
 مكة المكرمه,مكة المكرمة,القطاع الخاص,خدمة إلكترونية جزئيا,2026/05/07,"36,756,067"
 حائل,حائل,القطاع الخاص,خدمة إلكترونية جزئيا,2026/05/07,"36,751,313"
 حائل,حائل,القطاع الخاص,خدمة إلكترونية جزئيا,2026/05/07,"36,756,102"
 حائل,حائل,القطاع الخاص,خدمة إلكترونية جزئيا,2026/05/07,"36,747,359"
 الشرقية,القطيف,القطاع الخاص,خدمة إلكترونية جزئيا,2026/05/07,"36,745,154"
 الرياض,الرياض,القطاع الخاص,خدمة إلكترونية جزئيا,2026/05/07,"36,752,495"
 الشرقية,الدمام,القطاع الخاص,خدمة إلكترونية جزئيا,2026/05/07,"36,744,077"
 الرياض,الرياض,القطاع الخاص,خدمة إلكترونية جزئيا,2026/05/07,"36,745,301"
 الرياض,الرياض,القطاع الخاص,خدمة إلكترونية جزئيا,2026/05/07,"36,745,434"
 الشرقية,الدمام,القطاع الخاص,خدمة إلكترونية جزئيا,2026/05/07,"36,744,320"
 المدينة المنوره,المدينة المنورة,القطاع الخاص,خدمة إلكترونية جزئيا,2026/05/07,"36,746,229"
الخدمات الرقمية,عام,القطاع العام,خدمة إلكترونية,2026/05/07,"36,762,323"
الخدمات الرقمية,عام,القطاع العام,خدمة إلكترونية,2026/05/07,"36,758,928"
الخدمات الرقمية,عام,القطاع العام,خدمة إلكترونية,2026/05/07,"36,757,590"
الخدمات الرقمية,عام,القطاع العام,خدمة إلكترونية,2026/05/07,"36,759,413"
الخدمات الرقمية,عام,القطاع العام,خدمة إلكترونية,2026/05/07,"36,759,406"
الخدمات الرقمية,عام,القطاع العام,خدمة إلكترونية,2026/05/07,"36,759,854"
الخدمات الرقمية,عام,القطاع العام,خدمة إلكترونية,2026/05/07,"36,761,946"
الخدمات الرقمية,عام,القطاع العام,خدمة إلكترونية,2026/05/07,"36,759,459"
الخدمات الرقمية,عام,القطاع العام,خدمة إلكترونية,2026/05/07,"36,761,974"
الخدمات الرقمية,عام,القطاع العام,خدمة إلكترونية,2026/05/07,"36,757,574"
الخدمات الرقمية,عام,القطاع العام,خدمة إلكترونية,2026/05/07,"36,761,737"
الخدمات الرقمية,عام,القطاع العام,خدمة إلكترونية,2026/05/07,"36,757,777"
الخدمات الرقمية,عام,القطاع العام,خدمة إلكترونية,2026/05/07,"36,758,636"
الخدمات الرقمية,عام,القطاع العام,خدمة إلكترونية,2026/05/07,"36,759,326"
الخدمات الرقمية,عام,القطاع العام,خدمة إلكترونية,2026/05/07,"36,759,736"
الخدمات الرقمية,عام,القطاع العام,خدمة إلكترونية,2026/05/07,"36,761,881"
الخدمات الرقمية,عام,القطاع العام,خدمة إلكترونية,2026/05/07,"36,762,095"
الخدمات الرقمية,عام,القطاع العام,خدمة إلكترونية,2026/05/07,"36,762,019"
الخدمات الرقمية,عام,القطاع العام,خدمة إلكترونية,2026/05/07,"36,762,048"
الخدمات الرقمية,عام,القطاع العام,خدمة إلكترونية,2026/05/07,"36,762,012"
الخدمات الرقمية,عام,القطاع العام,خدمة إلكترونية,2026/05/07,"36,759,402"
الخدمات الرقمية,عام,القطاع العام,خدمة إلكترونية,2026/05/07,"36,759,553"
الخدمات الرقمية,عام,القطاع العام,خدمة إلكترونية,2026/05/07,"36,762,300"
الخدمات الرقمية,عام,القطاع العام,خدمة إلكترونية,2026/05/07,"36,761,782"
الخدمات الرقمية,عام,القطاع العام,خدمة إلكترونية,2026/05/07,"36,762,315"
الخدمات الرقمية,عام,القطاع العام,خدمة إلكترونية,2026/05/07,"36,760,688"
الخدمات الرقمية,عام,القطاع العام,خدمة إلكترونية,2026/05/07,"36,761,096"
الخدمات الرقمية,عام,القطاع العام,خدمة إلكترونية,2026/05/07,"36,761,978"
الخدمات الرقمية,عام,القطاع العام,خدمة إلكترونية,2026/05/07,"36,757,801"
الخدمات الرقمية,عام,القطاع العام,خدمة إلكترونية,2026/05/07,"36,759,516"
الخدمات الرقمية,عام,القطاع العام,خدمة إلكترونية,2026/05/07,"36,762,070"
الخدمات الرقمية,عام,القطاع العام,خدمة إلكترونية,2026/05/07,"36,760,299"
الخدمات الرقمية,عام,القطاع العام,خدمة إلكترونية,2026/05/07,"36,761,824"
الخدمات الرقمية,عام,القطاع العام,خدمة إلكترونية,2026/05/07,"36,761,923"
الخدمات الرقمية,عام,القطاع العام,خدمة إلكترونية,2026/05/07,"36,759,836"
الخدمات الرقمية,عام,القطاع العام,خدمة إلكترونية,2026/05/07,"36,762,020"
الخدمات الرقمية,عام,القطاع العام,خدمة إلكترونية,2026/05/07,"36,759,508"
الخدمات الرقمية,عام,القطاع العام,خدمة إلكترونية,2026/05/07,"36,755,290"
الخدمات الرقمية,عام,القطاع العام,خدمة إلكترونية,2026/05/07,"36,755,441"
الخدمات الرقمية,عام,القطاع العام,خدمة إلكترونية,2026/05/07,"36,756,406"
الخدمات الرقمية,عام,القطاع العام,خدمة إلكترونية,2026/05/07,"36,754,135"
الخدمات الرقمية,عام,القطاع العام,خدمة إلكترونية,2026/05/07,"36,754,949"
الخدمات الرقمية,عام,القطاع العام,خدمة إلكترونية,2026/05/07,"36,755,223"
الخدمات الرقمية,عام,القطاع العام,خدمة إلكترونية,2026/05/07,"36,755,280"
الخدمات الرقمية,عام,القطاع العام,خدمة إلكترونية,2026/05/07,"36,755,828"
الخدمات الرقمية,عام,القطاع العام,خدمة إلكترونية,2026/05/07,"36,754,602"
الخدمات الرقمية,عام,القطاع العام,خدمة إلكترونية,2026/05/07,"36,754,629"
الخدمات الرقمية,عام,القطاع العام,خدمة إلكترونية,2026/05/07,"36,754,628"
الخدمات الرقمية,عام,القطاع العام,خدمة إلكترونية,2026/05/07,"36,755,484"
الخدمات الرقمية,عام,القطاع العام,خدمة إلكترونية,2026/05/07,"36,756,691"
الخدمات الرقمية,عام,القطاع العام,خدمة إلكترونية,2026/05/07,"36,755,278"
الخدمات الرقمية,عام,القطاع العام,خدمة إلكترونية,2026/05/07,"36,756,084"
الخدمات الرقمية,عام,القطاع العام,خدمة إلكترونية,2026/05/07,"36,756,944"
الخدمات الرقمية,عام,القطاع العام,خدمة إلكترونية,2026/05/07,"36,755,113"
الخدمات الرقمية,عام,القطاع العام,خدمة إلكترونية,2026/05/07,"36,754,893"
الخدمات الرقمية,عام,القطاع العام,خدمة إلكترونية,2026/05/07,"36,754,782"
الخدمات الرقمية,عام,القطاع العام,خدمة إلكترونية,2026/05/07,"36,754,740"
الخدمات الرقمية,عام,القطاع العام,خدمة إلكترونية,2026/05/07,"36,757,081"
الخدمات الرقمية,عام,القطاع العام,خدمة إلكترونية,2026/05/07,"36,759,842"
الخدمات الرقمية,عام,القطاع العام,خدمة إلكترونية,2026/05/07,"36,760,939"
الخدمات الرقمية,عام,القطاع العام,خدمة إلكترونية,2026/05/07,"36,758,674"
الخدمات الرقمية,عام,القطاع العام,خدمة إلكترونية,2026/05/07,"36,763,917"
الخدمات الرقمية,عام,القطاع العام,خدمة إلكترونية,2026/05/07,"36,760,232"
الخدمات الرقمية,عام,القطاع العام,خدمة إلكترونية,2026/05/07,"36,763,082"
الخدمات الرقمية,عام,القطاع العام,خدمة إلكترونية,2026/05/07,"36,763,643"
الخدمات الرقمية,عام,القطاع العام,خدمة إلكترونية,2026/05/07,"36,756,093"
الخدمات الرقمية,عام,القطاع العام,خدمة إلكترونية,2026/05/07,"36,756,416"
الخدمات الرقمية,عام,القطاع العام,خدمة إلكترونية,2026/05/07,"36,757,196"
الخدمات الرقمية,عام,القطاع العام,خدمة إلكترونية,2026/05/07,"36,757,395"
الخدمات الرقمية,عام,القطاع العام,خدمة إلكترونية,2026/05/07,"36,756,090"
الخدمات الرقمية,عام,القطاع العام,خدمة إلكترونية,2026/05/07,"36,757,396"
الخدمات الرقمية,عام,القطاع العام,خدمة إلكترونية,2026/05/07,"36,755,353"
الخدمات الرقمية,عام,القطاع العام,خدمة إلكترونية,2026/05/07,"36,757,367"
الخدمات الرقمية,عام,القطاع العام,خدمة إلكترونية,2026/05/07,"36,755,874"
الخدمات الرقمية,عام,القطاع العام,خدمة إلكترونية,2026/05/07,"36,756,388"
الخدمات الرقمية,عام,القطاع العام,خدمة إلكترونية,2026/05/07,"36,757,051"
الخدمات الرقمية,عام,القطاع العام,خدمة إلكترونية,2026/05/07,"36,756,888"
الخدمات الرقمية,عام,القطاع العام,خدمة إلكترونية,2026/05/07,"36,755,841"
الخدمات الرقمية,عام,القطاع العام,خدمة إلكترونية,2026/05/07,"36,762,499"
الخدمات الرقمية,عام,القطاع العام,خدمة إلكترونية,2026/05/07,"36,755,631"
الخدمات الرقمية,عام,القطاع العام,خدمة إلكترونية,2026/05/07,"36,754,241"
الخدمات الرقمية,عام,القطاع العام,خدمة إلكترونية,2026/05/07,"36,756,809"
الخدمات الرقمية,عام,القطاع العام,خدمة إلكترونية,2026/05/07,"36,755,338"
 الرياض,الخرج,القطاع الخاص,خدمة إلكترونية جزئيا,2026/05/08,"36,776,660"
 الرياض,الخرج,القطاع الخاص,خدمة إلكترونية جزئيا,2026/05/08,"36,776,265"
 الرياض,الخرج,القطاع الخاص,خدمة إلكترونية جزئيا,2026/05/08,"36,776,157"
 مكة المكرمه,جده,القطاع الخاص,خدمة إلكترونية جزئيا,2026/05/08,"36,776,880"
 مكة المكرمه,مكة المكرمة,القطاع الخاص,خدمة إلكترونية جزئيا,2026/05/08,"36,775,345"
 الرياض,الرياض,القطاع الخاص,خدمة إلكترونية جزئيا,2026/05/08,"36,777,619"
 الرياض,الرياض,القطاع الخاص,خدمة إلكترونية جزئيا,2026/05/08,"36,775,482"
 الرياض,الرياض,القطاع الخاص,خدمة إلكترونية جزئيا,2026/05/08,"36,775,763"
 مكة المكرمه,جده,القطاع الخاص,خدمة إلكترونية جزئيا,2026/05/08,"36,777,015"
 الرياض,الرياض,القطاع الخاص,خدمة إلكترونية جزئيا,2026/05/08,"36,777,725"
 الرياض,الخرج,القطاع الخاص,خدمة إلكترونية جزئيا,2026/05/08,"36,776,758"
الخدمات الرقمية,عام,القطاع العام,خدمة إلكترونية,2026/05/08,"36,771,700"
الخدمات الرقمية,عام,القطاع العام,خدمة إلكترونية,2026/05/08,"36,772,582"
الخدمات الرقمية,عام,القطاع العام,خدمة إلكترونية,2026/05/08,"36,773,777"
الخدمات الرقمية,عام,القطاع العام,خدمة إلكترونية,2026/05/08,"36,771,147"
 المدينة المنوره,المدينة المنورة,القطاع الخاص,خدمة إلكترونية جزئيا,2026/05/09,"36,788,158"
 المدينة المنوره,المدينة المنورة,القطاع الخاص,خدمة إلكترونية جزئيا,2026/05/09,"36,788,057"
 المدينة المنوره,المدينة المنورة,القطاع الخاص,خدمة إلكترونية جزئيا,2026/05/09,"36,787,540"
 المدينة المنوره,المدينة المنورة,القطاع الخاص,خدمة إلكترونية جزئيا,2026/05/09,"36,787,878"
 المدينة المنوره,المدينة المنورة,القطاع الخاص,خدمة إلكترونية جزئيا,2026/05/09,"36,787,512"
 المدينة المنوره,المدينة المنورة,القطاع الخاص,خدمة إلكترونية جزئيا,2026/05/09,"36,787,555"
 الرياض,الرياض,القطاع الخاص,خدمة إلكترونية جزئيا,2026/05/09,"36,780,466"
 الرياض,الرياض,القطاع الخاص,خدمة إلكترونية جزئيا,2026/05/09,"36,780,470"
 الرياض,الرياض,القطاع الخاص,خدمة إلكترونية جزئيا,2026/05/09,"36,790,066"
 المدينة المنوره,المدينة المنورة,القطاع الخاص,خدمة إلكترونية جزئيا,2026/05/09,"36,787,910"
 الرياض,الرياض,القطاع الخاص,خدمة إلكترونية جزئيا,2026/05/09,"36,780,458"
 الرياض,الرياض,القطاع الخاص,خدمة إلكترونية جزئيا,2026/05/09,"36,780,545"
 المدينة المنوره,المدينة المنورة,القطاع الخاص,خدمة إلكترونية جزئيا,2026/05/09,"36,787,584"
 المدينة المنوره,المدينة المنورة,القطاع الخاص,خدمة إلكترونية جزئيا,2026/05/09,"36,788,275"
 الرياض,الرياض,القطاع الخاص,خدمة إلكترونية جزئيا,2026/05/09,"36,790,169"
 مكة المكرمه,مكة المكرمة,القطاع الخاص,خدمة إلكترونية جزئيا,2026/05/10,"36,801,406"
 المدينة المنوره,المدينة المنورة,القطاع الخاص,خدمة إلكترونية جزئيا,2026/05/10,"36,807,077"
 الشرقية,حفر الباطن,القطاع الخاص,خدمة إلكترونية جزئيا,2026/05/10,"36,803,170"
 الشرقية,حفر الباطن,القطاع الخاص,خدمة إلكترونية جزئيا,2026/05/10,"36,803,420"
 الشرقية,حفر الباطن,القطاع الخاص,خدمة إلكترونية جزئيا,2026/05/10,"36,802,902"
 مكة المكرمه,الطائف,القطاع الخاص,خدمة إلكترونية جزئيا,2026/05/10,"36,808,153"
 مكة المكرمه,الطائف,القطاع الخاص,خدمة إلكترونية جزئيا,2026/05/10,"36,810,670"
 مكة المكرمه,الطائف,القطاع الخاص,خدمة إلكترونية جزئيا,2026/05/10,"36,810,716"
 مكة المكرمه,الطائف,القطاع الخاص,خدمة إلكترونية جزئيا,2026/05/10,"36,807,705"
 مكة المكرمه,الطائف,القطاع الخاص,خدمة إلكترونية جزئيا,2026/05/10,"36,811,586"
 مكة المكرمه,الطائف,القطاع الخاص,خدمة إلكترونية جزئيا,2026/05/10,"36,808,333"
 مكة المكرمه,الطائف,القطاع الخاص,خدمة إلكترونية جزئيا,2026/05/10,"36,799,358"
 عسير,ابها,القطاع الخاص,خدمة إلكترونية جزئيا,2026/05/10,"36,804,210"
 القصيم,بريده,القطاع الخاص,خدمة إلكترونية جزئيا,2026/05/10,"36,810,079"
 القصيم,بريده,القطاع الخاص,خدمة إلكترونية جزئيا,2026/05/10,"36,801,264"
 مكة المكرمه,جده,القطاع الخاص,خدمة إلكترونية جزئيا,2026/05/10,"36,802,636"
 مكة المكرمه,جده,القطاع الخاص,خدمة إلكترونية جزئيا,2026/05/10,"36,807,636"
 الشرقية,الدمام,القطاع الخاص,خدمة إلكترونية جزئيا,2026/05/10,"36,803,068"
 الشرقية,الدمام,القطاع الخاص,خدمة إلكترونية جزئيا,2026/05/10,"36,803,674"
 الشرقية,الدمام,القطاع الخاص,خدمة إلكترونية جزئيا,2026/05/10,"36,802,665"
 الشرقية,الدمام,القطاع الخاص,خدمة إلكترونية جزئيا,2026/05/10,"36,803,192"
 مكة المكرمه,مكة المكرمة,القطاع الخاص,خدمة إلكترونية جزئيا,2026/05/10,"36,805,683"
 مكة المكرمه,مكة المكرمة,القطاع الخاص,خدمة إلكترونية جزئيا,2026/05/10,"36,800,149"
 مكة المكرمه,مكة المكرمة,القطاع الخاص,خدمة إلكترونية جزئيا,2026/05/10,"36,808,068"
 مكة المكرمه,مكة المكرمة,القطاع الخاص,خدمة إلكترونية جزئيا,2026/05/10,"36,809,312"
 الرياض,الرياض,القطاع الخاص,خدمة إلكترونية جزئيا,2026/05/10,"36,808,066"
 الرياض,الرياض,القطاع الخاص,خدمة إلكترونية جزئيا,2026/05/10,"36,807,535"
 الرياض,الرياض,القطاع الخاص,خدمة إلكترونية جزئيا,2026/05/10,"36,809,153"
 الرياض,الرياض,القطاع الخاص,خدمة إلكترونية جزئيا,2026/05/10,"36,812,611"
 الرياض,الرياض,القطاع الخاص,خدمة إلكترونية جزئيا,2026/05/10,"36,812,871"
 الرياض,الرياض,القطاع الخاص,خدمة إلكترونية جزئيا,2026/05/10,"36,811,547"
 الرياض,الرياض,القطاع الخاص,خدمة إلكترونية جزئيا,2026/05/10,"36,812,299"
 الرياض,الرياض,القطاع الخاص,خدمة إلكترونية جزئيا,2026/05/10,"36,812,428"
 الرياض,الرياض,القطاع الخاص,خدمة إلكترونية جزئيا,2026/05/10,"36,812,265"
 الرياض,الرياض,القطاع الخاص,خدمة إلكترونية جزئيا,2026/05/10,"36,811,146"
 الرياض,الرياض,القطاع الخاص,خدمة إلكترونية جزئيا,2026/05/10,"36,810,980"
 الرياض,الرياض,القطاع الخاص,خدمة إلكترونية جزئيا,2026/05/10,"36,811,256"
 الرياض,الرياض,القطاع الخاص,خدمة إلكترونية جزئيا,2026/05/10,"36,799,367"
 الرياض,الرياض,القطاع الخاص,خدمة إلكترونية جزئيا,2026/05/10,"36,804,387"
 الرياض,الرياض,القطاع الخاص,خدمة إلكترونية جزئيا,2026/05/10,"36,802,904"
 الرياض,الرياض,القطاع الخاص,خدمة إلكترونية جزئيا,2026/05/10,"36,801,120"
 الرياض,الرياض,القطاع الخاص,خدمة إلكترونية جزئيا,2026/05/10,"36,804,090"
 الرياض,الرياض,القطاع الخاص,خدمة إلكترونية جزئيا,2026/05/10,"36,800,356"
الخدمات الرقمية,عام,القطاع العام,خدمة إلكترونية,2026/05/10,"36,804,423"
 عسير,ابها,القطاع الخاص,خدمة إلكترونية جزئيا,2026/05/10,"36,804,510"
 الرياض,الرياض,القطاع الخاص,خدمة إلكترونية جزئيا,2026/05/10,"36,811,392"
 الرياض,الرياض,القطاع الخاص,خدمة إلكترونية جزئيا,2026/05/10,"36,810,994"
 القصيم,بريده,القطاع الخاص,خدمة إلكترونية جزئيا,2026/05/10,"36,801,435"
 مكة المكرمه,جده,القطاع الخاص,خدمة إلكترونية جزئيا,2026/05/10,"36,807,804"
 الرياض,الرياض,القطاع الخاص,خدمة إلكترونية جزئيا,2026/05/10,"36,804,482"
 القصيم,بريده,القطاع الخاص,خدمة إلكترونية جزئيا,2026/05/10,"36,810,316"
 الشرقية,حفر الباطن,القطاع الخاص,خدمة إلكترونية جزئيا,2026/05/10,"36,803,453"
 الشرقية,حفر الباطن,القطاع الخاص,خدمة إلكترونية جزئيا,2026/05/10,"36,802,963"
 الشرقية,حفر الباطن,القطاع الخاص,خدمة إلكترونية جزئيا,2026/05/10,"36,803,254"
 الشرقية,الدمام,القطاع الخاص,خدمة إلكترونية جزئيا,2026/05/10,"36,803,165"
 الشرقية,الدمام,القطاع الخاص,خدمة إلكترونية جزئيا,2026/05/10,"36,803,811"
 مكة المكرمه,مكة المكرمة,القطاع الخاص,خدمة إلكترونية جزئيا,2026/05/10,"36,801,668"
 الرياض,الرياض,القطاع الخاص,خدمة إلكترونية جزئيا,2026/05/10,"36,807,648"
 مكة المكرمه,مكة المكرمة,القطاع الخاص,خدمة إلكترونية جزئيا,2026/05/10,"36,809,444"
 مكة المكرمه,مكة المكرمة,القطاع الخاص,خدمة إلكترونية جزئيا,2026/05/10,"36,807,003"
 الرياض,الرياض,القطاع الخاص,خدمة إلكترونية جزئيا,2026/05/10,"36,808,380"
 الرياض,الرياض,القطاع الخاص,خدمة إلكترونية جزئيا,2026/05/10,"36,801,816"
 الرياض,الرياض,القطاع الخاص,خدمة إلكترونية جزئيا,2026/05/10,"36,804,444"
 الشرقية,الدمام,القطاع الخاص,خدمة إلكترونية جزئيا,2026/05/10,"36,802,937"
 الشرقية,الدمام,القطاع الخاص,خدمة إلكترونية جزئيا,2026/05/10,"36,803,464"
 الرياض,الرياض,القطاع الخاص,خدمة إلكترونية جزئيا,2026/05/10,"36,809,465"
 مكة المكرمه,مكة المكرمة,القطاع الخاص,خدمة إلكترونية جزئيا,2026/05/10,"36,800,184"
 مكة المكرمه,مكة المكرمة,القطاع الخاص,خدمة إلكترونية جزئيا,2026/05/10,"36,808,300"
 مكة المكرمه,الطائف,القطاع الخاص,خدمة إلكترونية جزئيا,2026/05/10,"36,811,683"
 الرياض,الرياض,القطاع الخاص,خدمة إلكترونية جزئيا,2026/05/10,"36,811,706"
 الرياض,الرياض,القطاع الخاص,خدمة إلكترونية جزئيا,2026/05/10,"36,812,416"
 الرياض,الرياض,القطاع الخاص,خدمة إلكترونية جزئيا,2026/05/10,"36,812,907"
 الرياض,الرياض,القطاع الخاص,خدمة إلكترونية جزئيا,2026/05/10,"36,812,680"
 الرياض,الرياض,القطاع الخاص,خدمة إلكترونية جزئيا,2026/05/10,"36,799,409"
 الرياض,الرياض,القطاع الخاص,خدمة إلكترونية جزئيا,2026/05/10,"36,800,564"
 مكة المكرمه,جده,القطاع الخاص,خدمة إلكترونية جزئيا,2026/05/10,"36,802,770"
 مكة المكرمه,جده,القطاع الخاص,خدمة إلكترونية جزئيا,2026/05/10,"36,804,228"
 مكة المكرمه,الطائف,القطاع الخاص,خدمة إلكترونية جزئيا,2026/05/10,"36,799,461"
 الرياض,الرياض,القطاع الخاص,خدمة إلكترونية جزئيا,2026/05/10,"36,811,190"
 المدينة المنوره,المدينة المنورة,القطاع الخاص,خدمة إلكترونية جزئيا,2026/05/10,"36,807,211"
الخدمات الرقمية,عام,القطاع العام,خدمة إلكترونية,2026/05/10,"36,797,544"
الخدمات الرقمية,عام,القطاع العام,خدمة إلكترونية,2026/05/10,"36,798,019"
الخدمات الرقمية,عام,القطاع العام,خدمة إلكترونية,2026/05/10,"36,799,172"
الخدمات الرقمية,عام,القطاع العام,خدمة إلكترونية,2026/05/10,"36,801,809"
الخدمات الرقمية,عام,القطاع العام,خدمة إلكترونية,2026/05/10,"36,799,928"
الخدمات الرقمية,عام,القطاع العام,خدمة إلكترونية,2026/05/10,"36,801,348"
الخدمات الرقمية,عام,القطاع العام,خدمة إلكترونية,2026/05/10,"36,800,578"
الخدمات الرقمية,عام,القطاع العام,خدمة إلكترونية,2026/05/10,"36,801,216"
الخدمات الرقمية,عام,القطاع العام,خدمة إلكترونية,2026/05/10,"36,803,943"
الخدمات الرقمية,عام,القطاع العام,خدمة إلكترونية,2026/05/10,"36,806,635"
الخدمات الرقمية,عام,القطاع العام,خدمة إلكترونية,2026/05/10,"36,808,017"
الخدمات الرقمية,عام,القطاع العام,خدمة إلكترونية,2026/05/10,"36,805,019"
الخدمات الرقمية,عام,القطاع العام,خدمة إلكترونية,2026/05/10,"36,806,950"
الخدمات الرقمية,عام,القطاع العام,خدمة إلكترونية,2026/05/10,"36,807,929"
الخدمات الرقمية,عام,القطاع العام,خدمة إلكترونية,2026/05/10,"36,808,213"
الخدمات الرقمية,عام,القطاع العام,خدمة إلكترونية,2026/05/10,"36,805,983"
الخدمات الرقمية,عام,القطاع العام,خدمة إلكترونية,2026/05/10,"36,806,794"
الخدمات الرقمية,عام,القطاع العام,خدمة إلكترونية,2026/05/10,"36,808,175"
الخدمات الرقمية,عام,القطاع العام,خدمة إلكترونية,2026/05/10,"36,803,158"
الخدمات الرقمية,عام,القطاع العام,خدمة إلكترونية,2026/05/10,"36,807,621"
الخدمات الرقمية,عام,القطاع العام,خدمة إلكترونية,2026/05/10,"36,801,853"
الخدمات الرقمية,عام,القطاع العام,خدمة إلكترونية,2026/05/10,"36,808,063"
الخدمات الرقمية,عام,القطاع العام,خدمة إلكترونية,2026/05/10,"36,802,560"
الخدمات الرقمية,عام,القطاع العام,خدمة إلكترونية,2026/05/10,"36,809,746"
الخدمات الرقمية,عام,القطاع العام,خدمة إلكترونية,2026/05/10,"36,810,410"
الخدمات الرقمية,عام,القطاع العام,خدمة إلكترونية,2026/05/10,"36,807,663"
الخدمات الرقمية,عام,القطاع العام,خدمة إلكترونية,2026/05/10,"36,808,978"
الخدمات الرقمية,عام,القطاع العام,خدمة إلكترونية,2026/05/10,"36,814,353"
الخدمات الرقمية,عام,القطاع العام,خدمة إلكترونية,2026/05/10,"36,815,074"
الخدمات الرقمية,عام,القطاع العام,خدمة إلكترونية,2026/05/10,"36,808,167"
الخدمات الرقمية,عام,القطاع العام,خدمة إلكترونية,2026/05/10,"36,814,388"
الخدمات الرقمية,عام,القطاع العام,خدمة إلكترونية,2026/05/10,"36,799,953"
الخدمات الرقمية,عام,القطاع العام,خدمة إلكترونية,2026/05/10,"36,799,929"
الخدمات الرقمية,عام,القطاع العام,خدمة إلكترونية,2026/05/10,"36,802,653"
الخدمات الرقمية,عام,القطاع العام,خدمة إلكترونية,2026/05/10,"36,804,507"
الخدمات الرقمية,عام,القطاع العام,خدمة إلكترونية,2026/05/10,"36,804,338"
الخدمات الرقمية,عام,القطاع العام,خدمة إلكترونية,2026/05/10,"36,805,811"
الخدمات الرقمية,عام,القطاع العام,خدمة إلكترونية,2026/05/10,"36,804,663"
الخدمات الرقمية,عام,القطاع العام,خدمة إلكترونية,2026/05/10,"36,808,864"
الخدمات الرقمية,عام,القطاع العام,خدمة إلكترونية,2026/05/10,"36,808,543"
الخدمات الرقمية,عام,القطاع العام,خدمة إلكترونية,2026/05/10,"36,809,308"
الخدمات الرقمية,عام,القطاع العام,خدمة إلكترونية,2026/05/10,"36,809,337"
الخدمات الرقمية,عام,القطاع العام,خدمة إلكترونية,2026/05/10,"36,808,593"
الخدمات الرقمية,عام,القطاع العام,خدمة إلكترونية,2026/05/10,"36,809,545"
الخدمات الرقمية,عام,القطاع العام,خدمة إلكترونية,2026/05/10,"36,802,578"
الخدمات الرقمية,عام,القطاع العام,خدمة إلكترونية,2026/05/10,"36,808,508"
الخدمات الرقمية,عام,القطاع العام,خدمة إلكترونية,2026/05/10,"36,809,466"
الخدمات الرقمية,عام,القطاع العام,خدمة إلكترونية,2026/05/10,"36,802,958"
الخدمات الرقمية,عام,القطاع العام,خدمة إلكترونية,2026/05/10,"36,799,824"
الخدمات الرقمية,عام,القطاع العام,خدمة إلكترونية,2026/05/10,"36,814,082"
الخدمات الرقمية,عام,القطاع العام,خدمة إلكترونية,2026/05/10,"36,809,518"
الخدمات الرقمية,عام,القطاع العام,خدمة إلكترونية,2026/05/10,"36,808,677"
الخدمات الرقمية,عام,القطاع العام,خدمة إلكترونية,2026/05/10,"36,808,606"
الخدمات الرقمية,عام,القطاع العام,خدمة إلكترونية,2026/05/10,"36,809,154"
الخدمات الرقمية,عام,القطاع العام,خدمة إلكترونية,2026/05/10,"36,800,695"
الخدمات الرقمية,عام,القطاع العام,خدمة إلكترونية,2026/05/10,"36,814,400"
 الشرقية,الدمام,القطاع الخاص,خدمة إلكترونية جزئيا,2026/05/11,"36,822,126"
 الشرقية,حفر الباطن,القطاع الخاص,خدمة إلكترونية جزئيا,2026/05/11,"36,839,962"
 الرياض,الخرج,القطاع الخاص,خدمة إلكترونية جزئيا,2026/05/11,"36,836,413"
 الشرقية,الخبر,القطاع الخاص,خدمة إلكترونية جزئيا,2026/05/11,"36,831,758"
 الشرقية,الخبر,القطاع الخاص,خدمة إلكترونية جزئيا,2026/05/11,"36,831,511"
 مكة المكرمه,الطائف,القطاع الخاص,خدمة إلكترونية جزئيا,2026/05/11,"36,838,718"
 عسير,ابها,القطاع الخاص,خدمة إلكترونية جزئيا,2026/05/11,"36,823,309"
 عسير,ابها,القطاع الخاص,خدمة إلكترونية جزئيا,2026/05/11,"36,833,685"
 عسير,ابها,القطاع الخاص,خدمة إلكترونية جزئيا,2026/05/11,"36,833,067"
 حائل,حائل,القطاع الخاص,خدمة إلكترونية جزئيا,2026/05/11,"36,827,842"
 القصيم,بريده,القطاع الخاص,خدمة إلكترونية جزئيا,2026/05/11,"36,838,312"
 القصيم,بريده,القطاع الخاص,خدمة إلكترونية جزئيا,2026/05/11,"36,838,620"
 القصيم,بريده,القطاع الخاص,خدمة إلكترونية جزئيا,2026/05/11,"36,838,108"
 الشرقية,الدمام,القطاع الخاص,خدمة إلكترونية جزئيا,2026/05/11,"36,824,583"
 الشرقية,الدمام,القطاع الخاص,خدمة إلكترونية جزئيا,2026/05/11,"36,827,563"
 الشرقية,الدمام,القطاع الخاص,خدمة إلكترونية جزئيا,2026/05/11,"36,822,229"
 الشرقية,الدمام,القطاع الخاص,خدمة إلكترونية جزئيا,2026/05/11,"36,821,968"
 الشرقية,الدمام,القطاع الخاص,خدمة إلكترونية جزئيا,2026/05/11,"36,835,164"
 الشرقية,الدمام,القطاع الخاص,خدمة إلكترونية جزئيا,2026/05/11,"36,827,767"
 الشرقية,الدمام,القطاع الخاص,خدمة إلكترونية جزئيا,2026/05/11,"36,827,755"
 الشرقية,الدمام,القطاع الخاص,خدمة إلكترونية جزئيا,2026/05/11,"36,828,097"
 الشرقية,الدمام,القطاع الخاص,خدمة إلكترونية جزئيا,2026/05/11,"36,824,518"
 الشرقية,الدمام,القطاع الخاص,خدمة إلكترونية جزئيا,2026/05/11,"36,824,103"
 الشرقية,الدمام,القطاع الخاص,خدمة إلكترونية جزئيا,2026/05/11,"36,829,759"
 مكة المكرمه,مكة المكرمة,القطاع الخاص,خدمة إلكترونية جزئيا,2026/05/11,"36,834,107"
 مكة المكرمه,مكة المكرمة,القطاع الخاص,خدمة إلكترونية جزئيا,2026/05/11,"36,824,287"
 مكة المكرمه,مكة المكرمة,القطاع الخاص,خدمة إلكترونية جزئيا,2026/05/11,"36,834,264"
 مكة المكرمه,مكة المكرمة,القطاع الخاص,خدمة إلكترونية جزئيا,2026/05/11,"36,833,979"
 مكة المكرمه,مكة المكرمة,القطاع الخاص,خدمة إلكترونية جزئيا,2026/05/11,"36,833,802"
 مكة المكرمه,مكة المكرمة,القطاع الخاص,خدمة إلكترونية جزئيا,2026/05/11,"36,834,589"
 مكة المكرمه,مكة المكرمة,القطاع الخاص,خدمة إلكترونية جزئيا,2026/05/11,"36,833,140"
 مكة المكرمه,مكة المكرمة,القطاع الخاص,خدمة إلكترونية جزئيا,2026/05/11,"36,827,112"
 مكة المكرمه,مكة المكرمة,القطاع الخاص,خدمة إلكترونية جزئيا,2026/05/11,"36,831,006"
 مكة المكرمه,مكة المكرمة,القطاع الخاص,خدمة إلكترونية جزئيا,2026/05/11,"36,834,460"
 مكة المكرمه,مكة المكرمة,القطاع الخاص,خدمة إلكترونية جزئيا,2026/05/11,"36,840,735"
 مكة المكرمه,مكة المكرمة,القطاع الخاص,خدمة إلكترونية جزئيا,2026/05/11,"36,841,534"
 الرياض,الرياض,القطاع الخاص,خدمة إلكترونية جزئيا,2026/05/11,"36,821,872"
 الرياض,الرياض,القطاع الخاص,خدمة إلكترونية جزئيا,2026/05/11,"36,825,665"
 الرياض,الرياض,القطاع الخاص,خدمة إلكترونية جزئيا,2026/05/11,"36,830,011"
 الرياض,الرياض,القطاع الخاص,خدمة إلكترونية جزئيا,2026/05/11,"36,826,048"
 الرياض,الرياض,القطاع الخاص,خدمة إلكترونية جزئيا,2026/05/11,"36,826,450"
 الرياض,الرياض,القطاع الخاص,خدمة إلكترونية جزئيا,2026/05/11,"36,821,116"
 الرياض,الرياض,القطاع الخاص,خدمة إلكترونية جزئيا,2026/05/11,"36,829,143"
 الرياض,الرياض,القطاع الخاص,خدمة إلكترونية جزئيا,2026/05/11,"36,841,885"
 الرياض,الرياض,القطاع الخاص,خدمة إلكترونية جزئيا,2026/05/11,"36,831,707"
 الرياض,الرياض,القطاع الخاص,خدمة إلكترونية جزئيا,2026/05/11,"36,833,633"
 الرياض,الرياض,القطاع الخاص,خدمة إلكترونية جزئيا,2026/05/11,"36,823,473"
 الرياض,الرياض,القطاع الخاص,خدمة إلكترونية جزئيا,2026/05/11,"36,825,330"
 الرياض,الرياض,القطاع الخاص,خدمة إلكترونية جزئيا,2026/05/11,"36,839,821"
 الرياض,الرياض,القطاع الخاص,خدمة إلكترونية جزئيا,2026/05/11,"36,819,379"
 عسير,ابها,القطاع الخاص,خدمة إلكترونية جزئيا,2026/05/11,"36,833,883"
 عسير,ابها,القطاع الخاص,خدمة إلكترونية جزئيا,2026/05/11,"36,824,461"
 الرياض,الرياض,القطاع الخاص,خدمة إلكترونية جزئيا,2026/05/11,"36,821,166"
 الشرقية,الدمام,القطاع الخاص,خدمة إلكترونية جزئيا,2026/05/11,"36,822,590"
 الشرقية,الدمام,القطاع الخاص,خدمة إلكترونية جزئيا,2026/05/11,"36,829,982"
 الشرقية,الدمام,القطاع الخاص,خدمة إلكترونية جزئيا,2026/05/11,"36,824,623"
 الرياض,الرياض,القطاع الخاص,خدمة إلكترونية جزئيا,2026/05/11,"36,826,158"
 الرياض,الرياض,القطاع الخاص,خدمة إلكترونية جزئيا,2026/05/11,"36,826,498"
 الشرقية,حفر الباطن,القطاع الخاص,خدمة إلكترونية جزئيا,2026/05/11,"36,840,073"
 مكة المكرمه,مكة المكرمة,القطاع الخاص,خدمة إلكترونية جزئيا,2026/05/11,"36,834,016"
 مكة المكرمه,مكة المكرمة,القطاع الخاص,خدمة إلكترونية جزئيا,2026/05/11,"36,827,281"
 مكة المكرمه,مكة المكرمة,القطاع الخاص,خدمة إلكترونية جزئيا,2026/05/11,"36,833,860"
 مكة المكرمه,مكة المكرمة,القطاع الخاص,خدمة إلكترونية جزئيا,2026/05/11,"36,834,360"
 الرياض,الرياض,القطاع الخاص,خدمة إلكترونية جزئيا,2026/05/11,"36,839,914"
 الرياض,الرياض,القطاع الخاص,خدمة إلكترونية جزئيا,2026/05/11,"36,830,175"
 عسير,ابها,القطاع الخاص,خدمة إلكترونية جزئيا,2026/05/11,"36,833,227"
 الرياض,الرياض,القطاع الخاص,خدمة إلكترونية جزئيا,2026/05/11,"36,823,750"
 الرياض,الرياض,القطاع الخاص,خدمة إلكترونية جزئيا,2026/05/11,"36,825,516"
 مكة المكرمه,مكة المكرمة,القطاع الخاص,خدمة إلكترونية جزئيا,2026/05/11,"36,834,682"
 مكة المكرمه,مكة المكرمة,القطاع الخاص,خدمة إلكترونية جزئيا,2026/05/11,"36,833,349"
 مكة المكرمه,مكة المكرمة,القطاع الخاص,خدمة إلكترونية جزئيا,2026/05/11,"36,825,198"
 مكة المكرمه,مكة المكرمة,القطاع الخاص,خدمة إلكترونية جزئيا,2026/05/11,"36,834,482"
 الشرقية,الدمام,القطاع الخاص,خدمة إلكترونية جزئيا,2026/05/11,"36,822,442"
 الشرقية,الدمام,القطاع الخاص,خدمة إلكترونية جزئيا,2026/05/11,"36,828,205"
 الشرقية,الدمام,القطاع الخاص,خدمة إلكترونية جزئيا,2026/05/11,"36,835,316"
 الشرقية,الدمام,القطاع الخاص,خدمة إلكترونية جزئيا,2026/05/11,"36,824,674"
 القصيم,بريده,القطاع الخاص,خدمة إلكترونية جزئيا,2026/05/11,"36,838,160"
 القصيم,بريده,القطاع الخاص,خدمة إلكترونية جزئيا,2026/05/11,"36,838,862"
 القصيم,بريده,القطاع الخاص,خدمة إلكترونية جزئيا,2026/05/11,"36,838,426"
 مكة المكرمه,مكة المكرمة,القطاع الخاص,خدمة إلكترونية جزئيا,2026/05/11,"36,831,079"
 مكة المكرمه,مكة المكرمة,القطاع الخاص,خدمة إلكترونية جزئيا,2026/05/11,"36,834,148"
 مكة المكرمه,مكة المكرمة,القطاع الخاص,خدمة إلكترونية جزئيا,2026/05/11,"36,840,990"
 حائل,حائل,القطاع الخاص,خدمة إلكترونية جزئيا,2026/05/11,"36,828,031"
 الرياض,الرياض,القطاع الخاص,خدمة إلكترونية جزئيا,2026/05/11,"36,822,286"
 الرياض,الرياض,القطاع الخاص,خدمة إلكترونية جزئيا,2026/05/11,"36,829,855"
 الشرقية,الخبر,القطاع الخاص,خدمة إلكترونية جزئيا,2026/05/11,"36,832,294"
 مكة المكرمه,مكة المكرمة,القطاع الخاص,خدمة إلكترونية جزئيا,2026/05/11,"36,841,579"
 الرياض,الرياض,القطاع الخاص,خدمة إلكترونية جزئيا,2026/05/11,"36,833,723"
 الرياض,الخرج,القطاع الخاص,خدمة إلكترونية جزئيا,2026/05/11,"36,836,944"
 الرياض,الرياض,القطاع الخاص,خدمة إلكترونية جزئيا,2026/05/11,"36,825,855"
 الرياض,الرياض,القطاع الخاص,خدمة إلكترونية جزئيا,2026/05/11,"36,841,964"
 مكة المكرمه,الطائف,القطاع الخاص,خدمة إلكترونية جزئيا,2026/05/11,"36,838,953"
الخدمات الرقمية,عام,القطاع العام,خدمة إلكترونية,2026/05/11,"36,820,718"
الخدمات الرقمية,عام,القطاع العام,خدمة إلكترونية,2026/05/11,"36,819,621"
الخدمات الرقمية,عام,القطاع العام,خدمة إلكترونية,2026/05/11,"36,819,551"
الخدمات الرقمية,عام,القطاع العام,خدمة إلكترونية,2026/05/11,"36,825,241"
الخدمات الرقمية,عام,القطاع العام,خدمة إلكترونية,2026/05/11,"36,825,436"
الخدمات الرقمية,عام,القطاع العام,خدمة إلكترونية,2026/05/11,"36,825,062"
الخدمات الرقمية,عام,القطاع العام,خدمة إلكترونية,2026/05/11,"36,822,639"
الخدمات الرقمية,عام,القطاع العام,خدمة إلكترونية,2026/05/11,"36,820,622"
الخدمات الرقمية,عام,القطاع العام,خدمة إلكترونية,2026/05/11,"36,823,739"
الخدمات الرقمية,عام,القطاع العام,خدمة إلكترونية,2026/05/11,"36,820,638"
الخدمات الرقمية,عام,القطاع العام,خدمة إلكترونية,2026/05/11,"36,836,755"
الخدمات الرقمية,عام,القطاع العام,خدمة إلكترونية,2026/05/11,"36,835,914"
الخدمات الرقمية,عام,القطاع العام,خدمة إلكترونية,2026/05/11,"36,832,913"
الخدمات الرقمية,عام,القطاع العام,خدمة إلكترونية,2026/05/11,"36,829,969"
الخدمات الرقمية,عام,القطاع العام,خدمة إلكترونية,2026/05/11,"36,833,205"
الخدمات الرقمية,عام,القطاع العام,خدمة إلكترونية,2026/05/11,"36,837,138"
الخدمات الرقمية,عام,القطاع العام,خدمة إلكترونية,2026/05/11,"36,825,333"
الخدمات الرقمية,عام,القطاع العام,خدمة إلكترونية,2026/05/11,"36,833,265"
الخدمات الرقمية,عام,القطاع العام,خدمة إلكترونية,2026/05/11,"36,833,171"
الخدمات الرقمية,عام,القطاع العام,خدمة إلكترونية,2026/05/11,"36,835,797"
الخدمات الرقمية,عام,القطاع العام,خدمة إلكترونية,2026/05/11,"36,822,646"
الخدمات الرقمية,عام,القطاع العام,خدمة إلكترونية,2026/05/11,"36,830,140"
الخدمات الرقمية,عام,القطاع العام,خدمة إلكترونية,2026/05/11,"36,826,196"
الخدمات الرقمية,عام,القطاع العام,خدمة إلكترونية,2026/05/11,"36,824,498"
الخدمات الرقمية,عام,القطاع العام,خدمة إلكترونية,2026/05/11,"36,831,160"
الخدمات الرقمية,عام,القطاع العام,خدمة إلكترونية,2026/05/11,"36,833,013"
الخدمات الرقمية,عام,القطاع العام,خدمة إلكترونية,2026/05/11,"36,830,180"
الخدمات الرقمية,عام,القطاع العام,خدمة إلكترونية,2026/05/11,"36,830,078"
الخدمات الرقمية,عام,القطاع العام,خدمة إلكترونية,2026/05/11,"36,827,906"
الخدمات الرقمية,عام,القطاع العام,خدمة إلكترونية,2026/05/11,"36,824,110"
الخدمات الرقمية,عام,القطاع العام,خدمة إلكترونية,2026/05/11,"36,828,800"
الخدمات الرقمية,عام,القطاع العام,خدمة إلكترونية,2026/05/11,"36,828,507"
الخدمات الرقمية,عام,القطاع العام,خدمة إلكترونية,2026/05/11,"36,832,482"
الخدمات الرقمية,عام,القطاع العام,خدمة إلكترونية,2026/05/11,"36,843,112"
الخدمات الرقمية,عام,القطاع العام,خدمة إلكترونية,2026/05/11,"36,843,089"
الخدمات الرقمية,عام,القطاع العام,خدمة إلكترونية,2026/05/11,"36,815,610"
الخدمات الرقمية,عام,القطاع العام,خدمة إلكترونية,2026/05/11,"36,821,145"
الخدمات الرقمية,عام,القطاع العام,خدمة إلكترونية,2026/05/11,"36,821,057"
الخدمات الرقمية,عام,القطاع العام,خدمة إلكترونية,2026/05/11,"36,827,113"
الخدمات الرقمية,عام,القطاع العام,خدمة إلكترونية,2026/05/11,"36,830,304"
الخدمات الرقمية,عام,القطاع العام,خدمة إلكترونية,2026/05/11,"36,834,830"
الخدمات الرقمية,عام,القطاع العام,خدمة إلكترونية,2026/05/11,"36,834,408"
الخدمات الرقمية,عام,القطاع العام,خدمة إلكترونية,2026/05/11,"36,839,098"
الخدمات الرقمية,عام,القطاع العام,خدمة إلكترونية,2026/05/11,"36,834,688"
الخدمات الرقمية,عام,القطاع العام,خدمة إلكترونية,2026/05/11,"36,835,911"
الخدمات الرقمية,عام,القطاع العام,خدمة إلكترونية,2026/05/11,"36,829,502"
الخدمات الرقمية,عام,القطاع العام,خدمة إلكترونية,2026/05/11,"36,833,837"
الخدمات الرقمية,عام,القطاع العام,خدمة إلكترونية,2026/05/11,"36,834,562"
الخدمات الرقمية,عام,القطاع العام,خدمة إلكترونية,2026/05/11,"36,836,295"
الخدمات الرقمية,عام,القطاع العام,خدمة إلكترونية,2026/05/11,"36,836,901"
الخدمات الرقمية,عام,القطاع العام,خدمة إلكترونية,2026/05/11,"36,835,291"
الخدمات الرقمية,عام,القطاع العام,خدمة إلكترونية,2026/05/11,"36,836,296"
الخدمات الرقمية,عام,القطاع العام,خدمة إلكترونية,2026/05/11,"36,837,502"
الخدمات الرقمية,عام,القطاع العام,خدمة إلكترونية,2026/05/11,"36,840,746"
الخدمات الرقمية,عام,القطاع العام,خدمة إلكترونية,2026/05/11,"36,838,763"
الخدمات الرقمية,عام,القطاع العام,خدمة إلكترونية,2026/05/11,"36,834,902"
الخدمات الرقمية,عام,القطاع العام,خدمة إلكترونية,2026/05/11,"36,835,325"
الخدمات الرقمية,عام,القطاع العام,خدمة إلكترونية,2026/05/11,"36,837,530"
الخدمات الرقمية,عام,القطاع العام,خدمة إلكترونية,2026/05/11,"36,837,133"
الخدمات الرقمية,عام,القطاع العام,خدمة إلكترونية,2026/05/11,"36,837,111"
الخدمات الرقمية,عام,القطاع العام,خدمة إلكترونية,2026/05/11,"36,827,159"
الخدمات الرقمية,عام,القطاع العام,خدمة إلكترونية,2026/05/11,"36,836,727"
الخدمات الرقمية,عام,القطاع العام,خدمة إلكترونية,2026/05/11,"36,829,923"
الخدمات الرقمية,عام,القطاع العام,خدمة إلكترونية,2026/05/11,"36,831,162"
الخدمات الرقمية,عام,القطاع العام,خدمة إلكترونية,2026/05/12,"36,849,862"
 الشرقية,الاحساء,القطاع الخاص,خدمة إلكترونية جزئيا,2026/05/12,"36,859,180"
 عسير,ابها,القطاع الخاص,خدمة إلكترونية جزئيا,2026/05/12,"36,859,630"
 الحدود الشمالية,عرعر,القطاع الخاص,خدمة إلكترونية جزئيا,2026/05/12,"36,852,811"
 عسير,ابها,القطاع الخاص,خدمة إلكترونية جزئيا,2026/05/12,"36,852,426"
 حائل,حائل,القطاع الخاص,خدمة إلكترونية جزئيا,2026/05/12,"36,863,966"
 حائل,حائل,القطاع الخاص,خدمة إلكترونية جزئيا,2026/05/12,"36,864,730"
 حائل,حائل,القطاع الخاص,خدمة إلكترونية جزئيا,2026/05/12,"36,863,958"
 حائل,حائل,القطاع الخاص,خدمة إلكترونية جزئيا,2026/05/12,"36,851,753"
 الشرقية,الدمام,القطاع الخاص,خدمة إلكترونية جزئيا,2026/05/12,"36,857,052"
 الشرقية,الدمام,القطاع الخاص,خدمة إلكترونية جزئيا,2026/05/12,"36,861,003"
 الشرقية,الدمام,القطاع الخاص,خدمة إلكترونية جزئيا,2026/05/12,"36,853,639"
 الشرقية,الدمام,القطاع الخاص,خدمة إلكترونية جزئيا,2026/05/12,"36,856,032"
 الشرقية,الدمام,القطاع الخاص,خدمة إلكترونية جزئيا,2026/05/12,"36,858,674"
 الشرقية,الدمام,القطاع الخاص,خدمة إلكترونية جزئيا,2026/05/12,"36,856,152"
 مكة المكرمه,مكة المكرمة,القطاع الخاص,خدمة إلكترونية جزئيا,2026/05/12,"36,864,310"
 مكة المكرمه,مكة المكرمة,القطاع الخاص,خدمة إلكترونية جزئيا,2026/05/12,"36,856,610"
 مكة المكرمه,مكة المكرمة,القطاع الخاص,خدمة إلكترونية جزئيا,2026/05/12,"36,857,314"
 الرياض,الرياض,القطاع الخاص,خدمة إلكترونية جزئيا,2026/05/12,"36,855,361"
 الرياض,الرياض,القطاع الخاص,خدمة إلكترونية جزئيا,2026/05/12,"36,850,795"
 الرياض,الرياض,القطاع الخاص,خدمة إلكترونية جزئيا,2026/05/12,"36,865,738"
 الرياض,الرياض,القطاع الخاص,خدمة إلكترونية جزئيا,2026/05/12,"36,855,409"
 الرياض,الرياض,القطاع الخاص,خدمة إلكترونية جزئيا,2026/05/12,"36,862,903"
 الرياض,الرياض,القطاع الخاص,خدمة إلكترونية جزئيا,2026/05/12,"36,863,283"
 الرياض,الرياض,القطاع الخاص,خدمة إلكترونية جزئيا,2026/05/12,"36,863,152"
 الرياض,الرياض,القطاع الخاص,خدمة إلكترونية جزئيا,2026/05/12,"36,858,994"
 الرياض,الرياض,القطاع الخاص,خدمة إلكترونية جزئيا,2026/05/12,"36,849,227"
 الرياض,الرياض,القطاع الخاص,خدمة إلكترونية جزئيا,2026/05/12,"36,859,837"
 الرياض,الرياض,القطاع الخاص,خدمة إلكترونية جزئيا,2026/05/12,"36,848,849"
 الرياض,الرياض,القطاع الخاص,خدمة إلكترونية جزئيا,2026/05/12,"36,850,882"
 حائل,حائل,القطاع الخاص,خدمة إلكترونية جزئيا,2026/05/12,"36,864,794"
 عسير,ابها,القطاع الخاص,خدمة إلكترونية جزئيا,2026/05/12,"36,852,516"
 الشرقية,الدمام,القطاع الخاص,خدمة إلكترونية جزئيا,2026/05/12,"36,853,942"
 الرياض,الرياض,القطاع الخاص,خدمة إلكترونية جزئيا,2026/05/12,"36,855,642"
 الرياض,الرياض,القطاع الخاص,خدمة إلكترونية جزئيا,2026/05/12,"36,865,801"
 الرياض,الرياض,القطاع الخاص,خدمة إلكترونية جزئيا,2026/05/12,"36,848,887"
 الرياض,الرياض,القطاع الخاص,خدمة إلكترونية جزئيا,2026/05/12,"36,849,394"
 مكة المكرمه,مكة المكرمة,القطاع الخاص,خدمة إلكترونية جزئيا,2026/05/12,"36,856,692"
 الرياض,الرياض,القطاع الخاص,خدمة إلكترونية جزئيا,2026/05/12,"36,856,186"
 الشرقية,الدمام,القطاع الخاص,خدمة إلكترونية جزئيا,2026/05/12,"36,861,148"
 الرياض,الرياض,القطاع الخاص,خدمة إلكترونية جزئيا,2026/05/12,"36,863,425"
 عسير,ابها,القطاع الخاص,خدمة إلكترونية جزئيا,2026/05/12,"36,859,785"
 مكة المكرمه,مكة المكرمة,القطاع الخاص,خدمة إلكترونية جزئيا,2026/05/12,"36,864,374"
 الشرقية,الدمام,القطاع الخاص,خدمة إلكترونية جزئيا,2026/05/12,"36,859,006"
 حائل,حائل,القطاع الخاص,خدمة إلكترونية جزئيا,2026/05/12,"36,852,406"
 الشرقية,الاحساء,القطاع الخاص,خدمة إلكترونية جزئيا,2026/05/12,"36,859,635"
 مكة المكرمه,مكة المكرمة,القطاع الخاص,خدمة إلكترونية جزئيا,2026/05/12,"36,857,859"
 الرياض,الرياض,القطاع الخاص,خدمة إلكترونية جزئيا,2026/05/12,"36,859,969"
 الرياض,الرياض,القطاع الخاص,خدمة إلكترونية جزئيا,2026/05/12,"36,857,080"
 الحدود الشمالية,عرعر,القطاع الخاص,خدمة إلكترونية جزئيا,2026/05/12,"36,853,258"
 الرياض,الرياض,القطاع الخاص,خدمة إلكترونية جزئيا,2026/05/12,"36,859,085"
الخدمات الرقمية,عام,القطاع العام,خدمة إلكترونية,2026/05/12,"36,850,100"
الخدمات الرقمية,عام,القطاع العام,خدمة إلكترونية,2026/05/12,"36,851,568"
الخدمات الرقمية,عام,القطاع العام,خدمة إلكترونية,2026/05/12,"36,843,292"
الخدمات الرقمية,عام,القطاع العام,خدمة إلكترونية,2026/05/12,"36,847,573"
الخدمات الرقمية,عام,القطاع العام,خدمة إلكترونية,2026/05/12,"36,849,462"
الخدمات الرقمية,عام,القطاع العام,خدمة إلكترونية,2026/05/12,"36,854,652"
الخدمات الرقمية,عام,القطاع العام,خدمة إلكترونية,2026/05/12,"36,848,784"
الخدمات الرقمية,عام,القطاع العام,خدمة إلكترونية,2026/05/12,"36,849,401"
الخدمات الرقمية,عام,القطاع العام,خدمة إلكترونية,2026/05/12,"36,848,920"
الخدمات الرقمية,عام,القطاع العام,خدمة إلكترونية,2026/05/12,"36,847,343"
الخدمات الرقمية,عام,القطاع العام,خدمة إلكترونية,2026/05/12,"36,855,060"
الخدمات الرقمية,عام,القطاع العام,خدمة إلكترونية,2026/05/12,"36,854,846"
الخدمات الرقمية,عام,القطاع العام,خدمة إلكترونية,2026/05/12,"36,856,080"
الخدمات الرقمية,عام,القطاع العام,خدمة إلكترونية,2026/05/12,"36,856,486"
الخدمات الرقمية,عام,القطاع العام,خدمة إلكترونية,2026/05/12,"36,857,827"
الخدمات الرقمية,عام,القطاع العام,خدمة إلكترونية,2026/05/12,"36,855,273"
الخدمات الرقمية,عام,القطاع العام,خدمة إلكترونية,2026/05/12,"36,856,614"
الخدمات الرقمية,عام,القطاع العام,خدمة إلكترونية,2026/05/12,"36,857,901"
الخدمات الرقمية,عام,القطاع العام,خدمة إلكترونية,2026/05/12,"36,856,854"
الخدمات الرقمية,عام,القطاع العام,خدمة إلكترونية,2026/05/12,"36,860,994"
الخدمات الرقمية,عام,القطاع العام,خدمة إلكترونية,2026/05/12,"36,856,001"
الخدمات الرقمية,عام,القطاع العام,خدمة إلكترونية,2026/05/12,"36,861,127"
الخدمات الرقمية,عام,القطاع العام,خدمة إلكترونية,2026/05/12,"36,858,521"
الخدمات الرقمية,عام,القطاع العام,خدمة إلكترونية,2026/05/12,"36,855,763"
الخدمات الرقمية,عام,القطاع العام,خدمة إلكترونية,2026/05/12,"36,849,183"
الخدمات الرقمية,عام,القطاع العام,خدمة إلكترونية,2026/05/12,"36,850,148"
الخدمات الرقمية,عام,القطاع العام,خدمة إلكترونية,2026/05/12,"36,849,805"
الخدمات الرقمية,عام,القطاع العام,خدمة إلكترونية,2026/05/12,"36,850,254"
الخدمات الرقمية,عام,القطاع العام,خدمة إلكترونية,2026/05/12,"36,859,173"
الخدمات الرقمية,عام,القطاع العام,خدمة إلكترونية,2026/05/12,"36,860,188"
الخدمات الرقمية,عام,القطاع العام,خدمة إلكترونية,2026/05/12,"36,848,427"
الخدمات الرقمية,عام,القطاع العام,خدمة إلكترونية,2026/05/12,"36,864,795"
الخدمات الرقمية,عام,القطاع العام,خدمة إلكترونية,2026/05/12,"36,849,485"
الخدمات الرقمية,عام,القطاع العام,خدمة إلكترونية,2026/05/12,"36,858,490"
الخدمات الرقمية,عام,القطاع العام,خدمة إلكترونية,2026/05/12,"36,856,109"
الخدمات الرقمية,عام,القطاع العام,خدمة إلكترونية,2026/05/12,"36,857,266"
الخدمات الرقمية,عام,القطاع العام,خدمة إلكترونية,2026/05/12,"36,860,381"
الخدمات الرقمية,عام,القطاع العام,خدمة إلكترونية,2026/05/12,"36,858,385"
الخدمات الرقمية,عام,القطاع العام,خدمة إلكترونية,2026/05/12,"36,863,223"
الخدمات الرقمية,عام,القطاع العام,خدمة إلكترونية,2026/05/12,"36,858,575"
الخدمات الرقمية,عام,القطاع العام,خدمة إلكترونية,2026/05/12,"36,862,034"
الخدمات الرقمية,عام,القطاع العام,خدمة إلكترونية,2026/05/12,"36,858,118"
الخدمات الرقمية,عام,القطاع العام,خدمة إلكترونية,2026/05/12,"36,858,813"
الخدمات الرقمية,عام,القطاع العام,خدمة إلكترونية,2026/05/12,"36,850,478"
الخدمات الرقمية,عام,القطاع العام,خدمة إلكترونية,2026/05/12,"36,864,391"
الخدمات الرقمية,عام,القطاع العام,خدمة إلكترونية,2026/05/12,"36,863,461"
الخدمات الرقمية,عام,القطاع العام,خدمة إلكترونية,2026/05/12,"36,860,068"
الخدمات الرقمية,عام,القطاع العام,خدمة إلكترونية,2026/05/12,"36,861,395"
الخدمات الرقمية,عام,القطاع العام,خدمة إلكترونية,2026/05/12,"36,855,121"
الخدمات الرقمية,عام,القطاع العام,خدمة إلكترونية,2026/05/12,"36,859,898"
الخدمات الرقمية,عام,القطاع العام,خدمة إلكترونية,2026/05/12,"36,858,032"
الخدمات الرقمية,عام,القطاع العام,خدمة إلكترونية,2026/05/12,"36,858,634"
الخدمات الرقمية,عام,القطاع العام,خدمة إلكترونية,2026/05/12,"36,861,904"
الخدمات الرقمية,عام,القطاع العام,خدمة إلكترونية,2026/05/12,"36,862,136"
الخدمات الرقمية,عام,القطاع العام,خدمة إلكترونية,2026/05/12,"36,855,633"
الخدمات الرقمية,عام,القطاع العام,خدمة إلكترونية,2026/05/12,"36,849,772"
الخدمات الرقمية,عام,القطاع العام,خدمة إلكترونية,2026/05/12,"36,850,290"
الخدمات الرقمية,عام,القطاع العام,خدمة إلكترونية,2026/05/12,"36,843,252"
الخدمات الرقمية,عام,القطاع العام,خدمة إلكترونية,2026/05/12,"36,853,876"
الخدمات الرقمية,عام,القطاع العام,خدمة إلكترونية,2026/05/12,"36,853,271"
الخدمات الرقمية,عام,القطاع العام,خدمة إلكترونية,2026/05/12,"36,853,332"
الخدمات الرقمية,عام,القطاع العام,خدمة إلكترونية,2026/05/12,"36,853,906"
الخدمات الرقمية,عام,القطاع العام,خدمة إلكترونية,2026/05/12,"36,853,622"
الخدمات الرقمية,عام,القطاع العام,خدمة إلكترونية,2026/05/12,"36,853,732"
الخدمات الرقمية,عام,القطاع العام,خدمة إلكترونية,2026/05/12,"36,853,222"
الخدمات الرقمية,عام,القطاع العام,خدمة إلكترونية,2026/05/12,"36,855,427"
الخدمات الرقمية,عام,القطاع العام,خدمة إلكترونية,2026/05/12,"36,853,640"
الخدمات الرقمية,عام,القطاع العام,خدمة إلكترونية,2026/05/12,"36,853,811"
الخدمات الرقمية,عام,القطاع العام,خدمة إلكترونية,2026/05/12,"36,853,951"
الخدمات الرقمية,عام,القطاع العام,خدمة إلكترونية,2026/05/12,"36,853,977"
الخدمات الرقمية,عام,القطاع العام,خدمة إلكترونية,2026/05/12,"36,853,499"
الخدمات الرقمية,عام,القطاع العام,خدمة إلكترونية,2026/05/12,"36,857,850"
الخدمات الرقمية,عام,القطاع العام,خدمة إلكترونية,2026/05/12,"36,863,262"
الخدمات الرقمية,عام,القطاع العام,خدمة إلكترونية,2026/05/12,"36,853,775"
الخدمات الرقمية,عام,القطاع العام,خدمة إلكترونية,2026/05/12,"36,861,599"
الخدمات الرقمية,عام,القطاع العام,خدمة إلكترونية,2026/05/12,"36,859,902"
الخدمات الرقمية,عام,القطاع العام,خدمة إلكترونية,2026/05/12,"36,860,123"
الخدمات الرقمية,عام,القطاع العام,خدمة إلكترونية,2026/05/12,"36,858,949"
الخدمات الرقمية,عام,القطاع العام,خدمة إلكترونية,2026/05/12,"36,858,157"
الخدمات الرقمية,عام,القطاع العام,خدمة إلكترونية,2026/05/12,"36,847,315"
الخدمات الرقمية,عام,القطاع العام,خدمة إلكترونية,2026/05/12,"36,860,023"
الخدمات الرقمية,عام,القطاع العام,خدمة إلكترونية,2026/05/12,"36,853,469"
الخدمات الرقمية,عام,القطاع العام,خدمة إلكترونية,2026/05/12,"36,860,572"
الخدمات الرقمية,عام,القطاع العام,خدمة إلكترونية,2026/05/12,"36,861,912"
الخدمات الرقمية,عام,القطاع العام,خدمة إلكترونية,2026/05/12,"36,861,830"
الخدمات الرقمية,عام,القطاع العام,خدمة إلكترونية,2026/05/12,"36,858,672"
الخدمات الرقمية,عام,القطاع العام,خدمة إلكترونية,2026/05/12,"36,853,687"
الخدمات الرقمية,عام,القطاع العام,خدمة إلكترونية,2026/05/12,"36,863,747"
الخدمات الرقمية,عام,القطاع العام,خدمة إلكترونية,2026/05/12,"36,858,499"
الخدمات الرقمية,عام,القطاع العام,خدمة إلكترونية,2026/05/12,"36,855,612"
الخدمات الرقمية,عام,القطاع العام,خدمة إلكترونية,2026/05/12,"36,853,374"
الخدمات الرقمية,عام,القطاع العام,خدمة إلكترونية,2026/05/12,"36,858,049"
الخدمات الرقمية,عام,القطاع العام,خدمة إلكترونية,2026/05/12,"36,853,156"
الخدمات الرقمية,عام,القطاع العام,خدمة إلكترونية,2026/05/12,"36,853,932"
الخدمات الرقمية,عام,القطاع العام,خدمة إلكترونية,2026/05/12,"36,853,850"
الخدمات الرقمية,عام,القطاع العام,خدمة إلكترونية,2026/05/12,"36,859,221"
الخدمات الرقمية,عام,القطاع العام,خدمة إلكترونية,2026/05/12,"36,853,127"
الخدمات الرقمية,عام,القطاع العام,خدمة إلكترونية,2026/05/12,"36,853,554"
الخدمات الرقمية,عام,القطاع العام,خدمة إلكترونية,2026/05/12,"36,867,899"
الخدمات الرقمية,عام,القطاع العام,خدمة إلكترونية,2026/05/12,"36,867,945"
الخدمات الرقمية,عام,القطاع العام,خدمة إلكترونية,2026/05/12,"36,854,009"
الخدمات الرقمية,عام,القطاع العام,خدمة إلكترونية,2026/05/12,"36,866,059"
 القصيم,البكيريه,القطاع الخاص,خدمة إلكترونية جزئيا,2026/05/13,"36,890,221"
 القصيم,البكيريه,القطاع الخاص,خدمة إلكترونية جزئيا,2026/05/13,"36,890,671"
 القصيم,البكيريه,القطاع الخاص,خدمة إلكترونية جزئيا,2026/05/13,"36,892,029"
 القصيم,البكيريه,القطاع الخاص,خدمة إلكترونية جزئيا,2026/05/13,"36,883,169"
 القصيم,البكيريه,القطاع الخاص,خدمة إلكترونية جزئيا,2026/05/13,"36,883,862"
 الشرقية,الدمام,القطاع الخاص,خدمة إلكترونية جزئيا,2026/05/13,"36,891,605"
 القصيم,البكيريه,القطاع الخاص,خدمة إلكترونية جزئيا,2026/05/13,"36,883,566"
 القصيم,البكيريه,القطاع الخاص,خدمة إلكترونية جزئيا,2026/05/13,"36,884,149"
 القصيم,البكيريه,القطاع الخاص,خدمة إلكترونية جزئيا,2026/05/13,"36,886,294"
 القصيم,البكيريه,القطاع الخاص,خدمة إلكترونية جزئيا,2026/05/13,"36,886,712"
 القصيم,البكيريه,القطاع الخاص,خدمة إلكترونية جزئيا,2026/05/13,"36,893,989"
 الشرقية,الدمام,القطاع الخاص,خدمة إلكترونية جزئيا,2026/05/13,"36,885,978"
 الشرقية,الدمام,القطاع الخاص,خدمة إلكترونية جزئيا,2026/05/13,"36,885,899"
 الشرقية,الدمام,القطاع الخاص,خدمة إلكترونية جزئيا,2026/05/13,"36,885,571"
 مكة المكرمه,القنفذه,القطاع الخاص,خدمة إلكترونية جزئيا,2026/05/13,"36,884,455"
 مكة المكرمه,القنفذه,القطاع الخاص,خدمة إلكترونية جزئيا,2026/05/13,"36,884,503"
 الشرقية,الاحساء,القطاع الخاص,خدمة إلكترونية جزئيا,2026/05/13,"36,886,454"
 الشرقية,الدمام,القطاع الخاص,خدمة إلكترونية جزئيا,2026/05/13,"36,891,178"
 عسير,محايل عسير,القطاع الخاص,خدمة إلكترونية جزئيا,2026/05/13,"36,891,120"
 عسير,محايل عسير,القطاع الخاص,خدمة إلكترونية جزئيا,2026/05/13,"36,891,040"
 نجران,نجران,القطاع الخاص,خدمة إلكترونية جزئيا,2026/05/13,"36,886,469"
 عسير,ابها,القطاع الخاص,خدمة إلكترونية جزئيا,2026/05/13,"36,886,486"
 القصيم,بريده,القطاع الخاص,خدمة إلكترونية جزئيا,2026/05/13,"36,881,279"
 القصيم,بريده,القطاع الخاص,خدمة إلكترونية جزئيا,2026/05/13,"36,881,358"
 القصيم,بريده,القطاع الخاص,خدمة إلكترونية جزئيا,2026/05/13,"36,888,412"
 مكة المكرمه,جده,القطاع الخاص,خدمة إلكترونية جزئيا,2026/05/13,"36,888,812"
 مكة المكرمه,جده,القطاع الخاص,خدمة إلكترونية جزئيا,2026/05/13,"36,878,134"
 مكة المكرمه,جده,القطاع الخاص,خدمة إلكترونية جزئيا,2026/05/13,"36,884,990"
 مكة المكرمه,جده,القطاع الخاص,خدمة إلكترونية جزئيا,2026/05/13,"36,891,871"
 مكة المكرمه,جده,القطاع الخاص,خدمة إلكترونية جزئيا,2026/05/13,"36,884,982"
 مكة المكرمه,جده,القطاع الخاص,خدمة إلكترونية جزئيا,2026/05/13,"36,885,446"
 مكة المكرمه,جده,القطاع الخاص,خدمة إلكترونية جزئيا,2026/05/13,"36,876,708"
 مكة المكرمه,جده,القطاع الخاص,خدمة إلكترونية جزئيا,2026/05/13,"36,890,841"
 مكة المكرمه,جده,القطاع الخاص,خدمة إلكترونية جزئيا,2026/05/13,"36,894,346"
 مكة المكرمه,جده,القطاع الخاص,خدمة إلكترونية جزئيا,2026/05/13,"36,891,156"
 مكة المكرمه,جده,القطاع الخاص,خدمة إلكترونية جزئيا,2026/05/13,"36,894,534"
 مكة المكرمه,جده,القطاع الخاص,خدمة إلكترونية جزئيا,2026/05/13,"36,890,186"
 مكة المكرمه,جده,القطاع الخاص,خدمة إلكترونية جزئيا,2026/05/13,"36,891,826"
 مكة المكرمه,جده,القطاع الخاص,خدمة إلكترونية جزئيا,2026/05/13,"36,890,682"
 مكة المكرمه,جده,القطاع الخاص,خدمة إلكترونية جزئيا,2026/05/13,"36,892,656"
 مكة المكرمه,جده,القطاع الخاص,خدمة إلكترونية جزئيا,2026/05/13,"36,892,082"
 مكة المكرمه,جده,القطاع الخاص,خدمة إلكترونية جزئيا,2026/05/13,"36,893,059"
 مكة المكرمه,جده,القطاع الخاص,خدمة إلكترونية جزئيا,2026/05/13,"36,894,594"
 مكة المكرمه,جده,القطاع الخاص,خدمة إلكترونية جزئيا,2026/05/13,"36,894,264"
 مكة المكرمه,جده,القطاع الخاص,خدمة إلكترونية جزئيا,2026/05/13,"36,894,153"
 مكة المكرمه,جده,القطاع الخاص,خدمة إلكترونية جزئيا,2026/05/13,"36,894,672"
 مكة المكرمه,جده,القطاع الخاص,خدمة إلكترونية جزئيا,2026/05/13,"36,891,945"
 مكة المكرمه,جده,القطاع الخاص,خدمة إلكترونية جزئيا,2026/05/13,"36,893,548"
 مكة المكرمه,جده,القطاع الخاص,خدمة إلكترونية جزئيا,2026/05/13,"36,894,053"
 مكة المكرمه,جده,القطاع الخاص,خدمة إلكترونية جزئيا,2026/05/13,"36,893,258"
 مكة المكرمه,جده,القطاع الخاص,خدمة إلكترونية جزئيا,2026/05/13,"36,891,684"
 الشرقية,الدمام,القطاع الخاص,خدمة إلكترونية جزئيا,2026/05/13,"36,877,211"
 الشرقية,الدمام,القطاع الخاص,خدمة إلكترونية جزئيا,2026/05/13,"36,874,050"
 الشرقية,الدمام,القطاع الخاص,خدمة إلكترونية جزئيا,2026/05/13,"36,873,150"
 الشرقية,الدمام,القطاع الخاص,خدمة إلكترونية جزئيا,2026/05/13,"36,874,523"
 الشرقية,الدمام,القطاع الخاص,خدمة إلكترونية جزئيا,2026/05/13,"36,886,524"
 الشرقية,الدمام,القطاع الخاص,خدمة إلكترونية جزئيا,2026/05/13,"36,886,185"
 الشرقية,الدمام,القطاع الخاص,خدمة إلكترونية جزئيا,2026/05/13,"36,886,742"
 الشرقية,الدمام,القطاع الخاص,خدمة إلكترونية جزئيا,2026/05/13,"36,886,617"
 الشرقية,الدمام,القطاع الخاص,خدمة إلكترونية جزئيا,2026/05/13,"36,876,189"
 مكة المكرمه,مكة المكرمة,القطاع الخاص,خدمة إلكترونية جزئيا,2026/05/13,"36,886,606"
 مكة المكرمه,مكة المكرمة,القطاع الخاص,خدمة إلكترونية جزئيا,2026/05/13,"36,887,146"
 مكة المكرمه,مكة المكرمة,القطاع الخاص,خدمة إلكترونية جزئيا,2026/05/13,"36,884,470"
 مكة المكرمه,مكة المكرمة,القطاع الخاص,خدمة إلكترونية جزئيا,2026/05/13,"36,884,060"
 الرياض,الرياض,القطاع الخاص,خدمة إلكترونية جزئيا,2026/05/13,"36,882,438"
 الرياض,الرياض,القطاع الخاص,خدمة إلكترونية جزئيا,2026/05/13,"36,873,107"
 الرياض,الرياض,القطاع الخاص,خدمة إلكترونية جزئيا,2026/05/13,"36,874,344"
 الرياض,الرياض,القطاع الخاص,خدمة إلكترونية جزئيا,2026/05/13,"36,876,882"
 الشرقية,الدمام,القطاع الخاص,خدمة إلكترونية جزئيا,2026/05/13,"36,874,465"
 مكة المكرمه,جده,القطاع الخاص,خدمة إلكترونية جزئيا,2026/05/13,"36,875,080"
 مكة المكرمه,جده,القطاع الخاص,خدمة إلكترونية جزئيا,2026/05/13,"36,879,039"
 مكة المكرمه,جده,القطاع الخاص,خدمة إلكترونية جزئيا,2026/05/13,"36,880,677"
 مكة المكرمه,جده,القطاع الخاص,خدمة إلكترونية جزئيا,2026/05/13,"36,877,628"
 الشرقية,الدمام,القطاع الخاص,خدمة إلكترونية جزئيا,2026/05/13,"36,873,398"
 الرياض,الرياض,القطاع الخاص,خدمة إلكترونية جزئيا,2026/05/13,"36,873,232"
 مكة المكرمه,القنفذه,القطاع الخاص,خدمة إلكترونية جزئيا,2026/05/13,"36,885,070"
 الرياض,الرياض,القطاع الخاص,خدمة إلكترونية جزئيا,2026/05/13,"36,874,547"
 القصيم,بريده,القطاع الخاص,خدمة إلكترونية جزئيا,2026/05/13,"36,881,504"
 مكة المكرمه,جده,القطاع الخاص,خدمة إلكترونية جزئيا,2026/05/13,"36,894,196"
 عسير,ابها,القطاع الخاص,خدمة إلكترونية جزئيا,2026/05/13,"36,886,628"
 مكة المكرمه,جده,القطاع الخاص,خدمة إلكترونية جزئيا,2026/05/13,"36,885,573"
 مكة المكرمه,جده,القطاع الخاص,خدمة إلكترونية جزئيا,2026/05/13,"36,885,153"
 مكة المكرمه,جده,القطاع الخاص,خدمة إلكترونية جزئيا,2026/05/13,"36,886,095"
 مكة المكرمه,جده,القطاع الخاص,خدمة إلكترونية جزئيا,2026/05/13,"36,888,273"
 مكة المكرمه,جده,القطاع الخاص,خدمة إلكترونية جزئيا,2026/05/13,"36,892,005"
 مكة المكرمه,جده,القطاع الخاص,خدمة إلكترونية جزئيا,2026/05/13,"36,893,620"
 مكة المكرمه,جده,القطاع الخاص,خدمة إلكترونية جزئيا,2026/05/13,"36,887,226"
 مكة المكرمه,جده,القطاع الخاص,خدمة إلكترونية جزئيا,2026/05/13,"36,890,477"
 مكة المكرمه,جده,القطاع الخاص,خدمة إلكترونية جزئيا,2026/05/13,"36,889,605"
 مكة المكرمه,جده,القطاع الخاص,خدمة إلكترونية جزئيا,2026/05/13,"36,884,664"
 مكة المكرمه,جده,القطاع الخاص,خدمة إلكترونية جزئيا,2026/05/13,"36,891,506"
 الشرقية,الدمام,القطاع الخاص,خدمة إلكترونية جزئيا,2026/05/13,"36,874,644"
 الشرقية,الدمام,القطاع الخاص,خدمة إلكترونية جزئيا,2026/05/13,"36,877,440"
 الشرقية,الدمام,القطاع الخاص,خدمة إلكترونية جزئيا,2026/05/13,"36,876,524"
 مكة المكرمه,جده,القطاع الخاص,خدمة إلكترونية جزئيا,2026/05/13,"36,891,799"
 مكة المكرمه,جده,القطاع الخاص,خدمة إلكترونية جزئيا,2026/05/13,"36,887,061"
 مكة المكرمه,جده,القطاع الخاص,خدمة إلكترونية جزئيا,2026/05/13,"36,890,099"
 مكة المكرمه,جده,القطاع الخاص,خدمة إلكترونية جزئيا,2026/05/13,"36,890,601"
 مكة المكرمه,جده,القطاع الخاص,خدمة إلكترونية جزئيا,2026/05/13,"36,892,941"
 مكة المكرمه,جده,القطاع الخاص,خدمة إلكترونية جزئيا,2026/05/13,"36,890,668"
 مكة المكرمه,جده,القطاع الخاص,خدمة إلكترونية جزئيا,2026/05/13,"36,892,298"
 مكة المكرمه,جده,القطاع الخاص,خدمة إلكترونية جزئيا,2026/05/13,"36,893,562"
 مكة المكرمه,جده,القطاع الخاص,خدمة إلكترونية جزئيا,2026/05/13,"36,889,317"
 مكة المكرمه,جده,القطاع الخاص,خدمة إلكترونية جزئيا,2026/05/13,"36,886,795"
 مكة المكرمه,جده,القطاع الخاص,خدمة إلكترونية جزئيا,2026/05/13,"36,890,362"
 مكة المكرمه,جده,القطاع الخاص,خدمة إلكترونية جزئيا,2026/05/13,"36,890,853"
 مكة المكرمه,جده,القطاع الخاص,خدمة إلكترونية جزئيا,2026/05/13,"36,889,454"
 مكة المكرمه,جده,القطاع الخاص,خدمة إلكترونية جزئيا,2026/05/13,"36,892,816"
 مكة المكرمه,جده,القطاع الخاص,خدمة إلكترونية جزئيا,2026/05/13,"36,891,566"
 مكة المكرمه,جده,القطاع الخاص,خدمة إلكترونية جزئيا,2026/05/13,"36,892,186"
 مكة المكرمه,جده,القطاع الخاص,خدمة إلكترونية جزئيا,2026/05/13,"36,893,466"
 الشرقية,الدمام,القطاع الخاص,خدمة إلكترونية جزئيا,2026/05/13,"36,891,790"
 الرياض,الرياض,القطاع الخاص,خدمة إلكترونية جزئيا,2026/05/13,"36,877,186"
 مكة المكرمه,جده,القطاع الخاص,خدمة إلكترونية جزئيا,2026/05/13,"36,894,475"
 مكة المكرمه,جده,القطاع الخاص,خدمة إلكترونية جزئيا,2026/05/13,"36,891,730"
 مكة المكرمه,جده,القطاع الخاص,خدمة إلكترونية جزئيا,2026/05/13,"36,893,702"
 مكة المكرمه,جده,القطاع الخاص,خدمة إلكترونية جزئيا,2026/05/13,"36,894,674"
 مكة المكرمه,جده,القطاع الخاص,خدمة إلكترونية جزئيا,2026/05/13,"36,891,969"
 مكة المكرمه,جده,القطاع الخاص,خدمة إلكترونية جزئيا,2026/05/13,"36,892,997"
 مكة المكرمه,جده,القطاع الخاص,خدمة إلكترونية جزئيا,2026/05/13,"36,887,454"
 مكة المكرمه,جده,القطاع الخاص,خدمة إلكترونية جزئيا,2026/05/13,"36,889,850"
 الرياض,الرياض,القطاع الخاص,خدمة إلكترونية جزئيا,2026/05/13,"36,883,146"
 مكة المكرمه,جده,القطاع الخاص,خدمة إلكترونية جزئيا,2026/05/13,"36,890,557"
 مكة المكرمه,جده,القطاع الخاص,خدمة إلكترونية جزئيا,2026/05/13,"36,890,239"
 مكة المكرمه,جده,القطاع الخاص,خدمة إلكترونية جزئيا,2026/05/13,"36,893,671"
 مكة المكرمه,جده,القطاع الخاص,خدمة إلكترونية جزئيا,2026/05/13,"36,891,720"
 مكة المكرمه,جده,القطاع الخاص,خدمة إلكترونية جزئيا,2026/05/13,"36,888,625"
 مكة المكرمه,مكة المكرمة,القطاع الخاص,خدمة إلكترونية جزئيا,2026/05/13,"36,887,225"
 مكة المكرمه,جده,القطاع الخاص,خدمة إلكترونية جزئيا,2026/05/13,"36,890,926"
 مكة المكرمه,جده,القطاع الخاص,خدمة إلكترونية جزئيا,2026/05/13,"36,892,501"
 مكة المكرمه,جده,القطاع الخاص,خدمة إلكترونية جزئيا,2026/05/13,"36,893,447"
 مكة المكرمه,جده,القطاع الخاص,خدمة إلكترونية جزئيا,2026/05/13,"36,894,274"
 مكة المكرمه,جده,القطاع الخاص,خدمة إلكترونية جزئيا,2026/05/13,"36,891,863"
 مكة المكرمه,جده,القطاع الخاص,خدمة إلكترونية جزئيا,2026/05/13,"36,891,533"
 مكة المكرمه,جده,القطاع الخاص,خدمة إلكترونية جزئيا,2026/05/13,"36,879,065"
 مكة المكرمه,جده,القطاع الخاص,خدمة إلكترونية جزئيا,2026/05/13,"36,877,109"
 مكة المكرمه,جده,القطاع الخاص,خدمة إلكترونية جزئيا,2026/05/13,"36,888,967"
 مكة المكرمه,جده,القطاع الخاص,خدمة إلكترونية جزئيا,2026/05/13,"36,892,528"
 مكة المكرمه,جده,القطاع الخاص,خدمة إلكترونية جزئيا,2026/05/13,"36,888,466"
 مكة المكرمه,جده,القطاع الخاص,خدمة إلكترونية جزئيا,2026/05/13,"36,890,717"
 مكة المكرمه,جده,القطاع الخاص,خدمة إلكترونية جزئيا,2026/05/13,"36,893,219"
 مكة المكرمه,جده,القطاع الخاص,خدمة إلكترونية جزئيا,2026/05/13,"36,885,884"
 مكة المكرمه,جده,القطاع الخاص,خدمة إلكترونية جزئيا,2026/05/13,"36,891,236"
 مكة المكرمه,جده,القطاع الخاص,خدمة إلكترونية جزئيا,2026/05/13,"36,892,758"
 مكة المكرمه,جده,القطاع الخاص,خدمة إلكترونية جزئيا,2026/05/13,"36,893,181"
 مكة المكرمه,جده,القطاع الخاص,خدمة إلكترونية جزئيا,2026/05/13,"36,893,303"
 القصيم,بريده,القطاع الخاص,خدمة إلكترونية جزئيا,2026/05/13,"36,888,469"
 مكة المكرمه,جده,القطاع الخاص,خدمة إلكترونية جزئيا,2026/05/13,"36,890,735"
 مكة المكرمه,جده,القطاع الخاص,خدمة إلكترونية جزئيا,2026/05/13,"36,893,206"
 مكة المكرمه,جده,القطاع الخاص,خدمة إلكترونية جزئيا,2026/05/13,"36,894,550"
 الشرقية,الدمام,القطاع الخاص,خدمة إلكترونية جزئيا,2026/05/13,"36,886,270"
 مكة المكرمه,جده,القطاع الخاص,خدمة إلكترونية جزئيا,2026/05/13,"36,894,111"
 مكة المكرمه,جده,القطاع الخاص,خدمة إلكترونية جزئيا,2026/05/13,"36,894,628"
 مكة المكرمه,جده,القطاع الخاص,خدمة إلكترونية جزئيا,2026/05/13,"36,893,391"
 مكة المكرمه,جده,القطاع الخاص,خدمة إلكترونية جزئيا,2026/05/13,"36,884,968"
 مكة المكرمه,جده,القطاع الخاص,خدمة إلكترونية جزئيا,2026/05/13,"36,892,681"
 مكة المكرمه,جده,القطاع الخاص,خدمة إلكترونية جزئيا,2026/05/13,"36,891,147"
 مكة المكرمه,جده,القطاع الخاص,خدمة إلكترونية جزئيا,2026/05/13,"36,892,131"
 مكة المكرمه,جده,القطاع الخاص,خدمة إلكترونية جزئيا,2026/05/13,"36,890,990"
 مكة المكرمه,جده,القطاع الخاص,خدمة إلكترونية جزئيا,2026/05/13,"36,881,234"
 الشرقية,الدمام,القطاع الخاص,خدمة إلكترونية جزئيا,2026/05/13,"36,886,815"
 مكة المكرمه,مكة المكرمة,القطاع الخاص,خدمة إلكترونية جزئيا,2026/05/13,"36,884,169"
 مكة المكرمه,مكة المكرمة,القطاع الخاص,خدمة إلكترونية جزئيا,2026/05/13,"36,884,541"
 مكة المكرمه,جده,القطاع الخاص,خدمة إلكترونية جزئيا,2026/05/13,"36,891,327"
 مكة المكرمه,جده,القطاع الخاص,خدمة إلكترونية جزئيا,2026/05/13,"36,890,054"
 نجران,نجران,القطاع الخاص,خدمة إلكترونية جزئيا,2026/05/13,"36,886,685"
 حائل,حائل,القطاع الخاص,خدمة إلكترونية جزئيا,2026/05/13,"36,888,888"
 الشرقية,الدمام,القطاع الخاص,خدمة إلكترونية جزئيا,2026/05/13,"36,886,234"
 عسير,محايل عسير,القطاع الخاص,خدمة إلكترونية جزئيا,2026/05/13,"36,891,157"
 مكة المكرمه,مكة المكرمة,القطاع الخاص,خدمة إلكترونية جزئيا,2026/05/13,"36,880,963"
 الشرقية,الاحساء,القطاع الخاص,خدمة إلكترونية جزئيا,2026/05/13,"36,886,505"
الخدمات الرقمية,عام,القطاع العام,خدمة إلكترونية,2026/05/13,"36,872,506"
الخدمات الرقمية,عام,القطاع العام,خدمة إلكترونية,2026/05/13,"36,871,921"
الخدمات الرقمية,عام,القطاع العام,خدمة إلكترونية,2026/05/13,"36,874,739"
الخدمات الرقمية,عام,القطاع العام,خدمة إلكترونية,2026/05/13,"36,872,074"
الخدمات الرقمية,عام,القطاع العام,خدمة إلكترونية,2026/05/13,"36,873,064"
الخدمات الرقمية,عام,القطاع العام,خدمة إلكترونية,2026/05/13,"36,872,626"
الخدمات الرقمية,عام,القطاع العام,خدمة إلكترونية,2026/05/13,"36,873,449"
الخدمات الرقمية,عام,القطاع العام,خدمة إلكترونية,2026/05/13,"36,875,889"
الخدمات الرقمية,عام,القطاع العام,خدمة إلكترونية,2026/05/13,"36,876,091"
الخدمات الرقمية,عام,القطاع العام,خدمة إلكترونية,2026/05/13,"36,877,232"
الخدمات الرقمية,عام,القطاع العام,خدمة إلكترونية,2026/05/13,"36,874,508"
الخدمات الرقمية,عام,القطاع العام,خدمة إلكترونية,2026/05/13,"36,877,748"
الخدمات الرقمية,عام,القطاع العام,خدمة إلكترونية,2026/05/13,"36,878,420"
الخدمات الرقمية,عام,القطاع العام,خدمة إلكترونية,2026/05/13,"36,878,657"
الخدمات الرقمية,عام,القطاع العام,خدمة إلكترونية,2026/05/13,"36,875,666"
الخدمات الرقمية,عام,القطاع العام,خدمة إلكترونية,2026/05/13,"36,877,954"
الخدمات الرقمية,عام,القطاع العام,خدمة إلكترونية,2026/05/13,"36,876,078"
الخدمات الرقمية,عام,القطاع العام,خدمة إلكترونية,2026/05/13,"36,877,165"
الخدمات الرقمية,عام,القطاع العام,خدمة إلكترونية,2026/05/13,"36,876,448"
الخدمات الرقمية,عام,القطاع العام,خدمة إلكترونية,2026/05/13,"36,872,180"
الخدمات الرقمية,عام,القطاع العام,خدمة إلكترونية,2026/05/13,"36,883,775"
الخدمات الرقمية,عام,القطاع العام,خدمة إلكترونية,2026/05/13,"36,876,313"
الخدمات الرقمية,عام,القطاع العام,خدمة إلكترونية,2026/05/13,"36,884,621"
الخدمات الرقمية,عام,القطاع العام,خدمة إلكترونية,2026/05/13,"36,878,196"
الخدمات الرقمية,عام,القطاع العام,خدمة إلكترونية,2026/05/13,"36,884,933"
الخدمات الرقمية,عام,القطاع العام,خدمة إلكترونية,2026/05/13,"36,872,509"
الخدمات الرقمية,عام,القطاع العام,خدمة إلكترونية,2026/05/13,"36,882,697"
الخدمات الرقمية,عام,القطاع العام,خدمة إلكترونية,2026/05/13,"36,881,688"
الخدمات الرقمية,عام,القطاع العام,خدمة إلكترونية,2026/05/13,"36,879,883"
الخدمات الرقمية,عام,القطاع العام,خدمة إلكترونية,2026/05/13,"36,884,314"
الخدمات الرقمية,عام,القطاع العام,خدمة إلكترونية,2026/05/13,"36,885,193"
الخدمات الرقمية,عام,القطاع العام,خدمة إلكترونية,2026/05/13,"36,883,389"
الخدمات الرقمية,عام,القطاع العام,خدمة إلكترونية,2026/05/13,"36,884,805"
الخدمات الرقمية,عام,القطاع العام,خدمة إلكترونية,2026/05/13,"36,885,125"
الخدمات الرقمية,عام,القطاع العام,خدمة إلكترونية,2026/05/13,"36,889,380"
الخدمات الرقمية,عام,القطاع العام,خدمة إلكترونية,2026/05/13,"36,887,082"
الخدمات الرقمية,عام,القطاع العام,خدمة إلكترونية,2026/05/13,"36,890,420"
الخدمات الرقمية,عام,القطاع العام,خدمة إلكترونية,2026/05/13,"36,887,316"
الخدمات الرقمية,عام,القطاع العام,خدمة إلكترونية,2026/05/13,"36,884,728"
الخدمات الرقمية,عام,القطاع العام,خدمة إلكترونية,2026/05/13,"36,888,490"
الخدمات الرقمية,عام,القطاع العام,خدمة إلكترونية,2026/05/13,"36,868,043"
الخدمات الرقمية,عام,القطاع العام,خدمة إلكترونية,2026/05/13,"36,874,458"
الخدمات الرقمية,عام,القطاع العام,خدمة إلكترونية,2026/05/13,"36,878,459"
الخدمات الرقمية,عام,القطاع العام,خدمة إلكترونية,2026/05/13,"36,883,541"
الخدمات الرقمية,عام,القطاع العام,خدمة إلكترونية,2026/05/13,"36,883,278"
الخدمات الرقمية,عام,القطاع العام,خدمة إلكترونية,2026/05/13,"36,883,354"
الخدمات الرقمية,عام,القطاع العام,خدمة إلكترونية,2026/05/13,"36,884,634"
الخدمات الرقمية,عام,القطاع العام,خدمة إلكترونية,2026/05/13,"36,872,774"
الخدمات الرقمية,عام,القطاع العام,خدمة إلكترونية,2026/05/13,"36,884,013"
الخدمات الرقمية,عام,القطاع العام,خدمة إلكترونية,2026/05/13,"36,887,409"
الخدمات الرقمية,عام,القطاع العام,خدمة إلكترونية,2026/05/13,"36,892,613"
الخدمات الرقمية,عام,القطاع العام,خدمة إلكترونية,2026/05/13,"36,889,995"
الخدمات الرقمية,عام,القطاع العام,خدمة إلكترونية,2026/05/13,"36,887,465"
الخدمات الرقمية,عام,القطاع العام,خدمة إلكترونية,2026/05/13,"36,887,371"
الخدمات الرقمية,عام,القطاع العام,خدمة إلكترونية,2026/05/13,"36,886,320"
الخدمات الرقمية,عام,القطاع العام,خدمة إلكترونية,2026/05/13,"36,894,174"
الخدمات الرقمية,عام,القطاع العام,خدمة إلكترونية,2026/05/13,"36,888,929"
الخدمات الرقمية,عام,القطاع العام,خدمة إلكترونية,2026/05/13,"36,885,512"
الخدمات الرقمية,عام,القطاع العام,خدمة إلكترونية,2026/05/13,"36,886,908"
الخدمات الرقمية,عام,القطاع العام,خدمة إلكترونية,2026/05/13,"36,894,691"
الخدمات الرقمية,عام,القطاع العام,خدمة إلكترونية,2026/05/13,"36,891,153"
الخدمات الرقمية,عام,القطاع العام,خدمة إلكترونية,2026/05/13,"36,891,656"
 الحدود الشمالية,عرعر,القطاع الخاص,خدمة إلكترونية جزئيا,2026/05/14,"36,907,343"
 الحدود الشمالية,عرعر,القطاع الخاص,خدمة إلكترونية جزئيا,2026/05/14,"36,903,917"
 الحدود الشمالية,عرعر,القطاع الخاص,خدمة إلكترونية جزئيا,2026/05/14,"36,903,813"
 الحدود الشمالية,عرعر,القطاع الخاص,خدمة إلكترونية جزئيا,2026/05/14,"36,904,235"
 مكة المكرمه,الطائف,القطاع الخاص,خدمة إلكترونية جزئيا,2026/05/14,"36,901,557"
 عسير,ابها,القطاع الخاص,خدمة إلكترونية جزئيا,2026/05/14,"36,907,560"
 مكة المكرمه,جده,القطاع الخاص,خدمة إلكترونية جزئيا,2026/05/14,"36,894,730"
 مكة المكرمه,جده,القطاع الخاص,خدمة إلكترونية جزئيا,2026/05/14,"36,894,947"
 مكة المكرمه,جده,القطاع الخاص,خدمة إلكترونية جزئيا,2026/05/14,"36,894,934"
 مكة المكرمه,جده,القطاع الخاص,خدمة إلكترونية جزئيا,2026/05/14,"36,894,864"
 مكة المكرمه,جده,القطاع الخاص,خدمة إلكترونية جزئيا,2026/05/14,"36,894,997"
 الشرقية,الدمام,القطاع الخاص,خدمة إلكترونية جزئيا,2026/05/14,"36,901,466"
 مكة المكرمه,مكة المكرمة,القطاع الخاص,خدمة إلكترونية جزئيا,2026/05/14,"36,902,519"
 مكة المكرمه,مكة المكرمة,القطاع الخاص,خدمة إلكترونية جزئيا,2026/05/14,"36,908,981"
 مكة المكرمه,مكة المكرمة,القطاع الخاص,خدمة إلكترونية جزئيا,2026/05/14,"36,900,782"
 مكة المكرمه,مكة المكرمة,القطاع الخاص,خدمة إلكترونية جزئيا,2026/05/14,"36,905,639"
 مكة المكرمه,مكة المكرمة,القطاع الخاص,خدمة إلكترونية جزئيا,2026/05/14,"36,904,466"
 مكة المكرمه,مكة المكرمة,القطاع الخاص,خدمة إلكترونية جزئيا,2026/05/14,"36,910,842"
 مكة المكرمه,مكة المكرمة,القطاع الخاص,خدمة إلكترونية جزئيا,2026/05/14,"36,910,605"
 مكة المكرمه,مكة المكرمة,القطاع الخاص,خدمة إلكترونية جزئيا,2026/05/14,"36,910,722"
 الرياض,الرياض,القطاع الخاص,خدمة إلكترونية جزئيا,2026/05/14,"36,909,286"
 الرياض,الرياض,القطاع الخاص,خدمة إلكترونية جزئيا,2026/05/14,"36,905,765"
 الرياض,الرياض,القطاع الخاص,خدمة إلكترونية جزئيا,2026/05/14,"36,909,052"
 الرياض,الرياض,القطاع الخاص,خدمة إلكترونية جزئيا,2026/05/14,"36,909,194"
 الرياض,الرياض,القطاع الخاص,خدمة إلكترونية جزئيا,2026/05/14,"36,905,413"
 الرياض,الرياض,القطاع الخاص,خدمة إلكترونية جزئيا,2026/05/14,"36,900,276"
 الرياض,الرياض,القطاع الخاص,خدمة إلكترونية جزئيا,2026/05/14,"36,905,506"
 الرياض,الرياض,القطاع الخاص,خدمة إلكترونية جزئيا,2026/05/14,"36,911,965"
 الرياض,الرياض,القطاع الخاص,خدمة إلكترونية جزئيا,2026/05/14,"36,911,905"
 الرياض,الرياض,القطاع الخاص,خدمة إلكترونية جزئيا,2026/05/14,"36,911,698"
 الرياض,الرياض,القطاع الخاص,خدمة إلكترونية جزئيا,2026/05/14,"36,912,021"
 الرياض,الرياض,القطاع الخاص,خدمة إلكترونية جزئيا,2026/05/14,"36,911,655"
 الرياض,الرياض,القطاع الخاص,خدمة إلكترونية جزئيا,2026/05/14,"36,905,153"
 الرياض,الرياض,القطاع الخاص,خدمة إلكترونية جزئيا,2026/05/14,"36,905,108"
 الرياض,الرياض,القطاع الخاص,خدمة إلكترونية جزئيا,2026/05/14,"36,905,464"
 الرياض,الرياض,القطاع الخاص,خدمة إلكترونية جزئيا,2026/05/14,"36,905,170"
 الرياض,الرياض,القطاع الخاص,خدمة إلكترونية جزئيا,2026/05/14,"36,907,950"
 الرياض,الرياض,القطاع الخاص,خدمة إلكترونية جزئيا,2026/05/14,"36,908,385"
 الرياض,الرياض,القطاع الخاص,خدمة إلكترونية جزئيا,2026/05/14,"36,907,845"
 الرياض,الرياض,القطاع الخاص,خدمة إلكترونية جزئيا,2026/05/14,"36,908,146"
 الرياض,الرياض,القطاع الخاص,خدمة إلكترونية جزئيا,2026/05/14,"36,907,913"
 الرياض,الرياض,القطاع الخاص,خدمة إلكترونية جزئيا,2026/05/14,"36,900,608"
 الرياض,الرياض,القطاع الخاص,خدمة إلكترونية جزئيا,2026/05/14,"36,900,883"
 الرياض,الرياض,القطاع الخاص,خدمة إلكترونية جزئيا,2026/05/14,"36,905,585"
 الرياض,الرياض,القطاع الخاص,خدمة إلكترونية جزئيا,2026/05/14,"36,903,015"
الخدمات الرقمية,عام,القطاع العام,خدمة إلكترونية,2026/05/14,"36,908,809"
الخدمات الرقمية,عام,القطاع العام,خدمة إلكترونية,2026/05/14,"36,904,189"
 الرياض,الرياض,القطاع الخاص,خدمة إلكترونية جزئيا,2026/05/14,"36,905,886"
 مكة المكرمه,مكة المكرمة,القطاع الخاص,خدمة إلكترونية جزئيا,2026/05/14,"36,905,791"
 مكة المكرمه,جده,القطاع الخاص,خدمة إلكترونية جزئيا,2026/05/14,"36,906,969"
 الشرقية,الدمام,القطاع الخاص,خدمة إلكترونية جزئيا,2026/05/14,"36,901,548"
 الرياض,الرياض,القطاع الخاص,خدمة إلكترونية جزئيا,2026/05/14,"36,905,649"
 الرياض,الرياض,القطاع الخاص,خدمة إلكترونية جزئيا,2026/05/14,"36,901,084"
 الرياض,الرياض,القطاع الخاص,خدمة إلكترونية جزئيا,2026/05/14,"36,900,699"
 مكة المكرمه,مكة المكرمة,القطاع الخاص,خدمة إلكترونية جزئيا,2026/05/14,"36,900,892"
 مكة المكرمه,مكة المكرمة,القطاع الخاص,خدمة إلكترونية جزئيا,2026/05/14,"36,909,065"
 الرياض,الرياض,القطاع الخاص,خدمة إلكترونية جزئيا,2026/05/14,"36,911,841"
 الرياض,الرياض,القطاع الخاص,خدمة إلكترونية جزئيا,2026/05/14,"36,911,983"
 الرياض,الرياض,القطاع الخاص,خدمة إلكترونية جزئيا,2026/05/14,"36,911,934"
 الرياض,الرياض,القطاع الخاص,خدمة إلكترونية جزئيا,2026/05/14,"36,912,023"
 مكة المكرمه,مكة المكرمة,القطاع الخاص,خدمة إلكترونية جزئيا,2026/05/14,"36,904,502"
 مكة المكرمه,جده,القطاع الخاص,خدمة إلكترونية جزئيا,2026/05/14,"36,894,798"
 مكة المكرمه,جده,القطاع الخاص,خدمة إلكترونية جزئيا,2026/05/14,"36,894,942"
 مكة المكرمه,جده,القطاع الخاص,خدمة إلكترونية جزئيا,2026/05/14,"36,894,948"
 مكة المكرمه,مكة المكرمة,القطاع الخاص,خدمة إلكترونية جزئيا,2026/05/14,"36,902,744"
 مكة المكرمه,مكة المكرمة,القطاع الخاص,خدمة إلكترونية جزئيا,2026/05/14,"36,911,008"
 الرياض,الرياض,القطاع الخاص,خدمة إلكترونية جزئيا,2026/05/14,"36,906,397"
 الرياض,الرياض,القطاع الخاص,خدمة إلكترونية جزئيا,2026/05/14,"36,905,580"
 مكة المكرمه,جده,القطاع الخاص,خدمة إلكترونية جزئيا,2026/05/14,"36,894,876"
 مكة المكرمه,جده,القطاع الخاص,خدمة إلكترونية جزئيا,2026/05/14,"36,895,023"
 الرياض,الرياض,القطاع الخاص,خدمة إلكترونية جزئيا,2026/05/14,"36,909,438"
 الرياض,الرياض,القطاع الخاص,خدمة إلكترونية جزئيا,2026/05/14,"36,905,551"
 الرياض,الرياض,القطاع الخاص,خدمة إلكترونية جزئيا,2026/05/14,"36,908,226"
 الرياض,الرياض,القطاع الخاص,خدمة إلكترونية جزئيا,2026/05/14,"36,900,423"
 الشرقية,الدمام,القطاع الخاص,خدمة إلكترونية جزئيا,2026/05/14,"36,914,480"
 الحدود الشمالية,عرعر,القطاع الخاص,خدمة إلكترونية جزئيا,2026/05/14,"36,907,423"
 مكة المكرمه,الطائف,القطاع الخاص,خدمة إلكترونية جزئيا,2026/05/14,"36,902,019"
 الرياض,الرياض,القطاع الخاص,خدمة إلكترونية جزئيا,2026/05/14,"36,903,838"
 عسير,ابها,القطاع الخاص,خدمة إلكترونية جزئيا,2026/05/14,"36,907,728"
 الرياض,الرياض,القطاع الخاص,خدمة إلكترونية جزئيا,2026/05/14,"36,911,684"
الخدمات الرقمية,عام,القطاع العام,خدمة إلكترونية,2026/05/14,"36,898,586"
الخدمات الرقمية,عام,القطاع العام,خدمة إلكترونية,2026/05/14,"36,900,657"
الخدمات الرقمية,عام,القطاع العام,خدمة إلكترونية,2026/05/14,"36,900,272"
الخدمات الرقمية,عام,القطاع العام,خدمة إلكترونية,2026/05/14,"36,904,865"
الخدمات الرقمية,عام,القطاع العام,خدمة إلكترونية,2026/05/14,"36,903,092"
الخدمات الرقمية,عام,القطاع العام,خدمة إلكترونية,2026/05/14,"36,899,354"
الخدمات الرقمية,عام,القطاع العام,خدمة إلكترونية,2026/05/14,"36,904,032"
الخدمات الرقمية,عام,القطاع العام,خدمة إلكترونية,2026/05/14,"36,908,338"
الخدمات الرقمية,عام,القطاع العام,خدمة إلكترونية,2026/05/14,"36,909,382"
الخدمات الرقمية,عام,القطاع العام,خدمة إلكترونية,2026/05/14,"36,910,997"
الخدمات الرقمية,عام,القطاع العام,خدمة إلكترونية,2026/05/14,"36,907,810"
الخدمات الرقمية,عام,القطاع العام,خدمة إلكترونية,2026/05/14,"36,909,301"
الخدمات الرقمية,عام,القطاع العام,خدمة إلكترونية,2026/05/14,"36,900,330"
الخدمات الرقمية,عام,القطاع العام,خدمة إلكترونية,2026/05/14,"36,910,810"
الخدمات الرقمية,عام,القطاع العام,خدمة إلكترونية,2026/05/14,"36,907,809"
الخدمات الرقمية,عام,القطاع العام,خدمة إلكترونية,2026/05/14,"36,911,122"
الخدمات الرقمية,عام,القطاع العام,خدمة إلكترونية,2026/05/14,"36,900,717"
الخدمات الرقمية,عام,القطاع العام,خدمة إلكترونية,2026/05/14,"36,909,452"
الخدمات الرقمية,عام,القطاع العام,خدمة إلكترونية,2026/05/14,"36,912,247"
الخدمات الرقمية,عام,القطاع العام,خدمة إلكترونية,2026/05/14,"36,903,423"
الخدمات الرقمية,عام,القطاع العام,خدمة إلكترونية,2026/05/14,"36,911,040"
الخدمات الرقمية,عام,القطاع العام,خدمة إلكترونية,2026/05/14,"36,910,876"
الخدمات الرقمية,عام,القطاع العام,خدمة إلكترونية,2026/05/14,"36,899,698"
الخدمات الرقمية,عام,القطاع العام,خدمة إلكترونية,2026/05/14,"36,900,720"
الخدمات الرقمية,عام,القطاع العام,خدمة إلكترونية,2026/05/14,"36,908,177"
الخدمات الرقمية,عام,القطاع العام,خدمة إلكترونية,2026/05/14,"36,910,894"
الخدمات الرقمية,عام,القطاع العام,خدمة إلكترونية,2026/05/14,"36,911,141"
الخدمات الرقمية,عام,القطاع العام,خدمة إلكترونية,2026/05/14,"36,912,211"
الخدمات الرقمية,عام,القطاع العام,خدمة إلكترونية,2026/05/14,"36,909,361"
الخدمات الرقمية,عام,القطاع العام,خدمة إلكترونية,2026/05/14,"36,905,189"
الخدمات الرقمية,عام,القطاع العام,خدمة إلكترونية,2026/05/14,"36,907,249"
الخدمات الرقمية,عام,القطاع العام,خدمة إلكترونية,2026/05/14,"36,909,364"
الخدمات الرقمية,عام,القطاع العام,خدمة إلكترونية,2026/05/14,"36,900,351"
الخدمات الرقمية,عام,القطاع العام,خدمة إلكترونية,2026/05/14,"36,912,111"
الخدمات الرقمية,عام,القطاع العام,خدمة إلكترونية,2026/05/14,"36,902,869"
الخدمات الرقمية,عام,القطاع العام,خدمة إلكترونية,2026/05/14,"36,907,807"
الخدمات الرقمية,عام,القطاع العام,خدمة إلكترونية,2026/05/14,"36,911,063"
الخدمات الرقمية,عام,القطاع العام,خدمة إلكترونية,2026/05/14,"36,909,494"
الخدمات الرقمية,عام,القطاع العام,خدمة إلكترونية,2026/05/14,"36,916,576"
الخدمات الرقمية,عام,القطاع العام,خدمة إلكترونية,2026/05/14,"36,916,435"
الخدمات الرقمية,عام,القطاع العام,خدمة إلكترونية,2026/05/14,"36,894,926"
الخدمات الرقمية,عام,القطاع العام,خدمة إلكترونية,2026/05/14,"36,895,125"
الخدمات الرقمية,عام,القطاع العام,خدمة إلكترونية,2026/05/14,"36,904,638"
الخدمات الرقمية,عام,القطاع العام,خدمة إلكترونية,2026/05/14,"36,910,072"
الخدمات الرقمية,عام,القطاع العام,خدمة إلكترونية,2026/05/14,"36,905,088"
الخدمات الرقمية,عام,القطاع العام,خدمة إلكترونية,2026/05/14,"36,906,785"
الخدمات الرقمية,عام,القطاع العام,خدمة إلكترونية,2026/05/14,"36,907,308"
الخدمات الرقمية,عام,القطاع العام,خدمة إلكترونية,2026/05/14,"36,909,407"
الخدمات الرقمية,عام,القطاع العام,خدمة إلكترونية,2026/05/14,"36,898,413"
الخدمات الرقمية,عام,القطاع العام,خدمة إلكترونية,2026/05/14,"36,911,160"
الخدمات الرقمية,عام,القطاع العام,خدمة إلكترونية,2026/05/14,"36,909,651"
الخدمات الرقمية,عام,القطاع العام,خدمة إلكترونية,2026/05/14,"36,909,720"
الخدمات الرقمية,عام,القطاع العام,خدمة إلكترونية,2026/05/14,"36,911,356"
الخدمات الرقمية,عام,القطاع العام,خدمة إلكترونية,2026/05/14,"36,907,533"
الخدمات الرقمية,عام,القطاع العام,خدمة إلكترونية,2026/05/14,"36,905,906"
الخدمات الرقمية,عام,القطاع العام,خدمة إلكترونية,2026/05/14,"36,908,618"
الخدمات الرقمية,عام,القطاع العام,خدمة إلكترونية,2026/05/14,"36,909,403"
الخدمات الرقمية,عام,القطاع العام,خدمة إلكترونية,2026/05/14,"36,911,263"
الخدمات الرقمية,عام,القطاع العام,خدمة إلكترونية,2026/05/14,"36,903,278"
الخدمات الرقمية,عام,القطاع العام,خدمة إلكترونية,2026/05/14,"36,909,754"
الخدمات الرقمية,عام,القطاع العام,خدمة إلكترونية,2026/05/14,"36,910,669"
الخدمات الرقمية,عام,القطاع العام,خدمة إلكترونية,2026/05/14,"36,914,121"
الخدمات الرقمية,عام,القطاع العام,خدمة إلكترونية,2026/05/14,"36,900,185"
الخدمات الرقمية,عام,القطاع العام,خدمة إلكترونية,2026/05/14,"36,909,244"
الخدمات الرقمية,عام,القطاع العام,خدمة إلكترونية,2026/05/14,"36,911,648"
الخدمات الرقمية,عام,القطاع العام,خدمة إلكترونية,2026/05/14,"36,909,855"
الخدمات الرقمية,عام,القطاع العام,خدمة إلكترونية,2026/05/14,"36,904,283"
الخدمات الرقمية,عام,القطاع العام,خدمة إلكترونية,2026/05/14,"36,903,368"
الخدمات الرقمية,عام,القطاع العام,خدمة إلكترونية,2026/05/14,"36,899,707"
 عسير,محايل عسير,القطاع الخاص,خدمة إلكترونية جزئيا,2026/05/15,"36,924,977"
 حائل,حائل,القطاع الخاص,خدمة إلكترونية جزئيا,2026/05/15,"36,924,579"
 الرياض,الرياض,القطاع الخاص,خدمة إلكترونية جزئيا,2026/05/15,"36,922,204"
 الرياض,الرياض,القطاع الخاص,خدمة إلكترونية جزئيا,2026/05/15,"36,921,997"
 الرياض,الرياض,القطاع الخاص,خدمة إلكترونية جزئيا,2026/05/15,"36,922,208"
 حائل,حائل,القطاع الخاص,خدمة إلكترونية جزئيا,2026/05/15,"36,924,669"
الخدمات الرقمية,عام,القطاع العام,خدمة إلكترونية,2026/05/15,"36,922,804"
الخدمات الرقمية,عام,القطاع العام,خدمة إلكترونية,2026/05/15,"36,924,035"
الخدمات الرقمية,عام,القطاع العام,خدمة إلكترونية,2026/05/15,"36,923,779"
الخدمات الرقمية,عام,القطاع العام,خدمة إلكترونية,2026/05/15,"36,923,450"
الخدمات الرقمية,عام,القطاع العام,خدمة إلكترونية,2026/05/15,"36,926,958"
 عسير,محايل عسير,القطاع الخاص,خدمة إلكترونية جزئيا,2026/05/16,"36,933,286"
 الحدود الشمالية,عرعر,القطاع الخاص,خدمة إلكترونية جزئيا,2026/05/16,"36,934,721"
 القصيم,بريده,القطاع الخاص,خدمة إلكترونية جزئيا,2026/05/16,"36,935,003"
 القصيم,بريده,القطاع الخاص,خدمة إلكترونية جزئيا,2026/05/16,"36,933,655"
 الرياض,الرياض,القطاع الخاص,خدمة إلكترونية جزئيا,2026/05/16,"36,934,847"
 الرياض,الرياض,القطاع الخاص,خدمة إلكترونية جزئيا,2026/05/16,"36,934,711"
 القصيم,بريده,القطاع الخاص,خدمة إلكترونية جزئيا,2026/05/16,"36,935,114"
 الرياض,الرياض,القطاع الخاص,خدمة إلكترونية جزئيا,2026/05/16,"36,934,957"
 الحدود الشمالية,عرعر,القطاع الخاص,خدمة إلكترونية جزئيا,2026/05/16,"36,934,809"
 عسير,محايل عسير,القطاع الخاص,خدمة إلكترونية جزئيا,2026/05/16,"36,933,330"
الخدمات الرقمية,عام,القطاع العام,خدمة إلكترونية,2026/05/16,"36,933,392"
الخدمات الرقمية,عام,القطاع العام,خدمة إلكترونية,2026/05/16,"36,933,334"
الخدمات الرقمية,عام,القطاع العام,خدمة إلكترونية,2026/05/16,"36,933,267"
الخدمات الرقمية,عام,القطاع العام,خدمة إلكترونية,2026/05/16,"36,933,328"
الخدمات الرقمية,عام,القطاع العام,خدمة إلكترونية,2026/05/16,"36,933,307"
الخدمات الرقمية,عام,القطاع العام,خدمة إلكترونية,2026/05/16,"36,928,657"
 الشرقية,الخبر,القطاع الخاص,خدمة إلكترونية جزئيا,2026/05/17,"36,954,033"
 الشرقية,الخبر,القطاع الخاص,خدمة إلكترونية جزئيا,2026/05/17,"36,955,292"
 الشرقية,الخبر,القطاع الخاص,خدمة إلكترونية جزئيا,2026/05/17,"36,955,467"
 الشرقية,الخبر,القطاع الخاص,خدمة إلكترونية جزئيا,2026/05/17,"36,954,323"
 الشرقية,الخبر,القطاع الخاص,خدمة إلكترونية جزئيا,2026/05/17,"36,955,072"
 نجران,نجران,القطاع الخاص,خدمة إلكترونية جزئيا,2026/05/17,"36,956,097"
 نجران,نجران,القطاع الخاص,خدمة إلكترونية جزئيا,2026/05/17,"36,955,753"
 نجران,نجران,القطاع الخاص,خدمة إلكترونية جزئيا,2026/05/17,"36,955,858"
 نجران,نجران,القطاع الخاص,خدمة إلكترونية جزئيا,2026/05/17,"36,955,574"
 الشرقية,الخبر,القطاع الخاص,خدمة إلكترونية جزئيا,2026/05/17,"36,950,309"
 نجران,نجران,القطاع الخاص,خدمة إلكترونية جزئيا,2026/05/17,"36,952,678"
 نجران,نجران,القطاع الخاص,خدمة إلكترونية جزئيا,2026/05/17,"36,955,984"
 الرياض,شقراء,القطاع الخاص,خدمة إلكترونية جزئيا,2026/05/17,"36,942,608"
 الرياض,شقراء,القطاع الخاص,خدمة إلكترونية جزئيا,2026/05/17,"36,942,858"
 الحدود الشمالية,عرعر,القطاع الخاص,خدمة إلكترونية جزئيا,2026/05/17,"36,954,682"
 عسير,ابها,القطاع الخاص,خدمة إلكترونية جزئيا,2026/05/17,"36,955,410"
 عسير,ابها,القطاع الخاص,خدمة إلكترونية جزئيا,2026/05/17,"36,952,345"
 حائل,حائل,القطاع الخاص,خدمة إلكترونية جزئيا,2026/05/17,"36,955,377"
 حائل,حائل,القطاع الخاص,خدمة إلكترونية جزئيا,2026/05/17,"36,945,884"
 القصيم,بريده,القطاع الخاص,خدمة إلكترونية جزئيا,2026/05/17,"36,955,009"
 القصيم,بريده,القطاع الخاص,خدمة إلكترونية جزئيا,2026/05/17,"36,946,602"
 القصيم,بريده,القطاع الخاص,خدمة إلكترونية جزئيا,2026/05/17,"36,945,200"
 القصيم,بريده,القطاع الخاص,خدمة إلكترونية جزئيا,2026/05/17,"36,948,099"
 القصيم,بريده,القطاع الخاص,خدمة إلكترونية جزئيا,2026/05/17,"36,945,620"
 القصيم,بريده,القطاع الخاص,خدمة إلكترونية جزئيا,2026/05/17,"36,948,094"
 مكة المكرمه,جده,القطاع الخاص,خدمة إلكترونية جزئيا,2026/05/17,"36,940,891"
 الشرقية,الدمام,القطاع الخاص,خدمة إلكترونية جزئيا,2026/05/17,"36,950,842"
 الشرقية,الدمام,القطاع الخاص,خدمة إلكترونية جزئيا,2026/05/17,"36,951,018"
 مكة المكرمه,مكة المكرمة,القطاع الخاص,خدمة إلكترونية جزئيا,2026/05/17,"36,949,789"
 مكة المكرمه,مكة المكرمة,القطاع الخاص,خدمة إلكترونية جزئيا,2026/05/17,"36,951,587"
 مكة المكرمه,مكة المكرمة,القطاع الخاص,خدمة إلكترونية جزئيا,2026/05/17,"36,950,517"
 مكة المكرمه,مكة المكرمة,القطاع الخاص,خدمة إلكترونية جزئيا,2026/05/17,"36,950,055"
 مكة المكرمه,مكة المكرمة,القطاع الخاص,خدمة إلكترونية جزئيا,2026/05/17,"36,950,940"
 مكة المكرمه,مكة المكرمة,القطاع الخاص,خدمة إلكترونية جزئيا,2026/05/17,"36,946,622"
 مكة المكرمه,مكة المكرمة,القطاع الخاص,خدمة إلكترونية جزئيا,2026/05/17,"36,950,276"
 مكة المكرمه,مكة المكرمة,القطاع الخاص,خدمة إلكترونية جزئيا,2026/05/17,"36,944,988"
 مكة المكرمه,مكة المكرمة,القطاع الخاص,خدمة إلكترونية جزئيا,2026/05/17,"36,951,832"
 مكة المكرمه,مكة المكرمة,القطاع الخاص,خدمة إلكترونية جزئيا,2026/05/17,"36,950,778"
 الرياض,الرياض,القطاع الخاص,خدمة إلكترونية جزئيا,2026/05/17,"36,945,201"
 الرياض,الرياض,القطاع الخاص,خدمة إلكترونية جزئيا,2026/05/17,"36,947,581"
 الرياض,الرياض,القطاع الخاص,خدمة إلكترونية جزئيا,2026/05/17,"36,946,179"
 الرياض,الرياض,القطاع الخاص,خدمة إلكترونية جزئيا,2026/05/17,"36,951,697"
 الرياض,الرياض,القطاع الخاص,خدمة إلكترونية جزئيا,2026/05/17,"36,946,990"
 الرياض,الرياض,القطاع الخاص,خدمة إلكترونية جزئيا,2026/05/17,"36,946,409"
 الرياض,الرياض,القطاع الخاص,خدمة إلكترونية جزئيا,2026/05/17,"36,947,008"
 الرياض,الرياض,القطاع الخاص,خدمة إلكترونية جزئيا,2026/05/17,"36,946,176"
 الرياض,الرياض,القطاع الخاص,خدمة إلكترونية جزئيا,2026/05/17,"36,949,226"
 الرياض,الرياض,القطاع الخاص,خدمة إلكترونية جزئيا,2026/05/17,"36,941,346"
الخدمات الرقمية,عام,القطاع العام,خدمة إلكترونية,2026/05/17,"36,947,985"
 عسير,ابها,القطاع الخاص,خدمة إلكترونية جزئيا,2026/05/17,"36,955,434"
 الرياض,الرياض,القطاع الخاص,خدمة إلكترونية جزئيا,2026/05/17,"36,942,006"
 الرياض,الرياض,القطاع الخاص,خدمة إلكترونية جزئيا,2026/05/17,"36,949,263"
 عسير,ابها,القطاع الخاص,خدمة إلكترونية جزئيا,2026/05/17,"36,952,490"
 الرياض,الرياض,القطاع الخاص,خدمة إلكترونية جزئيا,2026/05/17,"36,951,929"
 الرياض,الرياض,القطاع الخاص,خدمة إلكترونية جزئيا,2026/05/17,"36,948,559"
 الرياض,الرياض,القطاع الخاص,خدمة إلكترونية جزئيا,2026/05/17,"36,945,572"
 مكة المكرمه,مكة المكرمة,القطاع الخاص,خدمة إلكترونية جزئيا,2026/05/17,"36,950,869"
 مكة المكرمه,مكة المكرمة,القطاع الخاص,خدمة إلكترونية جزئيا,2026/05/17,"36,950,378"
 مكة المكرمه,مكة المكرمة,القطاع الخاص,خدمة إلكترونية جزئيا,2026/05/17,"36,950,426"
 مكة المكرمه,مكة المكرمة,القطاع الخاص,خدمة إلكترونية جزئيا,2026/05/17,"36,950,662"
 مكة المكرمه,مكة المكرمة,القطاع الخاص,خدمة إلكترونية جزئيا,2026/05/17,"36,945,084"
 الرياض,الرياض,القطاع الخاص,خدمة إلكترونية جزئيا,2026/05/17,"36,941,393"
 القصيم,بريده,القطاع الخاص,خدمة إلكترونية جزئيا,2026/05/17,"36,948,637"
 القصيم,بريده,القطاع الخاص,خدمة إلكترونية جزئيا,2026/05/17,"36,955,056"
 مكة المكرمه,جده,القطاع الخاص,خدمة إلكترونية جزئيا,2026/05/17,"36,941,082"
 الشرقية,الخبر,القطاع الخاص,خدمة إلكترونية جزئيا,2026/05/17,"36,955,120"
 الشرقية,الخبر,القطاع الخاص,خدمة إلكترونية جزئيا,2026/05/17,"36,955,661"
 الشرقية,الدمام,القطاع الخاص,خدمة إلكترونية جزئيا,2026/05/17,"36,950,923"
 الشرقية,الدمام,القطاع الخاص,خدمة إلكترونية جزئيا,2026/05/17,"36,951,103"
 حائل,حائل,القطاع الخاص,خدمة إلكترونية جزئيا,2026/05/17,"36,946,051"
 حائل,حائل,القطاع الخاص,خدمة إلكترونية جزئيا,2026/05/17,"36,955,422"
 الشرقية,الخبر,القطاع الخاص,خدمة إلكترونية جزئيا,2026/05/17,"36,954,356"
 الشرقية,الخبر,القطاع الخاص,خدمة إلكترونية جزئيا,2026/05/17,"36,954,140"
 الشرقية,حفر الباطن,القطاع الخاص,خدمة إلكترونية جزئيا,2026/05/17,"36,945,164"
 مكة المكرمه,الطائف,القطاع الخاص,خدمة إلكترونية جزئيا,2026/05/17,"36,947,352"
 نجران,نجران,القطاع الخاص,خدمة إلكترونية جزئيا,2026/05/17,"36,956,165"
 الرياض,شقراء,القطاع الخاص,خدمة إلكترونية جزئيا,2026/05/17,"36,943,108"
 الحدود الشمالية,عرعر,القطاع الخاص,خدمة إلكترونية جزئيا,2026/05/17,"36,954,692"
الخدمات الرقمية,عام,القطاع العام,خدمة إلكترونية,2026/05/17,"36,939,894"
الخدمات الرقمية,عام,القطاع العام,خدمة إلكترونية,2026/05/17,"36,939,391"
الخدمات الرقمية,عام,القطاع العام,خدمة إلكترونية,2026/05/17,"36,939,794"
الخدمات الرقمية,عام,القطاع العام,خدمة إلكترونية,2026/05/17,"36,943,162"
الخدمات الرقمية,عام,القطاع العام,خدمة إلكترونية,2026/05/17,"36,946,888"
الخدمات الرقمية,عام,القطاع العام,خدمة إلكترونية,2026/05/17,"36,942,968"
الخدمات الرقمية,عام,القطاع العام,خدمة إلكترونية,2026/05/17,"36,944,779"
الخدمات الرقمية,عام,القطاع العام,خدمة إلكترونية,2026/05/17,"36,943,520"
الخدمات الرقمية,عام,القطاع العام,خدمة إلكترونية,2026/05/17,"36,944,081"
الخدمات الرقمية,عام,القطاع العام,خدمة إلكترونية,2026/05/17,"36,945,840"
الخدمات الرقمية,عام,القطاع العام,خدمة إلكترونية,2026/05/17,"36,946,493"
الخدمات الرقمية,عام,القطاع العام,خدمة إلكترونية,2026/05/17,"36,947,792"
الخدمات الرقمية,عام,القطاع العام,خدمة إلكترونية,2026/05/17,"36,950,933"
الخدمات الرقمية,عام,القطاع العام,خدمة إلكترونية,2026/05/17,"36,943,631"
الخدمات الرقمية,عام,القطاع العام,خدمة إلكترونية,2026/05/17,"36,943,349"
الخدمات الرقمية,عام,القطاع العام,خدمة إلكترونية,2026/05/17,"36,950,227"
الخدمات الرقمية,عام,القطاع العام,خدمة إلكترونية,2026/05/17,"36,949,336"
الخدمات الرقمية,عام,القطاع العام,خدمة إلكترونية,2026/05/17,"36,951,037"
الخدمات الرقمية,عام,القطاع العام,خدمة إلكترونية,2026/05/17,"36,951,102"
الخدمات الرقمية,عام,القطاع العام,خدمة إلكترونية,2026/05/17,"36,952,419"
الخدمات الرقمية,عام,القطاع العام,خدمة إلكترونية,2026/05/17,"36,949,229"
الخدمات الرقمية,عام,القطاع العام,خدمة إلكترونية,2026/05/17,"36,950,037"
الخدمات الرقمية,عام,القطاع العام,خدمة إلكترونية,2026/05/17,"36,951,436"
الخدمات الرقمية,عام,القطاع العام,خدمة إلكترونية,2026/05/17,"36,952,939"
الخدمات الرقمية,عام,القطاع العام,خدمة إلكترونية,2026/05/17,"36,949,568"
الخدمات الرقمية,عام,القطاع العام,خدمة إلكترونية,2026/05/17,"36,950,832"
الخدمات الرقمية,عام,القطاع العام,خدمة إلكترونية,2026/05/17,"36,951,008"
الخدمات الرقمية,عام,القطاع العام,خدمة إلكترونية,2026/05/17,"36,943,394"
الخدمات الرقمية,عام,القطاع العام,خدمة إلكترونية,2026/05/17,"36,951,075"
الخدمات الرقمية,عام,القطاع العام,خدمة إلكترونية,2026/05/17,"36,945,600"
الخدمات الرقمية,عام,القطاع العام,خدمة إلكترونية,2026/05/17,"36,943,605"
الخدمات الرقمية,عام,القطاع العام,خدمة إلكترونية,2026/05/17,"36,949,650"
الخدمات الرقمية,عام,القطاع العام,خدمة إلكترونية,2026/05/17,"36,945,700"
الخدمات الرقمية,عام,القطاع العام,خدمة إلكترونية,2026/05/17,"36,948,367"
الخدمات الرقمية,عام,القطاع العام,خدمة إلكترونية,2026/05/17,"36,947,807"
الخدمات الرقمية,عام,القطاع العام,خدمة إلكترونية,2026/05/17,"36,948,192"
الخدمات الرقمية,عام,القطاع العام,خدمة إلكترونية,2026/05/17,"36,948,188"
الخدمات الرقمية,عام,القطاع العام,خدمة إلكترونية,2026/05/17,"36,947,233"
الخدمات الرقمية,عام,القطاع العام,خدمة إلكترونية,2026/05/17,"36,950,603"
الخدمات الرقمية,عام,القطاع العام,خدمة إلكترونية,2026/05/17,"36,947,429"
الخدمات الرقمية,عام,القطاع العام,خدمة إلكترونية,2026/05/17,"36,948,114"
الخدمات الرقمية,عام,القطاع العام,خدمة إلكترونية,2026/05/17,"36,947,865"
الخدمات الرقمية,عام,القطاع العام,خدمة إلكترونية,2026/05/17,"36,950,593"
الخدمات الرقمية,عام,القطاع العام,خدمة إلكترونية,2026/05/17,"36,951,023"
الخدمات الرقمية,عام,القطاع العام,خدمة إلكترونية,2026/05/17,"36,950,279"
الخدمات الرقمية,عام,القطاع العام,خدمة إلكترونية,2026/05/17,"36,942,296"
الخدمات الرقمية,عام,القطاع العام,خدمة إلكترونية,2026/05/17,"36,948,028"
الخدمات الرقمية,عام,القطاع العام,خدمة إلكترونية,2026/05/17,"36,950,442"
الخدمات الرقمية,عام,القطاع العام,خدمة إلكترونية,2026/05/17,"36,948,052"
الخدمات الرقمية,عام,القطاع العام,خدمة إلكترونية,2026/05/17,"36,952,148"
الخدمات الرقمية,عام,القطاع العام,خدمة إلكترونية,2026/05/17,"36,952,156"
الخدمات الرقمية,عام,القطاع العام,خدمة إلكترونية,2026/05/17,"36,952,684"
الخدمات الرقمية,عام,القطاع العام,خدمة إلكترونية,2026/05/17,"36,953,443"
الخدمات الرقمية,عام,القطاع العام,خدمة إلكترونية,2026/05/17,"36,948,910"
الخدمات الرقمية,عام,القطاع العام,خدمة إلكترونية,2026/05/17,"36,947,315"
الخدمات الرقمية,عام,القطاع العام,خدمة إلكترونية,2026/05/17,"36,951,723"
الخدمات الرقمية,عام,القطاع العام,خدمة إلكترونية,2026/05/17,"36,947,790"
الخدمات الرقمية,عام,القطاع العام,خدمة إلكترونية,2026/05/17,"36,953,114"
الخدمات الرقمية,عام,القطاع العام,خدمة إلكترونية,2026/05/17,"36,944,719"
الخدمات الرقمية,عام,القطاع العام,خدمة إلكترونية,2026/05/17,"36,953,612"
الخدمات الرقمية,عام,القطاع العام,خدمة إلكترونية,2026/05/18,"36,964,660"
 الشرقية,الدمام,القطاع الخاص,خدمة إلكترونية جزئيا,2026/05/18,"36,961,872"
 الشرقية,الدمام,القطاع الخاص,خدمة إلكترونية جزئيا,2026/05/18,"36,968,073"
 الشرقية,الدمام,القطاع الخاص,خدمة إلكترونية جزئيا,2026/05/18,"36,967,390"
 الشرقية,الخبر,القطاع الخاص,خدمة إلكترونية جزئيا,2026/05/18,"36,976,550"
 الشرقية,الخبر,القطاع الخاص,خدمة إلكترونية جزئيا,2026/05/18,"36,976,839"
 الشرقية,الاحساء,القطاع الخاص,خدمة إلكترونية جزئيا,2026/05/18,"36,969,120"
 الشرقية,الخبر,القطاع الخاص,خدمة إلكترونية جزئيا,2026/05/18,"36,976,682"
 الشرقية,الخبر,القطاع الخاص,خدمة إلكترونية جزئيا,2026/05/18,"36,976,293"
 الشرقية,الخبر,القطاع الخاص,خدمة إلكترونية جزئيا,2026/05/18,"36,976,761"
 القصيم,بريده,القطاع الخاص,خدمة إلكترونية جزئيا,2026/05/18,"36,970,362"
 مكة المكرمه,جده,القطاع الخاص,خدمة إلكترونية جزئيا,2026/05/18,"36,969,044"
 مكة المكرمه,جده,القطاع الخاص,خدمة إلكترونية جزئيا,2026/05/18,"36,970,183"
 مكة المكرمه,جده,القطاع الخاص,خدمة إلكترونية جزئيا,2026/05/18,"36,964,926"
 الشرقية,الدمام,القطاع الخاص,خدمة إلكترونية جزئيا,2026/05/18,"36,961,941"
 الشرقية,الدمام,القطاع الخاص,خدمة إلكترونية جزئيا,2026/05/18,"36,963,927"
 الشرقية,الدمام,القطاع الخاص,خدمة إلكترونية جزئيا,2026/05/18,"36,965,516"
 الشرقية,الدمام,القطاع الخاص,خدمة إلكترونية جزئيا,2026/05/18,"36,963,577"
 الشرقية,الدمام,القطاع الخاص,خدمة إلكترونية جزئيا,2026/05/18,"36,962,049"
 مكة المكرمه,مكة المكرمة,القطاع الخاص,خدمة إلكترونية جزئيا,2026/05/18,"36,965,133"
 مكة المكرمه,مكة المكرمة,القطاع الخاص,خدمة إلكترونية جزئيا,2026/05/18,"36,966,367"
 مكة المكرمه,مكة المكرمة,القطاع الخاص,خدمة إلكترونية جزئيا,2026/05/18,"36,965,916"
 مكة المكرمه,مكة المكرمة,القطاع الخاص,خدمة إلكترونية جزئيا,2026/05/18,"36,963,788"
 مكة المكرمه,مكة المكرمة,القطاع الخاص,خدمة إلكترونية جزئيا,2026/05/18,"36,968,950"
 مكة المكرمه,مكة المكرمة,القطاع الخاص,خدمة إلكترونية جزئيا,2026/05/18,"36,967,023"
 مكة المكرمه,مكة المكرمة,القطاع الخاص,خدمة إلكترونية جزئيا,2026/05/18,"36,968,196"
 مكة المكرمه,مكة المكرمة,القطاع الخاص,خدمة إلكترونية جزئيا,2026/05/18,"36,965,600"
 مكة المكرمه,مكة المكرمة,القطاع الخاص,خدمة إلكترونية جزئيا,2026/05/18,"36,963,528"
 الرياض,الرياض,القطاع الخاص,خدمة إلكترونية جزئيا,2026/05/18,"36,961,475"
 الرياض,الرياض,القطاع الخاص,خدمة إلكترونية جزئيا,2026/05/18,"36,965,547"
 الرياض,الرياض,القطاع الخاص,خدمة إلكترونية جزئيا,2026/05/18,"36,962,006"
 الرياض,الرياض,القطاع الخاص,خدمة إلكترونية جزئيا,2026/05/18,"36,965,555"
 الرياض,الرياض,القطاع الخاص,خدمة إلكترونية جزئيا,2026/05/18,"36,961,176"
 الرياض,الرياض,القطاع الخاص,خدمة إلكترونية جزئيا,2026/05/18,"36,973,025"
 الرياض,الرياض,القطاع الخاص,خدمة إلكترونية جزئيا,2026/05/18,"36,972,696"
 الرياض,الرياض,القطاع الخاص,خدمة إلكترونية جزئيا,2026/05/18,"36,973,527"
 الرياض,الرياض,القطاع الخاص,خدمة إلكترونية جزئيا,2026/05/18,"36,973,266"
 الرياض,الرياض,القطاع الخاص,خدمة إلكترونية جزئيا,2026/05/18,"36,966,457"
 الرياض,الرياض,القطاع الخاص,خدمة إلكترونية جزئيا,2026/05/18,"36,963,095"
 الرياض,الرياض,القطاع الخاص,خدمة إلكترونية جزئيا,2026/05/18,"36,963,330"
 الرياض,الرياض,القطاع الخاص,خدمة إلكترونية جزئيا,2026/05/18,"36,961,830"
 الرياض,الرياض,القطاع الخاص,خدمة إلكترونية جزئيا,2026/05/18,"36,966,394"
 الرياض,الرياض,القطاع الخاص,خدمة إلكترونية جزئيا,2026/05/18,"36,961,560"
 الرياض,الرياض,القطاع الخاص,خدمة إلكترونية جزئيا,2026/05/18,"36,961,295"
 الرياض,الرياض,القطاع الخاص,خدمة إلكترونية جزئيا,2026/05/18,"36,962,914"
 الرياض,الرياض,القطاع الخاص,خدمة إلكترونية جزئيا,2026/05/18,"36,965,699"
 الرياض,الرياض,القطاع الخاص,خدمة إلكترونية جزئيا,2026/05/18,"36,964,898"
 الرياض,الرياض,القطاع الخاص,خدمة إلكترونية جزئيا,2026/05/18,"36,970,542"
 الرياض,الرياض,القطاع الخاص,خدمة إلكترونية جزئيا,2026/05/18,"36,965,532"
 الرياض,الرياض,القطاع الخاص,خدمة إلكترونية جزئيا,2026/05/18,"36,965,415"
 الرياض,الرياض,القطاع الخاص,خدمة إلكترونية جزئيا,2026/05/18,"36,962,165"
 الرياض,الرياض,القطاع الخاص,خدمة إلكترونية جزئيا,2026/05/18,"36,962,706"
 الرياض,الرياض,القطاع الخاص,خدمة إلكترونية جزئيا,2026/05/18,"36,963,230"
 الرياض,الرياض,القطاع الخاص,خدمة إلكترونية جزئيا,2026/05/18,"36,974,675"
الخدمات الرقمية,عام,القطاع العام,خدمة إلكترونية,2026/05/18,"36,969,320"
الخدمات الرقمية,عام,القطاع العام,خدمة إلكترونية,2026/05/18,"36,966,932"
الخدمات الرقمية,عام,القطاع العام,خدمة إلكترونية,2026/05/18,"36,965,908"
الخدمات الرقمية,عام,القطاع العام,خدمة إلكترونية,2026/05/18,"36,967,191"
الخدمات الرقمية,عام,القطاع العام,خدمة إلكترونية,2026/05/18,"36,966,989"
الخدمات الرقمية,عام,القطاع العام,خدمة إلكترونية,2026/05/18,"36,967,185"
 القصيم,بريده,القطاع الخاص,خدمة إلكترونية جزئيا,2026/05/18,"36,970,627"
 مكة المكرمه,مكة المكرمة,القطاع الخاص,خدمة إلكترونية جزئيا,2026/05/18,"36,966,762"
 مكة المكرمه,مكة المكرمة,القطاع الخاص,خدمة إلكترونية جزئيا,2026/05/18,"36,967,646"
 مكة المكرمه,مكة المكرمة,القطاع الخاص,خدمة إلكترونية جزئيا,2026/05/18,"36,964,419"
 الرياض,الرياض,القطاع الخاص,خدمة إلكترونية جزئيا,2026/05/18,"36,973,629"
 الشرقية,الدمام,القطاع الخاص,خدمة إلكترونية جزئيا,2026/05/18,"36,962,018"
 الشرقية,الدمام,القطاع الخاص,خدمة إلكترونية جزئيا,2026/05/18,"36,965,935"
 مكة المكرمه,مكة المكرمة,القطاع الخاص,خدمة إلكترونية جزئيا,2026/05/18,"36,965,786"
 الرياض,الرياض,القطاع الخاص,خدمة إلكترونية جزئيا,2026/05/18,"36,961,334"
 الرياض,الرياض,القطاع الخاص,خدمة إلكترونية جزئيا,2026/05/18,"36,966,674"
 الرياض,الرياض,القطاع الخاص,خدمة إلكترونية جزئيا,2026/05/18,"36,973,303"
 الرياض,الرياض,القطاع الخاص,خدمة إلكترونية جزئيا,2026/05/18,"36,971,205"
 الرياض,الرياض,القطاع الخاص,خدمة إلكترونية جزئيا,2026/05/18,"36,963,020"
 الرياض,الرياض,القطاع الخاص,خدمة إلكترونية جزئيا,2026/05/18,"36,962,956"
 الرياض,الرياض,القطاع الخاص,خدمة إلكترونية جزئيا,2026/05/18,"36,961,548"
 الرياض,الرياض,القطاع الخاص,خدمة إلكترونية جزئيا,2026/05/18,"36,961,254"
 الرياض,الرياض,القطاع الخاص,خدمة إلكترونية جزئيا,2026/05/18,"36,965,953"
 الرياض,الرياض,القطاع الخاص,خدمة إلكترونية جزئيا,2026/05/18,"36,961,606"
 مكة المكرمه,جده,القطاع الخاص,خدمة إلكترونية جزئيا,2026/05/18,"36,970,549"
 مكة المكرمه,مكة المكرمة,القطاع الخاص,خدمة إلكترونية جزئيا,2026/05/18,"36,963,822"
 مكة المكرمه,مكة المكرمة,القطاع الخاص,خدمة إلكترونية جزئيا,2026/05/18,"36,966,091"
 الشرقية,الدمام,القطاع الخاص,خدمة إلكترونية جزئيا,2026/05/18,"36,962,120"
 الرياض,الرياض,القطاع الخاص,خدمة إلكترونية جزئيا,2026/05/18,"36,974,706"
 الشرقية,الخبر,القطاع الخاص,خدمة إلكترونية جزئيا,2026/05/18,"36,976,740"
 الشرقية,الخبر,القطاع الخاص,خدمة إلكترونية جزئيا,2026/05/18,"36,976,775"
 الرياض,الرياض,القطاع الخاص,خدمة إلكترونية جزئيا,2026/05/18,"36,962,099"
 مكة المكرمه,مكة المكرمة,القطاع الخاص,خدمة إلكترونية جزئيا,2026/05/18,"36,965,492"
 مكة المكرمه,الطائف,القطاع الخاص,خدمة إلكترونية جزئيا,2026/05/18,"36,974,387"
 الشرقية,الدمام,القطاع الخاص,خدمة إلكترونية جزئيا,2026/05/18,"36,962,164"
 الشرقية,الخبر,القطاع الخاص,خدمة إلكترونية جزئيا,2026/05/18,"36,976,573"
 الشرقية,الخبر,القطاع الخاص,خدمة إلكترونية جزئيا,2026/05/18,"36,976,343"
 الشرقية,الخبر,القطاع الخاص,خدمة إلكترونية جزئيا,2026/05/18,"36,976,890"
 الرياض,الرياض,القطاع الخاص,خدمة إلكترونية جزئيا,2026/05/18,"36,963,675"
 الرياض,الرياض,القطاع الخاص,خدمة إلكترونية جزئيا,2026/05/18,"36,965,418"
 الرياض,الرياض,القطاع الخاص,خدمة إلكترونية جزئيا,2026/05/18,"36,961,901"
 الرياض,الرياض,القطاع الخاص,خدمة إلكترونية جزئيا,2026/05/18,"36,963,364"
 الرياض,الرياض,القطاع الخاص,خدمة إلكترونية جزئيا,2026/05/18,"36,972,833"
 الرياض,الرياض,القطاع الخاص,خدمة إلكترونية جزئيا,2026/05/18,"36,965,980"
 مكة المكرمه,جده,القطاع الخاص,خدمة إلكترونية جزئيا,2026/05/18,"36,965,093"
 الرياض,الرياض,القطاع الخاص,خدمة إلكترونية جزئيا,2026/05/18,"36,965,952"
الخدمات الرقمية,عام,القطاع العام,خدمة إلكترونية,2026/05/18,"36,967,056"
الخدمات الرقمية,عام,القطاع العام,خدمة إلكترونية,2026/05/18,"36,967,317"
الخدمات الرقمية,عام,القطاع العام,خدمة إلكترونية,2026/05/18,"36,969,950"
الخدمات الرقمية,عام,القطاع العام,خدمة إلكترونية,2026/05/18,"36,970,579"
الخدمات الرقمية,عام,القطاع العام,خدمة إلكترونية,2026/05/18,"36,960,128"
الخدمات الرقمية,عام,القطاع العام,خدمة إلكترونية,2026/05/18,"36,967,913"
الخدمات الرقمية,عام,القطاع العام,خدمة إلكترونية,2026/05/18,"36,971,871"
الخدمات الرقمية,عام,القطاع العام,خدمة إلكترونية,2026/05/18,"36,974,490"
الخدمات الرقمية,عام,القطاع العام,خدمة إلكترونية,2026/05/18,"36,964,717"
الخدمات الرقمية,عام,القطاع العام,خدمة إلكترونية,2026/05/18,"36,972,578"
الخدمات الرقمية,عام,القطاع العام,خدمة إلكترونية,2026/05/18,"36,960,674"
الخدمات الرقمية,عام,القطاع العام,خدمة إلكترونية,2026/05/18,"36,972,740"
الخدمات الرقمية,عام,القطاع العام,خدمة إلكترونية,2026/05/18,"36,971,911"
الخدمات الرقمية,عام,القطاع العام,خدمة إلكترونية,2026/05/18,"36,966,353"
الخدمات الرقمية,عام,القطاع العام,خدمة إلكترونية,2026/05/18,"36,967,305"
الخدمات الرقمية,عام,القطاع العام,خدمة إلكترونية,2026/05/18,"36,967,094"
الخدمات الرقمية,عام,القطاع العام,خدمة إلكترونية,2026/05/18,"36,968,796"
الخدمات الرقمية,عام,القطاع العام,خدمة إلكترونية,2026/05/18,"36,970,596"
الخدمات الرقمية,عام,القطاع العام,خدمة إلكترونية,2026/05/18,"36,971,311"
الخدمات الرقمية,عام,القطاع العام,خدمة إلكترونية,2026/05/18,"36,974,460"
الخدمات الرقمية,عام,القطاع العام,خدمة إلكترونية,2026/05/18,"36,975,106"
الخدمات الرقمية,عام,القطاع العام,خدمة إلكترونية,2026/05/18,"36,970,428"
الخدمات الرقمية,عام,القطاع العام,خدمة إلكترونية,2026/05/18,"36,968,617"
الخدمات الرقمية,عام,القطاع العام,خدمة إلكترونية,2026/05/18,"36,972,105"
الخدمات الرقمية,عام,القطاع العام,خدمة إلكترونية,2026/05/18,"36,967,214"
الخدمات الرقمية,عام,القطاع العام,خدمة إلكترونية,2026/05/18,"36,960,210"
الخدمات الرقمية,عام,القطاع العام,خدمة إلكترونية,2026/05/18,"36,968,537"
الخدمات الرقمية,عام,القطاع العام,خدمة إلكترونية,2026/05/18,"36,970,490"
الخدمات الرقمية,عام,القطاع العام,خدمة إلكترونية,2026/05/18,"36,972,602"
الخدمات الرقمية,عام,القطاع العام,خدمة إلكترونية,2026/05/18,"36,963,158"
الخدمات الرقمية,عام,القطاع العام,خدمة إلكترونية,2026/05/18,"36,968,989"
الخدمات الرقمية,عام,القطاع العام,خدمة إلكترونية,2026/05/18,"36,972,658"
الخدمات الرقمية,عام,القطاع العام,خدمة إلكترونية,2026/05/18,"36,972,036"
الخدمات الرقمية,عام,القطاع العام,خدمة إلكترونية,2026/05/18,"36,972,328"
الخدمات الرقمية,عام,القطاع العام,خدمة إلكترونية,2026/05/18,"36,976,545"
الخدمات الرقمية,عام,القطاع العام,خدمة إلكترونية,2026/05/18,"36,962,350"
الخدمات الرقمية,عام,القطاع العام,خدمة إلكترونية,2026/05/18,"36,972,618"
الخدمات الرقمية,عام,القطاع العام,خدمة إلكترونية,2026/05/18,"36,971,736"
الخدمات الرقمية,عام,القطاع العام,خدمة إلكترونية,2026/05/18,"36,974,459"
الخدمات الرقمية,عام,القطاع العام,خدمة إلكترونية,2026/05/18,"36,971,749"
الخدمات الرقمية,عام,القطاع العام,خدمة إلكترونية,2026/05/18,"36,972,630"
الخدمات الرقمية,عام,القطاع العام,خدمة إلكترونية,2026/05/18,"36,963,149"
الخدمات الرقمية,عام,القطاع العام,خدمة إلكترونية,2026/05/18,"36,966,273"
الخدمات الرقمية,عام,القطاع العام,خدمة إلكترونية,2026/05/18,"36,970,393"
الخدمات الرقمية,عام,القطاع العام,خدمة إلكترونية,2026/05/18,"36,975,221"
الخدمات الرقمية,عام,القطاع العام,خدمة إلكترونية,2026/05/18,"36,975,495"
الخدمات الرقمية,عام,القطاع العام,خدمة إلكترونية,2026/05/18,"36,972,664"
الخدمات الرقمية,عام,القطاع العام,خدمة إلكترونية,2026/05/18,"36,972,676"
الخدمات الرقمية,عام,القطاع العام,خدمة إلكترونية,2026/05/18,"36,966,690"
الخدمات الرقمية,عام,القطاع العام,خدمة إلكترونية,2026/05/18,"36,967,493"
الخدمات الرقمية,عام,القطاع العام,خدمة إلكترونية,2026/05/18,"36,965,145"
الخدمات الرقمية,عام,القطاع العام,خدمة إلكترونية,2026/05/18,"36,968,293"
الخدمات الرقمية,عام,القطاع العام,خدمة إلكترونية,2026/05/18,"36,963,332"
الخدمات الرقمية,عام,القطاع العام,خدمة إلكترونية,2026/05/18,"36,960,702"
الخدمات الرقمية,عام,القطاع العام,خدمة إلكترونية,2026/05/18,"36,975,274"
الخدمات الرقمية,عام,القطاع العام,خدمة إلكترونية,2026/05/18,"36,960,387"
الخدمات الرقمية,عام,القطاع العام,خدمة إلكترونية,2026/05/18,"36,972,678"
الخدمات الرقمية,عام,القطاع العام,خدمة إلكترونية,2026/05/18,"36,973,409"
الخدمات الرقمية,عام,القطاع العام,خدمة إلكترونية,2026/05/18,"36,975,304"
الخدمات الرقمية,عام,القطاع العام,خدمة إلكترونية,2026/05/18,"36,967,540"
الخدمات الرقمية,عام,القطاع العام,خدمة إلكترونية,2026/05/18,"36,971,100"
الخدمات الرقمية,عام,القطاع العام,خدمة إلكترونية,2026/05/18,"36,969,988"
الخدمات الرقمية,عام,القطاع العام,خدمة إلكترونية,2026/05/18,"36,964,143"
الخدمات الرقمية,عام,القطاع العام,خدمة إلكترونية,2026/05/18,"36,964,500"
الخدمات الرقمية,عام,القطاع العام,خدمة إلكترونية,2026/05/18,"36,973,127"
الخدمات الرقمية,عام,القطاع العام,خدمة إلكترونية,2026/05/18,"36,974,017"
الخدمات الرقمية,عام,القطاع العام,خدمة إلكترونية,2026/05/18,"36,962,664"
الخدمات الرقمية,عام,القطاع العام,خدمة إلكترونية,2026/05/18,"36,964,208"
الخدمات الرقمية,عام,القطاع العام,خدمة إلكترونية,2026/05/18,"36,967,353"
الخدمات الرقمية,عام,القطاع العام,خدمة إلكترونية,2026/05/18,"36,970,213"
الخدمات الرقمية,عام,القطاع العام,خدمة إلكترونية,2026/05/18,"36,969,756"
الخدمات الرقمية,عام,القطاع العام,خدمة إلكترونية,2026/05/18,"36,966,539"
الخدمات الرقمية,عام,القطاع العام,خدمة إلكترونية,2026/05/18,"36,962,128"
الخدمات الرقمية,عام,القطاع العام,خدمة إلكترونية,2026/05/18,"36,977,322"
الخدمات الرقمية,عام,القطاع العام,خدمة إلكترونية,2026/05/18,"36,972,011"
الخدمات الرقمية,عام,القطاع العام,خدمة إلكترونية,2026/05/18,"36,968,528"
 المدينة المنوره,المدينة المنورة,القطاع الخاص,خدمة إلكترونية جزئيا,2026/05/19,"37,000,788"
 المدينة المنوره,المدينة المنورة,القطاع الخاص,خدمة إلكترونية جزئيا,2026/05/19,"37,000,909"
 المدينة المنوره,المدينة المنورة,القطاع الخاص,خدمة إلكترونية جزئيا,2026/05/19,"37,000,855"
 المدينة المنوره,المدينة المنورة,القطاع الخاص,خدمة إلكترونية جزئيا,2026/05/19,"36,989,740"
 الرياض,شقراء,القطاع الخاص,خدمة إلكترونية جزئيا,2026/05/19,"37,000,155"
 الرياض,شقراء,القطاع الخاص,خدمة إلكترونية جزئيا,2026/05/19,"36,992,972"
 الرياض,شقراء,القطاع الخاص,خدمة إلكترونية جزئيا,2026/05/19,"37,001,507"
 تبوك,تبوك,القطاع الخاص,خدمة إلكترونية جزئيا,2026/05/19,"36,983,448"
 تبوك,تبوك,القطاع الخاص,خدمة إلكترونية جزئيا,2026/05/19,"36,983,197"
 تبوك,تبوك,القطاع الخاص,خدمة إلكترونية جزئيا,2026/05/19,"36,982,885"
 تبوك,تبوك,القطاع الخاص,خدمة إلكترونية جزئيا,2026/05/19,"36,983,323"
 عسير,ابها,القطاع الخاص,خدمة إلكترونية جزئيا,2026/05/19,"36,982,662"
 القصيم,بريده,القطاع الخاص,خدمة إلكترونية جزئيا,2026/05/19,"37,002,794"
 القصيم,بريده,القطاع الخاص,خدمة إلكترونية جزئيا,2026/05/19,"37,003,108"
 القصيم,بريده,القطاع الخاص,خدمة إلكترونية جزئيا,2026/05/19,"37,002,483"
 القصيم,بريده,القطاع الخاص,خدمة إلكترونية جزئيا,2026/05/19,"37,002,673"
 مكة المكرمه,جده,القطاع الخاص,خدمة إلكترونية جزئيا,2026/05/19,"36,996,016"
 الشرقية,الدمام,القطاع الخاص,خدمة إلكترونية جزئيا,2026/05/19,"36,987,278"
 الشرقية,الدمام,القطاع الخاص,خدمة إلكترونية جزئيا,2026/05/19,"36,987,086"
 الشرقية,الدمام,القطاع الخاص,خدمة إلكترونية جزئيا,2026/05/19,"36,993,369"
 الشرقية,الدمام,القطاع الخاص,خدمة إلكترونية جزئيا,2026/05/19,"36,989,936"
 الشرقية,الدمام,القطاع الخاص,خدمة إلكترونية جزئيا,2026/05/19,"36,995,075"
 الشرقية,الدمام,القطاع الخاص,خدمة إلكترونية جزئيا,2026/05/19,"36,989,212"
 الشرقية,الدمام,القطاع الخاص,خدمة إلكترونية جزئيا,2026/05/19,"36,994,268"
 الشرقية,الدمام,القطاع الخاص,خدمة إلكترونية جزئيا,2026/05/19,"36,990,106"
 الشرقية,الدمام,القطاع الخاص,خدمة إلكترونية جزئيا,2026/05/19,"36,995,965"
 الشرقية,الدمام,القطاع الخاص,خدمة إلكترونية جزئيا,2026/05/19,"36,993,169"
 مكة المكرمه,مكة المكرمة,القطاع الخاص,خدمة إلكترونية جزئيا,2026/05/19,"36,987,800"
 مكة المكرمه,مكة المكرمة,القطاع الخاص,خدمة إلكترونية جزئيا,2026/05/19,"36,993,361"
 مكة المكرمه,مكة المكرمة,القطاع الخاص,خدمة إلكترونية جزئيا,2026/05/19,"36,987,261"
 مكة المكرمه,مكة المكرمة,القطاع الخاص,خدمة إلكترونية جزئيا,2026/05/19,"36,986,332"
 مكة المكرمه,مكة المكرمة,القطاع الخاص,خدمة إلكترونية جزئيا,2026/05/19,"36,993,659"
 مكة المكرمه,مكة المكرمة,القطاع الخاص,خدمة إلكترونية جزئيا,2026/05/19,"36,986,978"
 مكة المكرمه,مكة المكرمة,القطاع الخاص,خدمة إلكترونية جزئيا,2026/05/19,"36,993,895"
 مكة المكرمه,مكة المكرمة,القطاع الخاص,خدمة إلكترونية جزئيا,2026/05/19,"37,001,596"
 مكة المكرمه,مكة المكرمة,القطاع الخاص,خدمة إلكترونية جزئيا,2026/05/19,"37,001,527"
 الرياض,الرياض,القطاع الخاص,خدمة إلكترونية جزئيا,2026/05/19,"36,995,557"
 الرياض,الرياض,القطاع الخاص,خدمة إلكترونية جزئيا,2026/05/19,"36,991,412"
 الرياض,الرياض,القطاع الخاص,خدمة إلكترونية جزئيا,2026/05/19,"36,994,166"
 الرياض,الرياض,القطاع الخاص,خدمة إلكترونية جزئيا,2026/05/19,"36,993,810"
 الرياض,الرياض,القطاع الخاص,خدمة إلكترونية جزئيا,2026/05/19,"36,983,686"
 الرياض,الرياض,القطاع الخاص,خدمة إلكترونية جزئيا,2026/05/19,"36,992,677"
 الرياض,الرياض,القطاع الخاص,خدمة إلكترونية جزئيا,2026/05/19,"36,992,496"
 الرياض,الرياض,القطاع الخاص,خدمة إلكترونية جزئيا,2026/05/19,"36,986,031"
 الرياض,الرياض,القطاع الخاص,خدمة إلكترونية جزئيا,2026/05/19,"36,987,363"
 الرياض,الرياض,القطاع الخاص,خدمة إلكترونية جزئيا,2026/05/19,"36,995,740"
الخدمات الرقمية,عام,القطاع العام,خدمة إلكترونية,2026/05/19,"36,984,641"
 مكة المكرمه,مكة المكرمة,القطاع الخاص,خدمة إلكترونية جزئيا,2026/05/19,"36,993,882"
 مكة المكرمه,جده,القطاع الخاص,خدمة إلكترونية جزئيا,2026/05/19,"36,986,935"
الخدمات الرقمية,كتابة عدل مدمجة - افتراضية,القطاع العام,خدمة إلكترونية جزئيا,2026/05/19,"36,997,257"
 مكة المكرمه,مكة المكرمة,القطاع الخاص,خدمة إلكترونية جزئيا,2026/05/19,"37,001,700"
 عسير,ابها,القطاع الخاص,خدمة إلكترونية جزئيا,2026/05/19,"36,982,697"
 القصيم,بريده,القطاع الخاص,خدمة إلكترونية جزئيا,2026/05/19,"37,003,179"
 القصيم,بريده,القطاع الخاص,خدمة إلكترونية جزئيا,2026/05/19,"37,002,855"
 القصيم,بريده,القطاع الخاص,خدمة إلكترونية جزئيا,2026/05/19,"37,002,722"
 تبوك,تبوك,القطاع الخاص,خدمة إلكترونية جزئيا,2026/05/19,"36,986,356"
 مكة المكرمه,مكة المكرمة,القطاع الخاص,خدمة إلكترونية جزئيا,2026/05/19,"36,987,365"
 الرياض,الرياض,القطاع الخاص,خدمة إلكترونية جزئيا,2026/05/19,"36,991,455"
 المدينة المنوره,المدينة المنورة,القطاع الخاص,خدمة إلكترونية جزئيا,2026/05/19,"37,000,944"
 مكة المكرمه,مكة المكرمة,القطاع الخاص,خدمة إلكترونية جزئيا,2026/05/19,"36,993,988"
 الشرقية,الدمام,القطاع الخاص,خدمة إلكترونية جزئيا,2026/05/19,"36,993,467"
 الشرقية,الدمام,القطاع الخاص,خدمة إلكترونية جزئيا,2026/05/19,"36,987,509"
 الشرقية,الدمام,القطاع الخاص,خدمة إلكترونية جزئيا,2026/05/19,"36,989,412"
 الشرقية,الدمام,القطاع الخاص,خدمة إلكترونية جزئيا,2026/05/19,"36,996,104"
 مكة المكرمه,مكة المكرمة,القطاع الخاص,خدمة إلكترونية جزئيا,2026/05/19,"36,993,723"
 الرياض,الرياض,القطاع الخاص,خدمة إلكترونية جزئيا,2026/05/19,"36,995,672"
 مكة المكرمه,جده,القطاع الخاص,خدمة إلكترونية جزئيا,2026/05/19,"36,996,520"
 الرياض,شقراء,القطاع الخاص,خدمة إلكترونية جزئيا,2026/05/19,"37,000,653"
 الشرقية,الدمام,القطاع الخاص,خدمة إلكترونية جزئيا,2026/05/19,"36,995,301"
 الشرقية,الدمام,القطاع الخاص,خدمة إلكترونية جزئيا,2026/05/19,"36,987,553"
 الشرقية,الدمام,القطاع الخاص,خدمة إلكترونية جزئيا,2026/05/19,"36,993,218"
 مكة المكرمه,مكة المكرمة,القطاع الخاص,خدمة إلكترونية جزئيا,2026/05/19,"36,988,349"
 مكة المكرمه,مكة المكرمة,القطاع الخاص,خدمة إلكترونية جزئيا,2026/05/19,"36,987,133"
 تبوك,تبوك,القطاع الخاص,خدمة إلكترونية جزئيا,2026/05/19,"36,983,754"
 الرياض,الرياض,القطاع الخاص,خدمة إلكترونية جزئيا,2026/05/19,"36,995,837"
 الشرقية,الدمام,القطاع الخاص,خدمة إلكترونية جزئيا,2026/05/19,"36,994,918"
 الرياض,الرياض,القطاع الخاص,خدمة إلكترونية جزئيا,2026/05/19,"36,994,324"
 الرياض,الرياض,القطاع الخاص,خدمة إلكترونية جزئيا,2026/05/19,"36,984,315"
 حائل,حائل,القطاع الخاص,خدمة إلكترونية جزئيا,2026/05/19,"36,985,441"
 الشرقية,الدمام,القطاع الخاص,خدمة إلكترونية جزئيا,2026/05/19,"36,988,669"
 المدينة المنوره,المدينة المنورة,القطاع الخاص,خدمة إلكترونية جزئيا,2026/05/19,"36,990,131"
 الرياض,شقراء,القطاع الخاص,خدمة إلكترونية جزئيا,2026/05/19,"37,001,531"
الخدمات الرقمية,عام,القطاع العام,خدمة إلكترونية,2026/05/19,"37,001,243"
الخدمات الرقمية,عام,القطاع العام,خدمة إلكترونية,2026/05/19,"37,001,200"
الخدمات الرقمية,عام,القطاع العام,خدمة إلكترونية,2026/05/19,"37,001,212"
الخدمات الرقمية,عام,القطاع العام,خدمة إلكترونية,2026/05/19,"37,002,400"
الخدمات الرقمية,عام,القطاع العام,خدمة إلكترونية,2026/05/19,"37,001,952"
الخدمات الرقمية,عام,القطاع العام,خدمة إلكترونية,2026/05/19,"36,986,550"
الخدمات الرقمية,عام,القطاع العام,خدمة إلكترونية,2026/05/19,"36,988,932"
الخدمات الرقمية,عام,القطاع العام,خدمة إلكترونية,2026/05/19,"36,990,305"
الخدمات الرقمية,عام,القطاع العام,خدمة إلكترونية,2026/05/19,"36,990,870"
الخدمات الرقمية,عام,القطاع العام,خدمة إلكترونية,2026/05/19,"36,995,441"
الخدمات الرقمية,عام,القطاع العام,خدمة إلكترونية,2026/05/19,"36,995,608"
الخدمات الرقمية,عام,القطاع العام,خدمة إلكترونية,2026/05/19,"36,995,640"
الخدمات الرقمية,عام,القطاع العام,خدمة إلكترونية,2026/05/19,"36,995,681"
الخدمات الرقمية,عام,القطاع العام,خدمة إلكترونية,2026/05/19,"36,995,722"
الخدمات الرقمية,عام,القطاع العام,خدمة إلكترونية,2026/05/19,"36,995,805"
الخدمات الرقمية,عام,القطاع العام,خدمة إلكترونية,2026/05/19,"36,996,056"
الخدمات الرقمية,عام,القطاع العام,خدمة إلكترونية,2026/05/19,"36,985,813"
الخدمات الرقمية,عام,القطاع العام,خدمة إلكترونية,2026/05/19,"36,996,319"
الخدمات الرقمية,عام,القطاع العام,خدمة إلكترونية,2026/05/19,"36,995,920"
الخدمات الرقمية,عام,القطاع العام,خدمة إلكترونية,2026/05/19,"36,995,758"
الخدمات الرقمية,عام,القطاع العام,خدمة إلكترونية,2026/05/19,"36,996,146"
الخدمات الرقمية,عام,القطاع العام,خدمة إلكترونية,2026/05/19,"36,988,113"
الخدمات الرقمية,عام,القطاع العام,خدمة إلكترونية,2026/05/19,"36,984,453"
الخدمات الرقمية,عام,القطاع العام,خدمة إلكترونية,2026/05/19,"36,983,976"
الخدمات الرقمية,عام,القطاع العام,خدمة إلكترونية,2026/05/19,"36,995,704"
الخدمات الرقمية,عام,القطاع العام,خدمة إلكترونية,2026/05/19,"36,995,874"
الخدمات الرقمية,عام,القطاع العام,خدمة إلكترونية,2026/05/19,"36,990,180"
الخدمات الرقمية,عام,القطاع العام,خدمة إلكترونية,2026/05/19,"36,984,553"
الخدمات الرقمية,عام,القطاع العام,خدمة إلكترونية,2026/05/19,"36,984,316"
الخدمات الرقمية,عام,القطاع العام,خدمة إلكترونية,2026/05/19,"36,995,949"
الخدمات الرقمية,عام,القطاع العام,خدمة إلكترونية,2026/05/19,"36,987,631"
الخدمات الرقمية,عام,القطاع العام,خدمة إلكترونية,2026/05/19,"36,980,898"
الخدمات الرقمية,عام,القطاع العام,خدمة إلكترونية,2026/05/19,"36,989,423"
الخدمات الرقمية,عام,القطاع العام,خدمة إلكترونية,2026/05/19,"36,996,023"
الخدمات الرقمية,عام,القطاع العام,خدمة إلكترونية,2026/05/19,"36,989,537"
الخدمات الرقمية,عام,القطاع العام,خدمة إلكترونية,2026/05/19,"36,979,418"
الخدمات الرقمية,عام,القطاع العام,خدمة إلكترونية,2026/05/19,"36,983,003"
الخدمات الرقمية,عام,القطاع العام,خدمة إلكترونية,2026/05/19,"36,987,572"
الخدمات الرقمية,عام,القطاع العام,خدمة إلكترونية,2026/05/19,"36,987,770"
الخدمات الرقمية,عام,القطاع العام,خدمة إلكترونية,2026/05/19,"36,995,526"
الخدمات الرقمية,عام,القطاع العام,خدمة إلكترونية,2026/05/19,"36,983,669"
الخدمات الرقمية,عام,القطاع العام,خدمة إلكترونية,2026/05/19,"36,983,817"
الخدمات الرقمية,عام,القطاع العام,خدمة إلكترونية,2026/05/19,"36,985,031"
الخدمات الرقمية,عام,القطاع العام,خدمة إلكترونية,2026/05/19,"36,985,907"
الخدمات الرقمية,عام,القطاع العام,خدمة إلكترونية,2026/05/19,"36,995,567"
الخدمات الرقمية,عام,القطاع العام,خدمة إلكترونية,2026/05/19,"36,981,499"
الخدمات الرقمية,عام,القطاع العام,خدمة إلكترونية,2026/05/19,"36,995,830"
الخدمات الرقمية,عام,القطاع العام,خدمة إلكترونية,2026/05/19,"36,982,981"
الخدمات الرقمية,عام,القطاع العام,خدمة إلكترونية,2026/05/19,"36,990,243"
الخدمات الرقمية,عام,القطاع العام,خدمة إلكترونية,2026/05/19,"36,984,012"
الخدمات الرقمية,عام,القطاع العام,خدمة إلكترونية,2026/05/19,"36,993,976"
الخدمات الرقمية,عام,القطاع العام,خدمة إلكترونية,2026/05/19,"36,986,379"
الخدمات الرقمية,عام,القطاع العام,خدمة إلكترونية,2026/05/19,"36,990,073"
الخدمات الرقمية,عام,القطاع العام,خدمة إلكترونية,2026/05/19,"36,984,917"
الخدمات الرقمية,عام,القطاع العام,خدمة إلكترونية,2026/05/19,"36,995,985"
الخدمات الرقمية,عام,القطاع العام,خدمة إلكترونية,2026/05/19,"36,995,224"
الخدمات الرقمية,عام,القطاع العام,خدمة إلكترونية,2026/05/19,"36,989,345"
الخدمات الرقمية,عام,القطاع العام,خدمة إلكترونية,2026/05/19,"36,996,068"
الخدمات الرقمية,عام,القطاع العام,خدمة إلكترونية,2026/05/19,"36,990,114"
الخدمات الرقمية,عام,القطاع العام,خدمة إلكترونية,2026/05/19,"36,996,472"
الخدمات الرقمية,عام,القطاع العام,خدمة إلكترونية,2026/05/19,"36,995,813"
الخدمات الرقمية,عام,القطاع العام,خدمة إلكترونية,2026/05/19,"36,987,928"
الخدمات الرقمية,عام,القطاع العام,خدمة إلكترونية,2026/05/19,"37,000,745"
الخدمات الرقمية,عام,القطاع العام,خدمة إلكترونية,2026/05/19,"37,002,249"
الخدمات الرقمية,عام,القطاع العام,خدمة إلكترونية,2026/05/19,"36,986,805"
الخدمات الرقمية,عام,القطاع العام,خدمة إلكترونية,2026/05/19,"36,989,522"
الخدمات الرقمية,عام,القطاع العام,خدمة إلكترونية,2026/05/19,"36,990,465"
الخدمات الرقمية,عام,القطاع العام,خدمة إلكترونية,2026/05/19,"36,983,027"
الخدمات الرقمية,عام,القطاع العام,خدمة إلكترونية,2026/05/19,"36,986,913"
الخدمات الرقمية,عام,القطاع العام,خدمة إلكترونية,2026/05/19,"36,989,564"
الخدمات الرقمية,عام,القطاع العام,خدمة إلكترونية,2026/05/19,"36,991,405"
الخدمات الرقمية,عام,القطاع العام,خدمة إلكترونية,2026/05/19,"36,984,115"
الخدمات الرقمية,عام,القطاع العام,خدمة إلكترونية,2026/05/19,"36,998,307"
الخدمات الرقمية,عام,القطاع العام,خدمة إلكترونية,2026/05/19,"36,978,583"
الخدمات الرقمية,عام,القطاع العام,خدمة إلكترونية,2026/05/19,"36,986,194"
الخدمات الرقمية,عام,القطاع العام,خدمة إلكترونية,2026/05/19,"36,989,731"
الخدمات الرقمية,عام,القطاع العام,خدمة إلكترونية,2026/05/19,"36,996,962"
الخدمات الرقمية,عام,القطاع العام,خدمة إلكترونية,2026/05/19,"36,991,780"
الخدمات الرقمية,عام,القطاع العام,خدمة إلكترونية,2026/05/19,"36,990,730"
الخدمات الرقمية,عام,القطاع العام,خدمة إلكترونية,2026/05/19,"36,989,174"
الخدمات الرقمية,عام,القطاع العام,خدمة إلكترونية,2026/05/19,"36,995,865"
الخدمات الرقمية,عام,القطاع العام,خدمة إلكترونية,2026/05/19,"36,987,709"
الخدمات الرقمية,عام,القطاع العام,خدمة إلكترونية,2026/05/19,"37,003,318"
 المدينة المنوره,المدينة المنورة,القطاع الخاص,خدمة إلكترونية جزئيا,2026/05/20,"37,011,884"
 المدينة المنوره,المدينة المنورة,القطاع الخاص,خدمة إلكترونية جزئيا,2026/05/20,"37,017,492"
 المدينة المنوره,المدينة المنورة,القطاع الخاص,خدمة إلكترونية جزئيا,2026/05/20,"37,012,304"
 المدينة المنوره,المدينة المنورة,القطاع الخاص,خدمة إلكترونية جزئيا,2026/05/20,"37,011,527"
 المدينة المنوره,المدينة المنورة,القطاع الخاص,خدمة إلكترونية جزئيا,2026/05/20,"37,012,951"
 الشرقية,الدمام,القطاع الخاص,خدمة إلكترونية جزئيا,2026/05/20,"37,017,934"
 الشرقية,الدمام,القطاع الخاص,خدمة إلكترونية جزئيا,2026/05/20,"37,012,757"
 تبوك,تيماء,القطاع الخاص,خدمة إلكترونية جزئيا,2026/05/20,"37,028,860"
 القصيم,بريده,القطاع الخاص,خدمة إلكترونية جزئيا,2026/05/20,"37,023,261"
 القصيم,بريده,القطاع الخاص,خدمة إلكترونية جزئيا,2026/05/20,"37,023,076"
 القصيم,بريده,القطاع الخاص,خدمة إلكترونية جزئيا,2026/05/20,"37,022,962"
 القصيم,بريده,القطاع الخاص,خدمة إلكترونية جزئيا,2026/05/20,"37,022,430"
 القصيم,بريده,القطاع الخاص,خدمة إلكترونية جزئيا,2026/05/20,"37,021,986"
 القصيم,بريده,القطاع الخاص,خدمة إلكترونية جزئيا,2026/05/20,"37,022,778"
 القصيم,بريده,القطاع الخاص,خدمة إلكترونية جزئيا,2026/05/20,"37,023,177"
 القصيم,بريده,القطاع الخاص,خدمة إلكترونية جزئيا,2026/05/20,"37,022,969"
 القصيم,بريده,القطاع الخاص,خدمة إلكترونية جزئيا,2026/05/20,"37,021,707"
 القصيم,بريده,القطاع الخاص,خدمة إلكترونية جزئيا,2026/05/20,"37,019,551"
 القصيم,بريده,القطاع الخاص,خدمة إلكترونية جزئيا,2026/05/20,"37,020,212"
 مكة المكرمه,جده,القطاع الخاص,خدمة إلكترونية جزئيا,2026/05/20,"37,019,481"
 الشرقية,الدمام,القطاع الخاص,خدمة إلكترونية جزئيا,2026/05/20,"37,017,933"
 الشرقية,الدمام,القطاع الخاص,خدمة إلكترونية جزئيا,2026/05/20,"37,019,827"
 الشرقية,الدمام,القطاع الخاص,خدمة إلكترونية جزئيا,2026/05/20,"37,017,526"
 الشرقية,الدمام,القطاع الخاص,خدمة إلكترونية جزئيا,2026/05/20,"37,019,918"
 الشرقية,الدمام,القطاع الخاص,خدمة إلكترونية جزئيا,2026/05/20,"37,016,863"
 الشرقية,الدمام,القطاع الخاص,خدمة إلكترونية جزئيا,2026/05/20,"37,019,643"
 مكة المكرمه,مكة المكرمة,القطاع الخاص,خدمة إلكترونية جزئيا,2026/05/20,"37,021,293"
 مكة المكرمه,مكة المكرمة,القطاع الخاص,خدمة إلكترونية جزئيا,2026/05/20,"37,017,558"
 مكة المكرمه,مكة المكرمة,القطاع الخاص,خدمة إلكترونية جزئيا,2026/05/20,"37,018,173"
 مكة المكرمه,مكة المكرمة,القطاع الخاص,خدمة إلكترونية جزئيا,2026/05/20,"37,012,911"
 مكة المكرمه,مكة المكرمة,القطاع الخاص,خدمة إلكترونية جزئيا,2026/05/20,"37,020,226"
 مكة المكرمه,مكة المكرمة,القطاع الخاص,خدمة إلكترونية جزئيا,2026/05/20,"37,018,536"
 مكة المكرمه,مكة المكرمة,القطاع الخاص,خدمة إلكترونية جزئيا,2026/05/20,"37,018,285"
 مكة المكرمه,مكة المكرمة,القطاع الخاص,خدمة إلكترونية جزئيا,2026/05/20,"37,027,244"
 مكة المكرمه,مكة المكرمة,القطاع الخاص,خدمة إلكترونية جزئيا,2026/05/20,"37,003,660"
 الرياض,الرياض,القطاع الخاص,خدمة إلكترونية جزئيا,2026/05/20,"37,018,430"
 الرياض,الرياض,القطاع الخاص,خدمة إلكترونية جزئيا,2026/05/20,"37,026,855"
 الرياض,الرياض,القطاع الخاص,خدمة إلكترونية جزئيا,2026/05/20,"37,011,900"
 الرياض,الرياض,القطاع الخاص,خدمة إلكترونية جزئيا,2026/05/20,"37,020,327"
 الرياض,الرياض,القطاع الخاص,خدمة إلكترونية جزئيا,2026/05/20,"37,011,614"
الخدمات الرقمية,عام,القطاع العام,خدمة إلكترونية,2026/05/20,"37,019,518"
 القصيم,بريده,القطاع الخاص,خدمة إلكترونية جزئيا,2026/05/20,"37,020,264"
 القصيم,بريده,القطاع الخاص,خدمة إلكترونية جزئيا,2026/05/20,"37,017,980"
 مكة المكرمه,مكة المكرمة,القطاع الخاص,خدمة إلكترونية جزئيا,2026/05/20,"37,013,012"
 مكة المكرمه,مكة المكرمة,القطاع الخاص,خدمة إلكترونية جزئيا,2026/05/20,"37,018,563"
 مكة المكرمه,مكة المكرمة,القطاع الخاص,خدمة إلكترونية جزئيا,2026/05/20,"37,021,472"
 مكة المكرمه,مكة المكرمة,القطاع الخاص,خدمة إلكترونية جزئيا,2026/05/20,"37,003,674"
 الرياض,الرياض,القطاع الخاص,خدمة إلكترونية جزئيا,2026/05/20,"37,011,981"
 مكة المكرمه,مكة المكرمة,القطاع الخاص,خدمة إلكترونية جزئيا,2026/05/20,"37,017,923"
 مكة المكرمه,مكة المكرمة,القطاع الخاص,خدمة إلكترونية جزئيا,2026/05/20,"37,017,609"
 مكة المكرمه,مكة المكرمة,القطاع الخاص,خدمة إلكترونية جزئيا,2026/05/20,"37,020,277"
 الشرقية,حفر الباطن,القطاع الخاص,خدمة إلكترونية جزئيا,2026/05/20,"37,015,623"
 الرياض,الرياض,القطاع الخاص,خدمة إلكترونية جزئيا,2026/05/20,"37,020,444"
 الشرقية,الدمام,القطاع الخاص,خدمة إلكترونية جزئيا,2026/05/20,"37,017,638"
 الشرقية,الدمام,القطاع الخاص,خدمة إلكترونية جزئيا,2026/05/20,"37,019,963"
 الشرقية,الدمام,القطاع الخاص,خدمة إلكترونية جزئيا,2026/05/20,"37,017,004"
 الشرقية,الدمام,القطاع الخاص,خدمة إلكترونية جزئيا,2026/05/20,"37,018,009"
 مكة المكرمه,جده,القطاع الخاص,خدمة إلكترونية جزئيا,2026/05/20,"37,010,748"
 الرياض,الرياض,القطاع الخاص,خدمة إلكترونية جزئيا,2026/05/20,"37,011,710"
 المدينة المنوره,المدينة المنورة,القطاع الخاص,خدمة إلكترونية جزئيا,2026/05/20,"37,013,148"
 المدينة المنوره,المدينة المنورة,القطاع الخاص,خدمة إلكترونية جزئيا,2026/05/20,"37,012,396"
 المدينة المنوره,المدينة المنورة,القطاع الخاص,خدمة إلكترونية جزئيا,2026/05/20,"37,017,589"
 مكة المكرمه,مكة المكرمة,القطاع الخاص,خدمة إلكترونية جزئيا,2026/05/20,"37,027,385"
 القصيم,بريده,القطاع الخاص,خدمة إلكترونية جزئيا,2026/05/20,"37,023,300"
 الشرقية,الدمام,القطاع الخاص,خدمة إلكترونية جزئيا,2026/05/20,"37,018,352"
 الرياض,الرياض,القطاع الخاص,خدمة إلكترونية جزئيا,2026/05/20,"37,027,007"
 تبوك,تيماء,القطاع الخاص,خدمة إلكترونية جزئيا,2026/05/20,"37,028,871"
 مكة المكرمه,جده,القطاع الخاص,خدمة إلكترونية جزئيا,2026/05/20,"37,026,234"
 مكة المكرمه,جده,القطاع الخاص,خدمة إلكترونية جزئيا,2026/05/20,"37,026,641"
الخدمات الرقمية,عام,القطاع العام,خدمة إلكترونية,2026/05/20,"37,013,068"
الخدمات الرقمية,عام,القطاع العام,خدمة إلكترونية,2026/05/20,"37,017,073"
الخدمات الرقمية,عام,القطاع العام,خدمة إلكترونية,2026/05/20,"37,013,225"
الخدمات الرقمية,عام,القطاع العام,خدمة إلكترونية,2026/05/20,"37,018,959"
الخدمات الرقمية,عام,القطاع العام,خدمة إلكترونية,2026/05/20,"37,010,671"
الخدمات الرقمية,عام,القطاع العام,خدمة إلكترونية,2026/05/20,"37,018,751"
الخدمات الرقمية,عام,القطاع العام,خدمة إلكترونية,2026/05/20,"37,012,301"
الخدمات الرقمية,عام,القطاع العام,خدمة إلكترونية,2026/05/20,"37,013,077"
الخدمات الرقمية,عام,القطاع العام,خدمة إلكترونية,2026/05/20,"37,019,552"
الخدمات الرقمية,عام,القطاع العام,خدمة إلكترونية,2026/05/20,"37,008,267"
الخدمات الرقمية,عام,القطاع العام,خدمة إلكترونية,2026/05/20,"37,019,649"
الخدمات الرقمية,عام,القطاع العام,خدمة إلكترونية,2026/05/20,"37,008,560"
الخدمات الرقمية,عام,القطاع العام,خدمة إلكترونية,2026/05/20,"37,021,650"
الخدمات الرقمية,عام,القطاع العام,خدمة إلكترونية,2026/05/20,"37,021,892"
الخدمات الرقمية,عام,القطاع العام,خدمة إلكترونية,2026/05/20,"37,013,263"
الخدمات الرقمية,عام,القطاع العام,خدمة إلكترونية,2026/05/20,"37,017,588"
الخدمات الرقمية,عام,القطاع العام,خدمة إلكترونية,2026/05/20,"37,013,565"
الخدمات الرقمية,عام,القطاع العام,خدمة إلكترونية,2026/05/20,"37,016,176"
الخدمات الرقمية,عام,القطاع العام,خدمة إلكترونية,2026/05/20,"37,007,812"
الخدمات الرقمية,عام,القطاع العام,خدمة إلكترونية,2026/05/20,"37,018,418"
الخدمات الرقمية,عام,القطاع العام,خدمة إلكترونية,2026/05/20,"37,017,428"
الخدمات الرقمية,عام,القطاع العام,خدمة إلكترونية,2026/05/20,"37,012,419"
الخدمات الرقمية,عام,القطاع العام,خدمة إلكترونية,2026/05/20,"37,017,146"
الخدمات الرقمية,عام,القطاع العام,خدمة إلكترونية,2026/05/20,"37,021,011"
الخدمات الرقمية,عام,القطاع العام,خدمة إلكترونية,2026/05/20,"37,012,154"
الخدمات الرقمية,عام,القطاع العام,خدمة إلكترونية,2026/05/20,"37,019,195"
الخدمات الرقمية,عام,القطاع العام,خدمة إلكترونية,2026/05/20,"37,020,272"
الخدمات الرقمية,عام,القطاع العام,خدمة إلكترونية,2026/05/20,"37,016,900"
الخدمات الرقمية,عام,القطاع العام,خدمة إلكترونية,2026/05/20,"37,015,268"
الخدمات الرقمية,عام,القطاع العام,خدمة إلكترونية,2026/05/20,"37,013,126"
الخدمات الرقمية,عام,القطاع العام,خدمة إلكترونية,2026/05/20,"37,019,212"
الخدمات الرقمية,عام,القطاع العام,خدمة إلكترونية,2026/05/20,"37,014,035"
الخدمات الرقمية,عام,القطاع العام,خدمة إلكترونية,2026/05/20,"37,012,125"
الخدمات الرقمية,عام,القطاع العام,خدمة إلكترونية,2026/05/20,"37,011,463"
الخدمات الرقمية,عام,القطاع العام,خدمة إلكترونية,2026/05/20,"37,011,975"
الخدمات الرقمية,عام,القطاع العام,خدمة إلكترونية,2026/05/20,"37,020,193"
الخدمات الرقمية,عام,القطاع العام,خدمة إلكترونية,2026/05/20,"37,019,836"
الخدمات الرقمية,عام,القطاع العام,خدمة إلكترونية,2026/05/20,"37,018,012"
الخدمات الرقمية,عام,القطاع العام,خدمة إلكترونية,2026/05/20,"37,012,433"
الخدمات الرقمية,عام,القطاع العام,خدمة إلكترونية,2026/05/20,"37,023,942"
الخدمات الرقمية,عام,القطاع العام,خدمة إلكترونية,2026/05/20,"37,023,877"
الخدمات الرقمية,عام,القطاع العام,خدمة إلكترونية,2026/05/20,"37,023,898"
الخدمات الرقمية,عام,القطاع العام,خدمة إلكترونية,2026/05/20,"37,022,205"
الخدمات الرقمية,عام,القطاع العام,خدمة إلكترونية,2026/05/20,"37,023,854"
الخدمات الرقمية,عام,القطاع العام,خدمة إلكترونية,2026/05/20,"37,022,963"
الخدمات الرقمية,عام,القطاع العام,خدمة إلكترونية,2026/05/20,"37,022,243"
الخدمات الرقمية,عام,القطاع العام,خدمة إلكترونية,2026/05/20,"37,022,180"
الخدمات الرقمية,عام,القطاع العام,خدمة إلكترونية,2026/05/20,"37,023,914"
الخدمات الرقمية,عام,القطاع العام,خدمة إلكترونية,2026/05/20,"37,023,769"
الخدمات الرقمية,عام,القطاع العام,خدمة إلكترونية,2026/05/20,"37,018,883"
الخدمات الرقمية,عام,القطاع العام,خدمة إلكترونية,2026/05/20,"37,015,286"
الخدمات الرقمية,عام,القطاع العام,خدمة إلكترونية,2026/05/20,"37,015,658"
الخدمات الرقمية,عام,القطاع العام,خدمة إلكترونية,2026/05/20,"37,019,763"
الخدمات الرقمية,عام,القطاع العام,خدمة إلكترونية,2026/05/20,"37,020,269"
الخدمات الرقمية,عام,القطاع العام,خدمة إلكترونية,2026/05/20,"37,020,317"
الخدمات الرقمية,عام,القطاع العام,خدمة إلكترونية,2026/05/20,"37,012,091"
الخدمات الرقمية,عام,القطاع العام,خدمة إلكترونية,2026/05/20,"37,015,897"
الخدمات الرقمية,عام,القطاع العام,خدمة إلكترونية,2026/05/20,"37,019,290"
الخدمات الرقمية,عام,القطاع العام,خدمة إلكترونية,2026/05/20,"37,018,781"
الخدمات الرقمية,عام,القطاع العام,خدمة إلكترونية,2026/05/20,"37,010,766"
الخدمات الرقمية,عام,القطاع العام,خدمة إلكترونية,2026/05/20,"37,020,059"
الخدمات الرقمية,عام,القطاع العام,خدمة إلكترونية,2026/05/20,"37,020,239"
الخدمات الرقمية,عام,القطاع العام,خدمة إلكترونية,2026/05/20,"37,018,867"
الخدمات الرقمية,عام,القطاع العام,خدمة إلكترونية,2026/05/20,"37,019,156"
الخدمات الرقمية,عام,القطاع العام,خدمة إلكترونية,2026/05/20,"37,020,819"
الخدمات الرقمية,عام,القطاع العام,خدمة إلكترونية,2026/05/20,"37,016,683"
الخدمات الرقمية,عام,القطاع العام,خدمة إلكترونية,2026/05/20,"37,019,242"
الخدمات الرقمية,عام,القطاع العام,خدمة إلكترونية,2026/05/20,"37,010,698"
الخدمات الرقمية,عام,القطاع العام,خدمة إلكترونية,2026/05/20,"37,021,158"
الخدمات الرقمية,عام,القطاع العام,خدمة إلكترونية,2026/05/20,"37,019,844"
الخدمات الرقمية,عام,القطاع العام,خدمة إلكترونية,2026/05/20,"37,023,724"
الخدمات الرقمية,عام,القطاع العام,خدمة إلكترونية,2026/05/20,"37,022,171"
الخدمات الرقمية,عام,القطاع العام,خدمة إلكترونية,2026/05/20,"37,022,104"
الخدمات الرقمية,عام,القطاع العام,خدمة إلكترونية,2026/05/20,"37,021,993"
الخدمات الرقمية,عام,القطاع العام,خدمة إلكترونية,2026/05/20,"37,029,677"
الخدمات الرقمية,عام,القطاع العام,خدمة إلكترونية,2026/05/20,"37,019,905"
الخدمات الرقمية,عام,القطاع العام,خدمة إلكترونية,2026/05/20,"37,016,270"
الخدمات الرقمية,عام,القطاع العام,خدمة إلكترونية,2026/05/20,"37,016,587"
الخدمات الرقمية,عام,القطاع العام,خدمة إلكترونية,2026/05/20,"37,015,594"
 الرياض,الخرج,القطاع الخاص,خدمة إلكترونية جزئيا,2026/05/21,"37,055,081"
 عسير,بيشه,القطاع الخاص,خدمة إلكترونية جزئيا,2026/05/21,"37,054,887"
 الشرقية,الدمام,القطاع الخاص,خدمة إلكترونية جزئيا,2026/05/21,"37,044,005"
 مكة المكرمه,الطائف,القطاع الخاص,خدمة إلكترونية جزئيا,2026/05/21,"37,050,254"
 عسير,ابها,القطاع الخاص,خدمة إلكترونية جزئيا,2026/05/21,"37,041,473"
 عسير,ابها,القطاع الخاص,خدمة إلكترونية جزئيا,2026/05/21,"37,044,406"
 عسير,ابها,القطاع الخاص,خدمة إلكترونية جزئيا,2026/05/21,"37,038,040"
 عسير,ابها,القطاع الخاص,خدمة إلكترونية جزئيا,2026/05/21,"37,037,941"
 مكة المكرمه,مكة المكرمة,القطاع الخاص,خدمة إلكترونية جزئيا,2026/05/21,"37,039,097"
 الرياض,الرياض,القطاع الخاص,خدمة إلكترونية جزئيا,2026/05/21,"37,044,928"
 الرياض,الرياض,القطاع الخاص,خدمة إلكترونية جزئيا,2026/05/21,"37,038,863"
 الرياض,الرياض,القطاع الخاص,خدمة إلكترونية جزئيا,2026/05/21,"37,047,446"
 الرياض,الرياض,القطاع الخاص,خدمة إلكترونية جزئيا,2026/05/21,"37,047,149"
 الرياض,الرياض,القطاع الخاص,خدمة إلكترونية جزئيا,2026/05/21,"37,046,705"
 الرياض,الرياض,القطاع الخاص,خدمة إلكترونية جزئيا,2026/05/21,"37,055,619"
 الرياض,الرياض,القطاع الخاص,خدمة إلكترونية جزئيا,2026/05/21,"37,045,226"
 الرياض,الرياض,القطاع الخاص,خدمة إلكترونية جزئيا,2026/05/21,"37,038,141"
 الرياض,الرياض,القطاع الخاص,خدمة إلكترونية جزئيا,2026/05/21,"37,038,405"
 الرياض,الرياض,القطاع الخاص,خدمة إلكترونية جزئيا,2026/05/21,"37,038,480"
 مكة المكرمه,مكة المكرمة,القطاع الخاص,خدمة إلكترونية جزئيا,2026/05/21,"37,039,207"
 عسير,بيشه,القطاع الخاص,خدمة إلكترونية جزئيا,2026/05/21,"37,054,972"
 عسير,ابها,القطاع الخاص,خدمة إلكترونية جزئيا,2026/05/21,"37,044,583"
 الرياض,الخرج,القطاع الخاص,خدمة إلكترونية جزئيا,2026/05/21,"37,055,213"
 الرياض,الرياض,القطاع الخاص,خدمة إلكترونية جزئيا,2026/05/21,"37,038,948"
 الرياض,الرياض,القطاع الخاص,خدمة إلكترونية جزئيا,2026/05/21,"37,055,761"
 عسير,ابها,القطاع الخاص,خدمة إلكترونية جزئيا,2026/05/21,"37,038,048"
 عسير,ابها,القطاع الخاص,خدمة إلكترونية جزئيا,2026/05/21,"37,038,084"
 عسير,ابها,القطاع الخاص,خدمة إلكترونية جزئيا,2026/05/21,"37,041,585"
 مكة المكرمه,جده,القطاع الخاص,خدمة إلكترونية جزئيا,2026/05/21,"37,038,541"
 الرياض,شقراء,القطاع الخاص,خدمة إلكترونية جزئيا,2026/05/21,"37,041,555"
 الرياض,الرياض,القطاع الخاص,خدمة إلكترونية جزئيا,2026/05/21,"37,047,320"
 الرياض,الرياض,القطاع الخاص,خدمة إلكترونية جزئيا,2026/05/21,"37,047,685"
 الرياض,الرياض,القطاع الخاص,خدمة إلكترونية جزئيا,2026/05/21,"37,039,719"
 الرياض,الرياض,القطاع الخاص,خدمة إلكترونية جزئيا,2026/05/21,"37,045,452"
 مكة المكرمه,جده,القطاع الخاص,خدمة إلكترونية جزئيا,2026/05/21,"37,043,079"
 مكة المكرمه,الطائف,القطاع الخاص,خدمة إلكترونية جزئيا,2026/05/21,"37,050,475"
 الرياض,الرياض,القطاع الخاص,خدمة إلكترونية جزئيا,2026/05/21,"37,045,479"
 الشرقية,الدمام,القطاع الخاص,خدمة إلكترونية جزئيا,2026/05/21,"37,044,294"
 مكة المكرمه,جده,القطاع الخاص,خدمة إلكترونية جزئيا,2026/05/21,"37,038,886"
 الشرقية,حفر الباطن,القطاع الخاص,خدمة إلكترونية جزئيا,2026/05/21,"37,052,549"
 الرياض,الرياض,القطاع الخاص,خدمة إلكترونية جزئيا,2026/05/21,"37,046,874"
الخدمات الرقمية,عام,القطاع العام,خدمة إلكترونية,2026/05/21,"37,049,946"
الخدمات الرقمية,عام,القطاع العام,خدمة إلكترونية,2026/05/21,"37,052,750"
الخدمات الرقمية,عام,القطاع العام,خدمة إلكترونية,2026/05/21,"37,052,416"
الخدمات الرقمية,عام,القطاع العام,خدمة إلكترونية,2026/05/21,"37,055,466"
الخدمات الرقمية,عام,القطاع العام,خدمة إلكترونية,2026/05/21,"37,049,944"
الخدمات الرقمية,عام,القطاع العام,خدمة إلكترونية,2026/05/21,"37,054,658"
الخدمات الرقمية,عام,القطاع العام,خدمة إلكترونية,2026/05/21,"37,049,940"
الخدمات الرقمية,عام,القطاع العام,خدمة إلكترونية,2026/05/21,"37,039,483"
الخدمات الرقمية,عام,القطاع العام,خدمة إلكترونية,2026/05/21,"37,040,141"
الخدمات الرقمية,عام,القطاع العام,خدمة إلكترونية,2026/05/21,"37,045,134"
الخدمات الرقمية,عام,القطاع العام,خدمة إلكترونية,2026/05/21,"37,045,319"
الخدمات الرقمية,عام,القطاع العام,خدمة إلكترونية,2026/05/21,"37,039,943"
الخدمات الرقمية,عام,القطاع العام,خدمة إلكترونية,2026/05/21,"37,040,011"
الخدمات الرقمية,عام,القطاع العام,خدمة إلكترونية,2026/05/21,"37,042,966"
الخدمات الرقمية,عام,القطاع العام,خدمة إلكترونية,2026/05/21,"37,042,567"
الخدمات الرقمية,عام,القطاع العام,خدمة إلكترونية,2026/05/21,"37,042,659"
الخدمات الرقمية,عام,القطاع العام,خدمة إلكترونية,2026/05/21,"37,036,373"
الخدمات الرقمية,عام,القطاع العام,خدمة إلكترونية,2026/05/21,"37,043,195"
الخدمات الرقمية,عام,القطاع العام,خدمة إلكترونية,2026/05/21,"37,046,219"
الخدمات الرقمية,عام,القطاع العام,خدمة إلكترونية,2026/05/21,"37,045,214"
الخدمات الرقمية,عام,القطاع العام,خدمة إلكترونية,2026/05/21,"37,039,232"
الخدمات الرقمية,عام,القطاع العام,خدمة إلكترونية,2026/05/21,"37,040,970"
الخدمات الرقمية,عام,القطاع العام,خدمة إلكترونية,2026/05/21,"37,043,046"
الخدمات الرقمية,عام,القطاع العام,خدمة إلكترونية,2026/05/21,"37,041,116"
الخدمات الرقمية,عام,القطاع العام,خدمة إلكترونية,2026/05/21,"37,046,370"
الخدمات الرقمية,عام,القطاع العام,خدمة إلكترونية,2026/05/21,"37,046,361"
الخدمات الرقمية,عام,القطاع العام,خدمة إلكترونية,2026/05/21,"37,041,994"
الخدمات الرقمية,عام,القطاع العام,خدمة إلكترونية,2026/05/21,"37,045,445"
الخدمات الرقمية,عام,القطاع العام,خدمة إلكترونية,2026/05/21,"37,031,377"
الخدمات الرقمية,عام,القطاع العام,خدمة إلكترونية,2026/05/21,"37,045,969"
الخدمات الرقمية,عام,القطاع العام,خدمة إلكترونية,2026/05/21,"37,045,473"
الخدمات الرقمية,عام,القطاع العام,خدمة إلكترونية,2026/05/21,"37,036,853"
الخدمات الرقمية,عام,القطاع العام,خدمة إلكترونية,2026/05/21,"37,046,097"
الخدمات الرقمية,عام,القطاع العام,خدمة إلكترونية,2026/05/21,"37,046,201"
الخدمات الرقمية,عام,القطاع العام,خدمة إلكترونية,2026/05/21,"37,047,127"
الخدمات الرقمية,عام,القطاع العام,خدمة إلكترونية,2026/05/21,"37,044,237"
الخدمات الرقمية,عام,القطاع العام,خدمة إلكترونية,2026/05/21,"37,046,454"
الخدمات الرقمية,عام,القطاع العام,خدمة إلكترونية,2026/05/21,"37,043,795"
الخدمات الرقمية,عام,القطاع العام,خدمة إلكترونية,2026/05/21,"37,045,305"
الخدمات الرقمية,عام,القطاع العام,خدمة إلكترونية,2026/05/21,"37,045,512"
الخدمات الرقمية,عام,القطاع العام,خدمة إلكترونية,2026/05/21,"37,042,277"
الخدمات الرقمية,عام,القطاع العام,خدمة إلكترونية,2026/05/21,"37,046,324"
الخدمات الرقمية,عام,القطاع العام,خدمة إلكترونية,2026/05/21,"37,040,025"
الخدمات الرقمية,عام,القطاع العام,خدمة إلكترونية,2026/05/21,"37,045,959"
الخدمات الرقمية,عام,القطاع العام,خدمة إلكترونية,2026/05/21,"37,039,977"
الخدمات الرقمية,عام,القطاع العام,خدمة إلكترونية,2026/05/21,"37,038,940"
الخدمات الرقمية,عام,القطاع العام,خدمة إلكترونية,2026/05/21,"37,045,289"
الخدمات الرقمية,عام,القطاع العام,خدمة إلكترونية,2026/05/21,"37,045,388"
الخدمات الرقمية,عام,القطاع العام,خدمة إلكترونية,2026/05/21,"37,045,556"
الخدمات الرقمية,عام,القطاع العام,خدمة إلكترونية,2026/05/21,"37,045,528"
الخدمات الرقمية,عام,القطاع العام,خدمة إلكترونية,2026/05/21,"37,051,784"
الخدمات الرقمية,عام,القطاع العام,خدمة إلكترونية,2026/05/21,"37,050,251"
الخدمات الرقمية,عام,القطاع العام,خدمة إلكترونية,2026/05/21,"37,049,370"
الخدمات الرقمية,عام,القطاع العام,خدمة إلكترونية,2026/05/21,"37,049,372"
الخدمات الرقمية,عام,القطاع العام,خدمة إلكترونية,2026/05/21,"37,053,780"
الخدمات الرقمية,عام,القطاع العام,خدمة إلكترونية,2026/05/21,"37,050,171"
الخدمات الرقمية,عام,القطاع العام,خدمة إلكترونية,2026/05/21,"37,049,623"
الخدمات الرقمية,عام,القطاع العام,خدمة إلكترونية,2026/05/21,"37,050,661"
الخدمات الرقمية,عام,القطاع العام,خدمة إلكترونية,2026/05/21,"37,051,403"
الخدمات الرقمية,عام,القطاع العام,خدمة إلكترونية,2026/05/21,"37,048,360"
الخدمات الرقمية,عام,القطاع العام,خدمة إلكترونية,2026/05/21,"37,044,522"
الخدمات الرقمية,عام,القطاع العام,خدمة إلكترونية,2026/05/21,"37,043,174"
الخدمات الرقمية,عام,القطاع العام,خدمة إلكترونية,2026/05/21,"37,046,576"
الخدمات الرقمية,عام,القطاع العام,خدمة إلكترونية,2026/05/21,"37,048,031"
الخدمات الرقمية,عام,القطاع العام,خدمة إلكترونية,2026/05/21,"37,043,269"
الخدمات الرقمية,عام,القطاع العام,خدمة إلكترونية,2026/05/21,"37,042,790"
الخدمات الرقمية,عام,القطاع العام,خدمة إلكترونية,2026/05/21,"37,045,276"
الخدمات الرقمية,عام,القطاع العام,خدمة إلكترونية,2026/05/21,"37,048,939"
الخدمات الرقمية,عام,القطاع العام,خدمة إلكترونية,2026/05/21,"37,048,457"
الخدمات الرقمية,عام,القطاع العام,خدمة إلكترونية,2026/05/21,"37,046,329"
الخدمات الرقمية,عام,القطاع العام,خدمة إلكترونية,2026/05/21,"37,047,021"
الخدمات الرقمية,عام,القطاع العام,خدمة إلكترونية,2026/05/21,"37,046,589"
الخدمات الرقمية,عام,القطاع العام,خدمة إلكترونية,2026/05/21,"37,048,985"
الخدمات الرقمية,عام,القطاع العام,خدمة إلكترونية,2026/05/21,"37,048,403"
الخدمات الرقمية,عام,القطاع العام,خدمة إلكترونية,2026/05/21,"37,044,502"
الخدمات الرقمية,عام,القطاع العام,خدمة إلكترونية,2026/05/21,"37,042,973"
الخدمات الرقمية,عام,القطاع العام,خدمة إلكترونية,2026/05/21,"37,039,952"
الخدمات الرقمية,عام,القطاع العام,خدمة إلكترونية,2026/05/21,"37,047,371"
الخدمات الرقمية,عام,القطاع العام,خدمة إلكترونية,2026/05/21,"37,046,392"
الخدمات الرقمية,عام,القطاع العام,خدمة إلكترونية,2026/05/21,"37,046,539"
الخدمات الرقمية,عام,القطاع العام,خدمة إلكترونية,2026/05/21,"37,046,888"
الخدمات الرقمية,عام,القطاع العام,خدمة إلكترونية,2026/05/21,"37,048,863"
الخدمات الرقمية,عام,القطاع العام,خدمة إلكترونية,2026/05/21,"37,048,188"
 الشرقية,حفر الباطن,القطاع الخاص,خدمة إلكترونية جزئيا,2026/05/22,"37,067,451"
 الشرقية,حفر الباطن,القطاع الخاص,خدمة إلكترونية جزئيا,2026/05/22,"37,067,566"
الخدمات الرقمية,عام,القطاع العام,خدمة إلكترونية,2026/05/22,"37,058,254"
الخدمات الرقمية,عام,القطاع العام,خدمة إلكترونية,2026/05/22,"37,058,298"
الخدمات الرقمية,عام,القطاع العام,خدمة إلكترونية,2026/05/22,"37,075,205"
الخدمات الرقمية,عام,القطاع العام,خدمة إلكترونية,2026/05/22,"37,059,036"
 الحدود الشمالية,عرعر,القطاع الخاص,خدمة إلكترونية جزئيا,2026/05/23,"37,089,061"
 الرياض,الرياض,القطاع الخاص,خدمة إلكترونية جزئيا,2026/05/23,"37,083,285"
 الرياض,الرياض,القطاع الخاص,خدمة إلكترونية جزئيا,2026/05/23,"37,083,339"
 الحدود الشمالية,عرعر,القطاع الخاص,خدمة إلكترونية جزئيا,2026/05/23,"37,089,131"
الخدمات الرقمية,عام,القطاع العام,خدمة إلكترونية,2026/05/23,"37,081,070"
الخدمات الرقمية,عام,القطاع العام,خدمة إلكترونية,2026/05/23,"37,077,756"
الخدمات الرقمية,عام,القطاع العام,خدمة إلكترونية,2026/05/23,"37,078,341"
الخدمات الرقمية,عام,القطاع العام,خدمة إلكترونية,2026/05/23,"37,081,621"
الخدمات الرقمية,عام,القطاع العام,خدمة إلكترونية,2026/05/23,"37,087,757"
الخدمات الرقمية,عام,القطاع العام,خدمة إلكترونية,2026/05/23,"37,077,375"
الخدمات الرقمية,عام,القطاع العام,خدمة إلكترونية,2026/05/23,"37,089,493"
الخدمات الرقمية,عام,القطاع العام,خدمة إلكترونية,2026/05/23,"37,087,289"
الخدمات الرقمية,عام,القطاع العام,خدمة إلكترونية,2026/05/23,"37,076,962"
الخدمات الرقمية,عام,القطاع العام,خدمة إلكترونية,2026/05/23,"37,076,766"
الخدمات الرقمية,عام,القطاع العام,خدمة إلكترونية,2026/05/23,"37,076,397"
الخدمات الرقمية,عام,القطاع العام,خدمة إلكترونية,2026/05/23,"37,077,797"
الخدمات الرقمية,عام,القطاع العام,خدمة إلكترونية,2026/05/23,"37,086,050"
الخدمات الرقمية,عام,القطاع العام,خدمة إلكترونية,2026/05/23,"37,077,353"
الخدمات الرقمية,عام,القطاع العام,خدمة إلكترونية,2026/05/23,"37,076,519"
الخدمات الرقمية,عام,القطاع العام,خدمة إلكترونية,2026/05/23,"37,082,969"
الخدمات الرقمية,عام,القطاع العام,خدمة إلكترونية,2026/05/23,"37,082,933"
الخدمات الرقمية,عام,القطاع العام,خدمة إلكترونية,2026/05/23,"37,076,396"
الخدمات الرقمية,عام,القطاع العام,خدمة إلكترونية,2026/05/23,"37,076,624"
 عسير,بيشه,القطاع الخاص,خدمة إلكترونية جزئيا,2026/05/24,"37,103,366"
 عسير,بيشه,القطاع الخاص,خدمة إلكترونية جزئيا,2026/05/24,"37,103,621"
 الشرقية,حفر الباطن,القطاع الخاص,خدمة إلكترونية جزئيا,2026/05/24,"37,105,027"
 الشرقية,حفر الباطن,القطاع الخاص,خدمة إلكترونية جزئيا,2026/05/24,"37,105,142"
 عسير,بيشه,القطاع الخاص,خدمة إلكترونية جزئيا,2026/05/24,"37,103,660"
الخدمات الرقمية,عام,القطاع العام,خدمة إلكترونية,2026/05/24,"37,098,449"
الخدمات الرقمية,عام,القطاع العام,خدمة إلكترونية,2026/05/24,"37,097,533"
الخدمات الرقمية,عام,القطاع العام,خدمة إلكترونية,2026/05/24,"37,098,743"
الخدمات الرقمية,عام,القطاع العام,خدمة إلكترونية,2026/05/24,"37,096,636"
الخدمات الرقمية,عام,القطاع العام,خدمة إلكترونية,2026/05/24,"37,093,307"
الخدمات الرقمية,عام,القطاع العام,خدمة إلكترونية,2026/05/24,"37,095,579"
الخدمات الرقمية,عام,القطاع العام,خدمة إلكترونية,2026/05/24,"37,097,130"
 الشرقية,حفر الباطن,القطاع الخاص,خدمة إلكترونية جزئيا,2026/05/25,"37,119,574"
 مكة المكرمه,الطائف,القطاع الخاص,خدمة إلكترونية جزئيا,2026/05/25,"37,108,285"
 مكة المكرمه,الطائف,القطاع الخاص,خدمة إلكترونية جزئيا,2026/05/25,"37,113,928"
 حائل,حائل,القطاع الخاص,خدمة إلكترونية جزئيا,2026/05/25,"37,112,695"
 الرياض,الرياض,القطاع الخاص,خدمة إلكترونية جزئيا,2026/05/25,"37,119,690"
 الرياض,الرياض,القطاع الخاص,خدمة إلكترونية جزئيا,2026/05/25,"37,119,746"
 مكة المكرمه,الطائف,القطاع الخاص,خدمة إلكترونية جزئيا,2026/05/25,"37,113,972"
 حائل,حائل,القطاع الخاص,خدمة إلكترونية جزئيا,2026/05/25,"37,112,795"
 الرياض,الرياض,القطاع الخاص,خدمة إلكترونية جزئيا,2026/05/25,"37,119,789"
 الرياض,الرياض,القطاع الخاص,خدمة إلكترونية جزئيا,2026/05/25,"37,119,717"
 الشرقية,حفر الباطن,القطاع الخاص,خدمة إلكترونية جزئيا,2026/05/25,"37,119,629"
الخدمات الرقمية,عام,القطاع العام,خدمة إلكترونية,2026/05/25,"37,120,420"
الخدمات الرقمية,عام,القطاع العام,خدمة إلكترونية,2026/05/25,"37,121,368"
الخدمات الرقمية,عام,القطاع العام,خدمة إلكترونية,2026/05/25,"37,121,336"
الخدمات الرقمية,عام,القطاع العام,خدمة إلكترونية,2026/05/25,"37,121,406"
الخدمات الرقمية,عام,القطاع العام,خدمة إلكترونية,2026/05/25,"37,121,413"
الخدمات الرقمية,عام,القطاع العام,خدمة إلكترونية,2026/05/25,"37,121,422"
الخدمات الرقمية,عام,القطاع العام,خدمة إلكترونية,2026/05/25,"37,121,531"
الخدمات الرقمية,عام,القطاع العام,خدمة إلكترونية,2026/05/25,"37,121,485"
الخدمات الرقمية,عام,القطاع العام,خدمة إلكترونية,2026/05/25,"37,121,494"
الخدمات الرقمية,عام,القطاع العام,خدمة إلكترونية,2026/05/25,"37,121,518"
الخدمات الرقمية,عام,القطاع العام,خدمة إلكترونية,2026/05/25,"37,121,524"
الخدمات الرقمية,عام,القطاع العام,خدمة إلكترونية,2026/05/25,"37,121,464"
الخدمات الرقمية,عام,القطاع العام,خدمة إلكترونية,2026/05/25,"37,119,218"
 الحدود الشمالية,عرعر,القطاع الخاص,خدمة إلكترونية جزئيا,2026/05/26,"37,134,133"
 القصيم,بريده,القطاع الخاص,خدمة إلكترونية جزئيا,2026/05/26,"37,133,663"
 القصيم,بريده,القطاع الخاص,خدمة إلكترونية جزئيا,2026/05/26,"37,134,482"
 الحدود الشمالية,عرعر,القطاع الخاص,خدمة إلكترونية جزئيا,2026/05/26,"37,134,420"
 القصيم,بريده,القطاع الخاص,خدمة إلكترونية جزئيا,2026/05/26,"37,134,682"
 القصيم,بريده,القطاع الخاص,خدمة إلكترونية جزئيا,2026/05/27,"37,147,921"
 القصيم,بريده,القطاع الخاص,خدمة إلكترونية جزئيا,2026/05/27,"37,147,989"
 مكة المكرمه,مكة المكرمة,القطاع الخاص,خدمة إلكترونية جزئيا,2026/05/27,"37,136,961"
 مكة المكرمه,مكة المكرمة,القطاع الخاص,خدمة إلكترونية جزئيا,2026/05/27,"37,137,012"
 القصيم,بريده,القطاع الخاص,خدمة إلكترونية جزئيا,2026/05/27,"37,147,930"
 القصيم,بريده,القطاع الخاص,خدمة إلكترونية جزئيا,2026/05/27,"37,148,040"
الخدمات الرقمية,عام,القطاع العام,خدمة إلكترونية,2026/05/28,"37,159,007"
 الحدود الشمالية,عرعر,القطاع الخاص,خدمة إلكترونية جزئيا,2026/05/29,"37,171,618"
 الحدود الشمالية,عرعر,القطاع الخاص,خدمة إلكترونية جزئيا,2026/05/29,"37,171,977"
الخدمات الرقمية,عام,القطاع العام,خدمة إلكترونية,2026/05/30,"37,187,366"
 تبوك,تبوك,القطاع الخاص,خدمة إلكترونية جزئيا,2026/05/31,"37,199,216"
 الحدود الشمالية,عرعر,القطاع الخاص,خدمة إلكترونية جزئيا,2026/05/31,"37,203,255"
 الحدود الشمالية,عرعر,القطاع الخاص,خدمة إلكترونية جزئيا,2026/05/31,"37,203,554"
 عسير,ابها,القطاع الخاص,خدمة إلكترونية جزئيا,2026/05/31,"37,199,207"
 عسير,ابها,القطاع الخاص,خدمة إلكترونية جزئيا,2026/05/31,"37,201,743"
 الرياض,الرياض,القطاع الخاص,خدمة إلكترونية جزئيا,2026/05/31,"37,198,673"
 الرياض,الرياض,القطاع الخاص,خدمة إلكترونية جزئيا,2026/05/31,"37,195,125"
 الرياض,الرياض,القطاع الخاص,خدمة إلكترونية جزئيا,2026/05/31,"37,199,817"
 الرياض,الرياض,القطاع الخاص,خدمة إلكترونية جزئيا,2026/05/31,"37,195,150"
 الرياض,الرياض,القطاع الخاص,خدمة إلكترونية جزئيا,2026/05/31,"37,198,740"
 عسير,ابها,القطاع الخاص,خدمة إلكترونية جزئيا,2026/05/31,"37,199,211"
 تبوك,تبوك,القطاع الخاص,خدمة إلكترونية جزئيا,2026/05/31,"37,199,219"
 الرياض,الرياض,القطاع الخاص,خدمة إلكترونية جزئيا,2026/05/31,"37,200,424"
 عسير,ابها,القطاع الخاص,خدمة إلكترونية جزئيا,2026/05/31,"37,201,758"
 الحدود الشمالية,عرعر,القطاع الخاص,خدمة إلكترونية جزئيا,2026/05/31,"37,203,586"
الخدمات الرقمية,عام,القطاع العام,خدمة إلكترونية,2026/05/31,"37,195,793"
الخدمات الرقمية,عام,القطاع العام,خدمة إلكترونية,2026/05/31,"37,196,111"
الخدمات الرقمية,عام,القطاع العام,خدمة إلكترونية,2026/05/31,"37,196,898"
الخدمات الرقمية,عام,القطاع العام,خدمة إلكترونية,2026/05/31,"37,196,912"
الخدمات الرقمية,عام,القطاع العام,خدمة إلكترونية,2026/05/31,"37,198,775"
الخدمات الرقمية,عام,القطاع العام,خدمة إلكترونية,2026/05/31,"37,198,917"
الخدمات الرقمية,عام,القطاع العام,خدمة إلكترونية,2026/05/31,"37,199,603"
الخدمات الرقمية,عام,القطاع العام,خدمة إلكترونية,2026/05/31,"37,200,350"
الخدمات الرقمية,عام,القطاع العام,خدمة إلكترونية,2026/05/31,"37,200,836"
الخدمات الرقمية,عام,القطاع العام,خدمة إلكترونية,2026/05/31,"37,201,396"
الخدمات الرقمية,عام,القطاع العام,خدمة إلكترونية,2026/05/31,"37,201,619"
الخدمات الرقمية,عام,القطاع العام,خدمة إلكترونية,2026/05/31,"37,201,823"
الخدمات الرقمية,عام,القطاع العام,خدمة إلكترونية,2026/05/31,"37,202,344"
الخدمات الرقمية,عام,القطاع العام,خدمة إلكترونية,2026/05/31,"37,191,510"
الخدمات الرقمية,عام,القطاع العام,خدمة إلكترونية,2026/05/31,"37,194,271"
الخدمات الرقمية,عام,القطاع العام,خدمة إلكترونية,2026/05/31,"37,194,719"
الخدمات الرقمية,عام,القطاع العام,خدمة إلكترونية,2026/05/31,"37,195,254"
الخدمات الرقمية,عام,القطاع العام,خدمة إلكترونية,2026/05/31,"37,195,500"
الخدمات الرقمية,عام,القطاع العام,خدمة إلكترونية,2026/05/31,"37,196,241"
الخدمات الرقمية,عام,القطاع العام,خدمة إلكترونية,2026/05/31,"37,196,976"
الخدمات الرقمية,عام,القطاع العام,خدمة إلكترونية,2026/05/31,"37,199,428"
الخدمات الرقمية,عام,القطاع العام,خدمة إلكترونية,2026/05/31,"37,200,681"
الخدمات الرقمية,عام,القطاع العام,خدمة إلكترونية,2026/05/31,"37,201,234"
الخدمات الرقمية,عام,القطاع العام,خدمة إلكترونية,2026/05/31,"37,201,365"
الخدمات الرقمية,عام,القطاع العام,خدمة إلكترونية,2026/05/31,"37,201,431"
الخدمات الرقمية,عام,القطاع العام,خدمة إلكترونية,2026/05/31,"37,201,620"
الخدمات الرقمية,عام,القطاع العام,خدمة إلكترونية,2026/05/31,"37,201,844"
الخدمات الرقمية,عام,القطاع العام,خدمة إلكترونية,2026/05/31,"37,203,028"
الخدمات الرقمية,عام,القطاع العام,خدمة إلكترونية,2026/05/31,"37,203,134"
الخدمات الرقمية,عام,القطاع العام,خدمة إلكترونية,2026/05/31,"37,203,262"
الخدمات الرقمية,عام,القطاع العام,خدمة إلكترونية,2026/05/31,"37,203,313"
الخدمات الرقمية,عام,القطاع العام,خدمة إلكترونية,2026/05/31,"37,203,340"
الخدمات الرقمية,عام,القطاع العام,خدمة إلكترونية,2026/05/31,"37,203,527"
الخدمات الرقمية,عام,القطاع العام,خدمة إلكترونية,2026/05/31,"37,203,575"
الخدمات الرقمية,عام,القطاع العام,خدمة إلكترونية,2026/05/31,"37,203,674"
الخدمات الرقمية,عام,القطاع العام,خدمة إلكترونية,2026/05/31,"37,203,848"
الخدمات الرقمية,عام,القطاع العام,خدمة إلكترونية,2026/05/31,"37,204,006"
الخدمات الرقمية,عام,القطاع العام,خدمة إلكترونية,2026/05/31,"37,204,583"
الخدمات الرقمية,عام,القطاع العام,خدمة إلكترونية,2026/05/31,"37,204,630"
الخدمات الرقمية,عام,القطاع العام,خدمة إلكترونية,2026/05/31,"37,205,337"
الخدمات الرقمية,عام,القطاع العام,خدمة إلكترونية,2026/05/31,"37,206,704"
 المدينة المنوره,المدينة المنورة,القطاع الخاص,خدمة إلكترونية جزئيا,2026/06/01,"37,215,929"
 الشرقية,الخبر,القطاع الخاص,خدمة إلكترونية جزئيا,2026/06/01,"37,217,933"
 الشرقية,الخبر,القطاع الخاص,خدمة إلكترونية جزئيا,2026/06/01,"37,218,426"
 نجران,نجران,القطاع الخاص,خدمة إلكترونية جزئيا,2026/06/01,"37,212,330"
 نجران,نجران,القطاع الخاص,خدمة إلكترونية جزئيا,2026/06/01,"37,211,761"
 نجران,نجران,القطاع الخاص,خدمة إلكترونية جزئيا,2026/06/01,"37,212,483"
 نجران,نجران,القطاع الخاص,خدمة إلكترونية جزئيا,2026/06/01,"37,212,748"
 نجران,نجران,القطاع الخاص,خدمة إلكترونية جزئيا,2026/06/01,"37,212,979"
 عسير,ابها,القطاع الخاص,خدمة إلكترونية جزئيا,2026/06/01,"37,211,735"
 عسير,ابها,القطاع الخاص,خدمة إلكترونية جزئيا,2026/06/01,"37,216,092"
 حائل,حائل,القطاع الخاص,خدمة إلكترونية جزئيا,2026/06/01,"37,216,448"
 حائل,حائل,القطاع الخاص,خدمة إلكترونية جزئيا,2026/06/01,"37,217,697"
 حائل,حائل,القطاع الخاص,خدمة إلكترونية جزئيا,2026/06/01,"37,220,464"
 القصيم,بريده,القطاع الخاص,خدمة إلكترونية جزئيا,2026/06/01,"37,222,921"
 القصيم,بريده,القطاع الخاص,خدمة إلكترونية جزئيا,2026/06/01,"37,223,106"
 الشرقية,الدمام,القطاع الخاص,خدمة إلكترونية جزئيا,2026/06/01,"37,211,926"
 الشرقية,الدمام,القطاع الخاص,خدمة إلكترونية جزئيا,2026/06/01,"37,218,947"
 الشرقية,الدمام,القطاع الخاص,خدمة إلكترونية جزئيا,2026/06/01,"37,218,755"
 الشرقية,الدمام,القطاع الخاص,خدمة إلكترونية جزئيا,2026/06/01,"37,216,867"
 الشرقية,الدمام,القطاع الخاص,خدمة إلكترونية جزئيا,2026/06/01,"37,210,838"
 مكة المكرمه,مكة المكرمة,القطاع الخاص,خدمة إلكترونية جزئيا,2026/06/01,"37,216,762"
 مكة المكرمه,مكة المكرمة,القطاع الخاص,خدمة إلكترونية جزئيا,2026/06/01,"37,215,810"
 مكة المكرمه,مكة المكرمة,القطاع الخاص,خدمة إلكترونية جزئيا,2026/06/01,"37,215,630"
 الرياض,الرياض,القطاع الخاص,خدمة إلكترونية جزئيا,2026/06/01,"37,219,681"
 الرياض,الرياض,القطاع الخاص,خدمة إلكترونية جزئيا,2026/06/01,"37,214,885"
 الرياض,الرياض,القطاع الخاص,خدمة إلكترونية جزئيا,2026/06/01,"37,215,058"
 الرياض,الرياض,القطاع الخاص,خدمة إلكترونية جزئيا,2026/06/01,"37,214,734"
 الرياض,الرياض,القطاع الخاص,خدمة إلكترونية جزئيا,2026/06/01,"37,214,491"
 الرياض,الرياض,القطاع الخاص,خدمة إلكترونية جزئيا,2026/06/01,"37,211,431"
 الرياض,الرياض,القطاع الخاص,خدمة إلكترونية جزئيا,2026/06/01,"37,213,275"
 الرياض,الرياض,القطاع الخاص,خدمة إلكترونية جزئيا,2026/06/01,"37,212,047"
 الرياض,الرياض,القطاع الخاص,خدمة إلكترونية جزئيا,2026/06/01,"37,213,403"
 الرياض,الرياض,القطاع الخاص,خدمة إلكترونية جزئيا,2026/06/01,"37,210,644"
 الرياض,الرياض,القطاع الخاص,خدمة إلكترونية جزئيا,2026/06/01,"37,210,873"
 الرياض,الرياض,القطاع الخاص,خدمة إلكترونية جزئيا,2026/06/01,"37,213,059"
 الرياض,الرياض,القطاع الخاص,خدمة إلكترونية جزئيا,2026/06/01,"37,218,396"
 الرياض,الرياض,القطاع الخاص,خدمة إلكترونية جزئيا,2026/06/01,"37,222,195"
الخدمات الرقمية,عام,القطاع العام,خدمة إلكترونية,2026/06/01,"37,217,706"
 الرياض,الرياض,القطاع الخاص,خدمة إلكترونية جزئيا,2026/06/01,"37,210,694"
 الرياض,الرياض,القطاع الخاص,خدمة إلكترونية جزئيا,2026/06/01,"37,213,778"
 الرياض,الرياض,القطاع الخاص,خدمة إلكترونية جزئيا,2026/06/01,"37,210,925"
 عسير,ابها,القطاع الخاص,خدمة إلكترونية جزئيا,2026/06/01,"37,216,162"
 عسير,ابها,القطاع الخاص,خدمة إلكترونية جزئيا,2026/06/01,"37,211,766"
 حائل,حائل,القطاع الخاص,خدمة إلكترونية جزئيا,2026/06/01,"37,216,665"
 الشرقية,الدمام,القطاع الخاص,خدمة إلكترونية جزئيا,2026/06/01,"37,217,248"
 القصيم,بريده,القطاع الخاص,خدمة إلكترونية جزئيا,2026/06/01,"37,223,097"
 مكة المكرمه,مكة المكرمة,القطاع الخاص,خدمة إلكترونية جزئيا,2026/06/01,"37,215,702"
 نجران,نجران,القطاع الخاص,خدمة إلكترونية جزئيا,2026/06/01,"37,213,310"
 الرياض,الرياض,القطاع الخاص,خدمة إلكترونية جزئيا,2026/06/01,"37,211,825"
 الرياض,الرياض,القطاع الخاص,خدمة إلكترونية جزئيا,2026/06/01,"37,218,494"
 مكة المكرمه,مكة المكرمة,القطاع الخاص,خدمة إلكترونية جزئيا,2026/06/01,"37,215,877"
 الشرقية,الدمام,القطاع الخاص,خدمة إلكترونية جزئيا,2026/06/01,"37,210,979"
 الرياض,الرياض,القطاع الخاص,خدمة إلكترونية جزئيا,2026/06/01,"37,222,272"
 الرياض,الرياض,القطاع الخاص,خدمة إلكترونية جزئيا,2026/06/01,"37,212,102"
 مكة المكرمه,مكة المكرمة,القطاع الخاص,خدمة إلكترونية جزئيا,2026/06/01,"37,216,778"
 الشرقية,الدمام,القطاع الخاص,خدمة إلكترونية جزئيا,2026/06/01,"37,219,026"
 الشرقية,الدمام,القطاع الخاص,خدمة إلكترونية جزئيا,2026/06/01,"37,218,887"
 حائل,حائل,القطاع الخاص,خدمة إلكترونية جزئيا,2026/06/01,"37,220,528"
 حائل,حائل,القطاع الخاص,خدمة إلكترونية جزئيا,2026/06/01,"37,217,812"
 الشرقية,الدمام,القطاع الخاص,خدمة إلكترونية جزئيا,2026/06/01,"37,212,390"
 مكة المكرمه,جده,القطاع الخاص,خدمة إلكترونية جزئيا,2026/06/01,"37,216,032"
 القصيم,بريده,القطاع الخاص,خدمة إلكترونية جزئيا,2026/06/01,"37,222,932"
 الرياض,الرياض,القطاع الخاص,خدمة إلكترونية جزئيا,2026/06/01,"37,219,823"
 الرياض,الرياض,القطاع الخاص,خدمة إلكترونية جزئيا,2026/06/01,"37,215,147"
 المدينة المنوره,المدينة المنورة,القطاع الخاص,خدمة إلكترونية جزئيا,2026/06/01,"37,216,033"
 الشرقية,الخبر,القطاع الخاص,خدمة إلكترونية جزئيا,2026/06/01,"37,218,519"
 الشرقية,الخبر,القطاع الخاص,خدمة إلكترونية جزئيا,2026/06/01,"37,218,217"
الخدمات الرقمية,عام,القطاع العام,خدمة إلكترونية,2026/06/01,"37,217,601"
الخدمات الرقمية,عام,القطاع العام,خدمة إلكترونية,2026/06/01,"37,217,855"
الخدمات الرقمية,عام,القطاع العام,خدمة إلكترونية,2026/06/01,"37,217,949"
الخدمات الرقمية,عام,القطاع العام,خدمة إلكترونية,2026/06/01,"37,217,995"
الخدمات الرقمية,عام,القطاع العام,خدمة إلكترونية,2026/06/01,"37,211,946"
الخدمات الرقمية,عام,القطاع العام,خدمة إلكترونية,2026/06/01,"37,218,082"
الخدمات الرقمية,عام,القطاع العام,خدمة إلكترونية,2026/06/01,"37,212,675"
الخدمات الرقمية,عام,القطاع العام,خدمة إلكترونية,2026/06/01,"37,215,510"
الخدمات الرقمية,عام,القطاع العام,خدمة إلكترونية,2026/06/01,"37,218,019"
الخدمات الرقمية,عام,القطاع العام,خدمة إلكترونية,2026/06/01,"37,219,330"
الخدمات الرقمية,عام,القطاع العام,خدمة إلكترونية,2026/06/01,"37,213,511"
الخدمات الرقمية,عام,القطاع العام,خدمة إلكترونية,2026/06/01,"37,215,533"
الخدمات الرقمية,عام,القطاع العام,خدمة إلكترونية,2026/06/01,"37,213,320"
الخدمات الرقمية,عام,القطاع العام,خدمة إلكترونية,2026/06/01,"37,217,839"
الخدمات الرقمية,عام,القطاع العام,خدمة إلكترونية,2026/06/01,"37,217,897"
الخدمات الرقمية,عام,القطاع العام,خدمة إلكترونية,2026/06/01,"37,218,163"
الخدمات الرقمية,عام,القطاع العام,خدمة إلكترونية,2026/06/01,"37,217,970"
الخدمات الرقمية,عام,القطاع العام,خدمة إلكترونية,2026/06/01,"37,218,041"
الخدمات الرقمية,عام,القطاع العام,خدمة إلكترونية,2026/06/01,"37,212,207"
الخدمات الرقمية,عام,القطاع العام,خدمة إلكترونية,2026/06/01,"37,218,238"
الخدمات الرقمية,عام,القطاع العام,خدمة إلكترونية,2026/06/01,"37,217,705"
الخدمات الرقمية,عام,القطاع العام,خدمة إلكترونية,2026/06/01,"37,206,723"
الخدمات الرقمية,عام,القطاع العام,خدمة إلكترونية,2026/06/01,"37,211,711"
الخدمات الرقمية,عام,القطاع العام,خدمة إلكترونية,2026/06/01,"37,215,011"
الخدمات الرقمية,عام,القطاع العام,خدمة إلكترونية,2026/06/01,"37,217,719"
الخدمات الرقمية,عام,القطاع العام,خدمة إلكترونية,2026/06/01,"37,217,994"
الخدمات الرقمية,عام,القطاع العام,خدمة إلكترونية,2026/06/01,"37,216,892"
الخدمات الرقمية,عام,القطاع العام,خدمة إلكترونية,2026/06/01,"37,218,018"
الخدمات الرقمية,عام,القطاع العام,خدمة إلكترونية,2026/06/01,"37,219,380"
الخدمات الرقمية,عام,القطاع العام,خدمة إلكترونية,2026/06/01,"37,217,981"
الخدمات الرقمية,عام,القطاع العام,خدمة إلكترونية,2026/06/01,"37,215,926"
الخدمات الرقمية,عام,القطاع العام,خدمة إلكترونية,2026/06/01,"37,217,821"
الخدمات الرقمية,عام,القطاع العام,خدمة إلكترونية,2026/06/01,"37,217,990"
الخدمات الرقمية,عام,القطاع العام,خدمة إلكترونية,2026/06/01,"37,220,591"
الخدمات الرقمية,عام,القطاع العام,خدمة إلكترونية,2026/06/01,"37,213,383"
الخدمات الرقمية,عام,القطاع العام,خدمة إلكترونية,2026/06/01,"37,212,524"
الخدمات الرقمية,عام,القطاع العام,خدمة إلكترونية,2026/06/01,"37,219,395"
الخدمات الرقمية,عام,القطاع العام,خدمة إلكترونية,2026/06/01,"37,215,019"
الخدمات الرقمية,عام,القطاع العام,خدمة إلكترونية,2026/06/01,"37,214,410"
الخدمات الرقمية,عام,القطاع العام,خدمة إلكترونية,2026/06/01,"37,211,742"
الخدمات الرقمية,عام,القطاع العام,خدمة إلكترونية,2026/06/01,"37,215,072"
الخدمات الرقمية,عام,القطاع العام,خدمة إلكترونية,2026/06/01,"37,217,271"
الخدمات الرقمية,عام,القطاع العام,خدمة إلكترونية,2026/06/01,"37,219,316"
الخدمات الرقمية,عام,القطاع العام,خدمة إلكترونية,2026/06/01,"37,210,222"
الخدمات الرقمية,عام,القطاع العام,خدمة إلكترونية,2026/06/01,"37,213,923"
الخدمات الرقمية,عام,القطاع العام,خدمة إلكترونية,2026/06/01,"37,214,164"
الخدمات الرقمية,عام,القطاع العام,خدمة إلكترونية,2026/06/01,"37,217,791"
الخدمات الرقمية,عام,القطاع العام,خدمة إلكترونية,2026/06/01,"37,218,492"
الخدمات الرقمية,عام,القطاع العام,خدمة إلكترونية,2026/06/01,"37,218,809"
الخدمات الرقمية,عام,القطاع العام,خدمة إلكترونية,2026/06/01,"37,218,958"
الخدمات الرقمية,عام,القطاع العام,خدمة إلكترونية,2026/06/01,"37,214,065"
الخدمات الرقمية,عام,القطاع العام,خدمة إلكترونية,2026/06/01,"37,221,724"
الخدمات الرقمية,عام,القطاع العام,خدمة إلكترونية,2026/06/01,"37,220,016"
الخدمات الرقمية,عام,القطاع العام,خدمة إلكترونية,2026/06/01,"37,216,625"
الخدمات الرقمية,عام,القطاع العام,خدمة إلكترونية,2026/06/01,"37,219,450"
الخدمات الرقمية,عام,القطاع العام,خدمة إلكترونية,2026/06/01,"37,218,672"
الخدمات الرقمية,عام,القطاع العام,خدمة إلكترونية,2026/06/01,"37,223,121"
الخدمات الرقمية,عام,القطاع العام,خدمة إلكترونية,2026/06/01,"37,211,814"
الخدمات الرقمية,عام,القطاع العام,خدمة إلكترونية,2026/06/01,"37,215,858"
الخدمات الرقمية,عام,القطاع العام,خدمة إلكترونية,2026/06/01,"37,211,047"
 المدينة المنوره,المدينة المنورة,القطاع الخاص,خدمة إلكترونية جزئيا,2026/06/02,"37,235,980"
 الشرقية,الاحساء,القطاع الخاص,خدمة إلكترونية جزئيا,2026/06/02,"37,234,535"
 الشرقية,الاحساء,القطاع الخاص,خدمة إلكترونية جزئيا,2026/06/02,"37,241,047"
 الشرقية,الاحساء,القطاع الخاص,خدمة إلكترونية جزئيا,2026/06/02,"37,235,625"
 الشرقية,الاحساء,القطاع الخاص,خدمة إلكترونية جزئيا,2026/06/02,"37,234,102"
 الشرقية,الخبر,القطاع الخاص,خدمة إلكترونية جزئيا,2026/06/02,"37,233,557"
 عسير,محايل عسير,القطاع الخاص,خدمة إلكترونية جزئيا,2026/06/02,"37,241,174"
 مكة المكرمه,الطائف,القطاع الخاص,خدمة إلكترونية جزئيا,2026/06/02,"37,237,334"
 مكة المكرمه,الطائف,القطاع الخاص,خدمة إلكترونية جزئيا,2026/06/02,"37,234,070"
 عسير,ابها,القطاع الخاص,خدمة إلكترونية جزئيا,2026/06/02,"37,237,600"
 عسير,ابها,القطاع الخاص,خدمة إلكترونية جزئيا,2026/06/02,"37,231,632"
 حائل,حائل,القطاع الخاص,خدمة إلكترونية جزئيا,2026/06/02,"37,231,741"
 القصيم,بريده,القطاع الخاص,خدمة إلكترونية جزئيا,2026/06/02,"37,238,745"
 القصيم,بريده,القطاع الخاص,خدمة إلكترونية جزئيا,2026/06/02,"37,240,429"
 القصيم,بريده,القطاع الخاص,خدمة إلكترونية جزئيا,2026/06/02,"37,241,017"
 الشرقية,الدمام,القطاع الخاص,خدمة إلكترونية جزئيا,2026/06/02,"37,230,894"
 مكة المكرمه,مكة المكرمة,القطاع الخاص,خدمة إلكترونية جزئيا,2026/06/02,"37,229,189"
 مكة المكرمه,مكة المكرمة,القطاع الخاص,خدمة إلكترونية جزئيا,2026/06/02,"37,234,667"
 مكة المكرمه,مكة المكرمة,القطاع الخاص,خدمة إلكترونية جزئيا,2026/06/02,"37,235,823"
 الرياض,الرياض,القطاع الخاص,خدمة إلكترونية جزئيا,2026/06/02,"37,235,791"
 الرياض,الرياض,القطاع الخاص,خدمة إلكترونية جزئيا,2026/06/02,"37,231,200"
 الرياض,الرياض,القطاع الخاص,خدمة إلكترونية جزئيا,2026/06/02,"37,227,998"
 الرياض,الرياض,القطاع الخاص,خدمة إلكترونية جزئيا,2026/06/02,"37,235,385"
 الرياض,الرياض,القطاع الخاص,خدمة إلكترونية جزئيا,2026/06/02,"37,231,819"
 الرياض,الرياض,القطاع الخاص,خدمة إلكترونية جزئيا,2026/06/02,"37,230,682"
 الرياض,الرياض,القطاع الخاص,خدمة إلكترونية جزئيا,2026/06/02,"37,230,471"
 الرياض,الرياض,القطاع الخاص,خدمة إلكترونية جزئيا,2026/06/02,"37,230,430"
 الرياض,الرياض,القطاع الخاص,خدمة إلكترونية جزئيا,2026/06/02,"37,233,023"
 الرياض,الرياض,القطاع الخاص,خدمة إلكترونية جزئيا,2026/06/02,"37,235,124"
 الرياض,الرياض,القطاع الخاص,خدمة إلكترونية جزئيا,2026/06/02,"37,229,025"
 الرياض,الرياض,القطاع الخاص,خدمة إلكترونية جزئيا,2026/06/02,"37,234,910"
 الرياض,الرياض,القطاع الخاص,خدمة إلكترونية جزئيا,2026/06/02,"37,228,031"
 الرياض,الرياض,القطاع الخاص,خدمة إلكترونية جزئيا,2026/06/02,"37,234,904"
 الرياض,الرياض,القطاع الخاص,خدمة إلكترونية جزئيا,2026/06/02,"37,237,195"
 الرياض,الرياض,القطاع الخاص,خدمة إلكترونية جزئيا,2026/06/02,"37,236,374"
 الرياض,الرياض,القطاع الخاص,خدمة إلكترونية جزئيا,2026/06/02,"37,233,203"
الخدمات الرقمية,عام,القطاع العام,خدمة إلكترونية,2026/06/02,"37,228,129"
 الشرقية,الاحساء,القطاع الخاص,خدمة إلكترونية جزئيا,2026/06/02,"37,235,873"
 الرياض,الرياض,القطاع الخاص,خدمة إلكترونية جزئيا,2026/06/02,"37,236,762"
 عسير,ابها,القطاع الخاص,خدمة إلكترونية جزئيا,2026/06/02,"37,237,650"
 مكة المكرمه,مكة المكرمة,القطاع الخاص,خدمة إلكترونية جزئيا,2026/06/02,"37,228,665"
 مكة المكرمه,مكة المكرمة,القطاع الخاص,خدمة إلكترونية جزئيا,2026/06/02,"37,231,161"
 الرياض,الرياض,القطاع الخاص,خدمة إلكترونية جزئيا,2026/06/02,"37,234,977"
 مكة المكرمه,مكة المكرمة,القطاع الخاص,خدمة إلكترونية جزئيا,2026/06/02,"37,230,081"
 الرياض,الرياض,القطاع الخاص,خدمة إلكترونية جزئيا,2026/06/02,"37,229,075"
 عسير,ابها,القطاع الخاص,خدمة إلكترونية جزئيا,2026/06/02,"37,231,756"
 الرياض,الرياض,القطاع الخاص,خدمة إلكترونية جزئيا,2026/06/02,"37,236,035"
 الرياض,الرياض,القطاع الخاص,خدمة إلكترونية جزئيا,2026/06/02,"37,231,871"
 الرياض,الرياض,القطاع الخاص,خدمة إلكترونية جزئيا,2026/06/02,"37,231,903"
 القصيم,بريده,القطاع الخاص,خدمة إلكترونية جزئيا,2026/06/02,"37,238,826"
 الشرقية,الاحساء,القطاع الخاص,خدمة إلكترونية جزئيا,2026/06/02,"37,234,302"
 مكة المكرمه,مكة المكرمة,القطاع الخاص,خدمة إلكترونية جزئيا,2026/06/02,"37,236,102"
 مكة المكرمه,مكة المكرمة,القطاع الخاص,خدمة إلكترونية جزئيا,2026/06/02,"37,229,481"
 مكة المكرمه,مكة المكرمة,القطاع الخاص,خدمة إلكترونية جزئيا,2026/06/02,"37,235,245"
 مكة المكرمه,مكة المكرمة,القطاع الخاص,خدمة إلكترونية جزئيا,2026/06/02,"37,229,669"
 حائل,حائل,القطاع الخاص,خدمة إلكترونية جزئيا,2026/06/02,"37,231,813"
 الشرقية,الخبر,القطاع الخاص,خدمة إلكترونية جزئيا,2026/06/02,"37,233,717"
 الرياض,الرياض,القطاع الخاص,خدمة إلكترونية جزئيا,2026/06/02,"37,237,409"
 الرياض,الرياض,القطاع الخاص,خدمة إلكترونية جزئيا,2026/06/02,"37,235,037"
 الشرقية,الاحساء,القطاع الخاص,خدمة إلكترونية جزئيا,2026/06/02,"37,241,338"
 الرياض,الرياض,القطاع الخاص,خدمة إلكترونية جزئيا,2026/06/02,"37,228,160"
 الرياض,الرياض,القطاع الخاص,خدمة إلكترونية جزئيا,2026/06/02,"37,228,091"
 الشرقية,الدمام,القطاع الخاص,خدمة إلكترونية جزئيا,2026/06/02,"37,231,082"
 القصيم,بريده,القطاع الخاص,خدمة إلكترونية جزئيا,2026/06/02,"37,241,218"
 الرياض,الرياض,القطاع الخاص,خدمة إلكترونية جزئيا,2026/06/02,"37,235,403"
 الرياض,الرياض,القطاع الخاص,خدمة إلكترونية جزئيا,2026/06/02,"37,230,813"
 مكة المكرمه,الطائف,القطاع الخاص,خدمة إلكترونية جزئيا,2026/06/02,"37,237,391"
 مكة المكرمه,الطائف,القطاع الخاص,خدمة إلكترونية جزئيا,2026/06/02,"37,234,411"
 عسير,محايل عسير,القطاع الخاص,خدمة إلكترونية جزئيا,2026/06/02,"37,241,577"
 المدينة المنوره,المدينة المنورة,القطاع الخاص,خدمة إلكترونية جزئيا,2026/06/02,"37,236,226"
الخدمات الرقمية,عام,القطاع العام,خدمة إلكترونية,2026/06/02,"37,227,074"
الخدمات الرقمية,عام,القطاع العام,خدمة إلكترونية,2026/06/02,"37,236,203"
الخدمات الرقمية,عام,القطاع العام,خدمة إلكترونية,2026/06/02,"37,236,218"
الخدمات الرقمية,عام,القطاع العام,خدمة إلكترونية,2026/06/02,"37,231,249"
الخدمات الرقمية,عام,القطاع العام,خدمة إلكترونية,2026/06/02,"37,228,260"
الخدمات الرقمية,عام,القطاع العام,خدمة إلكترونية,2026/06/02,"37,235,902"
الخدمات الرقمية,عام,القطاع العام,خدمة إلكترونية,2026/06/02,"37,235,209"
الخدمات الرقمية,عام,القطاع العام,خدمة إلكترونية,2026/06/02,"37,226,534"
الخدمات الرقمية,عام,القطاع العام,خدمة إلكترونية,2026/06/02,"37,227,286"
الخدمات الرقمية,عام,القطاع العام,خدمة إلكترونية,2026/06/02,"37,236,271"
الخدمات الرقمية,عام,القطاع العام,خدمة إلكترونية,2026/06/02,"37,233,006"
الخدمات الرقمية,عام,القطاع العام,خدمة إلكترونية,2026/06/02,"37,229,786"
الخدمات الرقمية,عام,القطاع العام,خدمة إلكترونية,2026/06/02,"37,233,311"
الخدمات الرقمية,عام,القطاع العام,خدمة إلكترونية,2026/06/02,"37,234,323"
الخدمات الرقمية,عام,القطاع العام,خدمة إلكترونية,2026/06/02,"37,237,528"
الخدمات الرقمية,عام,القطاع العام,خدمة إلكترونية,2026/06/02,"37,236,272"
الخدمات الرقمية,عام,القطاع العام,خدمة إلكترونية,2026/06/02,"37,235,189"
الخدمات الرقمية,عام,القطاع العام,خدمة إلكترونية,2026/06/02,"37,235,450"
الخدمات الرقمية,عام,القطاع العام,خدمة إلكترونية,2026/06/02,"37,233,330"
الخدمات الرقمية,عام,القطاع العام,خدمة إلكترونية,2026/06/02,"37,233,635"
الخدمات الرقمية,عام,القطاع العام,خدمة إلكترونية,2026/06/02,"37,233,489"
الخدمات الرقمية,عام,القطاع العام,خدمة إلكترونية,2026/06/02,"37,236,899"
الخدمات الرقمية,عام,القطاع العام,خدمة إلكترونية,2026/06/02,"37,240,108"
الخدمات الرقمية,عام,القطاع العام,خدمة إلكترونية,2026/06/02,"37,241,621"
الخدمات الرقمية,عام,القطاع العام,خدمة إلكترونية,2026/06/02,"37,239,070"
الخدمات الرقمية,عام,القطاع العام,خدمة إلكترونية,2026/06/02,"37,240,621"
الخدمات الرقمية,عام,القطاع العام,خدمة إلكترونية,2026/06/02,"37,240,817"
الخدمات الرقمية,عام,القطاع العام,خدمة إلكترونية,2026/06/02,"37,241,912"
الخدمات الرقمية,عام,القطاع العام,خدمة إلكترونية,2026/06/02,"37,227,103"
الخدمات الرقمية,عام,القطاع العام,خدمة إلكترونية,2026/06/02,"37,238,934"
الخدمات الرقمية,عام,القطاع العام,خدمة إلكترونية,2026/06/02,"37,241,945"
الخدمات الرقمية,عام,القطاع العام,خدمة إلكترونية,2026/06/02,"37,238,900"
الخدمات الرقمية,عام,القطاع العام,خدمة إلكترونية,2026/06/02,"37,241,225"
الخدمات الرقمية,عام,القطاع العام,خدمة إلكترونية,2026/06/02,"37,236,172"
الخدمات الرقمية,عام,القطاع العام,خدمة إلكترونية,2026/06/02,"37,238,865"
الخدمات الرقمية,عام,القطاع العام,خدمة إلكترونية,2026/06/02,"37,235,808"
الخدمات الرقمية,عام,القطاع العام,خدمة إلكترونية,2026/06/02,"37,236,212"
الخدمات الرقمية,عام,القطاع العام,خدمة إلكترونية,2026/06/02,"37,235,667"
الخدمات الرقمية,عام,القطاع العام,خدمة إلكترونية,2026/06/02,"37,234,189"
الخدمات الرقمية,عام,القطاع العام,خدمة إلكترونية,2026/06/02,"37,240,472"
الخدمات الرقمية,عام,القطاع العام,خدمة إلكترونية,2026/06/02,"37,235,744"
الخدمات الرقمية,عام,القطاع العام,خدمة إلكترونية,2026/06/02,"37,242,043"
الخدمات الرقمية,عام,القطاع العام,خدمة إلكترونية,2026/06/02,"37,242,549"
الخدمات الرقمية,عام,القطاع العام,خدمة إلكترونية,2026/06/02,"37,243,547"
الخدمات الرقمية,عام,القطاع العام,خدمة إلكترونية,2026/06/02,"37,225,130"
الخدمات الرقمية,عام,القطاع العام,خدمة إلكترونية,2026/06/02,"37,233,669"
الخدمات الرقمية,عام,القطاع العام,خدمة إلكترونية,2026/06/02,"37,241,130"
الخدمات الرقمية,عام,القطاع العام,خدمة إلكترونية,2026/06/02,"37,234,264"
الخدمات الرقمية,عام,القطاع العام,خدمة إلكترونية,2026/06/02,"37,241,926"
الخدمات الرقمية,عام,القطاع العام,خدمة إلكترونية,2026/06/02,"37,227,102"
الخدمات الرقمية,عام,القطاع العام,خدمة إلكترونية,2026/06/02,"37,232,177"
الخدمات الرقمية,عام,القطاع العام,خدمة إلكترونية,2026/06/02,"37,238,082"
الخدمات الرقمية,عام,القطاع العام,خدمة إلكترونية,2026/06/02,"37,238,428"
الخدمات الرقمية,عام,القطاع العام,خدمة إلكترونية,2026/06/02,"37,239,384"
الخدمات الرقمية,عام,القطاع العام,خدمة إلكترونية,2026/06/02,"37,241,630"
الخدمات الرقمية,عام,القطاع العام,خدمة إلكترونية,2026/06/02,"37,243,822"
الخدمات الرقمية,عام,القطاع العام,خدمة إلكترونية,2026/06/02,"37,230,715"
الخدمات الرقمية,عام,القطاع العام,خدمة إلكترونية,2026/06/02,"37,242,382"
الخدمات الرقمية,عام,القطاع العام,خدمة إلكترونية,2026/06/02,"37,233,534"
الخدمات الرقمية,عام,القطاع العام,خدمة إلكترونية,2026/06/02,"37,231,336"
الخدمات الرقمية,عام,القطاع العام,خدمة إلكترونية,2026/06/02,"37,240,459"
الخدمات الرقمية,عام,القطاع العام,خدمة إلكترونية,2026/06/02,"37,241,356"
الخدمات الرقمية,عام,القطاع العام,خدمة إلكترونية,2026/06/02,"37,234,409"
الخدمات الرقمية,عام,القطاع العام,خدمة إلكترونية,2026/06/02,"37,233,380"
الخدمات الرقمية,عام,القطاع العام,خدمة إلكترونية,2026/06/02,"37,242,327"
الخدمات الرقمية,عام,القطاع العام,خدمة إلكترونية,2026/06/02,"37,234,749"
 المدينة المنوره,المدينة المنورة,القطاع الخاص,خدمة إلكترونية جزئيا,2026/06/03,"37,251,162"
 المدينة المنوره,المدينة المنورة,القطاع الخاص,خدمة إلكترونية جزئيا,2026/06/03,"37,252,952"
 المدينة المنوره,المدينة المنورة,القطاع الخاص,خدمة إلكترونية جزئيا,2026/06/03,"37,263,673"
 المدينة المنوره,المدينة المنورة,القطاع الخاص,خدمة إلكترونية جزئيا,2026/06/03,"37,265,360"
 المدينة المنوره,المدينة المنورة,القطاع الخاص,خدمة إلكترونية جزئيا,2026/06/03,"37,258,712"
 المدينة المنوره,المدينة المنورة,القطاع الخاص,خدمة إلكترونية جزئيا,2026/06/03,"37,253,525"
 المدينة المنوره,المدينة المنورة,القطاع الخاص,خدمة إلكترونية جزئيا,2026/06/03,"37,251,884"
 عسير,بيشه,القطاع الخاص,خدمة إلكترونية جزئيا,2026/06/03,"37,248,828"
 الشرقية,الخبر,القطاع الخاص,خدمة إلكترونية جزئيا,2026/06/03,"37,265,147"
 مكة المكرمه,الطائف,القطاع الخاص,خدمة إلكترونية جزئيا,2026/06/03,"37,263,987"
 مكة المكرمه,الطائف,القطاع الخاص,خدمة إلكترونية جزئيا,2026/06/03,"37,264,425"
 عسير,ابها,القطاع الخاص,خدمة إلكترونية جزئيا,2026/06/03,"37,258,526"
 عسير,ابها,القطاع الخاص,خدمة إلكترونية جزئيا,2026/06/03,"37,252,820"
 حائل,حائل,القطاع الخاص,خدمة إلكترونية جزئيا,2026/06/03,"37,262,282"
 القصيم,بريده,القطاع الخاص,خدمة إلكترونية جزئيا,2026/06/03,"37,250,163"
 القصيم,بريده,القطاع الخاص,خدمة إلكترونية جزئيا,2026/06/03,"37,250,569"
 مكة المكرمه,جده,القطاع الخاص,خدمة إلكترونية جزئيا,2026/06/03,"37,260,158"
 الشرقية,الدمام,القطاع الخاص,خدمة إلكترونية جزئيا,2026/06/03,"37,259,360"
 الشرقية,الدمام,القطاع الخاص,خدمة إلكترونية جزئيا,2026/06/03,"37,259,294"
 الشرقية,الدمام,القطاع الخاص,خدمة إلكترونية جزئيا,2026/06/03,"37,254,991"
 الشرقية,الدمام,القطاع الخاص,خدمة إلكترونية جزئيا,2026/06/03,"37,257,275"
 مكة المكرمه,مكة المكرمة,القطاع الخاص,خدمة إلكترونية جزئيا,2026/06/03,"37,259,008"
 مكة المكرمه,مكة المكرمة,القطاع الخاص,خدمة إلكترونية جزئيا,2026/06/03,"37,253,268"
 مكة المكرمه,مكة المكرمة,القطاع الخاص,خدمة إلكترونية جزئيا,2026/06/03,"37,259,854"
 الرياض,الرياض,القطاع الخاص,خدمة إلكترونية جزئيا,2026/06/03,"37,263,579"
 الرياض,الرياض,القطاع الخاص,خدمة إلكترونية جزئيا,2026/06/03,"37,250,912"
 الرياض,الرياض,القطاع الخاص,خدمة إلكترونية جزئيا,2026/06/03,"37,253,998"
 الرياض,الرياض,القطاع الخاص,خدمة إلكترونية جزئيا,2026/06/03,"37,256,271"
 الرياض,الرياض,القطاع الخاص,خدمة إلكترونية جزئيا,2026/06/03,"37,257,951"
 الرياض,الرياض,القطاع الخاص,خدمة إلكترونية جزئيا,2026/06/03,"37,253,799"
 الرياض,الرياض,القطاع الخاص,خدمة إلكترونية جزئيا,2026/06/03,"37,249,925"
 الشرقية,الخبر,القطاع الخاص,خدمة إلكترونية جزئيا,2026/06/03,"37,265,280"
 الرياض,الرياض,القطاع الخاص,خدمة إلكترونية جزئيا,2026/06/03,"37,263,676"
 مكة المكرمه,مكة المكرمة,القطاع الخاص,خدمة إلكترونية جزئيا,2026/06/03,"37,253,666"
 مكة المكرمه,الطائف,القطاع الخاص,خدمة إلكترونية جزئيا,2026/06/03,"37,264,530"
 الشرقية,الدمام,القطاع الخاص,خدمة إلكترونية جزئيا,2026/06/03,"37,255,118"
 مكة المكرمه,مكة المكرمة,القطاع الخاص,خدمة إلكترونية جزئيا,2026/06/03,"37,253,464"
 مكة المكرمه,مكة المكرمة,القطاع الخاص,خدمة إلكترونية جزئيا,2026/06/03,"37,259,473"
 عسير,ابها,القطاع الخاص,خدمة إلكترونية جزئيا,2026/06/03,"37,252,878"
 الرياض,الرياض,القطاع الخاص,خدمة إلكترونية جزئيا,2026/06/03,"37,254,077"
 مكة المكرمه,جده,القطاع الخاص,خدمة إلكترونية جزئيا,2026/06/03,"37,260,414"
 الرياض,الرياض,القطاع الخاص,خدمة إلكترونية جزئيا,2026/06/03,"37,251,179"
 الشرقية,الدمام,القطاع الخاص,خدمة إلكترونية جزئيا,2026/06/03,"37,257,466"
 القصيم,بريده,القطاع الخاص,خدمة إلكترونية جزئيا,2026/06/03,"37,250,389"
 المدينة المنوره,المدينة المنورة,القطاع الخاص,خدمة إلكترونية جزئيا,2026/06/03,"37,263,755"
 المدينة المنوره,المدينة المنورة,القطاع الخاص,خدمة إلكترونية جزئيا,2026/06/03,"37,253,661"
 عسير,بيشه,القطاع الخاص,خدمة إلكترونية جزئيا,2026/06/03,"37,248,926"
 القصيم,بريده,القطاع الخاص,خدمة إلكترونية جزئيا,2026/06/03,"37,250,170"
 مكة المكرمه,مكة المكرمة,القطاع الخاص,خدمة إلكترونية جزئيا,2026/06/03,"37,260,253"
 حائل,حائل,القطاع الخاص,خدمة إلكترونية جزئيا,2026/06/03,"37,262,309"
 الرياض,الرياض,القطاع الخاص,خدمة إلكترونية جزئيا,2026/06/03,"37,256,347"
 الشرقية,حفر الباطن,القطاع الخاص,خدمة إلكترونية جزئيا,2026/06/03,"37,257,795"
 عسير,ابها,القطاع الخاص,خدمة إلكترونية جزئيا,2026/06/03,"37,258,612"
 مكة المكرمه,مكة المكرمة,القطاع الخاص,خدمة إلكترونية جزئيا,2026/06/03,"37,258,231"
 الشرقية,الدمام,القطاع الخاص,خدمة إلكترونية جزئيا,2026/06/03,"37,259,453"
 الرياض,الرياض,القطاع الخاص,خدمة إلكترونية جزئيا,2026/06/03,"37,254,210"
 الرياض,الرياض,القطاع الخاص,خدمة إلكترونية جزئيا,2026/06/03,"37,249,949"
 الرياض,الرياض,القطاع الخاص,خدمة إلكترونية جزئيا,2026/06/03,"37,255,621"
 الرياض,الرياض,القطاع الخاص,خدمة إلكترونية جزئيا,2026/06/03,"37,258,070"
 المدينة المنوره,المدينة المنورة,القطاع الخاص,خدمة إلكترونية جزئيا,2026/06/03,"37,252,374"
الخدمات الرقمية,عام,القطاع العام,خدمة إلكترونية,2026/06/03,"37,263,680"
الخدمات الرقمية,عام,القطاع العام,خدمة إلكترونية,2026/06/03,"37,263,657"
الخدمات الرقمية,عام,القطاع العام,خدمة إلكترونية,2026/06/03,"37,263,638"
الخدمات الرقمية,عام,القطاع العام,خدمة إلكترونية,2026/06/03,"37,263,553"
الخدمات الرقمية,عام,القطاع العام,خدمة إلكترونية,2026/06/03,"37,263,453"
الخدمات الرقمية,عام,القطاع العام,خدمة إلكترونية,2026/06/03,"37,263,491"
الخدمات الرقمية,عام,القطاع العام,خدمة إلكترونية,2026/06/03,"37,263,614"
الخدمات الرقمية,عام,القطاع العام,خدمة إلكترونية,2026/06/03,"37,263,556"
الخدمات الرقمية,عام,القطاع العام,خدمة إلكترونية,2026/06/03,"37,263,552"
الخدمات الرقمية,عام,القطاع العام,خدمة إلكترونية,2026/06/03,"37,261,362"
الخدمات الرقمية,عام,القطاع العام,خدمة إلكترونية,2026/06/03,"37,264,537"
الخدمات الرقمية,عام,القطاع العام,خدمة إلكترونية,2026/06/03,"37,256,953"
الخدمات الرقمية,عام,القطاع العام,خدمة إلكترونية,2026/06/03,"37,254,246"
الخدمات الرقمية,عام,القطاع العام,خدمة إلكترونية,2026/06/03,"37,254,292"
الخدمات الرقمية,عام,القطاع العام,خدمة إلكترونية,2026/06/03,"37,254,265"
الخدمات الرقمية,عام,القطاع العام,خدمة إلكترونية,2026/06/03,"37,254,344"
الخدمات الرقمية,عام,القطاع العام,خدمة إلكترونية,2026/06/03,"37,254,710"
الخدمات الرقمية,عام,القطاع العام,خدمة إلكترونية,2026/06/03,"37,250,197"
الخدمات الرقمية,عام,القطاع العام,خدمة إلكترونية,2026/06/03,"37,253,138"
الخدمات الرقمية,عام,القطاع العام,خدمة إلكترونية,2026/06/03,"37,252,453"
الخدمات الرقمية,عام,القطاع العام,خدمة إلكترونية,2026/06/03,"37,255,802"
الخدمات الرقمية,عام,القطاع العام,خدمة إلكترونية,2026/06/03,"37,254,287"
الخدمات الرقمية,عام,القطاع العام,خدمة إلكترونية,2026/06/03,"37,255,502"
الخدمات الرقمية,عام,القطاع العام,خدمة إلكترونية,2026/06/03,"37,254,066"
الخدمات الرقمية,عام,القطاع العام,خدمة إلكترونية,2026/06/03,"37,254,140"
الخدمات الرقمية,عام,القطاع العام,خدمة إلكترونية,2026/06/03,"37,254,273"
الخدمات الرقمية,عام,القطاع العام,خدمة إلكترونية,2026/06/03,"37,255,078"
الخدمات الرقمية,عام,القطاع العام,خدمة إلكترونية,2026/06/03,"37,258,440"
الخدمات الرقمية,عام,القطاع العام,خدمة إلكترونية,2026/06/03,"37,254,744"
الخدمات الرقمية,عام,القطاع العام,خدمة إلكترونية,2026/06/03,"37,254,688"
الخدمات الرقمية,عام,القطاع العام,خدمة إلكترونية,2026/06/03,"37,259,996"
الخدمات الرقمية,عام,القطاع العام,خدمة إلكترونية,2026/06/03,"37,253,128"
الخدمات الرقمية,عام,القطاع العام,خدمة إلكترونية,2026/06/03,"37,254,079"
الخدمات الرقمية,عام,القطاع العام,خدمة إلكترونية,2026/06/03,"37,254,732"
الخدمات الرقمية,عام,القطاع العام,خدمة إلكترونية,2026/06/03,"37,254,696"
الخدمات الرقمية,عام,القطاع العام,خدمة إلكترونية,2026/06/03,"37,254,048"
الخدمات الرقمية,عام,القطاع العام,خدمة إلكترونية,2026/06/03,"37,250,249"
الخدمات الرقمية,عام,القطاع العام,خدمة إلكترونية,2026/06/03,"37,246,648"
الخدمات الرقمية,عام,القطاع العام,خدمة إلكترونية,2026/06/03,"37,254,363"
الخدمات الرقمية,عام,القطاع العام,خدمة إلكترونية,2026/06/03,"37,254,554"
الخدمات الرقمية,عام,القطاع العام,خدمة إلكترونية,2026/06/03,"37,256,173"
الخدمات الرقمية,عام,القطاع العام,خدمة إلكترونية,2026/06/03,"37,254,572"
الخدمات الرقمية,عام,القطاع العام,خدمة إلكترونية,2026/06/03,"37,247,579"
الخدمات الرقمية,عام,القطاع العام,خدمة إلكترونية,2026/06/03,"37,260,283"
الخدمات الرقمية,عام,القطاع العام,خدمة إلكترونية,2026/06/03,"37,254,573"
الخدمات الرقمية,عام,القطاع العام,خدمة إلكترونية,2026/06/03,"37,261,159"
الخدمات الرقمية,عام,القطاع العام,خدمة إلكترونية,2026/06/03,"37,262,773"
الخدمات الرقمية,عام,القطاع العام,خدمة إلكترونية,2026/06/03,"37,263,317"
الخدمات الرقمية,عام,القطاع العام,خدمة إلكترونية,2026/06/03,"37,264,945"
الخدمات الرقمية,عام,القطاع العام,خدمة إلكترونية,2026/06/03,"37,262,808"
الخدمات الرقمية,عام,القطاع العام,خدمة إلكترونية,2026/06/03,"37,264,813"
الخدمات الرقمية,عام,القطاع العام,خدمة إلكترونية,2026/06/03,"37,264,244"
الخدمات الرقمية,عام,القطاع العام,خدمة إلكترونية,2026/06/03,"37,263,725"
الخدمات الرقمية,عام,القطاع العام,خدمة إلكترونية,2026/06/03,"37,263,084"
الخدمات الرقمية,عام,القطاع العام,خدمة إلكترونية,2026/06/03,"37,261,363"
الخدمات الرقمية,عام,القطاع العام,خدمة إلكترونية,2026/06/03,"37,264,405"
الخدمات الرقمية,عام,القطاع العام,خدمة إلكترونية,2026/06/03,"37,257,469"
الخدمات الرقمية,عام,القطاع العام,خدمة إلكترونية,2026/06/03,"37,260,417"
الخدمات الرقمية,عام,القطاع العام,خدمة إلكترونية,2026/06/03,"37,245,826"
الخدمات الرقمية,عام,القطاع العام,خدمة إلكترونية,2026/06/03,"37,259,504"
الخدمات الرقمية,عام,القطاع العام,خدمة إلكترونية,2026/06/03,"37,259,947"
الخدمات الرقمية,عام,القطاع العام,خدمة إلكترونية,2026/06/03,"37,257,539"
الخدمات الرقمية,عام,القطاع العام,خدمة إلكترونية,2026/06/03,"37,258,990"
الخدمات الرقمية,عام,القطاع العام,خدمة إلكترونية,2026/06/03,"37,260,782"
الخدمات الرقمية,عام,القطاع العام,خدمة إلكترونية,2026/06/03,"37,259,290"
الخدمات الرقمية,عام,القطاع العام,خدمة إلكترونية,2026/06/03,"37,259,977"
الخدمات الرقمية,عام,القطاع العام,خدمة إلكترونية,2026/06/03,"37,255,608"
الخدمات الرقمية,عام,القطاع العام,خدمة إلكترونية,2026/06/03,"37,248,042"
الخدمات الرقمية,عام,القطاع العام,خدمة إلكترونية,2026/06/03,"37,248,812"
الخدمات الرقمية,عام,القطاع العام,خدمة إلكترونية,2026/06/03,"37,254,305"
الخدمات الرقمية,عام,القطاع العام,خدمة إلكترونية,2026/06/03,"37,254,838"
الخدمات الرقمية,عام,القطاع العام,خدمة إلكترونية,2026/06/03,"37,259,536"
الخدمات الرقمية,عام,القطاع العام,خدمة إلكترونية,2026/06/03,"37,254,705"
الخدمات الرقمية,عام,القطاع العام,خدمة إلكترونية,2026/06/03,"37,244,208"
الخدمات الرقمية,عام,القطاع العام,خدمة إلكترونية,2026/06/03,"37,258,686"
الخدمات الرقمية,عام,القطاع العام,خدمة إلكترونية,2026/06/03,"37,255,767"
الخدمات الرقمية,عام,القطاع العام,خدمة إلكترونية,2026/06/03,"37,258,789"
الخدمات الرقمية,عام,القطاع العام,خدمة إلكترونية,2026/06/03,"37,244,025"
الخدمات الرقمية,عام,القطاع العام,خدمة إلكترونية,2026/06/03,"37,257,953"
الخدمات الرقمية,عام,القطاع العام,خدمة إلكترونية,2026/06/03,"37,247,784"
الخدمات الرقمية,عام,القطاع العام,خدمة إلكترونية,2026/06/03,"37,254,794"
الخدمات الرقمية,عام,القطاع العام,خدمة إلكترونية,2026/06/03,"37,245,680"
 المدينة المنوره,المدينة المنورة,القطاع الخاص,خدمة إلكترونية جزئيا,2026/06/04,"37,293,494"
 الشرقية,الدمام,القطاع الخاص,خدمة إلكترونية جزئيا,2026/06/04,"37,273,922"
 الرياض,شقراء,القطاع الخاص,خدمة إلكترونية جزئيا,2026/06/04,"37,279,804"
 الرياض,الخرج,القطاع الخاص,خدمة إلكترونية جزئيا,2026/06/04,"37,279,324"
 الرياض,شقراء,القطاع الخاص,خدمة إلكترونية جزئيا,2026/06/04,"37,280,841"
 الحدود الشمالية,عرعر,القطاع الخاص,خدمة إلكترونية جزئيا,2026/06/04,"37,283,237"
 الحدود الشمالية,عرعر,القطاع الخاص,خدمة إلكترونية جزئيا,2026/06/04,"37,282,520"
 عسير,ابها,القطاع الخاص,خدمة إلكترونية جزئيا,2026/06/04,"37,285,407"
 حائل,حائل,القطاع الخاص,خدمة إلكترونية جزئيا,2026/06/04,"37,274,117"
 القصيم,بريده,القطاع الخاص,خدمة إلكترونية جزئيا,2026/06/04,"37,279,224"
 الشرقية,الدمام,القطاع الخاص,خدمة إلكترونية جزئيا,2026/06/04,"37,286,928"
 الشرقية,الدمام,القطاع الخاص,خدمة إلكترونية جزئيا,2026/06/04,"37,274,233"
 مكة المكرمه,مكة المكرمة,القطاع الخاص,خدمة إلكترونية جزئيا,2026/06/04,"37,282,415"
 مكة المكرمه,مكة المكرمة,القطاع الخاص,خدمة إلكترونية جزئيا,2026/06/04,"37,284,902"
 مكة المكرمه,مكة المكرمة,القطاع الخاص,خدمة إلكترونية جزئيا,2026/06/04,"37,284,601"
 مكة المكرمه,مكة المكرمة,القطاع الخاص,خدمة إلكترونية جزئيا,2026/06/04,"37,279,843"
 مكة المكرمه,مكة المكرمة,القطاع الخاص,خدمة إلكترونية جزئيا,2026/06/04,"37,286,801"
 مكة المكرمه,مكة المكرمة,القطاع الخاص,خدمة إلكترونية جزئيا,2026/06/04,"37,280,363"
 مكة المكرمه,مكة المكرمة,القطاع الخاص,خدمة إلكترونية جزئيا,2026/06/04,"37,279,295"
 مكة المكرمه,مكة المكرمة,القطاع الخاص,خدمة إلكترونية جزئيا,2026/06/04,"37,282,338"
 مكة المكرمه,مكة المكرمة,القطاع الخاص,خدمة إلكترونية جزئيا,2026/06/04,"37,279,043"
 مكة المكرمه,مكة المكرمة,القطاع الخاص,خدمة إلكترونية جزئيا,2026/06/04,"37,279,967"
 مكة المكرمه,مكة المكرمة,القطاع الخاص,خدمة إلكترونية جزئيا,2026/06/04,"37,286,412"
 مكة المكرمه,مكة المكرمة,القطاع الخاص,خدمة إلكترونية جزئيا,2026/06/04,"37,275,356"
 الرياض,الرياض,القطاع الخاص,خدمة إلكترونية جزئيا,2026/06/04,"37,285,451"
 الرياض,الرياض,القطاع الخاص,خدمة إلكترونية جزئيا,2026/06/04,"37,286,347"
 الرياض,الرياض,القطاع الخاص,خدمة إلكترونية جزئيا,2026/06/04,"37,274,736"
 الرياض,الرياض,القطاع الخاص,خدمة إلكترونية جزئيا,2026/06/04,"37,287,184"
 الرياض,الرياض,القطاع الخاص,خدمة إلكترونية جزئيا,2026/06/04,"37,273,770"
 الرياض,الرياض,القطاع الخاص,خدمة إلكترونية جزئيا,2026/06/04,"37,292,461"
 الرياض,الرياض,القطاع الخاص,خدمة إلكترونية جزئيا,2026/06/04,"37,293,397"
 الرياض,الرياض,القطاع الخاص,خدمة إلكترونية جزئيا,2026/06/04,"37,275,949"
 الرياض,الرياض,القطاع الخاص,خدمة إلكترونية جزئيا,2026/06/04,"37,273,467"
 الرياض,الرياض,القطاع الخاص,خدمة إلكترونية جزئيا,2026/06/04,"37,283,646"
 الرياض,الرياض,القطاع الخاص,خدمة إلكترونية جزئيا,2026/06/04,"37,275,345"
 الرياض,الرياض,القطاع الخاص,خدمة إلكترونية جزئيا,2026/06/04,"37,273,486"
 الشرقية,الدمام,القطاع الخاص,خدمة إلكترونية جزئيا,2026/06/04,"37,274,354"
 الرياض,الرياض,القطاع الخاص,خدمة إلكترونية جزئيا,2026/06/04,"37,275,402"
 حائل,حائل,القطاع الخاص,خدمة إلكترونية جزئيا,2026/06/04,"37,274,226"
 الرياض,الخرج,القطاع الخاص,خدمة إلكترونية جزئيا,2026/06/04,"37,279,532"
 الرياض,الرياض,القطاع الخاص,خدمة إلكترونية جزئيا,2026/06/04,"37,278,112"
 القصيم,بريده,القطاع الخاص,خدمة إلكترونية جزئيا,2026/06/04,"37,279,425"
 الرياض,الرياض,القطاع الخاص,خدمة إلكترونية جزئيا,2026/06/04,"37,276,274"
 مكة المكرمه,مكة المكرمة,القطاع الخاص,خدمة إلكترونية جزئيا,2026/06/04,"37,281,902"
 عسير,ابها,القطاع الخاص,خدمة إلكترونية جزئيا,2026/06/04,"37,285,589"
 الشرقية,الدمام,القطاع الخاص,خدمة إلكترونية جزئيا,2026/06/04,"37,274,058"
 الرياض,الرياض,القطاع الخاص,خدمة إلكترونية جزئيا,2026/06/04,"37,274,057"
 الرياض,الرياض,القطاع الخاص,خدمة إلكترونية جزئيا,2026/06/04,"37,286,831"
 الرياض,الرياض,القطاع الخاص,خدمة إلكترونية جزئيا,2026/06/04,"37,287,290"
 مكة المكرمه,مكة المكرمة,القطاع الخاص,خدمة إلكترونية جزئيا,2026/06/04,"37,286,819"
 الشرقية,الدمام,القطاع الخاص,خدمة إلكترونية جزئيا,2026/06/04,"37,287,521"
 الرياض,الرياض,القطاع الخاص,خدمة إلكترونية جزئيا,2026/06/04,"37,293,455"
 مكة المكرمه,مكة المكرمة,القطاع الخاص,خدمة إلكترونية جزئيا,2026/06/04,"37,282,495"
 الرياض,الرياض,القطاع الخاص,خدمة إلكترونية جزئيا,2026/06/04,"37,283,898"
 مكة المكرمه,مكة المكرمة,القطاع الخاص,خدمة إلكترونية جزئيا,2026/06/04,"37,285,016"
 مكة المكرمه,مكة المكرمة,القطاع الخاص,خدمة إلكترونية جزئيا,2026/06/04,"37,282,735"
 مكة المكرمه,مكة المكرمة,القطاع الخاص,خدمة إلكترونية جزئيا,2026/06/04,"37,284,638"
 الرياض,شقراء,القطاع الخاص,خدمة إلكترونية جزئيا,2026/06/04,"37,280,116"
 الرياض,شقراء,القطاع الخاص,خدمة إلكترونية جزئيا,2026/06/04,"37,280,994"
 مكة المكرمه,مكة المكرمة,القطاع الخاص,خدمة إلكترونية جزئيا,2026/06/04,"37,275,540"
 المدينة المنوره,المدينة المنورة,القطاع الخاص,خدمة إلكترونية جزئيا,2026/06/04,"37,293,600"
 الحدود الشمالية,عرعر,القطاع الخاص,خدمة إلكترونية جزئيا,2026/06/04,"37,283,351"
الخدمات الرقمية,عام,القطاع العام,خدمة إلكترونية,2026/06/04,"37,272,202"
الخدمات الرقمية,عام,القطاع العام,خدمة إلكترونية,2026/06/04,"37,275,353"
الخدمات الرقمية,عام,القطاع العام,خدمة إلكترونية,2026/06/04,"37,274,522"
الخدمات الرقمية,عام,القطاع العام,خدمة إلكترونية,2026/06/04,"37,280,649"
الخدمات الرقمية,عام,القطاع العام,خدمة إلكترونية,2026/06/04,"37,278,044"
الخدمات الرقمية,عام,القطاع العام,خدمة إلكترونية,2026/06/04,"37,282,158"
الخدمات الرقمية,عام,القطاع العام,خدمة إلكترونية,2026/06/04,"37,283,964"
الخدمات الرقمية,عام,القطاع العام,خدمة إلكترونية,2026/06/04,"37,281,959"
الخدمات الرقمية,عام,القطاع العام,خدمة إلكترونية,2026/06/04,"37,286,212"
الخدمات الرقمية,عام,القطاع العام,خدمة إلكترونية,2026/06/04,"37,289,029"
الخدمات الرقمية,عام,القطاع العام,خدمة إلكترونية,2026/06/04,"37,282,535"
الخدمات الرقمية,عام,القطاع العام,خدمة إلكترونية,2026/06/04,"37,285,316"
الخدمات الرقمية,عام,القطاع العام,خدمة إلكترونية,2026/06/04,"37,288,542"
الخدمات الرقمية,عام,القطاع العام,خدمة إلكترونية,2026/06/04,"37,279,500"
الخدمات الرقمية,عام,القطاع العام,خدمة إلكترونية,2026/06/04,"37,287,424"
الخدمات الرقمية,عام,القطاع العام,خدمة إلكترونية,2026/06/04,"37,285,413"
الخدمات الرقمية,عام,القطاع العام,خدمة إلكترونية,2026/06/04,"37,286,833"
الخدمات الرقمية,عام,القطاع العام,خدمة إلكترونية,2026/06/04,"37,286,157"
الخدمات الرقمية,عام,القطاع العام,خدمة إلكترونية,2026/06/04,"37,286,838"
الخدمات الرقمية,عام,القطاع العام,خدمة إلكترونية,2026/06/04,"37,282,420"
الخدمات الرقمية,عام,القطاع العام,خدمة إلكترونية,2026/06/04,"37,283,817"
الخدمات الرقمية,عام,القطاع العام,خدمة إلكترونية,2026/06/04,"37,285,058"
الخدمات الرقمية,عام,القطاع العام,خدمة إلكترونية,2026/06/04,"37,285,631"
الخدمات الرقمية,عام,القطاع العام,خدمة إلكترونية,2026/06/04,"37,286,206"
الخدمات الرقمية,عام,القطاع العام,خدمة إلكترونية,2026/06/04,"37,287,576"
الخدمات الرقمية,عام,القطاع العام,خدمة إلكترونية,2026/06/04,"37,286,369"
الخدمات الرقمية,عام,القطاع العام,خدمة إلكترونية,2026/06/04,"37,286,582"
الخدمات الرقمية,عام,القطاع العام,خدمة إلكترونية,2026/06/04,"37,285,760"
الخدمات الرقمية,عام,القطاع العام,خدمة إلكترونية,2026/06/04,"37,286,169"
الخدمات الرقمية,عام,القطاع العام,خدمة إلكترونية,2026/06/04,"37,283,720"
الخدمات الرقمية,عام,القطاع العام,خدمة إلكترونية,2026/06/04,"37,285,886"
الخدمات الرقمية,عام,القطاع العام,خدمة إلكترونية,2026/06/04,"37,286,537"
الخدمات الرقمية,عام,القطاع العام,خدمة إلكترونية,2026/06/04,"37,296,292"
الخدمات الرقمية,عام,القطاع العام,خدمة إلكترونية,2026/06/04,"37,284,774"
الخدمات الرقمية,عام,القطاع العام,خدمة إلكترونية,2026/06/04,"37,285,419"
الخدمات الرقمية,عام,القطاع العام,خدمة إلكترونية,2026/06/04,"37,286,919"
الخدمات الرقمية,عام,القطاع العام,خدمة إلكترونية,2026/06/04,"37,286,181"
الخدمات الرقمية,عام,القطاع العام,خدمة إلكترونية,2026/06/04,"37,291,120"
الخدمات الرقمية,عام,القطاع العام,خدمة إلكترونية,2026/06/04,"37,287,857"
الخدمات الرقمية,عام,القطاع العام,خدمة إلكترونية,2026/06/04,"37,290,370"
الخدمات الرقمية,عام,القطاع العام,خدمة إلكترونية,2026/06/04,"37,286,061"
الخدمات الرقمية,عام,القطاع العام,خدمة إلكترونية,2026/06/04,"37,285,963"
الخدمات الرقمية,عام,القطاع العام,خدمة إلكترونية,2026/06/04,"37,288,234"
الخدمات الرقمية,عام,القطاع العام,خدمة إلكترونية,2026/06/04,"37,286,372"
الخدمات الرقمية,عام,القطاع العام,خدمة إلكترونية,2026/06/04,"37,288,278"
الخدمات الرقمية,عام,القطاع العام,خدمة إلكترونية,2026/06/04,"37,289,317"
الخدمات الرقمية,عام,القطاع العام,خدمة إلكترونية,2026/06/04,"37,285,385"
الخدمات الرقمية,عام,القطاع العام,خدمة إلكترونية,2026/06/04,"37,291,453"
الخدمات الرقمية,عام,القطاع العام,خدمة إلكترونية,2026/06/04,"37,287,415"
الخدمات الرقمية,عام,القطاع العام,خدمة إلكترونية,2026/06/04,"37,286,999"
الخدمات الرقمية,عام,القطاع العام,خدمة إلكترونية,2026/06/04,"37,288,147"
الخدمات الرقمية,عام,القطاع العام,خدمة إلكترونية,2026/06/04,"37,291,048"
الخدمات الرقمية,عام,القطاع العام,خدمة إلكترونية,2026/06/04,"37,295,400"
الخدمات الرقمية,عام,القطاع العام,خدمة إلكترونية,2026/06/04,"37,285,517"
الخدمات الرقمية,عام,القطاع العام,خدمة إلكترونية,2026/06/04,"37,287,837"
الخدمات الرقمية,عام,القطاع العام,خدمة إلكترونية,2026/06/04,"37,288,373"
الخدمات الرقمية,عام,القطاع العام,خدمة إلكترونية,2026/06/04,"37,284,575"
الخدمات الرقمية,عام,القطاع العام,خدمة إلكترونية,2026/06/04,"37,294,646"
الخدمات الرقمية,عام,القطاع العام,خدمة إلكترونية,2026/06/04,"37,284,887"
الخدمات الرقمية,عام,القطاع العام,خدمة إلكترونية,2026/06/04,"37,286,925"
الخدمات الرقمية,عام,القطاع العام,خدمة إلكترونية,2026/06/04,"37,292,035"
الخدمات الرقمية,عام,القطاع العام,خدمة إلكترونية,2026/06/04,"37,286,836"
الخدمات الرقمية,عام,القطاع العام,خدمة إلكترونية,2026/06/04,"37,286,331"
الخدمات الرقمية,عام,القطاع العام,خدمة إلكترونية,2026/06/04,"37,294,861"
الخدمات الرقمية,عام,القطاع العام,خدمة إلكترونية,2026/06/04,"37,281,345"
الخدمات الرقمية,عام,القطاع العام,خدمة إلكترونية,2026/06/04,"37,287,810"
الخدمات الرقمية,عام,القطاع العام,خدمة إلكترونية,2026/06/04,"37,284,962"
الخدمات الرقمية,عام,القطاع العام,خدمة إلكترونية,2026/06/04,"37,285,087"
الخدمات الرقمية,عام,القطاع العام,خدمة إلكترونية,2026/06/04,"37,287,473"
الخدمات الرقمية,عام,القطاع العام,خدمة إلكترونية,2026/06/04,"37,295,054"
 القصيم,بريده,القطاع الخاص,خدمة إلكترونية جزئيا,2026/06/05,"37,309,654"
 القصيم,بريده,القطاع الخاص,خدمة إلكترونية جزئيا,2026/06/05,"37,308,360"
 القصيم,بريده,القطاع الخاص,خدمة إلكترونية جزئيا,2026/06/05,"37,308,677"
 القصيم,بريده,القطاع الخاص,خدمة إلكترونية جزئيا,2026/06/05,"37,309,945"
 القصيم,بريده,القطاع الخاص,خدمة إلكترونية جزئيا,2026/06/05,"37,308,691"
 القصيم,بريده,القطاع الخاص,خدمة إلكترونية جزئيا,2026/06/05,"37,308,449"
الخدمات الرقمية,عام,القطاع العام,خدمة إلكترونية,2026/06/05,"37,311,299"
 تبوك,تبوك,القطاع الخاص,خدمة إلكترونية جزئيا,2026/06/06,"37,341,196"
 تبوك,تبوك,القطاع الخاص,خدمة إلكترونية جزئيا,2026/06/06,"37,341,527"
 تبوك,تبوك,القطاع الخاص,خدمة إلكترونية جزئيا,2026/06/06,"37,340,798"
 تبوك,تبوك,القطاع الخاص,خدمة إلكترونية جزئيا,2026/06/06,"37,341,222"
 مكة المكرمه,مكة المكرمة,القطاع الخاص,خدمة إلكترونية جزئيا,2026/06/06,"37,340,617"
 تبوك,تبوك,القطاع الخاص,خدمة إلكترونية جزئيا,2026/06/06,"37,341,566"
 مكة المكرمه,مكة المكرمة,القطاع الخاص,خدمة إلكترونية جزئيا,2026/06/06,"37,340,718"
 تبوك,تبوك,القطاع الخاص,خدمة إلكترونية جزئيا,2026/06/06,"37,341,738"
الخدمات الرقمية,عام,القطاع العام,خدمة إلكترونية,2026/06/06,"37,337,576"
الخدمات الرقمية,عام,القطاع العام,خدمة إلكترونية,2026/06/06,"37,339,505"
 المدينة المنوره,المدينة المنورة,القطاع الخاص,خدمة إلكترونية جزئيا,2026/06/07,"37,357,265"
 المدينة المنوره,المدينة المنورة,القطاع الخاص,خدمة إلكترونية جزئيا,2026/06/07,"37,357,664"
 الشرقية,القطيف,القطاع الخاص,خدمة إلكترونية جزئيا,2026/06/07,"37,363,429"
 الشرقية,القطيف,القطاع الخاص,خدمة إلكترونية جزئيا,2026/06/07,"37,363,179"
 الشرقية,القطيف,القطاع الخاص,خدمة إلكترونية جزئيا,2026/06/07,"37,362,974"
 الشرقية,القطيف,القطاع الخاص,خدمة إلكترونية جزئيا,2026/06/07,"37,363,006"
 الشرقية,الاحساء,القطاع الخاص,خدمة إلكترونية جزئيا,2026/06/07,"37,360,940"
 مكة المكرمه,الطائف,القطاع الخاص,خدمة إلكترونية جزئيا,2026/06/07,"37,356,154"
 مكة المكرمه,الطائف,القطاع الخاص,خدمة إلكترونية جزئيا,2026/06/07,"37,355,558"
 عسير,ابها,القطاع الخاص,خدمة إلكترونية جزئيا,2026/06/07,"37,359,274"
 عسير,ابها,القطاع الخاص,خدمة إلكترونية جزئيا,2026/06/07,"37,352,386"
 عسير,ابها,القطاع الخاص,خدمة إلكترونية جزئيا,2026/06/07,"37,358,967"
 عسير,ابها,القطاع الخاص,خدمة إلكترونية جزئيا,2026/06/07,"37,355,188"
 عسير,ابها,القطاع الخاص,خدمة إلكترونية جزئيا,2026/06/07,"37,359,688"
 القصيم,بريده,القطاع الخاص,خدمة إلكترونية جزئيا,2026/06/07,"37,362,690"
 الشرقية,الدمام,القطاع الخاص,خدمة إلكترونية جزئيا,2026/06/07,"37,350,056"
 الشرقية,الدمام,القطاع الخاص,خدمة إلكترونية جزئيا,2026/06/07,"37,353,253"
 مكة المكرمه,مكة المكرمة,القطاع الخاص,خدمة إلكترونية جزئيا,2026/06/07,"37,358,173"
 مكة المكرمه,مكة المكرمة,القطاع الخاص,خدمة إلكترونية جزئيا,2026/06/07,"37,358,256"
 مكة المكرمه,مكة المكرمة,القطاع الخاص,خدمة إلكترونية جزئيا,2026/06/07,"37,364,260"
 مكة المكرمه,مكة المكرمة,القطاع الخاص,خدمة إلكترونية جزئيا,2026/06/07,"37,364,170"
 الرياض,الرياض,القطاع الخاص,خدمة إلكترونية جزئيا,2026/06/07,"37,356,474"
 الرياض,الرياض,القطاع الخاص,خدمة إلكترونية جزئيا,2026/06/07,"37,358,976"
 الرياض,الرياض,القطاع الخاص,خدمة إلكترونية جزئيا,2026/06/07,"37,360,553"
 الرياض,الرياض,القطاع الخاص,خدمة إلكترونية جزئيا,2026/06/07,"37,364,448"
 الرياض,الرياض,القطاع الخاص,خدمة إلكترونية جزئيا,2026/06/07,"37,364,365"
 الرياض,الرياض,القطاع الخاص,خدمة إلكترونية جزئيا,2026/06/07,"37,364,873"
 الرياض,الرياض,القطاع الخاص,خدمة إلكترونية جزئيا,2026/06/07,"37,363,494"
 الرياض,الرياض,القطاع الخاص,خدمة إلكترونية جزئيا,2026/06/07,"37,364,207"
 الرياض,الرياض,القطاع الخاص,خدمة إلكترونية جزئيا,2026/06/07,"37,364,471"
 الرياض,الرياض,القطاع الخاص,خدمة إلكترونية جزئيا,2026/06/07,"37,363,823"
 الرياض,الرياض,القطاع الخاص,خدمة إلكترونية جزئيا,2026/06/07,"37,364,680"
 الرياض,الرياض,القطاع الخاص,خدمة إلكترونية جزئيا,2026/06/07,"37,363,397"
 الرياض,الرياض,القطاع الخاص,خدمة إلكترونية جزئيا,2026/06/07,"37,351,073"
 الرياض,الرياض,القطاع الخاص,خدمة إلكترونية جزئيا,2026/06/07,"37,351,057"
 الرياض,الرياض,القطاع الخاص,خدمة إلكترونية جزئيا,2026/06/07,"37,352,646"
 الرياض,الرياض,القطاع الخاص,خدمة إلكترونية جزئيا,2026/06/07,"37,359,517"
 الرياض,الرياض,القطاع الخاص,خدمة إلكترونية جزئيا,2026/06/07,"37,354,261"
الخدمات الرقمية,عام,القطاع العام,خدمة إلكترونية,2026/06/07,"37,359,834"
 الرياض,الرياض,القطاع الخاص,خدمة إلكترونية جزئيا,2026/06/07,"37,354,450"
 عسير,ابها,القطاع الخاص,خدمة إلكترونية جزئيا,2026/06/07,"37,359,850"
 الرياض,الرياض,القطاع العام,خدمة إلكترونية جزئيا,2026/06/07,"37,353,826"
 الشرقية,القطيف,القطاع الخاص,خدمة إلكترونية جزئيا,2026/06/07,"37,363,515"
 مكة المكرمه,مكة المكرمة,القطاع الخاص,خدمة إلكترونية جزئيا,2026/06/07,"37,364,259"
 عسير,ابها,القطاع الخاص,خدمة إلكترونية جزئيا,2026/06/07,"37,355,259"
 الرياض,الرياض,القطاع الخاص,خدمة إلكترونية جزئيا,2026/06/07,"37,363,699"
 الشرقية,الاحساء,القطاع الخاص,خدمة إلكترونية جزئيا,2026/06/07,"37,361,106"
 الرياض,الرياض,القطاع الخاص,خدمة إلكترونية جزئيا,2026/06/07,"37,351,159"
 الرياض,الرياض,القطاع الخاص,خدمة إلكترونية جزئيا,2026/06/07,"37,364,223"
 الرياض,الرياض,القطاع الخاص,خدمة إلكترونية جزئيا,2026/06/07,"37,363,966"
 الرياض,الرياض,القطاع الخاص,خدمة إلكترونية جزئيا,2026/06/07,"37,364,565"
 الرياض,الرياض,القطاع الخاص,خدمة إلكترونية جزئيا,2026/06/07,"37,363,463"
 عسير,ابها,القطاع الخاص,خدمة إلكترونية جزئيا,2026/06/07,"37,352,568"
 مكة المكرمه,مكة المكرمة,القطاع الخاص,خدمة إلكترونية جزئيا,2026/06/07,"37,358,715"
 مكة المكرمه,مكة المكرمة,القطاع الخاص,خدمة إلكترونية جزئيا,2026/06/07,"37,358,795"
 مكة المكرمه,الطائف,القطاع الخاص,خدمة إلكترونية جزئيا,2026/06/07,"37,356,255"
 الرياض,الرياض,القطاع الخاص,خدمة إلكترونية جزئيا,2026/06/07,"37,356,679"
 الرياض,الرياض,القطاع الخاص,خدمة إلكترونية جزئيا,2026/06/07,"37,360,691"
 القصيم,بريده,القطاع الخاص,خدمة إلكترونية جزئيا,2026/06/07,"37,362,810"
 الشرقية,الدمام,القطاع الخاص,خدمة إلكترونية جزئيا,2026/06/07,"37,350,212"
 الشرقية,الدمام,القطاع الخاص,خدمة إلكترونية جزئيا,2026/06/07,"37,353,392"
 الرياض,الرياض,القطاع الخاص,خدمة إلكترونية جزئيا,2026/06/07,"37,359,469"
 الرياض,الرياض,القطاع الخاص,خدمة إلكترونية جزئيا,2026/06/07,"37,365,175"
 الرياض,الرياض,القطاع الخاص,خدمة إلكترونية جزئيا,2026/06/07,"37,364,761"
 المدينة المنوره,المدينة المنورة,القطاع الخاص,خدمة إلكترونية جزئيا,2026/06/07,"37,357,763"
الخدمات الرقمية,عام,القطاع العام,خدمة إلكترونية,2026/06/07,"37,356,865"
الخدمات الرقمية,عام,القطاع العام,خدمة إلكترونية,2026/06/07,"37,366,206"
الخدمات الرقمية,عام,القطاع العام,خدمة إلكترونية,2026/06/07,"37,357,031"
الخدمات الرقمية,عام,القطاع العام,خدمة إلكترونية,2026/06/07,"37,366,143"
الخدمات الرقمية,عام,القطاع العام,خدمة إلكترونية,2026/06/07,"37,366,802"
الخدمات الرقمية,عام,القطاع العام,خدمة إلكترونية,2026/06/07,"37,366,847"
الخدمات الرقمية,عام,القطاع العام,خدمة إلكترونية,2026/06/07,"37,366,864"
الخدمات الرقمية,عام,القطاع العام,خدمة إلكترونية,2026/06/07,"37,355,931"
الخدمات الرقمية,عام,القطاع العام,خدمة إلكترونية,2026/06/07,"37,360,244"
الخدمات الرقمية,عام,القطاع العام,خدمة إلكترونية,2026/06/07,"37,364,689"
الخدمات الرقمية,عام,القطاع العام,خدمة إلكترونية,2026/06/07,"37,360,654"
الخدمات الرقمية,عام,القطاع العام,خدمة إلكترونية,2026/06/07,"37,364,634"
الخدمات الرقمية,عام,القطاع العام,خدمة إلكترونية,2026/06/07,"37,360,709"
الخدمات الرقمية,عام,القطاع العام,خدمة إلكترونية,2026/06/07,"37,367,125"
الخدمات الرقمية,عام,القطاع العام,خدمة إلكترونية,2026/06/07,"37,366,937"
الخدمات الرقمية,عام,القطاع العام,خدمة إلكترونية,2026/06/07,"37,355,884"
الخدمات الرقمية,عام,القطاع العام,خدمة إلكترونية,2026/06/07,"37,367,089"
الخدمات الرقمية,عام,القطاع العام,خدمة إلكترونية,2026/06/07,"37,357,319"
الخدمات الرقمية,عام,القطاع العام,خدمة إلكترونية,2026/06/07,"37,360,088"
الخدمات الرقمية,عام,القطاع العام,خدمة إلكترونية,2026/06/07,"37,352,975"
الخدمات الرقمية,عام,القطاع العام,خدمة إلكترونية,2026/06/07,"37,358,444"
الخدمات الرقمية,عام,القطاع العام,خدمة إلكترونية,2026/06/07,"37,353,039"
الخدمات الرقمية,عام,القطاع العام,خدمة إلكترونية,2026/06/07,"37,355,843"
الخدمات الرقمية,عام,القطاع العام,خدمة إلكترونية,2026/06/07,"37,366,877"
الخدمات الرقمية,عام,القطاع العام,خدمة إلكترونية,2026/06/07,"37,366,693"
الخدمات الرقمية,عام,القطاع العام,خدمة إلكترونية,2026/06/07,"37,366,958"
الخدمات الرقمية,عام,القطاع العام,خدمة إلكترونية,2026/06/07,"37,351,463"
الخدمات الرقمية,عام,القطاع العام,خدمة إلكترونية,2026/06/07,"37,364,004"
الخدمات الرقمية,عام,القطاع العام,خدمة إلكترونية,2026/06/07,"37,360,736"
الخدمات الرقمية,عام,القطاع العام,خدمة إلكترونية,2026/06/07,"37,358,866"
الخدمات الرقمية,عام,القطاع العام,خدمة إلكترونية,2026/06/07,"37,350,245"
الخدمات الرقمية,عام,القطاع العام,خدمة إلكترونية,2026/06/07,"37,354,074"
الخدمات الرقمية,عام,القطاع العام,خدمة إلكترونية,2026/06/07,"37,364,714"
الخدمات الرقمية,عام,القطاع العام,خدمة إلكترونية,2026/06/07,"37,367,463"
الخدمات الرقمية,عام,القطاع العام,خدمة إلكترونية,2026/06/07,"37,354,447"
الخدمات الرقمية,عام,القطاع العام,خدمة إلكترونية,2026/06/07,"37,354,722"
الخدمات الرقمية,عام,القطاع العام,خدمة إلكترونية,2026/06/07,"37,360,992"
الخدمات الرقمية,عام,القطاع العام,خدمة إلكترونية,2026/06/07,"37,361,521"
الخدمات الرقمية,عام,القطاع العام,خدمة إلكترونية,2026/06/07,"37,360,997"
الخدمات الرقمية,عام,القطاع العام,خدمة إلكترونية,2026/06/07,"37,359,874"
الخدمات الرقمية,عام,القطاع العام,خدمة إلكترونية,2026/06/07,"37,365,539"
الخدمات الرقمية,عام,القطاع العام,خدمة إلكترونية,2026/06/07,"37,361,299"
الخدمات الرقمية,عام,القطاع العام,خدمة إلكترونية,2026/06/07,"37,365,533"
الخدمات الرقمية,عام,القطاع العام,خدمة إلكترونية,2026/06/07,"37,354,811"
الخدمات الرقمية,عام,القطاع العام,خدمة إلكترونية,2026/06/07,"37,355,436"
الخدمات الرقمية,عام,القطاع العام,خدمة إلكترونية,2026/06/07,"37,360,884"
الخدمات الرقمية,عام,القطاع العام,خدمة إلكترونية,2026/06/07,"37,350,517"
الخدمات الرقمية,عام,القطاع العام,خدمة إلكترونية,2026/06/07,"37,361,496"
الخدمات الرقمية,عام,القطاع العام,خدمة إلكترونية,2026/06/07,"37,359,175"
الخدمات الرقمية,عام,القطاع العام,خدمة إلكترونية,2026/06/07,"37,365,255"
الخدمات الرقمية,عام,القطاع العام,خدمة إلكترونية,2026/06/07,"37,354,622"
الخدمات الرقمية,عام,القطاع العام,خدمة إلكترونية,2026/06/07,"37,364,720"
الخدمات الرقمية,عام,القطاع العام,خدمة إلكترونية,2026/06/07,"37,354,674"
الخدمات الرقمية,عام,القطاع العام,خدمة إلكترونية,2026/06/07,"37,359,539"
الخدمات الرقمية,عام,القطاع العام,خدمة إلكترونية,2026/06/07,"37,354,027"
الخدمات الرقمية,عام,القطاع العام,خدمة إلكترونية,2026/06/07,"37,365,375"
الخدمات الرقمية,عام,القطاع العام,خدمة إلكترونية,2026/06/07,"37,361,071"
الخدمات الرقمية,عام,القطاع العام,خدمة إلكترونية,2026/06/07,"37,355,650"
الخدمات الرقمية,عام,القطاع العام,خدمة إلكترونية,2026/06/07,"37,360,781"
الخدمات الرقمية,عام,القطاع العام,خدمة إلكترونية,2026/06/07,"37,361,231"
الخدمات الرقمية,عام,القطاع العام,خدمة إلكترونية,2026/06/07,"37,361,613"
الخدمات الرقمية,عام,القطاع العام,خدمة إلكترونية,2026/06/07,"37,359,859"
الخدمات الرقمية,عام,القطاع العام,خدمة إلكترونية,2026/06/07,"37,361,093"
الخدمات الرقمية,عام,القطاع العام,خدمة إلكترونية,2026/06/07,"37,354,371"
الخدمات الرقمية,عام,القطاع العام,خدمة إلكترونية,2026/06/07,"37,361,604"
الخدمات الرقمية,عام,القطاع العام,خدمة إلكترونية,2026/06/07,"37,360,393"
 المدينة المنوره,المدينة المنورة,القطاع الخاص,خدمة إلكترونية جزئيا,2026/06/08,"37,378,902"
 المدينة المنوره,المدينة المنورة,القطاع الخاص,خدمة إلكترونية جزئيا,2026/06/08,"37,380,557"
 نجران,نجران,القطاع الخاص,خدمة إلكترونية جزئيا,2026/06/08,"37,388,162"
 حائل,حائل,القطاع الخاص,خدمة إلكترونية جزئيا,2026/06/08,"37,382,634"
 حائل,حائل,القطاع الخاص,خدمة إلكترونية جزئيا,2026/06/08,"37,379,230"
 مكة المكرمه,جده,القطاع الخاص,خدمة إلكترونية جزئيا,2026/06/08,"37,377,679"
 الشرقية,الدمام,القطاع الخاص,خدمة إلكترونية جزئيا,2026/06/08,"37,384,338"
 مكة المكرمه,مكة المكرمة,القطاع الخاص,خدمة إلكترونية جزئيا,2026/06/08,"37,387,691"
 مكة المكرمه,مكة المكرمة,القطاع الخاص,خدمة إلكترونية جزئيا,2026/06/08,"37,387,335"
 الرياض,الرياض,القطاع الخاص,خدمة إلكترونية جزئيا,2026/06/08,"37,385,263"
 الرياض,الرياض,القطاع الخاص,خدمة إلكترونية جزئيا,2026/06/08,"37,386,398"
 الرياض,الرياض,القطاع الخاص,خدمة إلكترونية جزئيا,2026/06/08,"37,385,104"
 الرياض,الرياض,القطاع الخاص,خدمة إلكترونية جزئيا,2026/06/08,"37,383,865"
 الرياض,الرياض,القطاع الخاص,خدمة إلكترونية جزئيا,2026/06/08,"37,387,563"
 الرياض,الرياض,القطاع الخاص,خدمة إلكترونية جزئيا,2026/06/08,"37,381,977"
 الرياض,الرياض,القطاع الخاص,خدمة إلكترونية جزئيا,2026/06/08,"37,374,663"
 الرياض,الرياض,القطاع الخاص,خدمة إلكترونية جزئيا,2026/06/08,"37,383,345"
 الرياض,الرياض,القطاع الخاص,خدمة إلكترونية جزئيا,2026/06/08,"37,377,245"
 الرياض,الرياض,القطاع الخاص,خدمة إلكترونية جزئيا,2026/06/08,"37,378,971"
 الرياض,الرياض,القطاع الخاص,خدمة إلكترونية جزئيا,2026/06/08,"37,381,431"
الخدمات الرقمية,عام,القطاع العام,خدمة إلكترونية,2026/06/08,"37,382,031"
 الرياض,الرياض,القطاع الخاص,خدمة إلكترونية جزئيا,2026/06/08,"37,377,596"
 الرياض,الرياض,القطاع الخاص,خدمة إلكترونية جزئيا,2026/06/08,"37,383,518"
 الرياض,الرياض,القطاع الخاص,خدمة إلكترونية جزئيا,2026/06/08,"37,379,383"
 الرياض,الرياض,القطاع الخاص,خدمة إلكترونية جزئيا,2026/06/08,"37,374,885"
 نجران,نجران,القطاع الخاص,خدمة إلكترونية جزئيا,2026/06/08,"37,388,337"
 حائل,حائل,القطاع الخاص,خدمة إلكترونية جزئيا,2026/06/08,"37,382,915"
 مكة المكرمه,مكة المكرمة,القطاع الخاص,خدمة إلكترونية جزئيا,2026/06/08,"37,387,537"
 الرياض,الرياض,القطاع الخاص,خدمة إلكترونية جزئيا,2026/06/08,"37,381,892"
 مكة المكرمه,جده,القطاع الخاص,خدمة إلكترونية جزئيا,2026/06/08,"37,377,512"
 مكة المكرمه,جده,القطاع الخاص,خدمة إلكترونية جزئيا,2026/06/08,"37,380,417"
 مكة المكرمه,جده,القطاع الخاص,خدمة إلكترونية جزئيا,2026/06/08,"37,378,012"
 الرياض,الرياض,القطاع الخاص,خدمة إلكترونية جزئيا,2026/06/08,"37,385,458"
 الرياض,الرياض,القطاع الخاص,خدمة إلكترونية جزئيا,2026/06/08,"37,386,967"
 الرياض,الرياض,القطاع الخاص,خدمة إلكترونية جزئيا,2026/06/08,"37,385,439"
 الرياض,الرياض,القطاع الخاص,خدمة إلكترونية جزئيا,2026/06/08,"37,382,249"
 مكة المكرمه,مكة المكرمة,القطاع الخاص,خدمة إلكترونية جزئيا,2026/06/08,"37,387,772"
 الرياض,الرياض,القطاع الخاص,خدمة إلكترونية جزئيا,2026/06/08,"37,387,579"
 حائل,حائل,القطاع الخاص,خدمة إلكترونية جزئيا,2026/06/08,"37,379,459"
الخدمات الرقمية,عام,القطاع العام,خدمة إلكترونية,2026/06/08,"37,372,301"
الخدمات الرقمية,عام,القطاع العام,خدمة إلكترونية,2026/06/08,"37,376,236"
الخدمات الرقمية,عام,القطاع العام,خدمة إلكترونية,2026/06/08,"37,376,732"
الخدمات الرقمية,عام,القطاع العام,خدمة إلكترونية,2026/06/08,"37,382,405"
الخدمات الرقمية,عام,القطاع العام,خدمة إلكترونية,2026/06/08,"37,376,864"
الخدمات الرقمية,عام,القطاع العام,خدمة إلكترونية,2026/06/08,"37,376,271"
الخدمات الرقمية,عام,القطاع العام,خدمة إلكترونية,2026/06/08,"37,382,687"
الخدمات الرقمية,عام,القطاع العام,خدمة إلكترونية,2026/06/08,"37,382,207"
الخدمات الرقمية,عام,القطاع العام,خدمة إلكترونية,2026/06/08,"37,387,170"
الخدمات الرقمية,عام,القطاع العام,خدمة إلكترونية,2026/06/08,"37,382,323"
الخدمات الرقمية,عام,القطاع العام,خدمة إلكترونية,2026/06/08,"37,379,843"
الخدمات الرقمية,عام,القطاع العام,خدمة إلكترونية,2026/06/08,"37,382,419"
الخدمات الرقمية,عام,القطاع العام,خدمة إلكترونية,2026/06/08,"37,388,541"
الخدمات الرقمية,عام,القطاع العام,خدمة إلكترونية,2026/06/08,"37,384,777"
الخدمات الرقمية,عام,القطاع العام,خدمة إلكترونية,2026/06/08,"37,384,831"
الخدمات الرقمية,عام,القطاع العام,خدمة إلكترونية,2026/06/08,"37,386,859"
الخدمات الرقمية,عام,القطاع العام,خدمة إلكترونية,2026/06/08,"37,387,840"
الخدمات الرقمية,عام,القطاع العام,خدمة إلكترونية,2026/06/08,"37,382,451"
الخدمات الرقمية,عام,القطاع العام,خدمة إلكترونية,2026/06/08,"37,384,614"
الخدمات الرقمية,عام,القطاع العام,خدمة إلكترونية,2026/06/08,"37,374,942"
الخدمات الرقمية,عام,القطاع العام,خدمة إلكترونية,2026/06/08,"37,375,114"
الخدمات الرقمية,عام,القطاع العام,خدمة إلكترونية,2026/06/08,"37,379,280"
الخدمات الرقمية,عام,القطاع العام,خدمة إلكترونية,2026/06/08,"37,382,291"
الخدمات الرقمية,عام,القطاع العام,خدمة إلكترونية,2026/06/08,"37,386,419"
الخدمات الرقمية,عام,القطاع العام,خدمة إلكترونية,2026/06/08,"37,376,214"
الخدمات الرقمية,عام,القطاع العام,خدمة إلكترونية,2026/06/08,"37,380,789"
الخدمات الرقمية,عام,القطاع العام,خدمة إلكترونية,2026/06/08,"37,387,919"
الخدمات الرقمية,عام,القطاع العام,خدمة إلكترونية,2026/06/08,"37,375,228"
الخدمات الرقمية,عام,القطاع العام,خدمة إلكترونية,2026/06/08,"37,384,270"
الخدمات الرقمية,عام,القطاع العام,خدمة إلكترونية,2026/06/08,"37,385,001"
الخدمات الرقمية,عام,القطاع العام,خدمة إلكترونية,2026/06/08,"37,382,067"
الخدمات الرقمية,عام,القطاع العام,خدمة إلكترونية,2026/06/08,"37,392,506"
الخدمات الرقمية,عام,القطاع العام,خدمة إلكترونية,2026/06/08,"37,382,696"
الخدمات الرقمية,عام,القطاع العام,خدمة إلكترونية,2026/06/08,"37,384,597"
الخدمات الرقمية,عام,القطاع العام,خدمة إلكترونية,2026/06/08,"37,375,090"
الخدمات الرقمية,عام,القطاع العام,خدمة إلكترونية,2026/06/08,"37,382,024"
الخدمات الرقمية,عام,القطاع العام,خدمة إلكترونية,2026/06/08,"37,371,108"
الخدمات الرقمية,عام,القطاع العام,خدمة إلكترونية,2026/06/08,"37,385,358"
الخدمات الرقمية,عام,القطاع العام,خدمة إلكترونية,2026/06/08,"37,370,600"
الخدمات الرقمية,عام,القطاع العام,خدمة إلكترونية,2026/06/08,"37,387,506"
الخدمات الرقمية,عام,القطاع العام,خدمة إلكترونية,2026/06/08,"37,382,742"
الخدمات الرقمية,عام,القطاع العام,خدمة إلكترونية,2026/06/08,"37,382,790"
الخدمات الرقمية,عام,القطاع العام,خدمة إلكترونية,2026/06/08,"37,385,346"
الخدمات الرقمية,عام,القطاع العام,خدمة إلكترونية,2026/06/08,"37,377,203"
الخدمات الرقمية,عام,القطاع العام,خدمة إلكترونية,2026/06/08,"37,383,185"
الخدمات الرقمية,عام,القطاع العام,خدمة إلكترونية,2026/06/08,"37,384,960"
الخدمات الرقمية,عام,القطاع العام,خدمة إلكترونية,2026/06/08,"37,382,169"
الخدمات الرقمية,عام,القطاع العام,خدمة إلكترونية,2026/06/08,"37,387,059"
الخدمات الرقمية,عام,القطاع العام,خدمة إلكترونية,2026/06/08,"37,379,209"
الخدمات الرقمية,عام,القطاع العام,خدمة إلكترونية,2026/06/08,"37,380,272"
الخدمات الرقمية,عام,القطاع العام,خدمة إلكترونية,2026/06/08,"37,369,952"
الخدمات الرقمية,عام,القطاع العام,خدمة إلكترونية,2026/06/08,"37,381,526"
الخدمات الرقمية,عام,القطاع العام,خدمة إلكترونية,2026/06/08,"37,382,286"
الخدمات الرقمية,عام,القطاع العام,خدمة إلكترونية,2026/06/08,"37,382,123"
الخدمات الرقمية,عام,القطاع العام,خدمة إلكترونية,2026/06/08,"37,382,266"
الخدمات الرقمية,عام,القطاع العام,خدمة إلكترونية,2026/06/08,"37,384,141"
الخدمات الرقمية,عام,القطاع العام,خدمة إلكترونية,2026/06/08,"37,386,089"
الخدمات الرقمية,عام,القطاع العام,خدمة إلكترونية,2026/06/08,"37,382,795"
الخدمات الرقمية,عام,القطاع العام,خدمة إلكترونية,2026/06/08,"37,390,339"
الخدمات الرقمية,عام,القطاع العام,خدمة إلكترونية,2026/06/08,"37,382,174"
الخدمات الرقمية,عام,القطاع العام,خدمة إلكترونية,2026/06/08,"37,370,755"
الخدمات الرقمية,عام,القطاع العام,خدمة إلكترونية,2026/06/08,"37,382,960"
الخدمات الرقمية,عام,القطاع العام,خدمة إلكترونية,2026/06/08,"37,377,839"
الخدمات الرقمية,عام,القطاع العام,خدمة إلكترونية,2026/06/08,"37,386,027"
الخدمات الرقمية,عام,القطاع العام,خدمة إلكترونية,2026/06/08,"37,382,676"
الخدمات الرقمية,عام,القطاع العام,خدمة إلكترونية,2026/06/08,"37,386,085"
الخدمات الرقمية,عام,القطاع العام,خدمة إلكترونية,2026/06/08,"37,387,168"
الخدمات الرقمية,عام,القطاع العام,خدمة إلكترونية,2026/06/08,"37,385,947"
الخدمات الرقمية,عام,القطاع العام,خدمة إلكترونية,2026/06/08,"37,385,925"
الخدمات الرقمية,عام,القطاع العام,خدمة إلكترونية,2026/06/08,"37,386,377"
الخدمات الرقمية,عام,القطاع العام,خدمة إلكترونية,2026/06/08,"37,381,939"
الخدمات الرقمية,عام,القطاع العام,خدمة إلكترونية,2026/06/08,"37,383,295"
الخدمات الرقمية,عام,القطاع العام,خدمة إلكترونية,2026/06/08,"37,386,347"
الخدمات الرقمية,عام,القطاع العام,خدمة إلكترونية,2026/06/08,"37,386,190"
الخدمات الرقمية,عام,القطاع العام,خدمة إلكترونية,2026/06/08,"37,385,703"
الخدمات الرقمية,عام,القطاع العام,خدمة إلكترونية,2026/06/08,"37,387,214"
الخدمات الرقمية,عام,القطاع العام,خدمة إلكترونية,2026/06/08,"37,386,047"
الخدمات الرقمية,عام,القطاع العام,خدمة إلكترونية,2026/06/08,"37,386,970"
الخدمات الرقمية,عام,القطاع العام,خدمة إلكترونية,2026/06/08,"37,384,763"
الخدمات الرقمية,عام,القطاع العام,خدمة إلكترونية,2026/06/08,"37,385,986"
الخدمات الرقمية,عام,القطاع العام,خدمة إلكترونية,2026/06/08,"37,376,530"
الخدمات الرقمية,عام,القطاع العام,خدمة إلكترونية,2026/06/08,"37,386,076"
الخدمات الرقمية,عام,القطاع العام,خدمة إلكترونية,2026/06/08,"37,386,302"
الخدمات الرقمية,عام,القطاع العام,خدمة إلكترونية,2026/06/08,"37,392,331"
الخدمات الرقمية,عام,القطاع العام,خدمة إلكترونية,2026/06/08,"37,385,827"
الخدمات الرقمية,عام,القطاع العام,خدمة إلكترونية,2026/06/08,"37,386,239"
الخدمات الرقمية,عام,القطاع العام,خدمة إلكترونية,2026/06/08,"37,385,984"
الخدمات الرقمية,عام,القطاع العام,خدمة إلكترونية,2026/06/08,"37,385,791"
الخدمات الرقمية,عام,القطاع العام,خدمة إلكترونية,2026/06/08,"37,386,148"
الخدمات الرقمية,عام,القطاع العام,خدمة إلكترونية,2026/06/08,"37,386,001"
الخدمات الرقمية,عام,القطاع العام,خدمة إلكترونية,2026/06/08,"37,386,370"
الخدمات الرقمية,عام,القطاع العام,خدمة إلكترونية,2026/06/08,"37,385,915"
الخدمات الرقمية,عام,القطاع العام,خدمة إلكترونية,2026/06/08,"37,382,475"
الخدمات الرقمية,عام,القطاع العام,خدمة إلكترونية,2026/06/08,"37,386,326"
الخدمات الرقمية,عام,القطاع العام,خدمة إلكترونية,2026/06/08,"37,385,870"
الخدمات الرقمية,عام,القطاع العام,خدمة إلكترونية,2026/06/08,"37,381,477"
الخدمات الرقمية,عام,القطاع العام,خدمة إلكترونية,2026/06/08,"37,385,896"
الخدمات الرقمية,عام,القطاع العام,خدمة إلكترونية,2026/06/08,"37,387,204"
 القصيم,بريده,القطاع الخاص,خدمة إلكترونية جزئيا,2026/06/09,"37,406,877"
 مكة المكرمه,جده,القطاع الخاص,خدمة إلكترونية جزئيا,2026/06/09,"37,411,055"
 الرياض,الرياض,القطاع الخاص,خدمة إلكترونية جزئيا,2026/06/09,"37,411,544"
 الرياض,الرياض,القطاع الخاص,خدمة إلكترونية جزئيا,2026/06/09,"37,406,959"
 المدينة المنوره,المدينة المنورة,القطاع الخاص,خدمة إلكترونية جزئيا,2026/06/09,"37,416,698"
 تبوك,تبوك,القطاع الخاص,خدمة إلكترونية جزئيا,2026/06/09,"37,406,231"
 الشرقية,الخبر,القطاع الخاص,خدمة إلكترونية جزئيا,2026/06/09,"37,408,446"
 عسير,ابها,القطاع الخاص,خدمة إلكترونية جزئيا,2026/06/09,"37,414,837"
 عسير,ابها,القطاع الخاص,خدمة إلكترونية جزئيا,2026/06/09,"37,414,731"
 عسير,ابها,القطاع الخاص,خدمة إلكترونية جزئيا,2026/06/09,"37,414,996"
 مكة المكرمه,الطائف,القطاع الخاص,خدمة إلكترونية جزئيا,2026/06/09,"37,407,215"
 عسير,ابها,القطاع الخاص,خدمة إلكترونية جزئيا,2026/06/09,"37,408,490"
 القصيم,بريده,القطاع الخاص,خدمة إلكترونية جزئيا,2026/06/09,"37,409,059"
 القصيم,بريده,القطاع الخاص,خدمة إلكترونية جزئيا,2026/06/09,"37,406,159"
 القصيم,بريده,القطاع الخاص,خدمة إلكترونية جزئيا,2026/06/09,"37,406,390"
 القصيم,بريده,القطاع الخاص,خدمة إلكترونية جزئيا,2026/06/09,"37,406,630"
 القصيم,بريده,القطاع الخاص,خدمة إلكترونية جزئيا,2026/06/09,"37,407,398"
 القصيم,بريده,القطاع الخاص,خدمة إلكترونية جزئيا,2026/06/09,"37,407,165"
 مكة المكرمه,جده,القطاع الخاص,خدمة إلكترونية جزئيا,2026/06/09,"37,411,332"
 مكة المكرمه,جده,القطاع الخاص,خدمة إلكترونية جزئيا,2026/06/09,"37,402,735"
 مكة المكرمه,جده,القطاع الخاص,خدمة إلكترونية جزئيا,2026/06/09,"37,411,173"
 الشرقية,الدمام,القطاع الخاص,خدمة إلكترونية جزئيا,2026/06/09,"37,399,565"
 مكة المكرمه,مكة المكرمة,القطاع الخاص,خدمة إلكترونية جزئيا,2026/06/09,"37,404,799"
 مكة المكرمه,مكة المكرمة,القطاع الخاص,خدمة إلكترونية جزئيا,2026/06/09,"37,412,579"
 مكة المكرمه,مكة المكرمة,القطاع الخاص,خدمة إلكترونية جزئيا,2026/06/09,"37,405,634"
 مكة المكرمه,مكة المكرمة,القطاع الخاص,خدمة إلكترونية جزئيا,2026/06/09,"37,412,193"
 مكة المكرمه,مكة المكرمة,القطاع الخاص,خدمة إلكترونية جزئيا,2026/06/09,"37,403,188"
 مكة المكرمه,مكة المكرمة,القطاع الخاص,خدمة إلكترونية جزئيا,2026/06/09,"37,408,144"
 مكة المكرمه,مكة المكرمة,القطاع الخاص,خدمة إلكترونية جزئيا,2026/06/09,"37,412,371"
 الرياض,الرياض,القطاع الخاص,خدمة إلكترونية جزئيا,2026/06/09,"37,401,176"
 الرياض,الرياض,القطاع الخاص,خدمة إلكترونية جزئيا,2026/06/09,"37,401,815"
 الرياض,الرياض,القطاع الخاص,خدمة إلكترونية جزئيا,2026/06/09,"37,404,765"
 الرياض,الرياض,القطاع الخاص,خدمة إلكترونية جزئيا,2026/06/09,"37,402,014"
 الرياض,الرياض,القطاع الخاص,خدمة إلكترونية جزئيا,2026/06/09,"37,411,545"
 الرياض,الرياض,القطاع الخاص,خدمة إلكترونية جزئيا,2026/06/09,"37,407,101"
 الرياض,الرياض,القطاع الخاص,خدمة إلكترونية جزئيا,2026/06/09,"37,401,306"
 مكة المكرمه,جده,القطاع الخاص,خدمة إلكترونية جزئيا,2026/06/09,"37,402,804"
 الرياض,الرياض,القطاع الخاص,خدمة إلكترونية جزئيا,2026/06/09,"37,401,892"
 الشرقية,الدمام,القطاع الخاص,خدمة إلكترونية جزئيا,2026/06/09,"37,399,727"
 القصيم,بريده,القطاع الخاص,خدمة إلكترونية جزئيا,2026/06/09,"37,407,270"
 القصيم,بريده,القطاع الخاص,خدمة إلكترونية جزئيا,2026/06/09,"37,407,450"
 القصيم,بريده,القطاع الخاص,خدمة إلكترونية جزئيا,2026/06/09,"37,409,249"
 مكة المكرمه,جده,القطاع الخاص,خدمة إلكترونية جزئيا,2026/06/09,"37,411,461"
 مكة المكرمه,مكة المكرمة,القطاع الخاص,خدمة إلكترونية جزئيا,2026/06/09,"37,403,375"
 مكة المكرمه,مكة المكرمة,القطاع الخاص,خدمة إلكترونية جزئيا,2026/06/09,"37,412,224"
 عسير,ابها,القطاع الخاص,خدمة إلكترونية جزئيا,2026/06/09,"37,408,680"
 عسير,ابها,القطاع الخاص,خدمة إلكترونية جزئيا,2026/06/09,"37,415,036"
 الرياض,الرياض,القطاع الخاص,خدمة إلكترونية جزئيا,2026/06/09,"37,411,612"
 الرياض,الرياض,القطاع الخاص,خدمة إلكترونية جزئيا,2026/06/09,"37,402,409"
 الشرقية,الخبر,القطاع الخاص,خدمة إلكترونية جزئيا,2026/06/09,"37,408,641"
 الرياض,الرياض,القطاع الخاص,خدمة إلكترونية جزئيا,2026/06/09,"37,411,743"
 مكة المكرمه,مكة المكرمة,القطاع الخاص,خدمة إلكترونية جزئيا,2026/06/09,"37,409,478"
 مكة المكرمه,مكة المكرمة,القطاع الخاص,خدمة إلكترونية جزئيا,2026/06/09,"37,405,858"
 مكة المكرمه,مكة المكرمة,القطاع الخاص,خدمة إلكترونية جزئيا,2026/06/09,"37,404,896"
 مكة المكرمه,مكة المكرمة,القطاع الخاص,خدمة إلكترونية جزئيا,2026/06/09,"37,412,432"
 مكة المكرمه,مكة المكرمة,القطاع الخاص,خدمة إلكترونية جزئيا,2026/06/09,"37,412,754"
 المدينة المنوره,المدينة المنورة,القطاع الخاص,خدمة إلكترونية جزئيا,2026/06/09,"37,416,939"
 القصيم,بريده,القطاع الخاص,خدمة إلكترونية جزئيا,2026/06/09,"37,406,262"
 تبوك,تبوك,القطاع الخاص,خدمة إلكترونية جزئيا,2026/06/09,"37,406,616"
 مكة المكرمه,الطائف,القطاع الخاص,خدمة إلكترونية جزئيا,2026/06/09,"37,407,610"
الخدمات الرقمية,عام,القطاع العام,خدمة إلكترونية,2026/06/09,"37,410,043"
الخدمات الرقمية,عام,القطاع العام,خدمة إلكترونية,2026/06/09,"37,416,615"
الخدمات الرقمية,عام,القطاع العام,خدمة إلكترونية,2026/06/09,"37,405,418"
الخدمات الرقمية,عام,القطاع العام,خدمة إلكترونية,2026/06/09,"37,394,507"
الخدمات الرقمية,عام,القطاع العام,خدمة إلكترونية,2026/06/09,"37,413,857"
الخدمات الرقمية,عام,القطاع العام,خدمة إلكترونية,2026/06/09,"37,394,668"
الخدمات الرقمية,عام,القطاع العام,خدمة إلكترونية,2026/06/09,"37,401,726"
الخدمات الرقمية,عام,القطاع العام,خدمة إلكترونية,2026/06/09,"37,416,428"
الخدمات الرقمية,عام,القطاع العام,خدمة إلكترونية,2026/06/09,"37,407,902"
الخدمات الرقمية,عام,القطاع العام,خدمة إلكترونية,2026/06/09,"37,409,254"
الخدمات الرقمية,عام,القطاع العام,خدمة إلكترونية,2026/06/09,"37,401,125"
الخدمات الرقمية,عام,القطاع العام,خدمة إلكترونية,2026/06/09,"37,401,830"
الخدمات الرقمية,عام,القطاع العام,خدمة إلكترونية,2026/06/09,"37,409,058"
الخدمات الرقمية,عام,القطاع العام,خدمة إلكترونية,2026/06/09,"37,410,711"
الخدمات الرقمية,عام,القطاع العام,خدمة إلكترونية,2026/06/09,"37,398,178"
الخدمات الرقمية,عام,القطاع العام,خدمة إلكترونية,2026/06/09,"37,398,638"
الخدمات الرقمية,عام,القطاع العام,خدمة إلكترونية,2026/06/09,"37,398,649"
الخدمات الرقمية,عام,القطاع العام,خدمة إلكترونية,2026/06/09,"37,398,678"
الخدمات الرقمية,عام,القطاع العام,خدمة إلكترونية,2026/06/09,"37,412,605"
الخدمات الرقمية,عام,القطاع العام,خدمة إلكترونية,2026/06/09,"37,412,763"
الخدمات الرقمية,عام,القطاع العام,خدمة إلكترونية,2026/06/09,"37,412,905"
الخدمات الرقمية,عام,القطاع العام,خدمة إلكترونية,2026/06/09,"37,409,600"
الخدمات الرقمية,عام,القطاع العام,خدمة إلكترونية,2026/06/09,"37,398,448"
الخدمات الرقمية,عام,القطاع العام,خدمة إلكترونية,2026/06/09,"37,399,449"
الخدمات الرقمية,عام,القطاع العام,خدمة إلكترونية,2026/06/09,"37,412,322"
الخدمات الرقمية,عام,القطاع العام,خدمة إلكترونية,2026/06/09,"37,408,481"
الخدمات الرقمية,عام,القطاع العام,خدمة إلكترونية,2026/06/09,"37,400,764"
الخدمات الرقمية,عام,القطاع العام,خدمة إلكترونية,2026/06/09,"37,401,280"
الخدمات الرقمية,عام,القطاع العام,خدمة إلكترونية,2026/06/09,"37,411,945"
الخدمات الرقمية,عام,القطاع العام,خدمة إلكترونية,2026/06/09,"37,412,521"
الخدمات الرقمية,عام,القطاع العام,خدمة إلكترونية,2026/06/09,"37,406,646"
الخدمات الرقمية,عام,القطاع العام,خدمة إلكترونية,2026/06/09,"37,398,623"
الخدمات الرقمية,عام,القطاع العام,خدمة إلكترونية,2026/06/09,"37,412,568"
الخدمات الرقمية,عام,القطاع العام,خدمة إلكترونية,2026/06/09,"37,412,874"
الخدمات الرقمية,عام,القطاع العام,خدمة إلكترونية,2026/06/09,"37,400,864"
الخدمات الرقمية,عام,القطاع العام,خدمة إلكترونية,2026/06/09,"37,401,227"
الخدمات الرقمية,عام,القطاع العام,خدمة إلكترونية,2026/06/09,"37,398,565"
الخدمات الرقمية,عام,القطاع العام,خدمة إلكترونية,2026/06/09,"37,398,715"
الخدمات الرقمية,عام,القطاع العام,خدمة إلكترونية,2026/06/09,"37,412,473"
الخدمات الرقمية,عام,القطاع العام,خدمة إلكترونية,2026/06/09,"37,412,480"
الخدمات الرقمية,عام,القطاع العام,خدمة إلكترونية,2026/06/09,"37,412,645"
الخدمات الرقمية,عام,القطاع العام,خدمة إلكترونية,2026/06/09,"37,398,215"
الخدمات الرقمية,عام,القطاع العام,خدمة إلكترونية,2026/06/09,"37,399,489"
الخدمات الرقمية,عام,القطاع العام,خدمة إلكترونية,2026/06/09,"37,412,795"
الخدمات الرقمية,عام,القطاع العام,خدمة إلكترونية,2026/06/09,"37,412,891"
الخدمات الرقمية,عام,القطاع العام,خدمة إلكترونية,2026/06/09,"37,412,416"
الخدمات الرقمية,عام,القطاع العام,خدمة إلكترونية,2026/06/09,"37,413,016"
الخدمات الرقمية,عام,القطاع العام,خدمة إلكترونية,2026/06/09,"37,413,046"
الخدمات الرقمية,عام,القطاع العام,خدمة إلكترونية,2026/06/09,"37,406,920"
الخدمات الرقمية,عام,القطاع العام,خدمة إلكترونية,2026/06/09,"37,411,054"
الخدمات الرقمية,عام,القطاع العام,خدمة إلكترونية,2026/06/09,"37,398,804"
الخدمات الرقمية,عام,القطاع العام,خدمة إلكترونية,2026/06/09,"37,411,669"
الخدمات الرقمية,عام,القطاع العام,خدمة إلكترونية,2026/06/09,"37,398,275"
الخدمات الرقمية,عام,القطاع العام,خدمة إلكترونية,2026/06/09,"37,399,567"
الخدمات الرقمية,عام,القطاع العام,خدمة إلكترونية,2026/06/09,"37,412,499"
الخدمات الرقمية,عام,القطاع العام,خدمة إلكترونية,2026/06/09,"37,412,584"
الخدمات الرقمية,عام,القطاع العام,خدمة إلكترونية,2026/06/09,"37,412,630"
الخدمات الرقمية,عام,القطاع العام,خدمة إلكترونية,2026/06/09,"37,412,635"
الخدمات الرقمية,عام,القطاع العام,خدمة إلكترونية,2026/06/09,"37,413,012"
الخدمات الرقمية,عام,القطاع العام,خدمة إلكترونية,2026/06/09,"37,401,461"
الخدمات الرقمية,عام,القطاع العام,خدمة إلكترونية,2026/06/09,"37,412,936"
الخدمات الرقمية,عام,القطاع العام,خدمة إلكترونية,2026/06/09,"37,399,441"
الخدمات الرقمية,عام,القطاع العام,خدمة إلكترونية,2026/06/09,"37,412,711"
الخدمات الرقمية,عام,القطاع العام,خدمة إلكترونية,2026/06/09,"37,412,825"
الخدمات الرقمية,عام,القطاع العام,خدمة إلكترونية,2026/06/09,"37,412,840"
الخدمات الرقمية,عام,القطاع العام,خدمة إلكترونية,2026/06/09,"37,410,309"
الخدمات الرقمية,عام,القطاع العام,خدمة إلكترونية,2026/06/09,"37,406,299"
الخدمات الرقمية,عام,القطاع العام,خدمة إلكترونية,2026/06/09,"37,406,466"
الخدمات الرقمية,عام,القطاع العام,خدمة إلكترونية,2026/06/09,"37,412,803"
الخدمات الرقمية,عام,القطاع العام,خدمة إلكترونية,2026/06/09,"37,400,913"
الخدمات الرقمية,عام,القطاع العام,خدمة إلكترونية,2026/06/09,"37,402,756"
الخدمات الرقمية,عام,القطاع العام,خدمة إلكترونية,2026/06/09,"37,412,868"
الخدمات الرقمية,عام,القطاع العام,خدمة إلكترونية,2026/06/09,"37,412,998"
الخدمات الرقمية,عام,القطاع العام,خدمة إلكترونية,2026/06/09,"37,398,668"
الخدمات الرقمية,عام,القطاع العام,خدمة إلكترونية,2026/06/09,"37,406,414"
الخدمات الرقمية,عام,القطاع العام,خدمة إلكترونية,2026/06/09,"37,406,516"
الخدمات الرقمية,عام,القطاع العام,خدمة إلكترونية,2026/06/09,"37,400,509"
الخدمات الرقمية,عام,القطاع العام,خدمة إلكترونية,2026/06/09,"37,401,490"
الخدمات الرقمية,عام,القطاع العام,خدمة إلكترونية,2026/06/09,"37,403,095"
الخدمات الرقمية,عام,القطاع العام,خدمة إلكترونية,2026/06/09,"37,405,928"
الخدمات الرقمية,عام,القطاع العام,خدمة إلكترونية,2026/06/09,"37,401,740"
الخدمات الرقمية,عام,القطاع العام,خدمة إلكترونية,2026/06/09,"37,412,545"
الخدمات الرقمية,عام,القطاع العام,خدمة إلكترونية,2026/06/09,"37,400,979"
الخدمات الرقمية,عام,القطاع العام,خدمة إلكترونية,2026/06/09,"37,401,163"
الخدمات الرقمية,عام,القطاع العام,خدمة إلكترونية,2026/06/09,"37,401,362"
الخدمات الرقمية,عام,القطاع العام,خدمة إلكترونية,2026/06/09,"37,409,316"
الخدمات الرقمية,عام,القطاع العام,خدمة إلكترونية,2026/06/09,"37,398,372"
الخدمات الرقمية,عام,القطاع العام,خدمة إلكترونية,2026/06/09,"37,398,458"
الخدمات الرقمية,عام,القطاع العام,خدمة إلكترونية,2026/06/09,"37,398,521"
الخدمات الرقمية,عام,القطاع العام,خدمة إلكترونية,2026/06/09,"37,412,728"
الخدمات الرقمية,عام,القطاع العام,خدمة إلكترونية,2026/06/09,"37,412,858"
الخدمات الرقمية,عام,القطاع العام,خدمة إلكترونية,2026/06/09,"37,398,421"
الخدمات الرقمية,عام,القطاع العام,خدمة إلكترونية,2026/06/09,"37,409,603"
الخدمات الرقمية,عام,القطاع العام,خدمة إلكترونية,2026/06/09,"37,400,932"
الخدمات الرقمية,عام,القطاع العام,خدمة إلكترونية,2026/06/09,"37,401,121"
الخدمات الرقمية,عام,القطاع العام,خدمة إلكترونية,2026/06/09,"37,409,185"
الخدمات الرقمية,عام,القطاع العام,خدمة إلكترونية,2026/06/09,"37,412,321"
الخدمات الرقمية,عام,القطاع العام,خدمة إلكترونية,2026/06/09,"37,398,365"
الخدمات الرقمية,عام,القطاع العام,خدمة إلكترونية,2026/06/09,"37,398,493"
الخدمات الرقمية,عام,القطاع العام,خدمة إلكترونية,2026/06/09,"37,398,745"
الخدمات الرقمية,عام,القطاع العام,خدمة إلكترونية,2026/06/09,"37,398,764"
الخدمات الرقمية,عام,القطاع العام,خدمة إلكترونية,2026/06/09,"37,412,951"
الخدمات الرقمية,عام,القطاع العام,خدمة إلكترونية,2026/06/09,"37,412,957"
الخدمات الرقمية,عام,القطاع العام,خدمة إلكترونية,2026/06/09,"37,413,006"
الخدمات الرقمية,عام,القطاع العام,خدمة إلكترونية,2026/06/09,"37,398,784"
الخدمات الرقمية,عام,القطاع العام,خدمة إلكترونية,2026/06/09,"37,412,443"
الخدمات الرقمية,عام,القطاع العام,خدمة إلكترونية,2026/06/09,"37,398,528"
الخدمات الرقمية,عام,القطاع العام,خدمة إلكترونية,2026/06/09,"37,399,520"
الخدمات الرقمية,عام,القطاع العام,خدمة إلكترونية,2026/06/09,"37,412,847"
الخدمات الرقمية,عام,القطاع العام,خدمة إلكترونية,2026/06/09,"37,412,064"
الخدمات الرقمية,عام,القطاع العام,خدمة إلكترونية,2026/06/09,"37,406,245"
الخدمات الرقمية,عام,القطاع العام,خدمة إلكترونية,2026/06/09,"37,398,585"
الخدمات الرقمية,عام,القطاع العام,خدمة إلكترونية,2026/06/09,"37,409,989"
الخدمات الرقمية,عام,القطاع العام,خدمة إلكترونية,2026/06/09,"37,414,804"
الخدمات الرقمية,عام,القطاع العام,خدمة إلكترونية,2026/06/09,"37,407,221"
الخدمات الرقمية,عام,القطاع العام,خدمة إلكترونية,2026/06/09,"37,412,704"
 الشرقية,الخبر,القطاع الخاص,خدمة إلكترونية جزئيا,2026/06/10,"37,431,493"
 الجوف,سكاكا,القطاع الخاص,خدمة إلكترونية جزئيا,2026/06/10,"37,442,240"
 المدينة المنوره,المدينة المنورة,القطاع الخاص,خدمة إلكترونية جزئيا,2026/06/10,"37,439,582"
 عسير,ابها,القطاع الخاص,خدمة إلكترونية جزئيا,2026/06/10,"37,439,722"
 عسير,ابها,القطاع الخاص,خدمة إلكترونية جزئيا,2026/06/10,"37,438,072"
 الشرقية,الخبر,القطاع الخاص,خدمة إلكترونية جزئيا,2026/06/10,"37,441,427"
 المدينة المنوره,المدينة المنورة,القطاع الخاص,خدمة إلكترونية جزئيا,2026/06/10,"37,437,565"
 المدينة المنوره,المدينة المنورة,القطاع الخاص,خدمة إلكترونية جزئيا,2026/06/10,"37,426,885"
 مكة المكرمه,مكة المكرمة,القطاع الخاص,خدمة إلكترونية جزئيا,2026/06/10,"37,429,988"
 مكة المكرمه,مكة المكرمة,القطاع الخاص,خدمة إلكترونية جزئيا,2026/06/10,"37,429,667"
 الرياض,الرياض,القطاع الخاص,خدمة إلكترونية جزئيا,2026/06/10,"37,438,359"
 الرياض,الرياض,القطاع الخاص,خدمة إلكترونية جزئيا,2026/06/10,"37,429,777"
 الرياض,الرياض,القطاع الخاص,خدمة إلكترونية جزئيا,2026/06/10,"37,430,036"
 الرياض,الرياض,القطاع الخاص,خدمة إلكترونية جزئيا,2026/06/10,"37,432,546"
 الرياض,الرياض,القطاع الخاص,خدمة إلكترونية جزئيا,2026/06/10,"37,428,401"
 الرياض,الرياض,القطاع الخاص,خدمة إلكترونية جزئيا,2026/06/10,"37,430,988"
 الرياض,الرياض,القطاع الخاص,خدمة إلكترونية جزئيا,2026/06/10,"37,431,804"
 الرياض,الرياض,القطاع الخاص,خدمة إلكترونية جزئيا,2026/06/10,"37,431,060"
 الرياض,الرياض,القطاع الخاص,خدمة إلكترونية جزئيا,2026/06/10,"37,436,178"
 المدينة المنوره,المدينة المنورة,القطاع الخاص,خدمة إلكترونية جزئيا,2026/06/10,"37,438,862"
 الجوف,سكاكا,القطاع الخاص,خدمة إلكترونية جزئيا,2026/06/10,"37,442,306"
 الجوف,سكاكا,القطاع الخاص,خدمة إلكترونية جزئيا,2026/06/10,"37,445,264"
 الجوف,سكاكا,القطاع الخاص,خدمة إلكترونية جزئيا,2026/06/10,"37,445,887"
 الجوف,سكاكا,القطاع الخاص,خدمة إلكترونية جزئيا,2026/06/10,"37,442,757"
 الجوف,سكاكا,القطاع الخاص,خدمة إلكترونية جزئيا,2026/06/10,"37,443,100"
 الشرقية,الخبر,القطاع الخاص,خدمة إلكترونية جزئيا,2026/06/10,"37,442,251"
 الشرقية,الخبر,القطاع الخاص,خدمة إلكترونية جزئيا,2026/06/10,"37,442,942"
 الشرقية,الخبر,القطاع الخاص,خدمة إلكترونية جزئيا,2026/06/10,"37,441,997"
 الشرقية,حفر الباطن,القطاع الخاص,خدمة إلكترونية جزئيا,2026/06/10,"37,448,168"
 الشرقية,حفر الباطن,القطاع الخاص,خدمة إلكترونية جزئيا,2026/06/10,"37,448,208"
 الشرقية,حفر الباطن,القطاع الخاص,خدمة إلكترونية جزئيا,2026/06/10,"37,448,306"
 الجوف,سكاكا,القطاع الخاص,خدمة إلكترونية جزئيا,2026/06/10,"37,443,245"
 الجوف,سكاكا,القطاع الخاص,خدمة إلكترونية جزئيا,2026/06/10,"37,441,941"
 الجوف,سكاكا,القطاع الخاص,خدمة إلكترونية جزئيا,2026/06/10,"37,443,030"
 مكة المكرمه,الطائف,القطاع الخاص,خدمة إلكترونية جزئيا,2026/06/10,"37,420,551"
 مكة المكرمه,الطائف,القطاع الخاص,خدمة إلكترونية جزئيا,2026/06/10,"37,420,302"
 مكة المكرمه,الطائف,القطاع الخاص,خدمة إلكترونية جزئيا,2026/06/10,"37,441,956"
 عسير,ابها,القطاع الخاص,خدمة إلكترونية جزئيا,2026/06/10,"37,438,865"
 عسير,ابها,القطاع الخاص,خدمة إلكترونية جزئيا,2026/06/10,"37,428,975"
 عسير,ابها,القطاع الخاص,خدمة إلكترونية جزئيا,2026/06/10,"37,436,489"
 عسير,ابها,القطاع الخاص,خدمة إلكترونية جزئيا,2026/06/10,"37,438,770"
 القصيم,بريده,القطاع الخاص,خدمة إلكترونية جزئيا,2026/06/10,"37,433,106"
 القصيم,بريده,القطاع الخاص,خدمة إلكترونية جزئيا,2026/06/10,"37,442,848"
 مكة المكرمه,جده,القطاع الخاص,خدمة إلكترونية جزئيا,2026/06/10,"37,436,995"
 مكة المكرمه,جده,القطاع الخاص,خدمة إلكترونية جزئيا,2026/06/10,"37,442,792"
 مكة المكرمه,جده,القطاع الخاص,خدمة إلكترونية جزئيا,2026/06/10,"37,440,071"
 مكة المكرمه,مكة المكرمة,القطاع الخاص,خدمة إلكترونية جزئيا,2026/06/10,"37,438,916"
 الرياض,الرياض,القطاع الخاص,خدمة إلكترونية جزئيا,2026/06/10,"37,434,056"
 الرياض,الرياض,القطاع الخاص,خدمة إلكترونية جزئيا,2026/06/10,"37,436,239"
 الرياض,الرياض,القطاع الخاص,خدمة إلكترونية جزئيا,2026/06/10,"37,432,003"
 الرياض,الرياض,القطاع الخاص,خدمة إلكترونية جزئيا,2026/06/10,"37,432,361"
 الرياض,الرياض,القطاع الخاص,خدمة إلكترونية جزئيا,2026/06/10,"37,430,697"
 الرياض,الرياض,القطاع الخاص,خدمة إلكترونية جزئيا,2026/06/10,"37,430,444"
 الرياض,الرياض,القطاع الخاص,خدمة إلكترونية جزئيا,2026/06/10,"37,430,245"
 الرياض,الرياض,القطاع الخاص,خدمة إلكترونية جزئيا,2026/06/10,"37,430,402"
 الرياض,الرياض,القطاع الخاص,خدمة إلكترونية جزئيا,2026/06/10,"37,429,142"
 الرياض,الرياض,القطاع الخاص,خدمة إلكترونية جزئيا,2026/06/10,"37,431,182"
 الرياض,الرياض,القطاع الخاص,خدمة إلكترونية جزئيا,2026/06/10,"37,432,047"
 الرياض,الرياض,القطاع الخاص,خدمة إلكترونية جزئيا,2026/06/10,"37,438,347"
 الرياض,الرياض,القطاع الخاص,خدمة إلكترونية جزئيا,2026/06/10,"37,429,608"
 الرياض,الرياض,القطاع الخاص,خدمة إلكترونية جزئيا,2026/06/10,"37,431,652"
 الرياض,الرياض,القطاع الخاص,خدمة إلكترونية جزئيا,2026/06/10,"37,435,149"
الخدمات الرقمية,عام,القطاع العام,خدمة إلكترونية,2026/06/10,"37,429,197"
 الرياض,الرياض,القطاع الخاص,خدمة إلكترونية جزئيا,2026/06/10,"37,432,506"
 عسير,ابها,القطاع الخاص,خدمة إلكترونية جزئيا,2026/06/10,"37,439,820"
 الرياض,الرياض,القطاع الخاص,خدمة إلكترونية جزئيا,2026/06/10,"37,431,989"
 مكة المكرمه,مكة المكرمة,القطاع الخاص,خدمة إلكترونية جزئيا,2026/06/10,"37,439,451"
 الرياض,الرياض,القطاع الخاص,خدمة إلكترونية جزئيا,2026/06/10,"37,431,045"
 الرياض,الرياض,القطاع الخاص,خدمة إلكترونية جزئيا,2026/06/10,"37,429,968"
 الرياض,الرياض,القطاع الخاص,خدمة إلكترونية جزئيا,2026/06/10,"37,431,836"
 الرياض,الرياض,القطاع الخاص,خدمة إلكترونية جزئيا,2026/06/10,"37,428,500"
 الرياض,الرياض,القطاع الخاص,خدمة إلكترونية جزئيا,2026/06/10,"37,432,063"
 عسير,ابها,القطاع الخاص,خدمة إلكترونية جزئيا,2026/06/10,"37,439,104"
 عسير,ابها,القطاع الخاص,خدمة إلكترونية جزئيا,2026/06/10,"37,436,656"
 عسير,ابها,القطاع الخاص,خدمة إلكترونية جزئيا,2026/06/10,"37,429,293"
 القصيم,بريده,القطاع الخاص,خدمة إلكترونية جزئيا,2026/06/10,"37,433,317"
 مكة المكرمه,جده,القطاع الخاص,خدمة إلكترونية جزئيا,2026/06/10,"37,437,102"
 الرياض,الرياض,القطاع الخاص,خدمة إلكترونية جزئيا,2026/06/10,"37,429,784"
 الرياض,الرياض,القطاع الخاص,خدمة إلكترونية جزئيا,2026/06/10,"37,430,463"
 الرياض,الرياض,القطاع الخاص,خدمة إلكترونية جزئيا,2026/06/10,"37,430,511"
 الرياض,الرياض,القطاع الخاص,خدمة إلكترونية جزئيا,2026/06/10,"37,431,890"
 الرياض,الرياض,القطاع الخاص,خدمة إلكترونية جزئيا,2026/06/10,"37,430,272"
 مكة المكرمه,جده,القطاع الخاص,خدمة إلكترونية جزئيا,2026/06/10,"37,440,178"
 مكة المكرمه,جده,القطاع الخاص,خدمة إلكترونية جزئيا,2026/06/10,"37,443,085"
 الرياض,الرياض,القطاع الخاص,خدمة إلكترونية جزئيا,2026/06/10,"37,432,058"
 مكة المكرمه,مكة المكرمة,القطاع الخاص,خدمة إلكترونية جزئيا,2026/06/10,"37,430,133"
 الشرقية,الخبر,القطاع الخاص,خدمة إلكترونية جزئيا,2026/06/10,"37,431,723"
 الرياض,الرياض,القطاع الخاص,خدمة إلكترونية جزئيا,2026/06/10,"37,436,476"
 الرياض,الرياض,القطاع الخاص,خدمة إلكترونية جزئيا,2026/06/10,"37,431,265"
 الرياض,الرياض,القطاع الخاص,خدمة إلكترونية جزئيا,2026/06/10,"37,432,677"
 الرياض,الرياض,القطاع الخاص,خدمة إلكترونية جزئيا,2026/06/10,"37,436,168"
 الرياض,الرياض,القطاع الخاص,خدمة إلكترونية جزئيا,2026/06/10,"37,430,279"
 الرياض,الرياض,القطاع الخاص,خدمة إلكترونية جزئيا,2026/06/10,"37,430,261"
 المدينة المنوره,المدينة المنورة,القطاع الخاص,خدمة إلكترونية جزئيا,2026/06/10,"37,426,878"
 الرياض,الرياض,القطاع الخاص,خدمة إلكترونية جزئيا,2026/06/10,"37,434,325"
 الشرقية,الخبر,القطاع الخاص,خدمة إلكترونية جزئيا,2026/06/10,"37,442,991"
 الشرقية,الخبر,القطاع الخاص,خدمة إلكترونية جزئيا,2026/06/10,"37,442,599"
 الشرقية,الخبر,القطاع الخاص,خدمة إلكترونية جزئيا,2026/06/10,"37,441,633"
 المدينة المنوره,المدينة المنورة,القطاع الخاص,خدمة إلكترونية جزئيا,2026/06/10,"37,439,858"
 المدينة المنوره,المدينة المنورة,القطاع الخاص,خدمة إلكترونية جزئيا,2026/06/10,"37,439,262"
 مكة المكرمه,الطائف,القطاع الخاص,خدمة إلكترونية جزئيا,2026/06/10,"37,442,242"
الخدمات الرقمية,عام,القطاع العام,خدمة إلكترونية,2026/06/10,"37,447,743"
الخدمات الرقمية,عام,القطاع العام,خدمة إلكترونية,2026/06/10,"37,446,875"
الخدمات الرقمية,عام,القطاع العام,خدمة إلكترونية,2026/06/10,"37,446,887"
الخدمات الرقمية,عام,القطاع العام,خدمة إلكترونية,2026/06/10,"37,447,162"
الخدمات الرقمية,عام,القطاع العام,خدمة إلكترونية,2026/06/10,"37,447,123"
الخدمات الرقمية,عام,القطاع العام,خدمة إلكترونية,2026/06/10,"37,445,205"
الخدمات الرقمية,عام,القطاع العام,خدمة إلكترونية,2026/06/10,"37,447,835"
الخدمات الرقمية,عام,القطاع العام,خدمة إلكترونية,2026/06/10,"37,447,310"
الخدمات الرقمية,عام,القطاع العام,خدمة إلكترونية,2026/06/10,"37,447,236"
الخدمات الرقمية,عام,القطاع العام,خدمة إلكترونية,2026/06/10,"37,448,310"
الخدمات الرقمية,عام,القطاع العام,خدمة إلكترونية,2026/06/10,"37,447,266"
الخدمات الرقمية,عام,القطاع العام,خدمة إلكترونية,2026/06/10,"37,444,840"
الخدمات الرقمية,عام,القطاع العام,خدمة إلكترونية,2026/06/10,"37,446,971"
الخدمات الرقمية,عام,القطاع العام,خدمة إلكترونية,2026/06/10,"37,446,694"
الخدمات الرقمية,عام,القطاع العام,خدمة إلكترونية,2026/06/10,"37,447,841"
الخدمات الرقمية,عام,القطاع العام,خدمة إلكترونية,2026/06/10,"37,430,229"
الخدمات الرقمية,عام,القطاع العام,خدمة إلكترونية,2026/06/10,"37,433,261"
الخدمات الرقمية,عام,القطاع العام,خدمة إلكترونية,2026/06/10,"37,439,744"
الخدمات الرقمية,عام,القطاع العام,خدمة إلكترونية,2026/06/10,"37,440,175"
الخدمات الرقمية,عام,القطاع العام,خدمة إلكترونية,2026/06/10,"37,431,925"
الخدمات الرقمية,عام,القطاع العام,خدمة إلكترونية,2026/06/10,"37,440,093"
الخدمات الرقمية,عام,القطاع العام,خدمة إلكترونية,2026/06/10,"37,440,466"
الخدمات الرقمية,عام,القطاع العام,خدمة إلكترونية,2026/06/10,"37,430,366"
الخدمات الرقمية,عام,القطاع العام,خدمة إلكترونية,2026/06/10,"37,432,697"
الخدمات الرقمية,عام,القطاع العام,خدمة إلكترونية,2026/06/10,"37,430,438"
الخدمات الرقمية,عام,القطاع العام,خدمة إلكترونية,2026/06/10,"37,439,207"
الخدمات الرقمية,عام,القطاع العام,خدمة إلكترونية,2026/06/10,"37,427,249"
الخدمات الرقمية,عام,القطاع العام,خدمة إلكترونية,2026/06/10,"37,436,809"
الخدمات الرقمية,عام,القطاع العام,خدمة إلكترونية,2026/06/10,"37,436,880"
الخدمات الرقمية,عام,القطاع العام,خدمة إلكترونية,2026/06/10,"37,442,142"
الخدمات الرقمية,عام,القطاع العام,خدمة إلكترونية,2026/06/10,"37,435,331"
الخدمات الرقمية,عام,القطاع العام,خدمة إلكترونية,2026/06/10,"37,426,522"
الخدمات الرقمية,عام,القطاع العام,خدمة إلكترونية,2026/06/10,"37,441,529"
الخدمات الرقمية,عام,القطاع العام,خدمة إلكترونية,2026/06/10,"37,442,785"
الخدمات الرقمية,عام,القطاع العام,خدمة إلكترونية,2026/06/10,"37,430,220"
الخدمات الرقمية,عام,القطاع العام,خدمة إلكترونية,2026/06/10,"37,432,179"
الخدمات الرقمية,عام,القطاع العام,خدمة إلكترونية,2026/06/10,"37,440,934"
الخدمات الرقمية,عام,القطاع العام,خدمة إلكترونية,2026/06/10,"37,430,492"
الخدمات الرقمية,عام,القطاع العام,خدمة إلكترونية,2026/06/10,"37,437,782"
الخدمات الرقمية,عام,القطاع العام,خدمة إلكترونية,2026/06/10,"37,441,356"
الخدمات الرقمية,عام,القطاع العام,خدمة إلكترونية,2026/06/10,"37,436,384"
الخدمات الرقمية,عام,القطاع العام,خدمة إلكترونية,2026/06/10,"37,437,049"
الخدمات الرقمية,عام,القطاع العام,خدمة إلكترونية,2026/06/10,"37,440,643"
الخدمات الرقمية,عام,القطاع العام,خدمة إلكترونية,2026/06/10,"37,439,729"
الخدمات الرقمية,عام,القطاع العام,خدمة إلكترونية,2026/06/10,"37,426,551"
الخدمات الرقمية,عام,القطاع العام,خدمة إلكترونية,2026/06/10,"37,436,112"
الخدمات الرقمية,عام,القطاع العام,خدمة إلكترونية,2026/06/10,"37,437,766"
الخدمات الرقمية,عام,القطاع العام,خدمة إلكترونية,2026/06/10,"37,442,102"
الخدمات الرقمية,عام,القطاع العام,خدمة إلكترونية,2026/06/10,"37,439,411"
الخدمات الرقمية,عام,القطاع العام,خدمة إلكترونية,2026/06/10,"37,430,969"
الخدمات الرقمية,عام,القطاع العام,خدمة إلكترونية,2026/06/10,"37,433,757"
الخدمات الرقمية,عام,القطاع العام,خدمة إلكترونية,2026/06/10,"37,436,379"
الخدمات الرقمية,عام,القطاع العام,خدمة إلكترونية,2026/06/10,"37,439,916"
الخدمات الرقمية,عام,القطاع العام,خدمة إلكترونية,2026/06/10,"37,444,443"
الخدمات الرقمية,عام,القطاع العام,خدمة إلكترونية,2026/06/10,"37,421,606"
الخدمات الرقمية,عام,القطاع العام,خدمة إلكترونية,2026/06/10,"37,444,561"
الخدمات الرقمية,عام,القطاع العام,خدمة إلكترونية,2026/06/10,"37,434,096"
الخدمات الرقمية,عام,القطاع العام,خدمة إلكترونية,2026/06/10,"37,434,016"
الخدمات الرقمية,عام,القطاع العام,خدمة إلكترونية,2026/06/10,"37,436,515"
الخدمات الرقمية,عام,القطاع العام,خدمة إلكترونية,2026/06/10,"37,420,532"
الخدمات الرقمية,عام,القطاع العام,خدمة إلكترونية,2026/06/10,"37,430,799"
الخدمات الرقمية,عام,القطاع العام,خدمة إلكترونية,2026/06/10,"37,433,870"
الخدمات الرقمية,عام,القطاع العام,خدمة إلكترونية,2026/06/10,"37,435,912"
الخدمات الرقمية,عام,القطاع العام,خدمة إلكترونية,2026/06/10,"37,428,225"
الخدمات الرقمية,عام,القطاع العام,خدمة إلكترونية,2026/06/10,"37,440,408"
الخدمات الرقمية,عام,القطاع العام,خدمة إلكترونية,2026/06/10,"37,430,860"
الخدمات الرقمية,عام,القطاع العام,خدمة إلكترونية,2026/06/10,"37,432,163"
الخدمات الرقمية,عام,القطاع العام,خدمة إلكترونية,2026/06/10,"37,428,305"
الخدمات الرقمية,عام,القطاع العام,خدمة إلكترونية,2026/06/10,"37,437,326"
الخدمات الرقمية,عام,القطاع العام,خدمة إلكترونية,2026/06/10,"37,428,456"
الخدمات الرقمية,عام,القطاع العام,خدمة إلكترونية,2026/06/10,"37,427,727"
الخدمات الرقمية,عام,القطاع العام,خدمة إلكترونية,2026/06/10,"37,433,884"
الخدمات الرقمية,عام,القطاع العام,خدمة إلكترونية,2026/06/10,"37,428,339"
الخدمات الرقمية,عام,القطاع العام,خدمة إلكترونية,2026/06/10,"37,429,051"
الخدمات الرقمية,عام,القطاع العام,خدمة إلكترونية,2026/06/10,"37,427,135"
الخدمات الرقمية,عام,القطاع العام,خدمة إلكترونية,2026/06/10,"37,435,253"
الخدمات الرقمية,عام,القطاع العام,خدمة إلكترونية,2026/06/10,"37,438,488"
الخدمات الرقمية,عام,القطاع العام,خدمة إلكترونية,2026/06/10,"37,437,968"
الخدمات الرقمية,عام,القطاع العام,خدمة إلكترونية,2026/06/10,"37,438,232"
الخدمات الرقمية,عام,القطاع العام,خدمة إلكترونية,2026/06/10,"37,434,344"
الخدمات الرقمية,عام,القطاع العام,خدمة إلكترونية,2026/06/10,"37,438,984"
الخدمات الرقمية,عام,القطاع العام,خدمة إلكترونية,2026/06/10,"37,427,688"
الخدمات الرقمية,عام,القطاع العام,خدمة إلكترونية,2026/06/10,"37,433,534"
الخدمات الرقمية,عام,القطاع العام,خدمة إلكترونية,2026/06/10,"37,434,407"
الخدمات الرقمية,عام,القطاع العام,خدمة إلكترونية,2026/06/10,"37,428,226"
 المدينة المنوره,المدينة المنورة,القطاع الخاص,خدمة إلكترونية جزئيا,2026/06/11,"37,464,425"
 المدينة المنوره,المدينة المنورة,القطاع الخاص,خدمة إلكترونية جزئيا,2026/06/11,"37,476,287"
 المدينة المنوره,المدينة المنورة,القطاع الخاص,خدمة إلكترونية جزئيا,2026/06/11,"37,466,857"
الخدمات الرقمية,كتابة عدل مدمجة - افتراضية,القطاع العام,خدمة إلكترونية جزئيا,2026/06/11,"37,458,137"
 الشرقية,حفر الباطن,القطاع الخاص,خدمة إلكترونية جزئيا,2026/06/11,"37,448,536"
 الشرقية,حفر الباطن,القطاع الخاص,خدمة إلكترونية جزئيا,2026/06/11,"37,474,906"
 الشرقية,حفر الباطن,القطاع الخاص,خدمة إلكترونية جزئيا,2026/06/11,"37,474,909"
 الشرقية,الخبر,القطاع الخاص,خدمة إلكترونية جزئيا,2026/06/11,"37,458,596"
 الشرقية,الاحساء,القطاع الخاص,خدمة إلكترونية جزئيا,2026/06/11,"37,469,288"
 الرياض,المجمعه,القطاع الخاص,خدمة إلكترونية جزئيا,2026/06/11,"37,466,534"
 عسير,ابها,القطاع الخاص,خدمة إلكترونية جزئيا,2026/06/11,"37,462,377"
 عسير,ابها,القطاع الخاص,خدمة إلكترونية جزئيا,2026/06/11,"37,461,699"
 عسير,ابها,القطاع الخاص,خدمة إلكترونية جزئيا,2026/06/11,"37,463,822"
 عسير,ابها,القطاع الخاص,خدمة إلكترونية جزئيا,2026/06/11,"37,464,256"
 عسير,ابها,القطاع الخاص,خدمة إلكترونية جزئيا,2026/06/11,"37,461,090"
 عسير,ابها,القطاع الخاص,خدمة إلكترونية جزئيا,2026/06/11,"37,461,429"
 عسير,ابها,القطاع الخاص,خدمة إلكترونية جزئيا,2026/06/11,"37,469,522"
 عسير,ابها,القطاع الخاص,خدمة إلكترونية جزئيا,2026/06/11,"37,462,137"
 عسير,ابها,القطاع الخاص,خدمة إلكترونية جزئيا,2026/06/11,"37,460,758"
 القصيم,بريده,القطاع الخاص,خدمة إلكترونية جزئيا,2026/06/11,"37,461,356"
 القصيم,بريده,القطاع الخاص,خدمة إلكترونية جزئيا,2026/06/11,"37,459,712"
 القصيم,بريده,القطاع الخاص,خدمة إلكترونية جزئيا,2026/06/11,"37,465,346"
 مكة المكرمه,جده,القطاع الخاص,خدمة إلكترونية جزئيا,2026/06/11,"37,459,233"
 مكة المكرمه,جده,القطاع الخاص,خدمة إلكترونية جزئيا,2026/06/11,"37,461,071"
 الشرقية,الدمام,القطاع الخاص,خدمة إلكترونية جزئيا,2026/06/11,"37,462,709"
 الشرقية,الدمام,القطاع الخاص,خدمة إلكترونية جزئيا,2026/06/11,"37,470,317"
 الشرقية,الدمام,القطاع الخاص,خدمة إلكترونية جزئيا,2026/06/11,"37,461,944"
 مكة المكرمه,مكة المكرمة,القطاع الخاص,خدمة إلكترونية جزئيا,2026/06/11,"37,472,651"
 مكة المكرمه,مكة المكرمة,القطاع الخاص,خدمة إلكترونية جزئيا,2026/06/11,"37,466,062"
 مكة المكرمه,مكة المكرمة,القطاع الخاص,خدمة إلكترونية جزئيا,2026/06/11,"37,466,307"
 مكة المكرمه,مكة المكرمة,القطاع الخاص,خدمة إلكترونية جزئيا,2026/06/11,"37,466,680"
 مكة المكرمه,مكة المكرمة,القطاع الخاص,خدمة إلكترونية جزئيا,2026/06/11,"37,466,921"
 مكة المكرمه,مكة المكرمة,القطاع الخاص,خدمة إلكترونية جزئيا,2026/06/11,"37,467,158"
 الرياض,الرياض,القطاع الخاص,خدمة إلكترونية جزئيا,2026/06/11,"37,473,254"
 الرياض,الرياض,القطاع الخاص,خدمة إلكترونية جزئيا,2026/06/11,"37,473,737"
 الرياض,الرياض,القطاع الخاص,خدمة إلكترونية جزئيا,2026/06/11,"37,473,249"
 الرياض,الرياض,القطاع الخاص,خدمة إلكترونية جزئيا,2026/06/11,"37,473,616"
 الرياض,الرياض,القطاع الخاص,خدمة إلكترونية جزئيا,2026/06/11,"37,473,271"
 الرياض,الرياض,القطاع الخاص,خدمة إلكترونية جزئيا,2026/06/11,"37,473,638"
 الرياض,الرياض,القطاع الخاص,خدمة إلكترونية جزئيا,2026/06/11,"37,473,787"
 الرياض,الرياض,القطاع الخاص,خدمة إلكترونية جزئيا,2026/06/11,"37,477,354"
 الرياض,الرياض,القطاع الخاص,خدمة إلكترونية جزئيا,2026/06/11,"37,476,973"
 الرياض,الرياض,القطاع الخاص,خدمة إلكترونية جزئيا,2026/06/11,"37,477,351"
 الرياض,الرياض,القطاع الخاص,خدمة إلكترونية جزئيا,2026/06/11,"37,473,496"
 الرياض,الرياض,القطاع الخاص,خدمة إلكترونية جزئيا,2026/06/11,"37,473,381"
 الرياض,الرياض,القطاع الخاص,خدمة إلكترونية جزئيا,2026/06/11,"37,456,834"
 الرياض,الرياض,القطاع الخاص,خدمة إلكترونية جزئيا,2026/06/11,"37,456,511"
 الرياض,الرياض,القطاع الخاص,خدمة إلكترونية جزئيا,2026/06/11,"37,456,683"
 الرياض,الرياض,القطاع الخاص,خدمة إلكترونية جزئيا,2026/06/11,"37,456,790"
 الرياض,الرياض,القطاع الخاص,خدمة إلكترونية جزئيا,2026/06/11,"37,456,254"
 الرياض,الرياض,القطاع الخاص,خدمة إلكترونية جزئيا,2026/06/11,"37,456,900"
 الرياض,الرياض,القطاع الخاص,خدمة إلكترونية جزئيا,2026/06/11,"37,456,015"
 الرياض,الرياض,القطاع الخاص,خدمة إلكترونية جزئيا,2026/06/11,"37,473,441"
 الرياض,الرياض,القطاع الخاص,خدمة إلكترونية جزئيا,2026/06/11,"37,473,448"
 الرياض,الرياض,القطاع الخاص,خدمة إلكترونية جزئيا,2026/06/11,"37,474,033"
 الرياض,الرياض,القطاع الخاص,خدمة إلكترونية جزئيا,2026/06/11,"37,468,970"
 الرياض,الرياض,القطاع الخاص,خدمة إلكترونية جزئيا,2026/06/11,"37,457,723"
 الرياض,الرياض,القطاع الخاص,خدمة إلكترونية جزئيا,2026/06/11,"37,459,245"
 الرياض,الرياض,القطاع الخاص,خدمة إلكترونية جزئيا,2026/06/11,"37,456,449"
 الرياض,الرياض,القطاع الخاص,خدمة إلكترونية جزئيا,2026/06/11,"37,457,208"
 الرياض,الرياض,القطاع الخاص,خدمة إلكترونية جزئيا,2026/06/11,"37,469,944"
الخدمات الرقمية,كتابة عدل مدمجة - افتراضية,القطاع العام,خدمة إلكترونية جزئيا,2026/06/11,"37,460,540"
الخدمات الرقمية,كتابة عدل مدمجة - افتراضية,القطاع العام,خدمة إلكترونية جزئيا,2026/06/11,"37,459,422"
 الشرقية,الدمام,القطاع الخاص,خدمة إلكترونية جزئيا,2026/06/11,"37,462,459"
 عسير,ابها,القطاع الخاص,خدمة إلكترونية جزئيا,2026/06/11,"37,464,398"
 الرياض,الرياض,القطاع الخاص,خدمة إلكترونية جزئيا,2026/06/11,"37,456,570"
 الرياض,الرياض,القطاع الخاص,خدمة إلكترونية جزئيا,2026/06/11,"37,456,898"
 الرياض,الرياض,القطاع الخاص,خدمة إلكترونية جزئيا,2026/06/11,"37,456,535"
 الرياض,الرياض,القطاع الخاص,خدمة إلكترونية جزئيا,2026/06/11,"37,456,699"
 الرياض,الرياض,القطاع الخاص,خدمة إلكترونية جزئيا,2026/06/11,"37,456,094"
 الرياض,الرياض,القطاع الخاص,خدمة إلكترونية جزئيا,2026/06/11,"37,456,317"
 الشرقية,حفر الباطن,القطاع الخاص,خدمة إلكترونية جزئيا,2026/06/11,"37,448,657"
 الرياض,الرياض,القطاع الخاص,خدمة إلكترونية جزئيا,2026/06/11,"37,459,951"
 الرياض,الرياض,القطاع الخاص,خدمة إلكترونية جزئيا,2026/06/11,"37,473,312"
 المدينة المنوره,المدينة المنورة,القطاع الخاص,خدمة إلكترونية جزئيا,2026/06/11,"37,464,981"
 المدينة المنوره,المدينة المنورة,القطاع الخاص,خدمة إلكترونية جزئيا,2026/06/11,"37,466,996"
 الشرقية,الدمام,القطاع الخاص,خدمة إلكترونية جزئيا,2026/06/11,"37,462,975"
 الرياض,الرياض,القطاع الخاص,خدمة إلكترونية جزئيا,2026/06/11,"37,457,266"
 عسير,ابها,القطاع الخاص,خدمة إلكترونية جزئيا,2026/06/11,"37,469,665"
 القصيم,بريده,القطاع الخاص,خدمة إلكترونية جزئيا,2026/06/11,"37,465,398"
 الشرقية,الخبر,القطاع الخاص,خدمة إلكترونية جزئيا,2026/06/11,"37,458,758"
 مكة المكرمه,مكة المكرمة,القطاع الخاص,خدمة إلكترونية جزئيا,2026/06/11,"37,460,906"
 مكة المكرمه,مكة المكرمة,القطاع الخاص,خدمة إلكترونية جزئيا,2026/06/11,"37,464,921"
 مكة المكرمه,مكة المكرمة,القطاع الخاص,خدمة إلكترونية جزئيا,2026/06/11,"37,466,859"
 الرياض,الرياض,القطاع الخاص,خدمة إلكترونية جزئيا,2026/06/11,"37,473,674"
 الرياض,الرياض,القطاع الخاص,خدمة إلكترونية جزئيا,2026/06/11,"37,473,466"
 الرياض,الرياض,القطاع الخاص,خدمة إلكترونية جزئيا,2026/06/11,"37,473,783"
 الرياض,الرياض,القطاع الخاص,خدمة إلكترونية جزئيا,2026/06/11,"37,473,269"
 الشرقية,حفر الباطن,القطاع الخاص,خدمة إلكترونية جزئيا,2026/06/11,"37,475,162"
 الرياض,الرياض,القطاع الخاص,خدمة إلكترونية جزئيا,2026/06/11,"37,473,843"
 الشرقية,الدمام,القطاع الخاص,خدمة إلكترونية جزئيا,2026/06/11,"37,459,304"
 القصيم,بريده,القطاع الخاص,خدمة إلكترونية جزئيا,2026/06/11,"37,461,524"
 مكة المكرمه,مكة المكرمة,القطاع الخاص,خدمة إلكترونية جزئيا,2026/06/11,"37,472,829"
 الرياض,الرياض,القطاع الخاص,خدمة إلكترونية جزئيا,2026/06/11,"37,457,778"
 الرياض,الرياض,القطاع الخاص,خدمة إلكترونية جزئيا,2026/06/11,"37,470,111"
 الرياض,الرياض,القطاع الخاص,خدمة إلكترونية جزئيا,2026/06/11,"37,473,265"
 الرياض,الرياض,القطاع الخاص,خدمة إلكترونية جزئيا,2026/06/11,"37,473,502"
 الشرقية,الدمام,القطاع الخاص,خدمة إلكترونية جزئيا,2026/06/11,"37,470,479"
 الرياض,الرياض,القطاع الخاص,خدمة إلكترونية جزئيا,2026/06/11,"37,473,416"
 الرياض,الرياض,القطاع الخاص,خدمة إلكترونية جزئيا,2026/06/11,"37,459,826"
 الرياض,الرياض,القطاع الخاص,خدمة إلكترونية جزئيا,2026/06/11,"37,474,137"
 الرياض,الرياض,القطاع الخاص,خدمة إلكترونية جزئيا,2026/06/11,"37,469,193"
 الرياض,المجمعه,القطاع الخاص,خدمة إلكترونية جزئيا,2026/06/11,"37,466,904"
 مكة المكرمه,جده,القطاع الخاص,خدمة إلكترونية جزئيا,2026/06/11,"37,461,307"
الخدمات الرقمية,عام,القطاع العام,خدمة إلكترونية,2026/06/11,"37,462,988"
الخدمات الرقمية,عام,القطاع العام,خدمة إلكترونية,2026/06/11,"37,464,066"
الخدمات الرقمية,عام,القطاع العام,خدمة إلكترونية,2026/06/11,"37,467,220"
الخدمات الرقمية,عام,القطاع العام,خدمة إلكترونية,2026/06/11,"37,464,240"
الخدمات الرقمية,عام,القطاع العام,خدمة إلكترونية,2026/06/11,"37,464,442"
الخدمات الرقمية,عام,القطاع العام,خدمة إلكترونية,2026/06/11,"37,461,868"
الخدمات الرقمية,عام,القطاع العام,خدمة إلكترونية,2026/06/11,"37,450,081"
الخدمات الرقمية,عام,القطاع العام,خدمة إلكترونية,2026/06/11,"37,462,082"
الخدمات الرقمية,عام,القطاع العام,خدمة إلكترونية,2026/06/11,"37,465,198"
الخدمات الرقمية,عام,القطاع العام,خدمة إلكترونية,2026/06/11,"37,462,403"
الخدمات الرقمية,عام,القطاع العام,خدمة إلكترونية,2026/06/11,"37,464,145"
الخدمات الرقمية,عام,القطاع العام,خدمة إلكترونية,2026/06/11,"37,452,302"
الخدمات الرقمية,عام,القطاع العام,خدمة إلكترونية,2026/06/11,"37,467,099"
الخدمات الرقمية,عام,القطاع العام,خدمة إلكترونية,2026/06/11,"37,467,623"
الخدمات الرقمية,عام,القطاع العام,خدمة إلكترونية,2026/06/11,"37,455,600"
الخدمات الرقمية,عام,القطاع العام,خدمة إلكترونية,2026/06/11,"37,470,301"
الخدمات الرقمية,عام,القطاع العام,خدمة إلكترونية,2026/06/11,"37,471,196"
الخدمات الرقمية,عام,القطاع العام,خدمة إلكترونية,2026/06/11,"37,471,795"
الخدمات الرقمية,عام,القطاع العام,خدمة إلكترونية,2026/06/11,"37,475,478"
الخدمات الرقمية,عام,القطاع العام,خدمة إلكترونية,2026/06/11,"37,470,820"
الخدمات الرقمية,عام,القطاع العام,خدمة إلكترونية,2026/06/11,"37,473,766"
الخدمات الرقمية,عام,القطاع العام,خدمة إلكترونية,2026/06/11,"37,470,212"
الخدمات الرقمية,عام,القطاع العام,خدمة إلكترونية,2026/06/11,"37,476,243"
الخدمات الرقمية,عام,القطاع العام,خدمة إلكترونية,2026/06/11,"37,473,734"
الخدمات الرقمية,عام,القطاع العام,خدمة إلكترونية,2026/06/11,"37,474,825"
الخدمات الرقمية,عام,القطاع العام,خدمة إلكترونية,2026/06/11,"37,471,490"
الخدمات الرقمية,عام,القطاع العام,خدمة إلكترونية,2026/06/11,"37,474,547"
الخدمات الرقمية,عام,القطاع العام,خدمة إلكترونية,2026/06/11,"37,470,352"
الخدمات الرقمية,عام,القطاع العام,خدمة إلكترونية,2026/06/11,"37,472,423"
الخدمات الرقمية,عام,القطاع العام,خدمة إلكترونية,2026/06/11,"37,469,456"
الخدمات الرقمية,عام,القطاع العام,خدمة إلكترونية,2026/06/11,"37,470,923"
الخدمات الرقمية,عام,القطاع العام,خدمة إلكترونية,2026/06/11,"37,473,858"
الخدمات الرقمية,عام,القطاع العام,خدمة إلكترونية,2026/06/11,"37,461,078"
الخدمات الرقمية,عام,القطاع العام,خدمة إلكترونية,2026/06/11,"37,477,518"
الخدمات الرقمية,عام,القطاع العام,خدمة إلكترونية,2026/06/11,"37,477,488"
الخدمات الرقمية,عام,القطاع العام,خدمة إلكترونية,2026/06/11,"37,472,955"
الخدمات الرقمية,عام,القطاع العام,خدمة إلكترونية,2026/06/11,"37,472,500"
الخدمات الرقمية,عام,القطاع العام,خدمة إلكترونية,2026/06/11,"37,476,580"
الخدمات الرقمية,عام,القطاع العام,خدمة إلكترونية,2026/06/11,"37,472,098"
الخدمات الرقمية,عام,القطاع العام,خدمة إلكترونية,2026/06/11,"37,471,227"
الخدمات الرقمية,عام,القطاع العام,خدمة إلكترونية,2026/06/11,"37,461,689"
الخدمات الرقمية,عام,القطاع العام,خدمة إلكترونية,2026/06/11,"37,463,317"
الخدمات الرقمية,عام,القطاع العام,خدمة إلكترونية,2026/06/11,"37,462,500"
الخدمات الرقمية,عام,القطاع العام,خدمة إلكترونية,2026/06/11,"37,466,345"
الخدمات الرقمية,عام,القطاع العام,خدمة إلكترونية,2026/06/11,"37,466,492"
الخدمات الرقمية,عام,القطاع العام,خدمة إلكترونية,2026/06/11,"37,457,153"
الخدمات الرقمية,عام,القطاع العام,خدمة إلكترونية,2026/06/11,"37,459,069"
الخدمات الرقمية,عام,القطاع العام,خدمة إلكترونية,2026/06/11,"37,463,723"
الخدمات الرقمية,عام,القطاع العام,خدمة إلكترونية,2026/06/11,"37,454,890"
الخدمات الرقمية,عام,القطاع العام,خدمة إلكترونية,2026/06/11,"37,466,571"
الخدمات الرقمية,عام,القطاع العام,خدمة إلكترونية,2026/06/11,"37,470,348"
الخدمات الرقمية,عام,القطاع العام,خدمة إلكترونية,2026/06/11,"37,469,313"
الخدمات الرقمية,عام,القطاع العام,خدمة إلكترونية,2026/06/11,"37,469,632"
الخدمات الرقمية,عام,القطاع العام,خدمة إلكترونية,2026/06/11,"37,472,321"
الخدمات الرقمية,عام,القطاع العام,خدمة إلكترونية,2026/06/11,"37,469,531"
الخدمات الرقمية,عام,القطاع العام,خدمة إلكترونية,2026/06/11,"37,471,970"
 الرياض,الرياض,القطاع الخاص,خدمة إلكترونية جزئيا,2026/06/12,"37,483,994"
 الحدود الشمالية,عرعر,القطاع الخاص,خدمة إلكترونية جزئيا,2026/06/12,"37,486,652"
 الرياض,الرياض,القطاع الخاص,خدمة إلكترونية جزئيا,2026/06/12,"37,484,023"
 الحدود الشمالية,عرعر,القطاع الخاص,خدمة إلكترونية جزئيا,2026/06/12,"37,486,657"
الخدمات الرقمية,عام,القطاع العام,خدمة إلكترونية,2026/06/12,"37,478,292"
الخدمات الرقمية,عام,القطاع العام,خدمة إلكترونية,2026/06/12,"37,482,496"
الخدمات الرقمية,عام,القطاع العام,خدمة إلكترونية,2026/06/12,"37,482,900"
الخدمات الرقمية,عام,القطاع العام,خدمة إلكترونية,2026/06/12,"37,478,562"
الخدمات الرقمية,عام,القطاع العام,خدمة إلكترونية,2026/06/12,"37,484,479"
 عسير,ابها,القطاع الخاص,خدمة إلكترونية جزئيا,2026/06/13,"37,498,071"
 عسير,ابها,القطاع الخاص,خدمة إلكترونية جزئيا,2026/06/13,"37,499,076"
 القصيم,بريده,القطاع الخاص,خدمة إلكترونية جزئيا,2026/06/13,"37,499,140"
 مكة المكرمه,جده,القطاع الخاص,خدمة إلكترونية جزئيا,2026/06/13,"37,500,991"
 القصيم,بريده,القطاع الخاص,خدمة إلكترونية جزئيا,2026/06/13,"37,499,144"
 عسير,ابها,القطاع الخاص,خدمة إلكترونية جزئيا,2026/06/13,"37,499,169"
 عسير,ابها,القطاع الخاص,خدمة إلكترونية جزئيا,2026/06/13,"37,498,242"
الخدمات الرقمية,عام,القطاع العام,خدمة إلكترونية,2026/06/13,"37,497,167"
الخدمات الرقمية,عام,القطاع العام,خدمة إلكترونية,2026/06/13,"37,499,501"
الخدمات الرقمية,عام,القطاع العام,خدمة إلكترونية,2026/06/13,"37,492,568"
الخدمات الرقمية,كتابة عدل مدمجة - افتراضية,القطاع العام,خدمة إلكترونية جزئيا,2026/06/14,"37,507,646"
 المدينة المنوره,المدينة المنورة,القطاع الخاص,خدمة إلكترونية جزئيا,2026/06/14,"37,510,876"
 الشرقية,الاحساء,القطاع الخاص,خدمة إلكترونية جزئيا,2026/06/14,"37,508,903"
 القصيم,البكيريه,القطاع الخاص,خدمة إلكترونية جزئيا,2026/06/14,"37,523,059"
 القصيم,البكيريه,القطاع الخاص,خدمة إلكترونية جزئيا,2026/06/14,"37,522,807"
 الشرقية,الاحساء,القطاع الخاص,خدمة إلكترونية جزئيا,2026/06/14,"37,509,023"
 نجران,نجران,القطاع الخاص,خدمة إلكترونية جزئيا,2026/06/14,"37,507,411"
 الشرقية,الاحساء,القطاع الخاص,خدمة إلكترونية جزئيا,2026/06/14,"37,511,923"
 الشرقية,الاحساء,القطاع الخاص,خدمة إلكترونية جزئيا,2026/06/14,"37,511,415"
 الحدود الشمالية,عرعر,القطاع الخاص,خدمة إلكترونية جزئيا,2026/06/14,"37,519,965"
 الحدود الشمالية,عرعر,القطاع الخاص,خدمة إلكترونية جزئيا,2026/06/14,"37,519,667"
 الحدود الشمالية,عرعر,القطاع الخاص,خدمة إلكترونية جزئيا,2026/06/14,"37,519,435"
 القصيم,بريده,القطاع الخاص,خدمة إلكترونية جزئيا,2026/06/14,"37,514,975"
 مكة المكرمه,جده,القطاع الخاص,خدمة إلكترونية جزئيا,2026/06/14,"37,514,454"
 مكة المكرمه,جده,القطاع الخاص,خدمة إلكترونية جزئيا,2026/06/14,"37,513,815"
 الشرقية,الدمام,القطاع الخاص,خدمة إلكترونية جزئيا,2026/06/14,"37,511,257"
 مكة المكرمه,مكة المكرمة,القطاع الخاص,خدمة إلكترونية جزئيا,2026/06/14,"37,518,678"
 مكة المكرمه,مكة المكرمة,القطاع الخاص,خدمة إلكترونية جزئيا,2026/06/14,"37,516,866"
 الرياض,الرياض,القطاع الخاص,خدمة إلكترونية جزئيا,2026/06/14,"37,508,914"
 الرياض,الرياض,القطاع الخاص,خدمة إلكترونية جزئيا,2026/06/14,"37,514,685"
 الرياض,الرياض,القطاع الخاص,خدمة إلكترونية جزئيا,2026/06/14,"37,516,985"
 الرياض,الرياض,القطاع الخاص,خدمة إلكترونية جزئيا,2026/06/14,"37,515,741"
 الرياض,الرياض,القطاع الخاص,خدمة إلكترونية جزئيا,2026/06/14,"37,520,656"
 الرياض,الرياض,القطاع الخاص,خدمة إلكترونية جزئيا,2026/06/14,"37,521,608"
 الرياض,الرياض,القطاع الخاص,خدمة إلكترونية جزئيا,2026/06/14,"37,520,724"
 الرياض,الرياض,القطاع الخاص,خدمة إلكترونية جزئيا,2026/06/14,"37,523,140"
 الرياض,الرياض,القطاع الخاص,خدمة إلكترونية جزئيا,2026/06/14,"37,520,985"
 الرياض,الرياض,القطاع الخاص,خدمة إلكترونية جزئيا,2026/06/14,"37,507,687"
 الرياض,الرياض,القطاع الخاص,خدمة إلكترونية جزئيا,2026/06/14,"37,507,541"
 الرياض,الرياض,القطاع الخاص,خدمة إلكترونية جزئيا,2026/06/14,"37,508,021"
 الرياض,الرياض,القطاع الخاص,خدمة إلكترونية جزئيا,2026/06/14,"37,513,056"
 الرياض,الرياض,القطاع الخاص,خدمة إلكترونية جزئيا,2026/06/14,"37,507,747"
 القصيم,بريده,القطاع الخاص,خدمة إلكترونية جزئيا,2026/06/14,"37,515,080"
 الرياض,الرياض,القطاع الخاص,خدمة إلكترونية جزئيا,2026/06/14,"37,509,156"
 مكة المكرمه,مكة المكرمة,القطاع الخاص,خدمة إلكترونية جزئيا,2026/06/14,"37,518,777"
 الشرقية,الاحساء,القطاع الخاص,خدمة إلكترونية جزئيا,2026/06/14,"37,509,154"
 الشرقية,الاحساء,القطاع الخاص,خدمة إلكترونية جزئيا,2026/06/14,"37,508,935"
 الرياض,الرياض,القطاع الخاص,خدمة إلكترونية جزئيا,2026/06/14,"37,507,562"
 القصيم,البكيريه,القطاع الخاص,خدمة إلكترونية جزئيا,2026/06/14,"37,523,104"
 الشرقية,الدمام,القطاع الخاص,خدمة إلكترونية جزئيا,2026/06/14,"37,511,443"
 الرياض,الرياض,القطاع الخاص,خدمة إلكترونية جزئيا,2026/06/14,"37,514,815"
 مكة المكرمه,جده,القطاع الخاص,خدمة إلكترونية جزئيا,2026/06/14,"37,514,603"
 مكة المكرمه,مكة المكرمة,القطاع الخاص,خدمة إلكترونية جزئيا,2026/06/14,"37,516,943"
 الرياض,الرياض,القطاع الخاص,خدمة إلكترونية جزئيا,2026/06/14,"37,523,416"
 الرياض,الرياض,القطاع الخاص,خدمة إلكترونية جزئيا,2026/06/14,"37,508,146"
 الرياض,الرياض,القطاع الخاص,خدمة إلكترونية جزئيا,2026/06/14,"37,521,006"
 الرياض,الرياض,القطاع الخاص,خدمة إلكترونية جزئيا,2026/06/14,"37,512,537"
 مكة المكرمه,جده,القطاع الخاص,خدمة إلكترونية جزئيا,2026/06/14,"37,514,066"
 نجران,نجران,القطاع الخاص,خدمة إلكترونية جزئيا,2026/06/14,"37,507,474"
 المدينة المنوره,المدينة المنورة,القطاع الخاص,خدمة إلكترونية جزئيا,2026/06/14,"37,511,176"
 الرياض,الرياض,القطاع الخاص,خدمة إلكترونية جزئيا,2026/06/14,"37,517,023"
 الرياض,الرياض,القطاع الخاص,خدمة إلكترونية جزئيا,2026/06/14,"37,513,565"
 الحدود الشمالية,عرعر,القطاع الخاص,خدمة إلكترونية جزئيا,2026/06/14,"37,520,079"
الخدمات الرقمية,عام,القطاع العام,خدمة إلكترونية,2026/06/14,"37,513,420"
الخدمات الرقمية,عام,القطاع العام,خدمة إلكترونية,2026/06/14,"37,522,005"
الخدمات الرقمية,عام,القطاع العام,خدمة إلكترونية,2026/06/14,"37,518,095"
الخدمات الرقمية,عام,القطاع العام,خدمة إلكترونية,2026/06/14,"37,524,484"
الخدمات الرقمية,عام,القطاع العام,خدمة إلكترونية,2026/06/14,"37,517,086"
الخدمات الرقمية,عام,القطاع العام,خدمة إلكترونية,2026/06/14,"37,521,473"
الخدمات الرقمية,عام,القطاع العام,خدمة إلكترونية,2026/06/14,"37,517,277"
الخدمات الرقمية,عام,القطاع العام,خدمة إلكترونية,2026/06/14,"37,517,875"
الخدمات الرقمية,عام,القطاع العام,خدمة إلكترونية,2026/06/14,"37,524,509"
الخدمات الرقمية,عام,القطاع العام,خدمة إلكترونية,2026/06/14,"37,517,286"
الخدمات الرقمية,عام,القطاع العام,خدمة إلكترونية,2026/06/14,"37,519,553"
الخدمات الرقمية,عام,القطاع العام,خدمة إلكترونية,2026/06/14,"37,514,866"
الخدمات الرقمية,عام,القطاع العام,خدمة إلكترونية,2026/06/14,"37,522,620"
الخدمات الرقمية,عام,القطاع العام,خدمة إلكترونية,2026/06/14,"37,508,994"
الخدمات الرقمية,عام,القطاع العام,خدمة إلكترونية,2026/06/14,"37,512,114"
الخدمات الرقمية,عام,القطاع العام,خدمة إلكترونية,2026/06/14,"37,518,834"
الخدمات الرقمية,عام,القطاع العام,خدمة إلكترونية,2026/06/14,"37,522,033"
الخدمات الرقمية,عام,القطاع العام,خدمة إلكترونية,2026/06/14,"37,522,609"
الخدمات الرقمية,عام,القطاع العام,خدمة إلكترونية,2026/06/14,"37,521,404"
الخدمات الرقمية,عام,القطاع العام,خدمة إلكترونية,2026/06/14,"37,507,965"
الخدمات الرقمية,عام,القطاع العام,خدمة إلكترونية,2026/06/14,"37,517,219"
الخدمات الرقمية,عام,القطاع العام,خدمة إلكترونية,2026/06/14,"37,517,270"
الخدمات الرقمية,عام,القطاع العام,خدمة إلكترونية,2026/06/14,"37,518,858"
الخدمات الرقمية,عام,القطاع العام,خدمة إلكترونية,2026/06/14,"37,517,463"
الخدمات الرقمية,عام,القطاع العام,خدمة إلكترونية,2026/06/14,"37,522,266"
الخدمات الرقمية,عام,القطاع العام,خدمة إلكترونية,2026/06/14,"37,511,198"
الخدمات الرقمية,عام,القطاع العام,خدمة إلكترونية,2026/06/14,"37,522,487"
الخدمات الرقمية,عام,القطاع العام,خدمة إلكترونية,2026/06/14,"37,522,250"
الخدمات الرقمية,عام,القطاع العام,خدمة إلكترونية,2026/06/14,"37,512,926"
الخدمات الرقمية,عام,القطاع العام,خدمة إلكترونية,2026/06/14,"37,516,374"
الخدمات الرقمية,عام,القطاع العام,خدمة إلكترونية,2026/06/14,"37,505,071"
الخدمات الرقمية,عام,القطاع العام,خدمة إلكترونية,2026/06/14,"37,505,108"
الخدمات الرقمية,عام,القطاع العام,خدمة إلكترونية,2026/06/14,"37,508,899"
الخدمات الرقمية,عام,القطاع العام,خدمة إلكترونية,2026/06/14,"37,523,009"
الخدمات الرقمية,عام,القطاع العام,خدمة إلكترونية,2026/06/14,"37,521,684"
الخدمات الرقمية,عام,القطاع العام,خدمة إلكترونية,2026/06/14,"37,515,732"
الخدمات الرقمية,عام,القطاع العام,خدمة إلكترونية,2026/06/14,"37,517,399"
الخدمات الرقمية,عام,القطاع العام,خدمة إلكترونية,2026/06/14,"37,515,124"
الخدمات الرقمية,عام,القطاع العام,خدمة إلكترونية,2026/06/14,"37,514,512"
الخدمات الرقمية,عام,القطاع العام,خدمة إلكترونية,2026/06/14,"37,509,360"
الخدمات الرقمية,عام,القطاع العام,خدمة إلكترونية,2026/06/14,"37,510,665"
الخدمات الرقمية,عام,القطاع العام,خدمة إلكترونية,2026/06/14,"37,514,269"
 مكة المكرمه,مكة المكرمة,القطاع الخاص,خدمة إلكترونية جزئيا,2026/06/15,"37,532,660"
 تبوك,تبوك,القطاع الخاص,خدمة إلكترونية جزئيا,2026/06/15,"37,533,907"
 الرياض,الرياض,القطاع الخاص,خدمة إلكترونية جزئيا,2026/06/15,"37,533,989"
 مكة المكرمه,مكة المكرمة,القطاع الخاص,خدمة إلكترونية جزئيا,2026/06/15,"37,537,710"
 مكة المكرمه,الطائف,القطاع الخاص,خدمة إلكترونية جزئيا,2026/06/15,"37,544,350"
 الشرقية,حفر الباطن,القطاع الخاص,خدمة إلكترونية جزئيا,2026/06/15,"37,544,425"
 مكة المكرمه,جده,القطاع الخاص,خدمة إلكترونية جزئيا,2026/06/15,"37,545,440"
 الرياض,الرياض,القطاع الخاص,خدمة إلكترونية جزئيا,2026/06/15,"37,538,680"
 الشرقية,الاحساء,القطاع الخاص,خدمة إلكترونية جزئيا,2026/06/15,"37,529,479"
 الرياض,الرياض,القطاع الخاص,خدمة إلكترونية جزئيا,2026/06/15,"37,529,029"
 الرياض,الرياض,القطاع الخاص,خدمة إلكترونية جزئيا,2026/06/15,"37,532,368"
 الشرقية,الدمام,القطاع الخاص,خدمة إلكترونية جزئيا,2026/06/15,"37,535,192"
 الرياض,الرياض,القطاع الخاص,خدمة إلكترونية جزئيا,2026/06/15,"37,537,071"
 عسير,ابها,القطاع الخاص,خدمة إلكترونية جزئيا,2026/06/15,"37,532,395"
 مكة المكرمه,مكة المكرمة,القطاع الخاص,خدمة إلكترونية جزئيا,2026/06/15,"37,533,837"
 مكة المكرمه,مكة المكرمة,القطاع الخاص,خدمة إلكترونية جزئيا,2026/06/15,"37,536,181"
 مكة المكرمه,مكة المكرمة,القطاع الخاص,خدمة إلكترونية جزئيا,2026/06/15,"37,529,711"
 الرياض,الرياض,القطاع الخاص,خدمة إلكترونية جزئيا,2026/06/15,"37,535,889"
 الرياض,الرياض,القطاع الخاص,خدمة إلكترونية جزئيا,2026/06/15,"37,540,090"
 الرياض,الرياض,القطاع الخاص,خدمة إلكترونية جزئيا,2026/06/15,"37,536,286"
 تبوك,تبوك,القطاع الخاص,خدمة إلكترونية جزئيا,2026/06/15,"37,536,173"
 الرياض,الرياض,القطاع الخاص,خدمة إلكترونية جزئيا,2026/06/15,"37,538,719"
 الرياض,الرياض,القطاع الخاص,خدمة إلكترونية جزئيا,2026/06/15,"37,530,165"
 مكة المكرمه,جده,القطاع الخاص,خدمة إلكترونية جزئيا,2026/06/15,"37,533,181"
الخدمات الرقمية,عام,القطاع العام,خدمة إلكترونية,2026/06/15,"37,544,711"
الخدمات الرقمية,عام,القطاع العام,خدمة إلكترونية,2026/06/15,"37,544,036"
الخدمات الرقمية,عام,القطاع العام,خدمة إلكترونية,2026/06/15,"37,543,577"
الخدمات الرقمية,عام,القطاع العام,خدمة إلكترونية,2026/06/15,"37,535,817"
الخدمات الرقمية,عام,القطاع العام,خدمة إلكترونية,2026/06/15,"37,534,220"
الخدمات الرقمية,عام,القطاع العام,خدمة إلكترونية,2026/06/15,"37,540,226"
الخدمات الرقمية,عام,القطاع العام,خدمة إلكترونية,2026/06/15,"37,524,668"
الخدمات الرقمية,عام,القطاع العام,خدمة إلكترونية,2026/06/15,"37,524,743"
الخدمات الرقمية,عام,القطاع العام,خدمة إلكترونية,2026/06/15,"37,535,606"
الخدمات الرقمية,عام,القطاع العام,خدمة إلكترونية,2026/06/15,"37,535,440"
الخدمات الرقمية,عام,القطاع العام,خدمة إلكترونية,2026/06/15,"37,535,929"
الخدمات الرقمية,عام,القطاع العام,خدمة إلكترونية,2026/06/15,"37,537,443"
الخدمات الرقمية,عام,القطاع العام,خدمة إلكترونية,2026/06/15,"37,539,256"
الخدمات الرقمية,عام,القطاع العام,خدمة إلكترونية,2026/06/15,"37,534,096"
الخدمات الرقمية,عام,القطاع العام,خدمة إلكترونية,2026/06/15,"37,539,786"
الخدمات الرقمية,عام,القطاع العام,خدمة إلكترونية,2026/06/15,"37,538,509"
الخدمات الرقمية,عام,القطاع العام,خدمة إلكترونية,2026/06/15,"37,539,320"
الخدمات الرقمية,عام,القطاع العام,خدمة إلكترونية,2026/06/15,"37,537,758"
الخدمات الرقمية,عام,القطاع العام,خدمة إلكترونية,2026/06/15,"37,535,818"
الخدمات الرقمية,عام,القطاع العام,خدمة إلكترونية,2026/06/15,"37,536,999"
الخدمات الرقمية,عام,القطاع العام,خدمة إلكترونية,2026/06/15,"37,532,092"
الخدمات الرقمية,عام,القطاع العام,خدمة إلكترونية,2026/06/15,"37,537,148"
الخدمات الرقمية,عام,القطاع العام,خدمة إلكترونية,2026/06/15,"37,527,221"
الخدمات الرقمية,عام,القطاع العام,خدمة إلكترونية,2026/06/15,"37,539,437"
الخدمات الرقمية,عام,القطاع العام,خدمة إلكترونية,2026/06/15,"37,530,995"
الخدمات الرقمية,عام,القطاع العام,خدمة إلكترونية,2026/06/15,"37,537,629"
الخدمات الرقمية,عام,القطاع العام,خدمة إلكترونية,2026/06/15,"37,537,894"
الخدمات الرقمية,عام,القطاع العام,خدمة إلكترونية,2026/06/15,"37,536,338"
الخدمات الرقمية,عام,القطاع العام,خدمة إلكترونية,2026/06/15,"37,536,452"
الخدمات الرقمية,عام,القطاع العام,خدمة إلكترونية,2026/06/15,"37,545,622"
الخدمات الرقمية,عام,القطاع العام,خدمة إلكترونية,2026/06/15,"37,530,237"
الخدمات الرقمية,عام,القطاع العام,خدمة إلكترونية,2026/06/15,"37,536,863"
الخدمات الرقمية,عام,القطاع العام,خدمة إلكترونية,2026/06/15,"37,528,345"
الخدمات الرقمية,عام,القطاع العام,خدمة إلكترونية,2026/06/15,"37,527,953"
الخدمات الرقمية,عام,القطاع العام,خدمة إلكترونية,2026/06/15,"37,532,221"
الخدمات الرقمية,عام,القطاع العام,خدمة إلكترونية,2026/06/15,"37,540,324"
الخدمات الرقمية,عام,القطاع العام,خدمة إلكترونية,2026/06/15,"37,528,569"
الخدمات الرقمية,عام,القطاع العام,خدمة إلكترونية,2026/06/15,"37,534,900"
الخدمات الرقمية,عام,القطاع العام,خدمة إلكترونية,2026/06/15,"37,528,596"
 مكة المكرمه,الطائف,القطاع الخاص,خدمة إلكترونية جزئيا,2026/06/15,"37,543,890"
 الشرقية,حفر الباطن,القطاع الخاص,خدمة إلكترونية جزئيا,2026/06/15,"37,544,014"
 الشرقية,حفر الباطن,القطاع الخاص,خدمة إلكترونية جزئيا,2026/06/15,"37,541,739"
 الشرقية,الاحساء,القطاع الخاص,خدمة إلكترونية جزئيا,2026/06/15,"37,529,221"
 الشرقية,حفر الباطن,القطاع الخاص,خدمة إلكترونية جزئيا,2026/06/15,"37,541,116"
 الشرقية,حفر الباطن,القطاع الخاص,خدمة إلكترونية جزئيا,2026/06/15,"37,542,026"
 الشرقية,حفر الباطن,القطاع الخاص,خدمة إلكترونية جزئيا,2026/06/15,"37,541,430"
 الشرقية,حفر الباطن,القطاع الخاص,خدمة إلكترونية جزئيا,2026/06/15,"37,541,337"
 الشرقية,حفر الباطن,القطاع الخاص,خدمة إلكترونية جزئيا,2026/06/15,"37,541,464"
 تبوك,تبوك,القطاع الخاص,خدمة إلكترونية جزئيا,2026/06/15,"37,533,619"
 الشرقية,الاحساء,القطاع الخاص,خدمة إلكترونية جزئيا,2026/06/15,"37,529,178"
 مكة المكرمه,الطائف,القطاع الخاص,خدمة إلكترونية جزئيا,2026/06/15,"37,537,616"
 مكة المكرمه,الطائف,القطاع الخاص,خدمة إلكترونية جزئيا,2026/06/15,"37,541,343"
 عسير,ابها,القطاع الخاص,خدمة إلكترونية جزئيا,2026/06/15,"37,532,216"
 مكة المكرمه,جده,القطاع الخاص,خدمة إلكترونية جزئيا,2026/06/15,"37,545,137"
 مكة المكرمه,جده,القطاع الخاص,خدمة إلكترونية جزئيا,2026/06/15,"37,532,799"
 الشرقية,الدمام,القطاع الخاص,خدمة إلكترونية جزئيا,2026/06/15,"37,535,106"
 الشرقية,الدمام,القطاع الخاص,خدمة إلكترونية جزئيا,2026/06/15,"37,529,871"
 الشرقية,الدمام,القطاع الخاص,خدمة إلكترونية جزئيا,2026/06/15,"37,535,035"
 الشرقية,الدمام,القطاع الخاص,خدمة إلكترونية جزئيا,2026/06/15,"37,534,951"
 مكة المكرمه,مكة المكرمة,القطاع الخاص,خدمة إلكترونية جزئيا,2026/06/15,"37,532,427"
 مكة المكرمه,مكة المكرمة,القطاع الخاص,خدمة إلكترونية جزئيا,2026/06/15,"37,535,982"
 مكة المكرمه,مكة المكرمة,القطاع الخاص,خدمة إلكترونية جزئيا,2026/06/15,"37,533,682"
 مكة المكرمه,مكة المكرمة,القطاع الخاص,خدمة إلكترونية جزئيا,2026/06/15,"37,537,560"
 الرياض,الرياض,القطاع الخاص,خدمة إلكترونية جزئيا,2026/06/15,"37,528,931"
 الرياض,الرياض,القطاع الخاص,خدمة إلكترونية جزئيا,2026/06/15,"37,533,862"
 الرياض,الرياض,القطاع الخاص,خدمة إلكترونية جزئيا,2026/06/15,"37,534,217"
 الرياض,الرياض,القطاع الخاص,خدمة إلكترونية جزئيا,2026/06/15,"37,536,061"
 الرياض,الرياض,القطاع الخاص,خدمة إلكترونية جزئيا,2026/06/15,"37,529,518"
 الرياض,الرياض,القطاع الخاص,خدمة إلكترونية جزئيا,2026/06/15,"37,531,905"
 الرياض,الرياض,القطاع الخاص,خدمة إلكترونية جزئيا,2026/06/15,"37,538,554"
 الرياض,الرياض,القطاع الخاص,خدمة إلكترونية جزئيا,2026/06/15,"37,538,462"
 الرياض,الرياض,القطاع الخاص,خدمة إلكترونية جزئيا,2026/06/15,"37,539,963"
 الرياض,الرياض,القطاع الخاص,خدمة إلكترونية جزئيا,2026/06/15,"37,535,328"
 الرياض,الرياض,القطاع الخاص,خدمة إلكترونية جزئيا,2026/06/15,"37,539,238"
 الشرقية,الدمام,القطاع الخاص,خدمة إلكترونية جزئيا,2026/06/16,"37,569,002"
 عسير,ابها,القطاع الخاص,خدمة إلكترونية جزئيا,2026/06/16,"37,568,295"
 الرياض,الرياض,القطاع الخاص,خدمة إلكترونية جزئيا,2026/06/16,"37,561,384"
 الرياض,الرياض,القطاع الخاص,خدمة إلكترونية جزئيا,2026/06/16,"37,570,538"
 مكة المكرمه,مكة المكرمة,القطاع الخاص,خدمة إلكترونية جزئيا,2026/06/16,"37,568,598"
 مكة المكرمه,مكة المكرمة,القطاع الخاص,خدمة إلكترونية جزئيا,2026/06/16,"37,565,122"
 الشرقية,الدمام,القطاع الخاص,خدمة إلكترونية جزئيا,2026/06/16,"37,558,402"
 القصيم,بريده,القطاع الخاص,خدمة إلكترونية جزئيا,2026/06/16,"37,561,396"
 القصيم,بريده,القطاع الخاص,خدمة إلكترونية جزئيا,2026/06/16,"37,561,158"
 الرياض,الرياض,القطاع الخاص,خدمة إلكترونية جزئيا,2026/06/16,"37,560,436"
 الرياض,الرياض,القطاع الخاص,خدمة إلكترونية جزئيا,2026/06/16,"37,567,318"
 مكة المكرمه,مكة المكرمة,القطاع الخاص,خدمة إلكترونية جزئيا,2026/06/16,"37,578,760"
 الشرقية,الدمام,القطاع الخاص,خدمة إلكترونية جزئيا,2026/06/16,"37,571,179"
 الرياض,الرياض,القطاع الخاص,خدمة إلكترونية جزئيا,2026/06/16,"37,564,008"
 عسير,خميس مشيط,القطاع الخاص,خدمة إلكترونية جزئيا,2026/06/16,"37,575,016"
 مكة المكرمه,مكة المكرمة,القطاع الخاص,خدمة إلكترونية جزئيا,2026/06/16,"37,564,701"
 مكة المكرمه,مكة المكرمة,القطاع الخاص,خدمة إلكترونية جزئيا,2026/06/16,"37,579,029"
 الرياض,الرياض,القطاع الخاص,خدمة إلكترونية جزئيا,2026/06/16,"37,565,806"
 مكة المكرمه,مكة المكرمة,القطاع الخاص,خدمة إلكترونية جزئيا,2026/06/16,"37,578,921"
 المدينة المنوره,المدينة المنورة,القطاع الخاص,خدمة إلكترونية جزئيا,2026/06/16,"37,577,971"
 المدينة المنوره,المدينة المنورة,القطاع الخاص,خدمة إلكترونية جزئيا,2026/06/16,"37,566,562"
 الشرقية,الدمام,القطاع الخاص,خدمة إلكترونية جزئيا,2026/06/16,"37,558,244"
 الرياض,الرياض,القطاع الخاص,خدمة إلكترونية جزئيا,2026/06/16,"37,577,453"
 الشرقية,الدمام,القطاع الخاص,خدمة إلكترونية جزئيا,2026/06/16,"37,560,114"
 الرياض,شقراء,القطاع الخاص,خدمة إلكترونية جزئيا,2026/06/16,"37,578,489"
 المدينة المنوره,المدينة المنورة,القطاع الخاص,خدمة إلكترونية جزئيا,2026/06/16,"37,572,535"
الخدمات الرقمية,عام,القطاع العام,خدمة إلكترونية,2026/06/16,"37,549,418"
الخدمات الرقمية,عام,القطاع العام,خدمة إلكترونية,2026/06/16,"37,554,504"
الخدمات الرقمية,عام,القطاع العام,خدمة إلكترونية,2026/06/16,"37,561,429"
الخدمات الرقمية,عام,القطاع العام,خدمة إلكترونية,2026/06/16,"37,564,386"
الخدمات الرقمية,عام,القطاع العام,خدمة إلكترونية,2026/06/16,"37,564,234"
الخدمات الرقمية,عام,القطاع العام,خدمة إلكترونية,2026/06/16,"37,563,357"
الخدمات الرقمية,عام,القطاع العام,خدمة إلكترونية,2026/06/16,"37,566,622"
الخدمات الرقمية,عام,القطاع العام,خدمة إلكترونية,2026/06/16,"37,562,225"
الخدمات الرقمية,عام,القطاع العام,خدمة إلكترونية,2026/06/16,"37,566,314"
الخدمات الرقمية,عام,القطاع العام,خدمة إلكترونية,2026/06/16,"37,566,408"
الخدمات الرقمية,عام,القطاع العام,خدمة إلكترونية,2026/06/16,"37,567,821"
الخدمات الرقمية,عام,القطاع العام,خدمة إلكترونية,2026/06/16,"37,571,295"
الخدمات الرقمية,عام,القطاع العام,خدمة إلكترونية,2026/06/16,"37,566,895"
الخدمات الرقمية,عام,القطاع العام,خدمة إلكترونية,2026/06/16,"37,574,160"
الخدمات الرقمية,عام,القطاع العام,خدمة إلكترونية,2026/06/16,"37,577,976"
الخدمات الرقمية,عام,القطاع العام,خدمة إلكترونية,2026/06/16,"37,562,795"
الخدمات الرقمية,عام,القطاع العام,خدمة إلكترونية,2026/06/16,"37,577,268"
الخدمات الرقمية,عام,القطاع العام,خدمة إلكترونية,2026/06/16,"37,562,431"
الخدمات الرقمية,عام,القطاع العام,خدمة إلكترونية,2026/06/16,"37,561,915"
الخدمات الرقمية,عام,القطاع العام,خدمة إلكترونية,2026/06/16,"37,578,705"
الخدمات الرقمية,عام,القطاع العام,خدمة إلكترونية,2026/06/16,"37,576,930"
الخدمات الرقمية,عام,القطاع العام,خدمة إلكترونية,2026/06/16,"37,562,708"
الخدمات الرقمية,عام,القطاع العام,خدمة إلكترونية,2026/06/16,"37,575,676"
الخدمات الرقمية,عام,القطاع العام,خدمة إلكترونية,2026/06/16,"37,571,585"
الخدمات الرقمية,عام,القطاع العام,خدمة إلكترونية,2026/06/16,"37,571,326"
الخدمات الرقمية,عام,القطاع العام,خدمة إلكترونية,2026/06/16,"37,562,365"
الخدمات الرقمية,عام,القطاع العام,خدمة إلكترونية,2026/06/16,"37,562,385"
الخدمات الرقمية,عام,القطاع العام,خدمة إلكترونية,2026/06/16,"37,561,895"
الخدمات الرقمية,عام,القطاع العام,خدمة إلكترونية,2026/06/16,"37,580,331"
الخدمات الرقمية,عام,القطاع العام,خدمة إلكترونية,2026/06/16,"37,563,496"
الخدمات الرقمية,عام,القطاع العام,خدمة إلكترونية,2026/06/16,"37,570,956"
الخدمات الرقمية,عام,القطاع العام,خدمة إلكترونية,2026/06/16,"37,577,050"
الخدمات الرقمية,عام,القطاع العام,خدمة إلكترونية,2026/06/16,"37,554,510"
الخدمات الرقمية,عام,القطاع العام,خدمة إلكترونية,2026/06/16,"37,562,414"
الخدمات الرقمية,عام,القطاع العام,خدمة إلكترونية,2026/06/16,"37,568,316"
الخدمات الرقمية,عام,القطاع العام,خدمة إلكترونية,2026/06/16,"37,570,936"
الخدمات الرقمية,عام,القطاع العام,خدمة إلكترونية,2026/06/16,"37,571,685"
الخدمات الرقمية,عام,القطاع العام,خدمة إلكترونية,2026/06/16,"37,571,285"
الخدمات الرقمية,عام,القطاع العام,خدمة إلكترونية,2026/06/16,"37,571,372"
الخدمات الرقمية,عام,القطاع العام,خدمة إلكترونية,2026/06/16,"37,570,527"
الخدمات الرقمية,عام,القطاع العام,خدمة إلكترونية,2026/06/16,"37,565,803"
الخدمات الرقمية,عام,القطاع العام,خدمة إلكترونية,2026/06/16,"37,570,645"
الخدمات الرقمية,عام,القطاع العام,خدمة إلكترونية,2026/06/16,"37,569,367"
الخدمات الرقمية,عام,القطاع العام,خدمة إلكترونية,2026/06/16,"37,569,559"
الخدمات الرقمية,عام,القطاع العام,خدمة إلكترونية,2026/06/16,"37,569,768"
الخدمات الرقمية,عام,القطاع العام,خدمة إلكترونية,2026/06/16,"37,570,796"
الخدمات الرقمية,عام,القطاع العام,خدمة إلكترونية,2026/06/16,"37,565,340"
الخدمات الرقمية,عام,القطاع العام,خدمة إلكترونية,2026/06/16,"37,568,867"
الخدمات الرقمية,عام,القطاع العام,خدمة إلكترونية,2026/06/16,"37,569,183"
الخدمات الرقمية,عام,القطاع العام,خدمة إلكترونية,2026/06/16,"37,570,770"
الخدمات الرقمية,عام,القطاع العام,خدمة إلكترونية,2026/06/16,"37,571,534"
الخدمات الرقمية,عام,القطاع العام,خدمة إلكترونية,2026/06/16,"37,571,188"
الخدمات الرقمية,عام,القطاع العام,خدمة إلكترونية,2026/06/16,"37,570,939"
الخدمات الرقمية,عام,القطاع العام,خدمة إلكترونية,2026/06/16,"37,572,384"
الخدمات الرقمية,عام,القطاع العام,خدمة إلكترونية,2026/06/16,"37,562,304"
الخدمات الرقمية,عام,القطاع العام,خدمة إلكترونية,2026/06/16,"37,569,862"
الخدمات الرقمية,عام,القطاع العام,خدمة إلكترونية,2026/06/16,"37,571,152"
الخدمات الرقمية,عام,القطاع العام,خدمة إلكترونية,2026/06/16,"37,575,546"
الخدمات الرقمية,عام,القطاع العام,خدمة إلكترونية,2026/06/16,"37,575,457"
الخدمات الرقمية,عام,القطاع العام,خدمة إلكترونية,2026/06/16,"37,575,064"
الخدمات الرقمية,عام,القطاع العام,خدمة إلكترونية,2026/06/16,"37,574,804"
الخدمات الرقمية,عام,القطاع العام,خدمة إلكترونية,2026/06/16,"37,575,282"
الخدمات الرقمية,عام,القطاع العام,خدمة إلكترونية,2026/06/16,"37,569,463"
الخدمات الرقمية,عام,القطاع العام,خدمة إلكترونية,2026/06/16,"37,572,002"
الخدمات الرقمية,عام,القطاع العام,خدمة إلكترونية,2026/06/16,"37,569,291"
الخدمات الرقمية,عام,القطاع العام,خدمة إلكترونية,2026/06/16,"37,575,381"
الخدمات الرقمية,عام,القطاع العام,خدمة إلكترونية,2026/06/16,"37,572,252"
الخدمات الرقمية,عام,القطاع العام,خدمة إلكترونية,2026/06/16,"37,569,709"
الخدمات الرقمية,عام,القطاع العام,خدمة إلكترونية,2026/06/16,"37,571,786"
الخدمات الرقمية,عام,القطاع العام,خدمة إلكترونية,2026/06/16,"37,569,072"
الخدمات الرقمية,عام,القطاع العام,خدمة إلكترونية,2026/06/16,"37,570,910"
الخدمات الرقمية,عام,القطاع العام,خدمة إلكترونية,2026/06/16,"37,565,366"
الخدمات الرقمية,عام,القطاع العام,خدمة إلكترونية,2026/06/16,"37,574,656"
الخدمات الرقمية,عام,القطاع العام,خدمة إلكترونية,2026/06/16,"37,574,510"
الخدمات الرقمية,عام,القطاع العام,خدمة إلكترونية,2026/06/16,"37,570,159"
الخدمات الرقمية,عام,القطاع العام,خدمة إلكترونية,2026/06/16,"37,571,883"
الخدمات الرقمية,عام,القطاع العام,خدمة إلكترونية,2026/06/16,"37,570,871"
الخدمات الرقمية,عام,القطاع العام,خدمة إلكترونية,2026/06/16,"37,574,843"
الخدمات الرقمية,عام,القطاع العام,خدمة إلكترونية,2026/06/16,"37,574,910"
الخدمات الرقمية,عام,القطاع العام,خدمة إلكترونية,2026/06/16,"37,569,500"
الخدمات الرقمية,عام,القطاع العام,خدمة إلكترونية,2026/06/16,"37,571,002"
الخدمات الرقمية,عام,القطاع العام,خدمة إلكترونية,2026/06/16,"37,563,425"
الخدمات الرقمية,عام,القطاع العام,خدمة إلكترونية,2026/06/16,"37,570,424"
الخدمات الرقمية,عام,القطاع العام,خدمة إلكترونية,2026/06/16,"37,570,648"
 الشرقية,الدمام,القطاع الخاص,خدمة إلكترونية جزئيا,2026/06/16,"37,558,332"
 المدينة المنوره,المدينة المنورة,القطاع الخاص,خدمة إلكترونية جزئيا,2026/06/16,"37,570,495"
 المدينة المنوره,المدينة المنورة,القطاع الخاص,خدمة إلكترونية جزئيا,2026/06/16,"37,570,411"
 مكة المكرمه,مكة المكرمة,القطاع الخاص,خدمة إلكترونية جزئيا,2026/06/16,"37,578,440"
 الرياض,الرياض,القطاع الخاص,خدمة إلكترونية جزئيا,2026/06/16,"37,563,936"
 الرياض,الرياض,القطاع الخاص,خدمة إلكترونية جزئيا,2026/06/16,"37,566,770"
 المدينة المنوره,المدينة المنورة,القطاع الخاص,خدمة إلكترونية جزئيا,2026/06/16,"37,565,996"
 المدينة المنوره,المدينة المنورة,القطاع الخاص,خدمة إلكترونية جزئيا,2026/06/16,"37,577,760"
 المدينة المنوره,المدينة المنورة,القطاع الخاص,خدمة إلكترونية جزئيا,2026/06/16,"37,569,774"
 المدينة المنوره,المدينة المنورة,القطاع الخاص,خدمة إلكترونية جزئيا,2026/06/16,"37,572,403"
 المدينة المنوره,المدينة المنورة,القطاع الخاص,خدمة إلكترونية جزئيا,2026/06/16,"37,570,591"
 الشرقية,الدمام,القطاع الخاص,خدمة إلكترونية جزئيا,2026/06/16,"37,570,975"
 الشرقية,الدمام,القطاع الخاص,خدمة إلكترونية جزئيا,2026/06/16,"37,559,356"
 عسير,خميس مشيط,القطاع الخاص,خدمة إلكترونية جزئيا,2026/06/16,"37,574,818"
 عسير,خميس مشيط,القطاع الخاص,خدمة إلكترونية جزئيا,2026/06/16,"37,574,648"
 الرياض,شقراء,القطاع الخاص,خدمة إلكترونية جزئيا,2026/06/16,"37,578,403"
 الشرقية,الدمام,القطاع الخاص,خدمة إلكترونية جزئيا,2026/06/16,"37,558,472"
 عسير,ابها,القطاع الخاص,خدمة إلكترونية جزئيا,2026/06/16,"37,568,108"
 القصيم,بريده,القطاع الخاص,خدمة إلكترونية جزئيا,2026/06/16,"37,561,071"
 القصيم,بريده,القطاع الخاص,خدمة إلكترونية جزئيا,2026/06/16,"37,561,321"
 الشرقية,الدمام,القطاع الخاص,خدمة إلكترونية جزئيا,2026/06/16,"37,568,621"
 الشرقية,الدمام,القطاع الخاص,خدمة إلكترونية جزئيا,2026/06/16,"37,558,179"
 مكة المكرمه,مكة المكرمة,القطاع الخاص,خدمة إلكترونية جزئيا,2026/06/16,"37,568,250"
 مكة المكرمه,مكة المكرمة,القطاع الخاص,خدمة إلكترونية جزئيا,2026/06/16,"37,564,890"
 مكة المكرمه,مكة المكرمة,القطاع الخاص,خدمة إلكترونية جزئيا,2026/06/16,"37,564,254"
 مكة المكرمه,مكة المكرمة,القطاع الخاص,خدمة إلكترونية جزئيا,2026/06/16,"37,578,983"
 مكة المكرمه,مكة المكرمة,القطاع الخاص,خدمة إلكترونية جزئيا,2026/06/16,"37,578,708"
 مكة المكرمه,مكة المكرمة,القطاع الخاص,خدمة إلكترونية جزئيا,2026/06/16,"37,578,877"
 الرياض,الرياض,القطاع الخاص,خدمة إلكترونية جزئيا,2026/06/16,"37,565,652"
 الرياض,الرياض,القطاع الخاص,خدمة إلكترونية جزئيا,2026/06/16,"37,560,349"
 الرياض,الرياض,القطاع الخاص,خدمة إلكترونية جزئيا,2026/06/16,"37,570,082"
 الرياض,الرياض,القطاع الخاص,خدمة إلكترونية جزئيا,2026/06/16,"37,560,655"
الخدمات الرقمية,عام,القطاع العام,خدمة إلكترونية,2026/06/17,"37,596,812"
الخدمات الرقمية,عام,القطاع العام,خدمة إلكترونية,2026/06/17,"37,598,641"
 مكة المكرمه,مكة المكرمة,القطاع الخاص,خدمة إلكترونية جزئيا,2026/06/17,"37,597,383"
 عسير,ابها,القطاع الخاص,خدمة إلكترونية جزئيا,2026/06/17,"37,598,656"
 عسير,ابها,القطاع الخاص,خدمة إلكترونية جزئيا,2026/06/17,"37,601,893"
 الرياض,الرياض,القطاع الخاص,خدمة إلكترونية جزئيا,2026/06/17,"37,597,973"
 مكة المكرمه,مكة المكرمة,القطاع الخاص,خدمة إلكترونية جزئيا,2026/06/17,"37,598,750"
 الشرقية,الدمام,القطاع الخاص,خدمة إلكترونية جزئيا,2026/06/17,"37,593,693"
 مكة المكرمه,جده,القطاع الخاص,خدمة إلكترونية جزئيا,2026/06/17,"37,603,208"
 عسير,ابها,القطاع الخاص,خدمة إلكترونية جزئيا,2026/06/17,"37,589,732"
 عسير,ابها,القطاع الخاص,خدمة إلكترونية جزئيا,2026/06/17,"37,599,652"
 الرياض,الرياض,القطاع الخاص,خدمة إلكترونية جزئيا,2026/06/17,"37,605,754"
 المدينة المنوره,المدينة المنورة,القطاع الخاص,خدمة إلكترونية جزئيا,2026/06/17,"37,600,658"
 الرياض,الرياض,القطاع الخاص,خدمة إلكترونية جزئيا,2026/06/17,"37,595,387"
 الرياض,الرياض,القطاع الخاص,خدمة إلكترونية جزئيا,2026/06/17,"37,599,216"
 الرياض,الرياض,القطاع الخاص,خدمة إلكترونية جزئيا,2026/06/17,"37,592,444"
 مكة المكرمه,مكة المكرمة,القطاع الخاص,خدمة إلكترونية جزئيا,2026/06/17,"37,604,971"
 الرياض,الرياض,القطاع الخاص,خدمة إلكترونية جزئيا,2026/06/17,"37,599,896"
 الشرقية,الدمام,القطاع الخاص,خدمة إلكترونية جزئيا,2026/06/17,"37,599,197"
 الرياض,الرياض,القطاع الخاص,خدمة إلكترونية جزئيا,2026/06/17,"37,603,174"
 مكة المكرمه,جده,القطاع الخاص,خدمة إلكترونية جزئيا,2026/06/17,"37,602,939"
 الحدود الشمالية,عرعر,القطاع الخاص,خدمة إلكترونية جزئيا,2026/06/17,"37,602,950"
 مكة المكرمه,الطائف,القطاع الخاص,خدمة إلكترونية جزئيا,2026/06/17,"37,592,103"
 مكة المكرمه,جده,القطاع الخاص,خدمة إلكترونية جزئيا,2026/06/17,"37,593,630"
 نجران,نجران,القطاع الخاص,خدمة إلكترونية جزئيا,2026/06/17,"37,601,232"
 مكة المكرمه,الطائف,القطاع الخاص,خدمة إلكترونية جزئيا,2026/06/17,"37,593,404"
الخدمات الرقمية,عام,القطاع العام,خدمة إلكترونية,2026/06/17,"37,594,315"
الخدمات الرقمية,عام,القطاع العام,خدمة إلكترونية,2026/06/17,"37,607,690"
الخدمات الرقمية,عام,القطاع العام,خدمة إلكترونية,2026/06/17,"37,607,165"
الخدمات الرقمية,عام,القطاع العام,خدمة إلكترونية,2026/06/17,"37,600,390"
الخدمات الرقمية,عام,القطاع العام,خدمة إلكترونية,2026/06/17,"37,596,398"
الخدمات الرقمية,عام,القطاع العام,خدمة إلكترونية,2026/06/17,"37,605,737"
الخدمات الرقمية,عام,القطاع العام,خدمة إلكترونية,2026/06/17,"37,605,194"
الخدمات الرقمية,عام,القطاع العام,خدمة إلكترونية,2026/06/17,"37,605,304"
الخدمات الرقمية,عام,القطاع العام,خدمة إلكترونية,2026/06/17,"37,607,519"
الخدمات الرقمية,عام,القطاع العام,خدمة إلكترونية,2026/06/17,"37,603,229"
الخدمات الرقمية,عام,القطاع العام,خدمة إلكترونية,2026/06/17,"37,596,894"
الخدمات الرقمية,عام,القطاع العام,خدمة إلكترونية,2026/06/17,"37,593,004"
الخدمات الرقمية,عام,القطاع العام,خدمة إلكترونية,2026/06/17,"37,599,966"
الخدمات الرقمية,عام,القطاع العام,خدمة إلكترونية,2026/06/17,"37,600,219"
الخدمات الرقمية,عام,القطاع العام,خدمة إلكترونية,2026/06/17,"37,588,446"
الخدمات الرقمية,عام,القطاع العام,خدمة إلكترونية,2026/06/17,"37,592,854"
الخدمات الرقمية,عام,القطاع العام,خدمة إلكترونية,2026/06/17,"37,603,946"
الخدمات الرقمية,عام,القطاع العام,خدمة إلكترونية,2026/06/17,"37,608,341"
الخدمات الرقمية,عام,القطاع العام,خدمة إلكترونية,2026/06/17,"37,592,846"
الخدمات الرقمية,عام,القطاع العام,خدمة إلكترونية,2026/06/17,"37,593,421"
الخدمات الرقمية,عام,القطاع العام,خدمة إلكترونية,2026/06/17,"37,605,565"
الخدمات الرقمية,عام,القطاع العام,خدمة إلكترونية,2026/06/17,"37,607,959"
الخدمات الرقمية,عام,القطاع العام,خدمة إلكترونية,2026/06/17,"37,599,367"
الخدمات الرقمية,عام,القطاع العام,خدمة إلكترونية,2026/06/17,"37,599,206"
الخدمات الرقمية,عام,القطاع العام,خدمة إلكترونية,2026/06/17,"37,599,760"
الخدمات الرقمية,عام,القطاع العام,خدمة إلكترونية,2026/06/17,"37,596,991"
الخدمات الرقمية,عام,القطاع العام,خدمة إلكترونية,2026/06/17,"37,595,710"
الخدمات الرقمية,عام,القطاع العام,خدمة إلكترونية,2026/06/17,"37,598,269"
الخدمات الرقمية,عام,القطاع العام,خدمة إلكترونية,2026/06/17,"37,592,233"
الخدمات الرقمية,عام,القطاع العام,خدمة إلكترونية,2026/06/17,"37,592,516"
الخدمات الرقمية,عام,القطاع العام,خدمة إلكترونية,2026/06/17,"37,592,638"
الخدمات الرقمية,عام,القطاع العام,خدمة إلكترونية,2026/06/17,"37,604,922"
الخدمات الرقمية,عام,القطاع العام,خدمة إلكترونية,2026/06/17,"37,597,091"
الخدمات الرقمية,عام,القطاع العام,خدمة إلكترونية,2026/06/17,"37,608,356"
الخدمات الرقمية,عام,القطاع العام,خدمة إلكترونية,2026/06/17,"37,594,930"
الخدمات الرقمية,عام,القطاع العام,خدمة إلكترونية,2026/06/17,"37,602,464"
الخدمات الرقمية,عام,القطاع العام,خدمة إلكترونية,2026/06/17,"37,605,074"
الخدمات الرقمية,عام,القطاع العام,خدمة إلكترونية,2026/06/17,"37,597,648"
الخدمات الرقمية,عام,القطاع العام,خدمة إلكترونية,2026/06/17,"37,595,171"
الخدمات الرقمية,عام,القطاع العام,خدمة إلكترونية,2026/06/17,"37,592,126"
الخدمات الرقمية,عام,القطاع العام,خدمة إلكترونية,2026/06/17,"37,593,562"
الخدمات الرقمية,عام,القطاع العام,خدمة إلكترونية,2026/06/17,"37,608,053"
الخدمات الرقمية,عام,القطاع العام,خدمة إلكترونية,2026/06/17,"37,592,648"
الخدمات الرقمية,عام,القطاع العام,خدمة إلكترونية,2026/06/17,"37,605,055"
الخدمات الرقمية,عام,القطاع العام,خدمة إلكترونية,2026/06/17,"37,608,067"
الخدمات الرقمية,عام,القطاع العام,خدمة إلكترونية,2026/06/17,"37,591,146"
الخدمات الرقمية,عام,القطاع العام,خدمة إلكترونية,2026/06/17,"37,601,294"
الخدمات الرقمية,عام,القطاع العام,خدمة إلكترونية,2026/06/17,"37,602,059"
الخدمات الرقمية,عام,القطاع العام,خدمة إلكترونية,2026/06/17,"37,592,609"
الخدمات الرقمية,عام,القطاع العام,خدمة إلكترونية,2026/06/17,"37,604,643"
الخدمات الرقمية,عام,القطاع العام,خدمة إلكترونية,2026/06/17,"37,605,596"
الخدمات الرقمية,عام,القطاع العام,خدمة إلكترونية,2026/06/17,"37,588,085"
الخدمات الرقمية,عام,القطاع العام,خدمة إلكترونية,2026/06/17,"37,607,749"
الخدمات الرقمية,عام,القطاع العام,خدمة إلكترونية,2026/06/17,"37,603,236"
الخدمات الرقمية,عام,القطاع العام,خدمة إلكترونية,2026/06/17,"37,605,817"
الخدمات الرقمية,عام,القطاع العام,خدمة إلكترونية,2026/06/17,"37,598,935"
الخدمات الرقمية,عام,القطاع العام,خدمة إلكترونية,2026/06/17,"37,590,684"
الخدمات الرقمية,عام,القطاع العام,خدمة إلكترونية,2026/06/17,"37,590,203"
الخدمات الرقمية,عام,القطاع العام,خدمة إلكترونية,2026/06/17,"37,599,894"
الخدمات الرقمية,عام,القطاع العام,خدمة إلكترونية,2026/06/17,"37,591,169"
الخدمات الرقمية,عام,القطاع العام,خدمة إلكترونية,2026/06/17,"37,591,421"
الخدمات الرقمية,عام,القطاع العام,خدمة إلكترونية,2026/06/17,"37,590,501"
الخدمات الرقمية,عام,القطاع العام,خدمة إلكترونية,2026/06/17,"37,600,146"
الخدمات الرقمية,عام,القطاع العام,خدمة إلكترونية,2026/06/17,"37,605,463"
الخدمات الرقمية,عام,القطاع العام,خدمة إلكترونية,2026/06/17,"37,598,017"
الخدمات الرقمية,عام,القطاع العام,خدمة إلكترونية,2026/06/17,"37,592,677"
الخدمات الرقمية,عام,القطاع العام,خدمة إلكترونية,2026/06/17,"37,587,501"
الخدمات الرقمية,عام,القطاع العام,خدمة إلكترونية,2026/06/17,"37,587,361"
الخدمات الرقمية,عام,القطاع العام,خدمة إلكترونية,2026/06/17,"37,591,172"
الخدمات الرقمية,عام,القطاع العام,خدمة إلكترونية,2026/06/17,"37,598,368"
الخدمات الرقمية,عام,القطاع العام,خدمة إلكترونية,2026/06/17,"37,600,289"
الخدمات الرقمية,عام,القطاع العام,خدمة إلكترونية,2026/06/17,"37,589,095"
الخدمات الرقمية,عام,القطاع العام,خدمة إلكترونية,2026/06/17,"37,598,534"
الخدمات الرقمية,عام,القطاع العام,خدمة إلكترونية,2026/06/17,"37,600,158"
الخدمات الرقمية,عام,القطاع العام,خدمة إلكترونية,2026/06/17,"37,600,698"
الخدمات الرقمية,عام,القطاع العام,خدمة إلكترونية,2026/06/17,"37,588,636"
الخدمات الرقمية,عام,القطاع العام,خدمة إلكترونية,2026/06/17,"37,598,423"
الخدمات الرقمية,عام,القطاع العام,خدمة إلكترونية,2026/06/17,"37,597,757"
الخدمات الرقمية,عام,القطاع العام,خدمة إلكترونية,2026/06/17,"37,601,344"
الخدمات الرقمية,عام,القطاع العام,خدمة إلكترونية,2026/06/17,"37,600,628"
الخدمات الرقمية,عام,القطاع العام,خدمة إلكترونية,2026/06/17,"37,600,666"
الخدمات الرقمية,عام,القطاع العام,خدمة إلكترونية,2026/06/17,"37,596,180"
الخدمات الرقمية,عام,القطاع العام,خدمة إلكترونية,2026/06/17,"37,592,559"
الخدمات الرقمية,عام,القطاع العام,خدمة إلكترونية,2026/06/17,"37,598,292"
الخدمات الرقمية,عام,القطاع العام,خدمة إلكترونية,2026/06/17,"37,600,199"
الخدمات الرقمية,عام,القطاع العام,خدمة إلكترونية,2026/06/17,"37,600,765"
الخدمات الرقمية,عام,القطاع العام,خدمة إلكترونية,2026/06/17,"37,601,745"
الخدمات الرقمية,عام,القطاع العام,خدمة إلكترونية,2026/06/17,"37,601,790"
الخدمات الرقمية,عام,القطاع العام,خدمة إلكترونية,2026/06/17,"37,598,077"
الخدمات الرقمية,عام,القطاع العام,خدمة إلكترونية,2026/06/17,"37,589,723"
الخدمات الرقمية,عام,القطاع العام,خدمة إلكترونية,2026/06/17,"37,598,393"
الخدمات الرقمية,عام,القطاع العام,خدمة إلكترونية,2026/06/17,"37,590,486"
الخدمات الرقمية,عام,القطاع العام,خدمة إلكترونية,2026/06/17,"37,591,319"
الخدمات الرقمية,عام,القطاع العام,خدمة إلكترونية,2026/06/17,"37,597,723"
الخدمات الرقمية,عام,القطاع العام,خدمة إلكترونية,2026/06/17,"37,599,324"
الخدمات الرقمية,عام,القطاع العام,خدمة إلكترونية,2026/06/17,"37,603,173"
الخدمات الرقمية,عام,القطاع العام,خدمة إلكترونية,2026/06/17,"37,598,056"
الخدمات الرقمية,عام,القطاع العام,خدمة إلكترونية,2026/06/17,"37,588,978"
الخدمات الرقمية,عام,القطاع العام,خدمة إلكترونية,2026/06/17,"37,597,937"
الخدمات الرقمية,عام,القطاع العام,خدمة إلكترونية,2026/06/17,"37,588,106"
الخدمات الرقمية,عام,القطاع العام,خدمة إلكترونية,2026/06/17,"37,603,106"
الخدمات الرقمية,عام,القطاع العام,خدمة إلكترونية,2026/06/17,"37,598,721"
الخدمات الرقمية,عام,القطاع العام,خدمة إلكترونية,2026/06/17,"37,599,051"
الخدمات الرقمية,عام,القطاع العام,خدمة إلكترونية,2026/06/17,"37,598,206"
الخدمات الرقمية,عام,القطاع العام,خدمة إلكترونية,2026/06/17,"37,597,608"
الخدمات الرقمية,عام,القطاع العام,خدمة إلكترونية,2026/06/17,"37,590,950"
الخدمات الرقمية,عام,القطاع العام,خدمة إلكترونية,2026/06/17,"37,597,236"
الخدمات الرقمية,عام,القطاع العام,خدمة إلكترونية,2026/06/17,"37,601,124"
الخدمات الرقمية,عام,القطاع العام,خدمة إلكترونية,2026/06/17,"37,589,795"
الخدمات الرقمية,عام,القطاع العام,خدمة إلكترونية,2026/06/17,"37,589,925"
الخدمات الرقمية,عام,القطاع العام,خدمة إلكترونية,2026/06/17,"37,597,656"
الخدمات الرقمية,عام,القطاع العام,خدمة إلكترونية,2026/06/17,"37,601,688"
الخدمات الرقمية,عام,القطاع العام,خدمة إلكترونية,2026/06/17,"37,589,826"
الخدمات الرقمية,عام,القطاع العام,خدمة إلكترونية,2026/06/17,"37,589,346"
الخدمات الرقمية,عام,القطاع العام,خدمة إلكترونية,2026/06/17,"37,598,600"
الخدمات الرقمية,عام,القطاع العام,خدمة إلكترونية,2026/06/17,"37,601,864"
الخدمات الرقمية,عام,القطاع العام,خدمة إلكترونية,2026/06/17,"37,600,563"
الخدمات الرقمية,عام,القطاع العام,خدمة إلكترونية,2026/06/17,"37,601,033"
الخدمات الرقمية,عام,القطاع العام,خدمة إلكترونية,2026/06/17,"37,601,831"
الخدمات الرقمية,عام,القطاع العام,خدمة إلكترونية,2026/06/17,"37,596,784"
الخدمات الرقمية,عام,القطاع العام,خدمة إلكترونية,2026/06/17,"37,589,276"
الخدمات الرقمية,عام,القطاع العام,خدمة إلكترونية,2026/06/17,"37,597,878"
الخدمات الرقمية,عام,القطاع العام,خدمة إلكترونية,2026/06/17,"37,597,411"
الخدمات الرقمية,عام,القطاع العام,خدمة إلكترونية,2026/06/17,"37,598,334"
الخدمات الرقمية,عام,القطاع العام,خدمة إلكترونية,2026/06/17,"37,601,265"
الخدمات الرقمية,عام,القطاع العام,خدمة إلكترونية,2026/06/17,"37,598,505"
الخدمات الرقمية,عام,القطاع العام,خدمة إلكترونية,2026/06/17,"37,587,881"
الخدمات الرقمية,عام,القطاع العام,خدمة إلكترونية,2026/06/17,"37,598,604"
الخدمات الرقمية,عام,القطاع العام,خدمة إلكترونية,2026/06/17,"37,598,667"
الخدمات الرقمية,عام,القطاع العام,خدمة إلكترونية,2026/06/17,"37,590,029"
الخدمات الرقمية,عام,القطاع العام,خدمة إلكترونية,2026/06/17,"37,598,246"
الخدمات الرقمية,عام,القطاع العام,خدمة إلكترونية,2026/06/17,"37,589,155"
الخدمات الرقمية,عام,القطاع العام,خدمة إلكترونية,2026/06/17,"37,591,890"
الخدمات الرقمية,عام,القطاع العام,خدمة إلكترونية,2026/06/17,"37,601,431"
الخدمات الرقمية,عام,القطاع العام,خدمة إلكترونية,2026/06/17,"37,598,449"
الخدمات الرقمية,عام,القطاع العام,خدمة إلكترونية,2026/06/17,"37,594,287"
الخدمات الرقمية,عام,القطاع العام,خدمة إلكترونية,2026/06/17,"37,598,009"
الخدمات الرقمية,عام,القطاع العام,خدمة إلكترونية,2026/06/17,"37,599,594"
الخدمات الرقمية,عام,القطاع العام,خدمة إلكترونية,2026/06/17,"37,595,356"
الخدمات الرقمية,عام,القطاع العام,خدمة إلكترونية,2026/06/17,"37,598,150"
الخدمات الرقمية,عام,القطاع العام,خدمة إلكترونية,2026/06/17,"37,597,944"
الخدمات الرقمية,عام,القطاع العام,خدمة إلكترونية,2026/06/17,"37,589,459"
الخدمات الرقمية,عام,القطاع العام,خدمة إلكترونية,2026/06/17,"37,589,605"
الخدمات الرقمية,عام,القطاع العام,خدمة إلكترونية,2026/06/17,"37,597,533"
 عسير,ابها,القطاع الخاص,خدمة إلكترونية جزئيا,2026/06/17,"37,589,379"
 مكة المكرمه,الطائف,القطاع الخاص,خدمة إلكترونية جزئيا,2026/06/17,"37,591,035"
 المدينة المنوره,المدينة المنورة,القطاع الخاص,خدمة إلكترونية جزئيا,2026/06/17,"37,600,559"
 نجران,نجران,القطاع الخاص,خدمة إلكترونية جزئيا,2026/06/17,"37,600,726"
 مكة المكرمه,مكة المكرمة,القطاع الخاص,خدمة إلكترونية جزئيا,2026/06/17,"37,604,887"
 مكة المكرمه,مكة المكرمة,القطاع الخاص,خدمة إلكترونية جزئيا,2026/06/17,"37,604,762"
 مكة المكرمه,مكة المكرمة,القطاع الخاص,خدمة إلكترونية جزئيا,2026/06/17,"37,598,240"
 الرياض,الرياض,القطاع الخاص,خدمة إلكترونية جزئيا,2026/06/17,"37,602,956"
 المدينة المنوره,المدينة المنورة,القطاع الخاص,خدمة إلكترونية جزئيا,2026/06/17,"37,594,529"
 نجران,نجران,القطاع الخاص,خدمة إلكترونية جزئيا,2026/06/17,"37,590,902"
 مكة المكرمه,الطائف,القطاع الخاص,خدمة إلكترونية جزئيا,2026/06/17,"37,591,640"
 مكة المكرمه,الطائف,القطاع الخاص,خدمة إلكترونية جزئيا,2026/06/17,"37,593,336"
 عسير,ابها,القطاع الخاص,خدمة إلكترونية جزئيا,2026/06/17,"37,599,484"
 عسير,ابها,القطاع الخاص,خدمة إلكترونية جزئيا,2026/06/17,"37,601,761"
 عسير,ابها,القطاع الخاص,خدمة إلكترونية جزئيا,2026/06/17,"37,598,298"
 القصيم,بريده,القطاع الخاص,خدمة إلكترونية جزئيا,2026/06/17,"37,608,415"
 مكة المكرمه,جده,القطاع الخاص,خدمة إلكترونية جزئيا,2026/06/17,"37,593,498"
 مكة المكرمه,جده,القطاع الخاص,خدمة إلكترونية جزئيا,2026/06/17,"37,602,846"
 مكة المكرمه,جده,القطاع الخاص,خدمة إلكترونية جزئيا,2026/06/17,"37,603,162"
 الشرقية,الدمام,القطاع الخاص,خدمة إلكترونية جزئيا,2026/06/17,"37,598,916"
 الشرقية,الدمام,القطاع الخاص,خدمة إلكترونية جزئيا,2026/06/17,"37,593,621"
 مكة المكرمه,مكة المكرمة,القطاع الخاص,خدمة إلكترونية جزئيا,2026/06/17,"37,595,470"
 الرياض,الرياض,القطاع الخاص,خدمة إلكترونية جزئيا,2026/06/17,"37,596,441"
 الرياض,الرياض,القطاع الخاص,خدمة إلكترونية جزئيا,2026/06/17,"37,594,516"
 الرياض,الرياض,القطاع الخاص,خدمة إلكترونية جزئيا,2026/06/17,"37,605,674"
 الرياض,الرياض,القطاع الخاص,خدمة إلكترونية جزئيا,2026/06/17,"37,598,519"
 الرياض,الرياض,القطاع الخاص,خدمة إلكترونية جزئيا,2026/06/17,"37,599,533"
 الرياض,الرياض,القطاع الخاص,خدمة إلكترونية جزئيا,2026/06/17,"37,594,773"
 الرياض,الرياض,القطاع الخاص,خدمة إلكترونية جزئيا,2026/06/17,"37,592,175"
 الرياض,الرياض,القطاع العام,خدمة إلكترونية جزئيا,2026/06/18,"37,622,946"
الخدمات الرقمية,عام,القطاع العام,خدمة إلكترونية,2026/06/18,"37,619,752"
الخدمات الرقمية,عام,القطاع العام,خدمة إلكترونية,2026/06/18,"37,625,998"
 القصيم,بريده,القطاع الخاص,خدمة إلكترونية جزئيا,2026/06/18,"37,634,384"
 مكة المكرمه,جده,القطاع الخاص,خدمة إلكترونية جزئيا,2026/06/18,"37,634,092"
 المدينة المنوره,المدينة المنورة,القطاع الخاص,خدمة إلكترونية جزئيا,2026/06/18,"37,630,725"
 القصيم,بريده,القطاع الخاص,خدمة إلكترونية جزئيا,2026/06/18,"37,633,437"
 عسير,ابها,القطاع الخاص,خدمة إلكترونية جزئيا,2026/06/18,"37,621,185"
 الرياض,الرياض,القطاع الخاص,خدمة إلكترونية جزئيا,2026/06/18,"37,614,518"
 الشرقية,الدمام,القطاع الخاص,خدمة إلكترونية جزئيا,2026/06/18,"37,616,016"
 مكة المكرمه,مكة المكرمة,القطاع الخاص,خدمة إلكترونية جزئيا,2026/06/18,"37,620,129"
 مكة المكرمه,جده,القطاع الخاص,خدمة إلكترونية جزئيا,2026/06/18,"37,618,161"
 الرياض,شقراء,القطاع الخاص,خدمة إلكترونية جزئيا,2026/06/18,"37,620,005"
 القصيم,بريده,القطاع الخاص,خدمة إلكترونية جزئيا,2026/06/18,"37,616,521"
 الرياض,الرياض,القطاع الخاص,خدمة إلكترونية جزئيا,2026/06/18,"37,614,990"
 مكة المكرمه,مكة المكرمة,القطاع الخاص,خدمة إلكترونية جزئيا,2026/06/18,"37,617,908"
 مكة المكرمه,مكة المكرمة,القطاع الخاص,خدمة إلكترونية جزئيا,2026/06/18,"37,627,452"
 الحدود الشمالية,عرعر,القطاع الخاص,خدمة إلكترونية جزئيا,2026/06/18,"37,634,127"
 الشرقية,الخبر,القطاع الخاص,خدمة إلكترونية جزئيا,2026/06/18,"37,619,222"
 الشرقية,الخبر,القطاع الخاص,خدمة إلكترونية جزئيا,2026/06/18,"37,617,890"
 الشرقية,الخبر,القطاع الخاص,خدمة إلكترونية جزئيا,2026/06/18,"37,619,964"
 الشرقية,الخبر,القطاع الخاص,خدمة إلكترونية جزئيا,2026/06/18,"37,620,566"
 الرياض,الرياض,القطاع الخاص,خدمة إلكترونية جزئيا,2026/06/18,"37,625,138"
 القصيم,بريده,القطاع الخاص,خدمة إلكترونية جزئيا,2026/06/18,"37,608,522"
 الرياض,الرياض,القطاع الخاص,خدمة إلكترونية جزئيا,2026/06/18,"37,617,934"
 الرياض,الرياض,القطاع الخاص,خدمة إلكترونية جزئيا,2026/06/18,"37,620,770"
 الرياض,الرياض,القطاع الخاص,خدمة إلكترونية جزئيا,2026/06/18,"37,624,139"
الخدمات الرقمية,عام,القطاع العام,خدمة إلكترونية,2026/06/18,"37,633,704"
الخدمات الرقمية,عام,القطاع العام,خدمة إلكترونية,2026/06/18,"37,623,272"
الخدمات الرقمية,عام,القطاع العام,خدمة إلكترونية,2026/06/18,"37,627,300"
الخدمات الرقمية,عام,القطاع العام,خدمة إلكترونية,2026/06/18,"37,623,155"
الخدمات الرقمية,عام,القطاع العام,خدمة إلكترونية,2026/06/18,"37,617,758"
الخدمات الرقمية,عام,القطاع العام,خدمة إلكترونية,2026/06/18,"37,623,197"
الخدمات الرقمية,عام,القطاع العام,خدمة إلكترونية,2026/06/18,"37,623,041"
الخدمات الرقمية,عام,القطاع العام,خدمة إلكترونية,2026/06/18,"37,625,525"
الخدمات الرقمية,عام,القطاع العام,خدمة إلكترونية,2026/06/18,"37,627,855"
الخدمات الرقمية,عام,القطاع العام,خدمة إلكترونية,2026/06/18,"37,615,474"
الخدمات الرقمية,عام,القطاع العام,خدمة إلكترونية,2026/06/18,"37,627,938"
الخدمات الرقمية,عام,القطاع العام,خدمة إلكترونية,2026/06/18,"37,623,353"
الخدمات الرقمية,عام,القطاع العام,خدمة إلكترونية,2026/06/18,"37,625,029"
الخدمات الرقمية,عام,القطاع العام,خدمة إلكترونية,2026/06/18,"37,622,828"
الخدمات الرقمية,عام,القطاع العام,خدمة إلكترونية,2026/06/18,"37,623,662"
الخدمات الرقمية,عام,القطاع العام,خدمة إلكترونية,2026/06/18,"37,625,621"
الخدمات الرقمية,عام,القطاع العام,خدمة إلكترونية,2026/06/18,"37,623,692"
الخدمات الرقمية,عام,القطاع العام,خدمة إلكترونية,2026/06/18,"37,626,280"
الخدمات الرقمية,عام,القطاع العام,خدمة إلكترونية,2026/06/18,"37,626,210"
الخدمات الرقمية,عام,القطاع العام,خدمة إلكترونية,2026/06/18,"37,619,246"
الخدمات الرقمية,عام,القطاع العام,خدمة إلكترونية,2026/06/18,"37,626,668"
الخدمات الرقمية,عام,القطاع العام,خدمة إلكترونية,2026/06/18,"37,618,601"
الخدمات الرقمية,عام,القطاع العام,خدمة إلكترونية,2026/06/18,"37,627,696"
الخدمات الرقمية,عام,القطاع العام,خدمة إلكترونية,2026/06/18,"37,627,359"
الخدمات الرقمية,عام,القطاع العام,خدمة إلكترونية,2026/06/18,"37,627,024"
الخدمات الرقمية,عام,القطاع العام,خدمة إلكترونية,2026/06/18,"37,628,175"
الخدمات الرقمية,عام,القطاع العام,خدمة إلكترونية,2026/06/18,"37,623,348"
الخدمات الرقمية,عام,القطاع العام,خدمة إلكترونية,2026/06/18,"37,627,747"
الخدمات الرقمية,عام,القطاع العام,خدمة إلكترونية,2026/06/18,"37,627,871"
الخدمات الرقمية,عام,القطاع العام,خدمة إلكترونية,2026/06/18,"37,626,622"
الخدمات الرقمية,عام,القطاع العام,خدمة إلكترونية,2026/06/18,"37,627,863"
الخدمات الرقمية,عام,القطاع العام,خدمة إلكترونية,2026/06/18,"37,624,930"
الخدمات الرقمية,عام,القطاع العام,خدمة إلكترونية,2026/06/18,"37,619,321"
الخدمات الرقمية,عام,القطاع العام,خدمة إلكترونية,2026/06/18,"37,625,285"
الخدمات الرقمية,عام,القطاع العام,خدمة إلكترونية,2026/06/18,"37,623,474"
الخدمات الرقمية,عام,القطاع العام,خدمة إلكترونية,2026/06/18,"37,626,090"
الخدمات الرقمية,عام,القطاع العام,خدمة إلكترونية,2026/06/18,"37,628,122"
الخدمات الرقمية,عام,القطاع العام,خدمة إلكترونية,2026/06/18,"37,618,793"
الخدمات الرقمية,عام,القطاع العام,خدمة إلكترونية,2026/06/18,"37,624,364"
الخدمات الرقمية,عام,القطاع العام,خدمة إلكترونية,2026/06/18,"37,627,637"
الخدمات الرقمية,عام,القطاع العام,خدمة إلكترونية,2026/06/18,"37,625,827"
الخدمات الرقمية,عام,القطاع العام,خدمة إلكترونية,2026/06/18,"37,627,594"
الخدمات الرقمية,عام,القطاع العام,خدمة إلكترونية,2026/06/18,"37,623,870"
الخدمات الرقمية,عام,القطاع العام,خدمة إلكترونية,2026/06/18,"37,623,980"
الخدمات الرقمية,عام,القطاع العام,خدمة إلكترونية,2026/06/18,"37,626,033"
الخدمات الرقمية,عام,القطاع العام,خدمة إلكترونية,2026/06/18,"37,627,473"
الخدمات الرقمية,عام,القطاع العام,خدمة إلكترونية,2026/06/18,"37,626,364"
الخدمات الرقمية,عام,القطاع العام,خدمة إلكترونية,2026/06/18,"37,619,950"
الخدمات الرقمية,عام,القطاع العام,خدمة إلكترونية,2026/06/18,"37,623,739"
الخدمات الرقمية,عام,القطاع العام,خدمة إلكترونية,2026/06/18,"37,625,877"
الخدمات الرقمية,عام,القطاع العام,خدمة إلكترونية,2026/06/18,"37,626,391"
الخدمات الرقمية,عام,القطاع العام,خدمة إلكترونية,2026/06/18,"37,627,795"
الخدمات الرقمية,عام,القطاع العام,خدمة إلكترونية,2026/06/18,"37,624,881"
الخدمات الرقمية,عام,القطاع العام,خدمة إلكترونية,2026/06/18,"37,627,174"
الخدمات الرقمية,عام,القطاع العام,خدمة إلكترونية,2026/06/18,"37,628,053"
الخدمات الرقمية,عام,القطاع العام,خدمة إلكترونية,2026/06/18,"37,623,248"
الخدمات الرقمية,عام,القطاع العام,خدمة إلكترونية,2026/06/18,"37,627,792"
الخدمات الرقمية,عام,القطاع العام,خدمة إلكترونية,2026/06/18,"37,616,000"
الخدمات الرقمية,عام,القطاع العام,خدمة إلكترونية,2026/06/18,"37,628,055"
الخدمات الرقمية,عام,القطاع العام,خدمة إلكترونية,2026/06/18,"37,626,660"
الخدمات الرقمية,عام,القطاع العام,خدمة إلكترونية,2026/06/18,"37,616,345"
الخدمات الرقمية,عام,القطاع العام,خدمة إلكترونية,2026/06/18,"37,625,947"
الخدمات الرقمية,عام,القطاع العام,خدمة إلكترونية,2026/06/18,"37,627,908"
الخدمات الرقمية,عام,القطاع العام,خدمة إلكترونية,2026/06/18,"37,627,804"
الخدمات الرقمية,عام,القطاع العام,خدمة إلكترونية,2026/06/18,"37,625,624"
الخدمات الرقمية,عام,القطاع العام,خدمة إلكترونية,2026/06/18,"37,625,805"
الخدمات الرقمية,عام,القطاع العام,خدمة إلكترونية,2026/06/18,"37,627,923"
الخدمات الرقمية,عام,القطاع العام,خدمة إلكترونية,2026/06/18,"37,616,941"
الخدمات الرقمية,عام,القطاع العام,خدمة إلكترونية,2026/06/18,"37,619,396"
الخدمات الرقمية,عام,القطاع العام,خدمة إلكترونية,2026/06/18,"37,629,433"
الخدمات الرقمية,عام,القطاع العام,خدمة إلكترونية,2026/06/18,"37,633,033"
الخدمات الرقمية,عام,القطاع العام,خدمة إلكترونية,2026/06/18,"37,633,371"
الخدمات الرقمية,عام,القطاع العام,خدمة إلكترونية,2026/06/18,"37,637,207"
الخدمات الرقمية,عام,القطاع العام,خدمة إلكترونية,2026/06/18,"37,609,084"
الخدمات الرقمية,عام,القطاع العام,خدمة إلكترونية,2026/06/18,"37,623,109"
الخدمات الرقمية,عام,القطاع العام,خدمة إلكترونية,2026/06/18,"37,619,693"
الخدمات الرقمية,عام,القطاع العام,خدمة إلكترونية,2026/06/18,"37,627,337"
الخدمات الرقمية,عام,القطاع العام,خدمة إلكترونية,2026/06/18,"37,631,165"
الخدمات الرقمية,عام,القطاع العام,خدمة إلكترونية,2026/06/18,"37,616,375"
الخدمات الرقمية,عام,القطاع العام,خدمة إلكترونية,2026/06/18,"37,630,448"
الخدمات الرقمية,عام,القطاع العام,خدمة إلكترونية,2026/06/18,"37,614,661"
الخدمات الرقمية,عام,القطاع العام,خدمة إلكترونية,2026/06/18,"37,631,160"
الخدمات الرقمية,عام,القطاع العام,خدمة إلكترونية,2026/06/18,"37,614,916"
الخدمات الرقمية,عام,القطاع العام,خدمة إلكترونية,2026/06/18,"37,615,396"
الخدمات الرقمية,عام,القطاع العام,خدمة إلكترونية,2026/06/18,"37,633,850"
الخدمات الرقمية,عام,القطاع العام,خدمة إلكترونية,2026/06/18,"37,625,220"
الخدمات الرقمية,عام,القطاع العام,خدمة إلكترونية,2026/06/18,"37,615,836"
الخدمات الرقمية,عام,القطاع العام,خدمة إلكترونية,2026/06/18,"37,615,187"
الخدمات الرقمية,عام,القطاع العام,خدمة إلكترونية,2026/06/18,"37,618,003"
الخدمات الرقمية,عام,القطاع العام,خدمة إلكترونية,2026/06/18,"37,615,829"
الخدمات الرقمية,عام,القطاع العام,خدمة إلكترونية,2026/06/18,"37,614,265"
الخدمات الرقمية,عام,القطاع العام,خدمة إلكترونية,2026/06/18,"37,619,322"
الخدمات الرقمية,عام,القطاع العام,خدمة إلكترونية,2026/06/18,"37,617,860"
 الرياض,شقراء,القطاع الخاص,خدمة إلكترونية جزئيا,2026/06/18,"37,619,940"
 عسير,ابها,القطاع الخاص,خدمة إلكترونية جزئيا,2026/06/18,"37,620,966"
 القصيم,البكيريه,القطاع الخاص,خدمة إلكترونية جزئيا,2026/06/18,"37,629,042"
 الشرقية,الدمام,القطاع الخاص,خدمة إلكترونية جزئيا,2026/06/18,"37,615,941"
 الشرقية,الخبر,القطاع الخاص,خدمة إلكترونية جزئيا,2026/06/18,"37,619,812"
 مكة المكرمه,مكة المكرمة,القطاع الخاص,خدمة إلكترونية جزئيا,2026/06/18,"37,627,251"
 الرياض,الرياض,القطاع الخاص,خدمة إلكترونية جزئيا,2026/06/18,"37,624,942"
 المدينة المنوره,المدينة المنورة,القطاع الخاص,خدمة إلكترونية جزئيا,2026/06/18,"37,630,574"
 المدينة المنوره,المدينة المنورة,القطاع الخاص,خدمة إلكترونية جزئيا,2026/06/18,"37,630,357"
 الشرقية,الدمام,القطاع الخاص,خدمة إلكترونية جزئيا,2026/06/18,"37,615,847"
 الشرقية,الخبر,القطاع الخاص,خدمة إلكترونية جزئيا,2026/06/18,"37,619,161"
 الشرقية,الخبر,القطاع الخاص,خدمة إلكترونية جزئيا,2026/06/18,"37,617,821"
 الحدود الشمالية,عرعر,القطاع الخاص,خدمة إلكترونية جزئيا,2026/06/18,"37,633,991"
 القصيم,بريده,القطاع الخاص,خدمة إلكترونية جزئيا,2026/06/18,"37,633,303"
 القصيم,بريده,القطاع الخاص,خدمة إلكترونية جزئيا,2026/06/18,"37,632,291"
 القصيم,بريده,القطاع الخاص,خدمة إلكترونية جزئيا,2026/06/18,"37,634,076"
 القصيم,بريده,القطاع الخاص,خدمة إلكترونية جزئيا,2026/06/18,"37,632,160"
 القصيم,بريده,القطاع الخاص,خدمة إلكترونية جزئيا,2026/06/18,"37,634,199"
 القصيم,بريده,القطاع الخاص,خدمة إلكترونية جزئيا,2026/06/18,"37,616,417"
 مكة المكرمه,جده,القطاع الخاص,خدمة إلكترونية جزئيا,2026/06/18,"37,634,045"
 مكة المكرمه,مكة المكرمة,القطاع الخاص,خدمة إلكترونية جزئيا,2026/06/18,"37,620,085"
 مكة المكرمه,مكة المكرمة,القطاع الخاص,خدمة إلكترونية جزئيا,2026/06/18,"37,617,424"
 الرياض,الرياض,القطاع الخاص,خدمة إلكترونية جزئيا,2026/06/18,"37,614,980"
 الرياض,الرياض,القطاع الخاص,خدمة إلكترونية جزئيا,2026/06/18,"37,614,361"
 الرياض,الرياض,القطاع الخاص,خدمة إلكترونية جزئيا,2026/06/18,"37,620,292"
 الرياض,الرياض,القطاع الخاص,خدمة إلكترونية جزئيا,2026/06/18,"37,617,152"
 الرياض,الرياض,القطاع الخاص,خدمة إلكترونية جزئيا,2026/06/18,"37,623,698"
 الرياض,الرياض,القطاع الخاص,خدمة إلكترونية جزئيا,2026/06/18,"37,623,377"
 الحدود الشمالية,عرعر,القطاع الخاص,خدمة إلكترونية جزئيا,2026/06/19,"37,652,219"
 القصيم,البكيريه,القطاع الخاص,خدمة إلكترونية جزئيا,2026/06/19,"37,648,968"
 نجران,نجران,القطاع الخاص,خدمة إلكترونية جزئيا,2026/06/19,"37,649,524"
الخدمات الرقمية,عام,القطاع العام,خدمة إلكترونية,2026/06/19,"37,640,928"
الخدمات الرقمية,عام,القطاع العام,خدمة إلكترونية,2026/06/19,"37,652,836"
الخدمات الرقمية,عام,القطاع العام,خدمة إلكترونية,2026/06/19,"37,650,726"
الخدمات الرقمية,عام,القطاع العام,خدمة إلكترونية,2026/06/19,"37,645,591"
الخدمات الرقمية,عام,القطاع العام,خدمة إلكترونية,2026/06/19,"37,650,511"
الخدمات الرقمية,عام,القطاع العام,خدمة إلكترونية,2026/06/19,"37,651,564"
الخدمات الرقمية,عام,القطاع العام,خدمة إلكترونية,2026/06/19,"37,650,169"
الخدمات الرقمية,عام,القطاع العام,خدمة إلكترونية,2026/06/19,"37,650,741"
 القصيم,البكيريه,القطاع الخاص,خدمة إلكترونية جزئيا,2026/06/19,"37,648,764"
 نجران,نجران,القطاع الخاص,خدمة إلكترونية جزئيا,2026/06/19,"37,649,453"
 الحدود الشمالية,عرعر,القطاع الخاص,خدمة إلكترونية جزئيا,2026/06/19,"37,652,210"
 القصيم,بريده,القطاع الخاص,خدمة إلكترونية جزئيا,2026/06/19,"37,649,750"
 القصيم,بريده,القطاع الخاص,خدمة إلكترونية جزئيا,2026/06/19,"37,649,868"
 الشرقية,حفر الباطن,القطاع الخاص,خدمة إلكترونية جزئيا,2026/06/20,"37,661,641"
 الشرقية,حفر الباطن,القطاع الخاص,خدمة إلكترونية جزئيا,2026/06/20,"37,661,793"
 الشرقية,حفر الباطن,القطاع الخاص,خدمة إلكترونية جزئيا,2026/06/20,"37,661,749"
 نجران,نجران,القطاع الخاص,خدمة إلكترونية جزئيا,2026/06/20,"37,659,735"
 مكة المكرمه,مكة المكرمة,القطاع الخاص,خدمة إلكترونية جزئيا,2026/06/20,"37,662,431"
 مكة المكرمه,مكة المكرمة,القطاع الخاص,خدمة إلكترونية جزئيا,2026/06/20,"37,661,515"
 الشرقية,القطيف,القطاع الخاص,خدمة إلكترونية جزئيا,2026/06/20,"37,658,384"
 الحدود الشمالية,عرعر,القطاع الخاص,خدمة إلكترونية جزئيا,2026/06/20,"37,661,052"
 الرياض,الرياض,القطاع الخاص,خدمة إلكترونية جزئيا,2026/06/20,"37,660,028"
الخدمات الرقمية,عام,القطاع العام,خدمة إلكترونية,2026/06/20,"37,659,168"
الخدمات الرقمية,عام,القطاع العام,خدمة إلكترونية,2026/06/20,"37,659,127"
الخدمات الرقمية,عام,القطاع العام,خدمة إلكترونية,2026/06/20,"37,659,718"
الخدمات الرقمية,عام,القطاع العام,خدمة إلكترونية,2026/06/20,"37,657,971"
الخدمات الرقمية,عام,القطاع العام,خدمة إلكترونية,2026/06/20,"37,658,759"
الخدمات الرقمية,عام,القطاع العام,خدمة إلكترونية,2026/06/20,"37,659,341"
الخدمات الرقمية,عام,القطاع العام,خدمة إلكترونية,2026/06/20,"37,663,429"
الخدمات الرقمية,عام,القطاع العام,خدمة إلكترونية,2026/06/20,"37,658,036"
الخدمات الرقمية,عام,القطاع العام,خدمة إلكترونية,2026/06/20,"37,659,161"
الخدمات الرقمية,عام,القطاع العام,خدمة إلكترونية,2026/06/20,"37,657,783"
الخدمات الرقمية,عام,القطاع العام,خدمة إلكترونية,2026/06/20,"37,659,173"
الخدمات الرقمية,عام,القطاع العام,خدمة إلكترونية,2026/06/20,"37,659,105"
 الشرقية,حفر الباطن,القطاع الخاص,خدمة إلكترونية جزئيا,2026/06/20,"37,661,811"
 حائل,حائل,القطاع الخاص,خدمة إلكترونية جزئيا,2026/06/20,"37,660,927"
 الشرقية,القطيف,القطاع الخاص,خدمة إلكترونية جزئيا,2026/06/20,"37,658,265"
 الشرقية,حفر الباطن,القطاع الخاص,خدمة إلكترونية جزئيا,2026/06/20,"37,661,546"
 الشرقية,حفر الباطن,القطاع الخاص,خدمة إلكترونية جزئيا,2026/06/20,"37,661,658"
 الشرقية,حفر الباطن,القطاع الخاص,خدمة إلكترونية جزئيا,2026/06/20,"37,661,283"
 نجران,نجران,القطاع الخاص,خدمة إلكترونية جزئيا,2026/06/20,"37,659,726"
 الحدود الشمالية,عرعر,القطاع الخاص,خدمة إلكترونية جزئيا,2026/06/20,"37,661,035"
 مكة المكرمه,مكة المكرمة,القطاع الخاص,خدمة إلكترونية جزئيا,2026/06/20,"37,660,903"
 مكة المكرمه,مكة المكرمة,القطاع الخاص,خدمة إلكترونية جزئيا,2026/06/20,"37,662,395"
 مكة المكرمه,مكة المكرمة,القطاع الخاص,خدمة إلكترونية جزئيا,2026/06/20,"37,661,471"
 مكة المكرمه,مكة المكرمة,القطاع الخاص,خدمة إلكترونية جزئيا,2026/06/20,"37,661,127"
 الرياض,الرياض,القطاع الخاص,خدمة إلكترونية جزئيا,2026/06/20,"37,659,928"
 المدينة المنوره,المدينة المنورة,القطاع الخاص,خدمة إلكترونية جزئيا,2026/06/21,"37,671,728"
 الشرقية,الدمام,القطاع الخاص,خدمة إلكترونية جزئيا,2026/06/21,"37,670,743"
 المدينة المنوره,المدينة المنورة,القطاع الخاص,خدمة إلكترونية جزئيا,2026/06/21,"37,670,040"
 مكة المكرمه,القنفذه,القطاع الخاص,خدمة إلكترونية جزئيا,2026/06/21,"37,675,306"
 مكة المكرمه,القنفذه,القطاع الخاص,خدمة إلكترونية جزئيا,2026/06/21,"37,676,651"
 مكة المكرمه,مكة المكرمة,القطاع الخاص,خدمة إلكترونية جزئيا,2026/06/21,"37,673,589"
 مكة المكرمه,مكة المكرمة,القطاع الخاص,خدمة إلكترونية جزئيا,2026/06/21,"37,676,533"
 مكة المكرمه,مكة المكرمة,القطاع الخاص,خدمة إلكترونية جزئيا,2026/06/21,"37,684,700"
 مكة المكرمه,مكة المكرمة,القطاع الخاص,خدمة إلكترونية جزئيا,2026/06/21,"37,671,371"
 مكة المكرمه,مكة المكرمة,القطاع الخاص,خدمة إلكترونية جزئيا,2026/06/21,"37,685,048"
 الرياض,الرياض,القطاع الخاص,خدمة إلكترونية جزئيا,2026/06/21,"37,669,435"
 الرياض,الرياض,القطاع الخاص,خدمة إلكترونية جزئيا,2026/06/21,"37,672,896"
 الرياض,الرياض,القطاع الخاص,خدمة إلكترونية جزئيا,2026/06/21,"37,676,191"
 عسير,ابها,القطاع الخاص,خدمة إلكترونية جزئيا,2026/06/21,"37,680,742"
 عسير,ابها,القطاع الخاص,خدمة إلكترونية جزئيا,2026/06/21,"37,681,562"
 مكة المكرمه,مكة المكرمة,القطاع الخاص,خدمة إلكترونية جزئيا,2026/06/21,"37,684,058"
 مكة المكرمه,مكة المكرمة,القطاع الخاص,خدمة إلكترونية جزئيا,2026/06/21,"37,680,739"
 المدينة المنوره,المدينة المنورة,القطاع الخاص,خدمة إلكترونية جزئيا,2026/06/21,"37,677,006"
 مكة المكرمه,مكة المكرمة,القطاع الخاص,خدمة إلكترونية جزئيا,2026/06/21,"37,681,700"
 مكة المكرمه,جده,القطاع الخاص,خدمة إلكترونية جزئيا,2026/06/21,"37,674,541"
 مكة المكرمه,جده,القطاع الخاص,خدمة إلكترونية جزئيا,2026/06/21,"37,675,645"
 مكة المكرمه,جده,القطاع الخاص,خدمة إلكترونية جزئيا,2026/06/21,"37,674,340"
 الشرقية,الخبر,القطاع الخاص,خدمة إلكترونية جزئيا,2026/06/21,"37,671,765"
الخدمات الرقمية,عام,القطاع العام,خدمة إلكترونية,2026/06/21,"37,670,444"
الخدمات الرقمية,عام,القطاع العام,خدمة إلكترونية,2026/06/21,"37,676,388"
الخدمات الرقمية,عام,القطاع العام,خدمة إلكترونية,2026/06/21,"37,680,994"
الخدمات الرقمية,عام,القطاع العام,خدمة إلكترونية,2026/06/21,"37,681,419"
الخدمات الرقمية,عام,القطاع العام,خدمة إلكترونية,2026/06/21,"37,681,940"
الخدمات الرقمية,عام,القطاع العام,خدمة إلكترونية,2026/06/21,"37,682,785"
الخدمات الرقمية,عام,القطاع العام,خدمة إلكترونية,2026/06/21,"37,679,004"
الخدمات الرقمية,عام,القطاع العام,خدمة إلكترونية,2026/06/21,"37,681,792"
الخدمات الرقمية,عام,القطاع العام,خدمة إلكترونية,2026/06/21,"37,682,223"
الخدمات الرقمية,عام,القطاع العام,خدمة إلكترونية,2026/06/21,"37,683,756"
الخدمات الرقمية,عام,القطاع العام,خدمة إلكترونية,2026/06/21,"37,686,218"
الخدمات الرقمية,عام,القطاع العام,خدمة إلكترونية,2026/06/21,"37,679,443"
الخدمات الرقمية,عام,القطاع العام,خدمة إلكترونية,2026/06/21,"37,678,137"
الخدمات الرقمية,عام,القطاع العام,خدمة إلكترونية,2026/06/21,"37,680,789"
الخدمات الرقمية,عام,القطاع العام,خدمة إلكترونية,2026/06/21,"37,680,870"
الخدمات الرقمية,عام,القطاع العام,خدمة إلكترونية,2026/06/21,"37,685,192"
الخدمات الرقمية,عام,القطاع العام,خدمة إلكترونية,2026/06/21,"37,674,263"
الخدمات الرقمية,عام,القطاع العام,خدمة إلكترونية,2026/06/21,"37,680,696"
الخدمات الرقمية,عام,القطاع العام,خدمة إلكترونية,2026/06/21,"37,681,694"
الخدمات الرقمية,عام,القطاع العام,خدمة إلكترونية,2026/06/21,"37,674,705"
الخدمات الرقمية,عام,القطاع العام,خدمة إلكترونية,2026/06/21,"37,676,247"
الخدمات الرقمية,عام,القطاع العام,خدمة إلكترونية,2026/06/21,"37,680,508"
الخدمات الرقمية,عام,القطاع العام,خدمة إلكترونية,2026/06/21,"37,680,788"
الخدمات الرقمية,عام,القطاع العام,خدمة إلكترونية,2026/06/21,"37,680,905"
الخدمات الرقمية,عام,القطاع العام,خدمة إلكترونية,2026/06/21,"37,676,386"
الخدمات الرقمية,عام,القطاع العام,خدمة إلكترونية,2026/06/21,"37,679,925"
الخدمات الرقمية,عام,القطاع العام,خدمة إلكترونية,2026/06/21,"37,684,463"
الخدمات الرقمية,عام,القطاع العام,خدمة إلكترونية,2026/06/21,"37,670,816"
الخدمات الرقمية,عام,القطاع العام,خدمة إلكترونية,2026/06/21,"37,674,105"
الخدمات الرقمية,عام,القطاع العام,خدمة إلكترونية,2026/06/21,"37,680,627"
الخدمات الرقمية,عام,القطاع العام,خدمة إلكترونية,2026/06/21,"37,681,033"
الخدمات الرقمية,عام,القطاع العام,خدمة إلكترونية,2026/06/21,"37,681,353"
الخدمات الرقمية,عام,القطاع العام,خدمة إلكترونية,2026/06/21,"37,671,555"
الخدمات الرقمية,عام,القطاع العام,خدمة إلكترونية,2026/06/21,"37,679,767"
الخدمات الرقمية,عام,القطاع العام,خدمة إلكترونية,2026/06/21,"37,679,776"
الخدمات الرقمية,عام,القطاع العام,خدمة إلكترونية,2026/06/21,"37,682,870"
الخدمات الرقمية,عام,القطاع العام,خدمة إلكترونية,2026/06/21,"37,672,268"
الخدمات الرقمية,عام,القطاع العام,خدمة إلكترونية,2026/06/21,"37,680,964"
الخدمات الرقمية,عام,القطاع العام,خدمة إلكترونية,2026/06/21,"37,680,440"
الخدمات الرقمية,عام,القطاع العام,خدمة إلكترونية,2026/06/21,"37,678,318"
الخدمات الرقمية,عام,القطاع العام,خدمة إلكترونية,2026/06/21,"37,672,142"
الخدمات الرقمية,عام,القطاع العام,خدمة إلكترونية,2026/06/21,"37,679,612"
الخدمات الرقمية,عام,القطاع العام,خدمة إلكترونية,2026/06/21,"37,670,217"
الخدمات الرقمية,عام,القطاع العام,خدمة إلكترونية,2026/06/21,"37,675,759"
الخدمات الرقمية,عام,القطاع العام,خدمة إلكترونية,2026/06/21,"37,674,043"
الخدمات الرقمية,عام,القطاع العام,خدمة إلكترونية,2026/06/21,"37,679,740"
الخدمات الرقمية,عام,القطاع العام,خدمة إلكترونية,2026/06/21,"37,670,681"
الخدمات الرقمية,عام,القطاع العام,خدمة إلكترونية,2026/06/21,"37,682,462"
الخدمات الرقمية,عام,القطاع العام,خدمة إلكترونية,2026/06/21,"37,677,552"
الخدمات الرقمية,عام,القطاع العام,خدمة إلكترونية,2026/06/21,"37,674,120"
الخدمات الرقمية,عام,القطاع العام,خدمة إلكترونية,2026/06/21,"37,679,915"
الخدمات الرقمية,عام,القطاع العام,خدمة إلكترونية,2026/06/21,"37,673,253"
 الشرقية,الدمام,القطاع الخاص,خدمة إلكترونية جزئيا,2026/06/21,"37,679,073"
 المدينة المنوره,المدينة المنورة,القطاع الخاص,خدمة إلكترونية جزئيا,2026/06/21,"37,669,286"
 المدينة المنوره,المدينة المنورة,القطاع الخاص,خدمة إلكترونية جزئيا,2026/06/21,"37,669,637"
 المدينة المنوره,المدينة المنورة,القطاع الخاص,خدمة إلكترونية جزئيا,2026/06/21,"37,669,239"
 المدينة المنوره,المدينة المنورة,القطاع الخاص,خدمة إلكترونية جزئيا,2026/06/21,"37,669,935"
 المدينة المنوره,المدينة المنورة,القطاع الخاص,خدمة إلكترونية جزئيا,2026/06/21,"37,669,770"
 المدينة المنوره,المدينة المنورة,القطاع الخاص,خدمة إلكترونية جزئيا,2026/06/21,"37,671,486"
 المدينة المنوره,المدينة المنورة,القطاع الخاص,خدمة إلكترونية جزئيا,2026/06/21,"37,676,612"
الخدمات الرقمية,كتابة عدل مدمجة - افتراضية,القطاع العام,خدمة إلكترونية جزئيا,2026/06/21,"37,668,736"
 الشرقية,الخبر,القطاع الخاص,خدمة إلكترونية جزئيا,2026/06/21,"37,671,120"
 مكة المكرمه,القنفذه,القطاع الخاص,خدمة إلكترونية جزئيا,2026/06/21,"37,675,018"
 مكة المكرمه,القنفذه,القطاع الخاص,خدمة إلكترونية جزئيا,2026/06/21,"37,676,207"
 الشرقية,الخبر,القطاع الخاص,خدمة إلكترونية جزئيا,2026/06/21,"37,671,499"
 الشرقية,الخبر,القطاع الخاص,خدمة إلكترونية جزئيا,2026/06/21,"37,671,099"
 عسير,ابها,القطاع الخاص,خدمة إلكترونية جزئيا,2026/06/21,"37,680,833"
 عسير,ابها,القطاع الخاص,خدمة إلكترونية جزئيا,2026/06/21,"37,681,421"
 عسير,ابها,القطاع الخاص,خدمة إلكترونية جزئيا,2026/06/21,"37,679,799"
 عسير,ابها,القطاع الخاص,خدمة إلكترونية جزئيا,2026/06/21,"37,680,552"
 عسير,ابها,القطاع الخاص,خدمة إلكترونية جزئيا,2026/06/21,"37,678,670"
 عسير,ابها,القطاع الخاص,خدمة إلكترونية جزئيا,2026/06/21,"37,679,124"
 مكة المكرمه,جده,القطاع الخاص,خدمة إلكترونية جزئيا,2026/06/21,"37,675,489"
 مكة المكرمه,جده,القطاع الخاص,خدمة إلكترونية جزئيا,2026/06/21,"37,674,129"
 الشرقية,الدمام,القطاع الخاص,خدمة إلكترونية جزئيا,2026/06/21,"37,670,413"
 مكة المكرمه,مكة المكرمة,القطاع الخاص,خدمة إلكترونية جزئيا,2026/06/21,"37,685,011"
 مكة المكرمه,مكة المكرمة,القطاع الخاص,خدمة إلكترونية جزئيا,2026/06/21,"37,684,651"
 مكة المكرمه,مكة المكرمة,القطاع الخاص,خدمة إلكترونية جزئيا,2026/06/21,"37,676,487"
 مكة المكرمه,مكة المكرمة,القطاع الخاص,خدمة إلكترونية جزئيا,2026/06/21,"37,671,088"
 مكة المكرمه,مكة المكرمة,القطاع الخاص,خدمة إلكترونية جزئيا,2026/06/21,"37,681,637"
 مكة المكرمه,مكة المكرمة,القطاع الخاص,خدمة إلكترونية جزئيا,2026/06/21,"37,680,462"
 مكة المكرمه,مكة المكرمة,القطاع الخاص,خدمة إلكترونية جزئيا,2026/06/21,"37,684,025"
 مكة المكرمه,مكة المكرمة,القطاع الخاص,خدمة إلكترونية جزئيا,2026/06/21,"37,679,663"
 مكة المكرمه,مكة المكرمة,القطاع الخاص,خدمة إلكترونية جزئيا,2026/06/21,"37,673,020"
 الرياض,الرياض,القطاع الخاص,خدمة إلكترونية جزئيا,2026/06/21,"37,669,357"
 الرياض,الرياض,القطاع الخاص,خدمة إلكترونية جزئيا,2026/06/21,"37,675,865"
 الرياض,الرياض,القطاع الخاص,خدمة إلكترونية جزئيا,2026/06/21,"37,672,296"
الخدمات الرقمية,عام,القطاع العام,خدمة إلكترونية,2026/06/22,"37,696,744"
الخدمات الرقمية,عام,القطاع العام,خدمة إلكترونية,2026/06/22,"37,702,225"
 مكة المكرمه,مكة المكرمة,القطاع الخاص,خدمة إلكترونية جزئيا,2026/06/22,"37,715,429"
 القصيم,بريده,القطاع الخاص,خدمة إلكترونية جزئيا,2026/06/22,"37,710,408"
 حائل,حائل,القطاع الخاص,خدمة إلكترونية جزئيا,2026/06/22,"37,716,152"
 الرياض,الرياض,القطاع الخاص,خدمة إلكترونية جزئيا,2026/06/22,"37,714,551"
 المدينة المنوره,المدينة المنورة,القطاع الخاص,خدمة إلكترونية جزئيا,2026/06/22,"37,713,710"
 الرياض,الرياض,القطاع الخاص,خدمة إلكترونية جزئيا,2026/06/22,"37,706,287"
 الرياض,الرياض,القطاع الخاص,خدمة إلكترونية جزئيا,2026/06/22,"37,703,617"
 عسير,ابها,القطاع الخاص,خدمة إلكترونية جزئيا,2026/06/22,"37,704,679"
 الرياض,الرياض,القطاع الخاص,خدمة إلكترونية جزئيا,2026/06/22,"37,705,878"
 الرياض,الرياض,القطاع الخاص,خدمة إلكترونية جزئيا,2026/06/22,"37,701,322"
 الرياض,الرياض,القطاع الخاص,خدمة إلكترونية جزئيا,2026/06/22,"37,705,740"
 الرياض,الرياض,القطاع الخاص,خدمة إلكترونية جزئيا,2026/06/22,"37,703,819"
 الرياض,الرياض,القطاع الخاص,خدمة إلكترونية جزئيا,2026/06/22,"37,694,028"
 الرياض,الرياض,القطاع الخاص,خدمة إلكترونية جزئيا,2026/06/22,"37,698,606"
 الشرقية,الدمام,القطاع الخاص,خدمة إلكترونية جزئيا,2026/06/22,"37,695,381"
 الحدود الشمالية,عرعر,القطاع الخاص,خدمة إلكترونية جزئيا,2026/06/22,"37,711,777"
 الرياض,الخرج,القطاع الخاص,خدمة إلكترونية جزئيا,2026/06/22,"37,711,745"
 الرياض,الرياض,القطاع الخاص,خدمة إلكترونية جزئيا,2026/06/22,"37,695,573"
 مكة المكرمه,جده,القطاع الخاص,خدمة إلكترونية جزئيا,2026/06/22,"37,706,417"
 الرياض,الرياض,القطاع الخاص,خدمة إلكترونية جزئيا,2026/06/22,"37,708,762"
الخدمات الرقمية,عام,القطاع العام,خدمة إلكترونية,2026/06/22,"37,709,293"
الخدمات الرقمية,عام,القطاع العام,خدمة إلكترونية,2026/06/22,"37,707,918"
الخدمات الرقمية,عام,القطاع العام,خدمة إلكترونية,2026/06/22,"37,701,082"
الخدمات الرقمية,عام,القطاع العام,خدمة إلكترونية,2026/06/22,"37,694,600"
الخدمات الرقمية,عام,القطاع العام,خدمة إلكترونية,2026/06/22,"37,701,929"
الخدمات الرقمية,عام,القطاع العام,خدمة إلكترونية,2026/06/22,"37,698,950"
الخدمات الرقمية,عام,القطاع العام,خدمة إلكترونية,2026/06/22,"37,690,795"
الخدمات الرقمية,عام,القطاع العام,خدمة إلكترونية,2026/06/22,"37,693,560"
الخدمات الرقمية,عام,القطاع العام,خدمة إلكترونية,2026/06/22,"37,697,248"
الخدمات الرقمية,عام,القطاع العام,خدمة إلكترونية,2026/06/22,"37,695,703"
الخدمات الرقمية,عام,القطاع العام,خدمة إلكترونية,2026/06/22,"37,686,417"
الخدمات الرقمية,عام,القطاع العام,خدمة إلكترونية,2026/06/22,"37,701,870"
الخدمات الرقمية,عام,القطاع العام,خدمة إلكترونية,2026/06/22,"37,698,861"
الخدمات الرقمية,عام,القطاع العام,خدمة إلكترونية,2026/06/22,"37,707,255"
الخدمات الرقمية,عام,القطاع العام,خدمة إلكترونية,2026/06/22,"37,698,640"
الخدمات الرقمية,عام,القطاع العام,خدمة إلكترونية,2026/06/22,"37,701,921"
الخدمات الرقمية,عام,القطاع العام,خدمة إلكترونية,2026/06/22,"37,692,222"
الخدمات الرقمية,عام,القطاع العام,خدمة إلكترونية,2026/06/22,"37,694,177"
الخدمات الرقمية,عام,القطاع العام,خدمة إلكترونية,2026/06/22,"37,693,344"
الخدمات الرقمية,عام,القطاع العام,خدمة إلكترونية,2026/06/22,"37,695,431"
الخدمات الرقمية,عام,القطاع العام,خدمة إلكترونية,2026/06/22,"37,696,900"
الخدمات الرقمية,عام,القطاع العام,خدمة إلكترونية,2026/06/22,"37,699,745"
الخدمات الرقمية,عام,القطاع العام,خدمة إلكترونية,2026/06/22,"37,693,428"
الخدمات الرقمية,عام,القطاع العام,خدمة إلكترونية,2026/06/22,"37,702,313"
الخدمات الرقمية,عام,القطاع العام,خدمة إلكترونية,2026/06/22,"37,699,537"
الخدمات الرقمية,عام,القطاع العام,خدمة إلكترونية,2026/06/22,"37,700,561"
الخدمات الرقمية,عام,القطاع العام,خدمة إلكترونية,2026/06/22,"37,702,452"
الخدمات الرقمية,عام,القطاع العام,خدمة إلكترونية,2026/06/22,"37,692,154"
الخدمات الرقمية,عام,القطاع العام,خدمة إلكترونية,2026/06/22,"37,692,732"
الخدمات الرقمية,عام,القطاع العام,خدمة إلكترونية,2026/06/22,"37,699,947"
الخدمات الرقمية,عام,القطاع العام,خدمة إلكترونية,2026/06/22,"37,702,331"
الخدمات الرقمية,عام,القطاع العام,خدمة إلكترونية,2026/06/22,"37,697,091"
الخدمات الرقمية,عام,القطاع العام,خدمة إلكترونية,2026/06/22,"37,705,193"
الخدمات الرقمية,عام,القطاع العام,خدمة إلكترونية,2026/06/22,"37,703,170"
الخدمات الرقمية,عام,القطاع العام,خدمة إلكترونية,2026/06/22,"37,704,066"
الخدمات الرقمية,عام,القطاع العام,خدمة إلكترونية,2026/06/22,"37,705,073"
الخدمات الرقمية,عام,القطاع العام,خدمة إلكترونية,2026/06/22,"37,705,346"
الخدمات الرقمية,عام,القطاع العام,خدمة إلكترونية,2026/06/22,"37,705,397"
الخدمات الرقمية,عام,القطاع العام,خدمة إلكترونية,2026/06/22,"37,699,854"
الخدمات الرقمية,عام,القطاع العام,خدمة إلكترونية,2026/06/22,"37,695,091"
الخدمات الرقمية,عام,القطاع العام,خدمة إلكترونية,2026/06/22,"37,701,726"
الخدمات الرقمية,عام,القطاع العام,خدمة إلكترونية,2026/06/22,"37,702,160"
الخدمات الرقمية,عام,القطاع العام,خدمة إلكترونية,2026/06/22,"37,705,658"
الخدمات الرقمية,عام,القطاع العام,خدمة إلكترونية,2026/06/22,"37,706,047"
الخدمات الرقمية,عام,القطاع العام,خدمة إلكترونية,2026/06/22,"37,691,987"
الخدمات الرقمية,عام,القطاع العام,خدمة إلكترونية,2026/06/22,"37,693,881"
الخدمات الرقمية,عام,القطاع العام,خدمة إلكترونية,2026/06/22,"37,694,246"
الخدمات الرقمية,عام,القطاع العام,خدمة إلكترونية,2026/06/22,"37,698,385"
الخدمات الرقمية,عام,القطاع العام,خدمة إلكترونية,2026/06/22,"37,699,191"
الخدمات الرقمية,عام,القطاع العام,خدمة إلكترونية,2026/06/22,"37,702,957"
الخدمات الرقمية,عام,القطاع العام,خدمة إلكترونية,2026/06/22,"37,690,665"
الخدمات الرقمية,عام,القطاع العام,خدمة إلكترونية,2026/06/22,"37,698,564"
الخدمات الرقمية,عام,القطاع العام,خدمة إلكترونية,2026/06/22,"37,697,509"
الخدمات الرقمية,عام,القطاع العام,خدمة إلكترونية,2026/06/22,"37,699,976"
الخدمات الرقمية,عام,القطاع العام,خدمة إلكترونية,2026/06/22,"37,692,382"
الخدمات الرقمية,عام,القطاع العام,خدمة إلكترونية,2026/06/22,"37,694,631"
الخدمات الرقمية,عام,القطاع العام,خدمة إلكترونية,2026/06/22,"37,705,776"
الخدمات الرقمية,عام,القطاع العام,خدمة إلكترونية,2026/06/22,"37,702,742"
الخدمات الرقمية,عام,القطاع العام,خدمة إلكترونية,2026/06/22,"37,696,505"
الخدمات الرقمية,عام,القطاع العام,خدمة إلكترونية,2026/06/22,"37,694,773"
الخدمات الرقمية,عام,القطاع العام,خدمة إلكترونية,2026/06/22,"37,694,197"
الخدمات الرقمية,عام,القطاع العام,خدمة إلكترونية,2026/06/22,"37,705,014"
الخدمات الرقمية,عام,القطاع العام,خدمة إلكترونية,2026/06/22,"37,700,012"
الخدمات الرقمية,عام,القطاع العام,خدمة إلكترونية,2026/06/22,"37,705,697"
الخدمات الرقمية,عام,القطاع العام,خدمة إلكترونية,2026/06/22,"37,705,893"
الخدمات الرقمية,عام,القطاع العام,خدمة إلكترونية,2026/06/22,"37,693,000"
الخدمات الرقمية,عام,القطاع العام,خدمة إلكترونية,2026/06/22,"37,699,147"
الخدمات الرقمية,عام,القطاع العام,خدمة إلكترونية,2026/06/22,"37,701,996"
الخدمات الرقمية,عام,القطاع العام,خدمة إلكترونية,2026/06/22,"37,702,165"
الخدمات الرقمية,عام,القطاع العام,خدمة إلكترونية,2026/06/22,"37,695,882"
الخدمات الرقمية,عام,القطاع العام,خدمة إلكترونية,2026/06/22,"37,704,702"
الخدمات الرقمية,عام,القطاع العام,خدمة إلكترونية,2026/06/22,"37,696,634"
الخدمات الرقمية,عام,القطاع العام,خدمة إلكترونية,2026/06/22,"37,703,128"
الخدمات الرقمية,عام,القطاع العام,خدمة إلكترونية,2026/06/22,"37,704,772"
الخدمات الرقمية,عام,القطاع العام,خدمة إلكترونية,2026/06/22,"37,704,828"
الخدمات الرقمية,عام,القطاع العام,خدمة إلكترونية,2026/06/22,"37,695,766"
الخدمات الرقمية,عام,القطاع العام,خدمة إلكترونية,2026/06/22,"37,703,838"
الخدمات الرقمية,عام,القطاع العام,خدمة إلكترونية,2026/06/22,"37,705,130"
الخدمات الرقمية,عام,القطاع العام,خدمة إلكترونية,2026/06/22,"37,705,927"
الخدمات الرقمية,عام,القطاع العام,خدمة إلكترونية,2026/06/22,"37,705,985"
الخدمات الرقمية,عام,القطاع العام,خدمة إلكترونية,2026/06/22,"37,697,395"
الخدمات الرقمية,عام,القطاع العام,خدمة إلكترونية,2026/06/22,"37,694,780"
الخدمات الرقمية,عام,القطاع العام,خدمة إلكترونية,2026/06/22,"37,697,336"
الخدمات الرقمية,عام,القطاع العام,خدمة إلكترونية,2026/06/22,"37,702,282"
الخدمات الرقمية,عام,القطاع العام,خدمة إلكترونية,2026/06/22,"37,692,198"
الخدمات الرقمية,عام,القطاع العام,خدمة إلكترونية,2026/06/22,"37,705,844"
الخدمات الرقمية,عام,القطاع العام,خدمة إلكترونية,2026/06/22,"37,695,737"
الخدمات الرقمية,عام,القطاع العام,خدمة إلكترونية,2026/06/22,"37,696,290"
الخدمات الرقمية,عام,القطاع العام,خدمة إلكترونية,2026/06/22,"37,705,582"
الخدمات الرقمية,عام,القطاع العام,خدمة إلكترونية,2026/06/22,"37,694,093"
الخدمات الرقمية,عام,القطاع العام,خدمة إلكترونية,2026/06/22,"37,693,674"
الخدمات الرقمية,عام,القطاع العام,خدمة إلكترونية,2026/06/22,"37,702,664"
الخدمات الرقمية,عام,القطاع العام,خدمة إلكترونية,2026/06/22,"37,703,421"
الخدمات الرقمية,عام,القطاع العام,خدمة إلكترونية,2026/06/22,"37,692,452"
الخدمات الرقمية,عام,القطاع العام,خدمة إلكترونية,2026/06/22,"37,691,176"
الخدمات الرقمية,عام,القطاع العام,خدمة إلكترونية,2026/06/22,"37,703,736"
الخدمات الرقمية,عام,القطاع العام,خدمة إلكترونية,2026/06/22,"37,699,923"
الخدمات الرقمية,عام,القطاع العام,خدمة إلكترونية,2026/06/22,"37,696,129"
الخدمات الرقمية,عام,القطاع العام,خدمة إلكترونية,2026/06/22,"37,699,737"
الخدمات الرقمية,عام,القطاع العام,خدمة إلكترونية,2026/06/22,"37,707,137"
الخدمات الرقمية,عام,القطاع العام,خدمة إلكترونية,2026/06/22,"37,702,392"
الخدمات الرقمية,عام,القطاع العام,خدمة إلكترونية,2026/06/22,"37,701,840"
الخدمات الرقمية,عام,القطاع العام,خدمة إلكترونية,2026/06/22,"37,700,323"
الخدمات الرقمية,عام,القطاع العام,خدمة إلكترونية,2026/06/22,"37,694,470"
الخدمات الرقمية,عام,القطاع العام,خدمة إلكترونية,2026/06/22,"37,694,540"
الخدمات الرقمية,عام,القطاع العام,خدمة إلكترونية,2026/06/22,"37,692,647"
الخدمات الرقمية,عام,القطاع العام,خدمة إلكترونية,2026/06/22,"37,695,107"
الخدمات الرقمية,عام,القطاع العام,خدمة إلكترونية,2026/06/22,"37,702,334"
الخدمات الرقمية,عام,القطاع العام,خدمة إلكترونية,2026/06/22,"37,703,592"
الخدمات الرقمية,عام,القطاع العام,خدمة إلكترونية,2026/06/22,"37,696,477"
الخدمات الرقمية,عام,القطاع العام,خدمة إلكترونية,2026/06/22,"37,697,008"
الخدمات الرقمية,عام,القطاع العام,خدمة إلكترونية,2026/06/22,"37,696,169"
الخدمات الرقمية,عام,القطاع العام,خدمة إلكترونية,2026/06/22,"37,701,041"
الخدمات الرقمية,عام,القطاع العام,خدمة إلكترونية,2026/06/22,"37,694,509"
الخدمات الرقمية,عام,القطاع العام,خدمة إلكترونية,2026/06/22,"37,705,524"
الخدمات الرقمية,عام,القطاع العام,خدمة إلكترونية,2026/06/22,"37,705,174"
الخدمات الرقمية,عام,القطاع العام,خدمة إلكترونية,2026/06/22,"37,703,808"
الخدمات الرقمية,عام,القطاع العام,خدمة إلكترونية,2026/06/22,"37,700,435"
الخدمات الرقمية,عام,القطاع العام,خدمة إلكترونية,2026/06/22,"37,702,721"
الخدمات الرقمية,عام,القطاع العام,خدمة إلكترونية,2026/06/22,"37,705,306"
الخدمات الرقمية,عام,القطاع العام,خدمة إلكترونية,2026/06/22,"37,696,459"
الخدمات الرقمية,عام,القطاع العام,خدمة إلكترونية,2026/06/22,"37,700,644"
الخدمات الرقمية,عام,القطاع العام,خدمة إلكترونية,2026/06/22,"37,705,838"
الخدمات الرقمية,عام,القطاع العام,خدمة إلكترونية,2026/06/22,"37,703,039"
الخدمات الرقمية,عام,القطاع العام,خدمة إلكترونية,2026/06/22,"37,694,170"
الخدمات الرقمية,عام,القطاع العام,خدمة إلكترونية,2026/06/22,"37,705,232"
الخدمات الرقمية,عام,القطاع العام,خدمة إلكترونية,2026/06/22,"37,703,906"
الخدمات الرقمية,عام,القطاع العام,خدمة إلكترونية,2026/06/22,"37,696,409"
الخدمات الرقمية,عام,القطاع العام,خدمة إلكترونية,2026/06/22,"37,701,818"
الخدمات الرقمية,عام,القطاع العام,خدمة إلكترونية,2026/06/22,"37,702,261"
الخدمات الرقمية,عام,القطاع العام,خدمة إلكترونية,2026/06/22,"37,697,470"
الخدمات الرقمية,عام,القطاع العام,خدمة إلكترونية,2026/06/22,"37,705,816"
الخدمات الرقمية,عام,القطاع العام,خدمة إلكترونية,2026/06/22,"37,703,656"
الخدمات الرقمية,عام,القطاع العام,خدمة إلكترونية,2026/06/22,"37,701,023"
الخدمات الرقمية,عام,القطاع العام,خدمة إلكترونية,2026/06/22,"37,693,857"
الخدمات الرقمية,عام,القطاع العام,خدمة إلكترونية,2026/06/22,"37,702,846"
الخدمات الرقمية,عام,القطاع العام,خدمة إلكترونية,2026/06/22,"37,705,456"
الخدمات الرقمية,عام,القطاع العام,خدمة إلكترونية,2026/06/22,"37,695,498"
الخدمات الرقمية,عام,القطاع العام,خدمة إلكترونية,2026/06/22,"37,692,656"
الخدمات الرقمية,عام,القطاع العام,خدمة إلكترونية,2026/06/22,"37,696,078"
 المدينة المنوره,المدينة المنورة,القطاع الخاص,خدمة إلكترونية جزئيا,2026/06/22,"37,713,578"
 حائل,حائل,القطاع الخاص,خدمة إلكترونية جزئيا,2026/06/22,"37,710,804"
 الرياض,الخرج,القطاع الخاص,خدمة إلكترونية جزئيا,2026/06/22,"37,711,632"
 الحدود الشمالية,عرعر,القطاع الخاص,خدمة إلكترونية جزئيا,2026/06/22,"37,711,395"
 عسير,ابها,القطاع الخاص,خدمة إلكترونية جزئيا,2026/06/22,"37,701,813"
 عسير,ابها,القطاع الخاص,خدمة إلكترونية جزئيا,2026/06/22,"37,704,290"
 عسير,ابها,القطاع الخاص,خدمة إلكترونية جزئيا,2026/06/22,"37,699,611"
 حائل,حائل,القطاع الخاص,خدمة إلكترونية جزئيا,2026/06/22,"37,716,086"
 القصيم,بريده,القطاع الخاص,خدمة إلكترونية جزئيا,2026/06/22,"37,710,302"
 الشرقية,الدمام,القطاع الخاص,خدمة إلكترونية جزئيا,2026/06/22,"37,695,059"
 مكة المكرمه,مكة المكرمة,القطاع الخاص,خدمة إلكترونية جزئيا,2026/06/22,"37,714,623"
 الرياض,الرياض,القطاع الخاص,خدمة إلكترونية جزئيا,2026/06/22,"37,706,222"
 الرياض,الرياض,القطاع الخاص,خدمة إلكترونية جزئيا,2026/06/22,"37,705,202"
 الرياض,الرياض,القطاع الخاص,خدمة إلكترونية جزئيا,2026/06/22,"37,700,846"
 الرياض,الرياض,القطاع الخاص,خدمة إلكترونية جزئيا,2026/06/22,"37,694,852"
 الرياض,الرياض,القطاع الخاص,خدمة إلكترونية جزئيا,2026/06/22,"37,701,682"
 الرياض,الرياض,القطاع الخاص,خدمة إلكترونية جزئيا,2026/06/22,"37,703,737"
 الرياض,الرياض,القطاع الخاص,خدمة إلكترونية جزئيا,2026/06/22,"37,706,642"
 الرياض,الرياض,القطاع الخاص,خدمة إلكترونية جزئيا,2026/06/22,"37,714,322"
 الرياض,الرياض,القطاع الخاص,خدمة إلكترونية جزئيا,2026/06/22,"37,708,430"
 الرياض,الرياض,القطاع الخاص,خدمة إلكترونية جزئيا,2026/06/22,"37,698,348"
 الرياض,الرياض,القطاع الخاص,خدمة إلكترونية جزئيا,2026/06/22,"37,705,451"
 الرياض,الرياض,القطاع الخاص,خدمة إلكترونية جزئيا,2026/06/22,"37,704,351"
 الرياض,الرياض,القطاع الخاص,خدمة إلكترونية جزئيا,2026/06/22,"37,703,303"
 الرياض,الرياض,القطاع الخاص,خدمة إلكترونية جزئيا,2026/06/22,"37,693,582"
 الرياض,الرياض,القطاع العام,خدمة إلكترونية جزئيا,2026/06/23,"37,736,729"
الخدمات الرقمية,كتابة عدل مدمجة - افتراضية,القطاع العام,خدمة إلكترونية جزئيا,2026/06/23,"37,736,723"
 حائل,حائل,القطاع الخاص,خدمة إلكترونية جزئيا,2026/06/23,"37,742,849"
 حائل,حائل,القطاع الخاص,خدمة إلكترونية جزئيا,2026/06/23,"37,730,244"
 مكة المكرمه,مكة المكرمة,القطاع الخاص,خدمة إلكترونية جزئيا,2026/06/23,"37,745,028"
 مكة المكرمه,مكة المكرمة,القطاع الخاص,خدمة إلكترونية جزئيا,2026/06/23,"37,744,664"
 القصيم,بريده,القطاع الخاص,خدمة إلكترونية جزئيا,2026/06/23,"37,743,565"
 مكة المكرمه,مكة المكرمة,القطاع الخاص,خدمة إلكترونية جزئيا,2026/06/23,"37,729,121"
 القصيم,بريده,القطاع الخاص,خدمة إلكترونية جزئيا,2026/06/23,"37,742,676"
 القصيم,بريده,القطاع الخاص,خدمة إلكترونية جزئيا,2026/06/23,"37,743,114"
 مكة المكرمه,مكة المكرمة,القطاع الخاص,خدمة إلكترونية جزئيا,2026/06/23,"37,745,168"
 الشرقية,الدمام,القطاع الخاص,خدمة إلكترونية جزئيا,2026/06/23,"37,732,691"
 الرياض,الرياض,القطاع الخاص,خدمة إلكترونية جزئيا,2026/06/23,"37,744,895"
 مكة المكرمه,مكة المكرمة,القطاع الخاص,خدمة إلكترونية جزئيا,2026/06/23,"37,730,039"
 مكة المكرمه,مكة المكرمة,القطاع الخاص,خدمة إلكترونية جزئيا,2026/06/23,"37,731,239"
 الشرقية,الدمام,القطاع الخاص,خدمة إلكترونية جزئيا,2026/06/23,"37,733,100"
 الشرقية,الدمام,القطاع الخاص,خدمة إلكترونية جزئيا,2026/06/23,"37,734,277"
 مكة المكرمه,الطائف,القطاع الخاص,خدمة إلكترونية جزئيا,2026/06/23,"37,728,522"
 مكة المكرمه,مكة المكرمة,القطاع الخاص,خدمة إلكترونية جزئيا,2026/06/23,"37,744,799"
 الشرقية,الاحساء,القطاع الخاص,خدمة إلكترونية جزئيا,2026/06/23,"37,733,756"
الخدمات الرقمية,عام,القطاع العام,خدمة إلكترونية,2026/06/23,"37,732,805"
الخدمات الرقمية,عام,القطاع العام,خدمة إلكترونية,2026/06/23,"37,737,695"
الخدمات الرقمية,عام,القطاع العام,خدمة إلكترونية,2026/06/23,"37,740,161"
الخدمات الرقمية,عام,القطاع العام,خدمة إلكترونية,2026/06/23,"37,740,096"
الخدمات الرقمية,عام,القطاع العام,خدمة إلكترونية,2026/06/23,"37,740,183"
الخدمات الرقمية,عام,القطاع العام,خدمة إلكترونية,2026/06/23,"37,740,233"
الخدمات الرقمية,عام,القطاع العام,خدمة إلكترونية,2026/06/23,"37,743,894"
الخدمات الرقمية,عام,القطاع العام,خدمة إلكترونية,2026/06/23,"37,738,823"
الخدمات الرقمية,عام,القطاع العام,خدمة إلكترونية,2026/06/23,"37,740,895"
الخدمات الرقمية,عام,القطاع العام,خدمة إلكترونية,2026/06/23,"37,741,974"
الخدمات الرقمية,عام,القطاع العام,خدمة إلكترونية,2026/06/23,"37,741,089"
الخدمات الرقمية,عام,القطاع العام,خدمة إلكترونية,2026/06/23,"37,740,553"
الخدمات الرقمية,عام,القطاع العام,خدمة إلكترونية,2026/06/23,"37,739,976"
الخدمات الرقمية,عام,القطاع العام,خدمة إلكترونية,2026/06/23,"37,734,620"
الخدمات الرقمية,عام,القطاع العام,خدمة إلكترونية,2026/06/23,"37,740,426"
الخدمات الرقمية,عام,القطاع العام,خدمة إلكترونية,2026/06/23,"37,740,352"
الخدمات الرقمية,عام,القطاع العام,خدمة إلكترونية,2026/06/23,"37,743,879"
الخدمات الرقمية,عام,القطاع العام,خدمة إلكترونية,2026/06/23,"37,735,028"
الخدمات الرقمية,عام,القطاع العام,خدمة إلكترونية,2026/06/23,"37,741,735"
الخدمات الرقمية,عام,القطاع العام,خدمة إلكترونية,2026/06/23,"37,747,796"
الخدمات الرقمية,عام,القطاع العام,خدمة إلكترونية,2026/06/23,"37,747,099"
الخدمات الرقمية,عام,القطاع العام,خدمة إلكترونية,2026/06/23,"37,746,394"
الخدمات الرقمية,عام,القطاع العام,خدمة إلكترونية,2026/06/23,"37,745,216"
الخدمات الرقمية,عام,القطاع العام,خدمة إلكترونية,2026/06/23,"37,729,899"
الخدمات الرقمية,عام,القطاع العام,خدمة إلكترونية,2026/06/23,"37,724,870"
الخدمات الرقمية,عام,القطاع العام,خدمة إلكترونية,2026/06/23,"37,729,444"
الخدمات الرقمية,عام,القطاع العام,خدمة إلكترونية,2026/06/23,"37,729,772"
الخدمات الرقمية,عام,القطاع العام,خدمة إلكترونية,2026/06/23,"37,734,179"
الخدمات الرقمية,عام,القطاع العام,خدمة إلكترونية,2026/06/23,"37,732,680"
الخدمات الرقمية,عام,القطاع العام,خدمة إلكترونية,2026/06/23,"37,741,402"
الخدمات الرقمية,عام,القطاع العام,خدمة إلكترونية,2026/06/23,"37,735,405"
الخدمات الرقمية,عام,القطاع العام,خدمة إلكترونية,2026/06/23,"37,735,464"
الخدمات الرقمية,عام,القطاع العام,خدمة إلكترونية,2026/06/23,"37,724,481"
الخدمات الرقمية,عام,القطاع العام,خدمة إلكترونية,2026/06/23,"37,741,327"
الخدمات الرقمية,عام,القطاع العام,خدمة إلكترونية,2026/06/23,"37,741,409"
الخدمات الرقمية,عام,القطاع العام,خدمة إلكترونية,2026/06/23,"37,741,282"
الخدمات الرقمية,عام,القطاع العام,خدمة إلكترونية,2026/06/23,"37,741,079"
الخدمات الرقمية,عام,القطاع العام,خدمة إلكترونية,2026/06/23,"37,729,150"
الخدمات الرقمية,عام,القطاع العام,خدمة إلكترونية,2026/06/23,"37,730,514"
الخدمات الرقمية,عام,القطاع العام,خدمة إلكترونية,2026/06/23,"37,741,228"
الخدمات الرقمية,عام,القطاع العام,خدمة إلكترونية,2026/06/23,"37,740,250"
الخدمات الرقمية,عام,القطاع العام,خدمة إلكترونية,2026/06/23,"37,741,176"
الخدمات الرقمية,عام,القطاع العام,خدمة إلكترونية,2026/06/23,"37,741,440"
الخدمات الرقمية,عام,القطاع العام,خدمة إلكترونية,2026/06/23,"37,732,851"
الخدمات الرقمية,عام,القطاع العام,خدمة إلكترونية,2026/06/23,"37,741,198"
الخدمات الرقمية,عام,القطاع العام,خدمة إلكترونية,2026/06/23,"37,741,181"
الخدمات الرقمية,عام,القطاع العام,خدمة إلكترونية,2026/06/23,"37,732,693"
الخدمات الرقمية,عام,القطاع العام,خدمة إلكترونية,2026/06/23,"37,741,298"
الخدمات الرقمية,عام,القطاع العام,خدمة إلكترونية,2026/06/23,"37,741,346"
الخدمات الرقمية,عام,القطاع العام,خدمة إلكترونية,2026/06/23,"37,743,355"
الخدمات الرقمية,عام,القطاع العام,خدمة إلكترونية,2026/06/23,"37,737,657"
الخدمات الرقمية,عام,القطاع العام,خدمة إلكترونية,2026/06/23,"37,741,133"
الخدمات الرقمية,عام,القطاع العام,خدمة إلكترونية,2026/06/23,"37,732,154"
الخدمات الرقمية,عام,القطاع العام,خدمة إلكترونية,2026/06/23,"37,741,713"
الخدمات الرقمية,عام,القطاع العام,خدمة إلكترونية,2026/06/23,"37,741,275"
الخدمات الرقمية,عام,القطاع العام,خدمة إلكترونية,2026/06/23,"37,740,069"
الخدمات الرقمية,عام,القطاع العام,خدمة إلكترونية,2026/06/23,"37,730,121"
الخدمات الرقمية,عام,القطاع العام,خدمة إلكترونية,2026/06/23,"37,731,158"
الخدمات الرقمية,عام,القطاع العام,خدمة إلكترونية,2026/06/23,"37,729,979"
الخدمات الرقمية,عام,القطاع العام,خدمة إلكترونية,2026/06/23,"37,730,960"
الخدمات الرقمية,عام,القطاع العام,خدمة إلكترونية,2026/06/23,"37,732,784"
الخدمات الرقمية,عام,القطاع العام,خدمة إلكترونية,2026/06/23,"37,741,362"
الخدمات الرقمية,عام,القطاع العام,خدمة إلكترونية,2026/06/23,"37,737,701"
الخدمات الرقمية,عام,القطاع العام,خدمة إلكترونية,2026/06/23,"37,739,840"
الخدمات الرقمية,عام,القطاع العام,خدمة إلكترونية,2026/06/23,"37,736,892"
الخدمات الرقمية,عام,القطاع العام,خدمة إلكترونية,2026/06/23,"37,739,734"
الخدمات الرقمية,عام,القطاع العام,خدمة إلكترونية,2026/06/23,"37,741,371"
الخدمات الرقمية,عام,القطاع العام,خدمة إلكترونية,2026/06/23,"37,737,328"
الخدمات الرقمية,عام,القطاع العام,خدمة إلكترونية,2026/06/23,"37,738,094"
الخدمات الرقمية,عام,القطاع العام,خدمة إلكترونية,2026/06/23,"37,729,117"
الخدمات الرقمية,عام,القطاع العام,خدمة إلكترونية,2026/06/23,"37,739,673"
 الشرقية,الدمام,القطاع الخاص,خدمة إلكترونية جزئيا,2026/06/23,"37,732,020"
 الشرقية,الدمام,القطاع الخاص,خدمة إلكترونية جزئيا,2026/06/23,"37,733,295"
 الشرقية,الدمام,القطاع الخاص,خدمة إلكترونية جزئيا,2026/06/23,"37,732,939"
 الشرقية,الاحساء,القطاع الخاص,خدمة إلكترونية جزئيا,2026/06/23,"37,733,265"
 الشرقية,الاحساء,القطاع الخاص,خدمة إلكترونية جزئيا,2026/06/23,"37,733,462"
 مكة المكرمه,الطائف,القطاع الخاص,خدمة إلكترونية جزئيا,2026/06/23,"37,728,206"
 عسير,ابها,القطاع الخاص,خدمة إلكترونية جزئيا,2026/06/23,"37,742,409"
 عسير,ابها,القطاع الخاص,خدمة إلكترونية جزئيا,2026/06/23,"37,742,791"
 حائل,حائل,القطاع الخاص,خدمة إلكترونية جزئيا,2026/06/23,"37,729,827"
 حائل,حائل,القطاع الخاص,خدمة إلكترونية جزئيا,2026/06/23,"37,742,721"
 القصيم,بريده,القطاع الخاص,خدمة إلكترونية جزئيا,2026/06/23,"37,742,624"
 القصيم,بريده,القطاع الخاص,خدمة إلكترونية جزئيا,2026/06/23,"37,742,028"
 القصيم,بريده,القطاع الخاص,خدمة إلكترونية جزئيا,2026/06/23,"37,743,411"
 القصيم,بريده,القطاع الخاص,خدمة إلكترونية جزئيا,2026/06/23,"37,742,907"
 الشرقية,الدمام,القطاع الخاص,خدمة إلكترونية جزئيا,2026/06/23,"37,732,352"
 الشرقية,الدمام,القطاع الخاص,خدمة إلكترونية جزئيا,2026/06/23,"37,729,254"
 مكة المكرمه,مكة المكرمة,القطاع الخاص,خدمة إلكترونية جزئيا,2026/06/23,"37,744,555"
 مكة المكرمه,مكة المكرمة,القطاع الخاص,خدمة إلكترونية جزئيا,2026/06/23,"37,744,987"
 مكة المكرمه,مكة المكرمة,القطاع الخاص,خدمة إلكترونية جزئيا,2026/06/23,"37,743,939"
 مكة المكرمه,مكة المكرمة,القطاع الخاص,خدمة إلكترونية جزئيا,2026/06/23,"37,744,813"
 مكة المكرمه,مكة المكرمة,القطاع الخاص,خدمة إلكترونية جزئيا,2026/06/23,"37,745,140"
 مكة المكرمه,مكة المكرمة,القطاع الخاص,خدمة إلكترونية جزئيا,2026/06/23,"37,744,023"
 مكة المكرمه,مكة المكرمة,القطاع الخاص,خدمة إلكترونية جزئيا,2026/06/23,"37,729,644"
 مكة المكرمه,مكة المكرمة,القطاع الخاص,خدمة إلكترونية جزئيا,2026/06/23,"37,730,879"
 الرياض,الرياض,القطاع الخاص,خدمة إلكترونية جزئيا,2026/06/23,"37,744,666"
 مكة المكرمه,مكة المكرمة,القطاع الخاص,خدمة إلكترونية جزئيا,2026/06/24,"37,760,851"
 الرياض,الرياض,القطاع الخاص,خدمة إلكترونية جزئيا,2026/06/24,"37,754,646"
 مكة المكرمه,مكة المكرمة,القطاع الخاص,خدمة إلكترونية جزئيا,2026/06/24,"37,766,961"
 الرياض,الرياض,القطاع الخاص,خدمة إلكترونية جزئيا,2026/06/24,"37,759,386"
 الرياض,الرياض,القطاع الخاص,خدمة إلكترونية جزئيا,2026/06/24,"37,763,421"
 مكة المكرمه,مكة المكرمة,القطاع الخاص,خدمة إلكترونية جزئيا,2026/06/24,"37,766,350"
 الرياض,الرياض,القطاع الخاص,خدمة إلكترونية جزئيا,2026/06/24,"37,766,355"
 مكة المكرمه,جده,القطاع الخاص,خدمة إلكترونية جزئيا,2026/06/24,"37,774,844"
 الرياض,الرياض,القطاع الخاص,خدمة إلكترونية جزئيا,2026/06/24,"37,760,418"
 الشرقية,الدمام,القطاع الخاص,خدمة إلكترونية جزئيا,2026/06/24,"37,754,151"
 الشرقية,الدمام,القطاع الخاص,خدمة إلكترونية جزئيا,2026/06/24,"37,755,037"
 الرياض,الرياض,القطاع الخاص,خدمة إلكترونية جزئيا,2026/06/24,"37,755,502"
 الرياض,الرياض,القطاع الخاص,خدمة إلكترونية جزئيا,2026/06/24,"37,754,429"
 الرياض,الرياض,القطاع الخاص,خدمة إلكترونية جزئيا,2026/06/24,"37,764,862"
 الرياض,الرياض,القطاع الخاص,خدمة إلكترونية جزئيا,2026/06/24,"37,764,289"
 الشرقية,الدمام,القطاع الخاص,خدمة إلكترونية جزئيا,2026/06/24,"37,761,330"
 الرياض,الرياض,القطاع الخاص,خدمة إلكترونية جزئيا,2026/06/24,"37,763,343"
 الرياض,الرياض,القطاع الخاص,خدمة إلكترونية جزئيا,2026/06/24,"37,760,125"
 عسير,ابها,القطاع الخاص,خدمة إلكترونية جزئيا,2026/06/24,"37,767,000"
 حائل,حائل,القطاع الخاص,خدمة إلكترونية جزئيا,2026/06/24,"37,757,893"
 الرياض,الرياض,القطاع الخاص,خدمة إلكترونية جزئيا,2026/06/24,"37,761,641"
 مكة المكرمه,مكة المكرمة,القطاع الخاص,خدمة إلكترونية جزئيا,2026/06/24,"37,766,379"
 مكة المكرمه,مكة المكرمة,القطاع الخاص,خدمة إلكترونية جزئيا,2026/06/24,"37,771,626"
 المدينة المنوره,المدينة المنورة,القطاع الخاص,خدمة إلكترونية جزئيا,2026/06/24,"37,767,691"
 الرياض,الرياض,القطاع الخاص,خدمة إلكترونية جزئيا,2026/06/24,"37,755,493"
 الرياض,الرياض,القطاع الخاص,خدمة إلكترونية جزئيا,2026/06/24,"37,754,303"
 الحدود الشمالية,عرعر,القطاع الخاص,خدمة إلكترونية جزئيا,2026/06/24,"37,757,815"
 عسير,محايل عسير,القطاع الخاص,خدمة إلكترونية جزئيا,2026/06/24,"37,769,318"
 مكة المكرمه,مكة المكرمة,القطاع الخاص,خدمة إلكترونية جزئيا,2026/06/24,"37,767,070"
 مكة المكرمه,جده,القطاع الخاص,خدمة إلكترونية جزئيا,2026/06/24,"37,765,503"
 مكة المكرمه,جده,القطاع الخاص,خدمة إلكترونية جزئيا,2026/06/24,"37,770,280"
الخدمات الرقمية,عام,القطاع العام,خدمة إلكترونية,2026/06/24,"37,767,118"
الخدمات الرقمية,عام,القطاع العام,خدمة إلكترونية,2026/06/24,"37,762,603"
الخدمات الرقمية,عام,القطاع العام,خدمة إلكترونية,2026/06/24,"37,773,420"
الخدمات الرقمية,عام,القطاع العام,خدمة إلكترونية,2026/06/24,"37,760,987"
الخدمات الرقمية,عام,القطاع العام,خدمة إلكترونية,2026/06/24,"37,754,664"
الخدمات الرقمية,عام,القطاع العام,خدمة إلكترونية,2026/06/24,"37,769,260"
الخدمات الرقمية,عام,القطاع العام,خدمة إلكترونية,2026/06/24,"37,771,307"
الخدمات الرقمية,عام,القطاع العام,خدمة إلكترونية,2026/06/24,"37,769,192"
الخدمات الرقمية,عام,القطاع العام,خدمة إلكترونية,2026/06/24,"37,762,283"
الخدمات الرقمية,عام,القطاع العام,خدمة إلكترونية,2026/06/24,"37,769,843"
الخدمات الرقمية,عام,القطاع العام,خدمة إلكترونية,2026/06/24,"37,770,999"
الخدمات الرقمية,عام,القطاع العام,خدمة إلكترونية,2026/06/24,"37,767,338"
الخدمات الرقمية,عام,القطاع العام,خدمة إلكترونية,2026/06/24,"37,770,727"
الخدمات الرقمية,عام,القطاع العام,خدمة إلكترونية,2026/06/24,"37,771,955"
الخدمات الرقمية,عام,القطاع العام,خدمة إلكترونية,2026/06/24,"37,769,121"
الخدمات الرقمية,عام,القطاع العام,خدمة إلكترونية,2026/06/24,"37,768,121"
الخدمات الرقمية,عام,القطاع العام,خدمة إلكترونية,2026/06/24,"37,759,019"
الخدمات الرقمية,عام,القطاع العام,خدمة إلكترونية,2026/06/24,"37,770,223"
الخدمات الرقمية,عام,القطاع العام,خدمة إلكترونية,2026/06/24,"37,773,746"
الخدمات الرقمية,عام,القطاع العام,خدمة إلكترونية,2026/06/24,"37,770,340"
الخدمات الرقمية,عام,القطاع العام,خدمة إلكترونية,2026/06/24,"37,774,830"
الخدمات الرقمية,عام,القطاع العام,خدمة إلكترونية,2026/06/24,"37,774,906"
الخدمات الرقمية,عام,القطاع العام,خدمة إلكترونية,2026/06/24,"37,771,188"
الخدمات الرقمية,عام,القطاع العام,خدمة إلكترونية,2026/06/24,"37,774,278"
الخدمات الرقمية,عام,القطاع العام,خدمة إلكترونية,2026/06/24,"37,762,667"
الخدمات الرقمية,عام,القطاع العام,خدمة إلكترونية,2026/06/24,"37,769,142"
الخدمات الرقمية,عام,القطاع العام,خدمة إلكترونية,2026/06/24,"37,771,092"
الخدمات الرقمية,عام,القطاع العام,خدمة إلكترونية,2026/06/24,"37,775,057"
الخدمات الرقمية,عام,القطاع العام,خدمة إلكترونية,2026/06/24,"37,775,147"
الخدمات الرقمية,عام,القطاع العام,خدمة إلكترونية,2026/06/24,"37,771,036"
الخدمات الرقمية,عام,القطاع العام,خدمة إلكترونية,2026/06/24,"37,768,876"
الخدمات الرقمية,عام,القطاع العام,خدمة إلكترونية,2026/06/24,"37,761,172"
الخدمات الرقمية,عام,القطاع العام,خدمة إلكترونية,2026/06/24,"37,757,030"
الخدمات الرقمية,عام,القطاع العام,خدمة إلكترونية,2026/06/24,"37,755,771"
الخدمات الرقمية,عام,القطاع العام,خدمة إلكترونية,2026/06/24,"37,768,773"
الخدمات الرقمية,عام,القطاع العام,خدمة إلكترونية,2026/06/24,"37,761,788"
الخدمات الرقمية,عام,القطاع العام,خدمة إلكترونية,2026/06/24,"37,765,744"
الخدمات الرقمية,عام,القطاع العام,خدمة إلكترونية,2026/06/24,"37,757,468"
الخدمات الرقمية,عام,القطاع العام,خدمة إلكترونية,2026/06/24,"37,756,249"
الخدمات الرقمية,عام,القطاع العام,خدمة إلكترونية,2026/06/24,"37,760,109"
الخدمات الرقمية,عام,القطاع العام,خدمة إلكترونية,2026/06/24,"37,761,936"
الخدمات الرقمية,عام,القطاع العام,خدمة إلكترونية,2026/06/24,"37,755,323"
الخدمات الرقمية,عام,القطاع العام,خدمة إلكترونية,2026/06/24,"37,750,684"
الخدمات الرقمية,عام,القطاع العام,خدمة إلكترونية,2026/06/24,"37,753,406"
الخدمات الرقمية,عام,القطاع العام,خدمة إلكترونية,2026/06/24,"37,768,421"
الخدمات الرقمية,عام,القطاع العام,خدمة إلكترونية,2026/06/24,"37,762,008"
الخدمات الرقمية,عام,القطاع العام,خدمة إلكترونية,2026/06/24,"37,765,376"
 المدينة المنوره,المدينة المنورة,القطاع الخاص,خدمة إلكترونية جزئيا,2026/06/24,"37,767,524"
 المدينة المنوره,المدينة المنورة,القطاع الخاص,خدمة إلكترونية جزئيا,2026/06/24,"37,765,625"
 المدينة المنوره,المدينة المنورة,القطاع الخاص,خدمة إلكترونية جزئيا,2026/06/24,"37,763,209"
 المدينة المنوره,المدينة المنورة,القطاع الخاص,خدمة إلكترونية جزئيا,2026/06/24,"37,763,455"
 المدينة المنوره,المدينة المنورة,القطاع الخاص,خدمة إلكترونية جزئيا,2026/06/24,"37,764,292"
 المدينة المنوره,المدينة المنورة,القطاع الخاص,خدمة إلكترونية جزئيا,2026/06/24,"37,763,770"
 الشرقية,الدمام,القطاع الخاص,خدمة إلكترونية جزئيا,2026/06/24,"37,754,416"
 الشرقية,الدمام,القطاع الخاص,خدمة إلكترونية جزئيا,2026/06/24,"37,754,599"
 الحدود الشمالية,عرعر,القطاع الخاص,خدمة إلكترونية جزئيا,2026/06/24,"37,757,428"
 عسير,ابها,القطاع الخاص,خدمة إلكترونية جزئيا,2026/06/24,"37,766,762"
 عسير,ابها,القطاع الخاص,خدمة إلكترونية جزئيا,2026/06/24,"37,756,526"
 عسير,ابها,القطاع الخاص,خدمة إلكترونية جزئيا,2026/06/24,"37,755,902"
 عسير,ابها,القطاع الخاص,خدمة إلكترونية جزئيا,2026/06/24,"37,770,182"
 عسير,ابها,القطاع الخاص,خدمة إلكترونية جزئيا,2026/06/24,"37,756,134"
 حائل,حائل,القطاع الخاص,خدمة إلكترونية جزئيا,2026/06/24,"37,756,689"
 مكة المكرمه,جده,القطاع الخاص,خدمة إلكترونية جزئيا,2026/06/24,"37,765,485"
 مكة المكرمه,جده,القطاع الخاص,خدمة إلكترونية جزئيا,2026/06/24,"37,774,801"
 مكة المكرمه,جده,القطاع الخاص,خدمة إلكترونية جزئيا,2026/06/24,"37,762,698"
 مكة المكرمه,جده,القطاع الخاص,خدمة إلكترونية جزئيا,2026/06/24,"37,762,548"
 مكة المكرمه,جده,القطاع الخاص,خدمة إلكترونية جزئيا,2026/06/24,"37,770,038"
 الشرقية,الدمام,القطاع الخاص,خدمة إلكترونية جزئيا,2026/06/24,"37,760,124"
 الشرقية,الدمام,القطاع الخاص,خدمة إلكترونية جزئيا,2026/06/24,"37,753,945"
 الشرقية,الدمام,القطاع الخاص,خدمة إلكترونية جزئيا,2026/06/24,"37,760,531"
 مكة المكرمه,مكة المكرمة,القطاع الخاص,خدمة إلكترونية جزئيا,2026/06/24,"37,766,273"
 مكة المكرمه,مكة المكرمة,القطاع الخاص,خدمة إلكترونية جزئيا,2026/06/24,"37,760,055"
 مكة المكرمه,مكة المكرمة,القطاع الخاص,خدمة إلكترونية جزئيا,2026/06/24,"37,766,304"
 مكة المكرمه,مكة المكرمة,القطاع الخاص,خدمة إلكترونية جزئيا,2026/06/24,"37,765,396"
 مكة المكرمه,مكة المكرمة,القطاع الخاص,خدمة إلكترونية جزئيا,2026/06/24,"37,765,514"
 مكة المكرمه,مكة المكرمة,القطاع الخاص,خدمة إلكترونية جزئيا,2026/06/24,"37,762,910"
 مكة المكرمه,مكة المكرمة,القطاع الخاص,خدمة إلكترونية جزئيا,2026/06/24,"37,771,584"
 مكة المكرمه,مكة المكرمة,القطاع الخاص,خدمة إلكترونية جزئيا,2026/06/24,"37,766,672"
 مكة المكرمه,مكة المكرمة,القطاع الخاص,خدمة إلكترونية جزئيا,2026/06/24,"37,767,021"
 الرياض,الرياض,القطاع الخاص,خدمة إلكترونية جزئيا,2026/06/24,"37,757,580"
 الرياض,الرياض,القطاع الخاص,خدمة إلكترونية جزئيا,2026/06/24,"37,760,122"
 الرياض,الرياض,القطاع الخاص,خدمة إلكترونية جزئيا,2026/06/24,"37,762,528"
 الرياض,الرياض,القطاع الخاص,خدمة إلكترونية جزئيا,2026/06/24,"37,762,770"
 الرياض,الرياض,القطاع الخاص,خدمة إلكترونية جزئيا,2026/06/24,"37,760,324"
 الرياض,الرياض,القطاع الخاص,خدمة إلكترونية جزئيا,2026/06/24,"37,761,900"
 الرياض,الرياض,القطاع الخاص,خدمة إلكترونية جزئيا,2026/06/24,"37,764,774"
 الرياض,الرياض,القطاع الخاص,خدمة إلكترونية جزئيا,2026/06/24,"37,764,121"
 الرياض,الرياض,القطاع الخاص,خدمة إلكترونية جزئيا,2026/06/24,"37,755,260"
 الرياض,الرياض,القطاع الخاص,خدمة إلكترونية جزئيا,2026/06/24,"37,754,436"
 الرياض,الرياض,القطاع الخاص,خدمة إلكترونية جزئيا,2026/06/24,"37,753,982"
 الرياض,الرياض,القطاع الخاص,خدمة إلكترونية جزئيا,2026/06/24,"37,765,985"
 الرياض,الرياض,القطاع الخاص,خدمة إلكترونية جزئيا,2026/06/24,"37,754,162"
 الرياض,الرياض,القطاع الخاص,خدمة إلكترونية جزئيا,2026/06/24,"37,755,203"
 الرياض,الرياض,القطاع الخاص,خدمة إلكترونية جزئيا,2026/06/24,"37,759,089"
 الرياض,الرياض,القطاع الخاص,خدمة إلكترونية جزئيا,2026/06/24,"37,762,187"
 الرياض,الرياض,القطاع الخاص,خدمة إلكترونية جزئيا,2026/06/24,"37,759,976"
 الرياض,الرياض,القطاع الخاص,خدمة إلكترونية جزئيا,2026/06/24,"37,761,001"
 الرياض,الرياض,القطاع الخاص,خدمة إلكترونية جزئيا,2026/06/24,"37,762,632"
 حائل,حائل,القطاع الخاص,خدمة إلكترونية جزئيا,2026/06/25,"37,794,782"
 الرياض,الرياض,القطاع الخاص,خدمة إلكترونية جزئيا,2026/06/25,"37,785,070"
 الرياض,الرياض,القطاع الخاص,خدمة إلكترونية جزئيا,2026/06/25,"37,785,830"
 عسير,ابها,القطاع الخاص,خدمة إلكترونية جزئيا,2026/06/25,"37,786,227"
 عسير,ابها,القطاع الخاص,خدمة إلكترونية جزئيا,2026/06/25,"37,782,986"
 عسير,ابها,القطاع الخاص,خدمة إلكترونية جزئيا,2026/06/25,"37,784,188"
 عسير,ابها,القطاع الخاص,خدمة إلكترونية جزئيا,2026/06/25,"37,783,754"
 الشرقية,الدمام,القطاع الخاص,خدمة إلكترونية جزئيا,2026/06/25,"37,782,045"
 مكة المكرمه,مكة المكرمة,القطاع الخاص,خدمة إلكترونية جزئيا,2026/06/25,"37,794,088"
 مكة المكرمه,مكة المكرمة,القطاع الخاص,خدمة إلكترونية جزئيا,2026/06/25,"37,782,407"
 مكة المكرمه,مكة المكرمة,القطاع الخاص,خدمة إلكترونية جزئيا,2026/06/25,"37,783,784"
 مكة المكرمه,جده,القطاع الخاص,خدمة إلكترونية جزئيا,2026/06/25,"37,788,153"
 المدينة المنوره,المدينة المنورة,القطاع الخاص,خدمة إلكترونية جزئيا,2026/06/25,"37,785,888"
 الرياض,الرياض,القطاع الخاص,خدمة إلكترونية جزئيا,2026/06/25,"37,800,053"
 الرياض,الرياض,القطاع الخاص,خدمة إلكترونية جزئيا,2026/06/25,"37,801,298"
 مكة المكرمه,الطائف,القطاع الخاص,خدمة إلكترونية جزئيا,2026/06/25,"37,785,570"
 عسير,ابها,القطاع الخاص,خدمة إلكترونية جزئيا,2026/06/25,"37,783,037"
 الشرقية,الدمام,القطاع الخاص,خدمة إلكترونية جزئيا,2026/06/25,"37,782,099"
 الرياض,الرياض,القطاع الخاص,خدمة إلكترونية جزئيا,2026/06/25,"37,785,304"
 الرياض,الرياض,القطاع الخاص,خدمة إلكترونية جزئيا,2026/06/25,"37,786,302"
 الرياض,الرياض,القطاع الخاص,خدمة إلكترونية جزئيا,2026/06/25,"37,801,404"
 مكة المكرمه,مكة المكرمة,القطاع الخاص,خدمة إلكترونية جزئيا,2026/06/25,"37,783,959"
 مكة المكرمه,جده,القطاع الخاص,خدمة إلكترونية جزئيا,2026/06/25,"37,788,734"
 المدينة المنوره,المدينة المنورة,القطاع الخاص,خدمة إلكترونية جزئيا,2026/06/25,"37,786,042"
 مكة المكرمه,مكة المكرمة,القطاع الخاص,خدمة إلكترونية جزئيا,2026/06/25,"37,792,833"
 مكة المكرمه,مكة المكرمة,القطاع الخاص,خدمة إلكترونية جزئيا,2026/06/25,"37,794,138"
 مكة المكرمه,الطائف,القطاع الخاص,خدمة إلكترونية جزئيا,2026/06/25,"37,785,920"
 مكة المكرمه,جده,القطاع الخاص,خدمة إلكترونية جزئيا,2026/06/25,"37,786,372"
الخدمات الرقمية,عام,القطاع العام,خدمة إلكترونية,2026/06/25,"37,799,038"
الخدمات الرقمية,عام,القطاع العام,خدمة إلكترونية,2026/06/25,"37,796,841"
الخدمات الرقمية,عام,القطاع العام,خدمة إلكترونية,2026/06/25,"37,796,877"
الخدمات الرقمية,عام,القطاع العام,خدمة إلكترونية,2026/06/25,"37,800,201"
الخدمات الرقمية,عام,القطاع العام,خدمة إلكترونية,2026/06/25,"37,799,149"
الخدمات الرقمية,عام,القطاع العام,خدمة إلكترونية,2026/06/25,"37,802,309"
الخدمات الرقمية,عام,القطاع العام,خدمة إلكترونية,2026/06/25,"37,782,490"
الخدمات الرقمية,عام,القطاع العام,خدمة إلكترونية,2026/06/25,"37,790,619"
الخدمات الرقمية,عام,القطاع العام,خدمة إلكترونية,2026/06/25,"37,792,396"
الخدمات الرقمية,عام,القطاع العام,خدمة إلكترونية,2026/06/25,"37,794,904"
الخدمات الرقمية,عام,القطاع العام,خدمة إلكترونية,2026/06/25,"37,783,137"
الخدمات الرقمية,عام,القطاع العام,خدمة إلكترونية,2026/06/25,"37,792,360"
الخدمات الرقمية,عام,القطاع العام,خدمة إلكترونية,2026/06/25,"37,796,410"
الخدمات الرقمية,عام,القطاع العام,خدمة إلكترونية,2026/06/25,"37,794,029"
الخدمات الرقمية,عام,القطاع العام,خدمة إلكترونية,2026/06/25,"37,784,996"
الخدمات الرقمية,عام,القطاع العام,خدمة إلكترونية,2026/06/25,"37,797,464"
الخدمات الرقمية,عام,القطاع العام,خدمة إلكترونية,2026/06/25,"37,801,450"
الخدمات الرقمية,عام,القطاع العام,خدمة إلكترونية,2026/06/25,"37,793,512"
الخدمات الرقمية,عام,القطاع العام,خدمة إلكترونية,2026/06/25,"37,789,804"
الخدمات الرقمية,عام,القطاع العام,خدمة إلكترونية,2026/06/25,"37,796,462"
الخدمات الرقمية,عام,القطاع العام,خدمة إلكترونية,2026/06/25,"37,775,983"
الخدمات الرقمية,عام,القطاع العام,خدمة إلكترونية,2026/06/25,"37,793,566"
الخدمات الرقمية,عام,القطاع العام,خدمة إلكترونية,2026/06/25,"37,793,388"
الخدمات الرقمية,عام,القطاع العام,خدمة إلكترونية,2026/06/25,"37,794,540"
الخدمات الرقمية,عام,القطاع العام,خدمة إلكترونية,2026/06/25,"37,798,994"
الخدمات الرقمية,عام,القطاع العام,خدمة إلكترونية,2026/06/25,"37,797,311"
الخدمات الرقمية,عام,القطاع العام,خدمة إلكترونية,2026/06/25,"37,795,230"
الخدمات الرقمية,عام,القطاع العام,خدمة إلكترونية,2026/06/25,"37,796,111"
الخدمات الرقمية,عام,القطاع العام,خدمة إلكترونية,2026/06/25,"37,795,534"
الخدمات الرقمية,عام,القطاع العام,خدمة إلكترونية,2026/06/25,"37,796,726"
الخدمات الرقمية,عام,القطاع العام,خدمة إلكترونية,2026/06/25,"37,792,282"
الخدمات الرقمية,عام,القطاع العام,خدمة إلكترونية,2026/06/25,"37,795,582"
الخدمات الرقمية,عام,القطاع العام,خدمة إلكترونية,2026/06/25,"37,793,335"
الخدمات الرقمية,عام,القطاع العام,خدمة إلكترونية,2026/06/25,"37,787,673"
الخدمات الرقمية,عام,القطاع العام,خدمة إلكترونية,2026/06/25,"37,790,645"
الخدمات الرقمية,عام,القطاع العام,خدمة إلكترونية,2026/06/25,"37,782,225"
الخدمات الرقمية,عام,القطاع العام,خدمة إلكترونية,2026/06/25,"37,782,556"
الخدمات الرقمية,عام,القطاع العام,خدمة إلكترونية,2026/06/25,"37,791,821"
الخدمات الرقمية,عام,القطاع العام,خدمة إلكترونية,2026/06/25,"37,790,972"
الخدمات الرقمية,عام,القطاع العام,خدمة إلكترونية,2026/06/25,"37,782,480"
الخدمات الرقمية,عام,القطاع العام,خدمة إلكترونية,2026/06/25,"37,792,254"
الخدمات الرقمية,عام,القطاع العام,خدمة إلكترونية,2026/06/25,"37,791,644"
الخدمات الرقمية,عام,القطاع العام,خدمة إلكترونية,2026/06/25,"37,794,638"
الخدمات الرقمية,عام,القطاع العام,خدمة إلكترونية,2026/06/25,"37,787,155"
الخدمات الرقمية,عام,القطاع العام,خدمة إلكترونية,2026/06/25,"37,782,061"
الخدمات الرقمية,عام,القطاع العام,خدمة إلكترونية,2026/06/25,"37,794,016"
الخدمات الرقمية,عام,القطاع العام,خدمة إلكترونية,2026/06/25,"37,790,261"
الخدمات الرقمية,عام,القطاع العام,خدمة إلكترونية,2026/06/25,"37,790,542"
الخدمات الرقمية,عام,القطاع العام,خدمة إلكترونية,2026/06/25,"37,783,942"
الخدمات الرقمية,عام,القطاع العام,خدمة إلكترونية,2026/06/25,"37,790,316"
الخدمات الرقمية,عام,القطاع العام,خدمة إلكترونية,2026/06/25,"37,785,434"
الخدمات الرقمية,عام,القطاع العام,خدمة إلكترونية,2026/06/25,"37,791,916"
الخدمات الرقمية,عام,القطاع العام,خدمة إلكترونية,2026/06/25,"37,790,275"
الخدمات الرقمية,عام,القطاع العام,خدمة إلكترونية,2026/06/25,"37,786,093"
الخدمات الرقمية,عام,القطاع العام,خدمة إلكترونية,2026/06/25,"37,785,008"
الخدمات الرقمية,عام,القطاع العام,خدمة إلكترونية,2026/06/26,"37,802,608"
الخدمات الرقمية,عام,القطاع العام,خدمة إلكترونية,2026/06/26,"37,810,155"
الخدمات الرقمية,عام,القطاع العام,خدمة إلكترونية,2026/06/27,"37,820,800"
 مكة المكرمه,جده,القطاع الخاص,خدمة إلكترونية جزئيا,2026/06/27,"37,820,347"
 مكة المكرمه,جده,القطاع الخاص,خدمة إلكترونية جزئيا,2026/06/27,"37,821,065"
 مكة المكرمه,جده,القطاع الخاص,خدمة إلكترونية جزئيا,2026/06/27,"37,820,120"
 مكة المكرمه,جده,القطاع الخاص,خدمة إلكترونية جزئيا,2026/06/27,"37,821,127"
 مكة المكرمه,جده,القطاع الخاص,خدمة إلكترونية جزئيا,2026/06/27,"37,821,380"
 مكة المكرمه,جده,القطاع الخاص,خدمة إلكترونية جزئيا,2026/06/27,"37,820,804"
 مكة المكرمه,جده,القطاع الخاص,خدمة إلكترونية جزئيا,2026/06/27,"37,823,538"
 مكة المكرمه,جده,القطاع الخاص,خدمة إلكترونية جزئيا,2026/06/27,"37,820,210"
 مكة المكرمه,جده,القطاع الخاص,خدمة إلكترونية جزئيا,2026/06/27,"37,820,459"
 مكة المكرمه,جده,القطاع الخاص,خدمة إلكترونية جزئيا,2026/06/27,"37,821,201"
 مكة المكرمه,جده,القطاع الخاص,خدمة إلكترونية جزئيا,2026/06/27,"37,820,270"
 مكة المكرمه,جده,القطاع الخاص,خدمة إلكترونية جزئيا,2026/06/27,"37,820,412"
 مكة المكرمه,جده,القطاع الخاص,خدمة إلكترونية جزئيا,2026/06/27,"37,820,986"
 نجران,نجران,القطاع الخاص,خدمة إلكترونية جزئيا,2026/06/27,"37,818,341"
 مكة المكرمه,جده,القطاع الخاص,خدمة إلكترونية جزئيا,2026/06/27,"37,820,888"
 الشرقية,حفر الباطن,القطاع الخاص,خدمة إلكترونية جزئيا,2026/06/27,"37,821,453"
 مكة المكرمه,جده,القطاع الخاص,خدمة إلكترونية جزئيا,2026/06/27,"37,823,721"
 مكة المكرمه,جده,القطاع الخاص,خدمة إلكترونية جزئيا,2026/06/27,"37,823,832"
 نجران,نجران,القطاع الخاص,خدمة إلكترونية جزئيا,2026/06/27,"37,818,358"
 الشرقية,حفر الباطن,القطاع الخاص,خدمة إلكترونية جزئيا,2026/06/27,"37,820,859"
 الشرقية,حفر الباطن,القطاع الخاص,خدمة إلكترونية جزئيا,2026/06/27,"37,821,548"
الخدمات الرقمية,عام,القطاع العام,خدمة إلكترونية,2026/06/27,"37,819,149"
الخدمات الرقمية,عام,القطاع العام,خدمة إلكترونية,2026/06/27,"37,819,074"
الخدمات الرقمية,عام,القطاع العام,خدمة إلكترونية,2026/06/27,"37,819,481"
الخدمات الرقمية,عام,القطاع العام,خدمة إلكترونية,2026/06/27,"37,822,676"
الخدمات الرقمية,عام,القطاع العام,خدمة إلكترونية,2026/06/27,"37,820,777"
الخدمات الرقمية,عام,القطاع العام,خدمة إلكترونية,2026/06/27,"37,822,398"
الخدمات الرقمية,عام,القطاع العام,خدمة إلكترونية,2026/06/27,"37,822,256"
الخدمات الرقمية,عام,القطاع العام,خدمة إلكترونية,2026/06/28,"37,825,811"
الخدمات الرقمية,عام,القطاع العام,خدمة إلكترونية,2026/06/28,"37,826,014"
 مكة المكرمه,مكة المكرمة,القطاع الخاص,خدمة إلكترونية جزئيا,2026/06/28,"37,830,448"
 الرياض,الرياض,القطاع الخاص,خدمة إلكترونية جزئيا,2026/06/28,"37,829,945"
 القصيم,بريده,القطاع الخاص,خدمة إلكترونية جزئيا,2026/06/28,"37,839,218"
 الشرقية,الدمام,القطاع الخاص,خدمة إلكترونية جزئيا,2026/06/28,"37,829,975"
 حائل,حائل,القطاع الخاص,خدمة إلكترونية جزئيا,2026/06/28,"37,830,038"
 مكة المكرمه,مكة المكرمة,القطاع الخاص,خدمة إلكترونية جزئيا,2026/06/28,"37,832,852"
 مكة المكرمه,مكة المكرمة,القطاع الخاص,خدمة إلكترونية جزئيا,2026/06/28,"37,835,123"
 مكة المكرمه,مكة المكرمة,القطاع الخاص,خدمة إلكترونية جزئيا,2026/06/28,"37,832,790"
 مكة المكرمه,مكة المكرمة,القطاع الخاص,خدمة إلكترونية جزئيا,2026/06/28,"37,840,695"
 مكة المكرمه,مكة المكرمة,القطاع الخاص,خدمة إلكترونية جزئيا,2026/06/28,"37,840,919"
 مكة المكرمه,مكة المكرمة,القطاع الخاص,خدمة إلكترونية جزئيا,2026/06/28,"37,841,076"
 مكة المكرمه,مكة المكرمة,القطاع الخاص,خدمة إلكترونية جزئيا,2026/06/28,"37,841,223"
 مكة المكرمه,مكة المكرمة,القطاع الخاص,خدمة إلكترونية جزئيا,2026/06/28,"37,836,558"
 مكة المكرمه,جده,القطاع الخاص,خدمة إلكترونية جزئيا,2026/06/28,"37,824,574"
 مكة المكرمه,جده,القطاع الخاص,خدمة إلكترونية جزئيا,2026/06/28,"37,824,613"
 مكة المكرمه,جده,القطاع الخاص,خدمة إلكترونية جزئيا,2026/06/28,"37,824,578"
 الرياض,الرياض,القطاع الخاص,خدمة إلكترونية جزئيا,2026/06/28,"37,832,031"
 الرياض,الرياض,القطاع الخاص,خدمة إلكترونية جزئيا,2026/06/28,"37,832,509"
 عسير,بيشه,القطاع الخاص,خدمة إلكترونية جزئيا,2026/06/28,"37,830,102"
 عسير,بيشه,القطاع الخاص,خدمة إلكترونية جزئيا,2026/06/28,"37,830,424"
 عسير,بيشه,القطاع الخاص,خدمة إلكترونية جزئيا,2026/06/28,"37,830,292"
 مكة المكرمه,جده,القطاع الخاص,خدمة إلكترونية جزئيا,2026/06/28,"37,823,941"
 مكة المكرمه,جده,القطاع الخاص,خدمة إلكترونية جزئيا,2026/06/28,"37,824,164"
 مكة المكرمه,جده,القطاع الخاص,خدمة إلكترونية جزئيا,2026/06/28,"37,824,564"
 مكة المكرمه,جده,القطاع الخاص,خدمة إلكترونية جزئيا,2026/06/28,"37,839,295"
 الرياض,الرياض,القطاع الخاص,خدمة إلكترونية جزئيا,2026/06/28,"37,832,710"
 الرياض,الرياض,القطاع الخاص,خدمة إلكترونية جزئيا,2026/06/28,"37,837,327"
 مكة المكرمه,جده,القطاع الخاص,خدمة إلكترونية جزئيا,2026/06/28,"37,841,361"
 مكة المكرمه,جده,القطاع الخاص,خدمة إلكترونية جزئيا,2026/06/28,"37,841,626"
 مكة المكرمه,جده,القطاع الخاص,خدمة إلكترونية جزئيا,2026/06/28,"37,841,410"
 مكة المكرمه,جده,القطاع الخاص,خدمة إلكترونية جزئيا,2026/06/28,"37,841,489"
 مكة المكرمه,جده,القطاع الخاص,خدمة إلكترونية جزئيا,2026/06/28,"37,842,195"
 مكة المكرمه,جده,القطاع الخاص,خدمة إلكترونية جزئيا,2026/06/28,"37,842,273"
الخدمات الرقمية,كتابة عدل مدمجة - افتراضية,القطاع العام,خدمة إلكترونية جزئيا,2026/06/28,"37,835,291"
 الرياض,الرياض,القطاع الخاص,خدمة إلكترونية جزئيا,2026/06/28,"37,830,074"
 الشرقية,الدمام,القطاع الخاص,خدمة إلكترونية جزئيا,2026/06/28,"37,830,076"
 مكة المكرمه,مكة المكرمة,القطاع الخاص,خدمة إلكترونية جزئيا,2026/06/28,"37,830,780"
 حائل,حائل,القطاع الخاص,خدمة إلكترونية جزئيا,2026/06/28,"37,830,282"
 مكة المكرمه,مكة المكرمة,القطاع الخاص,خدمة إلكترونية جزئيا,2026/06/28,"37,832,903"
 مكة المكرمه,مكة المكرمة,القطاع الخاص,خدمة إلكترونية جزئيا,2026/06/28,"37,841,309"
 مكة المكرمه,مكة المكرمة,القطاع الخاص,خدمة إلكترونية جزئيا,2026/06/28,"37,836,684"
 مكة المكرمه,مكة المكرمة,القطاع الخاص,خدمة إلكترونية جزئيا,2026/06/28,"37,840,844"
 عسير,بيشه,القطاع الخاص,خدمة إلكترونية جزئيا,2026/06/28,"37,830,466"
 تبوك,تبوك,القطاع الخاص,خدمة إلكترونية جزئيا,2026/06/28,"37,834,973"
 الرياض,الرياض,القطاع الخاص,خدمة إلكترونية جزئيا,2026/06/28,"37,837,510"
 مكة المكرمه,مكة المكرمة,القطاع الخاص,خدمة إلكترونية جزئيا,2026/06/28,"37,835,240"
 القصيم,بريده,القطاع الخاص,خدمة إلكترونية جزئيا,2026/06/28,"37,839,358"
 الرياض,الرياض,القطاع الخاص,خدمة إلكترونية جزئيا,2026/06/28,"37,832,875"
الخدمات الرقمية,عام,القطاع العام,خدمة إلكترونية,2026/06/28,"37,830,029"
الخدمات الرقمية,عام,القطاع العام,خدمة إلكترونية,2026/06/28,"37,833,834"
الخدمات الرقمية,عام,القطاع العام,خدمة إلكترونية,2026/06/28,"37,832,479"
الخدمات الرقمية,عام,القطاع العام,خدمة إلكترونية,2026/06/28,"37,833,015"
الخدمات الرقمية,عام,القطاع العام,خدمة إلكترونية,2026/06/28,"37,831,898"
الخدمات الرقمية,عام,القطاع العام,خدمة إلكترونية,2026/06/28,"37,833,845"
الخدمات الرقمية,عام,القطاع العام,خدمة إلكترونية,2026/06/28,"37,833,905"
الخدمات الرقمية,عام,القطاع العام,خدمة إلكترونية,2026/06/28,"37,835,242"
الخدمات الرقمية,عام,القطاع العام,خدمة إلكترونية,2026/06/28,"37,833,646"
الخدمات الرقمية,عام,القطاع العام,خدمة إلكترونية,2026/06/28,"37,836,529"
الخدمات الرقمية,عام,القطاع العام,خدمة إلكترونية,2026/06/28,"37,828,730"
الخدمات الرقمية,عام,القطاع العام,خدمة إلكترونية,2026/06/28,"37,833,689"
الخدمات الرقمية,عام,القطاع العام,خدمة إلكترونية,2026/06/28,"37,834,167"
الخدمات الرقمية,عام,القطاع العام,خدمة إلكترونية,2026/06/28,"37,837,014"
الخدمات الرقمية,عام,القطاع العام,خدمة إلكترونية,2026/06/28,"37,838,852"
الخدمات الرقمية,عام,القطاع العام,خدمة إلكترونية,2026/06/28,"37,835,397"
الخدمات الرقمية,عام,القطاع العام,خدمة إلكترونية,2026/06/28,"37,838,433"
الخدمات الرقمية,عام,القطاع العام,خدمة إلكترونية,2026/06/28,"37,840,125"
الخدمات الرقمية,عام,القطاع العام,خدمة إلكترونية,2026/06/28,"37,835,569"
الخدمات الرقمية,عام,القطاع العام,خدمة إلكترونية,2026/06/28,"37,838,112"
الخدمات الرقمية,عام,القطاع العام,خدمة إلكترونية,2026/06/28,"37,833,746"
الخدمات الرقمية,عام,القطاع العام,خدمة إلكترونية,2026/06/28,"37,840,068"
الخدمات الرقمية,عام,القطاع العام,خدمة إلكترونية,2026/06/28,"37,837,573"
الخدمات الرقمية,عام,القطاع العام,خدمة إلكترونية,2026/06/28,"37,834,352"
الخدمات الرقمية,عام,القطاع العام,خدمة إلكترونية,2026/06/28,"37,835,901"
الخدمات الرقمية,عام,القطاع العام,خدمة إلكترونية,2026/06/28,"37,835,851"
الخدمات الرقمية,عام,القطاع العام,خدمة إلكترونية,2026/06/28,"37,842,155"
الخدمات الرقمية,عام,القطاع العام,خدمة إلكترونية,2026/06/28,"37,839,052"
الخدمات الرقمية,عام,القطاع العام,خدمة إلكترونية,2026/06/28,"37,833,805"
الخدمات الرقمية,عام,القطاع العام,خدمة إلكترونية,2026/06/28,"37,835,593"
الخدمات الرقمية,عام,القطاع العام,خدمة إلكترونية,2026/06/28,"37,833,307"
الخدمات الرقمية,عام,القطاع العام,خدمة إلكترونية,2026/06/28,"37,835,754"
الخدمات الرقمية,عام,القطاع العام,خدمة إلكترونية,2026/06/28,"37,838,624"
الخدمات الرقمية,عام,القطاع العام,خدمة إلكترونية,2026/06/28,"37,832,096"
الخدمات الرقمية,عام,القطاع العام,خدمة إلكترونية,2026/06/28,"37,838,757"
الخدمات الرقمية,عام,القطاع العام,خدمة إلكترونية,2026/06/28,"37,842,080"
الخدمات الرقمية,عام,القطاع العام,خدمة إلكترونية,2026/06/28,"37,835,194"
الخدمات الرقمية,عام,القطاع العام,خدمة إلكترونية,2026/06/28,"37,835,435"
الخدمات الرقمية,عام,القطاع العام,خدمة إلكترونية,2026/06/28,"37,836,186"
الخدمات الرقمية,عام,القطاع العام,خدمة إلكترونية,2026/06/28,"37,836,253"
الخدمات الرقمية,عام,القطاع العام,خدمة إلكترونية,2026/06/28,"37,836,016"
الخدمات الرقمية,عام,القطاع العام,خدمة إلكترونية,2026/06/28,"37,839,591"
الخدمات الرقمية,عام,القطاع العام,خدمة إلكترونية,2026/06/28,"37,839,832"
الخدمات الرقمية,عام,القطاع العام,خدمة إلكترونية,2026/06/28,"37,834,987"
الخدمات الرقمية,عام,القطاع العام,خدمة إلكترونية,2026/06/28,"37,838,053"
الخدمات الرقمية,عام,القطاع العام,خدمة إلكترونية,2026/06/28,"37,836,837"
الخدمات الرقمية,عام,القطاع العام,خدمة إلكترونية,2026/06/28,"37,835,084"
الخدمات الرقمية,عام,القطاع العام,خدمة إلكترونية,2026/06/28,"37,833,924"
الخدمات الرقمية,عام,القطاع العام,خدمة إلكترونية,2026/06/28,"37,838,432"
الخدمات الرقمية,عام,القطاع العام,خدمة إلكترونية,2026/06/28,"37,840,852"
الخدمات الرقمية,عام,القطاع العام,خدمة إلكترونية,2026/06/28,"37,836,622"
الخدمات الرقمية,عام,القطاع العام,خدمة إلكترونية,2026/06/28,"37,831,300"
الخدمات الرقمية,عام,القطاع العام,خدمة إلكترونية,2026/06/28,"37,833,550"
الخدمات الرقمية,عام,القطاع العام,خدمة إلكترونية,2026/06/28,"37,837,451"
الخدمات الرقمية,عام,القطاع العام,خدمة إلكترونية,2026/06/28,"37,843,279"
الخدمات الرقمية,عام,القطاع العام,خدمة إلكترونية,2026/06/28,"37,834,326"
الخدمات الرقمية,عام,القطاع العام,خدمة إلكترونية,2026/06/28,"37,844,034"
الخدمات الرقمية,عام,القطاع العام,خدمة إلكترونية,2026/06/28,"37,843,266"
الخدمات الرقمية,عام,القطاع العام,خدمة إلكترونية,2026/06/28,"37,830,882"
الخدمات الرقمية,عام,القطاع العام,خدمة إلكترونية,2026/06/28,"37,832,279"
الخدمات الرقمية,عام,القطاع العام,خدمة إلكترونية,2026/06/28,"37,832,625"
الخدمات الرقمية,عام,القطاع العام,خدمة إلكترونية,2026/06/28,"37,836,883"
الخدمات الرقمية,عام,القطاع العام,خدمة إلكترونية,2026/06/28,"37,838,698"
الخدمات الرقمية,عام,القطاع العام,خدمة إلكترونية,2026/06/28,"37,836,865"
الخدمات الرقمية,عام,القطاع العام,خدمة إلكترونية,2026/06/28,"37,835,215"
الخدمات الرقمية,عام,القطاع العام,خدمة إلكترونية,2026/06/28,"37,836,390"
الخدمات الرقمية,عام,القطاع العام,خدمة إلكترونية,2026/06/28,"37,832,994"
الخدمات الرقمية,عام,القطاع العام,خدمة إلكترونية,2026/06/28,"37,834,300"
الخدمات الرقمية,عام,القطاع العام,خدمة إلكترونية,2026/06/28,"37,834,060"
الخدمات الرقمية,عام,القطاع العام,خدمة إلكترونية,2026/06/28,"37,833,021"
الخدمات الرقمية,عام,القطاع العام,خدمة إلكترونية,2026/06/28,"37,830,685"
الخدمات الرقمية,عام,القطاع العام,خدمة إلكترونية,2026/06/28,"37,836,317"
 الرياض,الرياض,القطاع الخاص,خدمة إلكترونية جزئيا,2026/06/29,"37,850,831"
 الرياض,الرياض,القطاع الخاص,خدمة إلكترونية جزئيا,2026/06/29,"37,855,424"
 الرياض,الرياض,القطاع الخاص,خدمة إلكترونية جزئيا,2026/06/29,"37,854,310"
 الرياض,الرياض,القطاع الخاص,خدمة إلكترونية جزئيا,2026/06/29,"37,862,133"
 حائل,حائل,القطاع الخاص,خدمة إلكترونية جزئيا,2026/06/29,"37,854,004"
 حائل,حائل,القطاع الخاص,خدمة إلكترونية جزئيا,2026/06/29,"37,854,577"
 حائل,حائل,القطاع الخاص,خدمة إلكترونية جزئيا,2026/06/29,"37,856,086"
 حائل,حائل,القطاع الخاص,خدمة إلكترونية جزئيا,2026/06/29,"37,855,881"
 حائل,حائل,القطاع الخاص,خدمة إلكترونية جزئيا,2026/06/29,"37,863,711"
 الشرقية,الخبر,القطاع الخاص,خدمة إلكترونية جزئيا,2026/06/29,"37,858,908"
 مكة المكرمه,مكة المكرمة,القطاع الخاص,خدمة إلكترونية جزئيا,2026/06/29,"37,850,404"
 مكة المكرمه,مكة المكرمة,القطاع الخاص,خدمة إلكترونية جزئيا,2026/06/29,"37,869,197"
 مكة المكرمه,مكة المكرمة,القطاع الخاص,خدمة إلكترونية جزئيا,2026/06/29,"37,870,160"
 مكة المكرمه,مكة المكرمة,القطاع الخاص,خدمة إلكترونية جزئيا,2026/06/29,"37,869,932"
 الرياض,الرياض,القطاع الخاص,خدمة إلكترونية جزئيا,2026/06/29,"37,859,253"
 الرياض,الرياض,القطاع الخاص,خدمة إلكترونية جزئيا,2026/06/29,"37,864,115"
 الرياض,الرياض,القطاع الخاص,خدمة إلكترونية جزئيا,2026/06/29,"37,863,674"
 الرياض,الرياض,القطاع الخاص,خدمة إلكترونية جزئيا,2026/06/29,"37,864,229"
 القصيم,بريده,القطاع الخاص,خدمة إلكترونية جزئيا,2026/06/29,"37,867,306"
 مكة المكرمه,مكة المكرمة,القطاع الخاص,خدمة إلكترونية جزئيا,2026/06/29,"37,861,369"
 مكة المكرمه,مكة المكرمة,القطاع الخاص,خدمة إلكترونية جزئيا,2026/06/29,"37,869,504"
 مكة المكرمه,مكة المكرمة,القطاع الخاص,خدمة إلكترونية جزئيا,2026/06/29,"37,869,563"
 مكة المكرمه,مكة المكرمة,القطاع الخاص,خدمة إلكترونية جزئيا,2026/06/29,"37,869,150"
 الرياض,الرياض,القطاع الخاص,خدمة إلكترونية جزئيا,2026/06/29,"37,850,394"
 الرياض,الرياض,القطاع الخاص,خدمة إلكترونية جزئيا,2026/06/29,"37,852,213"
 الرياض,الرياض,القطاع الخاص,خدمة إلكترونية جزئيا,2026/06/29,"37,856,074"
 مكة المكرمه,جده,القطاع الخاص,خدمة إلكترونية جزئيا,2026/06/29,"37,853,956"
 مكة المكرمه,جده,القطاع الخاص,خدمة إلكترونية جزئيا,2026/06/29,"37,873,229"
 مكة المكرمه,الطائف,القطاع الخاص,خدمة إلكترونية جزئيا,2026/06/29,"37,849,134"
 مكة المكرمه,جده,القطاع الخاص,خدمة إلكترونية جزئيا,2026/06/29,"37,859,698"
 مكة المكرمه,مكة المكرمة,القطاع الخاص,خدمة إلكترونية جزئيا,2026/06/29,"37,872,509"
الخدمات الرقمية,عام,القطاع العام,خدمة إلكترونية,2026/06/29,"37,860,249"
الخدمات الرقمية,عام,القطاع العام,خدمة إلكترونية,2026/06/29,"37,854,315"
 الرياض,الرياض,القطاع الخاص,خدمة إلكترونية جزئيا,2026/06/29,"37,851,401"
 الرياض,الرياض,القطاع الخاص,خدمة إلكترونية جزئيا,2026/06/29,"37,862,303"
 حائل,حائل,القطاع الخاص,خدمة إلكترونية جزئيا,2026/06/29,"37,865,136"
 مكة المكرمه,مكة المكرمة,القطاع الخاص,خدمة إلكترونية جزئيا,2026/06/29,"37,850,916"
 مكة المكرمه,مكة المكرمة,القطاع الخاص,خدمة إلكترونية جزئيا,2026/06/29,"37,869,376"
 مكة المكرمه,مكة المكرمة,القطاع الخاص,خدمة إلكترونية جزئيا,2026/06/29,"37,870,061"
 القصيم,بريده,القطاع الخاص,خدمة إلكترونية جزئيا,2026/06/29,"37,867,719"
 الرياض,الرياض,القطاع الخاص,خدمة إلكترونية جزئيا,2026/06/29,"37,850,774"
 الرياض,الرياض,القطاع الخاص,خدمة إلكترونية جزئيا,2026/06/29,"37,857,848"
 مكة المكرمه,مكة المكرمة,القطاع الخاص,خدمة إلكترونية جزئيا,2026/06/29,"37,869,609"
 مكة المكرمه,مكة المكرمة,القطاع الخاص,خدمة إلكترونية جزئيا,2026/06/29,"37,858,704"
 مكة المكرمه,مكة المكرمة,القطاع الخاص,خدمة إلكترونية جزئيا,2026/06/29,"37,869,527"
 الرياض,الرياض,القطاع الخاص,خدمة إلكترونية جزئيا,2026/06/29,"37,864,389"
 مكة المكرمه,مكة المكرمة,القطاع الخاص,خدمة إلكترونية جزئيا,2026/06/29,"37,869,236"
 مكة المكرمه,مكة المكرمة,القطاع الخاص,خدمة إلكترونية جزئيا,2026/06/29,"37,861,748"
 مكة المكرمه,الطائف,القطاع الخاص,خدمة إلكترونية جزئيا,2026/06/29,"37,849,243"
 مكة المكرمه,جده,القطاع الخاص,خدمة إلكترونية جزئيا,2026/06/29,"37,873,549"
 مكة المكرمه,مكة المكرمة,القطاع الخاص,خدمة إلكترونية جزئيا,2026/06/29,"37,870,241"
 مكة المكرمه,مكة المكرمة,القطاع الخاص,خدمة إلكترونية جزئيا,2026/06/29,"37,872,627"
الخدمات الرقمية,عام,القطاع العام,خدمة إلكترونية,2026/06/29,"37,846,593"
الخدمات الرقمية,عام,القطاع العام,خدمة إلكترونية,2026/06/29,"37,847,077"
الخدمات الرقمية,عام,القطاع العام,خدمة إلكترونية,2026/06/29,"37,849,614"
الخدمات الرقمية,عام,القطاع العام,خدمة إلكترونية,2026/06/29,"37,853,881"
الخدمات الرقمية,عام,القطاع العام,خدمة إلكترونية,2026/06/29,"37,859,459"
الخدمات الرقمية,عام,القطاع العام,خدمة إلكترونية,2026/06/29,"37,864,425"
الخدمات الرقمية,عام,القطاع العام,خدمة إلكترونية,2026/06/29,"37,863,062"
الخدمات الرقمية,عام,القطاع العام,خدمة إلكترونية,2026/06/29,"37,863,535"
الخدمات الرقمية,عام,القطاع العام,خدمة إلكترونية,2026/06/29,"37,858,629"
الخدمات الرقمية,عام,القطاع العام,خدمة إلكترونية,2026/06/29,"37,860,320"
الخدمات الرقمية,عام,القطاع العام,خدمة إلكترونية,2026/06/29,"37,861,562"
الخدمات الرقمية,عام,القطاع العام,خدمة إلكترونية,2026/06/29,"37,866,691"
الخدمات الرقمية,عام,القطاع العام,خدمة إلكترونية,2026/06/29,"37,864,411"
الخدمات الرقمية,عام,القطاع العام,خدمة إلكترونية,2026/06/29,"37,861,120"
الخدمات الرقمية,عام,القطاع العام,خدمة إلكترونية,2026/06/29,"37,863,868"
الخدمات الرقمية,عام,القطاع العام,خدمة إلكترونية,2026/06/29,"37,861,855"
الخدمات الرقمية,عام,القطاع العام,خدمة إلكترونية,2026/06/29,"37,863,798"
الخدمات الرقمية,عام,القطاع العام,خدمة إلكترونية,2026/06/29,"37,869,324"
الخدمات الرقمية,عام,القطاع العام,خدمة إلكترونية,2026/06/29,"37,861,371"
الخدمات الرقمية,عام,القطاع العام,خدمة إلكترونية,2026/06/29,"37,857,587"
الخدمات الرقمية,عام,القطاع العام,خدمة إلكترونية,2026/06/29,"37,871,325"
الخدمات الرقمية,عام,القطاع العام,خدمة إلكترونية,2026/06/29,"37,862,443"
الخدمات الرقمية,عام,القطاع العام,خدمة إلكترونية,2026/06/29,"37,854,248"
الخدمات الرقمية,عام,القطاع العام,خدمة إلكترونية,2026/06/29,"37,863,762"
الخدمات الرقمية,عام,القطاع العام,خدمة إلكترونية,2026/06/29,"37,864,181"
الخدمات الرقمية,عام,القطاع العام,خدمة إلكترونية,2026/06/29,"37,862,302"
الخدمات الرقمية,عام,القطاع العام,خدمة إلكترونية,2026/06/29,"37,861,472"
الخدمات الرقمية,عام,القطاع العام,خدمة إلكترونية,2026/06/29,"37,862,120"
الخدمات الرقمية,عام,القطاع العام,خدمة إلكترونية,2026/06/29,"37,873,368"
الخدمات الرقمية,عام,القطاع العام,خدمة إلكترونية,2026/06/29,"37,873,214"
الخدمات الرقمية,عام,القطاع العام,خدمة إلكترونية,2026/06/29,"37,851,577"
الخدمات الرقمية,عام,القطاع العام,خدمة إلكترونية,2026/06/29,"37,852,584"
الخدمات الرقمية,عام,القطاع العام,خدمة إلكترونية,2026/06/29,"37,854,588"
الخدمات الرقمية,عام,القطاع العام,خدمة إلكترونية,2026/06/29,"37,854,729"
الخدمات الرقمية,عام,القطاع العام,خدمة إلكترونية,2026/06/29,"37,850,847"
الخدمات الرقمية,عام,القطاع العام,خدمة إلكترونية,2026/06/29,"37,859,418"
الخدمات الرقمية,عام,القطاع العام,خدمة إلكترونية,2026/06/29,"37,858,703"
الخدمات الرقمية,عام,القطاع العام,خدمة إلكترونية,2026/06/29,"37,858,372"
الخدمات الرقمية,عام,القطاع العام,خدمة إلكترونية,2026/06/29,"37,870,555"
الخدمات الرقمية,عام,القطاع العام,خدمة إلكترونية,2026/06/29,"37,862,983"
الخدمات الرقمية,عام,القطاع العام,خدمة إلكترونية,2026/06/29,"37,863,390"
الخدمات الرقمية,عام,القطاع العام,خدمة إلكترونية,2026/06/29,"37,863,475"
الخدمات الرقمية,عام,القطاع العام,خدمة إلكترونية,2026/06/29,"37,854,857"
الخدمات الرقمية,عام,القطاع العام,خدمة إلكترونية,2026/06/29,"37,863,264"
الخدمات الرقمية,عام,القطاع العام,خدمة إلكترونية,2026/06/29,"37,863,640"
الخدمات الرقمية,عام,القطاع العام,خدمة إلكترونية,2026/06/29,"37,861,161"
الخدمات الرقمية,عام,القطاع العام,خدمة إلكترونية,2026/06/29,"37,863,803"
الخدمات الرقمية,عام,القطاع العام,خدمة إلكترونية,2026/06/29,"37,869,621"
الخدمات الرقمية,عام,القطاع العام,خدمة إلكترونية,2026/06/29,"37,870,509"
الخدمات الرقمية,عام,القطاع العام,خدمة إلكترونية,2026/06/29,"37,869,784"
الخدمات الرقمية,عام,القطاع العام,خدمة إلكترونية,2026/06/29,"37,858,625"
الخدمات الرقمية,عام,القطاع العام,خدمة إلكترونية,2026/06/29,"37,869,496"
الخدمات الرقمية,عام,القطاع العام,خدمة إلكترونية,2026/06/29,"37,869,561"
الخدمات الرقمية,عام,القطاع العام,خدمة إلكترونية,2026/06/29,"37,870,530"
الخدمات الرقمية,عام,القطاع العام,خدمة إلكترونية,2026/06/29,"37,862,858"
الخدمات الرقمية,عام,القطاع العام,خدمة إلكترونية,2026/06/29,"37,870,586"
الخدمات الرقمية,عام,القطاع العام,خدمة إلكترونية,2026/06/29,"37,870,170"
الخدمات الرقمية,عام,القطاع العام,خدمة إلكترونية,2026/06/29,"37,870,467"
الخدمات الرقمية,عام,القطاع العام,خدمة إلكترونية,2026/06/29,"37,862,057"
الخدمات الرقمية,عام,القطاع العام,خدمة إلكترونية,2026/06/29,"37,869,505"
الخدمات الرقمية,عام,القطاع العام,خدمة إلكترونية,2026/06/29,"37,852,341"
الخدمات الرقمية,عام,القطاع العام,خدمة إلكترونية,2026/06/29,"37,870,485"
الخدمات الرقمية,عام,القطاع العام,خدمة إلكترونية,2026/06/29,"37,863,796"
الخدمات الرقمية,عام,القطاع العام,خدمة إلكترونية,2026/06/29,"37,862,316"
الخدمات الرقمية,عام,القطاع العام,خدمة إلكترونية,2026/06/29,"37,863,680"
الخدمات الرقمية,عام,القطاع العام,خدمة إلكترونية,2026/06/29,"37,861,666"
الخدمات الرقمية,عام,القطاع العام,خدمة إلكترونية,2026/06/29,"37,863,023"
الخدمات الرقمية,عام,القطاع العام,خدمة إلكترونية,2026/06/29,"37,863,959"
الخدمات الرقمية,عام,القطاع العام,خدمة إلكترونية,2026/06/29,"37,864,357"
الخدمات الرقمية,عام,القطاع العام,خدمة إلكترونية,2026/06/29,"37,863,647"
الخدمات الرقمية,عام,القطاع العام,خدمة إلكترونية,2026/06/29,"37,863,580"
الخدمات الرقمية,عام,القطاع العام,خدمة إلكترونية,2026/06/29,"37,869,694"
الخدمات الرقمية,عام,القطاع العام,خدمة إلكترونية,2026/06/29,"37,870,326"
الخدمات الرقمية,عام,القطاع العام,خدمة إلكترونية,2026/06/29,"37,860,033"
الخدمات الرقمية,عام,القطاع العام,خدمة إلكترونية,2026/06/29,"37,869,578"
الخدمات الرقمية,عام,القطاع العام,خدمة إلكترونية,2026/06/29,"37,870,264"
الخدمات الرقمية,عام,القطاع العام,خدمة إلكترونية,2026/06/29,"37,870,274"
 الرياض,الرياض,القطاع الخاص,خدمة إلكترونية جزئيا,2026/06/30,"37,901,340"
 المدينة المنوره,المدينة المنورة,القطاع الخاص,خدمة إلكترونية جزئيا,2026/06/30,"37,899,486"
 المدينة المنوره,المدينة المنورة,القطاع الخاص,خدمة إلكترونية جزئيا,2026/06/30,"37,899,920"
 المدينة المنوره,المدينة المنورة,القطاع الخاص,خدمة إلكترونية جزئيا,2026/06/30,"37,901,046"
 المدينة المنوره,المدينة المنورة,القطاع الخاص,خدمة إلكترونية جزئيا,2026/06/30,"37,899,115"
 المدينة المنوره,المدينة المنورة,القطاع الخاص,خدمة إلكترونية جزئيا,2026/06/30,"37,900,187"
 المدينة المنوره,المدينة المنورة,القطاع الخاص,خدمة إلكترونية جزئيا,2026/06/30,"37,899,694"
 المدينة المنوره,المدينة المنورة,القطاع الخاص,خدمة إلكترونية جزئيا,2026/06/30,"37,898,863"
 المدينة المنوره,المدينة المنورة,القطاع الخاص,خدمة إلكترونية جزئيا,2026/06/30,"37,899,543"
 المدينة المنوره,المدينة المنورة,القطاع الخاص,خدمة إلكترونية جزئيا,2026/06/30,"37,900,835"
 المدينة المنوره,المدينة المنورة,القطاع الخاص,خدمة إلكترونية جزئيا,2026/06/30,"37,898,886"
 حائل,حائل,القطاع الخاص,خدمة إلكترونية جزئيا,2026/06/30,"37,898,548"
 حائل,حائل,القطاع الخاص,خدمة إلكترونية جزئيا,2026/06/30,"37,899,015"
 حائل,حائل,القطاع الخاص,خدمة إلكترونية جزئيا,2026/06/30,"37,885,794"
 حائل,حائل,القطاع الخاص,خدمة إلكترونية جزئيا,2026/06/30,"37,893,241"
 حائل,حائل,القطاع الخاص,خدمة إلكترونية جزئيا,2026/06/30,"37,893,114"
 حائل,حائل,القطاع الخاص,خدمة إلكترونية جزئيا,2026/06/30,"37,893,720"
 حائل,حائل,القطاع الخاص,خدمة إلكترونية جزئيا,2026/06/30,"37,893,842"
 الرياض,الرياض,القطاع الخاص,خدمة إلكترونية جزئيا,2026/06/30,"37,880,995"
 عسير,ابها,القطاع الخاص,خدمة إلكترونية جزئيا,2026/06/30,"37,882,141"
 الرياض,الرياض,القطاع الخاص,خدمة إلكترونية جزئيا,2026/06/30,"37,880,763"
 الرياض,الرياض,القطاع الخاص,خدمة إلكترونية جزئيا,2026/06/30,"37,886,104"
 الرياض,الرياض,القطاع الخاص,خدمة إلكترونية جزئيا,2026/06/30,"37,883,496"
 الرياض,الرياض,القطاع الخاص,خدمة إلكترونية جزئيا,2026/06/30,"37,890,496"
 الرياض,الرياض,القطاع الخاص,خدمة إلكترونية جزئيا,2026/06/30,"37,884,705"
 القصيم,بريده,القطاع الخاص,خدمة إلكترونية جزئيا,2026/06/30,"37,902,501"
 القصيم,بريده,القطاع الخاص,خدمة إلكترونية جزئيا,2026/06/30,"37,901,752"
 القصيم,بريده,القطاع الخاص,خدمة إلكترونية جزئيا,2026/06/30,"37,902,666"
 القصيم,بريده,القطاع الخاص,خدمة إلكترونية جزئيا,2026/06/30,"37,901,376"
 القصيم,بريده,القطاع الخاص,خدمة إلكترونية جزئيا,2026/06/30,"37,901,999"
 الشرقية,الدمام,القطاع الخاص,خدمة إلكترونية جزئيا,2026/06/30,"37,882,282"
 الشرقية,الدمام,القطاع الخاص,خدمة إلكترونية جزئيا,2026/06/30,"37,884,121"
 الشرقية,الدمام,القطاع الخاص,خدمة إلكترونية جزئيا,2026/06/30,"37,884,076"
 الشرقية,الدمام,القطاع الخاص,خدمة إلكترونية جزئيا,2026/06/30,"37,881,555"
 الرياض,الرياض,القطاع الخاص,خدمة إلكترونية جزئيا,2026/06/30,"37,881,216"
 مكة المكرمه,جده,القطاع الخاص,خدمة إلكترونية جزئيا,2026/06/30,"37,900,803"
 مكة المكرمه,جده,القطاع الخاص,خدمة إلكترونية جزئيا,2026/06/30,"37,898,692"
 مكة المكرمه,جده,القطاع الخاص,خدمة إلكترونية جزئيا,2026/06/30,"37,898,451"
 مكة المكرمه,جده,القطاع الخاص,خدمة إلكترونية جزئيا,2026/06/30,"37,900,093"
 مكة المكرمه,جده,القطاع الخاص,خدمة إلكترونية جزئيا,2026/06/30,"37,902,495"
 مكة المكرمه,جده,القطاع الخاص,خدمة إلكترونية جزئيا,2026/06/30,"37,887,822"
 حائل,حائل,القطاع الخاص,خدمة إلكترونية جزئيا,2026/06/30,"37,896,985"
 مكة المكرمه,جده,القطاع الخاص,خدمة إلكترونية جزئيا,2026/06/30,"37,902,473"
 مكة المكرمه,جده,القطاع الخاص,خدمة إلكترونية جزئيا,2026/06/30,"37,900,917"
 مكة المكرمه,جده,القطاع الخاص,خدمة إلكترونية جزئيا,2026/06/30,"37,902,571"
 الرياض,الخرج,القطاع الخاص,خدمة إلكترونية جزئيا,2026/06/30,"37,894,367"
 الرياض,الخرج,القطاع الخاص,خدمة إلكترونية جزئيا,2026/06/30,"37,894,821"
 الرياض,الخرج,القطاع الخاص,خدمة إلكترونية جزئيا,2026/06/30,"37,894,481"
 الرياض,الخرج,القطاع الخاص,خدمة إلكترونية جزئيا,2026/06/30,"37,893,841"
 الرياض,الرياض,القطاع الخاص,خدمة إلكترونية جزئيا,2026/06/30,"37,886,823"
 الرياض,الرياض,القطاع الخاص,خدمة إلكترونية جزئيا,2026/06/30,"37,888,495"
 الرياض,الرياض,القطاع الخاص,خدمة إلكترونية جزئيا,2026/06/30,"37,886,822"
 الرياض,الرياض,القطاع الخاص,خدمة إلكترونية جزئيا,2026/06/30,"37,899,907"
 الرياض,الرياض,القطاع الخاص,خدمة إلكترونية جزئيا,2026/06/30,"37,901,239"
 الرياض,الرياض,القطاع الخاص,خدمة إلكترونية جزئيا,2026/06/30,"37,900,429"
 الرياض,الرياض,القطاع الخاص,خدمة إلكترونية جزئيا,2026/06/30,"37,900,830"
 الرياض,الرياض,القطاع الخاص,خدمة إلكترونية جزئيا,2026/06/30,"37,899,620"
 الرياض,الرياض,القطاع الخاص,خدمة إلكترونية جزئيا,2026/06/30,"37,900,721"
 الشرقية,الاحساء,القطاع الخاص,خدمة إلكترونية جزئيا,2026/06/30,"37,883,679"
 الشرقية,الاحساء,القطاع الخاص,خدمة إلكترونية جزئيا,2026/06/30,"37,884,942"
 الحدود الشمالية,عرعر,القطاع الخاص,خدمة إلكترونية جزئيا,2026/06/30,"37,899,309"
 الحدود الشمالية,عرعر,القطاع الخاص,خدمة إلكترونية جزئيا,2026/06/30,"37,901,045"
 الحدود الشمالية,عرعر,القطاع الخاص,خدمة إلكترونية جزئيا,2026/06/30,"37,901,170"
 الحدود الشمالية,عرعر,القطاع الخاص,خدمة إلكترونية جزئيا,2026/06/30,"37,899,143"
 الحدود الشمالية,عرعر,القطاع الخاص,خدمة إلكترونية جزئيا,2026/06/30,"37,899,976"
 الحدود الشمالية,عرعر,القطاع الخاص,خدمة إلكترونية جزئيا,2026/06/30,"37,900,439"
 الحدود الشمالية,عرعر,القطاع الخاص,خدمة إلكترونية جزئيا,2026/06/30,"37,899,446"
 الحدود الشمالية,عرعر,القطاع الخاص,خدمة إلكترونية جزئيا,2026/06/30,"37,898,684"
 الحدود الشمالية,عرعر,القطاع الخاص,خدمة إلكترونية جزئيا,2026/06/30,"37,898,908"
 الحدود الشمالية,عرعر,القطاع الخاص,خدمة إلكترونية جزئيا,2026/06/30,"37,900,614"
 الحدود الشمالية,عرعر,القطاع الخاص,خدمة إلكترونية جزئيا,2026/06/30,"37,894,963"
 الحدود الشمالية,عرعر,القطاع الخاص,خدمة إلكترونية جزئيا,2026/06/30,"37,894,879"
 الشرقية,الخبر,القطاع الخاص,خدمة إلكترونية جزئيا,2026/06/30,"37,894,606"
 الشرقية,الخبر,القطاع الخاص,خدمة إلكترونية جزئيا,2026/06/30,"37,894,176"
 الشرقية,الخبر,القطاع الخاص,خدمة إلكترونية جزئيا,2026/06/30,"37,894,315"
 القصيم,بريده,القطاع الخاص,خدمة إلكترونية جزئيا,2026/06/30,"37,899,735"
 القصيم,بريده,القطاع الخاص,خدمة إلكترونية جزئيا,2026/06/30,"37,889,659"
 مكة المكرمه,جده,القطاع الخاص,خدمة إلكترونية جزئيا,2026/06/30,"37,888,524"
 مكة المكرمه,جده,القطاع الخاص,خدمة إلكترونية جزئيا,2026/06/30,"37,895,359"
 مكة المكرمه,جده,القطاع الخاص,خدمة إلكترونية جزئيا,2026/06/30,"37,896,582"
 مكة المكرمه,جده,القطاع الخاص,خدمة إلكترونية جزئيا,2026/06/30,"37,896,206"
 مكة المكرمه,جده,القطاع الخاص,خدمة إلكترونية جزئيا,2026/06/30,"37,896,991"
 مكة المكرمه,جده,القطاع الخاص,خدمة إلكترونية جزئيا,2026/06/30,"37,895,191"
 الحدود الشمالية,عرعر,القطاع الخاص,خدمة إلكترونية جزئيا,2026/06/30,"37,895,358"
 الحدود الشمالية,عرعر,القطاع الخاص,خدمة إلكترونية جزئيا,2026/06/30,"37,895,307"
 الحدود الشمالية,عرعر,القطاع الخاص,خدمة إلكترونية جزئيا,2026/06/30,"37,897,545"
 عسير,ابها,القطاع الخاص,خدمة إلكترونية جزئيا,2026/06/30,"37,882,516"
 القصيم,بريده,القطاع الخاص,خدمة إلكترونية جزئيا,2026/06/30,"37,902,797"
 المدينة المنوره,المدينة المنورة,القطاع الخاص,خدمة إلكترونية جزئيا,2026/06/30,"37,900,961"
 المدينة المنوره,المدينة المنورة,القطاع الخاص,خدمة إلكترونية جزئيا,2026/06/30,"37,899,748"
 المدينة المنوره,المدينة المنورة,القطاع الخاص,خدمة إلكترونية جزئيا,2026/06/30,"37,901,115"
 الرياض,الرياض,القطاع الخاص,خدمة إلكترونية جزئيا,2026/06/30,"37,881,076"
 الرياض,الرياض,القطاع الخاص,خدمة إلكترونية جزئيا,2026/06/30,"37,883,856"
 حائل,حائل,القطاع الخاص,خدمة إلكترونية جزئيا,2026/06/30,"37,897,145"
 مكة المكرمه,جده,القطاع الخاص,خدمة إلكترونية جزئيا,2026/06/30,"37,900,648"
 الرياض,الخرج,القطاع الخاص,خدمة إلكترونية جزئيا,2026/06/30,"37,894,958"
 القصيم,بريده,القطاع الخاص,خدمة إلكترونية جزئيا,2026/06/30,"37,901,825"
 الشرقية,الدمام,القطاع الخاص,خدمة إلكترونية جزئيا,2026/06/30,"37,882,311"
 الحدود الشمالية,عرعر,القطاع الخاص,خدمة إلكترونية جزئيا,2026/06/30,"37,901,263"
 الحدود الشمالية,عرعر,القطاع الخاص,خدمة إلكترونية جزئيا,2026/06/30,"37,900,672"
 الشرقية,الخبر,القطاع الخاص,خدمة إلكترونية جزئيا,2026/06/30,"37,894,822"
 القصيم,بريده,القطاع الخاص,خدمة إلكترونية جزئيا,2026/06/30,"37,899,953"
 مكة المكرمه,جده,القطاع الخاص,خدمة إلكترونية جزئيا,2026/06/30,"37,902,660"
الخدمات الرقمية,عام,القطاع العام,خدمة إلكترونية,2026/06/30,"37,898,479"
الخدمات الرقمية,عام,القطاع العام,خدمة إلكترونية,2026/06/30,"37,901,623"
الخدمات الرقمية,عام,القطاع العام,خدمة إلكترونية,2026/06/30,"37,899,133"
الخدمات الرقمية,عام,القطاع العام,خدمة إلكترونية,2026/06/30,"37,898,130"
الخدمات الرقمية,عام,القطاع العام,خدمة إلكترونية,2026/06/30,"37,898,531"
الخدمات الرقمية,عام,القطاع العام,خدمة إلكترونية,2026/06/30,"37,899,501"
الخدمات الرقمية,عام,القطاع العام,خدمة إلكترونية,2026/06/30,"37,903,452"
الخدمات الرقمية,عام,القطاع العام,خدمة إلكترونية,2026/06/30,"37,898,523"
الخدمات الرقمية,عام,القطاع العام,خدمة إلكترونية,2026/06/30,"37,898,646"
الخدمات الرقمية,عام,القطاع العام,خدمة إلكترونية,2026/06/30,"37,897,974"
الخدمات الرقمية,عام,القطاع العام,خدمة إلكترونية,2026/06/30,"37,902,477"
الخدمات الرقمية,عام,القطاع العام,خدمة إلكترونية,2026/06/30,"37,902,939"
الخدمات الرقمية,عام,القطاع العام,خدمة إلكترونية,2026/06/30,"37,899,358"
الخدمات الرقمية,عام,القطاع العام,خدمة إلكترونية,2026/06/30,"37,902,918"
الخدمات الرقمية,عام,القطاع العام,خدمة إلكترونية,2026/06/30,"37,898,630"
الخدمات الرقمية,عام,القطاع العام,خدمة إلكترونية,2026/06/30,"37,899,190"
الخدمات الرقمية,عام,القطاع العام,خدمة إلكترونية,2026/06/30,"37,899,633"
الخدمات الرقمية,عام,القطاع العام,خدمة إلكترونية,2026/06/30,"37,899,008"
الخدمات الرقمية,عام,القطاع العام,خدمة إلكترونية,2026/06/30,"37,900,967"
الخدمات الرقمية,عام,القطاع العام,خدمة إلكترونية,2026/06/30,"37,898,543"
الخدمات الرقمية,عام,القطاع العام,خدمة إلكترونية,2026/06/30,"37,898,605"
الخدمات الرقمية,عام,القطاع العام,خدمة إلكترونية,2026/06/30,"37,900,227"
الخدمات الرقمية,عام,القطاع العام,خدمة إلكترونية,2026/06/30,"37,899,602"
الخدمات الرقمية,عام,القطاع العام,خدمة إلكترونية,2026/06/30,"37,903,293"
الخدمات الرقمية,عام,القطاع العام,خدمة إلكترونية,2026/06/30,"37,902,638"
الخدمات الرقمية,عام,القطاع العام,خدمة إلكترونية,2026/06/30,"37,898,916"
الخدمات الرقمية,عام,القطاع العام,خدمة إلكترونية,2026/06/30,"37,899,998"
الخدمات الرقمية,عام,القطاع العام,خدمة إلكترونية,2026/06/30,"37,903,673"
الخدمات الرقمية,عام,القطاع العام,خدمة إلكترونية,2026/06/30,"37,898,759"
الخدمات الرقمية,عام,القطاع العام,خدمة إلكترونية,2026/06/30,"37,898,503"
الخدمات الرقمية,عام,القطاع العام,خدمة إلكترونية,2026/06/30,"37,902,898"
الخدمات الرقمية,عام,القطاع العام,خدمة إلكترونية,2026/06/30,"37,902,675"
الخدمات الرقمية,عام,القطاع العام,خدمة إلكترونية,2026/06/30,"37,890,647"
الخدمات الرقمية,عام,القطاع العام,خدمة إلكترونية,2026/06/30,"37,895,217"
الخدمات الرقمية,عام,القطاع العام,خدمة إلكترونية,2026/06/30,"37,889,690"
الخدمات الرقمية,عام,القطاع العام,خدمة إلكترونية,2026/06/30,"37,886,844"
الخدمات الرقمية,عام,القطاع العام,خدمة إلكترونية,2026/06/30,"37,877,529"
الخدمات الرقمية,عام,القطاع العام,خدمة إلكترونية,2026/06/30,"37,889,063"
الخدمات الرقمية,عام,القطاع العام,خدمة إلكترونية,2026/06/30,"37,883,088"
الخدمات الرقمية,عام,القطاع العام,خدمة إلكترونية,2026/06/30,"37,902,472"
الخدمات الرقمية,عام,القطاع العام,خدمة إلكترونية,2026/06/30,"37,903,173"
الخدمات الرقمية,عام,القطاع العام,خدمة إلكترونية,2026/06/30,"37,882,888"
الخدمات الرقمية,عام,القطاع العام,خدمة إلكترونية,2026/06/30,"37,879,359"
الخدمات الرقمية,عام,القطاع العام,خدمة إلكترونية,2026/06/30,"37,882,887"
الخدمات الرقمية,عام,القطاع العام,خدمة إلكترونية,2026/06/30,"37,884,222"
الخدمات الرقمية,عام,القطاع العام,خدمة إلكترونية,2026/06/30,"37,885,496"
الخدمات الرقمية,عام,القطاع العام,خدمة إلكترونية,2026/06/30,"37,885,543"
الخدمات الرقمية,عام,القطاع العام,خدمة إلكترونية,2026/06/30,"37,882,646"
الخدمات الرقمية,عام,القطاع العام,خدمة إلكترونية,2026/06/30,"37,891,627"
الخدمات الرقمية,عام,القطاع العام,خدمة إلكترونية,2026/06/30,"37,891,677"
الخدمات الرقمية,عام,القطاع العام,خدمة إلكترونية,2026/06/30,"37,892,573"
الخدمات الرقمية,عام,القطاع العام,خدمة إلكترونية,2026/06/30,"37,894,856"
الخدمات الرقمية,عام,القطاع العام,خدمة إلكترونية,2026/06/30,"37,897,001"
الخدمات الرقمية,عام,القطاع العام,خدمة إلكترونية,2026/06/30,"37,888,726"
الخدمات الرقمية,عام,القطاع العام,خدمة إلكترونية,2026/06/30,"37,890,266"
الخدمات الرقمية,عام,القطاع العام,خدمة إلكترونية,2026/06/30,"37,890,148"
الخدمات الرقمية,عام,القطاع العام,خدمة إلكترونية,2026/06/30,"37,896,905"
الخدمات الرقمية,عام,القطاع العام,خدمة إلكترونية,2026/06/30,"37,890,158"
الخدمات الرقمية,عام,القطاع العام,خدمة إلكترونية,2026/06/30,"37,890,352"
الخدمات الرقمية,عام,القطاع العام,خدمة إلكترونية,2026/06/30,"37,891,900"
الخدمات الرقمية,عام,القطاع العام,خدمة إلكترونية,2026/06/30,"37,891,864"
الخدمات الرقمية,عام,القطاع العام,خدمة إلكترونية,2026/06/30,"37,896,807"
الخدمات الرقمية,عام,القطاع العام,خدمة إلكترونية,2026/06/30,"37,880,698"
الخدمات الرقمية,عام,القطاع العام,خدمة إلكترونية,2026/06/30,"37,891,765"
الخدمات الرقمية,عام,القطاع العام,خدمة إلكترونية,2026/06/30,"37,889,959"
الخدمات الرقمية,عام,القطاع العام,خدمة إلكترونية,2026/06/30,"37,891,544"
الخدمات الرقمية,عام,القطاع العام,خدمة إلكترونية,2026/06/30,"37,885,285"
الخدمات الرقمية,عام,القطاع العام,خدمة إلكترونية,2026/06/30,"37,890,968"
الخدمات الرقمية,عام,القطاع العام,خدمة إلكترونية,2026/06/30,"37,897,284"
الخدمات الرقمية,عام,القطاع العام,خدمة إلكترونية,2026/06/30,"37,883,500"
الخدمات الرقمية,عام,القطاع العام,خدمة إلكترونية,2026/06/30,"37,890,198"
الخدمات الرقمية,عام,القطاع العام,خدمة إلكترونية,2026/06/30,"37,897,159"
الخدمات الرقمية,عام,القطاع العام,خدمة إلكترونية,2026/06/30,"37,885,427"
الخدمات الرقمية,عام,القطاع العام,خدمة إلكترونية,2026/06/30,"37,890,128"
الخدمات الرقمية,عام,القطاع العام,خدمة إلكترونية,2026/06/30,"37,892,708"
الخدمات الرقمية,عام,القطاع العام,خدمة إلكترونية,2026/06/30,"37,894,573"
الخدمات الرقمية,عام,القطاع العام,خدمة إلكترونية,2026/06/30,"37,897,131"
الخدمات الرقمية,عام,القطاع العام,خدمة إلكترونية,2026/06/30,"37,890,038"
الخدمات الرقمية,عام,القطاع العام,خدمة إلكترونية,2026/06/30,"37,892,157"
الخدمات الرقمية,عام,القطاع العام,خدمة إلكترونية,2026/06/30,"37,897,082"
الخدمات الرقمية,عام,القطاع العام,خدمة إلكترونية,2026/06/30,"37,886,789"
الخدمات الرقمية,عام,القطاع العام,خدمة إلكترونية,2026/06/30,"37,897,273"
الخدمات الرقمية,عام,القطاع العام,خدمة إلكترونية,2026/06/30,"37,896,725"
الخدمات الرقمية,عام,القطاع العام,خدمة إلكترونية,2026/06/30,"37,890,466"
الخدمات الرقمية,عام,القطاع العام,خدمة إلكترونية,2026/06/30,"37,897,390"
الخدمات الرقمية,عام,القطاع العام,خدمة إلكترونية,2026/06/30,"37,890,298"
الخدمات الرقمية,عام,القطاع العام,خدمة إلكترونية,2026/06/30,"37,897,467"
,,,,,
