المنطقة,المدينة,نوع القطاع,نوع الخدمة,التاريخ ميلادي,الرقم المرجعي
 عسير,ابها,القطاع الخاص,خدمة إلكترونية جزئيا,2026/04/01,"35,979,139"
 تبوك,تيماء,القطاع الخاص,خدمة إلكترونية جزئيا,2026/04/01,"35,982,052"
 جازان,جيزان,القطاع الخاص,خدمة إلكترونية جزئيا,2026/04/01,"35,976,608"
 تبوك,تيماء,القطاع الخاص,خدمة إلكترونية جزئيا,2026/04/01,"35,980,052"
 عسير,ابها,القطاع الخاص,خدمة إلكترونية جزئيا,2026/04/01,"35,979,244"
 مكة المكرمه,جده,القطاع الخاص,خدمة إلكترونية جزئيا,2026/04/01,"35,975,400"
 مكة المكرمه,جده,القطاع الخاص,خدمة إلكترونية جزئيا,2026/04/01,"35,978,982"
 جازان,جيزان,القطاع الخاص,خدمة إلكترونية جزئيا,2026/04/01,"35,980,399"
 مكة المكرمه,الطائف,القطاع الخاص,خدمة إلكترونية جزئيا,2026/04/01,"35,978,957"
الخدمات الرقمية,عام,القطاع العام,خدمة إلكترونية,2026/04/01,"35,977,613"
الخدمات الرقمية,عام,القطاع العام,خدمة إلكترونية,2026/04/01,"35,974,233"
الخدمات الرقمية,عام,القطاع العام,خدمة إلكترونية,2026/04/01,"35,970,386"
الخدمات الرقمية,عام,القطاع العام,خدمة إلكترونية,2026/04/01,"35,972,639"
الخدمات الرقمية,عام,القطاع العام,خدمة إلكترونية,2026/04/01,"35,970,674"
الخدمات الرقمية,عام,القطاع العام,خدمة إلكترونية,2026/04/01,"35,973,753"
الخدمات الرقمية,عام,القطاع العام,خدمة إلكترونية,2026/04/01,"35,977,006"
الخدمات الرقمية,عام,القطاع العام,خدمة إلكترونية,2026/04/01,"35,971,546"
الخدمات الرقمية,عام,القطاع العام,خدمة إلكترونية,2026/04/01,"35,982,279"
الخدمات الرقمية,عام,القطاع العام,خدمة إلكترونية,2026/04/01,"35,974,232"
الخدمات الرقمية,عام,القطاع العام,خدمة إلكترونية,2026/04/01,"35,982,904"
الخدمات الرقمية,عام,القطاع العام,خدمة إلكترونية,2026/04/01,"35,982,960"
الخدمات الرقمية,عام,القطاع العام,خدمة إلكترونية,2026/04/01,"35,984,129"
الخدمات الرقمية,عام,القطاع العام,خدمة إلكترونية,2026/04/01,"35,982,585"
الخدمات الرقمية,عام,القطاع العام,خدمة إلكترونية,2026/04/01,"35,981,810"
الخدمات الرقمية,عام,القطاع العام,خدمة إلكترونية,2026/04/01,"35,980,212"
الخدمات الرقمية,عام,القطاع العام,خدمة إلكترونية,2026/04/01,"35,972,723"
الخدمات الرقمية,عام,القطاع العام,خدمة إلكترونية,2026/04/01,"35,973,476"
الخدمات الرقمية,عام,القطاع العام,خدمة إلكترونية,2026/04/01,"35,984,925"
الخدمات الرقمية,عام,القطاع العام,خدمة إلكترونية,2026/04/01,"35,973,063"
الخدمات الرقمية,عام,القطاع العام,خدمة إلكترونية,2026/04/01,"35,973,726"
الخدمات الرقمية,عام,القطاع العام,خدمة إلكترونية,2026/04/01,"35,972,014"
الخدمات الرقمية,عام,القطاع العام,خدمة إلكترونية,2026/04/01,"35,972,679"
الخدمات الرقمية,عام,القطاع العام,خدمة إلكترونية,2026/04/01,"35,974,041"
الخدمات الرقمية,عام,القطاع العام,خدمة إلكترونية,2026/04/01,"35,980,383"
الخدمات الرقمية,عام,القطاع العام,خدمة إلكترونية,2026/04/01,"35,977,263"
الخدمات الرقمية,عام,القطاع العام,خدمة إلكترونية,2026/04/01,"35,988,198"
الخدمات الرقمية,عام,القطاع العام,خدمة إلكترونية,2026/04/01,"35,984,934"
الخدمات الرقمية,عام,القطاع العام,خدمة إلكترونية,2026/04/01,"35,977,501"
الخدمات الرقمية,عام,القطاع العام,خدمة إلكترونية,2026/04/01,"35,974,082"
الخدمات الرقمية,عام,القطاع العام,خدمة إلكترونية,2026/04/01,"35,980,832"
الخدمات الرقمية,عام,القطاع العام,خدمة إلكترونية,2026/04/01,"35,977,244"
الخدمات الرقمية,عام,القطاع العام,خدمة إلكترونية,2026/04/01,"35,984,378"
الخدمات الرقمية,عام,القطاع العام,خدمة إلكترونية,2026/04/01,"35,980,821"
الخدمات الرقمية,عام,القطاع العام,خدمة إلكترونية,2026/04/01,"35,972,817"
الخدمات الرقمية,عام,القطاع العام,خدمة إلكترونية,2026/04/01,"35,980,302"
الخدمات الرقمية,عام,القطاع العام,خدمة إلكترونية,2026/04/01,"35,979,794"
الخدمات الرقمية,عام,القطاع العام,خدمة إلكترونية,2026/04/01,"35,972,295"
الخدمات الرقمية,عام,القطاع العام,خدمة إلكترونية,2026/04/01,"35,981,109"
الخدمات الرقمية,عام,القطاع العام,خدمة إلكترونية,2026/04/01,"35,974,340"
الخدمات الرقمية,عام,القطاع العام,خدمة إلكترونية,2026/04/01,"35,985,321"
الخدمات الرقمية,عام,القطاع العام,خدمة إلكترونية,2026/04/01,"35,977,066"
الخدمات الرقمية,عام,القطاع العام,خدمة إلكترونية,2026/04/01,"35,982,646"
الخدمات الرقمية,عام,القطاع العام,خدمة إلكترونية,2026/04/01,"35,985,476"
الخدمات الرقمية,عام,القطاع العام,خدمة إلكترونية,2026/04/01,"35,980,165"
الخدمات الرقمية,عام,القطاع العام,خدمة إلكترونية,2026/04/01,"35,978,316"
الخدمات الرقمية,عام,القطاع العام,خدمة إلكترونية,2026/04/01,"35,984,895"
الخدمات الرقمية,عام,القطاع العام,خدمة إلكترونية,2026/04/01,"35,985,319"
الخدمات الرقمية,عام,القطاع العام,خدمة إلكترونية,2026/04/01,"35,972,798"
الخدمات الرقمية,عام,القطاع العام,خدمة إلكترونية,2026/04/01,"35,973,171"
الخدمات الرقمية,عام,القطاع العام,خدمة إلكترونية,2026/04/01,"35,978,317"
الخدمات الرقمية,عام,القطاع العام,خدمة إلكترونية,2026/04/01,"35,975,913"
الخدمات الرقمية,عام,القطاع العام,خدمة إلكترونية,2026/04/01,"35,982,997"
الخدمات الرقمية,عام,القطاع العام,خدمة إلكترونية,2026/04/01,"35,984,047"
الخدمات الرقمية,عام,القطاع العام,خدمة إلكترونية,2026/04/01,"35,984,220"
الخدمات الرقمية,عام,القطاع العام,خدمة إلكترونية,2026/04/01,"35,986,863"
الخدمات الرقمية,عام,القطاع العام,خدمة إلكترونية,2026/04/01,"35,985,715"
الخدمات الرقمية,عام,القطاع العام,خدمة إلكترونية,2026/04/01,"35,979,792"
الخدمات الرقمية,عام,القطاع العام,خدمة إلكترونية,2026/04/01,"35,979,954"
الخدمات الرقمية,عام,القطاع العام,خدمة إلكترونية,2026/04/01,"35,979,592"
الخدمات الرقمية,عام,القطاع العام,خدمة إلكترونية,2026/04/01,"35,979,888"
الخدمات الرقمية,عام,القطاع العام,خدمة إلكترونية,2026/04/01,"35,981,807"
الخدمات الرقمية,عام,القطاع العام,خدمة إلكترونية,2026/04/01,"35,982,523"
الخدمات الرقمية,عام,القطاع العام,خدمة إلكترونية,2026/04/01,"35,979,224"
الخدمات الرقمية,عام,القطاع العام,خدمة إلكترونية,2026/04/01,"35,982,799"
الخدمات الرقمية,عام,القطاع العام,خدمة إلكترونية,2026/04/01,"35,982,946"
الخدمات الرقمية,عام,القطاع العام,خدمة إلكترونية,2026/04/01,"35,979,727"
الخدمات الرقمية,عام,القطاع العام,خدمة إلكترونية,2026/04/01,"35,979,779"
الخدمات الرقمية,عام,القطاع العام,خدمة إلكترونية,2026/04/01,"35,982,852"
الخدمات الرقمية,عام,القطاع العام,خدمة إلكترونية,2026/04/01,"35,982,436"
الخدمات الرقمية,عام,القطاع العام,خدمة إلكترونية,2026/04/01,"35,982,383"
الخدمات الرقمية,عام,القطاع العام,خدمة إلكترونية,2026/04/01,"35,979,010"
الخدمات الرقمية,عام,القطاع العام,خدمة إلكترونية,2026/04/01,"35,981,098"
الخدمات الرقمية,عام,القطاع العام,خدمة إلكترونية,2026/04/01,"35,982,291"
الخدمات الرقمية,عام,القطاع العام,خدمة إلكترونية,2026/04/01,"35,979,663"
الخدمات الرقمية,عام,القطاع العام,خدمة إلكترونية,2026/04/01,"35,979,489"
الخدمات الرقمية,عام,القطاع العام,خدمة إلكترونية,2026/04/01,"35,979,114"
الخدمات الرقمية,عام,القطاع العام,خدمة إلكترونية,2026/04/01,"35,978,853"
الخدمات الرقمية,عام,القطاع العام,خدمة إلكترونية,2026/04/01,"35,979,369"
الخدمات الرقمية,عام,القطاع العام,خدمة إلكترونية,2026/04/01,"35,970,713"
الخدمات الرقمية,عام,القطاع العام,خدمة إلكترونية,2026/04/01,"35,975,866"
الخدمات الرقمية,عام,القطاع العام,خدمة إلكترونية,2026/04/01,"35,977,647"
الخدمات الرقمية,عام,القطاع العام,خدمة إلكترونية,2026/04/01,"35,971,724"
الخدمات الرقمية,عام,القطاع العام,خدمة إلكترونية,2026/04/01,"35,976,132"
الخدمات الرقمية,عام,القطاع العام,خدمة إلكترونية,2026/04/01,"35,977,643"
الخدمات الرقمية,عام,القطاع العام,خدمة إلكترونية,2026/04/01,"35,972,310"
الخدمات الرقمية,عام,القطاع العام,خدمة إلكترونية,2026/04/01,"35,975,863"
الخدمات الرقمية,عام,القطاع العام,خدمة إلكترونية,2026/04/01,"35,973,262"
الخدمات الرقمية,عام,القطاع العام,خدمة إلكترونية,2026/04/01,"35,982,570"
الخدمات الرقمية,عام,القطاع العام,خدمة إلكترونية,2026/04/01,"35,980,334"
الخدمات الرقمية,عام,القطاع العام,خدمة إلكترونية,2026/04/01,"35,981,899"
الخدمات الرقمية,عام,القطاع العام,خدمة إلكترونية,2026/04/01,"35,976,145"
الخدمات الرقمية,عام,القطاع العام,خدمة إلكترونية,2026/04/01,"35,976,770"
الخدمات الرقمية,عام,القطاع العام,خدمة إلكترونية,2026/04/01,"35,982,262"
الخدمات الرقمية,عام,القطاع العام,خدمة إلكترونية,2026/04/01,"35,976,387"
الخدمات الرقمية,عام,القطاع العام,خدمة إلكترونية,2026/04/01,"35,972,544"
الخدمات الرقمية,عام,القطاع العام,خدمة إلكترونية,2026/04/01,"35,980,453"
الخدمات الرقمية,عام,القطاع العام,خدمة إلكترونية,2026/04/01,"35,977,637"
الخدمات الرقمية,عام,القطاع العام,خدمة إلكترونية,2026/04/01,"35,974,712"
الخدمات الرقمية,عام,القطاع العام,خدمة إلكترونية,2026/04/01,"35,974,468"
الخدمات الرقمية,عام,القطاع العام,خدمة إلكترونية,2026/04/01,"35,974,466"
الخدمات الرقمية,عام,القطاع العام,خدمة إلكترونية,2026/04/01,"35,972,641"
الخدمات الرقمية,عام,القطاع العام,خدمة إلكترونية,2026/04/01,"35,970,745"
الخدمات الرقمية,عام,القطاع العام,خدمة إلكترونية,2026/04/01,"35,980,450"
الخدمات الرقمية,عام,القطاع العام,خدمة إلكترونية,2026/04/01,"35,970,787"
الخدمات الرقمية,عام,القطاع العام,خدمة إلكترونية,2026/04/01,"35,974,464"
الخدمات الرقمية,عام,القطاع العام,خدمة إلكترونية,2026/04/01,"35,978,506"
الخدمات الرقمية,عام,القطاع العام,خدمة إلكترونية,2026/04/01,"35,980,463"
الخدمات الرقمية,عام,القطاع العام,خدمة إلكترونية,2026/04/01,"35,977,839"
الخدمات الرقمية,عام,القطاع العام,خدمة إلكترونية,2026/04/01,"35,971,461"
الخدمات الرقمية,عام,القطاع العام,خدمة إلكترونية,2026/04/01,"35,974,713"
الخدمات الرقمية,عام,القطاع العام,خدمة إلكترونية,2026/04/01,"35,978,263"
الخدمات الرقمية,عام,القطاع العام,خدمة إلكترونية,2026/04/01,"35,970,786"
الخدمات الرقمية,عام,القطاع العام,خدمة إلكترونية,2026/04/01,"35,972,308"
الخدمات الرقمية,عام,القطاع العام,خدمة إلكترونية,2026/04/01,"35,970,715"
الخدمات الرقمية,عام,القطاع العام,خدمة إلكترونية,2026/04/01,"35,976,130"
الخدمات الرقمية,عام,القطاع العام,خدمة إلكترونية,2026/04/01,"35,980,336"
الخدمات الرقمية,عام,القطاع العام,خدمة إلكترونية,2026/04/01,"35,974,462"
الخدمات الرقمية,عام,القطاع العام,خدمة إلكترونية,2026/04/01,"35,980,547"
 الرياض,الرياض,القطاع العام,خدمة إلكترونية جزئيا,2026/04/01,"35,973,443"
الخدمات الرقمية,كتابة عدل مدمجة - افتراضية,القطاع العام,خدمة إلكترونية جزئيا,2026/04/02,"35,995,934"
 الشرقية,الدمام,القطاع الخاص,خدمة إلكترونية جزئيا,2026/04/02,"35,995,956"
 الشرقية,الدمام,القطاع الخاص,خدمة إلكترونية جزئيا,2026/04/02,"35,994,751"
 الرياض,الرياض,القطاع الخاص,خدمة إلكترونية جزئيا,2026/04/02,"35,992,611"
 الرياض,الرياض,القطاع الخاص,خدمة إلكترونية جزئيا,2026/04/02,"36,001,439"
 الرياض,الرياض,القطاع الخاص,خدمة إلكترونية جزئيا,2026/04/02,"35,994,135"
 الرياض,الرياض,القطاع الخاص,خدمة إلكترونية جزئيا,2026/04/02,"35,997,928"
 الرياض,الرياض,القطاع الخاص,خدمة إلكترونية جزئيا,2026/04/02,"35,994,432"
 الرياض,الرياض,القطاع الخاص,خدمة إلكترونية جزئيا,2026/04/02,"36,001,469"
 الرياض,الرياض,القطاع الخاص,خدمة إلكترونية جزئيا,2026/04/02,"35,999,248"
 الشرقية,الدمام,القطاع الخاص,خدمة إلكترونية جزئيا,2026/04/02,"35,996,147"
 الرياض,الرياض,القطاع الخاص,خدمة إلكترونية جزئيا,2026/04/02,"35,997,948"
 الرياض,الرياض,القطاع الخاص,خدمة إلكترونية جزئيا,2026/04/02,"35,993,660"
 مكة المكرمه,الطائف,القطاع الخاص,خدمة إلكترونية جزئيا,2026/04/02,"35,996,200"
 الرياض,الرياض,القطاع الخاص,خدمة إلكترونية جزئيا,2026/04/02,"35,994,155"
 الرياض,الرياض,القطاع الخاص,خدمة إلكترونية جزئيا,2026/04/02,"35,993,990"
 الرياض,الرياض,القطاع الخاص,خدمة إلكترونية جزئيا,2026/04/02,"35,995,967"
 الرياض,الرياض,القطاع الخاص,خدمة إلكترونية جزئيا,2026/04/02,"35,992,642"
 الشرقية,الدمام,القطاع الخاص,خدمة إلكترونية جزئيا,2026/04/02,"35,994,886"
 مكة المكرمه,جده,القطاع الخاص,خدمة إلكترونية جزئيا,2026/04/02,"36,001,148"
 مكة المكرمه,جده,القطاع الخاص,خدمة إلكترونية جزئيا,2026/04/02,"35,997,939"
 مكة المكرمه,جده,القطاع الخاص,خدمة إلكترونية جزئيا,2026/04/02,"36,000,992"
 مكة المكرمه,جده,القطاع الخاص,خدمة إلكترونية جزئيا,2026/04/02,"35,998,406"
 مكة المكرمه,جده,القطاع الخاص,خدمة إلكترونية جزئيا,2026/04/02,"35,998,319"
الخدمات الرقمية,عام,القطاع العام,خدمة إلكترونية,2026/04/02,"35,994,171"
الخدمات الرقمية,عام,القطاع العام,خدمة إلكترونية,2026/04/02,"35,996,663"
الخدمات الرقمية,عام,القطاع العام,خدمة إلكترونية,2026/04/02,"35,997,050"
الخدمات الرقمية,عام,القطاع العام,خدمة إلكترونية,2026/04/02,"35,997,217"
الخدمات الرقمية,عام,القطاع العام,خدمة إلكترونية,2026/04/02,"35,994,053"
الخدمات الرقمية,عام,القطاع العام,خدمة إلكترونية,2026/04/02,"35,998,456"
الخدمات الرقمية,عام,القطاع العام,خدمة إلكترونية,2026/04/02,"36,000,035"
الخدمات الرقمية,عام,القطاع العام,خدمة إلكترونية,2026/04/02,"36,001,867"
الخدمات الرقمية,عام,القطاع العام,خدمة إلكترونية,2026/04/02,"36,001,019"
الخدمات الرقمية,عام,القطاع العام,خدمة إلكترونية,2026/04/02,"35,991,340"
الخدمات الرقمية,عام,القطاع العام,خدمة إلكترونية,2026/04/02,"35,994,089"
الخدمات الرقمية,عام,القطاع العام,خدمة إلكترونية,2026/04/02,"36,007,168"
الخدمات الرقمية,عام,القطاع العام,خدمة إلكترونية,2026/04/02,"36,003,807"
الخدمات الرقمية,عام,القطاع العام,خدمة إلكترونية,2026/04/02,"36,002,276"
الخدمات الرقمية,عام,القطاع العام,خدمة إلكترونية,2026/04/02,"36,003,067"
الخدمات الرقمية,عام,القطاع العام,خدمة إلكترونية,2026/04/02,"35,998,798"
الخدمات الرقمية,عام,القطاع العام,خدمة إلكترونية,2026/04/02,"35,991,353"
الخدمات الرقمية,عام,القطاع العام,خدمة إلكترونية,2026/04/02,"35,993,055"
الخدمات الرقمية,عام,القطاع العام,خدمة إلكترونية,2026/04/02,"36,001,204"
الخدمات الرقمية,عام,القطاع العام,خدمة إلكترونية,2026/04/02,"36,005,406"
الخدمات الرقمية,عام,القطاع العام,خدمة إلكترونية,2026/04/02,"36,003,793"
الخدمات الرقمية,عام,القطاع العام,خدمة إلكترونية,2026/04/02,"36,001,278"
الخدمات الرقمية,عام,القطاع العام,خدمة إلكترونية,2026/04/02,"36,003,095"
الخدمات الرقمية,عام,القطاع العام,خدمة إلكترونية,2026/04/02,"36,004,187"
الخدمات الرقمية,عام,القطاع العام,خدمة إلكترونية,2026/04/02,"36,005,704"
الخدمات الرقمية,عام,القطاع العام,خدمة إلكترونية,2026/04/02,"36,001,442"
الخدمات الرقمية,عام,القطاع العام,خدمة إلكترونية,2026/04/02,"36,009,056"
الخدمات الرقمية,عام,القطاع العام,خدمة إلكترونية,2026/04/02,"36,009,034"
الخدمات الرقمية,عام,القطاع العام,خدمة إلكترونية,2026/04/02,"36,009,020"
الخدمات الرقمية,عام,القطاع العام,خدمة إلكترونية,2026/04/02,"36,009,110"
الخدمات الرقمية,عام,القطاع العام,خدمة إلكترونية,2026/04/02,"36,009,161"
الخدمات الرقمية,عام,القطاع العام,خدمة إلكترونية,2026/04/02,"36,003,886"
الخدمات الرقمية,عام,القطاع العام,خدمة إلكترونية,2026/04/02,"36,003,923"
الخدمات الرقمية,عام,القطاع العام,خدمة إلكترونية,2026/04/02,"36,003,927"
الخدمات الرقمية,عام,القطاع العام,خدمة إلكترونية,2026/04/02,"35,991,960"
الخدمات الرقمية,عام,القطاع العام,خدمة إلكترونية,2026/04/02,"35,993,067"
الخدمات الرقمية,عام,القطاع العام,خدمة إلكترونية,2026/04/02,"35,994,579"
الخدمات الرقمية,عام,القطاع العام,خدمة إلكترونية,2026/04/02,"35,995,581"
الخدمات الرقمية,عام,القطاع العام,خدمة إلكترونية,2026/04/02,"35,992,131"
الخدمات الرقمية,عام,القطاع العام,خدمة إلكترونية,2026/04/02,"35,994,105"
الخدمات الرقمية,عام,القطاع العام,خدمة إلكترونية,2026/04/02,"35,998,074"
الخدمات الرقمية,عام,القطاع العام,خدمة إلكترونية,2026/04/02,"35,992,014"
الخدمات الرقمية,عام,القطاع العام,خدمة إلكترونية,2026/04/02,"35,994,585"
الخدمات الرقمية,عام,القطاع العام,خدمة إلكترونية,2026/04/02,"35,995,040"
الخدمات الرقمية,عام,القطاع العام,خدمة إلكترونية,2026/04/02,"35,994,733"
الخدمات الرقمية,عام,القطاع العام,خدمة إلكترونية,2026/04/02,"35,997,199"
الخدمات الرقمية,عام,القطاع العام,خدمة إلكترونية,2026/04/02,"35,994,575"
الخدمات الرقمية,عام,القطاع العام,خدمة إلكترونية,2026/04/02,"35,995,853"
الخدمات الرقمية,عام,القطاع العام,خدمة إلكترونية,2026/04/02,"35,994,258"
الخدمات الرقمية,عام,القطاع العام,خدمة إلكترونية,2026/04/02,"35,991,961"
الخدمات الرقمية,عام,القطاع العام,خدمة إلكترونية,2026/04/02,"35,996,709"
الخدمات الرقمية,عام,القطاع العام,خدمة إلكترونية,2026/04/02,"35,999,913"
الخدمات الرقمية,عام,القطاع العام,خدمة إلكترونية,2026/04/02,"35,996,178"
الخدمات الرقمية,عام,القطاع العام,خدمة إلكترونية,2026/04/02,"35,993,065"
الخدمات الرقمية,عام,القطاع العام,خدمة إلكترونية,2026/04/02,"35,995,014"
الخدمات الرقمية,عام,القطاع العام,خدمة إلكترونية,2026/04/02,"35,994,591"
الخدمات الرقمية,عام,القطاع العام,خدمة إلكترونية,2026/04/02,"35,994,747"
الخدمات الرقمية,عام,القطاع العام,خدمة إلكترونية,2026/04/02,"36,001,783"
الخدمات الرقمية,عام,القطاع العام,خدمة إلكترونية,2026/04/02,"36,002,404"
الخدمات الرقمية,عام,القطاع العام,خدمة إلكترونية,2026/04/02,"35,997,048"
الخدمات الرقمية,عام,القطاع العام,خدمة إلكترونية,2026/04/02,"35,997,841"
الخدمات الرقمية,عام,القطاع العام,خدمة إلكترونية,2026/04/02,"35,999,914"
الخدمات الرقمية,عام,القطاع العام,خدمة إلكترونية,2026/04/02,"35,999,912"
الخدمات الرقمية,عام,القطاع العام,خدمة إلكترونية,2026/04/02,"35,993,989"
الخدمات الرقمية,عام,القطاع العام,خدمة إلكترونية,2026/04/02,"35,992,732"
الخدمات الرقمية,عام,القطاع العام,خدمة إلكترونية,2026/04/02,"35,995,573"
الخدمات الرقمية,عام,القطاع العام,خدمة إلكترونية,2026/04/02,"35,998,344"
الخدمات الرقمية,عام,القطاع العام,خدمة إلكترونية,2026/04/02,"35,997,572"
الخدمات الرقمية,عام,القطاع العام,خدمة إلكترونية,2026/04/02,"35,992,132"
الخدمات الرقمية,عام,القطاع العام,خدمة إلكترونية,2026/04/02,"35,991,937"
الخدمات الرقمية,عام,القطاع العام,خدمة إلكترونية,2026/04/02,"36,000,511"
الخدمات الرقمية,عام,القطاع العام,خدمة إلكترونية,2026/04/02,"35,994,734"
الخدمات الرقمية,عام,القطاع العام,خدمة إلكترونية,2026/04/02,"35,995,656"
الخدمات الرقمية,عام,القطاع العام,خدمة إلكترونية,2026/04/02,"35,992,111"
الخدمات الرقمية,عام,القطاع العام,خدمة إلكترونية,2026/04/02,"35,993,643"
الخدمات الرقمية,عام,القطاع العام,خدمة إلكترونية,2026/04/02,"35,993,646"
الخدمات الرقمية,عام,القطاع العام,خدمة إلكترونية,2026/04/02,"35,991,938"
الخدمات الرقمية,عام,القطاع العام,خدمة إلكترونية,2026/04/02,"35,992,133"
الخدمات الرقمية,عام,القطاع العام,خدمة إلكترونية,2026/04/02,"35,991,939"
الخدمات الرقمية,عام,القطاع العام,خدمة إلكترونية,2026/04/03,"36,017,020"
الخدمات الرقمية,عام,القطاع العام,خدمة إلكترونية,2026/04/03,"36,009,583"
الخدمات الرقمية,عام,القطاع العام,خدمة إلكترونية,2026/04/04,"36,024,027"
الخدمات الرقمية,عام,القطاع العام,خدمة إلكترونية,2026/04/04,"36,029,843"
الخدمات الرقمية,عام,القطاع العام,خدمة إلكترونية,2026/04/04,"36,029,361"
 مكة المكرمه,جده,القطاع الخاص,خدمة إلكترونية جزئيا,2026/04/05,"36,040,112"
 عسير,ابها,القطاع الخاص,خدمة إلكترونية جزئيا,2026/04/05,"36,044,426"
 حائل,حائل,القطاع الخاص,خدمة إلكترونية جزئيا,2026/04/05,"36,042,142"
 الرياض,الرياض,القطاع الخاص,خدمة إلكترونية جزئيا,2026/04/05,"36,040,250"
الخدمات الرقمية,عام,القطاع العام,خدمة إلكترونية,2026/04/05,"36,036,195"
الخدمات الرقمية,عام,القطاع العام,خدمة إلكترونية,2026/04/05,"36,033,872"
الخدمات الرقمية,عام,القطاع العام,خدمة إلكترونية,2026/04/05,"36,036,247"
الخدمات الرقمية,عام,القطاع العام,خدمة إلكترونية,2026/04/05,"36,035,655"
الخدمات الرقمية,عام,القطاع العام,خدمة إلكترونية,2026/04/05,"36,033,336"
الخدمات الرقمية,عام,القطاع العام,خدمة إلكترونية,2026/04/05,"36,035,322"
الخدمات الرقمية,عام,القطاع العام,خدمة إلكترونية,2026/04/05,"36,035,947"
الخدمات الرقمية,عام,القطاع العام,خدمة إلكترونية,2026/04/05,"36,035,527"
الخدمات الرقمية,عام,القطاع العام,خدمة إلكترونية,2026/04/05,"36,035,754"
الخدمات الرقمية,عام,القطاع العام,خدمة إلكترونية,2026/04/05,"36,039,834"
الخدمات الرقمية,عام,القطاع العام,خدمة إلكترونية,2026/04/05,"36,042,616"
الخدمات الرقمية,عام,القطاع العام,خدمة إلكترونية,2026/04/05,"36,040,509"
الخدمات الرقمية,عام,القطاع العام,خدمة إلكترونية,2026/04/05,"36,042,835"
الخدمات الرقمية,عام,القطاع العام,خدمة إلكترونية,2026/04/05,"36,043,820"
الخدمات الرقمية,عام,القطاع العام,خدمة إلكترونية,2026/04/05,"36,042,888"
الخدمات الرقمية,عام,القطاع العام,خدمة إلكترونية,2026/04/05,"36,043,067"
الخدمات الرقمية,عام,القطاع العام,خدمة إلكترونية,2026/04/05,"36,043,178"
الخدمات الرقمية,عام,القطاع العام,خدمة إلكترونية,2026/04/05,"36,039,502"
الخدمات الرقمية,عام,القطاع العام,خدمة إلكترونية,2026/04/05,"36,041,731"
الخدمات الرقمية,عام,القطاع العام,خدمة إلكترونية,2026/04/05,"36,035,266"
الخدمات الرقمية,عام,القطاع العام,خدمة إلكترونية,2026/04/05,"36,043,491"
الخدمات الرقمية,عام,القطاع العام,خدمة إلكترونية,2026/04/05,"36,042,988"
الخدمات الرقمية,عام,القطاع العام,خدمة إلكترونية,2026/04/05,"36,039,019"
الخدمات الرقمية,عام,القطاع العام,خدمة إلكترونية,2026/04/05,"36,044,641"
الخدمات الرقمية,عام,القطاع العام,خدمة إلكترونية,2026/04/05,"36,039,635"
الخدمات الرقمية,عام,القطاع العام,خدمة إلكترونية,2026/04/05,"36,048,597"
الخدمات الرقمية,عام,القطاع العام,خدمة إلكترونية,2026/04/05,"36,049,058"
الخدمات الرقمية,عام,القطاع العام,خدمة إلكترونية,2026/04/05,"36,044,700"
الخدمات الرقمية,عام,القطاع العام,خدمة إلكترونية,2026/04/05,"36,040,111"
الخدمات الرقمية,عام,القطاع العام,خدمة إلكترونية,2026/04/05,"36,043,901"
الخدمات الرقمية,عام,القطاع العام,خدمة إلكترونية,2026/04/05,"36,048,797"
الخدمات الرقمية,عام,القطاع العام,خدمة إلكترونية,2026/04/05,"36,049,523"
الخدمات الرقمية,عام,القطاع العام,خدمة إلكترونية,2026/04/05,"36,043,795"
الخدمات الرقمية,عام,القطاع العام,خدمة إلكترونية,2026/04/05,"36,048,825"
الخدمات الرقمية,عام,القطاع العام,خدمة إلكترونية,2026/04/05,"36,042,730"
الخدمات الرقمية,عام,القطاع العام,خدمة إلكترونية,2026/04/05,"36,037,245"
الخدمات الرقمية,عام,القطاع العام,خدمة إلكترونية,2026/04/05,"36,042,766"
الخدمات الرقمية,عام,القطاع العام,خدمة إلكترونية,2026/04/05,"36,035,885"
الخدمات الرقمية,عام,القطاع العام,خدمة إلكترونية,2026/04/05,"36,048,858"
الخدمات الرقمية,عام,القطاع العام,خدمة إلكترونية,2026/04/05,"36,042,810"
الخدمات الرقمية,عام,القطاع العام,خدمة إلكترونية,2026/04/05,"36,034,207"
الخدمات الرقمية,عام,القطاع العام,خدمة إلكترونية,2026/04/05,"36,035,362"
الخدمات الرقمية,عام,القطاع العام,خدمة إلكترونية,2026/04/05,"36,043,319"
الخدمات الرقمية,عام,القطاع العام,خدمة إلكترونية,2026/04/05,"36,037,960"
الخدمات الرقمية,عام,القطاع العام,خدمة إلكترونية,2026/04/05,"36,042,851"
الخدمات الرقمية,عام,القطاع العام,خدمة إلكترونية,2026/04/05,"36,033,697"
الخدمات الرقمية,عام,القطاع العام,خدمة إلكترونية,2026/04/05,"36,046,348"
الخدمات الرقمية,عام,القطاع العام,خدمة إلكترونية,2026/04/05,"36,042,689"
الخدمات الرقمية,عام,القطاع العام,خدمة إلكترونية,2026/04/05,"36,060,263"
الخدمات الرقمية,عام,القطاع العام,خدمة إلكترونية,2026/04/05,"36,062,135"
الخدمات الرقمية,عام,القطاع العام,خدمة إلكترونية,2026/04/05,"36,052,046"
الخدمات الرقمية,عام,القطاع العام,خدمة إلكترونية,2026/04/05,"36,061,165"
الخدمات الرقمية,عام,القطاع العام,خدمة إلكترونية,2026/04/05,"36,052,387"
الخدمات الرقمية,عام,القطاع العام,خدمة إلكترونية,2026/04/05,"36,061,972"
الخدمات الرقمية,عام,القطاع العام,خدمة إلكترونية,2026/04/05,"36,062,029"
الخدمات الرقمية,عام,القطاع العام,خدمة إلكترونية,2026/04/05,"36,037,998"
الخدمات الرقمية,عام,القطاع العام,خدمة إلكترونية,2026/04/05,"36,036,899"
الخدمات الرقمية,عام,القطاع العام,خدمة إلكترونية,2026/04/05,"36,036,533"
الخدمات الرقمية,عام,القطاع العام,خدمة إلكترونية,2026/04/05,"36,038,366"
الخدمات الرقمية,عام,القطاع العام,خدمة إلكترونية,2026/04/05,"36,035,808"
الخدمات الرقمية,عام,القطاع العام,خدمة إلكترونية,2026/04/05,"36,038,990"
الخدمات الرقمية,عام,القطاع العام,خدمة إلكترونية,2026/04/05,"36,038,798"
الخدمات الرقمية,عام,القطاع العام,خدمة إلكترونية,2026/04/05,"36,036,863"
الخدمات الرقمية,عام,القطاع العام,خدمة إلكترونية,2026/04/05,"36,039,036"
الخدمات الرقمية,عام,القطاع العام,خدمة إلكترونية,2026/04/05,"36,038,913"
الخدمات الرقمية,عام,القطاع العام,خدمة إلكترونية,2026/04/05,"36,037,932"
الخدمات الرقمية,عام,القطاع العام,خدمة إلكترونية,2026/04/05,"36,038,264"
الخدمات الرقمية,عام,القطاع العام,خدمة إلكترونية,2026/04/05,"36,040,483"
الخدمات الرقمية,عام,القطاع العام,خدمة إلكترونية,2026/04/05,"36,038,873"
الخدمات الرقمية,عام,القطاع العام,خدمة إلكترونية,2026/04/05,"36,036,418"
الخدمات الرقمية,عام,القطاع العام,خدمة إلكترونية,2026/04/05,"36,039,152"
الخدمات الرقمية,عام,القطاع العام,خدمة إلكترونية,2026/04/05,"36,041,162"
الخدمات الرقمية,عام,القطاع العام,خدمة إلكترونية,2026/04/05,"36,041,091"
الخدمات الرقمية,عام,القطاع العام,خدمة إلكترونية,2026/04/05,"36,037,766"
الخدمات الرقمية,عام,القطاع العام,خدمة إلكترونية,2026/04/05,"36,040,367"
الخدمات الرقمية,عام,القطاع العام,خدمة إلكترونية,2026/04/05,"36,041,283"
الخدمات الرقمية,عام,القطاع العام,خدمة إلكترونية,2026/04/05,"36,040,765"
الخدمات الرقمية,عام,القطاع العام,خدمة إلكترونية,2026/04/05,"36,036,796"
الخدمات الرقمية,عام,القطاع العام,خدمة إلكترونية,2026/04/05,"36,038,076"
الخدمات الرقمية,عام,القطاع العام,خدمة إلكترونية,2026/04/05,"36,042,920"
الخدمات الرقمية,عام,القطاع العام,خدمة إلكترونية,2026/04/05,"36,041,006"
الخدمات الرقمية,عام,القطاع العام,خدمة إلكترونية,2026/04/05,"36,038,517"
الخدمات الرقمية,عام,القطاع العام,خدمة إلكترونية,2026/04/05,"36,039,277"
الخدمات الرقمية,عام,القطاع العام,خدمة إلكترونية,2026/04/05,"36,044,560"
الخدمات الرقمية,عام,القطاع العام,خدمة إلكترونية,2026/04/05,"36,040,204"
الخدمات الرقمية,عام,القطاع العام,خدمة إلكترونية,2026/04/05,"36,040,442"
الخدمات الرقمية,عام,القطاع العام,خدمة إلكترونية,2026/04/05,"36,036,748"
الخدمات الرقمية,عام,القطاع العام,خدمة إلكترونية,2026/04/05,"36,040,575"
الخدمات الرقمية,عام,القطاع العام,خدمة إلكترونية,2026/04/05,"36,038,766"
الخدمات الرقمية,عام,القطاع العام,خدمة إلكترونية,2026/04/05,"36,038,263"
الخدمات الرقمية,عام,القطاع العام,خدمة إلكترونية,2026/04/05,"36,038,142"
الخدمات الرقمية,عام,القطاع العام,خدمة إلكترونية,2026/04/05,"36,040,306"
الخدمات الرقمية,عام,القطاع العام,خدمة إلكترونية,2026/04/05,"36,039,251"
الخدمات الرقمية,عام,القطاع العام,خدمة إلكترونية,2026/04/05,"36,039,339"
الخدمات الرقمية,عام,القطاع العام,خدمة إلكترونية,2026/04/05,"36,040,512"
الخدمات الرقمية,عام,القطاع العام,خدمة إلكترونية,2026/04/05,"36,034,016"
الخدمات الرقمية,عام,القطاع العام,خدمة إلكترونية,2026/04/05,"36,034,846"
الخدمات الرقمية,عام,القطاع العام,خدمة إلكترونية,2026/04/05,"36,035,023"
الخدمات الرقمية,عام,القطاع العام,خدمة إلكترونية,2026/04/05,"36,035,696"
الخدمات الرقمية,عام,القطاع العام,خدمة إلكترونية,2026/04/05,"36,037,537"
الخدمات الرقمية,عام,القطاع العام,خدمة إلكترونية,2026/04/05,"36,037,431"
الخدمات الرقمية,عام,القطاع العام,خدمة إلكترونية,2026/04/05,"36,038,267"
الخدمات الرقمية,عام,القطاع العام,خدمة إلكترونية,2026/04/05,"36,039,205"
الخدمات الرقمية,عام,القطاع العام,خدمة إلكترونية,2026/04/05,"36,034,847"
الخدمات الرقمية,عام,القطاع العام,خدمة إلكترونية,2026/04/05,"36,034,018"
الخدمات الرقمية,عام,القطاع العام,خدمة إلكترونية,2026/04/05,"36,033,960"
الخدمات الرقمية,عام,القطاع العام,خدمة إلكترونية,2026/04/05,"36,034,013"
الخدمات الرقمية,عام,القطاع العام,خدمة إلكترونية,2026/04/05,"36,038,281"
الخدمات الرقمية,عام,القطاع العام,خدمة إلكترونية,2026/04/05,"36,040,181"
الخدمات الرقمية,عام,القطاع العام,خدمة إلكترونية,2026/04/05,"36,037,583"
الخدمات الرقمية,عام,القطاع العام,خدمة إلكترونية,2026/04/05,"36,041,845"
الخدمات الرقمية,عام,القطاع العام,خدمة إلكترونية,2026/04/05,"36,036,431"
الخدمات الرقمية,عام,القطاع العام,خدمة إلكترونية,2026/04/05,"36,036,251"
الخدمات الرقمية,عام,القطاع العام,خدمة إلكترونية,2026/04/05,"36,034,843"
الخدمات الرقمية,عام,القطاع العام,خدمة إلكترونية,2026/04/05,"36,035,693"
الخدمات الرقمية,عام,القطاع العام,خدمة إلكترونية,2026/04/05,"36,042,719"
الخدمات الرقمية,عام,القطاع العام,خدمة إلكترونية,2026/04/05,"36,035,016"
الخدمات الرقمية,عام,القطاع العام,خدمة إلكترونية,2026/04/05,"36,037,717"
الخدمات الرقمية,عام,القطاع العام,خدمة إلكترونية,2026/04/05,"36,040,162"
الخدمات الرقمية,عام,القطاع العام,خدمة إلكترونية,2026/04/05,"36,044,088"
الخدمات الرقمية,عام,القطاع العام,خدمة إلكترونية,2026/04/05,"36,037,446"
الخدمات الرقمية,عام,القطاع العام,خدمة إلكترونية,2026/04/05,"36,039,662"
الخدمات الرقمية,عام,القطاع العام,خدمة إلكترونية,2026/04/05,"36,043,616"
الخدمات الرقمية,عام,القطاع العام,خدمة إلكترونية,2026/04/05,"36,038,979"
الخدمات الرقمية,عام,القطاع العام,خدمة إلكترونية,2026/04/05,"36,039,358"
الخدمات الرقمية,عام,القطاع العام,خدمة إلكترونية,2026/04/05,"36,039,514"
 عسير,ابها,القطاع الخاص,خدمة إلكترونية جزئيا,2026/04/05,"36,044,649"
 مكة المكرمه,جده,القطاع الخاص,خدمة إلكترونية جزئيا,2026/04/05,"36,040,287"
 الرياض,الرياض,القطاع الخاص,خدمة إلكترونية جزئيا,2026/04/05,"36,040,296"
 حائل,حائل,القطاع الخاص,خدمة إلكترونية جزئيا,2026/04/05,"36,042,333"
 جازان,جيزان,القطاع الخاص,خدمة إلكترونية جزئيا,2026/04/05,"36,062,385"
 الرياض,الرياض,القطاع العام,خدمة إلكترونية جزئيا,2026/04/05,"36,033,593"
الخدمات الرقمية,كتابة عدل مدمجة - افتراضية,القطاع العام,خدمة إلكترونية جزئيا,2026/04/05,"36,034,253"
الخدمات الرقمية,عام,القطاع العام,خدمة إلكترونية,2026/04/06,"36,077,492"
الخدمات الرقمية,عام,القطاع العام,خدمة إلكترونية,2026/04/06,"36,077,511"
الخدمات الرقمية,عام,القطاع العام,خدمة إلكترونية,2026/04/06,"36,077,526"
 مكة المكرمه,مكة المكرمة,القطاع الخاص,خدمة إلكترونية جزئيا,2026/04/06,"36,078,590"
 مكة المكرمه,جده,القطاع الخاص,خدمة إلكترونية جزئيا,2026/04/06,"36,080,359"
 مكة المكرمه,الطائف,القطاع الخاص,خدمة إلكترونية جزئيا,2026/04/06,"36,075,213"
 تبوك,تيماء,القطاع الخاص,خدمة إلكترونية جزئيا,2026/04/06,"36,074,681"
 الشرقية,الدمام,القطاع الخاص,خدمة إلكترونية جزئيا,2026/04/06,"36,071,237"
 الشرقية,الدمام,القطاع الخاص,خدمة إلكترونية جزئيا,2026/04/06,"36,067,555"
 الرياض,الرياض,القطاع الخاص,خدمة إلكترونية جزئيا,2026/04/06,"36,070,919"
 الرياض,الرياض,القطاع الخاص,خدمة إلكترونية جزئيا,2026/04/06,"36,071,540"
 الرياض,الرياض,القطاع الخاص,خدمة إلكترونية جزئيا,2026/04/06,"36,067,719"
 الرياض,الرياض,القطاع الخاص,خدمة إلكترونية جزئيا,2026/04/06,"36,074,225"
 الرياض,الرياض,القطاع الخاص,خدمة إلكترونية جزئيا,2026/04/06,"36,071,592"
 الرياض,الرياض,القطاع الخاص,خدمة إلكترونية جزئيا,2026/04/06,"36,071,007"
 الشرقية,الدمام,القطاع الخاص,خدمة إلكترونية جزئيا,2026/04/06,"36,067,606"
 الرياض,الرياض,القطاع الخاص,خدمة إلكترونية جزئيا,2026/04/06,"36,069,743"
 مكة المكرمه,الطائف,القطاع الخاص,خدمة إلكترونية جزئيا,2026/04/06,"36,075,292"
 مكة المكرمه,الطائف,القطاع الخاص,خدمة إلكترونية جزئيا,2026/04/06,"36,077,020"
 الشرقية,الدمام,القطاع الخاص,خدمة إلكترونية جزئيا,2026/04/06,"36,071,294"
 الرياض,الرياض,القطاع الخاص,خدمة إلكترونية جزئيا,2026/04/06,"36,067,831"
 الرياض,الرياض,القطاع الخاص,خدمة إلكترونية جزئيا,2026/04/06,"36,069,814"
 مكة المكرمه,جده,القطاع الخاص,خدمة إلكترونية جزئيا,2026/04/06,"36,080,550"
 مكة المكرمه,جده,القطاع الخاص,خدمة إلكترونية جزئيا,2026/04/06,"36,076,328"
الخدمات الرقمية,عام,القطاع العام,خدمة إلكترونية,2026/04/06,"36,082,872"
الخدمات الرقمية,عام,القطاع العام,خدمة إلكترونية,2026/04/06,"36,081,957"
الخدمات الرقمية,عام,القطاع العام,خدمة إلكترونية,2026/04/06,"36,085,585"
الخدمات الرقمية,عام,القطاع العام,خدمة إلكترونية,2026/04/06,"36,085,120"
الخدمات الرقمية,عام,القطاع العام,خدمة إلكترونية,2026/04/06,"36,066,419"
الخدمات الرقمية,عام,القطاع العام,خدمة إلكترونية,2026/04/06,"36,074,858"
الخدمات الرقمية,عام,القطاع العام,خدمة إلكترونية,2026/04/06,"36,070,712"
الخدمات الرقمية,عام,القطاع العام,خدمة إلكترونية,2026/04/06,"36,074,898"
الخدمات الرقمية,عام,القطاع العام,خدمة إلكترونية,2026/04/06,"36,080,474"
الخدمات الرقمية,عام,القطاع العام,خدمة إلكترونية,2026/04/06,"36,071,231"
الخدمات الرقمية,عام,القطاع العام,خدمة إلكترونية,2026/04/06,"36,071,539"
الخدمات الرقمية,عام,القطاع العام,خدمة إلكترونية,2026/04/06,"36,071,843"
الخدمات الرقمية,عام,القطاع العام,خدمة إلكترونية,2026/04/06,"36,076,396"
الخدمات الرقمية,عام,القطاع العام,خدمة إلكترونية,2026/04/06,"36,065,339"
الخدمات الرقمية,عام,القطاع العام,خدمة إلكترونية,2026/04/06,"36,074,191"
الخدمات الرقمية,عام,القطاع العام,خدمة إلكترونية,2026/04/06,"36,075,850"
الخدمات الرقمية,عام,القطاع العام,خدمة إلكترونية,2026/04/06,"36,068,453"
الخدمات الرقمية,عام,القطاع العام,خدمة إلكترونية,2026/04/06,"36,069,555"
الخدمات الرقمية,عام,القطاع العام,خدمة إلكترونية,2026/04/06,"36,076,361"
الخدمات الرقمية,عام,القطاع العام,خدمة إلكترونية,2026/04/06,"36,075,804"
الخدمات الرقمية,عام,القطاع العام,خدمة إلكترونية,2026/04/06,"36,071,082"
الخدمات الرقمية,عام,القطاع العام,خدمة إلكترونية,2026/04/06,"36,075,327"
الخدمات الرقمية,عام,القطاع العام,خدمة إلكترونية,2026/04/06,"36,070,918"
الخدمات الرقمية,عام,القطاع العام,خدمة إلكترونية,2026/04/06,"36,081,370"
الخدمات الرقمية,عام,القطاع العام,خدمة إلكترونية,2026/04/06,"36,089,938"
الخدمات الرقمية,عام,القطاع العام,خدمة إلكترونية,2026/04/06,"36,071,934"
الخدمات الرقمية,عام,القطاع العام,خدمة إلكترونية,2026/04/06,"36,065,268"
الخدمات الرقمية,عام,القطاع العام,خدمة إلكترونية,2026/04/06,"36,075,068"
الخدمات الرقمية,عام,القطاع العام,خدمة إلكترونية,2026/04/06,"36,075,753"
الخدمات الرقمية,عام,القطاع العام,خدمة إلكترونية,2026/04/06,"36,071,712"
الخدمات الرقمية,عام,القطاع العام,خدمة إلكترونية,2026/04/06,"36,076,362"
الخدمات الرقمية,عام,القطاع العام,خدمة إلكترونية,2026/04/06,"36,068,633"
الخدمات الرقمية,عام,القطاع العام,خدمة إلكترونية,2026/04/06,"36,068,210"
الخدمات الرقمية,عام,القطاع العام,خدمة إلكترونية,2026/04/06,"36,075,248"
الخدمات الرقمية,عام,القطاع العام,خدمة إلكترونية,2026/04/06,"36,075,879"
الخدمات الرقمية,عام,القطاع العام,خدمة إلكترونية,2026/04/06,"36,072,455"
الخدمات الرقمية,عام,القطاع العام,خدمة إلكترونية,2026/04/06,"36,070,915"
الخدمات الرقمية,عام,القطاع العام,خدمة إلكترونية,2026/04/06,"36,069,565"
الخدمات الرقمية,عام,القطاع العام,خدمة إلكترونية,2026/04/06,"36,070,487"
الخدمات الرقمية,عام,القطاع العام,خدمة إلكترونية,2026/04/06,"36,074,977"
الخدمات الرقمية,عام,القطاع العام,خدمة إلكترونية,2026/04/06,"36,081,222"
الخدمات الرقمية,عام,القطاع العام,خدمة إلكترونية,2026/04/06,"36,072,955"
الخدمات الرقمية,عام,القطاع العام,خدمة إلكترونية,2026/04/06,"36,076,989"
الخدمات الرقمية,عام,القطاع العام,خدمة إلكترونية,2026/04/06,"36,070,372"
الخدمات الرقمية,عام,القطاع العام,خدمة إلكترونية,2026/04/06,"36,068,659"
الخدمات الرقمية,عام,القطاع العام,خدمة إلكترونية,2026/04/06,"36,074,381"
الخدمات الرقمية,عام,القطاع العام,خدمة إلكترونية,2026/04/06,"36,080,617"
الخدمات الرقمية,عام,القطاع العام,خدمة إلكترونية,2026/04/06,"36,066,223"
الخدمات الرقمية,عام,القطاع العام,خدمة إلكترونية,2026/04/06,"36,074,823"
الخدمات الرقمية,عام,القطاع العام,خدمة إلكترونية,2026/04/06,"36,080,593"
الخدمات الرقمية,عام,القطاع العام,خدمة إلكترونية,2026/04/06,"36,078,791"
الخدمات الرقمية,عام,القطاع العام,خدمة إلكترونية,2026/04/06,"36,077,727"
الخدمات الرقمية,عام,القطاع العام,خدمة إلكترونية,2026/04/06,"36,072,886"
الخدمات الرقمية,عام,القطاع العام,خدمة إلكترونية,2026/04/06,"36,075,086"
الخدمات الرقمية,عام,القطاع العام,خدمة إلكترونية,2026/04/06,"36,075,679"
الخدمات الرقمية,عام,القطاع العام,خدمة إلكترونية,2026/04/06,"36,080,683"
الخدمات الرقمية,عام,القطاع العام,خدمة إلكترونية,2026/04/06,"36,068,835"
الخدمات الرقمية,عام,القطاع العام,خدمة إلكترونية,2026/04/06,"36,079,080"
الخدمات الرقمية,عام,القطاع العام,خدمة إلكترونية,2026/04/06,"36,071,361"
الخدمات الرقمية,عام,القطاع العام,خدمة إلكترونية,2026/04/06,"36,080,371"
الخدمات الرقمية,عام,القطاع العام,خدمة إلكترونية,2026/04/06,"36,067,505"
الخدمات الرقمية,عام,القطاع العام,خدمة إلكترونية,2026/04/06,"36,074,941"
الخدمات الرقمية,عام,القطاع العام,خدمة إلكترونية,2026/04/06,"36,075,026"
الخدمات الرقمية,عام,القطاع العام,خدمة إلكترونية,2026/04/06,"36,067,946"
الخدمات الرقمية,عام,القطاع العام,خدمة إلكترونية,2026/04/06,"36,074,913"
الخدمات الرقمية,عام,القطاع العام,خدمة إلكترونية,2026/04/06,"36,068,820"
الخدمات الرقمية,عام,القطاع العام,خدمة إلكترونية,2026/04/06,"36,070,264"
الخدمات الرقمية,عام,القطاع العام,خدمة إلكترونية,2026/04/06,"36,070,511"
الخدمات الرقمية,عام,القطاع العام,خدمة إلكترونية,2026/04/06,"36,070,601"
الخدمات الرقمية,عام,القطاع العام,خدمة إلكترونية,2026/04/06,"36,080,689"
الخدمات الرقمية,عام,القطاع العام,خدمة إلكترونية,2026/04/06,"36,076,338"
الخدمات الرقمية,عام,القطاع العام,خدمة إلكترونية,2026/04/06,"36,071,408"
الخدمات الرقمية,عام,القطاع العام,خدمة إلكترونية,2026/04/06,"36,075,866"
الخدمات الرقمية,عام,القطاع العام,خدمة إلكترونية,2026/04/06,"36,077,825"
الخدمات الرقمية,عام,القطاع العام,خدمة إلكترونية,2026/04/06,"36,065,311"
الخدمات الرقمية,عام,القطاع العام,خدمة إلكترونية,2026/04/06,"36,073,103"
الخدمات الرقمية,عام,القطاع العام,خدمة إلكترونية,2026/04/06,"36,070,645"
الخدمات الرقمية,عام,القطاع العام,خدمة إلكترونية,2026/04/06,"36,071,458"
الخدمات الرقمية,عام,القطاع العام,خدمة إلكترونية,2026/04/06,"36,071,381"
الخدمات الرقمية,عام,القطاع العام,خدمة إلكترونية,2026/04/06,"36,070,896"
الخدمات الرقمية,عام,القطاع العام,خدمة إلكترونية,2026/04/06,"36,071,016"
الخدمات الرقمية,عام,القطاع العام,خدمة إلكترونية,2026/04/06,"36,071,311"
الخدمات الرقمية,عام,القطاع العام,خدمة إلكترونية,2026/04/06,"36,071,807"
الخدمات الرقمية,عام,القطاع العام,خدمة إلكترونية,2026/04/06,"36,071,565"
الخدمات الرقمية,عام,القطاع العام,خدمة إلكترونية,2026/04/06,"36,073,150"
الخدمات الرقمية,عام,القطاع العام,خدمة إلكترونية,2026/04/06,"36,070,034"
الخدمات الرقمية,عام,القطاع العام,خدمة إلكترونية,2026/04/06,"36,065,920"
الخدمات الرقمية,عام,القطاع العام,خدمة إلكترونية,2026/04/06,"36,065,834"
الخدمات الرقمية,عام,القطاع العام,خدمة إلكترونية,2026/04/06,"36,071,386"
الخدمات الرقمية,عام,القطاع العام,خدمة إلكترونية,2026/04/06,"36,071,422"
الخدمات الرقمية,عام,القطاع العام,خدمة إلكترونية,2026/04/06,"36,070,522"
الخدمات الرقمية,عام,القطاع العام,خدمة إلكترونية,2026/04/06,"36,071,282"
الخدمات الرقمية,عام,القطاع العام,خدمة إلكترونية,2026/04/06,"36,071,497"
الخدمات الرقمية,عام,القطاع العام,خدمة إلكترونية,2026/04/06,"36,065,892"
الخدمات الرقمية,عام,القطاع العام,خدمة إلكترونية,2026/04/06,"36,071,620"
الخدمات الرقمية,عام,القطاع العام,خدمة إلكترونية,2026/04/06,"36,076,350"
الخدمات الرقمية,عام,القطاع العام,خدمة إلكترونية,2026/04/06,"36,065,670"
الخدمات الرقمية,عام,القطاع العام,خدمة إلكترونية,2026/04/06,"36,071,621"
الخدمات الرقمية,عام,القطاع العام,خدمة إلكترونية,2026/04/06,"36,072,172"
الخدمات الرقمية,عام,القطاع العام,خدمة إلكترونية,2026/04/06,"36,073,016"
الخدمات الرقمية,عام,القطاع العام,خدمة إلكترونية,2026/04/06,"36,071,500"
الخدمات الرقمية,عام,القطاع العام,خدمة إلكترونية,2026/04/06,"36,073,935"
الخدمات الرقمية,عام,القطاع العام,خدمة إلكترونية,2026/04/06,"36,070,910"
الخدمات الرقمية,عام,القطاع العام,خدمة إلكترونية,2026/04/06,"36,071,309"
الخدمات الرقمية,عام,القطاع العام,خدمة إلكترونية,2026/04/06,"36,072,454"
الخدمات الرقمية,عام,القطاع العام,خدمة إلكترونية,2026/04/06,"36,074,214"
الخدمات الرقمية,عام,القطاع العام,خدمة إلكترونية,2026/04/06,"36,065,734"
الخدمات الرقمية,عام,القطاع العام,خدمة إلكترونية,2026/04/06,"36,066,327"
الخدمات الرقمية,عام,القطاع العام,خدمة إلكترونية,2026/04/06,"36,066,329"
الخدمات الرقمية,عام,القطاع العام,خدمة إلكترونية,2026/04/06,"36,071,498"
الخدمات الرقمية,عام,القطاع العام,خدمة إلكترونية,2026/04/06,"36,071,394"
الخدمات الرقمية,عام,القطاع العام,خدمة إلكترونية,2026/04/06,"36,070,895"
الخدمات الرقمية,عام,القطاع العام,خدمة إلكترونية,2026/04/06,"36,065,862"
الخدمات الرقمية,عام,القطاع العام,خدمة إلكترونية,2026/04/06,"36,072,905"
الخدمات الرقمية,عام,القطاع العام,خدمة إلكترونية,2026/04/06,"36,070,892"
الخدمات الرقمية,عام,القطاع العام,خدمة إلكترونية,2026/04/06,"36,066,845"
الخدمات الرقمية,عام,القطاع العام,خدمة إلكترونية,2026/04/06,"36,073,465"
الخدمات الرقمية,عام,القطاع العام,خدمة إلكترونية,2026/04/06,"36,074,749"
الخدمات الرقمية,عام,القطاع العام,خدمة إلكترونية,2026/04/06,"36,072,602"
الخدمات الرقمية,عام,القطاع العام,خدمة إلكترونية,2026/04/06,"36,067,507"
الخدمات الرقمية,عام,القطاع العام,خدمة إلكترونية,2026/04/06,"36,074,576"
الخدمات الرقمية,عام,القطاع العام,خدمة إلكترونية,2026/04/06,"36,070,279"
الخدمات الرقمية,عام,القطاع العام,خدمة إلكترونية,2026/04/06,"36,072,456"
الخدمات الرقمية,عام,القطاع العام,خدمة إلكترونية,2026/04/06,"36,070,414"
الخدمات الرقمية,عام,القطاع العام,خدمة إلكترونية,2026/04/06,"36,065,932"
الخدمات الرقمية,عام,القطاع العام,خدمة إلكترونية,2026/04/06,"36,065,735"
 مكة المكرمه,جده,القطاع الخاص,خدمة إلكترونية جزئيا,2026/04/07,"36,107,921"
 عسير,ابها,القطاع الخاص,خدمة إلكترونية جزئيا,2026/04/07,"36,104,567"
 الرياض,الرياض,القطاع الخاص,خدمة إلكترونية جزئيا,2026/04/07,"36,110,447"
 الرياض,الرياض,القطاع الخاص,خدمة إلكترونية جزئيا,2026/04/07,"36,099,379"
 الرياض,الرياض,القطاع الخاص,خدمة إلكترونية جزئيا,2026/04/07,"36,107,455"
 الرياض,الرياض,القطاع الخاص,خدمة إلكترونية جزئيا,2026/04/07,"36,102,709"
الخدمات الرقمية,عام,القطاع العام,خدمة إلكترونية,2026/04/07,"36,106,947"
 مكة المكرمه,مكة المكرمة,القطاع الخاص,خدمة إلكترونية جزئيا,2026/04/07,"36,099,846"
 الرياض,الرياض,القطاع الخاص,خدمة إلكترونية جزئيا,2026/04/07,"36,102,783"
 عسير,ابها,القطاع الخاص,خدمة إلكترونية جزئيا,2026/04/07,"36,106,396"
 الرياض,الرياض,القطاع الخاص,خدمة إلكترونية جزئيا,2026/04/07,"36,098,014"
 مكة المكرمه,مكة المكرمة,القطاع الخاص,خدمة إلكترونية جزئيا,2026/04/07,"36,108,863"
 الرياض,الرياض,القطاع الخاص,خدمة إلكترونية جزئيا,2026/04/07,"36,100,455"
 الرياض,الرياض,القطاع الخاص,خدمة إلكترونية جزئيا,2026/04/07,"36,099,773"
 الرياض,الرياض,القطاع الخاص,خدمة إلكترونية جزئيا,2026/04/07,"36,106,362"
 الرياض,الرياض,القطاع الخاص,خدمة إلكترونية جزئيا,2026/04/07,"36,110,489"
الخدمات الرقمية,عام,القطاع العام,خدمة إلكترونية,2026/04/07,"36,097,047"
الخدمات الرقمية,عام,القطاع العام,خدمة إلكترونية,2026/04/07,"36,097,878"
الخدمات الرقمية,عام,القطاع العام,خدمة إلكترونية,2026/04/07,"36,095,958"
الخدمات الرقمية,عام,القطاع العام,خدمة إلكترونية,2026/04/07,"36,090,123"
الخدمات الرقمية,عام,القطاع العام,خدمة إلكترونية,2026/04/07,"36,100,725"
الخدمات الرقمية,عام,القطاع العام,خدمة إلكترونية,2026/04/07,"36,101,676"
الخدمات الرقمية,عام,القطاع العام,خدمة إلكترونية,2026/04/07,"36,098,890"
الخدمات الرقمية,عام,القطاع العام,خدمة إلكترونية,2026/04/07,"36,100,360"
الخدمات الرقمية,عام,القطاع العام,خدمة إلكترونية,2026/04/07,"36,098,331"
الخدمات الرقمية,عام,القطاع العام,خدمة إلكترونية,2026/04/07,"36,099,263"
الخدمات الرقمية,عام,القطاع العام,خدمة إلكترونية,2026/04/07,"36,097,450"
الخدمات الرقمية,عام,القطاع العام,خدمة إلكترونية,2026/04/07,"36,100,116"
الخدمات الرقمية,عام,القطاع العام,خدمة إلكترونية,2026/04/07,"36,097,401"
الخدمات الرقمية,عام,القطاع العام,خدمة إلكترونية,2026/04/07,"36,102,745"
الخدمات الرقمية,عام,القطاع العام,خدمة إلكترونية,2026/04/07,"36,097,366"
الخدمات الرقمية,عام,القطاع العام,خدمة إلكترونية,2026/04/07,"36,097,896"
الخدمات الرقمية,عام,القطاع العام,خدمة إلكترونية,2026/04/07,"36,101,423"
الخدمات الرقمية,عام,القطاع العام,خدمة إلكترونية,2026/04/07,"36,097,394"
الخدمات الرقمية,عام,القطاع العام,خدمة إلكترونية,2026/04/07,"36,104,815"
الخدمات الرقمية,عام,القطاع العام,خدمة إلكترونية,2026/04/07,"36,095,972"
الخدمات الرقمية,عام,القطاع العام,خدمة إلكترونية,2026/04/07,"36,098,796"
الخدمات الرقمية,عام,القطاع العام,خدمة إلكترونية,2026/04/07,"36,101,927"
الخدمات الرقمية,عام,القطاع العام,خدمة إلكترونية,2026/04/07,"36,103,204"
الخدمات الرقمية,عام,القطاع العام,خدمة إلكترونية,2026/04/07,"36,098,255"
الخدمات الرقمية,عام,القطاع العام,خدمة إلكترونية,2026/04/07,"36,100,530"
الخدمات الرقمية,عام,القطاع العام,خدمة إلكترونية,2026/04/07,"36,104,694"
الخدمات الرقمية,عام,القطاع العام,خدمة إلكترونية,2026/04/07,"36,103,577"
الخدمات الرقمية,عام,القطاع العام,خدمة إلكترونية,2026/04/07,"36,107,077"
الخدمات الرقمية,عام,القطاع العام,خدمة إلكترونية,2026/04/07,"36,096,473"
الخدمات الرقمية,عام,القطاع العام,خدمة إلكترونية,2026/04/07,"36,096,505"
الخدمات الرقمية,عام,القطاع العام,خدمة إلكترونية,2026/04/07,"36,107,122"
الخدمات الرقمية,عام,القطاع العام,خدمة إلكترونية,2026/04/07,"36,107,061"
الخدمات الرقمية,عام,القطاع العام,خدمة إلكترونية,2026/04/07,"36,107,476"
الخدمات الرقمية,عام,القطاع العام,خدمة إلكترونية,2026/04/07,"36,107,876"
الخدمات الرقمية,عام,القطاع العام,خدمة إلكترونية,2026/04/07,"36,108,132"
الخدمات الرقمية,عام,القطاع العام,خدمة إلكترونية,2026/04/07,"36,108,350"
الخدمات الرقمية,عام,القطاع العام,خدمة إلكترونية,2026/04/07,"36,108,942"
الخدمات الرقمية,عام,القطاع العام,خدمة إلكترونية,2026/04/07,"36,106,031"
الخدمات الرقمية,عام,القطاع العام,خدمة إلكترونية,2026/04/07,"36,109,155"
الخدمات الرقمية,عام,القطاع العام,خدمة إلكترونية,2026/04/07,"36,107,463"
الخدمات الرقمية,عام,القطاع العام,خدمة إلكترونية,2026/04/07,"36,107,288"
الخدمات الرقمية,عام,القطاع العام,خدمة إلكترونية,2026/04/07,"36,107,261"
الخدمات الرقمية,عام,القطاع العام,خدمة إلكترونية,2026/04/07,"36,107,979"
الخدمات الرقمية,عام,القطاع العام,خدمة إلكترونية,2026/04/07,"36,107,185"
الخدمات الرقمية,عام,القطاع العام,خدمة إلكترونية,2026/04/07,"36,107,550"
الخدمات الرقمية,عام,القطاع العام,خدمة إلكترونية,2026/04/07,"36,107,083"
الخدمات الرقمية,عام,القطاع العام,خدمة إلكترونية,2026/04/07,"36,102,951"
الخدمات الرقمية,عام,القطاع العام,خدمة إلكترونية,2026/04/07,"36,107,511"
الخدمات الرقمية,عام,القطاع العام,خدمة إلكترونية,2026/04/07,"36,102,881"
الخدمات الرقمية,عام,القطاع العام,خدمة إلكترونية,2026/04/07,"36,103,292"
الخدمات الرقمية,عام,القطاع العام,خدمة إلكترونية,2026/04/07,"36,107,904"
الخدمات الرقمية,عام,القطاع العام,خدمة إلكترونية,2026/04/07,"36,106,991"
الخدمات الرقمية,عام,القطاع العام,خدمة إلكترونية,2026/04/07,"36,107,137"
الخدمات الرقمية,عام,القطاع العام,خدمة إلكترونية,2026/04/07,"36,107,690"
الخدمات الرقمية,عام,القطاع العام,خدمة إلكترونية,2026/04/07,"36,106,877"
الخدمات الرقمية,عام,القطاع العام,خدمة إلكترونية,2026/04/07,"36,102,261"
الخدمات الرقمية,عام,القطاع العام,خدمة إلكترونية,2026/04/07,"36,107,413"
الخدمات الرقمية,عام,القطاع العام,خدمة إلكترونية,2026/04/07,"36,109,995"
الخدمات الرقمية,عام,القطاع العام,خدمة إلكترونية,2026/04/07,"36,109,914"
الخدمات الرقمية,عام,القطاع العام,خدمة إلكترونية,2026/04/07,"36,103,272"
الخدمات الرقمية,عام,القطاع العام,خدمة إلكترونية,2026/04/07,"36,109,950"
الخدمات الرقمية,عام,القطاع العام,خدمة إلكترونية,2026/04/07,"36,108,112"
الخدمات الرقمية,عام,القطاع العام,خدمة إلكترونية,2026/04/07,"36,108,450"
الخدمات الرقمية,عام,القطاع العام,خدمة إلكترونية,2026/04/07,"36,109,958"
الخدمات الرقمية,عام,القطاع العام,خدمة إلكترونية,2026/04/07,"36,107,100"
الخدمات الرقمية,عام,القطاع العام,خدمة إلكترونية,2026/04/07,"36,104,793"
الخدمات الرقمية,عام,القطاع العام,خدمة إلكترونية,2026/04/07,"36,096,343"
الخدمات الرقمية,عام,القطاع العام,خدمة إلكترونية,2026/04/07,"36,108,283"
الخدمات الرقمية,عام,القطاع العام,خدمة إلكترونية,2026/04/07,"36,107,209"
الخدمات الرقمية,عام,القطاع العام,خدمة إلكترونية,2026/04/07,"36,109,926"
الخدمات الرقمية,عام,القطاع العام,خدمة إلكترونية,2026/04/07,"36,109,931"
الخدمات الرقمية,عام,القطاع العام,خدمة إلكترونية,2026/04/07,"36,113,125"
الخدمات الرقمية,عام,القطاع العام,خدمة إلكترونية,2026/04/07,"36,109,954"
الخدمات الرقمية,عام,القطاع العام,خدمة إلكترونية,2026/04/07,"36,113,892"
الخدمات الرقمية,عام,القطاع العام,خدمة إلكترونية,2026/04/07,"36,110,165"
الخدمات الرقمية,عام,القطاع العام,خدمة إلكترونية,2026/04/07,"36,107,955"
الخدمات الرقمية,عام,القطاع العام,خدمة إلكترونية,2026/04/07,"36,108,842"
الخدمات الرقمية,عام,القطاع العام,خدمة إلكترونية,2026/04/07,"36,108,257"
الخدمات الرقمية,عام,القطاع العام,خدمة إلكترونية,2026/04/07,"36,110,064"
الخدمات الرقمية,عام,القطاع العام,خدمة إلكترونية,2026/04/07,"36,108,443"
الخدمات الرقمية,عام,القطاع العام,خدمة إلكترونية,2026/04/07,"36,107,504"
الخدمات الرقمية,عام,القطاع العام,خدمة إلكترونية,2026/04/07,"36,107,344"
الخدمات الرقمية,عام,القطاع العام,خدمة إلكترونية,2026/04/07,"36,110,042"
الخدمات الرقمية,عام,القطاع العام,خدمة إلكترونية,2026/04/07,"36,107,311"
الخدمات الرقمية,عام,القطاع العام,خدمة إلكترونية,2026/04/07,"36,109,013"
الخدمات الرقمية,عام,القطاع العام,خدمة إلكترونية,2026/04/07,"36,109,616"
الخدمات الرقمية,عام,القطاع العام,خدمة إلكترونية,2026/04/07,"36,107,646"
الخدمات الرقمية,عام,القطاع العام,خدمة إلكترونية,2026/04/07,"36,108,184"
الخدمات الرقمية,عام,القطاع العام,خدمة إلكترونية,2026/04/07,"36,108,535"
الخدمات الرقمية,عام,القطاع العام,خدمة إلكترونية,2026/04/07,"36,112,846"
الخدمات الرقمية,عام,القطاع العام,خدمة إلكترونية,2026/04/07,"36,107,376"
الخدمات الرقمية,عام,القطاع العام,خدمة إلكترونية,2026/04/07,"36,108,015"
الخدمات الرقمية,عام,القطاع العام,خدمة إلكترونية,2026/04/07,"36,109,313"
الخدمات الرقمية,عام,القطاع العام,خدمة إلكترونية,2026/04/07,"36,107,765"
الخدمات الرقمية,عام,القطاع العام,خدمة إلكترونية,2026/04/07,"36,111,661"
الخدمات الرقمية,عام,القطاع العام,خدمة إلكترونية,2026/04/07,"36,111,684"
الخدمات الرقمية,عام,القطاع العام,خدمة إلكترونية,2026/04/07,"36,110,026"
الخدمات الرقمية,عام,القطاع العام,خدمة إلكترونية,2026/04/07,"36,113,274"
الخدمات الرقمية,عام,القطاع العام,خدمة إلكترونية,2026/04/07,"36,113,757"
الخدمات الرقمية,عام,القطاع العام,خدمة إلكترونية,2026/04/07,"36,114,645"
الخدمات الرقمية,عام,القطاع العام,خدمة إلكترونية,2026/04/07,"36,097,319"
الخدمات الرقمية,عام,القطاع العام,خدمة إلكترونية,2026/04/07,"36,096,414"
الخدمات الرقمية,عام,القطاع العام,خدمة إلكترونية,2026/04/07,"36,101,401"
الخدمات الرقمية,عام,القطاع العام,خدمة إلكترونية,2026/04/07,"36,102,244"
الخدمات الرقمية,عام,القطاع العام,خدمة إلكترونية,2026/04/07,"36,099,026"
الخدمات الرقمية,عام,القطاع العام,خدمة إلكترونية,2026/04/07,"36,100,372"
الخدمات الرقمية,عام,القطاع العام,خدمة إلكترونية,2026/04/07,"36,102,099"
الخدمات الرقمية,عام,القطاع العام,خدمة إلكترونية,2026/04/07,"36,102,229"
الخدمات الرقمية,عام,القطاع العام,خدمة إلكترونية,2026/04/07,"36,101,977"
الخدمات الرقمية,عام,القطاع العام,خدمة إلكترونية,2026/04/07,"36,102,103"
الخدمات الرقمية,عام,القطاع العام,خدمة إلكترونية,2026/04/07,"36,102,804"
الخدمات الرقمية,عام,القطاع العام,خدمة إلكترونية,2026/04/07,"36,106,018"
الخدمات الرقمية,عام,القطاع العام,خدمة إلكترونية,2026/04/07,"36,099,386"
الخدمات الرقمية,عام,القطاع العام,خدمة إلكترونية,2026/04/07,"36,103,744"
الخدمات الرقمية,عام,القطاع العام,خدمة إلكترونية,2026/04/07,"36,103,731"
الخدمات الرقمية,عام,القطاع العام,خدمة إلكترونية,2026/04/07,"36,101,587"
الخدمات الرقمية,عام,القطاع العام,خدمة إلكترونية,2026/04/07,"36,101,780"
الخدمات الرقمية,عام,القطاع العام,خدمة إلكترونية,2026/04/07,"36,096,438"
الخدمات الرقمية,عام,القطاع العام,خدمة إلكترونية,2026/04/07,"36,102,228"
الخدمات الرقمية,عام,القطاع العام,خدمة إلكترونية,2026/04/07,"36,101,398"
الخدمات الرقمية,عام,القطاع العام,خدمة إلكترونية,2026/04/07,"36,103,742"
الخدمات الرقمية,عام,القطاع العام,خدمة إلكترونية,2026/04/07,"36,103,216"
الخدمات الرقمية,عام,القطاع العام,خدمة إلكترونية,2026/04/07,"36,106,667"
الخدمات الرقمية,عام,القطاع العام,خدمة إلكترونية,2026/04/07,"36,105,843"
الخدمات الرقمية,عام,القطاع العام,خدمة إلكترونية,2026/04/07,"36,103,734"
الخدمات الرقمية,عام,القطاع العام,خدمة إلكترونية,2026/04/07,"36,103,590"
الخدمات الرقمية,عام,القطاع العام,خدمة إلكترونية,2026/04/07,"36,101,037"
الخدمات الرقمية,عام,القطاع العام,خدمة إلكترونية,2026/04/07,"36,102,321"
الخدمات الرقمية,عام,القطاع العام,خدمة إلكترونية,2026/04/07,"36,106,017"
الخدمات الرقمية,عام,القطاع العام,خدمة إلكترونية,2026/04/07,"36,102,929"
الخدمات الرقمية,عام,القطاع العام,خدمة إلكترونية,2026/04/07,"36,102,243"
 حائل,حائل,القطاع الخاص,خدمة إلكترونية جزئيا,2026/04/08,"36,124,631"
 حائل,حائل,القطاع الخاص,خدمة إلكترونية جزئيا,2026/04/08,"36,123,549"
 الرياض,الرياض,القطاع الخاص,خدمة إلكترونية جزئيا,2026/04/08,"36,130,004"
 الرياض,الرياض,القطاع الخاص,خدمة إلكترونية جزئيا,2026/04/08,"36,122,511"
 الرياض,الرياض,القطاع الخاص,خدمة إلكترونية جزئيا,2026/04/08,"36,121,297"
 الرياض,الرياض,القطاع الخاص,خدمة إلكترونية جزئيا,2026/04/08,"36,120,771"
الخدمات الرقمية,عام,القطاع العام,خدمة إلكترونية,2026/04/08,"36,121,970"
 الرياض,الرياض,القطاع الخاص,خدمة إلكترونية جزئيا,2026/04/08,"36,123,210"
 الرياض,الرياض,القطاع الخاص,خدمة إلكترونية جزئيا,2026/04/08,"36,122,594"
 مكة المكرمه,مكة المكرمة,القطاع الخاص,خدمة إلكترونية جزئيا,2026/04/08,"36,123,154"
 الرياض,الرياض,القطاع الخاص,خدمة إلكترونية جزئيا,2026/04/08,"36,123,119"
 الرياض,الرياض,القطاع الخاص,خدمة إلكترونية جزئيا,2026/04/08,"36,128,765"
 الرياض,الرياض,القطاع الخاص,خدمة إلكترونية جزئيا,2026/04/08,"36,121,293"
 الرياض,الرياض,القطاع الخاص,خدمة إلكترونية جزئيا,2026/04/08,"36,122,897"
 الرياض,الرياض,القطاع الخاص,خدمة إلكترونية جزئيا,2026/04/08,"36,125,307"
 الرياض,الرياض,القطاع الخاص,خدمة إلكترونية جزئيا,2026/04/08,"36,121,585"
 الرياض,الرياض,القطاع الخاص,خدمة إلكترونية جزئيا,2026/04/08,"36,120,823"
 الرياض,الرياض,القطاع الخاص,خدمة إلكترونية جزئيا,2026/04/08,"36,124,924"
 الرياض,الرياض,القطاع الخاص,خدمة إلكترونية جزئيا,2026/04/08,"36,127,676"
 الرياض,الرياض,القطاع الخاص,خدمة إلكترونية جزئيا,2026/04/08,"36,126,134"
 الرياض,الرياض,القطاع الخاص,خدمة إلكترونية جزئيا,2026/04/08,"36,121,366"
 الرياض,الرياض,القطاع الخاص,خدمة إلكترونية جزئيا,2026/04/08,"36,122,064"
 حائل,حائل,القطاع الخاص,خدمة إلكترونية جزئيا,2026/04/08,"36,124,729"
 حائل,حائل,القطاع الخاص,خدمة إلكترونية جزئيا,2026/04/08,"36,123,613"
 مكة المكرمه,جده,القطاع الخاص,خدمة إلكترونية جزئيا,2026/04/08,"36,124,881"
الخدمات الرقمية,عام,القطاع العام,خدمة إلكترونية,2026/04/08,"36,119,399"
الخدمات الرقمية,عام,القطاع العام,خدمة إلكترونية,2026/04/08,"36,123,724"
الخدمات الرقمية,عام,القطاع العام,خدمة إلكترونية,2026/04/08,"36,120,828"
الخدمات الرقمية,عام,القطاع العام,خدمة إلكترونية,2026/04/08,"36,123,321"
الخدمات الرقمية,عام,القطاع العام,خدمة إلكترونية,2026/04/08,"36,124,589"
الخدمات الرقمية,عام,القطاع العام,خدمة إلكترونية,2026/04/08,"36,119,482"
الخدمات الرقمية,عام,القطاع العام,خدمة إلكترونية,2026/04/08,"36,125,418"
الخدمات الرقمية,عام,القطاع العام,خدمة إلكترونية,2026/04/08,"36,123,536"
الخدمات الرقمية,عام,القطاع العام,خدمة إلكترونية,2026/04/08,"36,125,187"
الخدمات الرقمية,عام,القطاع العام,خدمة إلكترونية,2026/04/08,"36,125,615"
الخدمات الرقمية,عام,القطاع العام,خدمة إلكترونية,2026/04/08,"36,126,294"
الخدمات الرقمية,عام,القطاع العام,خدمة إلكترونية,2026/04/08,"36,129,590"
الخدمات الرقمية,عام,القطاع العام,خدمة إلكترونية,2026/04/08,"36,127,682"
الخدمات الرقمية,عام,القطاع العام,خدمة إلكترونية,2026/04/08,"36,123,660"
الخدمات الرقمية,عام,القطاع العام,خدمة إلكترونية,2026/04/08,"36,122,913"
الخدمات الرقمية,عام,القطاع العام,خدمة إلكترونية,2026/04/08,"36,128,120"
الخدمات الرقمية,عام,القطاع العام,خدمة إلكترونية,2026/04/08,"36,132,702"
الخدمات الرقمية,عام,القطاع العام,خدمة إلكترونية,2026/04/08,"36,130,520"
الخدمات الرقمية,عام,القطاع العام,خدمة إلكترونية,2026/04/08,"36,129,183"
الخدمات الرقمية,عام,القطاع العام,خدمة إلكترونية,2026/04/08,"36,124,613"
الخدمات الرقمية,عام,القطاع العام,خدمة إلكترونية,2026/04/08,"36,132,468"
الخدمات الرقمية,عام,القطاع العام,خدمة إلكترونية,2026/04/08,"36,125,981"
الخدمات الرقمية,عام,القطاع العام,خدمة إلكترونية,2026/04/08,"36,126,259"
الخدمات الرقمية,عام,القطاع العام,خدمة إلكترونية,2026/04/08,"36,125,021"
الخدمات الرقمية,عام,القطاع العام,خدمة إلكترونية,2026/04/08,"36,133,001"
الخدمات الرقمية,عام,القطاع العام,خدمة إلكترونية,2026/04/08,"36,130,586"
الخدمات الرقمية,عام,القطاع العام,خدمة إلكترونية,2026/04/08,"36,126,217"
الخدمات الرقمية,عام,القطاع العام,خدمة إلكترونية,2026/04/08,"36,134,476"
الخدمات الرقمية,عام,القطاع العام,خدمة إلكترونية,2026/04/08,"36,128,201"
الخدمات الرقمية,عام,القطاع العام,خدمة إلكترونية,2026/04/08,"36,128,801"
الخدمات الرقمية,عام,القطاع العام,خدمة إلكترونية,2026/04/08,"36,130,235"
الخدمات الرقمية,عام,القطاع العام,خدمة إلكترونية,2026/04/08,"36,128,901"
الخدمات الرقمية,عام,القطاع العام,خدمة إلكترونية,2026/04/08,"36,129,477"
الخدمات الرقمية,عام,القطاع العام,خدمة إلكترونية,2026/04/08,"36,129,274"
الخدمات الرقمية,عام,القطاع العام,خدمة إلكترونية,2026/04/08,"36,129,538"
الخدمات الرقمية,عام,القطاع العام,خدمة إلكترونية,2026/04/08,"36,129,570"
الخدمات الرقمية,عام,القطاع العام,خدمة إلكترونية,2026/04/08,"36,127,997"
الخدمات الرقمية,عام,القطاع العام,خدمة إلكترونية,2026/04/08,"36,135,131"
الخدمات الرقمية,عام,القطاع العام,خدمة إلكترونية,2026/04/08,"36,132,572"
الخدمات الرقمية,عام,القطاع العام,خدمة إلكترونية,2026/04/08,"36,129,971"
الخدمات الرقمية,عام,القطاع العام,خدمة إلكترونية,2026/04/08,"36,132,725"
الخدمات الرقمية,عام,القطاع العام,خدمة إلكترونية,2026/04/08,"36,132,636"
الخدمات الرقمية,عام,القطاع العام,خدمة إلكترونية,2026/04/08,"36,132,497"
الخدمات الرقمية,عام,القطاع العام,خدمة إلكترونية,2026/04/08,"36,122,768"
الخدمات الرقمية,عام,القطاع العام,خدمة إلكترونية,2026/04/08,"36,125,379"
الخدمات الرقمية,عام,القطاع العام,خدمة إلكترونية,2026/04/08,"36,127,838"
الخدمات الرقمية,عام,القطاع العام,خدمة إلكترونية,2026/04/08,"36,129,884"
الخدمات الرقمية,عام,القطاع العام,خدمة إلكترونية,2026/04/08,"36,137,765"
الخدمات الرقمية,عام,القطاع العام,خدمة إلكترونية,2026/04/08,"36,120,829"
الخدمات الرقمية,عام,القطاع العام,خدمة إلكترونية,2026/04/08,"36,128,667"
الخدمات الرقمية,عام,القطاع العام,خدمة إلكترونية,2026/04/08,"36,130,675"
الخدمات الرقمية,عام,القطاع العام,خدمة إلكترونية,2026/04/08,"36,124,774"
الخدمات الرقمية,عام,القطاع العام,خدمة إلكترونية,2026/04/08,"36,121,571"
الخدمات الرقمية,عام,القطاع العام,خدمة إلكترونية,2026/04/08,"36,128,686"
الخدمات الرقمية,عام,القطاع العام,خدمة إلكترونية,2026/04/08,"36,123,633"
الخدمات الرقمية,عام,القطاع العام,خدمة إلكترونية,2026/04/08,"36,123,263"
الخدمات الرقمية,عام,القطاع العام,خدمة إلكترونية,2026/04/08,"36,128,093"
الخدمات الرقمية,عام,القطاع العام,خدمة إلكترونية,2026/04/08,"36,121,386"
الخدمات الرقمية,عام,القطاع العام,خدمة إلكترونية,2026/04/08,"36,127,030"
الخدمات الرقمية,عام,القطاع العام,خدمة إلكترونية,2026/04/08,"36,120,844"
الخدمات الرقمية,عام,القطاع العام,خدمة إلكترونية,2026/04/08,"36,129,541"
الخدمات الرقمية,عام,القطاع العام,خدمة إلكترونية,2026/04/08,"36,130,926"
الخدمات الرقمية,عام,القطاع العام,خدمة إلكترونية,2026/04/08,"36,128,991"
الخدمات الرقمية,عام,القطاع العام,خدمة إلكترونية,2026/04/09,"36,155,928"
 مكة المكرمه,مكة المكرمة,القطاع الخاص,خدمة إلكترونية جزئيا,2026/04/09,"36,151,810"
 عسير,ابها,القطاع الخاص,خدمة إلكترونية جزئيا,2026/04/09,"36,154,154"
 عسير,ابها,القطاع الخاص,خدمة إلكترونية جزئيا,2026/04/09,"36,154,172"
 الرياض,الرياض,القطاع الخاص,خدمة إلكترونية جزئيا,2026/04/09,"36,148,211"
 الرياض,الرياض,القطاع الخاص,خدمة إلكترونية جزئيا,2026/04/09,"36,147,914"
الخدمات الرقمية,عام,القطاع العام,خدمة إلكترونية,2026/04/09,"36,152,954"
الخدمات الرقمية,عام,القطاع العام,خدمة إلكترونية,2026/04/09,"36,144,559"
 مكة المكرمه,مكة المكرمة,القطاع الخاص,خدمة إلكترونية جزئيا,2026/04/09,"36,151,135"
 مكة المكرمه,جده,القطاع الخاص,خدمة إلكترونية جزئيا,2026/04/09,"36,149,288"
 مكة المكرمه,الطائف,القطاع الخاص,خدمة إلكترونية جزئيا,2026/04/09,"36,143,157"
 مكة المكرمه,مكة المكرمة,القطاع الخاص,خدمة إلكترونية جزئيا,2026/04/09,"36,152,634"
 مكة المكرمه,جده,القطاع الخاص,خدمة إلكترونية جزئيا,2026/04/09,"36,155,712"
 مكة المكرمه,جده,القطاع الخاص,خدمة إلكترونية جزئيا,2026/04/09,"36,155,922"
 مكة المكرمه,الطائف,القطاع الخاص,خدمة إلكترونية جزئيا,2026/04/09,"36,143,217"
 الرياض,الرياض,القطاع الخاص,خدمة إلكترونية جزئيا,2026/04/09,"36,145,622"
 الرياض,الرياض,القطاع الخاص,خدمة إلكترونية جزئيا,2026/04/09,"36,148,881"
 الرياض,الرياض,القطاع الخاص,خدمة إلكترونية جزئيا,2026/04/09,"36,144,375"
الخدمات الرقمية,عام,القطاع العام,خدمة إلكترونية,2026/04/09,"36,154,483"
الخدمات الرقمية,عام,القطاع العام,خدمة إلكترونية,2026/04/09,"36,138,464"
الخدمات الرقمية,عام,القطاع العام,خدمة إلكترونية,2026/04/09,"36,138,459"
الخدمات الرقمية,عام,القطاع العام,خدمة إلكترونية,2026/04/09,"36,143,809"
الخدمات الرقمية,عام,القطاع العام,خدمة إلكترونية,2026/04/09,"36,143,931"
الخدمات الرقمية,عام,القطاع العام,خدمة إلكترونية,2026/04/09,"36,143,980"
الخدمات الرقمية,عام,القطاع العام,خدمة إلكترونية,2026/04/09,"36,144,043"
الخدمات الرقمية,عام,القطاع العام,خدمة إلكترونية,2026/04/09,"36,143,389"
الخدمات الرقمية,عام,القطاع العام,خدمة إلكترونية,2026/04/09,"36,147,916"
الخدمات الرقمية,عام,القطاع العام,خدمة إلكترونية,2026/04/09,"36,150,312"
الخدمات الرقمية,عام,القطاع العام,خدمة إلكترونية,2026/04/09,"36,144,155"
الخدمات الرقمية,عام,القطاع العام,خدمة إلكترونية,2026/04/09,"36,145,449"
الخدمات الرقمية,عام,القطاع العام,خدمة إلكترونية,2026/04/09,"36,144,368"
الخدمات الرقمية,عام,القطاع العام,خدمة إلكترونية,2026/04/09,"36,146,330"
الخدمات الرقمية,عام,القطاع العام,خدمة إلكترونية,2026/04/09,"36,143,879"
الخدمات الرقمية,عام,القطاع العام,خدمة إلكترونية,2026/04/09,"36,149,019"
الخدمات الرقمية,عام,القطاع العام,خدمة إلكترونية,2026/04/09,"36,142,114"
الخدمات الرقمية,عام,القطاع العام,خدمة إلكترونية,2026/04/09,"36,143,928"
الخدمات الرقمية,عام,القطاع العام,خدمة إلكترونية,2026/04/09,"36,144,856"
الخدمات الرقمية,عام,القطاع العام,خدمة إلكترونية,2026/04/09,"36,153,756"
الخدمات الرقمية,عام,القطاع العام,خدمة إلكترونية,2026/04/09,"36,144,320"
الخدمات الرقمية,عام,القطاع العام,خدمة إلكترونية,2026/04/09,"36,146,930"
الخدمات الرقمية,عام,القطاع العام,خدمة إلكترونية,2026/04/09,"36,153,678"
الخدمات الرقمية,عام,القطاع العام,خدمة إلكترونية,2026/04/09,"36,153,285"
الخدمات الرقمية,عام,القطاع العام,خدمة إلكترونية,2026/04/09,"36,147,975"
الخدمات الرقمية,عام,القطاع العام,خدمة إلكترونية,2026/04/09,"36,150,428"
الخدمات الرقمية,عام,القطاع العام,خدمة إلكترونية,2026/04/09,"36,151,030"
الخدمات الرقمية,عام,القطاع العام,خدمة إلكترونية,2026/04/09,"36,156,513"
الخدمات الرقمية,عام,القطاع العام,خدمة إلكترونية,2026/04/09,"36,153,822"
الخدمات الرقمية,عام,القطاع العام,خدمة إلكترونية,2026/04/09,"36,150,082"
الخدمات الرقمية,عام,القطاع العام,خدمة إلكترونية,2026/04/09,"36,157,750"
الخدمات الرقمية,عام,القطاع العام,خدمة إلكترونية,2026/04/09,"36,153,530"
الخدمات الرقمية,عام,القطاع العام,خدمة إلكترونية,2026/04/09,"36,149,808"
الخدمات الرقمية,عام,القطاع العام,خدمة إلكترونية,2026/04/09,"36,150,291"
الخدمات الرقمية,عام,القطاع العام,خدمة إلكترونية,2026/04/09,"36,153,198"
الخدمات الرقمية,عام,القطاع العام,خدمة إلكترونية,2026/04/09,"36,154,086"
الخدمات الرقمية,عام,القطاع العام,خدمة إلكترونية,2026/04/09,"36,156,957"
الخدمات الرقمية,عام,القطاع العام,خدمة إلكترونية,2026/04/09,"36,150,869"
الخدمات الرقمية,عام,القطاع العام,خدمة إلكترونية,2026/04/09,"36,155,509"
الخدمات الرقمية,عام,القطاع العام,خدمة إلكترونية,2026/04/09,"36,157,996"
الخدمات الرقمية,عام,القطاع العام,خدمة إلكترونية,2026/04/09,"36,158,448"
الخدمات الرقمية,عام,القطاع العام,خدمة إلكترونية,2026/04/09,"36,156,922"
الخدمات الرقمية,عام,القطاع العام,خدمة إلكترونية,2026/04/09,"36,157,942"
الخدمات الرقمية,عام,القطاع العام,خدمة إلكترونية,2026/04/09,"36,150,256"
الخدمات الرقمية,عام,القطاع العام,خدمة إلكترونية,2026/04/09,"36,144,251"
الخدمات الرقمية,عام,القطاع العام,خدمة إلكترونية,2026/04/09,"36,144,410"
الخدمات الرقمية,عام,القطاع العام,خدمة إلكترونية,2026/04/09,"36,145,642"
الخدمات الرقمية,عام,القطاع العام,خدمة إلكترونية,2026/04/09,"36,149,269"
الخدمات الرقمية,عام,القطاع العام,خدمة إلكترونية,2026/04/09,"36,143,813"
الخدمات الرقمية,عام,القطاع العام,خدمة إلكترونية,2026/04/09,"36,149,277"
الخدمات الرقمية,عام,القطاع العام,خدمة إلكترونية,2026/04/09,"36,143,372"
الخدمات الرقمية,عام,القطاع العام,خدمة إلكترونية,2026/04/09,"36,154,905"
الخدمات الرقمية,عام,القطاع العام,خدمة إلكترونية,2026/04/09,"36,150,625"
الخدمات الرقمية,عام,القطاع العام,خدمة إلكترونية,2026/04/09,"36,148,915"
الخدمات الرقمية,عام,القطاع العام,خدمة إلكترونية,2026/04/09,"36,155,323"
الخدمات الرقمية,عام,القطاع العام,خدمة إلكترونية,2026/04/09,"36,150,348"
الخدمات الرقمية,عام,القطاع العام,خدمة إلكترونية,2026/04/09,"36,150,451"
الخدمات الرقمية,عام,القطاع العام,خدمة إلكترونية,2026/04/09,"36,149,147"
الخدمات الرقمية,عام,القطاع العام,خدمة إلكترونية,2026/04/09,"36,156,487"
الخدمات الرقمية,عام,القطاع العام,خدمة إلكترونية,2026/04/09,"36,150,371"
الخدمات الرقمية,عام,القطاع العام,خدمة إلكترونية,2026/04/09,"36,145,182"
الخدمات الرقمية,عام,القطاع العام,خدمة إلكترونية,2026/04/09,"36,150,703"
الخدمات الرقمية,عام,القطاع العام,خدمة إلكترونية,2026/04/09,"36,157,108"
الخدمات الرقمية,عام,القطاع العام,خدمة إلكترونية,2026/04/09,"36,150,139"
الخدمات الرقمية,عام,القطاع العام,خدمة إلكترونية,2026/04/09,"36,152,321"
الخدمات الرقمية,عام,القطاع العام,خدمة إلكترونية,2026/04/09,"36,150,128"
الخدمات الرقمية,عام,القطاع العام,خدمة إلكترونية,2026/04/09,"36,145,381"
الخدمات الرقمية,عام,القطاع العام,خدمة إلكترونية,2026/04/09,"36,156,951"
الخدمات الرقمية,عام,القطاع العام,خدمة إلكترونية,2026/04/09,"36,150,345"
الخدمات الرقمية,عام,القطاع العام,خدمة إلكترونية,2026/04/09,"36,150,263"
الخدمات الرقمية,عام,القطاع العام,خدمة إلكترونية,2026/04/09,"36,154,426"
الخدمات الرقمية,عام,القطاع العام,خدمة إلكترونية,2026/04/09,"36,156,863"
الخدمات الرقمية,عام,القطاع العام,خدمة إلكترونية,2026/04/09,"36,144,508"
الخدمات الرقمية,عام,القطاع العام,خدمة إلكترونية,2026/04/09,"36,149,100"
الخدمات الرقمية,عام,القطاع العام,خدمة إلكترونية,2026/04/09,"36,158,405"
الخدمات الرقمية,عام,القطاع العام,خدمة إلكترونية,2026/04/09,"36,144,074"
الخدمات الرقمية,عام,القطاع العام,خدمة إلكترونية,2026/04/09,"36,150,595"
الخدمات الرقمية,عام,القطاع العام,خدمة إلكترونية,2026/04/09,"36,138,502"
الخدمات الرقمية,عام,القطاع العام,خدمة إلكترونية,2026/04/09,"36,150,608"
الخدمات الرقمية,عام,القطاع العام,خدمة إلكترونية,2026/04/09,"36,145,190"
الخدمات الرقمية,عام,القطاع العام,خدمة إلكترونية,2026/04/09,"36,156,079"
الخدمات الرقمية,عام,القطاع العام,خدمة إلكترونية,2026/04/09,"36,145,169"
الخدمات الرقمية,عام,القطاع العام,خدمة إلكترونية,2026/04/09,"36,149,876"
الخدمات الرقمية,عام,القطاع العام,خدمة إلكترونية,2026/04/09,"36,149,366"
الخدمات الرقمية,عام,القطاع العام,خدمة إلكترونية,2026/04/09,"36,156,342"
الخدمات الرقمية,عام,القطاع العام,خدمة إلكترونية,2026/04/09,"36,156,238"
الخدمات الرقمية,عام,القطاع العام,خدمة إلكترونية,2026/04/09,"36,156,284"
الخدمات الرقمية,عام,القطاع العام,خدمة إلكترونية,2026/04/09,"36,156,314"
الخدمات الرقمية,عام,القطاع العام,خدمة إلكترونية,2026/04/09,"36,150,445"
الخدمات الرقمية,عام,القطاع العام,خدمة إلكترونية,2026/04/09,"36,150,323"
الخدمات الرقمية,عام,القطاع العام,خدمة إلكترونية,2026/04/09,"36,151,893"
الخدمات الرقمية,عام,القطاع العام,خدمة إلكترونية,2026/04/09,"36,153,050"
الخدمات الرقمية,عام,القطاع العام,خدمة إلكترونية,2026/04/09,"36,152,437"
الخدمات الرقمية,عام,القطاع العام,خدمة إلكترونية,2026/04/09,"36,158,643"
الخدمات الرقمية,عام,القطاع العام,خدمة إلكترونية,2026/04/09,"36,153,281"
الخدمات الرقمية,عام,القطاع العام,خدمة إلكترونية,2026/04/09,"36,157,979"
الخدمات الرقمية,عام,القطاع العام,خدمة إلكترونية,2026/04/09,"36,158,785"
الخدمات الرقمية,عام,القطاع العام,خدمة إلكترونية,2026/04/09,"36,150,717"
الخدمات الرقمية,عام,القطاع العام,خدمة إلكترونية,2026/04/09,"36,158,761"
الخدمات الرقمية,عام,القطاع العام,خدمة إلكترونية,2026/04/09,"36,157,939"
الخدمات الرقمية,عام,القطاع العام,خدمة إلكترونية,2026/04/09,"36,159,386"
الخدمات الرقمية,عام,القطاع العام,خدمة إلكترونية,2026/04/09,"36,151,688"
الخدمات الرقمية,عام,القطاع العام,خدمة إلكترونية,2026/04/09,"36,158,967"
الخدمات الرقمية,عام,القطاع العام,خدمة إلكترونية,2026/04/09,"36,151,728"
الخدمات الرقمية,عام,القطاع العام,خدمة إلكترونية,2026/04/09,"36,158,588"
الخدمات الرقمية,عام,القطاع العام,خدمة إلكترونية,2026/04/09,"36,158,877"
الخدمات الرقمية,عام,القطاع العام,خدمة إلكترونية,2026/04/09,"36,159,215"
الخدمات الرقمية,عام,القطاع العام,خدمة إلكترونية,2026/04/09,"36,159,447"
الخدمات الرقمية,عام,القطاع العام,خدمة إلكترونية,2026/04/09,"36,157,889"
الخدمات الرقمية,عام,القطاع العام,خدمة إلكترونية,2026/04/09,"36,157,819"
الخدمات الرقمية,عام,القطاع العام,خدمة إلكترونية,2026/04/09,"36,158,422"
الخدمات الرقمية,عام,القطاع العام,خدمة إلكترونية,2026/04/09,"36,159,033"
الخدمات الرقمية,عام,القطاع العام,خدمة إلكترونية,2026/04/09,"36,159,256"
الخدمات الرقمية,عام,القطاع العام,خدمة إلكترونية,2026/04/09,"36,159,296"
الخدمات الرقمية,عام,القطاع العام,خدمة إلكترونية,2026/04/09,"36,150,102"
الخدمات الرقمية,عام,القطاع العام,خدمة إلكترونية,2026/04/09,"36,158,659"
الخدمات الرقمية,عام,القطاع العام,خدمة إلكترونية,2026/04/09,"36,159,128"
الخدمات الرقمية,عام,القطاع العام,خدمة إلكترونية,2026/04/09,"36,158,475"
الخدمات الرقمية,عام,القطاع العام,خدمة إلكترونية,2026/04/09,"36,158,191"
الخدمات الرقمية,عام,القطاع العام,خدمة إلكترونية,2026/04/09,"36,159,418"
الخدمات الرقمية,عام,القطاع العام,خدمة إلكترونية,2026/04/09,"36,158,815"
الخدمات الرقمية,عام,القطاع العام,خدمة إلكترونية,2026/04/09,"36,158,927"
الخدمات الرقمية,عام,القطاع العام,خدمة إلكترونية,2026/04/09,"36,159,088"
الخدمات الرقمية,عام,القطاع العام,خدمة إلكترونية,2026/04/09,"36,153,114"
الخدمات الرقمية,عام,القطاع العام,خدمة إلكترونية,2026/04/09,"36,153,196"
الخدمات الرقمية,عام,القطاع العام,خدمة إلكترونية,2026/04/09,"36,152,125"
الخدمات الرقمية,عام,القطاع العام,خدمة إلكترونية,2026/04/09,"36,153,346"
الخدمات الرقمية,عام,القطاع العام,خدمة إلكترونية,2026/04/09,"36,151,540"
الخدمات الرقمية,عام,القطاع العام,خدمة إلكترونية,2026/04/09,"36,158,346"
الخدمات الرقمية,عام,القطاع العام,خدمة إلكترونية,2026/04/09,"36,152,368"
الخدمات الرقمية,عام,القطاع العام,خدمة إلكترونية,2026/04/09,"36,158,131"
الخدمات الرقمية,عام,القطاع العام,خدمة إلكترونية,2026/04/09,"36,158,019"
الخدمات الرقمية,عام,القطاع العام,خدمة إلكترونية,2026/04/09,"36,152,304"
الخدمات الرقمية,عام,القطاع العام,خدمة إلكترونية,2026/04/09,"36,157,790"
الخدمات الرقمية,عام,القطاع العام,خدمة إلكترونية,2026/04/09,"36,152,051"
الخدمات الرقمية,عام,القطاع العام,خدمة إلكترونية,2026/04/09,"36,157,675"
الخدمات الرقمية,عام,القطاع العام,خدمة إلكترونية,2026/04/09,"36,159,065"
الخدمات الرقمية,عام,القطاع العام,خدمة إلكترونية,2026/04/09,"36,158,698"
الخدمات الرقمية,عام,القطاع العام,خدمة إلكترونية,2026/04/09,"36,157,596"
الخدمات الرقمية,عام,القطاع العام,خدمة إلكترونية,2026/04/09,"36,153,431"
الخدمات الرقمية,عام,القطاع العام,خدمة إلكترونية,2026/04/09,"36,150,828"
الخدمات الرقمية,عام,القطاع العام,خدمة إلكترونية,2026/04/09,"36,159,366"
الخدمات الرقمية,عام,القطاع العام,خدمة إلكترونية,2026/04/09,"36,157,646"
الخدمات الرقمية,عام,القطاع العام,خدمة إلكترونية,2026/04/09,"36,158,837"
الخدمات الرقمية,عام,القطاع العام,خدمة إلكترونية,2026/04/09,"36,159,005"
الخدمات الرقمية,عام,القطاع العام,خدمة إلكترونية,2026/04/09,"36,158,562"
الخدمات الرقمية,عام,القطاع العام,خدمة إلكترونية,2026/04/09,"36,158,481"
الخدمات الرقمية,عام,القطاع العام,خدمة إلكترونية,2026/04/09,"36,159,166"
الخدمات الرقمية,عام,القطاع العام,خدمة إلكترونية,2026/04/09,"36,159,176"
الخدمات الرقمية,عام,القطاع العام,خدمة إلكترونية,2026/04/09,"36,158,280"
الخدمات الرقمية,عام,القطاع العام,خدمة إلكترونية,2026/04/09,"36,150,270"
الخدمات الرقمية,عام,القطاع العام,خدمة إلكترونية,2026/04/09,"36,159,119"
الخدمات الرقمية,عام,القطاع العام,خدمة إلكترونية,2026/04/09,"36,152,157"
الخدمات الرقمية,عام,القطاع العام,خدمة إلكترونية,2026/04/09,"36,159,408"
الخدمات الرقمية,عام,القطاع العام,خدمة إلكترونية,2026/04/09,"36,158,409"
الخدمات الرقمية,عام,القطاع العام,خدمة إلكترونية,2026/04/09,"36,158,219"
الخدمات الرقمية,عام,القطاع العام,خدمة إلكترونية,2026/04/09,"36,158,105"
الخدمات الرقمية,عام,القطاع العام,خدمة إلكترونية,2026/04/09,"36,159,097"
الخدمات الرقمية,عام,القطاع العام,خدمة إلكترونية,2026/04/09,"36,158,514"
الخدمات الرقمية,عام,القطاع العام,خدمة إلكترونية,2026/04/09,"36,159,484"
الخدمات الرقمية,عام,القطاع العام,خدمة إلكترونية,2026/04/09,"36,159,525"
الخدمات الرقمية,عام,القطاع العام,خدمة إلكترونية,2026/04/09,"36,159,330"
الخدمات الرقمية,عام,القطاع العام,خدمة إلكترونية,2026/04/09,"36,142,438"
الخدمات الرقمية,عام,القطاع العام,خدمة إلكترونية,2026/04/09,"36,144,056"
الخدمات الرقمية,عام,القطاع العام,خدمة إلكترونية,2026/04/09,"36,142,537"
الخدمات الرقمية,عام,القطاع العام,خدمة إلكترونية,2026/04/09,"36,142,663"
الخدمات الرقمية,عام,القطاع العام,خدمة إلكترونية,2026/04/09,"36,142,811"
الخدمات الرقمية,عام,القطاع العام,خدمة إلكترونية,2026/04/09,"36,142,821"
الخدمات الرقمية,عام,القطاع العام,خدمة إلكترونية,2026/04/09,"36,142,746"
الخدمات الرقمية,عام,القطاع العام,خدمة إلكترونية,2026/04/09,"36,143,845"
الخدمات الرقمية,عام,القطاع العام,خدمة إلكترونية,2026/04/09,"36,144,199"
الخدمات الرقمية,عام,القطاع العام,خدمة إلكترونية,2026/04/09,"36,143,059"
الخدمات الرقمية,عام,القطاع العام,خدمة إلكترونية,2026/04/09,"36,143,743"
الخدمات الرقمية,عام,القطاع العام,خدمة إلكترونية,2026/04/09,"36,147,131"
الخدمات الرقمية,عام,القطاع العام,خدمة إلكترونية,2026/04/09,"36,144,071"
الخدمات الرقمية,عام,القطاع العام,خدمة إلكترونية,2026/04/09,"36,142,983"
الخدمات الرقمية,عام,القطاع العام,خدمة إلكترونية,2026/04/09,"36,142,662"
الخدمات الرقمية,عام,القطاع العام,خدمة إلكترونية,2026/04/09,"36,142,744"
الخدمات الرقمية,عام,القطاع العام,خدمة إلكترونية,2026/04/09,"36,142,657"
الخدمات الرقمية,عام,القطاع العام,خدمة إلكترونية,2026/04/09,"36,143,152"
الخدمات الرقمية,عام,القطاع العام,خدمة إلكترونية,2026/04/09,"36,142,815"
الخدمات الرقمية,عام,القطاع العام,خدمة إلكترونية,2026/04/09,"36,142,519"
الخدمات الرقمية,عام,القطاع العام,خدمة إلكترونية,2026/04/09,"36,147,124"
الخدمات الرقمية,عام,القطاع العام,خدمة إلكترونية,2026/04/09,"36,142,816"
الخدمات الرقمية,عام,القطاع العام,خدمة إلكترونية,2026/04/09,"36,145,823"
الخدمات الرقمية,عام,القطاع العام,خدمة إلكترونية,2026/04/09,"36,146,940"
الخدمات الرقمية,عام,القطاع العام,خدمة إلكترونية,2026/04/09,"36,147,110"
الخدمات الرقمية,عام,القطاع العام,خدمة إلكترونية,2026/04/09,"36,143,235"
الخدمات الرقمية,عام,القطاع العام,خدمة إلكترونية,2026/04/09,"36,142,995"
الخدمات الرقمية,عام,القطاع العام,خدمة إلكترونية,2026/04/09,"36,143,747"
الخدمات الرقمية,عام,القطاع العام,خدمة إلكترونية,2026/04/09,"36,144,362"
الخدمات الرقمية,عام,القطاع العام,خدمة إلكترونية,2026/04/09,"36,142,656"
الخدمات الرقمية,عام,القطاع العام,خدمة إلكترونية,2026/04/09,"36,142,740"
الخدمات الرقمية,عام,القطاع العام,خدمة إلكترونية,2026/04/09,"36,149,357"
الخدمات الرقمية,عام,القطاع العام,خدمة إلكترونية,2026/04/09,"36,142,532"
الخدمات الرقمية,عام,القطاع العام,خدمة إلكترونية,2026/04/09,"36,143,144"
الخدمات الرقمية,عام,القطاع العام,خدمة إلكترونية,2026/04/09,"36,149,498"
الخدمات الرقمية,عام,القطاع العام,خدمة إلكترونية,2026/04/09,"36,147,347"
الخدمات الرقمية,عام,القطاع العام,خدمة إلكترونية,2026/04/09,"36,142,901"
الخدمات الرقمية,عام,القطاع العام,خدمة إلكترونية,2026/04/09,"36,144,062"
الخدمات الرقمية,عام,القطاع العام,خدمة إلكترونية,2026/04/09,"36,142,524"
الخدمات الرقمية,عام,القطاع العام,خدمة إلكترونية,2026/04/09,"36,142,646"
الخدمات الرقمية,عام,القطاع العام,خدمة إلكترونية,2026/04/09,"36,147,935"
الخدمات الرقمية,عام,القطاع العام,خدمة إلكترونية,2026/04/09,"36,142,440"
الخدمات الرقمية,عام,القطاع العام,خدمة إلكترونية,2026/04/09,"36,142,806"
الخدمات الرقمية,عام,القطاع العام,خدمة إلكترونية,2026/04/09,"36,144,195"
الخدمات الرقمية,عام,القطاع العام,خدمة إلكترونية,2026/04/09,"36,148,879"
الخدمات الرقمية,عام,القطاع العام,خدمة إلكترونية,2026/04/09,"36,145,607"
الخدمات الرقمية,عام,القطاع العام,خدمة إلكترونية,2026/04/09,"36,147,344"
الخدمات الرقمية,عام,القطاع العام,خدمة إلكترونية,2026/04/09,"36,151,201"
الخدمات الرقمية,عام,القطاع العام,خدمة إلكترونية,2026/04/09,"36,145,811"
الخدمات الرقمية,عام,القطاع العام,خدمة إلكترونية,2026/04/09,"36,147,740"
الخدمات الرقمية,عام,القطاع العام,خدمة إلكترونية,2026/04/09,"36,143,847"
الخدمات الرقمية,عام,القطاع العام,خدمة إلكترونية,2026/04/09,"36,144,221"
الخدمات الرقمية,عام,القطاع العام,خدمة إلكترونية,2026/04/09,"36,144,359"
الخدمات الرقمية,عام,القطاع العام,خدمة إلكترونية,2026/04/09,"36,147,737"
الخدمات الرقمية,عام,القطاع العام,خدمة إلكترونية,2026/04/09,"36,147,150"
الخدمات الرقمية,عام,القطاع العام,خدمة إلكترونية,2026/04/09,"36,144,348"
الخدمات الرقمية,عام,القطاع العام,خدمة إلكترونية,2026/04/09,"36,147,098"
الخدمات الرقمية,عام,القطاع العام,خدمة إلكترونية,2026/04/09,"36,142,529"
الخدمات الرقمية,عام,القطاع العام,خدمة إلكترونية,2026/04/09,"36,142,648"
الخدمات الرقمية,عام,القطاع العام,خدمة إلكترونية,2026/04/09,"36,142,810"
الخدمات الرقمية,عام,القطاع العام,خدمة إلكترونية,2026/04/09,"36,147,171"
الخدمات الرقمية,عام,القطاع العام,خدمة إلكترونية,2026/04/09,"36,154,311"
الخدمات الرقمية,عام,القطاع العام,خدمة إلكترونية,2026/04/09,"36,142,439"
الخدمات الرقمية,عام,القطاع العام,خدمة إلكترونية,2026/04/09,"36,142,541"
الخدمات الرقمية,عام,القطاع العام,خدمة إلكترونية,2026/04/09,"36,142,817"
الخدمات الرقمية,عام,القطاع العام,خدمة إلكترونية,2026/04/09,"36,142,987"
الخدمات الرقمية,عام,القطاع العام,خدمة إلكترونية,2026/04/09,"36,147,142"
الخدمات الرقمية,عام,القطاع العام,خدمة إلكترونية,2026/04/09,"36,149,497"
الخدمات الرقمية,عام,القطاع العام,خدمة إلكترونية,2026/04/09,"36,142,738"
الخدمات الرقمية,عام,القطاع العام,خدمة إلكترونية,2026/04/09,"36,143,735"
الخدمات الرقمية,عام,القطاع العام,خدمة إلكترونية,2026/04/09,"36,144,197"
الخدمات الرقمية,عام,القطاع العام,خدمة إلكترونية,2026/04/09,"36,142,814"
الخدمات الرقمية,عام,القطاع العام,خدمة إلكترونية,2026/04/09,"36,149,669"
الخدمات الرقمية,عام,القطاع العام,خدمة إلكترونية,2026/04/09,"36,143,058"
الخدمات الرقمية,عام,القطاع العام,خدمة إلكترونية,2026/04/09,"36,148,896"
الخدمات الرقمية,عام,القطاع العام,خدمة إلكترونية,2026/04/09,"36,151,373"
الخدمات الرقمية,عام,القطاع العام,خدمة إلكترونية,2026/04/09,"36,142,513"
الخدمات الرقمية,عام,القطاع العام,خدمة إلكترونية,2026/04/09,"36,142,645"
الخدمات الرقمية,عام,القطاع العام,خدمة إلكترونية,2026/04/09,"36,142,644"
الخدمات الرقمية,عام,القطاع العام,خدمة إلكترونية,2026/04/09,"36,142,733"
الخدمات الرقمية,عام,القطاع العام,خدمة إلكترونية,2026/04/09,"36,148,895"
الخدمات الرقمية,عام,القطاع العام,خدمة إلكترونية,2026/04/09,"36,144,438"
الخدمات الرقمية,عام,القطاع العام,خدمة إلكترونية,2026/04/09,"36,145,806"
الخدمات الرقمية,عام,القطاع العام,خدمة إلكترونية,2026/04/09,"36,145,987"
الخدمات الرقمية,عام,القطاع العام,خدمة إلكترونية,2026/04/09,"36,142,980"
الخدمات الرقمية,عام,القطاع العام,خدمة إلكترونية,2026/04/09,"36,143,143"
الخدمات الرقمية,عام,القطاع العام,خدمة إلكترونية,2026/04/09,"36,144,360"
الخدمات الرقمية,عام,القطاع العام,خدمة إلكترونية,2026/04/09,"36,143,726"
الخدمات الرقمية,عام,القطاع العام,خدمة إلكترونية,2026/04/09,"36,145,816"
الخدمات الرقمية,عام,القطاع العام,خدمة إلكترونية,2026/04/09,"36,143,740"
الخدمات الرقمية,عام,القطاع العام,خدمة إلكترونية,2026/04/09,"36,142,736"
الخدمات الرقمية,عام,القطاع العام,خدمة إلكترونية,2026/04/09,"36,143,148"
الخدمات الرقمية,عام,القطاع العام,خدمة إلكترونية,2026/04/09,"36,143,731"
الخدمات الرقمية,عام,القطاع العام,خدمة إلكترونية,2026/04/09,"36,142,533"
الخدمات الرقمية,عام,القطاع العام,خدمة إلكترونية,2026/04/09,"36,142,742"
الخدمات الرقمية,عام,القطاع العام,خدمة إلكترونية,2026/04/09,"36,144,356"
الخدمات الرقمية,عام,القطاع العام,خدمة إلكترونية,2026/04/09,"36,153,606"
الخدمات الرقمية,عام,القطاع العام,خدمة إلكترونية,2026/04/09,"36,147,148"
الخدمات الرقمية,عام,القطاع العام,خدمة إلكترونية,2026/04/09,"36,148,876"
الخدمات الرقمية,عام,القطاع العام,خدمة إلكترونية,2026/04/09,"36,144,350"
الخدمات الرقمية,عام,القطاع العام,خدمة إلكترونية,2026/04/09,"36,143,837"
الخدمات الرقمية,عام,القطاع العام,خدمة إلكترونية,2026/04/09,"36,142,907"
الخدمات الرقمية,عام,القطاع العام,خدمة إلكترونية,2026/04/09,"36,145,609"
الخدمات الرقمية,عام,القطاع العام,خدمة إلكترونية,2026/04/09,"36,142,734"
الخدمات الرقمية,عام,القطاع العام,خدمة إلكترونية,2026/04/09,"36,145,624"
الخدمات الرقمية,عام,القطاع العام,خدمة إلكترونية,2026/04/09,"36,143,240"
الخدمات الرقمية,عام,القطاع العام,خدمة إلكترونية,2026/04/09,"36,143,611"
الخدمات الرقمية,عام,القطاع العام,خدمة إلكترونية,2026/04/09,"36,145,958"
الخدمات الرقمية,عام,القطاع العام,خدمة إلكترونية,2026/04/09,"36,151,177"
الخدمات الرقمية,عام,القطاع العام,خدمة إلكترونية,2026/04/09,"36,147,111"
الخدمات الرقمية,عام,القطاع العام,خدمة إلكترونية,2026/04/09,"36,145,802"
الخدمات الرقمية,عام,القطاع العام,خدمة إلكترونية,2026/04/09,"36,147,931"
الخدمات الرقمية,عام,القطاع العام,خدمة إلكترونية,2026/04/09,"36,149,521"
الخدمات الرقمية,عام,القطاع العام,خدمة إلكترونية,2026/04/09,"36,151,338"
الخدمات الرقمية,عام,القطاع العام,خدمة إلكترونية,2026/04/09,"36,153,992"
الخدمات الرقمية,عام,القطاع العام,خدمة إلكترونية,2026/04/09,"36,142,805"
الخدمات الرقمية,عام,القطاع العام,خدمة إلكترونية,2026/04/09,"36,142,904"
الخدمات الرقمية,عام,القطاع العام,خدمة إلكترونية,2026/04/09,"36,152,848"
الخدمات الرقمية,عام,القطاع العام,خدمة إلكترونية,2026/04/09,"36,143,054"
الخدمات الرقمية,عام,القطاع العام,خدمة إلكترونية,2026/04/09,"36,151,179"
الخدمات الرقمية,عام,القطاع العام,خدمة إلكترونية,2026/04/09,"36,143,851"
الخدمات الرقمية,عام,القطاع العام,خدمة إلكترونية,2026/04/09,"36,142,732"
الخدمات الرقمية,عام,القطاع العام,خدمة إلكترونية,2026/04/09,"36,145,988"
الخدمات الرقمية,عام,القطاع العام,خدمة إلكترونية,2026/04/09,"36,149,520"
الخدمات الرقمية,عام,القطاع العام,خدمة إلكترونية,2026/04/09,"36,142,441"
الخدمات الرقمية,عام,القطاع العام,خدمة إلكترونية,2026/04/09,"36,142,436"
الخدمات الرقمية,عام,القطاع العام,خدمة إلكترونية,2026/04/09,"36,142,990"
الخدمات الرقمية,عام,القطاع العام,خدمة إلكترونية,2026/04/09,"36,147,345"
الخدمات الرقمية,عام,القطاع العام,خدمة إلكترونية,2026/04/09,"36,143,836"
الخدمات الرقمية,عام,القطاع العام,خدمة إلكترونية,2026/04/09,"36,151,173"
الخدمات الرقمية,عام,القطاع العام,خدمة إلكترونية,2026/04/09,"36,145,822"
الخدمات الرقمية,عام,القطاع العام,خدمة إلكترونية,2026/04/09,"36,143,150"
الخدمات الرقمية,عام,القطاع العام,خدمة إلكترونية,2026/04/09,"36,143,161"
الخدمات الرقمية,عام,القطاع العام,خدمة إلكترونية,2026/04/09,"36,147,108"
الخدمات الرقمية,عام,القطاع العام,خدمة إلكترونية,2026/04/09,"36,142,801"
الخدمات الرقمية,عام,القطاع العام,خدمة إلكترونية,2026/04/09,"36,143,239"
الخدمات الرقمية,عام,القطاع العام,خدمة إلكترونية,2026/04/09,"36,143,835"
الخدمات الرقمية,عام,القطاع العام,خدمة إلكترونية,2026/04/09,"36,149,496"
الخدمات الرقمية,عام,القطاع العام,خدمة إلكترونية,2026/04/09,"36,144,358"
الخدمات الرقمية,عام,القطاع العام,خدمة إلكترونية,2026/04/09,"36,148,894"
الخدمات الرقمية,عام,القطاع العام,خدمة إلكترونية,2026/04/09,"36,147,109"
الخدمات الرقمية,عام,القطاع العام,خدمة إلكترونية,2026/04/09,"36,144,347"
الخدمات الرقمية,عام,القطاع العام,خدمة إلكترونية,2026/04/09,"36,145,810"
الخدمات الرقمية,عام,القطاع العام,خدمة إلكترونية,2026/04/09,"36,147,130"
الخدمات الرقمية,عام,القطاع العام,خدمة إلكترونية,2026/04/09,"36,142,660"
الخدمات الرقمية,عام,القطاع العام,خدمة إلكترونية,2026/04/09,"36,143,154"
الخدمات الرقمية,عام,القطاع العام,خدمة إلكترونية,2026/04/09,"36,143,146"
الخدمات الرقمية,عام,القطاع العام,خدمة إلكترونية,2026/04/09,"36,144,063"
الخدمات الرقمية,عام,القطاع العام,خدمة إلكترونية,2026/04/09,"36,143,737"
الخدمات الرقمية,عام,القطاع العام,خدمة إلكترونية,2026/04/09,"36,147,712"
الخدمات الرقمية,عام,القطاع العام,خدمة إلكترونية,2026/04/09,"36,147,938"
الخدمات الرقمية,عام,القطاع العام,خدمة إلكترونية,2026/04/09,"36,147,156"
الخدمات الرقمية,عام,القطاع العام,خدمة إلكترونية,2026/04/09,"36,142,535"
الخدمات الرقمية,عام,القطاع العام,خدمة إلكترونية,2026/04/09,"36,143,608"
الخدمات الرقمية,عام,القطاع العام,خدمة إلكترونية,2026/04/09,"36,144,192"
الخدمات الرقمية,عام,القطاع العام,خدمة إلكترونية,2026/04/09,"36,148,889"
الخدمات الرقمية,عام,القطاع العام,خدمة إلكترونية,2026/04/09,"36,147,095"
الخدمات الرقمية,عام,القطاع العام,خدمة إلكترونية,2026/04/09,"36,149,672"
الخدمات الرقمية,عام,القطاع العام,خدمة إلكترونية,2026/04/09,"36,143,055"
الخدمات الرقمية,عام,القطاع العام,خدمة إلكترونية,2026/04/10,"36,173,935"
الخدمات الرقمية,عام,القطاع العام,خدمة إلكترونية,2026/04/10,"36,166,839"
الخدمات الرقمية,عام,القطاع العام,خدمة إلكترونية,2026/04/10,"36,166,866"
الخدمات الرقمية,عام,القطاع العام,خدمة إلكترونية,2026/04/10,"36,168,641"
الخدمات الرقمية,عام,القطاع العام,خدمة إلكترونية,2026/04/10,"36,168,671"
الخدمات الرقمية,عام,القطاع العام,خدمة إلكترونية,2026/04/10,"36,171,660"
الخدمات الرقمية,عام,القطاع العام,خدمة إلكترونية,2026/04/10,"36,166,763"
الخدمات الرقمية,عام,القطاع العام,خدمة إلكترونية,2026/04/10,"36,168,724"
الخدمات الرقمية,عام,القطاع العام,خدمة إلكترونية,2026/04/10,"36,169,900"
الخدمات الرقمية,عام,القطاع العام,خدمة إلكترونية,2026/04/10,"36,170,339"
الخدمات الرقمية,عام,القطاع العام,خدمة إلكترونية,2026/04/10,"36,170,265"
الخدمات الرقمية,عام,القطاع العام,خدمة إلكترونية,2026/04/10,"36,171,515"
الخدمات الرقمية,عام,القطاع العام,خدمة إلكترونية,2026/04/10,"36,168,386"
الخدمات الرقمية,عام,القطاع العام,خدمة إلكترونية,2026/04/10,"36,168,416"
الخدمات الرقمية,عام,القطاع العام,خدمة إلكترونية,2026/04/10,"36,168,580"
الخدمات الرقمية,عام,القطاع العام,خدمة إلكترونية,2026/04/10,"36,169,151"
الخدمات الرقمية,عام,القطاع العام,خدمة إلكترونية,2026/04/10,"36,169,859"
الخدمات الرقمية,عام,القطاع العام,خدمة إلكترونية,2026/04/10,"36,169,981"
الخدمات الرقمية,عام,القطاع العام,خدمة إلكترونية,2026/04/10,"36,170,306"
الخدمات الرقمية,عام,القطاع العام,خدمة إلكترونية,2026/04/10,"36,171,632"
الخدمات الرقمية,عام,القطاع العام,خدمة إلكترونية,2026/04/10,"36,169,102"
الخدمات الرقمية,عام,القطاع العام,خدمة إلكترونية,2026/04/10,"36,170,902"
الخدمات الرقمية,عام,القطاع العام,خدمة إلكترونية,2026/04/10,"36,171,371"
الخدمات الرقمية,عام,القطاع العام,خدمة إلكترونية,2026/04/10,"36,171,729"
الخدمات الرقمية,عام,القطاع العام,خدمة إلكترونية,2026/04/10,"36,166,553"
الخدمات الرقمية,عام,القطاع العام,خدمة إلكترونية,2026/04/10,"36,166,798"
الخدمات الرقمية,عام,القطاع العام,خدمة إلكترونية,2026/04/10,"36,166,945"
الخدمات الرقمية,عام,القطاع العام,خدمة إلكترونية,2026/04/10,"36,170,737"
الخدمات الرقمية,عام,القطاع العام,خدمة إلكترونية,2026/04/10,"36,171,316"
الخدمات الرقمية,عام,القطاع العام,خدمة إلكترونية,2026/04/10,"36,171,477"
الخدمات الرقمية,عام,القطاع العام,خدمة إلكترونية,2026/04/10,"36,168,907"
الخدمات الرقمية,عام,القطاع العام,خدمة إلكترونية,2026/04/10,"36,169,200"
الخدمات الرقمية,عام,القطاع العام,خدمة إلكترونية,2026/04/10,"36,171,274"
الخدمات الرقمية,عام,القطاع العام,خدمة إلكترونية,2026/04/10,"36,171,433"
الخدمات الرقمية,عام,القطاع العام,خدمة إلكترونية,2026/04/10,"36,167,132"
الخدمات الرقمية,عام,القطاع العام,خدمة إلكترونية,2026/04/10,"36,167,162"
الخدمات الرقمية,عام,القطاع العام,خدمة إلكترونية,2026/04/10,"36,169,017"
الخدمات الرقمية,عام,القطاع العام,خدمة إلكترونية,2026/04/10,"36,168,749"
الخدمات الرقمية,عام,القطاع العام,خدمة إلكترونية,2026/04/10,"36,166,530"
الخدمات الرقمية,عام,القطاع العام,خدمة إلكترونية,2026/04/10,"36,168,925"
الخدمات الرقمية,عام,القطاع العام,خدمة إلكترونية,2026/04/10,"36,170,041"
الخدمات الرقمية,عام,القطاع العام,خدمة إلكترونية,2026/04/10,"36,170,461"
الخدمات الرقمية,عام,القطاع العام,خدمة إلكترونية,2026/04/10,"36,171,754"
الخدمات الرقمية,عام,القطاع العام,خدمة إلكترونية,2026/04/10,"36,166,831"
الخدمات الرقمية,عام,القطاع العام,خدمة إلكترونية,2026/04/10,"36,168,983"
الخدمات الرقمية,عام,القطاع العام,خدمة إلكترونية,2026/04/10,"36,170,875"
الخدمات الرقمية,عام,القطاع العام,خدمة إلكترونية,2026/04/10,"36,166,912"
الخدمات الرقمية,عام,القطاع العام,خدمة إلكترونية,2026/04/10,"36,170,128"
الخدمات الرقمية,عام,القطاع العام,خدمة إلكترونية,2026/04/10,"36,168,430"
الخدمات الرقمية,عام,القطاع العام,خدمة إلكترونية,2026/04/10,"36,168,633"
الخدمات الرقمية,عام,القطاع العام,خدمة إلكترونية,2026/04/10,"36,169,956"
الخدمات الرقمية,عام,القطاع العام,خدمة إلكترونية,2026/04/10,"36,170,119"
الخدمات الرقمية,عام,القطاع العام,خدمة إلكترونية,2026/04/10,"36,170,410"
الخدمات الرقمية,عام,القطاع العام,خدمة إلكترونية,2026/04/10,"36,170,774"
الخدمات الرقمية,عام,القطاع العام,خدمة إلكترونية,2026/04/10,"36,171,293"
الخدمات الرقمية,عام,القطاع العام,خدمة إلكترونية,2026/04/10,"36,171,408"
الخدمات الرقمية,عام,القطاع العام,خدمة إلكترونية,2026/04/10,"36,171,539"
الخدمات الرقمية,عام,القطاع العام,خدمة إلكترونية,2026/04/10,"36,166,609"
الخدمات الرقمية,عام,القطاع العام,خدمة إلكترونية,2026/04/10,"36,168,485"
الخدمات الرقمية,عام,القطاع العام,خدمة إلكترونية,2026/04/10,"36,169,785"
الخدمات الرقمية,عام,القطاع العام,خدمة إلكترونية,2026/04/10,"36,171,724"
الخدمات الرقمية,عام,القطاع العام,خدمة إلكترونية,2026/04/10,"36,170,400"
الخدمات الرقمية,عام,القطاع العام,خدمة إلكترونية,2026/04/10,"36,167,078"
الخدمات الرقمية,عام,القطاع العام,خدمة إلكترونية,2026/04/10,"36,170,278"
الخدمات الرقمية,عام,القطاع العام,خدمة إلكترونية,2026/04/10,"36,170,790"
الخدمات الرقمية,عام,القطاع العام,خدمة إلكترونية,2026/04/10,"36,169,143"
الخدمات الرقمية,عام,القطاع العام,خدمة إلكترونية,2026/04/10,"36,168,754"
الخدمات الرقمية,عام,القطاع العام,خدمة إلكترونية,2026/04/10,"36,170,112"
الخدمات الرقمية,عام,القطاع العام,خدمة إلكترونية,2026/04/10,"36,171,499"
الخدمات الرقمية,عام,القطاع العام,خدمة إلكترونية,2026/04/10,"36,171,687"
الخدمات الرقمية,عام,القطاع العام,خدمة إلكترونية,2026/04/10,"36,171,786"
الخدمات الرقمية,عام,القطاع العام,خدمة إلكترونية,2026/04/10,"36,166,823"
الخدمات الرقمية,عام,القطاع العام,خدمة إلكترونية,2026/04/10,"36,171,322"
الخدمات الرقمية,عام,القطاع العام,خدمة إلكترونية,2026/04/10,"36,170,808"
الخدمات الرقمية,عام,القطاع العام,خدمة إلكترونية,2026/04/10,"36,171,258"
الخدمات الرقمية,عام,القطاع العام,خدمة إلكترونية,2026/04/10,"36,170,544"
الخدمات الرقمية,عام,القطاع العام,خدمة إلكترونية,2026/04/10,"36,171,566"
الخدمات الرقمية,عام,القطاع العام,خدمة إلكترونية,2026/04/10,"36,167,000"
الخدمات الرقمية,عام,القطاع العام,خدمة إلكترونية,2026/04/10,"36,170,428"
الخدمات الرقمية,عام,القطاع العام,خدمة إلكترونية,2026/04/10,"36,170,656"
الخدمات الرقمية,عام,القطاع العام,خدمة إلكترونية,2026/04/10,"36,166,683"
الخدمات الرقمية,عام,القطاع العام,خدمة إلكترونية,2026/04/10,"36,169,883"
الخدمات الرقمية,عام,القطاع العام,خدمة إلكترونية,2026/04/10,"36,170,332"
الخدمات الرقمية,عام,القطاع العام,خدمة إلكترونية,2026/04/10,"36,166,451"
الخدمات الرقمية,عام,القطاع العام,خدمة إلكترونية,2026/04/10,"36,167,027"
الخدمات الرقمية,عام,القطاع العام,خدمة إلكترونية,2026/04/10,"36,168,808"
الخدمات الرقمية,عام,القطاع العام,خدمة إلكترونية,2026/04/10,"36,168,915"
الخدمات الرقمية,عام,القطاع العام,خدمة إلكترونية,2026/04/10,"36,170,328"
الخدمات الرقمية,عام,القطاع العام,خدمة إلكترونية,2026/04/10,"36,169,808"
الخدمات الرقمية,عام,القطاع العام,خدمة إلكترونية,2026/04/10,"36,168,814"
الخدمات الرقمية,عام,القطاع العام,خدمة إلكترونية,2026/04/10,"36,169,951"
الخدمات الرقمية,عام,القطاع العام,خدمة إلكترونية,2026/04/10,"36,166,542"
الخدمات الرقمية,عام,القطاع العام,خدمة إلكترونية,2026/04/10,"36,169,826"
الخدمات الرقمية,عام,القطاع العام,خدمة إلكترونية,2026/04/10,"36,170,093"
الخدمات الرقمية,عام,القطاع العام,خدمة إلكترونية,2026/04/10,"36,170,778"
الخدمات الرقمية,عام,القطاع العام,خدمة إلكترونية,2026/04/10,"36,167,086"
الخدمات الرقمية,عام,القطاع العام,خدمة إلكترونية,2026/04/10,"36,166,560"
الخدمات الرقمية,عام,القطاع العام,خدمة إلكترونية,2026/04/10,"36,170,480"
الخدمات الرقمية,عام,القطاع العام,خدمة إلكترونية,2026/04/10,"36,171,636"
الخدمات الرقمية,عام,القطاع العام,خدمة إلكترونية,2026/04/10,"36,170,520"
الخدمات الرقمية,عام,القطاع العام,خدمة إلكترونية,2026/04/10,"36,171,552"
الخدمات الرقمية,عام,القطاع العام,خدمة إلكترونية,2026/04/10,"36,166,954"
الخدمات الرقمية,عام,القطاع العام,خدمة إلكترونية,2026/04/10,"36,170,698"
الخدمات الرقمية,عام,القطاع العام,خدمة إلكترونية,2026/04/10,"36,171,647"
الخدمات الرقمية,عام,القطاع العام,خدمة إلكترونية,2026/04/10,"36,171,403"
الخدمات الرقمية,عام,القطاع العام,خدمة إلكترونية,2026/04/10,"36,169,772"
الخدمات الرقمية,عام,القطاع العام,خدمة إلكترونية,2026/04/10,"36,170,289"
الخدمات الرقمية,عام,القطاع العام,خدمة إلكترونية,2026/04/10,"36,170,564"
الخدمات الرقمية,عام,القطاع العام,خدمة إلكترونية,2026/04/10,"36,166,497"
الخدمات الرقمية,عام,القطاع العام,خدمة إلكترونية,2026/04/10,"36,166,828"
الخدمات الرقمية,عام,القطاع العام,خدمة إلكترونية,2026/04/10,"36,169,170"
الخدمات الرقمية,عام,القطاع العام,خدمة إلكترونية,2026/04/10,"36,170,637"
الخدمات الرقمية,عام,القطاع العام,خدمة إلكترونية,2026/04/10,"36,171,396"
الخدمات الرقمية,عام,القطاع العام,خدمة إلكترونية,2026/04/10,"36,167,076"
الخدمات الرقمية,عام,القطاع العام,خدمة إلكترونية,2026/04/10,"36,170,529"
الخدمات الرقمية,عام,القطاع العام,خدمة إلكترونية,2026/04/10,"36,170,061"
الخدمات الرقمية,عام,القطاع العام,خدمة إلكترونية,2026/04/10,"36,166,734"
الخدمات الرقمية,عام,القطاع العام,خدمة إلكترونية,2026/04/10,"36,168,565"
الخدمات الرقمية,عام,القطاع العام,خدمة إلكترونية,2026/04/10,"36,170,682"
الخدمات الرقمية,عام,القطاع العام,خدمة إلكترونية,2026/04/10,"36,168,969"
الخدمات الرقمية,عام,القطاع العام,خدمة إلكترونية,2026/04/10,"36,170,745"
الخدمات الرقمية,عام,القطاع العام,خدمة إلكترونية,2026/04/10,"36,169,012"
الخدمات الرقمية,عام,القطاع العام,خدمة إلكترونية,2026/04/10,"36,171,630"
الخدمات الرقمية,عام,القطاع العام,خدمة إلكترونية,2026/04/10,"36,168,619"
الخدمات الرقمية,عام,القطاع العام,خدمة إلكترونية,2026/04/10,"36,170,668"
الخدمات الرقمية,عام,القطاع العام,خدمة إلكترونية,2026/04/10,"36,166,500"
الخدمات الرقمية,عام,القطاع العام,خدمة إلكترونية,2026/04/10,"36,167,046"
الخدمات الرقمية,عام,القطاع العام,خدمة إلكترونية,2026/04/10,"36,170,726"
الخدمات الرقمية,عام,القطاع العام,خدمة إلكترونية,2026/04/10,"36,171,775"
الخدمات الرقمية,عام,القطاع العام,خدمة إلكترونية,2026/04/10,"36,171,780"
الخدمات الرقمية,عام,القطاع العام,خدمة إلكترونية,2026/04/10,"36,167,093"
 الرياض,الرياض,القطاع الخاص,خدمة إلكترونية جزئيا,2026/04/11,"36,179,692"
الخدمات الرقمية,عام,القطاع العام,خدمة إلكترونية,2026/04/11,"36,179,951"
الخدمات الرقمية,عام,القطاع العام,خدمة إلكترونية,2026/04/11,"36,179,219"
 الرياض,الرياض,القطاع الخاص,خدمة إلكترونية جزئيا,2026/04/11,"36,179,698"
الخدمات الرقمية,عام,القطاع العام,خدمة إلكترونية,2026/04/11,"36,182,647"
الخدمات الرقمية,عام,القطاع العام,خدمة إلكترونية,2026/04/11,"36,182,696"
الخدمات الرقمية,عام,القطاع العام,خدمة إلكترونية,2026/04/11,"36,182,803"
الخدمات الرقمية,عام,القطاع العام,خدمة إلكترونية,2026/04/11,"36,182,599"
الخدمات الرقمية,عام,القطاع العام,خدمة إلكترونية,2026/04/11,"36,181,606"
الخدمات الرقمية,عام,القطاع العام,خدمة إلكترونية,2026/04/11,"36,182,753"
الخدمات الرقمية,عام,القطاع العام,خدمة إلكترونية,2026/04/11,"36,182,601"
الخدمات الرقمية,عام,القطاع العام,خدمة إلكترونية,2026/04/11,"36,180,580"
الخدمات الرقمية,عام,القطاع العام,خدمة إلكترونية,2026/04/11,"36,179,438"
الخدمات الرقمية,عام,القطاع العام,خدمة إلكترونية,2026/04/11,"36,179,276"
الخدمات الرقمية,عام,القطاع العام,خدمة إلكترونية,2026/04/11,"36,179,936"
الخدمات الرقمية,عام,القطاع العام,خدمة إلكترونية,2026/04/11,"36,179,930"
الخدمات الرقمية,عام,القطاع العام,خدمة إلكترونية,2026/04/11,"36,180,960"
الخدمات الرقمية,عام,القطاع العام,خدمة إلكترونية,2026/04/11,"36,181,492"
الخدمات الرقمية,عام,القطاع العام,خدمة إلكترونية,2026/04/11,"36,182,106"
الخدمات الرقمية,عام,القطاع العام,خدمة إلكترونية,2026/04/11,"36,182,125"
الخدمات الرقمية,عام,القطاع العام,خدمة إلكترونية,2026/04/11,"36,179,176"
الخدمات الرقمية,عام,القطاع العام,خدمة إلكترونية,2026/04/11,"36,179,469"
الخدمات الرقمية,عام,القطاع العام,خدمة إلكترونية,2026/04/11,"36,179,237"
الخدمات الرقمية,عام,القطاع العام,خدمة إلكترونية,2026/04/11,"36,179,912"
الخدمات الرقمية,عام,القطاع العام,خدمة إلكترونية,2026/04/11,"36,182,178"
الخدمات الرقمية,عام,القطاع العام,خدمة إلكترونية,2026/04/11,"36,181,461"
الخدمات الرقمية,عام,القطاع العام,خدمة إلكترونية,2026/04/11,"36,179,748"
الخدمات الرقمية,عام,القطاع العام,خدمة إلكترونية,2026/04/11,"36,182,110"
الخدمات الرقمية,عام,القطاع العام,خدمة إلكترونية,2026/04/11,"36,183,604"
الخدمات الرقمية,عام,القطاع العام,خدمة إلكترونية,2026/04/11,"36,179,222"
الخدمات الرقمية,عام,القطاع العام,خدمة إلكترونية,2026/04/11,"36,182,035"
الخدمات الرقمية,عام,القطاع العام,خدمة إلكترونية,2026/04/11,"36,183,619"
الخدمات الرقمية,عام,القطاع العام,خدمة إلكترونية,2026/04/11,"36,179,183"
الخدمات الرقمية,عام,القطاع العام,خدمة إلكترونية,2026/04/11,"36,180,909"
الخدمات الرقمية,عام,القطاع العام,خدمة إلكترونية,2026/04/11,"36,179,227"
الخدمات الرقمية,عام,القطاع العام,خدمة إلكترونية,2026/04/11,"36,181,807"
الخدمات الرقمية,عام,القطاع العام,خدمة إلكترونية,2026/04/11,"36,183,784"
الخدمات الرقمية,عام,القطاع العام,خدمة إلكترونية,2026/04/11,"36,183,813"
الخدمات الرقمية,عام,القطاع العام,خدمة إلكترونية,2026/04/11,"36,183,617"
الخدمات الرقمية,عام,القطاع العام,خدمة إلكترونية,2026/04/11,"36,181,312"
الخدمات الرقمية,عام,القطاع العام,خدمة إلكترونية,2026/04/11,"36,179,193"
الخدمات الرقمية,عام,القطاع العام,خدمة إلكترونية,2026/04/11,"36,179,295"
الخدمات الرقمية,عام,القطاع العام,خدمة إلكترونية,2026/04/11,"36,179,948"
الخدمات الرقمية,عام,القطاع العام,خدمة إلكترونية,2026/04/11,"36,180,686"
الخدمات الرقمية,عام,القطاع العام,خدمة إلكترونية,2026/04/11,"36,179,778"
الخدمات الرقمية,عام,القطاع العام,خدمة إلكترونية,2026/04/11,"36,180,757"
الخدمات الرقمية,عام,القطاع العام,خدمة إلكترونية,2026/04/11,"36,180,824"
الخدمات الرقمية,عام,القطاع العام,خدمة إلكترونية,2026/04/11,"36,181,271"
الخدمات الرقمية,عام,القطاع العام,خدمة إلكترونية,2026/04/11,"36,181,633"
الخدمات الرقمية,عام,القطاع العام,خدمة إلكترونية,2026/04/11,"36,179,221"
الخدمات الرقمية,عام,القطاع العام,خدمة إلكترونية,2026/04/11,"36,179,191"
الخدمات الرقمية,عام,القطاع العام,خدمة إلكترونية,2026/04/11,"36,180,647"
الخدمات الرقمية,عام,القطاع العام,خدمة إلكترونية,2026/04/11,"36,181,659"
الخدمات الرقمية,عام,القطاع العام,خدمة إلكترونية,2026/04/11,"36,180,715"
الخدمات الرقمية,عام,القطاع العام,خدمة إلكترونية,2026/04/11,"36,182,136"
الخدمات الرقمية,عام,القطاع العام,خدمة إلكترونية,2026/04/11,"36,183,787"
الخدمات الرقمية,عام,القطاع العام,خدمة إلكترونية,2026/04/11,"36,181,976"
الخدمات الرقمية,عام,القطاع العام,خدمة إلكترونية,2026/04/11,"36,179,492"
الخدمات الرقمية,عام,القطاع العام,خدمة إلكترونية,2026/04/11,"36,180,879"
الخدمات الرقمية,عام,القطاع العام,خدمة إلكترونية,2026/04/11,"36,183,694"
الخدمات الرقمية,عام,القطاع العام,خدمة إلكترونية,2026/04/11,"36,181,896"
الخدمات الرقمية,عام,القطاع العام,خدمة إلكترونية,2026/04/11,"36,179,522"
الخدمات الرقمية,عام,القطاع العام,خدمة إلكترونية,2026/04/11,"36,181,957"
الخدمات الرقمية,عام,القطاع العام,خدمة إلكترونية,2026/04/11,"36,181,650"
الخدمات الرقمية,عام,القطاع العام,خدمة إلكترونية,2026/04/11,"36,181,290"
الخدمات الرقمية,عام,القطاع العام,خدمة إلكترونية,2026/04/11,"36,182,089"
الخدمات الرقمية,عام,القطاع العام,خدمة إلكترونية,2026/04/11,"36,179,344"
الخدمات الرقمية,عام,القطاع العام,خدمة إلكترونية,2026/04/11,"36,179,436"
الخدمات الرقمية,عام,القطاع العام,خدمة إلكترونية,2026/04/11,"36,180,597"
الخدمات الرقمية,عام,القطاع العام,خدمة إلكترونية,2026/04/11,"36,180,618"
الخدمات الرقمية,عام,القطاع العام,خدمة إلكترونية,2026/04/11,"36,181,263"
الخدمات الرقمية,عام,القطاع العام,خدمة إلكترونية,2026/04/11,"36,183,930"
الخدمات الرقمية,عام,القطاع العام,خدمة إلكترونية,2026/04/11,"36,180,720"
الخدمات الرقمية,عام,القطاع العام,خدمة إلكترونية,2026/04/11,"36,183,883"
الخدمات الرقمية,عام,القطاع العام,خدمة إلكترونية,2026/04/11,"36,180,654"
الخدمات الرقمية,عام,القطاع العام,خدمة إلكترونية,2026/04/11,"36,180,924"
الخدمات الرقمية,عام,القطاع العام,خدمة إلكترونية,2026/04/11,"36,183,590"
الخدمات الرقمية,عام,القطاع العام,خدمة إلكترونية,2026/04/11,"36,181,664"
الخدمات الرقمية,عام,القطاع العام,خدمة إلكترونية,2026/04/11,"36,182,166"
الخدمات الرقمية,عام,القطاع العام,خدمة إلكترونية,2026/04/11,"36,183,901"
الخدمات الرقمية,عام,القطاع العام,خدمة إلكترونية,2026/04/11,"36,180,781"
الخدمات الرقمية,عام,القطاع العام,خدمة إلكترونية,2026/04/11,"36,179,798"
الخدمات الرقمية,عام,القطاع العام,خدمة إلكترونية,2026/04/11,"36,180,854"
الخدمات الرقمية,عام,القطاع العام,خدمة إلكترونية,2026/04/11,"36,179,825"
الخدمات الرقمية,عام,القطاع العام,خدمة إلكترونية,2026/04/11,"36,183,913"
الخدمات الرقمية,عام,القطاع العام,خدمة إلكترونية,2026/04/11,"36,179,711"
الخدمات الرقمية,عام,القطاع العام,خدمة إلكترونية,2026/04/11,"36,180,776"
الخدمات الرقمية,عام,القطاع العام,خدمة إلكترونية,2026/04/11,"36,179,834"
الخدمات الرقمية,عام,القطاع العام,خدمة إلكترونية,2026/04/11,"36,180,928"
الخدمات الرقمية,عام,القطاع العام,خدمة إلكترونية,2026/04/11,"36,180,739"
الخدمات الرقمية,عام,القطاع العام,خدمة إلكترونية,2026/04/11,"36,181,580"
الخدمات الرقمية,عام,القطاع العام,خدمة إلكترونية,2026/04/11,"36,183,681"
الخدمات الرقمية,عام,القطاع العام,خدمة إلكترونية,2026/04/11,"36,183,849"
الخدمات الرقمية,عام,القطاع العام,خدمة إلكترونية,2026/04/11,"36,181,704"
الخدمات الرقمية,عام,القطاع العام,خدمة إلكترونية,2026/04/11,"36,180,884"
الخدمات الرقمية,عام,القطاع العام,خدمة إلكترونية,2026/04/11,"36,180,627"
الخدمات الرقمية,عام,القطاع العام,خدمة إلكترونية,2026/04/11,"36,180,805"
الخدمات الرقمية,عام,القطاع العام,خدمة إلكترونية,2026/04/11,"36,181,400"
الخدمات الرقمية,عام,القطاع العام,خدمة إلكترونية,2026/04/11,"36,179,903"
الخدمات الرقمية,عام,القطاع العام,خدمة إلكترونية,2026/04/11,"36,183,910"
الخدمات الرقمية,عام,القطاع العام,خدمة إلكترونية,2026/04/11,"36,183,905"
الخدمات الرقمية,عام,القطاع العام,خدمة إلكترونية,2026/04/11,"36,181,718"
الخدمات الرقمية,عام,القطاع العام,خدمة إلكترونية,2026/04/11,"36,182,085"
الخدمات الرقمية,عام,القطاع العام,خدمة إلكترونية,2026/04/11,"36,181,315"
الخدمات الرقمية,عام,القطاع العام,خدمة إلكترونية,2026/04/11,"36,181,904"
الخدمات الرقمية,عام,القطاع العام,خدمة إلكترونية,2026/04/11,"36,183,672"
الخدمات الرقمية,عام,القطاع العام,خدمة إلكترونية,2026/04/11,"36,179,716"
الخدمات الرقمية,عام,القطاع العام,خدمة إلكترونية,2026/04/11,"36,180,952"
الخدمات الرقمية,عام,القطاع العام,خدمة إلكترونية,2026/04/11,"36,180,917"
الخدمات الرقمية,عام,القطاع العام,خدمة إلكترونية,2026/04/11,"36,183,689"
الخدمات الرقمية,عام,القطاع العام,خدمة إلكترونية,2026/04/11,"36,183,756"
الخدمات الرقمية,عام,القطاع العام,خدمة إلكترونية,2026/04/11,"36,183,760"
الخدمات الرقمية,عام,القطاع العام,خدمة إلكترونية,2026/04/11,"36,180,547"
الخدمات الرقمية,عام,القطاع العام,خدمة إلكترونية,2026/04/11,"36,181,889"
الخدمات الرقمية,عام,القطاع العام,خدمة إلكترونية,2026/04/11,"36,179,342"
الخدمات الرقمية,عام,القطاع العام,خدمة إلكترونية,2026/04/11,"36,180,623"
الخدمات الرقمية,عام,القطاع العام,خدمة إلكترونية,2026/04/11,"36,181,591"
الخدمات الرقمية,عام,القطاع العام,خدمة إلكترونية,2026/04/11,"36,183,636"
الخدمات الرقمية,عام,القطاع العام,خدمة إلكترونية,2026/04/11,"36,183,785"
الخدمات الرقمية,عام,القطاع العام,خدمة إلكترونية,2026/04/11,"36,179,269"
الخدمات الرقمية,عام,القطاع العام,خدمة إلكترونية,2026/04/11,"36,179,767"
الخدمات الرقمية,عام,القطاع العام,خدمة إلكترونية,2026/04/11,"36,179,325"
الخدمات الرقمية,عام,القطاع العام,خدمة إلكترونية,2026/04/11,"36,179,850"
الخدمات الرقمية,عام,القطاع العام,خدمة إلكترونية,2026/04/11,"36,182,072"
الخدمات الرقمية,عام,القطاع العام,خدمة إلكترونية,2026/04/11,"36,179,303"
الخدمات الرقمية,عام,القطاع العام,خدمة إلكترونية,2026/04/11,"36,183,622"
الخدمات الرقمية,عام,القطاع العام,خدمة إلكترونية,2026/04/11,"36,181,942"
الخدمات الرقمية,عام,القطاع العام,خدمة إلكترونية,2026/04/11,"36,181,652"
الخدمات الرقمية,عام,القطاع العام,خدمة إلكترونية,2026/04/11,"36,183,615"
الخدمات الرقمية,عام,القطاع العام,خدمة إلكترونية,2026/04/11,"36,181,614"
 مكة المكرمه,مكة المكرمة,القطاع الخاص,خدمة إلكترونية جزئيا,2026/04/12,"36,191,320"
 مكة المكرمه,جده,القطاع الخاص,خدمة إلكترونية جزئيا,2026/04/12,"36,194,594"
 مكة المكرمه,الطائف,القطاع الخاص,خدمة إلكترونية جزئيا,2026/04/12,"36,198,342"
 الرياض,الرياض,القطاع الخاص,خدمة إلكترونية جزئيا,2026/04/12,"36,189,363"
الخدمات الرقمية,عام,القطاع العام,خدمة إلكترونية,2026/04/12,"36,192,973"
الخدمات الرقمية,عام,القطاع العام,خدمة إلكترونية,2026/04/12,"36,192,987"
 مكة المكرمه,مكة المكرمة,القطاع الخاص,خدمة إلكترونية جزئيا,2026/04/12,"36,193,128"
 مكة المكرمه,الطائف,القطاع الخاص,خدمة إلكترونية جزئيا,2026/04/12,"36,198,402"
 مكة المكرمه,الطائف,القطاع الخاص,خدمة إلكترونية جزئيا,2026/04/12,"36,189,893"
 الشرقية,الخبر,القطاع الخاص,خدمة إلكترونية جزئيا,2026/04/12,"36,193,216"
 مكة المكرمه,جده,القطاع الخاص,خدمة إلكترونية جزئيا,2026/04/12,"36,194,808"
 الرياض,الرياض,القطاع الخاص,خدمة إلكترونية جزئيا,2026/04/12,"36,189,420"
 الرياض,الرياض,القطاع الخاص,خدمة إلكترونية جزئيا,2026/04/12,"36,190,835"
 الرياض,الرياض,القطاع الخاص,خدمة إلكترونية جزئيا,2026/04/12,"36,196,845"
 الرياض,الرياض,القطاع الخاص,خدمة إلكترونية جزئيا,2026/04/12,"36,189,301"
الخدمات الرقمية,عام,القطاع العام,خدمة إلكترونية,2026/04/12,"36,194,593"
الخدمات الرقمية,عام,القطاع العام,خدمة إلكترونية,2026/04/12,"36,192,016"
الخدمات الرقمية,عام,القطاع العام,خدمة إلكترونية,2026/04/12,"36,199,412"
الخدمات الرقمية,عام,القطاع العام,خدمة إلكترونية,2026/04/12,"36,204,303"
الخدمات الرقمية,عام,القطاع العام,خدمة إلكترونية,2026/04/12,"36,204,338"
الخدمات الرقمية,عام,القطاع العام,خدمة إلكترونية,2026/04/12,"36,191,801"
الخدمات الرقمية,عام,القطاع العام,خدمة إلكترونية,2026/04/12,"36,204,198"
الخدمات الرقمية,عام,القطاع العام,خدمة إلكترونية,2026/04/12,"36,204,140"
الخدمات الرقمية,عام,القطاع العام,خدمة إلكترونية,2026/04/12,"36,191,819"
الخدمات الرقمية,عام,القطاع العام,خدمة إلكترونية,2026/04/12,"36,203,891"
الخدمات الرقمية,عام,القطاع العام,خدمة إلكترونية,2026/04/12,"36,193,070"
الخدمات الرقمية,عام,القطاع العام,خدمة إلكترونية,2026/04/12,"36,198,671"
الخدمات الرقمية,عام,القطاع العام,خدمة إلكترونية,2026/04/12,"36,192,289"
الخدمات الرقمية,عام,القطاع العام,خدمة إلكترونية,2026/04/12,"36,198,130"
الخدمات الرقمية,عام,القطاع العام,خدمة إلكترونية,2026/04/12,"36,200,903"
الخدمات الرقمية,عام,القطاع العام,خدمة إلكترونية,2026/04/12,"36,197,102"
الخدمات الرقمية,عام,القطاع العام,خدمة إلكترونية,2026/04/12,"36,191,922"
الخدمات الرقمية,عام,القطاع العام,خدمة إلكترونية,2026/04/12,"36,192,075"
الخدمات الرقمية,عام,القطاع العام,خدمة إلكترونية,2026/04/12,"36,192,377"
الخدمات الرقمية,عام,القطاع العام,خدمة إلكترونية,2026/04/12,"36,198,468"
الخدمات الرقمية,عام,القطاع العام,خدمة إلكترونية,2026/04/12,"36,201,881"
الخدمات الرقمية,عام,القطاع العام,خدمة إلكترونية,2026/04/12,"36,191,189"
الخدمات الرقمية,عام,القطاع العام,خدمة إلكترونية,2026/04/12,"36,192,095"
الخدمات الرقمية,عام,القطاع العام,خدمة إلكترونية,2026/04/12,"36,195,144"
الخدمات الرقمية,عام,القطاع العام,خدمة إلكترونية,2026/04/12,"36,198,154"
الخدمات الرقمية,عام,القطاع العام,خدمة إلكترونية,2026/04/12,"36,198,246"
الخدمات الرقمية,عام,القطاع العام,خدمة إلكترونية,2026/04/12,"36,194,080"
الخدمات الرقمية,عام,القطاع العام,خدمة إلكترونية,2026/04/12,"36,196,614"
الخدمات الرقمية,عام,القطاع العام,خدمة إلكترونية,2026/04/12,"36,190,906"
الخدمات الرقمية,عام,القطاع العام,خدمة إلكترونية,2026/04/12,"36,194,848"
الخدمات الرقمية,عام,القطاع العام,خدمة إلكترونية,2026/04/12,"36,192,737"
الخدمات الرقمية,عام,القطاع العام,خدمة إلكترونية,2026/04/12,"36,197,903"
الخدمات الرقمية,عام,القطاع العام,خدمة إلكترونية,2026/04/12,"36,192,309"
الخدمات الرقمية,عام,القطاع العام,خدمة إلكترونية,2026/04/12,"36,194,531"
الخدمات الرقمية,عام,القطاع العام,خدمة إلكترونية,2026/04/12,"36,193,348"
الخدمات الرقمية,عام,القطاع العام,خدمة إلكترونية,2026/04/12,"36,187,403"
الخدمات الرقمية,عام,القطاع العام,خدمة إلكترونية,2026/04/12,"36,192,504"
الخدمات الرقمية,عام,القطاع العام,خدمة إلكترونية,2026/04/12,"36,188,706"
الخدمات الرقمية,عام,القطاع العام,خدمة إلكترونية,2026/04/12,"36,191,794"
الخدمات الرقمية,عام,القطاع العام,خدمة إلكترونية,2026/04/12,"36,192,767"
الخدمات الرقمية,عام,القطاع العام,خدمة إلكترونية,2026/04/12,"36,191,772"
الخدمات الرقمية,عام,القطاع العام,خدمة إلكترونية,2026/04/12,"36,186,335"
الخدمات الرقمية,عام,القطاع العام,خدمة إلكترونية,2026/04/12,"36,190,082"
الخدمات الرقمية,عام,القطاع العام,خدمة إلكترونية,2026/04/12,"36,204,266"
الخدمات الرقمية,عام,القطاع العام,خدمة إلكترونية,2026/04/12,"36,192,670"
الخدمات الرقمية,عام,القطاع العام,خدمة إلكترونية,2026/04/12,"36,200,349"
الخدمات الرقمية,عام,القطاع العام,خدمة إلكترونية,2026/04/12,"36,200,865"
الخدمات الرقمية,عام,القطاع العام,خدمة إلكترونية,2026/04/12,"36,190,049"
الخدمات الرقمية,عام,القطاع العام,خدمة إلكترونية,2026/04/12,"36,188,825"
الخدمات الرقمية,عام,القطاع العام,خدمة إلكترونية,2026/04/12,"36,201,898"
الخدمات الرقمية,عام,القطاع العام,خدمة إلكترونية,2026/04/12,"36,192,038"
الخدمات الرقمية,عام,القطاع العام,خدمة إلكترونية,2026/04/12,"36,192,972"
الخدمات الرقمية,عام,القطاع العام,خدمة إلكترونية,2026/04/12,"36,187,351"
الخدمات الرقمية,عام,القطاع العام,خدمة إلكترونية,2026/04/12,"36,201,950"
الخدمات الرقمية,عام,القطاع العام,خدمة إلكترونية,2026/04/12,"36,198,226"
الخدمات الرقمية,عام,القطاع العام,خدمة إلكترونية,2026/04/12,"36,201,925"
الخدمات الرقمية,عام,القطاع العام,خدمة إلكترونية,2026/04/12,"36,198,228"
الخدمات الرقمية,عام,القطاع العام,خدمة إلكترونية,2026/04/12,"36,192,566"
الخدمات الرقمية,عام,القطاع العام,خدمة إلكترونية,2026/04/12,"36,200,875"
الخدمات الرقمية,عام,القطاع العام,خدمة إلكترونية,2026/04/12,"36,194,436"
الخدمات الرقمية,عام,القطاع العام,خدمة إلكترونية,2026/04/12,"36,198,234"
الخدمات الرقمية,عام,القطاع العام,خدمة إلكترونية,2026/04/12,"36,188,813"
الخدمات الرقمية,عام,القطاع العام,خدمة إلكترونية,2026/04/12,"36,196,452"
الخدمات الرقمية,عام,القطاع العام,خدمة إلكترونية,2026/04/12,"36,195,930"
الخدمات الرقمية,عام,القطاع العام,خدمة إلكترونية,2026/04/12,"36,196,149"
الخدمات الرقمية,عام,القطاع العام,خدمة إلكترونية,2026/04/12,"36,193,172"
الخدمات الرقمية,عام,القطاع العام,خدمة إلكترونية,2026/04/12,"36,193,107"
الخدمات الرقمية,عام,القطاع العام,خدمة إلكترونية,2026/04/12,"36,195,208"
الخدمات الرقمية,عام,القطاع العام,خدمة إلكترونية,2026/04/12,"36,196,313"
الخدمات الرقمية,عام,القطاع العام,خدمة إلكترونية,2026/04/12,"36,195,764"
الخدمات الرقمية,عام,القطاع العام,خدمة إلكترونية,2026/04/12,"36,196,209"
الخدمات الرقمية,عام,القطاع العام,خدمة إلكترونية,2026/04/12,"36,194,540"
الخدمات الرقمية,عام,القطاع العام,خدمة إلكترونية,2026/04/12,"36,196,066"
الخدمات الرقمية,عام,القطاع العام,خدمة إلكترونية,2026/04/12,"36,196,694"
الخدمات الرقمية,عام,القطاع العام,خدمة إلكترونية,2026/04/12,"36,196,239"
الخدمات الرقمية,عام,القطاع العام,خدمة إلكترونية,2026/04/12,"36,194,979"
الخدمات الرقمية,عام,القطاع العام,خدمة إلكترونية,2026/04/12,"36,189,828"
الخدمات الرقمية,عام,القطاع العام,خدمة إلكترونية,2026/04/12,"36,196,572"
الخدمات الرقمية,عام,القطاع العام,خدمة إلكترونية,2026/04/12,"36,192,763"
الخدمات الرقمية,عام,القطاع العام,خدمة إلكترونية,2026/04/12,"36,197,103"
الخدمات الرقمية,عام,القطاع العام,خدمة إلكترونية,2026/04/12,"36,192,819"
الخدمات الرقمية,عام,القطاع العام,خدمة إلكترونية,2026/04/12,"36,193,042"
الخدمات الرقمية,عام,القطاع العام,خدمة إلكترونية,2026/04/12,"36,194,835"
الخدمات الرقمية,عام,القطاع العام,خدمة إلكترونية,2026/04/12,"36,195,821"
الخدمات الرقمية,عام,القطاع العام,خدمة إلكترونية,2026/04/12,"36,195,894"
الخدمات الرقمية,عام,القطاع العام,خدمة إلكترونية,2026/04/12,"36,196,540"
الخدمات الرقمية,عام,القطاع العام,خدمة إلكترونية,2026/04/12,"36,195,005"
الخدمات الرقمية,عام,القطاع العام,خدمة إلكترونية,2026/04/12,"36,194,877"
الخدمات الرقمية,عام,القطاع العام,خدمة إلكترونية,2026/04/12,"36,194,322"
الخدمات الرقمية,عام,القطاع العام,خدمة إلكترونية,2026/04/12,"36,196,293"
الخدمات الرقمية,عام,القطاع العام,خدمة إلكترونية,2026/04/12,"36,196,609"
الخدمات الرقمية,عام,القطاع العام,خدمة إلكترونية,2026/04/12,"36,196,369"
الخدمات الرقمية,عام,القطاع العام,خدمة إلكترونية,2026/04/12,"36,196,472"
الخدمات الرقمية,عام,القطاع العام,خدمة إلكترونية,2026/04/12,"36,190,162"
الخدمات الرقمية,عام,القطاع العام,خدمة إلكترونية,2026/04/12,"36,190,489"
الخدمات الرقمية,عام,القطاع العام,خدمة إلكترونية,2026/04/12,"36,194,060"
الخدمات الرقمية,عام,القطاع العام,خدمة إلكترونية,2026/04/12,"36,194,315"
الخدمات الرقمية,عام,القطاع العام,خدمة إلكترونية,2026/04/12,"36,193,829"
الخدمات الرقمية,عام,القطاع العام,خدمة إلكترونية,2026/04/12,"36,194,525"
الخدمات الرقمية,عام,القطاع العام,خدمة إلكترونية,2026/04/12,"36,197,229"
الخدمات الرقمية,عام,القطاع العام,خدمة إلكترونية,2026/04/12,"36,198,502"
الخدمات الرقمية,عام,القطاع العام,خدمة إلكترونية,2026/04/12,"36,194,152"
الخدمات الرقمية,عام,القطاع العام,خدمة إلكترونية,2026/04/12,"36,195,448"
الخدمات الرقمية,عام,القطاع العام,خدمة إلكترونية,2026/04/12,"36,197,812"
الخدمات الرقمية,عام,القطاع العام,خدمة إلكترونية,2026/04/12,"36,197,173"
الخدمات الرقمية,عام,القطاع العام,خدمة إلكترونية,2026/04/12,"36,197,497"
الخدمات الرقمية,عام,القطاع العام,خدمة إلكترونية,2026/04/12,"36,196,878"
الخدمات الرقمية,عام,القطاع العام,خدمة إلكترونية,2026/04/12,"36,187,869"
الخدمات الرقمية,عام,القطاع العام,خدمة إلكترونية,2026/04/12,"36,195,434"
الخدمات الرقمية,عام,القطاع العام,خدمة إلكترونية,2026/04/12,"36,187,811"
الخدمات الرقمية,عام,القطاع العام,خدمة إلكترونية,2026/04/12,"36,193,709"
الخدمات الرقمية,عام,القطاع العام,خدمة إلكترونية,2026/04/12,"36,188,088"
الخدمات الرقمية,عام,القطاع العام,خدمة إلكترونية,2026/04/12,"36,197,405"
الخدمات الرقمية,عام,القطاع العام,خدمة إلكترونية,2026/04/12,"36,197,363"
الخدمات الرقمية,عام,القطاع العام,خدمة إلكترونية,2026/04/12,"36,189,824"
الخدمات الرقمية,عام,القطاع العام,خدمة إلكترونية,2026/04/12,"36,197,784"
الخدمات الرقمية,عام,القطاع العام,خدمة إلكترونية,2026/04/12,"36,198,664"
الخدمات الرقمية,عام,القطاع العام,خدمة إلكترونية,2026/04/12,"36,194,188"
الخدمات الرقمية,عام,القطاع العام,خدمة إلكترونية,2026/04/12,"36,196,659"
الخدمات الرقمية,عام,القطاع العام,خدمة إلكترونية,2026/04/12,"36,197,089"
الخدمات الرقمية,عام,القطاع العام,خدمة إلكترونية,2026/04/12,"36,190,406"
الخدمات الرقمية,عام,القطاع العام,خدمة إلكترونية,2026/04/12,"36,198,687"
الخدمات الرقمية,عام,القطاع العام,خدمة إلكترونية,2026/04/12,"36,189,663"
الخدمات الرقمية,عام,القطاع العام,خدمة إلكترونية,2026/04/12,"36,198,610"
الخدمات الرقمية,عام,القطاع العام,خدمة إلكترونية,2026/04/12,"36,188,272"
الخدمات الرقمية,عام,القطاع العام,خدمة إلكترونية,2026/04/12,"36,193,651"
الخدمات الرقمية,عام,القطاع العام,خدمة إلكترونية,2026/04/12,"36,198,565"
الخدمات الرقمية,عام,القطاع العام,خدمة إلكترونية,2026/04/12,"36,197,729"
الخدمات الرقمية,عام,القطاع العام,خدمة إلكترونية,2026/04/12,"36,198,543"
الخدمات الرقمية,عام,القطاع العام,خدمة إلكترونية,2026/04/12,"36,188,194"
الخدمات الرقمية,عام,القطاع العام,خدمة إلكترونية,2026/04/12,"36,194,002"
الخدمات الرقمية,عام,القطاع العام,خدمة إلكترونية,2026/04/12,"36,196,821"
الخدمات الرقمية,عام,القطاع العام,خدمة إلكترونية,2026/04/12,"36,194,272"
الخدمات الرقمية,عام,القطاع العام,خدمة إلكترونية,2026/04/12,"36,190,561"
الخدمات الرقمية,عام,القطاع العام,خدمة إلكترونية,2026/04/12,"36,189,725"
الخدمات الرقمية,عام,القطاع العام,خدمة إلكترونية,2026/04/12,"36,194,404"
الخدمات الرقمية,عام,القطاع العام,خدمة إلكترونية,2026/04/12,"36,187,985"
الخدمات الرقمية,عام,القطاع العام,خدمة إلكترونية,2026/04/12,"36,194,483"
الخدمات الرقمية,عام,القطاع العام,خدمة إلكترونية,2026/04/12,"36,198,810"
الخدمات الرقمية,عام,القطاع العام,خدمة إلكترونية,2026/04/12,"36,193,879"
الخدمات الرقمية,عام,القطاع العام,خدمة إلكترونية,2026/04/12,"36,198,739"
الخدمات الرقمية,عام,القطاع العام,خدمة إلكترونية,2026/04/12,"36,193,077"
الخدمات الرقمية,عام,القطاع العام,خدمة إلكترونية,2026/04/12,"36,191,804"
الخدمات الرقمية,عام,القطاع العام,خدمة إلكترونية,2026/04/12,"36,192,212"
الخدمات الرقمية,عام,القطاع العام,خدمة إلكترونية,2026/04/12,"36,203,556"
الخدمات الرقمية,عام,القطاع العام,خدمة إلكترونية,2026/04/12,"36,192,112"
الخدمات الرقمية,عام,القطاع العام,خدمة إلكترونية,2026/04/12,"36,203,715"
الخدمات الرقمية,عام,القطاع العام,خدمة إلكترونية,2026/04/12,"36,203,784"
الخدمات الرقمية,عام,القطاع العام,خدمة إلكترونية,2026/04/12,"36,203,785"
الخدمات الرقمية,عام,القطاع العام,خدمة إلكترونية,2026/04/12,"36,203,566"
الخدمات الرقمية,عام,القطاع العام,خدمة إلكترونية,2026/04/12,"36,198,273"
الخدمات الرقمية,عام,القطاع العام,خدمة إلكترونية,2026/04/12,"36,191,860"
الخدمات الرقمية,عام,القطاع العام,خدمة إلكترونية,2026/04/12,"36,203,776"
الخدمات الرقمية,عام,القطاع العام,خدمة إلكترونية,2026/04/12,"36,197,177"
الخدمات الرقمية,عام,القطاع العام,خدمة إلكترونية,2026/04/12,"36,194,139"
الخدمات الرقمية,عام,القطاع العام,خدمة إلكترونية,2026/04/12,"36,203,777"
الخدمات الرقمية,عام,القطاع العام,خدمة إلكترونية,2026/04/12,"36,203,565"
الخدمات الرقمية,عام,القطاع العام,خدمة إلكترونية,2026/04/12,"36,190,057"
الخدمات الرقمية,عام,القطاع العام,خدمة إلكترونية,2026/04/12,"36,187,872"
الخدمات الرقمية,عام,القطاع العام,خدمة إلكترونية,2026/04/12,"36,203,650"
الخدمات الرقمية,عام,القطاع العام,خدمة إلكترونية,2026/04/12,"36,191,592"
الخدمات الرقمية,عام,القطاع العام,خدمة إلكترونية,2026/04/12,"36,190,195"
الخدمات الرقمية,عام,القطاع العام,خدمة إلكترونية,2026/04/12,"36,203,649"
الخدمات الرقمية,عام,القطاع العام,خدمة إلكترونية,2026/04/12,"36,191,419"
الخدمات الرقمية,عام,القطاع العام,خدمة إلكترونية,2026/04/12,"36,188,133"
الخدمات الرقمية,عام,القطاع العام,خدمة إلكترونية,2026/04/12,"36,192,937"
الخدمات الرقمية,عام,القطاع العام,خدمة إلكترونية,2026/04/12,"36,203,635"
الخدمات الرقمية,عام,القطاع العام,خدمة إلكترونية,2026/04/12,"36,203,726"
الخدمات الرقمية,عام,القطاع العام,خدمة إلكترونية,2026/04/12,"36,192,292"
الخدمات الرقمية,عام,القطاع العام,خدمة إلكترونية,2026/04/12,"36,192,723"
الخدمات الرقمية,عام,القطاع العام,خدمة إلكترونية,2026/04/12,"36,192,790"
الخدمات الرقمية,عام,القطاع العام,خدمة إلكترونية,2026/04/12,"36,193,055"
الخدمات الرقمية,عام,القطاع العام,خدمة إلكترونية,2026/04/12,"36,203,656"
الخدمات الرقمية,عام,القطاع العام,خدمة إلكترونية,2026/04/12,"36,192,840"
الخدمات الرقمية,عام,القطاع العام,خدمة إلكترونية,2026/04/12,"36,191,767"
الخدمات الرقمية,عام,القطاع العام,خدمة إلكترونية,2026/04/12,"36,187,871"
الخدمات الرقمية,عام,القطاع العام,خدمة إلكترونية,2026/04/12,"36,192,163"
الخدمات الرقمية,عام,القطاع العام,خدمة إلكترونية,2026/04/12,"36,203,558"
الخدمات الرقمية,عام,القطاع العام,خدمة إلكترونية,2026/04/12,"36,192,259"
الخدمات الرقمية,عام,القطاع العام,خدمة إلكترونية,2026/04/12,"36,191,465"
الخدمات الرقمية,عام,القطاع العام,خدمة إلكترونية,2026/04/12,"36,190,065"
الخدمات الرقمية,عام,القطاع العام,خدمة إلكترونية,2026/04/12,"36,192,385"
الخدمات الرقمية,عام,القطاع العام,خدمة إلكترونية,2026/04/12,"36,203,657"
الخدمات الرقمية,عام,القطاع العام,خدمة إلكترونية,2026/04/12,"36,203,627"
الخدمات الرقمية,عام,القطاع العام,خدمة إلكترونية,2026/04/12,"36,192,887"
الخدمات الرقمية,عام,القطاع العام,خدمة إلكترونية,2026/04/12,"36,203,512"
الخدمات الرقمية,عام,القطاع العام,خدمة إلكترونية,2026/04/12,"36,203,513"
 عسير,ابها,القطاع الخاص,خدمة إلكترونية جزئيا,2026/04/13,"36,216,703"
 عسير,ابها,القطاع الخاص,خدمة إلكترونية جزئيا,2026/04/13,"36,217,019"
 عسير,ابها,القطاع الخاص,خدمة إلكترونية جزئيا,2026/04/13,"36,216,770"
 حائل,حائل,القطاع الخاص,خدمة إلكترونية جزئيا,2026/04/13,"36,219,292"
 الرياض,الرياض,القطاع الخاص,خدمة إلكترونية جزئيا,2026/04/13,"36,212,354"
 الرياض,الرياض,القطاع الخاص,خدمة إلكترونية جزئيا,2026/04/13,"36,219,471"
 الشرقية,حفر الباطن,القطاع العام,خدمة إلكترونية جزئيا,2026/04/13,"36,218,870"
الخدمات الرقمية,عام,القطاع العام,خدمة إلكترونية,2026/04/13,"36,217,042"
 مكة المكرمه,مكة المكرمة,القطاع الخاص,خدمة إلكترونية جزئيا,2026/04/13,"36,230,343"
 مكة المكرمه,جده,القطاع الخاص,خدمة إلكترونية جزئيا,2026/04/13,"36,212,050"
 حائل,حائل,القطاع الخاص,خدمة إلكترونية جزئيا,2026/04/13,"36,219,307"
 مكة المكرمه,الطائف,القطاع الخاص,خدمة إلكترونية جزئيا,2026/04/13,"36,213,256"
 مكة المكرمه,مكة المكرمة,القطاع الخاص,خدمة إلكترونية جزئيا,2026/04/13,"36,216,113"
 الرياض,الرياض,القطاع الخاص,خدمة إلكترونية جزئيا,2026/04/13,"36,219,669"
 الرياض,الرياض,القطاع الخاص,خدمة إلكترونية جزئيا,2026/04/13,"36,214,152"
 الرياض,الرياض,القطاع الخاص,خدمة إلكترونية جزئيا,2026/04/13,"36,212,414"
 الرياض,الرياض,القطاع الخاص,خدمة إلكترونية جزئيا,2026/04/13,"36,210,308"
 الرياض,الرياض,القطاع الخاص,خدمة إلكترونية جزئيا,2026/04/13,"36,216,004"
الخدمات الرقمية,عام,القطاع العام,خدمة إلكترونية,2026/04/13,"36,224,521"
الخدمات الرقمية,عام,القطاع العام,خدمة إلكترونية,2026/04/13,"36,230,153"
الخدمات الرقمية,عام,القطاع العام,خدمة إلكترونية,2026/04/13,"36,211,818"
الخدمات الرقمية,عام,القطاع العام,خدمة إلكترونية,2026/04/13,"36,218,087"
الخدمات الرقمية,عام,القطاع العام,خدمة إلكترونية,2026/04/13,"36,221,347"
الخدمات الرقمية,عام,القطاع العام,خدمة إلكترونية,2026/04/13,"36,213,774"
الخدمات الرقمية,عام,القطاع العام,خدمة إلكترونية,2026/04/13,"36,218,383"
الخدمات الرقمية,عام,القطاع العام,خدمة إلكترونية,2026/04/13,"36,222,480"
الخدمات الرقمية,عام,القطاع العام,خدمة إلكترونية,2026/04/13,"36,214,689"
الخدمات الرقمية,عام,القطاع العام,خدمة إلكترونية,2026/04/13,"36,218,389"
الخدمات الرقمية,عام,القطاع العام,خدمة إلكترونية,2026/04/13,"36,225,952"
الخدمات الرقمية,عام,القطاع العام,خدمة إلكترونية,2026/04/13,"36,229,734"
الخدمات الرقمية,عام,القطاع العام,خدمة إلكترونية,2026/04/13,"36,230,000"
الخدمات الرقمية,عام,القطاع العام,خدمة إلكترونية,2026/04/13,"36,223,117"
الخدمات الرقمية,عام,القطاع العام,خدمة إلكترونية,2026/04/13,"36,217,040"
الخدمات الرقمية,عام,القطاع العام,خدمة إلكترونية,2026/04/13,"36,217,254"
الخدمات الرقمية,عام,القطاع العام,خدمة إلكترونية,2026/04/13,"36,213,631"
الخدمات الرقمية,عام,القطاع العام,خدمة إلكترونية,2026/04/13,"36,219,180"
الخدمات الرقمية,عام,القطاع العام,خدمة إلكترونية,2026/04/13,"36,209,847"
الخدمات الرقمية,عام,القطاع العام,خدمة إلكترونية,2026/04/13,"36,214,302"
الخدمات الرقمية,عام,القطاع العام,خدمة إلكترونية,2026/04/13,"36,208,743"
الخدمات الرقمية,عام,القطاع العام,خدمة إلكترونية,2026/04/13,"36,222,819"
الخدمات الرقمية,عام,القطاع العام,خدمة إلكترونية,2026/04/13,"36,209,031"
الخدمات الرقمية,عام,القطاع العام,خدمة إلكترونية,2026/04/13,"36,212,421"
الخدمات الرقمية,عام,القطاع العام,خدمة إلكترونية,2026/04/13,"36,214,344"
الخدمات الرقمية,عام,القطاع العام,خدمة إلكترونية,2026/04/13,"36,214,657"
الخدمات الرقمية,عام,القطاع العام,خدمة إلكترونية,2026/04/13,"36,221,414"
الخدمات الرقمية,عام,القطاع العام,خدمة إلكترونية,2026/04/13,"36,219,470"
الخدمات الرقمية,عام,القطاع العام,خدمة إلكترونية,2026/04/13,"36,219,283"
الخدمات الرقمية,عام,القطاع العام,خدمة إلكترونية,2026/04/13,"36,222,494"
الخدمات الرقمية,عام,القطاع العام,خدمة إلكترونية,2026/04/13,"36,220,580"
الخدمات الرقمية,عام,القطاع العام,خدمة إلكترونية,2026/04/13,"36,215,342"
الخدمات الرقمية,عام,القطاع العام,خدمة إلكترونية,2026/04/13,"36,220,018"
الخدمات الرقمية,عام,القطاع العام,خدمة إلكترونية,2026/04/13,"36,219,016"
الخدمات الرقمية,عام,القطاع العام,خدمة إلكترونية,2026/04/13,"36,219,176"
الخدمات الرقمية,عام,القطاع العام,خدمة إلكترونية,2026/04/13,"36,222,063"
الخدمات الرقمية,عام,القطاع العام,خدمة إلكترونية,2026/04/13,"36,211,501"
الخدمات الرقمية,عام,القطاع العام,خدمة إلكترونية,2026/04/13,"36,223,757"
الخدمات الرقمية,عام,القطاع العام,خدمة إلكترونية,2026/04/13,"36,211,230"
الخدمات الرقمية,عام,القطاع العام,خدمة إلكترونية,2026/04/13,"36,221,030"
الخدمات الرقمية,عام,القطاع العام,خدمة إلكترونية,2026/04/13,"36,219,078"
الخدمات الرقمية,عام,القطاع العام,خدمة إلكترونية,2026/04/13,"36,207,442"
الخدمات الرقمية,عام,القطاع العام,خدمة إلكترونية,2026/04/13,"36,207,482"
الخدمات الرقمية,عام,القطاع العام,خدمة إلكترونية,2026/04/13,"36,207,484"
الخدمات الرقمية,عام,القطاع العام,خدمة إلكترونية,2026/04/13,"36,207,494"
الخدمات الرقمية,عام,القطاع العام,خدمة إلكترونية,2026/04/13,"36,216,438"
الخدمات الرقمية,عام,القطاع العام,خدمة إلكترونية,2026/04/13,"36,217,518"
الخدمات الرقمية,عام,القطاع العام,خدمة إلكترونية,2026/04/13,"36,217,920"
الخدمات الرقمية,عام,القطاع العام,خدمة إلكترونية,2026/04/13,"36,216,832"
الخدمات الرقمية,عام,القطاع العام,خدمة إلكترونية,2026/04/13,"36,207,510"
الخدمات الرقمية,عام,القطاع العام,خدمة إلكترونية,2026/04/13,"36,209,819"
الخدمات الرقمية,عام,القطاع العام,خدمة إلكترونية,2026/04/13,"36,207,459"
الخدمات الرقمية,عام,القطاع العام,خدمة إلكترونية,2026/04/13,"36,222,733"
الخدمات الرقمية,عام,القطاع العام,خدمة إلكترونية,2026/04/13,"36,209,731"
الخدمات الرقمية,عام,القطاع العام,خدمة إلكترونية,2026/04/13,"36,222,231"
الخدمات الرقمية,عام,القطاع العام,خدمة إلكترونية,2026/04/13,"36,216,642"
الخدمات الرقمية,عام,القطاع العام,خدمة إلكترونية,2026/04/13,"36,212,823"
الخدمات الرقمية,عام,القطاع العام,خدمة إلكترونية,2026/04/13,"36,219,952"
الخدمات الرقمية,عام,القطاع العام,خدمة إلكترونية,2026/04/13,"36,216,794"
الخدمات الرقمية,عام,القطاع العام,خدمة إلكترونية,2026/04/13,"36,220,277"
الخدمات الرقمية,عام,القطاع العام,خدمة إلكترونية,2026/04/13,"36,213,861"
الخدمات الرقمية,عام,القطاع العام,خدمة إلكترونية,2026/04/13,"36,216,684"
الخدمات الرقمية,عام,القطاع العام,خدمة إلكترونية,2026/04/13,"36,211,384"
الخدمات الرقمية,عام,القطاع العام,خدمة إلكترونية,2026/04/13,"36,211,898"
الخدمات الرقمية,عام,القطاع العام,خدمة إلكترونية,2026/04/13,"36,212,244"
الخدمات الرقمية,عام,القطاع العام,خدمة إلكترونية,2026/04/13,"36,216,855"
الخدمات الرقمية,عام,القطاع العام,خدمة إلكترونية,2026/04/13,"36,216,742"
الخدمات الرقمية,عام,القطاع العام,خدمة إلكترونية,2026/04/13,"36,211,694"
الخدمات الرقمية,عام,القطاع العام,خدمة إلكترونية,2026/04/13,"36,211,958"
الخدمات الرقمية,عام,القطاع العام,خدمة إلكترونية,2026/04/13,"36,216,984"
الخدمات الرقمية,عام,القطاع العام,خدمة إلكترونية,2026/04/13,"36,211,760"
الخدمات الرقمية,عام,القطاع العام,خدمة إلكترونية,2026/04/13,"36,211,542"
الخدمات الرقمية,عام,القطاع العام,خدمة إلكترونية,2026/04/13,"36,219,848"
الخدمات الرقمية,عام,القطاع العام,خدمة إلكترونية,2026/04/13,"36,211,989"
الخدمات الرقمية,عام,القطاع العام,خدمة إلكترونية,2026/04/13,"36,211,304"
الخدمات الرقمية,عام,القطاع العام,خدمة إلكترونية,2026/04/13,"36,216,104"
الخدمات الرقمية,عام,القطاع العام,خدمة إلكترونية,2026/04/13,"36,214,073"
الخدمات الرقمية,عام,القطاع العام,خدمة إلكترونية,2026/04/13,"36,214,081"
الخدمات الرقمية,عام,القطاع العام,خدمة إلكترونية,2026/04/13,"36,220,101"
الخدمات الرقمية,عام,القطاع العام,خدمة إلكترونية,2026/04/13,"36,214,639"
الخدمات الرقمية,عام,القطاع العام,خدمة إلكترونية,2026/04/13,"36,219,937"
الخدمات الرقمية,عام,القطاع العام,خدمة إلكترونية,2026/04/13,"36,214,661"
الخدمات الرقمية,عام,القطاع العام,خدمة إلكترونية,2026/04/13,"36,214,268"
الخدمات الرقمية,عام,القطاع العام,خدمة إلكترونية,2026/04/13,"36,216,873"
الخدمات الرقمية,عام,القطاع العام,خدمة إلكترونية,2026/04/13,"36,214,625"
الخدمات الرقمية,عام,القطاع العام,خدمة إلكترونية,2026/04/13,"36,210,695"
الخدمات الرقمية,عام,القطاع العام,خدمة إلكترونية,2026/04/13,"36,211,295"
الخدمات الرقمية,عام,القطاع العام,خدمة إلكترونية,2026/04/13,"36,212,127"
الخدمات الرقمية,عام,القطاع العام,خدمة إلكترونية,2026/04/13,"36,210,969"
الخدمات الرقمية,عام,القطاع العام,خدمة إلكترونية,2026/04/13,"36,209,548"
الخدمات الرقمية,عام,القطاع العام,خدمة إلكترونية,2026/04/13,"36,210,698"
الخدمات الرقمية,عام,القطاع العام,خدمة إلكترونية,2026/04/13,"36,214,259"
الخدمات الرقمية,عام,القطاع العام,خدمة إلكترونية,2026/04/13,"36,217,888"
الخدمات الرقمية,عام,القطاع العام,خدمة إلكترونية,2026/04/13,"36,210,817"
الخدمات الرقمية,عام,القطاع العام,خدمة إلكترونية,2026/04/13,"36,211,298"
الخدمات الرقمية,عام,القطاع العام,خدمة إلكترونية,2026/04/13,"36,210,700"
الخدمات الرقمية,عام,القطاع العام,خدمة إلكترونية,2026/04/13,"36,214,424"
الخدمات الرقمية,عام,القطاع العام,خدمة إلكترونية,2026/04/13,"36,210,827"
الخدمات الرقمية,عام,القطاع العام,خدمة إلكترونية,2026/04/13,"36,219,149"
الخدمات الرقمية,عام,القطاع العام,خدمة إلكترونية,2026/04/13,"36,210,820"
الخدمات الرقمية,عام,القطاع العام,خدمة إلكترونية,2026/04/13,"36,211,302"
الخدمات الرقمية,عام,القطاع العام,خدمة إلكترونية,2026/04/13,"36,214,075"
الخدمات الرقمية,عام,القطاع العام,خدمة إلكترونية,2026/04/13,"36,214,635"
الخدمات الرقمية,عام,القطاع العام,خدمة إلكترونية,2026/04/13,"36,216,875"
الخدمات الرقمية,كتابة عدل مدمجة - افتراضية,القطاع العام,خدمة إلكترونية جزئيا,2026/04/14,"36,237,434"
 المدينة المنوره,المدينة المنورة,القطاع الخاص,خدمة إلكترونية جزئيا,2026/04/14,"36,243,111"
 المدينة المنوره,المدينة المنورة,القطاع الخاص,خدمة إلكترونية جزئيا,2026/04/14,"36,242,185"
 حائل,حائل,القطاع الخاص,خدمة إلكترونية جزئيا,2026/04/14,"36,240,537"
 الرياض,الرياض,القطاع الخاص,خدمة إلكترونية جزئيا,2026/04/14,"36,244,409"
 الرياض,الرياض,القطاع الخاص,خدمة إلكترونية جزئيا,2026/04/14,"36,248,016"
الخدمات الرقمية,عام,القطاع العام,خدمة إلكترونية,2026/04/14,"36,236,013"
الخدمات الرقمية,عام,القطاع العام,خدمة إلكترونية,2026/04/14,"36,240,011"
 مكة المكرمه,جده,القطاع الخاص,خدمة إلكترونية جزئيا,2026/04/14,"36,244,245"
 مكة المكرمه,الطائف,القطاع الخاص,خدمة إلكترونية جزئيا,2026/04/14,"36,247,446"
 مكة المكرمه,جده,القطاع الخاص,خدمة إلكترونية جزئيا,2026/04/14,"36,242,033"
 المدينة المنوره,المدينة المنورة,القطاع الخاص,خدمة إلكترونية جزئيا,2026/04/14,"36,243,543"
 مكة المكرمه,جده,القطاع الخاص,خدمة إلكترونية جزئيا,2026/04/14,"36,242,260"
 مكة المكرمه,الطائف,القطاع الخاص,خدمة إلكترونية جزئيا,2026/04/14,"36,247,276"
 مكة المكرمه,جده,القطاع الخاص,خدمة إلكترونية جزئيا,2026/04/14,"36,244,611"
 الرياض,الرياض,القطاع الخاص,خدمة إلكترونية جزئيا,2026/04/14,"36,248,281"
الخدمات الرقمية,عام,القطاع العام,خدمة إلكترونية,2026/04/14,"36,238,571"
الخدمات الرقمية,عام,القطاع العام,خدمة إلكترونية,2026/04/14,"36,242,592"
الخدمات الرقمية,عام,القطاع العام,خدمة إلكترونية,2026/04/14,"36,245,041"
الخدمات الرقمية,عام,القطاع العام,خدمة إلكترونية,2026/04/14,"36,246,218"
الخدمات الرقمية,عام,القطاع العام,خدمة إلكترونية,2026/04/14,"36,245,559"
الخدمات الرقمية,عام,القطاع العام,خدمة إلكترونية,2026/04/14,"36,242,196"
الخدمات الرقمية,عام,القطاع العام,خدمة إلكترونية,2026/04/14,"36,249,463"
الخدمات الرقمية,عام,القطاع العام,خدمة إلكترونية,2026/04/14,"36,251,037"
الخدمات الرقمية,عام,القطاع العام,خدمة إلكترونية,2026/04/14,"36,251,293"
الخدمات الرقمية,عام,القطاع العام,خدمة إلكترونية,2026/04/14,"36,231,829"
الخدمات الرقمية,عام,القطاع العام,خدمة إلكترونية,2026/04/14,"36,235,029"
الخدمات الرقمية,عام,القطاع العام,خدمة إلكترونية,2026/04/14,"36,234,868"
الخدمات الرقمية,عام,القطاع العام,خدمة إلكترونية,2026/04/14,"36,234,299"
الخدمات الرقمية,عام,القطاع العام,خدمة إلكترونية,2026/04/14,"36,235,114"
الخدمات الرقمية,عام,القطاع العام,خدمة إلكترونية,2026/04/14,"36,235,150"
الخدمات الرقمية,عام,القطاع العام,خدمة إلكترونية,2026/04/14,"36,235,047"
الخدمات الرقمية,عام,القطاع العام,خدمة إلكترونية,2026/04/14,"36,235,820"
الخدمات الرقمية,عام,القطاع العام,خدمة إلكترونية,2026/04/14,"36,238,105"
الخدمات الرقمية,عام,القطاع العام,خدمة إلكترونية,2026/04/14,"36,235,084"
الخدمات الرقمية,عام,القطاع العام,خدمة إلكترونية,2026/04/14,"36,235,466"
الخدمات الرقمية,عام,القطاع العام,خدمة إلكترونية,2026/04/14,"36,237,393"
الخدمات الرقمية,عام,القطاع العام,خدمة إلكترونية,2026/04/14,"36,239,054"
الخدمات الرقمية,عام,القطاع العام,خدمة إلكترونية,2026/04/14,"36,235,835"
الخدمات الرقمية,عام,القطاع العام,خدمة إلكترونية,2026/04/14,"36,238,584"
الخدمات الرقمية,عام,القطاع العام,خدمة إلكترونية,2026/04/14,"36,235,168"
الخدمات الرقمية,عام,القطاع العام,خدمة إلكترونية,2026/04/14,"36,239,483"
الخدمات الرقمية,عام,القطاع العام,خدمة إلكترونية,2026/04/14,"36,238,297"
الخدمات الرقمية,عام,القطاع العام,خدمة إلكترونية,2026/04/14,"36,234,858"
الخدمات الرقمية,عام,القطاع العام,خدمة إلكترونية,2026/04/14,"36,245,336"
الخدمات الرقمية,عام,القطاع العام,خدمة إلكترونية,2026/04/14,"36,246,028"
الخدمات الرقمية,عام,القطاع العام,خدمة إلكترونية,2026/04/14,"36,245,810"
الخدمات الرقمية,عام,القطاع العام,خدمة إلكترونية,2026/04/14,"36,244,983"
الخدمات الرقمية,عام,القطاع العام,خدمة إلكترونية,2026/04/14,"36,245,206"
الخدمات الرقمية,عام,القطاع العام,خدمة إلكترونية,2026/04/14,"36,245,615"
الخدمات الرقمية,عام,القطاع العام,خدمة إلكترونية,2026/04/14,"36,235,872"
الخدمات الرقمية,عام,القطاع العام,خدمة إلكترونية,2026/04/14,"36,241,835"
الخدمات الرقمية,عام,القطاع العام,خدمة إلكترونية,2026/04/14,"36,246,292"
الخدمات الرقمية,عام,القطاع العام,خدمة إلكترونية,2026/04/14,"36,241,253"
الخدمات الرقمية,عام,القطاع العام,خدمة إلكترونية,2026/04/14,"36,245,909"
الخدمات الرقمية,عام,القطاع العام,خدمة إلكترونية,2026/04/14,"36,248,138"
الخدمات الرقمية,عام,القطاع العام,خدمة إلكترونية,2026/04/14,"36,247,320"
الخدمات الرقمية,عام,القطاع العام,خدمة إلكترونية,2026/04/14,"36,237,990"
الخدمات الرقمية,عام,القطاع العام,خدمة إلكترونية,2026/04/14,"36,250,114"
الخدمات الرقمية,عام,القطاع العام,خدمة إلكترونية,2026/04/14,"36,247,632"
الخدمات الرقمية,عام,القطاع العام,خدمة إلكترونية,2026/04/14,"36,249,550"
الخدمات الرقمية,عام,القطاع العام,خدمة إلكترونية,2026/04/14,"36,250,166"
الخدمات الرقمية,عام,القطاع العام,خدمة إلكترونية,2026/04/14,"36,246,999"
الخدمات الرقمية,عام,القطاع العام,خدمة إلكترونية,2026/04/14,"36,234,318"
الخدمات الرقمية,عام,القطاع العام,خدمة إلكترونية,2026/04/14,"36,258,169"
الخدمات الرقمية,عام,القطاع العام,خدمة إلكترونية,2026/04/14,"36,252,250"
الخدمات الرقمية,عام,القطاع العام,خدمة إلكترونية,2026/04/14,"36,246,414"
الخدمات الرقمية,عام,القطاع العام,خدمة إلكترونية,2026/04/14,"36,239,452"
الخدمات الرقمية,عام,القطاع العام,خدمة إلكترونية,2026/04/14,"36,239,911"
الخدمات الرقمية,عام,القطاع العام,خدمة إلكترونية,2026/04/14,"36,240,151"
الخدمات الرقمية,عام,القطاع العام,خدمة إلكترونية,2026/04/14,"36,239,269"
الخدمات الرقمية,عام,القطاع العام,خدمة إلكترونية,2026/04/14,"36,239,969"
الخدمات الرقمية,عام,القطاع العام,خدمة إلكترونية,2026/04/14,"36,240,234"
الخدمات الرقمية,عام,القطاع العام,خدمة إلكترونية,2026/04/14,"36,240,655"
الخدمات الرقمية,عام,القطاع العام,خدمة إلكترونية,2026/04/14,"36,243,625"
الخدمات الرقمية,عام,القطاع العام,خدمة إلكترونية,2026/04/14,"36,244,051"
الخدمات الرقمية,عام,القطاع العام,خدمة إلكترونية,2026/04/14,"36,242,940"
الخدمات الرقمية,عام,القطاع العام,خدمة إلكترونية,2026/04/14,"36,240,420"
الخدمات الرقمية,عام,القطاع العام,خدمة إلكترونية,2026/04/14,"36,244,028"
الخدمات الرقمية,عام,القطاع العام,خدمة إلكترونية,2026/04/14,"36,244,120"
الخدمات الرقمية,عام,القطاع العام,خدمة إلكترونية,2026/04/14,"36,244,178"
الخدمات الرقمية,عام,القطاع العام,خدمة إلكترونية,2026/04/14,"36,244,255"
الخدمات الرقمية,عام,القطاع العام,خدمة إلكترونية,2026/04/14,"36,248,398"
الخدمات الرقمية,عام,القطاع العام,خدمة إلكترونية,2026/04/14,"36,247,841"
الخدمات الرقمية,عام,القطاع العام,خدمة إلكترونية,2026/04/14,"36,249,496"
الخدمات الرقمية,عام,القطاع العام,خدمة إلكترونية,2026/04/14,"36,248,617"
الخدمات الرقمية,عام,القطاع العام,خدمة إلكترونية,2026/04/14,"36,246,698"
الخدمات الرقمية,عام,القطاع العام,خدمة إلكترونية,2026/04/14,"36,247,201"
الخدمات الرقمية,عام,القطاع العام,خدمة إلكترونية,2026/04/14,"36,248,262"
الخدمات الرقمية,عام,القطاع العام,خدمة إلكترونية,2026/04/14,"36,243,041"
الخدمات الرقمية,عام,القطاع العام,خدمة إلكترونية,2026/04/14,"36,250,159"
الخدمات الرقمية,عام,القطاع العام,خدمة إلكترونية,2026/04/14,"36,250,615"
الخدمات الرقمية,عام,القطاع العام,خدمة إلكترونية,2026/04/14,"36,247,771"
الخدمات الرقمية,عام,القطاع العام,خدمة إلكترونية,2026/04/14,"36,249,944"
الخدمات الرقمية,عام,القطاع العام,خدمة إلكترونية,2026/04/14,"36,249,715"
الخدمات الرقمية,عام,القطاع العام,خدمة إلكترونية,2026/04/14,"36,249,510"
الخدمات الرقمية,عام,القطاع العام,خدمة إلكترونية,2026/04/14,"36,249,810"
الخدمات الرقمية,عام,القطاع العام,خدمة إلكترونية,2026/04/14,"36,250,293"
الخدمات الرقمية,عام,القطاع العام,خدمة إلكترونية,2026/04/14,"36,249,995"
الخدمات الرقمية,عام,القطاع العام,خدمة إلكترونية,2026/04/14,"36,249,615"
الخدمات الرقمية,عام,القطاع العام,خدمة إلكترونية,2026/04/14,"36,234,765"
الخدمات الرقمية,عام,القطاع العام,خدمة إلكترونية,2026/04/14,"36,235,062"
الخدمات الرقمية,عام,القطاع العام,خدمة إلكترونية,2026/04/14,"36,235,239"
الخدمات الرقمية,عام,القطاع العام,خدمة إلكترونية,2026/04/14,"36,234,864"
الخدمات الرقمية,عام,القطاع العام,خدمة إلكترونية,2026/04/14,"36,235,129"
الخدمات الرقمية,عام,القطاع العام,خدمة إلكترونية,2026/04/14,"36,234,815"
الخدمات الرقمية,عام,القطاع العام,خدمة إلكترونية,2026/04/14,"36,236,305"
الخدمات الرقمية,عام,القطاع العام,خدمة إلكترونية,2026/04/14,"36,234,820"
الخدمات الرقمية,عام,القطاع العام,خدمة إلكترونية,2026/04/14,"36,234,845"
الخدمات الرقمية,عام,القطاع العام,خدمة إلكترونية,2026/04/14,"36,235,331"
الخدمات الرقمية,عام,القطاع العام,خدمة إلكترونية,2026/04/14,"36,234,832"
الخدمات الرقمية,عام,القطاع العام,خدمة إلكترونية,2026/04/14,"36,234,971"
الخدمات الرقمية,عام,القطاع العام,خدمة إلكترونية,2026/04/14,"36,236,349"
الخدمات الرقمية,عام,القطاع العام,خدمة إلكترونية,2026/04/14,"36,238,223"
الخدمات الرقمية,عام,القطاع العام,خدمة إلكترونية,2026/04/14,"36,235,007"
الخدمات الرقمية,عام,القطاع العام,خدمة إلكترونية,2026/04/14,"36,235,276"
الخدمات الرقمية,عام,القطاع العام,خدمة إلكترونية,2026/04/14,"36,236,235"
الخدمات الرقمية,عام,القطاع العام,خدمة إلكترونية,2026/04/14,"36,235,314"
الخدمات الرقمية,عام,القطاع العام,خدمة إلكترونية,2026/04/14,"36,234,728"
الخدمات الرقمية,عام,القطاع العام,خدمة إلكترونية,2026/04/14,"36,235,170"
الخدمات الرقمية,عام,القطاع العام,خدمة إلكترونية,2026/04/14,"36,234,850"
الخدمات الرقمية,عام,القطاع العام,خدمة إلكترونية,2026/04/14,"36,240,281"
الخدمات الرقمية,عام,القطاع العام,خدمة إلكترونية,2026/04/14,"36,235,928"
الخدمات الرقمية,عام,القطاع العام,خدمة إلكترونية,2026/04/14,"36,236,476"
الخدمات الرقمية,عام,القطاع العام,خدمة إلكترونية,2026/04/14,"36,238,585"
الخدمات الرقمية,عام,القطاع العام,خدمة إلكترونية,2026/04/14,"36,238,940"
الخدمات الرقمية,عام,القطاع العام,خدمة إلكترونية,2026/04/14,"36,234,855"
الخدمات الرقمية,عام,القطاع العام,خدمة إلكترونية,2026/04/14,"36,235,351"
الخدمات الرقمية,عام,القطاع العام,خدمة إلكترونية,2026/04/14,"36,247,052"
الخدمات الرقمية,عام,القطاع العام,خدمة إلكترونية,2026/04/14,"36,246,740"
الخدمات الرقمية,عام,القطاع العام,خدمة إلكترونية,2026/04/14,"36,235,286"
الخدمات الرقمية,عام,القطاع العام,خدمة إلكترونية,2026/04/14,"36,249,591"
الخدمات الرقمية,عام,القطاع العام,خدمة إلكترونية,2026/04/14,"36,249,559"
الخدمات الرقمية,عام,القطاع العام,خدمة إلكترونية,2026/04/14,"36,246,869"
الخدمات الرقمية,عام,القطاع العام,خدمة إلكترونية,2026/04/14,"36,248,635"
الخدمات الرقمية,عام,القطاع العام,خدمة إلكترونية,2026/04/14,"36,249,502"
الخدمات الرقمية,عام,القطاع العام,خدمة إلكترونية,2026/04/14,"36,250,192"
الخدمات الرقمية,عام,القطاع العام,خدمة إلكترونية,2026/04/14,"36,249,284"
الخدمات الرقمية,عام,القطاع العام,خدمة إلكترونية,2026/04/14,"36,249,185"
الخدمات الرقمية,عام,القطاع العام,خدمة إلكترونية,2026/04/14,"36,249,370"
الخدمات الرقمية,عام,القطاع العام,خدمة إلكترونية,2026/04/14,"36,249,054"
الخدمات الرقمية,عام,القطاع العام,خدمة إلكترونية,2026/04/14,"36,249,115"
الخدمات الرقمية,عام,القطاع العام,خدمة إلكترونية,2026/04/14,"36,249,645"
الخدمات الرقمية,عام,القطاع العام,خدمة إلكترونية,2026/04/14,"36,250,143"
الخدمات الرقمية,عام,القطاع العام,خدمة إلكترونية,2026/04/14,"36,250,070"
الخدمات الرقمية,عام,القطاع العام,خدمة إلكترونية,2026/04/14,"36,246,913"
الخدمات الرقمية,عام,القطاع العام,خدمة إلكترونية,2026/04/14,"36,247,145"
الخدمات الرقمية,عام,القطاع العام,خدمة إلكترونية,2026/04/14,"36,249,327"
الخدمات الرقمية,عام,القطاع العام,خدمة إلكترونية,2026/04/14,"36,235,940"
الخدمات الرقمية,عام,القطاع العام,خدمة إلكترونية,2026/04/14,"36,235,409"
الخدمات الرقمية,عام,القطاع العام,خدمة إلكترونية,2026/04/14,"36,239,490"
الخدمات الرقمية,عام,القطاع العام,خدمة إلكترونية,2026/04/14,"36,238,684"
الخدمات الرقمية,عام,القطاع العام,خدمة إلكترونية,2026/04/14,"36,238,668"
الخدمات الرقمية,عام,القطاع العام,خدمة إلكترونية,2026/04/14,"36,238,885"
الخدمات الرقمية,عام,القطاع العام,خدمة إلكترونية,2026/04/14,"36,236,025"
الخدمات الرقمية,عام,القطاع العام,خدمة إلكترونية,2026/04/14,"36,236,027"
الخدمات الرقمية,عام,القطاع العام,خدمة إلكترونية,2026/04/14,"36,238,681"
الخدمات الرقمية,عام,القطاع العام,خدمة إلكترونية,2026/04/14,"36,236,167"
الخدمات الرقمية,عام,القطاع العام,خدمة إلكترونية,2026/04/14,"36,238,685"
الخدمات الرقمية,عام,القطاع العام,خدمة إلكترونية,2026/04/14,"36,238,000"
الخدمات الرقمية,عام,القطاع العام,خدمة إلكترونية,2026/04/14,"36,238,003"
الخدمات الرقمية,عام,القطاع العام,خدمة إلكترونية,2026/04/14,"36,240,871"
الخدمات الرقمية,عام,القطاع العام,خدمة إلكترونية,2026/04/14,"36,235,926"
الخدمات الرقمية,عام,القطاع العام,خدمة إلكترونية,2026/04/14,"36,236,011"
الخدمات الرقمية,عام,القطاع العام,خدمة إلكترونية,2026/04/14,"36,236,032"
الخدمات الرقمية,عام,القطاع العام,خدمة إلكترونية,2026/04/14,"36,238,674"
الخدمات الرقمية,عام,القطاع العام,خدمة إلكترونية,2026/04/14,"36,242,842"
الخدمات الرقمية,عام,القطاع العام,خدمة إلكترونية,2026/04/14,"36,238,637"
الخدمات الرقمية,عام,القطاع العام,خدمة إلكترونية,2026/04/14,"36,240,889"
الخدمات الرقمية,عام,القطاع العام,خدمة إلكترونية,2026/04/14,"36,236,029"
الخدمات الرقمية,عام,القطاع العام,خدمة إلكترونية,2026/04/14,"36,246,168"
الخدمات الرقمية,عام,القطاع العام,خدمة إلكترونية,2026/04/14,"36,246,952"
الخدمات الرقمية,عام,القطاع العام,خدمة إلكترونية,2026/04/14,"36,246,824"
الخدمات الرقمية,عام,القطاع العام,خدمة إلكترونية,2026/04/14,"36,246,807"
الخدمات الرقمية,عام,القطاع العام,خدمة إلكترونية,2026/04/14,"36,246,814"
الخدمات الرقمية,عام,القطاع العام,خدمة إلكترونية,2026/04/14,"36,246,822"
الخدمات الرقمية,عام,القطاع العام,خدمة إلكترونية,2026/04/14,"36,247,281"
الخدمات الرقمية,عام,القطاع العام,خدمة إلكترونية,2026/04/14,"36,247,827"
الخدمات الرقمية,عام,القطاع العام,خدمة إلكترونية,2026/04/14,"36,247,948"
الخدمات الرقمية,عام,القطاع العام,خدمة إلكترونية,2026/04/14,"36,246,953"
الخدمات الرقمية,عام,القطاع العام,خدمة إلكترونية,2026/04/14,"36,238,859"
الخدمات الرقمية,عام,القطاع العام,خدمة إلكترونية,2026/04/14,"36,247,843"
الخدمات الرقمية,عام,القطاع العام,خدمة إلكترونية,2026/04/14,"36,247,603"
الخدمات الرقمية,عام,القطاع العام,خدمة إلكترونية,2026/04/14,"36,246,825"
الخدمات الرقمية,عام,القطاع العام,خدمة إلكترونية,2026/04/14,"36,246,968"
الخدمات الرقمية,عام,القطاع العام,خدمة إلكترونية,2026/04/14,"36,246,972"
الخدمات الرقمية,عام,القطاع العام,خدمة إلكترونية,2026/04/14,"36,247,604"
 مكة المكرمه,جده,القطاع الخاص,خدمة إلكترونية جزئيا,2026/04/15,"36,280,027"
 المدينة المنوره,المدينة المنورة,القطاع الخاص,خدمة إلكترونية جزئيا,2026/04/15,"36,265,725"
 الشرقية,الدمام,القطاع الخاص,خدمة إلكترونية جزئيا,2026/04/15,"36,266,534"
 الشرقية,الدمام,القطاع الخاص,خدمة إلكترونية جزئيا,2026/04/15,"36,265,267"
 المدينة المنوره,المدينة المنورة,القطاع الخاص,خدمة إلكترونية جزئيا,2026/04/15,"36,283,822"
 المدينة المنوره,المدينة المنورة,القطاع الخاص,خدمة إلكترونية جزئيا,2026/04/15,"36,283,461"
 حائل,حائل,القطاع الخاص,خدمة إلكترونية جزئيا,2026/04/15,"36,268,590"
 حائل,حائل,القطاع الخاص,خدمة إلكترونية جزئيا,2026/04/15,"36,272,707"
 الرياض,الرياض,القطاع الخاص,خدمة إلكترونية جزئيا,2026/04/15,"36,264,822"
 الرياض,الرياض,القطاع الخاص,خدمة إلكترونية جزئيا,2026/04/15,"36,272,093"
 الرياض,الرياض,القطاع الخاص,خدمة إلكترونية جزئيا,2026/04/15,"36,277,476"
الخدمات الرقمية,عام,القطاع العام,خدمة إلكترونية,2026/04/15,"36,278,123"
الخدمات الرقمية,عام,القطاع العام,خدمة إلكترونية,2026/04/15,"36,276,330"
الخدمات الرقمية,عام,القطاع العام,خدمة إلكترونية,2026/04/15,"36,276,332"
 مكة المكرمه,الطائف,القطاع الخاص,خدمة إلكترونية جزئيا,2026/04/15,"36,265,895"
 المدينة المنوره,المدينة المنورة,القطاع الخاص,خدمة إلكترونية جزئيا,2026/04/15,"36,265,805"
 الشرقية,الدمام,القطاع الخاص,خدمة إلكترونية جزئيا,2026/04/15,"36,265,346"
 الشرقية,الدمام,القطاع الخاص,خدمة إلكترونية جزئيا,2026/04/15,"36,266,625"
 مكة المكرمه,جده,القطاع الخاص,خدمة إلكترونية جزئيا,2026/04/15,"36,280,827"
 حائل,حائل,القطاع الخاص,خدمة إلكترونية جزئيا,2026/04/15,"36,268,747"
 المدينة المنوره,المدينة المنورة,القطاع الخاص,خدمة إلكترونية جزئيا,2026/04/15,"36,283,494"
 مكة المكرمه,الطائف,القطاع الخاص,خدمة إلكترونية جزئيا,2026/04/15,"36,272,123"
 مكة المكرمه,الطائف,القطاع الخاص,خدمة إلكترونية جزئيا,2026/04/15,"36,277,663"
 مكة المكرمه,جده,القطاع الخاص,خدمة إلكترونية جزئيا,2026/04/15,"36,280,695"
 الرياض,الرياض,القطاع الخاص,خدمة إلكترونية جزئيا,2026/04/15,"36,264,864"
 الرياض,الرياض,القطاع الخاص,خدمة إلكترونية جزئيا,2026/04/15,"36,266,623"
 الرياض,الرياض,القطاع الخاص,خدمة إلكترونية جزئيا,2026/04/15,"36,265,160"
 الرياض,الرياض,القطاع الخاص,خدمة إلكترونية جزئيا,2026/04/15,"36,273,250"
 الرياض,الرياض,القطاع الخاص,خدمة إلكترونية جزئيا,2026/04/15,"36,272,259"
الخدمات الرقمية,عام,القطاع العام,خدمة إلكترونية,2026/04/15,"36,272,856"
الخدمات الرقمية,عام,القطاع العام,خدمة إلكترونية,2026/04/15,"36,259,481"
الخدمات الرقمية,عام,القطاع العام,خدمة إلكترونية,2026/04/15,"36,273,783"
الخدمات الرقمية,عام,القطاع العام,خدمة إلكترونية,2026/04/15,"36,272,801"
الخدمات الرقمية,عام,القطاع العام,خدمة إلكترونية,2026/04/15,"36,278,435"
الخدمات الرقمية,عام,القطاع العام,خدمة إلكترونية,2026/04/15,"36,268,221"
الخدمات الرقمية,عام,القطاع العام,خدمة إلكترونية,2026/04/15,"36,275,455"
الخدمات الرقمية,عام,القطاع العام,خدمة إلكترونية,2026/04/15,"36,271,764"
الخدمات الرقمية,عام,القطاع العام,خدمة إلكترونية,2026/04/15,"36,275,586"
الخدمات الرقمية,عام,القطاع العام,خدمة إلكترونية,2026/04/15,"36,259,650"
الخدمات الرقمية,عام,القطاع العام,خدمة إلكترونية,2026/04/15,"36,263,077"
الخدمات الرقمية,عام,القطاع العام,خدمة إلكترونية,2026/04/15,"36,263,270"
الخدمات الرقمية,عام,القطاع العام,خدمة إلكترونية,2026/04/15,"36,263,273"
الخدمات الرقمية,عام,القطاع العام,خدمة إلكترونية,2026/04/15,"36,264,382"
الخدمات الرقمية,عام,القطاع العام,خدمة إلكترونية,2026/04/15,"36,264,412"
الخدمات الرقمية,عام,القطاع العام,خدمة إلكترونية,2026/04/15,"36,266,047"
الخدمات الرقمية,عام,القطاع العام,خدمة إلكترونية,2026/04/15,"36,266,573"
الخدمات الرقمية,عام,القطاع العام,خدمة إلكترونية,2026/04/15,"36,277,854"
الخدمات الرقمية,عام,القطاع العام,خدمة إلكترونية,2026/04/15,"36,279,588"
الخدمات الرقمية,عام,القطاع العام,خدمة إلكترونية,2026/04/15,"36,280,028"
الخدمات الرقمية,عام,القطاع العام,خدمة إلكترونية,2026/04/15,"36,280,041"
الخدمات الرقمية,عام,القطاع العام,خدمة إلكترونية,2026/04/15,"36,271,778"
الخدمات الرقمية,عام,القطاع العام,خدمة إلكترونية,2026/04/15,"36,280,745"
الخدمات الرقمية,عام,القطاع العام,خدمة إلكترونية,2026/04/15,"36,270,049"
الخدمات الرقمية,عام,القطاع العام,خدمة إلكترونية,2026/04/15,"36,279,171"
الخدمات الرقمية,عام,القطاع العام,خدمة إلكترونية,2026/04/15,"36,279,241"
الخدمات الرقمية,عام,القطاع العام,خدمة إلكترونية,2026/04/15,"36,279,256"
الخدمات الرقمية,عام,القطاع العام,خدمة إلكترونية,2026/04/15,"36,279,486"
الخدمات الرقمية,عام,القطاع العام,خدمة إلكترونية,2026/04/15,"36,278,871"
الخدمات الرقمية,عام,القطاع العام,خدمة إلكترونية,2026/04/15,"36,270,074"
الخدمات الرقمية,عام,القطاع العام,خدمة إلكترونية,2026/04/15,"36,278,603"
الخدمات الرقمية,عام,القطاع العام,خدمة إلكترونية,2026/04/15,"36,279,746"
الخدمات الرقمية,عام,القطاع العام,خدمة إلكترونية,2026/04/15,"36,277,025"
الخدمات الرقمية,عام,القطاع العام,خدمة إلكترونية,2026/04/15,"36,277,671"
الخدمات الرقمية,عام,القطاع العام,خدمة إلكترونية,2026/04/15,"36,279,534"
الخدمات الرقمية,عام,القطاع العام,خدمة إلكترونية,2026/04/15,"36,280,650"
الخدمات الرقمية,عام,القطاع العام,خدمة إلكترونية,2026/04/15,"36,272,484"
الخدمات الرقمية,عام,القطاع العام,خدمة إلكترونية,2026/04/15,"36,276,591"
الخدمات الرقمية,عام,القطاع العام,خدمة إلكترونية,2026/04/15,"36,284,186"
الخدمات الرقمية,عام,القطاع العام,خدمة إلكترونية,2026/04/15,"36,277,808"
الخدمات الرقمية,عام,القطاع العام,خدمة إلكترونية,2026/04/15,"36,279,106"
الخدمات الرقمية,عام,القطاع العام,خدمة إلكترونية,2026/04/15,"36,280,098"
الخدمات الرقمية,عام,القطاع العام,خدمة إلكترونية,2026/04/15,"36,280,352"
الخدمات الرقمية,عام,القطاع العام,خدمة إلكترونية,2026/04/15,"36,280,910"
الخدمات الرقمية,عام,القطاع العام,خدمة إلكترونية,2026/04/15,"36,282,255"
الخدمات الرقمية,عام,القطاع العام,خدمة إلكترونية,2026/04/15,"36,280,424"
الخدمات الرقمية,عام,القطاع العام,خدمة إلكترونية,2026/04/15,"36,282,224"
الخدمات الرقمية,عام,القطاع العام,خدمة إلكترونية,2026/04/15,"36,277,735"
الخدمات الرقمية,عام,القطاع العام,خدمة إلكترونية,2026/04/15,"36,279,808"
الخدمات الرقمية,عام,القطاع العام,خدمة إلكترونية,2026/04/15,"36,280,768"
الخدمات الرقمية,عام,القطاع العام,خدمة إلكترونية,2026/04/15,"36,278,963"
الخدمات الرقمية,عام,القطاع العام,خدمة إلكترونية,2026/04/15,"36,280,250"
الخدمات الرقمية,عام,القطاع العام,خدمة إلكترونية,2026/04/15,"36,280,735"
الخدمات الرقمية,عام,القطاع العام,خدمة إلكترونية,2026/04/15,"36,283,936"
الخدمات الرقمية,عام,القطاع العام,خدمة إلكترونية,2026/04/15,"36,273,013"
الخدمات الرقمية,عام,القطاع العام,خدمة إلكترونية,2026/04/15,"36,277,997"
الخدمات الرقمية,عام,القطاع العام,خدمة إلكترونية,2026/04/15,"36,272,322"
الخدمات الرقمية,عام,القطاع العام,خدمة إلكترونية,2026/04/15,"36,277,962"
الخدمات الرقمية,عام,القطاع العام,خدمة إلكترونية,2026/04/15,"36,278,206"
الخدمات الرقمية,عام,القطاع العام,خدمة إلكترونية,2026/04/15,"36,280,293"
الخدمات الرقمية,عام,القطاع العام,خدمة إلكترونية,2026/04/15,"36,272,531"
الخدمات الرقمية,عام,القطاع العام,خدمة إلكترونية,2026/04/15,"36,280,577"
الخدمات الرقمية,عام,القطاع العام,خدمة إلكترونية,2026/04/15,"36,274,054"
الخدمات الرقمية,عام,القطاع العام,خدمة إلكترونية,2026/04/15,"36,277,917"
الخدمات الرقمية,عام,القطاع العام,خدمة إلكترونية,2026/04/15,"36,283,381"
الخدمات الرقمية,عام,القطاع العام,خدمة إلكترونية,2026/04/15,"36,280,522"
الخدمات الرقمية,عام,القطاع العام,خدمة إلكترونية,2026/04/15,"36,279,509"
الخدمات الرقمية,عام,القطاع العام,خدمة إلكترونية,2026/04/15,"36,280,135"
الخدمات الرقمية,عام,القطاع العام,خدمة إلكترونية,2026/04/15,"36,270,234"
الخدمات الرقمية,عام,القطاع العام,خدمة إلكترونية,2026/04/15,"36,272,368"
الخدمات الرقمية,عام,القطاع العام,خدمة إلكترونية,2026/04/15,"36,278,180"
الخدمات الرقمية,عام,القطاع العام,خدمة إلكترونية,2026/04/15,"36,279,738"
الخدمات الرقمية,عام,القطاع العام,خدمة إلكترونية,2026/04/15,"36,280,007"
الخدمات الرقمية,عام,القطاع العام,خدمة إلكترونية,2026/04/15,"36,280,382"
الخدمات الرقمية,عام,القطاع العام,خدمة إلكترونية,2026/04/15,"36,280,486"
الخدمات الرقمية,عام,القطاع العام,خدمة إلكترونية,2026/04/15,"36,280,685"
الخدمات الرقمية,عام,القطاع العام,خدمة إلكترونية,2026/04/15,"36,276,256"
الخدمات الرقمية,عام,القطاع العام,خدمة إلكترونية,2026/04/15,"36,280,155"
الخدمات الرقمية,عام,القطاع العام,خدمة إلكترونية,2026/04/15,"36,282,197"
الخدمات الرقمية,عام,القطاع العام,خدمة إلكترونية,2026/04/15,"36,280,869"
الخدمات الرقمية,عام,القطاع العام,خدمة إلكترونية,2026/04/15,"36,278,956"
الخدمات الرقمية,عام,القطاع العام,خدمة إلكترونية,2026/04/15,"36,284,344"
الخدمات الرقمية,عام,القطاع العام,خدمة إلكترونية,2026/04/15,"36,278,235"
الخدمات الرقمية,عام,القطاع العام,خدمة إلكترونية,2026/04/15,"36,280,211"
الخدمات الرقمية,عام,القطاع العام,خدمة إلكترونية,2026/04/15,"36,283,330"
الخدمات الرقمية,عام,القطاع العام,خدمة إلكترونية,2026/04/15,"36,282,272"
الخدمات الرقمية,عام,القطاع العام,خدمة إلكترونية,2026/04/15,"36,278,302"
الخدمات الرقمية,عام,القطاع العام,خدمة إلكترونية,2026/04/15,"36,280,300"
الخدمات الرقمية,عام,القطاع العام,خدمة إلكترونية,2026/04/15,"36,279,878"
الخدمات الرقمية,عام,القطاع العام,خدمة إلكترونية,2026/04/15,"36,284,518"
الخدمات الرقمية,عام,القطاع العام,خدمة إلكترونية,2026/04/15,"36,279,941"
الخدمات الرقمية,عام,القطاع العام,خدمة إلكترونية,2026/04/15,"36,280,560"
الخدمات الرقمية,عام,القطاع العام,خدمة إلكترونية,2026/04/15,"36,278,430"
الخدمات الرقمية,عام,القطاع العام,خدمة إلكترونية,2026/04/15,"36,278,987"
الخدمات الرقمية,عام,القطاع العام,خدمة إلكترونية,2026/04/15,"36,272,569"
الخدمات الرقمية,عام,القطاع العام,خدمة إلكترونية,2026/04/15,"36,283,526"
الخدمات الرقمية,عام,القطاع العام,خدمة إلكترونية,2026/04/15,"36,279,836"
الخدمات الرقمية,عام,القطاع العام,خدمة إلكترونية,2026/04/15,"36,282,246"
الخدمات الرقمية,عام,القطاع العام,خدمة إلكترونية,2026/04/15,"36,284,080"
الخدمات الرقمية,عام,القطاع العام,خدمة إلكترونية,2026/04/15,"36,273,227"
الخدمات الرقمية,عام,القطاع العام,خدمة إلكترونية,2026/04/15,"36,273,275"
الخدمات الرقمية,عام,القطاع العام,خدمة إلكترونية,2026/04/15,"36,273,456"
الخدمات الرقمية,عام,القطاع العام,خدمة إلكترونية,2026/04/15,"36,268,699"
الخدمات الرقمية,عام,القطاع العام,خدمة إلكترونية,2026/04/15,"36,279,017"
الخدمات الرقمية,عام,القطاع العام,خدمة إلكترونية,2026/04/15,"36,263,666"
الخدمات الرقمية,عام,القطاع العام,خدمة إلكترونية,2026/04/15,"36,263,678"
الخدمات الرقمية,عام,القطاع العام,خدمة إلكترونية,2026/04/15,"36,263,696"
الخدمات الرقمية,عام,القطاع العام,خدمة إلكترونية,2026/04/15,"36,263,428"
الخدمات الرقمية,عام,القطاع العام,خدمة إلكترونية,2026/04/15,"36,263,601"
الخدمات الرقمية,عام,القطاع العام,خدمة إلكترونية,2026/04/15,"36,264,916"
الخدمات الرقمية,عام,القطاع العام,خدمة إلكترونية,2026/04/15,"36,265,272"
الخدمات الرقمية,عام,القطاع العام,خدمة إلكترونية,2026/04/15,"36,264,764"
الخدمات الرقمية,عام,القطاع العام,خدمة إلكترونية,2026/04/15,"36,264,495"
الخدمات الرقمية,عام,القطاع العام,خدمة إلكترونية,2026/04/15,"36,265,172"
الخدمات الرقمية,عام,القطاع العام,خدمة إلكترونية,2026/04/15,"36,263,740"
الخدمات الرقمية,عام,القطاع العام,خدمة إلكترونية,2026/04/15,"36,265,108"
الخدمات الرقمية,عام,القطاع العام,خدمة إلكترونية,2026/04/15,"36,263,809"
الخدمات الرقمية,عام,القطاع العام,خدمة إلكترونية,2026/04/15,"36,263,923"
الخدمات الرقمية,عام,القطاع العام,خدمة إلكترونية,2026/04/15,"36,264,667"
الخدمات الرقمية,عام,القطاع العام,خدمة إلكترونية,2026/04/15,"36,276,746"
الخدمات الرقمية,عام,القطاع العام,خدمة إلكترونية,2026/04/15,"36,279,098"
الخدمات الرقمية,عام,القطاع العام,خدمة إلكترونية,2026/04/15,"36,279,421"
الخدمات الرقمية,عام,القطاع العام,خدمة إلكترونية,2026/04/15,"36,279,729"
الخدمات الرقمية,عام,القطاع العام,خدمة إلكترونية,2026/04/15,"36,279,254"
الخدمات الرقمية,عام,القطاع العام,خدمة إلكترونية,2026/04/15,"36,279,224"
الخدمات الرقمية,عام,القطاع العام,خدمة إلكترونية,2026/04/15,"36,279,633"
الخدمات الرقمية,عام,القطاع العام,خدمة إلكترونية,2026/04/15,"36,275,793"
الخدمات الرقمية,عام,القطاع العام,خدمة إلكترونية,2026/04/15,"36,267,621"
الخدمات الرقمية,عام,القطاع العام,خدمة إلكترونية,2026/04/15,"36,268,774"
الخدمات الرقمية,عام,القطاع العام,خدمة إلكترونية,2026/04/15,"36,276,375"
الخدمات الرقمية,عام,القطاع العام,خدمة إلكترونية,2026/04/15,"36,279,671"
الخدمات الرقمية,عام,القطاع العام,خدمة إلكترونية,2026/04/15,"36,279,156"
الخدمات الرقمية,عام,القطاع العام,خدمة إلكترونية,2026/04/15,"36,276,710"
الخدمات الرقمية,عام,القطاع العام,خدمة إلكترونية,2026/04/15,"36,267,725"
الخدمات الرقمية,عام,القطاع العام,خدمة إلكترونية,2026/04/15,"36,268,038"
الخدمات الرقمية,عام,القطاع العام,خدمة إلكترونية,2026/04/15,"36,267,406"
الخدمات الرقمية,عام,القطاع العام,خدمة إلكترونية,2026/04/15,"36,276,333"
الخدمات الرقمية,عام,القطاع العام,خدمة إلكترونية,2026/04/15,"36,276,018"
الخدمات الرقمية,عام,القطاع العام,خدمة إلكترونية,2026/04/15,"36,275,938"
الخدمات الرقمية,عام,القطاع العام,خدمة إلكترونية,2026/04/15,"36,279,613"
الخدمات الرقمية,عام,القطاع العام,خدمة إلكترونية,2026/04/15,"36,268,920"
الخدمات الرقمية,عام,القطاع العام,خدمة إلكترونية,2026/04/15,"36,264,774"
الخدمات الرقمية,عام,القطاع العام,خدمة إلكترونية,2026/04/15,"36,264,771"
الخدمات الرقمية,عام,القطاع العام,خدمة إلكترونية,2026/04/15,"36,264,912"
الخدمات الرقمية,عام,القطاع العام,خدمة إلكترونية,2026/04/15,"36,264,770"
الخدمات الرقمية,عام,القطاع العام,خدمة إلكترونية,2026/04/15,"36,264,921"
الخدمات الرقمية,عام,القطاع العام,خدمة إلكترونية,2026/04/15,"36,270,664"
الخدمات الرقمية,عام,القطاع العام,خدمة إلكترونية,2026/04/15,"36,274,388"
الخدمات الرقمية,عام,القطاع العام,خدمة إلكترونية,2026/04/15,"36,277,189"
الخدمات الرقمية,عام,القطاع العام,خدمة إلكترونية,2026/04/15,"36,277,204"
الخدمات الرقمية,عام,القطاع العام,خدمة إلكترونية,2026/04/15,"36,278,234"
الخدمات الرقمية,عام,القطاع العام,خدمة إلكترونية,2026/04/15,"36,279,166"
الخدمات الرقمية,عام,القطاع العام,خدمة إلكترونية,2026/04/15,"36,273,326"
الخدمات الرقمية,عام,القطاع العام,خدمة إلكترونية,2026/04/15,"36,274,646"
الخدمات الرقمية,عام,القطاع العام,خدمة إلكترونية,2026/04/15,"36,276,346"
الخدمات الرقمية,عام,القطاع العام,خدمة إلكترونية,2026/04/15,"36,276,493"
الخدمات الرقمية,عام,القطاع العام,خدمة إلكترونية,2026/04/15,"36,277,190"
الخدمات الرقمية,عام,القطاع العام,خدمة إلكترونية,2026/04/15,"36,270,408"
الخدمات الرقمية,عام,القطاع العام,خدمة إلكترونية,2026/04/15,"36,270,238"
الخدمات الرقمية,عام,القطاع العام,خدمة إلكترونية,2026/04/15,"36,276,515"
الخدمات الرقمية,عام,القطاع العام,خدمة إلكترونية,2026/04/15,"36,278,241"
الخدمات الرقمية,عام,القطاع العام,خدمة إلكترونية,2026/04/15,"36,274,611"
الخدمات الرقمية,عام,القطاع العام,خدمة إلكترونية,2026/04/15,"36,267,210"
الخدمات الرقمية,عام,القطاع العام,خدمة إلكترونية,2026/04/15,"36,267,375"
الخدمات الرقمية,عام,القطاع العام,خدمة إلكترونية,2026/04/15,"36,267,543"
الخدمات الرقمية,عام,القطاع العام,خدمة إلكترونية,2026/04/15,"36,272,844"
الخدمات الرقمية,عام,القطاع العام,خدمة إلكترونية,2026/04/15,"36,274,556"
الخدمات الرقمية,عام,القطاع العام,خدمة إلكترونية,2026/04/15,"36,273,761"
الخدمات الرقمية,عام,القطاع العام,خدمة إلكترونية,2026/04/15,"36,271,593"
الخدمات الرقمية,عام,القطاع العام,خدمة إلكترونية,2026/04/15,"36,274,608"
الخدمات الرقمية,عام,القطاع العام,خدمة إلكترونية,2026/04/15,"36,273,782"
الخدمات الرقمية,عام,القطاع العام,خدمة إلكترونية,2026/04/15,"36,267,040"
الخدمات الرقمية,عام,القطاع العام,خدمة إلكترونية,2026/04/15,"36,267,368"
الخدمات الرقمية,عام,القطاع العام,خدمة إلكترونية,2026/04/15,"36,267,371"
الخدمات الرقمية,عام,القطاع العام,خدمة إلكترونية,2026/04/15,"36,267,538"
الخدمات الرقمية,عام,القطاع العام,خدمة إلكترونية,2026/04/15,"36,267,540"
الخدمات الرقمية,عام,القطاع العام,خدمة إلكترونية,2026/04/15,"36,271,595"
الخدمات الرقمية,عام,القطاع العام,خدمة إلكترونية,2026/04/15,"36,268,620"
الخدمات الرقمية,عام,القطاع العام,خدمة إلكترونية,2026/04/15,"36,273,760"
الخدمات الرقمية,عام,القطاع العام,خدمة إلكترونية,2026/04/15,"36,275,282"
الخدمات الرقمية,عام,القطاع العام,خدمة إلكترونية,2026/04/15,"36,278,242"
الخدمات الرقمية,عام,القطاع العام,خدمة إلكترونية,2026/04/15,"36,271,599"
الخدمات الرقمية,عام,القطاع العام,خدمة إلكترونية,2026/04/15,"36,270,914"
الخدمات الرقمية,عام,القطاع العام,خدمة إلكترونية,2026/04/15,"36,274,594"
الخدمات الرقمية,عام,القطاع العام,خدمة إلكترونية,2026/04/15,"36,277,201"
 مكة المكرمه,مكة المكرمة,القطاع الخاص,خدمة إلكترونية جزئيا,2026/04/16,"36,303,291"
 مكة المكرمه,جده,القطاع الخاص,خدمة إلكترونية جزئيا,2026/04/16,"36,296,955"
 المدينة المنوره,المدينة المنورة,القطاع الخاص,خدمة إلكترونية جزئيا,2026/04/16,"36,300,964"
 المدينة المنوره,المدينة المنورة,القطاع الخاص,خدمة إلكترونية جزئيا,2026/04/16,"36,302,979"
 الرياض,الرياض,القطاع الخاص,خدمة إلكترونية جزئيا,2026/04/16,"36,291,941"
 الرياض,الرياض,القطاع الخاص,خدمة إلكترونية جزئيا,2026/04/16,"36,291,777"
 الرياض,الرياض,القطاع الخاص,خدمة إلكترونية جزئيا,2026/04/16,"36,291,886"
 الرياض,الرياض,القطاع العام,خدمة إلكترونية جزئيا,2026/04/16,"36,299,333"
 مكة المكرمه,مكة المكرمة,القطاع الخاص,خدمة إلكترونية جزئيا,2026/04/16,"36,303,304"
الخدمات الرقمية,عام,القطاع العام,خدمة إلكترونية,2026/04/16,"36,290,680"
 المدينة المنوره,المدينة المنورة,القطاع الخاص,خدمة إلكترونية جزئيا,2026/04/16,"36,303,146"
 مكة المكرمه,جده,القطاع الخاص,خدمة إلكترونية جزئيا,2026/04/16,"36,301,753"
 المدينة المنوره,المدينة المنورة,القطاع الخاص,خدمة إلكترونية جزئيا,2026/04/16,"36,301,192"
 الرياض,الرياض,القطاع الخاص,خدمة إلكترونية جزئيا,2026/04/16,"36,290,807"
 الرياض,الرياض,القطاع الخاص,خدمة إلكترونية جزئيا,2026/04/16,"36,296,356"
 الرياض,الرياض,القطاع الخاص,خدمة إلكترونية جزئيا,2026/04/16,"36,292,931"
 الرياض,الرياض,القطاع الخاص,خدمة إلكترونية جزئيا,2026/04/16,"36,291,237"
 الرياض,الرياض,القطاع الخاص,خدمة إلكترونية جزئيا,2026/04/16,"36,298,111"
 الرياض,الرياض,القطاع الخاص,خدمة إلكترونية جزئيا,2026/04/16,"36,298,470"
 الرياض,الرياض,القطاع الخاص,خدمة إلكترونية جزئيا,2026/04/16,"36,292,653"
الخدمات الرقمية,عام,القطاع العام,خدمة إلكترونية,2026/04/16,"36,302,544"
الخدمات الرقمية,عام,القطاع العام,خدمة إلكترونية,2026/04/16,"36,303,085"
الخدمات الرقمية,عام,القطاع العام,خدمة إلكترونية,2026/04/16,"36,289,417"
الخدمات الرقمية,عام,القطاع العام,خدمة إلكترونية,2026/04/16,"36,303,331"
الخدمات الرقمية,عام,القطاع العام,خدمة إلكترونية,2026/04/16,"36,292,988"
الخدمات الرقمية,عام,القطاع العام,خدمة إلكترونية,2026/04/16,"36,293,301"
الخدمات الرقمية,عام,القطاع العام,خدمة إلكترونية,2026/04/16,"36,290,951"
الخدمات الرقمية,عام,القطاع العام,خدمة إلكترونية,2026/04/16,"36,293,238"
الخدمات الرقمية,عام,القطاع العام,خدمة إلكترونية,2026/04/16,"36,293,519"
الخدمات الرقمية,عام,القطاع العام,خدمة إلكترونية,2026/04/16,"36,303,034"
الخدمات الرقمية,عام,القطاع العام,خدمة إلكترونية,2026/04/16,"36,291,448"
الخدمات الرقمية,عام,القطاع العام,خدمة إلكترونية,2026/04/16,"36,293,136"
الخدمات الرقمية,عام,القطاع العام,خدمة إلكترونية,2026/04/16,"36,289,390"
الخدمات الرقمية,عام,القطاع العام,خدمة إلكترونية,2026/04/16,"36,293,208"
الخدمات الرقمية,عام,القطاع العام,خدمة إلكترونية,2026/04/16,"36,292,166"
الخدمات الرقمية,عام,القطاع العام,خدمة إلكترونية,2026/04/16,"36,303,092"
الخدمات الرقمية,عام,القطاع العام,خدمة إلكترونية,2026/04/16,"36,291,631"
الخدمات الرقمية,عام,القطاع العام,خدمة إلكترونية,2026/04/16,"36,297,377"
الخدمات الرقمية,عام,القطاع العام,خدمة إلكترونية,2026/04/16,"36,289,282"
الخدمات الرقمية,عام,القطاع العام,خدمة إلكترونية,2026/04/16,"36,289,501"
الخدمات الرقمية,عام,القطاع العام,خدمة إلكترونية,2026/04/16,"36,289,872"
الخدمات الرقمية,عام,القطاع العام,خدمة إلكترونية,2026/04/16,"36,293,282"
الخدمات الرقمية,عام,القطاع العام,خدمة إلكترونية,2026/04/16,"36,293,046"
الخدمات الرقمية,عام,القطاع العام,خدمة إلكترونية,2026/04/16,"36,293,176"
الخدمات الرقمية,عام,القطاع العام,خدمة إلكترونية,2026/04/16,"36,301,727"
الخدمات الرقمية,عام,القطاع العام,خدمة إلكترونية,2026/04/16,"36,300,714"
الخدمات الرقمية,عام,القطاع العام,خدمة إلكترونية,2026/04/16,"36,302,236"
الخدمات الرقمية,عام,القطاع العام,خدمة إلكترونية,2026/04/16,"36,303,545"
الخدمات الرقمية,عام,القطاع العام,خدمة إلكترونية,2026/04/16,"36,294,259"
الخدمات الرقمية,عام,القطاع العام,خدمة إلكترونية,2026/04/16,"36,289,232"
الخدمات الرقمية,عام,القطاع العام,خدمة إلكترونية,2026/04/16,"36,289,412"
الخدمات الرقمية,عام,القطاع العام,خدمة إلكترونية,2026/04/16,"36,289,475"
الخدمات الرقمية,عام,القطاع العام,خدمة إلكترونية,2026/04/16,"36,289,345"
الخدمات الرقمية,عام,القطاع العام,خدمة إلكترونية,2026/04/16,"36,301,855"
الخدمات الرقمية,عام,القطاع العام,خدمة إلكترونية,2026/04/16,"36,289,271"
الخدمات الرقمية,عام,القطاع العام,خدمة إلكترونية,2026/04/16,"36,301,646"
الخدمات الرقمية,عام,القطاع العام,خدمة إلكترونية,2026/04/16,"36,289,376"
الخدمات الرقمية,عام,القطاع العام,خدمة إلكترونية,2026/04/16,"36,297,464"
الخدمات الرقمية,عام,القطاع العام,خدمة إلكترونية,2026/04/16,"36,301,409"
الخدمات الرقمية,عام,القطاع العام,خدمة إلكترونية,2026/04/16,"36,301,800"
الخدمات الرقمية,عام,القطاع العام,خدمة إلكترونية,2026/04/16,"36,285,989"
الخدمات الرقمية,عام,القطاع العام,خدمة إلكترونية,2026/04/16,"36,299,318"
الخدمات الرقمية,عام,القطاع العام,خدمة إلكترونية,2026/04/16,"36,289,239"
الخدمات الرقمية,عام,القطاع العام,خدمة إلكترونية,2026/04/16,"36,289,361"
الخدمات الرقمية,عام,القطاع العام,خدمة إلكترونية,2026/04/16,"36,300,753"
الخدمات الرقمية,عام,القطاع العام,خدمة إلكترونية,2026/04/16,"36,292,026"
الخدمات الرقمية,عام,القطاع العام,خدمة إلكترونية,2026/04/16,"36,302,422"
الخدمات الرقمية,عام,القطاع العام,خدمة إلكترونية,2026/04/16,"36,295,198"
الخدمات الرقمية,عام,القطاع العام,خدمة إلكترونية,2026/04/16,"36,291,015"
الخدمات الرقمية,عام,القطاع العام,خدمة إلكترونية,2026/04/16,"36,289,324"
الخدمات الرقمية,عام,القطاع العام,خدمة إلكترونية,2026/04/16,"36,297,511"
الخدمات الرقمية,عام,القطاع العام,خدمة إلكترونية,2026/04/16,"36,297,355"
الخدمات الرقمية,عام,القطاع العام,خدمة إلكترونية,2026/04/16,"36,302,508"
الخدمات الرقمية,عام,القطاع العام,خدمة إلكترونية,2026/04/16,"36,286,451"
الخدمات الرقمية,عام,القطاع العام,خدمة إلكترونية,2026/04/16,"36,292,355"
الخدمات الرقمية,عام,القطاع العام,خدمة إلكترونية,2026/04/16,"36,289,359"
الخدمات الرقمية,عام,القطاع العام,خدمة إلكترونية,2026/04/16,"36,297,292"
الخدمات الرقمية,عام,القطاع العام,خدمة إلكترونية,2026/04/16,"36,305,354"
الخدمات الرقمية,عام,القطاع العام,خدمة إلكترونية,2026/04/16,"36,305,492"
الخدمات الرقمية,عام,القطاع العام,خدمة إلكترونية,2026/04/16,"36,304,457"
الخدمات الرقمية,عام,القطاع العام,خدمة إلكترونية,2026/04/16,"36,305,859"
الخدمات الرقمية,عام,القطاع العام,خدمة إلكترونية,2026/04/16,"36,306,025"
الخدمات الرقمية,عام,القطاع العام,خدمة إلكترونية,2026/04/16,"36,305,457"
الخدمات الرقمية,عام,القطاع العام,خدمة إلكترونية,2026/04/16,"36,306,410"
الخدمات الرقمية,عام,القطاع العام,خدمة إلكترونية,2026/04/16,"36,304,419"
الخدمات الرقمية,عام,القطاع العام,خدمة إلكترونية,2026/04/16,"36,305,937"
الخدمات الرقمية,عام,القطاع العام,خدمة إلكترونية,2026/04/16,"36,307,426"
الخدمات الرقمية,عام,القطاع العام,خدمة إلكترونية,2026/04/16,"36,305,441"
الخدمات الرقمية,عام,القطاع العام,خدمة إلكترونية,2026/04/16,"36,293,279"
الخدمات الرقمية,عام,القطاع العام,خدمة إلكترونية,2026/04/16,"36,305,003"
الخدمات الرقمية,عام,القطاع العام,خدمة إلكترونية,2026/04/16,"36,306,068"
الخدمات الرقمية,عام,القطاع العام,خدمة إلكترونية,2026/04/16,"36,306,140"
الخدمات الرقمية,عام,القطاع العام,خدمة إلكترونية,2026/04/16,"36,310,349"
الخدمات الرقمية,عام,القطاع العام,خدمة إلكترونية,2026/04/16,"36,305,800"
الخدمات الرقمية,عام,القطاع العام,خدمة إلكترونية,2026/04/16,"36,307,069"
الخدمات الرقمية,عام,القطاع العام,خدمة إلكترونية,2026/04/16,"36,305,393"
الخدمات الرقمية,عام,القطاع العام,خدمة إلكترونية,2026/04/16,"36,305,811"
الخدمات الرقمية,عام,القطاع العام,خدمة إلكترونية,2026/04/16,"36,304,498"
الخدمات الرقمية,عام,القطاع العام,خدمة إلكترونية,2026/04/16,"36,297,317"
الخدمات الرقمية,عام,القطاع العام,خدمة إلكترونية,2026/04/16,"36,301,393"
الخدمات الرقمية,عام,القطاع العام,خدمة إلكترونية,2026/04/16,"36,300,059"
الخدمات الرقمية,عام,القطاع العام,خدمة إلكترونية,2026/04/16,"36,299,920"
الخدمات الرقمية,عام,القطاع العام,خدمة إلكترونية,2026/04/16,"36,300,170"
الخدمات الرقمية,عام,القطاع العام,خدمة إلكترونية,2026/04/16,"36,299,807"
الخدمات الرقمية,عام,القطاع العام,خدمة إلكترونية,2026/04/16,"36,298,406"
الخدمات الرقمية,عام,القطاع العام,خدمة إلكترونية,2026/04/16,"36,301,324"
الخدمات الرقمية,عام,القطاع العام,خدمة إلكترونية,2026/04/16,"36,299,989"
الخدمات الرقمية,عام,القطاع العام,خدمة إلكترونية,2026/04/16,"36,303,371"
الخدمات الرقمية,عام,القطاع العام,خدمة إلكترونية,2026/04/16,"36,300,006"
الخدمات الرقمية,عام,القطاع العام,خدمة إلكترونية,2026/04/16,"36,307,911"
الخدمات الرقمية,عام,القطاع العام,خدمة إلكترونية,2026/04/16,"36,290,140"
الخدمات الرقمية,عام,القطاع العام,خدمة إلكترونية,2026/04/16,"36,292,591"
الخدمات الرقمية,عام,القطاع العام,خدمة إلكترونية,2026/04/16,"36,290,095"
الخدمات الرقمية,عام,القطاع العام,خدمة إلكترونية,2026/04/16,"36,289,677"
الخدمات الرقمية,عام,القطاع العام,خدمة إلكترونية,2026/04/16,"36,290,522"
الخدمات الرقمية,عام,القطاع العام,خدمة إلكترونية,2026/04/16,"36,290,208"
الخدمات الرقمية,عام,القطاع العام,خدمة إلكترونية,2026/04/16,"36,290,787"
الخدمات الرقمية,عام,القطاع العام,خدمة إلكترونية,2026/04/16,"36,290,158"
الخدمات الرقمية,عام,القطاع العام,خدمة إلكترونية,2026/04/16,"36,289,847"
الخدمات الرقمية,عام,القطاع العام,خدمة إلكترونية,2026/04/16,"36,290,067"
الخدمات الرقمية,عام,القطاع العام,خدمة إلكترونية,2026/04/16,"36,290,644"
الخدمات الرقمية,عام,القطاع العام,خدمة إلكترونية,2026/04/16,"36,289,930"
الخدمات الرقمية,عام,القطاع العام,خدمة إلكترونية,2026/04/16,"36,290,033"
الخدمات الرقمية,عام,القطاع العام,خدمة إلكترونية,2026/04/16,"36,290,406"
الخدمات الرقمية,عام,القطاع العام,خدمة إلكترونية,2026/04/16,"36,292,335"
الخدمات الرقمية,عام,القطاع العام,خدمة إلكترونية,2026/04/16,"36,292,921"
الخدمات الرقمية,عام,القطاع العام,خدمة إلكترونية,2026/04/16,"36,289,889"
الخدمات الرقمية,عام,القطاع العام,خدمة إلكترونية,2026/04/16,"36,292,519"
الخدمات الرقمية,عام,القطاع العام,خدمة إلكترونية,2026/04/16,"36,289,948"
الخدمات الرقمية,عام,القطاع العام,خدمة إلكترونية,2026/04/16,"36,292,488"
الخدمات الرقمية,عام,القطاع العام,خدمة إلكترونية,2026/04/16,"36,290,826"
الخدمات الرقمية,عام,القطاع العام,خدمة إلكترونية,2026/04/16,"36,292,396"
الخدمات الرقمية,عام,القطاع العام,خدمة إلكترونية,2026/04/16,"36,289,721"
الخدمات الرقمية,عام,القطاع العام,خدمة إلكترونية,2026/04/16,"36,293,185"
الخدمات الرقمية,عام,القطاع العام,خدمة إلكترونية,2026/04/16,"36,290,764"
الخدمات الرقمية,عام,القطاع العام,خدمة إلكترونية,2026/04/16,"36,295,707"
الخدمات الرقمية,عام,القطاع العام,خدمة إلكترونية,2026/04/16,"36,295,920"
الخدمات الرقمية,عام,القطاع العام,خدمة إلكترونية,2026/04/16,"36,297,716"
الخدمات الرقمية,عام,القطاع العام,خدمة إلكترونية,2026/04/16,"36,289,580"
الخدمات الرقمية,عام,القطاع العام,خدمة إلكترونية,2026/04/16,"36,296,591"
الخدمات الرقمية,عام,القطاع العام,خدمة إلكترونية,2026/04/16,"36,299,027"
الخدمات الرقمية,عام,القطاع العام,خدمة إلكترونية,2026/04/16,"36,295,731"
الخدمات الرقمية,عام,القطاع العام,خدمة إلكترونية,2026/04/16,"36,296,096"
الخدمات الرقمية,عام,القطاع العام,خدمة إلكترونية,2026/04/16,"36,299,947"
الخدمات الرقمية,عام,القطاع العام,خدمة إلكترونية,2026/04/16,"36,292,850"
الخدمات الرقمية,عام,القطاع العام,خدمة إلكترونية,2026/04/16,"36,299,944"
الخدمات الرقمية,عام,القطاع العام,خدمة إلكترونية,2026/04/16,"36,295,723"
الخدمات الرقمية,عام,القطاع العام,خدمة إلكترونية,2026/04/16,"36,298,390"
الخدمات الرقمية,عام,القطاع العام,خدمة إلكترونية,2026/04/16,"36,298,214"
الخدمات الرقمية,عام,القطاع العام,خدمة إلكترونية,2026/04/16,"36,289,579"
الخدمات الرقمية,عام,القطاع العام,خدمة إلكترونية,2026/04/16,"36,292,837"
الخدمات الرقمية,عام,القطاع العام,خدمة إلكترونية,2026/04/16,"36,296,972"
الخدمات الرقمية,عام,القطاع العام,خدمة إلكترونية,2026/04/16,"36,291,335"
الخدمات الرقمية,عام,القطاع العام,خدمة إلكترونية,2026/04/16,"36,290,471"
الخدمات الرقمية,عام,القطاع العام,خدمة إلكترونية,2026/04/16,"36,292,425"
الخدمات الرقمية,عام,القطاع العام,خدمة إلكترونية,2026/04/16,"36,302,537"
الخدمات الرقمية,عام,القطاع العام,خدمة إلكترونية,2026/04/16,"36,297,012"
الخدمات الرقمية,عام,القطاع العام,خدمة إلكترونية,2026/04/16,"36,289,920"
الخدمات الرقمية,عام,القطاع العام,خدمة إلكترونية,2026/04/16,"36,297,201"
الخدمات الرقمية,عام,القطاع العام,خدمة إلكترونية,2026/04/16,"36,301,412"
الخدمات الرقمية,عام,القطاع العام,خدمة إلكترونية,2026/04/16,"36,291,764"
الخدمات الرقمية,عام,القطاع العام,خدمة إلكترونية,2026/04/16,"36,289,959"
الخدمات الرقمية,عام,القطاع العام,خدمة إلكترونية,2026/04/16,"36,298,177"
الخدمات الرقمية,عام,القطاع العام,خدمة إلكترونية,2026/04/16,"36,301,095"
الخدمات الرقمية,عام,القطاع العام,خدمة إلكترونية,2026/04/16,"36,295,710"
الخدمات الرقمية,عام,القطاع العام,خدمة إلكترونية,2026/04/16,"36,295,904"
الخدمات الرقمية,عام,القطاع العام,خدمة إلكترونية,2026/04/16,"36,301,302"
الخدمات الرقمية,عام,القطاع العام,خدمة إلكترونية,2026/04/16,"36,290,184"
الخدمات الرقمية,عام,القطاع العام,خدمة إلكترونية,2026/04/16,"36,292,550"
الخدمات الرقمية,عام,القطاع العام,خدمة إلكترونية,2026/04/16,"36,302,543"
الخدمات الرقمية,عام,القطاع العام,خدمة إلكترونية,2026/04/16,"36,298,228"
الخدمات الرقمية,عام,القطاع العام,خدمة إلكترونية,2026/04/16,"36,296,611"
الخدمات الرقمية,عام,القطاع العام,خدمة إلكترونية,2026/04/16,"36,295,903"
الخدمات الرقمية,عام,القطاع العام,خدمة إلكترونية,2026/04/16,"36,292,849"
الخدمات الرقمية,عام,القطاع العام,خدمة إلكترونية,2026/04/16,"36,297,727"
الخدمات الرقمية,عام,القطاع العام,خدمة إلكترونية,2026/04/16,"36,302,440"
الخدمات الرقمية,عام,القطاع العام,خدمة إلكترونية,2026/04/16,"36,302,546"
الخدمات الرقمية,عام,القطاع العام,خدمة إلكترونية,2026/04/16,"36,290,183"
الخدمات الرقمية,عام,القطاع العام,خدمة إلكترونية,2026/04/16,"36,295,708"
الخدمات الرقمية,عام,القطاع العام,خدمة إلكترونية,2026/04/16,"36,301,013"
الخدمات الرقمية,عام,القطاع العام,خدمة إلكترونية,2026/04/16,"36,296,607"
الخدمات الرقمية,عام,القطاع العام,خدمة إلكترونية,2026/04/16,"36,296,337"
الخدمات الرقمية,عام,القطاع العام,خدمة إلكترونية,2026/04/16,"36,295,709"
الخدمات الرقمية,عام,القطاع العام,خدمة إلكترونية,2026/04/16,"36,290,488"
الخدمات الرقمية,عام,القطاع العام,خدمة إلكترونية,2026/04/16,"36,302,424"
الخدمات الرقمية,عام,القطاع العام,خدمة إلكترونية,2026/04/17,"36,318,685"
الخدمات الرقمية,عام,القطاع العام,خدمة إلكترونية,2026/04/17,"36,323,772"
الخدمات الرقمية,عام,القطاع العام,خدمة إلكترونية,2026/04/17,"36,320,214"
الخدمات الرقمية,عام,القطاع العام,خدمة إلكترونية,2026/04/17,"36,318,358"
الخدمات الرقمية,عام,القطاع العام,خدمة إلكترونية,2026/04/17,"36,318,474"
الخدمات الرقمية,عام,القطاع العام,خدمة إلكترونية,2026/04/17,"36,318,414"
الخدمات الرقمية,عام,القطاع العام,خدمة إلكترونية,2026/04/17,"36,318,527"
الخدمات الرقمية,عام,القطاع العام,خدمة إلكترونية,2026/04/17,"36,318,654"
الخدمات الرقمية,عام,القطاع العام,خدمة إلكترونية,2026/04/17,"36,319,097"
الخدمات الرقمية,عام,القطاع العام,خدمة إلكترونية,2026/04/17,"36,319,423"
الخدمات الرقمية,عام,القطاع العام,خدمة إلكترونية,2026/04/17,"36,318,440"
الخدمات الرقمية,عام,القطاع العام,خدمة إلكترونية,2026/04/17,"36,319,440"
الخدمات الرقمية,عام,القطاع العام,خدمة إلكترونية,2026/04/17,"36,320,141"
الخدمات الرقمية,عام,القطاع العام,خدمة إلكترونية,2026/04/17,"36,319,104"
الخدمات الرقمية,عام,القطاع العام,خدمة إلكترونية,2026/04/17,"36,318,418"
الخدمات الرقمية,عام,القطاع العام,خدمة إلكترونية,2026/04/17,"36,320,047"
الخدمات الرقمية,عام,القطاع العام,خدمة إلكترونية,2026/04/17,"36,318,349"
الخدمات الرقمية,عام,القطاع العام,خدمة إلكترونية,2026/04/17,"36,319,062"
الخدمات الرقمية,عام,القطاع العام,خدمة إلكترونية,2026/04/17,"36,319,645"
الخدمات الرقمية,عام,القطاع العام,خدمة إلكترونية,2026/04/17,"36,319,714"
الخدمات الرقمية,عام,القطاع العام,خدمة إلكترونية,2026/04/17,"36,320,260"
الخدمات الرقمية,عام,القطاع العام,خدمة إلكترونية,2026/04/17,"36,319,290"
الخدمات الرقمية,عام,القطاع العام,خدمة إلكترونية,2026/04/17,"36,319,064"
الخدمات الرقمية,عام,القطاع العام,خدمة إلكترونية,2026/04/17,"36,319,358"
الخدمات الرقمية,عام,القطاع العام,خدمة إلكترونية,2026/04/17,"36,318,388"
الخدمات الرقمية,عام,القطاع العام,خدمة إلكترونية,2026/04/17,"36,318,528"
الخدمات الرقمية,عام,القطاع العام,خدمة إلكترونية,2026/04/17,"36,319,142"
الخدمات الرقمية,عام,القطاع العام,خدمة إلكترونية,2026/04/17,"36,319,158"
الخدمات الرقمية,عام,القطاع العام,خدمة إلكترونية,2026/04/17,"36,320,254"
الخدمات الرقمية,عام,القطاع العام,خدمة إلكترونية,2026/04/17,"36,319,699"
الخدمات الرقمية,عام,القطاع العام,خدمة إلكترونية,2026/04/17,"36,319,770"
الخدمات الرقمية,عام,القطاع العام,خدمة إلكترونية,2026/04/17,"36,319,760"
الخدمات الرقمية,عام,القطاع العام,خدمة إلكترونية,2026/04/17,"36,320,101"
الخدمات الرقمية,عام,القطاع العام,خدمة إلكترونية,2026/04/17,"36,318,416"
الخدمات الرقمية,عام,القطاع العام,خدمة إلكترونية,2026/04/17,"36,318,605"
الخدمات الرقمية,عام,القطاع العام,خدمة إلكترونية,2026/04/17,"36,319,284"
الخدمات الرقمية,عام,القطاع العام,خدمة إلكترونية,2026/04/17,"36,319,451"
الخدمات الرقمية,عام,القطاع العام,خدمة إلكترونية,2026/04/17,"36,320,098"
الخدمات الرقمية,عام,القطاع العام,خدمة إلكترونية,2026/04/17,"36,319,731"
الخدمات الرقمية,عام,القطاع العام,خدمة إلكترونية,2026/04/17,"36,319,997"
الخدمات الرقمية,عام,القطاع العام,خدمة إلكترونية,2026/04/17,"36,320,108"
الخدمات الرقمية,عام,القطاع العام,خدمة إلكترونية,2026/04/17,"36,318,649"
الخدمات الرقمية,عام,القطاع العام,خدمة إلكترونية,2026/04/17,"36,320,125"
الخدمات الرقمية,عام,القطاع العام,خدمة إلكترونية,2026/04/17,"36,319,965"
الخدمات الرقمية,عام,القطاع العام,خدمة إلكترونية,2026/04/17,"36,319,674"
الخدمات الرقمية,عام,القطاع العام,خدمة إلكترونية,2026/04/17,"36,318,570"
الخدمات الرقمية,عام,القطاع العام,خدمة إلكترونية,2026/04/17,"36,318,595"
الخدمات الرقمية,عام,القطاع العام,خدمة إلكترونية,2026/04/17,"36,319,447"
الخدمات الرقمية,عام,القطاع العام,خدمة إلكترونية,2026/04/17,"36,318,695"
الخدمات الرقمية,عام,القطاع العام,خدمة إلكترونية,2026/04/17,"36,319,312"
الخدمات الرقمية,عام,القطاع العام,خدمة إلكترونية,2026/04/17,"36,319,203"
الخدمات الرقمية,عام,القطاع العام,خدمة إلكترونية,2026/04/17,"36,319,772"
الخدمات الرقمية,عام,القطاع العام,خدمة إلكترونية,2026/04/17,"36,319,073"
الخدمات الرقمية,عام,القطاع العام,خدمة إلكترونية,2026/04/17,"36,319,110"
الخدمات الرقمية,عام,القطاع العام,خدمة إلكترونية,2026/04/17,"36,319,198"
الخدمات الرقمية,عام,القطاع العام,خدمة إلكترونية,2026/04/17,"36,320,153"
الخدمات الرقمية,عام,القطاع العام,خدمة إلكترونية,2026/04/17,"36,320,226"
الخدمات الرقمية,عام,القطاع العام,خدمة إلكترونية,2026/04/17,"36,318,451"
الخدمات الرقمية,عام,القطاع العام,خدمة إلكترونية,2026/04/17,"36,318,670"
الخدمات الرقمية,عام,القطاع العام,خدمة إلكترونية,2026/04/17,"36,319,376"
الخدمات الرقمية,عام,القطاع العام,خدمة إلكترونية,2026/04/17,"36,319,317"
الخدمات الرقمية,عام,القطاع العام,خدمة إلكترونية,2026/04/17,"36,318,417"
الخدمات الرقمية,عام,القطاع العام,خدمة إلكترونية,2026/04/17,"36,320,113"
الخدمات الرقمية,عام,القطاع العام,خدمة إلكترونية,2026/04/17,"36,319,270"
الخدمات الرقمية,عام,القطاع العام,خدمة إلكترونية,2026/04/17,"36,320,138"
الخدمات الرقمية,عام,القطاع العام,خدمة إلكترونية,2026/04/17,"36,319,029"
الخدمات الرقمية,عام,القطاع العام,خدمة إلكترونية,2026/04/17,"36,320,199"
الخدمات الرقمية,عام,القطاع العام,خدمة إلكترونية,2026/04/17,"36,320,005"
الخدمات الرقمية,عام,القطاع العام,خدمة إلكترونية,2026/04/17,"36,319,394"
الخدمات الرقمية,عام,القطاع العام,خدمة إلكترونية,2026/04/17,"36,318,668"
الخدمات الرقمية,عام,القطاع العام,خدمة إلكترونية,2026/04/17,"36,319,405"
الخدمات الرقمية,عام,القطاع العام,خدمة إلكترونية,2026/04/17,"36,319,783"
الخدمات الرقمية,عام,القطاع العام,خدمة إلكترونية,2026/04/17,"36,319,788"
الخدمات الرقمية,عام,القطاع العام,خدمة إلكترونية,2026/04/17,"36,319,055"
الخدمات الرقمية,عام,القطاع العام,خدمة إلكترونية,2026/04/17,"36,319,657"
الخدمات الرقمية,عام,القطاع العام,خدمة إلكترونية,2026/04/17,"36,319,236"
الخدمات الرقمية,عام,القطاع العام,خدمة إلكترونية,2026/04/17,"36,318,455"
الخدمات الرقمية,عام,القطاع العام,خدمة إلكترونية,2026/04/17,"36,319,011"
الخدمات الرقمية,عام,القطاع العام,خدمة إلكترونية,2026/04/17,"36,318,746"
الخدمات الرقمية,عام,القطاع العام,خدمة إلكترونية,2026/04/17,"36,319,107"
الخدمات الرقمية,عام,القطاع العام,خدمة إلكترونية,2026/04/17,"36,320,079"
 الرياض,الرياض,القطاع الخاص,خدمة إلكترونية جزئيا,2026/04/18,"36,333,279"
 حائل,حائل,القطاع الخاص,خدمة إلكترونية جزئيا,2026/04/18,"36,336,464"
الخدمات الرقمية,عام,القطاع العام,خدمة إلكترونية,2026/04/18,"36,332,558"
الخدمات الرقمية,عام,القطاع العام,خدمة إلكترونية,2026/04/18,"36,331,067"
الخدمات الرقمية,عام,القطاع العام,خدمة إلكترونية,2026/04/18,"36,326,146"
الخدمات الرقمية,عام,القطاع العام,خدمة إلكترونية,2026/04/18,"36,335,148"
الخدمات الرقمية,عام,القطاع العام,خدمة إلكترونية,2026/04/18,"36,326,061"
الخدمات الرقمية,عام,القطاع العام,خدمة إلكترونية,2026/04/18,"36,336,481"
الخدمات الرقمية,عام,القطاع العام,خدمة إلكترونية,2026/04/18,"36,333,471"
الخدمات الرقمية,عام,القطاع العام,خدمة إلكترونية,2026/04/18,"36,332,416"
الخدمات الرقمية,عام,القطاع العام,خدمة إلكترونية,2026/04/18,"36,332,646"
الخدمات الرقمية,عام,القطاع العام,خدمة إلكترونية,2026/04/18,"36,331,930"
الخدمات الرقمية,عام,القطاع العام,خدمة إلكترونية,2026/04/18,"36,331,938"
الخدمات الرقمية,عام,القطاع العام,خدمة إلكترونية,2026/04/18,"36,332,378"
الخدمات الرقمية,عام,القطاع العام,خدمة إلكترونية,2026/04/18,"36,336,590"
الخدمات الرقمية,عام,القطاع العام,خدمة إلكترونية,2026/04/18,"36,332,070"
الخدمات الرقمية,عام,القطاع العام,خدمة إلكترونية,2026/04/18,"36,332,108"
الخدمات الرقمية,عام,القطاع العام,خدمة إلكترونية,2026/04/18,"36,332,458"
الخدمات الرقمية,عام,القطاع العام,خدمة إلكترونية,2026/04/18,"36,333,307"
الخدمات الرقمية,عام,القطاع العام,خدمة إلكترونية,2026/04/18,"36,333,309"
الخدمات الرقمية,عام,القطاع العام,خدمة إلكترونية,2026/04/18,"36,333,511"
الخدمات الرقمية,عام,القطاع العام,خدمة إلكترونية,2026/04/18,"36,335,490"
الخدمات الرقمية,عام,القطاع العام,خدمة إلكترونية,2026/04/18,"36,336,575"
الخدمات الرقمية,عام,القطاع العام,خدمة إلكترونية,2026/04/18,"36,336,800"
الخدمات الرقمية,عام,القطاع العام,خدمة إلكترونية,2026/04/18,"36,337,165"
الخدمات الرقمية,عام,القطاع العام,خدمة إلكترونية,2026/04/18,"36,332,586"
الخدمات الرقمية,عام,القطاع العام,خدمة إلكترونية,2026/04/18,"36,332,598"
الخدمات الرقمية,عام,القطاع العام,خدمة إلكترونية,2026/04/18,"36,336,863"
الخدمات الرقمية,عام,القطاع العام,خدمة إلكترونية,2026/04/18,"36,332,402"
الخدمات الرقمية,عام,القطاع العام,خدمة إلكترونية,2026/04/18,"36,333,065"
الخدمات الرقمية,عام,القطاع العام,خدمة إلكترونية,2026/04/18,"36,336,744"
الخدمات الرقمية,عام,القطاع العام,خدمة إلكترونية,2026/04/18,"36,331,853"
الخدمات الرقمية,عام,القطاع العام,خدمة إلكترونية,2026/04/18,"36,332,015"
الخدمات الرقمية,عام,القطاع العام,خدمة إلكترونية,2026/04/18,"36,332,536"
الخدمات الرقمية,عام,القطاع العام,خدمة إلكترونية,2026/04/18,"36,332,571"
الخدمات الرقمية,عام,القطاع العام,خدمة إلكترونية,2026/04/18,"36,332,606"
الخدمات الرقمية,عام,القطاع العام,خدمة إلكترونية,2026/04/18,"36,332,781"
الخدمات الرقمية,عام,القطاع العام,خدمة إلكترونية,2026/04/18,"36,336,929"
الخدمات الرقمية,عام,القطاع العام,خدمة إلكترونية,2026/04/18,"36,337,251"
الخدمات الرقمية,عام,القطاع العام,خدمة إلكترونية,2026/04/18,"36,331,722"
الخدمات الرقمية,عام,القطاع العام,خدمة إلكترونية,2026/04/18,"36,331,850"
الخدمات الرقمية,عام,القطاع العام,خدمة إلكترونية,2026/04/18,"36,332,632"
الخدمات الرقمية,عام,القطاع العام,خدمة إلكترونية,2026/04/18,"36,335,510"
الخدمات الرقمية,عام,القطاع العام,خدمة إلكترونية,2026/04/18,"36,331,843"
الخدمات الرقمية,عام,القطاع العام,خدمة إلكترونية,2026/04/18,"36,333,201"
الخدمات الرقمية,عام,القطاع العام,خدمة إلكترونية,2026/04/18,"36,331,873"
الخدمات الرقمية,عام,القطاع العام,خدمة إلكترونية,2026/04/18,"36,332,986"
الخدمات الرقمية,عام,القطاع العام,خدمة إلكترونية,2026/04/18,"36,333,117"
الخدمات الرقمية,عام,القطاع العام,خدمة إلكترونية,2026/04/18,"36,333,002"
الخدمات الرقمية,عام,القطاع العام,خدمة إلكترونية,2026/04/18,"36,331,886"
الخدمات الرقمية,عام,القطاع العام,خدمة إلكترونية,2026/04/18,"36,332,361"
الخدمات الرقمية,عام,القطاع العام,خدمة إلكترونية,2026/04/18,"36,333,852"
الخدمات الرقمية,عام,القطاع العام,خدمة إلكترونية,2026/04/18,"36,332,008"
الخدمات الرقمية,عام,القطاع العام,خدمة إلكترونية,2026/04/18,"36,331,804"
الخدمات الرقمية,عام,القطاع العام,خدمة إلكترونية,2026/04/18,"36,333,928"
الخدمات الرقمية,عام,القطاع العام,خدمة إلكترونية,2026/04/18,"36,331,881"
الخدمات الرقمية,عام,القطاع العام,خدمة إلكترونية,2026/04/18,"36,332,012"
الخدمات الرقمية,عام,القطاع العام,خدمة إلكترونية,2026/04/18,"36,333,513"
الخدمات الرقمية,عام,القطاع العام,خدمة إلكترونية,2026/04/18,"36,332,463"
الخدمات الرقمية,عام,القطاع العام,خدمة إلكترونية,2026/04/18,"36,332,734"
الخدمات الرقمية,عام,القطاع العام,خدمة إلكترونية,2026/04/18,"36,333,296"
الخدمات الرقمية,عام,القطاع العام,خدمة إلكترونية,2026/04/18,"36,337,022"
الخدمات الرقمية,عام,القطاع العام,خدمة إلكترونية,2026/04/18,"36,331,904"
الخدمات الرقمية,عام,القطاع العام,خدمة إلكترونية,2026/04/18,"36,332,372"
الخدمات الرقمية,عام,القطاع العام,خدمة إلكترونية,2026/04/18,"36,333,276"
الخدمات الرقمية,عام,القطاع العام,خدمة إلكترونية,2026/04/18,"36,332,515"
الخدمات الرقمية,عام,القطاع العام,خدمة إلكترونية,2026/04/18,"36,337,372"
الخدمات الرقمية,عام,القطاع العام,خدمة إلكترونية,2026/04/18,"36,336,955"
الخدمات الرقمية,عام,القطاع العام,خدمة إلكترونية,2026/04/18,"36,336,659"
الخدمات الرقمية,عام,القطاع العام,خدمة إلكترونية,2026/04/18,"36,336,747"
الخدمات الرقمية,عام,القطاع العام,خدمة إلكترونية,2026/04/18,"36,333,488"
الخدمات الرقمية,عام,القطاع العام,خدمة إلكترونية,2026/04/18,"36,333,150"
الخدمات الرقمية,عام,القطاع العام,خدمة إلكترونية,2026/04/18,"36,336,563"
الخدمات الرقمية,عام,القطاع العام,خدمة إلكترونية,2026/04/18,"36,336,697"
الخدمات الرقمية,عام,القطاع العام,خدمة إلكترونية,2026/04/18,"36,337,014"
الخدمات الرقمية,عام,القطاع العام,خدمة إلكترونية,2026/04/18,"36,333,256"
الخدمات الرقمية,عام,القطاع العام,خدمة إلكترونية,2026/04/18,"36,333,946"
الخدمات الرقمية,عام,القطاع العام,خدمة إلكترونية,2026/04/18,"36,332,482"
الخدمات الرقمية,عام,القطاع العام,خدمة إلكترونية,2026/04/18,"36,337,173"
الخدمات الرقمية,عام,القطاع العام,خدمة إلكترونية,2026/04/18,"36,332,466"
الخدمات الرقمية,عام,القطاع العام,خدمة إلكترونية,2026/04/18,"36,333,788"
الخدمات الرقمية,عام,القطاع العام,خدمة إلكترونية,2026/04/18,"36,333,277"
الخدمات الرقمية,عام,القطاع العام,خدمة إلكترونية,2026/04/18,"36,331,726"
الخدمات الرقمية,عام,القطاع العام,خدمة إلكترونية,2026/04/18,"36,332,443"
الخدمات الرقمية,عام,القطاع العام,خدمة إلكترونية,2026/04/18,"36,332,671"
الخدمات الرقمية,عام,القطاع العام,خدمة إلكترونية,2026/04/18,"36,333,285"
الخدمات الرقمية,عام,القطاع العام,خدمة إلكترونية,2026/04/18,"36,332,702"
الخدمات الرقمية,عام,القطاع العام,خدمة إلكترونية,2026/04/18,"36,332,006"
الخدمات الرقمية,عام,القطاع العام,خدمة إلكترونية,2026/04/18,"36,336,641"
الخدمات الرقمية,عام,القطاع العام,خدمة إلكترونية,2026/04/18,"36,333,273"
الخدمات الرقمية,عام,القطاع العام,خدمة إلكترونية,2026/04/18,"36,331,796"
الخدمات الرقمية,عام,القطاع العام,خدمة إلكترونية,2026/04/18,"36,333,115"
الخدمات الرقمية,عام,القطاع العام,خدمة إلكترونية,2026/04/18,"36,331,863"
الخدمات الرقمية,عام,القطاع العام,خدمة إلكترونية,2026/04/18,"36,337,369"
الخدمات الرقمية,عام,القطاع العام,خدمة إلكترونية,2026/04/18,"36,333,154"
الخدمات الرقمية,عام,القطاع العام,خدمة إلكترونية,2026/04/18,"36,335,603"
الخدمات الرقمية,عام,القطاع العام,خدمة إلكترونية,2026/04/18,"36,335,535"
الخدمات الرقمية,عام,القطاع العام,خدمة إلكترونية,2026/04/18,"36,333,212"
الخدمات الرقمية,عام,القطاع العام,خدمة إلكترونية,2026/04/18,"36,333,440"
الخدمات الرقمية,عام,القطاع العام,خدمة إلكترونية,2026/04/18,"36,332,053"
الخدمات الرقمية,عام,القطاع العام,خدمة إلكترونية,2026/04/18,"36,333,328"
الخدمات الرقمية,عام,القطاع العام,خدمة إلكترونية,2026/04/18,"36,335,585"
الخدمات الرقمية,عام,القطاع العام,خدمة إلكترونية,2026/04/18,"36,332,450"
الخدمات الرقمية,عام,القطاع العام,خدمة إلكترونية,2026/04/18,"36,336,564"
الخدمات الرقمية,عام,القطاع العام,خدمة إلكترونية,2026/04/18,"36,336,795"
الخدمات الرقمية,عام,القطاع العام,خدمة إلكترونية,2026/04/18,"36,331,752"
الخدمات الرقمية,عام,القطاع العام,خدمة إلكترونية,2026/04/18,"36,332,629"
الخدمات الرقمية,عام,القطاع العام,خدمة إلكترونية,2026/04/18,"36,335,582"
الخدمات الرقمية,عام,القطاع العام,خدمة إلكترونية,2026/04/18,"36,334,230"
الخدمات الرقمية,عام,القطاع العام,خدمة إلكترونية,2026/04/18,"36,334,327"
الخدمات الرقمية,عام,القطاع العام,خدمة إلكترونية,2026/04/18,"36,334,668"
الخدمات الرقمية,عام,القطاع العام,خدمة إلكترونية,2026/04/18,"36,334,272"
الخدمات الرقمية,عام,القطاع العام,خدمة إلكترونية,2026/04/18,"36,334,565"
الخدمات الرقمية,عام,القطاع العام,خدمة إلكترونية,2026/04/18,"36,334,422"
الخدمات الرقمية,عام,القطاع العام,خدمة إلكترونية,2026/04/18,"36,335,024"
الخدمات الرقمية,عام,القطاع العام,خدمة إلكترونية,2026/04/18,"36,334,623"
الخدمات الرقمية,عام,القطاع العام,خدمة إلكترونية,2026/04/18,"36,335,029"
الخدمات الرقمية,عام,القطاع العام,خدمة إلكترونية,2026/04/18,"36,334,957"
الخدمات الرقمية,عام,القطاع العام,خدمة إلكترونية,2026/04/18,"36,334,681"
الخدمات الرقمية,عام,القطاع العام,خدمة إلكترونية,2026/04/18,"36,334,884"
الخدمات الرقمية,عام,القطاع العام,خدمة إلكترونية,2026/04/18,"36,334,458"
الخدمات الرقمية,عام,القطاع العام,خدمة إلكترونية,2026/04/18,"36,335,064"
 المدينة المنوره,المدينة المنورة,القطاع الخاص,خدمة إلكترونية جزئيا,2026/04/19,"36,354,408"
 المدينة المنوره,المدينة المنورة,القطاع الخاص,خدمة إلكترونية جزئيا,2026/04/19,"36,362,335"
 المدينة المنوره,المدينة المنورة,القطاع الخاص,خدمة إلكترونية جزئيا,2026/04/19,"36,353,942"
 الرياض,الرياض,القطاع الخاص,خدمة إلكترونية جزئيا,2026/04/19,"36,350,344"
 الرياض,الرياض,القطاع الخاص,خدمة إلكترونية جزئيا,2026/04/19,"36,347,770"
 الرياض,الرياض,القطاع الخاص,خدمة إلكترونية جزئيا,2026/04/19,"36,345,818"
 الرياض,الرياض,القطاع الخاص,خدمة إلكترونية جزئيا,2026/04/19,"36,352,349"
 الرياض,الرياض,القطاع الخاص,خدمة إلكترونية جزئيا,2026/04/19,"36,351,612"
 الرياض,الرياض,القطاع الخاص,خدمة إلكترونية جزئيا,2026/04/19,"36,350,503"
 الرياض,الرياض,القطاع الخاص,خدمة إلكترونية جزئيا,2026/04/19,"36,351,989"
الخدمات الرقمية,عام,القطاع العام,خدمة إلكترونية,2026/04/19,"36,346,446"
 الرياض,الرياض,القطاع الخاص,خدمة إلكترونية جزئيا,2026/04/19,"36,344,086"
 الرياض,الرياض,القطاع الخاص,خدمة إلكترونية جزئيا,2026/04/19,"36,348,460"
 الرياض,الرياض,القطاع الخاص,خدمة إلكترونية جزئيا,2026/04/19,"36,348,129"
 الرياض,الرياض,القطاع الخاص,خدمة إلكترونية جزئيا,2026/04/19,"36,352,725"
 الرياض,الرياض,القطاع الخاص,خدمة إلكترونية جزئيا,2026/04/19,"36,351,685"
 الرياض,الرياض,القطاع الخاص,خدمة إلكترونية جزئيا,2026/04/19,"36,352,071"
 الرياض,الرياض,القطاع الخاص,خدمة إلكترونية جزئيا,2026/04/19,"36,355,548"
 الرياض,الرياض,القطاع الخاص,خدمة إلكترونية جزئيا,2026/04/19,"36,350,610"
 الرياض,الرياض,القطاع الخاص,خدمة إلكترونية جزئيا,2026/04/19,"36,352,415"
 الرياض,الرياض,القطاع الخاص,خدمة إلكترونية جزئيا,2026/04/19,"36,354,038"
 مكة المكرمه,الطائف,القطاع الخاص,خدمة إلكترونية جزئيا,2026/04/19,"36,347,827"
 مكة المكرمه,الطائف,القطاع الخاص,خدمة إلكترونية جزئيا,2026/04/19,"36,350,376"
 المدينة المنوره,المدينة المنورة,القطاع الخاص,خدمة إلكترونية جزئيا,2026/04/19,"36,355,072"
 المدينة المنوره,المدينة المنورة,القطاع الخاص,خدمة إلكترونية جزئيا,2026/04/19,"36,355,857"
 الرياض,الرياض,القطاع الخاص,خدمة إلكترونية جزئيا,2026/04/19,"36,350,139"
 مكة المكرمه,جده,القطاع الخاص,خدمة إلكترونية جزئيا,2026/04/19,"36,346,445"
 المدينة المنوره,المدينة المنورة,القطاع الخاص,خدمة إلكترونية جزئيا,2026/04/19,"36,362,403"
الخدمات الرقمية,عام,القطاع العام,خدمة إلكترونية,2026/04/19,"36,355,051"
الخدمات الرقمية,عام,القطاع العام,خدمة إلكترونية,2026/04/19,"36,350,925"
الخدمات الرقمية,عام,القطاع العام,خدمة إلكترونية,2026/04/19,"36,349,254"
الخدمات الرقمية,عام,القطاع العام,خدمة إلكترونية,2026/04/19,"36,344,949"
الخدمات الرقمية,عام,القطاع العام,خدمة إلكترونية,2026/04/19,"36,343,350"
الخدمات الرقمية,عام,القطاع العام,خدمة إلكترونية,2026/04/19,"36,343,309"
الخدمات الرقمية,عام,القطاع العام,خدمة إلكترونية,2026/04/19,"36,342,588"
الخدمات الرقمية,عام,القطاع العام,خدمة إلكترونية,2026/04/19,"36,344,110"
الخدمات الرقمية,عام,القطاع العام,خدمة إلكترونية,2026/04/19,"36,345,227"
الخدمات الرقمية,عام,القطاع العام,خدمة إلكترونية,2026/04/19,"36,344,038"
الخدمات الرقمية,عام,القطاع العام,خدمة إلكترونية,2026/04/19,"36,345,148"
الخدمات الرقمية,عام,القطاع العام,خدمة إلكترونية,2026/04/19,"36,348,182"
الخدمات الرقمية,عام,القطاع العام,خدمة إلكترونية,2026/04/19,"36,355,968"
الخدمات الرقمية,عام,القطاع العام,خدمة إلكترونية,2026/04/19,"36,345,124"
الخدمات الرقمية,عام,القطاع العام,خدمة إلكترونية,2026/04/19,"36,349,587"
الخدمات الرقمية,عام,القطاع العام,خدمة إلكترونية,2026/04/19,"36,352,886"
الخدمات الرقمية,عام,القطاع العام,خدمة إلكترونية,2026/04/19,"36,349,988"
الخدمات الرقمية,عام,القطاع العام,خدمة إلكترونية,2026/04/19,"36,355,377"
الخدمات الرقمية,عام,القطاع العام,خدمة إلكترونية,2026/04/19,"36,350,116"
الخدمات الرقمية,عام,القطاع العام,خدمة إلكترونية,2026/04/19,"36,343,013"
الخدمات الرقمية,عام,القطاع العام,خدمة إلكترونية,2026/04/19,"36,349,178"
الخدمات الرقمية,عام,القطاع العام,خدمة إلكترونية,2026/04/19,"36,343,611"
الخدمات الرقمية,عام,القطاع العام,خدمة إلكترونية,2026/04/19,"36,345,293"
الخدمات الرقمية,عام,القطاع العام,خدمة إلكترونية,2026/04/19,"36,349,145"
الخدمات الرقمية,عام,القطاع العام,خدمة إلكترونية,2026/04/19,"36,349,723"
الخدمات الرقمية,عام,القطاع العام,خدمة إلكترونية,2026/04/19,"36,345,275"
الخدمات الرقمية,عام,القطاع العام,خدمة إلكترونية,2026/04/19,"36,345,320"
الخدمات الرقمية,عام,القطاع العام,خدمة إلكترونية,2026/04/19,"36,344,597"
الخدمات الرقمية,عام,القطاع العام,خدمة إلكترونية,2026/04/19,"36,344,883"
الخدمات الرقمية,عام,القطاع العام,خدمة إلكترونية,2026/04/19,"36,343,498"
الخدمات الرقمية,عام,القطاع العام,خدمة إلكترونية,2026/04/19,"36,351,266"
الخدمات الرقمية,عام,القطاع العام,خدمة إلكترونية,2026/04/19,"36,344,434"
الخدمات الرقمية,عام,القطاع العام,خدمة إلكترونية,2026/04/19,"36,347,281"
الخدمات الرقمية,عام,القطاع العام,خدمة إلكترونية,2026/04/19,"36,357,210"
الخدمات الرقمية,عام,القطاع العام,خدمة إلكترونية,2026/04/19,"36,358,285"
الخدمات الرقمية,عام,القطاع العام,خدمة إلكترونية,2026/04/19,"36,357,740"
الخدمات الرقمية,عام,القطاع العام,خدمة إلكترونية,2026/04/19,"36,358,156"
الخدمات الرقمية,عام,القطاع العام,خدمة إلكترونية,2026/04/19,"36,356,715"
الخدمات الرقمية,عام,القطاع العام,خدمة إلكترونية,2026/04/19,"36,361,959"
الخدمات الرقمية,عام,القطاع العام,خدمة إلكترونية,2026/04/19,"36,357,699"
الخدمات الرقمية,عام,القطاع العام,خدمة إلكترونية,2026/04/19,"36,361,763"
الخدمات الرقمية,عام,القطاع العام,خدمة إلكترونية,2026/04/19,"36,357,887"
الخدمات الرقمية,عام,القطاع العام,خدمة إلكترونية,2026/04/19,"36,360,597"
الخدمات الرقمية,عام,القطاع العام,خدمة إلكترونية,2026/04/19,"36,357,668"
الخدمات الرقمية,عام,القطاع العام,خدمة إلكترونية,2026/04/19,"36,357,728"
الخدمات الرقمية,عام,القطاع العام,خدمة إلكترونية,2026/04/19,"36,361,450"
الخدمات الرقمية,عام,القطاع العام,خدمة إلكترونية,2026/04/19,"36,362,689"
الخدمات الرقمية,عام,القطاع العام,خدمة إلكترونية,2026/04/19,"36,362,653"
الخدمات الرقمية,عام,القطاع العام,خدمة إلكترونية,2026/04/19,"36,346,269"
الخدمات الرقمية,عام,القطاع العام,خدمة إلكترونية,2026/04/19,"36,346,569"
الخدمات الرقمية,عام,القطاع العام,خدمة إلكترونية,2026/04/19,"36,346,913"
الخدمات الرقمية,عام,القطاع العام,خدمة إلكترونية,2026/04/19,"36,347,237"
الخدمات الرقمية,عام,القطاع العام,خدمة إلكترونية,2026/04/19,"36,347,342"
الخدمات الرقمية,عام,القطاع العام,خدمة إلكترونية,2026/04/19,"36,362,554"
الخدمات الرقمية,عام,القطاع العام,خدمة إلكترونية,2026/04/19,"36,362,459"
الخدمات الرقمية,عام,القطاع العام,خدمة إلكترونية,2026/04/19,"36,362,867"
الخدمات الرقمية,عام,القطاع العام,خدمة إلكترونية,2026/04/19,"36,362,744"
الخدمات الرقمية,عام,القطاع العام,خدمة إلكترونية,2026/04/19,"36,362,825"
الخدمات الرقمية,عام,القطاع العام,خدمة إلكترونية,2026/04/19,"36,363,121"
الخدمات الرقمية,عام,القطاع العام,خدمة إلكترونية,2026/04/19,"36,362,937"
الخدمات الرقمية,عام,القطاع العام,خدمة إلكترونية,2026/04/19,"36,362,479"
الخدمات الرقمية,عام,القطاع العام,خدمة إلكترونية,2026/04/19,"36,362,451"
الخدمات الرقمية,عام,القطاع العام,خدمة إلكترونية,2026/04/19,"36,363,209"
الخدمات الرقمية,عام,القطاع العام,خدمة إلكترونية,2026/04/19,"36,362,951"
الخدمات الرقمية,عام,القطاع العام,خدمة إلكترونية,2026/04/19,"36,363,924"
الخدمات الرقمية,عام,القطاع العام,خدمة إلكترونية,2026/04/19,"36,362,760"
الخدمات الرقمية,عام,القطاع العام,خدمة إلكترونية,2026/04/19,"36,362,924"
الخدمات الرقمية,عام,القطاع العام,خدمة إلكترونية,2026/04/19,"36,363,636"
الخدمات الرقمية,عام,القطاع العام,خدمة إلكترونية,2026/04/19,"36,363,239"
الخدمات الرقمية,عام,القطاع العام,خدمة إلكترونية,2026/04/19,"36,363,154"
الخدمات الرقمية,عام,القطاع العام,خدمة إلكترونية,2026/04/19,"36,362,611"
الخدمات الرقمية,عام,القطاع العام,خدمة إلكترونية,2026/04/19,"36,363,992"
الخدمات الرقمية,عام,القطاع العام,خدمة إلكترونية,2026/04/19,"36,364,163"
الخدمات الرقمية,عام,القطاع العام,خدمة إلكترونية,2026/04/19,"36,363,939"
الخدمات الرقمية,عام,القطاع العام,خدمة إلكترونية,2026/04/19,"36,364,104"
الخدمات الرقمية,عام,القطاع العام,خدمة إلكترونية,2026/04/19,"36,363,017"
الخدمات الرقمية,عام,القطاع العام,خدمة إلكترونية,2026/04/19,"36,364,039"
الخدمات الرقمية,عام,القطاع العام,خدمة إلكترونية,2026/04/19,"36,363,773"
الخدمات الرقمية,عام,القطاع العام,خدمة إلكترونية,2026/04/19,"36,364,047"
الخدمات الرقمية,عام,القطاع العام,خدمة إلكترونية,2026/04/19,"36,364,013"
الخدمات الرقمية,عام,القطاع العام,خدمة إلكترونية,2026/04/19,"36,364,132"
الخدمات الرقمية,عام,القطاع العام,خدمة إلكترونية,2026/04/19,"36,364,298"
الخدمات الرقمية,عام,القطاع العام,خدمة إلكترونية,2026/04/19,"36,363,064"
الخدمات الرقمية,عام,القطاع العام,خدمة إلكترونية,2026/04/19,"36,364,312"
الخدمات الرقمية,عام,القطاع العام,خدمة إلكترونية,2026/04/19,"36,363,714"
الخدمات الرقمية,عام,القطاع العام,خدمة إلكترونية,2026/04/19,"36,363,858"
الخدمات الرقمية,عام,القطاع العام,خدمة إلكترونية,2026/04/19,"36,362,890"
الخدمات الرقمية,عام,القطاع العام,خدمة إلكترونية,2026/04/19,"36,362,716"
الخدمات الرقمية,عام,القطاع العام,خدمة إلكترونية,2026/04/19,"36,364,267"
الخدمات الرقمية,عام,القطاع العام,خدمة إلكترونية,2026/04/19,"36,364,178"
الخدمات الرقمية,عام,القطاع العام,خدمة إلكترونية,2026/04/19,"36,363,223"
الخدمات الرقمية,عام,القطاع العام,خدمة إلكترونية,2026/04/19,"36,364,157"
الخدمات الرقمية,عام,القطاع العام,خدمة إلكترونية,2026/04/19,"36,363,093"
الخدمات الرقمية,عام,القطاع العام,خدمة إلكترونية,2026/04/19,"36,364,116"
الخدمات الرقمية,عام,القطاع العام,خدمة إلكترونية,2026/04/19,"36,355,373"
الخدمات الرقمية,عام,القطاع العام,خدمة إلكترونية,2026/04/19,"36,355,296"
الخدمات الرقمية,عام,القطاع العام,خدمة إلكترونية,2026/04/19,"36,354,986"
الخدمات الرقمية,عام,القطاع العام,خدمة إلكترونية,2026/04/19,"36,354,955"
الخدمات الرقمية,عام,القطاع العام,خدمة إلكترونية,2026/04/19,"36,354,941"
الخدمات الرقمية,عام,القطاع العام,خدمة إلكترونية,2026/04/19,"36,355,569"
الخدمات الرقمية,عام,القطاع العام,خدمة إلكترونية,2026/04/19,"36,355,453"
الخدمات الرقمية,عام,القطاع العام,خدمة إلكترونية,2026/04/19,"36,355,335"
الخدمات الرقمية,عام,القطاع العام,خدمة إلكترونية,2026/04/19,"36,355,146"
الخدمات الرقمية,عام,القطاع العام,خدمة إلكترونية,2026/04/19,"36,357,722"
الخدمات الرقمية,عام,القطاع العام,خدمة إلكترونية,2026/04/19,"36,356,946"
الخدمات الرقمية,عام,القطاع العام,خدمة إلكترونية,2026/04/19,"36,344,163"
الخدمات الرقمية,عام,القطاع العام,خدمة إلكترونية,2026/04/19,"36,349,406"
الخدمات الرقمية,عام,القطاع العام,خدمة إلكترونية,2026/04/19,"36,351,376"
الخدمات الرقمية,عام,القطاع العام,خدمة إلكترونية,2026/04/19,"36,354,559"
الخدمات الرقمية,عام,القطاع العام,خدمة إلكترونية,2026/04/19,"36,354,564"
الخدمات الرقمية,عام,القطاع العام,خدمة إلكترونية,2026/04/19,"36,354,581"
الخدمات الرقمية,عام,القطاع العام,خدمة إلكترونية,2026/04/19,"36,354,735"
الخدمات الرقمية,عام,القطاع العام,خدمة إلكترونية,2026/04/19,"36,354,734"
الخدمات الرقمية,عام,القطاع العام,خدمة إلكترونية,2026/04/19,"36,354,563"
الخدمات الرقمية,عام,القطاع العام,خدمة إلكترونية,2026/04/19,"36,356,014"
الخدمات الرقمية,عام,القطاع العام,خدمة إلكترونية,2026/04/19,"36,354,561"
الخدمات الرقمية,عام,القطاع العام,خدمة إلكترونية,2026/04/19,"36,354,567"
الخدمات الرقمية,عام,القطاع العام,خدمة إلكترونية,2026/04/19,"36,354,727"
الخدمات الرقمية,عام,القطاع العام,خدمة إلكترونية,2026/04/19,"36,354,583"
الخدمات الرقمية,عام,القطاع العام,خدمة إلكترونية,2026/04/19,"36,354,736"
الخدمات الرقمية,عام,القطاع العام,خدمة إلكترونية,2026/04/19,"36,348,459"
الخدمات الرقمية,عام,القطاع العام,خدمة إلكترونية,2026/04/19,"36,344,164"
الخدمات الرقمية,عام,القطاع العام,خدمة إلكترونية,2026/04/19,"36,354,400"
الخدمات الرقمية,عام,القطاع العام,خدمة إلكترونية,2026/04/19,"36,354,881"
الخدمات الرقمية,عام,القطاع العام,خدمة إلكترونية,2026/04/19,"36,354,390"
الخدمات الرقمية,عام,القطاع العام,خدمة إلكترونية,2026/04/19,"36,354,403"
الخدمات الرقمية,عام,القطاع العام,خدمة إلكترونية,2026/04/19,"36,357,284"
الخدمات الرقمية,عام,القطاع العام,خدمة إلكترونية,2026/04/19,"36,357,270"
الخدمات الرقمية,عام,القطاع العام,خدمة إلكترونية,2026/04/19,"36,357,076"
الخدمات الرقمية,عام,القطاع العام,خدمة إلكترونية,2026/04/19,"36,357,272"
الخدمات الرقمية,عام,القطاع العام,خدمة إلكترونية,2026/04/19,"36,357,266"
الخدمات الرقمية,عام,القطاع العام,خدمة إلكترونية,2026/04/19,"36,356,929"
 مكة المكرمه,جده,القطاع الخاص,خدمة إلكترونية جزئيا,2026/04/20,"36,373,417"
 مكة المكرمه,جده,القطاع الخاص,خدمة إلكترونية جزئيا,2026/04/20,"36,373,266"
 عسير,ابها,القطاع الخاص,خدمة إلكترونية جزئيا,2026/04/20,"36,373,971"
 عسير,ابها,القطاع الخاص,خدمة إلكترونية جزئيا,2026/04/20,"36,373,786"
 الشرقية,الدمام,القطاع الخاص,خدمة إلكترونية جزئيا,2026/04/20,"36,369,144"
 الشرقية,الدمام,القطاع الخاص,خدمة إلكترونية جزئيا,2026/04/20,"36,374,772"
 الشرقية,الدمام,القطاع الخاص,خدمة إلكترونية جزئيا,2026/04/20,"36,369,528"
 الرياض,الرياض,القطاع الخاص,خدمة إلكترونية جزئيا,2026/04/20,"36,369,400"
 الرياض,الرياض,القطاع الخاص,خدمة إلكترونية جزئيا,2026/04/20,"36,368,092"
 الرياض,الرياض,القطاع الخاص,خدمة إلكترونية جزئيا,2026/04/20,"36,368,779"
 الرياض,الرياض,القطاع الخاص,خدمة إلكترونية جزئيا,2026/04/20,"36,368,369"
 الرياض,الرياض,القطاع الخاص,خدمة إلكترونية جزئيا,2026/04/20,"36,368,143"
 الرياض,الرياض,القطاع الخاص,خدمة إلكترونية جزئيا,2026/04/20,"36,371,038"
الخدمات الرقمية,عام,القطاع العام,خدمة إلكترونية,2026/04/20,"36,374,969"
 الرياض,الرياض,القطاع الخاص,خدمة إلكترونية جزئيا,2026/04/20,"36,368,824"
 الرياض,الرياض,القطاع الخاص,خدمة إلكترونية جزئيا,2026/04/20,"36,369,080"
 الرياض,الرياض,القطاع الخاص,خدمة إلكترونية جزئيا,2026/04/20,"36,369,500"
 الرياض,الرياض,القطاع الخاص,خدمة إلكترونية جزئيا,2026/04/20,"36,373,766"
 الرياض,الرياض,القطاع الخاص,خدمة إلكترونية جزئيا,2026/04/20,"36,373,355"
 الرياض,الرياض,القطاع الخاص,خدمة إلكترونية جزئيا,2026/04/20,"36,368,156"
 مكة المكرمه,مكة المكرمة,القطاع الخاص,خدمة إلكترونية جزئيا,2026/04/20,"36,375,575"
 الرياض,الرياض,القطاع الخاص,خدمة إلكترونية جزئيا,2026/04/20,"36,378,031"
 الرياض,الرياض,القطاع الخاص,خدمة إلكترونية جزئيا,2026/04/20,"36,375,648"
 عسير,ابها,القطاع الخاص,خدمة إلكترونية جزئيا,2026/04/20,"36,374,028"
 الرياض,الرياض,القطاع الخاص,خدمة إلكترونية جزئيا,2026/04/20,"36,377,920"
 الرياض,الرياض,القطاع الخاص,خدمة إلكترونية جزئيا,2026/04/20,"36,374,940"
 الرياض,الرياض,القطاع الخاص,خدمة إلكترونية جزئيا,2026/04/20,"36,368,432"
 الرياض,الرياض,القطاع الخاص,خدمة إلكترونية جزئيا,2026/04/20,"36,373,902"
 الرياض,الرياض,القطاع الخاص,خدمة إلكترونية جزئيا,2026/04/20,"36,371,159"
 مكة المكرمه,الطائف,القطاع الخاص,خدمة إلكترونية جزئيا,2026/04/20,"36,375,940"
 المدينة المنوره,المدينة المنورة,القطاع الخاص,خدمة إلكترونية جزئيا,2026/04/20,"36,371,275"
 المدينة المنوره,المدينة المنورة,القطاع الخاص,خدمة إلكترونية جزئيا,2026/04/20,"36,373,353"
 القصيم,بريده,القطاع الخاص,خدمة إلكترونية جزئيا,2026/04/20,"36,376,464"
 الشرقية,الدمام,القطاع الخاص,خدمة إلكترونية جزئيا,2026/04/20,"36,369,642"
 الرياض,الرياض,القطاع الخاص,خدمة إلكترونية جزئيا,2026/04/20,"36,378,940"
 الرياض,الرياض,القطاع الخاص,خدمة إلكترونية جزئيا,2026/04/20,"36,370,647"
 الرياض,الرياض,القطاع الخاص,خدمة إلكترونية جزئيا,2026/04/20,"36,371,924"
 الرياض,الرياض,القطاع الخاص,خدمة إلكترونية جزئيا,2026/04/20,"36,371,493"
الخدمات الرقمية,عام,القطاع العام,خدمة إلكترونية,2026/04/20,"36,369,145"
الخدمات الرقمية,عام,القطاع العام,خدمة إلكترونية,2026/04/20,"36,372,117"
الخدمات الرقمية,عام,القطاع العام,خدمة إلكترونية,2026/04/20,"36,374,684"
الخدمات الرقمية,عام,القطاع العام,خدمة إلكترونية,2026/04/20,"36,376,444"
الخدمات الرقمية,عام,القطاع العام,خدمة إلكترونية,2026/04/20,"36,379,098"
الخدمات الرقمية,عام,القطاع العام,خدمة إلكترونية,2026/04/20,"36,372,702"
الخدمات الرقمية,عام,القطاع العام,خدمة إلكترونية,2026/04/20,"36,378,033"
الخدمات الرقمية,عام,القطاع العام,خدمة إلكترونية,2026/04/20,"36,378,460"
الخدمات الرقمية,عام,القطاع العام,خدمة إلكترونية,2026/04/20,"36,378,787"
الخدمات الرقمية,عام,القطاع العام,خدمة إلكترونية,2026/04/20,"36,378,224"
الخدمات الرقمية,عام,القطاع العام,خدمة إلكترونية,2026/04/20,"36,379,777"
الخدمات الرقمية,عام,القطاع العام,خدمة إلكترونية,2026/04/20,"36,372,517"
الخدمات الرقمية,عام,القطاع العام,خدمة إلكترونية,2026/04/20,"36,379,604"
الخدمات الرقمية,عام,القطاع العام,خدمة إلكترونية,2026/04/20,"36,374,022"
الخدمات الرقمية,عام,القطاع العام,خدمة إلكترونية,2026/04/20,"36,375,176"
الخدمات الرقمية,عام,القطاع العام,خدمة إلكترونية,2026/04/20,"36,378,932"
الخدمات الرقمية,عام,القطاع العام,خدمة إلكترونية,2026/04/20,"36,378,882"
الخدمات الرقمية,عام,القطاع العام,خدمة إلكترونية,2026/04/20,"36,373,496"
الخدمات الرقمية,عام,القطاع العام,خدمة إلكترونية,2026/04/20,"36,376,599"
الخدمات الرقمية,عام,القطاع العام,خدمة إلكترونية,2026/04/20,"36,379,523"
الخدمات الرقمية,عام,القطاع العام,خدمة إلكترونية,2026/04/20,"36,379,955"
الخدمات الرقمية,عام,القطاع العام,خدمة إلكترونية,2026/04/20,"36,380,084"
الخدمات الرقمية,عام,القطاع العام,خدمة إلكترونية,2026/04/20,"36,371,888"
الخدمات الرقمية,عام,القطاع العام,خدمة إلكترونية,2026/04/20,"36,380,035"
الخدمات الرقمية,عام,القطاع العام,خدمة إلكترونية,2026/04/20,"36,365,544"
الخدمات الرقمية,عام,القطاع العام,خدمة إلكترونية,2026/04/20,"36,376,999"
الخدمات الرقمية,عام,القطاع العام,خدمة إلكترونية,2026/04/20,"36,377,567"
الخدمات الرقمية,عام,القطاع العام,خدمة إلكترونية,2026/04/20,"36,380,384"
الخدمات الرقمية,عام,القطاع العام,خدمة إلكترونية,2026/04/20,"36,379,976"
الخدمات الرقمية,عام,القطاع العام,خدمة إلكترونية,2026/04/20,"36,381,550"
الخدمات الرقمية,عام,القطاع العام,خدمة إلكترونية,2026/04/20,"36,374,407"
الخدمات الرقمية,عام,القطاع العام,خدمة إلكترونية,2026/04/20,"36,378,982"
الخدمات الرقمية,عام,القطاع العام,خدمة إلكترونية,2026/04/20,"36,371,659"
الخدمات الرقمية,عام,القطاع العام,خدمة إلكترونية,2026/04/20,"36,378,271"
الخدمات الرقمية,عام,القطاع العام,خدمة إلكترونية,2026/04/20,"36,379,648"
الخدمات الرقمية,عام,القطاع العام,خدمة إلكترونية,2026/04/20,"36,381,417"
الخدمات الرقمية,عام,القطاع العام,خدمة إلكترونية,2026/04/20,"36,369,039"
الخدمات الرقمية,عام,القطاع العام,خدمة إلكترونية,2026/04/20,"36,376,388"
الخدمات الرقمية,عام,القطاع العام,خدمة إلكترونية,2026/04/20,"36,376,955"
الخدمات الرقمية,عام,القطاع العام,خدمة إلكترونية,2026/04/20,"36,378,504"
الخدمات الرقمية,عام,القطاع العام,خدمة إلكترونية,2026/04/20,"36,379,456"
الخدمات الرقمية,عام,القطاع العام,خدمة إلكترونية,2026/04/20,"36,379,187"
الخدمات الرقمية,عام,القطاع العام,خدمة إلكترونية,2026/04/20,"36,374,930"
الخدمات الرقمية,عام,القطاع العام,خدمة إلكترونية,2026/04/20,"36,379,889"
الخدمات الرقمية,عام,القطاع العام,خدمة إلكترونية,2026/04/20,"36,378,146"
الخدمات الرقمية,عام,القطاع العام,خدمة إلكترونية,2026/04/20,"36,383,488"
الخدمات الرقمية,عام,القطاع العام,خدمة إلكترونية,2026/04/20,"36,371,476"
الخدمات الرقمية,عام,القطاع العام,خدمة إلكترونية,2026/04/20,"36,364,970"
الخدمات الرقمية,عام,القطاع العام,خدمة إلكترونية,2026/04/20,"36,365,640"
الخدمات الرقمية,عام,القطاع العام,خدمة إلكترونية,2026/04/20,"36,378,918"
الخدمات الرقمية,عام,القطاع العام,خدمة إلكترونية,2026/04/20,"36,377,926"
الخدمات الرقمية,عام,القطاع العام,خدمة إلكترونية,2026/04/20,"36,368,966"
الخدمات الرقمية,عام,القطاع العام,خدمة إلكترونية,2026/04/20,"36,378,419"
الخدمات الرقمية,عام,القطاع العام,خدمة إلكترونية,2026/04/20,"36,373,995"
الخدمات الرقمية,عام,القطاع العام,خدمة إلكترونية,2026/04/20,"36,374,600"
الخدمات الرقمية,عام,القطاع العام,خدمة إلكترونية,2026/04/20,"36,381,681"
الخدمات الرقمية,عام,القطاع العام,خدمة إلكترونية,2026/04/20,"36,378,120"
الخدمات الرقمية,عام,القطاع العام,خدمة إلكترونية,2026/04/20,"36,370,663"
الخدمات الرقمية,عام,القطاع العام,خدمة إلكترونية,2026/04/20,"36,364,664"
الخدمات الرقمية,عام,القطاع العام,خدمة إلكترونية,2026/04/20,"36,379,050"
الخدمات الرقمية,عام,القطاع العام,خدمة إلكترونية,2026/04/20,"36,379,766"
الخدمات الرقمية,عام,القطاع العام,خدمة إلكترونية,2026/04/20,"36,374,519"
الخدمات الرقمية,عام,القطاع العام,خدمة إلكترونية,2026/04/20,"36,376,237"
الخدمات الرقمية,عام,القطاع العام,خدمة إلكترونية,2026/04/20,"36,373,939"
الخدمات الرقمية,عام,القطاع العام,خدمة إلكترونية,2026/04/20,"36,374,996"
الخدمات الرقمية,عام,القطاع العام,خدمة إلكترونية,2026/04/20,"36,380,056"
الخدمات الرقمية,عام,القطاع العام,خدمة إلكترونية,2026/04/20,"36,372,583"
الخدمات الرقمية,عام,القطاع العام,خدمة إلكترونية,2026/04/20,"36,365,618"
الخدمات الرقمية,عام,القطاع العام,خدمة إلكترونية,2026/04/20,"36,380,237"
الخدمات الرقمية,عام,القطاع العام,خدمة إلكترونية,2026/04/20,"36,378,547"
الخدمات الرقمية,عام,القطاع العام,خدمة إلكترونية,2026/04/20,"36,368,112"
الخدمات الرقمية,عام,القطاع العام,خدمة إلكترونية,2026/04/20,"36,374,838"
الخدمات الرقمية,عام,القطاع العام,خدمة إلكترونية,2026/04/20,"36,374,728"
الخدمات الرقمية,عام,القطاع العام,خدمة إلكترونية,2026/04/20,"36,376,076"
الخدمات الرقمية,عام,القطاع العام,خدمة إلكترونية,2026/04/20,"36,378,084"
الخدمات الرقمية,عام,القطاع العام,خدمة إلكترونية,2026/04/20,"36,378,178"
الخدمات الرقمية,عام,القطاع العام,خدمة إلكترونية,2026/04/20,"36,379,562"
الخدمات الرقمية,عام,القطاع العام,خدمة إلكترونية,2026/04/20,"36,379,656"
الخدمات الرقمية,عام,القطاع العام,خدمة إلكترونية,2026/04/20,"36,379,632"
الخدمات الرقمية,عام,القطاع العام,خدمة إلكترونية,2026/04/20,"36,382,598"
الخدمات الرقمية,عام,القطاع العام,خدمة إلكترونية,2026/04/20,"36,368,125"
الخدمات الرقمية,عام,القطاع العام,خدمة إلكترونية,2026/04/20,"36,380,021"
الخدمات الرقمية,عام,القطاع العام,خدمة إلكترونية,2026/04/20,"36,380,183"
الخدمات الرقمية,عام,القطاع العام,خدمة إلكترونية,2026/04/20,"36,386,558"
الخدمات الرقمية,عام,القطاع العام,خدمة إلكترونية,2026/04/20,"36,386,467"
الخدمات الرقمية,عام,القطاع العام,خدمة إلكترونية,2026/04/20,"36,376,811"
الخدمات الرقمية,عام,القطاع العام,خدمة إلكترونية,2026/04/20,"36,366,496"
الخدمات الرقمية,عام,القطاع العام,خدمة إلكترونية,2026/04/20,"36,368,280"
الخدمات الرقمية,عام,القطاع العام,خدمة إلكترونية,2026/04/20,"36,366,472"
الخدمات الرقمية,عام,القطاع العام,خدمة إلكترونية,2026/04/20,"36,368,690"
الخدمات الرقمية,عام,القطاع العام,خدمة إلكترونية,2026/04/20,"36,377,912"
الخدمات الرقمية,عام,القطاع العام,خدمة إلكترونية,2026/04/20,"36,368,834"
الخدمات الرقمية,عام,القطاع العام,خدمة إلكترونية,2026/04/20,"36,368,035"
الخدمات الرقمية,عام,القطاع العام,خدمة إلكترونية,2026/04/20,"36,377,284"
الخدمات الرقمية,عام,القطاع العام,خدمة إلكترونية,2026/04/20,"36,366,467"
الخدمات الرقمية,عام,القطاع العام,خدمة إلكترونية,2026/04/20,"36,368,110"
الخدمات الرقمية,عام,القطاع العام,خدمة إلكترونية,2026/04/20,"36,368,980"
الخدمات الرقمية,عام,القطاع العام,خدمة إلكترونية,2026/04/20,"36,378,134"
الخدمات الرقمية,عام,القطاع العام,خدمة إلكترونية,2026/04/20,"36,366,478"
الخدمات الرقمية,عام,القطاع العام,خدمة إلكترونية,2026/04/20,"36,377,085"
الخدمات الرقمية,عام,القطاع العام,خدمة إلكترونية,2026/04/20,"36,376,210"
الخدمات الرقمية,عام,القطاع العام,خدمة إلكترونية,2026/04/20,"36,377,537"
الخدمات الرقمية,عام,القطاع العام,خدمة إلكترونية,2026/04/20,"36,378,032"
الخدمات الرقمية,عام,القطاع العام,خدمة إلكترونية,2026/04/20,"36,368,181"
الخدمات الرقمية,عام,القطاع العام,خدمة إلكترونية,2026/04/20,"36,368,387"
الخدمات الرقمية,عام,القطاع العام,خدمة إلكترونية,2026/04/20,"36,368,165"
الخدمات الرقمية,عام,القطاع العام,خدمة إلكترونية,2026/04/20,"36,377,680"
الخدمات الرقمية,عام,القطاع العام,خدمة إلكترونية,2026/04/20,"36,366,548"
الخدمات الرقمية,عام,القطاع العام,خدمة إلكترونية,2026/04/20,"36,366,533"
الخدمات الرقمية,عام,القطاع العام,خدمة إلكترونية,2026/04/20,"36,368,423"
الخدمات الرقمية,عام,القطاع العام,خدمة إلكترونية,2026/04/20,"36,368,138"
الخدمات الرقمية,عام,القطاع العام,خدمة إلكترونية,2026/04/20,"36,368,554"
الخدمات الرقمية,عام,القطاع العام,خدمة إلكترونية,2026/04/20,"36,376,743"
الخدمات الرقمية,عام,القطاع العام,خدمة إلكترونية,2026/04/20,"36,368,134"
الخدمات الرقمية,عام,القطاع العام,خدمة إلكترونية,2026/04/20,"36,368,420"
الخدمات الرقمية,عام,القطاع العام,خدمة إلكترونية,2026/04/20,"36,368,958"
الخدمات الرقمية,عام,القطاع العام,خدمة إلكترونية,2026/04/20,"36,367,812"
الخدمات الرقمية,عام,القطاع العام,خدمة إلكترونية,2026/04/20,"36,367,609"
الخدمات الرقمية,عام,القطاع العام,خدمة إلكترونية,2026/04/20,"36,368,037"
الخدمات الرقمية,عام,القطاع العام,خدمة إلكترونية,2026/04/20,"36,367,809"
الخدمات الرقمية,عام,القطاع العام,خدمة إلكترونية,2026/04/20,"36,372,290"
الخدمات الرقمية,عام,القطاع العام,خدمة إلكترونية,2026/04/20,"36,372,466"
الخدمات الرقمية,عام,القطاع العام,خدمة إلكترونية,2026/04/20,"36,367,557"
الخدمات الرقمية,عام,القطاع العام,خدمة إلكترونية,2026/04/20,"36,367,718"
الخدمات الرقمية,عام,القطاع العام,خدمة إلكترونية,2026/04/20,"36,367,807"
الخدمات الرقمية,عام,القطاع العام,خدمة إلكترونية,2026/04/20,"36,367,815"
الخدمات الرقمية,عام,القطاع العام,خدمة إلكترونية,2026/04/20,"36,368,891"
الخدمات الرقمية,عام,القطاع العام,خدمة إلكترونية,2026/04/20,"36,375,814"
الخدمات الرقمية,عام,القطاع العام,خدمة إلكترونية,2026/04/20,"36,368,872"
الخدمات الرقمية,عام,القطاع العام,خدمة إلكترونية,2026/04/20,"36,367,876"
الخدمات الرقمية,عام,القطاع العام,خدمة إلكترونية,2026/04/20,"36,367,949"
الخدمات الرقمية,عام,القطاع العام,خدمة إلكترونية,2026/04/20,"36,367,875"
الخدمات الرقمية,عام,القطاع العام,خدمة إلكترونية,2026/04/20,"36,368,944"
الخدمات الرقمية,عام,القطاع العام,خدمة إلكترونية,2026/04/20,"36,376,136"
الخدمات الرقمية,عام,القطاع العام,خدمة إلكترونية,2026/04/20,"36,367,792"
الخدمات الرقمية,عام,القطاع العام,خدمة إلكترونية,2026/04/20,"36,371,820"
الخدمات الرقمية,عام,القطاع العام,خدمة إلكترونية,2026/04/20,"36,376,600"
الخدمات الرقمية,عام,القطاع العام,خدمة إلكترونية,2026/04/20,"36,368,062"
الخدمات الرقمية,عام,القطاع العام,خدمة إلكترونية,2026/04/20,"36,367,877"
الخدمات الرقمية,عام,القطاع العام,خدمة إلكترونية,2026/04/20,"36,368,482"
الخدمات الرقمية,عام,القطاع العام,خدمة إلكترونية,2026/04/20,"36,368,139"
الخدمات الرقمية,عام,القطاع العام,خدمة إلكترونية,2026/04/20,"36,368,059"
الخدمات الرقمية,عام,القطاع العام,خدمة إلكترونية,2026/04/20,"36,369,909"
الخدمات الرقمية,عام,القطاع العام,خدمة إلكترونية,2026/04/20,"36,368,676"
الخدمات الرقمية,عام,القطاع العام,خدمة إلكترونية,2026/04/20,"36,368,967"
الخدمات الرقمية,عام,القطاع العام,خدمة إلكترونية,2026/04/20,"36,375,099"
الخدمات الرقمية,عام,القطاع العام,خدمة إلكترونية,2026/04/20,"36,368,631"
 مكة المكرمه,مكة المكرمة,القطاع الخاص,خدمة إلكترونية جزئيا,2026/04/21,"36,400,760"
 مكة المكرمه,جده,القطاع الخاص,خدمة إلكترونية جزئيا,2026/04/21,"36,395,055"
 الشرقية,الخبر,القطاع الخاص,خدمة إلكترونية جزئيا,2026/04/21,"36,394,023"
 الشرقية,الدمام,القطاع الخاص,خدمة إلكترونية جزئيا,2026/04/21,"36,402,943"
 الشرقية,الدمام,القطاع الخاص,خدمة إلكترونية جزئيا,2026/04/21,"36,399,837"
الخدمات الرقمية,كتابة عدل مدمجة - افتراضية,القطاع العام,خدمة إلكترونية جزئيا,2026/04/21,"36,391,220"
الخدمات الرقمية,عام,القطاع العام,خدمة إلكترونية,2026/04/21,"36,390,304"
الخدمات الرقمية,عام,القطاع العام,خدمة إلكترونية,2026/04/21,"36,390,314"
الخدمات الرقمية,عام,القطاع العام,خدمة إلكترونية,2026/04/21,"36,390,303"
 مكة المكرمه,الطائف,القطاع الخاص,خدمة إلكترونية جزئيا,2026/04/21,"36,391,848"
 مكة المكرمه,مكة المكرمة,القطاع الخاص,خدمة إلكترونية جزئيا,2026/04/21,"36,401,296"
 الشرقية,الخبر,القطاع الخاص,خدمة إلكترونية جزئيا,2026/04/21,"36,394,135"
 مكة المكرمه,جده,القطاع الخاص,خدمة إلكترونية جزئيا,2026/04/21,"36,396,673"
 مكة المكرمه,جده,القطاع الخاص,خدمة إلكترونية جزئيا,2026/04/21,"36,395,154"
 مكة المكرمه,جده,القطاع الخاص,خدمة إلكترونية جزئيا,2026/04/21,"36,393,214"
 مكة المكرمه,الطائف,القطاع الخاص,خدمة إلكترونية جزئيا,2026/04/21,"36,396,668"
 الشرقية,الدمام,القطاع الخاص,خدمة إلكترونية جزئيا,2026/04/21,"36,402,983"
الخدمات الرقمية,عام,القطاع العام,خدمة إلكترونية,2026/04/21,"36,407,573"
الخدمات الرقمية,عام,القطاع العام,خدمة إلكترونية,2026/04/21,"36,410,832"
الخدمات الرقمية,عام,القطاع العام,خدمة إلكترونية,2026/04/21,"36,412,413"
الخدمات الرقمية,عام,القطاع العام,خدمة إلكترونية,2026/04/21,"36,407,291"
الخدمات الرقمية,عام,القطاع العام,خدمة إلكترونية,2026/04/21,"36,412,395"
الخدمات الرقمية,عام,القطاع العام,خدمة إلكترونية,2026/04/21,"36,409,088"
الخدمات الرقمية,عام,القطاع العام,خدمة إلكترونية,2026/04/21,"36,406,526"
الخدمات الرقمية,عام,القطاع العام,خدمة إلكترونية,2026/04/21,"36,406,900"
الخدمات الرقمية,عام,القطاع العام,خدمة إلكترونية,2026/04/21,"36,406,906"
الخدمات الرقمية,عام,القطاع العام,خدمة إلكترونية,2026/04/21,"36,405,490"
الخدمات الرقمية,عام,القطاع العام,خدمة إلكترونية,2026/04/21,"36,408,429"
الخدمات الرقمية,عام,القطاع العام,خدمة إلكترونية,2026/04/21,"36,406,577"
الخدمات الرقمية,عام,القطاع العام,خدمة إلكترونية,2026/04/21,"36,412,404"
الخدمات الرقمية,عام,القطاع العام,خدمة إلكترونية,2026/04/21,"36,407,541"
الخدمات الرقمية,عام,القطاع العام,خدمة إلكترونية,2026/04/21,"36,406,636"
الخدمات الرقمية,عام,القطاع العام,خدمة إلكترونية,2026/04/21,"36,409,388"
الخدمات الرقمية,عام,القطاع العام,خدمة إلكترونية,2026/04/21,"36,405,450"
الخدمات الرقمية,عام,القطاع العام,خدمة إلكترونية,2026/04/21,"36,412,376"
الخدمات الرقمية,عام,القطاع العام,خدمة إلكترونية,2026/04/21,"36,391,944"
الخدمات الرقمية,عام,القطاع العام,خدمة إلكترونية,2026/04/21,"36,391,405"
الخدمات الرقمية,عام,القطاع العام,خدمة إلكترونية,2026/04/21,"36,390,338"
الخدمات الرقمية,عام,القطاع العام,خدمة إلكترونية,2026/04/21,"36,391,705"
الخدمات الرقمية,عام,القطاع العام,خدمة إلكترونية,2026/04/21,"36,392,450"
الخدمات الرقمية,عام,القطاع العام,خدمة إلكترونية,2026/04/21,"36,394,501"
الخدمات الرقمية,عام,القطاع العام,خدمة إلكترونية,2026/04/21,"36,394,479"
الخدمات الرقمية,عام,القطاع العام,خدمة إلكترونية,2026/04/21,"36,395,562"
الخدمات الرقمية,عام,القطاع العام,خدمة إلكترونية,2026/04/21,"36,393,339"
الخدمات الرقمية,عام,القطاع العام,خدمة إلكترونية,2026/04/21,"36,395,963"
الخدمات الرقمية,عام,القطاع العام,خدمة إلكترونية,2026/04/21,"36,396,435"
الخدمات الرقمية,عام,القطاع العام,خدمة إلكترونية,2026/04/21,"36,396,462"
الخدمات الرقمية,عام,القطاع العام,خدمة إلكترونية,2026/04/21,"36,395,156"
الخدمات الرقمية,عام,القطاع العام,خدمة إلكترونية,2026/04/21,"36,393,598"
الخدمات الرقمية,عام,القطاع العام,خدمة إلكترونية,2026/04/21,"36,395,820"
الخدمات الرقمية,عام,القطاع العام,خدمة إلكترونية,2026/04/21,"36,393,218"
الخدمات الرقمية,عام,القطاع العام,خدمة إلكترونية,2026/04/21,"36,393,268"
الخدمات الرقمية,عام,القطاع العام,خدمة إلكترونية,2026/04/21,"36,394,341"
الخدمات الرقمية,عام,القطاع العام,خدمة إلكترونية,2026/04/21,"36,395,632"
الخدمات الرقمية,عام,القطاع العام,خدمة إلكترونية,2026/04/21,"36,395,725"
الخدمات الرقمية,عام,القطاع العام,خدمة إلكترونية,2026/04/21,"36,391,869"
الخدمات الرقمية,عام,القطاع العام,خدمة إلكترونية,2026/04/21,"36,401,799"
الخدمات الرقمية,عام,القطاع العام,خدمة إلكترونية,2026/04/21,"36,400,253"
الخدمات الرقمية,عام,القطاع العام,خدمة إلكترونية,2026/04/21,"36,393,582"
الخدمات الرقمية,عام,القطاع العام,خدمة إلكترونية,2026/04/21,"36,393,983"
الخدمات الرقمية,عام,القطاع العام,خدمة إلكترونية,2026/04/21,"36,400,055"
الخدمات الرقمية,عام,القطاع العام,خدمة إلكترونية,2026/04/21,"36,402,566"
الخدمات الرقمية,عام,القطاع العام,خدمة إلكترونية,2026/04/21,"36,402,064"
الخدمات الرقمية,عام,القطاع العام,خدمة إلكترونية,2026/04/21,"36,393,994"
الخدمات الرقمية,عام,القطاع العام,خدمة إلكترونية,2026/04/21,"36,403,636"
الخدمات الرقمية,عام,القطاع العام,خدمة إلكترونية,2026/04/21,"36,401,629"
الخدمات الرقمية,عام,القطاع العام,خدمة إلكترونية,2026/04/21,"36,401,779"
الخدمات الرقمية,عام,القطاع العام,خدمة إلكترونية,2026/04/21,"36,401,830"
الخدمات الرقمية,عام,القطاع العام,خدمة إلكترونية,2026/04/21,"36,400,794"
الخدمات الرقمية,عام,القطاع العام,خدمة إلكترونية,2026/04/21,"36,402,192"
الخدمات الرقمية,عام,القطاع العام,خدمة إلكترونية,2026/04/21,"36,399,116"
الخدمات الرقمية,عام,القطاع العام,خدمة إلكترونية,2026/04/21,"36,400,542"
الخدمات الرقمية,عام,القطاع العام,خدمة إلكترونية,2026/04/21,"36,400,845"
الخدمات الرقمية,عام,القطاع العام,خدمة إلكترونية,2026/04/21,"36,393,792"
الخدمات الرقمية,عام,القطاع العام,خدمة إلكترونية,2026/04/21,"36,401,763"
الخدمات الرقمية,عام,القطاع العام,خدمة إلكترونية,2026/04/21,"36,398,875"
الخدمات الرقمية,عام,القطاع العام,خدمة إلكترونية,2026/04/21,"36,399,800"
الخدمات الرقمية,عام,القطاع العام,خدمة إلكترونية,2026/04/21,"36,401,586"
الخدمات الرقمية,عام,القطاع العام,خدمة إلكترونية,2026/04/21,"36,401,772"
الخدمات الرقمية,عام,القطاع العام,خدمة إلكترونية,2026/04/21,"36,401,956"
الخدمات الرقمية,عام,القطاع العام,خدمة إلكترونية,2026/04/21,"36,402,258"
الخدمات الرقمية,عام,القطاع العام,خدمة إلكترونية,2026/04/21,"36,393,891"
الخدمات الرقمية,عام,القطاع العام,خدمة إلكترونية,2026/04/21,"36,399,953"
الخدمات الرقمية,عام,القطاع العام,خدمة إلكترونية,2026/04/21,"36,401,899"
الخدمات الرقمية,عام,القطاع العام,خدمة إلكترونية,2026/04/21,"36,391,937"
الخدمات الرقمية,عام,القطاع العام,خدمة إلكترونية,2026/04/21,"36,401,865"
الخدمات الرقمية,عام,القطاع العام,خدمة إلكترونية,2026/04/21,"36,392,751"
الخدمات الرقمية,عام,القطاع العام,خدمة إلكترونية,2026/04/21,"36,395,832"
الخدمات الرقمية,عام,القطاع العام,خدمة إلكترونية,2026/04/21,"36,394,229"
الخدمات الرقمية,عام,القطاع العام,خدمة إلكترونية,2026/04/21,"36,393,862"
الخدمات الرقمية,عام,القطاع العام,خدمة إلكترونية,2026/04/21,"36,392,942"
الخدمات الرقمية,عام,القطاع العام,خدمة إلكترونية,2026/04/21,"36,389,852"
الخدمات الرقمية,عام,القطاع العام,خدمة إلكترونية,2026/04/21,"36,393,478"
الخدمات الرقمية,عام,القطاع العام,خدمة إلكترونية,2026/04/21,"36,401,069"
الخدمات الرقمية,عام,القطاع العام,خدمة إلكترونية,2026/04/21,"36,394,144"
الخدمات الرقمية,عام,القطاع العام,خدمة إلكترونية,2026/04/21,"36,390,631"
الخدمات الرقمية,عام,القطاع العام,خدمة إلكترونية,2026/04/21,"36,400,182"
الخدمات الرقمية,عام,القطاع العام,خدمة إلكترونية,2026/04/21,"36,391,681"
الخدمات الرقمية,عام,القطاع العام,خدمة إلكترونية,2026/04/21,"36,391,819"
الخدمات الرقمية,عام,القطاع العام,خدمة إلكترونية,2026/04/21,"36,397,102"
الخدمات الرقمية,عام,القطاع العام,خدمة إلكترونية,2026/04/21,"36,391,357"
الخدمات الرقمية,عام,القطاع العام,خدمة إلكترونية,2026/04/21,"36,396,317"
الخدمات الرقمية,عام,القطاع العام,خدمة إلكترونية,2026/04/21,"36,391,975"
الخدمات الرقمية,عام,القطاع العام,خدمة إلكترونية,2026/04/21,"36,400,858"
الخدمات الرقمية,عام,القطاع العام,خدمة إلكترونية,2026/04/21,"36,401,747"
الخدمات الرقمية,عام,القطاع العام,خدمة إلكترونية,2026/04/21,"36,402,611"
الخدمات الرقمية,عام,القطاع العام,خدمة إلكترونية,2026/04/21,"36,391,923"
الخدمات الرقمية,عام,القطاع العام,خدمة إلكترونية,2026/04/21,"36,400,027"
الخدمات الرقمية,عام,القطاع العام,خدمة إلكترونية,2026/04/21,"36,396,233"
الخدمات الرقمية,عام,القطاع العام,خدمة إلكترونية,2026/04/21,"36,402,703"
الخدمات الرقمية,عام,القطاع العام,خدمة إلكترونية,2026/04/21,"36,395,891"
الخدمات الرقمية,عام,القطاع العام,خدمة إلكترونية,2026/04/21,"36,399,873"
الخدمات الرقمية,عام,القطاع العام,خدمة إلكترونية,2026/04/21,"36,405,015"
الخدمات الرقمية,عام,القطاع العام,خدمة إلكترونية,2026/04/21,"36,403,776"
الخدمات الرقمية,عام,القطاع العام,خدمة إلكترونية,2026/04/21,"36,402,012"
الخدمات الرقمية,عام,القطاع العام,خدمة إلكترونية,2026/04/21,"36,402,672"
الخدمات الرقمية,عام,القطاع العام,خدمة إلكترونية,2026/04/21,"36,402,453"
الخدمات الرقمية,عام,القطاع العام,خدمة إلكترونية,2026/04/21,"36,403,964"
الخدمات الرقمية,عام,القطاع العام,خدمة إلكترونية,2026/04/21,"36,402,510"
الخدمات الرقمية,عام,القطاع العام,خدمة إلكترونية,2026/04/21,"36,403,848"
الخدمات الرقمية,عام,القطاع العام,خدمة إلكترونية,2026/04/21,"36,402,741"
الخدمات الرقمية,عام,القطاع العام,خدمة إلكترونية,2026/04/21,"36,404,879"
الخدمات الرقمية,عام,القطاع العام,خدمة إلكترونية,2026/04/21,"36,403,884"
الخدمات الرقمية,عام,القطاع العام,خدمة إلكترونية,2026/04/21,"36,406,533"
الخدمات الرقمية,عام,القطاع العام,خدمة إلكترونية,2026/04/21,"36,406,731"
الخدمات الرقمية,عام,القطاع العام,خدمة إلكترونية,2026/04/21,"36,406,945"
الخدمات الرقمية,عام,القطاع العام,خدمة إلكترونية,2026/04/21,"36,401,529"
الخدمات الرقمية,عام,القطاع العام,خدمة إلكترونية,2026/04/21,"36,401,232"
الخدمات الرقمية,عام,القطاع العام,خدمة إلكترونية,2026/04/21,"36,401,161"
الخدمات الرقمية,عام,القطاع العام,خدمة إلكترونية,2026/04/21,"36,402,202"
الخدمات الرقمية,عام,القطاع العام,خدمة إلكترونية,2026/04/21,"36,401,997"
الخدمات الرقمية,عام,القطاع العام,خدمة إلكترونية,2026/04/21,"36,401,007"
الخدمات الرقمية,عام,القطاع العام,خدمة إلكترونية,2026/04/21,"36,401,994"
الخدمات الرقمية,عام,القطاع العام,خدمة إلكترونية,2026/04/21,"36,401,757"
الخدمات الرقمية,عام,القطاع العام,خدمة إلكترونية,2026/04/21,"36,402,640"
الخدمات الرقمية,عام,القطاع العام,خدمة إلكترونية,2026/04/21,"36,401,086"
الخدمات الرقمية,عام,القطاع العام,خدمة إلكترونية,2026/04/21,"36,402,357"
الخدمات الرقمية,عام,القطاع العام,خدمة إلكترونية,2026/04/21,"36,401,457"
الخدمات الرقمية,عام,القطاع العام,خدمة إلكترونية,2026/04/21,"36,402,290"
الخدمات الرقمية,عام,القطاع العام,خدمة إلكترونية,2026/04/21,"36,404,280"
الخدمات الرقمية,عام,القطاع العام,خدمة إلكترونية,2026/04/21,"36,402,277"
الخدمات الرقمية,عام,القطاع العام,خدمة إلكترونية,2026/04/21,"36,404,739"
الخدمات الرقمية,عام,القطاع العام,خدمة إلكترونية,2026/04/21,"36,401,916"
الخدمات الرقمية,عام,القطاع العام,خدمة إلكترونية,2026/04/21,"36,391,967"
الخدمات الرقمية,عام,القطاع العام,خدمة إلكترونية,2026/04/21,"36,390,399"
الخدمات الرقمية,عام,القطاع العام,خدمة إلكترونية,2026/04/21,"36,390,250"
الخدمات الرقمية,عام,القطاع العام,خدمة إلكترونية,2026/04/21,"36,390,237"
الخدمات الرقمية,عام,القطاع العام,خدمة إلكترونية,2026/04/21,"36,391,900"
الخدمات الرقمية,عام,القطاع العام,خدمة إلكترونية,2026/04/21,"36,394,503"
الخدمات الرقمية,عام,القطاع العام,خدمة إلكترونية,2026/04/21,"36,391,963"
الخدمات الرقمية,عام,القطاع العام,خدمة إلكترونية,2026/04/21,"36,390,218"
الخدمات الرقمية,عام,القطاع العام,خدمة إلكترونية,2026/04/21,"36,390,398"
الخدمات الرقمية,عام,القطاع العام,خدمة إلكترونية,2026/04/21,"36,396,326"
الخدمات الرقمية,عام,القطاع العام,خدمة إلكترونية,2026/04/21,"36,390,313"
الخدمات الرقمية,عام,القطاع العام,خدمة إلكترونية,2026/04/21,"36,394,677"
الخدمات الرقمية,عام,القطاع العام,خدمة إلكترونية,2026/04/21,"36,390,238"
الخدمات الرقمية,عام,القطاع العام,خدمة إلكترونية,2026/04/21,"36,396,164"
الخدمات الرقمية,عام,القطاع العام,خدمة إلكترونية,2026/04/21,"36,390,297"
الخدمات الرقمية,عام,القطاع العام,خدمة إلكترونية,2026/04/21,"36,395,793"
الخدمات الرقمية,عام,القطاع العام,خدمة إلكترونية,2026/04/21,"36,390,251"
الخدمات الرقمية,عام,القطاع العام,خدمة إلكترونية,2026/04/21,"36,394,495"
الخدمات الرقمية,عام,القطاع العام,خدمة إلكترونية,2026/04/21,"36,395,778"
الخدمات الرقمية,عام,القطاع العام,خدمة إلكترونية,2026/04/21,"36,396,318"
الخدمات الرقمية,عام,القطاع العام,خدمة إلكترونية,2026/04/21,"36,396,329"
الخدمات الرقمية,عام,القطاع العام,خدمة إلكترونية,2026/04/21,"36,395,773"
الخدمات الرقمية,عام,القطاع العام,خدمة إلكترونية,2026/04/21,"36,394,496"
الخدمات الرقمية,عام,القطاع العام,خدمة إلكترونية,2026/04/21,"36,395,780"
الخدمات الرقمية,عام,القطاع العام,خدمة إلكترونية,2026/04/21,"36,390,217"
الخدمات الرقمية,عام,القطاع العام,خدمة إلكترونية,2026/04/21,"36,391,965"
الخدمات الرقمية,عام,القطاع العام,خدمة إلكترونية,2026/04/21,"36,390,324"
الخدمات الرقمية,عام,القطاع العام,خدمة إلكترونية,2026/04/21,"36,395,785"
الخدمات الرقمية,عام,القطاع العام,خدمة إلكترونية,2026/04/21,"36,390,307"
الخدمات الرقمية,عام,القطاع العام,خدمة إلكترونية,2026/04/21,"36,392,118"
الخدمات الرقمية,عام,القطاع العام,خدمة إلكترونية,2026/04/21,"36,394,508"
الخدمات الرقمية,عام,القطاع العام,خدمة إلكترونية,2026/04/21,"36,390,320"
الخدمات الرقمية,عام,القطاع العام,خدمة إلكترونية,2026/04/21,"36,394,865"
الخدمات الرقمية,عام,القطاع العام,خدمة إلكترونية,2026/04/21,"36,390,234"
الخدمات الرقمية,عام,القطاع العام,خدمة إلكترونية,2026/04/21,"36,396,549"
الخدمات الرقمية,عام,القطاع العام,خدمة إلكترونية,2026/04/21,"36,390,236"
الخدمات الرقمية,عام,القطاع العام,خدمة إلكترونية,2026/04/21,"36,391,072"
الخدمات الرقمية,عام,القطاع العام,خدمة إلكترونية,2026/04/21,"36,395,948"
الخدمات الرقمية,عام,القطاع العام,خدمة إلكترونية,2026/04/21,"36,395,777"
الخدمات الرقمية,عام,القطاع العام,خدمة إلكترونية,2026/04/21,"36,395,792"
الخدمات الرقمية,عام,القطاع العام,خدمة إلكترونية,2026/04/21,"36,392,160"
الخدمات الرقمية,عام,القطاع العام,خدمة إلكترونية,2026/04/21,"36,397,259"
الخدمات الرقمية,عام,القطاع العام,خدمة إلكترونية,2026/04/21,"36,392,987"
الخدمات الرقمية,عام,القطاع العام,خدمة إلكترونية,2026/04/21,"36,400,818"
الخدمات الرقمية,عام,القطاع العام,خدمة إلكترونية,2026/04/21,"36,399,761"
الخدمات الرقمية,عام,القطاع العام,خدمة إلكترونية,2026/04/21,"36,390,220"
الخدمات الرقمية,عام,القطاع العام,خدمة إلكترونية,2026/04/21,"36,390,298"
الخدمات الرقمية,عام,القطاع العام,خدمة إلكترونية,2026/04/21,"36,390,378"
الخدمات الرقمية,عام,القطاع العام,خدمة إلكترونية,2026/04/21,"36,394,498"
الخدمات الرقمية,عام,القطاع العام,خدمة إلكترونية,2026/04/21,"36,394,497"
الخدمات الرقمية,عام,القطاع العام,خدمة إلكترونية,2026/04/21,"36,390,814"
الخدمات الرقمية,عام,القطاع العام,خدمة إلكترونية,2026/04/21,"36,391,075"
الخدمات الرقمية,عام,القطاع العام,خدمة إلكترونية,2026/04/21,"36,390,397"
الخدمات الرقمية,عام,القطاع العام,خدمة إلكترونية,2026/04/21,"36,402,743"
 الشرقية,الخبر,القطاع الخاص,خدمة إلكترونية جزئيا,2026/04/22,"36,419,997"
 مكة المكرمه,الطائف,القطاع الخاص,خدمة إلكترونية جزئيا,2026/04/22,"36,427,575"
 مكة المكرمه,الطائف,القطاع الخاص,خدمة إلكترونية جزئيا,2026/04/22,"36,422,925"
 مكة المكرمه,الطائف,القطاع الخاص,خدمة إلكترونية جزئيا,2026/04/22,"36,420,643"
 جازان,جيزان,القطاع الخاص,خدمة إلكترونية جزئيا,2026/04/22,"36,417,910"
 الرياض,الرياض,القطاع الخاص,خدمة إلكترونية جزئيا,2026/04/22,"36,417,297"
الخدمات الرقمية,عام,القطاع العام,خدمة إلكترونية,2026/04/22,"36,418,796"
 الرياض,الرياض,القطاع الخاص,خدمة إلكترونية جزئيا,2026/04/22,"36,418,007"
 مكة المكرمه,الطائف,القطاع الخاص,خدمة إلكترونية جزئيا,2026/04/22,"36,420,059"
 مكة المكرمه,الطائف,القطاع الخاص,خدمة إلكترونية جزئيا,2026/04/22,"36,419,786"
 الرياض,الرياض,القطاع الخاص,خدمة إلكترونية جزئيا,2026/04/22,"36,419,658"
 الرياض,الرياض,القطاع الخاص,خدمة إلكترونية جزئيا,2026/04/22,"36,418,304"
 الرياض,الرياض,القطاع الخاص,خدمة إلكترونية جزئيا,2026/04/22,"36,417,346"
 مكة المكرمه,الطائف,القطاع الخاص,خدمة إلكترونية جزئيا,2026/04/22,"36,428,488"
 الرياض,الرياض,القطاع الخاص,خدمة إلكترونية جزئيا,2026/04/22,"36,429,281"
 جازان,جيزان,القطاع الخاص,خدمة إلكترونية جزئيا,2026/04/22,"36,430,087"
 الشرقية,الدمام,القطاع الخاص,خدمة إلكترونية جزئيا,2026/04/22,"36,427,778"
 جازان,جيزان,القطاع الخاص,خدمة إلكترونية جزئيا,2026/04/22,"36,430,175"
 جازان,جيزان,القطاع الخاص,خدمة إلكترونية جزئيا,2026/04/22,"36,429,926"
الخدمات الرقمية,عام,القطاع العام,خدمة إلكترونية,2026/04/22,"36,420,062"
الخدمات الرقمية,عام,القطاع العام,خدمة إلكترونية,2026/04/22,"36,426,739"
الخدمات الرقمية,عام,القطاع العام,خدمة إلكترونية,2026/04/22,"36,426,951"
الخدمات الرقمية,عام,القطاع العام,خدمة إلكترونية,2026/04/22,"36,416,806"
الخدمات الرقمية,عام,القطاع العام,خدمة إلكترونية,2026/04/22,"36,421,723"
الخدمات الرقمية,عام,القطاع العام,خدمة إلكترونية,2026/04/22,"36,426,591"
الخدمات الرقمية,عام,القطاع العام,خدمة إلكترونية,2026/04/22,"36,417,397"
الخدمات الرقمية,عام,القطاع العام,خدمة إلكترونية,2026/04/22,"36,416,927"
الخدمات الرقمية,عام,القطاع العام,خدمة إلكترونية,2026/04/22,"36,425,241"
الخدمات الرقمية,عام,القطاع العام,خدمة إلكترونية,2026/04/22,"36,425,905"
الخدمات الرقمية,عام,القطاع العام,خدمة إلكترونية,2026/04/22,"36,426,597"
الخدمات الرقمية,عام,القطاع العام,خدمة إلكترونية,2026/04/22,"36,424,559"
الخدمات الرقمية,عام,القطاع العام,خدمة إلكترونية,2026/04/22,"36,419,545"
الخدمات الرقمية,عام,القطاع العام,خدمة إلكترونية,2026/04/22,"36,425,212"
الخدمات الرقمية,عام,القطاع العام,خدمة إلكترونية,2026/04/22,"36,419,680"
الخدمات الرقمية,عام,القطاع العام,خدمة إلكترونية,2026/04/22,"36,420,549"
الخدمات الرقمية,عام,القطاع العام,خدمة إلكترونية,2026/04/22,"36,426,309"
الخدمات الرقمية,عام,القطاع العام,خدمة إلكترونية,2026/04/22,"36,425,303"
الخدمات الرقمية,عام,القطاع العام,خدمة إلكترونية,2026/04/22,"36,426,901"
الخدمات الرقمية,عام,القطاع العام,خدمة إلكترونية,2026/04/22,"36,425,782"
الخدمات الرقمية,عام,القطاع العام,خدمة إلكترونية,2026/04/22,"36,419,596"
الخدمات الرقمية,عام,القطاع العام,خدمة إلكترونية,2026/04/22,"36,419,389"
الخدمات الرقمية,عام,القطاع العام,خدمة إلكترونية,2026/04/22,"36,426,021"
الخدمات الرقمية,عام,القطاع العام,خدمة إلكترونية,2026/04/22,"36,427,366"
الخدمات الرقمية,عام,القطاع العام,خدمة إلكترونية,2026/04/22,"36,430,263"
الخدمات الرقمية,عام,القطاع العام,خدمة إلكترونية,2026/04/22,"36,430,244"
الخدمات الرقمية,عام,القطاع العام,خدمة إلكترونية,2026/04/22,"36,427,500"
الخدمات الرقمية,عام,القطاع العام,خدمة إلكترونية,2026/04/22,"36,428,396"
الخدمات الرقمية,عام,القطاع العام,خدمة إلكترونية,2026/04/22,"36,427,295"
الخدمات الرقمية,عام,القطاع العام,خدمة إلكترونية,2026/04/22,"36,432,601"
الخدمات الرقمية,عام,القطاع العام,خدمة إلكترونية,2026/04/22,"36,430,439"
الخدمات الرقمية,عام,القطاع العام,خدمة إلكترونية,2026/04/22,"36,427,426"
الخدمات الرقمية,عام,القطاع العام,خدمة إلكترونية,2026/04/22,"36,428,557"
الخدمات الرقمية,عام,القطاع العام,خدمة إلكترونية,2026/04/22,"36,432,715"
الخدمات الرقمية,عام,القطاع العام,خدمة إلكترونية,2026/04/22,"36,427,386"
الخدمات الرقمية,عام,القطاع العام,خدمة إلكترونية,2026/04/22,"36,433,095"
الخدمات الرقمية,عام,القطاع العام,خدمة إلكترونية,2026/04/22,"36,434,522"
الخدمات الرقمية,عام,القطاع العام,خدمة إلكترونية,2026/04/22,"36,431,601"
الخدمات الرقمية,عام,القطاع العام,خدمة إلكترونية,2026/04/22,"36,435,552"
الخدمات الرقمية,عام,القطاع العام,خدمة إلكترونية,2026/04/22,"36,427,389"
الخدمات الرقمية,عام,القطاع العام,خدمة إلكترونية,2026/04/22,"36,431,750"
الخدمات الرقمية,عام,القطاع العام,خدمة إلكترونية,2026/04/22,"36,428,395"
الخدمات الرقمية,عام,القطاع العام,خدمة إلكترونية,2026/04/22,"36,424,658"
الخدمات الرقمية,عام,القطاع العام,خدمة إلكترونية,2026/04/22,"36,429,714"
الخدمات الرقمية,عام,القطاع العام,خدمة إلكترونية,2026/04/22,"36,432,401"
الخدمات الرقمية,عام,القطاع العام,خدمة إلكترونية,2026/04/22,"36,429,524"
الخدمات الرقمية,عام,القطاع العام,خدمة إلكترونية,2026/04/22,"36,429,623"
الخدمات الرقمية,عام,القطاع العام,خدمة إلكترونية,2026/04/22,"36,430,925"
الخدمات الرقمية,عام,القطاع العام,خدمة إلكترونية,2026/04/22,"36,431,244"
الخدمات الرقمية,عام,القطاع العام,خدمة إلكترونية,2026/04/22,"36,431,473"
الخدمات الرقمية,عام,القطاع العام,خدمة إلكترونية,2026/04/22,"36,428,173"
الخدمات الرقمية,عام,القطاع العام,خدمة إلكترونية,2026/04/22,"36,432,076"
الخدمات الرقمية,عام,القطاع العام,خدمة إلكترونية,2026/04/22,"36,431,353"
الخدمات الرقمية,عام,القطاع العام,خدمة إلكترونية,2026/04/22,"36,430,284"
الخدمات الرقمية,عام,القطاع العام,خدمة إلكترونية,2026/04/22,"36,427,810"
الخدمات الرقمية,عام,القطاع العام,خدمة إلكترونية,2026/04/22,"36,429,955"
الخدمات الرقمية,عام,القطاع العام,خدمة إلكترونية,2026/04/22,"36,431,460"
الخدمات الرقمية,عام,القطاع العام,خدمة إلكترونية,2026/04/22,"36,430,836"
الخدمات الرقمية,عام,القطاع العام,خدمة إلكترونية,2026/04/22,"36,430,801"
الخدمات الرقمية,عام,القطاع العام,خدمة إلكترونية,2026/04/22,"36,432,216"
الخدمات الرقمية,عام,القطاع العام,خدمة إلكترونية,2026/04/22,"36,432,304"
الخدمات الرقمية,عام,القطاع العام,خدمة إلكترونية,2026/04/22,"36,429,375"
الخدمات الرقمية,عام,القطاع العام,خدمة إلكترونية,2026/04/22,"36,431,401"
الخدمات الرقمية,عام,القطاع العام,خدمة إلكترونية,2026/04/22,"36,431,202"
الخدمات الرقمية,عام,القطاع العام,خدمة إلكترونية,2026/04/22,"36,432,518"
الخدمات الرقمية,عام,القطاع العام,خدمة إلكترونية,2026/04/22,"36,431,722"
الخدمات الرقمية,عام,القطاع العام,خدمة إلكترونية,2026/04/22,"36,432,464"
الخدمات الرقمية,عام,القطاع العام,خدمة إلكترونية,2026/04/22,"36,431,012"
الخدمات الرقمية,عام,القطاع العام,خدمة إلكترونية,2026/04/22,"36,430,218"
الخدمات الرقمية,عام,القطاع العام,خدمة إلكترونية,2026/04/22,"36,432,353"
الخدمات الرقمية,عام,القطاع العام,خدمة إلكترونية,2026/04/22,"36,431,138"
الخدمات الرقمية,عام,القطاع العام,خدمة إلكترونية,2026/04/22,"36,432,030"
الخدمات الرقمية,عام,القطاع العام,خدمة إلكترونية,2026/04/22,"36,432,271"
الخدمات الرقمية,عام,القطاع العام,خدمة إلكترونية,2026/04/22,"36,431,524"
الخدمات الرقمية,عام,القطاع العام,خدمة إلكترونية,2026/04/22,"36,431,053"
الخدمات الرقمية,عام,القطاع العام,خدمة إلكترونية,2026/04/22,"36,432,155"
الخدمات الرقمية,عام,القطاع العام,خدمة إلكترونية,2026/04/22,"36,420,578"
الخدمات الرقمية,عام,القطاع العام,خدمة إلكترونية,2026/04/22,"36,420,106"
الخدمات الرقمية,عام,القطاع العام,خدمة إلكترونية,2026/04/22,"36,419,552"
الخدمات الرقمية,عام,القطاع العام,خدمة إلكترونية,2026/04/22,"36,420,371"
الخدمات الرقمية,عام,القطاع العام,خدمة إلكترونية,2026/04/22,"36,416,805"
الخدمات الرقمية,عام,القطاع العام,خدمة إلكترونية,2026/04/22,"36,420,487"
الخدمات الرقمية,عام,القطاع العام,خدمة إلكترونية,2026/04/22,"36,420,685"
الخدمات الرقمية,عام,القطاع العام,خدمة إلكترونية,2026/04/22,"36,419,903"
الخدمات الرقمية,عام,القطاع العام,خدمة إلكترونية,2026/04/22,"36,416,687"
الخدمات الرقمية,عام,القطاع العام,خدمة إلكترونية,2026/04/22,"36,422,001"
الخدمات الرقمية,عام,القطاع العام,خدمة إلكترونية,2026/04/22,"36,420,695"
الخدمات الرقمية,عام,القطاع العام,خدمة إلكترونية,2026/04/22,"36,416,561"
الخدمات الرقمية,عام,القطاع العام,خدمة إلكترونية,2026/04/22,"36,420,450"
الخدمات الرقمية,عام,القطاع العام,خدمة إلكترونية,2026/04/22,"36,419,672"
الخدمات الرقمية,عام,القطاع العام,خدمة إلكترونية,2026/04/22,"36,420,049"
الخدمات الرقمية,عام,القطاع العام,خدمة إلكترونية,2026/04/22,"36,419,696"
الخدمات الرقمية,عام,القطاع العام,خدمة إلكترونية,2026/04/22,"36,420,229"
الخدمات الرقمية,عام,القطاع العام,خدمة إلكترونية,2026/04/22,"36,420,636"
الخدمات الرقمية,عام,القطاع العام,خدمة إلكترونية,2026/04/22,"36,416,504"
الخدمات الرقمية,عام,القطاع العام,خدمة إلكترونية,2026/04/22,"36,416,761"
الخدمات الرقمية,عام,القطاع العام,خدمة إلكترونية,2026/04/22,"36,416,609"
الخدمات الرقمية,عام,القطاع العام,خدمة إلكترونية,2026/04/22,"36,428,683"
الخدمات الرقمية,عام,القطاع العام,خدمة إلكترونية,2026/04/22,"36,426,992"
الخدمات الرقمية,عام,القطاع العام,خدمة إلكترونية,2026/04/22,"36,428,599"
الخدمات الرقمية,عام,القطاع العام,خدمة إلكترونية,2026/04/22,"36,428,843"
الخدمات الرقمية,عام,القطاع العام,خدمة إلكترونية,2026/04/22,"36,429,418"
الخدمات الرقمية,عام,القطاع العام,خدمة إلكترونية,2026/04/22,"36,434,680"
الخدمات الرقمية,عام,القطاع العام,خدمة إلكترونية,2026/04/22,"36,428,726"
الخدمات الرقمية,عام,القطاع العام,خدمة إلكترونية,2026/04/22,"36,429,540"
الخدمات الرقمية,عام,القطاع العام,خدمة إلكترونية,2026/04/22,"36,434,614"
الخدمات الرقمية,عام,القطاع العام,خدمة إلكترونية,2026/04/22,"36,428,925"
الخدمات الرقمية,عام,القطاع العام,خدمة إلكترونية,2026/04/22,"36,429,376"
الخدمات الرقمية,عام,القطاع العام,خدمة إلكترونية,2026/04/22,"36,428,848"
الخدمات الرقمية,عام,القطاع العام,خدمة إلكترونية,2026/04/22,"36,428,924"
الخدمات الرقمية,عام,القطاع العام,خدمة إلكترونية,2026/04/22,"36,434,704"
الخدمات الرقمية,عام,القطاع العام,خدمة إلكترونية,2026/04/22,"36,425,540"
الخدمات الرقمية,عام,القطاع العام,خدمة إلكترونية,2026/04/22,"36,420,798"
الخدمات الرقمية,عام,القطاع العام,خدمة إلكترونية,2026/04/22,"36,421,819"
الخدمات الرقمية,عام,القطاع العام,خدمة إلكترونية,2026/04/22,"36,419,763"
الخدمات الرقمية,عام,القطاع العام,خدمة إلكترونية,2026/04/22,"36,423,114"
الخدمات الرقمية,عام,القطاع العام,خدمة إلكترونية,2026/04/22,"36,425,258"
الخدمات الرقمية,عام,القطاع العام,خدمة إلكترونية,2026/04/22,"36,418,077"
الخدمات الرقمية,عام,القطاع العام,خدمة إلكترونية,2026/04/22,"36,425,535"
الخدمات الرقمية,عام,القطاع العام,خدمة إلكترونية,2026/04/22,"36,421,276"
الخدمات الرقمية,عام,القطاع العام,خدمة إلكترونية,2026/04/22,"36,420,094"
الخدمات الرقمية,عام,القطاع العام,خدمة إلكترونية,2026/04/22,"36,425,757"
الخدمات الرقمية,عام,القطاع العام,خدمة إلكترونية,2026/04/22,"36,417,636"
الخدمات الرقمية,عام,القطاع العام,خدمة إلكترونية,2026/04/22,"36,423,589"
الخدمات الرقمية,عام,القطاع العام,خدمة إلكترونية,2026/04/22,"36,419,888"
الخدمات الرقمية,عام,القطاع العام,خدمة إلكترونية,2026/04/22,"36,429,274"
الخدمات الرقمية,عام,القطاع العام,خدمة إلكترونية,2026/04/22,"36,429,082"
الخدمات الرقمية,عام,القطاع العام,خدمة إلكترونية,2026/04/22,"36,428,412"
الخدمات الرقمية,عام,القطاع العام,خدمة إلكترونية,2026/04/22,"36,428,260"
الخدمات الرقمية,عام,القطاع العام,خدمة إلكترونية,2026/04/22,"36,428,206"
الخدمات الرقمية,عام,القطاع العام,خدمة إلكترونية,2026/04/22,"36,428,570"
الخدمات الرقمية,عام,القطاع العام,خدمة إلكترونية,2026/04/22,"36,428,433"
الخدمات الرقمية,عام,القطاع العام,خدمة إلكترونية,2026/04/22,"36,429,951"
الخدمات الرقمية,عام,القطاع العام,خدمة إلكترونية,2026/04/22,"36,428,435"
الخدمات الرقمية,عام,القطاع العام,خدمة إلكترونية,2026/04/22,"36,428,419"
الخدمات الرقمية,عام,القطاع العام,خدمة إلكترونية,2026/04/22,"36,435,101"
الخدمات الرقمية,عام,القطاع العام,خدمة إلكترونية,2026/04/22,"36,428,430"
الخدمات الرقمية,عام,القطاع العام,خدمة إلكترونية,2026/04/22,"36,435,102"
الخدمات الرقمية,عام,القطاع العام,خدمة إلكترونية,2026/04/22,"36,428,265"
الخدمات الرقمية,عام,القطاع العام,خدمة إلكترونية,2026/04/22,"36,428,580"
الخدمات الرقمية,عام,القطاع العام,خدمة إلكترونية,2026/04/22,"36,429,276"
الخدمات الرقمية,عام,القطاع العام,خدمة إلكترونية,2026/04/22,"36,435,203"
الخدمات الرقمية,عام,القطاع العام,خدمة إلكترونية,2026/04/22,"36,428,262"
الخدمات الرقمية,عام,القطاع العام,خدمة إلكترونية,2026/04/22,"36,435,078"
الخدمات الرقمية,عام,القطاع العام,خدمة إلكترونية,2026/04/22,"36,435,121"
الخدمات الرقمية,عام,القطاع العام,خدمة إلكترونية,2026/04/22,"36,428,559"
الخدمات الرقمية,عام,القطاع العام,خدمة إلكترونية,2026/04/22,"36,435,196"
الخدمات الرقمية,عام,القطاع العام,خدمة إلكترونية,2026/04/22,"36,428,578"
الخدمات الرقمية,عام,القطاع العام,خدمة إلكترونية,2026/04/22,"36,429,271"
الخدمات الرقمية,عام,القطاع العام,خدمة إلكترونية,2026/04/22,"36,428,239"
الخدمات الرقمية,عام,القطاع العام,خدمة إلكترونية,2026/04/22,"36,428,582"
الخدمات الرقمية,عام,القطاع العام,خدمة إلكترونية,2026/04/22,"36,429,272"
الخدمات الرقمية,عام,القطاع العام,خدمة إلكترونية,2026/04/22,"36,435,200"
الخدمات الرقمية,عام,القطاع العام,خدمة إلكترونية,2026/04/22,"36,428,099"
الخدمات الرقمية,عام,القطاع العام,خدمة إلكترونية,2026/04/22,"36,428,418"
الخدمات الرقمية,عام,القطاع العام,خدمة إلكترونية,2026/04/22,"36,435,201"
الخدمات الرقمية,عام,القطاع العام,خدمة إلكترونية,2026/04/22,"36,435,204"
الخدمات الرقمية,عام,القطاع العام,خدمة إلكترونية,2026/04/22,"36,429,062"
الخدمات الرقمية,عام,القطاع العام,خدمة إلكترونية,2026/04/22,"36,435,179"
الخدمات الرقمية,عام,القطاع العام,خدمة إلكترونية,2026/04/22,"36,435,103"
الخدمات الرقمية,عام,القطاع العام,خدمة إلكترونية,2026/04/22,"36,428,575"
الخدمات الرقمية,عام,القطاع العام,خدمة إلكترونية,2026/04/22,"36,435,220"
 عسير,ابها,القطاع الخاص,خدمة إلكترونية جزئيا,2026/04/23,"36,448,091"
 الشرقية,الخبر,القطاع الخاص,خدمة إلكترونية جزئيا,2026/04/23,"36,452,754"
 تبوك,تبوك,القطاع الخاص,خدمة إلكترونية جزئيا,2026/04/23,"36,445,979"
 تبوك,تبوك,القطاع الخاص,خدمة إلكترونية جزئيا,2026/04/23,"36,446,955"
 الشرقية,الدمام,القطاع الخاص,خدمة إلكترونية جزئيا,2026/04/23,"36,447,900"
 الشرقية,الخبر,القطاع الخاص,خدمة إلكترونية جزئيا,2026/04/23,"36,453,828"
 الشرقية,الخبر,القطاع الخاص,خدمة إلكترونية جزئيا,2026/04/23,"36,454,399"
 الشرقية,الخبر,القطاع الخاص,خدمة إلكترونية جزئيا,2026/04/23,"36,453,948"
 الشرقية,الخبر,القطاع الخاص,خدمة إلكترونية جزئيا,2026/04/23,"36,454,553"
 تبوك,تبوك,القطاع الخاص,خدمة إلكترونية جزئيا,2026/04/23,"36,448,056"
 حائل,حائل,القطاع الخاص,خدمة إلكترونية جزئيا,2026/04/23,"36,446,700"
 الرياض,الرياض,القطاع الخاص,خدمة إلكترونية جزئيا,2026/04/23,"36,452,843"
 الرياض,الرياض,القطاع الخاص,خدمة إلكترونية جزئيا,2026/04/23,"36,447,307"
 الرياض,الرياض,القطاع الخاص,خدمة إلكترونية جزئيا,2026/04/23,"36,447,728"
 الرياض,الرياض,القطاع الخاص,خدمة إلكترونية جزئيا,2026/04/23,"36,447,134"
 الرياض,الرياض,القطاع الخاص,خدمة إلكترونية جزئيا,2026/04/23,"36,452,477"
 الرياض,الرياض,القطاع الخاص,خدمة إلكترونية جزئيا,2026/04/23,"36,452,078"
 الرياض,الرياض,القطاع الخاص,خدمة إلكترونية جزئيا,2026/04/23,"36,452,268"
 الرياض,الرياض,القطاع الخاص,خدمة إلكترونية جزئيا,2026/04/23,"36,448,974"
الخدمات الرقمية,عام,القطاع العام,خدمة إلكترونية,2026/04/23,"36,451,488"
الخدمات الرقمية,عام,القطاع العام,خدمة إلكترونية,2026/04/23,"36,451,524"
الخدمات الرقمية,عام,القطاع العام,خدمة إلكترونية,2026/04/23,"36,449,545"
الخدمات الرقمية,عام,القطاع العام,خدمة إلكترونية,2026/04/23,"36,451,499"
 الرياض,الرياض,القطاع الخاص,خدمة إلكترونية جزئيا,2026/04/23,"36,449,114"
 الشرقية,الدمام,القطاع الخاص,خدمة إلكترونية جزئيا,2026/04/23,"36,447,974"
 الرياض,الرياض,القطاع الخاص,خدمة إلكترونية جزئيا,2026/04/23,"36,452,341"
 الشرقية,الخبر,القطاع الخاص,خدمة إلكترونية جزئيا,2026/04/23,"36,454,632"
 عسير,ابها,القطاع الخاص,خدمة إلكترونية جزئيا,2026/04/23,"36,448,371"
 الرياض,الرياض,القطاع الخاص,خدمة إلكترونية جزئيا,2026/04/23,"36,452,616"
 الرياض,الرياض,القطاع الخاص,خدمة إلكترونية جزئيا,2026/04/23,"36,451,909"
 الشرقية,الدمام,القطاع الخاص,خدمة إلكترونية جزئيا,2026/04/23,"36,452,474"
 مكة المكرمه,جده,القطاع الخاص,خدمة إلكترونية جزئيا,2026/04/23,"36,447,831"
 مكة المكرمه,جده,القطاع الخاص,خدمة إلكترونية جزئيا,2026/04/23,"36,448,000"
 مكة المكرمه,جده,القطاع الخاص,خدمة إلكترونية جزئيا,2026/04/23,"36,448,611"
 مكة المكرمه,جده,القطاع الخاص,خدمة إلكترونية جزئيا,2026/04/23,"36,448,912"
 مكة المكرمه,جده,القطاع الخاص,خدمة إلكترونية جزئيا,2026/04/23,"36,448,108"
 الرياض,الرياض,القطاع الخاص,خدمة إلكترونية جزئيا,2026/04/23,"36,447,206"
 الرياض,الرياض,القطاع الخاص,خدمة إلكترونية جزئيا,2026/04/23,"36,448,749"
 المدينة المنوره,المدينة المنورة,القطاع الخاص,خدمة إلكترونية جزئيا,2026/04/23,"36,450,190"
 تبوك,تبوك,القطاع الخاص,خدمة إلكترونية جزئيا,2026/04/23,"36,460,731"
 الشرقية,الدمام,القطاع الخاص,خدمة إلكترونية جزئيا,2026/04/23,"36,452,328"
 مكة المكرمه,جده,القطاع الخاص,خدمة إلكترونية جزئيا,2026/04/23,"36,457,984"
الخدمات الرقمية,عام,القطاع العام,خدمة إلكترونية,2026/04/23,"36,448,746"
الخدمات الرقمية,عام,القطاع العام,خدمة إلكترونية,2026/04/23,"36,448,454"
الخدمات الرقمية,عام,القطاع العام,خدمة إلكترونية,2026/04/23,"36,444,044"
الخدمات الرقمية,عام,القطاع العام,خدمة إلكترونية,2026/04/23,"36,449,120"
الخدمات الرقمية,عام,القطاع العام,خدمة إلكترونية,2026/04/23,"36,448,161"
الخدمات الرقمية,عام,القطاع العام,خدمة إلكترونية,2026/04/23,"36,450,393"
الخدمات الرقمية,عام,القطاع العام,خدمة إلكترونية,2026/04/23,"36,451,557"
الخدمات الرقمية,عام,القطاع العام,خدمة إلكترونية,2026/04/23,"36,452,523"
الخدمات الرقمية,عام,القطاع العام,خدمة إلكترونية,2026/04/23,"36,451,954"
الخدمات الرقمية,عام,القطاع العام,خدمة إلكترونية,2026/04/23,"36,451,256"
الخدمات الرقمية,عام,القطاع العام,خدمة إلكترونية,2026/04/23,"36,447,106"
الخدمات الرقمية,عام,القطاع العام,خدمة إلكترونية,2026/04/23,"36,451,074"
الخدمات الرقمية,عام,القطاع العام,خدمة إلكترونية,2026/04/23,"36,452,760"
الخدمات الرقمية,عام,القطاع العام,خدمة إلكترونية,2026/04/23,"36,448,671"
الخدمات الرقمية,عام,القطاع العام,خدمة إلكترونية,2026/04/23,"36,451,886"
الخدمات الرقمية,عام,القطاع العام,خدمة إلكترونية,2026/04/23,"36,446,332"
الخدمات الرقمية,عام,القطاع العام,خدمة إلكترونية,2026/04/23,"36,451,136"
الخدمات الرقمية,عام,القطاع العام,خدمة إلكترونية,2026/04/23,"36,451,313"
الخدمات الرقمية,عام,القطاع العام,خدمة إلكترونية,2026/04/23,"36,451,358"
الخدمات الرقمية,عام,القطاع العام,خدمة إلكترونية,2026/04/23,"36,452,066"
الخدمات الرقمية,عام,القطاع العام,خدمة إلكترونية,2026/04/23,"36,448,987"
الخدمات الرقمية,عام,القطاع العام,خدمة إلكترونية,2026/04/23,"36,458,355"
الخدمات الرقمية,عام,القطاع العام,خدمة إلكترونية,2026/04/23,"36,450,769"
الخدمات الرقمية,عام,القطاع العام,خدمة إلكترونية,2026/04/23,"36,451,424"
الخدمات الرقمية,عام,القطاع العام,خدمة إلكترونية,2026/04/23,"36,456,275"
الخدمات الرقمية,عام,القطاع العام,خدمة إلكترونية,2026/04/23,"36,450,966"
الخدمات الرقمية,عام,القطاع العام,خدمة إلكترونية,2026/04/23,"36,452,236"
الخدمات الرقمية,عام,القطاع العام,خدمة إلكترونية,2026/04/23,"36,454,215"
الخدمات الرقمية,عام,القطاع العام,خدمة إلكترونية,2026/04/23,"36,453,701"
الخدمات الرقمية,عام,القطاع العام,خدمة إلكترونية,2026/04/23,"36,452,025"
الخدمات الرقمية,عام,القطاع العام,خدمة إلكترونية,2026/04/23,"36,452,934"
الخدمات الرقمية,عام,القطاع العام,خدمة إلكترونية,2026/04/23,"36,453,844"
الخدمات الرقمية,عام,القطاع العام,خدمة إلكترونية,2026/04/23,"36,455,078"
الخدمات الرقمية,عام,القطاع العام,خدمة إلكترونية,2026/04/23,"36,452,699"
الخدمات الرقمية,عام,القطاع العام,خدمة إلكترونية,2026/04/23,"36,457,842"
الخدمات الرقمية,عام,القطاع العام,خدمة إلكترونية,2026/04/23,"36,453,925"
الخدمات الرقمية,عام,القطاع العام,خدمة إلكترونية,2026/04/23,"36,453,577"
الخدمات الرقمية,عام,القطاع العام,خدمة إلكترونية,2026/04/23,"36,454,038"
الخدمات الرقمية,عام,القطاع العام,خدمة إلكترونية,2026/04/23,"36,454,280"
الخدمات الرقمية,عام,القطاع العام,خدمة إلكترونية,2026/04/23,"36,457,881"
الخدمات الرقمية,عام,القطاع العام,خدمة إلكترونية,2026/04/23,"36,451,761"
الخدمات الرقمية,عام,القطاع العام,خدمة إلكترونية,2026/04/23,"36,457,661"
الخدمات الرقمية,عام,القطاع العام,خدمة إلكترونية,2026/04/23,"36,458,301"
الخدمات الرقمية,عام,القطاع العام,خدمة إلكترونية,2026/04/23,"36,453,915"
الخدمات الرقمية,عام,القطاع العام,خدمة إلكترونية,2026/04/23,"36,453,104"
الخدمات الرقمية,عام,القطاع العام,خدمة إلكترونية,2026/04/23,"36,457,216"
الخدمات الرقمية,عام,القطاع العام,خدمة إلكترونية,2026/04/23,"36,459,953"
الخدمات الرقمية,عام,القطاع العام,خدمة إلكترونية,2026/04/23,"36,455,068"
الخدمات الرقمية,عام,القطاع العام,خدمة إلكترونية,2026/04/23,"36,458,049"
الخدمات الرقمية,عام,القطاع العام,خدمة إلكترونية,2026/04/23,"36,453,889"
الخدمات الرقمية,عام,القطاع العام,خدمة إلكترونية,2026/04/23,"36,453,570"
الخدمات الرقمية,عام,القطاع العام,خدمة إلكترونية,2026/04/23,"36,448,963"
الخدمات الرقمية,عام,القطاع العام,خدمة إلكترونية,2026/04/23,"36,445,450"
الخدمات الرقمية,عام,القطاع العام,خدمة إلكترونية,2026/04/23,"36,453,814"
الخدمات الرقمية,عام,القطاع العام,خدمة إلكترونية,2026/04/23,"36,453,503"
الخدمات الرقمية,عام,القطاع العام,خدمة إلكترونية,2026/04/23,"36,458,112"
الخدمات الرقمية,عام,القطاع العام,خدمة إلكترونية,2026/04/23,"36,443,713"
الخدمات الرقمية,عام,القطاع العام,خدمة إلكترونية,2026/04/23,"36,458,538"
الخدمات الرقمية,عام,القطاع العام,خدمة إلكترونية,2026/04/23,"36,447,246"
الخدمات الرقمية,عام,القطاع العام,خدمة إلكترونية,2026/04/23,"36,448,546"
الخدمات الرقمية,عام,القطاع العام,خدمة إلكترونية,2026/04/23,"36,457,933"
الخدمات الرقمية,عام,القطاع العام,خدمة إلكترونية,2026/04/23,"36,453,874"
الخدمات الرقمية,عام,القطاع العام,خدمة إلكترونية,2026/04/23,"36,453,293"
الخدمات الرقمية,عام,القطاع العام,خدمة إلكترونية,2026/04/23,"36,448,668"
الخدمات الرقمية,عام,القطاع العام,خدمة إلكترونية,2026/04/23,"36,460,699"
الخدمات الرقمية,عام,القطاع العام,خدمة إلكترونية,2026/04/23,"36,453,233"
الخدمات الرقمية,عام,القطاع العام,خدمة إلكترونية,2026/04/23,"36,449,231"
الخدمات الرقمية,عام,القطاع العام,خدمة إلكترونية,2026/04/23,"36,452,376"
الخدمات الرقمية,عام,القطاع العام,خدمة إلكترونية,2026/04/23,"36,446,012"
الخدمات الرقمية,عام,القطاع العام,خدمة إلكترونية,2026/04/23,"36,459,206"
الخدمات الرقمية,عام,القطاع العام,خدمة إلكترونية,2026/04/23,"36,453,612"
الخدمات الرقمية,عام,القطاع العام,خدمة إلكترونية,2026/04/23,"36,457,573"
الخدمات الرقمية,عام,القطاع العام,خدمة إلكترونية,2026/04/23,"36,457,632"
الخدمات الرقمية,عام,القطاع العام,خدمة إلكترونية,2026/04/23,"36,451,808"
الخدمات الرقمية,عام,القطاع العام,خدمة إلكترونية,2026/04/23,"36,444,884"
الخدمات الرقمية,عام,القطاع العام,خدمة إلكترونية,2026/04/23,"36,443,995"
الخدمات الرقمية,عام,القطاع العام,خدمة إلكترونية,2026/04/23,"36,447,874"
الخدمات الرقمية,عام,القطاع العام,خدمة إلكترونية,2026/04/23,"36,444,226"
الخدمات الرقمية,عام,القطاع العام,خدمة إلكترونية,2026/04/23,"36,444,237"
الخدمات الرقمية,عام,القطاع العام,خدمة إلكترونية,2026/04/23,"36,444,117"
الخدمات الرقمية,عام,القطاع العام,خدمة إلكترونية,2026/04/23,"36,444,008"
الخدمات الرقمية,عام,القطاع العام,خدمة إلكترونية,2026/04/23,"36,444,331"
الخدمات الرقمية,عام,القطاع العام,خدمة إلكترونية,2026/04/23,"36,445,229"
الخدمات الرقمية,عام,القطاع العام,خدمة إلكترونية,2026/04/23,"36,457,789"
الخدمات الرقمية,عام,القطاع العام,خدمة إلكترونية,2026/04/23,"36,444,289"
الخدمات الرقمية,عام,القطاع العام,خدمة إلكترونية,2026/04/23,"36,444,242"
الخدمات الرقمية,عام,القطاع العام,خدمة إلكترونية,2026/04/23,"36,444,202"
الخدمات الرقمية,عام,القطاع العام,خدمة إلكترونية,2026/04/23,"36,444,319"
الخدمات الرقمية,عام,القطاع العام,خدمة إلكترونية,2026/04/23,"36,444,159"
الخدمات الرقمية,عام,القطاع العام,خدمة إلكترونية,2026/04/23,"36,447,779"
الخدمات الرقمية,عام,القطاع العام,خدمة إلكترونية,2026/04/23,"36,446,182"
الخدمات الرقمية,عام,القطاع العام,خدمة إلكترونية,2026/04/23,"36,447,948"
الخدمات الرقمية,عام,القطاع العام,خدمة إلكترونية,2026/04/23,"36,446,158"
الخدمات الرقمية,عام,القطاع العام,خدمة إلكترونية,2026/04/23,"36,447,792"
الخدمات الرقمية,عام,القطاع العام,خدمة إلكترونية,2026/04/23,"36,447,967"
الخدمات الرقمية,عام,القطاع العام,خدمة إلكترونية,2026/04/23,"36,448,659"
الخدمات الرقمية,عام,القطاع العام,خدمة إلكترونية,2026/04/23,"36,448,695"
الخدمات الرقمية,عام,القطاع العام,خدمة إلكترونية,2026/04/23,"36,448,433"
الخدمات الرقمية,عام,القطاع العام,خدمة إلكترونية,2026/04/23,"36,451,060"
الخدمات الرقمية,عام,القطاع العام,خدمة إلكترونية,2026/04/23,"36,446,049"
الخدمات الرقمية,عام,القطاع العام,خدمة إلكترونية,2026/04/23,"36,446,245"
الخدمات الرقمية,عام,القطاع العام,خدمة إلكترونية,2026/04/23,"36,446,269"
الخدمات الرقمية,عام,القطاع العام,خدمة إلكترونية,2026/04/23,"36,448,032"
الخدمات الرقمية,عام,القطاع العام,خدمة إلكترونية,2026/04/23,"36,451,203"
الخدمات الرقمية,عام,القطاع العام,خدمة إلكترونية,2026/04/23,"36,452,033"
الخدمات الرقمية,عام,القطاع العام,خدمة إلكترونية,2026/04/23,"36,447,761"
الخدمات الرقمية,عام,القطاع العام,خدمة إلكترونية,2026/04/23,"36,447,975"
الخدمات الرقمية,عام,القطاع العام,خدمة إلكترونية,2026/04/23,"36,449,888"
الخدمات الرقمية,عام,القطاع العام,خدمة إلكترونية,2026/04/23,"36,450,534"
الخدمات الرقمية,عام,القطاع العام,خدمة إلكترونية,2026/04/23,"36,450,865"
الخدمات الرقمية,عام,القطاع العام,خدمة إلكترونية,2026/04/23,"36,447,946"
الخدمات الرقمية,عام,القطاع العام,خدمة إلكترونية,2026/04/23,"36,448,552"
الخدمات الرقمية,عام,القطاع العام,خدمة إلكترونية,2026/04/23,"36,449,338"
الخدمات الرقمية,عام,القطاع العام,خدمة إلكترونية,2026/04/23,"36,449,369"
الخدمات الرقمية,عام,القطاع العام,خدمة إلكترونية,2026/04/23,"36,448,819"
الخدمات الرقمية,عام,القطاع العام,خدمة إلكترونية,2026/04/23,"36,451,073"
الخدمات الرقمية,عام,القطاع العام,خدمة إلكترونية,2026/04/23,"36,451,202"
الخدمات الرقمية,عام,القطاع العام,خدمة إلكترونية,2026/04/23,"36,452,276"
الخدمات الرقمية,عام,القطاع العام,خدمة إلكترونية,2026/04/23,"36,452,490"
الخدمات الرقمية,عام,القطاع العام,خدمة إلكترونية,2026/04/23,"36,453,826"
الخدمات الرقمية,عام,القطاع العام,خدمة إلكترونية,2026/04/23,"36,453,849"
الخدمات الرقمية,عام,القطاع العام,خدمة إلكترونية,2026/04/23,"36,446,075"
الخدمات الرقمية,عام,القطاع العام,خدمة إلكترونية,2026/04/23,"36,446,155"
الخدمات الرقمية,عام,القطاع العام,خدمة إلكترونية,2026/04/23,"36,447,953"
الخدمات الرقمية,عام,القطاع العام,خدمة إلكترونية,2026/04/23,"36,448,218"
الخدمات الرقمية,عام,القطاع العام,خدمة إلكترونية,2026/04/23,"36,445,949"
الخدمات الرقمية,عام,القطاع العام,خدمة إلكترونية,2026/04/23,"36,449,549"
الخدمات الرقمية,عام,القطاع العام,خدمة إلكترونية,2026/04/23,"36,451,207"
الخدمات الرقمية,عام,القطاع العام,خدمة إلكترونية,2026/04/23,"36,451,876"
الخدمات الرقمية,عام,القطاع العام,خدمة إلكترونية,2026/04/23,"36,448,559"
الخدمات الرقمية,عام,القطاع العام,خدمة إلكترونية,2026/04/23,"36,450,676"
الخدمات الرقمية,عام,القطاع العام,خدمة إلكترونية,2026/04/23,"36,450,698"
الخدمات الرقمية,عام,القطاع العام,خدمة إلكترونية,2026/04/23,"36,447,973"
الخدمات الرقمية,عام,القطاع العام,خدمة إلكترونية,2026/04/23,"36,449,540"
الخدمات الرقمية,عام,القطاع العام,خدمة إلكترونية,2026/04/23,"36,452,662"
الخدمات الرقمية,عام,القطاع العام,خدمة إلكترونية,2026/04/23,"36,448,030"
الخدمات الرقمية,عام,القطاع العام,خدمة إلكترونية,2026/04/23,"36,449,363"
الخدمات الرقمية,عام,القطاع العام,خدمة إلكترونية,2026/04/23,"36,447,795"
الخدمات الرقمية,عام,القطاع العام,خدمة إلكترونية,2026/04/23,"36,449,205"
الخدمات الرقمية,عام,القطاع العام,خدمة إلكترونية,2026/04/23,"36,449,869"
الخدمات الرقمية,عام,القطاع العام,خدمة إلكترونية,2026/04/23,"36,451,058"
الخدمات الرقمية,عام,القطاع العام,خدمة إلكترونية,2026/04/23,"36,451,511"
الخدمات الرقمية,عام,القطاع العام,خدمة إلكترونية,2026/04/23,"36,452,665"
الخدمات الرقمية,عام,القطاع العام,خدمة إلكترونية,2026/04/23,"36,453,867"
الخدمات الرقمية,عام,القطاع العام,خدمة إلكترونية,2026/04/23,"36,449,189"
الخدمات الرقمية,عام,القطاع العام,خدمة إلكترونية,2026/04/23,"36,450,669"
الخدمات الرقمية,عام,القطاع العام,خدمة إلكترونية,2026/04/23,"36,451,354"
الخدمات الرقمية,عام,القطاع العام,خدمة إلكترونية,2026/04/23,"36,449,705"
الخدمات الرقمية,عام,القطاع العام,خدمة إلكترونية,2026/04/23,"36,451,177"
الخدمات الرقمية,عام,القطاع العام,خدمة إلكترونية,2026/04/23,"36,446,048"
الخدمات الرقمية,عام,القطاع العام,خدمة إلكترونية,2026/04/23,"36,446,073"
الخدمات الرقمية,عام,القطاع العام,خدمة إلكترونية,2026/04/23,"36,446,154"
الخدمات الرقمية,عام,القطاع العام,خدمة إلكترونية,2026/04/23,"36,448,978"
الخدمات الرقمية,عام,القطاع العام,خدمة إلكترونية,2026/04/23,"36,449,365"
الخدمات الرقمية,عام,القطاع العام,خدمة إلكترونية,2026/04/23,"36,449,709"
الخدمات الرقمية,عام,القطاع العام,خدمة إلكترونية,2026/04/23,"36,450,697"
الخدمات الرقمية,عام,القطاع العام,خدمة إلكترونية,2026/04/23,"36,450,872"
الخدمات الرقمية,عام,القطاع العام,خدمة إلكترونية,2026/04/23,"36,453,521"
الخدمات الرقمية,عام,القطاع العام,خدمة إلكترونية,2026/04/23,"36,448,555"
الخدمات الرقمية,عام,القطاع العام,خدمة إلكترونية,2026/04/23,"36,446,046"
الخدمات الرقمية,عام,القطاع العام,خدمة إلكترونية,2026/04/23,"36,446,160"
الخدمات الرقمية,عام,القطاع العام,خدمة إلكترونية,2026/04/23,"36,448,421"
الخدمات الرقمية,عام,القطاع العام,خدمة إلكترونية,2026/04/23,"36,448,029"
الخدمات الرقمية,عام,القطاع العام,خدمة إلكترونية,2026/04/23,"36,448,689"
الخدمات الرقمية,عام,القطاع العام,خدمة إلكترونية,2026/04/23,"36,449,225"
الخدمات الرقمية,عام,القطاع العام,خدمة إلكترونية,2026/04/23,"36,450,517"
الخدمات الرقمية,عام,القطاع العام,خدمة إلكترونية,2026/04/23,"36,451,363"
الخدمات الرقمية,عام,القطاع العام,خدمة إلكترونية,2026/04/23,"36,451,514"
الخدمات الرقمية,عام,القطاع العام,خدمة إلكترونية,2026/04/23,"36,449,547"
الخدمات الرقمية,عام,القطاع العام,خدمة إلكترونية,2026/04/23,"36,452,799"
الخدمات الرقمية,عام,القطاع العام,خدمة إلكترونية,2026/04/23,"36,449,710"
الخدمات الرقمية,عام,القطاع العام,خدمة إلكترونية,2026/04/23,"36,449,885"
الخدمات الرقمية,عام,القطاع العام,خدمة إلكترونية,2026/04/23,"36,450,514"
الخدمات الرقمية,عام,القطاع العام,خدمة إلكترونية,2026/04/23,"36,450,685"
الخدمات الرقمية,عام,القطاع العام,خدمة إلكترونية,2026/04/23,"36,451,865"
الخدمات الرقمية,عام,القطاع العام,خدمة إلكترونية,2026/04/23,"36,446,273"
الخدمات الرقمية,عام,القطاع العام,خدمة إلكترونية,2026/04/23,"36,448,426"
الخدمات الرقمية,عام,القطاع العام,خدمة إلكترونية,2026/04/23,"36,452,448"
الخدمات الرقمية,عام,القطاع العام,خدمة إلكترونية,2026/04/23,"36,446,768"
الخدمات الرقمية,عام,القطاع العام,خدمة إلكترونية,2026/04/23,"36,453,671"
الخدمات الرقمية,عام,القطاع العام,خدمة إلكترونية,2026/04/23,"36,446,057"
الخدمات الرقمية,عام,القطاع العام,خدمة إلكترونية,2026/04/23,"36,450,693"
الخدمات الرقمية,عام,القطاع العام,خدمة إلكترونية,2026/04/23,"36,447,834"
الخدمات الرقمية,عام,القطاع العام,خدمة إلكترونية,2026/04/23,"36,449,873"
الخدمات الرقمية,عام,القطاع العام,خدمة إلكترونية,2026/04/23,"36,448,680"
الخدمات الرقمية,عام,القطاع العام,خدمة إلكترونية,2026/04/23,"36,449,359"
الخدمات الرقمية,عام,القطاع العام,خدمة إلكترونية,2026/04/23,"36,450,533"
الخدمات الرقمية,عام,القطاع العام,خدمة إلكترونية,2026/04/23,"36,453,846"
الخدمات الرقمية,عام,القطاع العام,خدمة إلكترونية,2026/04/23,"36,449,364"
الخدمات الرقمية,عام,القطاع العام,خدمة إلكترونية,2026/04/23,"36,446,050"
الخدمات الرقمية,عام,القطاع العام,خدمة إلكترونية,2026/04/23,"36,448,243"
الخدمات الرقمية,عام,القطاع العام,خدمة إلكترونية,2026/04/23,"36,448,399"
الخدمات الرقمية,عام,القطاع العام,خدمة إلكترونية,2026/04/23,"36,449,216"
الخدمات الرقمية,عام,القطاع العام,خدمة إلكترونية,2026/04/23,"36,450,877"
الخدمات الرقمية,عام,القطاع العام,خدمة إلكترونية,2026/04/23,"36,451,173"
الخدمات الرقمية,عام,القطاع العام,خدمة إلكترونية,2026/04/23,"36,452,060"
الخدمات الرقمية,عام,القطاع العام,خدمة إلكترونية,2026/04/23,"36,448,069"
الخدمات الرقمية,عام,القطاع العام,خدمة إلكترونية,2026/04/23,"36,451,890"
الخدمات الرقمية,عام,القطاع العام,خدمة إلكترونية,2026/04/23,"36,451,336"
الخدمات الرقمية,عام,القطاع العام,خدمة إلكترونية,2026/04/23,"36,451,506"
الخدمات الرقمية,عام,القطاع العام,خدمة إلكترونية,2026/04/23,"36,452,034"
الخدمات الرقمية,عام,القطاع العام,خدمة إلكترونية,2026/04/23,"36,452,657"
الخدمات الرقمية,عام,القطاع العام,خدمة إلكترونية,2026/04/23,"36,453,856"
الخدمات الرقمية,عام,القطاع العام,خدمة إلكترونية,2026/04/23,"36,447,832"
الخدمات الرقمية,عام,القطاع العام,خدمة إلكترونية,2026/04/23,"36,448,028"
الخدمات الرقمية,عام,القطاع العام,خدمة إلكترونية,2026/04/23,"36,448,833"
الخدمات الرقمية,عام,القطاع العام,خدمة إلكترونية,2026/04/23,"36,453,865"
الخدمات الرقمية,عام,القطاع العام,خدمة إلكترونية,2026/04/23,"36,453,985"
الخدمات الرقمية,عام,القطاع العام,خدمة إلكترونية,2026/04/23,"36,448,053"
الخدمات الرقمية,عام,القطاع العام,خدمة إلكترونية,2026/04/23,"36,448,557"
الخدمات الرقمية,عام,القطاع العام,خدمة إلكترونية,2026/04/23,"36,453,653"
الخدمات الرقمية,عام,القطاع العام,خدمة إلكترونية,2026/04/23,"36,446,184"
الخدمات الرقمية,عام,القطاع العام,خدمة إلكترونية,2026/04/23,"36,453,957"
الخدمات الرقمية,عام,القطاع العام,خدمة إلكترونية,2026/04/23,"36,446,162"
الخدمات الرقمية,عام,القطاع العام,خدمة إلكترونية,2026/04/23,"36,448,064"
الخدمات الرقمية,عام,القطاع العام,خدمة إلكترونية,2026/04/23,"36,448,215"
الخدمات الرقمية,عام,القطاع العام,خدمة إلكترونية,2026/04/23,"36,448,062"
الخدمات الرقمية,عام,القطاع العام,خدمة إلكترونية,2026/04/23,"36,446,066"
الخدمات الرقمية,عام,القطاع العام,خدمة إلكترونية,2026/04/23,"36,446,180"
الخدمات الرقمية,عام,القطاع العام,خدمة إلكترونية,2026/04/23,"36,447,606"
الخدمات الرقمية,عام,القطاع العام,خدمة إلكترونية,2026/04/23,"36,447,796"
الخدمات الرقمية,عام,القطاع العام,خدمة إلكترونية,2026/04/23,"36,451,076"
الخدمات الرقمية,عام,القطاع العام,خدمة إلكترونية,2026/04/23,"36,453,830"
الخدمات الرقمية,عام,القطاع العام,خدمة إلكترونية,2026/04/23,"36,453,970"
الخدمات الرقمية,عام,القطاع العام,خدمة إلكترونية,2026/04/23,"36,451,080"
الخدمات الرقمية,عام,القطاع العام,خدمة إلكترونية,2026/04/23,"36,453,984"
الخدمات الرقمية,عام,القطاع العام,خدمة إلكترونية,2026/04/23,"36,451,046"
الخدمات الرقمية,عام,القطاع العام,خدمة إلكترونية,2026/04/23,"36,459,613"
الخدمات الرقمية,عام,القطاع العام,خدمة إلكترونية,2026/04/23,"36,452,274"
الخدمات الرقمية,عام,القطاع العام,خدمة إلكترونية,2026/04/23,"36,453,666"
الخدمات الرقمية,عام,القطاع العام,خدمة إلكترونية,2026/04/23,"36,453,988"
الخدمات الرقمية,عام,القطاع العام,خدمة إلكترونية,2026/04/23,"36,446,161"
الخدمات الرقمية,عام,القطاع العام,خدمة إلكترونية,2026/04/23,"36,452,669"
الخدمات الرقمية,عام,القطاع العام,خدمة إلكترونية,2026/04/23,"36,449,690"
الخدمات الرقمية,عام,القطاع العام,خدمة إلكترونية,2026/04/23,"36,451,199"
الخدمات الرقمية,عام,القطاع العام,خدمة إلكترونية,2026/04/23,"36,451,362"
الخدمات الرقمية,عام,القطاع العام,خدمة إلكترونية,2026/04/23,"36,447,400"
الخدمات الرقمية,عام,القطاع العام,خدمة إلكترونية,2026/04/23,"36,452,030"
الخدمات الرقمية,عام,القطاع العام,خدمة إلكترونية,2026/04/23,"36,453,659"
الخدمات الرقمية,عام,القطاع العام,خدمة إلكترونية,2026/04/23,"36,451,878"
الخدمات الرقمية,عام,القطاع العام,خدمة إلكترونية,2026/04/23,"36,452,482"
الخدمات الرقمية,عام,القطاع العام,خدمة إلكترونية,2026/04/23,"36,446,068"
الخدمات الرقمية,عام,القطاع العام,خدمة إلكترونية,2026/04/23,"36,446,080"
الخدمات الرقمية,عام,القطاع العام,خدمة إلكترونية,2026/04/23,"36,452,455"
الخدمات الرقمية,عام,القطاع العام,خدمة إلكترونية,2026/04/23,"36,448,687"
الخدمات الرقمية,عام,القطاع العام,خدمة إلكترونية,2026/04/23,"36,453,668"
الخدمات الرقمية,عام,القطاع العام,خدمة إلكترونية,2026/04/23,"36,452,473"
الخدمات الرقمية,عام,القطاع العام,خدمة إلكترونية,2026/04/23,"36,452,825"
الخدمات الرقمية,عام,القطاع العام,خدمة إلكترونية,2026/04/23,"36,453,989"
الخدمات الرقمية,عام,القطاع العام,خدمة إلكترونية,2026/04/23,"36,446,188"
الخدمات الرقمية,عام,القطاع العام,خدمة إلكترونية,2026/04/23,"36,450,847"
الخدمات الرقمية,عام,القطاع العام,خدمة إلكترونية,2026/04/23,"36,452,649"
الخدمات الرقمية,عام,القطاع العام,خدمة إلكترونية,2026/04/23,"36,452,632"
الخدمات الرقمية,عام,القطاع العام,خدمة إلكترونية,2026/04/23,"36,459,752"
الخدمات الرقمية,عام,القطاع العام,خدمة إلكترونية,2026/04/23,"36,453,854"
الخدمات الرقمية,عام,القطاع العام,خدمة إلكترونية,2026/04/23,"36,450,854"
الخدمات الرقمية,عام,القطاع العام,خدمة إلكترونية,2026/04/23,"36,448,060"
الخدمات الرقمية,عام,القطاع العام,خدمة إلكترونية,2026/04/23,"36,448,684"
الخدمات الرقمية,عام,القطاع العام,خدمة إلكترونية,2026/04/23,"36,446,169"
الخدمات الرقمية,عام,القطاع العام,خدمة إلكترونية,2026/04/23,"36,453,967"
الخدمات الرقمية,عام,القطاع العام,خدمة إلكترونية,2026/04/23,"36,451,063"
الخدمات الرقمية,عام,القطاع العام,خدمة إلكترونية,2026/04/23,"36,452,015"
الخدمات الرقمية,عام,القطاع العام,خدمة إلكترونية,2026/04/23,"36,448,657"
الخدمات الرقمية,عام,القطاع العام,خدمة إلكترونية,2026/04/23,"36,447,801"
الخدمات الرقمية,عام,القطاع العام,خدمة إلكترونية,2026/04/23,"36,448,696"
الخدمات الرقمية,عام,القطاع العام,خدمة إلكترونية,2026/04/23,"36,448,984"
الخدمات الرقمية,عام,القطاع العام,خدمة إلكترونية,2026/04/23,"36,446,194"
الخدمات الرقمية,عام,القطاع العام,خدمة إلكترونية,2026/04/23,"36,447,355"
الخدمات الرقمية,عام,القطاع العام,خدمة إلكترونية,2026/04/23,"36,452,447"
الخدمات الرقمية,عام,القطاع العام,خدمة إلكترونية,2026/04/23,"36,447,829"
الخدمات الرقمية,عام,القطاع العام,خدمة إلكترونية,2026/04/23,"36,452,978"
الخدمات الرقمية,عام,القطاع العام,خدمة إلكترونية,2026/04/23,"36,453,832"
الخدمات الرقمية,عام,القطاع العام,خدمة إلكترونية,2026/04/23,"36,459,749"
الخدمات الرقمية,عام,القطاع العام,خدمة إلكترونية,2026/04/23,"36,451,067"
الخدمات الرقمية,عام,القطاع العام,خدمة إلكترونية,2026/04/23,"36,453,851"
الخدمات الرقمية,عام,القطاع العام,خدمة إلكترونية,2026/04/23,"36,447,828"
الخدمات الرقمية,عام,القطاع العام,خدمة إلكترونية,2026/04/23,"36,448,825"
الخدمات الرقمية,عام,القطاع العام,خدمة إلكترونية,2026/04/23,"36,447,966"
الخدمات الرقمية,عام,القطاع العام,خدمة إلكترونية,2026/04/23,"36,451,902"
الخدمات الرقمية,عام,القطاع العام,خدمة إلكترونية,2026/04/23,"36,453,670"
الخدمات الرقمية,عام,القطاع العام,خدمة إلكترونية,2026/04/23,"36,445,768"
الخدمات الرقمية,عام,القطاع العام,خدمة إلكترونية,2026/04/23,"36,451,871"
الخدمات الرقمية,عام,القطاع العام,خدمة إلكترونية,2026/04/23,"36,451,907"
الخدمات الرقمية,عام,القطاع العام,خدمة إلكترونية,2026/04/23,"36,448,248"
الخدمات الرقمية,عام,القطاع العام,خدمة إلكترونية,2026/04/23,"36,449,889"
الخدمات الرقمية,عام,القطاع العام,خدمة إلكترونية,2026/04/23,"36,446,047"
الخدمات الرقمية,عام,القطاع العام,خدمة إلكترونية,2026/04/23,"36,447,951"
الخدمات الرقمية,عام,القطاع العام,خدمة إلكترونية,2026/04/23,"36,448,824"
الخدمات الرقمية,عام,القطاع العام,خدمة إلكترونية,2026/04/23,"36,446,241"
الخدمات الرقمية,عام,القطاع العام,خدمة إلكترونية,2026/04/23,"36,453,505"
الخدمات الرقمية,عام,القطاع العام,خدمة إلكترونية,2026/04/23,"36,453,663"
الخدمات الرقمية,عام,القطاع العام,خدمة إلكترونية,2026/04/23,"36,446,247"
الخدمات الرقمية,عام,القطاع العام,خدمة إلكترونية,2026/04/23,"36,453,968"
الخدمات الرقمية,عام,القطاع العام,خدمة إلكترونية,2026/04/23,"36,448,604"
الخدمات الرقمية,عام,القطاع العام,خدمة إلكترونية,2026/04/23,"36,448,690"
الخدمات الرقمية,عام,القطاع العام,خدمة إلكترونية,2026/04/23,"36,449,228"
الخدمات الرقمية,عام,القطاع العام,خدمة إلكترونية,2026/04/23,"36,450,687"
الخدمات الرقمية,عام,القطاع العام,خدمة إلكترونية,2026/04/23,"36,447,949"
الخدمات الرقمية,عام,القطاع العام,خدمة إلكترونية,2026/04/23,"36,448,246"
الخدمات الرقمية,عام,القطاع العام,خدمة إلكترونية,2026/04/23,"36,448,827"
الخدمات الرقمية,عام,القطاع العام,خدمة إلكترونية,2026/04/23,"36,449,696"
الخدمات الرقمية,عام,القطاع العام,خدمة إلكترونية,2026/04/23,"36,448,603"
الخدمات الرقمية,عام,القطاع العام,خدمة إلكترونية,2026/04/23,"36,448,834"
الخدمات الرقمية,عام,القطاع العام,خدمة إلكترونية,2026/04/23,"36,449,694"
الخدمات الرقمية,عام,القطاع العام,خدمة إلكترونية,2026/04/23,"36,449,529"
الخدمات الرقمية,عام,القطاع العام,خدمة إلكترونية,2026/04/23,"36,446,270"
الخدمات الرقمية,عام,القطاع العام,خدمة إلكترونية,2026/04/23,"36,446,187"
الخدمات الرقمية,عام,القطاع العام,خدمة إلكترونية,2026/04/23,"36,446,248"
الخدمات الرقمية,عام,القطاع العام,خدمة إلكترونية,2026/04/23,"36,448,693"
الخدمات الرقمية,عام,القطاع العام,خدمة إلكترونية,2026/04/23,"36,452,264"
الخدمات الرقمية,عام,القطاع العام,خدمة إلكترونية,2026/04/23,"36,451,065"
الخدمات الرقمية,عام,القطاع العام,خدمة إلكترونية,2026/04/23,"36,448,396"
الخدمات الرقمية,عام,القطاع العام,خدمة إلكترونية,2026/04/23,"36,448,822"
الخدمات الرقمية,عام,القطاع العام,خدمة إلكترونية,2026/04/23,"36,449,209"
الخدمات الرقمية,عام,القطاع العام,خدمة إلكترونية,2026/04/23,"36,449,695"
الخدمات الرقمية,عام,القطاع العام,خدمة إلكترونية,2026/04/23,"36,451,179"
الخدمات الرقمية,عام,القطاع العام,خدمة إلكترونية,2026/04/23,"36,449,726"
الخدمات الرقمية,عام,القطاع العام,خدمة إلكترونية,2026/04/23,"36,452,257"
الخدمات الرقمية,عام,القطاع العام,خدمة إلكترونية,2026/04/23,"36,450,689"
الخدمات الرقمية,عام,القطاع العام,خدمة إلكترونية,2026/04/23,"36,452,816"
الخدمات الرقمية,عام,القطاع العام,خدمة إلكترونية,2026/04/23,"36,450,870"
الخدمات الرقمية,عام,القطاع العام,خدمة إلكترونية,2026/04/23,"36,452,270"
الخدمات الرقمية,عام,القطاع العام,خدمة إلكترونية,2026/04/23,"36,452,487"
الخدمات الرقمية,عام,القطاع العام,خدمة إلكترونية,2026/04/23,"36,452,456"
الخدمات الرقمية,عام,القطاع العام,خدمة إلكترونية,2026/04/23,"36,449,219"
الخدمات الرقمية,عام,القطاع العام,خدمة إلكترونية,2026/04/23,"36,447,826"
الخدمات الرقمية,عام,القطاع العام,خدمة إلكترونية,2026/04/23,"36,458,649"
الخدمات الرقمية,عام,القطاع العام,خدمة إلكترونية,2026/04/23,"36,459,631"
الخدمات الرقمية,عام,القطاع العام,خدمة إلكترونية,2026/04/23,"36,453,500"
الخدمات الرقمية,عام,القطاع العام,خدمة إلكترونية,2026/04/23,"36,449,551"
الخدمات الرقمية,عام,القطاع العام,خدمة إلكترونية,2026/04/23,"36,452,014"
الخدمات الرقمية,عام,القطاع العام,خدمة إلكترونية,2026/04/23,"36,452,842"
الخدمات الرقمية,عام,القطاع العام,خدمة إلكترونية,2026/04/23,"36,446,045"
الخدمات الرقمية,عام,القطاع العام,خدمة إلكترونية,2026/04/23,"36,457,785"
الخدمات الرقمية,عام,القطاع العام,خدمة إلكترونية,2026/04/23,"36,452,271"
الخدمات الرقمية,عام,القطاع العام,خدمة إلكترونية,2026/04/23,"36,449,366"
الخدمات الرقمية,عام,القطاع العام,خدمة إلكترونية,2026/04/23,"36,452,815"
الخدمات الرقمية,عام,القطاع العام,خدمة إلكترونية,2026/04/23,"36,451,361"
الخدمات الرقمية,عام,القطاع العام,خدمة إلكترونية,2026/04/23,"36,452,468"
الخدمات الرقمية,عام,القطاع العام,خدمة إلكترونية,2026/04/23,"36,446,059"
الخدمات الرقمية,عام,القطاع العام,خدمة إلكترونية,2026/04/23,"36,451,870"
الخدمات الرقمية,عام,القطاع العام,خدمة إلكترونية,2026/04/23,"36,446,056"
الخدمات الرقمية,عام,القطاع العام,خدمة إلكترونية,2026/04/23,"36,448,423"
الخدمات الرقمية,عام,القطاع العام,خدمة إلكترونية,2026/04/23,"36,448,830"
الخدمات الرقمية,عام,القطاع العام,خدمة إلكترونية,2026/04/23,"36,451,359"
الخدمات الرقمية,عام,القطاع العام,خدمة إلكترونية,2026/04/23,"36,459,632"
الخدمات الرقمية,عام,القطاع العام,خدمة إلكترونية,2026/04/23,"36,452,814"
الخدمات الرقمية,عام,القطاع العام,خدمة إلكترونية,2026/04/23,"36,449,213"
الخدمات الرقمية,عام,القطاع العام,خدمة إلكترونية,2026/04/23,"36,451,364"
الخدمات الرقمية,عام,القطاع العام,خدمة إلكترونية,2026/04/23,"36,449,891"
الخدمات الرقمية,عام,القطاع العام,خدمة إلكترونية,2026/04/23,"36,451,194"
الخدمات الرقمية,عام,القطاع العام,خدمة إلكترونية,2026/04/23,"36,451,492"
الخدمات الرقمية,عام,القطاع العام,خدمة إلكترونية,2026/04/23,"36,450,672"
الخدمات الرقمية,عام,القطاع العام,خدمة إلكترونية,2026/04/23,"36,451,900"
الخدمات الرقمية,عام,القطاع العام,خدمة إلكترونية,2026/04/23,"36,446,234"
الخدمات الرقمية,عام,القطاع العام,خدمة إلكترونية,2026/04/23,"36,452,037"
الخدمات الرقمية,عام,القطاع العام,خدمة إلكترونية,2026/04/23,"36,459,737"
الخدمات الرقمية,عام,القطاع العام,خدمة إلكترونية,2026/04/23,"36,449,358"
الخدمات الرقمية,عام,القطاع العام,خدمة إلكترونية,2026/04/23,"36,452,651"
الخدمات الرقمية,عام,القطاع العام,خدمة إلكترونية,2026/04/23,"36,448,602"
الخدمات الرقمية,عام,القطاع العام,خدمة إلكترونية,2026/04/23,"36,459,736"
الخدمات الرقمية,عام,القطاع العام,خدمة إلكترونية,2026/04/23,"36,451,888"
الخدمات الرقمية,عام,القطاع العام,خدمة إلكترونية,2026/04/23,"36,450,700"
الخدمات الرقمية,عام,القطاع العام,خدمة إلكترونية,2026/04/23,"36,448,240"
الخدمات الرقمية,عام,القطاع العام,خدمة إلكترونية,2026/04/23,"36,449,724"
الخدمات الرقمية,عام,القطاع العام,خدمة إلكترونية,2026/04/23,"36,451,349"
الخدمات الرقمية,عام,القطاع العام,خدمة إلكترونية,2026/04/23,"36,450,532"
الخدمات الرقمية,عام,القطاع العام,خدمة إلكترونية,2026/04/23,"36,450,691"
الخدمات الرقمية,عام,القطاع العام,خدمة إلكترونية,2026/04/23,"36,451,338"
الخدمات الرقمية,عام,القطاع العام,خدمة إلكترونية,2026/04/23,"36,451,883"
الخدمات الرقمية,عام,القطاع العام,خدمة إلكترونية,2026/04/23,"36,448,607"
الخدمات الرقمية,عام,القطاع العام,خدمة إلكترونية,2026/04/23,"36,452,681"
الخدمات الرقمية,عام,القطاع العام,خدمة إلكترونية,2026/04/23,"36,446,244"
الخدمات الرقمية,عام,القطاع العام,خدمة إلكترونية,2026/04/23,"36,452,823"
الخدمات الرقمية,عام,القطاع العام,خدمة إلكترونية,2026/04/25,"36,488,252"
الخدمات الرقمية,عام,القطاع العام,خدمة إلكترونية,2026/04/25,"36,489,550"
الخدمات الرقمية,عام,القطاع العام,خدمة إلكترونية,2026/04/25,"36,488,469"
الخدمات الرقمية,عام,القطاع العام,خدمة إلكترونية,2026/04/25,"36,488,887"
الخدمات الرقمية,عام,القطاع العام,خدمة إلكترونية,2026/04/25,"36,488,607"
الخدمات الرقمية,عام,القطاع العام,خدمة إلكترونية,2026/04/25,"36,488,972"
الخدمات الرقمية,عام,القطاع العام,خدمة إلكترونية,2026/04/25,"36,488,953"
الخدمات الرقمية,عام,القطاع العام,خدمة إلكترونية,2026/04/25,"36,488,439"
الخدمات الرقمية,عام,القطاع العام,خدمة إلكترونية,2026/04/25,"36,488,969"
الخدمات الرقمية,عام,القطاع العام,خدمة إلكترونية,2026/04/25,"36,488,368"
الخدمات الرقمية,عام,القطاع العام,خدمة إلكترونية,2026/04/25,"36,488,633"
الخدمات الرقمية,عام,القطاع العام,خدمة إلكترونية,2026/04/25,"36,488,697"
الخدمات الرقمية,عام,القطاع العام,خدمة إلكترونية,2026/04/25,"36,488,846"
الخدمات الرقمية,عام,القطاع العام,خدمة إلكترونية,2026/04/25,"36,488,600"
الخدمات الرقمية,عام,القطاع العام,خدمة إلكترونية,2026/04/25,"36,488,482"
الخدمات الرقمية,عام,القطاع العام,خدمة إلكترونية,2026/04/25,"36,488,890"
الخدمات الرقمية,عام,القطاع العام,خدمة إلكترونية,2026/04/25,"36,488,739"
الخدمات الرقمية,عام,القطاع العام,خدمة إلكترونية,2026/04/25,"36,488,479"
الخدمات الرقمية,عام,القطاع العام,خدمة إلكترونية,2026/04/25,"36,488,988"
الخدمات الرقمية,عام,القطاع العام,خدمة إلكترونية,2026/04/25,"36,489,049"
الخدمات الرقمية,عام,القطاع العام,خدمة إلكترونية,2026/04/25,"36,488,669"
الخدمات الرقمية,عام,القطاع العام,خدمة إلكترونية,2026/04/25,"36,488,529"
الخدمات الرقمية,عام,القطاع العام,خدمة إلكترونية,2026/04/25,"36,489,130"
الخدمات الرقمية,عام,القطاع العام,خدمة إلكترونية,2026/04/25,"36,489,077"
الخدمات الرقمية,عام,القطاع العام,خدمة إلكترونية,2026/04/25,"36,488,976"
الخدمات الرقمية,عام,القطاع العام,خدمة إلكترونية,2026/04/25,"36,489,172"
الخدمات الرقمية,عام,القطاع العام,خدمة إلكترونية,2026/04/25,"36,489,112"
 عسير,ابها,القطاع الخاص,خدمة إلكترونية جزئيا,2026/04/26,"36,506,135"
 عسير,ابها,القطاع الخاص,خدمة إلكترونية جزئيا,2026/04/26,"36,504,926"
 الشرقية,الخبر,القطاع الخاص,خدمة إلكترونية جزئيا,2026/04/26,"36,498,476"
 الشرقية,الدمام,القطاع الخاص,خدمة إلكترونية جزئيا,2026/04/26,"36,498,946"
 الشرقية,الدمام,القطاع الخاص,خدمة إلكترونية جزئيا,2026/04/26,"36,499,704"
 الرياض,الرياض,القطاع الخاص,خدمة إلكترونية جزئيا,2026/04/26,"36,498,254"
 الرياض,الرياض,القطاع الخاص,خدمة إلكترونية جزئيا,2026/04/26,"36,502,588"
الخدمات الرقمية,عام,القطاع العام,خدمة إلكترونية,2026/04/26,"36,498,845"
الخدمات الرقمية,عام,القطاع العام,خدمة إلكترونية,2026/04/26,"36,498,842"
الخدمات الرقمية,عام,القطاع العام,خدمة إلكترونية,2026/04/26,"36,498,854"
الخدمات الرقمية,عام,القطاع العام,خدمة إلكترونية,2026/04/26,"36,498,847"
الخدمات الرقمية,عام,القطاع العام,خدمة إلكترونية,2026/04/26,"36,498,869"
الخدمات الرقمية,عام,القطاع العام,خدمة إلكترونية,2026/04/26,"36,496,137"
الخدمات الرقمية,عام,القطاع العام,خدمة إلكترونية,2026/04/26,"36,497,650"
الخدمات الرقمية,عام,القطاع العام,خدمة إلكترونية,2026/04/26,"36,502,082"
الخدمات الرقمية,عام,القطاع العام,خدمة إلكترونية,2026/04/26,"36,497,639"
 الرياض,الرياض,القطاع الخاص,خدمة إلكترونية جزئيا,2026/04/26,"36,502,760"
 الرياض,الرياض,القطاع الخاص,خدمة إلكترونية جزئيا,2026/04/26,"36,503,633"
 الرياض,الرياض,القطاع الخاص,خدمة إلكترونية جزئيا,2026/04/26,"36,504,213"
 الرياض,الرياض,القطاع الخاص,خدمة إلكترونية جزئيا,2026/04/26,"36,504,088"
 الرياض,الرياض,القطاع الخاص,خدمة إلكترونية جزئيا,2026/04/26,"36,509,149"
 الرياض,الرياض,القطاع الخاص,خدمة إلكترونية جزئيا,2026/04/26,"36,497,107"
 الرياض,الرياض,القطاع الخاص,خدمة إلكترونية جزئيا,2026/04/26,"36,502,098"
 الرياض,الرياض,القطاع الخاص,خدمة إلكترونية جزئيا,2026/04/26,"36,502,661"
 مكة المكرمه,الطائف,القطاع الخاص,خدمة إلكترونية جزئيا,2026/04/26,"36,506,733"
 الشرقية,الدمام,القطاع الخاص,خدمة إلكترونية جزئيا,2026/04/26,"36,500,125"
 مكة المكرمه,مكة المكرمة,القطاع الخاص,خدمة إلكترونية جزئيا,2026/04/26,"36,502,012"
 الرياض,الرياض,القطاع الخاص,خدمة إلكترونية جزئيا,2026/04/26,"36,503,480"
 الرياض,الرياض,القطاع الخاص,خدمة إلكترونية جزئيا,2026/04/26,"36,498,250"
 الشرقية,الدمام,القطاع الخاص,خدمة إلكترونية جزئيا,2026/04/26,"36,499,357"
 مكة المكرمه,جده,القطاع الخاص,خدمة إلكترونية جزئيا,2026/04/26,"36,499,301"
 مكة المكرمه,جده,القطاع الخاص,خدمة إلكترونية جزئيا,2026/04/26,"36,500,006"
الخدمات الرقمية,عام,القطاع العام,خدمة إلكترونية,2026/04/26,"36,496,916"
الخدمات الرقمية,عام,القطاع العام,خدمة إلكترونية,2026/04/26,"36,497,003"
الخدمات الرقمية,عام,القطاع العام,خدمة إلكترونية,2026/04/26,"36,500,424"
الخدمات الرقمية,عام,القطاع العام,خدمة إلكترونية,2026/04/26,"36,496,954"
الخدمات الرقمية,عام,القطاع العام,خدمة إلكترونية,2026/04/26,"36,498,978"
الخدمات الرقمية,عام,القطاع العام,خدمة إلكترونية,2026/04/26,"36,496,596"
الخدمات الرقمية,عام,القطاع العام,خدمة إلكترونية,2026/04/26,"36,498,894"
الخدمات الرقمية,عام,القطاع العام,خدمة إلكترونية,2026/04/26,"36,502,127"
الخدمات الرقمية,عام,القطاع العام,خدمة إلكترونية,2026/04/26,"36,506,101"
الخدمات الرقمية,عام,القطاع العام,خدمة إلكترونية,2026/04/26,"36,505,705"
الخدمات الرقمية,عام,القطاع العام,خدمة إلكترونية,2026/04/26,"36,501,706"
الخدمات الرقمية,عام,القطاع العام,خدمة إلكترونية,2026/04/26,"36,500,227"
الخدمات الرقمية,عام,القطاع العام,خدمة إلكترونية,2026/04/26,"36,501,259"
الخدمات الرقمية,عام,القطاع العام,خدمة إلكترونية,2026/04/26,"36,499,295"
الخدمات الرقمية,عام,القطاع العام,خدمة إلكترونية,2026/04/26,"36,506,275"
الخدمات الرقمية,عام,القطاع العام,خدمة إلكترونية,2026/04/26,"36,501,772"
الخدمات الرقمية,عام,القطاع العام,خدمة إلكترونية,2026/04/26,"36,506,540"
الخدمات الرقمية,عام,القطاع العام,خدمة إلكترونية,2026/04/26,"36,498,826"
الخدمات الرقمية,عام,القطاع العام,خدمة إلكترونية,2026/04/26,"36,500,207"
الخدمات الرقمية,عام,القطاع العام,خدمة إلكترونية,2026/04/26,"36,506,116"
الخدمات الرقمية,عام,القطاع العام,خدمة إلكترونية,2026/04/26,"36,501,686"
الخدمات الرقمية,عام,القطاع العام,خدمة إلكترونية,2026/04/26,"36,502,267"
الخدمات الرقمية,عام,القطاع العام,خدمة إلكترونية,2026/04/26,"36,504,543"
الخدمات الرقمية,عام,القطاع العام,خدمة إلكترونية,2026/04/26,"36,501,761"
الخدمات الرقمية,عام,القطاع العام,خدمة إلكترونية,2026/04/26,"36,508,336"
الخدمات الرقمية,عام,القطاع العام,خدمة إلكترونية,2026/04/26,"36,502,242"
الخدمات الرقمية,عام,القطاع العام,خدمة إلكترونية,2026/04/26,"36,506,484"
الخدمات الرقمية,عام,القطاع العام,خدمة إلكترونية,2026/04/26,"36,508,278"
الخدمات الرقمية,عام,القطاع العام,خدمة إلكترونية,2026/04/26,"36,501,737"
الخدمات الرقمية,عام,القطاع العام,خدمة إلكترونية,2026/04/26,"36,502,995"
الخدمات الرقمية,عام,القطاع العام,خدمة إلكترونية,2026/04/26,"36,500,889"
الخدمات الرقمية,عام,القطاع العام,خدمة إلكترونية,2026/04/26,"36,505,856"
الخدمات الرقمية,عام,القطاع العام,خدمة إلكترونية,2026/04/26,"36,502,453"
الخدمات الرقمية,عام,القطاع العام,خدمة إلكترونية,2026/04/26,"36,506,356"
الخدمات الرقمية,عام,القطاع العام,خدمة إلكترونية,2026/04/26,"36,505,945"
الخدمات الرقمية,عام,القطاع العام,خدمة إلكترونية,2026/04/26,"36,506,199"
الخدمات الرقمية,عام,القطاع العام,خدمة إلكترونية,2026/04/26,"36,497,113"
الخدمات الرقمية,عام,القطاع العام,خدمة إلكترونية,2026/04/26,"36,499,158"
الخدمات الرقمية,عام,القطاع العام,خدمة إلكترونية,2026/04/26,"36,499,195"
الخدمات الرقمية,عام,القطاع العام,خدمة إلكترونية,2026/04/26,"36,497,010"
الخدمات الرقمية,عام,القطاع العام,خدمة إلكترونية,2026/04/26,"36,509,608"
الخدمات الرقمية,عام,القطاع العام,خدمة إلكترونية,2026/04/26,"36,508,406"
الخدمات الرقمية,عام,القطاع العام,خدمة إلكترونية,2026/04/26,"36,513,157"
الخدمات الرقمية,عام,القطاع العام,خدمة إلكترونية,2026/04/26,"36,504,047"
الخدمات الرقمية,عام,القطاع العام,خدمة إلكترونية,2026/04/26,"36,496,281"
الخدمات الرقمية,عام,القطاع العام,خدمة إلكترونية,2026/04/26,"36,495,554"
الخدمات الرقمية,عام,القطاع العام,خدمة إلكترونية,2026/04/26,"36,495,431"
الخدمات الرقمية,عام,القطاع العام,خدمة إلكترونية,2026/04/26,"36,495,504"
الخدمات الرقمية,عام,القطاع العام,خدمة إلكترونية,2026/04/26,"36,496,053"
الخدمات الرقمية,عام,القطاع العام,خدمة إلكترونية,2026/04/26,"36,498,548"
الخدمات الرقمية,عام,القطاع العام,خدمة إلكترونية,2026/04/26,"36,496,220"
الخدمات الرقمية,عام,القطاع العام,خدمة إلكترونية,2026/04/26,"36,498,873"
الخدمات الرقمية,عام,القطاع العام,خدمة إلكترونية,2026/04/26,"36,496,738"
الخدمات الرقمية,عام,القطاع العام,خدمة إلكترونية,2026/04/26,"36,496,623"
الخدمات الرقمية,عام,القطاع العام,خدمة إلكترونية,2026/04/26,"36,495,969"
الخدمات الرقمية,عام,القطاع العام,خدمة إلكترونية,2026/04/26,"36,499,571"
الخدمات الرقمية,عام,القطاع العام,خدمة إلكترونية,2026/04/26,"36,497,913"
الخدمات الرقمية,عام,القطاع العام,خدمة إلكترونية,2026/04/26,"36,495,296"
الخدمات الرقمية,عام,القطاع العام,خدمة إلكترونية,2026/04/26,"36,499,078"
الخدمات الرقمية,عام,القطاع العام,خدمة إلكترونية,2026/04/26,"36,496,348"
الخدمات الرقمية,عام,القطاع العام,خدمة إلكترونية,2026/04/26,"36,495,527"
الخدمات الرقمية,عام,القطاع العام,خدمة إلكترونية,2026/04/26,"36,498,377"
الخدمات الرقمية,عام,القطاع العام,خدمة إلكترونية,2026/04/26,"36,495,744"
الخدمات الرقمية,عام,القطاع العام,خدمة إلكترونية,2026/04/26,"36,495,279"
الخدمات الرقمية,عام,القطاع العام,خدمة إلكترونية,2026/04/26,"36,496,930"
الخدمات الرقمية,عام,القطاع العام,خدمة إلكترونية,2026/04/26,"36,505,571"
الخدمات الرقمية,عام,القطاع العام,خدمة إلكترونية,2026/04/26,"36,495,849"
الخدمات الرقمية,عام,القطاع العام,خدمة إلكترونية,2026/04/26,"36,495,666"
الخدمات الرقمية,عام,القطاع العام,خدمة إلكترونية,2026/04/26,"36,500,831"
الخدمات الرقمية,عام,القطاع العام,خدمة إلكترونية,2026/04/26,"36,495,769"
الخدمات الرقمية,عام,القطاع العام,خدمة إلكترونية,2026/04/26,"36,498,586"
الخدمات الرقمية,عام,القطاع العام,خدمة إلكترونية,2026/04/26,"36,495,345"
الخدمات الرقمية,عام,القطاع العام,خدمة إلكترونية,2026/04/26,"36,506,282"
الخدمات الرقمية,عام,القطاع العام,خدمة إلكترونية,2026/04/26,"36,498,734"
الخدمات الرقمية,عام,القطاع العام,خدمة إلكترونية,2026/04/26,"36,499,018"
الخدمات الرقمية,عام,القطاع العام,خدمة إلكترونية,2026/04/26,"36,506,387"
الخدمات الرقمية,عام,القطاع العام,خدمة إلكترونية,2026/04/26,"36,498,993"
الخدمات الرقمية,عام,القطاع العام,خدمة إلكترونية,2026/04/26,"36,495,891"
الخدمات الرقمية,عام,القطاع العام,خدمة إلكترونية,2026/04/26,"36,495,892"
الخدمات الرقمية,عام,القطاع العام,خدمة إلكترونية,2026/04/26,"36,495,900"
الخدمات الرقمية,عام,القطاع العام,خدمة إلكترونية,2026/04/26,"36,496,192"
الخدمات الرقمية,عام,القطاع العام,خدمة إلكترونية,2026/04/26,"36,497,678"
الخدمات الرقمية,عام,القطاع العام,خدمة إلكترونية,2026/04/26,"36,495,981"
الخدمات الرقمية,عام,القطاع العام,خدمة إلكترونية,2026/04/26,"36,496,068"
الخدمات الرقمية,عام,القطاع العام,خدمة إلكترونية,2026/04/26,"36,496,054"
الخدمات الرقمية,عام,القطاع العام,خدمة إلكترونية,2026/04/26,"36,495,886"
الخدمات الرقمية,عام,القطاع العام,خدمة إلكترونية,2026/04/26,"36,496,144"
الخدمات الرقمية,عام,القطاع العام,خدمة إلكترونية,2026/04/26,"36,496,259"
الخدمات الرقمية,عام,القطاع العام,خدمة إلكترونية,2026/04/26,"36,496,369"
الخدمات الرقمية,عام,القطاع العام,خدمة إلكترونية,2026/04/26,"36,495,893"
الخدمات الرقمية,عام,القطاع العام,خدمة إلكترونية,2026/04/26,"36,495,982"
الخدمات الرقمية,عام,القطاع العام,خدمة إلكترونية,2026/04/26,"36,496,080"
الخدمات الرقمية,عام,القطاع العام,خدمة إلكترونية,2026/04/26,"36,495,902"
الخدمات الرقمية,عام,القطاع العام,خدمة إلكترونية,2026/04/26,"36,496,027"
الخدمات الرقمية,عام,القطاع العام,خدمة إلكترونية,2026/04/26,"36,496,061"
الخدمات الرقمية,عام,القطاع العام,خدمة إلكترونية,2026/04/26,"36,496,223"
الخدمات الرقمية,عام,القطاع العام,خدمة إلكترونية,2026/04/26,"36,496,646"
الخدمات الرقمية,عام,القطاع العام,خدمة إلكترونية,2026/04/26,"36,496,945"
الخدمات الرقمية,عام,القطاع العام,خدمة إلكترونية,2026/04/26,"36,497,258"
الخدمات الرقمية,عام,القطاع العام,خدمة إلكترونية,2026/04/26,"36,497,652"
الخدمات الرقمية,عام,القطاع العام,خدمة إلكترونية,2026/04/26,"36,499,687"
الخدمات الرقمية,عام,القطاع العام,خدمة إلكترونية,2026/04/26,"36,499,673"
الخدمات الرقمية,عام,القطاع العام,خدمة إلكترونية,2026/04/26,"36,497,972"
الخدمات الرقمية,عام,القطاع العام,خدمة إلكترونية,2026/04/26,"36,496,299"
الخدمات الرقمية,عام,القطاع العام,خدمة إلكترونية,2026/04/26,"36,498,870"
الخدمات الرقمية,عام,القطاع العام,خدمة إلكترونية,2026/04/26,"36,497,255"
الخدمات الرقمية,عام,القطاع العام,خدمة إلكترونية,2026/04/26,"36,497,888"
الخدمات الرقمية,عام,القطاع العام,خدمة إلكترونية,2026/04/26,"36,496,301"
الخدمات الرقمية,عام,القطاع العام,خدمة إلكترونية,2026/04/26,"36,497,799"
الخدمات الرقمية,عام,القطاع العام,خدمة إلكترونية,2026/04/26,"36,497,035"
الخدمات الرقمية,عام,القطاع العام,خدمة إلكترونية,2026/04/26,"36,495,965"
الخدمات الرقمية,عام,القطاع العام,خدمة إلكترونية,2026/04/26,"36,496,292"
الخدمات الرقمية,عام,القطاع العام,خدمة إلكترونية,2026/04/26,"36,495,823"
الخدمات الرقمية,عام,القطاع العام,خدمة إلكترونية,2026/04/26,"36,495,958"
الخدمات الرقمية,عام,القطاع العام,خدمة إلكترونية,2026/04/26,"36,496,374"
الخدمات الرقمية,عام,القطاع العام,خدمة إلكترونية,2026/04/26,"36,497,886"
الخدمات الرقمية,عام,القطاع العام,خدمة إلكترونية,2026/04/26,"36,496,350"
الخدمات الرقمية,عام,القطاع العام,خدمة إلكترونية,2026/04/26,"36,499,242"
الخدمات الرقمية,عام,القطاع العام,خدمة إلكترونية,2026/04/26,"36,499,261"
الخدمات الرقمية,عام,القطاع العام,خدمة إلكترونية,2026/04/26,"36,499,514"
الخدمات الرقمية,عام,القطاع العام,خدمة إلكترونية,2026/04/26,"36,499,812"
الخدمات الرقمية,عام,القطاع العام,خدمة إلكترونية,2026/04/26,"36,496,345"
الخدمات الرقمية,عام,القطاع العام,خدمة إلكترونية,2026/04/26,"36,496,862"
الخدمات الرقمية,عام,القطاع العام,خدمة إلكترونية,2026/04/26,"36,498,591"
الخدمات الرقمية,عام,القطاع العام,خدمة إلكترونية,2026/04/26,"36,496,629"
الخدمات الرقمية,عام,القطاع العام,خدمة إلكترونية,2026/04/26,"36,497,794"
الخدمات الرقمية,عام,القطاع العام,خدمة إلكترونية,2026/04/26,"36,496,044"
الخدمات الرقمية,عام,القطاع العام,خدمة إلكترونية,2026/04/26,"36,496,613"
الخدمات الرقمية,عام,القطاع العام,خدمة إلكترونية,2026/04/26,"36,498,962"
الخدمات الرقمية,عام,القطاع العام,خدمة إلكترونية,2026/04/26,"36,499,106"
الخدمات الرقمية,عام,القطاع العام,خدمة إلكترونية,2026/04/26,"36,496,376"
الخدمات الرقمية,عام,القطاع العام,خدمة إلكترونية,2026/04/26,"36,497,720"
الخدمات الرقمية,عام,القطاع العام,خدمة إلكترونية,2026/04/26,"36,495,887"
الخدمات الرقمية,عام,القطاع العام,خدمة إلكترونية,2026/04/26,"36,496,609"
الخدمات الرقمية,عام,القطاع العام,خدمة إلكترونية,2026/04/26,"36,496,043"
الخدمات الرقمية,عام,القطاع العام,خدمة إلكترونية,2026/04/26,"36,499,093"
الخدمات الرقمية,عام,القطاع العام,خدمة إلكترونية,2026/04/26,"36,496,026"
الخدمات الرقمية,عام,القطاع العام,خدمة إلكترونية,2026/04/26,"36,497,676"
الخدمات الرقمية,عام,القطاع العام,خدمة إلكترونية,2026/04/26,"36,497,883"
الخدمات الرقمية,عام,القطاع العام,خدمة إلكترونية,2026/04/26,"36,498,983"
الخدمات الرقمية,عام,القطاع العام,خدمة إلكترونية,2026/04/26,"36,499,239"
الخدمات الرقمية,عام,القطاع العام,خدمة إلكترونية,2026/04/26,"36,499,815"
الخدمات الرقمية,عام,القطاع العام,خدمة إلكترونية,2026/04/26,"36,496,379"
الخدمات الرقمية,عام,القطاع العام,خدمة إلكترونية,2026/04/26,"36,496,142"
الخدمات الرقمية,عام,القطاع العام,خدمة إلكترونية,2026/04/26,"36,497,635"
الخدمات الرقمية,عام,القطاع العام,خدمة إلكترونية,2026/04/26,"36,501,291"
الخدمات الرقمية,عام,القطاع العام,خدمة إلكترونية,2026/04/26,"36,502,079"
الخدمات الرقمية,عام,القطاع العام,خدمة إلكترونية,2026/04/26,"36,497,971"
الخدمات الرقمية,عام,القطاع العام,خدمة إلكترونية,2026/04/26,"36,496,307"
الخدمات الرقمية,عام,القطاع العام,خدمة إلكترونية,2026/04/26,"36,497,636"
الخدمات الرقمية,عام,القطاع العام,خدمة إلكترونية,2026/04/26,"36,496,024"
الخدمات الرقمية,عام,القطاع العام,خدمة إلكترونية,2026/04/26,"36,497,011"
الخدمات الرقمية,عام,القطاع العام,خدمة إلكترونية,2026/04/26,"36,497,762"
الخدمات الرقمية,عام,القطاع العام,خدمة إلكترونية,2026/04/26,"36,498,939"
الخدمات الرقمية,عام,القطاع العام,خدمة إلكترونية,2026/04/26,"36,499,227"
الخدمات الرقمية,عام,القطاع العام,خدمة إلكترونية,2026/04/26,"36,499,836"
الخدمات الرقمية,عام,القطاع العام,خدمة إلكترونية,2026/04/26,"36,500,090"
الخدمات الرقمية,عام,القطاع العام,خدمة إلكترونية,2026/04/26,"36,500,102"
الخدمات الرقمية,عام,القطاع العام,خدمة إلكترونية,2026/04/26,"36,498,622"
الخدمات الرقمية,عام,القطاع العام,خدمة إلكترونية,2026/04/26,"36,501,288"
الخدمات الرقمية,عام,القطاع العام,خدمة إلكترونية,2026/04/26,"36,496,346"
الخدمات الرقمية,عام,القطاع العام,خدمة إلكترونية,2026/04/26,"36,502,106"
الخدمات الرقمية,عام,القطاع العام,خدمة إلكترونية,2026/04/26,"36,496,624"
الخدمات الرقمية,عام,القطاع العام,خدمة إلكترونية,2026/04/26,"36,497,904"
الخدمات الرقمية,عام,القطاع العام,خدمة إلكترونية,2026/04/26,"36,498,618"
الخدمات الرقمية,عام,القطاع العام,خدمة إلكترونية,2026/04/26,"36,502,073"
الخدمات الرقمية,عام,القطاع العام,خدمة إلكترونية,2026/04/26,"36,497,702"
الخدمات الرقمية,عام,القطاع العام,خدمة إلكترونية,2026/04/26,"36,496,028"
الخدمات الرقمية,عام,القطاع العام,خدمة إلكترونية,2026/04/26,"36,495,936"
الخدمات الرقمية,عام,القطاع العام,خدمة إلكترونية,2026/04/26,"36,497,699"
الخدمات الرقمية,عام,القطاع العام,خدمة إلكترونية,2026/04/26,"36,495,870"
الخدمات الرقمية,عام,القطاع العام,خدمة إلكترونية,2026/04/26,"36,495,903"
الخدمات الرقمية,عام,القطاع العام,خدمة إلكترونية,2026/04/26,"36,496,018"
الخدمات الرقمية,عام,القطاع العام,خدمة إلكترونية,2026/04/26,"36,498,607"
الخدمات الرقمية,عام,القطاع العام,خدمة إلكترونية,2026/04/26,"36,502,074"
الخدمات الرقمية,عام,القطاع العام,خدمة إلكترونية,2026/04/26,"36,499,670"
الخدمات الرقمية,عام,القطاع العام,خدمة إلكترونية,2026/04/26,"36,497,703"
الخدمات الرقمية,عام,القطاع العام,خدمة إلكترونية,2026/04/26,"36,497,989"
الخدمات الرقمية,عام,القطاع العام,خدمة إلكترونية,2026/04/26,"36,500,100"
الخدمات الرقمية,عام,القطاع العام,خدمة إلكترونية,2026/04/26,"36,495,980"
الخدمات الرقمية,عام,القطاع العام,خدمة إلكترونية,2026/04/26,"36,496,371"
الخدمات الرقمية,عام,القطاع العام,خدمة إلكترونية,2026/04/26,"36,501,333"
الخدمات الرقمية,عام,القطاع العام,خدمة إلكترونية,2026/04/26,"36,497,654"
الخدمات الرقمية,عام,القطاع العام,خدمة إلكترونية,2026/04/26,"36,496,133"
الخدمات الرقمية,عام,القطاع العام,خدمة إلكترونية,2026/04/26,"36,500,691"
الخدمات الرقمية,عام,القطاع العام,خدمة إلكترونية,2026/04/26,"36,501,173"
الخدمات الرقمية,عام,القطاع العام,خدمة إلكترونية,2026/04/26,"36,501,294"
الخدمات الرقمية,عام,القطاع العام,خدمة إلكترونية,2026/04/26,"36,499,285"
الخدمات الرقمية,عام,القطاع العام,خدمة إلكترونية,2026/04/26,"36,499,949"
الخدمات الرقمية,عام,القطاع العام,خدمة إلكترونية,2026/04/26,"36,499,957"
الخدمات الرقمية,عام,القطاع العام,خدمة إلكترونية,2026/04/26,"36,500,089"
الخدمات الرقمية,عام,القطاع العام,خدمة إلكترونية,2026/04/26,"36,499,702"
الخدمات الرقمية,عام,القطاع العام,خدمة إلكترونية,2026/04/26,"36,497,987"
الخدمات الرقمية,عام,القطاع العام,خدمة إلكترونية,2026/04/26,"36,498,862"
الخدمات الرقمية,عام,القطاع العام,خدمة إلكترونية,2026/04/26,"36,499,959"
الخدمات الرقمية,عام,القطاع العام,خدمة إلكترونية,2026/04/26,"36,501,795"
الخدمات الرقمية,عام,القطاع العام,خدمة إلكترونية,2026/04/26,"36,501,971"
الخدمات الرقمية,عام,القطاع العام,خدمة إلكترونية,2026/04/26,"36,502,203"
الخدمات الرقمية,عام,القطاع العام,خدمة إلكترونية,2026/04/26,"36,501,818"
الخدمات الرقمية,عام,القطاع العام,خدمة إلكترونية,2026/04/26,"36,495,939"
الخدمات الرقمية,عام,القطاع العام,خدمة إلكترونية,2026/04/26,"36,498,612"
الخدمات الرقمية,عام,القطاع العام,خدمة إلكترونية,2026/04/26,"36,497,976"
الخدمات الرقمية,عام,القطاع العام,خدمة إلكترونية,2026/04/26,"36,512,993"
الخدمات الرقمية,عام,القطاع العام,خدمة إلكترونية,2026/04/26,"36,497,764"
الخدمات الرقمية,عام,القطاع العام,خدمة إلكترونية,2026/04/26,"36,501,457"
الخدمات الرقمية,عام,القطاع العام,خدمة إلكترونية,2026/04/26,"36,499,657"
الخدمات الرقمية,عام,القطاع العام,خدمة إلكترونية,2026/04/26,"36,502,172"
الخدمات الرقمية,عام,القطاع العام,خدمة إلكترونية,2026/04/26,"36,501,181"
الخدمات الرقمية,عام,القطاع العام,خدمة إلكترونية,2026/04/26,"36,501,326"
الخدمات الرقمية,عام,القطاع العام,خدمة إلكترونية,2026/04/26,"36,499,249"
الخدمات الرقمية,عام,القطاع العام,خدمة إلكترونية,2026/04/26,"36,501,453"
الخدمات الرقمية,عام,القطاع العام,خدمة إلكترونية,2026/04/26,"36,496,042"
الخدمات الرقمية,عام,القطاع العام,خدمة إلكترونية,2026/04/26,"36,497,988"
الخدمات الرقمية,عام,القطاع العام,خدمة إلكترونية,2026/04/26,"36,501,481"
الخدمات الرقمية,عام,القطاع العام,خدمة إلكترونية,2026/04/26,"36,502,104"
الخدمات الرقمية,عام,القطاع العام,خدمة إلكترونية,2026/04/26,"36,496,130"
الخدمات الرقمية,عام,القطاع العام,خدمة إلكترونية,2026/04/26,"36,498,606"
الخدمات الرقمية,عام,القطاع العام,خدمة إلكترونية,2026/04/26,"36,498,733"
الخدمات الرقمية,عام,القطاع العام,خدمة إلكترونية,2026/04/26,"36,499,104"
الخدمات الرقمية,عام,القطاع العام,خدمة إلكترونية,2026/04/26,"36,496,865"
الخدمات الرقمية,عام,القطاع العام,خدمة إلكترونية,2026/04/26,"36,495,884"
الخدمات الرقمية,عام,القطاع العام,خدمة إلكترونية,2026/04/26,"36,499,245"
الخدمات الرقمية,عام,القطاع العام,خدمة إلكترونية,2026/04/26,"36,501,669"
الخدمات الرقمية,عام,القطاع العام,خدمة إلكترونية,2026/04/26,"36,512,794"
الخدمات الرقمية,عام,القطاع العام,خدمة إلكترونية,2026/04/26,"36,498,959"
الخدمات الرقمية,عام,القطاع العام,خدمة إلكترونية,2026/04/26,"36,502,069"
الخدمات الرقمية,عام,القطاع العام,خدمة إلكترونية,2026/04/26,"36,499,954"
الخدمات الرقمية,عام,القطاع العام,خدمة إلكترونية,2026/04/26,"36,501,974"
الخدمات الرقمية,عام,القطاع العام,خدمة إلكترونية,2026/04/26,"36,495,889"
الخدمات الرقمية,عام,القطاع العام,خدمة إلكترونية,2026/04/26,"36,496,052"
الخدمات الرقمية,عام,القطاع العام,خدمة إلكترونية,2026/04/26,"36,497,990"
الخدمات الرقمية,عام,القطاع العام,خدمة إلكترونية,2026/04/26,"36,500,086"
الخدمات الرقمية,عام,القطاع العام,خدمة إلكترونية,2026/04/26,"36,498,743"
الخدمات الرقمية,عام,القطاع العام,خدمة إلكترونية,2026/04/26,"36,496,590"
الخدمات الرقمية,عام,القطاع العام,خدمة إلكترونية,2026/04/26,"36,497,880"
الخدمات الرقمية,عام,القطاع العام,خدمة إلكترونية,2026/04/26,"36,512,563"
الخدمات الرقمية,عام,القطاع العام,خدمة إلكترونية,2026/04/26,"36,499,667"
الخدمات الرقمية,عام,القطاع العام,خدمة إلكترونية,2026/04/26,"36,496,019"
الخدمات الرقمية,عام,القطاع العام,خدمة إلكترونية,2026/04/26,"36,499,980"
الخدمات الرقمية,عام,القطاع العام,خدمة إلكترونية,2026/04/26,"36,499,951"
الخدمات الرقمية,عام,القطاع العام,خدمة إلكترونية,2026/04/26,"36,496,284"
الخدمات الرقمية,عام,القطاع العام,خدمة إلكترونية,2026/04/26,"36,501,479"
الخدمات الرقمية,عام,القطاع العام,خدمة إلكترونية,2026/04/26,"36,497,797"
الخدمات الرقمية,عام,القطاع العام,خدمة إلكترونية,2026/04/26,"36,496,135"
الخدمات الرقمية,عام,القطاع العام,خدمة إلكترونية,2026/04/26,"36,497,884"
الخدمات الرقمية,عام,القطاع العام,خدمة إلكترونية,2026/04/26,"36,499,681"
الخدمات الرقمية,عام,القطاع العام,خدمة إلكترونية,2026/04/26,"36,497,653"
الخدمات الرقمية,عام,القطاع العام,خدمة إلكترونية,2026/04/26,"36,498,610"
الخدمات الرقمية,عام,القطاع العام,خدمة إلكترونية,2026/04/26,"36,499,280"
الخدمات الرقمية,عام,القطاع العام,خدمة إلكترونية,2026/04/26,"36,501,341"
الخدمات الرقمية,عام,القطاع العام,خدمة إلكترونية,2026/04/26,"36,512,778"
الخدمات الرقمية,عام,القطاع العام,خدمة إلكترونية,2026/04/26,"36,499,077"
الخدمات الرقمية,عام,القطاع العام,خدمة إلكترونية,2026/04/26,"36,496,948"
الخدمات الرقمية,عام,القطاع العام,خدمة إلكترونية,2026/04/26,"36,501,328"
الخدمات الرقمية,عام,القطاع العام,خدمة إلكترونية,2026/04/26,"36,512,873"
الخدمات الرقمية,عام,القطاع العام,خدمة إلكترونية,2026/04/26,"36,513,113"
الخدمات الرقمية,عام,القطاع العام,خدمة إلكترونية,2026/04/26,"36,499,700"
الخدمات الرقمية,عام,القطاع العام,خدمة إلكترونية,2026/04/26,"36,498,745"
الخدمات الرقمية,عام,القطاع العام,خدمة إلكترونية,2026/04/26,"36,512,932"
الخدمات الرقمية,عام,القطاع العام,خدمة إلكترونية,2026/04/26,"36,513,016"
الخدمات الرقمية,عام,القطاع العام,خدمة إلكترونية,2026/04/26,"36,513,051"
الخدمات الرقمية,عام,القطاع العام,خدمة إلكترونية,2026/04/26,"36,501,823"
الخدمات الرقمية,عام,القطاع العام,خدمة إلكترونية,2026/04/26,"36,501,964"
الخدمات الرقمية,عام,القطاع العام,خدمة إلكترونية,2026/04/26,"36,496,141"
الخدمات الرقمية,عام,القطاع العام,خدمة إلكترونية,2026/04/26,"36,512,775"
الخدمات الرقمية,عام,القطاع العام,خدمة إلكترونية,2026/04/26,"36,496,285"
الخدمات الرقمية,عام,القطاع العام,خدمة إلكترونية,2026/04/26,"36,496,618"
الخدمات الرقمية,عام,القطاع العام,خدمة إلكترونية,2026/04/26,"36,497,975"
الخدمات الرقمية,عام,القطاع العام,خدمة إلكترونية,2026/04/26,"36,498,984"
الخدمات الرقمية,عام,القطاع العام,خدمة إلكترونية,2026/04/26,"36,512,565"
الخدمات الرقمية,عام,القطاع العام,خدمة إلكترونية,2026/04/26,"36,496,132"
الخدمات الرقمية,عام,القطاع العام,خدمة إلكترونية,2026/04/26,"36,499,698"
الخدمات الرقمية,عام,القطاع العام,خدمة إلكترونية,2026/04/26,"36,501,483"
الخدمات الرقمية,عام,القطاع العام,خدمة إلكترونية,2026/04/26,"36,497,721"
الخدمات الرقمية,عام,القطاع العام,خدمة إلكترونية,2026/04/26,"36,498,735"
الخدمات الرقمية,عام,القطاع العام,خدمة إلكترونية,2026/04/26,"36,499,838"
الخدمات الرقمية,عام,القطاع العام,خدمة إلكترونية,2026/04/26,"36,496,290"
الخدمات الرقمية,عام,القطاع العام,خدمة إلكترونية,2026/04/26,"36,501,961"
الخدمات الرقمية,عام,القطاع العام,خدمة إلكترونية,2026/04/26,"36,497,706"
الخدمات الرقمية,عام,القطاع العام,خدمة إلكترونية,2026/04/26,"36,501,969"
الخدمات الرقمية,عام,القطاع العام,خدمة إلكترونية,2026/04/26,"36,512,569"
الخدمات الرقمية,عام,القطاع العام,خدمة إلكترونية,2026/04/26,"36,502,102"
الخدمات الرقمية,عام,القطاع العام,خدمة إلكترونية,2026/04/26,"36,499,247"
الخدمات الرقمية,عام,القطاع العام,خدمة إلكترونية,2026/04/26,"36,499,977"
الخدمات الرقمية,عام,القطاع العام,خدمة إلكترونية,2026/04/26,"36,501,977"
الخدمات الرقمية,عام,القطاع العام,خدمة إلكترونية,2026/04/26,"36,501,821"
الخدمات الرقمية,عام,القطاع العام,خدمة إلكترونية,2026/04/26,"36,498,866"
الخدمات الرقمية,عام,القطاع العام,خدمة إلكترونية,2026/04/26,"36,512,713"
الخدمات الرقمية,عام,القطاع العام,خدمة إلكترونية,2026/04/26,"36,512,740"
الخدمات الرقمية,عام,القطاع العام,خدمة إلكترونية,2026/04/26,"36,502,076"
الخدمات الرقمية,عام,القطاع العام,خدمة إلكترونية,2026/04/26,"36,512,643"
الخدمات الرقمية,عام,القطاع العام,خدمة إلكترونية,2026/04/26,"36,496,946"
الخدمات الرقمية,عام,القطاع العام,خدمة إلكترونية,2026/04/26,"36,498,597"
الخدمات الرقمية,عام,القطاع العام,خدمة إلكترونية,2026/04/26,"36,500,110"
الخدمات الرقمية,عام,القطاع العام,خدمة إلكترونية,2026/04/26,"36,496,051"
الخدمات الرقمية,عام,القطاع العام,خدمة إلكترونية,2026/04/26,"36,497,790"
الخدمات الرقمية,عام,القطاع العام,خدمة إلكترونية,2026/04/26,"36,496,225"
الخدمات الرقمية,عام,القطاع العام,خدمة إلكترونية,2026/04/26,"36,499,695"
الخدمات الرقمية,عام,القطاع العام,خدمة إلكترونية,2026/04/26,"36,498,620"
الخدمات الرقمية,عام,القطاع العام,خدمة إلكترونية,2026/04/26,"36,495,961"
الخدمات الرقمية,عام,القطاع العام,خدمة إلكترونية,2026/04/26,"36,502,070"
الخدمات الرقمية,عام,القطاع العام,خدمة إلكترونية,2026/04/26,"36,502,202"
الخدمات الرقمية,عام,القطاع العام,خدمة إلكترونية,2026/04/26,"36,496,851"
الخدمات الرقمية,عام,القطاع العام,خدمة إلكترونية,2026/04/26,"36,497,876"
الخدمات الرقمية,عام,القطاع العام,خدمة إلكترونية,2026/04/26,"36,513,091"
الخدمات الرقمية,عام,القطاع العام,خدمة إلكترونية,2026/04/26,"36,498,981"
الخدمات الرقمية,عام,القطاع العام,خدمة إلكترونية,2026/04/26,"36,501,937"
الخدمات الرقمية,عام,القطاع العام,خدمة إلكترونية,2026/04/26,"36,499,529"
الخدمات الرقمية,عام,القطاع العام,خدمة إلكترونية,2026/04/26,"36,498,961"
الخدمات الرقمية,عام,القطاع العام,خدمة إلكترونية,2026/04/26,"36,501,793"
الخدمات الرقمية,عام,القطاع العام,خدمة إلكترونية,2026/04/26,"36,501,814"
الخدمات الرقمية,عام,القطاع العام,خدمة إلكترونية,2026/04/26,"36,512,633"
الخدمات الرقمية,عام,القطاع العام,خدمة إلكترونية,2026/04/26,"36,495,937"
الخدمات الرقمية,عام,القطاع العام,خدمة إلكترونية,2026/04/26,"36,496,145"
الخدمات الرقمية,عام,القطاع العام,خدمة إلكترونية,2026/04/26,"36,498,595"
الخدمات الرقمية,عام,القطاع العام,خدمة إلكترونية,2026/04/26,"36,502,443"
الخدمات الرقمية,عام,القطاع العام,خدمة إلكترونية,2026/04/26,"36,512,935"
الخدمات الرقمية,عام,القطاع العام,خدمة إلكترونية,2026/04/26,"36,512,943"
الخدمات الرقمية,عام,القطاع العام,خدمة إلكترونية,2026/04/26,"36,495,872"
الخدمات الرقمية,عام,القطاع العام,خدمة إلكترونية,2026/04/26,"36,499,520"
الخدمات الرقمية,عام,القطاع العام,خدمة إلكترونية,2026/04/26,"36,497,660"
الخدمات الرقمية,عام,القطاع العام,خدمة إلكترونية,2026/04/26,"36,512,905"
الخدمات الرقمية,عام,القطاع العام,خدمة إلكترونية,2026/04/26,"36,496,582"
الخدمات الرقمية,عام,القطاع العام,خدمة إلكترونية,2026/04/26,"36,499,701"
الخدمات الرقمية,عام,القطاع العام,خدمة إلكترونية,2026/04/26,"36,500,088"
الخدمات الرقمية,عام,القطاع العام,خدمة إلكترونية,2026/04/26,"36,513,143"
الخدمات الرقمية,عام,القطاع العام,خدمة إلكترونية,2026/04/26,"36,497,792"
الخدمات الرقمية,عام,القطاع العام,خدمة إلكترونية,2026/04/26,"36,501,827"
الخدمات الرقمية,عام,القطاع العام,خدمة إلكترونية,2026/04/26,"36,497,077"
الخدمات الرقمية,عام,القطاع العام,خدمة إلكترونية,2026/04/26,"36,499,254"
الخدمات الرقمية,عام,القطاع العام,خدمة إلكترونية,2026/04/26,"36,513,054"
الخدمات الرقمية,عام,القطاع العام,خدمة إلكترونية,2026/04/26,"36,513,183"
الخدمات الرقمية,عام,القطاع العام,خدمة إلكترونية,2026/04/26,"36,512,903"
الخدمات الرقمية,عام,القطاع العام,خدمة إلكترونية,2026/04/26,"36,513,088"
الخدمات الرقمية,عام,القطاع العام,خدمة إلكترونية,2026/04/26,"36,513,013"
الخدمات الرقمية,عام,القطاع العام,خدمة إلكترونية,2026/04/26,"36,512,802"
الخدمات الرقمية,عام,القطاع العام,خدمة إلكترونية,2026/04/26,"36,512,618"
الخدمات الرقمية,عام,القطاع العام,خدمة إلكترونية,2026/04/26,"36,513,115"
الخدمات الرقمية,عام,القطاع العام,خدمة إلكترونية,2026/04/26,"36,512,619"
الخدمات الرقمية,عام,القطاع العام,خدمة إلكترونية,2026/04/26,"36,512,567"
الخدمات الرقمية,عام,القطاع العام,خدمة إلكترونية,2026/04/26,"36,512,878"
الخدمات الرقمية,عام,القطاع العام,خدمة إلكترونية,2026/04/26,"36,513,196"
الخدمات الرقمية,عام,القطاع العام,خدمة إلكترونية,2026/04/26,"36,512,985"
الخدمات الرقمية,عام,القطاع العام,خدمة إلكترونية,2026/04/26,"36,512,714"
الخدمات الرقمية,عام,القطاع العام,خدمة إلكترونية,2026/04/26,"36,512,875"
الخدمات الرقمية,عام,القطاع العام,خدمة إلكترونية,2026/04/26,"36,512,586"
الخدمات الرقمية,عام,القطاع العام,خدمة إلكترونية,2026/04/26,"36,513,058"
الخدمات الرقمية,عام,القطاع العام,خدمة إلكترونية,2026/04/26,"36,512,617"
الخدمات الرقمية,عام,القطاع العام,خدمة إلكترونية,2026/04/26,"36,512,945"
الخدمات الرقمية,عام,القطاع العام,خدمة إلكترونية,2026/04/26,"36,513,015"
الخدمات الرقمية,عام,القطاع العام,خدمة إلكترونية,2026/04/26,"36,512,938"
الخدمات الرقمية,عام,القطاع العام,خدمة إلكترونية,2026/04/26,"36,513,141"
الخدمات الرقمية,عام,القطاع العام,خدمة إلكترونية,2026/04/26,"36,513,219"
الخدمات الرقمية,عام,القطاع العام,خدمة إلكترونية,2026/04/26,"36,513,240"
الخدمات الرقمية,عام,القطاع العام,خدمة إلكترونية,2026/04/26,"36,513,095"
الخدمات الرقمية,عام,القطاع العام,خدمة إلكترونية,2026/04/26,"36,512,989"
الخدمات الرقمية,عام,القطاع العام,خدمة إلكترونية,2026/04/26,"36,512,592"
الخدمات الرقمية,عام,القطاع العام,خدمة إلكترونية,2026/04/26,"36,513,093"
الخدمات الرقمية,عام,القطاع العام,خدمة إلكترونية,2026/04/26,"36,512,653"
الخدمات الرقمية,عام,القطاع العام,خدمة إلكترونية,2026/04/26,"36,512,680"
الخدمات الرقمية,عام,القطاع العام,خدمة إلكترونية,2026/04/26,"36,512,770"
الخدمات الرقمية,عام,القطاع العام,خدمة إلكترونية,2026/04/26,"36,512,659"
الخدمات الرقمية,عام,القطاع العام,خدمة إلكترونية,2026/04/26,"36,512,986"
الخدمات الرقمية,عام,القطاع العام,خدمة إلكترونية,2026/04/26,"36,512,782"
الخدمات الرقمية,عام,القطاع العام,خدمة إلكترونية,2026/04/26,"36,512,940"
الخدمات الرقمية,عام,القطاع العام,خدمة إلكترونية,2026/04/26,"36,512,808"
الخدمات الرقمية,عام,القطاع العام,خدمة إلكترونية,2026/04/26,"36,513,118"
الخدمات الرقمية,عام,القطاع العام,خدمة إلكترونية,2026/04/26,"36,512,853"
الخدمات الرقمية,عام,القطاع العام,خدمة إلكترونية,2026/04/26,"36,513,028"
الخدمات الرقمية,عام,القطاع العام,خدمة إلكترونية,2026/04/26,"36,513,180"
الخدمات الرقمية,عام,القطاع العام,خدمة إلكترونية,2026/04/26,"36,512,852"
الخدمات الرقمية,عام,القطاع العام,خدمة إلكترونية,2026/04/26,"36,513,070"
الخدمات الرقمية,عام,القطاع العام,خدمة إلكترونية,2026/04/26,"36,513,186"
الخدمات الرقمية,عام,القطاع العام,خدمة إلكترونية,2026/04/26,"36,512,954"
الخدمات الرقمية,عام,القطاع العام,خدمة إلكترونية,2026/04/26,"36,512,615"
الخدمات الرقمية,عام,القطاع العام,خدمة إلكترونية,2026/04/26,"36,513,149"
الخدمات الرقمية,عام,القطاع العام,خدمة إلكترونية,2026/04/26,"36,512,906"
الخدمات الرقمية,عام,القطاع العام,خدمة إلكترونية,2026/04/26,"36,512,941"
الخدمات الرقمية,عام,القطاع العام,خدمة إلكترونية,2026/04/26,"36,513,083"
الخدمات الرقمية,عام,القطاع العام,خدمة إلكترونية,2026/04/26,"36,513,146"
الخدمات الرقمية,عام,القطاع العام,خدمة إلكترونية,2026/04/26,"36,513,194"
الخدمات الرقمية,عام,القطاع العام,خدمة إلكترونية,2026/04/26,"36,512,946"
الخدمات الرقمية,عام,القطاع العام,خدمة إلكترونية,2026/04/26,"36,513,214"
الخدمات الرقمية,عام,القطاع العام,خدمة إلكترونية,2026/04/26,"36,512,951"
الخدمات الرقمية,عام,القطاع العام,خدمة إلكترونية,2026/04/26,"36,513,144"
الخدمات الرقمية,عام,القطاع العام,خدمة إلكترونية,2026/04/26,"36,512,684"
الخدمات الرقمية,عام,القطاع العام,خدمة إلكترونية,2026/04/26,"36,512,934"
الخدمات الرقمية,عام,القطاع العام,خدمة إلكترونية,2026/04/26,"36,512,959"
الخدمات الرقمية,عام,القطاع العام,خدمة إلكترونية,2026/04/26,"36,512,687"
الخدمات الرقمية,عام,القطاع العام,خدمة إلكترونية,2026/04/26,"36,513,116"
الخدمات الرقمية,عام,القطاع العام,خدمة إلكترونية,2026/04/26,"36,513,242"
الخدمات الرقمية,عام,القطاع العام,خدمة إلكترونية,2026/04/26,"36,513,011"
الخدمات الرقمية,عام,القطاع العام,خدمة إلكترونية,2026/04/26,"36,512,631"
الخدمات الرقمية,عام,القطاع العام,خدمة إلكترونية,2026/04/26,"36,512,979"
الخدمات الرقمية,عام,القطاع العام,خدمة إلكترونية,2026/04/26,"36,513,189"
الخدمات الرقمية,عام,القطاع العام,خدمة إلكترونية,2026/04/26,"36,513,117"
الخدمات الرقمية,عام,القطاع العام,خدمة إلكترونية,2026/04/26,"36,513,221"
الخدمات الرقمية,عام,القطاع العام,خدمة إلكترونية,2026/04/26,"36,512,804"
الخدمات الرقمية,عام,القطاع العام,خدمة إلكترونية,2026/04/26,"36,513,216"
الخدمات الرقمية,عام,القطاع العام,خدمة إلكترونية,2026/04/26,"36,513,220"
الخدمات الرقمية,عام,القطاع العام,خدمة إلكترونية,2026/04/26,"36,512,956"
الخدمات الرقمية,عام,القطاع العام,خدمة إلكترونية,2026/04/26,"36,512,788"
الخدمات الرقمية,عام,القطاع العام,خدمة إلكترونية,2026/04/26,"36,513,192"
الخدمات الرقمية,عام,القطاع العام,خدمة إلكترونية,2026/04/26,"36,513,200"
الخدمات الرقمية,عام,القطاع العام,خدمة إلكترونية,2026/04/26,"36,513,024"
الخدمات الرقمية,عام,القطاع العام,خدمة إلكترونية,2026/04/26,"36,513,017"
الخدمات الرقمية,عام,القطاع العام,خدمة إلكترونية,2026/04/26,"36,512,952"
 المدينة المنوره,المدينة المنورة,القطاع الخاص,خدمة إلكترونية جزئيا,2026/04/27,"36,537,685"
 الشرقية,الدمام,القطاع الخاص,خدمة إلكترونية جزئيا,2026/04/27,"36,524,118"
 المدينة المنوره,المدينة المنورة,القطاع الخاص,خدمة إلكترونية جزئيا,2026/04/27,"36,522,846"
 حائل,حائل,القطاع الخاص,خدمة إلكترونية جزئيا,2026/04/27,"36,520,544"
 الرياض,الرياض,القطاع الخاص,خدمة إلكترونية جزئيا,2026/04/27,"36,517,827"
الخدمات الرقمية,عام,القطاع العام,خدمة إلكترونية,2026/04/27,"36,519,816"
الخدمات الرقمية,عام,القطاع العام,خدمة إلكترونية,2026/04/27,"36,520,565"
الخدمات الرقمية,عام,القطاع العام,خدمة إلكترونية,2026/04/27,"36,524,052"
الخدمات الرقمية,عام,القطاع العام,خدمة إلكترونية,2026/04/27,"36,542,083"
 مكة المكرمه,جده,القطاع الخاص,خدمة إلكترونية جزئيا,2026/04/27,"36,526,148"
 الرياض,الرياض,القطاع الخاص,خدمة إلكترونية جزئيا,2026/04/27,"36,519,442"
 الرياض,الرياض,القطاع الخاص,خدمة إلكترونية جزئيا,2026/04/27,"36,518,167"
 المدينة المنوره,المدينة المنورة,القطاع الخاص,خدمة إلكترونية جزئيا,2026/04/27,"36,523,005"
 المدينة المنوره,المدينة المنورة,القطاع الخاص,خدمة إلكترونية جزئيا,2026/04/27,"36,537,747"
 الرياض,الرياض,القطاع الخاص,خدمة إلكترونية جزئيا,2026/04/27,"36,523,565"
 الشرقية,الدمام,القطاع الخاص,خدمة إلكترونية جزئيا,2026/04/27,"36,524,309"
 حائل,حائل,القطاع الخاص,خدمة إلكترونية جزئيا,2026/04/27,"36,520,625"
 الشرقية,الدمام,القطاع الخاص,خدمة إلكترونية جزئيا,2026/04/27,"36,518,902"
الخدمات الرقمية,عام,القطاع العام,خدمة إلكترونية,2026/04/27,"36,519,652"
الخدمات الرقمية,عام,القطاع العام,خدمة إلكترونية,2026/04/27,"36,519,066"
الخدمات الرقمية,عام,القطاع العام,خدمة إلكترونية,2026/04/27,"36,526,432"
الخدمات الرقمية,عام,القطاع العام,خدمة إلكترونية,2026/04/27,"36,516,485"
الخدمات الرقمية,عام,القطاع العام,خدمة إلكترونية,2026/04/27,"36,517,579"
الخدمات الرقمية,عام,القطاع العام,خدمة إلكترونية,2026/04/27,"36,527,844"
الخدمات الرقمية,عام,القطاع العام,خدمة إلكترونية,2026/04/27,"36,527,901"
الخدمات الرقمية,عام,القطاع العام,خدمة إلكترونية,2026/04/27,"36,526,167"
الخدمات الرقمية,عام,القطاع العام,خدمة إلكترونية,2026/04/27,"36,520,708"
الخدمات الرقمية,عام,القطاع العام,خدمة إلكترونية,2026/04/27,"36,518,900"
الخدمات الرقمية,عام,القطاع العام,خدمة إلكترونية,2026/04/27,"36,525,742"
الخدمات الرقمية,عام,القطاع العام,خدمة إلكترونية,2026/04/27,"36,517,834"
الخدمات الرقمية,عام,القطاع العام,خدمة إلكترونية,2026/04/27,"36,524,352"
الخدمات الرقمية,عام,القطاع العام,خدمة إلكترونية,2026/04/27,"36,526,220"
الخدمات الرقمية,عام,القطاع العام,خدمة إلكترونية,2026/04/27,"36,520,510"
الخدمات الرقمية,عام,القطاع العام,خدمة إلكترونية,2026/04/27,"36,528,774"
الخدمات الرقمية,عام,القطاع العام,خدمة إلكترونية,2026/04/27,"36,525,854"
الخدمات الرقمية,عام,القطاع العام,خدمة إلكترونية,2026/04/27,"36,516,526"
الخدمات الرقمية,عام,القطاع العام,خدمة إلكترونية,2026/04/27,"36,528,794"
الخدمات الرقمية,عام,القطاع العام,خدمة إلكترونية,2026/04/27,"36,531,091"
الخدمات الرقمية,عام,القطاع العام,خدمة إلكترونية,2026/04/27,"36,529,691"
الخدمات الرقمية,عام,القطاع العام,خدمة إلكترونية,2026/04/27,"36,526,898"
الخدمات الرقمية,عام,القطاع العام,خدمة إلكترونية,2026/04/27,"36,532,843"
الخدمات الرقمية,عام,القطاع العام,خدمة إلكترونية,2026/04/27,"36,535,447"
الخدمات الرقمية,عام,القطاع العام,خدمة إلكترونية,2026/04/27,"36,516,562"
الخدمات الرقمية,عام,القطاع العام,خدمة إلكترونية,2026/04/27,"36,533,149"
الخدمات الرقمية,عام,القطاع العام,خدمة إلكترونية,2026/04/27,"36,535,733"
الخدمات الرقمية,عام,القطاع العام,خدمة إلكترونية,2026/04/27,"36,516,582"
الخدمات الرقمية,عام,القطاع العام,خدمة إلكترونية,2026/04/27,"36,531,132"
الخدمات الرقمية,عام,القطاع العام,خدمة إلكترونية,2026/04/27,"36,523,623"
الخدمات الرقمية,عام,القطاع العام,خدمة إلكترونية,2026/04/27,"36,517,249"
الخدمات الرقمية,عام,القطاع العام,خدمة إلكترونية,2026/04/27,"36,527,487"
الخدمات الرقمية,عام,القطاع العام,خدمة إلكترونية,2026/04/27,"36,526,692"
الخدمات الرقمية,عام,القطاع العام,خدمة إلكترونية,2026/04/27,"36,527,109"
الخدمات الرقمية,عام,القطاع العام,خدمة إلكترونية,2026/04/27,"36,532,496"
الخدمات الرقمية,عام,القطاع العام,خدمة إلكترونية,2026/04/27,"36,516,234"
الخدمات الرقمية,عام,القطاع العام,خدمة إلكترونية,2026/04/27,"36,526,622"
الخدمات الرقمية,عام,القطاع العام,خدمة إلكترونية,2026/04/27,"36,535,837"
الخدمات الرقمية,عام,القطاع العام,خدمة إلكترونية,2026/04/27,"36,519,581"
الخدمات الرقمية,عام,القطاع العام,خدمة إلكترونية,2026/04/27,"36,520,207"
الخدمات الرقمية,عام,القطاع العام,خدمة إلكترونية,2026/04/27,"36,515,767"
الخدمات الرقمية,عام,القطاع العام,خدمة إلكترونية,2026/04/27,"36,528,967"
الخدمات الرقمية,عام,القطاع العام,خدمة إلكترونية,2026/04/27,"36,519,886"
الخدمات الرقمية,عام,القطاع العام,خدمة إلكترونية,2026/04/27,"36,519,956"
الخدمات الرقمية,عام,القطاع العام,خدمة إلكترونية,2026/04/27,"36,528,665"
الخدمات الرقمية,عام,القطاع العام,خدمة إلكترونية,2026/04/27,"36,524,177"
الخدمات الرقمية,عام,القطاع العام,خدمة إلكترونية,2026/04/27,"36,517,124"
الخدمات الرقمية,عام,القطاع العام,خدمة إلكترونية,2026/04/27,"36,517,895"
الخدمات الرقمية,عام,القطاع العام,خدمة إلكترونية,2026/04/27,"36,517,691"
الخدمات الرقمية,عام,القطاع العام,خدمة إلكترونية,2026/04/27,"36,513,469"
الخدمات الرقمية,عام,القطاع العام,خدمة إلكترونية,2026/04/27,"36,513,506"
الخدمات الرقمية,عام,القطاع العام,خدمة إلكترونية,2026/04/27,"36,517,314"
الخدمات الرقمية,عام,القطاع العام,خدمة إلكترونية,2026/04/27,"36,517,724"
الخدمات الرقمية,عام,القطاع العام,خدمة إلكترونية,2026/04/27,"36,517,793"
الخدمات الرقمية,عام,القطاع العام,خدمة إلكترونية,2026/04/27,"36,517,905"
الخدمات الرقمية,عام,القطاع العام,خدمة إلكترونية,2026/04/27,"36,519,333"
الخدمات الرقمية,عام,القطاع العام,خدمة إلكترونية,2026/04/27,"36,519,232"
الخدمات الرقمية,عام,القطاع العام,خدمة إلكترونية,2026/04/27,"36,519,288"
الخدمات الرقمية,عام,القطاع العام,خدمة إلكترونية,2026/04/27,"36,519,650"
الخدمات الرقمية,عام,القطاع العام,خدمة إلكترونية,2026/04/27,"36,516,919"
الخدمات الرقمية,عام,القطاع العام,خدمة إلكترونية,2026/04/27,"36,517,000"
الخدمات الرقمية,عام,القطاع العام,خدمة إلكترونية,2026/04/27,"36,517,146"
الخدمات الرقمية,عام,القطاع العام,خدمة إلكترونية,2026/04/27,"36,519,797"
الخدمات الرقمية,عام,القطاع العام,خدمة إلكترونية,2026/04/27,"36,517,401"
الخدمات الرقمية,عام,القطاع العام,خدمة إلكترونية,2026/04/27,"36,519,326"
الخدمات الرقمية,عام,القطاع العام,خدمة إلكترونية,2026/04/27,"36,517,313"
الخدمات الرقمية,عام,القطاع العام,خدمة إلكترونية,2026/04/27,"36,519,852"
الخدمات الرقمية,عام,القطاع العام,خدمة إلكترونية,2026/04/27,"36,517,408"
الخدمات الرقمية,عام,القطاع العام,خدمة إلكترونية,2026/04/27,"36,519,158"
الخدمات الرقمية,عام,القطاع العام,خدمة إلكترونية,2026/04/27,"36,519,685"
الخدمات الرقمية,عام,القطاع العام,خدمة إلكترونية,2026/04/27,"36,520,102"
الخدمات الرقمية,عام,القطاع العام,خدمة إلكترونية,2026/04/27,"36,520,107"
الخدمات الرقمية,عام,القطاع العام,خدمة إلكترونية,2026/04/27,"36,513,277"
الخدمات الرقمية,عام,القطاع العام,خدمة إلكترونية,2026/04/27,"36,517,209"
الخدمات الرقمية,عام,القطاع العام,خدمة إلكترونية,2026/04/27,"36,517,732"
الخدمات الرقمية,عام,القطاع العام,خدمة إلكترونية,2026/04/27,"36,522,493"
الخدمات الرقمية,عام,القطاع العام,خدمة إلكترونية,2026/04/27,"36,523,029"
الخدمات الرقمية,عام,القطاع العام,خدمة إلكترونية,2026/04/27,"36,513,465"
الخدمات الرقمية,عام,القطاع العام,خدمة إلكترونية,2026/04/27,"36,519,674"
الخدمات الرقمية,عام,القطاع العام,خدمة إلكترونية,2026/04/27,"36,520,596"
الخدمات الرقمية,عام,القطاع العام,خدمة إلكترونية,2026/04/27,"36,516,921"
الخدمات الرقمية,عام,القطاع العام,خدمة إلكترونية,2026/04/27,"36,517,686"
الخدمات الرقمية,عام,القطاع العام,خدمة إلكترونية,2026/04/27,"36,520,238"
الخدمات الرقمية,عام,القطاع العام,خدمة إلكترونية,2026/04/27,"36,522,659"
الخدمات الرقمية,عام,القطاع العام,خدمة إلكترونية,2026/04/27,"36,523,205"
الخدمات الرقمية,عام,القطاع العام,خدمة إلكترونية,2026/04/27,"36,523,423"
الخدمات الرقمية,عام,القطاع العام,خدمة إلكترونية,2026/04/27,"36,520,291"
الخدمات الرقمية,عام,القطاع العام,خدمة إلكترونية,2026/04/27,"36,517,996"
الخدمات الرقمية,عام,القطاع العام,خدمة إلكترونية,2026/04/27,"36,519,358"
الخدمات الرقمية,عام,القطاع العام,خدمة إلكترونية,2026/04/27,"36,519,515"
الخدمات الرقمية,عام,القطاع العام,خدمة إلكترونية,2026/04/27,"36,519,177"
الخدمات الرقمية,عام,القطاع العام,خدمة إلكترونية,2026/04/27,"36,522,085"
الخدمات الرقمية,عام,القطاع العام,خدمة إلكترونية,2026/04/27,"36,518,180"
الخدمات الرقمية,عام,القطاع العام,خدمة إلكترونية,2026/04/27,"36,520,283"
الخدمات الرقمية,عام,القطاع العام,خدمة إلكترونية,2026/04/27,"36,522,091"
الخدمات الرقمية,عام,القطاع العام,خدمة إلكترونية,2026/04/27,"36,524,074"
الخدمات الرقمية,عام,القطاع العام,خدمة إلكترونية,2026/04/27,"36,524,082"
الخدمات الرقمية,عام,القطاع العام,خدمة إلكترونية,2026/04/27,"36,518,142"
الخدمات الرقمية,عام,القطاع العام,خدمة إلكترونية,2026/04/27,"36,525,079"
الخدمات الرقمية,عام,القطاع العام,خدمة إلكترونية,2026/04/27,"36,525,170"
الخدمات الرقمية,عام,القطاع العام,خدمة إلكترونية,2026/04/27,"36,518,714"
الخدمات الرقمية,عام,القطاع العام,خدمة إلكترونية,2026/04/27,"36,525,452"
الخدمات الرقمية,عام,القطاع العام,خدمة إلكترونية,2026/04/27,"36,522,703"
الخدمات الرقمية,عام,القطاع العام,خدمة إلكترونية,2026/04/27,"36,517,062"
الخدمات الرقمية,عام,القطاع العام,خدمة إلكترونية,2026/04/27,"36,517,275"
الخدمات الرقمية,عام,القطاع العام,خدمة إلكترونية,2026/04/27,"36,517,367"
الخدمات الرقمية,عام,القطاع العام,خدمة إلكترونية,2026/04/27,"36,517,454"
الخدمات الرقمية,عام,القطاع العام,خدمة إلكترونية,2026/04/27,"36,517,536"
الخدمات الرقمية,عام,القطاع العام,خدمة إلكترونية,2026/04/27,"36,524,299"
الخدمات الرقمية,عام,القطاع العام,خدمة إلكترونية,2026/04/27,"36,524,423"
الخدمات الرقمية,عام,القطاع العام,خدمة إلكترونية,2026/04/27,"36,524,658"
الخدمات الرقمية,عام,القطاع العام,خدمة إلكترونية,2026/04/27,"36,524,884"
الخدمات الرقمية,عام,القطاع العام,خدمة إلكترونية,2026/04/27,"36,525,186"
الخدمات الرقمية,عام,القطاع العام,خدمة إلكترونية,2026/04/27,"36,525,444"
الخدمات الرقمية,عام,القطاع العام,خدمة إلكترونية,2026/04/27,"36,525,613"
الخدمات الرقمية,عام,القطاع العام,خدمة إلكترونية,2026/04/27,"36,525,655"
الخدمات الرقمية,عام,القطاع العام,خدمة إلكترونية,2026/04/27,"36,525,951"
الخدمات الرقمية,عام,القطاع العام,خدمة إلكترونية,2026/04/27,"36,526,198"
الخدمات الرقمية,عام,القطاع العام,خدمة إلكترونية,2026/04/27,"36,517,005"
الخدمات الرقمية,عام,القطاع العام,خدمة إلكترونية,2026/04/27,"36,525,647"
الخدمات الرقمية,عام,القطاع العام,خدمة إلكترونية,2026/04/27,"36,519,491"
الخدمات الرقمية,عام,القطاع العام,خدمة إلكترونية,2026/04/27,"36,524,191"
الخدمات الرقمية,عام,القطاع العام,خدمة إلكترونية,2026/04/27,"36,519,221"
الخدمات الرقمية,عام,القطاع العام,خدمة إلكترونية,2026/04/27,"36,513,278"
الخدمات الرقمية,عام,القطاع العام,خدمة إلكترونية,2026/04/27,"36,517,620"
الخدمات الرقمية,عام,القطاع العام,خدمة إلكترونية,2026/04/27,"36,518,693"
الخدمات الرقمية,عام,القطاع العام,خدمة إلكترونية,2026/04/27,"36,518,706"
الخدمات الرقمية,عام,القطاع العام,خدمة إلكترونية,2026/04/27,"36,524,086"
الخدمات الرقمية,عام,القطاع العام,خدمة إلكترونية,2026/04/27,"36,525,345"
الخدمات الرقمية,عام,القطاع العام,خدمة إلكترونية,2026/04/27,"36,517,413"
الخدمات الرقمية,عام,القطاع العام,خدمة إلكترونية,2026/04/27,"36,519,386"
الخدمات الرقمية,عام,القطاع العام,خدمة إلكترونية,2026/04/27,"36,520,122"
الخدمات الرقمية,عام,القطاع العام,خدمة إلكترونية,2026/04/27,"36,527,653"
الخدمات الرقمية,عام,القطاع العام,خدمة إلكترونية,2026/04/27,"36,522,046"
الخدمات الرقمية,عام,القطاع العام,خدمة إلكترونية,2026/04/27,"36,522,908"
الخدمات الرقمية,عام,القطاع العام,خدمة إلكترونية,2026/04/27,"36,522,959"
الخدمات الرقمية,عام,القطاع العام,خدمة إلكترونية,2026/04/27,"36,523,397"
الخدمات الرقمية,عام,القطاع العام,خدمة إلكترونية,2026/04/27,"36,523,637"
الخدمات الرقمية,عام,القطاع العام,خدمة إلكترونية,2026/04/27,"36,519,162"
الخدمات الرقمية,عام,القطاع العام,خدمة إلكترونية,2026/04/27,"36,519,503"
الخدمات الرقمية,عام,القطاع العام,خدمة إلكترونية,2026/04/27,"36,513,310"
الخدمات الرقمية,عام,القطاع العام,خدمة إلكترونية,2026/04/27,"36,517,783"
الخدمات الرقمية,عام,القطاع العام,خدمة إلكترونية,2026/04/27,"36,517,956"
الخدمات الرقمية,عام,القطاع العام,خدمة إلكترونية,2026/04/27,"36,518,368"
الخدمات الرقمية,عام,القطاع العام,خدمة إلكترونية,2026/04/27,"36,517,484"
الخدمات الرقمية,عام,القطاع العام,خدمة إلكترونية,2026/04/27,"36,523,869"
الخدمات الرقمية,عام,القطاع العام,خدمة إلكترونية,2026/04/27,"36,517,308"
الخدمات الرقمية,عام,القطاع العام,خدمة إلكترونية,2026/04/27,"36,517,902"
الخدمات الرقمية,عام,القطاع العام,خدمة إلكترونية,2026/04/27,"36,513,266"
الخدمات الرقمية,عام,القطاع العام,خدمة إلكترونية,2026/04/27,"36,525,943"
الخدمات الرقمية,عام,القطاع العام,خدمة إلكترونية,2026/04/27,"36,524,476"
الخدمات الرقمية,عام,القطاع العام,خدمة إلكترونية,2026/04/27,"36,517,019"
الخدمات الرقمية,عام,القطاع العام,خدمة إلكترونية,2026/04/27,"36,518,790"
الخدمات الرقمية,عام,القطاع العام,خدمة إلكترونية,2026/04/27,"36,519,499"
الخدمات الرقمية,عام,القطاع العام,خدمة إلكترونية,2026/04/27,"36,513,320"
الخدمات الرقمية,عام,القطاع العام,خدمة إلكترونية,2026/04/27,"36,519,256"
الخدمات الرقمية,عام,القطاع العام,خدمة إلكترونية,2026/04/27,"36,513,446"
الخدمات الرقمية,عام,القطاع العام,خدمة إلكترونية,2026/04/27,"36,519,777"
الخدمات الرقمية,عام,القطاع العام,خدمة إلكترونية,2026/04/27,"36,517,802"
الخدمات الرقمية,عام,القطاع العام,خدمة إلكترونية,2026/04/27,"36,518,130"
الخدمات الرقمية,عام,القطاع العام,خدمة إلكترونية,2026/04/27,"36,528,363"
الخدمات الرقمية,عام,القطاع العام,خدمة إلكترونية,2026/04/27,"36,526,952"
الخدمات الرقمية,عام,القطاع العام,خدمة إلكترونية,2026/04/27,"36,517,541"
الخدمات الرقمية,عام,القطاع العام,خدمة إلكترونية,2026/04/27,"36,518,181"
الخدمات الرقمية,عام,القطاع العام,خدمة إلكترونية,2026/04/27,"36,523,505"
الخدمات الرقمية,عام,القطاع العام,خدمة إلكترونية,2026/04/27,"36,525,315"
الخدمات الرقمية,عام,القطاع العام,خدمة إلكترونية,2026/04/27,"36,527,129"
الخدمات الرقمية,عام,القطاع العام,خدمة إلكترونية,2026/04/27,"36,520,326"
الخدمات الرقمية,عام,القطاع العام,خدمة إلكترونية,2026/04/27,"36,517,721"
الخدمات الرقمية,عام,القطاع العام,خدمة إلكترونية,2026/04/27,"36,518,257"
الخدمات الرقمية,عام,القطاع العام,خدمة إلكترونية,2026/04/27,"36,525,457"
الخدمات الرقمية,عام,القطاع العام,خدمة إلكترونية,2026/04/27,"36,519,167"
الخدمات الرقمية,عام,القطاع العام,خدمة إلكترونية,2026/04/27,"36,513,458"
الخدمات الرقمية,عام,القطاع العام,خدمة إلكترونية,2026/04/27,"36,513,438"
الخدمات الرقمية,عام,القطاع العام,خدمة إلكترونية,2026/04/27,"36,523,688"
الخدمات الرقمية,عام,القطاع العام,خدمة إلكترونية,2026/04/27,"36,527,913"
الخدمات الرقمية,عام,القطاع العام,خدمة إلكترونية,2026/04/27,"36,513,272"
الخدمات الرقمية,عام,القطاع العام,خدمة إلكترونية,2026/04/27,"36,517,389"
الخدمات الرقمية,عام,القطاع العام,خدمة إلكترونية,2026/04/27,"36,517,478"
الخدمات الرقمية,عام,القطاع العام,خدمة إلكترونية,2026/04/27,"36,519,297"
الخدمات الرقمية,عام,القطاع العام,خدمة إلكترونية,2026/04/27,"36,522,977"
الخدمات الرقمية,عام,القطاع العام,خدمة إلكترونية,2026/04/27,"36,528,584"
الخدمات الرقمية,عام,القطاع العام,خدمة إلكترونية,2026/04/27,"36,517,799"
الخدمات الرقمية,عام,القطاع العام,خدمة إلكترونية,2026/04/27,"36,517,906"
الخدمات الرقمية,عام,القطاع العام,خدمة إلكترونية,2026/04/27,"36,517,990"
الخدمات الرقمية,عام,القطاع العام,خدمة إلكترونية,2026/04/27,"36,518,701"
الخدمات الرقمية,عام,القطاع العام,خدمة إلكترونية,2026/04/27,"36,520,289"
الخدمات الرقمية,عام,القطاع العام,خدمة إلكترونية,2026/04/27,"36,525,297"
الخدمات الرقمية,عام,القطاع العام,خدمة إلكترونية,2026/04/27,"36,528,361"
الخدمات الرقمية,عام,القطاع العام,خدمة إلكترونية,2026/04/27,"36,517,278"
الخدمات الرقمية,عام,القطاع العام,خدمة إلكترونية,2026/04/27,"36,517,892"
الخدمات الرقمية,عام,القطاع العام,خدمة إلكترونية,2026/04/27,"36,522,678"
الخدمات الرقمية,عام,القطاع العام,خدمة إلكترونية,2026/04/27,"36,525,965"
الخدمات الرقمية,عام,القطاع العام,خدمة إلكترونية,2026/04/27,"36,524,428"
الخدمات الرقمية,عام,القطاع العام,خدمة إلكترونية,2026/04/27,"36,523,036"
الخدمات الرقمية,عام,القطاع العام,خدمة إلكترونية,2026/04/27,"36,523,450"
الخدمات الرقمية,عام,القطاع العام,خدمة إلكترونية,2026/04/27,"36,518,998"
الخدمات الرقمية,عام,القطاع العام,خدمة إلكترونية,2026/04/27,"36,525,446"
الخدمات الرقمية,عام,القطاع العام,خدمة إلكترونية,2026/04/27,"36,526,931"
الخدمات الرقمية,عام,القطاع العام,خدمة إلكترونية,2026/04/27,"36,517,296"
الخدمات الرقمية,عام,القطاع العام,خدمة إلكترونية,2026/04/27,"36,517,388"
الخدمات الرقمية,عام,القطاع العام,خدمة إلكترونية,2026/04/27,"36,517,522"
الخدمات الرقمية,عام,القطاع العام,خدمة إلكترونية,2026/04/27,"36,517,885"
الخدمات الرقمية,عام,القطاع العام,خدمة إلكترونية,2026/04/27,"36,518,152"
الخدمات الرقمية,عام,القطاع العام,خدمة إلكترونية,2026/04/27,"36,518,253"
الخدمات الرقمية,عام,القطاع العام,خدمة إلكترونية,2026/04/27,"36,518,996"
الخدمات الرقمية,عام,القطاع العام,خدمة إلكترونية,2026/04/27,"36,522,713"
الخدمات الرقمية,عام,القطاع العام,خدمة إلكترونية,2026/04/27,"36,519,517"
الخدمات الرقمية,عام,القطاع العام,خدمة إلكترونية,2026/04/27,"36,519,987"
الخدمات الرقمية,عام,القطاع العام,خدمة إلكترونية,2026/04/27,"36,525,096"
الخدمات الرقمية,عام,القطاع العام,خدمة إلكترونية,2026/04/27,"36,519,238"
الخدمات الرقمية,عام,القطاع العام,خدمة إلكترونية,2026/04/27,"36,513,284"
الخدمات الرقمية,عام,القطاع العام,خدمة إلكترونية,2026/04/27,"36,513,313"
الخدمات الرقمية,عام,القطاع العام,خدمة إلكترونية,2026/04/27,"36,519,661"
الخدمات الرقمية,عام,القطاع العام,خدمة إلكترونية,2026/04/27,"36,521,977"
الخدمات الرقمية,عام,القطاع العام,خدمة إلكترونية,2026/04/27,"36,523,704"
الخدمات الرقمية,عام,القطاع العام,خدمة إلكترونية,2026/04/27,"36,524,892"
الخدمات الرقمية,عام,القطاع العام,خدمة إلكترونية,2026/04/27,"36,525,058"
الخدمات الرقمية,عام,القطاع العام,خدمة إلكترونية,2026/04/27,"36,525,114"
الخدمات الرقمية,عام,القطاع العام,خدمة إلكترونية,2026/04/27,"36,525,126"
الخدمات الرقمية,عام,القطاع العام,خدمة إلكترونية,2026/04/27,"36,525,907"
الخدمات الرقمية,عام,القطاع العام,خدمة إلكترونية,2026/04/27,"36,517,501"
الخدمات الرقمية,عام,القطاع العام,خدمة إلكترونية,2026/04/27,"36,525,167"
الخدمات الرقمية,عام,القطاع العام,خدمة إلكترونية,2026/04/27,"36,525,888"
الخدمات الرقمية,عام,القطاع العام,خدمة إلكترونية,2026/04/27,"36,528,801"
الخدمات الرقمية,عام,القطاع العام,خدمة إلكترونية,2026/04/27,"36,529,335"
الخدمات الرقمية,عام,القطاع العام,خدمة إلكترونية,2026/04/27,"36,529,502"
الخدمات الرقمية,عام,القطاع العام,خدمة إلكترونية,2026/04/27,"36,530,120"
الخدمات الرقمية,عام,القطاع العام,خدمة إلكترونية,2026/04/27,"36,519,861"
الخدمات الرقمية,عام,القطاع العام,خدمة إلكترونية,2026/04/27,"36,522,966"
الخدمات الرقمية,عام,القطاع العام,خدمة إلكترونية,2026/04/27,"36,517,069"
الخدمات الرقمية,عام,القطاع العام,خدمة إلكترونية,2026/04/27,"36,522,954"
الخدمات الرقمية,عام,القطاع العام,خدمة إلكترونية,2026/04/27,"36,523,540"
الخدمات الرقمية,عام,القطاع العام,خدمة إلكترونية,2026/04/27,"36,517,300"
الخدمات الرقمية,عام,القطاع العام,خدمة إلكترونية,2026/04/27,"36,519,224"
الخدمات الرقمية,عام,القطاع العام,خدمة إلكترونية,2026/04/27,"36,517,063"
الخدمات الرقمية,عام,القطاع العام,خدمة إلكترونية,2026/04/27,"36,517,307"
الخدمات الرقمية,عام,القطاع العام,خدمة إلكترونية,2026/04/27,"36,517,513"
الخدمات الرقمية,عام,القطاع العام,خدمة إلكترونية,2026/04/27,"36,527,932"
الخدمات الرقمية,عام,القطاع العام,خدمة إلكترونية,2026/04/27,"36,519,665"
الخدمات الرقمية,عام,القطاع العام,خدمة إلكترونية,2026/04/27,"36,518,872"
الخدمات الرقمية,عام,القطاع العام,خدمة إلكترونية,2026/04/27,"36,524,198"
الخدمات الرقمية,عام,القطاع العام,خدمة إلكترونية,2026/04/27,"36,524,319"
الخدمات الرقمية,عام,القطاع العام,خدمة إلكترونية,2026/04/27,"36,527,002"
الخدمات الرقمية,عام,القطاع العام,خدمة إلكترونية,2026/04/27,"36,528,896"
الخدمات الرقمية,عام,القطاع العام,خدمة إلكترونية,2026/04/27,"36,529,163"
الخدمات الرقمية,عام,القطاع العام,خدمة إلكترونية,2026/04/27,"36,523,890"
الخدمات الرقمية,عام,القطاع العام,خدمة إلكترونية,2026/04/27,"36,529,877"
الخدمات الرقمية,عام,القطاع العام,خدمة إلكترونية,2026/04/27,"36,519,979"
الخدمات الرقمية,عام,القطاع العام,خدمة إلكترونية,2026/04/27,"36,529,156"
الخدمات الرقمية,عام,القطاع العام,خدمة إلكترونية,2026/04/27,"36,517,739"
الخدمات الرقمية,عام,القطاع العام,خدمة إلكترونية,2026/04/27,"36,523,024"
الخدمات الرقمية,عام,القطاع العام,خدمة إلكترونية,2026/04/27,"36,528,356"
الخدمات الرقمية,عام,القطاع العام,خدمة إلكترونية,2026/04/27,"36,517,911"
الخدمات الرقمية,عام,القطاع العام,خدمة إلكترونية,2026/04/27,"36,518,186"
الخدمات الرقمية,عام,القطاع العام,خدمة إلكترونية,2026/04/27,"36,519,352"
الخدمات الرقمية,عام,القطاع العام,خدمة إلكترونية,2026/04/27,"36,522,947"
الخدمات الرقمية,عام,القطاع العام,خدمة إلكترونية,2026/04/27,"36,524,900"
الخدمات الرقمية,عام,القطاع العام,خدمة إلكترونية,2026/04/27,"36,525,304"
الخدمات الرقمية,عام,القطاع العام,خدمة إلكترونية,2026/04/27,"36,527,143"
الخدمات الرقمية,عام,القطاع العام,خدمة إلكترونية,2026/04/27,"36,527,133"
الخدمات الرقمية,عام,القطاع العام,خدمة إلكترونية,2026/04/27,"36,527,682"
الخدمات الرقمية,عام,القطاع العام,خدمة إلكترونية,2026/04/27,"36,523,480"
الخدمات الرقمية,عام,القطاع العام,خدمة إلكترونية,2026/04/27,"36,519,438"
الخدمات الرقمية,عام,القطاع العام,خدمة إلكترونية,2026/04/27,"36,528,605"
الخدمات الرقمية,عام,القطاع العام,خدمة إلكترونية,2026/04/27,"36,522,762"
الخدمات الرقمية,عام,القطاع العام,خدمة إلكترونية,2026/04/27,"36,517,730"
الخدمات الرقمية,عام,القطاع العام,خدمة إلكترونية,2026/04/27,"36,519,574"
الخدمات الرقمية,عام,القطاع العام,خدمة إلكترونية,2026/04/27,"36,524,189"
الخدمات الرقمية,عام,القطاع العام,خدمة إلكترونية,2026/04/27,"36,528,627"
الخدمات الرقمية,عام,القطاع العام,خدمة إلكترونية,2026/04/27,"36,529,152"
الخدمات الرقمية,عام,القطاع العام,خدمة إلكترونية,2026/04/27,"36,529,329"
الخدمات الرقمية,عام,القطاع العام,خدمة إلكترونية,2026/04/27,"36,518,147"
الخدمات الرقمية,عام,القطاع العام,خدمة إلكترونية,2026/04/27,"36,519,245"
الخدمات الرقمية,عام,القطاع العام,خدمة إلكترونية,2026/04/27,"36,519,691"
الخدمات الرقمية,عام,القطاع العام,خدمة إلكترونية,2026/04/27,"36,517,595"
الخدمات الرقمية,عام,القطاع العام,خدمة إلكترونية,2026/04/27,"36,522,732"
الخدمات الرقمية,عام,القطاع العام,خدمة إلكترونية,2026/04/27,"36,513,289"
الخدمات الرقمية,عام,القطاع العام,خدمة إلكترونية,2026/04/27,"36,528,592"
الخدمات الرقمية,عام,القطاع العام,خدمة إلكترونية,2026/04/27,"36,525,366"
الخدمات الرقمية,عام,القطاع العام,خدمة إلكترونية,2026/04/27,"36,530,064"
الخدمات الرقمية,عام,القطاع العام,خدمة إلكترونية,2026/04/27,"36,526,981"
الخدمات الرقمية,عام,القطاع العام,خدمة إلكترونية,2026/04/27,"36,517,318"
الخدمات الرقمية,عام,القطاع العام,خدمة إلكترونية,2026/04/27,"36,530,078"
الخدمات الرقمية,عام,القطاع العام,خدمة إلكترونية,2026/04/27,"36,518,994"
الخدمات الرقمية,عام,القطاع العام,خدمة إلكترونية,2026/04/27,"36,519,546"
الخدمات الرقمية,عام,القطاع العام,خدمة إلكترونية,2026/04/27,"36,523,866"
الخدمات الرقمية,عام,القطاع العام,خدمة إلكترونية,2026/04/27,"36,529,645"
الخدمات الرقمية,عام,القطاع العام,خدمة إلكترونية,2026/04/27,"36,528,789"
الخدمات الرقمية,عام,القطاع العام,خدمة إلكترونية,2026/04/27,"36,522,706"
الخدمات الرقمية,عام,القطاع العام,خدمة إلكترونية,2026/04/27,"36,528,785"
الخدمات الرقمية,عام,القطاع العام,خدمة إلكترونية,2026/04/27,"36,517,785"
الخدمات الرقمية,عام,القطاع العام,خدمة إلكترونية,2026/04/27,"36,519,880"
الخدمات الرقمية,عام,القطاع العام,خدمة إلكترونية,2026/04/27,"36,517,538"
الخدمات الرقمية,عام,القطاع العام,خدمة إلكترونية,2026/04/27,"36,517,011"
الخدمات الرقمية,عام,القطاع العام,خدمة إلكترونية,2026/04/27,"36,517,421"
الخدمات الرقمية,عام,القطاع العام,خدمة إلكترونية,2026/04/27,"36,527,448"
الخدمات الرقمية,عام,القطاع العام,خدمة إلكترونية,2026/04/27,"36,528,983"
الخدمات الرقمية,عام,القطاع العام,خدمة إلكترونية,2026/04/27,"36,528,589"
الخدمات الرقمية,عام,القطاع العام,خدمة إلكترونية,2026/04/27,"36,524,338"
الخدمات الرقمية,عام,القطاع العام,خدمة إلكترونية,2026/04/27,"36,517,490"
الخدمات الرقمية,عام,القطاع العام,خدمة إلكترونية,2026/04/27,"36,517,814"
الخدمات الرقمية,عام,القطاع العام,خدمة إلكترونية,2026/04/27,"36,526,270"
الخدمات الرقمية,عام,القطاع العام,خدمة إلكترونية,2026/04/27,"36,513,319"
الخدمات الرقمية,عام,القطاع العام,خدمة إلكترونية,2026/04/27,"36,517,959"
الخدمات الرقمية,عام,القطاع العام,خدمة إلكترونية,2026/04/27,"36,519,571"
الخدمات الرقمية,عام,القطاع العام,خدمة إلكترونية,2026/04/27,"36,519,828"
الخدمات الرقمية,عام,القطاع العام,خدمة إلكترونية,2026/04/27,"36,528,956"
الخدمات الرقمية,عام,القطاع العام,خدمة إلكترونية,2026/04/27,"36,529,137"
الخدمات الرقمية,عام,القطاع العام,خدمة إلكترونية,2026/04/27,"36,529,188"
الخدمات الرقمية,عام,القطاع العام,خدمة إلكترونية,2026/04/27,"36,528,535"
الخدمات الرقمية,عام,القطاع العام,خدمة إلكترونية,2026/04/27,"36,517,494"
الخدمات الرقمية,عام,القطاع العام,خدمة إلكترونية,2026/04/27,"36,524,056"
الخدمات الرقمية,عام,القطاع العام,خدمة إلكترونية,2026/04/27,"36,524,466"
الخدمات الرقمية,عام,القطاع العام,خدمة إلكترونية,2026/04/27,"36,525,130"
الخدمات الرقمية,عام,القطاع العام,خدمة إلكترونية,2026/04/27,"36,528,392"
الخدمات الرقمية,عام,القطاع العام,خدمة إلكترونية,2026/04/27,"36,519,991"
الخدمات الرقمية,عام,القطاع العام,خدمة إلكترونية,2026/04/27,"36,520,070"
الخدمات الرقمية,عام,القطاع العام,خدمة إلكترونية,2026/04/27,"36,524,349"
الخدمات الرقمية,عام,القطاع العام,خدمة إلكترونية,2026/04/27,"36,526,992"
الخدمات الرقمية,عام,القطاع العام,خدمة إلكترونية,2026/04/27,"36,529,921"
الخدمات الرقمية,عام,القطاع العام,خدمة إلكترونية,2026/04/27,"36,523,543"
الخدمات الرقمية,عام,القطاع العام,خدمة إلكترونية,2026/04/27,"36,523,854"
الخدمات الرقمية,عام,القطاع العام,خدمة إلكترونية,2026/04/27,"36,525,279"
الخدمات الرقمية,عام,القطاع العام,خدمة إلكترونية,2026/04/27,"36,518,695"
الخدمات الرقمية,عام,القطاع العام,خدمة إلكترونية,2026/04/27,"36,524,307"
الخدمات الرقمية,عام,القطاع العام,خدمة إلكترونية,2026/04/27,"36,522,918"
الخدمات الرقمية,عام,القطاع العام,خدمة إلكترونية,2026/04/27,"36,528,776"
الخدمات الرقمية,عام,القطاع العام,خدمة إلكترونية,2026/04/27,"36,529,315"
الخدمات الرقمية,عام,القطاع العام,خدمة إلكترونية,2026/04/27,"36,522,067"
الخدمات الرقمية,عام,القطاع العام,خدمة إلكترونية,2026/04/27,"36,523,158"
الخدمات الرقمية,عام,القطاع العام,خدمة إلكترونية,2026/04/27,"36,525,353"
الخدمات الرقمية,عام,القطاع العام,خدمة إلكترونية,2026/04/27,"36,518,136"
الخدمات الرقمية,عام,القطاع العام,خدمة إلكترونية,2026/04/27,"36,513,461"
الخدمات الرقمية,عام,القطاع العام,خدمة إلكترونية,2026/04/27,"36,517,520"
الخدمات الرقمية,عام,القطاع العام,خدمة إلكترونية,2026/04/27,"36,517,967"
الخدمات الرقمية,عام,القطاع العام,خدمة إلكترونية,2026/04/27,"36,517,594"
الخدمات الرقمية,عام,القطاع العام,خدمة إلكترونية,2026/04/27,"36,519,392"
الخدمات الرقمية,عام,القطاع العام,خدمة إلكترونية,2026/04/27,"36,517,680"
الخدمات الرقمية,عام,القطاع العام,خدمة إلكترونية,2026/04/27,"36,518,684"
الخدمات الرقمية,عام,القطاع العام,خدمة إلكترونية,2026/04/27,"36,520,259"
الخدمات الرقمية,عام,القطاع العام,خدمة إلكترونية,2026/04/27,"36,527,008"
الخدمات الرقمية,عام,القطاع العام,خدمة إلكترونية,2026/04/27,"36,528,013"
الخدمات الرقمية,عام,القطاع العام,خدمة إلكترونية,2026/04/27,"36,518,870"
الخدمات الرقمية,عام,القطاع العام,خدمة إلكترونية,2026/04/27,"36,522,499"
الخدمات الرقمية,عام,القطاع العام,خدمة إلكترونية,2026/04/27,"36,530,082"
الخدمات الرقمية,عام,القطاع العام,خدمة إلكترونية,2026/04/27,"36,519,781"
الخدمات الرقمية,عام,القطاع العام,خدمة إلكترونية,2026/04/27,"36,519,248"
الخدمات الرقمية,عام,القطاع العام,خدمة إلكترونية,2026/04/27,"36,519,405"
الخدمات الرقمية,عام,القطاع العام,خدمة إلكترونية,2026/04/27,"36,526,261"
الخدمات الرقمية,عام,القطاع العام,خدمة إلكترونية,2026/04/27,"36,528,972"
الخدمات الرقمية,عام,القطاع العام,خدمة إلكترونية,2026/04/27,"36,524,434"
الخدمات الرقمية,عام,القطاع العام,خدمة إلكترونية,2026/04/27,"36,525,629"
الخدمات الرقمية,عام,القطاع العام,خدمة إلكترونية,2026/04/27,"36,526,247"
الخدمات الرقمية,عام,القطاع العام,خدمة إلكترونية,2026/04/27,"36,522,231"
الخدمات الرقمية,عام,القطاع العام,خدمة إلكترونية,2026/04/27,"36,524,287"
الخدمات الرقمية,عام,القطاع العام,خدمة إلكترونية,2026/04/27,"36,517,381"
الخدمات الرقمية,عام,القطاع العام,خدمة إلكترونية,2026/04/27,"36,520,117"
الخدمات الرقمية,عام,القطاع العام,خدمة إلكترونية,2026/04/27,"36,513,281"
الخدمات الرقمية,عام,القطاع العام,خدمة إلكترونية,2026/04/27,"36,513,508"
الخدمات الرقمية,عام,القطاع العام,خدمة إلكترونية,2026/04/27,"36,523,652"
الخدمات الرقمية,عام,القطاع العام,خدمة إلكترونية,2026/04/27,"36,531,127"
الخدمات الرقمية,عام,القطاع العام,خدمة إلكترونية,2026/04/27,"36,523,838"
الخدمات الرقمية,عام,القطاع العام,خدمة إلكترونية,2026/04/27,"36,517,372"
الخدمات الرقمية,عام,القطاع العام,خدمة إلكترونية,2026/04/27,"36,517,693"
الخدمات الرقمية,عام,القطاع العام,خدمة إلكترونية,2026/04/27,"36,523,184"
الخدمات الرقمية,عام,القطاع العام,خدمة إلكترونية,2026/04/27,"36,524,066"
الخدمات الرقمية,عام,القطاع العام,خدمة إلكترونية,2026/04/27,"36,525,327"
الخدمات الرقمية,عام,القطاع العام,خدمة إلكترونية,2026/04/27,"36,513,440"
الخدمات الرقمية,عام,القطاع العام,خدمة إلكترونية,2026/04/27,"36,523,186"
الخدمات الرقمية,عام,القطاع العام,خدمة إلكترونية,2026/04/27,"36,529,184"
الخدمات الرقمية,عام,القطاع العام,خدمة إلكترونية,2026/04/27,"36,528,797"
الخدمات الرقمية,عام,القطاع العام,خدمة إلكترونية,2026/04/27,"36,529,025"
الخدمات الرقمية,عام,القطاع العام,خدمة إلكترونية,2026/04/27,"36,529,507"
الخدمات الرقمية,عام,القطاع العام,خدمة إلكترونية,2026/04/27,"36,527,958"
الخدمات الرقمية,عام,القطاع العام,خدمة إلكترونية,2026/04/27,"36,519,677"
الخدمات الرقمية,عام,القطاع العام,خدمة إلكترونية,2026/04/27,"36,520,079"
الخدمات الرقمية,عام,القطاع العام,خدمة إلكترونية,2026/04/27,"36,513,261"
الخدمات الرقمية,عام,القطاع العام,خدمة إلكترونية,2026/04/27,"36,517,474"
الخدمات الرقمية,عام,القطاع العام,خدمة إلكترونية,2026/04/27,"36,517,550"
الخدمات الرقمية,عام,القطاع العام,خدمة إلكترونية,2026/04/27,"36,517,554"
الخدمات الرقمية,عام,القطاع العام,خدمة إلكترونية,2026/04/27,"36,513,264"
الخدمات الرقمية,عام,القطاع العام,خدمة إلكترونية,2026/04/27,"36,525,277"
الخدمات الرقمية,عام,القطاع العام,خدمة إلكترونية,2026/04/27,"36,522,126"
الخدمات الرقمية,عام,القطاع العام,خدمة إلكترونية,2026/04/27,"36,522,669"
الخدمات الرقمية,عام,القطاع العام,خدمة إلكترونية,2026/04/27,"36,524,087"
الخدمات الرقمية,عام,القطاع العام,خدمة إلكترونية,2026/04/27,"36,527,984"
الخدمات الرقمية,عام,القطاع العام,خدمة إلكترونية,2026/04/27,"36,524,061"
الخدمات الرقمية,عام,القطاع العام,خدمة إلكترونية,2026/04/27,"36,525,835"
الخدمات الرقمية,عام,القطاع العام,خدمة إلكترونية,2026/04/27,"36,527,970"
الخدمات الرقمية,عام,القطاع العام,خدمة إلكترونية,2026/04/27,"36,518,190"
الخدمات الرقمية,عام,القطاع العام,خدمة إلكترونية,2026/04/27,"36,517,511"
الخدمات الرقمية,عام,القطاع العام,خدمة إلكترونية,2026/04/27,"36,519,789"
الخدمات الرقمية,عام,القطاع العام,خدمة إلكترونية,2026/04/27,"36,520,235"
الخدمات الرقمية,عام,القطاع العام,خدمة إلكترونية,2026/04/27,"36,519,577"
الخدمات الرقمية,عام,القطاع العام,خدمة إلكترونية,2026/04/27,"36,528,370"
الخدمات الرقمية,عام,القطاع العام,خدمة إلكترونية,2026/04/27,"36,529,007"
الخدمات الرقمية,عام,القطاع العام,خدمة إلكترونية,2026/04/27,"36,523,674"
الخدمات الرقمية,عام,القطاع العام,خدمة إلكترونية,2026/04/27,"36,519,697"
الخدمات الرقمية,عام,القطاع العام,خدمة إلكترونية,2026/04/27,"36,520,287"
الخدمات الرقمية,عام,القطاع العام,خدمة إلكترونية,2026/04/27,"36,527,654"
الخدمات الرقمية,عام,القطاع العام,خدمة إلكترونية,2026/04/27,"36,519,031"
الخدمات الرقمية,عام,القطاع العام,خدمة إلكترونية,2026/04/27,"36,523,456"
الخدمات الرقمية,عام,القطاع العام,خدمة إلكترونية,2026/04/27,"36,528,556"
الخدمات الرقمية,عام,القطاع العام,خدمة إلكترونية,2026/04/27,"36,523,009"
الخدمات الرقمية,عام,القطاع العام,خدمة إلكترونية,2026/04/27,"36,524,093"
الخدمات الرقمية,عام,القطاع العام,خدمة إلكترونية,2026/04/27,"36,529,321"
الخدمات الرقمية,عام,القطاع العام,خدمة إلكترونية,2026/04/27,"36,523,496"
الخدمات الرقمية,عام,القطاع العام,خدمة إلكترونية,2026/04/27,"36,525,875"
الخدمات الرقمية,عام,القطاع العام,خدمة إلكترونية,2026/04/27,"36,519,396"
الخدمات الرقمية,عام,القطاع العام,خدمة إلكترونية,2026/04/27,"36,524,360"
الخدمات الرقمية,عام,القطاع العام,خدمة إلكترونية,2026/04/27,"36,531,575"
الخدمات الرقمية,عام,القطاع العام,خدمة إلكترونية,2026/04/27,"36,528,826"
الخدمات الرقمية,عام,القطاع العام,خدمة إلكترونية,2026/04/27,"36,519,193"
الخدمات الرقمية,عام,القطاع العام,خدمة إلكترونية,2026/04/27,"36,522,723"
الخدمات الرقمية,عام,القطاع العام,خدمة إلكترونية,2026/04/27,"36,519,839"
الخدمات الرقمية,عام,القطاع العام,خدمة إلكترونية,2026/04/27,"36,529,888"
الخدمات الرقمية,عام,القطاع العام,خدمة إلكترونية,2026/04/27,"36,525,917"
الخدمات الرقمية,عام,القطاع العام,خدمة إلكترونية,2026/04/27,"36,525,449"
الخدمات الرقمية,عام,القطاع العام,خدمة إلكترونية,2026/04/27,"36,517,295"
الخدمات الرقمية,عام,القطاع العام,خدمة إلكترونية,2026/04/27,"36,517,698"
الخدمات الرقمية,عام,القطاع العام,خدمة إلكترونية,2026/04/27,"36,517,908"
الخدمات الرقمية,عام,القطاع العام,خدمة إلكترونية,2026/04/27,"36,519,184"
الخدمات الرقمية,عام,القطاع العام,خدمة إلكترونية,2026/04/27,"36,517,888"
الخدمات الرقمية,عام,القطاع العام,خدمة إلكترونية,2026/04/27,"36,517,419"
الخدمات الرقمية,عام,القطاع العام,خدمة إلكترونية,2026/04/27,"36,517,971"
الخدمات الرقمية,عام,القطاع العام,خدمة إلكترونية,2026/04/27,"36,519,975"
الخدمات الرقمية,عام,القطاع العام,خدمة إلكترونية,2026/04/27,"36,519,872"
الخدمات الرقمية,عام,القطاع العام,خدمة إلكترونية,2026/04/27,"36,518,194"
الخدمات الرقمية,عام,القطاع العام,خدمة إلكترونية,2026/04/27,"36,524,316"
الخدمات الرقمية,عام,القطاع العام,خدمة إلكترونية,2026/04/27,"36,529,167"
الخدمات الرقمية,عام,القطاع العام,خدمة إلكترونية,2026/04/27,"36,530,095"
الخدمات الرقمية,عام,القطاع العام,خدمة إلكترونية,2026/04/27,"36,528,009"
الخدمات الرقمية,عام,القطاع العام,خدمة إلكترونية,2026/04/27,"36,529,353"
الخدمات الرقمية,عام,القطاع العام,خدمة إلكترونية,2026/04/27,"36,517,899"
الخدمات الرقمية,عام,القطاع العام,خدمة إلكترونية,2026/04/27,"36,519,343"
الخدمات الرقمية,عام,القطاع العام,خدمة إلكترونية,2026/04/27,"36,517,303"
الخدمات الرقمية,عام,القطاع العام,خدمة إلكترونية,2026/04/27,"36,529,319"
الخدمات الرقمية,عام,القطاع العام,خدمة إلكترونية,2026/04/27,"36,513,453"
الخدمات الرقمية,عام,القطاع العام,خدمة إلكترونية,2026/04/27,"36,519,496"
الخدمات الرقمية,عام,القطاع العام,خدمة إلكترونية,2026/04/27,"36,525,670"
الخدمات الرقمية,عام,القطاع العام,خدمة إلكترونية,2026/04/27,"36,524,265"
الخدمات الرقمية,عام,القطاع العام,خدمة إلكترونية,2026/04/27,"36,525,098"
الخدمات الرقمية,عام,القطاع العام,خدمة إلكترونية,2026/04/27,"36,524,255"
الخدمات الرقمية,عام,القطاع العام,خدمة إلكترونية,2026/04/27,"36,525,107"
الخدمات الرقمية,عام,القطاع العام,خدمة إلكترونية,2026/04/27,"36,522,089"
الخدمات الرقمية,عام,القطاع العام,خدمة إلكترونية,2026/04/27,"36,523,226"
 عسير,ابها,القطاع الخاص,خدمة إلكترونية جزئيا,2026/04/28,"36,557,155"
 عسير,ابها,القطاع الخاص,خدمة إلكترونية جزئيا,2026/04/28,"36,557,205"
 عسير,ابها,القطاع الخاص,خدمة إلكترونية جزئيا,2026/04/28,"36,552,262"
 الرياض,الرياض,القطاع الخاص,خدمة إلكترونية جزئيا,2026/04/28,"36,549,554"
 الرياض,الرياض,القطاع العام,خدمة إلكترونية جزئيا,2026/04/28,"36,551,258"
 الرياض,الرياض,القطاع العام,خدمة إلكترونية جزئيا,2026/04/28,"36,551,538"
 الرياض,الرياض,القطاع العام,خدمة إلكترونية جزئيا,2026/04/28,"36,551,422"
 الرياض,الافلاج,القطاع العام,خدمة إلكترونية جزئيا,2026/04/28,"36,554,756"
 الرياض,الرياض,القطاع الخاص,خدمة إلكترونية جزئيا,2026/04/28,"36,555,839"
 الرياض,الرياض,القطاع الخاص,خدمة إلكترونية جزئيا,2026/04/28,"36,549,956"
 الرياض,الرياض,القطاع الخاص,خدمة إلكترونية جزئيا,2026/04/28,"36,549,620"
 مكة المكرمه,الطائف,القطاع الخاص,خدمة إلكترونية جزئيا,2026/04/28,"36,554,351"
 مكة المكرمه,الطائف,القطاع الخاص,خدمة إلكترونية جزئيا,2026/04/28,"36,553,728"
 مكة المكرمه,مكة المكرمة,القطاع الخاص,خدمة إلكترونية جزئيا,2026/04/28,"36,549,836"
 مكة المكرمه,جده,القطاع الخاص,خدمة إلكترونية جزئيا,2026/04/28,"36,555,329"
 مكة المكرمه,جده,القطاع الخاص,خدمة إلكترونية جزئيا,2026/04/28,"36,554,632"
الخدمات الرقمية,عام,القطاع العام,خدمة إلكترونية,2026/04/28,"36,549,121"
الخدمات الرقمية,عام,القطاع العام,خدمة إلكترونية,2026/04/28,"36,548,729"
الخدمات الرقمية,عام,القطاع العام,خدمة إلكترونية,2026/04/28,"36,546,309"
الخدمات الرقمية,عام,القطاع العام,خدمة إلكترونية,2026/04/28,"36,549,017"
الخدمات الرقمية,عام,القطاع العام,خدمة إلكترونية,2026/04/28,"36,551,354"
الخدمات الرقمية,عام,القطاع العام,خدمة إلكترونية,2026/04/28,"36,552,837"
الخدمات الرقمية,عام,القطاع العام,خدمة إلكترونية,2026/04/28,"36,549,441"
الخدمات الرقمية,عام,القطاع العام,خدمة إلكترونية,2026/04/28,"36,548,583"
الخدمات الرقمية,عام,القطاع العام,خدمة إلكترونية,2026/04/28,"36,548,505"
الخدمات الرقمية,عام,القطاع العام,خدمة إلكترونية,2026/04/28,"36,550,309"
الخدمات الرقمية,عام,القطاع العام,خدمة إلكترونية,2026/04/28,"36,553,350"
الخدمات الرقمية,عام,القطاع العام,خدمة إلكترونية,2026/04/28,"36,551,945"
الخدمات الرقمية,عام,القطاع العام,خدمة إلكترونية,2026/04/28,"36,547,634"
الخدمات الرقمية,عام,القطاع العام,خدمة إلكترونية,2026/04/28,"36,556,405"
الخدمات الرقمية,عام,القطاع العام,خدمة إلكترونية,2026/04/28,"36,550,364"
الخدمات الرقمية,عام,القطاع العام,خدمة إلكترونية,2026/04/28,"36,554,704"
الخدمات الرقمية,عام,القطاع العام,خدمة إلكترونية,2026/04/28,"36,555,023"
الخدمات الرقمية,عام,القطاع العام,خدمة إلكترونية,2026/04/28,"36,563,660"
الخدمات الرقمية,عام,القطاع العام,خدمة إلكترونية,2026/04/28,"36,549,549"
الخدمات الرقمية,عام,القطاع العام,خدمة إلكترونية,2026/04/28,"36,560,918"
الخدمات الرقمية,عام,القطاع العام,خدمة إلكترونية,2026/04/28,"36,560,979"
الخدمات الرقمية,عام,القطاع العام,خدمة إلكترونية,2026/04/28,"36,552,246"
الخدمات الرقمية,عام,القطاع العام,خدمة إلكترونية,2026/04/28,"36,542,159"
الخدمات الرقمية,عام,القطاع العام,خدمة إلكترونية,2026/04/28,"36,550,483"
الخدمات الرقمية,عام,القطاع العام,خدمة إلكترونية,2026/04/28,"36,556,804"
الخدمات الرقمية,عام,القطاع العام,خدمة إلكترونية,2026/04/28,"36,551,260"
الخدمات الرقمية,عام,القطاع العام,خدمة إلكترونية,2026/04/28,"36,559,088"
الخدمات الرقمية,عام,القطاع العام,خدمة إلكترونية,2026/04/28,"36,559,057"
الخدمات الرقمية,عام,القطاع العام,خدمة إلكترونية,2026/04/28,"36,554,596"
الخدمات الرقمية,عام,القطاع العام,خدمة إلكترونية,2026/04/28,"36,553,846"
الخدمات الرقمية,عام,القطاع العام,خدمة إلكترونية,2026/04/28,"36,553,172"
الخدمات الرقمية,عام,القطاع العام,خدمة إلكترونية,2026/04/28,"36,556,519"
الخدمات الرقمية,عام,القطاع العام,خدمة إلكترونية,2026/04/28,"36,556,778"
الخدمات الرقمية,عام,القطاع العام,خدمة إلكترونية,2026/04/28,"36,563,687"
الخدمات الرقمية,عام,القطاع العام,خدمة إلكترونية,2026/04/28,"36,549,535"
الخدمات الرقمية,عام,القطاع العام,خدمة إلكترونية,2026/04/28,"36,550,244"
الخدمات الرقمية,عام,القطاع العام,خدمة إلكترونية,2026/04/28,"36,562,888"
الخدمات الرقمية,عام,القطاع العام,خدمة إلكترونية,2026/04/28,"36,556,720"
الخدمات الرقمية,عام,القطاع العام,خدمة إلكترونية,2026/04/28,"36,550,393"
الخدمات الرقمية,عام,القطاع العام,خدمة إلكترونية,2026/04/28,"36,560,827"
الخدمات الرقمية,عام,القطاع العام,خدمة إلكترونية,2026/04/28,"36,563,696"
الخدمات الرقمية,عام,القطاع العام,خدمة إلكترونية,2026/04/28,"36,553,801"
الخدمات الرقمية,عام,القطاع العام,خدمة إلكترونية,2026/04/28,"36,556,086"
الخدمات الرقمية,عام,القطاع العام,خدمة إلكترونية,2026/04/28,"36,552,561"
الخدمات الرقمية,عام,القطاع العام,خدمة إلكترونية,2026/04/28,"36,546,612"
الخدمات الرقمية,عام,القطاع العام,خدمة إلكترونية,2026/04/28,"36,552,688"
الخدمات الرقمية,عام,القطاع العام,خدمة إلكترونية,2026/04/28,"36,560,581"
الخدمات الرقمية,عام,القطاع العام,خدمة إلكترونية,2026/04/28,"36,554,611"
الخدمات الرقمية,عام,القطاع العام,خدمة إلكترونية,2026/04/28,"36,556,721"
الخدمات الرقمية,عام,القطاع العام,خدمة إلكترونية,2026/04/28,"36,559,037"
الخدمات الرقمية,عام,القطاع العام,خدمة إلكترونية,2026/04/28,"36,555,594"
الخدمات الرقمية,عام,القطاع العام,خدمة إلكترونية,2026/04/28,"36,546,995"
الخدمات الرقمية,عام,القطاع العام,خدمة إلكترونية,2026/04/28,"36,552,539"
الخدمات الرقمية,عام,القطاع العام,خدمة إلكترونية,2026/04/28,"36,552,968"
الخدمات الرقمية,عام,القطاع العام,خدمة إلكترونية,2026/04/28,"36,550,305"
الخدمات الرقمية,عام,القطاع العام,خدمة إلكترونية,2026/04/28,"36,552,930"
الخدمات الرقمية,عام,القطاع العام,خدمة إلكترونية,2026/04/28,"36,561,037"
الخدمات الرقمية,عام,القطاع العام,خدمة إلكترونية,2026/04/28,"36,552,616"
الخدمات الرقمية,عام,القطاع العام,خدمة إلكترونية,2026/04/28,"36,563,735"
الخدمات الرقمية,عام,القطاع العام,خدمة إلكترونية,2026/04/28,"36,565,054"
الخدمات الرقمية,عام,القطاع العام,خدمة إلكترونية,2026/04/28,"36,565,867"
الخدمات الرقمية,عام,القطاع العام,خدمة إلكترونية,2026/04/28,"36,547,927"
الخدمات الرقمية,عام,القطاع العام,خدمة إلكترونية,2026/04/28,"36,553,565"
الخدمات الرقمية,عام,القطاع العام,خدمة إلكترونية,2026/04/28,"36,551,699"
الخدمات الرقمية,عام,القطاع العام,خدمة إلكترونية,2026/04/28,"36,551,843"
الخدمات الرقمية,عام,القطاع العام,خدمة إلكترونية,2026/04/28,"36,554,874"
الخدمات الرقمية,عام,القطاع العام,خدمة إلكترونية,2026/04/28,"36,552,120"
الخدمات الرقمية,عام,القطاع العام,خدمة إلكترونية,2026/04/28,"36,552,340"
الخدمات الرقمية,عام,القطاع العام,خدمة إلكترونية,2026/04/28,"36,552,576"
الخدمات الرقمية,عام,القطاع العام,خدمة إلكترونية,2026/04/28,"36,554,011"
الخدمات الرقمية,عام,القطاع العام,خدمة إلكترونية,2026/04/28,"36,552,554"
الخدمات الرقمية,عام,القطاع العام,خدمة إلكترونية,2026/04/28,"36,553,278"
الخدمات الرقمية,عام,القطاع العام,خدمة إلكترونية,2026/04/28,"36,554,717"
الخدمات الرقمية,عام,القطاع العام,خدمة إلكترونية,2026/04/28,"36,556,770"
الخدمات الرقمية,عام,القطاع العام,خدمة إلكترونية,2026/04/28,"36,552,230"
الخدمات الرقمية,عام,القطاع العام,خدمة إلكترونية,2026/04/28,"36,552,298"
الخدمات الرقمية,عام,القطاع العام,خدمة إلكترونية,2026/04/28,"36,556,377"
الخدمات الرقمية,عام,القطاع العام,خدمة إلكترونية,2026/04/28,"36,548,000"
الخدمات الرقمية,عام,القطاع العام,خدمة إلكترونية,2026/04/28,"36,553,457"
الخدمات الرقمية,عام,القطاع العام,خدمة إلكترونية,2026/04/28,"36,551,942"
الخدمات الرقمية,عام,القطاع العام,خدمة إلكترونية,2026/04/28,"36,550,194"
الخدمات الرقمية,عام,القطاع العام,خدمة إلكترونية,2026/04/28,"36,550,344"
الخدمات الرقمية,عام,القطاع العام,خدمة إلكترونية,2026/04/28,"36,550,070"
الخدمات الرقمية,عام,القطاع العام,خدمة إلكترونية,2026/04/28,"36,550,199"
الخدمات الرقمية,عام,القطاع العام,خدمة إلكترونية,2026/04/28,"36,551,816"
الخدمات الرقمية,عام,القطاع العام,خدمة إلكترونية,2026/04/28,"36,553,626"
الخدمات الرقمية,عام,القطاع العام,خدمة إلكترونية,2026/04/28,"36,553,745"
الخدمات الرقمية,عام,القطاع العام,خدمة إلكترونية,2026/04/28,"36,553,876"
الخدمات الرقمية,عام,القطاع العام,خدمة إلكترونية,2026/04/28,"36,550,749"
الخدمات الرقمية,عام,القطاع العام,خدمة إلكترونية,2026/04/28,"36,550,334"
الخدمات الرقمية,عام,القطاع العام,خدمة إلكترونية,2026/04/28,"36,555,513"
الخدمات الرقمية,عام,القطاع العام,خدمة إلكترونية,2026/04/28,"36,562,757"
الخدمات الرقمية,عام,القطاع العام,خدمة إلكترونية,2026/04/28,"36,550,339"
الخدمات الرقمية,عام,القطاع العام,خدمة إلكترونية,2026/04/28,"36,550,362"
الخدمات الرقمية,عام,القطاع العام,خدمة إلكترونية,2026/04/28,"36,550,605"
الخدمات الرقمية,عام,القطاع العام,خدمة إلكترونية,2026/04/28,"36,550,606"
الخدمات الرقمية,عام,القطاع العام,خدمة إلكترونية,2026/04/28,"36,556,245"
الخدمات الرقمية,عام,القطاع العام,خدمة إلكترونية,2026/04/28,"36,550,743"
الخدمات الرقمية,عام,القطاع العام,خدمة إلكترونية,2026/04/28,"36,555,667"
الخدمات الرقمية,عام,القطاع العام,خدمة إلكترونية,2026/04/28,"36,555,836"
الخدمات الرقمية,عام,القطاع العام,خدمة إلكترونية,2026/04/28,"36,550,455"
الخدمات الرقمية,عام,القطاع العام,خدمة إلكترونية,2026/04/28,"36,554,766"
الخدمات الرقمية,عام,القطاع العام,خدمة إلكترونية,2026/04/28,"36,549,969"
الخدمات الرقمية,عام,القطاع العام,خدمة إلكترونية,2026/04/28,"36,550,622"
الخدمات الرقمية,عام,القطاع العام,خدمة إلكترونية,2026/04/28,"36,550,768"
الخدمات الرقمية,عام,القطاع العام,خدمة إلكترونية,2026/04/28,"36,550,773"
الخدمات الرقمية,عام,القطاع العام,خدمة إلكترونية,2026/04/28,"36,553,608"
الخدمات الرقمية,عام,القطاع العام,خدمة إلكترونية,2026/04/28,"36,553,624"
الخدمات الرقمية,عام,القطاع العام,خدمة إلكترونية,2026/04/28,"36,550,450"
الخدمات الرقمية,عام,القطاع العام,خدمة إلكترونية,2026/04/28,"36,550,586"
الخدمات الرقمية,عام,القطاع العام,خدمة إلكترونية,2026/04/28,"36,550,075"
الخدمات الرقمية,عام,القطاع العام,خدمة إلكترونية,2026/04/28,"36,553,213"
الخدمات الرقمية,عام,القطاع العام,خدمة إلكترونية,2026/04/28,"36,560,777"
الخدمات الرقمية,عام,القطاع العام,خدمة إلكترونية,2026/04/28,"36,550,760"
الخدمات الرقمية,عام,القطاع العام,خدمة إلكترونية,2026/04/28,"36,554,769"
الخدمات الرقمية,عام,القطاع العام,خدمة إلكترونية,2026/04/28,"36,550,452"
الخدمات الرقمية,عام,القطاع العام,خدمة إلكترونية,2026/04/28,"36,550,584"
الخدمات الرقمية,عام,القطاع العام,خدمة إلكترونية,2026/04/28,"36,550,077"
الخدمات الرقمية,عام,القطاع العام,خدمة إلكترونية,2026/04/28,"36,550,079"
الخدمات الرقمية,عام,القطاع العام,خدمة إلكترونية,2026/04/28,"36,553,629"
الخدمات الرقمية,عام,القطاع العام,خدمة إلكترونية,2026/04/28,"36,550,202"
الخدمات الرقمية,عام,القطاع العام,خدمة إلكترونية,2026/04/28,"36,550,336"
الخدمات الرقمية,عام,القطاع العام,خدمة إلكترونية,2026/04/28,"36,553,900"
الخدمات الرقمية,عام,القطاع العام,خدمة إلكترونية,2026/04/28,"36,550,614"
الخدمات الرقمية,عام,القطاع العام,خدمة إلكترونية,2026/04/28,"36,550,593"
الخدمات الرقمية,عام,القطاع العام,خدمة إلكترونية,2026/04/28,"36,550,591"
الخدمات الرقمية,عام,القطاع العام,خدمة إلكترونية,2026/04/28,"36,554,785"
الخدمات الرقمية,عام,القطاع العام,خدمة إلكترونية,2026/04/28,"36,563,702"
 عسير,ابها,القطاع الخاص,خدمة إلكترونية جزئيا,2026/04/29,"36,584,157"
 عسير,ابها,القطاع الخاص,خدمة إلكترونية جزئيا,2026/04/29,"36,584,036"
 عسير,ابها,القطاع الخاص,خدمة إلكترونية جزئيا,2026/04/29,"36,586,307"
 الشرقية,الدمام,القطاع الخاص,خدمة إلكترونية جزئيا,2026/04/29,"36,572,444"
 مكة المكرمه,جده,القطاع الخاص,خدمة إلكترونية جزئيا,2026/04/29,"36,575,470"
 الرياض,الرياض,القطاع الخاص,خدمة إلكترونية جزئيا,2026/04/29,"36,573,525"
الخدمات الرقمية,عام,القطاع العام,خدمة إلكترونية,2026/04/29,"36,580,719"
الخدمات الرقمية,عام,القطاع العام,خدمة إلكترونية,2026/04/29,"36,584,194"
الخدمات الرقمية,عام,القطاع العام,خدمة إلكترونية,2026/04/29,"36,575,480"
 الرياض,الرياض,القطاع الخاص,خدمة إلكترونية جزئيا,2026/04/29,"36,581,486"
 مكة المكرمه,الطائف,القطاع الخاص,خدمة إلكترونية جزئيا,2026/04/29,"36,576,669"
 الرياض,الرياض,القطاع الخاص,خدمة إلكترونية جزئيا,2026/04/29,"36,573,563"
 الرياض,الرياض,القطاع الخاص,خدمة إلكترونية جزئيا,2026/04/29,"36,574,621"
 الرياض,الرياض,القطاع الخاص,خدمة إلكترونية جزئيا,2026/04/29,"36,574,636"
 الرياض,الرياض,القطاع الخاص,خدمة إلكترونية جزئيا,2026/04/29,"36,574,587"
 الرياض,الرياض,القطاع الخاص,خدمة إلكترونية جزئيا,2026/04/29,"36,574,623"
 عسير,ابها,القطاع الخاص,خدمة إلكترونية جزئيا,2026/04/29,"36,584,302"
 عسير,ابها,القطاع الخاص,خدمة إلكترونية جزئيا,2026/04/29,"36,584,096"
 مكة المكرمه,الطائف,القطاع الخاص,خدمة إلكترونية جزئيا,2026/04/29,"36,572,889"
 عسير,ابها,القطاع الخاص,خدمة إلكترونية جزئيا,2026/04/29,"36,586,350"
 مكة المكرمه,الطائف,القطاع الخاص,خدمة إلكترونية جزئيا,2026/04/29,"36,572,406"
 مكة المكرمه,جده,القطاع الخاص,خدمة إلكترونية جزئيا,2026/04/29,"36,586,185"
 مكة المكرمه,جده,القطاع الخاص,خدمة إلكترونية جزئيا,2026/04/29,"36,575,703"
 الرياض,الرياض,القطاع الخاص,خدمة إلكترونية جزئيا,2026/04/29,"36,582,765"
 الرياض,الرياض,القطاع الخاص,خدمة إلكترونية جزئيا,2026/04/29,"36,581,538"
الخدمات الرقمية,عام,القطاع العام,خدمة إلكترونية,2026/04/29,"36,567,666"
الخدمات الرقمية,عام,القطاع العام,خدمة إلكترونية,2026/04/29,"36,567,785"
الخدمات الرقمية,عام,القطاع العام,خدمة إلكترونية,2026/04/29,"36,570,968"
الخدمات الرقمية,عام,القطاع العام,خدمة إلكترونية,2026/04/29,"36,571,344"
الخدمات الرقمية,عام,القطاع العام,خدمة إلكترونية,2026/04/29,"36,574,115"
الخدمات الرقمية,عام,القطاع العام,خدمة إلكترونية,2026/04/29,"36,567,837"
الخدمات الرقمية,عام,القطاع العام,خدمة إلكترونية,2026/04/29,"36,571,279"
الخدمات الرقمية,عام,القطاع العام,خدمة إلكترونية,2026/04/29,"36,575,060"
الخدمات الرقمية,عام,القطاع العام,خدمة إلكترونية,2026/04/29,"36,571,085"
الخدمات الرقمية,عام,القطاع العام,خدمة إلكترونية,2026/04/29,"36,572,435"
الخدمات الرقمية,عام,القطاع العام,خدمة إلكترونية,2026/04/29,"36,572,976"
الخدمات الرقمية,عام,القطاع العام,خدمة إلكترونية,2026/04/29,"36,570,794"
الخدمات الرقمية,عام,القطاع العام,خدمة إلكترونية,2026/04/29,"36,576,152"
الخدمات الرقمية,عام,القطاع العام,خدمة إلكترونية,2026/04/29,"36,572,917"
الخدمات الرقمية,عام,القطاع العام,خدمة إلكترونية,2026/04/29,"36,573,612"
الخدمات الرقمية,عام,القطاع العام,خدمة إلكترونية,2026/04/29,"36,574,217"
الخدمات الرقمية,عام,القطاع العام,خدمة إلكترونية,2026/04/29,"36,582,541"
الخدمات الرقمية,عام,القطاع العام,خدمة إلكترونية,2026/04/29,"36,580,812"
الخدمات الرقمية,عام,القطاع العام,خدمة إلكترونية,2026/04/29,"36,582,097"
الخدمات الرقمية,عام,القطاع العام,خدمة إلكترونية,2026/04/29,"36,583,261"
الخدمات الرقمية,عام,القطاع العام,خدمة إلكترونية,2026/04/29,"36,583,459"
الخدمات الرقمية,عام,القطاع العام,خدمة إلكترونية,2026/04/29,"36,583,162"
الخدمات الرقمية,عام,القطاع العام,خدمة إلكترونية,2026/04/29,"36,580,696"
الخدمات الرقمية,عام,القطاع العام,خدمة إلكترونية,2026/04/29,"36,583,639"
الخدمات الرقمية,عام,القطاع العام,خدمة إلكترونية,2026/04/29,"36,582,281"
الخدمات الرقمية,عام,القطاع العام,خدمة إلكترونية,2026/04/29,"36,582,367"
الخدمات الرقمية,عام,القطاع العام,خدمة إلكترونية,2026/04/29,"36,585,126"
الخدمات الرقمية,عام,القطاع العام,خدمة إلكترونية,2026/04/29,"36,586,500"
الخدمات الرقمية,عام,القطاع العام,خدمة إلكترونية,2026/04/29,"36,576,878"
الخدمات الرقمية,عام,القطاع العام,خدمة إلكترونية,2026/04/29,"36,583,833"
الخدمات الرقمية,عام,القطاع العام,خدمة إلكترونية,2026/04/29,"36,584,079"
الخدمات الرقمية,عام,القطاع العام,خدمة إلكترونية,2026/04/29,"36,581,431"
الخدمات الرقمية,عام,القطاع العام,خدمة إلكترونية,2026/04/29,"36,583,732"
الخدمات الرقمية,عام,القطاع العام,خدمة إلكترونية,2026/04/29,"36,583,821"
الخدمات الرقمية,عام,القطاع العام,خدمة إلكترونية,2026/04/29,"36,584,018"
الخدمات الرقمية,عام,القطاع العام,خدمة إلكترونية,2026/04/29,"36,586,447"
الخدمات الرقمية,عام,القطاع العام,خدمة إلكترونية,2026/04/29,"36,586,392"
الخدمات الرقمية,عام,القطاع العام,خدمة إلكترونية,2026/04/29,"36,586,138"
الخدمات الرقمية,عام,القطاع العام,خدمة إلكترونية,2026/04/29,"36,586,785"
الخدمات الرقمية,عام,القطاع العام,خدمة إلكترونية,2026/04/29,"36,587,194"
الخدمات الرقمية,عام,القطاع العام,خدمة إلكترونية,2026/04/29,"36,582,956"
الخدمات الرقمية,عام,القطاع العام,خدمة إلكترونية,2026/04/29,"36,583,407"
الخدمات الرقمية,عام,القطاع العام,خدمة إلكترونية,2026/04/29,"36,576,378"
الخدمات الرقمية,عام,القطاع العام,خدمة إلكترونية,2026/04/29,"36,586,729"
الخدمات الرقمية,عام,القطاع العام,خدمة إلكترونية,2026/04/29,"36,586,738"
الخدمات الرقمية,عام,القطاع العام,خدمة إلكترونية,2026/04/29,"36,583,367"
الخدمات الرقمية,عام,القطاع العام,خدمة إلكترونية,2026/04/29,"36,586,625"
الخدمات الرقمية,عام,القطاع العام,خدمة إلكترونية,2026/04/29,"36,586,177"
الخدمات الرقمية,عام,القطاع العام,خدمة إلكترونية,2026/04/29,"36,584,473"
الخدمات الرقمية,عام,القطاع العام,خدمة إلكترونية,2026/04/29,"36,583,664"
الخدمات الرقمية,عام,القطاع العام,خدمة إلكترونية,2026/04/29,"36,583,378"
الخدمات الرقمية,عام,القطاع العام,خدمة إلكترونية,2026/04/29,"36,583,089"
الخدمات الرقمية,عام,القطاع العام,خدمة إلكترونية,2026/04/29,"36,583,744"
الخدمات الرقمية,عام,القطاع العام,خدمة إلكترونية,2026/04/29,"36,586,220"
الخدمات الرقمية,عام,القطاع العام,خدمة إلكترونية,2026/04/29,"36,586,715"
الخدمات الرقمية,عام,القطاع العام,خدمة إلكترونية,2026/04/29,"36,582,834"
الخدمات الرقمية,عام,القطاع العام,خدمة إلكترونية,2026/04/29,"36,586,304"
الخدمات الرقمية,عام,القطاع العام,خدمة إلكترونية,2026/04/29,"36,567,882"
الخدمات الرقمية,عام,القطاع العام,خدمة إلكترونية,2026/04/29,"36,586,671"
الخدمات الرقمية,عام,القطاع العام,خدمة إلكترونية,2026/04/29,"36,586,836"
الخدمات الرقمية,عام,القطاع العام,خدمة إلكترونية,2026/04/29,"36,586,394"
الخدمات الرقمية,عام,القطاع العام,خدمة إلكترونية,2026/04/29,"36,571,225"
الخدمات الرقمية,عام,القطاع العام,خدمة إلكترونية,2026/04/29,"36,583,537"
الخدمات الرقمية,عام,القطاع العام,خدمة إلكترونية,2026/04/29,"36,583,888"
الخدمات الرقمية,عام,القطاع العام,خدمة إلكترونية,2026/04/29,"36,583,987"
الخدمات الرقمية,عام,القطاع العام,خدمة إلكترونية,2026/04/29,"36,586,402"
الخدمات الرقمية,عام,القطاع العام,خدمة إلكترونية,2026/04/29,"36,586,507"
الخدمات الرقمية,عام,القطاع العام,خدمة إلكترونية,2026/04/29,"36,583,405"
الخدمات الرقمية,عام,القطاع العام,خدمة إلكترونية,2026/04/29,"36,586,442"
الخدمات الرقمية,عام,القطاع العام,خدمة إلكترونية,2026/04/29,"36,581,450"
الخدمات الرقمية,عام,القطاع العام,خدمة إلكترونية,2026/04/29,"36,586,685"
الخدمات الرقمية,عام,القطاع العام,خدمة إلكترونية,2026/04/29,"36,579,275"
الخدمات الرقمية,عام,القطاع العام,خدمة إلكترونية,2026/04/29,"36,586,698"
الخدمات الرقمية,عام,القطاع العام,خدمة إلكترونية,2026/04/29,"36,586,694"
الخدمات الرقمية,عام,القطاع العام,خدمة إلكترونية,2026/04/29,"36,573,783"
الخدمات الرقمية,عام,القطاع العام,خدمة إلكترونية,2026/04/29,"36,571,243"
الخدمات الرقمية,عام,القطاع العام,خدمة إلكترونية,2026/04/29,"36,586,099"
الخدمات الرقمية,عام,القطاع العام,خدمة إلكترونية,2026/04/29,"36,586,603"
الخدمات الرقمية,عام,القطاع العام,خدمة إلكترونية,2026/04/29,"36,586,949"
الخدمات الرقمية,عام,القطاع العام,خدمة إلكترونية,2026/04/29,"36,587,470"
الخدمات الرقمية,عام,القطاع العام,خدمة إلكترونية,2026/04/29,"36,583,592"
الخدمات الرقمية,عام,القطاع العام,خدمة إلكترونية,2026/04/29,"36,583,798"
الخدمات الرقمية,عام,القطاع العام,خدمة إلكترونية,2026/04/29,"36,583,988"
الخدمات الرقمية,عام,القطاع العام,خدمة إلكترونية,2026/04/29,"36,586,041"
الخدمات الرقمية,عام,القطاع العام,خدمة إلكترونية,2026/04/29,"36,576,281"
الخدمات الرقمية,عام,القطاع العام,خدمة إلكترونية,2026/04/29,"36,576,305"
الخدمات الرقمية,عام,القطاع العام,خدمة إلكترونية,2026/04/29,"36,582,110"
الخدمات الرقمية,عام,القطاع العام,خدمة إلكترونية,2026/04/29,"36,584,075"
الخدمات الرقمية,عام,القطاع العام,خدمة إلكترونية,2026/04/29,"36,585,159"
الخدمات الرقمية,عام,القطاع العام,خدمة إلكترونية,2026/04/29,"36,591,393"
الخدمات الرقمية,عام,القطاع العام,خدمة إلكترونية,2026/04/29,"36,583,511"
الخدمات الرقمية,عام,القطاع العام,خدمة إلكترونية,2026/04/29,"36,577,851"
الخدمات الرقمية,عام,القطاع العام,خدمة إلكترونية,2026/04/29,"36,586,432"
الخدمات الرقمية,عام,القطاع العام,خدمة إلكترونية,2026/04/29,"36,586,429"
الخدمات الرقمية,عام,القطاع العام,خدمة إلكترونية,2026/04/29,"36,586,563"
الخدمات الرقمية,عام,القطاع العام,خدمة إلكترونية,2026/04/29,"36,586,593"
الخدمات الرقمية,عام,القطاع العام,خدمة إلكترونية,2026/04/29,"36,586,721"
الخدمات الرقمية,عام,القطاع العام,خدمة إلكترونية,2026/04/29,"36,583,877"
الخدمات الرقمية,عام,القطاع العام,خدمة إلكترونية,2026/04/29,"36,586,352"
الخدمات الرقمية,عام,القطاع العام,خدمة إلكترونية,2026/04/29,"36,592,936"
الخدمات الرقمية,عام,القطاع العام,خدمة إلكترونية,2026/04/29,"36,573,811"
الخدمات الرقمية,عام,القطاع العام,خدمة إلكترونية,2026/04/29,"36,591,710"
الخدمات الرقمية,عام,القطاع العام,خدمة إلكترونية,2026/04/29,"36,572,801"
الخدمات الرقمية,عام,القطاع العام,خدمة إلكترونية,2026/04/29,"36,592,478"
الخدمات الرقمية,عام,القطاع العام,خدمة إلكترونية,2026/04/29,"36,585,445"
الخدمات الرقمية,عام,القطاع العام,خدمة إلكترونية,2026/04/29,"36,588,108"
الخدمات الرقمية,عام,القطاع العام,خدمة إلكترونية,2026/04/29,"36,583,957"
الخدمات الرقمية,عام,القطاع العام,خدمة إلكترونية,2026/04/29,"36,585,303"
الخدمات الرقمية,عام,القطاع العام,خدمة إلكترونية,2026/04/29,"36,584,470"
الخدمات الرقمية,عام,القطاع العام,خدمة إلكترونية,2026/04/29,"36,584,508"
الخدمات الرقمية,عام,القطاع العام,خدمة إلكترونية,2026/04/29,"36,585,107"
الخدمات الرقمية,عام,القطاع العام,خدمة إلكترونية,2026/04/29,"36,584,852"
الخدمات الرقمية,عام,القطاع العام,خدمة إلكترونية,2026/04/29,"36,584,960"
الخدمات الرقمية,عام,القطاع العام,خدمة إلكترونية,2026/04/29,"36,584,711"
الخدمات الرقمية,عام,القطاع العام,خدمة إلكترونية,2026/04/29,"36,584,380"
الخدمات الرقمية,عام,القطاع العام,خدمة إلكترونية,2026/04/29,"36,584,998"
الخدمات الرقمية,عام,القطاع العام,خدمة إلكترونية,2026/04/29,"36,584,073"
الخدمات الرقمية,عام,القطاع العام,خدمة إلكترونية,2026/04/29,"36,584,517"
الخدمات الرقمية,عام,القطاع العام,خدمة إلكترونية,2026/04/29,"36,583,871"
الخدمات الرقمية,عام,القطاع العام,خدمة إلكترونية,2026/04/29,"36,585,375"
الخدمات الرقمية,عام,القطاع العام,خدمة إلكترونية,2026/04/29,"36,585,247"
الخدمات الرقمية,عام,القطاع العام,خدمة إلكترونية,2026/04/29,"36,592,445"
الخدمات الرقمية,عام,القطاع العام,خدمة إلكترونية,2026/04/29,"36,592,464"
الخدمات الرقمية,عام,القطاع العام,خدمة إلكترونية,2026/04/29,"36,585,519"
الخدمات الرقمية,عام,القطاع العام,خدمة إلكترونية,2026/04/29,"36,592,511"
الخدمات الرقمية,عام,القطاع العام,خدمة إلكترونية,2026/04/29,"36,575,081"
الخدمات الرقمية,عام,القطاع العام,خدمة إلكترونية,2026/04/29,"36,573,755"
الخدمات الرقمية,عام,القطاع العام,خدمة إلكترونية,2026/04/29,"36,574,642"
الخدمات الرقمية,عام,القطاع العام,خدمة إلكترونية,2026/04/29,"36,574,733"
الخدمات الرقمية,عام,القطاع العام,خدمة إلكترونية,2026/04/29,"36,582,862"
الخدمات الرقمية,عام,القطاع العام,خدمة إلكترونية,2026/04/29,"36,583,380"
الخدمات الرقمية,عام,القطاع العام,خدمة إلكترونية,2026/04/29,"36,575,773"
الخدمات الرقمية,عام,القطاع العام,خدمة إلكترونية,2026/04/29,"36,583,867"
الخدمات الرقمية,عام,القطاع العام,خدمة إلكترونية,2026/04/29,"36,582,028"
الخدمات الرقمية,عام,القطاع العام,خدمة إلكترونية,2026/04/29,"36,582,507"
الخدمات الرقمية,عام,القطاع العام,خدمة إلكترونية,2026/04/29,"36,585,381"
الخدمات الرقمية,عام,القطاع العام,خدمة إلكترونية,2026/04/29,"36,583,997"
الخدمات الرقمية,عام,القطاع العام,خدمة إلكترونية,2026/04/29,"36,574,795"
الخدمات الرقمية,عام,القطاع العام,خدمة إلكترونية,2026/04/29,"36,585,054"
الخدمات الرقمية,عام,القطاع العام,خدمة إلكترونية,2026/04/29,"36,585,256"
الخدمات الرقمية,عام,القطاع العام,خدمة إلكترونية,2026/04/29,"36,584,035"
الخدمات الرقمية,عام,القطاع العام,خدمة إلكترونية,2026/04/29,"36,584,093"
الخدمات الرقمية,عام,القطاع العام,خدمة إلكترونية,2026/04/29,"36,583,090"
الخدمات الرقمية,عام,القطاع العام,خدمة إلكترونية,2026/04/29,"36,581,458"
الخدمات الرقمية,عام,القطاع العام,خدمة إلكترونية,2026/04/29,"36,583,870"
الخدمات الرقمية,عام,القطاع العام,خدمة إلكترونية,2026/04/29,"36,574,457"
الخدمات الرقمية,عام,القطاع العام,خدمة إلكترونية,2026/04/29,"36,580,120"
الخدمات الرقمية,عام,القطاع العام,خدمة إلكترونية,2026/04/29,"36,583,753"
الخدمات الرقمية,عام,القطاع العام,خدمة إلكترونية,2026/04/29,"36,583,643"
الخدمات الرقمية,عام,القطاع العام,خدمة إلكترونية,2026/04/29,"36,581,828"
الخدمات الرقمية,عام,القطاع العام,خدمة إلكترونية,2026/04/29,"36,584,925"
الخدمات الرقمية,عام,القطاع العام,خدمة إلكترونية,2026/04/29,"36,582,410"
الخدمات الرقمية,عام,القطاع العام,خدمة إلكترونية,2026/04/29,"36,582,265"
الخدمات الرقمية,عام,القطاع العام,خدمة إلكترونية,2026/04/29,"36,583,584"
الخدمات الرقمية,عام,القطاع العام,خدمة إلكترونية,2026/04/29,"36,572,003"
الخدمات الرقمية,عام,القطاع العام,خدمة إلكترونية,2026/04/29,"36,574,370"
الخدمات الرقمية,عام,القطاع العام,خدمة إلكترونية,2026/04/29,"36,573,959"
الخدمات الرقمية,عام,القطاع العام,خدمة إلكترونية,2026/04/29,"36,576,359"
الخدمات الرقمية,عام,القطاع العام,خدمة إلكترونية,2026/04/29,"36,574,118"
الخدمات الرقمية,عام,القطاع العام,خدمة إلكترونية,2026/04/29,"36,571,589"
الخدمات الرقمية,عام,القطاع العام,خدمة إلكترونية,2026/04/29,"36,574,099"
الخدمات الرقمية,عام,القطاع العام,خدمة إلكترونية,2026/04/29,"36,576,564"
الخدمات الرقمية,عام,القطاع العام,خدمة إلكترونية,2026/04/29,"36,576,358"
الخدمات الرقمية,عام,القطاع العام,خدمة إلكترونية,2026/04/29,"36,580,358"
الخدمات الرقمية,عام,القطاع العام,خدمة إلكترونية,2026/04/29,"36,581,109"
الخدمات الرقمية,عام,القطاع العام,خدمة إلكترونية,2026/04/29,"36,581,017"
الخدمات الرقمية,عام,القطاع العام,خدمة إلكترونية,2026/04/29,"36,582,871"
الخدمات الرقمية,عام,القطاع العام,خدمة إلكترونية,2026/04/29,"36,580,243"
الخدمات الرقمية,عام,القطاع العام,خدمة إلكترونية,2026/04/29,"36,580,947"
الخدمات الرقمية,عام,القطاع العام,خدمة إلكترونية,2026/04/29,"36,575,212"
الخدمات الرقمية,عام,القطاع العام,خدمة إلكترونية,2026/04/29,"36,580,568"
الخدمات الرقمية,عام,القطاع العام,خدمة إلكترونية,2026/04/29,"36,580,563"
الخدمات الرقمية,عام,القطاع العام,خدمة إلكترونية,2026/04/29,"36,580,744"
الخدمات الرقمية,عام,القطاع العام,خدمة إلكترونية,2026/04/29,"36,582,320"
الخدمات الرقمية,عام,القطاع العام,خدمة إلكترونية,2026/04/29,"36,583,740"
 الرياض,شقراء,القطاع الخاص,خدمة إلكترونية جزئيا,2026/04/30,"36,617,143"
 الرياض,شقراء,القطاع الخاص,خدمة إلكترونية جزئيا,2026/04/30,"36,617,022"
 الرياض,شقراء,القطاع الخاص,خدمة إلكترونية جزئيا,2026/04/30,"36,617,070"
الخدمات الرقمية,عام,القطاع العام,خدمة إلكترونية,2026/04/30,"36,598,756"
 الشرقية,الدمام,القطاع الخاص,خدمة إلكترونية جزئيا,2026/04/30,"36,614,650"
 الرياض,الرياض,القطاع الخاص,خدمة إلكترونية جزئيا,2026/04/30,"36,603,331"
 الرياض,الرياض,القطاع الخاص,خدمة إلكترونية جزئيا,2026/04/30,"36,603,333"
 مكة المكرمه,جده,القطاع الخاص,خدمة إلكترونية جزئيا,2026/04/30,"36,600,104"
 مكة المكرمه,الطائف,القطاع الخاص,خدمة إلكترونية جزئيا,2026/04/30,"36,599,709"
 الرياض,الرياض,القطاع الخاص,خدمة إلكترونية جزئيا,2026/04/30,"36,604,520"
 الرياض,الرياض,القطاع الخاص,خدمة إلكترونية جزئيا,2026/04/30,"36,601,354"
 الرياض,الرياض,القطاع الخاص,خدمة إلكترونية جزئيا,2026/04/30,"36,604,166"
الخدمات الرقمية,عام,القطاع العام,خدمة إلكترونية,2026/04/30,"36,599,071"
الخدمات الرقمية,عام,القطاع العام,خدمة إلكترونية,2026/04/30,"36,599,911"
الخدمات الرقمية,عام,القطاع العام,خدمة إلكترونية,2026/04/30,"36,599,346"
الخدمات الرقمية,عام,القطاع العام,خدمة إلكترونية,2026/04/30,"36,598,775"
الخدمات الرقمية,عام,القطاع العام,خدمة إلكترونية,2026/04/30,"36,599,035"
الخدمات الرقمية,عام,القطاع العام,خدمة إلكترونية,2026/04/30,"36,601,293"
الخدمات الرقمية,عام,القطاع العام,خدمة إلكترونية,2026/04/30,"36,600,593"
الخدمات الرقمية,عام,القطاع العام,خدمة إلكترونية,2026/04/30,"36,602,332"
الخدمات الرقمية,عام,القطاع العام,خدمة إلكترونية,2026/04/30,"36,606,510"
الخدمات الرقمية,عام,القطاع العام,خدمة إلكترونية,2026/04/30,"36,606,564"
الخدمات الرقمية,عام,القطاع العام,خدمة إلكترونية,2026/04/30,"36,606,997"
الخدمات الرقمية,عام,القطاع العام,خدمة إلكترونية,2026/04/30,"36,608,525"
الخدمات الرقمية,عام,القطاع العام,خدمة إلكترونية,2026/04/30,"36,609,444"
الخدمات الرقمية,عام,القطاع العام,خدمة إلكترونية,2026/04/30,"36,604,482"
الخدمات الرقمية,عام,القطاع العام,خدمة إلكترونية,2026/04/30,"36,599,013"
الخدمات الرقمية,عام,القطاع العام,خدمة إلكترونية,2026/04/30,"36,609,458"
الخدمات الرقمية,عام,القطاع العام,خدمة إلكترونية,2026/04/30,"36,609,943"
الخدمات الرقمية,عام,القطاع العام,خدمة إلكترونية,2026/04/30,"36,605,844"
الخدمات الرقمية,عام,القطاع العام,خدمة إلكترونية,2026/04/30,"36,606,522"
الخدمات الرقمية,عام,القطاع العام,خدمة إلكترونية,2026/04/30,"36,609,779"
الخدمات الرقمية,عام,القطاع العام,خدمة إلكترونية,2026/04/30,"36,611,569"
الخدمات الرقمية,عام,القطاع العام,خدمة إلكترونية,2026/04/30,"36,613,204"
الخدمات الرقمية,عام,القطاع العام,خدمة إلكترونية,2026/04/30,"36,611,011"
الخدمات الرقمية,عام,القطاع العام,خدمة إلكترونية,2026/04/30,"36,611,061"
الخدمات الرقمية,عام,القطاع العام,خدمة إلكترونية,2026/04/30,"36,614,816"
الخدمات الرقمية,عام,القطاع العام,خدمة إلكترونية,2026/04/30,"36,610,111"
الخدمات الرقمية,عام,القطاع العام,خدمة إلكترونية,2026/04/30,"36,611,767"
الخدمات الرقمية,عام,القطاع العام,خدمة إلكترونية,2026/04/30,"36,600,134"
الخدمات الرقمية,عام,القطاع العام,خدمة إلكترونية,2026/04/30,"36,613,015"
الخدمات الرقمية,عام,القطاع العام,خدمة إلكترونية,2026/04/30,"36,611,790"
الخدمات الرقمية,عام,القطاع العام,خدمة إلكترونية,2026/04/30,"36,598,461"
الخدمات الرقمية,عام,القطاع العام,خدمة إلكترونية,2026/04/30,"36,612,640"
الخدمات الرقمية,عام,القطاع العام,خدمة إلكترونية,2026/04/30,"36,613,156"
الخدمات الرقمية,عام,القطاع العام,خدمة إلكترونية,2026/04/30,"36,599,201"
الخدمات الرقمية,عام,القطاع العام,خدمة إلكترونية,2026/04/30,"36,604,038"
الخدمات الرقمية,عام,القطاع العام,خدمة إلكترونية,2026/04/30,"36,618,111"
الخدمات الرقمية,عام,القطاع العام,خدمة إلكترونية,2026/04/30,"36,602,329"
الخدمات الرقمية,عام,القطاع العام,خدمة إلكترونية,2026/04/30,"36,618,188"
الخدمات الرقمية,عام,القطاع العام,خدمة إلكترونية,2026/04/30,"36,606,560"
الخدمات الرقمية,عام,القطاع العام,خدمة إلكترونية,2026/04/30,"36,607,636"
الخدمات الرقمية,عام,القطاع العام,خدمة إلكترونية,2026/04/30,"36,598,375"
الخدمات الرقمية,عام,القطاع العام,خدمة إلكترونية,2026/04/30,"36,609,955"
الخدمات الرقمية,عام,القطاع العام,خدمة إلكترونية,2026/04/30,"36,611,738"
الخدمات الرقمية,عام,القطاع العام,خدمة إلكترونية,2026/04/30,"36,606,909"
الخدمات الرقمية,عام,القطاع العام,خدمة إلكترونية,2026/04/30,"36,612,067"
الخدمات الرقمية,عام,القطاع العام,خدمة إلكترونية,2026/04/30,"36,610,234"
الخدمات الرقمية,عام,القطاع العام,خدمة إلكترونية,2026/04/30,"36,606,491"
الخدمات الرقمية,عام,القطاع العام,خدمة إلكترونية,2026/04/30,"36,618,156"
الخدمات الرقمية,عام,القطاع العام,خدمة إلكترونية,2026/04/30,"36,606,569"
الخدمات الرقمية,عام,القطاع العام,خدمة إلكترونية,2026/04/30,"36,610,300"
الخدمات الرقمية,عام,القطاع العام,خدمة إلكترونية,2026/04/30,"36,599,009"
الخدمات الرقمية,عام,القطاع العام,خدمة إلكترونية,2026/04/30,"36,613,104"
الخدمات الرقمية,عام,القطاع العام,خدمة إلكترونية,2026/04/30,"36,600,054"
الخدمات الرقمية,عام,القطاع العام,خدمة إلكترونية,2026/04/30,"36,600,898"
الخدمات الرقمية,عام,القطاع العام,خدمة إلكترونية,2026/04/30,"36,599,177"
الخدمات الرقمية,عام,القطاع العام,خدمة إلكترونية,2026/04/30,"36,599,112"
الخدمات الرقمية,عام,القطاع العام,خدمة إلكترونية,2026/04/30,"36,599,641"
الخدمات الرقمية,عام,القطاع العام,خدمة إلكترونية,2026/04/30,"36,601,571"
الخدمات الرقمية,عام,القطاع العام,خدمة إلكترونية,2026/04/30,"36,598,914"
الخدمات الرقمية,عام,القطاع العام,خدمة إلكترونية,2026/04/30,"36,598,736"
الخدمات الرقمية,عام,القطاع العام,خدمة إلكترونية,2026/04/30,"36,610,412"
الخدمات الرقمية,عام,القطاع العام,خدمة إلكترونية,2026/04/30,"36,598,823"
الخدمات الرقمية,عام,القطاع العام,خدمة إلكترونية,2026/04/30,"36,610,055"
الخدمات الرقمية,عام,القطاع العام,خدمة إلكترونية,2026/04/30,"36,610,395"
الخدمات الرقمية,عام,القطاع العام,خدمة إلكترونية,2026/04/30,"36,598,692"
الخدمات الرقمية,عام,القطاع العام,خدمة إلكترونية,2026/04/30,"36,598,879"
الخدمات الرقمية,عام,القطاع العام,خدمة إلكترونية,2026/04/30,"36,601,130"
الخدمات الرقمية,عام,القطاع العام,خدمة إلكترونية,2026/04/30,"36,599,445"
الخدمات الرقمية,عام,القطاع العام,خدمة إلكترونية,2026/04/30,"36,600,152"
الخدمات الرقمية,عام,القطاع العام,خدمة إلكترونية,2026/04/30,"36,599,802"
الخدمات الرقمية,عام,القطاع العام,خدمة إلكترونية,2026/04/30,"36,600,509"
الخدمات الرقمية,عام,القطاع العام,خدمة إلكترونية,2026/04/30,"36,600,368"
الخدمات الرقمية,عام,القطاع العام,خدمة إلكترونية,2026/04/30,"36,599,942"
الخدمات الرقمية,عام,القطاع العام,خدمة إلكترونية,2026/04/30,"36,599,681"
الخدمات الرقمية,عام,القطاع العام,خدمة إلكترونية,2026/04/30,"36,598,764"
الخدمات الرقمية,عام,القطاع العام,خدمة إلكترونية,2026/04/30,"36,598,721"
الخدمات الرقمية,عام,القطاع العام,خدمة إلكترونية,2026/04/30,"36,598,847"
الخدمات الرقمية,عام,القطاع العام,خدمة إلكترونية,2026/04/30,"36,598,866"
الخدمات الرقمية,عام,القطاع العام,خدمة إلكترونية,2026/04/30,"36,598,753"
الخدمات الرقمية,عام,القطاع العام,خدمة إلكترونية,2026/04/30,"36,598,694"
الخدمات الرقمية,عام,القطاع العام,خدمة إلكترونية,2026/04/30,"36,601,841"
الخدمات الرقمية,عام,القطاع العام,خدمة إلكترونية,2026/04/30,"36,598,963"
الخدمات الرقمية,عام,القطاع العام,خدمة إلكترونية,2026/04/30,"36,599,044"
الخدمات الرقمية,عام,القطاع العام,خدمة إلكترونية,2026/04/30,"36,603,055"
الخدمات الرقمية,عام,القطاع العام,خدمة إلكترونية,2026/04/30,"36,600,193"
الخدمات الرقمية,عام,القطاع العام,خدمة إلكترونية,2026/04/30,"36,598,708"
الخدمات الرقمية,عام,القطاع العام,خدمة إلكترونية,2026/04/30,"36,600,096"
الخدمات الرقمية,عام,القطاع العام,خدمة إلكترونية,2026/04/30,"36,598,759"
الخدمات الرقمية,عام,القطاع العام,خدمة إلكترونية,2026/04/30,"36,603,061"
الخدمات الرقمية,عام,القطاع العام,خدمة إلكترونية,2026/04/30,"36,598,758"
الخدمات الرقمية,عام,القطاع العام,خدمة إلكترونية,2026/04/30,"36,601,700"
الخدمات الرقمية,عام,القطاع العام,خدمة إلكترونية,2026/04/30,"36,606,201"
الخدمات الرقمية,عام,القطاع العام,خدمة إلكترونية,2026/04/30,"36,608,887"
الخدمات الرقمية,عام,القطاع العام,خدمة إلكترونية,2026/04/30,"36,601,720"
الخدمات الرقمية,عام,القطاع العام,خدمة إلكترونية,2026/04/30,"36,598,868"
الخدمات الرقمية,عام,القطاع العام,خدمة إلكترونية,2026/04/30,"36,608,108"
الخدمات الرقمية,عام,القطاع العام,خدمة إلكترونية,2026/04/30,"36,609,069"
الخدمات الرقمية,عام,القطاع العام,خدمة إلكترونية,2026/04/30,"36,600,106"
الخدمات الرقمية,عام,القطاع العام,خدمة إلكترونية,2026/04/30,"36,599,859"
الخدمات الرقمية,عام,القطاع العام,خدمة إلكترونية,2026/04/30,"36,599,882"
الخدمات الرقمية,عام,القطاع العام,خدمة إلكترونية,2026/04/30,"36,607,795"
الخدمات الرقمية,عام,القطاع العام,خدمة إلكترونية,2026/04/30,"36,601,167"
الخدمات الرقمية,عام,القطاع العام,خدمة إلكترونية,2026/04/30,"36,605,584"
الخدمات الرقمية,عام,القطاع العام,خدمة إلكترونية,2026/04/30,"36,599,878"
الخدمات الرقمية,عام,القطاع العام,خدمة إلكترونية,2026/04/30,"36,601,828"
الخدمات الرقمية,عام,القطاع العام,خدمة إلكترونية,2026/04/30,"36,602,118"
الخدمات الرقمية,عام,القطاع العام,خدمة إلكترونية,2026/04/30,"36,598,935"
الخدمات الرقمية,عام,القطاع العام,خدمة إلكترونية,2026/04/30,"36,601,299"
الخدمات الرقمية,عام,القطاع العام,خدمة إلكترونية,2026/04/30,"36,607,823"
الخدمات الرقمية,عام,القطاع العام,خدمة إلكترونية,2026/04/30,"36,598,816"
الخدمات الرقمية,عام,القطاع العام,خدمة إلكترونية,2026/04/30,"36,598,849"
الخدمات الرقمية,عام,القطاع العام,خدمة إلكترونية,2026/04/30,"36,608,217"
الخدمات الرقمية,عام,القطاع العام,خدمة إلكترونية,2026/04/30,"36,608,254"
الخدمات الرقمية,عام,القطاع العام,خدمة إلكترونية,2026/04/30,"36,608,532"
الخدمات الرقمية,عام,القطاع العام,خدمة إلكترونية,2026/04/30,"36,608,875"
الخدمات الرقمية,عام,القطاع العام,خدمة إلكترونية,2026/04/30,"36,609,072"
الخدمات الرقمية,عام,القطاع العام,خدمة إلكترونية,2026/04/30,"36,603,813"
الخدمات الرقمية,عام,القطاع العام,خدمة إلكترونية,2026/04/30,"36,598,774"
الخدمات الرقمية,عام,القطاع العام,خدمة إلكترونية,2026/04/30,"36,608,868"
الخدمات الرقمية,عام,القطاع العام,خدمة إلكترونية,2026/04/30,"36,600,191"
الخدمات الرقمية,عام,القطاع العام,خدمة إلكترونية,2026/04/30,"36,607,668"
الخدمات الرقمية,عام,القطاع العام,خدمة إلكترونية,2026/04/30,"36,608,582"
الخدمات الرقمية,عام,القطاع العام,خدمة إلكترونية,2026/04/30,"36,607,724"
الخدمات الرقمية,عام,القطاع العام,خدمة إلكترونية,2026/04/30,"36,608,034"
الخدمات الرقمية,عام,القطاع العام,خدمة إلكترونية,2026/04/30,"36,598,863"
الخدمات الرقمية,عام,القطاع العام,خدمة إلكترونية,2026/04/30,"36,600,103"
الخدمات الرقمية,عام,القطاع العام,خدمة إلكترونية,2026/04/30,"36,604,010"
الخدمات الرقمية,عام,القطاع العام,خدمة إلكترونية,2026/04/30,"36,608,920"
الخدمات الرقمية,عام,القطاع العام,خدمة إلكترونية,2026/04/30,"36,598,751"
الخدمات الرقمية,عام,القطاع العام,خدمة إلكترونية,2026/04/30,"36,608,628"
الخدمات الرقمية,عام,القطاع العام,خدمة إلكترونية,2026/04/30,"36,607,996"
الخدمات الرقمية,عام,القطاع العام,خدمة إلكترونية,2026/04/30,"36,598,773"
الخدمات الرقمية,عام,القطاع العام,خدمة إلكترونية,2026/04/30,"36,598,814"
الخدمات الرقمية,عام,القطاع العام,خدمة إلكترونية,2026/04/30,"36,609,062"
الخدمات الرقمية,عام,القطاع العام,خدمة إلكترونية,2026/04/30,"36,598,713"
الخدمات الرقمية,عام,القطاع العام,خدمة إلكترونية,2026/04/30,"36,608,478"
الخدمات الرقمية,عام,القطاع العام,خدمة إلكترونية,2026/04/30,"36,601,325"
الخدمات الرقمية,عام,القطاع العام,خدمة إلكترونية,2026/04/30,"36,601,843"
الخدمات الرقمية,عام,القطاع العام,خدمة إلكترونية,2026/04/30,"36,602,098"
الخدمات الرقمية,عام,القطاع العام,خدمة إلكترونية,2026/04/30,"36,603,825"
الخدمات الرقمية,عام,القطاع العام,خدمة إلكترونية,2026/04/30,"36,608,886"
الخدمات الرقمية,عام,القطاع العام,خدمة إلكترونية,2026/04/30,"36,598,950"
الخدمات الرقمية,عام,القطاع العام,خدمة إلكترونية,2026/04/30,"36,608,057"
الخدمات الرقمية,عام,القطاع العام,خدمة إلكترونية,2026/04/30,"36,598,937"
الخدمات الرقمية,عام,القطاع العام,خدمة إلكترونية,2026/04/30,"36,608,883"
الخدمات الرقمية,عام,القطاع العام,خدمة إلكترونية,2026/04/30,"36,608,427"
الخدمات الرقمية,عام,القطاع العام,خدمة إلكترونية,2026/04/30,"36,608,152"
الخدمات الرقمية,عام,القطاع العام,خدمة إلكترونية,2026/04/30,"36,598,754"
الخدمات الرقمية,عام,القطاع العام,خدمة إلكترونية,2026/04/30,"36,607,958"
الخدمات الرقمية,عام,القطاع العام,خدمة إلكترونية,2026/04/30,"36,607,902"
الخدمات الرقمية,عام,القطاع العام,خدمة إلكترونية,2026/04/30,"36,599,883"
الخدمات الرقمية,عام,القطاع العام,خدمة إلكترونية,2026/04/30,"36,604,025"
الخدمات الرقمية,عام,القطاع العام,خدمة إلكترونية,2026/04/30,"36,608,928"
الخدمات الرقمية,عام,القطاع العام,خدمة إلكترونية,2026/04/30,"36,603,829"
الخدمات الرقمية,عام,القطاع العام,خدمة إلكترونية,2026/04/30,"36,598,837"
الخدمات الرقمية,عام,القطاع العام,خدمة إلكترونية,2026/04/30,"36,599,904"
الخدمات الرقمية,عام,القطاع العام,خدمة إلكترونية,2026/04/30,"36,598,696"
الخدمات الرقمية,عام,القطاع العام,خدمة إلكترونية,2026/04/30,"36,598,769"
الخدمات الرقمية,عام,القطاع العام,خدمة إلكترونية,2026/04/30,"36,598,767"
الخدمات الرقمية,عام,القطاع العام,خدمة إلكترونية,2026/04/30,"36,601,305"
الخدمات الرقمية,عام,القطاع العام,خدمة إلكترونية,2026/04/30,"36,602,327"
الخدمات الرقمية,عام,القطاع العام,خدمة إلكترونية,2026/04/30,"36,600,121"
الخدمات الرقمية,عام,القطاع العام,خدمة إلكترونية,2026/04/30,"36,606,205"
الخدمات الرقمية,عام,القطاع العام,خدمة إلكترونية,2026/04/30,"36,608,407"
الخدمات الرقمية,عام,القطاع العام,خدمة إلكترونية,2026/04/30,"36,608,855"
الخدمات الرقمية,عام,القطاع العام,خدمة إلكترونية,2026/04/30,"36,598,749"
الخدمات الرقمية,عام,القطاع العام,خدمة إلكترونية,2026/04/30,"36,599,536"
الخدمات الرقمية,عام,القطاع العام,خدمة إلكترونية,2026/04/30,"36,598,755"
الخدمات الرقمية,عام,القطاع العام,خدمة إلكترونية,2026/04/30,"36,601,678"
الخدمات الرقمية,عام,القطاع العام,خدمة إلكترونية,2026/04/30,"36,608,197"
الخدمات الرقمية,عام,القطاع العام,خدمة إلكترونية,2026/04/30,"36,603,827"
 الرياض,شقراء,القطاع الخاص,خدمة إلكترونية جزئيا,2026/05/01,"36,625,710"
 الرياض,شقراء,القطاع الخاص,خدمة إلكترونية جزئيا,2026/05/01,"36,625,997"
 الرياض,شقراء,القطاع الخاص,خدمة إلكترونية جزئيا,2026/05/01,"36,624,990"
 الرياض,شقراء,القطاع الخاص,خدمة إلكترونية جزئيا,2026/05/01,"36,626,186"
 الرياض,شقراء,القطاع الخاص,خدمة إلكترونية جزئيا,2026/05/01,"36,625,907"
الخدمات الرقمية,عام,القطاع العام,خدمة إلكترونية,2026/05/01,"36,624,470"
الخدمات الرقمية,عام,القطاع العام,خدمة إلكترونية,2026/05/01,"36,622,739"
الخدمات الرقمية,عام,القطاع العام,خدمة إلكترونية,2026/05/01,"36,623,432"
الخدمات الرقمية,عام,القطاع العام,خدمة إلكترونية,2026/05/01,"36,624,493"
الخدمات الرقمية,عام,القطاع العام,خدمة إلكترونية,2026/05/01,"36,625,148"
الخدمات الرقمية,عام,القطاع العام,خدمة إلكترونية,2026/05/01,"36,622,759"
الخدمات الرقمية,عام,القطاع العام,خدمة إلكترونية,2026/05/01,"36,623,452"
الخدمات الرقمية,عام,القطاع العام,خدمة إلكترونية,2026/05/01,"36,624,503"
الخدمات الرقمية,عام,القطاع العام,خدمة إلكترونية,2026/05/01,"36,625,352"
الخدمات الرقمية,عام,القطاع العام,خدمة إلكترونية,2026/05/01,"36,623,456"
الخدمات الرقمية,عام,القطاع العام,خدمة إلكترونية,2026/05/01,"36,625,097"
الخدمات الرقمية,عام,القطاع العام,خدمة إلكترونية,2026/05/01,"36,622,653"
الخدمات الرقمية,عام,القطاع العام,خدمة إلكترونية,2026/05/01,"36,622,769"
الخدمات الرقمية,عام,القطاع العام,خدمة إلكترونية,2026/05/01,"36,622,809"
الخدمات الرقمية,عام,القطاع العام,خدمة إلكترونية,2026/05/01,"36,623,419"
الخدمات الرقمية,عام,القطاع العام,خدمة إلكترونية,2026/05/01,"36,624,729"
الخدمات الرقمية,عام,القطاع العام,خدمة إلكترونية,2026/05/01,"36,624,732"
الخدمات الرقمية,عام,القطاع العام,خدمة إلكترونية,2026/05/02,"36,634,264"
الخدمات الرقمية,عام,القطاع العام,خدمة إلكترونية,2026/05/02,"36,637,686"
الخدمات الرقمية,عام,القطاع العام,خدمة إلكترونية,2026/05/02,"36,634,921"
الخدمات الرقمية,عام,القطاع العام,خدمة إلكترونية,2026/05/02,"36,640,165"
الخدمات الرقمية,عام,القطاع العام,خدمة إلكترونية,2026/05/02,"36,637,340"
الخدمات الرقمية,عام,القطاع العام,خدمة إلكترونية,2026/05/02,"36,634,277"
 عسير,ابها,القطاع الخاص,خدمة إلكترونية جزئيا,2026/05/03,"36,655,237"
 عسير,ابها,القطاع الخاص,خدمة إلكترونية جزئيا,2026/05/03,"36,651,257"
 عسير,ابها,القطاع الخاص,خدمة إلكترونية جزئيا,2026/05/03,"36,655,051"
 مكة المكرمه,الطائف,القطاع الخاص,خدمة إلكترونية جزئيا,2026/05/03,"36,659,669"
 حائل,حائل,القطاع الخاص,خدمة إلكترونية جزئيا,2026/05/03,"36,657,430"
 الرياض,الرياض,القطاع العام,خدمة إلكترونية جزئيا,2026/05/03,"36,648,300"
 الرياض,الرياض,القطاع العام,خدمة إلكترونية جزئيا,2026/05/03,"36,659,265"
 الرياض,الرياض,القطاع العام,خدمة إلكترونية جزئيا,2026/05/03,"36,648,155"
 عسير,ابها,القطاع الخاص,خدمة إلكترونية جزئيا,2026/05/03,"36,651,422"
 عسير,ابها,القطاع الخاص,خدمة إلكترونية جزئيا,2026/05/03,"36,655,149"
 مكة المكرمه,الطائف,القطاع الخاص,خدمة إلكترونية جزئيا,2026/05/03,"36,651,647"
 عسير,ابها,القطاع الخاص,خدمة إلكترونية جزئيا,2026/05/03,"36,655,493"
 الرياض,الرياض,القطاع الخاص,خدمة إلكترونية جزئيا,2026/05/03,"36,651,879"
 مكة المكرمه,جده,القطاع الخاص,خدمة إلكترونية جزئيا,2026/05/03,"36,649,646"
 مكة المكرمه,جده,القطاع الخاص,خدمة إلكترونية جزئيا,2026/05/03,"36,649,041"
 مكة المكرمه,جده,القطاع الخاص,خدمة إلكترونية جزئيا,2026/05/03,"36,650,156"
 الرياض,الرياض,القطاع الخاص,خدمة إلكترونية جزئيا,2026/05/03,"36,648,134"
 الرياض,الرياض,القطاع الخاص,خدمة إلكترونية جزئيا,2026/05/03,"36,648,658"
 الرياض,الرياض,القطاع الخاص,خدمة إلكترونية جزئيا,2026/05/03,"36,654,825"
 الرياض,الرياض,القطاع الخاص,خدمة إلكترونية جزئيا,2026/05/03,"36,654,042"
 الرياض,الرياض,القطاع الخاص,خدمة إلكترونية جزئيا,2026/05/03,"36,648,149"
 الرياض,الرياض,القطاع الخاص,خدمة إلكترونية جزئيا,2026/05/03,"36,651,139"
 الرياض,الرياض,القطاع الخاص,خدمة إلكترونية جزئيا,2026/05/03,"36,654,827"
 مكة المكرمه,جده,القطاع الخاص,خدمة إلكترونية جزئيا,2026/05/03,"36,649,133"
 مكة المكرمه,جده,القطاع الخاص,خدمة إلكترونية جزئيا,2026/05/03,"36,653,056"
 مكة المكرمه,جده,القطاع الخاص,خدمة إلكترونية جزئيا,2026/05/03,"36,652,060"
 مكة المكرمه,جده,القطاع الخاص,خدمة إلكترونية جزئيا,2026/05/03,"36,648,457"
 مكة المكرمه,الطائف,القطاع الخاص,خدمة إلكترونية جزئيا,2026/05/03,"36,651,584"
 مكة المكرمه,الطائف,القطاع الخاص,خدمة إلكترونية جزئيا,2026/05/03,"36,659,718"
الخدمات الرقمية,عام,القطاع العام,خدمة إلكترونية,2026/05/03,"36,646,204"
الخدمات الرقمية,عام,القطاع العام,خدمة إلكترونية,2026/05/03,"36,649,938"
الخدمات الرقمية,عام,القطاع العام,خدمة إلكترونية,2026/05/03,"36,645,597"
الخدمات الرقمية,عام,القطاع العام,خدمة إلكترونية,2026/05/03,"36,645,843"
الخدمات الرقمية,عام,القطاع العام,خدمة إلكترونية,2026/05/03,"36,646,985"
الخدمات الرقمية,عام,القطاع العام,خدمة إلكترونية,2026/05/03,"36,656,426"
الخدمات الرقمية,عام,القطاع العام,خدمة إلكترونية,2026/05/03,"36,645,875"
الخدمات الرقمية,عام,القطاع العام,خدمة إلكترونية,2026/05/03,"36,645,545"
الخدمات الرقمية,عام,القطاع العام,خدمة إلكترونية,2026/05/03,"36,646,085"
الخدمات الرقمية,عام,القطاع العام,خدمة إلكترونية,2026/05/03,"36,655,697"
الخدمات الرقمية,عام,القطاع العام,خدمة إلكترونية,2026/05/03,"36,655,876"
الخدمات الرقمية,عام,القطاع العام,خدمة إلكترونية,2026/05/03,"36,652,176"
الخدمات الرقمية,عام,القطاع العام,خدمة إلكترونية,2026/05/03,"36,654,272"
الخدمات الرقمية,عام,القطاع العام,خدمة إلكترونية,2026/05/03,"36,645,455"
الخدمات الرقمية,عام,القطاع العام,خدمة إلكترونية,2026/05/03,"36,652,349"
الخدمات الرقمية,عام,القطاع العام,خدمة إلكترونية,2026/05/03,"36,654,240"
الخدمات الرقمية,عام,القطاع العام,خدمة إلكترونية,2026/05/03,"36,652,295"
الخدمات الرقمية,عام,القطاع العام,خدمة إلكترونية,2026/05/03,"36,653,217"
الخدمات الرقمية,عام,القطاع العام,خدمة إلكترونية,2026/05/03,"36,647,056"
الخدمات الرقمية,عام,القطاع العام,خدمة إلكترونية,2026/05/03,"36,647,254"
الخدمات الرقمية,عام,القطاع العام,خدمة إلكترونية,2026/05/03,"36,650,105"
الخدمات الرقمية,عام,القطاع العام,خدمة إلكترونية,2026/05/03,"36,655,821"
الخدمات الرقمية,عام,القطاع العام,خدمة إلكترونية,2026/05/03,"36,656,996"
الخدمات الرقمية,عام,القطاع العام,خدمة إلكترونية,2026/05/03,"36,647,160"
الخدمات الرقمية,عام,القطاع العام,خدمة إلكترونية,2026/05/03,"36,652,169"
الخدمات الرقمية,عام,القطاع العام,خدمة إلكترونية,2026/05/03,"36,651,949"
الخدمات الرقمية,عام,القطاع العام,خدمة إلكترونية,2026/05/03,"36,653,088"
الخدمات الرقمية,عام,القطاع العام,خدمة إلكترونية,2026/05/03,"36,645,536"
الخدمات الرقمية,عام,القطاع العام,خدمة إلكترونية,2026/05/03,"36,656,732"
الخدمات الرقمية,عام,القطاع العام,خدمة إلكترونية,2026/05/03,"36,659,780"
الخدمات الرقمية,عام,القطاع العام,خدمة إلكترونية,2026/05/03,"36,652,142"
الخدمات الرقمية,عام,القطاع العام,خدمة إلكترونية,2026/05/03,"36,645,929"
الخدمات الرقمية,عام,القطاع العام,خدمة إلكترونية,2026/05/03,"36,645,552"
الخدمات الرقمية,عام,القطاع العام,خدمة إلكترونية,2026/05/03,"36,645,592"
الخدمات الرقمية,عام,القطاع العام,خدمة إلكترونية,2026/05/03,"36,654,342"
الخدمات الرقمية,عام,القطاع العام,خدمة إلكترونية,2026/05/03,"36,662,202"
الخدمات الرقمية,عام,القطاع العام,خدمة إلكترونية,2026/05/03,"36,657,796"
الخدمات الرقمية,عام,القطاع العام,خدمة إلكترونية,2026/05/03,"36,645,489"
الخدمات الرقمية,عام,القطاع العام,خدمة إلكترونية,2026/05/03,"36,650,070"
الخدمات الرقمية,عام,القطاع العام,خدمة إلكترونية,2026/05/03,"36,655,545"
الخدمات الرقمية,عام,القطاع العام,خدمة إلكترونية,2026/05/03,"36,651,871"
الخدمات الرقمية,عام,القطاع العام,خدمة إلكترونية,2026/05/03,"36,655,989"
الخدمات الرقمية,عام,القطاع العام,خدمة إلكترونية,2026/05/03,"36,647,470"
الخدمات الرقمية,عام,القطاع العام,خدمة إلكترونية,2026/05/03,"36,652,272"
الخدمات الرقمية,عام,القطاع العام,خدمة إلكترونية,2026/05/03,"36,652,852"
الخدمات الرقمية,عام,القطاع العام,خدمة إلكترونية,2026/05/03,"36,648,679"
الخدمات الرقمية,عام,القطاع العام,خدمة إلكترونية,2026/05/03,"36,651,936"
الخدمات الرقمية,عام,القطاع العام,خدمة إلكترونية,2026/05/03,"36,652,375"
الخدمات الرقمية,عام,القطاع العام,خدمة إلكترونية,2026/05/03,"36,652,025"
الخدمات الرقمية,عام,القطاع العام,خدمة إلكترونية,2026/05/03,"36,655,810"
الخدمات الرقمية,عام,القطاع العام,خدمة إلكترونية,2026/05/03,"36,645,757"
الخدمات الرقمية,عام,القطاع العام,خدمة إلكترونية,2026/05/03,"36,653,472"
الخدمات الرقمية,عام,القطاع العام,خدمة إلكترونية,2026/05/03,"36,655,334"
الخدمات الرقمية,عام,القطاع العام,خدمة إلكترونية,2026/05/03,"36,644,839"
الخدمات الرقمية,عام,القطاع العام,خدمة إلكترونية,2026/05/03,"36,641,921"
الخدمات الرقمية,عام,القطاع العام,خدمة إلكترونية,2026/05/03,"36,654,613"
الخدمات الرقمية,عام,القطاع العام,خدمة إلكترونية,2026/05/03,"36,656,677"
الخدمات الرقمية,عام,القطاع العام,خدمة إلكترونية,2026/05/03,"36,655,227"
الخدمات الرقمية,عام,القطاع العام,خدمة إلكترونية,2026/05/03,"36,651,942"
الخدمات الرقمية,عام,القطاع العام,خدمة إلكترونية,2026/05/03,"36,651,993"
الخدمات الرقمية,عام,القطاع العام,خدمة إلكترونية,2026/05/03,"36,652,089"
الخدمات الرقمية,عام,القطاع العام,خدمة إلكترونية,2026/05/03,"36,653,633"
الخدمات الرقمية,عام,القطاع العام,خدمة إلكترونية,2026/05/03,"36,651,265"
الخدمات الرقمية,عام,القطاع العام,خدمة إلكترونية,2026/05/03,"36,653,393"
الخدمات الرقمية,عام,القطاع العام,خدمة إلكترونية,2026/05/03,"36,650,202"
الخدمات الرقمية,عام,القطاع العام,خدمة إلكترونية,2026/05/03,"36,652,172"
الخدمات الرقمية,عام,القطاع العام,خدمة إلكترونية,2026/05/03,"36,646,354"
الخدمات الرقمية,عام,القطاع العام,خدمة إلكترونية,2026/05/03,"36,654,666"
الخدمات الرقمية,عام,القطاع العام,خدمة إلكترونية,2026/05/03,"36,656,439"
الخدمات الرقمية,عام,القطاع العام,خدمة إلكترونية,2026/05/03,"36,656,784"
الخدمات الرقمية,عام,القطاع العام,خدمة إلكترونية,2026/05/03,"36,656,911"
الخدمات الرقمية,عام,القطاع العام,خدمة إلكترونية,2026/05/03,"36,659,904"
الخدمات الرقمية,عام,القطاع العام,خدمة إلكترونية,2026/05/03,"36,662,159"
الخدمات الرقمية,عام,القطاع العام,خدمة إلكترونية,2026/05/03,"36,648,391"
الخدمات الرقمية,عام,القطاع العام,خدمة إلكترونية,2026/05/03,"36,654,027"
الخدمات الرقمية,عام,القطاع العام,خدمة إلكترونية,2026/05/03,"36,646,910"
الخدمات الرقمية,عام,القطاع العام,خدمة إلكترونية,2026/05/03,"36,656,374"
الخدمات الرقمية,عام,القطاع العام,خدمة إلكترونية,2026/05/03,"36,652,363"
الخدمات الرقمية,عام,القطاع العام,خدمة إلكترونية,2026/05/03,"36,654,521"
الخدمات الرقمية,عام,القطاع العام,خدمة إلكترونية,2026/05/03,"36,652,190"
الخدمات الرقمية,عام,القطاع العام,خدمة إلكترونية,2026/05/03,"36,652,395"
الخدمات الرقمية,عام,القطاع العام,خدمة إلكترونية,2026/05/03,"36,653,839"
الخدمات الرقمية,عام,القطاع العام,خدمة إلكترونية,2026/05/03,"36,654,524"
الخدمات الرقمية,عام,القطاع العام,خدمة إلكترونية,2026/05/03,"36,656,798"
الخدمات الرقمية,عام,القطاع العام,خدمة إلكترونية,2026/05/03,"36,652,260"
الخدمات الرقمية,عام,القطاع العام,خدمة إلكترونية,2026/05/03,"36,648,325"
الخدمات الرقمية,عام,القطاع العام,خدمة إلكترونية,2026/05/03,"36,650,577"
الخدمات الرقمية,عام,القطاع العام,خدمة إلكترونية,2026/05/03,"36,651,914"
الخدمات الرقمية,عام,القطاع العام,خدمة إلكترونية,2026/05/03,"36,654,567"
الخدمات الرقمية,عام,القطاع العام,خدمة إلكترونية,2026/05/03,"36,656,175"
الخدمات الرقمية,عام,القطاع العام,خدمة إلكترونية,2026/05/03,"36,656,052"
الخدمات الرقمية,عام,القطاع العام,خدمة إلكترونية,2026/05/03,"36,656,507"
الخدمات الرقمية,عام,القطاع العام,خدمة إلكترونية,2026/05/03,"36,645,525"
الخدمات الرقمية,عام,القطاع العام,خدمة إلكترونية,2026/05/03,"36,655,382"
الخدمات الرقمية,عام,القطاع العام,خدمة إلكترونية,2026/05/03,"36,654,628"
الخدمات الرقمية,عام,القطاع العام,خدمة إلكترونية,2026/05/03,"36,654,698"
الخدمات الرقمية,عام,القطاع العام,خدمة إلكترونية,2026/05/03,"36,656,567"
الخدمات الرقمية,عام,القطاع العام,خدمة إلكترونية,2026/05/03,"36,656,715"
الخدمات الرقمية,عام,القطاع العام,خدمة إلكترونية,2026/05/03,"36,656,336"
الخدمات الرقمية,عام,القطاع العام,خدمة إلكترونية,2026/05/03,"36,647,066"
الخدمات الرقمية,عام,القطاع العام,خدمة إلكترونية,2026/05/03,"36,654,953"
الخدمات الرقمية,عام,القطاع العام,خدمة إلكترونية,2026/05/03,"36,659,499"
الخدمات الرقمية,عام,القطاع العام,خدمة إلكترونية,2026/05/03,"36,656,203"
الخدمات الرقمية,عام,القطاع العام,خدمة إلكترونية,2026/05/03,"36,654,834"
الخدمات الرقمية,عام,القطاع العام,خدمة إلكترونية,2026/05/03,"36,652,091"
الخدمات الرقمية,عام,القطاع العام,خدمة إلكترونية,2026/05/03,"36,647,353"
الخدمات الرقمية,عام,القطاع العام,خدمة إلكترونية,2026/05/03,"36,651,978"
الخدمات الرقمية,عام,القطاع العام,خدمة إلكترونية,2026/05/03,"36,651,843"
الخدمات الرقمية,عام,القطاع العام,خدمة إلكترونية,2026/05/03,"36,654,178"
الخدمات الرقمية,عام,القطاع العام,خدمة إلكترونية,2026/05/03,"36,655,279"
الخدمات الرقمية,عام,القطاع العام,خدمة إلكترونية,2026/05/03,"36,645,550"
الخدمات الرقمية,عام,القطاع العام,خدمة إلكترونية,2026/05/03,"36,654,793"
الخدمات الرقمية,عام,القطاع العام,خدمة إلكترونية,2026/05/03,"36,655,946"
الخدمات الرقمية,عام,القطاع العام,خدمة إلكترونية,2026/05/03,"36,645,445"
الخدمات الرقمية,عام,القطاع العام,خدمة إلكترونية,2026/05/03,"36,650,436"
الخدمات الرقمية,عام,القطاع العام,خدمة إلكترونية,2026/05/03,"36,641,914"
الخدمات الرقمية,عام,القطاع العام,خدمة إلكترونية,2026/05/03,"36,650,336"
الخدمات الرقمية,عام,القطاع العام,خدمة إلكترونية,2026/05/03,"36,649,168"
الخدمات الرقمية,عام,القطاع العام,خدمة إلكترونية,2026/05/03,"36,655,078"
الخدمات الرقمية,عام,القطاع العام,خدمة إلكترونية,2026/05/03,"36,657,198"
الخدمات الرقمية,عام,القطاع العام,خدمة إلكترونية,2026/05/03,"36,655,930"
الخدمات الرقمية,عام,القطاع العام,خدمة إلكترونية,2026/05/03,"36,650,788"
الخدمات الرقمية,عام,القطاع العام,خدمة إلكترونية,2026/05/03,"36,645,577"
الخدمات الرقمية,عام,القطاع العام,خدمة إلكترونية,2026/05/03,"36,655,475"
الخدمات الرقمية,عام,القطاع العام,خدمة إلكترونية,2026/05/03,"36,657,122"
الخدمات الرقمية,عام,القطاع العام,خدمة إلكترونية,2026/05/03,"36,652,275"
الخدمات الرقمية,عام,القطاع العام,خدمة إلكترونية,2026/05/03,"36,646,719"
الخدمات الرقمية,عام,القطاع العام,خدمة إلكترونية,2026/05/03,"36,646,984"
الخدمات الرقمية,عام,القطاع العام,خدمة إلكترونية,2026/05/03,"36,645,601"
الخدمات الرقمية,عام,القطاع العام,خدمة إلكترونية,2026/05/03,"36,653,278"
الخدمات الرقمية,عام,القطاع العام,خدمة إلكترونية,2026/05/03,"36,657,056"
الخدمات الرقمية,عام,القطاع العام,خدمة إلكترونية,2026/05/03,"36,651,792"
الخدمات الرقمية,عام,القطاع العام,خدمة إلكترونية,2026/05/03,"36,645,816"
الخدمات الرقمية,عام,القطاع العام,خدمة إلكترونية,2026/05/03,"36,654,590"
الخدمات الرقمية,عام,القطاع العام,خدمة إلكترونية,2026/05/03,"36,652,252"
الخدمات الرقمية,عام,القطاع العام,خدمة إلكترونية,2026/05/03,"36,656,463"
الخدمات الرقمية,عام,القطاع العام,خدمة إلكترونية,2026/05/03,"36,654,694"
الخدمات الرقمية,عام,القطاع العام,خدمة إلكترونية,2026/05/03,"36,647,086"
الخدمات الرقمية,عام,القطاع العام,خدمة إلكترونية,2026/05/03,"36,654,601"
الخدمات الرقمية,عام,القطاع العام,خدمة إلكترونية,2026/05/03,"36,657,343"
الخدمات الرقمية,عام,القطاع العام,خدمة إلكترونية,2026/05/03,"36,654,111"
الخدمات الرقمية,عام,القطاع العام,خدمة إلكترونية,2026/05/03,"36,650,179"
الخدمات الرقمية,عام,القطاع العام,خدمة إلكترونية,2026/05/03,"36,659,872"
الخدمات الرقمية,عام,القطاع العام,خدمة إلكترونية,2026/05/03,"36,655,450"
الخدمات الرقمية,عام,القطاع العام,خدمة إلكترونية,2026/05/03,"36,645,778"
الخدمات الرقمية,عام,القطاع العام,خدمة إلكترونية,2026/05/03,"36,653,686"
الخدمات الرقمية,عام,القطاع العام,خدمة إلكترونية,2026/05/03,"36,655,526"
الخدمات الرقمية,عام,القطاع العام,خدمة إلكترونية,2026/05/03,"36,660,359"
الخدمات الرقمية,عام,القطاع العام,خدمة إلكترونية,2026/05/03,"36,646,018"
الخدمات الرقمية,عام,القطاع العام,خدمة إلكترونية,2026/05/03,"36,646,062"
الخدمات الرقمية,عام,القطاع العام,خدمة إلكترونية,2026/05/03,"36,649,006"
الخدمات الرقمية,عام,القطاع العام,خدمة إلكترونية,2026/05/03,"36,648,204"
الخدمات الرقمية,عام,القطاع العام,خدمة إلكترونية,2026/05/03,"36,660,325"
الخدمات الرقمية,عام,القطاع العام,خدمة إلكترونية,2026/05/03,"36,660,563"
الخدمات الرقمية,عام,القطاع العام,خدمة إلكترونية,2026/05/03,"36,660,266"
الخدمات الرقمية,عام,القطاع العام,خدمة إلكترونية,2026/05/03,"36,660,582"
الخدمات الرقمية,عام,القطاع العام,خدمة إلكترونية,2026/05/03,"36,648,015"
الخدمات الرقمية,عام,القطاع العام,خدمة إلكترونية,2026/05/03,"36,651,733"
الخدمات الرقمية,عام,القطاع العام,خدمة إلكترونية,2026/05/03,"36,660,252"
الخدمات الرقمية,عام,القطاع العام,خدمة إلكترونية,2026/05/03,"36,645,566"
الخدمات الرقمية,عام,القطاع العام,خدمة إلكترونية,2026/05/03,"36,660,369"
الخدمات الرقمية,عام,القطاع العام,خدمة إلكترونية,2026/05/03,"36,660,628"
الخدمات الرقمية,عام,القطاع العام,خدمة إلكترونية,2026/05/03,"36,653,581"
الخدمات الرقمية,عام,القطاع العام,خدمة إلكترونية,2026/05/03,"36,660,562"
الخدمات الرقمية,عام,القطاع العام,خدمة إلكترونية,2026/05/03,"36,660,774"
الخدمات الرقمية,عام,القطاع العام,خدمة إلكترونية,2026/05/03,"36,660,251"
الخدمات الرقمية,عام,القطاع العام,خدمة إلكترونية,2026/05/03,"36,655,047"
الخدمات الرقمية,عام,القطاع العام,خدمة إلكترونية,2026/05/03,"36,660,627"
الخدمات الرقمية,عام,القطاع العام,خدمة إلكترونية,2026/05/03,"36,660,797"
الخدمات الرقمية,عام,القطاع العام,خدمة إلكترونية,2026/05/03,"36,660,368"
الخدمات الرقمية,عام,القطاع العام,خدمة إلكترونية,2026/05/03,"36,654,943"
الخدمات الرقمية,عام,القطاع العام,خدمة إلكترونية,2026/05/03,"36,660,626"
الخدمات الرقمية,عام,القطاع العام,خدمة إلكترونية,2026/05/03,"36,646,905"
الخدمات الرقمية,عام,القطاع العام,خدمة إلكترونية,2026/05/03,"36,648,011"
الخدمات الرقمية,عام,القطاع العام,خدمة إلكترونية,2026/05/03,"36,660,561"
الخدمات الرقمية,عام,القطاع العام,خدمة إلكترونية,2026/05/03,"36,660,370"
الخدمات الرقمية,عام,القطاع العام,خدمة إلكترونية,2026/05/03,"36,654,394"
الخدمات الرقمية,عام,القطاع العام,خدمة إلكترونية,2026/05/03,"36,660,512"
الخدمات الرقمية,عام,القطاع العام,خدمة إلكترونية,2026/05/03,"36,660,795"
الخدمات الرقمية,عام,القطاع العام,خدمة إلكترونية,2026/05/03,"36,645,215"
الخدمات الرقمية,عام,القطاع العام,خدمة إلكترونية,2026/05/03,"36,660,358"
الخدمات الرقمية,عام,القطاع العام,خدمة إلكترونية,2026/05/03,"36,660,584"
الخدمات الرقمية,عام,القطاع العام,خدمة إلكترونية,2026/05/03,"36,660,800"
الخدمات الرقمية,عام,القطاع العام,خدمة إلكترونية,2026/05/03,"36,660,317"
الخدمات الرقمية,عام,القطاع العام,خدمة إلكترونية,2026/05/03,"36,646,285"
الخدمات الرقمية,عام,القطاع العام,خدمة إلكترونية,2026/05/03,"36,647,060"
الخدمات الرقمية,عام,القطاع العام,خدمة إلكترونية,2026/05/03,"36,660,326"
الخدمات الرقمية,عام,القطاع العام,خدمة إلكترونية,2026/05/03,"36,660,610"
الخدمات الرقمية,عام,القطاع العام,خدمة إلكترونية,2026/05/03,"36,652,026"
الخدمات الرقمية,عام,القطاع العام,خدمة إلكترونية,2026/05/03,"36,660,175"
الخدمات الرقمية,عام,القطاع العام,خدمة إلكترونية,2026/05/03,"36,660,440"
الخدمات الرقمية,عام,القطاع العام,خدمة إلكترونية,2026/05/03,"36,648,118"
 الشرقية,الدمام,القطاع الخاص,خدمة إلكترونية جزئيا,2026/05/04,"36,668,844"
 القصيم,بريده,القطاع الخاص,خدمة إلكترونية جزئيا,2026/05/04,"36,679,275"
 مكة المكرمه,الطائف,القطاع الخاص,خدمة إلكترونية جزئيا,2026/05/04,"36,669,235"
 الشرقية,الدمام,القطاع الخاص,خدمة إلكترونية جزئيا,2026/05/04,"36,675,920"
الخدمات الرقمية,كتابة عدل مدمجة - افتراضية,القطاع العام,خدمة إلكترونية جزئيا,2026/05/04,"36,667,272"
الخدمات الرقمية,عام,القطاع العام,خدمة إلكترونية,2026/05/04,"36,666,075"
الخدمات الرقمية,عام,القطاع العام,خدمة إلكترونية,2026/05/04,"36,667,354"
 الشرقية,الدمام,القطاع العام,خدمة إلكترونية جزئيا,2026/05/04,"36,667,493"
 الشرقية,الدمام,القطاع العام,خدمة إلكترونية جزئيا,2026/05/04,"36,667,302"
الخدمات الرقمية,كتابة عدل مدمجة - افتراضية,القطاع العام,خدمة إلكترونية جزئيا,2026/05/04,"36,686,745"
 الرياض,الرياض,القطاع الخاص,خدمة إلكترونية جزئيا,2026/05/04,"36,667,186"
 القصيم,بريده,القطاع الخاص,خدمة إلكترونية جزئيا,2026/05/04,"36,679,432"
 الرياض,الرياض,القطاع الخاص,خدمة إلكترونية جزئيا,2026/05/04,"36,667,962"
 مكة المكرمه,الطائف,القطاع الخاص,خدمة إلكترونية جزئيا,2026/05/04,"36,669,307"
 الرياض,الرياض,القطاع الخاص,خدمة إلكترونية جزئيا,2026/05/04,"36,669,707"
 الشرقية,الدمام,القطاع الخاص,خدمة إلكترونية جزئيا,2026/05/04,"36,676,017"
 الرياض,الرياض,القطاع الخاص,خدمة إلكترونية جزئيا,2026/05/04,"36,668,834"
 الرياض,الرياض,القطاع الخاص,خدمة إلكترونية جزئيا,2026/05/04,"36,671,750"
 الرياض,الرياض,القطاع الخاص,خدمة إلكترونية جزئيا,2026/05/04,"36,673,091"
 مكة المكرمه,الطائف,القطاع الخاص,خدمة إلكترونية جزئيا,2026/05/04,"36,671,251"
 مكة المكرمه,جده,القطاع الخاص,خدمة إلكترونية جزئيا,2026/05/04,"36,670,052"
 مكة المكرمه,جده,القطاع الخاص,خدمة إلكترونية جزئيا,2026/05/04,"36,670,171"
الخدمات الرقمية,عام,القطاع العام,خدمة إلكترونية,2026/05/04,"36,688,464"
الخدمات الرقمية,عام,القطاع العام,خدمة إلكترونية,2026/05/04,"36,682,489"
الخدمات الرقمية,عام,القطاع العام,خدمة إلكترونية,2026/05/04,"36,688,325"
الخدمات الرقمية,عام,القطاع العام,خدمة إلكترونية,2026/05/04,"36,688,516"
الخدمات الرقمية,عام,القطاع العام,خدمة إلكترونية,2026/05/04,"36,667,310"
الخدمات الرقمية,عام,القطاع العام,خدمة إلكترونية,2026/05/04,"36,672,120"
الخدمات الرقمية,عام,القطاع العام,خدمة إلكترونية,2026/05/04,"36,675,610"
الخدمات الرقمية,عام,القطاع العام,خدمة إلكترونية,2026/05/04,"36,669,054"
الخدمات الرقمية,عام,القطاع العام,خدمة إلكترونية,2026/05/04,"36,675,554"
الخدمات الرقمية,عام,القطاع العام,خدمة إلكترونية,2026/05/04,"36,675,959"
الخدمات الرقمية,عام,القطاع العام,خدمة إلكترونية,2026/05/04,"36,668,578"
الخدمات الرقمية,عام,القطاع العام,خدمة إلكترونية,2026/05/04,"36,669,179"
الخدمات الرقمية,عام,القطاع العام,خدمة إلكترونية,2026/05/04,"36,668,799"
الخدمات الرقمية,عام,القطاع العام,خدمة إلكترونية,2026/05/04,"36,678,050"
الخدمات الرقمية,عام,القطاع العام,خدمة إلكترونية,2026/05/04,"36,678,940"
الخدمات الرقمية,عام,القطاع العام,خدمة إلكترونية,2026/05/04,"36,681,230"
الخدمات الرقمية,عام,القطاع العام,خدمة إلكترونية,2026/05/04,"36,668,358"
الخدمات الرقمية,عام,القطاع العام,خدمة إلكترونية,2026/05/04,"36,665,931"
الخدمات الرقمية,عام,القطاع العام,خدمة إلكترونية,2026/05/04,"36,667,655"
الخدمات الرقمية,عام,القطاع العام,خدمة إلكترونية,2026/05/04,"36,668,360"
الخدمات الرقمية,عام,القطاع العام,خدمة إلكترونية,2026/05/04,"36,673,152"
الخدمات الرقمية,عام,القطاع العام,خدمة إلكترونية,2026/05/04,"36,675,053"
الخدمات الرقمية,عام,القطاع العام,خدمة إلكترونية,2026/05/04,"36,668,208"
الخدمات الرقمية,عام,القطاع العام,خدمة إلكترونية,2026/05/04,"36,680,517"
الخدمات الرقمية,عام,القطاع العام,خدمة إلكترونية,2026/05/04,"36,669,043"
الخدمات الرقمية,عام,القطاع العام,خدمة إلكترونية,2026/05/04,"36,680,956"
الخدمات الرقمية,عام,القطاع العام,خدمة إلكترونية,2026/05/04,"36,678,404"
الخدمات الرقمية,عام,القطاع العام,خدمة إلكترونية,2026/05/04,"36,672,624"
الخدمات الرقمية,عام,القطاع العام,خدمة إلكترونية,2026/05/04,"36,667,044"
الخدمات الرقمية,عام,القطاع العام,خدمة إلكترونية,2026/05/04,"36,666,224"
الخدمات الرقمية,عام,القطاع العام,خدمة إلكترونية,2026/05/04,"36,667,890"
الخدمات الرقمية,عام,القطاع العام,خدمة إلكترونية,2026/05/04,"36,671,004"
الخدمات الرقمية,عام,القطاع العام,خدمة إلكترونية,2026/05/04,"36,678,697"
الخدمات الرقمية,عام,القطاع العام,خدمة إلكترونية,2026/05/04,"36,675,830"
الخدمات الرقمية,عام,القطاع العام,خدمة إلكترونية,2026/05/04,"36,665,737"
الخدمات الرقمية,عام,القطاع العام,خدمة إلكترونية,2026/05/04,"36,674,838"
الخدمات الرقمية,عام,القطاع العام,خدمة إلكترونية,2026/05/04,"36,668,548"
الخدمات الرقمية,عام,القطاع العام,خدمة إلكترونية,2026/05/04,"36,669,249"
الخدمات الرقمية,عام,القطاع العام,خدمة إلكترونية,2026/05/04,"36,681,736"
الخدمات الرقمية,عام,القطاع العام,خدمة إلكترونية,2026/05/04,"36,677,401"
الخدمات الرقمية,عام,القطاع العام,خدمة إلكترونية,2026/05/04,"36,678,801"
الخدمات الرقمية,عام,القطاع العام,خدمة إلكترونية,2026/05/04,"36,679,158"
الخدمات الرقمية,عام,القطاع العام,خدمة إلكترونية,2026/05/04,"36,680,979"
الخدمات الرقمية,عام,القطاع العام,خدمة إلكترونية,2026/05/04,"36,678,412"
الخدمات الرقمية,عام,القطاع العام,خدمة إلكترونية,2026/05/04,"36,679,222"
الخدمات الرقمية,عام,القطاع العام,خدمة إلكترونية,2026/05/04,"36,670,166"
الخدمات الرقمية,عام,القطاع العام,خدمة إلكترونية,2026/05/04,"36,670,349"
الخدمات الرقمية,عام,القطاع العام,خدمة إلكترونية,2026/05/04,"36,681,788"
الخدمات الرقمية,عام,القطاع العام,خدمة إلكترونية,2026/05/04,"36,676,257"
الخدمات الرقمية,عام,القطاع العام,خدمة إلكترونية,2026/05/04,"36,680,315"
الخدمات الرقمية,عام,القطاع العام,خدمة إلكترونية,2026/05/04,"36,678,726"
الخدمات الرقمية,عام,القطاع العام,خدمة إلكترونية,2026/05/04,"36,675,668"
الخدمات الرقمية,عام,القطاع العام,خدمة إلكترونية,2026/05/04,"36,673,149"
الخدمات الرقمية,عام,القطاع العام,خدمة إلكترونية,2026/05/04,"36,680,380"
الخدمات الرقمية,عام,القطاع العام,خدمة إلكترونية,2026/05/04,"36,674,713"
الخدمات الرقمية,عام,القطاع العام,خدمة إلكترونية,2026/05/04,"36,674,688"
الخدمات الرقمية,عام,القطاع العام,خدمة إلكترونية,2026/05/04,"36,677,584"
الخدمات الرقمية,عام,القطاع العام,خدمة إلكترونية,2026/05/04,"36,680,023"
الخدمات الرقمية,عام,القطاع العام,خدمة إلكترونية,2026/05/04,"36,674,577"
الخدمات الرقمية,عام,القطاع العام,خدمة إلكترونية,2026/05/04,"36,675,583"
الخدمات الرقمية,عام,القطاع العام,خدمة إلكترونية,2026/05/04,"36,678,567"
الخدمات الرقمية,عام,القطاع العام,خدمة إلكترونية,2026/05/04,"36,676,229"
الخدمات الرقمية,عام,القطاع العام,خدمة إلكترونية,2026/05/04,"36,668,467"
الخدمات الرقمية,عام,القطاع العام,خدمة إلكترونية,2026/05/04,"36,664,467"
الخدمات الرقمية,عام,القطاع العام,خدمة إلكترونية,2026/05/04,"36,676,004"
الخدمات الرقمية,عام,القطاع العام,خدمة إلكترونية,2026/05/04,"36,675,509"
الخدمات الرقمية,عام,القطاع العام,خدمة إلكترونية,2026/05/04,"36,672,700"
الخدمات الرقمية,عام,القطاع العام,خدمة إلكترونية,2026/05/04,"36,669,257"
الخدمات الرقمية,عام,القطاع العام,خدمة إلكترونية,2026/05/04,"36,670,178"
الخدمات الرقمية,عام,القطاع العام,خدمة إلكترونية,2026/05/04,"36,676,844"
الخدمات الرقمية,عام,القطاع العام,خدمة إلكترونية,2026/05/04,"36,677,861"
الخدمات الرقمية,عام,القطاع العام,خدمة إلكترونية,2026/05/04,"36,676,355"
الخدمات الرقمية,عام,القطاع العام,خدمة إلكترونية,2026/05/04,"36,665,445"
الخدمات الرقمية,عام,القطاع العام,خدمة إلكترونية,2026/05/04,"36,676,084"
الخدمات الرقمية,عام,القطاع العام,خدمة إلكترونية,2026/05/04,"36,679,535"
الخدمات الرقمية,عام,القطاع العام,خدمة إلكترونية,2026/05/04,"36,667,445"
الخدمات الرقمية,عام,القطاع العام,خدمة إلكترونية,2026/05/04,"36,680,544"
الخدمات الرقمية,عام,القطاع العام,خدمة إلكترونية,2026/05/04,"36,680,759"
الخدمات الرقمية,عام,القطاع العام,خدمة إلكترونية,2026/05/04,"36,668,200"
الخدمات الرقمية,عام,القطاع العام,خدمة إلكترونية,2026/05/04,"36,676,402"
الخدمات الرقمية,عام,القطاع العام,خدمة إلكترونية,2026/05/04,"36,672,758"
الخدمات الرقمية,عام,القطاع العام,خدمة إلكترونية,2026/05/04,"36,672,029"
الخدمات الرقمية,عام,القطاع العام,خدمة إلكترونية,2026/05/04,"36,678,604"
الخدمات الرقمية,عام,القطاع العام,خدمة إلكترونية,2026/05/04,"36,678,626"
الخدمات الرقمية,عام,القطاع العام,خدمة إلكترونية,2026/05/04,"36,663,378"
الخدمات الرقمية,عام,القطاع العام,خدمة إلكترونية,2026/05/04,"36,669,023"
الخدمات الرقمية,عام,القطاع العام,خدمة إلكترونية,2026/05/04,"36,675,468"
الخدمات الرقمية,عام,القطاع العام,خدمة إلكترونية,2026/05/04,"36,676,170"
الخدمات الرقمية,عام,القطاع العام,خدمة إلكترونية,2026/05/04,"36,680,966"
الخدمات الرقمية,عام,القطاع العام,خدمة إلكترونية,2026/05/04,"36,669,242"
الخدمات الرقمية,عام,القطاع العام,خدمة إلكترونية,2026/05/04,"36,666,913"
الخدمات الرقمية,عام,القطاع العام,خدمة إلكترونية,2026/05/04,"36,667,352"
الخدمات الرقمية,عام,القطاع العام,خدمة إلكترونية,2026/05/04,"36,676,346"
الخدمات الرقمية,عام,القطاع العام,خدمة إلكترونية,2026/05/04,"36,676,341"
الخدمات الرقمية,عام,القطاع العام,خدمة إلكترونية,2026/05/04,"36,667,108"
الخدمات الرقمية,عام,القطاع العام,خدمة إلكترونية,2026/05/04,"36,667,353"
الخدمات الرقمية,عام,القطاع العام,خدمة إلكترونية,2026/05/04,"36,666,197"
الخدمات الرقمية,عام,القطاع العام,خدمة إلكترونية,2026/05/04,"36,676,319"
الخدمات الرقمية,عام,القطاع العام,خدمة إلكترونية,2026/05/04,"36,676,503"
الخدمات الرقمية,عام,القطاع العام,خدمة إلكترونية,2026/05/04,"36,675,555"
الخدمات الرقمية,عام,القطاع العام,خدمة إلكترونية,2026/05/04,"36,675,768"
الخدمات الرقمية,عام,القطاع العام,خدمة إلكترونية,2026/05/04,"36,666,728"
الخدمات الرقمية,عام,القطاع العام,خدمة إلكترونية,2026/05/04,"36,667,110"
الخدمات الرقمية,عام,القطاع العام,خدمة إلكترونية,2026/05/04,"36,667,107"
الخدمات الرقمية,عام,القطاع العام,خدمة إلكترونية,2026/05/04,"36,676,344"
الخدمات الرقمية,عام,القطاع العام,خدمة إلكترونية,2026/05/04,"36,669,243"
الخدمات الرقمية,عام,القطاع العام,خدمة إلكترونية,2026/05/04,"36,666,310"
الخدمات الرقمية,عام,القطاع العام,خدمة إلكترونية,2026/05/04,"36,675,553"
الخدمات الرقمية,عام,القطاع العام,خدمة إلكترونية,2026/05/04,"36,676,507"
الخدمات الرقمية,عام,القطاع العام,خدمة إلكترونية,2026/05/04,"36,675,758"
الخدمات الرقمية,عام,القطاع العام,خدمة إلكترونية,2026/05/04,"36,666,297"
الخدمات الرقمية,عام,القطاع العام,خدمة إلكترونية,2026/05/04,"36,676,513"
الخدمات الرقمية,عام,القطاع العام,خدمة إلكترونية,2026/05/04,"36,666,211"
الخدمات الرقمية,عام,القطاع العام,خدمة إلكترونية,2026/05/04,"36,676,501"
الخدمات الرقمية,عام,القطاع العام,خدمة إلكترونية,2026/05/04,"36,676,514"
الخدمات الرقمية,عام,القطاع العام,خدمة إلكترونية,2026/05/04,"36,677,102"
الخدمات الرقمية,عام,القطاع العام,خدمة إلكترونية,2026/05/04,"36,677,104"
الخدمات الرقمية,عام,القطاع العام,خدمة إلكترونية,2026/05/04,"36,667,764"
الخدمات الرقمية,عام,القطاع العام,خدمة إلكترونية,2026/05/04,"36,676,510"
الخدمات الرقمية,عام,القطاع العام,خدمة إلكترونية,2026/05/04,"36,667,367"
الخدمات الرقمية,عام,القطاع العام,خدمة إلكترونية,2026/05/04,"36,666,314"
الخدمات الرقمية,عام,القطاع العام,خدمة إلكترونية,2026/05/04,"36,675,549"
الخدمات الرقمية,عام,القطاع العام,خدمة إلكترونية,2026/05/04,"36,676,668"
الخدمات الرقمية,عام,القطاع العام,خدمة إلكترونية,2026/05/04,"36,668,706"
الخدمات الرقمية,عام,القطاع العام,خدمة إلكترونية,2026/05/04,"36,666,712"
الخدمات الرقمية,عام,القطاع العام,خدمة إلكترونية,2026/05/04,"36,667,766"
الخدمات الرقمية,عام,القطاع العام,خدمة إلكترونية,2026/05/04,"36,676,343"
الخدمات الرقمية,عام,القطاع العام,خدمة إلكترونية,2026/05/04,"36,676,518"
الخدمات الرقمية,عام,القطاع العام,خدمة إلكترونية,2026/05/04,"36,667,113"
الخدمات الرقمية,عام,القطاع العام,خدمة إلكترونية,2026/05/04,"36,667,614"
الخدمات الرقمية,عام,القطاع العام,خدمة إلكترونية,2026/05/04,"36,667,993"
الخدمات الرقمية,عام,القطاع العام,خدمة إلكترونية,2026/05/04,"36,666,311"
الخدمات الرقمية,عام,القطاع العام,خدمة إلكترونية,2026/05/04,"36,675,421"
الخدمات الرقمية,عام,القطاع العام,خدمة إلكترونية,2026/05/04,"36,668,153"
الخدمات الرقمية,عام,القطاع العام,خدمة إلكترونية,2026/05/04,"36,666,083"
 الشرقية,الدمام,القطاع الخاص,خدمة إلكترونية جزئيا,2026/05/05,"36,706,654"
 الشرقية,الدمام,القطاع الخاص,خدمة إلكترونية جزئيا,2026/05/05,"36,705,575"
 مكة المكرمه,جده,القطاع الخاص,خدمة إلكترونية جزئيا,2026/05/05,"36,699,684"
 مكة المكرمه,جده,القطاع الخاص,خدمة إلكترونية جزئيا,2026/05/05,"36,695,611"
 عسير,ابها,القطاع الخاص,خدمة إلكترونية جزئيا,2026/05/05,"36,707,591"
الخدمات الرقمية,عام,القطاع العام,خدمة إلكترونية,2026/05/05,"36,700,408"
الخدمات الرقمية,عام,القطاع العام,خدمة إلكترونية,2026/05/05,"36,702,549"
 الرياض,الرياض,القطاع الخاص,خدمة إلكترونية جزئيا,2026/05/05,"36,694,301"
 الرياض,الرياض,القطاع الخاص,خدمة إلكترونية جزئيا,2026/05/05,"36,697,685"
 الشرقية,الدمام,القطاع الخاص,خدمة إلكترونية جزئيا,2026/05/05,"36,696,990"
 مكة المكرمه,جده,القطاع الخاص,خدمة إلكترونية جزئيا,2026/05/05,"36,695,665"
 مكة المكرمه,جده,القطاع الخاص,خدمة إلكترونية جزئيا,2026/05/05,"36,699,768"
الخدمات الرقمية,عام,القطاع العام,خدمة إلكترونية,2026/05/05,"36,693,024"
الخدمات الرقمية,عام,القطاع العام,خدمة إلكترونية,2026/05/05,"36,693,212"
الخدمات الرقمية,عام,القطاع العام,خدمة إلكترونية,2026/05/05,"36,693,010"
الخدمات الرقمية,عام,القطاع العام,خدمة إلكترونية,2026/05/05,"36,692,840"
الخدمات الرقمية,عام,القطاع العام,خدمة إلكترونية,2026/05/05,"36,692,983"
الخدمات الرقمية,عام,القطاع العام,خدمة إلكترونية,2026/05/05,"36,693,378"
الخدمات الرقمية,عام,القطاع العام,خدمة إلكترونية,2026/05/05,"36,694,670"
الخدمات الرقمية,عام,القطاع العام,خدمة إلكترونية,2026/05/05,"36,694,046"
الخدمات الرقمية,عام,القطاع العام,خدمة إلكترونية,2026/05/05,"36,693,352"
الخدمات الرقمية,عام,القطاع العام,خدمة إلكترونية,2026/05/05,"36,697,119"
الخدمات الرقمية,عام,القطاع العام,خدمة إلكترونية,2026/05/05,"36,694,409"
الخدمات الرقمية,عام,القطاع العام,خدمة إلكترونية,2026/05/05,"36,693,135"
الخدمات الرقمية,عام,القطاع العام,خدمة إلكترونية,2026/05/05,"36,693,939"
الخدمات الرقمية,عام,القطاع العام,خدمة إلكترونية,2026/05/05,"36,693,192"
الخدمات الرقمية,عام,القطاع العام,خدمة إلكترونية,2026/05/05,"36,693,261"
الخدمات الرقمية,عام,القطاع العام,خدمة إلكترونية,2026/05/05,"36,697,977"
الخدمات الرقمية,عام,القطاع العام,خدمة إلكترونية,2026/05/05,"36,697,757"
الخدمات الرقمية,عام,القطاع العام,خدمة إلكترونية,2026/05/05,"36,697,380"
الخدمات الرقمية,عام,القطاع العام,خدمة إلكترونية,2026/05/05,"36,698,116"
الخدمات الرقمية,عام,القطاع العام,خدمة إلكترونية,2026/05/05,"36,695,386"
الخدمات الرقمية,عام,القطاع العام,خدمة إلكترونية,2026/05/05,"36,693,247"
الخدمات الرقمية,عام,القطاع العام,خدمة إلكترونية,2026/05/05,"36,698,685"
الخدمات الرقمية,عام,القطاع العام,خدمة إلكترونية,2026/05/05,"36,696,997"
الخدمات الرقمية,عام,القطاع العام,خدمة إلكترونية,2026/05/05,"36,697,653"
الخدمات الرقمية,عام,القطاع العام,خدمة إلكترونية,2026/05/05,"36,698,275"
الخدمات الرقمية,عام,القطاع العام,خدمة إلكترونية,2026/05/05,"36,692,495"
الخدمات الرقمية,عام,القطاع العام,خدمة إلكترونية,2026/05/05,"36,694,140"
الخدمات الرقمية,عام,القطاع العام,خدمة إلكترونية,2026/05/05,"36,692,959"
الخدمات الرقمية,عام,القطاع العام,خدمة إلكترونية,2026/05/05,"36,693,409"
الخدمات الرقمية,عام,القطاع العام,خدمة إلكترونية,2026/05/05,"36,693,493"
الخدمات الرقمية,عام,القطاع العام,خدمة إلكترونية,2026/05/05,"36,693,291"
الخدمات الرقمية,عام,القطاع العام,خدمة إلكترونية,2026/05/05,"36,697,551"
الخدمات الرقمية,عام,القطاع العام,خدمة إلكترونية,2026/05/05,"36,696,978"
الخدمات الرقمية,عام,القطاع العام,خدمة إلكترونية,2026/05/05,"36,697,643"
الخدمات الرقمية,عام,القطاع العام,خدمة إلكترونية,2026/05/05,"36,699,511"
الخدمات الرقمية,عام,القطاع العام,خدمة إلكترونية,2026/05/05,"36,698,200"
الخدمات الرقمية,عام,القطاع العام,خدمة إلكترونية,2026/05/05,"36,693,230"
الخدمات الرقمية,عام,القطاع العام,خدمة إلكترونية,2026/05/05,"36,694,783"
الخدمات الرقمية,عام,القطاع العام,خدمة إلكترونية,2026/05/05,"36,697,488"
الخدمات الرقمية,عام,القطاع العام,خدمة إلكترونية,2026/05/05,"36,692,596"
الخدمات الرقمية,عام,القطاع العام,خدمة إلكترونية,2026/05/05,"36,692,809"
الخدمات الرقمية,عام,القطاع العام,خدمة إلكترونية,2026/05/05,"36,698,040"
الخدمات الرقمية,عام,القطاع العام,خدمة إلكترونية,2026/05/05,"36,698,671"
الخدمات الرقمية,عام,القطاع العام,خدمة إلكترونية,2026/05/05,"36,702,412"
الخدمات الرقمية,عام,القطاع العام,خدمة إلكترونية,2026/05/05,"36,698,336"
الخدمات الرقمية,عام,القطاع العام,خدمة إلكترونية,2026/05/05,"36,701,804"
الخدمات الرقمية,عام,القطاع العام,خدمة إلكترونية,2026/05/05,"36,699,927"
الخدمات الرقمية,عام,القطاع العام,خدمة إلكترونية,2026/05/05,"36,702,360"
الخدمات الرقمية,عام,القطاع العام,خدمة إلكترونية,2026/05/05,"36,698,502"
الخدمات الرقمية,عام,القطاع العام,خدمة إلكترونية,2026/05/05,"36,698,042"
الخدمات الرقمية,عام,القطاع العام,خدمة إلكترونية,2026/05/05,"36,701,849"
الخدمات الرقمية,عام,القطاع العام,خدمة إلكترونية,2026/05/05,"36,707,982"
الخدمات الرقمية,عام,القطاع العام,خدمة إلكترونية,2026/05/05,"36,706,283"
الخدمات الرقمية,عام,القطاع العام,خدمة إلكترونية,2026/05/05,"36,705,435"
الخدمات الرقمية,عام,القطاع العام,خدمة إلكترونية,2026/05/05,"36,704,098"
الخدمات الرقمية,عام,القطاع العام,خدمة إلكترونية,2026/05/05,"36,706,629"
الخدمات الرقمية,عام,القطاع العام,خدمة إلكترونية,2026/05/05,"36,706,466"
الخدمات الرقمية,عام,القطاع العام,خدمة إلكترونية,2026/05/05,"36,705,172"
الخدمات الرقمية,عام,القطاع العام,خدمة إلكترونية,2026/05/05,"36,705,264"
الخدمات الرقمية,عام,القطاع العام,خدمة إلكترونية,2026/05/05,"36,705,336"
الخدمات الرقمية,عام,القطاع العام,خدمة إلكترونية,2026/05/05,"36,715,204"
الخدمات الرقمية,عام,القطاع العام,خدمة إلكترونية,2026/05/05,"36,706,745"
الخدمات الرقمية,عام,القطاع العام,خدمة إلكترونية,2026/05/05,"36,707,910"
الخدمات الرقمية,عام,القطاع العام,خدمة إلكترونية,2026/05/05,"36,714,166"
الخدمات الرقمية,عام,القطاع العام,خدمة إلكترونية,2026/05/05,"36,708,113"
الخدمات الرقمية,عام,القطاع العام,خدمة إلكترونية,2026/05/05,"36,713,738"
الخدمات الرقمية,عام,القطاع العام,خدمة إلكترونية,2026/05/05,"36,706,744"
الخدمات الرقمية,عام,القطاع العام,خدمة إلكترونية,2026/05/05,"36,704,592"
الخدمات الرقمية,عام,القطاع العام,خدمة إلكترونية,2026/05/05,"36,709,945"
الخدمات الرقمية,عام,القطاع العام,خدمة إلكترونية,2026/05/05,"36,711,881"
الخدمات الرقمية,عام,القطاع العام,خدمة إلكترونية,2026/05/05,"36,705,473"
الخدمات الرقمية,عام,القطاع العام,خدمة إلكترونية,2026/05/05,"36,701,644"
الخدمات الرقمية,عام,القطاع العام,خدمة إلكترونية,2026/05/05,"36,701,552"
الخدمات الرقمية,عام,القطاع العام,خدمة إلكترونية,2026/05/05,"36,708,171"
الخدمات الرقمية,عام,القطاع العام,خدمة إلكترونية,2026/05/05,"36,709,645"
الخدمات الرقمية,عام,القطاع العام,خدمة إلكترونية,2026/05/05,"36,705,649"
الخدمات الرقمية,عام,القطاع العام,خدمة إلكترونية,2026/05/05,"36,710,918"
الخدمات الرقمية,عام,القطاع العام,خدمة إلكترونية,2026/05/05,"36,699,047"
الخدمات الرقمية,عام,القطاع العام,خدمة إلكترونية,2026/05/05,"36,709,974"
الخدمات الرقمية,عام,القطاع العام,خدمة إلكترونية,2026/05/05,"36,705,218"
الخدمات الرقمية,عام,القطاع العام,خدمة إلكترونية,2026/05/05,"36,709,380"
الخدمات الرقمية,عام,القطاع العام,خدمة إلكترونية,2026/05/05,"36,701,952"
الخدمات الرقمية,عام,القطاع العام,خدمة إلكترونية,2026/05/05,"36,702,729"
الخدمات الرقمية,عام,القطاع العام,خدمة إلكترونية,2026/05/05,"36,712,923"
الخدمات الرقمية,عام,القطاع العام,خدمة إلكترونية,2026/05/05,"36,704,155"
الخدمات الرقمية,عام,القطاع العام,خدمة إلكترونية,2026/05/05,"36,709,485"
الخدمات الرقمية,عام,القطاع العام,خدمة إلكترونية,2026/05/05,"36,705,536"
الخدمات الرقمية,عام,القطاع العام,خدمة إلكترونية,2026/05/05,"36,709,305"
الخدمات الرقمية,عام,القطاع العام,خدمة إلكترونية,2026/05/05,"36,711,341"
الخدمات الرقمية,عام,القطاع العام,خدمة إلكترونية,2026/05/05,"36,715,349"
الخدمات الرقمية,عام,القطاع العام,خدمة إلكترونية,2026/05/05,"36,707,867"
الخدمات الرقمية,عام,القطاع العام,خدمة إلكترونية,2026/05/05,"36,705,726"
الخدمات الرقمية,عام,القطاع العام,خدمة إلكترونية,2026/05/05,"36,711,257"
الخدمات الرقمية,عام,القطاع العام,خدمة إلكترونية,2026/05/05,"36,710,136"
الخدمات الرقمية,عام,القطاع العام,خدمة إلكترونية,2026/05/05,"36,705,396"
الخدمات الرقمية,عام,القطاع العام,خدمة إلكترونية,2026/05/05,"36,714,043"
الخدمات الرقمية,عام,القطاع العام,خدمة إلكترونية,2026/05/05,"36,704,831"
الخدمات الرقمية,عام,القطاع العام,خدمة إلكترونية,2026/05/05,"36,706,060"
الخدمات الرقمية,عام,القطاع العام,خدمة إلكترونية,2026/05/05,"36,708,642"
الخدمات الرقمية,عام,القطاع العام,خدمة إلكترونية,2026/05/05,"36,702,432"
الخدمات الرقمية,عام,القطاع العام,خدمة إلكترونية,2026/05/05,"36,709,745"
الخدمات الرقمية,عام,القطاع العام,خدمة إلكترونية,2026/05/05,"36,707,920"
الخدمات الرقمية,عام,القطاع العام,خدمة إلكترونية,2026/05/05,"36,706,003"
الخدمات الرقمية,عام,القطاع العام,خدمة إلكترونية,2026/05/05,"36,711,075"
الخدمات الرقمية,عام,القطاع العام,خدمة إلكترونية,2026/05/05,"36,707,710"
الخدمات الرقمية,عام,القطاع العام,خدمة إلكترونية,2026/05/05,"36,705,011"
الخدمات الرقمية,عام,القطاع العام,خدمة إلكترونية,2026/05/05,"36,710,077"
الخدمات الرقمية,عام,القطاع العام,خدمة إلكترونية,2026/05/05,"36,702,991"
الخدمات الرقمية,عام,القطاع العام,خدمة إلكترونية,2026/05/05,"36,709,048"
الخدمات الرقمية,عام,القطاع العام,خدمة إلكترونية,2026/05/05,"36,703,265"
الخدمات الرقمية,عام,القطاع العام,خدمة إلكترونية,2026/05/05,"36,707,687"
الخدمات الرقمية,عام,القطاع العام,خدمة إلكترونية,2026/05/05,"36,706,192"
الخدمات الرقمية,عام,القطاع العام,خدمة إلكترونية,2026/05/05,"36,706,463"
الخدمات الرقمية,عام,القطاع العام,خدمة إلكترونية,2026/05/05,"36,692,598"
الخدمات الرقمية,عام,القطاع العام,خدمة إلكترونية,2026/05/05,"36,692,710"
الخدمات الرقمية,عام,القطاع العام,خدمة إلكترونية,2026/05/05,"36,694,181"
الخدمات الرقمية,عام,القطاع العام,خدمة إلكترونية,2026/05/05,"36,694,310"
الخدمات الرقمية,عام,القطاع العام,خدمة إلكترونية,2026/05/05,"36,695,684"
الخدمات الرقمية,عام,القطاع العام,خدمة إلكترونية,2026/05/05,"36,693,824"
الخدمات الرقمية,عام,القطاع العام,خدمة إلكترونية,2026/05/05,"36,693,916"
الخدمات الرقمية,عام,القطاع العام,خدمة إلكترونية,2026/05/05,"36,692,738"
الخدمات الرقمية,عام,القطاع العام,خدمة إلكترونية,2026/05/05,"36,694,180"
الخدمات الرقمية,عام,القطاع العام,خدمة إلكترونية,2026/05/05,"36,695,310"
الخدمات الرقمية,عام,القطاع العام,خدمة إلكترونية,2026/05/05,"36,694,440"
الخدمات الرقمية,عام,القطاع العام,خدمة إلكترونية,2026/05/05,"36,695,810"
الخدمات الرقمية,عام,القطاع العام,خدمة إلكترونية,2026/05/05,"36,694,015"
الخدمات الرقمية,عام,القطاع العام,خدمة إلكترونية,2026/05/05,"36,694,256"
الخدمات الرقمية,عام,القطاع العام,خدمة إلكترونية,2026/05/05,"36,693,920"
الخدمات الرقمية,عام,القطاع العام,خدمة إلكترونية,2026/05/05,"36,693,941"
الخدمات الرقمية,عام,القطاع العام,خدمة إلكترونية,2026/05/05,"36,694,201"
الخدمات الرقمية,عام,القطاع العام,خدمة إلكترونية,2026/05/05,"36,692,711"
الخدمات الرقمية,عام,القطاع العام,خدمة إلكترونية,2026/05/05,"36,693,825"
الخدمات الرقمية,عام,القطاع العام,خدمة إلكترونية,2026/05/05,"36,694,177"
الخدمات الرقمية,عام,القطاع العام,خدمة إلكترونية,2026/05/05,"36,694,253"
الخدمات الرقمية,عام,القطاع العام,خدمة إلكترونية,2026/05/05,"36,695,736"
الخدمات الرقمية,عام,القطاع العام,خدمة إلكترونية,2026/05/05,"36,694,254"
الخدمات الرقمية,عام,القطاع العام,خدمة إلكترونية,2026/05/05,"36,694,873"
الخدمات الرقمية,عام,القطاع العام,خدمة إلكترونية,2026/05/05,"36,699,333"
الخدمات الرقمية,عام,القطاع العام,خدمة إلكترونية,2026/05/05,"36,693,817"
الخدمات الرقمية,عام,القطاع العام,خدمة إلكترونية,2026/05/05,"36,693,815"
الخدمات الرقمية,عام,القطاع العام,خدمة إلكترونية,2026/05/05,"36,693,737"
الخدمات الرقمية,عام,القطاع العام,خدمة إلكترونية,2026/05/05,"36,699,336"
الخدمات الرقمية,عام,القطاع العام,خدمة إلكترونية,2026/05/05,"36,692,965"
الخدمات الرقمية,عام,القطاع العام,خدمة إلكترونية,2026/05/05,"36,694,448"
الخدمات الرقمية,عام,القطاع العام,خدمة إلكترونية,2026/05/05,"36,693,919"
الخدمات الرقمية,عام,القطاع العام,خدمة إلكترونية,2026/05/05,"36,695,307"
الخدمات الرقمية,عام,القطاع العام,خدمة إلكترونية,2026/05/05,"36,693,823"
الخدمات الرقمية,عام,القطاع العام,خدمة إلكترونية,2026/05/05,"36,696,961"
الخدمات الرقمية,عام,القطاع العام,خدمة إلكترونية,2026/05/05,"36,697,148"
الخدمات الرقمية,عام,القطاع العام,خدمة إلكترونية,2026/05/05,"36,692,970"
الخدمات الرقمية,عام,القطاع العام,خدمة إلكترونية,2026/05/05,"36,693,593"
الخدمات الرقمية,عام,القطاع العام,خدمة إلكترونية,2026/05/05,"36,694,199"
الخدمات الرقمية,عام,القطاع العام,خدمة إلكترونية,2026/05/05,"36,696,654"
الخدمات الرقمية,عام,القطاع العام,خدمة إلكترونية,2026/05/05,"36,694,443"
الخدمات الرقمية,عام,القطاع العام,خدمة إلكترونية,2026/05/05,"36,698,825"
الخدمات الرقمية,عام,القطاع العام,خدمة إلكترونية,2026/05/05,"36,700,705"
الخدمات الرقمية,عام,القطاع العام,خدمة إلكترونية,2026/05/05,"36,698,626"
الخدمات الرقمية,عام,القطاع العام,خدمة إلكترونية,2026/05/05,"36,698,149"
الخدمات الرقمية,عام,القطاع العام,خدمة إلكترونية,2026/05/05,"36,694,846"
الخدمات الرقمية,عام,القطاع العام,خدمة إلكترونية,2026/05/05,"36,694,255"
الخدمات الرقمية,عام,القطاع العام,خدمة إلكترونية,2026/05/05,"36,697,152"
الخدمات الرقمية,عام,القطاع العام,خدمة إلكترونية,2026/05/05,"36,698,619"
الخدمات الرقمية,عام,القطاع العام,خدمة إلكترونية,2026/05/05,"36,698,630"
الخدمات الرقمية,عام,القطاع العام,خدمة إلكترونية,2026/05/05,"36,696,962"
الخدمات الرقمية,عام,القطاع العام,خدمة إلكترونية,2026/05/05,"36,697,150"
الخدمات الرقمية,عام,القطاع العام,خدمة إلكترونية,2026/05/05,"36,693,706"
الخدمات الرقمية,عام,القطاع العام,خدمة إلكترونية,2026/05/05,"36,699,038"
الخدمات الرقمية,عام,القطاع العام,خدمة إلكترونية,2026/05/05,"36,698,623"
الخدمات الرقمية,عام,القطاع العام,خدمة إلكترونية,2026/05/05,"36,693,827"
الخدمات الرقمية,عام,القطاع العام,خدمة إلكترونية,2026/05/05,"36,702,743"
الخدمات الرقمية,عام,القطاع العام,خدمة إلكترونية,2026/05/05,"36,693,918"
الخدمات الرقمية,عام,القطاع العام,خدمة إلكترونية,2026/05/05,"36,705,329"
الخدمات الرقمية,عام,القطاع العام,خدمة إلكترونية,2026/05/05,"36,694,192"
الخدمات الرقمية,عام,القطاع العام,خدمة إلكترونية,2026/05/05,"36,694,861"
الخدمات الرقمية,عام,القطاع العام,خدمة إلكترونية,2026/05/05,"36,703,422"
الخدمات الرقمية,عام,القطاع العام,خدمة إلكترونية,2026/05/05,"36,699,317"
الخدمات الرقمية,عام,القطاع العام,خدمة إلكترونية,2026/05/05,"36,704,488"
الخدمات الرقمية,عام,القطاع العام,خدمة إلكترونية,2026/05/05,"36,704,316"
الخدمات الرقمية,عام,القطاع العام,خدمة إلكترونية,2026/05/05,"36,704,474"
الخدمات الرقمية,عام,القطاع العام,خدمة إلكترونية,2026/05/05,"36,702,933"
الخدمات الرقمية,عام,القطاع العام,خدمة إلكترونية,2026/05/05,"36,706,036"
الخدمات الرقمية,عام,القطاع العام,خدمة إلكترونية,2026/05/05,"36,702,930"
الخدمات الرقمية,عام,القطاع العام,خدمة إلكترونية,2026/05/05,"36,706,768"
الخدمات الرقمية,عام,القطاع العام,خدمة إلكترونية,2026/05/05,"36,705,476"
الخدمات الرقمية,عام,القطاع العام,خدمة إلكترونية,2026/05/05,"36,708,511"
الخدمات الرقمية,عام,القطاع العام,خدمة إلكترونية,2026/05/05,"36,702,522"
الخدمات الرقمية,عام,القطاع العام,خدمة إلكترونية,2026/05/05,"36,704,319"
الخدمات الرقمية,عام,القطاع العام,خدمة إلكترونية,2026/05/05,"36,704,486"
الخدمات الرقمية,عام,القطاع العام,خدمة إلكترونية,2026/05/05,"36,708,514"
الخدمات الرقمية,عام,القطاع العام,خدمة إلكترونية,2026/05/05,"36,705,324"
الخدمات الرقمية,عام,القطاع العام,خدمة إلكترونية,2026/05/05,"36,703,421"
الخدمات الرقمية,عام,القطاع العام,خدمة إلكترونية,2026/05/05,"36,704,478"
الخدمات الرقمية,عام,القطاع العام,خدمة إلكترونية,2026/05/05,"36,705,500"
الخدمات الرقمية,عام,القطاع العام,خدمة إلكترونية,2026/05/05,"36,704,477"
الخدمات الرقمية,عام,القطاع العام,خدمة إلكترونية,2026/05/05,"36,704,493"
الخدمات الرقمية,عام,القطاع العام,خدمة إلكترونية,2026/05/05,"36,705,477"
الخدمات الرقمية,عام,القطاع العام,خدمة إلكترونية,2026/05/05,"36,708,512"
الخدمات الرقمية,عام,القطاع العام,خدمة إلكترونية,2026/05/05,"36,706,262"
الخدمات الرقمية,عام,القطاع العام,خدمة إلكترونية,2026/05/05,"36,704,132"
الخدمات الرقمية,عام,القطاع العام,خدمة إلكترونية,2026/05/05,"36,703,359"
 عسير,ابها,القطاع الخاص,خدمة إلكترونية جزئيا,2026/05/06,"36,730,957"
 الشرقية,الدمام,القطاع الخاص,خدمة إلكترونية جزئيا,2026/05/06,"36,722,744"
 الشرقية,الدمام,القطاع الخاص,خدمة إلكترونية جزئيا,2026/05/06,"36,723,423"
 الشرقية,الدمام,القطاع الخاص,خدمة إلكترونية جزئيا,2026/05/06,"36,723,974"
الخدمات الرقمية,عام,القطاع العام,خدمة إلكترونية,2026/05/06,"36,722,545"
 مكة المكرمه,الطائف,القطاع الخاص,خدمة إلكترونية جزئيا,2026/05/06,"36,728,361"
 عسير,ابها,القطاع الخاص,خدمة إلكترونية جزئيا,2026/05/06,"36,731,979"
 الرياض,الرياض,القطاع الخاص,خدمة إلكترونية جزئيا,2026/05/06,"36,723,172"
 الرياض,الرياض,القطاع الخاص,خدمة إلكترونية جزئيا,2026/05/06,"36,730,652"
 الرياض,الرياض,القطاع الخاص,خدمة إلكترونية جزئيا,2026/05/06,"36,726,266"
 الشرقية,الدمام,القطاع الخاص,خدمة إلكترونية جزئيا,2026/05/06,"36,722,840"
 الشرقية,الدمام,القطاع الخاص,خدمة إلكترونية جزئيا,2026/05/06,"36,724,080"
 الرياض,الرياض,القطاع الخاص,خدمة إلكترونية جزئيا,2026/05/06,"36,723,075"
 الرياض,الرياض,القطاع الخاص,خدمة إلكترونية جزئيا,2026/05/06,"36,723,665"
 الرياض,الرياض,القطاع الخاص,خدمة إلكترونية جزئيا,2026/05/06,"36,722,764"
الخدمات الرقمية,عام,القطاع العام,خدمة إلكترونية,2026/05/06,"36,736,240"
الخدمات الرقمية,عام,القطاع العام,خدمة إلكترونية,2026/05/06,"36,735,541"
الخدمات الرقمية,عام,القطاع العام,خدمة إلكترونية,2026/05/06,"36,734,139"
الخدمات الرقمية,عام,القطاع العام,خدمة إلكترونية,2026/05/06,"36,720,159"
الخدمات الرقمية,عام,القطاع العام,خدمة إلكترونية,2026/05/06,"36,724,169"
الخدمات الرقمية,عام,القطاع العام,خدمة إلكترونية,2026/05/06,"36,720,639"
الخدمات الرقمية,عام,القطاع العام,خدمة إلكترونية,2026/05/06,"36,722,225"
الخدمات الرقمية,عام,القطاع العام,خدمة إلكترونية,2026/05/06,"36,722,264"
الخدمات الرقمية,عام,القطاع العام,خدمة إلكترونية,2026/05/06,"36,731,815"
الخدمات الرقمية,عام,القطاع العام,خدمة إلكترونية,2026/05/06,"36,722,750"
الخدمات الرقمية,عام,القطاع العام,خدمة إلكترونية,2026/05/06,"36,730,626"
الخدمات الرقمية,عام,القطاع العام,خدمة إلكترونية,2026/05/06,"36,725,201"
الخدمات الرقمية,عام,القطاع العام,خدمة إلكترونية,2026/05/06,"36,721,007"
الخدمات الرقمية,عام,القطاع العام,خدمة إلكترونية,2026/05/06,"36,723,798"
الخدمات الرقمية,عام,القطاع العام,خدمة إلكترونية,2026/05/06,"36,724,922"
الخدمات الرقمية,عام,القطاع العام,خدمة إلكترونية,2026/05/06,"36,729,713"
الخدمات الرقمية,عام,القطاع العام,خدمة إلكترونية,2026/05/06,"36,720,742"
الخدمات الرقمية,عام,القطاع العام,خدمة إلكترونية,2026/05/06,"36,721,862"
الخدمات الرقمية,عام,القطاع العام,خدمة إلكترونية,2026/05/06,"36,722,115"
الخدمات الرقمية,عام,القطاع العام,خدمة إلكترونية,2026/05/06,"36,725,416"
الخدمات الرقمية,عام,القطاع العام,خدمة إلكترونية,2026/05/06,"36,725,213"
الخدمات الرقمية,عام,القطاع العام,خدمة إلكترونية,2026/05/06,"36,725,349"
الخدمات الرقمية,عام,القطاع العام,خدمة إلكترونية,2026/05/06,"36,720,457"
الخدمات الرقمية,عام,القطاع العام,خدمة إلكترونية,2026/05/06,"36,730,550"
الخدمات الرقمية,عام,القطاع العام,خدمة إلكترونية,2026/05/06,"36,722,109"
الخدمات الرقمية,عام,القطاع العام,خدمة إلكترونية,2026/05/06,"36,723,124"
الخدمات الرقمية,عام,القطاع العام,خدمة إلكترونية,2026/05/06,"36,721,017"
الخدمات الرقمية,عام,القطاع العام,خدمة إلكترونية,2026/05/06,"36,723,810"
الخدمات الرقمية,عام,القطاع العام,خدمة إلكترونية,2026/05/06,"36,733,665"
الخدمات الرقمية,عام,القطاع العام,خدمة إلكترونية,2026/05/06,"36,724,392"
الخدمات الرقمية,عام,القطاع العام,خدمة إلكترونية,2026/05/06,"36,719,991"
الخدمات الرقمية,عام,القطاع العام,خدمة إلكترونية,2026/05/06,"36,721,769"
الخدمات الرقمية,عام,القطاع العام,خدمة إلكترونية,2026/05/06,"36,733,581"
الخدمات الرقمية,عام,القطاع العام,خدمة إلكترونية,2026/05/06,"36,733,551"
الخدمات الرقمية,عام,القطاع العام,خدمة إلكترونية,2026/05/06,"36,725,010"
الخدمات الرقمية,عام,القطاع العام,خدمة إلكترونية,2026/05/06,"36,730,830"
الخدمات الرقمية,عام,القطاع العام,خدمة إلكترونية,2026/05/06,"36,721,056"
الخدمات الرقمية,عام,القطاع العام,خدمة إلكترونية,2026/05/06,"36,725,485"
الخدمات الرقمية,عام,القطاع العام,خدمة إلكترونية,2026/05/06,"36,725,102"
الخدمات الرقمية,عام,القطاع العام,خدمة إلكترونية,2026/05/06,"36,722,340"
الخدمات الرقمية,عام,القطاع العام,خدمة إلكترونية,2026/05/06,"36,733,562"
الخدمات الرقمية,عام,القطاع العام,خدمة إلكترونية,2026/05/06,"36,720,667"
الخدمات الرقمية,عام,القطاع العام,خدمة إلكترونية,2026/05/06,"36,733,565"
الخدمات الرقمية,عام,القطاع العام,خدمة إلكترونية,2026/05/06,"36,721,941"
الخدمات الرقمية,عام,القطاع العام,خدمة إلكترونية,2026/05/06,"36,720,064"
الخدمات الرقمية,عام,القطاع العام,خدمة إلكترونية,2026/05/06,"36,737,262"
الخدمات الرقمية,عام,القطاع العام,خدمة إلكترونية,2026/05/06,"36,737,260"
الخدمات الرقمية,عام,القطاع العام,خدمة إلكترونية,2026/05/06,"36,737,409"
الخدمات الرقمية,عام,القطاع العام,خدمة إلكترونية,2026/05/06,"36,737,294"
الخدمات الرقمية,عام,القطاع العام,خدمة إلكترونية,2026/05/06,"36,723,814"
الخدمات الرقمية,عام,القطاع العام,خدمة إلكترونية,2026/05/06,"36,720,358"
الخدمات الرقمية,عام,القطاع العام,خدمة إلكترونية,2026/05/06,"36,720,424"
الخدمات الرقمية,عام,القطاع العام,خدمة إلكترونية,2026/05/06,"36,724,609"
الخدمات الرقمية,عام,القطاع العام,خدمة إلكترونية,2026/05/06,"36,721,229"
الخدمات الرقمية,عام,القطاع العام,خدمة إلكترونية,2026/05/06,"36,720,357"
الخدمات الرقمية,عام,القطاع العام,خدمة إلكترونية,2026/05/06,"36,724,809"
الخدمات الرقمية,عام,القطاع العام,خدمة إلكترونية,2026/05/06,"36,722,529"
الخدمات الرقمية,عام,القطاع العام,خدمة إلكترونية,2026/05/06,"36,722,048"
الخدمات الرقمية,عام,القطاع العام,خدمة إلكترونية,2026/05/06,"36,723,557"
الخدمات الرقمية,عام,القطاع العام,خدمة إلكترونية,2026/05/06,"36,724,413"
الخدمات الرقمية,عام,القطاع العام,خدمة إلكترونية,2026/05/06,"36,723,535"
الخدمات الرقمية,عام,القطاع العام,خدمة إلكترونية,2026/05/06,"36,723,531"
الخدمات الرقمية,عام,القطاع العام,خدمة إلكترونية,2026/05/06,"36,720,315"
الخدمات الرقمية,عام,القطاع العام,خدمة إلكترونية,2026/05/06,"36,725,079"
الخدمات الرقمية,عام,القطاع العام,خدمة إلكترونية,2026/05/06,"36,722,298"
الخدمات الرقمية,عام,القطاع العام,خدمة إلكترونية,2026/05/06,"36,722,414"
الخدمات الرقمية,عام,القطاع العام,خدمة إلكترونية,2026/05/06,"36,721,713"
الخدمات الرقمية,عام,القطاع العام,خدمة إلكترونية,2026/05/06,"36,720,848"
الخدمات الرقمية,عام,القطاع العام,خدمة إلكترونية,2026/05/06,"36,724,587"
الخدمات الرقمية,عام,القطاع العام,خدمة إلكترونية,2026/05/06,"36,723,549"
الخدمات الرقمية,عام,القطاع العام,خدمة إلكترونية,2026/05/06,"36,720,355"
الخدمات الرقمية,عام,القطاع العام,خدمة إلكترونية,2026/05/06,"36,720,827"
الخدمات الرقمية,عام,القطاع العام,خدمة إلكترونية,2026/05/06,"36,720,684"
الخدمات الرقمية,عام,القطاع العام,خدمة إلكترونية,2026/05/06,"36,722,289"
الخدمات الرقمية,عام,القطاع العام,خدمة إلكترونية,2026/05/06,"36,724,848"
الخدمات الرقمية,عام,القطاع العام,خدمة إلكترونية,2026/05/06,"36,721,708"
الخدمات الرقمية,عام,القطاع العام,خدمة إلكترونية,2026/05/06,"36,720,316"
الخدمات الرقمية,عام,القطاع العام,خدمة إلكترونية,2026/05/06,"36,724,209"
الخدمات الرقمية,عام,القطاع العام,خدمة إلكترونية,2026/05/06,"36,724,685"
الخدمات الرقمية,عام,القطاع العام,خدمة إلكترونية,2026/05/06,"36,723,539"
الخدمات الرقمية,عام,القطاع العام,خدمة إلكترونية,2026/05/06,"36,730,410"
الخدمات الرقمية,عام,القطاع العام,خدمة إلكترونية,2026/05/06,"36,724,784"
الخدمات الرقمية,عام,القطاع العام,خدمة إلكترونية,2026/05/06,"36,728,457"
الخدمات الرقمية,عام,القطاع العام,خدمة إلكترونية,2026/05/06,"36,720,405"
الخدمات الرقمية,عام,القطاع العام,خدمة إلكترونية,2026/05/06,"36,722,426"
الخدمات الرقمية,عام,القطاع العام,خدمة إلكترونية,2026/05/06,"36,721,577"
الخدمات الرقمية,عام,القطاع العام,خدمة إلكترونية,2026/05/06,"36,737,263"
الخدمات الرقمية,عام,القطاع العام,خدمة إلكترونية,2026/05/06,"36,721,124"
الخدمات الرقمية,عام,القطاع العام,خدمة إلكترونية,2026/05/06,"36,732,408"
الخدمات الرقمية,عام,القطاع العام,خدمة إلكترونية,2026/05/06,"36,725,435"
الخدمات الرقمية,عام,القطاع العام,خدمة إلكترونية,2026/05/06,"36,724,917"
الخدمات الرقمية,عام,القطاع العام,خدمة إلكترونية,2026/05/06,"36,724,533"
الخدمات الرقمية,عام,القطاع العام,خدمة إلكترونية,2026/05/06,"36,720,455"
الخدمات الرقمية,عام,القطاع العام,خدمة إلكترونية,2026/05/06,"36,722,657"
الخدمات الرقمية,عام,القطاع العام,خدمة إلكترونية,2026/05/06,"36,723,537"
الخدمات الرقمية,عام,القطاع العام,خدمة إلكترونية,2026/05/06,"36,737,399"
الخدمات الرقمية,عام,القطاع العام,خدمة إلكترونية,2026/05/06,"36,721,032"
الخدمات الرقمية,عام,القطاع العام,خدمة إلكترونية,2026/05/06,"36,737,295"
الخدمات الرقمية,عام,القطاع العام,خدمة إلكترونية,2026/05/06,"36,720,545"
الخدمات الرقمية,عام,القطاع العام,خدمة إلكترونية,2026/05/06,"36,737,359"
الخدمات الرقمية,عام,القطاع العام,خدمة إلكترونية,2026/05/06,"36,728,810"
الخدمات الرقمية,عام,القطاع العام,خدمة إلكترونية,2026/05/06,"36,721,576"
الخدمات الرقمية,عام,القطاع العام,خدمة إلكترونية,2026/05/06,"36,723,392"
الخدمات الرقمية,عام,القطاع العام,خدمة إلكترونية,2026/05/06,"36,737,264"
الخدمات الرقمية,عام,القطاع العام,خدمة إلكترونية,2026/05/06,"36,722,294"
الخدمات الرقمية,عام,القطاع العام,خدمة إلكترونية,2026/05/06,"36,722,420"
 عسير,ابها,القطاع الخاص,خدمة إلكترونية جزئيا,2026/05/07,"36,745,186"
 عسير,ابها,القطاع الخاص,خدمة إلكترونية جزئيا,2026/05/07,"36,753,468"
 عسير,ابها,القطاع الخاص,خدمة إلكترونية جزئيا,2026/05/07,"36,744,271"
 القصيم,عنيزه,القطاع الخاص,خدمة إلكترونية جزئيا,2026/05/07,"36,744,735"
 مكة المكرمه,الطائف,القطاع الخاص,خدمة إلكترونية جزئيا,2026/05/07,"36,756,205"
الخدمات الرقمية,كتابة عدل مدمجة - افتراضية,القطاع العام,خدمة إلكترونية جزئيا,2026/05/07,"36,742,360"
 مكة المكرمه,جده,القطاع الخاص,خدمة إلكترونية جزئيا,2026/05/07,"36,755,246"
 الرياض,الرياض,القطاع الخاص,خدمة إلكترونية جزئيا,2026/05/07,"36,743,677"
 الرياض,الرياض,القطاع الخاص,خدمة إلكترونية جزئيا,2026/05/07,"36,742,733"
 الرياض,الرياض,القطاع الخاص,خدمة إلكترونية جزئيا,2026/05/07,"36,743,323"
 الرياض,الرياض,القطاع الخاص,خدمة إلكترونية جزئيا,2026/05/07,"36,743,195"
 مكة المكرمه,الطائف,القطاع الخاص,خدمة إلكترونية جزئيا,2026/05/07,"36,749,563"
 الرياض,الرياض,القطاع الخاص,خدمة إلكترونية جزئيا,2026/05/07,"36,743,115"
 الرياض,الرياض,القطاع الخاص,خدمة إلكترونية جزئيا,2026/05/07,"36,743,736"
 الرياض,الرياض,القطاع الخاص,خدمة إلكترونية جزئيا,2026/05/07,"36,755,358"
 الرياض,الرياض,القطاع الخاص,خدمة إلكترونية جزئيا,2026/05/07,"36,746,258"
 الرياض,الرياض,القطاع الخاص,خدمة إلكترونية جزئيا,2026/05/07,"36,746,271"
 الرياض,الرياض,القطاع الخاص,خدمة إلكترونية جزئيا,2026/05/07,"36,745,879"
 الرياض,الرياض,القطاع الخاص,خدمة إلكترونية جزئيا,2026/05/07,"36,755,433"
 الرياض,الرياض,القطاع الخاص,خدمة إلكترونية جزئيا,2026/05/07,"36,745,924"
 عسير,ابها,القطاع الخاص,خدمة إلكترونية جزئيا,2026/05/07,"36,744,472"
 الرياض,الرياض,القطاع الخاص,خدمة إلكترونية جزئيا,2026/05/07,"36,743,524"
 عسير,ابها,القطاع الخاص,خدمة إلكترونية جزئيا,2026/05/07,"36,753,530"
 مكة المكرمه,الطائف,القطاع الخاص,خدمة إلكترونية جزئيا,2026/05/07,"36,753,432"
 مكة المكرمه,الطائف,القطاع الخاص,خدمة إلكترونية جزئيا,2026/05/07,"36,750,561"
 الرياض,الرياض,القطاع الخاص,خدمة إلكترونية جزئيا,2026/05/07,"36,744,728"
 الرياض,الرياض,القطاع الخاص,خدمة إلكترونية جزئيا,2026/05/07,"36,746,494"
 الرياض,الرياض,القطاع الخاص,خدمة إلكترونية جزئيا,2026/05/07,"36,746,388"
 الرياض,الرياض,القطاع الخاص,خدمة إلكترونية جزئيا,2026/05/07,"36,755,697"
 الرياض,الرياض,القطاع الخاص,خدمة إلكترونية جزئيا,2026/05/07,"36,745,722"
 الرياض,الرياض,القطاع الخاص,خدمة إلكترونية جزئيا,2026/05/07,"36,745,723"
 الرياض,الرياض,القطاع الخاص,خدمة إلكترونية جزئيا,2026/05/07,"36,748,898"
 مكة المكرمه,جده,القطاع الخاص,خدمة إلكترونية جزئيا,2026/05/07,"36,744,612"
 مكة المكرمه,جده,القطاع الخاص,خدمة إلكترونية جزئيا,2026/05/07,"36,749,148"
 مكة المكرمه,جده,القطاع الخاص,خدمة إلكترونية جزئيا,2026/05/07,"36,744,803"
 القصيم,عنيزه,القطاع الخاص,خدمة إلكترونية جزئيا,2026/05/07,"36,744,811"
 الرياض,الرياض,القطاع الخاص,خدمة إلكترونية جزئيا,2026/05/07,"36,743,180"
 مكة المكرمه,جده,القطاع الخاص,خدمة إلكترونية جزئيا,2026/05/07,"36,752,022"
 الرياض,الرياض,القطاع الخاص,خدمة إلكترونية جزئيا,2026/05/07,"36,749,598"
 الرياض,الرياض,القطاع الخاص,خدمة إلكترونية جزئيا,2026/05/07,"36,749,184"
 الرياض,الرياض,القطاع الخاص,خدمة إلكترونية جزئيا,2026/05/07,"36,755,171"
 الرياض,الرياض,القطاع الخاص,خدمة إلكترونية جزئيا,2026/05/07,"36,755,185"
 الرياض,الرياض,القطاع الخاص,خدمة إلكترونية جزئيا,2026/05/07,"36,755,500"
 مكة المكرمه,الطائف,القطاع الخاص,خدمة إلكترونية جزئيا,2026/05/07,"36,753,460"
 مكة المكرمه,الطائف,القطاع الخاص,خدمة إلكترونية جزئيا,2026/05/07,"36,754,270"
 مكة المكرمه,جده,القطاع الخاص,خدمة إلكترونية جزئيا,2026/05/07,"36,745,970"
 مكة المكرمه,جده,القطاع الخاص,خدمة إلكترونية جزئيا,2026/05/07,"36,744,510"
 مكة المكرمه,جده,القطاع الخاص,خدمة إلكترونية جزئيا,2026/05/07,"36,749,267"
 مكة المكرمه,جده,القطاع الخاص,خدمة إلكترونية جزئيا,2026/05/07,"36,750,019"
 مكة المكرمه,جده,القطاع الخاص,خدمة إلكترونية جزئيا,2026/05/07,"36,750,200"
 مكة المكرمه,جده,القطاع الخاص,خدمة إلكترونية جزئيا,2026/05/07,"36,744,853"
 مكة المكرمه,جده,القطاع الخاص,خدمة إلكترونية جزئيا,2026/05/07,"36,746,364"
 الرياض,الرياض,القطاع الخاص,خدمة إلكترونية جزئيا,2026/05/07,"36,743,436"
 الرياض,الرياض,القطاع الخاص,خدمة إلكترونية جزئيا,2026/05/07,"36,747,762"
 مكة المكرمه,جده,القطاع الخاص,خدمة إلكترونية جزئيا,2026/05/07,"36,744,429"
 مكة المكرمه,الطائف,القطاع الخاص,خدمة إلكترونية جزئيا,2026/05/07,"36,756,666"
 الرياض,الرياض,القطاع الخاص,خدمة إلكترونية جزئيا,2026/05/07,"36,748,296"
 الرياض,الرياض,القطاع الخاص,خدمة إلكترونية جزئيا,2026/05/07,"36,745,691"
الخدمات الرقمية,عام,القطاع العام,خدمة إلكترونية,2026/05/07,"36,760,340"
الخدمات الرقمية,عام,القطاع العام,خدمة إلكترونية,2026/05/07,"36,759,910"
الخدمات الرقمية,عام,القطاع العام,خدمة إلكترونية,2026/05/07,"36,757,588"
الخدمات الرقمية,عام,القطاع العام,خدمة إلكترونية,2026/05/07,"36,757,726"
الخدمات الرقمية,عام,القطاع العام,خدمة إلكترونية,2026/05/07,"36,761,486"
الخدمات الرقمية,عام,القطاع العام,خدمة إلكترونية,2026/05/07,"36,759,725"
الخدمات الرقمية,عام,القطاع العام,خدمة إلكترونية,2026/05/07,"36,759,947"
الخدمات الرقمية,عام,القطاع العام,خدمة إلكترونية,2026/05/07,"36,757,690"
الخدمات الرقمية,عام,القطاع العام,خدمة إلكترونية,2026/05/07,"36,757,809"
الخدمات الرقمية,عام,القطاع العام,خدمة إلكترونية,2026/05/07,"36,761,548"
الخدمات الرقمية,عام,القطاع العام,خدمة إلكترونية,2026/05/07,"36,760,490"
الخدمات الرقمية,عام,القطاع العام,خدمة إلكترونية,2026/05/07,"36,759,540"
الخدمات الرقمية,عام,القطاع العام,خدمة إلكترونية,2026/05/07,"36,760,449"
الخدمات الرقمية,عام,القطاع العام,خدمة إلكترونية,2026/05/07,"36,760,255"
الخدمات الرقمية,عام,القطاع العام,خدمة إلكترونية,2026/05/07,"36,760,474"
الخدمات الرقمية,عام,القطاع العام,خدمة إلكترونية,2026/05/07,"36,760,507"
الخدمات الرقمية,عام,القطاع العام,خدمة إلكترونية,2026/05/07,"36,763,567"
الخدمات الرقمية,عام,القطاع العام,خدمة إلكترونية,2026/05/07,"36,761,921"
الخدمات الرقمية,عام,القطاع العام,خدمة إلكترونية,2026/05/07,"36,763,930"
الخدمات الرقمية,عام,القطاع العام,خدمة إلكترونية,2026/05/07,"36,757,653"
الخدمات الرقمية,عام,القطاع العام,خدمة إلكترونية,2026/05/07,"36,757,671"
الخدمات الرقمية,عام,القطاع العام,خدمة إلكترونية,2026/05/07,"36,759,931"
الخدمات الرقمية,عام,القطاع العام,خدمة إلكترونية,2026/05/07,"36,759,145"
الخدمات الرقمية,عام,القطاع العام,خدمة إلكترونية,2026/05/07,"36,757,887"
الخدمات الرقمية,عام,القطاع العام,خدمة إلكترونية,2026/05/07,"36,757,596"
الخدمات الرقمية,عام,القطاع العام,خدمة إلكترونية,2026/05/07,"36,757,585"
الخدمات الرقمية,عام,القطاع العام,خدمة إلكترونية,2026/05/07,"36,759,487"
الخدمات الرقمية,عام,القطاع العام,خدمة إلكترونية,2026/05/07,"36,760,396"
الخدمات الرقمية,عام,القطاع العام,خدمة إلكترونية,2026/05/07,"36,758,241"
الخدمات الرقمية,عام,القطاع العام,خدمة إلكترونية,2026/05/07,"36,757,669"
الخدمات الرقمية,عام,القطاع العام,خدمة إلكترونية,2026/05/07,"36,763,812"
الخدمات الرقمية,عام,القطاع العام,خدمة إلكترونية,2026/05/07,"36,757,621"
الخدمات الرقمية,عام,القطاع العام,خدمة إلكترونية,2026/05/07,"36,757,704"
الخدمات الرقمية,عام,القطاع العام,خدمة إلكترونية,2026/05/07,"36,762,967"
الخدمات الرقمية,عام,القطاع العام,خدمة إلكترونية,2026/05/07,"36,757,298"
الخدمات الرقمية,عام,القطاع العام,خدمة إلكترونية,2026/05/07,"36,757,365"
الخدمات الرقمية,عام,القطاع العام,خدمة إلكترونية,2026/05/07,"36,754,815"
الخدمات الرقمية,عام,القطاع العام,خدمة إلكترونية,2026/05/07,"36,755,800"
الخدمات الرقمية,عام,القطاع العام,خدمة إلكترونية,2026/05/07,"36,755,769"
الخدمات الرقمية,عام,القطاع العام,خدمة إلكترونية,2026/05/07,"36,756,389"
الخدمات الرقمية,عام,القطاع العام,خدمة إلكترونية,2026/05/07,"36,752,276"
الخدمات الرقمية,عام,القطاع العام,خدمة إلكترونية,2026/05/07,"36,753,733"
الخدمات الرقمية,عام,القطاع العام,خدمة إلكترونية,2026/05/07,"36,755,966"
الخدمات الرقمية,عام,القطاع العام,خدمة إلكترونية,2026/05/07,"36,755,639"
الخدمات الرقمية,عام,القطاع العام,خدمة إلكترونية,2026/05/07,"36,755,825"
الخدمات الرقمية,عام,القطاع العام,خدمة إلكترونية,2026/05/07,"36,756,835"
الخدمات الرقمية,عام,القطاع العام,خدمة إلكترونية,2026/05/07,"36,761,927"
الخدمات الرقمية,عام,القطاع العام,خدمة إلكترونية,2026/05/07,"36,756,613"
الخدمات الرقمية,عام,القطاع العام,خدمة إلكترونية,2026/05/07,"36,756,329"
الخدمات الرقمية,عام,القطاع العام,خدمة إلكترونية,2026/05/07,"36,756,401"
الخدمات الرقمية,عام,القطاع العام,خدمة إلكترونية,2026/05/07,"36,754,428"
الخدمات الرقمية,عام,القطاع العام,خدمة إلكترونية,2026/05/07,"36,755,177"
الخدمات الرقمية,عام,القطاع العام,خدمة إلكترونية,2026/05/07,"36,755,199"
الخدمات الرقمية,عام,القطاع العام,خدمة إلكترونية,2026/05/07,"36,757,387"
الخدمات الرقمية,عام,القطاع العام,خدمة إلكترونية,2026/05/07,"36,754,139"
الخدمات الرقمية,عام,القطاع العام,خدمة إلكترونية,2026/05/07,"36,754,371"
الخدمات الرقمية,عام,القطاع العام,خدمة إلكترونية,2026/05/07,"36,754,860"
الخدمات الرقمية,عام,القطاع العام,خدمة إلكترونية,2026/05/07,"36,757,289"
الخدمات الرقمية,عام,القطاع العام,خدمة إلكترونية,2026/05/07,"36,757,500"
الخدمات الرقمية,عام,القطاع العام,خدمة إلكترونية,2026/05/07,"36,755,771"
الخدمات الرقمية,عام,القطاع العام,خدمة إلكترونية,2026/05/07,"36,755,135"
الخدمات الرقمية,عام,القطاع العام,خدمة إلكترونية,2026/05/07,"36,755,351"
الخدمات الرقمية,عام,القطاع العام,خدمة إلكترونية,2026/05/07,"36,755,539"
الخدمات الرقمية,عام,القطاع العام,خدمة إلكترونية,2026/05/07,"36,754,435"
الخدمات الرقمية,عام,القطاع العام,خدمة إلكترونية,2026/05/07,"36,755,046"
الخدمات الرقمية,عام,القطاع العام,خدمة إلكترونية,2026/05/07,"36,755,691"
الخدمات الرقمية,عام,القطاع العام,خدمة إلكترونية,2026/05/07,"36,755,806"
الخدمات الرقمية,عام,القطاع العام,خدمة إلكترونية,2026/05/07,"36,755,628"
الخدمات الرقمية,عام,القطاع العام,خدمة إلكترونية,2026/05/07,"36,756,279"
الخدمات الرقمية,عام,القطاع العام,خدمة إلكترونية,2026/05/07,"36,756,665"
الخدمات الرقمية,عام,القطاع العام,خدمة إلكترونية,2026/05/07,"36,755,659"
الخدمات الرقمية,عام,القطاع العام,خدمة إلكترونية,2026/05/07,"36,757,116"
الخدمات الرقمية,عام,القطاع العام,خدمة إلكترونية,2026/05/07,"36,757,362"
الخدمات الرقمية,عام,القطاع العام,خدمة إلكترونية,2026/05/07,"36,756,757"
الخدمات الرقمية,عام,القطاع العام,خدمة إلكترونية,2026/05/07,"36,757,315"
الخدمات الرقمية,عام,القطاع العام,خدمة إلكترونية,2026/05/07,"36,755,243"
الخدمات الرقمية,عام,القطاع العام,خدمة إلكترونية,2026/05/07,"36,755,347"
الخدمات الرقمية,عام,القطاع العام,خدمة إلكترونية,2026/05/07,"36,756,397"
الخدمات الرقمية,عام,القطاع العام,خدمة إلكترونية,2026/05/07,"36,754,733"
الخدمات الرقمية,عام,القطاع العام,خدمة إلكترونية,2026/05/07,"36,754,500"
الخدمات الرقمية,عام,القطاع العام,خدمة إلكترونية,2026/05/07,"36,755,253"
الخدمات الرقمية,عام,القطاع العام,خدمة إلكترونية,2026/05/07,"36,757,399"
الخدمات الرقمية,عام,القطاع العام,خدمة إلكترونية,2026/05/07,"36,756,555"
الخدمات الرقمية,عام,القطاع العام,خدمة إلكترونية,2026/05/07,"36,755,279"
الخدمات الرقمية,عام,القطاع العام,خدمة إلكترونية,2026/05/07,"36,755,943"
الخدمات الرقمية,عام,القطاع العام,خدمة إلكترونية,2026/05/07,"36,755,247"
الخدمات الرقمية,عام,القطاع العام,خدمة إلكترونية,2026/05/07,"36,757,350"
الخدمات الرقمية,عام,القطاع العام,خدمة إلكترونية,2026/05/07,"36,756,313"
الخدمات الرقمية,عام,القطاع العام,خدمة إلكترونية,2026/05/07,"36,754,877"
الخدمات الرقمية,عام,القطاع العام,خدمة إلكترونية,2026/05/07,"36,755,032"
الخدمات الرقمية,عام,القطاع العام,خدمة إلكترونية,2026/05/07,"36,757,065"
الخدمات الرقمية,عام,القطاع العام,خدمة إلكترونية,2026/05/07,"36,757,232"
الخدمات الرقمية,عام,القطاع العام,خدمة إلكترونية,2026/05/07,"36,755,858"
الخدمات الرقمية,عام,القطاع العام,خدمة إلكترونية,2026/05/07,"36,754,349"
الخدمات الرقمية,عام,القطاع العام,خدمة إلكترونية,2026/05/07,"36,755,548"
الخدمات الرقمية,عام,القطاع العام,خدمة إلكترونية,2026/05/07,"36,755,597"
الخدمات الرقمية,عام,القطاع العام,خدمة إلكترونية,2026/05/07,"36,754,980"
الخدمات الرقمية,عام,القطاع العام,خدمة إلكترونية,2026/05/07,"36,755,107"
الخدمات الرقمية,عام,القطاع العام,خدمة إلكترونية,2026/05/07,"36,755,678"
الخدمات الرقمية,عام,القطاع العام,خدمة إلكترونية,2026/05/07,"36,756,216"
الخدمات الرقمية,عام,القطاع العام,خدمة إلكترونية,2026/05/07,"36,757,389"
الخدمات الرقمية,عام,القطاع العام,خدمة إلكترونية,2026/05/07,"36,754,040"
الخدمات الرقمية,عام,القطاع العام,خدمة إلكترونية,2026/05/07,"36,755,570"
الخدمات الرقمية,عام,القطاع العام,خدمة إلكترونية,2026/05/07,"36,754,313"
الخدمات الرقمية,عام,القطاع العام,خدمة إلكترونية,2026/05/07,"36,757,112"
الخدمات الرقمية,عام,القطاع العام,خدمة إلكترونية,2026/05/07,"36,754,485"
الخدمات الرقمية,عام,القطاع العام,خدمة إلكترونية,2026/05/07,"36,756,005"
الخدمات الرقمية,عام,القطاع العام,خدمة إلكترونية,2026/05/07,"36,754,887"
الخدمات الرقمية,عام,القطاع العام,خدمة إلكترونية,2026/05/07,"36,755,116"
الخدمات الرقمية,عام,القطاع العام,خدمة إلكترونية,2026/05/07,"36,757,485"
الخدمات الرقمية,عام,القطاع العام,خدمة إلكترونية,2026/05/07,"36,755,097"
الخدمات الرقمية,عام,القطاع العام,خدمة إلكترونية,2026/05/07,"36,755,457"
الخدمات الرقمية,عام,القطاع العام,خدمة إلكترونية,2026/05/07,"36,755,912"
الخدمات الرقمية,عام,القطاع العام,خدمة إلكترونية,2026/05/07,"36,752,338"
الخدمات الرقمية,عام,القطاع العام,خدمة إلكترونية,2026/05/07,"36,756,586"
الخدمات الرقمية,عام,القطاع العام,خدمة إلكترونية,2026/05/07,"36,757,420"
الخدمات الرقمية,عام,القطاع العام,خدمة إلكترونية,2026/05/07,"36,742,860"
الخدمات الرقمية,عام,القطاع العام,خدمة إلكترونية,2026/05/07,"36,742,838"
الخدمات الرقمية,عام,القطاع العام,خدمة إلكترونية,2026/05/07,"36,742,839"
الخدمات الرقمية,عام,القطاع العام,خدمة إلكترونية,2026/05/07,"36,742,784"
الخدمات الرقمية,عام,القطاع العام,خدمة إلكترونية,2026/05/08,"36,764,744"
الخدمات الرقمية,عام,القطاع العام,خدمة إلكترونية,2026/05/08,"36,764,822"
الخدمات الرقمية,عام,القطاع العام,خدمة إلكترونية,2026/05/08,"36,764,642"
الخدمات الرقمية,عام,القطاع العام,خدمة إلكترونية,2026/05/08,"36,764,610"
الخدمات الرقمية,عام,القطاع العام,خدمة إلكترونية,2026/05/08,"36,764,767"
الخدمات الرقمية,عام,القطاع العام,خدمة إلكترونية,2026/05/08,"36,764,831"
الخدمات الرقمية,عام,القطاع العام,خدمة إلكترونية,2026/05/08,"36,775,248"
 المدينة المنوره,المدينة المنورة,القطاع الخاص,خدمة إلكترونية جزئيا,2026/05/09,"36,788,808"
 المدينة المنوره,المدينة المنورة,القطاع الخاص,خدمة إلكترونية جزئيا,2026/05/09,"36,788,814"
 المدينة المنوره,المدينة المنورة,القطاع الخاص,خدمة إلكترونية جزئيا,2026/05/09,"36,789,326"
 المدينة المنوره,المدينة المنورة,القطاع الخاص,خدمة إلكترونية جزئيا,2026/05/09,"36,789,214"
 المدينة المنوره,المدينة المنورة,القطاع الخاص,خدمة إلكترونية جزئيا,2026/05/09,"36,789,696"
 المدينة المنوره,المدينة المنورة,القطاع الخاص,خدمة إلكترونية جزئيا,2026/05/09,"36,789,698"
 المدينة المنوره,المدينة المنورة,القطاع الخاص,خدمة إلكترونية جزئيا,2026/05/09,"36,789,474"
 المدينة المنوره,المدينة المنورة,القطاع الخاص,خدمة إلكترونية جزئيا,2026/05/09,"36,789,015"
 المدينة المنوره,المدينة المنورة,القطاع الخاص,خدمة إلكترونية جزئيا,2026/05/09,"36,789,052"
 المدينة المنوره,المدينة المنورة,القطاع الخاص,خدمة إلكترونية جزئيا,2026/05/09,"36,790,685"
 المدينة المنوره,المدينة المنورة,القطاع الخاص,خدمة إلكترونية جزئيا,2026/05/09,"36,790,834"
الخدمات الرقمية,عام,القطاع العام,خدمة إلكترونية,2026/05/09,"36,783,878"
الخدمات الرقمية,عام,القطاع العام,خدمة إلكترونية,2026/05/09,"36,783,839"
الخدمات الرقمية,عام,القطاع العام,خدمة إلكترونية,2026/05/09,"36,781,270"
الخدمات الرقمية,عام,القطاع العام,خدمة إلكترونية,2026/05/09,"36,792,858"
الخدمات الرقمية,عام,القطاع العام,خدمة إلكترونية,2026/05/09,"36,784,001"
الخدمات الرقمية,عام,القطاع العام,خدمة إلكترونية,2026/05/09,"36,783,970"
الخدمات الرقمية,عام,القطاع العام,خدمة إلكترونية,2026/05/09,"36,788,728"
الخدمات الرقمية,عام,القطاع العام,خدمة إلكترونية,2026/05/09,"36,783,947"
الخدمات الرقمية,عام,القطاع العام,خدمة إلكترونية,2026/05/09,"36,783,861"
 مكة المكرمه,جده,القطاع الخاص,خدمة إلكترونية جزئيا,2026/05/10,"36,807,482"
الخدمات الرقمية,عام,القطاع العام,خدمة إلكترونية,2026/05/10,"36,807,204"
 مكة المكرمه,جده,القطاع الخاص,خدمة إلكترونية جزئيا,2026/05/10,"36,802,273"
الخدمات الرقمية,كتابة عدل مدمجة - افتراضية,القطاع العام,خدمة إلكترونية جزئيا,2026/05/10,"36,806,824"
 مكة المكرمه,الطائف,القطاع الخاص,خدمة إلكترونية جزئيا,2026/05/10,"36,807,893"
 الشرقية,الدمام,القطاع الخاص,خدمة إلكترونية جزئيا,2026/05/10,"36,801,211"
 المدينة المنوره,المدينة المنورة,القطاع الخاص,خدمة إلكترونية جزئيا,2026/05/10,"36,800,556"
 المدينة المنوره,المدينة المنورة,القطاع الخاص,خدمة إلكترونية جزئيا,2026/05/10,"36,804,870"
 المدينة المنوره,المدينة المنورة,القطاع الخاص,خدمة إلكترونية جزئيا,2026/05/10,"36,800,684"
 حائل,حائل,القطاع الخاص,خدمة إلكترونية جزئيا,2026/05/10,"36,802,184"
 الرياض,الرياض,القطاع الخاص,خدمة إلكترونية جزئيا,2026/05/10,"36,801,459"
الخدمات الرقمية,عام,القطاع العام,خدمة إلكترونية,2026/05/10,"36,799,823"
الخدمات الرقمية,عام,القطاع العام,خدمة إلكترونية,2026/05/10,"36,804,427"
الخدمات الرقمية,عام,القطاع العام,خدمة إلكترونية,2026/05/10,"36,798,611"
 الرياض,الرياض,القطاع الخاص,خدمة إلكترونية جزئيا,2026/05/10,"36,812,224"
 الرياض,الرياض,القطاع الخاص,خدمة إلكترونية جزئيا,2026/05/10,"36,810,920"
 الرياض,الرياض,القطاع الخاص,خدمة إلكترونية جزئيا,2026/05/10,"36,811,461"
 الرياض,الرياض,القطاع الخاص,خدمة إلكترونية جزئيا,2026/05/10,"36,801,521"
 مكة المكرمه,جده,القطاع الخاص,خدمة إلكترونية جزئيا,2026/05/10,"36,807,496"
 مكة المكرمه,الطائف,القطاع الخاص,خدمة إلكترونية جزئيا,2026/05/10,"36,798,969"
 مكة المكرمه,الطائف,القطاع الخاص,خدمة إلكترونية جزئيا,2026/05/10,"36,802,372"
 مكة المكرمه,الطائف,القطاع الخاص,خدمة إلكترونية جزئيا,2026/05/10,"36,799,831"
 حائل,حائل,القطاع الخاص,خدمة إلكترونية جزئيا,2026/05/10,"36,802,328"
 مكة المكرمه,جده,القطاع الخاص,خدمة إلكترونية جزئيا,2026/05/10,"36,803,079"
 مكة المكرمه,جده,القطاع الخاص,خدمة إلكترونية جزئيا,2026/05/10,"36,805,223"
 الرياض,الرياض,القطاع الخاص,خدمة إلكترونية جزئيا,2026/05/10,"36,812,548"
 الرياض,الرياض,القطاع الخاص,خدمة إلكترونية جزئيا,2026/05/10,"36,800,679"
 مكة المكرمه,الطائف,القطاع الخاص,خدمة إلكترونية جزئيا,2026/05/10,"36,807,946"
 الرياض,الرياض,القطاع الخاص,خدمة إلكترونية جزئيا,2026/05/10,"36,811,218"
 الرياض,الرياض,القطاع الخاص,خدمة إلكترونية جزئيا,2026/05/10,"36,811,056"
 الرياض,الرياض,القطاع الخاص,خدمة إلكترونية جزئيا,2026/05/10,"36,812,791"
 مكة المكرمه,جده,القطاع الخاص,خدمة إلكترونية جزئيا,2026/05/10,"36,800,956"
 مكة المكرمه,جده,القطاع الخاص,خدمة إلكترونية جزئيا,2026/05/10,"36,806,435"
 المدينة المنوره,المدينة المنورة,القطاع الخاص,خدمة إلكترونية جزئيا,2026/05/10,"36,804,542"
الخدمات الرقمية,عام,القطاع العام,خدمة إلكترونية,2026/05/10,"36,797,576"
الخدمات الرقمية,عام,القطاع العام,خدمة إلكترونية,2026/05/10,"36,797,661"
الخدمات الرقمية,عام,القطاع العام,خدمة إلكترونية,2026/05/10,"36,798,596"
الخدمات الرقمية,عام,القطاع العام,خدمة إلكترونية,2026/05/10,"36,800,915"
الخدمات الرقمية,عام,القطاع العام,خدمة إلكترونية,2026/05/10,"36,797,660"
الخدمات الرقمية,عام,القطاع العام,خدمة إلكترونية,2026/05/10,"36,800,097"
الخدمات الرقمية,عام,القطاع العام,خدمة إلكترونية,2026/05/10,"36,798,495"
الخدمات الرقمية,عام,القطاع العام,خدمة إلكترونية,2026/05/10,"36,809,432"
الخدمات الرقمية,عام,القطاع العام,خدمة إلكترونية,2026/05/10,"36,802,084"
الخدمات الرقمية,عام,القطاع العام,خدمة إلكترونية,2026/05/10,"36,809,510"
الخدمات الرقمية,عام,القطاع العام,خدمة إلكترونية,2026/05/10,"36,807,484"
الخدمات الرقمية,عام,القطاع العام,خدمة إلكترونية,2026/05/10,"36,809,606"
الخدمات الرقمية,عام,القطاع العام,خدمة إلكترونية,2026/05/10,"36,809,767"
الخدمات الرقمية,عام,القطاع العام,خدمة إلكترونية,2026/05/10,"36,809,608"
الخدمات الرقمية,عام,القطاع العام,خدمة إلكترونية,2026/05/10,"36,807,299"
الخدمات الرقمية,عام,القطاع العام,خدمة إلكترونية,2026/05/10,"36,809,627"
الخدمات الرقمية,عام,القطاع العام,خدمة إلكترونية,2026/05/10,"36,809,513"
الخدمات الرقمية,عام,القطاع العام,خدمة إلكترونية,2026/05/10,"36,809,766"
الخدمات الرقمية,عام,القطاع العام,خدمة إلكترونية,2026/05/10,"36,798,491"
الخدمات الرقمية,عام,القطاع العام,خدمة إلكترونية,2026/05/10,"36,809,708"
الخدمات الرقمية,عام,القطاع العام,خدمة إلكترونية,2026/05/10,"36,808,805"
الخدمات الرقمية,عام,القطاع العام,خدمة إلكترونية,2026/05/10,"36,809,707"
الخدمات الرقمية,عام,القطاع العام,خدمة إلكترونية,2026/05/10,"36,798,071"
الخدمات الرقمية,عام,القطاع العام,خدمة إلكترونية,2026/05/10,"36,798,367"
الخدمات الرقمية,عام,القطاع العام,خدمة إلكترونية,2026/05/10,"36,809,610"
الخدمات الرقمية,عام,القطاع العام,خدمة إلكترونية,2026/05/10,"36,800,398"
الخدمات الرقمية,عام,القطاع العام,خدمة إلكترونية,2026/05/10,"36,800,569"
الخدمات الرقمية,عام,القطاع العام,خدمة إلكترونية,2026/05/10,"36,809,765"
الخدمات الرقمية,عام,القطاع العام,خدمة إلكترونية,2026/05/10,"36,807,301"
الخدمات الرقمية,عام,القطاع العام,خدمة إلكترونية,2026/05/10,"36,809,434"
الخدمات الرقمية,عام,القطاع العام,خدمة إلكترونية,2026/05/10,"36,809,520"
الخدمات الرقمية,عام,القطاع العام,خدمة إلكترونية,2026/05/10,"36,809,407"
الخدمات الرقمية,عام,القطاع العام,خدمة إلكترونية,2026/05/10,"36,809,409"
الخدمات الرقمية,عام,القطاع العام,خدمة إلكترونية,2026/05/10,"36,801,287"
الخدمات الرقمية,عام,القطاع العام,خدمة إلكترونية,2026/05/10,"36,801,285"
الخدمات الرقمية,عام,القطاع العام,خدمة إلكترونية,2026/05/10,"36,809,621"
الخدمات الرقمية,عام,القطاع العام,خدمة إلكترونية,2026/05/10,"36,809,784"
الخدمات الرقمية,عام,القطاع العام,خدمة إلكترونية,2026/05/10,"36,807,394"
الخدمات الرقمية,عام,القطاع العام,خدمة إلكترونية,2026/05/10,"36,809,704"
الخدمات الرقمية,عام,القطاع العام,خدمة إلكترونية,2026/05/10,"36,800,710"
الخدمات الرقمية,عام,القطاع العام,خدمة إلكترونية,2026/05/10,"36,809,426"
الخدمات الرقمية,عام,القطاع العام,خدمة إلكترونية,2026/05/10,"36,810,173"
الخدمات الرقمية,عام,القطاع العام,خدمة إلكترونية,2026/05/10,"36,797,640"
الخدمات الرقمية,عام,القطاع العام,خدمة إلكترونية,2026/05/10,"36,807,295"
الخدمات الرقمية,عام,القطاع العام,خدمة إلكترونية,2026/05/10,"36,809,528"
الخدمات الرقمية,عام,القطاع العام,خدمة إلكترونية,2026/05/10,"36,809,785"
الخدمات الرقمية,عام,القطاع العام,خدمة إلكترونية,2026/05/10,"36,798,493"
الخدمات الرقمية,عام,القطاع العام,خدمة إلكترونية,2026/05/10,"36,798,595"
الخدمات الرقمية,عام,القطاع العام,خدمة إلكترونية,2026/05/10,"36,805,025"
الخدمات الرقمية,عام,القطاع العام,خدمة إلكترونية,2026/05/10,"36,809,514"
الخدمات الرقمية,عام,القطاع العام,خدمة إلكترونية,2026/05/10,"36,809,782"
الخدمات الرقمية,عام,القطاع العام,خدمة إلكترونية,2026/05/10,"36,799,327"
الخدمات الرقمية,عام,القطاع العام,خدمة إلكترونية,2026/05/10,"36,800,139"
الخدمات الرقمية,عام,القطاع العام,خدمة إلكترونية,2026/05/10,"36,809,512"
الخدمات الرقمية,عام,القطاع العام,خدمة إلكترونية,2026/05/10,"36,809,768"
الخدمات الرقمية,عام,القطاع العام,خدمة إلكترونية,2026/05/10,"36,809,839"
الخدمات الرقمية,عام,القطاع العام,خدمة إلكترونية,2026/05/10,"36,807,391"
الخدمات الرقمية,عام,القطاع العام,خدمة إلكترونية,2026/05/10,"36,807,297"
الخدمات الرقمية,عام,القطاع العام,خدمة إلكترونية,2026/05/10,"36,810,139"
الخدمات الرقمية,عام,القطاع العام,خدمة إلكترونية,2026/05/10,"36,809,690"
الخدمات الرقمية,عام,القطاع العام,خدمة إلكترونية,2026/05/10,"36,807,389"
الخدمات الرقمية,عام,القطاع العام,خدمة إلكترونية,2026/05/10,"36,809,710"
الخدمات الرقمية,عام,القطاع العام,خدمة إلكترونية,2026/05/10,"36,808,315"
الخدمات الرقمية,عام,القطاع العام,خدمة إلكترونية,2026/05/10,"36,809,404"
الخدمات الرقمية,عام,القطاع العام,خدمة إلكترونية,2026/05/10,"36,797,866"
الخدمات الرقمية,عام,القطاع العام,خدمة إلكترونية,2026/05/10,"36,798,037"
الخدمات الرقمية,عام,القطاع العام,خدمة إلكترونية,2026/05/10,"36,797,828"
الخدمات الرقمية,عام,القطاع العام,خدمة إلكترونية,2026/05/10,"36,798,283"
الخدمات الرقمية,عام,القطاع العام,خدمة إلكترونية,2026/05/10,"36,799,095"
الخدمات الرقمية,عام,القطاع العام,خدمة إلكترونية,2026/05/10,"36,798,079"
الخدمات الرقمية,عام,القطاع العام,خدمة إلكترونية,2026/05/10,"36,800,425"
الخدمات الرقمية,عام,القطاع العام,خدمة إلكترونية,2026/05/10,"36,800,966"
الخدمات الرقمية,عام,القطاع العام,خدمة إلكترونية,2026/05/10,"36,801,335"
الخدمات الرقمية,عام,القطاع العام,خدمة إلكترونية,2026/05/10,"36,802,436"
الخدمات الرقمية,عام,القطاع العام,خدمة إلكترونية,2026/05/10,"36,804,625"
الخدمات الرقمية,عام,القطاع العام,خدمة إلكترونية,2026/05/10,"36,801,189"
الخدمات الرقمية,عام,القطاع العام,خدمة إلكترونية,2026/05/10,"36,800,942"
الخدمات الرقمية,عام,القطاع العام,خدمة إلكترونية,2026/05/10,"36,799,734"
الخدمات الرقمية,عام,القطاع العام,خدمة إلكترونية,2026/05/10,"36,802,627"
الخدمات الرقمية,عام,القطاع العام,خدمة إلكترونية,2026/05/10,"36,800,809"
الخدمات الرقمية,عام,القطاع العام,خدمة إلكترونية,2026/05/10,"36,800,120"
الخدمات الرقمية,عام,القطاع العام,خدمة إلكترونية,2026/05/10,"36,800,713"
الخدمات الرقمية,عام,القطاع العام,خدمة إلكترونية,2026/05/10,"36,799,993"
الخدمات الرقمية,عام,القطاع العام,خدمة إلكترونية,2026/05/10,"36,800,853"
الخدمات الرقمية,عام,القطاع العام,خدمة إلكترونية,2026/05/10,"36,802,847"
الخدمات الرقمية,عام,القطاع العام,خدمة إلكترونية,2026/05/10,"36,798,621"
الخدمات الرقمية,عام,القطاع العام,خدمة إلكترونية,2026/05/10,"36,800,174"
الخدمات الرقمية,عام,القطاع العام,خدمة إلكترونية,2026/05/10,"36,801,069"
الخدمات الرقمية,عام,القطاع العام,خدمة إلكترونية,2026/05/10,"36,802,282"
الخدمات الرقمية,عام,القطاع العام,خدمة إلكترونية,2026/05/10,"36,800,138"
الخدمات الرقمية,عام,القطاع العام,خدمة إلكترونية,2026/05/10,"36,801,095"
الخدمات الرقمية,عام,القطاع العام,خدمة إلكترونية,2026/05/10,"36,800,005"
الخدمات الرقمية,عام,القطاع العام,خدمة إلكترونية,2026/05/10,"36,801,117"
الخدمات الرقمية,عام,القطاع العام,خدمة إلكترونية,2026/05/10,"36,807,999"
الخدمات الرقمية,عام,القطاع العام,خدمة إلكترونية,2026/05/10,"36,801,498"
الخدمات الرقمية,عام,القطاع العام,خدمة إلكترونية,2026/05/10,"36,806,322"
الخدمات الرقمية,عام,القطاع العام,خدمة إلكترونية,2026/05/10,"36,805,863"
الخدمات الرقمية,عام,القطاع العام,خدمة إلكترونية,2026/05/10,"36,799,651"
الخدمات الرقمية,عام,القطاع العام,خدمة إلكترونية,2026/05/10,"36,802,806"
الخدمات الرقمية,عام,القطاع العام,خدمة إلكترونية,2026/05/10,"36,799,832"
الخدمات الرقمية,عام,القطاع العام,خدمة إلكترونية,2026/05/10,"36,799,771"
الخدمات الرقمية,عام,القطاع العام,خدمة إلكترونية,2026/05/10,"36,808,338"
الخدمات الرقمية,عام,القطاع العام,خدمة إلكترونية,2026/05/10,"36,801,248"
الخدمات الرقمية,عام,القطاع العام,خدمة إلكترونية,2026/05/10,"36,808,919"
الخدمات الرقمية,عام,القطاع العام,خدمة إلكترونية,2026/05/10,"36,800,573"
الخدمات الرقمية,عام,القطاع العام,خدمة إلكترونية,2026/05/10,"36,801,209"
الخدمات الرقمية,عام,القطاع العام,خدمة إلكترونية,2026/05/10,"36,808,830"
الخدمات الرقمية,عام,القطاع العام,خدمة إلكترونية,2026/05/10,"36,809,703"
الخدمات الرقمية,عام,القطاع العام,خدمة إلكترونية,2026/05/10,"36,811,861"
الخدمات الرقمية,عام,القطاع العام,خدمة إلكترونية,2026/05/10,"36,799,011"
الخدمات الرقمية,عام,القطاع العام,خدمة إلكترونية,2026/05/10,"36,798,192"
الخدمات الرقمية,عام,القطاع العام,خدمة إلكترونية,2026/05/10,"36,808,139"
الخدمات الرقمية,عام,القطاع العام,خدمة إلكترونية,2026/05/10,"36,805,723"
الخدمات الرقمية,عام,القطاع العام,خدمة إلكترونية,2026/05/10,"36,808,280"
الخدمات الرقمية,عام,القطاع العام,خدمة إلكترونية,2026/05/10,"36,799,719"
الخدمات الرقمية,عام,القطاع العام,خدمة إلكترونية,2026/05/10,"36,800,483"
الخدمات الرقمية,عام,القطاع العام,خدمة إلكترونية,2026/05/10,"36,809,524"
الخدمات الرقمية,عام,القطاع العام,خدمة إلكترونية,2026/05/10,"36,800,614"
الخدمات الرقمية,عام,القطاع العام,خدمة إلكترونية,2026/05/10,"36,809,396"
الخدمات الرقمية,عام,القطاع العام,خدمة إلكترونية,2026/05/10,"36,804,988"
الخدمات الرقمية,عام,القطاع العام,خدمة إلكترونية,2026/05/10,"36,810,008"
الخدمات الرقمية,عام,القطاع العام,خدمة إلكترونية,2026/05/10,"36,807,664"
الخدمات الرقمية,عام,القطاع العام,خدمة إلكترونية,2026/05/10,"36,807,043"
الخدمات الرقمية,عام,القطاع العام,خدمة إلكترونية,2026/05/10,"36,801,270"
الخدمات الرقمية,عام,القطاع العام,خدمة إلكترونية,2026/05/10,"36,798,759"
الخدمات الرقمية,عام,القطاع العام,خدمة إلكترونية,2026/05/10,"36,799,909"
الخدمات الرقمية,عام,القطاع العام,خدمة إلكترونية,2026/05/10,"36,809,880"
الخدمات الرقمية,عام,القطاع العام,خدمة إلكترونية,2026/05/10,"36,802,909"
الخدمات الرقمية,عام,القطاع العام,خدمة إلكترونية,2026/05/10,"36,807,348"
الخدمات الرقمية,عام,القطاع العام,خدمة إلكترونية,2026/05/10,"36,809,719"
الخدمات الرقمية,عام,القطاع العام,خدمة إلكترونية,2026/05/10,"36,807,456"
الخدمات الرقمية,عام,القطاع العام,خدمة إلكترونية,2026/05/10,"36,799,893"
الخدمات الرقمية,عام,القطاع العام,خدمة إلكترونية,2026/05/10,"36,802,679"
الخدمات الرقمية,عام,القطاع العام,خدمة إلكترونية,2026/05/10,"36,798,847"
الخدمات الرقمية,عام,القطاع العام,خدمة إلكترونية,2026/05/10,"36,809,645"
الخدمات الرقمية,عام,القطاع العام,خدمة إلكترونية,2026/05/10,"36,809,773"
الخدمات الرقمية,عام,القطاع العام,خدمة إلكترونية,2026/05/10,"36,799,937"
الخدمات الرقمية,عام,القطاع العام,خدمة إلكترونية,2026/05/10,"36,800,671"
الخدمات الرقمية,عام,القطاع العام,خدمة إلكترونية,2026/05/10,"36,802,745"
الخدمات الرقمية,عام,القطاع العام,خدمة إلكترونية,2026/05/10,"36,803,932"
الخدمات الرقمية,عام,القطاع العام,خدمة إلكترونية,2026/05/10,"36,801,446"
الخدمات الرقمية,عام,القطاع العام,خدمة إلكترونية,2026/05/10,"36,808,070"
الخدمات الرقمية,عام,القطاع العام,خدمة إلكترونية,2026/05/10,"36,800,759"
الخدمات الرقمية,عام,القطاع العام,خدمة إلكترونية,2026/05/10,"36,809,269"
الخدمات الرقمية,عام,القطاع العام,خدمة إلكترونية,2026/05/10,"36,797,830"
الخدمات الرقمية,عام,القطاع العام,خدمة إلكترونية,2026/05/10,"36,799,182"
الخدمات الرقمية,عام,القطاع العام,خدمة إلكترونية,2026/05/10,"36,799,670"
الخدمات الرقمية,عام,القطاع العام,خدمة إلكترونية,2026/05/10,"36,798,374"
الخدمات الرقمية,عام,القطاع العام,خدمة إلكترونية,2026/05/10,"36,798,584"
الخدمات الرقمية,عام,القطاع العام,خدمة إلكترونية,2026/05/10,"36,798,532"
الخدمات الرقمية,عام,القطاع العام,خدمة إلكترونية,2026/05/10,"36,800,260"
الخدمات الرقمية,عام,القطاع العام,خدمة إلكترونية,2026/05/10,"36,800,528"
الخدمات الرقمية,عام,القطاع العام,خدمة إلكترونية,2026/05/10,"36,801,537"
الخدمات الرقمية,عام,القطاع العام,خدمة إلكترونية,2026/05/10,"36,800,442"
الخدمات الرقمية,عام,القطاع العام,خدمة إلكترونية,2026/05/10,"36,804,223"
الخدمات الرقمية,عام,القطاع العام,خدمة إلكترونية,2026/05/10,"36,800,734"
الخدمات الرقمية,عام,القطاع العام,خدمة إلكترونية,2026/05/10,"36,801,023"
الخدمات الرقمية,عام,القطاع العام,خدمة إلكترونية,2026/05/10,"36,802,030"
الخدمات الرقمية,عام,القطاع العام,خدمة إلكترونية,2026/05/10,"36,802,692"
الخدمات الرقمية,عام,القطاع العام,خدمة إلكترونية,2026/05/10,"36,800,270"
الخدمات الرقمية,عام,القطاع العام,خدمة إلكترونية,2026/05/10,"36,799,003"
الخدمات الرقمية,عام,القطاع العام,خدمة إلكترونية,2026/05/10,"36,800,813"
الخدمات الرقمية,عام,القطاع العام,خدمة إلكترونية,2026/05/10,"36,800,895"
الخدمات الرقمية,عام,القطاع العام,خدمة إلكترونية,2026/05/10,"36,801,093"
الخدمات الرقمية,عام,القطاع العام,خدمة إلكترونية,2026/05/10,"36,801,289"
الخدمات الرقمية,عام,القطاع العام,خدمة إلكترونية,2026/05/10,"36,805,073"
الخدمات الرقمية,عام,القطاع العام,خدمة إلكترونية,2026/05/10,"36,802,582"
الخدمات الرقمية,عام,القطاع العام,خدمة إلكترونية,2026/05/10,"36,800,702"
الخدمات الرقمية,عام,القطاع العام,خدمة إلكترونية,2026/05/10,"36,798,612"
الخدمات الرقمية,عام,القطاع العام,خدمة إلكترونية,2026/05/10,"36,800,732"
الخدمات الرقمية,عام,القطاع العام,خدمة إلكترونية,2026/05/10,"36,801,370"
الخدمات الرقمية,عام,القطاع العام,خدمة إلكترونية,2026/05/10,"36,803,789"
الخدمات الرقمية,عام,القطاع العام,خدمة إلكترونية,2026/05/10,"36,801,843"
الخدمات الرقمية,عام,القطاع العام,خدمة إلكترونية,2026/05/10,"36,803,017"
الخدمات الرقمية,عام,القطاع العام,خدمة إلكترونية,2026/05/10,"36,804,554"
الخدمات الرقمية,عام,القطاع العام,خدمة إلكترونية,2026/05/10,"36,805,970"
الخدمات الرقمية,عام,القطاع العام,خدمة إلكترونية,2026/05/10,"36,800,700"
الخدمات الرقمية,عام,القطاع العام,خدمة إلكترونية,2026/05/10,"36,801,293"
الخدمات الرقمية,عام,القطاع العام,خدمة إلكترونية,2026/05/10,"36,802,466"
الخدمات الرقمية,عام,القطاع العام,خدمة إلكترونية,2026/05/10,"36,803,913"
الخدمات الرقمية,عام,القطاع العام,خدمة إلكترونية,2026/05/10,"36,807,160"
الخدمات الرقمية,عام,القطاع العام,خدمة إلكترونية,2026/05/10,"36,795,354"
الخدمات الرقمية,عام,القطاع العام,خدمة إلكترونية,2026/05/10,"36,808,557"
الخدمات الرقمية,عام,القطاع العام,خدمة إلكترونية,2026/05/10,"36,810,703"
الخدمات الرقمية,عام,القطاع العام,خدمة إلكترونية,2026/05/10,"36,809,127"
الخدمات الرقمية,عام,القطاع العام,خدمة إلكترونية,2026/05/10,"36,809,351"
الخدمات الرقمية,عام,القطاع العام,خدمة إلكترونية,2026/05/10,"36,808,289"
الخدمات الرقمية,عام,القطاع العام,خدمة إلكترونية,2026/05/10,"36,810,717"
الخدمات الرقمية,عام,القطاع العام,خدمة إلكترونية,2026/05/10,"36,804,480"
الخدمات الرقمية,عام,القطاع العام,خدمة إلكترونية,2026/05/10,"36,808,693"
الخدمات الرقمية,عام,القطاع العام,خدمة إلكترونية,2026/05/10,"36,809,398"
الخدمات الرقمية,عام,القطاع العام,خدمة إلكترونية,2026/05/10,"36,798,593"
الخدمات الرقمية,عام,القطاع العام,خدمة إلكترونية,2026/05/10,"36,801,176"
الخدمات الرقمية,عام,القطاع العام,خدمة إلكترونية,2026/05/10,"36,798,180"
الخدمات الرقمية,عام,القطاع العام,خدمة إلكترونية,2026/05/10,"36,799,379"
الخدمات الرقمية,عام,القطاع العام,خدمة إلكترونية,2026/05/10,"36,798,303"
الخدمات الرقمية,عام,القطاع العام,خدمة إلكترونية,2026/05/10,"36,803,972"
الخدمات الرقمية,عام,القطاع العام,خدمة إلكترونية,2026/05/10,"36,799,867"
الخدمات الرقمية,عام,القطاع العام,خدمة إلكترونية,2026/05/10,"36,801,739"
الخدمات الرقمية,عام,القطاع العام,خدمة إلكترونية,2026/05/10,"36,809,267"
الخدمات الرقمية,عام,القطاع العام,خدمة إلكترونية,2026/05/10,"36,808,954"
الخدمات الرقمية,عام,القطاع العام,خدمة إلكترونية,2026/05/10,"36,798,231"
الخدمات الرقمية,عام,القطاع العام,خدمة إلكترونية,2026/05/10,"36,805,431"
الخدمات الرقمية,عام,القطاع العام,خدمة إلكترونية,2026/05/10,"36,810,149"
الخدمات الرقمية,عام,القطاع العام,خدمة إلكترونية,2026/05/10,"36,798,289"
الخدمات الرقمية,عام,القطاع العام,خدمة إلكترونية,2026/05/10,"36,808,371"
الخدمات الرقمية,عام,القطاع العام,خدمة إلكترونية,2026/05/10,"36,809,317"
الخدمات الرقمية,عام,القطاع العام,خدمة إلكترونية,2026/05/10,"36,798,315"
الخدمات الرقمية,عام,القطاع العام,خدمة إلكترونية,2026/05/10,"36,806,136"
الخدمات الرقمية,عام,القطاع العام,خدمة إلكترونية,2026/05/10,"36,807,296"
الخدمات الرقمية,عام,القطاع العام,خدمة إلكترونية,2026/05/10,"36,808,426"
الخدمات الرقمية,عام,القطاع العام,خدمة إلكترونية,2026/05/10,"36,802,214"
الخدمات الرقمية,عام,القطاع العام,خدمة إلكترونية,2026/05/10,"36,806,193"
الخدمات الرقمية,عام,القطاع العام,خدمة إلكترونية,2026/05/10,"36,800,626"
الخدمات الرقمية,عام,القطاع العام,خدمة إلكترونية,2026/05/10,"36,798,368"
الخدمات الرقمية,عام,القطاع العام,خدمة إلكترونية,2026/05/10,"36,799,336"
الخدمات الرقمية,عام,القطاع العام,خدمة إلكترونية,2026/05/10,"36,810,519"
الخدمات الرقمية,عام,القطاع العام,خدمة إلكترونية,2026/05/10,"36,806,096"
الخدمات الرقمية,عام,القطاع العام,خدمة إلكترونية,2026/05/10,"36,815,007"
الخدمات الرقمية,عام,القطاع العام,خدمة إلكترونية,2026/05/10,"36,802,346"
الخدمات الرقمية,عام,القطاع العام,خدمة إلكترونية,2026/05/10,"36,801,297"
الخدمات الرقمية,عام,القطاع العام,خدمة إلكترونية,2026/05/10,"36,815,101"
الخدمات الرقمية,عام,القطاع العام,خدمة إلكترونية,2026/05/10,"36,802,449"
الخدمات الرقمية,عام,القطاع العام,خدمة إلكترونية,2026/05/10,"36,797,264"
الخدمات الرقمية,عام,القطاع العام,خدمة إلكترونية,2026/05/10,"36,815,175"
 مكة المكرمه,مكة المكرمة,القطاع الخاص,خدمة إلكترونية جزئيا,2026/05/11,"36,830,059"
 مكة المكرمه,مكة المكرمة,القطاع الخاص,خدمة إلكترونية جزئيا,2026/05/11,"36,830,314"
 مكة المكرمه,مكة المكرمة,القطاع الخاص,خدمة إلكترونية جزئيا,2026/05/11,"36,830,280"
 مكة المكرمه,جده,القطاع الخاص,خدمة إلكترونية جزئيا,2026/05/11,"36,821,104"
 الشرقية,الخبر,القطاع الخاص,خدمة إلكترونية جزئيا,2026/05/11,"36,824,747"
 حائل,حائل,القطاع الخاص,خدمة إلكترونية جزئيا,2026/05/11,"36,826,512"
 حائل,حائل,القطاع الخاص,خدمة إلكترونية جزئيا,2026/05/11,"36,833,262"
 الرياض,الرياض,القطاع الخاص,خدمة إلكترونية جزئيا,2026/05/11,"36,828,518"
 الرياض,الرياض,القطاع الخاص,خدمة إلكترونية جزئيا,2026/05/11,"36,838,253"
الخدمات الرقمية,عام,القطاع العام,خدمة إلكترونية,2026/05/11,"36,819,282"
الخدمات الرقمية,عام,القطاع العام,خدمة إلكترونية,2026/05/11,"36,819,274"
الخدمات الرقمية,عام,القطاع العام,خدمة إلكترونية,2026/05/11,"36,819,257"
الخدمات الرقمية,عام,القطاع العام,خدمة إلكترونية,2026/05/11,"36,819,280"
 الرياض,الرياض,القطاع الخاص,خدمة إلكترونية جزئيا,2026/05/11,"36,820,995"
 مكة المكرمه,مكة المكرمة,القطاع الخاص,خدمة إلكترونية جزئيا,2026/05/11,"36,830,145"
 الرياض,الرياض,القطاع الخاص,خدمة إلكترونية جزئيا,2026/05/11,"36,823,158"
 الرياض,الرياض,القطاع الخاص,خدمة إلكترونية جزئيا,2026/05/11,"36,830,363"
 الرياض,الرياض,القطاع الخاص,خدمة إلكترونية جزئيا,2026/05/11,"36,822,752"
 مكة المكرمه,جده,القطاع الخاص,خدمة إلكترونية جزئيا,2026/05/11,"36,821,337"
 مكة المكرمه,مكة المكرمة,القطاع الخاص,خدمة إلكترونية جزئيا,2026/05/11,"36,830,485"
 الشرقية,الدمام,القطاع الخاص,خدمة إلكترونية جزئيا,2026/05/11,"36,821,160"
 مكة المكرمه,جده,القطاع الخاص,خدمة إلكترونية جزئيا,2026/05/11,"36,823,250"
 الرياض,الرياض,القطاع العام,خدمة إلكترونية جزئيا,2026/05/11,"36,829,322"
 الرياض,الرياض,القطاع الخاص,خدمة إلكترونية جزئيا,2026/05/11,"36,830,597"
 الرياض,الرياض,القطاع الخاص,خدمة إلكترونية جزئيا,2026/05/11,"36,826,410"
 الرياض,الرياض,القطاع الخاص,خدمة إلكترونية جزئيا,2026/05/11,"36,828,714"
 مكة المكرمه,مكة المكرمة,القطاع الخاص,خدمة إلكترونية جزئيا,2026/05/11,"36,830,424"
 حائل,حائل,القطاع الخاص,خدمة إلكترونية جزئيا,2026/05/11,"36,833,310"
 مكة المكرمه,مكة المكرمة,القطاع الخاص,خدمة إلكترونية جزئيا,2026/05/11,"36,832,920"
 مكة المكرمه,مكة المكرمة,القطاع الخاص,خدمة إلكترونية جزئيا,2026/05/11,"36,832,768"
 الشرقية,الخبر,القطاع الخاص,خدمة إلكترونية جزئيا,2026/05/11,"36,824,920"
 الرياض,الرياض,القطاع الخاص,خدمة إلكترونية جزئيا,2026/05/11,"36,823,097"
 الرياض,الرياض,القطاع الخاص,خدمة إلكترونية جزئيا,2026/05/11,"36,830,949"
 حائل,حائل,القطاع الخاص,خدمة إلكترونية جزئيا,2026/05/11,"36,826,660"
 الشرقية,الدمام,القطاع الخاص,خدمة إلكترونية جزئيا,2026/05/11,"36,826,020"
 الشرقية,الدمام,القطاع الخاص,خدمة إلكترونية جزئيا,2026/05/11,"36,821,017"
 مكة المكرمه,جده,القطاع الخاص,خدمة إلكترونية جزئيا,2026/05/11,"36,827,036"
 مكة المكرمه,جده,القطاع الخاص,خدمة إلكترونية جزئيا,2026/05/11,"36,826,421"
 الرياض,الرياض,القطاع الخاص,خدمة إلكترونية جزئيا,2026/05/11,"36,826,328"
 الرياض,الرياض,القطاع الخاص,خدمة إلكترونية جزئيا,2026/05/11,"36,825,932"
 الرياض,الرياض,القطاع الخاص,خدمة إلكترونية جزئيا,2026/05/11,"36,838,344"
الخدمات الرقمية,عام,القطاع العام,خدمة إلكترونية,2026/05/11,"36,817,982"
الخدمات الرقمية,عام,القطاع العام,خدمة إلكترونية,2026/05/11,"36,819,532"
الخدمات الرقمية,عام,القطاع العام,خدمة إلكترونية,2026/05/11,"36,819,271"
الخدمات الرقمية,عام,القطاع العام,خدمة إلكترونية,2026/05/11,"36,819,499"
الخدمات الرقمية,عام,القطاع العام,خدمة إلكترونية,2026/05/11,"36,819,528"
الخدمات الرقمية,عام,القطاع العام,خدمة إلكترونية,2026/05/11,"36,819,408"
الخدمات الرقمية,عام,القطاع العام,خدمة إلكترونية,2026/05/11,"36,819,376"
الخدمات الرقمية,عام,القطاع العام,خدمة إلكترونية,2026/05/11,"36,819,861"
الخدمات الرقمية,عام,القطاع العام,خدمة إلكترونية,2026/05/11,"36,819,412"
الخدمات الرقمية,عام,القطاع العام,خدمة إلكترونية,2026/05/11,"36,820,282"
الخدمات الرقمية,عام,القطاع العام,خدمة إلكترونية,2026/05/11,"36,819,426"
الخدمات الرقمية,عام,القطاع العام,خدمة إلكترونية,2026/05/11,"36,819,605"
الخدمات الرقمية,عام,القطاع العام,خدمة إلكترونية,2026/05/11,"36,819,495"
الخدمات الرقمية,عام,القطاع العام,خدمة إلكترونية,2026/05/11,"36,820,266"
الخدمات الرقمية,عام,القطاع العام,خدمة إلكترونية,2026/05/11,"36,821,423"
الخدمات الرقمية,عام,القطاع العام,خدمة إلكترونية,2026/05/11,"36,821,908"
الخدمات الرقمية,عام,القطاع العام,خدمة إلكترونية,2026/05/11,"36,821,602"
الخدمات الرقمية,عام,القطاع العام,خدمة إلكترونية,2026/05/11,"36,824,016"
الخدمات الرقمية,عام,القطاع العام,خدمة إلكترونية,2026/05/11,"36,817,976"
الخدمات الرقمية,عام,القطاع العام,خدمة إلكترونية,2026/05/11,"36,818,006"
الخدمات الرقمية,عام,القطاع العام,خدمة إلكترونية,2026/05/11,"36,824,004"
الخدمات الرقمية,عام,القطاع العام,خدمة إلكترونية,2026/05/11,"36,821,024"
الخدمات الرقمية,عام,القطاع العام,خدمة إلكترونية,2026/05/11,"36,827,083"
الخدمات الرقمية,عام,القطاع العام,خدمة إلكترونية,2026/05/11,"36,820,265"
الخدمات الرقمية,عام,القطاع العام,خدمة إلكترونية,2026/05/11,"36,821,180"
الخدمات الرقمية,عام,القطاع العام,خدمة إلكترونية,2026/05/11,"36,825,671"
الخدمات الرقمية,عام,القطاع العام,خدمة إلكترونية,2026/05/11,"36,824,012"
الخدمات الرقمية,عام,القطاع العام,خدمة إلكترونية,2026/05/11,"36,825,684"
الخدمات الرقمية,عام,القطاع العام,خدمة إلكترونية,2026/05/11,"36,823,971"
الخدمات الرقمية,عام,القطاع العام,خدمة إلكترونية,2026/05/11,"36,830,330"
الخدمات الرقمية,عام,القطاع العام,خدمة إلكترونية,2026/05/11,"36,824,000"
الخدمات الرقمية,عام,القطاع العام,خدمة إلكترونية,2026/05/11,"36,830,851"
الخدمات الرقمية,عام,القطاع العام,خدمة إلكترونية,2026/05/11,"36,818,956"
الخدمات الرقمية,عام,القطاع العام,خدمة إلكترونية,2026/05/11,"36,819,084"
الخدمات الرقمية,عام,القطاع العام,خدمة إلكترونية,2026/05/11,"36,830,532"
الخدمات الرقمية,عام,القطاع العام,خدمة إلكترونية,2026/05/11,"36,830,847"
الخدمات الرقمية,عام,القطاع العام,خدمة إلكترونية,2026/05/11,"36,824,009"
الخدمات الرقمية,عام,القطاع العام,خدمة إلكترونية,2026/05/11,"36,819,416"
الخدمات الرقمية,عام,القطاع العام,خدمة إلكترونية,2026/05/11,"36,819,537"
الخدمات الرقمية,عام,القطاع العام,خدمة إلكترونية,2026/05/11,"36,821,329"
الخدمات الرقمية,عام,القطاع العام,خدمة إلكترونية,2026/05/11,"36,831,845"
الخدمات الرقمية,عام,القطاع العام,خدمة إلكترونية,2026/05/11,"36,831,532"
الخدمات الرقمية,عام,القطاع العام,خدمة إلكترونية,2026/05/11,"36,831,513"
الخدمات الرقمية,عام,القطاع العام,خدمة إلكترونية,2026/05/11,"36,819,440"
الخدمات الرقمية,عام,القطاع العام,خدمة إلكترونية,2026/05/11,"36,823,976"
الخدمات الرقمية,عام,القطاع العام,خدمة إلكترونية,2026/05/11,"36,819,518"
الخدمات الرقمية,عام,القطاع العام,خدمة إلكترونية,2026/05/11,"36,827,104"
الخدمات الرقمية,عام,القطاع العام,خدمة إلكترونية,2026/05/11,"36,828,204"
الخدمات الرقمية,عام,القطاع العام,خدمة إلكترونية,2026/05/11,"36,832,829"
الخدمات الرقمية,عام,القطاع العام,خدمة إلكترونية,2026/05/11,"36,822,613"
الخدمات الرقمية,عام,القطاع العام,خدمة إلكترونية,2026/05/11,"36,819,524"
الخدمات الرقمية,عام,القطاع العام,خدمة إلكترونية,2026/05/11,"36,830,318"
الخدمات الرقمية,عام,القطاع العام,خدمة إلكترونية,2026/05/11,"36,827,451"
الخدمات الرقمية,عام,القطاع العام,خدمة إلكترونية,2026/05/11,"36,819,497"
الخدمات الرقمية,عام,القطاع العام,خدمة إلكترونية,2026/05/11,"36,830,554"
الخدمات الرقمية,عام,القطاع العام,خدمة إلكترونية,2026/05/11,"36,829,065"
الخدمات الرقمية,عام,القطاع العام,خدمة إلكترونية,2026/05/11,"36,831,510"
الخدمات الرقمية,عام,القطاع العام,خدمة إلكترونية,2026/05/11,"36,830,344"
الخدمات الرقمية,عام,القطاع العام,خدمة إلكترونية,2026/05/11,"36,818,123"
الخدمات الرقمية,عام,القطاع العام,خدمة إلكترونية,2026/05/11,"36,819,303"
الخدمات الرقمية,عام,القطاع العام,خدمة إلكترونية,2026/05/11,"36,818,188"
الخدمات الرقمية,عام,القطاع العام,خدمة إلكترونية,2026/05/11,"36,819,491"
الخدمات الرقمية,عام,القطاع العام,خدمة إلكترونية,2026/05/11,"36,819,255"
الخدمات الرقمية,عام,القطاع العام,خدمة إلكترونية,2026/05/11,"36,819,584"
الخدمات الرقمية,عام,القطاع العام,خدمة إلكترونية,2026/05/11,"36,819,152"
الخدمات الرقمية,عام,القطاع العام,خدمة إلكترونية,2026/05/11,"36,819,431"
الخدمات الرقمية,عام,القطاع العام,خدمة إلكترونية,2026/05/11,"36,819,177"
الخدمات الرقمية,عام,القطاع العام,خدمة إلكترونية,2026/05/11,"36,819,124"
الخدمات الرقمية,عام,القطاع العام,خدمة إلكترونية,2026/05/11,"36,823,241"
الخدمات الرقمية,عام,القطاع العام,خدمة إلكترونية,2026/05/11,"36,819,186"
الخدمات الرقمية,عام,القطاع العام,خدمة إلكترونية,2026/05/11,"36,823,039"
الخدمات الرقمية,عام,القطاع العام,خدمة إلكترونية,2026/05/11,"36,824,804"
الخدمات الرقمية,عام,القطاع العام,خدمة إلكترونية,2026/05/11,"36,819,182"
الخدمات الرقمية,عام,القطاع العام,خدمة إلكترونية,2026/05/11,"36,822,779"
الخدمات الرقمية,عام,القطاع العام,خدمة إلكترونية,2026/05/11,"36,823,466"
الخدمات الرقمية,عام,القطاع العام,خدمة إلكترونية,2026/05/11,"36,822,401"
الخدمات الرقمية,عام,القطاع العام,خدمة إلكترونية,2026/05/11,"36,825,094"
الخدمات الرقمية,عام,القطاع العام,خدمة إلكترونية,2026/05/11,"36,824,204"
الخدمات الرقمية,عام,القطاع العام,خدمة إلكترونية,2026/05/11,"36,825,323"
الخدمات الرقمية,عام,القطاع العام,خدمة إلكترونية,2026/05/11,"36,827,426"
الخدمات الرقمية,عام,القطاع العام,خدمة إلكترونية,2026/05/11,"36,826,798"
الخدمات الرقمية,عام,القطاع العام,خدمة إلكترونية,2026/05/11,"36,826,439"
الخدمات الرقمية,عام,القطاع العام,خدمة إلكترونية,2026/05/11,"36,818,166"
الخدمات الرقمية,عام,القطاع العام,خدمة إلكترونية,2026/05/11,"36,818,181"
الخدمات الرقمية,عام,القطاع العام,خدمة إلكترونية,2026/05/11,"36,825,957"
الخدمات الرقمية,عام,القطاع العام,خدمة إلكترونية,2026/05/11,"36,827,268"
الخدمات الرقمية,عام,القطاع العام,خدمة إلكترونية,2026/05/11,"36,827,219"
الخدمات الرقمية,عام,القطاع العام,خدمة إلكترونية,2026/05/11,"36,826,242"
الخدمات الرقمية,عام,القطاع العام,خدمة إلكترونية,2026/05/11,"36,819,151"
الخدمات الرقمية,عام,القطاع العام,خدمة إلكترونية,2026/05/11,"36,822,569"
الخدمات الرقمية,عام,القطاع العام,خدمة إلكترونية,2026/05/11,"36,827,415"
الخدمات الرقمية,عام,القطاع العام,خدمة إلكترونية,2026/05/11,"36,819,291"
الخدمات الرقمية,عام,القطاع العام,خدمة إلكترونية,2026/05/11,"36,823,874"
الخدمات الرقمية,عام,القطاع العام,خدمة إلكترونية,2026/05/11,"36,827,348"
الخدمات الرقمية,عام,القطاع العام,خدمة إلكترونية,2026/05/11,"36,827,115"
الخدمات الرقمية,عام,القطاع العام,خدمة إلكترونية,2026/05/11,"36,826,120"
الخدمات الرقمية,عام,القطاع العام,خدمة إلكترونية,2026/05/11,"36,826,460"
الخدمات الرقمية,عام,القطاع العام,خدمة إلكترونية,2026/05/11,"36,819,473"
الخدمات الرقمية,عام,القطاع العام,خدمة إلكترونية,2026/05/11,"36,832,946"
الخدمات الرقمية,عام,القطاع العام,خدمة إلكترونية,2026/05/11,"36,826,031"
الخدمات الرقمية,عام,القطاع العام,خدمة إلكترونية,2026/05/11,"36,815,465"
الخدمات الرقمية,عام,القطاع العام,خدمة إلكترونية,2026/05/11,"36,818,895"
الخدمات الرقمية,عام,القطاع العام,خدمة إلكترونية,2026/05/11,"36,818,164"
الخدمات الرقمية,عام,القطاع العام,خدمة إلكترونية,2026/05/11,"36,818,962"
الخدمات الرقمية,عام,القطاع العام,خدمة إلكترونية,2026/05/11,"36,819,013"
الخدمات الرقمية,عام,القطاع العام,خدمة إلكترونية,2026/05/11,"36,818,838"
الخدمات الرقمية,عام,القطاع العام,خدمة إلكترونية,2026/05/11,"36,818,339"
الخدمات الرقمية,عام,القطاع العام,خدمة إلكترونية,2026/05/11,"36,818,105"
الخدمات الرقمية,عام,القطاع العام,خدمة إلكترونية,2026/05/11,"36,818,632"
الخدمات الرقمية,عام,القطاع العام,خدمة إلكترونية,2026/05/11,"36,819,045"
الخدمات الرقمية,عام,القطاع العام,خدمة إلكترونية,2026/05/11,"36,819,911"
الخدمات الرقمية,عام,القطاع العام,خدمة إلكترونية,2026/05/11,"36,820,697"
الخدمات الرقمية,عام,القطاع العام,خدمة إلكترونية,2026/05/11,"36,823,179"
الخدمات الرقمية,عام,القطاع العام,خدمة إلكترونية,2026/05/11,"36,818,858"
الخدمات الرقمية,عام,القطاع العام,خدمة إلكترونية,2026/05/11,"36,820,264"
الخدمات الرقمية,عام,القطاع العام,خدمة إلكترونية,2026/05/11,"36,824,615"
الخدمات الرقمية,عام,القطاع العام,خدمة إلكترونية,2026/05/11,"36,824,654"
الخدمات الرقمية,عام,القطاع العام,خدمة إلكترونية,2026/05/11,"36,823,418"
الخدمات الرقمية,عام,القطاع العام,خدمة إلكترونية,2026/05/11,"36,819,913"
الخدمات الرقمية,عام,القطاع العام,خدمة إلكترونية,2026/05/11,"36,819,930"
الخدمات الرقمية,عام,القطاع العام,خدمة إلكترونية,2026/05/11,"36,823,444"
الخدمات الرقمية,عام,القطاع العام,خدمة إلكترونية,2026/05/11,"36,826,367"
الخدمات الرقمية,عام,القطاع العام,خدمة إلكترونية,2026/05/11,"36,818,751"
الخدمات الرقمية,عام,القطاع العام,خدمة إلكترونية,2026/05/11,"36,824,517"
الخدمات الرقمية,عام,القطاع العام,خدمة إلكترونية,2026/05/11,"36,826,388"
الخدمات الرقمية,عام,القطاع العام,خدمة إلكترونية,2026/05/11,"36,823,454"
الخدمات الرقمية,عام,القطاع العام,خدمة إلكترونية,2026/05/11,"36,824,809"
الخدمات الرقمية,عام,القطاع العام,خدمة إلكترونية,2026/05/11,"36,828,969"
الخدمات الرقمية,عام,القطاع العام,خدمة إلكترونية,2026/05/11,"36,830,147"
الخدمات الرقمية,عام,القطاع العام,خدمة إلكترونية,2026/05/11,"36,830,426"
الخدمات الرقمية,عام,القطاع العام,خدمة إلكترونية,2026/05/11,"36,828,683"
الخدمات الرقمية,عام,القطاع العام,خدمة إلكترونية,2026/05/11,"36,830,068"
الخدمات الرقمية,عام,القطاع العام,خدمة إلكترونية,2026/05/11,"36,831,459"
الخدمات الرقمية,عام,القطاع العام,خدمة إلكترونية,2026/05/11,"36,819,090"
الخدمات الرقمية,عام,القطاع العام,خدمة إلكترونية,2026/05/11,"36,832,485"
الخدمات الرقمية,عام,القطاع العام,خدمة إلكترونية,2026/05/11,"36,832,560"
الخدمات الرقمية,عام,القطاع العام,خدمة إلكترونية,2026/05/11,"36,830,367"
الخدمات الرقمية,عام,القطاع العام,خدمة إلكترونية,2026/05/11,"36,828,551"
الخدمات الرقمية,عام,القطاع العام,خدمة إلكترونية,2026/05/11,"36,824,082"
الخدمات الرقمية,عام,القطاع العام,خدمة إلكترونية,2026/05/11,"36,828,916"
الخدمات الرقمية,عام,القطاع العام,خدمة إلكترونية,2026/05/11,"36,830,096"
الخدمات الرقمية,عام,القطاع العام,خدمة إلكترونية,2026/05/11,"36,830,663"
الخدمات الرقمية,عام,القطاع العام,خدمة إلكترونية,2026/05/11,"36,831,319"
الخدمات الرقمية,عام,القطاع العام,خدمة إلكترونية,2026/05/11,"36,832,103"
الخدمات الرقمية,عام,القطاع العام,خدمة إلكترونية,2026/05/11,"36,832,517"
الخدمات الرقمية,عام,القطاع العام,خدمة إلكترونية,2026/05/11,"36,824,956"
الخدمات الرقمية,عام,القطاع العام,خدمة إلكترونية,2026/05/11,"36,822,821"
الخدمات الرقمية,عام,القطاع العام,خدمة إلكترونية,2026/05/11,"36,830,247"
الخدمات الرقمية,عام,القطاع العام,خدمة إلكترونية,2026/05/11,"36,830,658"
الخدمات الرقمية,عام,القطاع العام,خدمة إلكترونية,2026/05/11,"36,831,187"
الخدمات الرقمية,عام,القطاع العام,خدمة إلكترونية,2026/05/11,"36,831,826"
الخدمات الرقمية,عام,القطاع العام,خدمة إلكترونية,2026/05/11,"36,832,059"
الخدمات الرقمية,عام,القطاع العام,خدمة إلكترونية,2026/05/11,"36,832,232"
الخدمات الرقمية,عام,القطاع العام,خدمة إلكترونية,2026/05/11,"36,832,034"
الخدمات الرقمية,عام,القطاع العام,خدمة إلكترونية,2026/05/11,"36,832,440"
الخدمات الرقمية,عام,القطاع العام,خدمة إلكترونية,2026/05/11,"36,833,742"
الخدمات الرقمية,عام,القطاع العام,خدمة إلكترونية,2026/05/11,"36,837,249"
الخدمات الرقمية,عام,القطاع العام,خدمة إلكترونية,2026/05/11,"36,830,284"
الخدمات الرقمية,عام,القطاع العام,خدمة إلكترونية,2026/05/11,"36,830,171"
الخدمات الرقمية,عام,القطاع العام,خدمة إلكترونية,2026/05/11,"36,830,526"
الخدمات الرقمية,عام,القطاع العام,خدمة إلكترونية,2026/05/11,"36,831,782"
الخدمات الرقمية,عام,القطاع العام,خدمة إلكترونية,2026/05/11,"36,830,599"
الخدمات الرقمية,عام,القطاع العام,خدمة إلكترونية,2026/05/11,"36,830,710"
الخدمات الرقمية,عام,القطاع العام,خدمة إلكترونية,2026/05/11,"36,830,772"
الخدمات الرقمية,عام,القطاع العام,خدمة إلكترونية,2026/05/11,"36,831,733"
الخدمات الرقمية,عام,القطاع العام,خدمة إلكترونية,2026/05/11,"36,832,466"
الخدمات الرقمية,عام,القطاع العام,خدمة إلكترونية,2026/05/11,"36,833,620"
الخدمات الرقمية,عام,القطاع العام,خدمة إلكترونية,2026/05/11,"36,837,613"
الخدمات الرقمية,عام,القطاع العام,خدمة إلكترونية,2026/05/11,"36,831,682"
الخدمات الرقمية,عام,القطاع العام,خدمة إلكترونية,2026/05/11,"36,832,256"
الخدمات الرقمية,عام,القطاع العام,خدمة إلكترونية,2026/05/11,"36,832,334"
الخدمات الرقمية,عام,القطاع العام,خدمة إلكترونية,2026/05/11,"36,831,073"
الخدمات الرقمية,عام,القطاع العام,خدمة إلكترونية,2026/05/11,"36,831,294"
الخدمات الرقمية,عام,القطاع العام,خدمة إلكترونية,2026/05/11,"36,838,447"
الخدمات الرقمية,عام,القطاع العام,خدمة إلكترونية,2026/05/11,"36,830,952"
الخدمات الرقمية,عام,القطاع العام,خدمة إلكترونية,2026/05/11,"36,832,217"
الخدمات الرقمية,عام,القطاع العام,خدمة إلكترونية,2026/05/11,"36,832,356"
الخدمات الرقمية,عام,القطاع العام,خدمة إلكترونية,2026/05/11,"36,831,579"
الخدمات الرقمية,عام,القطاع العام,خدمة إلكترونية,2026/05/11,"36,831,915"
الخدمات الرقمية,عام,القطاع العام,خدمة إلكترونية,2026/05/11,"36,832,394"
الخدمات الرقمية,عام,القطاع العام,خدمة إلكترونية,2026/05/11,"36,831,805"
الخدمات الرقمية,عام,القطاع العام,خدمة إلكترونية,2026/05/11,"36,831,167"
الخدمات الرقمية,عام,القطاع العام,خدمة إلكترونية,2026/05/11,"36,831,645"
الخدمات الرقمية,عام,القطاع العام,خدمة إلكترونية,2026/05/11,"36,832,506"
الخدمات الرقمية,عام,القطاع العام,خدمة إلكترونية,2026/05/11,"36,833,792"
الخدمات الرقمية,عام,القطاع العام,خدمة إلكترونية,2026/05/11,"36,830,507"
الخدمات الرقمية,عام,القطاع العام,خدمة إلكترونية,2026/05/11,"36,832,520"
الخدمات الرقمية,عام,القطاع العام,خدمة إلكترونية,2026/05/11,"36,820,297"
الخدمات الرقمية,عام,القطاع العام,خدمة إلكترونية,2026/05/11,"36,838,487"
الخدمات الرقمية,عام,القطاع العام,خدمة إلكترونية,2026/05/11,"36,838,454"
الخدمات الرقمية,عام,القطاع العام,خدمة إلكترونية,2026/05/11,"36,838,511"
الخدمات الرقمية,عام,القطاع العام,خدمة إلكترونية,2026/05/11,"36,835,796"
الخدمات الرقمية,عام,القطاع العام,خدمة إلكترونية,2026/05/11,"36,838,693"
الخدمات الرقمية,عام,القطاع العام,خدمة إلكترونية,2026/05/11,"36,830,043"
الخدمات الرقمية,عام,القطاع العام,خدمة إلكترونية,2026/05/11,"36,831,880"
الخدمات الرقمية,عام,القطاع العام,خدمة إلكترونية,2026/05/11,"36,832,235"
الخدمات الرقمية,عام,القطاع العام,خدمة إلكترونية,2026/05/11,"36,828,545"
الخدمات الرقمية,عام,القطاع العام,خدمة إلكترونية,2026/05/11,"36,828,748"
الخدمات الرقمية,عام,القطاع العام,خدمة إلكترونية,2026/05/11,"36,831,678"
الخدمات الرقمية,عام,القطاع العام,خدمة إلكترونية,2026/05/11,"36,831,836"
الخدمات الرقمية,عام,القطاع العام,خدمة إلكترونية,2026/05/11,"36,836,546"
الخدمات الرقمية,عام,القطاع العام,خدمة إلكترونية,2026/05/11,"36,825,917"
الخدمات الرقمية,عام,القطاع العام,خدمة إلكترونية,2026/05/11,"36,824,508"
الخدمات الرقمية,عام,القطاع العام,خدمة إلكترونية,2026/05/11,"36,831,945"
الخدمات الرقمية,عام,القطاع العام,خدمة إلكترونية,2026/05/11,"36,838,726"
الخدمات الرقمية,عام,القطاع العام,خدمة إلكترونية,2026/05/11,"36,843,075"
الخدمات الرقمية,عام,القطاع العام,خدمة إلكترونية,2026/05/11,"36,823,499"
الخدمات الرقمية,عام,القطاع العام,خدمة إلكترونية,2026/05/11,"36,833,698"
الخدمات الرقمية,عام,القطاع العام,خدمة إلكترونية,2026/05/11,"36,842,863"
الخدمات الرقمية,عام,القطاع العام,خدمة إلكترونية,2026/05/11,"36,830,210"
الخدمات الرقمية,عام,القطاع العام,خدمة إلكترونية,2026/05/11,"36,838,614"
الخدمات الرقمية,عام,القطاع العام,خدمة إلكترونية,2026/05/11,"36,833,938"
الخدمات الرقمية,عام,القطاع العام,خدمة إلكترونية,2026/05/11,"36,830,571"
الخدمات الرقمية,عام,القطاع العام,خدمة إلكترونية,2026/05/11,"36,830,326"
الخدمات الرقمية,عام,القطاع العام,خدمة إلكترونية,2026/05/11,"36,838,330"
الخدمات الرقمية,عام,القطاع العام,خدمة إلكترونية,2026/05/11,"36,833,874"
الخدمات الرقمية,عام,القطاع العام,خدمة إلكترونية,2026/05/11,"36,831,365"
الخدمات الرقمية,عام,القطاع العام,خدمة إلكترونية,2026/05/11,"36,832,142"
الخدمات الرقمية,عام,القطاع العام,خدمة إلكترونية,2026/05/11,"36,832,446"
الخدمات الرقمية,عام,القطاع العام,خدمة إلكترونية,2026/05/11,"36,831,901"
الخدمات الرقمية,عام,القطاع العام,خدمة إلكترونية,2026/05/11,"36,832,308"
الخدمات الرقمية,عام,القطاع العام,خدمة إلكترونية,2026/05/11,"36,833,661"
الخدمات الرقمية,عام,القطاع العام,خدمة إلكترونية,2026/05/11,"36,831,418"
الخدمات الرقمية,عام,القطاع العام,خدمة إلكترونية,2026/05/11,"36,830,862"
الخدمات الرقمية,عام,القطاع العام,خدمة إلكترونية,2026/05/11,"36,832,152"
الخدمات الرقمية,عام,القطاع العام,خدمة إلكترونية,2026/05/11,"36,832,380"
الخدمات الرقمية,عام,القطاع العام,خدمة إلكترونية,2026/05/11,"36,831,124"
الخدمات الرقمية,عام,القطاع العام,خدمة إلكترونية,2026/05/11,"36,830,458"
الخدمات الرقمية,عام,القطاع العام,خدمة إلكترونية,2026/05/11,"36,831,519"
الخدمات الرقمية,عام,القطاع العام,خدمة إلكترونية,2026/05/11,"36,828,858"
الخدمات الرقمية,عام,القطاع العام,خدمة إلكترونية,2026/05/11,"36,824,605"
الخدمات الرقمية,عام,القطاع العام,خدمة إلكترونية,2026/05/11,"36,832,006"
الخدمات الرقمية,عام,القطاع العام,خدمة إلكترونية,2026/05/11,"36,840,529"
الخدمات الرقمية,عام,القطاع العام,خدمة إلكترونية,2026/05/11,"36,830,738"
الخدمات الرقمية,عام,القطاع العام,خدمة إلكترونية,2026/05/11,"36,830,996"
الخدمات الرقمية,عام,القطاع العام,خدمة إلكترونية,2026/05/11,"36,837,357"
الخدمات الرقمية,عام,القطاع العام,خدمة إلكترونية,2026/05/11,"36,831,952"
الخدمات الرقمية,عام,القطاع العام,خدمة إلكترونية,2026/05/11,"36,842,852"
الخدمات الرقمية,عام,القطاع العام,خدمة إلكترونية,2026/05/11,"36,833,659"
الخدمات الرقمية,عام,القطاع العام,خدمة إلكترونية,2026/05/11,"36,842,931"
الخدمات الرقمية,عام,القطاع العام,خدمة إلكترونية,2026/05/11,"36,833,736"
الخدمات الرقمية,عام,القطاع العام,خدمة إلكترونية,2026/05/11,"36,841,188"
الخدمات الرقمية,عام,القطاع العام,خدمة إلكترونية,2026/05/11,"36,842,654"
الخدمات الرقمية,عام,القطاع العام,خدمة إلكترونية,2026/05/11,"36,842,954"
الخدمات الرقمية,عام,القطاع العام,خدمة إلكترونية,2026/05/12,"36,843,448"
الخدمات الرقمية,عام,القطاع العام,خدمة إلكترونية,2026/05/12,"36,843,450"
الخدمات الرقمية,عام,القطاع العام,خدمة إلكترونية,2026/05/12,"36,843,449"
الخدمات الرقمية,عام,القطاع العام,خدمة إلكترونية,2026/05/12,"36,843,453"
الخدمات الرقمية,عام,القطاع العام,خدمة إلكترونية,2026/05/12,"36,843,417"
 مكة المكرمه,مكة المكرمة,القطاع الخاص,خدمة إلكترونية جزئيا,2026/05/12,"36,853,941"
 الشرقية,الدمام,القطاع الخاص,خدمة إلكترونية جزئيا,2026/05/12,"36,858,543"
 الشرقية,الدمام,القطاع الخاص,خدمة إلكترونية جزئيا,2026/05/12,"36,860,857"
 الشرقية,الدمام,القطاع الخاص,خدمة إلكترونية جزئيا,2026/05/12,"36,848,137"
 المدينة المنوره,المدينة المنورة,القطاع الخاص,خدمة إلكترونية جزئيا,2026/05/12,"36,853,133"
 المدينة المنوره,المدينة المنورة,القطاع الخاص,خدمة إلكترونية جزئيا,2026/05/12,"36,865,185"
 تبوك,تبوك,القطاع الخاص,خدمة إلكترونية جزئيا,2026/05/12,"36,848,271"
 الرياض,الرياض,القطاع الخاص,خدمة إلكترونية جزئيا,2026/05/12,"36,858,892"
 الرياض,الرياض,القطاع الخاص,خدمة إلكترونية جزئيا,2026/05/12,"36,853,441"
 الرياض,الرياض,القطاع الخاص,خدمة إلكترونية جزئيا,2026/05/12,"36,853,718"
 الرياض,الرياض,القطاع العام,خدمة إلكترونية جزئيا,2026/05/12,"36,852,720"
الخدمات الرقمية,عام,القطاع العام,خدمة إلكترونية,2026/05/12,"36,848,334"
الخدمات الرقمية,عام,القطاع العام,خدمة إلكترونية,2026/05/12,"36,859,091"
الخدمات الرقمية,عام,القطاع العام,خدمة إلكترونية,2026/05/12,"36,846,479"
 الرياض,الرياض,القطاع الخاص,خدمة إلكترونية جزئيا,2026/05/12,"36,848,746"
 الرياض,الرياض,القطاع العام,خدمة إلكترونية جزئيا,2026/05/12,"36,848,923"
 المدينة المنوره,المدينة المنورة,القطاع الخاص,خدمة إلكترونية جزئيا,2026/05/12,"36,849,681"
 الرياض,الرياض,القطاع الخاص,خدمة إلكترونية جزئيا,2026/05/12,"36,857,016"
 الرياض,الرياض,القطاع الخاص,خدمة إلكترونية جزئيا,2026/05/12,"36,848,982"
 الرياض,الرياض,القطاع الخاص,خدمة إلكترونية جزئيا,2026/05/12,"36,856,302"
 الرياض,الرياض,القطاع الخاص,خدمة إلكترونية جزئيا,2026/05/12,"36,850,590"
 الشرقية,الدمام,القطاع الخاص,خدمة إلكترونية جزئيا,2026/05/12,"36,860,935"
 مكة المكرمه,مكة المكرمة,القطاع الخاص,خدمة إلكترونية جزئيا,2026/05/12,"36,854,399"
 الرياض,الرياض,القطاع الخاص,خدمة إلكترونية جزئيا,2026/05/12,"36,853,661"
 الرياض,الرياض,القطاع الخاص,خدمة إلكترونية جزئيا,2026/05/12,"36,853,875"
 تبوك,تبوك,القطاع الخاص,خدمة إلكترونية جزئيا,2026/05/12,"36,848,922"
 الشرقية,الدمام,القطاع الخاص,خدمة إلكترونية جزئيا,2026/05/12,"36,858,617"
 مكة المكرمه,جده,القطاع الخاص,خدمة إلكترونية جزئيا,2026/05/12,"36,858,331"
 مكة المكرمه,جده,القطاع الخاص,خدمة إلكترونية جزئيا,2026/05/12,"36,858,211"
الخدمات الرقمية,عام,القطاع العام,خدمة إلكترونية,2026/05/12,"36,847,775"
الخدمات الرقمية,عام,القطاع العام,خدمة إلكترونية,2026/05/12,"36,846,968"
الخدمات الرقمية,عام,القطاع العام,خدمة إلكترونية,2026/05/12,"36,847,770"
الخدمات الرقمية,عام,القطاع العام,خدمة إلكترونية,2026/05/12,"36,847,871"
الخدمات الرقمية,عام,القطاع العام,خدمة إلكترونية,2026/05/12,"36,847,771"
الخدمات الرقمية,عام,القطاع العام,خدمة إلكترونية,2026/05/12,"36,848,521"
الخدمات الرقمية,عام,القطاع العام,خدمة إلكترونية,2026/05/12,"36,849,854"
الخدمات الرقمية,عام,القطاع العام,خدمة إلكترونية,2026/05/12,"36,850,143"
الخدمات الرقمية,عام,القطاع العام,خدمة إلكترونية,2026/05/12,"36,848,072"
الخدمات الرقمية,عام,القطاع العام,خدمة إلكترونية,2026/05/12,"36,848,225"
الخدمات الرقمية,عام,القطاع العام,خدمة إلكترونية,2026/05/12,"36,848,539"
الخدمات الرقمية,عام,القطاع العام,خدمة إلكترونية,2026/05/12,"36,852,858"
الخدمات الرقمية,عام,القطاع العام,خدمة إلكترونية,2026/05/12,"36,847,172"
الخدمات الرقمية,عام,القطاع العام,خدمة إلكترونية,2026/05/12,"36,849,988"
الخدمات الرقمية,عام,القطاع العام,خدمة إلكترونية,2026/05/12,"36,847,755"
الخدمات الرقمية,عام,القطاع العام,خدمة إلكترونية,2026/05/12,"36,854,634"
الخدمات الرقمية,عام,القطاع العام,خدمة إلكترونية,2026/05/12,"36,854,464"
الخدمات الرقمية,عام,القطاع العام,خدمة إلكترونية,2026/05/12,"36,853,307"
الخدمات الرقمية,عام,القطاع العام,خدمة إلكترونية,2026/05/12,"36,854,238"
الخدمات الرقمية,عام,القطاع العام,خدمة إلكترونية,2026/05/12,"36,854,785"
الخدمات الرقمية,عام,القطاع العام,خدمة إلكترونية,2026/05/12,"36,851,973"
الخدمات الرقمية,عام,القطاع العام,خدمة إلكترونية,2026/05/12,"36,852,881"
الخدمات الرقمية,عام,القطاع العام,خدمة إلكترونية,2026/05/12,"36,860,511"
الخدمات الرقمية,عام,القطاع العام,خدمة إلكترونية,2026/05/12,"36,857,578"
الخدمات الرقمية,عام,القطاع العام,خدمة إلكترونية,2026/05/12,"36,857,100"
الخدمات الرقمية,عام,القطاع العام,خدمة إلكترونية,2026/05/12,"36,860,331"
الخدمات الرقمية,عام,القطاع العام,خدمة إلكترونية,2026/05/12,"36,848,796"
الخدمات الرقمية,عام,القطاع العام,خدمة إلكترونية,2026/05/12,"36,860,528"
الخدمات الرقمية,عام,القطاع العام,خدمة إلكترونية,2026/05/12,"36,856,368"
الخدمات الرقمية,عام,القطاع العام,خدمة إلكترونية,2026/05/12,"36,856,780"
الخدمات الرقمية,عام,القطاع العام,خدمة إلكترونية,2026/05/12,"36,847,868"
الخدمات الرقمية,عام,القطاع العام,خدمة إلكترونية,2026/05/12,"36,848,287"
الخدمات الرقمية,عام,القطاع العام,خدمة إلكترونية,2026/05/12,"36,848,607"
الخدمات الرقمية,عام,القطاع العام,خدمة إلكترونية,2026/05/12,"36,847,756"
الخدمات الرقمية,عام,القطاع العام,خدمة إلكترونية,2026/05/12,"36,860,514"
الخدمات الرقمية,عام,القطاع العام,خدمة إلكترونية,2026/05/12,"36,849,000"
الخدمات الرقمية,عام,القطاع العام,خدمة إلكترونية,2026/05/12,"36,849,008"
الخدمات الرقمية,عام,القطاع العام,خدمة إلكترونية,2026/05/12,"36,849,985"
الخدمات الرقمية,عام,القطاع العام,خدمة إلكترونية,2026/05/12,"36,860,460"
الخدمات الرقمية,عام,القطاع العام,خدمة إلكترونية,2026/05/12,"36,858,538"
الخدمات الرقمية,عام,القطاع العام,خدمة إلكترونية,2026/05/12,"36,858,906"
الخدمات الرقمية,عام,القطاع العام,خدمة إلكترونية,2026/05/12,"36,848,133"
الخدمات الرقمية,عام,القطاع العام,خدمة إلكترونية,2026/05/12,"36,860,438"
الخدمات الرقمية,عام,القطاع العام,خدمة إلكترونية,2026/05/12,"36,847,531"
الخدمات الرقمية,عام,القطاع العام,خدمة إلكترونية,2026/05/12,"36,848,324"
الخدمات الرقمية,عام,القطاع العام,خدمة إلكترونية,2026/05/12,"36,849,986"
الخدمات الرقمية,عام,القطاع العام,خدمة إلكترونية,2026/05/12,"36,860,532"
الخدمات الرقمية,عام,القطاع العام,خدمة إلكترونية,2026/05/12,"36,860,654"
الخدمات الرقمية,عام,القطاع العام,خدمة إلكترونية,2026/05/12,"36,852,855"
الخدمات الرقمية,عام,القطاع العام,خدمة إلكترونية,2026/05/12,"36,851,386"
الخدمات الرقمية,عام,القطاع العام,خدمة إلكترونية,2026/05/12,"36,854,467"
الخدمات الرقمية,عام,القطاع العام,خدمة إلكترونية,2026/05/12,"36,849,466"
الخدمات الرقمية,عام,القطاع العام,خدمة إلكترونية,2026/05/12,"36,857,932"
الخدمات الرقمية,عام,القطاع العام,خدمة إلكترونية,2026/05/12,"36,857,737"
الخدمات الرقمية,عام,القطاع العام,خدمة إلكترونية,2026/05/12,"36,854,448"
الخدمات الرقمية,عام,القطاع العام,خدمة إلكترونية,2026/05/12,"36,857,575"
الخدمات الرقمية,عام,القطاع العام,خدمة إلكترونية,2026/05/12,"36,857,102"
الخدمات الرقمية,عام,القطاع العام,خدمة إلكترونية,2026/05/12,"36,849,943"
الخدمات الرقمية,عام,القطاع العام,خدمة إلكترونية,2026/05/12,"36,856,931"
الخدمات الرقمية,عام,القطاع العام,خدمة إلكترونية,2026/05/12,"36,860,534"
الخدمات الرقمية,عام,القطاع العام,خدمة إلكترونية,2026/05/12,"36,848,354"
الخدمات الرقمية,عام,القطاع العام,خدمة إلكترونية,2026/05/12,"36,854,000"
الخدمات الرقمية,عام,القطاع العام,خدمة إلكترونية,2026/05/12,"36,860,444"
الخدمات الرقمية,عام,القطاع العام,خدمة إلكترونية,2026/05/12,"36,860,464"
الخدمات الرقمية,عام,القطاع العام,خدمة إلكترونية,2026/05/12,"36,856,217"
الخدمات الرقمية,عام,القطاع العام,خدمة إلكترونية,2026/05/12,"36,847,869"
الخدمات الرقمية,عام,القطاع العام,خدمة إلكترونية,2026/05/12,"36,854,473"
الخدمات الرقمية,عام,القطاع العام,خدمة إلكترونية,2026/05/12,"36,852,856"
الخدمات الرقمية,عام,القطاع العام,خدمة إلكترونية,2026/05/12,"36,860,439"
الخدمات الرقمية,عام,القطاع العام,خدمة إلكترونية,2026/05/12,"36,847,312"
الخدمات الرقمية,عام,القطاع العام,خدمة إلكترونية,2026/05/12,"36,860,344"
الخدمات الرقمية,عام,القطاع العام,خدمة إلكترونية,2026/05/12,"36,860,462"
الخدمات الرقمية,عام,القطاع العام,خدمة إلكترونية,2026/05/12,"36,859,388"
الخدمات الرقمية,عام,القطاع العام,خدمة إلكترونية,2026/05/12,"36,860,418"
الخدمات الرقمية,عام,القطاع العام,خدمة إلكترونية,2026/05/12,"36,860,652"
الخدمات الرقمية,عام,القطاع العام,خدمة إلكترونية,2026/05/12,"36,846,298"
الخدمات الرقمية,عام,القطاع العام,خدمة إلكترونية,2026/05/12,"36,846,542"
الخدمات الرقمية,عام,القطاع العام,خدمة إلكترونية,2026/05/12,"36,846,290"
الخدمات الرقمية,عام,القطاع العام,خدمة إلكترونية,2026/05/12,"36,846,485"
الخدمات الرقمية,عام,القطاع العام,خدمة إلكترونية,2026/05/12,"36,849,167"
الخدمات الرقمية,عام,القطاع العام,خدمة إلكترونية,2026/05/12,"36,846,847"
الخدمات الرقمية,عام,القطاع العام,خدمة إلكترونية,2026/05/12,"36,846,323"
الخدمات الرقمية,عام,القطاع العام,خدمة إلكترونية,2026/05/12,"36,846,372"
الخدمات الرقمية,عام,القطاع العام,خدمة إلكترونية,2026/05/12,"36,846,738"
الخدمات الرقمية,عام,القطاع العام,خدمة إلكترونية,2026/05/12,"36,848,743"
الخدمات الرقمية,عام,القطاع العام,خدمة إلكترونية,2026/05/12,"36,849,095"
الخدمات الرقمية,عام,القطاع العام,خدمة إلكترونية,2026/05/12,"36,848,358"
الخدمات الرقمية,عام,القطاع العام,خدمة إلكترونية,2026/05/12,"36,848,390"
الخدمات الرقمية,عام,القطاع العام,خدمة إلكترونية,2026/05/12,"36,848,317"
الخدمات الرقمية,عام,القطاع العام,خدمة إلكترونية,2026/05/12,"36,853,962"
الخدمات الرقمية,عام,القطاع العام,خدمة إلكترونية,2026/05/12,"36,854,542"
الخدمات الرقمية,عام,القطاع العام,خدمة إلكترونية,2026/05/12,"36,853,743"
الخدمات الرقمية,عام,القطاع العام,خدمة إلكترونية,2026/05/12,"36,854,013"
الخدمات الرقمية,عام,القطاع العام,خدمة إلكترونية,2026/05/12,"36,848,785"
الخدمات الرقمية,عام,القطاع العام,خدمة إلكترونية,2026/05/12,"36,848,788"
الخدمات الرقمية,عام,القطاع العام,خدمة إلكترونية,2026/05/12,"36,846,460"
الخدمات الرقمية,عام,القطاع العام,خدمة إلكترونية,2026/05/12,"36,846,927"
الخدمات الرقمية,عام,القطاع العام,خدمة إلكترونية,2026/05/12,"36,853,870"
الخدمات الرقمية,عام,القطاع العام,خدمة إلكترونية,2026/05/12,"36,846,475"
الخدمات الرقمية,عام,القطاع العام,خدمة إلكترونية,2026/05/12,"36,846,375"
الخدمات الرقمية,عام,القطاع العام,خدمة إلكترونية,2026/05/12,"36,846,745"
الخدمات الرقمية,عام,القطاع العام,خدمة إلكترونية,2026/05/12,"36,847,205"
الخدمات الرقمية,عام,القطاع العام,خدمة إلكترونية,2026/05/12,"36,846,873"
الخدمات الرقمية,عام,القطاع العام,خدمة إلكترونية,2026/05/12,"36,846,302"
الخدمات الرقمية,عام,القطاع العام,خدمة إلكترونية,2026/05/12,"36,847,170"
الخدمات الرقمية,عام,القطاع العام,خدمة إلكترونية,2026/05/12,"36,846,321"
الخدمات الرقمية,عام,القطاع العام,خدمة إلكترونية,2026/05/12,"36,846,770"
الخدمات الرقمية,عام,القطاع العام,خدمة إلكترونية,2026/05/12,"36,847,194"
الخدمات الرقمية,عام,القطاع العام,خدمة إلكترونية,2026/05/12,"36,846,808"
الخدمات الرقمية,عام,القطاع العام,خدمة إلكترونية,2026/05/12,"36,846,712"
الخدمات الرقمية,عام,القطاع العام,خدمة إلكترونية,2026/05/12,"36,847,803"
الخدمات الرقمية,عام,القطاع العام,خدمة إلكترونية,2026/05/12,"36,846,352"
الخدمات الرقمية,عام,القطاع العام,خدمة إلكترونية,2026/05/12,"36,846,467"
الخدمات الرقمية,عام,القطاع العام,خدمة إلكترونية,2026/05/12,"36,846,418"
الخدمات الرقمية,عام,القطاع العام,خدمة إلكترونية,2026/05/12,"36,846,782"
الخدمات الرقمية,عام,القطاع العام,خدمة إلكترونية,2026/05/12,"36,847,096"
الخدمات الرقمية,عام,القطاع العام,خدمة إلكترونية,2026/05/12,"36,847,866"
الخدمات الرقمية,عام,القطاع العام,خدمة إلكترونية,2026/05/12,"36,849,079"
الخدمات الرقمية,عام,القطاع العام,خدمة إلكترونية,2026/05/12,"36,849,117"
الخدمات الرقمية,عام,القطاع العام,خدمة إلكترونية,2026/05/12,"36,849,767"
الخدمات الرقمية,عام,القطاع العام,خدمة إلكترونية,2026/05/12,"36,846,541"
الخدمات الرقمية,عام,القطاع العام,خدمة إلكترونية,2026/05/12,"36,846,732"
الخدمات الرقمية,عام,القطاع العام,خدمة إلكترونية,2026/05/12,"36,847,861"
الخدمات الرقمية,عام,القطاع العام,خدمة إلكترونية,2026/05/12,"36,848,041"
الخدمات الرقمية,عام,القطاع العام,خدمة إلكترونية,2026/05/12,"36,848,870"
الخدمات الرقمية,عام,القطاع العام,خدمة إلكترونية,2026/05/12,"36,847,888"
الخدمات الرقمية,عام,القطاع العام,خدمة إلكترونية,2026/05/12,"36,849,625"
الخدمات الرقمية,عام,القطاع العام,خدمة إلكترونية,2026/05/12,"36,849,834"
الخدمات الرقمية,عام,القطاع العام,خدمة إلكترونية,2026/05/12,"36,849,984"
الخدمات الرقمية,عام,القطاع العام,خدمة إلكترونية,2026/05/12,"36,853,721"
الخدمات الرقمية,عام,القطاع العام,خدمة إلكترونية,2026/05/12,"36,848,273"
الخدمات الرقمية,عام,القطاع العام,خدمة إلكترونية,2026/05/12,"36,849,067"
الخدمات الرقمية,عام,القطاع العام,خدمة إلكترونية,2026/05/12,"36,849,294"
الخدمات الرقمية,عام,القطاع العام,خدمة إلكترونية,2026/05/12,"36,847,883"
الخدمات الرقمية,عام,القطاع العام,خدمة إلكترونية,2026/05/12,"36,846,370"
الخدمات الرقمية,عام,القطاع العام,خدمة إلكترونية,2026/05/12,"36,849,020"
الخدمات الرقمية,عام,القطاع العام,خدمة إلكترونية,2026/05/12,"36,853,871"
الخدمات الرقمية,عام,القطاع العام,خدمة إلكترونية,2026/05/12,"36,847,623"
الخدمات الرقمية,عام,القطاع العام,خدمة إلكترونية,2026/05/12,"36,846,842"
الخدمات الرقمية,عام,القطاع العام,خدمة إلكترونية,2026/05/12,"36,850,121"
الخدمات الرقمية,عام,القطاع العام,خدمة إلكترونية,2026/05/12,"36,846,924"
الخدمات الرقمية,عام,القطاع العام,خدمة إلكترونية,2026/05/12,"36,853,605"
الخدمات الرقمية,عام,القطاع العام,خدمة إلكترونية,2026/05/12,"36,858,713"
الخدمات الرقمية,عام,القطاع العام,خدمة إلكترونية,2026/05/12,"36,860,606"
الخدمات الرقمية,عام,القطاع العام,خدمة إلكترونية,2026/05/12,"36,858,440"
الخدمات الرقمية,عام,القطاع العام,خدمة إلكترونية,2026/05/12,"36,856,628"
الخدمات الرقمية,عام,القطاع العام,خدمة إلكترونية,2026/05/12,"36,847,051"
الخدمات الرقمية,عام,القطاع العام,خدمة إلكترونية,2026/05/12,"36,855,509"
الخدمات الرقمية,عام,القطاع العام,خدمة إلكترونية,2026/05/12,"36,859,160"
الخدمات الرقمية,عام,القطاع العام,خدمة إلكترونية,2026/05/12,"36,857,958"
الخدمات الرقمية,عام,القطاع العام,خدمة إلكترونية,2026/05/12,"36,857,997"
الخدمات الرقمية,عام,القطاع العام,خدمة إلكترونية,2026/05/12,"36,857,746"
الخدمات الرقمية,عام,القطاع العام,خدمة إلكترونية,2026/05/12,"36,851,730"
الخدمات الرقمية,عام,القطاع العام,خدمة إلكترونية,2026/05/12,"36,860,676"
الخدمات الرقمية,عام,القطاع العام,خدمة إلكترونية,2026/05/12,"36,862,268"
الخدمات الرقمية,عام,القطاع العام,خدمة إلكترونية,2026/05/12,"36,859,493"
الخدمات الرقمية,عام,القطاع العام,خدمة إلكترونية,2026/05/12,"36,859,621"
الخدمات الرقمية,عام,القطاع العام,خدمة إلكترونية,2026/05/12,"36,847,943"
الخدمات الرقمية,عام,القطاع العام,خدمة إلكترونية,2026/05/12,"36,850,173"
الخدمات الرقمية,عام,القطاع العام,خدمة إلكترونية,2026/05/12,"36,858,778"
الخدمات الرقمية,عام,القطاع العام,خدمة إلكترونية,2026/05/12,"36,861,052"
الخدمات الرقمية,عام,القطاع العام,خدمة إلكترونية,2026/05/12,"36,861,315"
الخدمات الرقمية,عام,القطاع العام,خدمة إلكترونية,2026/05/12,"36,848,543"
الخدمات الرقمية,عام,القطاع العام,خدمة إلكترونية,2026/05/12,"36,860,678"
الخدمات الرقمية,عام,القطاع العام,خدمة إلكترونية,2026/05/12,"36,860,753"
الخدمات الرقمية,عام,القطاع العام,خدمة إلكترونية,2026/05/12,"36,849,081"
الخدمات الرقمية,عام,القطاع العام,خدمة إلكترونية,2026/05/12,"36,846,341"
الخدمات الرقمية,عام,القطاع العام,خدمة إلكترونية,2026/05/12,"36,861,000"
الخدمات الرقمية,عام,القطاع العام,خدمة إلكترونية,2026/05/12,"36,863,012"
الخدمات الرقمية,عام,القطاع العام,خدمة إلكترونية,2026/05/12,"36,857,883"
الخدمات الرقمية,عام,القطاع العام,خدمة إلكترونية,2026/05/12,"36,860,051"
الخدمات الرقمية,عام,القطاع العام,خدمة إلكترونية,2026/05/12,"36,858,069"
الخدمات الرقمية,عام,القطاع العام,خدمة إلكترونية,2026/05/12,"36,853,318"
الخدمات الرقمية,عام,القطاع العام,خدمة إلكترونية,2026/05/12,"36,858,509"
الخدمات الرقمية,عام,القطاع العام,خدمة إلكترونية,2026/05/12,"36,858,658"
الخدمات الرقمية,عام,القطاع العام,خدمة إلكترونية,2026/05/12,"36,860,152"
الخدمات الرقمية,عام,القطاع العام,خدمة إلكترونية,2026/05/12,"36,847,758"
الخدمات الرقمية,عام,القطاع العام,خدمة إلكترونية,2026/05/12,"36,864,372"
الخدمات الرقمية,عام,القطاع العام,خدمة إلكترونية,2026/05/12,"36,847,233"
الخدمات الرقمية,عام,القطاع العام,خدمة إلكترونية,2026/05/12,"36,846,534"
الخدمات الرقمية,عام,القطاع العام,خدمة إلكترونية,2026/05/12,"36,858,947"
الخدمات الرقمية,عام,القطاع العام,خدمة إلكترونية,2026/05/12,"36,860,803"
الخدمات الرقمية,عام,القطاع العام,خدمة إلكترونية,2026/05/12,"36,852,644"
الخدمات الرقمية,عام,القطاع العام,خدمة إلكترونية,2026/05/12,"36,863,708"
الخدمات الرقمية,عام,القطاع العام,خدمة إلكترونية,2026/05/12,"36,847,527"
الخدمات الرقمية,عام,القطاع العام,خدمة إلكترونية,2026/05/12,"36,846,253"
الخدمات الرقمية,عام,القطاع العام,خدمة إلكترونية,2026/05/12,"36,861,296"
الخدمات الرقمية,عام,القطاع العام,خدمة إلكترونية,2026/05/12,"36,846,513"
الخدمات الرقمية,عام,القطاع العام,خدمة إلكترونية,2026/05/12,"36,858,528"
الخدمات الرقمية,عام,القطاع العام,خدمة إلكترونية,2026/05/12,"36,859,555"
الخدمات الرقمية,عام,القطاع العام,خدمة إلكترونية,2026/05/12,"36,859,024"
الخدمات الرقمية,عام,القطاع العام,خدمة إلكترونية,2026/05/12,"36,858,909"
الخدمات الرقمية,عام,القطاع العام,خدمة إلكترونية,2026/05/12,"36,847,831"
الخدمات الرقمية,عام,القطاع العام,خدمة إلكترونية,2026/05/12,"36,858,766"
الخدمات الرقمية,عام,القطاع العام,خدمة إلكترونية,2026/05/12,"36,860,896"
الخدمات الرقمية,عام,القطاع العام,خدمة إلكترونية,2026/05/12,"36,861,099"
الخدمات الرقمية,عام,القطاع العام,خدمة إلكترونية,2026/05/12,"36,848,243"
الخدمات الرقمية,عام,القطاع العام,خدمة إلكترونية,2026/05/12,"36,859,174"
الخدمات الرقمية,عام,القطاع العام,خدمة إلكترونية,2026/05/12,"36,859,396"
الخدمات الرقمية,عام,القطاع العام,خدمة إلكترونية,2026/05/12,"36,860,837"
الخدمات الرقمية,عام,القطاع العام,خدمة إلكترونية,2026/05/12,"36,846,407"
الخدمات الرقمية,عام,القطاع العام,خدمة إلكترونية,2026/05/12,"36,848,178"
الخدمات الرقمية,عام,القطاع العام,خدمة إلكترونية,2026/05/12,"36,848,071"
الخدمات الرقمية,عام,القطاع العام,خدمة إلكترونية,2026/05/12,"36,846,594"
الخدمات الرقمية,عام,القطاع العام,خدمة إلكترونية,2026/05/12,"36,847,762"
الخدمات الرقمية,عام,القطاع العام,خدمة إلكترونية,2026/05/12,"36,846,564"
الخدمات الرقمية,عام,القطاع العام,خدمة إلكترونية,2026/05/12,"36,859,372"
الخدمات الرقمية,عام,القطاع العام,خدمة إلكترونية,2026/05/12,"36,848,964"
الخدمات الرقمية,عام,القطاع العام,خدمة إلكترونية,2026/05/12,"36,861,212"
الخدمات الرقمية,عام,القطاع العام,خدمة إلكترونية,2026/05/12,"36,867,837"
الخدمات الرقمية,عام,القطاع العام,خدمة إلكترونية,2026/05/12,"36,858,350"
الخدمات الرقمية,عام,القطاع العام,خدمة إلكترونية,2026/05/12,"36,850,069"
الخدمات الرقمية,عام,القطاع العام,خدمة إلكترونية,2026/05/12,"36,860,496"
الخدمات الرقمية,عام,القطاع العام,خدمة إلكترونية,2026/05/12,"36,859,293"
الخدمات الرقمية,عام,القطاع العام,خدمة إلكترونية,2026/05/12,"36,856,954"
الخدمات الرقمية,عام,القطاع العام,خدمة إلكترونية,2026/05/12,"36,860,500"
الخدمات الرقمية,عام,القطاع العام,خدمة إلكترونية,2026/05/12,"36,848,314"
الخدمات الرقمية,عام,القطاع العام,خدمة إلكترونية,2026/05/12,"36,849,206"
الخدمات الرقمية,عام,القطاع العام,خدمة إلكترونية,2026/05/12,"36,861,739"
الخدمات الرقمية,عام,القطاع العام,خدمة إلكترونية,2026/05/12,"36,861,041"
الخدمات الرقمية,عام,القطاع العام,خدمة إلكترونية,2026/05/12,"36,853,545"
الخدمات الرقمية,عام,القطاع العام,خدمة إلكترونية,2026/05/12,"36,861,447"
الخدمات الرقمية,عام,القطاع العام,خدمة إلكترونية,2026/05/12,"36,867,955"
الخدمات الرقمية,عام,القطاع العام,خدمة إلكترونية,2026/05/12,"36,854,205"
الخدمات الرقمية,عام,القطاع العام,خدمة إلكترونية,2026/05/13,"36,875,418"
الخدمات الرقمية,عام,القطاع العام,خدمة إلكترونية,2026/05/13,"36,875,433"
الخدمات الرقمية,عام,القطاع العام,خدمة إلكترونية,2026/05/13,"36,875,013"
الخدمات الرقمية,عام,القطاع العام,خدمة إلكترونية,2026/05/13,"36,875,431"
 المدينة المنوره,المدينة المنورة,القطاع الخاص,خدمة إلكترونية جزئيا,2026/05/13,"36,872,251"
 الشرقية,الدمام,القطاع الخاص,خدمة إلكترونية جزئيا,2026/05/13,"36,874,081"
 المدينة المنوره,المدينة المنورة,القطاع الخاص,خدمة إلكترونية جزئيا,2026/05/13,"36,873,578"
الخدمات الرقمية,عام,القطاع العام,خدمة إلكترونية,2026/05/13,"36,874,459"
الخدمات الرقمية,عام,القطاع العام,خدمة إلكترونية,2026/05/13,"36,874,455"
 الرياض,الرياض,القطاع الخاص,خدمة إلكترونية جزئيا,2026/05/13,"36,872,834"
 الشرقية,الدمام,القطاع الخاص,خدمة إلكترونية جزئيا,2026/05/13,"36,874,139"
 الرياض,الرياض,القطاع الخاص,خدمة إلكترونية جزئيا,2026/05/13,"36,884,622"
 الرياض,الرياض,القطاع الخاص,خدمة إلكترونية جزئيا,2026/05/13,"36,884,478"
 مكة المكرمه,الطائف,القطاع الخاص,خدمة إلكترونية جزئيا,2026/05/13,"36,880,042"
 الشرقية,الدمام,القطاع الخاص,خدمة إلكترونية جزئيا,2026/05/13,"36,875,435"
 مكة المكرمه,جده,القطاع الخاص,خدمة إلكترونية جزئيا,2026/05/13,"36,876,550"
 المدينة المنوره,المدينة المنورة,القطاع الخاص,خدمة إلكترونية جزئيا,2026/05/13,"36,879,162"
الخدمات الرقمية,عام,القطاع العام,خدمة إلكترونية,2026/05/13,"36,871,258"
الخدمات الرقمية,عام,القطاع العام,خدمة إلكترونية,2026/05/13,"36,873,307"
الخدمات الرقمية,عام,القطاع العام,خدمة إلكترونية,2026/05/13,"36,873,293"
الخدمات الرقمية,عام,القطاع العام,خدمة إلكترونية,2026/05/13,"36,876,223"
الخدمات الرقمية,عام,القطاع العام,خدمة إلكترونية,2026/05/13,"36,873,568"
الخدمات الرقمية,عام,القطاع العام,خدمة إلكترونية,2026/05/13,"36,877,004"
الخدمات الرقمية,عام,القطاع العام,خدمة إلكترونية,2026/05/13,"36,871,256"
الخدمات الرقمية,عام,القطاع العام,خدمة إلكترونية,2026/05/13,"36,875,979"
الخدمات الرقمية,عام,القطاع العام,خدمة إلكترونية,2026/05/13,"36,873,160"
الخدمات الرقمية,عام,القطاع العام,خدمة إلكترونية,2026/05/13,"36,876,224"
الخدمات الرقمية,عام,القطاع العام,خدمة إلكترونية,2026/05/13,"36,872,806"
الخدمات الرقمية,عام,القطاع العام,خدمة إلكترونية,2026/05/13,"36,875,470"
الخدمات الرقمية,عام,القطاع العام,خدمة إلكترونية,2026/05/13,"36,876,019"
الخدمات الرقمية,عام,القطاع العام,خدمة إلكترونية,2026/05/13,"36,876,226"
الخدمات الرقمية,عام,القطاع العام,خدمة إلكترونية,2026/05/13,"36,879,506"
الخدمات الرقمية,عام,القطاع العام,خدمة إلكترونية,2026/05/13,"36,873,589"
الخدمات الرقمية,عام,القطاع العام,خدمة إلكترونية,2026/05/13,"36,876,198"
الخدمات الرقمية,عام,القطاع العام,خدمة إلكترونية,2026/05/13,"36,872,694"
الخدمات الرقمية,عام,القطاع العام,خدمة إلكترونية,2026/05/13,"36,875,467"
الخدمات الرقمية,عام,القطاع العام,خدمة إلكترونية,2026/05/13,"36,877,684"
الخدمات الرقمية,عام,القطاع العام,خدمة إلكترونية,2026/05/13,"36,884,202"
الخدمات الرقمية,عام,القطاع العام,خدمة إلكترونية,2026/05/13,"36,884,789"
الخدمات الرقمية,عام,القطاع العام,خدمة إلكترونية,2026/05/13,"36,883,629"
الخدمات الرقمية,عام,القطاع العام,خدمة إلكترونية,2026/05/13,"36,871,257"
الخدمات الرقمية,عام,القطاع العام,خدمة إلكترونية,2026/05/13,"36,882,455"
الخدمات الرقمية,عام,القطاع العام,خدمة إلكترونية,2026/05/13,"36,877,300"
الخدمات الرقمية,عام,القطاع العام,خدمة إلكترونية,2026/05/13,"36,881,542"
الخدمات الرقمية,عام,القطاع العام,خدمة إلكترونية,2026/05/13,"36,876,004"
الخدمات الرقمية,عام,القطاع العام,خدمة إلكترونية,2026/05/13,"36,877,681"
الخدمات الرقمية,عام,القطاع العام,خدمة إلكترونية,2026/05/13,"36,885,596"
الخدمات الرقمية,عام,القطاع العام,خدمة إلكترونية,2026/05/13,"36,883,596"
الخدمات الرقمية,عام,القطاع العام,خدمة إلكترونية,2026/05/13,"36,885,437"
الخدمات الرقمية,عام,القطاع العام,خدمة إلكترونية,2026/05/13,"36,871,399"
الخدمات الرقمية,عام,القطاع العام,خدمة إلكترونية,2026/05/13,"36,871,651"
الخدمات الرقمية,عام,القطاع العام,خدمة إلكترونية,2026/05/13,"36,871,658"
الخدمات الرقمية,عام,القطاع العام,خدمة إلكترونية,2026/05/13,"36,871,435"
الخدمات الرقمية,عام,القطاع العام,خدمة إلكترونية,2026/05/13,"36,871,503"
الخدمات الرقمية,عام,القطاع العام,خدمة إلكترونية,2026/05/13,"36,871,635"
الخدمات الرقمية,عام,القطاع العام,خدمة إلكترونية,2026/05/13,"36,871,168"
الخدمات الرقمية,عام,القطاع العام,خدمة إلكترونية,2026/05/13,"36,871,275"
الخدمات الرقمية,عام,القطاع العام,خدمة إلكترونية,2026/05/13,"36,871,321"
الخدمات الرقمية,عام,القطاع العام,خدمة إلكترونية,2026/05/13,"36,871,240"
الخدمات الرقمية,عام,القطاع العام,خدمة إلكترونية,2026/05/13,"36,871,587"
الخدمات الرقمية,عام,القطاع العام,خدمة إلكترونية,2026/05/13,"36,871,676"
الخدمات الرقمية,عام,القطاع العام,خدمة إلكترونية,2026/05/13,"36,872,728"
الخدمات الرقمية,عام,القطاع العام,خدمة إلكترونية,2026/05/13,"36,871,214"
الخدمات الرقمية,عام,القطاع العام,خدمة إلكترونية,2026/05/13,"36,871,316"
الخدمات الرقمية,عام,القطاع العام,خدمة إلكترونية,2026/05/13,"36,871,422"
الخدمات الرقمية,عام,القطاع العام,خدمة إلكترونية,2026/05/13,"36,873,792"
الخدمات الرقمية,عام,القطاع العام,خدمة إلكترونية,2026/05/13,"36,873,846"
الخدمات الرقمية,عام,القطاع العام,خدمة إلكترونية,2026/05/13,"36,871,368"
الخدمات الرقمية,عام,القطاع العام,خدمة إلكترونية,2026/05/13,"36,873,700"
الخدمات الرقمية,عام,القطاع العام,خدمة إلكترونية,2026/05/13,"36,871,487"
الخدمات الرقمية,عام,القطاع العام,خدمة إلكترونية,2026/05/13,"36,871,286"
الخدمات الرقمية,عام,القطاع العام,خدمة إلكترونية,2026/05/13,"36,871,697"
الخدمات الرقمية,عام,القطاع العام,خدمة إلكترونية,2026/05/13,"36,871,259"
الخدمات الرقمية,عام,القطاع العام,خدمة إلكترونية,2026/05/13,"36,873,410"
الخدمات الرقمية,عام,القطاع العام,خدمة إلكترونية,2026/05/13,"36,871,263"
الخدمات الرقمية,عام,القطاع العام,خدمة إلكترونية,2026/05/13,"36,872,555"
الخدمات الرقمية,عام,القطاع العام,خدمة إلكترونية,2026/05/13,"36,876,176"
الخدمات الرقمية,عام,القطاع العام,خدمة إلكترونية,2026/05/13,"36,876,846"
الخدمات الرقمية,عام,القطاع العام,خدمة إلكترونية,2026/05/13,"36,873,690"
الخدمات الرقمية,عام,القطاع العام,خدمة إلكترونية,2026/05/13,"36,871,597"
الخدمات الرقمية,عام,القطاع العام,خدمة إلكترونية,2026/05/13,"36,872,812"
الخدمات الرقمية,عام,القطاع العام,خدمة إلكترونية,2026/05/13,"36,871,427"
الخدمات الرقمية,عام,القطاع العام,خدمة إلكترونية,2026/05/13,"36,876,517"
الخدمات الرقمية,عام,القطاع العام,خدمة إلكترونية,2026/05/13,"36,871,423"
الخدمات الرقمية,عام,القطاع العام,خدمة إلكترونية,2026/05/13,"36,873,769"
الخدمات الرقمية,عام,القطاع العام,خدمة إلكترونية,2026/05/13,"36,873,884"
الخدمات الرقمية,عام,القطاع العام,خدمة إلكترونية,2026/05/13,"36,873,746"
الخدمات الرقمية,عام,القطاع العام,خدمة إلكترونية,2026/05/13,"36,873,969"
الخدمات الرقمية,عام,القطاع العام,خدمة إلكترونية,2026/05/13,"36,874,132"
الخدمات الرقمية,عام,القطاع العام,خدمة إلكترونية,2026/05/13,"36,871,576"
الخدمات الرقمية,عام,القطاع العام,خدمة إلكترونية,2026/05/13,"36,879,256"
الخدمات الرقمية,عام,القطاع العام,خدمة إلكترونية,2026/05/13,"36,871,173"
الخدمات الرقمية,عام,القطاع العام,خدمة إلكترونية,2026/05/13,"36,876,276"
الخدمات الرقمية,عام,القطاع العام,خدمة إلكترونية,2026/05/13,"36,876,079"
الخدمات الرقمية,عام,القطاع العام,خدمة إلكترونية,2026/05/13,"36,874,913"
الخدمات الرقمية,عام,القطاع العام,خدمة إلكترونية,2026/05/13,"36,871,347"
الخدمات الرقمية,عام,القطاع العام,خدمة إلكترونية,2026/05/13,"36,879,709"
الخدمات الرقمية,عام,القطاع العام,خدمة إلكترونية,2026/05/13,"36,877,537"
الخدمات الرقمية,عام,القطاع العام,خدمة إلكترونية,2026/05/13,"36,871,223"
الخدمات الرقمية,عام,القطاع العام,خدمة إلكترونية,2026/05/13,"36,871,462"
الخدمات الرقمية,عام,القطاع العام,خدمة إلكترونية,2026/05/13,"36,881,508"
الخدمات الرقمية,عام,القطاع العام,خدمة إلكترونية,2026/05/13,"36,882,653"
الخدمات الرقمية,عام,القطاع العام,خدمة إلكترونية,2026/05/13,"36,871,185"
الخدمات الرقمية,عام,القطاع العام,خدمة إلكترونية,2026/05/13,"36,881,114"
الخدمات الرقمية,عام,القطاع العام,خدمة إلكترونية,2026/05/13,"36,874,848"
الخدمات الرقمية,عام,القطاع العام,خدمة إلكترونية,2026/05/13,"36,881,236"
الخدمات الرقمية,عام,القطاع العام,خدمة إلكترونية,2026/05/13,"36,879,876"
الخدمات الرقمية,عام,القطاع العام,خدمة إلكترونية,2026/05/13,"36,874,781"
الخدمات الرقمية,عام,القطاع العام,خدمة إلكترونية,2026/05/13,"36,884,679"
الخدمات الرقمية,عام,القطاع العام,خدمة إلكترونية,2026/05/13,"36,885,140"
الخدمات الرقمية,عام,القطاع العام,خدمة إلكترونية,2026/05/13,"36,874,389"
الخدمات الرقمية,عام,القطاع العام,خدمة إلكترونية,2026/05/13,"36,883,769"
الخدمات الرقمية,عام,القطاع العام,خدمة إلكترونية,2026/05/13,"36,874,713"
الخدمات الرقمية,عام,القطاع العام,خدمة إلكترونية,2026/05/13,"36,881,791"
الخدمات الرقمية,عام,القطاع العام,خدمة إلكترونية,2026/05/13,"36,881,864"
الخدمات الرقمية,عام,القطاع العام,خدمة إلكترونية,2026/05/13,"36,883,538"
الخدمات الرقمية,عام,القطاع العام,خدمة إلكترونية,2026/05/13,"36,871,467"
الخدمات الرقمية,عام,القطاع العام,خدمة إلكترونية,2026/05/13,"36,871,545"
الخدمات الرقمية,عام,القطاع العام,خدمة إلكترونية,2026/05/13,"36,886,069"
الخدمات الرقمية,عام,القطاع العام,خدمة إلكترونية,2026/05/13,"36,873,562"
الخدمات الرقمية,عام,القطاع العام,خدمة إلكترونية,2026/05/13,"36,874,978"
الخدمات الرقمية,عام,القطاع العام,خدمة إلكترونية,2026/05/13,"36,876,365"
الخدمات الرقمية,عام,القطاع العام,خدمة إلكترونية,2026/05/13,"36,880,757"
الخدمات الرقمية,عام,القطاع العام,خدمة إلكترونية,2026/05/13,"36,885,503"
الخدمات الرقمية,عام,القطاع العام,خدمة إلكترونية,2026/05/13,"36,884,655"
الخدمات الرقمية,عام,القطاع العام,خدمة إلكترونية,2026/05/13,"36,880,929"
الخدمات الرقمية,عام,القطاع العام,خدمة إلكترونية,2026/05/13,"36,884,793"
الخدمات الرقمية,عام,القطاع العام,خدمة إلكترونية,2026/05/13,"36,885,600"
الخدمات الرقمية,عام,القطاع العام,خدمة إلكترونية,2026/05/13,"36,887,793"
الخدمات الرقمية,عام,القطاع العام,خدمة إلكترونية,2026/05/13,"36,888,793"
الخدمات الرقمية,عام,القطاع العام,خدمة إلكترونية,2026/05/13,"36,886,228"
الخدمات الرقمية,عام,القطاع العام,خدمة إلكترونية,2026/05/13,"36,884,953"
الخدمات الرقمية,عام,القطاع العام,خدمة إلكترونية,2026/05/13,"36,887,684"
الخدمات الرقمية,عام,القطاع العام,خدمة إلكترونية,2026/05/13,"36,887,307"
الخدمات الرقمية,عام,القطاع العام,خدمة إلكترونية,2026/05/13,"36,889,603"
الخدمات الرقمية,عام,القطاع العام,خدمة إلكترونية,2026/05/13,"36,886,404"
الخدمات الرقمية,عام,القطاع العام,خدمة إلكترونية,2026/05/13,"36,887,017"
الخدمات الرقمية,عام,القطاع العام,خدمة إلكترونية,2026/05/13,"36,888,009"
الخدمات الرقمية,عام,القطاع العام,خدمة إلكترونية,2026/05/13,"36,889,926"
الخدمات الرقمية,عام,القطاع العام,خدمة إلكترونية,2026/05/13,"36,886,467"
الخدمات الرقمية,عام,القطاع العام,خدمة إلكترونية,2026/05/13,"36,886,352"
الخدمات الرقمية,عام,القطاع العام,خدمة إلكترونية,2026/05/13,"36,887,147"
الخدمات الرقمية,عام,القطاع العام,خدمة إلكترونية,2026/05/13,"36,892,707"
الخدمات الرقمية,عام,القطاع العام,خدمة إلكترونية,2026/05/13,"36,887,239"
الخدمات الرقمية,عام,القطاع العام,خدمة إلكترونية,2026/05/13,"36,889,668"
الخدمات الرقمية,عام,القطاع العام,خدمة إلكترونية,2026/05/13,"36,890,631"
الخدمات الرقمية,عام,القطاع العام,خدمة إلكترونية,2026/05/13,"36,891,483"
الخدمات الرقمية,عام,القطاع العام,خدمة إلكترونية,2026/05/13,"36,891,502"
الخدمات الرقمية,عام,القطاع العام,خدمة إلكترونية,2026/05/13,"36,891,434"
الخدمات الرقمية,عام,القطاع العام,خدمة إلكترونية,2026/05/13,"36,889,952"
الخدمات الرقمية,عام,القطاع العام,خدمة إلكترونية,2026/05/13,"36,887,141"
الخدمات الرقمية,عام,القطاع العام,خدمة إلكترونية,2026/05/13,"36,886,546"
الخدمات الرقمية,عام,القطاع العام,خدمة إلكترونية,2026/05/13,"36,889,524"
الخدمات الرقمية,عام,القطاع العام,خدمة إلكترونية,2026/05/13,"36,887,397"
الخدمات الرقمية,عام,القطاع العام,خدمة إلكترونية,2026/05/13,"36,888,424"
الخدمات الرقمية,عام,القطاع العام,خدمة إلكترونية,2026/05/13,"36,888,209"
الخدمات الرقمية,عام,القطاع العام,خدمة إلكترونية,2026/05/13,"36,889,977"
 مكة المكرمه,مكة المكرمة,القطاع الخاص,خدمة إلكترونية جزئيا,2026/05/14,"36,908,423"
 عسير,ابها,القطاع الخاص,خدمة إلكترونية جزئيا,2026/05/14,"36,908,221"
الخدمات الرقمية,كتابة عدل مدمجة - افتراضية,القطاع العام,خدمة إلكترونية جزئيا,2026/05/14,"36,901,418"
 مكة المكرمه,الطائف,القطاع الخاص,خدمة إلكترونية جزئيا,2026/05/14,"36,900,363"
 الرياض,الرياض,القطاع الخاص,خدمة إلكترونية جزئيا,2026/05/14,"36,900,434"
 الرياض,الرياض,القطاع الخاص,خدمة إلكترونية جزئيا,2026/05/14,"36,899,109"
 الرياض,الرياض,القطاع الخاص,خدمة إلكترونية جزئيا,2026/05/14,"36,902,249"
الخدمات الرقمية,عام,القطاع العام,خدمة إلكترونية,2026/05/14,"36,900,843"
 الرياض,الرياض,القطاع الخاص,خدمة إلكترونية جزئيا,2026/05/14,"36,908,806"
 الرياض,الرياض,القطاع الخاص,خدمة إلكترونية جزئيا,2026/05/14,"36,902,321"
 مكة المكرمه,الطائف,القطاع الخاص,خدمة إلكترونية جزئيا,2026/05/14,"36,900,495"
 الرياض,الرياض,القطاع الخاص,خدمة إلكترونية جزئيا,2026/05/14,"36,900,505"
 الرياض,الرياض,القطاع الخاص,خدمة إلكترونية جزئيا,2026/05/14,"36,904,889"
 الرياض,الرياض,القطاع الخاص,خدمة إلكترونية جزئيا,2026/05/14,"36,909,439"
 الرياض,الرياض,القطاع الخاص,خدمة إلكترونية جزئيا,2026/05/14,"36,899,170"
 الرياض,الرياض,القطاع الخاص,خدمة إلكترونية جزئيا,2026/05/14,"36,903,000"
 مكة المكرمه,مكة المكرمة,القطاع الخاص,خدمة إلكترونية جزئيا,2026/05/14,"36,908,477"
 الرياض,الرياض,القطاع الخاص,خدمة إلكترونية جزئيا,2026/05/14,"36,900,789"
الخدمات الرقمية,عام,القطاع العام,خدمة إلكترونية,2026/05/14,"36,899,348"
الخدمات الرقمية,عام,القطاع العام,خدمة إلكترونية,2026/05/14,"36,899,383"
الخدمات الرقمية,عام,القطاع العام,خدمة إلكترونية,2026/05/14,"36,899,595"
الخدمات الرقمية,عام,القطاع العام,خدمة إلكترونية,2026/05/14,"36,899,787"
الخدمات الرقمية,عام,القطاع العام,خدمة إلكترونية,2026/05/14,"36,900,024"
الخدمات الرقمية,عام,القطاع العام,خدمة إلكترونية,2026/05/14,"36,899,526"
الخدمات الرقمية,عام,القطاع العام,خدمة إلكترونية,2026/05/14,"36,901,057"
الخدمات الرقمية,عام,القطاع العام,خدمة إلكترونية,2026/05/14,"36,901,224"
الخدمات الرقمية,عام,القطاع العام,خدمة إلكترونية,2026/05/14,"36,899,789"
الخدمات الرقمية,عام,القطاع العام,خدمة إلكترونية,2026/05/14,"36,899,398"
الخدمات الرقمية,عام,القطاع العام,خدمة إلكترونية,2026/05/14,"36,899,320"
الخدمات الرقمية,عام,القطاع العام,خدمة إلكترونية,2026/05/14,"36,899,335"
الخدمات الرقمية,عام,القطاع العام,خدمة إلكترونية,2026/05/14,"36,899,240"
الخدمات الرقمية,عام,القطاع العام,خدمة إلكترونية,2026/05/14,"36,901,687"
الخدمات الرقمية,عام,القطاع العام,خدمة إلكترونية,2026/05/14,"36,903,659"
الخدمات الرقمية,عام,القطاع العام,خدمة إلكترونية,2026/05/14,"36,901,049"
الخدمات الرقمية,عام,القطاع العام,خدمة إلكترونية,2026/05/14,"36,907,215"
الخدمات الرقمية,عام,القطاع العام,خدمة إلكترونية,2026/05/14,"36,908,646"
الخدمات الرقمية,عام,القطاع العام,خدمة إلكترونية,2026/05/14,"36,899,638"
الخدمات الرقمية,عام,القطاع العام,خدمة إلكترونية,2026/05/14,"36,899,734"
الخدمات الرقمية,عام,القطاع العام,خدمة إلكترونية,2026/05/14,"36,905,244"
الخدمات الرقمية,عام,القطاع العام,خدمة إلكترونية,2026/05/14,"36,903,358"
الخدمات الرقمية,عام,القطاع العام,خدمة إلكترونية,2026/05/14,"36,908,645"
الخدمات الرقمية,عام,القطاع العام,خدمة إلكترونية,2026/05/14,"36,907,299"
الخدمات الرقمية,عام,القطاع العام,خدمة إلكترونية,2026/05/14,"36,907,391"
الخدمات الرقمية,عام,القطاع العام,خدمة إلكترونية,2026/05/14,"36,907,484"
الخدمات الرقمية,عام,القطاع العام,خدمة إلكترونية,2026/05/14,"36,905,271"
الخدمات الرقمية,عام,القطاع العام,خدمة إلكترونية,2026/05/14,"36,907,057"
الخدمات الرقمية,عام,القطاع العام,خدمة إلكترونية,2026/05/14,"36,899,365"
الخدمات الرقمية,عام,القطاع العام,خدمة إلكترونية,2026/05/14,"36,899,572"
الخدمات الرقمية,عام,القطاع العام,خدمة إلكترونية,2026/05/14,"36,903,382"
الخدمات الرقمية,عام,القطاع العام,خدمة إلكترونية,2026/05/14,"36,905,247"
الخدمات الرقمية,عام,القطاع العام,خدمة إلكترونية,2026/05/14,"36,907,302"
الخدمات الرقمية,عام,القطاع العام,خدمة إلكترونية,2026/05/14,"36,905,622"
الخدمات الرقمية,عام,القطاع العام,خدمة إلكترونية,2026/05/14,"36,903,656"
الخدمات الرقمية,عام,القطاع العام,خدمة إلكترونية,2026/05/14,"36,899,735"
الخدمات الرقمية,عام,القطاع العام,خدمة إلكترونية,2026/05/14,"36,905,617"
الخدمات الرقمية,عام,القطاع العام,خدمة إلكترونية,2026/05/14,"36,905,136"
الخدمات الرقمية,عام,القطاع العام,خدمة إلكترونية,2026/05/14,"36,901,132"
الخدمات الرقمية,عام,القطاع العام,خدمة إلكترونية,2026/05/14,"36,907,316"
الخدمات الرقمية,عام,القطاع العام,خدمة إلكترونية,2026/05/14,"36,900,667"
الخدمات الرقمية,عام,القطاع العام,خدمة إلكترونية,2026/05/14,"36,907,292"
الخدمات الرقمية,عام,القطاع العام,خدمة إلكترونية,2026/05/14,"36,907,507"
الخدمات الرقمية,عام,القطاع العام,خدمة إلكترونية,2026/05/14,"36,907,508"
الخدمات الرقمية,عام,القطاع العام,خدمة إلكترونية,2026/05/14,"36,899,412"
الخدمات الرقمية,عام,القطاع العام,خدمة إلكترونية,2026/05/14,"36,901,135"
الخدمات الرقمية,عام,القطاع العام,خدمة إلكترونية,2026/05/14,"36,903,214"
الخدمات الرقمية,عام,القطاع العام,خدمة إلكترونية,2026/05/14,"36,905,160"
الخدمات الرقمية,عام,القطاع العام,خدمة إلكترونية,2026/05/14,"36,901,222"
الخدمات الرقمية,عام,القطاع العام,خدمة إلكترونية,2026/05/14,"36,902,011"
الخدمات الرقمية,عام,القطاع العام,خدمة إلكترونية,2026/05/14,"36,907,394"
الخدمات الرقمية,عام,القطاع العام,خدمة إلكترونية,2026/05/14,"36,905,246"
الخدمات الرقمية,عام,القطاع العام,خدمة إلكترونية,2026/05/14,"36,906,888"
الخدمات الرقمية,عام,القطاع العام,خدمة إلكترونية,2026/05/14,"36,907,030"
الخدمات الرقمية,عام,القطاع العام,خدمة إلكترونية,2026/05/14,"36,905,619"
الخدمات الرقمية,عام,القطاع العام,خدمة إلكترونية,2026/05/14,"36,899,733"
الخدمات الرقمية,عام,القطاع العام,خدمة إلكترونية,2026/05/14,"36,900,960"
الخدمات الرقمية,عام,القطاع العام,خدمة إلكترونية,2026/05/14,"36,907,304"
الخدمات الرقمية,عام,القطاع العام,خدمة إلكترونية,2026/05/14,"36,901,327"
الخدمات الرقمية,عام,القطاع العام,خدمة إلكترونية,2026/05/14,"36,899,467"
الخدمات الرقمية,عام,القطاع العام,خدمة إلكترونية,2026/05/14,"36,901,220"
الخدمات الرقمية,عام,القطاع العام,خدمة إلكترونية,2026/05/14,"36,901,448"
الخدمات الرقمية,عام,القطاع العام,خدمة إلكترونية,2026/05/14,"36,901,051"
الخدمات الرقمية,عام,القطاع العام,خدمة إلكترونية,2026/05/14,"36,907,255"
الخدمات الرقمية,عام,القطاع العام,خدمة إلكترونية,2026/05/14,"36,901,223"
الخدمات الرقمية,عام,القطاع العام,خدمة إلكترونية,2026/05/14,"36,907,300"
الخدمات الرقمية,عام,القطاع العام,خدمة إلكترونية,2026/05/14,"36,903,359"
الخدمات الرقمية,عام,القطاع العام,خدمة إلكترونية,2026/05/14,"36,908,599"
الخدمات الرقمية,عام,القطاع العام,خدمة إلكترونية,2026/05/14,"36,907,327"
الخدمات الرقمية,عام,القطاع العام,خدمة إلكترونية,2026/05/14,"36,908,598"
الخدمات الرقمية,عام,القطاع العام,خدمة إلكترونية,2026/05/14,"36,907,196"
الخدمات الرقمية,عام,القطاع العام,خدمة إلكترونية,2026/05/14,"36,899,491"
الخدمات الرقمية,عام,القطاع العام,خدمة إلكترونية,2026/05/14,"36,907,392"
الخدمات الرقمية,عام,القطاع العام,خدمة إلكترونية,2026/05/14,"36,903,380"
الخدمات الرقمية,عام,القطاع العام,خدمة إلكترونية,2026/05/14,"36,901,139"
الخدمات الرقمية,عام,القطاع العام,خدمة إلكترونية,2026/05/14,"36,907,032"
الخدمات الرقمية,عام,القطاع العام,خدمة إلكترونية,2026/05/14,"36,901,056"
الخدمات الرقمية,عام,القطاع العام,خدمة إلكترونية,2026/05/14,"36,902,341"
الخدمات الرقمية,عام,القطاع العام,خدمة إلكترونية,2026/05/14,"36,909,230"
الخدمات الرقمية,عام,القطاع العام,خدمة إلكترونية,2026/05/14,"36,900,954"
الخدمات الرقمية,عام,القطاع العام,خدمة إلكترونية,2026/05/14,"36,901,048"
الخدمات الرقمية,عام,القطاع العام,خدمة إلكترونية,2026/05/14,"36,901,123"
الخدمات الرقمية,عام,القطاع العام,خدمة إلكترونية,2026/05/14,"36,915,289"
الخدمات الرقمية,عام,القطاع العام,خدمة إلكترونية,2026/05/14,"36,917,186"
الخدمات الرقمية,عام,القطاع العام,خدمة إلكترونية,2026/05/14,"36,914,518"
الخدمات الرقمية,عام,القطاع العام,خدمة إلكترونية,2026/05/14,"36,917,119"
الخدمات الرقمية,عام,القطاع العام,خدمة إلكترونية,2026/05/14,"36,898,507"
الخدمات الرقمية,عام,القطاع العام,خدمة إلكترونية,2026/05/14,"36,898,548"
الخدمات الرقمية,عام,القطاع العام,خدمة إلكترونية,2026/05/14,"36,898,636"
الخدمات الرقمية,عام,القطاع العام,خدمة إلكترونية,2026/05/14,"36,898,967"
الخدمات الرقمية,عام,القطاع العام,خدمة إلكترونية,2026/05/14,"36,899,223"
الخدمات الرقمية,عام,القطاع العام,خدمة إلكترونية,2026/05/14,"36,898,518"
الخدمات الرقمية,عام,القطاع العام,خدمة إلكترونية,2026/05/14,"36,898,675"
الخدمات الرقمية,عام,القطاع العام,خدمة إلكترونية,2026/05/14,"36,898,736"
الخدمات الرقمية,عام,القطاع العام,خدمة إلكترونية,2026/05/14,"36,899,366"
الخدمات الرقمية,عام,القطاع العام,خدمة إلكترونية,2026/05/14,"36,898,804"
الخدمات الرقمية,عام,القطاع العام,خدمة إلكترونية,2026/05/14,"36,898,593"
الخدمات الرقمية,عام,القطاع العام,خدمة إلكترونية,2026/05/14,"36,898,580"
الخدمات الرقمية,عام,القطاع العام,خدمة إلكترونية,2026/05/14,"36,900,596"
الخدمات الرقمية,عام,القطاع العام,خدمة إلكترونية,2026/05/14,"36,899,563"
الخدمات الرقمية,عام,القطاع العام,خدمة إلكترونية,2026/05/14,"36,899,611"
الخدمات الرقمية,عام,القطاع العام,خدمة إلكترونية,2026/05/14,"36,899,250"
الخدمات الرقمية,عام,القطاع العام,خدمة إلكترونية,2026/05/14,"36,900,880"
الخدمات الرقمية,عام,القطاع العام,خدمة إلكترونية,2026/05/14,"36,899,165"
الخدمات الرقمية,عام,القطاع العام,خدمة إلكترونية,2026/05/14,"36,899,333"
الخدمات الرقمية,عام,القطاع العام,خدمة إلكترونية,2026/05/14,"36,898,684"
الخدمات الرقمية,عام,القطاع العام,خدمة إلكترونية,2026/05/14,"36,898,708"
الخدمات الرقمية,عام,القطاع العام,خدمة إلكترونية,2026/05/14,"36,900,817"
الخدمات الرقمية,عام,القطاع العام,خدمة إلكترونية,2026/05/14,"36,902,062"
الخدمات الرقمية,عام,القطاع العام,خدمة إلكترونية,2026/05/14,"36,900,888"
الخدمات الرقمية,عام,القطاع العام,خدمة إلكترونية,2026/05/14,"36,901,144"
الخدمات الرقمية,عام,القطاع العام,خدمة إلكترونية,2026/05/14,"36,901,020"
الخدمات الرقمية,عام,القطاع العام,خدمة إلكترونية,2026/05/14,"36,902,615"
الخدمات الرقمية,عام,القطاع العام,خدمة إلكترونية,2026/05/14,"36,904,098"
الخدمات الرقمية,عام,القطاع العام,خدمة إلكترونية,2026/05/14,"36,900,391"
الخدمات الرقمية,عام,القطاع العام,خدمة إلكترونية,2026/05/14,"36,898,986"
الخدمات الرقمية,عام,القطاع العام,خدمة إلكترونية,2026/05/14,"36,902,560"
الخدمات الرقمية,عام,القطاع العام,خدمة إلكترونية,2026/05/14,"36,902,783"
الخدمات الرقمية,عام,القطاع العام,خدمة إلكترونية,2026/05/14,"36,902,598"
الخدمات الرقمية,عام,القطاع العام,خدمة إلكترونية,2026/05/14,"36,906,750"
الخدمات الرقمية,عام,القطاع العام,خدمة إلكترونية,2026/05/14,"36,904,294"
الخدمات الرقمية,عام,القطاع العام,خدمة إلكترونية,2026/05/14,"36,909,466"
الخدمات الرقمية,عام,القطاع العام,خدمة إلكترونية,2026/05/14,"36,899,476"
الخدمات الرقمية,عام,القطاع العام,خدمة إلكترونية,2026/05/14,"36,898,606"
الخدمات الرقمية,عام,القطاع العام,خدمة إلكترونية,2026/05/14,"36,904,431"
الخدمات الرقمية,عام,القطاع العام,خدمة إلكترونية,2026/05/14,"36,902,559"
الخدمات الرقمية,عام,القطاع العام,خدمة إلكترونية,2026/05/14,"36,902,826"
الخدمات الرقمية,عام,القطاع العام,خدمة إلكترونية,2026/05/14,"36,906,813"
الخدمات الرقمية,عام,القطاع العام,خدمة إلكترونية,2026/05/14,"36,898,947"
الخدمات الرقمية,عام,القطاع العام,خدمة إلكترونية,2026/05/14,"36,907,766"
الخدمات الرقمية,عام,القطاع العام,خدمة إلكترونية,2026/05/14,"36,901,070"
الخدمات الرقمية,عام,القطاع العام,خدمة إلكترونية,2026/05/14,"36,902,643"
الخدمات الرقمية,عام,القطاع العام,خدمة إلكترونية,2026/05/14,"36,906,788"
الخدمات الرقمية,عام,القطاع العام,خدمة إلكترونية,2026/05/14,"36,911,490"
الخدمات الرقمية,عام,القطاع العام,خدمة إلكترونية,2026/05/14,"36,899,167"
الخدمات الرقمية,عام,القطاع العام,خدمة إلكترونية,2026/05/14,"36,899,287"
الخدمات الرقمية,عام,القطاع العام,خدمة إلكترونية,2026/05/14,"36,898,646"
الخدمات الرقمية,عام,القطاع العام,خدمة إلكترونية,2026/05/14,"36,908,741"
الخدمات الرقمية,عام,القطاع العام,خدمة إلكترونية,2026/05/14,"36,909,669"
الخدمات الرقمية,عام,القطاع العام,خدمة إلكترونية,2026/05/14,"36,910,198"
الخدمات الرقمية,عام,القطاع العام,خدمة إلكترونية,2026/05/14,"36,906,877"
الخدمات الرقمية,عام,القطاع العام,خدمة إلكترونية,2026/05/14,"36,910,826"
الخدمات الرقمية,عام,القطاع العام,خدمة إلكترونية,2026/05/14,"36,906,066"
الخدمات الرقمية,عام,القطاع العام,خدمة إلكترونية,2026/05/14,"36,898,756"
الخدمات الرقمية,عام,القطاع العام,خدمة إلكترونية,2026/05/14,"36,909,541"
الخدمات الرقمية,عام,القطاع العام,خدمة إلكترونية,2026/05/14,"36,900,948"
الخدمات الرقمية,عام,القطاع العام,خدمة إلكترونية,2026/05/14,"36,910,525"
الخدمات الرقمية,عام,القطاع العام,خدمة إلكترونية,2026/05/14,"36,898,775"
الخدمات الرقمية,عام,القطاع العام,خدمة إلكترونية,2026/05/14,"36,909,496"
الخدمات الرقمية,عام,القطاع العام,خدمة إلكترونية,2026/05/14,"36,906,939"
الخدمات الرقمية,عام,القطاع العام,خدمة إلكترونية,2026/05/14,"36,908,987"
الخدمات الرقمية,عام,القطاع العام,خدمة إلكترونية,2026/05/14,"36,901,052"
الخدمات الرقمية,عام,القطاع العام,خدمة إلكترونية,2026/05/14,"36,899,102"
الخدمات الرقمية,عام,القطاع العام,خدمة إلكترونية,2026/05/14,"36,905,449"
الخدمات الرقمية,عام,القطاع العام,خدمة إلكترونية,2026/05/14,"36,911,114"
الخدمات الرقمية,عام,القطاع العام,خدمة إلكترونية,2026/05/14,"36,902,607"
الخدمات الرقمية,عام,القطاع العام,خدمة إلكترونية,2026/05/14,"36,900,928"
الخدمات الرقمية,عام,القطاع العام,خدمة إلكترونية,2026/05/14,"36,906,792"
الخدمات الرقمية,عام,القطاع العام,خدمة إلكترونية,2026/05/14,"36,898,483"
الخدمات الرقمية,عام,القطاع العام,خدمة إلكترونية,2026/05/14,"36,898,511"
الخدمات الرقمية,عام,القطاع العام,خدمة إلكترونية,2026/05/14,"36,905,217"
الخدمات الرقمية,عام,القطاع العام,خدمة إلكترونية,2026/05/14,"36,901,349"
الخدمات الرقمية,عام,القطاع العام,خدمة إلكترونية,2026/05/14,"36,911,441"
الخدمات الرقمية,عام,القطاع العام,خدمة إلكترونية,2026/05/14,"36,899,149"
الخدمات الرقمية,عام,القطاع العام,خدمة إلكترونية,2026/05/14,"36,899,159"
الخدمات الرقمية,عام,القطاع العام,خدمة إلكترونية,2026/05/14,"36,899,129"
الخدمات الرقمية,عام,القطاع العام,خدمة إلكترونية,2026/05/14,"36,910,478"
الخدمات الرقمية,عام,القطاع العام,خدمة إلكترونية,2026/05/14,"36,910,378"
الخدمات الرقمية,عام,القطاع العام,خدمة إلكترونية,2026/05/14,"36,898,743"
الخدمات الرقمية,عام,القطاع العام,خدمة إلكترونية,2026/05/14,"36,909,044"
الخدمات الرقمية,عام,القطاع العام,خدمة إلكترونية,2026/05/14,"36,917,224"
الخدمات الرقمية,عام,القطاع العام,خدمة إلكترونية,2026/05/14,"36,904,727"
الخدمات الرقمية,عام,القطاع العام,خدمة إلكترونية,2026/05/14,"36,904,866"
الخدمات الرقمية,عام,القطاع العام,خدمة إلكترونية,2026/05/14,"36,898,814"
الخدمات الرقمية,عام,القطاع العام,خدمة إلكترونية,2026/05/14,"36,898,859"
الخدمات الرقمية,عام,القطاع العام,خدمة إلكترونية,2026/05/14,"36,899,636"
الخدمات الرقمية,عام,القطاع العام,خدمة إلكترونية,2026/05/14,"36,909,197"
الخدمات الرقمية,عام,القطاع العام,خدمة إلكترونية,2026/05/14,"36,906,591"
الخدمات الرقمية,عام,القطاع العام,خدمة إلكترونية,2026/05/14,"36,908,895"
الخدمات الرقمية,عام,القطاع العام,خدمة إلكترونية,2026/05/14,"36,911,117"
الخدمات الرقمية,عام,القطاع العام,خدمة إلكترونية,2026/05/14,"36,900,988"
الخدمات الرقمية,عام,القطاع العام,خدمة إلكترونية,2026/05/14,"36,906,836"
الخدمات الرقمية,عام,القطاع العام,خدمة إلكترونية,2026/05/14,"36,899,503"
الخدمات الرقمية,عام,القطاع العام,خدمة إلكترونية,2026/05/14,"36,909,617"
الخدمات الرقمية,عام,القطاع العام,خدمة إلكترونية,2026/05/14,"36,911,068"
الخدمات الرقمية,عام,القطاع العام,خدمة إلكترونية,2026/05/14,"36,895,792"
الخدمات الرقمية,عام,القطاع العام,خدمة إلكترونية,2026/05/14,"36,899,746"
الخدمات الرقمية,عام,القطاع العام,خدمة إلكترونية,2026/05/14,"36,901,030"
الخدمات الرقمية,عام,القطاع العام,خدمة إلكترونية,2026/05/14,"36,899,055"
الخدمات الرقمية,عام,القطاع العام,خدمة إلكترونية,2026/05/14,"36,909,282"
الخدمات الرقمية,عام,القطاع العام,خدمة إلكترونية,2026/05/14,"36,909,558"
الخدمات الرقمية,عام,القطاع العام,خدمة إلكترونية,2026/05/14,"36,911,167"
الخدمات الرقمية,عام,القطاع العام,خدمة إلكترونية,2026/05/14,"36,911,079"
الخدمات الرقمية,عام,القطاع العام,خدمة إلكترونية,2026/05/14,"36,907,967"
الخدمات الرقمية,عام,القطاع العام,خدمة إلكترونية,2026/05/14,"36,909,711"
الخدمات الرقمية,عام,القطاع العام,خدمة إلكترونية,2026/05/14,"36,899,413"
الخدمات الرقمية,عام,القطاع العام,خدمة إلكترونية,2026/05/14,"36,898,513"
الخدمات الرقمية,عام,القطاع العام,خدمة إلكترونية,2026/05/14,"36,904,297"
الخدمات الرقمية,عام,القطاع العام,خدمة إلكترونية,2026/05/14,"36,908,935"
الخدمات الرقمية,عام,القطاع العام,خدمة إلكترونية,2026/05/14,"36,902,544"
الخدمات الرقمية,عام,القطاع العام,خدمة إلكترونية,2026/05/14,"36,902,693"
الخدمات الرقمية,عام,القطاع العام,خدمة إلكترونية,2026/05/14,"36,913,857"
الخدمات الرقمية,عام,القطاع العام,خدمة إلكترونية,2026/05/14,"36,901,038"
الخدمات الرقمية,عام,القطاع العام,خدمة إلكترونية,2026/05/14,"36,898,719"
الخدمات الرقمية,عام,القطاع العام,خدمة إلكترونية,2026/05/14,"36,905,835"
الخدمات الرقمية,عام,القطاع العام,خدمة إلكترونية,2026/05/14,"36,898,906"
الخدمات الرقمية,عام,القطاع العام,خدمة إلكترونية,2026/05/14,"36,899,000"
الخدمات الرقمية,عام,القطاع العام,خدمة إلكترونية,2026/05/15,"36,917,413"
الخدمات الرقمية,عام,القطاع العام,خدمة إلكترونية,2026/05/15,"36,917,470"
الخدمات الرقمية,عام,القطاع العام,خدمة إلكترونية,2026/05/15,"36,917,640"
الخدمات الرقمية,عام,القطاع العام,خدمة إلكترونية,2026/05/15,"36,917,548"
الخدمات الرقمية,كتابة عدل مدمجة - افتراضية,القطاع العام,خدمة إلكترونية جزئيا,2026/05/16,"36,933,323"
 مكة المكرمه,مكة المكرمة,القطاع الخاص,خدمة إلكترونية جزئيا,2026/05/17,"36,941,888"
 مكة المكرمه,جده,القطاع الخاص,خدمة إلكترونية جزئيا,2026/05/17,"36,948,982"
 عسير,ابها,القطاع الخاص,خدمة إلكترونية جزئيا,2026/05/17,"36,940,737"
 الشرقية,الدمام,القطاع الخاص,خدمة إلكترونية جزئيا,2026/05/17,"36,950,133"
 مكة المكرمه,الطائف,القطاع الخاص,خدمة إلكترونية جزئيا,2026/05/17,"36,948,271"
 الشرقية,الدمام,القطاع الخاص,خدمة إلكترونية جزئيا,2026/05/17,"36,950,303"
 الشرقية,الدمام,القطاع الخاص,خدمة إلكترونية جزئيا,2026/05/17,"36,949,352"
 الشرقية,الدمام,القطاع الخاص,خدمة إلكترونية جزئيا,2026/05/17,"36,951,412"
 الشرقية,الدمام,القطاع الخاص,خدمة إلكترونية جزئيا,2026/05/17,"36,950,848"
 الرياض,الرياض,القطاع الخاص,خدمة إلكترونية جزئيا,2026/05/17,"36,941,216"
 الرياض,الرياض,القطاع الخاص,خدمة إلكترونية جزئيا,2026/05/17,"36,947,033"
 الرياض,الرياض,القطاع الخاص,خدمة إلكترونية جزئيا,2026/05/17,"36,941,619"
الخدمات الرقمية,عام,القطاع العام,خدمة إلكترونية,2026/05/17,"36,944,860"
الخدمات الرقمية,عام,القطاع العام,خدمة إلكترونية,2026/05/17,"36,942,911"
 عسير,ابها,القطاع الخاص,خدمة إلكترونية جزئيا,2026/05/17,"36,940,927"
 مكة المكرمه,مكة المكرمة,القطاع الخاص,خدمة إلكترونية جزئيا,2026/05/17,"36,941,990"
 الرياض,الرياض,القطاع الخاص,خدمة إلكترونية جزئيا,2026/05/17,"36,941,631"
 الرياض,الرياض,القطاع الخاص,خدمة إلكترونية جزئيا,2026/05/17,"36,941,764"
 الرياض,الرياض,القطاع الخاص,خدمة إلكترونية جزئيا,2026/05/17,"36,942,063"
 الرياض,الرياض,القطاع الخاص,خدمة إلكترونية جزئيا,2026/05/17,"36,942,295"
 الشرقية,الدمام,القطاع الخاص,خدمة إلكترونية جزئيا,2026/05/17,"36,950,930"
 الشرقية,الدمام,القطاع الخاص,خدمة إلكترونية جزئيا,2026/05/17,"36,951,379"
 عسير,ابها,القطاع الخاص,خدمة إلكترونية جزئيا,2026/05/17,"36,951,195"
 عسير,ابها,القطاع الخاص,خدمة إلكترونية جزئيا,2026/05/17,"36,949,651"
 الرياض,الرياض,القطاع الخاص,خدمة إلكترونية جزئيا,2026/05/17,"36,942,083"
 الرياض,الرياض,القطاع الخاص,خدمة إلكترونية جزئيا,2026/05/17,"36,941,757"
 الرياض,الرياض,القطاع الخاص,خدمة إلكترونية جزئيا,2026/05/17,"36,941,664"
 الرياض,الرياض,القطاع الخاص,خدمة إلكترونية جزئيا,2026/05/17,"36,942,366"
 الرياض,الرياض,القطاع الخاص,خدمة إلكترونية جزئيا,2026/05/17,"36,941,976"
 الرياض,الرياض,القطاع الخاص,خدمة إلكترونية جزئيا,2026/05/17,"36,941,981"
 الرياض,الرياض,القطاع الخاص,خدمة إلكترونية جزئيا,2026/05/17,"36,941,988"
 الرياض,الرياض,القطاع الخاص,خدمة إلكترونية جزئيا,2026/05/17,"36,941,827"
 الرياض,الرياض,القطاع الخاص,خدمة إلكترونية جزئيا,2026/05/17,"36,945,173"
 الرياض,الرياض,القطاع الخاص,خدمة إلكترونية جزئيا,2026/05/17,"36,946,154"
 مكة المكرمه,الطائف,القطاع الخاص,خدمة إلكترونية جزئيا,2026/05/17,"36,949,012"
 مكة المكرمه,الطائف,القطاع الخاص,خدمة إلكترونية جزئيا,2026/05/17,"36,943,386"
 الرياض,الرياض,القطاع الخاص,خدمة إلكترونية جزئيا,2026/05/17,"36,941,262"
 مكة المكرمه,جده,القطاع الخاص,خدمة إلكترونية جزئيا,2026/05/17,"36,945,859"
 مكة المكرمه,جده,القطاع الخاص,خدمة إلكترونية جزئيا,2026/05/17,"36,949,027"
الخدمات الرقمية,عام,القطاع العام,خدمة إلكترونية,2026/05/17,"36,939,560"
الخدمات الرقمية,عام,القطاع العام,خدمة إلكترونية,2026/05/17,"36,939,461"
الخدمات الرقمية,عام,القطاع العام,خدمة إلكترونية,2026/05/17,"36,939,545"
الخدمات الرقمية,عام,القطاع العام,خدمة إلكترونية,2026/05/17,"36,940,318"
الخدمات الرقمية,عام,القطاع العام,خدمة إلكترونية,2026/05/17,"36,939,520"
الخدمات الرقمية,عام,القطاع العام,خدمة إلكترونية,2026/05/17,"36,939,570"
الخدمات الرقمية,عام,القطاع العام,خدمة إلكترونية,2026/05/17,"36,940,763"
الخدمات الرقمية,عام,القطاع العام,خدمة إلكترونية,2026/05/17,"36,942,764"
الخدمات الرقمية,عام,القطاع العام,خدمة إلكترونية,2026/05/17,"36,941,915"
الخدمات الرقمية,عام,القطاع العام,خدمة إلكترونية,2026/05/17,"36,942,160"
الخدمات الرقمية,عام,القطاع العام,خدمة إلكترونية,2026/05/17,"36,940,092"
الخدمات الرقمية,عام,القطاع العام,خدمة إلكترونية,2026/05/17,"36,940,464"
الخدمات الرقمية,عام,القطاع العام,خدمة إلكترونية,2026/05/17,"36,940,710"
الخدمات الرقمية,عام,القطاع العام,خدمة إلكترونية,2026/05/17,"36,939,834"
الخدمات الرقمية,عام,القطاع العام,خدمة إلكترونية,2026/05/17,"36,939,988"
الخدمات الرقمية,عام,القطاع العام,خدمة إلكترونية,2026/05/17,"36,939,550"
الخدمات الرقمية,عام,القطاع العام,خدمة إلكترونية,2026/05/17,"36,939,748"
الخدمات الرقمية,عام,القطاع العام,خدمة إلكترونية,2026/05/17,"36,940,047"
الخدمات الرقمية,عام,القطاع العام,خدمة إلكترونية,2026/05/17,"36,940,139"
الخدمات الرقمية,عام,القطاع العام,خدمة إلكترونية,2026/05/17,"36,940,395"
الخدمات الرقمية,عام,القطاع العام,خدمة إلكترونية,2026/05/17,"36,940,803"
الخدمات الرقمية,عام,القطاع العام,خدمة إلكترونية,2026/05/17,"36,940,972"
الخدمات الرقمية,عام,القطاع العام,خدمة إلكترونية,2026/05/17,"36,940,916"
الخدمات الرقمية,عام,القطاع العام,خدمة إلكترونية,2026/05/17,"36,940,672"
الخدمات الرقمية,عام,القطاع العام,خدمة إلكترونية,2026/05/17,"36,941,104"
الخدمات الرقمية,عام,القطاع العام,خدمة إلكترونية,2026/05/17,"36,940,233"
الخدمات الرقمية,عام,القطاع العام,خدمة إلكترونية,2026/05/17,"36,941,662"
الخدمات الرقمية,عام,القطاع العام,خدمة إلكترونية,2026/05/17,"36,942,518"
الخدمات الرقمية,عام,القطاع العام,خدمة إلكترونية,2026/05/17,"36,941,713"
الخدمات الرقمية,عام,القطاع العام,خدمة إلكترونية,2026/05/17,"36,942,219"
الخدمات الرقمية,عام,القطاع العام,خدمة إلكترونية,2026/05/17,"36,939,605"
الخدمات الرقمية,عام,القطاع العام,خدمة إلكترونية,2026/05/17,"36,939,789"
الخدمات الرقمية,عام,القطاع العام,خدمة إلكترونية,2026/05/17,"36,940,852"
الخدمات الرقمية,عام,القطاع العام,خدمة إلكترونية,2026/05/17,"36,941,928"
الخدمات الرقمية,عام,القطاع العام,خدمة إلكترونية,2026/05/17,"36,940,826"
الخدمات الرقمية,عام,القطاع العام,خدمة إلكترونية,2026/05/17,"36,940,104"
الخدمات الرقمية,عام,القطاع العام,خدمة إلكترونية,2026/05/17,"36,941,542"
الخدمات الرقمية,عام,القطاع العام,خدمة إلكترونية,2026/05/17,"36,942,035"
الخدمات الرقمية,عام,القطاع العام,خدمة إلكترونية,2026/05/17,"36,941,009"
الخدمات الرقمية,عام,القطاع العام,خدمة إلكترونية,2026/05/17,"36,941,766"
الخدمات الرقمية,عام,القطاع العام,خدمة إلكترونية,2026/05/17,"36,942,105"
الخدمات الرقمية,عام,القطاع العام,خدمة إلكترونية,2026/05/17,"36,939,588"
الخدمات الرقمية,عام,القطاع العام,خدمة إلكترونية,2026/05/17,"36,942,312"
الخدمات الرقمية,عام,القطاع العام,خدمة إلكترونية,2026/05/17,"36,942,377"
الخدمات الرقمية,عام,القطاع العام,خدمة إلكترونية,2026/05/17,"36,942,708"
الخدمات الرقمية,عام,القطاع العام,خدمة إلكترونية,2026/05/17,"36,944,503"
الخدمات الرقمية,عام,القطاع العام,خدمة إلكترونية,2026/05/17,"36,944,806"
الخدمات الرقمية,عام,القطاع العام,خدمة إلكترونية,2026/05/17,"36,945,452"
الخدمات الرقمية,عام,القطاع العام,خدمة إلكترونية,2026/05/17,"36,945,707"
الخدمات الرقمية,عام,القطاع العام,خدمة إلكترونية,2026/05/17,"36,945,790"
الخدمات الرقمية,عام,القطاع العام,خدمة إلكترونية,2026/05/17,"36,939,030"
الخدمات الرقمية,عام,القطاع العام,خدمة إلكترونية,2026/05/17,"36,944,581"
الخدمات الرقمية,عام,القطاع العام,خدمة إلكترونية,2026/05/17,"36,943,621"
الخدمات الرقمية,عام,القطاع العام,خدمة إلكترونية,2026/05/17,"36,945,381"
الخدمات الرقمية,عام,القطاع العام,خدمة إلكترونية,2026/05/17,"36,945,392"
الخدمات الرقمية,عام,القطاع العام,خدمة إلكترونية,2026/05/17,"36,945,122"
الخدمات الرقمية,عام,القطاع العام,خدمة إلكترونية,2026/05/17,"36,945,992"
الخدمات الرقمية,عام,القطاع العام,خدمة إلكترونية,2026/05/17,"36,946,904"
الخدمات الرقمية,عام,القطاع العام,خدمة إلكترونية,2026/05/17,"36,940,663"
الخدمات الرقمية,عام,القطاع العام,خدمة إلكترونية,2026/05/17,"36,941,935"
الخدمات الرقمية,عام,القطاع العام,خدمة إلكترونية,2026/05/17,"36,944,959"
الخدمات الرقمية,عام,القطاع العام,خدمة إلكترونية,2026/05/17,"36,946,412"
الخدمات الرقمية,عام,القطاع العام,خدمة إلكترونية,2026/05/17,"36,940,624"
الخدمات الرقمية,عام,القطاع العام,خدمة إلكترونية,2026/05/17,"36,942,238"
الخدمات الرقمية,عام,القطاع العام,خدمة إلكترونية,2026/05/17,"36,942,292"
الخدمات الرقمية,عام,القطاع العام,خدمة إلكترونية,2026/05/17,"36,942,939"
الخدمات الرقمية,عام,القطاع العام,خدمة إلكترونية,2026/05/17,"36,947,921"
الخدمات الرقمية,عام,القطاع العام,خدمة إلكترونية,2026/05/17,"36,948,132"
الخدمات الرقمية,عام,القطاع العام,خدمة إلكترونية,2026/05/17,"36,940,707"
الخدمات الرقمية,عام,القطاع العام,خدمة إلكترونية,2026/05/17,"36,945,313"
الخدمات الرقمية,عام,القطاع العام,خدمة إلكترونية,2026/05/17,"36,942,055"
الخدمات الرقمية,عام,القطاع العام,خدمة إلكترونية,2026/05/17,"36,942,382"
الخدمات الرقمية,عام,القطاع العام,خدمة إلكترونية,2026/05/17,"36,944,942"
الخدمات الرقمية,عام,القطاع العام,خدمة إلكترونية,2026/05/17,"36,944,657"
الخدمات الرقمية,عام,القطاع العام,خدمة إلكترونية,2026/05/17,"36,945,507"
الخدمات الرقمية,عام,القطاع العام,خدمة إلكترونية,2026/05/17,"36,941,842"
الخدمات الرقمية,عام,القطاع العام,خدمة إلكترونية,2026/05/17,"36,944,707"
الخدمات الرقمية,عام,القطاع العام,خدمة إلكترونية,2026/05/17,"36,941,485"
الخدمات الرقمية,عام,القطاع العام,خدمة إلكترونية,2026/05/17,"36,946,050"
الخدمات الرقمية,عام,القطاع العام,خدمة إلكترونية,2026/05/17,"36,948,233"
الخدمات الرقمية,عام,القطاع العام,خدمة إلكترونية,2026/05/17,"36,947,644"
الخدمات الرقمية,عام,القطاع العام,خدمة إلكترونية,2026/05/17,"36,948,245"
الخدمات الرقمية,عام,القطاع العام,خدمة إلكترونية,2026/05/17,"36,947,974"
الخدمات الرقمية,عام,القطاع العام,خدمة إلكترونية,2026/05/17,"36,948,476"
الخدمات الرقمية,عام,القطاع العام,خدمة إلكترونية,2026/05/17,"36,939,580"
الخدمات الرقمية,عام,القطاع العام,خدمة إلكترونية,2026/05/17,"36,941,889"
الخدمات الرقمية,عام,القطاع العام,خدمة إلكترونية,2026/05/17,"36,945,535"
الخدمات الرقمية,عام,القطاع العام,خدمة إلكترونية,2026/05/17,"36,947,725"
الخدمات الرقمية,عام,القطاع العام,خدمة إلكترونية,2026/05/17,"36,948,919"
الخدمات الرقمية,عام,القطاع العام,خدمة إلكترونية,2026/05/17,"36,942,146"
الخدمات الرقمية,عام,القطاع العام,خدمة إلكترونية,2026/05/17,"36,949,693"
الخدمات الرقمية,عام,القطاع العام,خدمة إلكترونية,2026/05/17,"36,952,026"
الخدمات الرقمية,عام,القطاع العام,خدمة إلكترونية,2026/05/17,"36,948,599"
الخدمات الرقمية,عام,القطاع العام,خدمة إلكترونية,2026/05/17,"36,941,874"
الخدمات الرقمية,عام,القطاع العام,خدمة إلكترونية,2026/05/17,"36,949,990"
الخدمات الرقمية,عام,القطاع العام,خدمة إلكترونية,2026/05/17,"36,950,561"
الخدمات الرقمية,عام,القطاع العام,خدمة إلكترونية,2026/05/17,"36,951,479"
الخدمات الرقمية,عام,القطاع العام,خدمة إلكترونية,2026/05/17,"36,952,106"
الخدمات الرقمية,عام,القطاع العام,خدمة إلكترونية,2026/05/17,"36,948,030"
الخدمات الرقمية,عام,القطاع العام,خدمة إلكترونية,2026/05/17,"36,945,847"
الخدمات الرقمية,عام,القطاع العام,خدمة إلكترونية,2026/05/17,"36,941,580"
الخدمات الرقمية,عام,القطاع العام,خدمة إلكترونية,2026/05/17,"36,942,536"
الخدمات الرقمية,عام,القطاع العام,خدمة إلكترونية,2026/05/17,"36,940,200"
الخدمات الرقمية,عام,القطاع العام,خدمة إلكترونية,2026/05/17,"36,941,994"
الخدمات الرقمية,عام,القطاع العام,خدمة إلكترونية,2026/05/17,"36,953,774"
الخدمات الرقمية,عام,القطاع العام,خدمة إلكترونية,2026/05/17,"36,940,098"
الخدمات الرقمية,عام,القطاع العام,خدمة إلكترونية,2026/05/17,"36,951,731"
الخدمات الرقمية,عام,القطاع العام,خدمة إلكترونية,2026/05/17,"36,950,814"
الخدمات الرقمية,عام,القطاع العام,خدمة إلكترونية,2026/05/17,"36,942,050"
الخدمات الرقمية,عام,القطاع العام,خدمة إلكترونية,2026/05/17,"36,948,785"
الخدمات الرقمية,عام,القطاع العام,خدمة إلكترونية,2026/05/17,"36,953,868"
الخدمات الرقمية,عام,القطاع العام,خدمة إلكترونية,2026/05/17,"36,953,694"
الخدمات الرقمية,عام,القطاع العام,خدمة إلكترونية,2026/05/17,"36,953,553"
الخدمات الرقمية,عام,القطاع العام,خدمة إلكترونية,2026/05/17,"36,953,672"
الخدمات الرقمية,عام,القطاع العام,خدمة إلكترونية,2026/05/17,"36,942,434"
الخدمات الرقمية,عام,القطاع العام,خدمة إلكترونية,2026/05/17,"36,939,656"
الخدمات الرقمية,عام,القطاع العام,خدمة إلكترونية,2026/05/17,"36,943,303"
الخدمات الرقمية,عام,القطاع العام,خدمة إلكترونية,2026/05/17,"36,941,569"
الخدمات الرقمية,عام,القطاع العام,خدمة إلكترونية,2026/05/17,"36,948,544"
الخدمات الرقمية,عام,القطاع العام,خدمة إلكترونية,2026/05/17,"36,945,645"
الخدمات الرقمية,عام,القطاع العام,خدمة إلكترونية,2026/05/17,"36,942,208"
الخدمات الرقمية,عام,القطاع العام,خدمة إلكترونية,2026/05/17,"36,948,120"
الخدمات الرقمية,عام,القطاع العام,خدمة إلكترونية,2026/05/17,"36,953,698"
الخدمات الرقمية,عام,القطاع العام,خدمة إلكترونية,2026/05/17,"36,948,339"
الخدمات الرقمية,عام,القطاع العام,خدمة إلكترونية,2026/05/17,"36,953,663"
الخدمات الرقمية,عام,القطاع العام,خدمة إلكترونية,2026/05/17,"36,953,860"
الخدمات الرقمية,عام,القطاع العام,خدمة إلكترونية,2026/05/17,"36,944,840"
الخدمات الرقمية,عام,القطاع العام,خدمة إلكترونية,2026/05/17,"36,941,059"
الخدمات الرقمية,عام,القطاع العام,خدمة إلكترونية,2026/05/17,"36,953,518"
الخدمات الرقمية,عام,القطاع العام,خدمة إلكترونية,2026/05/17,"36,944,710"
الخدمات الرقمية,عام,القطاع العام,خدمة إلكترونية,2026/05/17,"36,954,268"
الخدمات الرقمية,عام,القطاع العام,خدمة إلكترونية,2026/05/17,"36,945,177"
الخدمات الرقمية,عام,القطاع العام,خدمة إلكترونية,2026/05/17,"36,941,279"
الخدمات الرقمية,عام,القطاع العام,خدمة إلكترونية,2026/05/17,"36,942,598"
الخدمات الرقمية,عام,القطاع العام,خدمة إلكترونية,2026/05/17,"36,945,236"
الخدمات الرقمية,عام,القطاع العام,خدمة إلكترونية,2026/05/17,"36,953,802"
الخدمات الرقمية,عام,القطاع العام,خدمة إلكترونية,2026/05/17,"36,942,147"
الخدمات الرقمية,عام,القطاع العام,خدمة إلكترونية,2026/05/17,"36,941,653"
الخدمات الرقمية,عام,القطاع العام,خدمة إلكترونية,2026/05/17,"36,943,217"
الخدمات الرقمية,عام,القطاع العام,خدمة إلكترونية,2026/05/17,"36,946,368"
الخدمات الرقمية,عام,القطاع العام,خدمة إلكترونية,2026/05/17,"36,939,574"
الخدمات الرقمية,عام,القطاع العام,خدمة إلكترونية,2026/05/17,"36,942,836"
الخدمات الرقمية,عام,القطاع العام,خدمة إلكترونية,2026/05/17,"36,941,975"
الخدمات الرقمية,عام,القطاع العام,خدمة إلكترونية,2026/05/17,"36,953,496"
الخدمات الرقمية,عام,القطاع العام,خدمة إلكترونية,2026/05/17,"36,948,075"
الخدمات الرقمية,عام,القطاع العام,خدمة إلكترونية,2026/05/17,"36,941,441"
الخدمات الرقمية,عام,القطاع العام,خدمة إلكترونية,2026/05/17,"36,951,814"
الخدمات الرقمية,عام,القطاع العام,خدمة إلكترونية,2026/05/17,"36,951,803"
الخدمات الرقمية,عام,القطاع العام,خدمة إلكترونية,2026/05/17,"36,953,690"
الخدمات الرقمية,عام,القطاع العام,خدمة إلكترونية,2026/05/17,"36,942,096"
الخدمات الرقمية,عام,القطاع العام,خدمة إلكترونية,2026/05/17,"36,941,998"
الخدمات الرقمية,عام,القطاع العام,خدمة إلكترونية,2026/05/17,"36,942,247"
الخدمات الرقمية,عام,القطاع العام,خدمة إلكترونية,2026/05/17,"36,944,985"
الخدمات الرقمية,عام,القطاع العام,خدمة إلكترونية,2026/05/17,"36,954,835"
الخدمات الرقمية,عام,القطاع العام,خدمة إلكترونية,2026/05/17,"36,942,564"
الخدمات الرقمية,عام,القطاع العام,خدمة إلكترونية,2026/05/17,"36,953,713"
الخدمات الرقمية,عام,القطاع العام,خدمة إلكترونية,2026/05/17,"36,945,536"
الخدمات الرقمية,عام,القطاع العام,خدمة إلكترونية,2026/05/17,"36,953,627"
الخدمات الرقمية,عام,القطاع العام,خدمة إلكترونية,2026/05/17,"36,948,987"
الخدمات الرقمية,عام,القطاع العام,خدمة إلكترونية,2026/05/17,"36,953,781"
الخدمات الرقمية,عام,القطاع العام,خدمة إلكترونية,2026/05/17,"36,955,855"
الخدمات الرقمية,عام,القطاع العام,خدمة إلكترونية,2026/05/17,"36,946,197"
الخدمات الرقمية,عام,القطاع العام,خدمة إلكترونية,2026/05/17,"36,950,545"
الخدمات الرقمية,عام,القطاع العام,خدمة إلكترونية,2026/05/17,"36,953,841"
الخدمات الرقمية,عام,القطاع العام,خدمة إلكترونية,2026/05/17,"36,951,837"
الخدمات الرقمية,عام,القطاع العام,خدمة إلكترونية,2026/05/17,"36,948,736"
الخدمات الرقمية,عام,القطاع العام,خدمة إلكترونية,2026/05/17,"36,941,760"
الخدمات الرقمية,عام,القطاع العام,خدمة إلكترونية,2026/05/17,"36,945,794"
الخدمات الرقمية,عام,القطاع العام,خدمة إلكترونية,2026/05/17,"36,945,793"
الخدمات الرقمية,عام,القطاع العام,خدمة إلكترونية,2026/05/17,"36,941,727"
الخدمات الرقمية,عام,القطاع العام,خدمة إلكترونية,2026/05/17,"36,945,742"
الخدمات الرقمية,عام,القطاع العام,خدمة إلكترونية,2026/05/17,"36,948,471"
الخدمات الرقمية,عام,القطاع العام,خدمة إلكترونية,2026/05/17,"36,951,159"
الخدمات الرقمية,عام,القطاع العام,خدمة إلكترونية,2026/05/17,"36,939,175"
الخدمات الرقمية,عام,القطاع العام,خدمة إلكترونية,2026/05/17,"36,940,584"
الخدمات الرقمية,عام,القطاع العام,خدمة إلكترونية,2026/05/17,"36,939,121"
الخدمات الرقمية,عام,القطاع العام,خدمة إلكترونية,2026/05/17,"36,940,569"
الخدمات الرقمية,عام,القطاع العام,خدمة إلكترونية,2026/05/17,"36,944,199"
الخدمات الرقمية,عام,القطاع العام,خدمة إلكترونية,2026/05/17,"36,939,767"
الخدمات الرقمية,عام,القطاع العام,خدمة إلكترونية,2026/05/17,"36,944,222"
الخدمات الرقمية,عام,القطاع العام,خدمة إلكترونية,2026/05/17,"36,943,403"
الخدمات الرقمية,عام,القطاع العام,خدمة إلكترونية,2026/05/17,"36,941,186"
الخدمات الرقمية,عام,القطاع العام,خدمة إلكترونية,2026/05/17,"36,940,558"
الخدمات الرقمية,عام,القطاع العام,خدمة إلكترونية,2026/05/17,"36,944,872"
الخدمات الرقمية,عام,القطاع العام,خدمة إلكترونية,2026/05/17,"36,947,377"
الخدمات الرقمية,عام,القطاع العام,خدمة إلكترونية,2026/05/17,"36,943,623"
الخدمات الرقمية,عام,القطاع العام,خدمة إلكترونية,2026/05/17,"36,942,568"
الخدمات الرقمية,عام,القطاع العام,خدمة إلكترونية,2026/05/17,"36,943,396"
الخدمات الرقمية,عام,القطاع العام,خدمة إلكترونية,2026/05/17,"36,947,733"
الخدمات الرقمية,عام,القطاع العام,خدمة إلكترونية,2026/05/17,"36,941,804"
الخدمات الرقمية,عام,القطاع العام,خدمة إلكترونية,2026/05/17,"36,942,419"
الخدمات الرقمية,عام,القطاع العام,خدمة إلكترونية,2026/05/17,"36,949,329"
الخدمات الرقمية,عام,القطاع العام,خدمة إلكترونية,2026/05/17,"36,949,324"
الخدمات الرقمية,عام,القطاع العام,خدمة إلكترونية,2026/05/17,"36,947,232"
الخدمات الرقمية,عام,القطاع العام,خدمة إلكترونية,2026/05/17,"36,947,994"
الخدمات الرقمية,عام,القطاع العام,خدمة إلكترونية,2026/05/17,"36,952,933"
الخدمات الرقمية,عام,القطاع العام,خدمة إلكترونية,2026/05/17,"36,948,957"
الخدمات الرقمية,عام,القطاع العام,خدمة إلكترونية,2026/05/17,"36,943,039"
الخدمات الرقمية,عام,القطاع العام,خدمة إلكترونية,2026/05/17,"36,942,565"
الخدمات الرقمية,عام,القطاع العام,خدمة إلكترونية,2026/05/17,"36,942,948"
الخدمات الرقمية,عام,القطاع العام,خدمة إلكترونية,2026/05/17,"36,943,215"
الخدمات الرقمية,عام,القطاع العام,خدمة إلكترونية,2026/05/17,"36,944,211"
الخدمات الرقمية,عام,القطاع العام,خدمة إلكترونية,2026/05/17,"36,948,109"
الخدمات الرقمية,عام,القطاع العام,خدمة إلكترونية,2026/05/17,"36,941,820"
الخدمات الرقمية,عام,القطاع العام,خدمة إلكترونية,2026/05/17,"36,944,231"
الخدمات الرقمية,عام,القطاع العام,خدمة إلكترونية,2026/05/17,"36,944,343"
الخدمات الرقمية,عام,القطاع العام,خدمة إلكترونية,2026/05/17,"36,943,402"
الخدمات الرقمية,عام,القطاع العام,خدمة إلكترونية,2026/05/17,"36,943,388"
الخدمات الرقمية,عام,القطاع العام,خدمة إلكترونية,2026/05/17,"36,939,176"
الخدمات الرقمية,عام,القطاع العام,خدمة إلكترونية,2026/05/17,"36,943,377"
الخدمات الرقمية,عام,القطاع العام,خدمة إلكترونية,2026/05/17,"36,952,932"
الخدمات الرقمية,عام,القطاع العام,خدمة إلكترونية,2026/05/17,"36,947,997"
الخدمات الرقمية,عام,القطاع العام,خدمة إلكترونية,2026/05/17,"36,942,951"
الخدمات الرقمية,عام,القطاع العام,خدمة إلكترونية,2026/05/17,"36,940,250"
الخدمات الرقمية,عام,القطاع العام,خدمة إلكترونية,2026/05/17,"36,941,924"
الخدمات الرقمية,عام,القطاع العام,خدمة إلكترونية,2026/05/17,"36,939,551"
الخدمات الرقمية,عام,القطاع العام,خدمة إلكترونية,2026/05/17,"36,943,626"
الخدمات الرقمية,عام,القطاع العام,خدمة إلكترونية,2026/05/17,"36,945,881"
الخدمات الرقمية,عام,القطاع العام,خدمة إلكترونية,2026/05/17,"36,952,995"
الخدمات الرقمية,عام,القطاع العام,خدمة إلكترونية,2026/05/17,"36,939,870"
الخدمات الرقمية,عام,القطاع العام,خدمة إلكترونية,2026/05/17,"36,939,155"
الخدمات الرقمية,عام,القطاع العام,خدمة إلكترونية,2026/05/17,"36,944,068"
الخدمات الرقمية,عام,القطاع العام,خدمة إلكترونية,2026/05/17,"36,947,382"
الخدمات الرقمية,عام,القطاع العام,خدمة إلكترونية,2026/05/17,"36,952,996"
الخدمات الرقمية,عام,القطاع العام,خدمة إلكترونية,2026/05/17,"36,949,332"
 مكة المكرمه,مكة المكرمة,القطاع الخاص,خدمة إلكترونية جزئيا,2026/05/18,"36,968,214"
 مكة المكرمه,جده,القطاع الخاص,خدمة إلكترونية جزئيا,2026/05/18,"36,968,687"
 مكة المكرمه,جده,القطاع الخاص,خدمة إلكترونية جزئيا,2026/05/18,"36,971,034"
 عسير,ابها,القطاع الخاص,خدمة إلكترونية جزئيا,2026/05/18,"36,962,415"
 عسير,ابها,القطاع الخاص,خدمة إلكترونية جزئيا,2026/05/18,"36,962,197"
 الشرقية,الدمام,القطاع الخاص,خدمة إلكترونية جزئيا,2026/05/18,"36,967,206"
 الشرقية,الدمام,القطاع الخاص,خدمة إلكترونية جزئيا,2026/05/18,"36,961,179"
 الشرقية,الدمام,القطاع الخاص,خدمة إلكترونية جزئيا,2026/05/18,"36,967,055"
 تبوك,تبوك,القطاع الخاص,خدمة إلكترونية جزئيا,2026/05/18,"36,969,403"
 الشرقية,الدمام,القطاع الخاص,خدمة إلكترونية جزئيا,2026/05/18,"36,961,055"
 الرياض,الرياض,القطاع الخاص,خدمة إلكترونية جزئيا,2026/05/18,"36,961,215"
 الرياض,الرياض,القطاع الخاص,خدمة إلكترونية جزئيا,2026/05/18,"36,974,949"
الخدمات الرقمية,عام,القطاع العام,خدمة إلكترونية,2026/05/18,"36,965,636"
الخدمات الرقمية,عام,القطاع العام,خدمة إلكترونية,2026/05/18,"36,967,756"
الخدمات الرقمية,عام,القطاع العام,خدمة إلكترونية,2026/05/18,"36,960,529"
الخدمات الرقمية,عام,القطاع العام,خدمة إلكترونية,2026/05/18,"36,960,540"
الخدمات الرقمية,عام,القطاع العام,خدمة إلكترونية,2026/05/18,"36,963,499"
الخدمات الرقمية,عام,القطاع العام,خدمة إلكترونية,2026/05/18,"36,963,517"
الخدمات الرقمية,عام,القطاع العام,خدمة إلكترونية,2026/05/18,"36,960,518"
الخدمات الرقمية,عام,القطاع العام,خدمة إلكترونية,2026/05/18,"36,965,643"
 الرياض,الرياض,القطاع الخاص,خدمة إلكترونية جزئيا,2026/05/18,"36,961,208"
 الرياض,الرياض,القطاع الخاص,خدمة إلكترونية جزئيا,2026/05/18,"36,961,281"
 عسير,ابها,القطاع الخاص,خدمة إلكترونية جزئيا,2026/05/18,"36,962,216"
 مكة المكرمه,جده,القطاع الخاص,خدمة إلكترونية جزئيا,2026/05/18,"36,968,734"
 عسير,ابها,القطاع الخاص,خدمة إلكترونية جزئيا,2026/05/18,"36,962,502"
 مكة المكرمه,مكة المكرمة,القطاع الخاص,خدمة إلكترونية جزئيا,2026/05/18,"36,968,991"
 الشرقية,الدمام,القطاع الخاص,خدمة إلكترونية جزئيا,2026/05/18,"36,961,360"
 الشرقية,الدمام,القطاع الخاص,خدمة إلكترونية جزئيا,2026/05/18,"36,961,133"
 مكة المكرمه,الطائف,القطاع الخاص,خدمة إلكترونية جزئيا,2026/05/18,"36,964,333"
 مكة المكرمه,جده,القطاع الخاص,خدمة إلكترونية جزئيا,2026/05/18,"36,971,330"
 الرياض,الرياض,القطاع الخاص,خدمة إلكترونية جزئيا,2026/05/18,"36,961,465"
 الرياض,الرياض,القطاع الخاص,خدمة إلكترونية جزئيا,2026/05/18,"36,962,126"
 مكة المكرمه,جده,القطاع الخاص,خدمة إلكترونية جزئيا,2026/05/18,"36,961,850"
 القصيم,بريده,القطاع الخاص,خدمة إلكترونية جزئيا,2026/05/18,"36,970,136"
 الرياض,الرياض,القطاع الخاص,خدمة إلكترونية جزئيا,2026/05/18,"36,967,951"
 مكة المكرمه,الطائف,القطاع الخاص,خدمة إلكترونية جزئيا,2026/05/18,"36,963,233"
 الرياض,الرياض,القطاع الخاص,خدمة إلكترونية جزئيا,2026/05/18,"36,975,000"
الخدمات الرقمية,عام,القطاع العام,خدمة إلكترونية,2026/05/18,"36,959,944"
الخدمات الرقمية,عام,القطاع العام,خدمة إلكترونية,2026/05/18,"36,960,395"
الخدمات الرقمية,عام,القطاع العام,خدمة إلكترونية,2026/05/18,"36,959,865"
الخدمات الرقمية,عام,القطاع العام,خدمة إلكترونية,2026/05/18,"36,960,155"
الخدمات الرقمية,عام,القطاع العام,خدمة إلكترونية,2026/05/18,"36,960,167"
الخدمات الرقمية,عام,القطاع العام,خدمة إلكترونية,2026/05/18,"36,960,660"
الخدمات الرقمية,عام,القطاع العام,خدمة إلكترونية,2026/05/18,"36,963,234"
الخدمات الرقمية,عام,القطاع العام,خدمة إلكترونية,2026/05/18,"36,972,129"
الخدمات الرقمية,عام,القطاع العام,خدمة إلكترونية,2026/05/18,"36,960,467"
الخدمات الرقمية,عام,القطاع العام,خدمة إلكترونية,2026/05/18,"36,970,894"
الخدمات الرقمية,عام,القطاع العام,خدمة إلكترونية,2026/05/18,"36,971,881"
الخدمات الرقمية,عام,القطاع العام,خدمة إلكترونية,2026/05/18,"36,959,842"
الخدمات الرقمية,عام,القطاع العام,خدمة إلكترونية,2026/05/18,"36,959,969"
الخدمات الرقمية,عام,القطاع العام,خدمة إلكترونية,2026/05/18,"36,959,943"
الخدمات الرقمية,عام,القطاع العام,خدمة إلكترونية,2026/05/18,"36,963,580"
الخدمات الرقمية,عام,القطاع العام,خدمة إلكترونية,2026/05/18,"36,964,510"
الخدمات الرقمية,عام,القطاع العام,خدمة إلكترونية,2026/05/18,"36,959,924"
الخدمات الرقمية,عام,القطاع العام,خدمة إلكترونية,2026/05/18,"36,960,217"
الخدمات الرقمية,عام,القطاع العام,خدمة إلكترونية,2026/05/18,"36,971,305"
الخدمات الرقمية,عام,القطاع العام,خدمة إلكترونية,2026/05/18,"36,961,438"
الخدمات الرقمية,عام,القطاع العام,خدمة إلكترونية,2026/05/18,"36,959,932"
الخدمات الرقمية,عام,القطاع العام,خدمة إلكترونية,2026/05/18,"36,972,359"
الخدمات الرقمية,عام,القطاع العام,خدمة إلكترونية,2026/05/18,"36,960,179"
الخدمات الرقمية,عام,القطاع العام,خدمة إلكترونية,2026/05/18,"36,960,609"
الخدمات الرقمية,عام,القطاع العام,خدمة إلكترونية,2026/05/18,"36,959,881"
الخدمات الرقمية,عام,القطاع العام,خدمة إلكترونية,2026/05/18,"36,972,292"
الخدمات الرقمية,عام,القطاع العام,خدمة إلكترونية,2026/05/18,"36,960,071"
الخدمات الرقمية,عام,القطاع العام,خدمة إلكترونية,2026/05/18,"36,968,660"
الخدمات الرقمية,عام,القطاع العام,خدمة إلكترونية,2026/05/18,"36,972,501"
الخدمات الرقمية,عام,القطاع العام,خدمة إلكترونية,2026/05/18,"36,963,823"
الخدمات الرقمية,عام,القطاع العام,خدمة إلكترونية,2026/05/18,"36,960,077"
الخدمات الرقمية,عام,القطاع العام,خدمة إلكترونية,2026/05/18,"36,964,176"
الخدمات الرقمية,عام,القطاع العام,خدمة إلكترونية,2026/05/18,"36,975,769"
الخدمات الرقمية,عام,القطاع العام,خدمة إلكترونية,2026/05/18,"36,960,358"
الخدمات الرقمية,عام,القطاع العام,خدمة إلكترونية,2026/05/18,"36,964,238"
الخدمات الرقمية,عام,القطاع العام,خدمة إلكترونية,2026/05/18,"36,972,572"
الخدمات الرقمية,عام,القطاع العام,خدمة إلكترونية,2026/05/18,"36,960,428"
الخدمات الرقمية,عام,القطاع العام,خدمة إلكترونية,2026/05/18,"36,968,128"
الخدمات الرقمية,عام,القطاع العام,خدمة إلكترونية,2026/05/18,"36,964,049"
الخدمات الرقمية,عام,القطاع العام,خدمة إلكترونية,2026/05/18,"36,960,252"
الخدمات الرقمية,عام,القطاع العام,خدمة إلكترونية,2026/05/18,"36,960,546"
الخدمات الرقمية,عام,القطاع العام,خدمة إلكترونية,2026/05/18,"36,961,040"
الخدمات الرقمية,عام,القطاع العام,خدمة إلكترونية,2026/05/18,"36,968,929"
الخدمات الرقمية,عام,القطاع العام,خدمة إلكترونية,2026/05/18,"36,963,605"
الخدمات الرقمية,عام,القطاع العام,خدمة إلكترونية,2026/05/18,"36,961,025"
الخدمات الرقمية,عام,القطاع العام,خدمة إلكترونية,2026/05/18,"36,957,113"
الخدمات الرقمية,عام,القطاع العام,خدمة إلكترونية,2026/05/18,"36,960,268"
الخدمات الرقمية,عام,القطاع العام,خدمة إلكترونية,2026/05/18,"36,960,600"
الخدمات الرقمية,عام,القطاع العام,خدمة إلكترونية,2026/05/18,"36,960,704"
الخدمات الرقمية,عام,القطاع العام,خدمة إلكترونية,2026/05/18,"36,962,992"
الخدمات الرقمية,عام,القطاع العام,خدمة إلكترونية,2026/05/18,"36,967,870"
الخدمات الرقمية,عام,القطاع العام,خدمة إلكترونية,2026/05/18,"36,959,899"
الخدمات الرقمية,عام,القطاع العام,خدمة إلكترونية,2026/05/18,"36,959,953"
الخدمات الرقمية,عام,القطاع العام,خدمة إلكترونية,2026/05/18,"36,974,903"
الخدمات الرقمية,عام,القطاع العام,خدمة إلكترونية,2026/05/18,"36,964,275"
الخدمات الرقمية,عام,القطاع العام,خدمة إلكترونية,2026/05/18,"36,964,273"
الخدمات الرقمية,عام,القطاع العام,خدمة إلكترونية,2026/05/18,"36,960,449"
الخدمات الرقمية,عام,القطاع العام,خدمة إلكترونية,2026/05/18,"36,960,670"
الخدمات الرقمية,عام,القطاع العام,خدمة إلكترونية,2026/05/18,"36,963,965"
الخدمات الرقمية,عام,القطاع العام,خدمة إلكترونية,2026/05/18,"36,964,428"
الخدمات الرقمية,عام,القطاع العام,خدمة إلكترونية,2026/05/18,"36,974,924"
الخدمات الرقمية,عام,القطاع العام,خدمة إلكترونية,2026/05/18,"36,960,456"
الخدمات الرقمية,عام,القطاع العام,خدمة إلكترونية,2026/05/18,"36,963,328"
الخدمات الرقمية,عام,القطاع العام,خدمة إلكترونية,2026/05/18,"36,959,668"
الخدمات الرقمية,عام,القطاع العام,خدمة إلكترونية,2026/05/18,"36,959,937"
الخدمات الرقمية,عام,القطاع العام,خدمة إلكترونية,2026/05/18,"36,959,968"
الخدمات الرقمية,عام,القطاع العام,خدمة إلكترونية,2026/05/18,"36,959,996"
الخدمات الرقمية,عام,القطاع العام,خدمة إلكترونية,2026/05/18,"36,960,119"
الخدمات الرقمية,عام,القطاع العام,خدمة إلكترونية,2026/05/18,"36,961,878"
الخدمات الرقمية,عام,القطاع العام,خدمة إلكترونية,2026/05/18,"36,963,458"
الخدمات الرقمية,عام,القطاع العام,خدمة إلكترونية,2026/05/18,"36,964,651"
الخدمات الرقمية,عام,القطاع العام,خدمة إلكترونية,2026/05/18,"36,973,133"
الخدمات الرقمية,عام,القطاع العام,خدمة إلكترونية,2026/05/18,"36,960,772"
الخدمات الرقمية,عام,القطاع العام,خدمة إلكترونية,2026/05/18,"36,959,983"
الخدمات الرقمية,عام,القطاع العام,خدمة إلكترونية,2026/05/18,"36,963,368"
الخدمات الرقمية,عام,القطاع العام,خدمة إلكترونية,2026/05/18,"36,964,182"
الخدمات الرقمية,عام,القطاع العام,خدمة إلكترونية,2026/05/18,"36,968,959"
الخدمات الرقمية,عام,القطاع العام,خدمة إلكترونية,2026/05/18,"36,959,802"
الخدمات الرقمية,عام,القطاع العام,خدمة إلكترونية,2026/05/18,"36,960,332"
الخدمات الرقمية,عام,القطاع العام,خدمة إلكترونية,2026/05/18,"36,972,132"
الخدمات الرقمية,عام,القطاع العام,خدمة إلكترونية,2026/05/18,"36,968,316"
الخدمات الرقمية,عام,القطاع العام,خدمة إلكترونية,2026/05/18,"36,964,092"
الخدمات الرقمية,عام,القطاع العام,خدمة إلكترونية,2026/05/18,"36,964,344"
الخدمات الرقمية,عام,القطاع العام,خدمة إلكترونية,2026/05/18,"36,959,613"
الخدمات الرقمية,عام,القطاع العام,خدمة إلكترونية,2026/05/18,"36,961,038"
الخدمات الرقمية,عام,القطاع العام,خدمة إلكترونية,2026/05/18,"36,959,912"
الخدمات الرقمية,عام,القطاع العام,خدمة إلكترونية,2026/05/18,"36,960,295"
الخدمات الرقمية,عام,القطاع العام,خدمة إلكترونية,2026/05/18,"36,972,818"
الخدمات الرقمية,عام,القطاع العام,خدمة إلكترونية,2026/05/18,"36,963,117"
الخدمات الرقمية,عام,القطاع العام,خدمة إلكترونية,2026/05/18,"36,960,042"
الخدمات الرقمية,عام,القطاع العام,خدمة إلكترونية,2026/05/18,"36,963,887"
الخدمات الرقمية,عام,القطاع العام,خدمة إلكترونية,2026/05/18,"36,959,614"
الخدمات الرقمية,عام,القطاع العام,خدمة إلكترونية,2026/05/18,"36,970,671"
الخدمات الرقمية,عام,القطاع العام,خدمة إلكترونية,2026/05/18,"36,962,156"
الخدمات الرقمية,عام,القطاع العام,خدمة إلكترونية,2026/05/18,"36,962,158"
الخدمات الرقمية,عام,القطاع العام,خدمة إلكترونية,2026/05/18,"36,962,592"
الخدمات الرقمية,عام,القطاع العام,خدمة إلكترونية,2026/05/18,"36,962,721"
الخدمات الرقمية,عام,القطاع العام,خدمة إلكترونية,2026/05/18,"36,963,048"
الخدمات الرقمية,عام,القطاع العام,خدمة إلكترونية,2026/05/18,"36,964,753"
الخدمات الرقمية,عام,القطاع العام,خدمة إلكترونية,2026/05/18,"36,960,530"
الخدمات الرقمية,عام,القطاع العام,خدمة إلكترونية,2026/05/18,"36,960,724"
الخدمات الرقمية,عام,القطاع العام,خدمة إلكترونية,2026/05/18,"36,962,136"
الخدمات الرقمية,عام,القطاع العام,خدمة إلكترونية,2026/05/18,"36,962,442"
الخدمات الرقمية,عام,القطاع العام,خدمة إلكترونية,2026/05/18,"36,962,684"
الخدمات الرقمية,عام,القطاع العام,خدمة إلكترونية,2026/05/18,"36,962,692"
الخدمات الرقمية,عام,القطاع العام,خدمة إلكترونية,2026/05/18,"36,963,241"
الخدمات الرقمية,عام,القطاع العام,خدمة إلكترونية,2026/05/18,"36,964,572"
الخدمات الرقمية,عام,القطاع العام,خدمة إلكترونية,2026/05/18,"36,962,571"
الخدمات الرقمية,عام,القطاع العام,خدمة إلكترونية,2026/05/18,"36,965,650"
الخدمات الرقمية,عام,القطاع العام,خدمة إلكترونية,2026/05/18,"36,966,672"
الخدمات الرقمية,عام,القطاع العام,خدمة إلكترونية,2026/05/18,"36,966,942"
الخدمات الرقمية,عام,القطاع العام,خدمة إلكترونية,2026/05/18,"36,960,438"
الخدمات الرقمية,عام,القطاع العام,خدمة إلكترونية,2026/05/18,"36,962,166"
الخدمات الرقمية,عام,القطاع العام,خدمة إلكترونية,2026/05/18,"36,964,732"
الخدمات الرقمية,عام,القطاع العام,خدمة إلكترونية,2026/05/18,"36,961,203"
الخدمات الرقمية,عام,القطاع العام,خدمة إلكترونية,2026/05/18,"36,962,690"
الخدمات الرقمية,عام,القطاع العام,خدمة إلكترونية,2026/05/18,"36,965,036"
الخدمات الرقمية,عام,القطاع العام,خدمة إلكترونية,2026/05/18,"36,960,620"
الخدمات الرقمية,عام,القطاع العام,خدمة إلكترونية,2026/05/18,"36,960,997"
الخدمات الرقمية,عام,القطاع العام,خدمة إلكترونية,2026/05/18,"36,962,600"
الخدمات الرقمية,عام,القطاع العام,خدمة إلكترونية,2026/05/18,"36,963,197"
الخدمات الرقمية,عام,القطاع العام,خدمة إلكترونية,2026/05/18,"36,964,754"
الخدمات الرقمية,عام,القطاع العام,خدمة إلكترونية,2026/05/18,"36,965,642"
الخدمات الرقمية,عام,القطاع العام,خدمة إلكترونية,2026/05/18,"36,966,943"
الخدمات الرقمية,عام,القطاع العام,خدمة إلكترونية,2026/05/18,"36,970,494"
الخدمات الرقمية,عام,القطاع العام,خدمة إلكترونية,2026/05/18,"36,961,224"
الخدمات الرقمية,عام,القطاع العام,خدمة إلكترونية,2026/05/18,"36,962,267"
الخدمات الرقمية,عام,القطاع العام,خدمة إلكترونية,2026/05/18,"36,962,283"
الخدمات الرقمية,عام,القطاع العام,خدمة إلكترونية,2026/05/18,"36,960,621"
الخدمات الرقمية,عام,القطاع العام,خدمة إلكترونية,2026/05/18,"36,960,999"
الخدمات الرقمية,عام,القطاع العام,خدمة إلكترونية,2026/05/18,"36,963,508"
الخدمات الرقمية,عام,القطاع العام,خدمة إلكترونية,2026/05/18,"36,966,945"
الخدمات الرقمية,عام,القطاع العام,خدمة إلكترونية,2026/05/18,"36,960,512"
الخدمات الرقمية,عام,القطاع العام,خدمة إلكترونية,2026/05/18,"36,961,111"
الخدمات الرقمية,عام,القطاع العام,خدمة إلكترونية,2026/05/18,"36,960,481"
الخدمات الرقمية,عام,القطاع العام,خدمة إلكترونية,2026/05/18,"36,961,252"
الخدمات الرقمية,عام,القطاع العام,خدمة إلكترونية,2026/05/18,"36,962,258"
الخدمات الرقمية,عام,القطاع العام,خدمة إلكترونية,2026/05/18,"36,960,713"
الخدمات الرقمية,عام,القطاع العام,خدمة إلكترونية,2026/05/18,"36,963,002"
الخدمات الرقمية,عام,القطاع العام,خدمة إلكترونية,2026/05/18,"36,963,040"
الخدمات الرقمية,عام,القطاع العام,خدمة إلكترونية,2026/05/18,"36,963,224"
الخدمات الرقمية,عام,القطاع العام,خدمة إلكترونية,2026/05/18,"36,965,027"
الخدمات الرقمية,عام,القطاع العام,خدمة إلكترونية,2026/05/18,"36,966,361"
الخدمات الرقمية,عام,القطاع العام,خدمة إلكترونية,2026/05/18,"36,962,581"
الخدمات الرقمية,عام,القطاع العام,خدمة إلكترونية,2026/05/18,"36,963,162"
الخدمات الرقمية,عام,القطاع العام,خدمة إلكترونية,2026/05/18,"36,960,696"
الخدمات الرقمية,عام,القطاع العام,خدمة إلكترونية,2026/05/18,"36,960,771"
الخدمات الرقمية,عام,القطاع العام,خدمة إلكترونية,2026/05/18,"36,962,169"
الخدمات الرقمية,عام,القطاع العام,خدمة إلكترونية,2026/05/18,"36,962,266"
الخدمات الرقمية,عام,القطاع العام,خدمة إلكترونية,2026/05/18,"36,960,515"
الخدمات الرقمية,عام,القطاع العام,خدمة إلكترونية,2026/05/18,"36,960,706"
الخدمات الرقمية,عام,القطاع العام,خدمة إلكترونية,2026/05/18,"36,961,270"
الخدمات الرقمية,عام,القطاع العام,خدمة إلكترونية,2026/05/18,"36,962,286"
الخدمات الرقمية,عام,القطاع العام,خدمة إلكترونية,2026/05/18,"36,962,480"
الخدمات الرقمية,عام,القطاع العام,خدمة إلكترونية,2026/05/18,"36,962,723"
الخدمات الرقمية,عام,القطاع العام,خدمة إلكترونية,2026/05/18,"36,964,580"
الخدمات الرقمية,عام,القطاع العام,خدمة إلكترونية,2026/05/18,"36,966,498"
الخدمات الرقمية,عام,القطاع العام,خدمة إلكترونية,2026/05/18,"36,969,698"
الخدمات الرقمية,عام,القطاع العام,خدمة إلكترونية,2026/05/18,"36,965,653"
الخدمات الرقمية,عام,القطاع العام,خدمة إلكترونية,2026/05/18,"36,969,874"
الخدمات الرقمية,عام,القطاع العام,خدمة إلكترونية,2026/05/18,"36,961,363"
الخدمات الرقمية,عام,القطاع العام,خدمة إلكترونية,2026/05/18,"36,962,137"
الخدمات الرقمية,عام,القطاع العام,خدمة إلكترونية,2026/05/18,"36,963,171"
الخدمات الرقمية,عام,القطاع العام,خدمة إلكترونية,2026/05/18,"36,963,338"
الخدمات الرقمية,عام,القطاع العام,خدمة إلكترونية,2026/05/18,"36,966,488"
الخدمات الرقمية,عام,القطاع العام,خدمة إلكترونية,2026/05/18,"36,961,170"
الخدمات الرقمية,عام,القطاع العام,خدمة إلكترونية,2026/05/18,"36,960,534"
الخدمات الرقمية,عام,القطاع العام,خدمة إلكترونية,2026/05/18,"36,963,021"
الخدمات الرقمية,عام,القطاع العام,خدمة إلكترونية,2026/05/18,"36,963,176"
الخدمات الرقمية,عام,القطاع العام,خدمة إلكترونية,2026/05/18,"36,963,189"
الخدمات الرقمية,عام,القطاع العام,خدمة إلكترونية,2026/05/18,"36,966,493"
الخدمات الرقمية,عام,القطاع العام,خدمة إلكترونية,2026/05/18,"36,966,811"
الخدمات الرقمية,عام,القطاع العام,خدمة إلكترونية,2026/05/18,"36,966,812"
الخدمات الرقمية,عام,القطاع العام,خدمة إلكترونية,2026/05/18,"36,969,871"
الخدمات الرقمية,عام,القطاع العام,خدمة إلكترونية,2026/05/18,"36,961,361"
الخدمات الرقمية,عام,القطاع العام,خدمة إلكترونية,2026/05/18,"36,962,466"
الخدمات الرقمية,عام,القطاع العام,خدمة إلكترونية,2026/05/18,"36,962,842"
الخدمات الرقمية,عام,القطاع العام,خدمة إلكترونية,2026/05/18,"36,962,994"
الخدمات الرقمية,عام,القطاع العام,خدمة إلكترونية,2026/05/18,"36,965,474"
الخدمات الرقمية,عام,القطاع العام,خدمة إلكترونية,2026/05/18,"36,962,143"
الخدمات الرقمية,عام,القطاع العام,خدمة إلكترونية,2026/05/18,"36,964,574"
الخدمات الرقمية,عام,القطاع العام,خدمة إلكترونية,2026/05/18,"36,962,306"
الخدمات الرقمية,عام,القطاع العام,خدمة إلكترونية,2026/05/18,"36,960,638"
الخدمات الرقمية,عام,القطاع العام,خدمة إلكترونية,2026/05/18,"36,963,199"
الخدمات الرقمية,عام,القطاع العام,خدمة إلكترونية,2026/05/18,"36,964,589"
الخدمات الرقمية,عام,القطاع العام,خدمة إلكترونية,2026/05/18,"36,971,807"
الخدمات الرقمية,عام,القطاع العام,خدمة إلكترونية,2026/05/18,"36,961,194"
الخدمات الرقمية,عام,القطاع العام,خدمة إلكترونية,2026/05/18,"36,963,670"
الخدمات الرقمية,عام,القطاع العام,خدمة إلكترونية,2026/05/18,"36,960,624"
الخدمات الرقمية,عام,القطاع العام,خدمة إلكترونية,2026/05/18,"36,962,147"
الخدمات الرقمية,عام,القطاع العام,خدمة إلكترونية,2026/05/18,"36,962,701"
الخدمات الرقمية,عام,القطاع العام,خدمة إلكترونية,2026/05/18,"36,970,491"
الخدمات الرقمية,عام,القطاع العام,خدمة إلكترونية,2026/05/18,"36,969,583"
الخدمات الرقمية,عام,القطاع العام,خدمة إلكترونية,2026/05/18,"36,969,861"
الخدمات الرقمية,عام,القطاع العام,خدمة إلكترونية,2026/05/18,"36,960,465"
الخدمات الرقمية,عام,القطاع العام,خدمة إلكترونية,2026/05/18,"36,965,635"
الخدمات الرقمية,عام,القطاع العام,خدمة إلكترونية,2026/05/18,"36,966,483"
الخدمات الرقمية,عام,القطاع العام,خدمة إلكترونية,2026/05/18,"36,969,851"
الخدمات الرقمية,عام,القطاع العام,خدمة إلكترونية,2026/05/18,"36,960,597"
الخدمات الرقمية,عام,القطاع العام,خدمة إلكترونية,2026/05/18,"36,962,696"
الخدمات الرقمية,عام,القطاع العام,خدمة إلكترونية,2026/05/18,"36,962,844"
الخدمات الرقمية,عام,القطاع العام,خدمة إلكترونية,2026/05/18,"36,962,880"
الخدمات الرقمية,عام,القطاع العام,خدمة إلكترونية,2026/05/18,"36,965,496"
الخدمات الرقمية,عام,القطاع العام,خدمة إلكترونية,2026/05/18,"36,960,984"
الخدمات الرقمية,عام,القطاع العام,خدمة إلكترونية,2026/05/18,"36,965,035"
الخدمات الرقمية,عام,القطاع العام,خدمة إلكترونية,2026/05/18,"36,963,512"
الخدمات الرقمية,عام,القطاع العام,خدمة إلكترونية,2026/05/18,"36,964,738"
الخدمات الرقمية,عام,القطاع العام,خدمة إلكترونية,2026/05/18,"36,965,364"
الخدمات الرقمية,عام,القطاع العام,خدمة إلكترونية,2026/05/18,"36,962,304"
الخدمات الرقمية,عام,القطاع العام,خدمة إلكترونية,2026/05/18,"36,963,345"
الخدمات الرقمية,عام,القطاع العام,خدمة إلكترونية,2026/05/18,"36,962,881"
الخدمات الرقمية,عام,القطاع العام,خدمة إلكترونية,2026/05/18,"36,960,642"
الخدمات الرقمية,عام,القطاع العام,خدمة إلكترونية,2026/05/18,"36,963,015"
الخدمات الرقمية,عام,القطاع العام,خدمة إلكترونية,2026/05/18,"36,962,871"
الخدمات الرقمية,عام,القطاع العام,خدمة إلكترونية,2026/05/18,"36,963,185"
الخدمات الرقمية,عام,القطاع العام,خدمة إلكترونية,2026/05/18,"36,960,510"
الخدمات الرقمية,عام,القطاع العام,خدمة إلكترونية,2026/05/18,"36,960,535"
الخدمات الرقمية,عام,القطاع العام,خدمة إلكترونية,2026/05/18,"36,960,698"
الخدمات الرقمية,عام,القطاع العام,خدمة إلكترونية,2026/05/18,"36,960,773"
الخدمات الرقمية,عام,القطاع العام,خدمة إلكترونية,2026/05/18,"36,964,562"
الخدمات الرقمية,عام,القطاع العام,خدمة إلكترونية,2026/05/18,"36,965,065"
الخدمات الرقمية,عام,القطاع العام,خدمة إلكترونية,2026/05/18,"36,963,639"
الخدمات الرقمية,عام,القطاع العام,خدمة إلكترونية,2026/05/18,"36,965,522"
الخدمات الرقمية,عام,القطاع العام,خدمة إلكترونية,2026/05/18,"36,965,640"
الخدمات الرقمية,عام,القطاع العام,خدمة إلكترونية,2026/05/18,"36,970,571"
الخدمات الرقمية,عام,القطاع العام,خدمة إلكترونية,2026/05/18,"36,964,581"
الخدمات الرقمية,عام,القطاع العام,خدمة إلكترونية,2026/05/18,"36,965,648"
الخدمات الرقمية,عام,القطاع العام,خدمة إلكترونية,2026/05/18,"36,965,660"
الخدمات الرقمية,عام,القطاع العام,خدمة إلكترونية,2026/05/18,"36,966,364"
الخدمات الرقمية,عام,القطاع العام,خدمة إلكترونية,2026/05/18,"36,962,601"
الخدمات الرقمية,عام,القطاع العام,خدمة إلكترونية,2026/05/18,"36,963,202"
الخدمات الرقمية,عام,القطاع العام,خدمة إلكترونية,2026/05/18,"36,961,220"
الخدمات الرقمية,عام,القطاع العام,خدمة إلكترونية,2026/05/18,"36,963,045"
الخدمات الرقمية,عام,القطاع العام,خدمة إلكترونية,2026/05/18,"36,964,571"
الخدمات الرقمية,عام,القطاع العام,خدمة إلكترونية,2026/05/18,"36,960,464"
الخدمات الرقمية,عام,القطاع العام,خدمة إلكترونية,2026/05/18,"36,962,293"
الخدمات الرقمية,عام,القطاع العام,خدمة إلكترونية,2026/05/18,"36,960,537"
الخدمات الرقمية,عام,القطاع العام,خدمة إلكترونية,2026/05/18,"36,960,618"
الخدمات الرقمية,عام,القطاع العام,خدمة إلكترونية,2026/05/18,"36,960,759"
الخدمات الرقمية,عام,القطاع العام,خدمة إلكترونية,2026/05/18,"36,961,121"
الخدمات الرقمية,عام,القطاع العام,خدمة إلكترونية,2026/05/18,"36,961,178"
الخدمات الرقمية,عام,القطاع العام,خدمة إلكترونية,2026/05/18,"36,961,253"
الخدمات الرقمية,عام,القطاع العام,خدمة إلكترونية,2026/05/18,"36,962,269"
الخدمات الرقمية,عام,القطاع العام,خدمة إلكترونية,2026/05/18,"36,961,339"
الخدمات الرقمية,عام,القطاع العام,خدمة إلكترونية,2026/05/18,"36,960,981"
الخدمات الرقمية,عام,القطاع العام,خدمة إلكترونية,2026/05/18,"36,961,086"
الخدمات الرقمية,عام,القطاع العام,خدمة إلكترونية,2026/05/18,"36,961,175"
الخدمات الرقمية,عام,القطاع العام,خدمة إلكترونية,2026/05/18,"36,961,192"
الخدمات الرقمية,عام,القطاع العام,خدمة إلكترونية,2026/05/18,"36,961,265"
الخدمات الرقمية,عام,القطاع العام,خدمة إلكترونية,2026/05/18,"36,966,348"
الخدمات الرقمية,عام,القطاع العام,خدمة إلكترونية,2026/05/18,"36,969,869"
الخدمات الرقمية,عام,القطاع العام,خدمة إلكترونية,2026/05/18,"36,970,669"
الخدمات الرقمية,عام,القطاع العام,خدمة إلكترونية,2026/05/18,"36,962,467"
الخدمات الرقمية,عام,القطاع العام,خدمة إلكترونية,2026/05/18,"36,962,584"
الخدمات الرقمية,عام,القطاع العام,خدمة إلكترونية,2026/05/18,"36,963,207"
الخدمات الرقمية,عام,القطاع العام,خدمة إلكترونية,2026/05/18,"36,964,135"
الخدمات الرقمية,عام,القطاع العام,خدمة إلكترونية,2026/05/18,"36,970,469"
الخدمات الرقمية,عام,القطاع العام,خدمة إلكترونية,2026/05/18,"36,960,780"
الخدمات الرقمية,عام,القطاع العام,خدمة إلكترونية,2026/05/18,"36,961,195"
الخدمات الرقمية,عام,القطاع العام,خدمة إلكترونية,2026/05/18,"36,960,783"
الخدمات الرقمية,عام,القطاع العام,خدمة إلكترونية,2026/05/18,"36,961,079"
الخدمات الرقمية,عام,القطاع العام,خدمة إلكترونية,2026/05/18,"36,961,198"
الخدمات الرقمية,عام,القطاع العام,خدمة إلكترونية,2026/05/18,"36,961,210"
الخدمات الرقمية,عام,القطاع العام,خدمة إلكترونية,2026/05/18,"36,961,260"
الخدمات الرقمية,عام,القطاع العام,خدمة إلكترونية,2026/05/18,"36,962,053"
الخدمات الرقمية,عام,القطاع العام,خدمة إلكترونية,2026/05/18,"36,962,274"
الخدمات الرقمية,عام,القطاع العام,خدمة إلكترونية,2026/05/18,"36,960,992"
الخدمات الرقمية,عام,القطاع العام,خدمة إلكترونية,2026/05/18,"36,960,528"
الخدمات الرقمية,عام,القطاع العام,خدمة إلكترونية,2026/05/18,"36,961,284"
الخدمات الرقمية,عام,القطاع العام,خدمة إلكترونية,2026/05/18,"36,962,308"
الخدمات الرقمية,عام,القطاع العام,خدمة إلكترونية,2026/05/18,"36,962,310"
الخدمات الرقمية,عام,القطاع العام,خدمة إلكترونية,2026/05/18,"36,962,704"
الخدمات الرقمية,عام,القطاع العام,خدمة إلكترونية,2026/05/18,"36,963,192"
الخدمات الرقمية,عام,القطاع العام,خدمة إلكترونية,2026/05/18,"36,964,454"
الخدمات الرقمية,عام,القطاع العام,خدمة إلكترونية,2026/05/18,"36,964,746"
الخدمات الرقمية,عام,القطاع العام,خدمة إلكترونية,2026/05/18,"36,964,782"
الخدمات الرقمية,عام,القطاع العام,خدمة إلكترونية,2026/05/18,"36,961,186"
الخدمات الرقمية,عام,القطاع العام,خدمة إلكترونية,2026/05/18,"36,964,161"
الخدمات الرقمية,عام,القطاع العام,خدمة إلكترونية,2026/05/18,"36,960,757"
الخدمات الرقمية,عام,القطاع العام,خدمة إلكترونية,2026/05/18,"36,965,477"
الخدمات الرقمية,عام,القطاع العام,خدمة إلكترونية,2026/05/18,"36,964,449"
الخدمات الرقمية,عام,القطاع العام,خدمة إلكترونية,2026/05/18,"36,962,675"
الخدمات الرقمية,عام,القطاع العام,خدمة إلكترونية,2026/05/18,"36,966,580"
الخدمات الرقمية,عام,القطاع العام,خدمة إلكترونية,2026/05/18,"36,969,699"
الخدمات الرقمية,عام,القطاع العام,خدمة إلكترونية,2026/05/18,"36,961,167"
الخدمات الرقمية,عام,القطاع العام,خدمة إلكترونية,2026/05/18,"36,960,983"
الخدمات الرقمية,عام,القطاع العام,خدمة إلكترونية,2026/05/18,"36,961,088"
الخدمات الرقمية,عام,القطاع العام,خدمة إلكترونية,2026/05/18,"36,970,470"
الخدمات الرقمية,عام,القطاع العام,خدمة إلكترونية,2026/05/18,"36,962,289"
الخدمات الرقمية,عام,القطاع العام,خدمة إلكترونية,2026/05/18,"36,962,418"
الخدمات الرقمية,عام,القطاع العام,خدمة إلكترونية,2026/05/18,"36,962,473"
الخدمات الرقمية,عام,القطاع العام,خدمة إلكترونية,2026/05/18,"36,960,993"
الخدمات الرقمية,عام,القطاع العام,خدمة إلكترونية,2026/05/18,"36,962,140"
الخدمات الرقمية,عام,القطاع العام,خدمة إلكترونية,2026/05/18,"36,960,599"
الخدمات الرقمية,عام,القطاع العام,خدمة إلكترونية,2026/05/18,"36,960,709"
الخدمات الرقمية,عام,القطاع العام,خدمة إلكترونية,2026/05/18,"36,961,338"
الخدمات الرقمية,عام,القطاع العام,خدمة إلكترونية,2026/05/18,"36,961,081"
الخدمات الرقمية,عام,القطاع العام,خدمة إلكترونية,2026/05/18,"36,963,661"
الخدمات الرقمية,عام,القطاع العام,خدمة إلكترونية,2026/05/18,"36,962,576"
الخدمات الرقمية,عام,القطاع العام,خدمة إلكترونية,2026/05/18,"36,964,566"
الخدمات الرقمية,عام,القطاع العام,خدمة إلكترونية,2026/05/18,"36,966,492"
الخدمات الرقمية,عام,القطاع العام,خدمة إلكترونية,2026/05/18,"36,961,100"
الخدمات الرقمية,عام,القطاع العام,خدمة إلكترونية,2026/05/18,"36,966,585"
الخدمات الرقمية,عام,القطاع العام,خدمة إلكترونية,2026/05/18,"36,960,462"
الخدمات الرقمية,عام,القطاع العام,خدمة إلكترونية,2026/05/18,"36,961,282"
الخدمات الرقمية,عام,القطاع العام,خدمة إلكترونية,2026/05/18,"36,977,254"
الخدمات الرقمية,عام,القطاع العام,خدمة إلكترونية,2026/05/18,"36,960,712"
الخدمات الرقمية,عام,القطاع العام,خدمة إلكترونية,2026/05/18,"36,964,436"
الخدمات الرقمية,عام,القطاع العام,خدمة إلكترونية,2026/05/18,"36,962,580"
الخدمات الرقمية,عام,القطاع العام,خدمة إلكترونية,2026/05/18,"36,965,475"
الخدمات الرقمية,عام,القطاع العام,خدمة إلكترونية,2026/05/18,"36,962,184"
الخدمات الرقمية,عام,القطاع العام,خدمة إلكترونية,2026/05/18,"36,964,758"
الخدمات الرقمية,عام,القطاع العام,خدمة إلكترونية,2026/05/18,"36,965,356"
الخدمات الرقمية,عام,القطاع العام,خدمة إلكترونية,2026/05/18,"36,960,707"
الخدمات الرقمية,عام,القطاع العام,خدمة إلكترونية,2026/05/18,"36,961,097"
الخدمات الرقمية,عام,القطاع العام,خدمة إلكترونية,2026/05/18,"36,962,141"
الخدمات الرقمية,عام,القطاع العام,خدمة إلكترونية,2026/05/18,"36,962,280"
الخدمات الرقمية,عام,القطاع العام,خدمة إلكترونية,2026/05/18,"36,962,450"
الخدمات الرقمية,عام,القطاع العام,خدمة إلكترونية,2026/05/18,"36,962,681"
الخدمات الرقمية,عام,القطاع العام,خدمة إلكترونية,2026/05/18,"36,962,463"
الخدمات الرقمية,عام,القطاع العام,خدمة إلكترونية,2026/05/18,"36,966,467"
الخدمات الرقمية,عام,القطاع العام,خدمة إلكترونية,2026/05/18,"36,966,840"
الخدمات الرقمية,عام,القطاع العام,خدمة إلكترونية,2026/05/18,"36,969,586"
الخدمات الرقمية,عام,القطاع العام,خدمة إلكترونية,2026/05/18,"36,961,080"
الخدمات الرقمية,عام,القطاع العام,خدمة إلكترونية,2026/05/18,"36,961,245"
الخدمات الرقمية,عام,القطاع العام,خدمة إلكترونية,2026/05/18,"36,962,248"
الخدمات الرقمية,عام,القطاع العام,خدمة إلكترونية,2026/05/18,"36,963,027"
الخدمات الرقمية,عام,القطاع العام,خدمة إلكترونية,2026/05/18,"36,963,046"
الخدمات الرقمية,عام,القطاع العام,خدمة إلكترونية,2026/05/18,"36,965,363"
الخدمات الرقمية,عام,القطاع العام,خدمة إلكترونية,2026/05/18,"36,965,499"
الخدمات الرقمية,عام,القطاع العام,خدمة إلكترونية,2026/05/18,"36,960,989"
الخدمات الرقمية,عام,القطاع العام,خدمة إلكترونية,2026/05/18,"36,965,052"
الخدمات الرقمية,عام,القطاع العام,خدمة إلكترونية,2026/05/18,"36,960,463"
الخدمات الرقمية,عام,القطاع العام,خدمة إلكترونية,2026/05/18,"36,963,497"
الخدمات الرقمية,عام,القطاع العام,خدمة إلكترونية,2026/05/18,"36,961,257"
الخدمات الرقمية,عام,القطاع العام,خدمة إلكترونية,2026/05/18,"36,962,250"
الخدمات الرقمية,عام,القطاع العام,خدمة إلكترونية,2026/05/18,"36,962,607"
الخدمات الرقمية,عام,القطاع العام,خدمة إلكترونية,2026/05/18,"36,962,693"
الخدمات الرقمية,عام,القطاع العام,خدمة إلكترونية,2026/05/18,"36,964,568"
الخدمات الرقمية,عام,القطاع العام,خدمة إلكترونية,2026/05/18,"36,977,308"
الخدمات الرقمية,عام,القطاع العام,خدمة إلكترونية,2026/05/18,"36,977,310"
الخدمات الرقمية,عام,القطاع العام,خدمة إلكترونية,2026/05/18,"36,962,168"
الخدمات الرقمية,عام,القطاع العام,خدمة إلكترونية,2026/05/18,"36,966,363"
الخدمات الرقمية,عام,القطاع العام,خدمة إلكترونية,2026/05/18,"36,968,588"
الخدمات الرقمية,عام,القطاع العام,خدمة إلكترونية,2026/05/18,"36,962,433"
الخدمات الرقمية,عام,القطاع العام,خدمة إلكترونية,2026/05/18,"36,962,877"
الخدمات الرقمية,عام,القطاع العام,خدمة إلكترونية,2026/05/18,"36,960,720"
الخدمات الرقمية,عام,القطاع العام,خدمة إلكترونية,2026/05/18,"36,962,587"
الخدمات الرقمية,عام,القطاع العام,خدمة إلكترونية,2026/05/18,"36,965,358"
الخدمات الرقمية,عام,القطاع العام,خدمة إلكترونية,2026/05/18,"36,960,711"
الخدمات الرقمية,عام,القطاع العام,خدمة إلكترونية,2026/05/18,"36,964,592"
الخدمات الرقمية,عام,القطاع العام,خدمة إلكترونية,2026/05/18,"36,977,268"
الخدمات الرقمية,عام,القطاع العام,خدمة إلكترونية,2026/05/18,"36,960,697"
الخدمات الرقمية,عام,القطاع العام,خدمة إلكترونية,2026/05/18,"36,969,697"
الخدمات الرقمية,عام,القطاع العام,خدمة إلكترونية,2026/05/18,"36,962,142"
الخدمات الرقمية,عام,القطاع العام,خدمة إلكترونية,2026/05/18,"36,962,414"
الخدمات الرقمية,عام,القطاع العام,خدمة إلكترونية,2026/05/18,"36,962,840"
الخدمات الرقمية,عام,القطاع العام,خدمة إلكترونية,2026/05/18,"36,963,334"
الخدمات الرقمية,عام,القطاع العام,خدمة إلكترونية,2026/05/18,"36,960,532"
الخدمات الرقمية,عام,القطاع العام,خدمة إلكترونية,2026/05/18,"36,961,364"
الخدمات الرقمية,عام,القطاع العام,خدمة إلكترونية,2026/05/18,"36,962,868"
الخدمات الرقمية,عام,القطاع العام,خدمة إلكترونية,2026/05/18,"36,961,177"
الخدمات الرقمية,عام,القطاع العام,خدمة إلكترونية,2026/05/18,"36,963,656"
الخدمات الرقمية,عام,القطاع العام,خدمة إلكترونية,2026/05/18,"36,965,034"
الخدمات الرقمية,عام,القطاع العام,خدمة إلكترونية,2026/05/18,"36,965,381"
الخدمات الرقمية,عام,القطاع العام,خدمة إلكترونية,2026/05/18,"36,969,588"
الخدمات الرقمية,عام,القطاع العام,خدمة إلكترونية,2026/05/18,"36,963,034"
الخدمات الرقمية,عام,القطاع العام,خدمة إلكترونية,2026/05/18,"36,963,507"
الخدمات الرقمية,عام,القطاع العام,خدمة إلكترونية,2026/05/18,"36,963,649"
الخدمات الرقمية,عام,القطاع العام,خدمة إلكترونية,2026/05/18,"36,965,472"
الخدمات الرقمية,عام,القطاع العام,خدمة إلكترونية,2026/05/18,"36,965,619"
الخدمات الرقمية,عام,القطاع العام,خدمة إلكترونية,2026/05/18,"36,961,184"
الخدمات الرقمية,عام,القطاع العام,خدمة إلكترونية,2026/05/18,"36,961,464"
الخدمات الرقمية,عام,القطاع العام,خدمة إلكترونية,2026/05/18,"36,962,689"
الخدمات الرقمية,عام,القطاع العام,خدمة إلكترونية,2026/05/18,"36,962,843"
الخدمات الرقمية,عام,القطاع العام,خدمة إلكترونية,2026/05/18,"36,963,232"
الخدمات الرقمية,عام,القطاع العام,خدمة إلكترونية,2026/05/18,"36,969,879"
الخدمات الرقمية,عام,القطاع العام,خدمة إلكترونية,2026/05/18,"36,963,351"
الخدمات الرقمية,عام,القطاع العام,خدمة إلكترونية,2026/05/18,"36,962,850"
الخدمات الرقمية,عام,القطاع العام,خدمة إلكترونية,2026/05/18,"36,963,017"
الخدمات الرقمية,عام,القطاع العام,خدمة إلكترونية,2026/05/18,"36,963,386"
الخدمات الرقمية,عام,القطاع العام,خدمة إلكترونية,2026/05/18,"36,965,032"
الخدمات الرقمية,عام,القطاع العام,خدمة إلكترونية,2026/05/18,"36,966,583"
الخدمات الرقمية,عام,القطاع العام,خدمة إلكترونية,2026/05/18,"36,969,130"
الخدمات الرقمية,عام,القطاع العام,خدمة إلكترونية,2026/05/18,"36,962,863"
الخدمات الرقمية,عام,القطاع العام,خدمة إلكترونية,2026/05/18,"36,960,490"
الخدمات الرقمية,عام,القطاع العام,خدمة إلكترونية,2026/05/18,"36,963,653"
الخدمات الرقمية,عام,القطاع العام,خدمة إلكترونية,2026/05/18,"36,964,433"
الخدمات الرقمية,عام,القطاع العام,خدمة إلكترونية,2026/05/18,"36,964,584"
الخدمات الرقمية,عام,القطاع العام,خدمة إلكترونية,2026/05/18,"36,965,476"
الخدمات الرقمية,عام,القطاع العام,خدمة إلكترونية,2026/05/18,"36,962,115"
الخدمات الرقمية,عام,القطاع العام,خدمة إلكترونية,2026/05/18,"36,963,519"
الخدمات الرقمية,عام,القطاع العام,خدمة إلكترونية,2026/05/18,"36,961,096"
الخدمات الرقمية,عام,القطاع العام,خدمة إلكترونية,2026/05/18,"36,960,643"
الخدمات الرقمية,عام,القطاع العام,خدمة إلكترونية,2026/05/18,"36,961,337"
الخدمات الرقمية,عام,القطاع العام,خدمة إلكترونية,2026/05/18,"36,962,152"
الخدمات الرقمية,عام,القطاع العام,خدمة إلكترونية,2026/05/18,"36,962,451"
الخدمات الرقمية,عام,القطاع العام,خدمة إلكترونية,2026/05/18,"36,963,000"
الخدمات الرقمية,عام,القطاع العام,خدمة إلكترونية,2026/05/18,"36,962,669"
الخدمات الرقمية,عام,القطاع العام,خدمة إلكترونية,2026/05/18,"36,962,993"
الخدمات الرقمية,عام,القطاع العام,خدمة إلكترونية,2026/05/18,"36,969,458"
الخدمات الرقمية,عام,القطاع العام,خدمة إلكترونية,2026/05/18,"36,969,838"
الخدمات الرقمية,عام,القطاع العام,خدمة إلكترونية,2026/05/18,"36,963,365"
الخدمات الرقمية,عام,القطاع العام,خدمة إلكترونية,2026/05/18,"36,962,557"
الخدمات الرقمية,عام,القطاع العام,خدمة إلكترونية,2026/05/18,"36,963,387"
الخدمات الرقمية,عام,القطاع العام,خدمة إلكترونية,2026/05/18,"36,965,058"
الخدمات الرقمية,عام,القطاع العام,خدمة إلكترونية,2026/05/18,"36,963,353"
الخدمات الرقمية,عام,القطاع العام,خدمة إلكترونية,2026/05/18,"36,965,369"
الخدمات الرقمية,عام,القطاع العام,خدمة إلكترونية,2026/05/18,"36,960,994"
الخدمات الرقمية,عام,القطاع العام,خدمة إلكترونية,2026/05/18,"36,965,479"
الخدمات الرقمية,عام,القطاع العام,خدمة إلكترونية,2026/05/18,"36,962,999"
الخدمات الرقمية,عام,القطاع العام,خدمة إلكترونية,2026/05/18,"36,966,841"
الخدمات الرقمية,عام,القطاع العام,خدمة إلكترونية,2026/05/18,"36,961,102"
الخدمات الرقمية,عام,القطاع العام,خدمة إلكترونية,2026/05/18,"36,964,587"
الخدمات الرقمية,عام,القطاع العام,خدمة إلكترونية,2026/05/18,"36,963,355"
الخدمات الرقمية,عام,القطاع العام,خدمة إلكترونية,2026/05/18,"36,961,168"
الخدمات الرقمية,عام,القطاع العام,خدمة إلكترونية,2026/05/18,"36,961,267"
الخدمات الرقمية,عام,القطاع العام,خدمة إلكترونية,2026/05/18,"36,963,006"
الخدمات الرقمية,عام,القطاع العام,خدمة إلكترونية,2026/05/18,"36,963,222"
الخدمات الرقمية,عام,القطاع العام,خدمة إلكترونية,2026/05/18,"36,961,089"
الخدمات الرقمية,عام,القطاع العام,خدمة إلكترونية,2026/05/18,"36,969,854"
الخدمات الرقمية,عام,القطاع العام,خدمة إلكترونية,2026/05/18,"36,962,679"
الخدمات الرقمية,عام,القطاع العام,خدمة إلكترونية,2026/05/18,"36,964,157"
الخدمات الرقمية,عام,القطاع العام,خدمة إلكترونية,2026/05/18,"36,963,164"
الخدمات الرقمية,عام,القطاع العام,خدمة إلكترونية,2026/05/18,"36,963,029"
الخدمات الرقمية,عام,القطاع العام,خدمة إلكترونية,2026/05/18,"36,966,817"
الخدمات الرقمية,عام,القطاع العام,خدمة إلكترونية,2026/05/18,"36,961,250"
الخدمات الرقمية,عام,القطاع العام,خدمة إلكترونية,2026/05/18,"36,961,221"
الخدمات الرقمية,عام,القطاع العام,خدمة إلكترونية,2026/05/18,"36,969,555"
الخدمات الرقمية,عام,القطاع العام,خدمة إلكترونية,2026/05/18,"36,965,503"
الخدمات الرقمية,عام,القطاع العام,خدمة إلكترونية,2026/05/18,"36,961,166"
الخدمات الرقمية,عام,القطاع العام,خدمة إلكترونية,2026/05/18,"36,960,726"
الخدمات الرقمية,عام,القطاع العام,خدمة إلكترونية,2026/05/18,"36,961,249"
الخدمات الرقمية,عام,القطاع العام,خدمة إلكترونية,2026/05/18,"36,962,867"
الخدمات الرقمية,عام,القطاع العام,خدمة إلكترونية,2026/05/18,"36,960,485"
الخدمات الرقمية,عام,القطاع العام,خدمة إلكترونية,2026/05/18,"36,960,648"
الخدمات الرقمية,عام,القطاع العام,خدمة إلكترونية,2026/05/18,"36,965,100"
الخدمات الرقمية,عام,القطاع العام,خدمة إلكترونية,2026/05/18,"36,960,457"
الخدمات الرقمية,عام,القطاع العام,خدمة إلكترونية,2026/05/18,"36,961,199"
الخدمات الرقمية,عام,القطاع العام,خدمة إلكترونية,2026/05/18,"36,962,874"
الخدمات الرقمية,عام,القطاع العام,خدمة إلكترونية,2026/05/18,"36,965,366"
الخدمات الرقمية,عام,القطاع العام,خدمة إلكترونية,2026/05/18,"36,960,640"
الخدمات الرقمية,عام,القطاع العام,خدمة إلكترونية,2026/05/18,"36,962,604"
الخدمات الرقمية,عام,القطاع العام,خدمة إلكترونية,2026/05/18,"36,961,266"
الخدمات الرقمية,عام,القطاع العام,خدمة إلكترونية,2026/05/18,"36,966,569"
الخدمات الرقمية,عام,القطاع العام,خدمة إلكترونية,2026/05/18,"36,963,243"
الخدمات الرقمية,عام,القطاع العام,خدمة إلكترونية,2026/05/18,"36,964,745"
الخدمات الرقمية,عام,القطاع العام,خدمة إلكترونية,2026/05/18,"36,965,023"
الخدمات الرقمية,عام,القطاع العام,خدمة إلكترونية,2026/05/18,"36,965,047"
الخدمات الرقمية,عام,القطاع العام,خدمة إلكترونية,2026/05/18,"36,966,809"
الخدمات الرقمية,عام,القطاع العام,خدمة إلكترونية,2026/05/18,"36,966,819"
الخدمات الرقمية,عام,القطاع العام,خدمة إلكترونية,2026/05/18,"36,966,589"
الخدمات الرقمية,عام,القطاع العام,خدمة إلكترونية,2026/05/18,"36,963,007"
الخدمات الرقمية,عام,القطاع العام,خدمة إلكترونية,2026/05/18,"36,960,774"
الخدمات الرقمية,عام,القطاع العام,خدمة إلكترونية,2026/05/18,"36,961,188"
الخدمات الرقمية,عام,القطاع العام,خدمة إلكترونية,2026/05/18,"36,966,586"
الخدمات الرقمية,عام,القطاع العام,خدمة إلكترونية,2026/05/18,"36,966,681"
الخدمات الرقمية,عام,القطاع العام,خدمة إلكترونية,2026/05/18,"36,977,307"
الخدمات الرقمية,عام,القطاع العام,خدمة إلكترونية,2026/05/18,"36,962,575"
الخدمات الرقمية,عام,القطاع العام,خدمة إلكترونية,2026/05/18,"36,963,260"
الخدمات الرقمية,عام,القطاع العام,خدمة إلكترونية,2026/05/18,"36,962,419"
الخدمات الرقمية,عام,القطاع العام,خدمة إلكترونية,2026/05/18,"36,962,145"
الخدمات الرقمية,عام,القطاع العام,خدمة إلكترونية,2026/05/18,"36,977,267"
الخدمات الرقمية,عام,القطاع العام,خدمة إلكترونية,2026/05/18,"36,963,490"
الخدمات الرقمية,عام,القطاع العام,خدمة إلكترونية,2026/05/18,"36,968,277"
الخدمات الرقمية,عام,القطاع العام,خدمة إلكترونية,2026/05/18,"36,962,677"
الخدمات الرقمية,عام,القطاع العام,خدمة إلكترونية,2026/05/18,"36,963,023"
الخدمات الرقمية,عام,القطاع العام,خدمة إلكترونية,2026/05/18,"36,963,807"
الخدمات الرقمية,عام,القطاع العام,خدمة إلكترونية,2026/05/18,"36,964,448"
الخدمات الرقمية,عام,القطاع العام,خدمة إلكترونية,2026/05/18,"36,961,077"
الخدمات الرقمية,عام,القطاع العام,خدمة إلكترونية,2026/05/18,"36,961,251"
الخدمات الرقمية,عام,القطاع العام,خدمة إلكترونية,2026/05/18,"36,963,357"
الخدمات الرقمية,عام,القطاع العام,خدمة إلكترونية,2026/05/18,"36,961,106"
الخدمات الرقمية,عام,القطاع العام,خدمة إلكترونية,2026/05/18,"36,962,180"
الخدمات الرقمية,عام,القطاع العام,خدمة إلكترونية,2026/05/18,"36,962,676"
الخدمات الرقمية,عام,القطاع العام,خدمة إلكترونية,2026/05/18,"36,963,361"
 الشرقية,الدمام,القطاع الخاص,خدمة إلكترونية جزئيا,2026/05/19,"36,987,129"
 تبوك,تبوك,القطاع الخاص,خدمة إلكترونية جزئيا,2026/05/19,"36,981,815"
 القصيم,بريده,القطاع الخاص,خدمة إلكترونية جزئيا,2026/05/19,"36,986,909"
 الشرقية,الخبر,القطاع الخاص,خدمة إلكترونية جزئيا,2026/05/19,"36,982,620"
 الشرقية,الدمام,القطاع الخاص,خدمة إلكترونية جزئيا,2026/05/19,"36,985,604"
 الشرقية,الدمام,القطاع الخاص,خدمة إلكترونية جزئيا,2026/05/19,"36,986,362"
 الشرقية,الدمام,القطاع الخاص,خدمة إلكترونية جزئيا,2026/05/19,"36,986,684"
 الشرقية,الدمام,القطاع الخاص,خدمة إلكترونية جزئيا,2026/05/19,"36,986,111"
 جازان,جيزان,القطاع الخاص,خدمة إلكترونية جزئيا,2026/05/19,"36,987,262"
 الشرقية,الدمام,القطاع الخاص,خدمة إلكترونية جزئيا,2026/05/19,"36,981,263"
 الشرقية,الدمام,القطاع الخاص,خدمة إلكترونية جزئيا,2026/05/19,"36,981,424"
 حائل,حائل,القطاع الخاص,خدمة إلكترونية جزئيا,2026/05/19,"36,996,531"
 حائل,حائل,القطاع الخاص,خدمة إلكترونية جزئيا,2026/05/19,"36,983,572"
الخدمات الرقمية,عام,القطاع العام,خدمة إلكترونية,2026/05/19,"36,991,599"
 الشرقية,الدمام,القطاع العام,خدمة إلكترونية جزئيا,2026/05/19,"36,982,577"
 مكة المكرمه,الطائف,القطاع الخاص,خدمة إلكترونية جزئيا,2026/05/19,"36,992,100"
 الشرقية,الدمام,القطاع الخاص,خدمة إلكترونية جزئيا,2026/05/19,"36,981,432"
 جازان,جيزان,القطاع الخاص,خدمة إلكترونية جزئيا,2026/05/19,"36,987,508"
 القصيم,بريده,القطاع الخاص,خدمة إلكترونية جزئيا,2026/05/19,"36,986,988"
 تبوك,تبوك,القطاع الخاص,خدمة إلكترونية جزئيا,2026/05/19,"36,981,917"
 الرياض,الرياض,القطاع الخاص,خدمة إلكترونية جزئيا,2026/05/19,"36,987,070"
 حائل,حائل,القطاع الخاص,خدمة إلكترونية جزئيا,2026/05/19,"36,984,322"
 الشرقية,الخبر,القطاع الخاص,خدمة إلكترونية جزئيا,2026/05/19,"36,982,654"
 الشرقية,الدمام,القطاع الخاص,خدمة إلكترونية جزئيا,2026/05/19,"36,987,185"
 جازان,جيزان,القطاع الخاص,خدمة إلكترونية جزئيا,2026/05/19,"36,988,715"
 جازان,جيزان,القطاع الخاص,خدمة إلكترونية جزئيا,2026/05/19,"36,987,698"
 الشرقية,الدمام,القطاع الخاص,خدمة إلكترونية جزئيا,2026/05/19,"36,981,370"
الخدمات الرقمية,عام,القطاع العام,خدمة إلكترونية,2026/05/19,"37,001,361"
الخدمات الرقمية,عام,القطاع العام,خدمة إلكترونية,2026/05/19,"37,002,981"
الخدمات الرقمية,عام,القطاع العام,خدمة إلكترونية,2026/05/19,"36,981,686"
الخدمات الرقمية,عام,القطاع العام,خدمة إلكترونية,2026/05/19,"36,982,237"
الخدمات الرقمية,عام,القطاع العام,خدمة إلكترونية,2026/05/19,"36,984,220"
الخدمات الرقمية,عام,القطاع العام,خدمة إلكترونية,2026/05/19,"36,990,135"
الخدمات الرقمية,عام,القطاع العام,خدمة إلكترونية,2026/05/19,"36,997,566"
الخدمات الرقمية,عام,القطاع العام,خدمة إلكترونية,2026/05/19,"36,982,253"
الخدمات الرقمية,عام,القطاع العام,خدمة إلكترونية,2026/05/19,"36,992,622"
الخدمات الرقمية,عام,القطاع العام,خدمة إلكترونية,2026/05/19,"36,984,618"
الخدمات الرقمية,عام,القطاع العام,خدمة إلكترونية,2026/05/19,"36,997,575"
الخدمات الرقمية,عام,القطاع العام,خدمة إلكترونية,2026/05/19,"36,988,436"
الخدمات الرقمية,عام,القطاع العام,خدمة إلكترونية,2026/05/19,"36,984,268"
الخدمات الرقمية,عام,القطاع العام,خدمة إلكترونية,2026/05/19,"36,997,572"
الخدمات الرقمية,عام,القطاع العام,خدمة إلكترونية,2026/05/19,"36,990,136"
الخدمات الرقمية,عام,القطاع العام,خدمة إلكترونية,2026/05/19,"36,994,076"
الخدمات الرقمية,عام,القطاع العام,خدمة إلكترونية,2026/05/19,"36,992,546"
الخدمات الرقمية,عام,القطاع العام,خدمة إلكترونية,2026/05/19,"36,978,756"
الخدمات الرقمية,عام,القطاع العام,خدمة إلكترونية,2026/05/19,"36,996,589"
الخدمات الرقمية,عام,القطاع العام,خدمة إلكترونية,2026/05/19,"36,981,329"
الخدمات الرقمية,عام,القطاع العام,خدمة إلكترونية,2026/05/19,"36,987,047"
الخدمات الرقمية,عام,القطاع العام,خدمة إلكترونية,2026/05/19,"36,978,675"
الخدمات الرقمية,عام,القطاع العام,خدمة إلكترونية,2026/05/19,"36,997,363"
الخدمات الرقمية,عام,القطاع العام,خدمة إلكترونية,2026/05/19,"36,996,500"
الخدمات الرقمية,عام,القطاع العام,خدمة إلكترونية,2026/05/19,"36,999,130"
الخدمات الرقمية,عام,القطاع العام,خدمة إلكترونية,2026/05/19,"36,996,900"
الخدمات الرقمية,عام,القطاع العام,خدمة إلكترونية,2026/05/19,"36,992,489"
الخدمات الرقمية,عام,القطاع العام,خدمة إلكترونية,2026/05/19,"36,992,738"
الخدمات الرقمية,عام,القطاع العام,خدمة إلكترونية,2026/05/19,"36,982,292"
الخدمات الرقمية,عام,القطاع العام,خدمة إلكترونية,2026/05/19,"36,994,742"
الخدمات الرقمية,عام,القطاع العام,خدمة إلكترونية,2026/05/19,"36,986,938"
الخدمات الرقمية,عام,القطاع العام,خدمة إلكترونية,2026/05/19,"36,983,355"
الخدمات الرقمية,عام,القطاع العام,خدمة إلكترونية,2026/05/19,"36,980,511"
الخدمات الرقمية,عام,القطاع العام,خدمة إلكترونية,2026/05/19,"36,996,548"
الخدمات الرقمية,عام,القطاع العام,خدمة إلكترونية,2026/05/19,"36,996,620"
الخدمات الرقمية,عام,القطاع العام,خدمة إلكترونية,2026/05/19,"36,996,737"
الخدمات الرقمية,عام,القطاع العام,خدمة إلكترونية,2026/05/19,"36,997,683"
الخدمات الرقمية,عام,القطاع العام,خدمة إلكترونية,2026/05/19,"36,982,739"
الخدمات الرقمية,عام,القطاع العام,خدمة إلكترونية,2026/05/19,"36,994,878"
الخدمات الرقمية,عام,القطاع العام,خدمة إلكترونية,2026/05/19,"36,991,870"
الخدمات الرقمية,عام,القطاع العام,خدمة إلكترونية,2026/05/19,"36,983,518"
الخدمات الرقمية,عام,القطاع العام,خدمة إلكترونية,2026/05/19,"36,993,813"
الخدمات الرقمية,عام,القطاع العام,خدمة إلكترونية,2026/05/19,"36,983,673"
الخدمات الرقمية,عام,القطاع العام,خدمة إلكترونية,2026/05/19,"36,995,482"
الخدمات الرقمية,عام,القطاع العام,خدمة إلكترونية,2026/05/19,"36,996,519"
الخدمات الرقمية,عام,القطاع العام,خدمة إلكترونية,2026/05/19,"36,983,416"
الخدمات الرقمية,عام,القطاع العام,خدمة إلكترونية,2026/05/19,"36,987,002"
الخدمات الرقمية,عام,القطاع العام,خدمة إلكترونية,2026/05/19,"36,990,799"
الخدمات الرقمية,عام,القطاع العام,خدمة إلكترونية,2026/05/19,"36,985,166"
الخدمات الرقمية,عام,القطاع العام,خدمة إلكترونية,2026/05/19,"36,993,033"
الخدمات الرقمية,عام,القطاع العام,خدمة إلكترونية,2026/05/19,"36,995,318"
الخدمات الرقمية,عام,القطاع العام,خدمة إلكترونية,2026/05/19,"36,978,839"
الخدمات الرقمية,عام,القطاع العام,خدمة إلكترونية,2026/05/19,"36,997,793"
الخدمات الرقمية,عام,القطاع العام,خدمة إلكترونية,2026/05/19,"36,982,563"
الخدمات الرقمية,عام,القطاع العام,خدمة إلكترونية,2026/05/19,"36,982,584"
الخدمات الرقمية,عام,القطاع العام,خدمة إلكترونية,2026/05/19,"36,984,783"
الخدمات الرقمية,عام,القطاع العام,خدمة إلكترونية,2026/05/19,"36,994,209"
الخدمات الرقمية,عام,القطاع العام,خدمة إلكترونية,2026/05/19,"36,987,083"
الخدمات الرقمية,عام,القطاع العام,خدمة إلكترونية,2026/05/19,"36,990,706"
الخدمات الرقمية,عام,القطاع العام,خدمة إلكترونية,2026/05/19,"36,987,226"
الخدمات الرقمية,عام,القطاع العام,خدمة إلكترونية,2026/05/19,"36,982,238"
الخدمات الرقمية,عام,القطاع العام,خدمة إلكترونية,2026/05/19,"36,984,512"
الخدمات الرقمية,عام,القطاع العام,خدمة إلكترونية,2026/05/19,"36,984,489"
الخدمات الرقمية,عام,القطاع العام,خدمة إلكترونية,2026/05/19,"36,984,766"
الخدمات الرقمية,عام,القطاع العام,خدمة إلكترونية,2026/05/19,"36,984,298"
الخدمات الرقمية,عام,القطاع العام,خدمة إلكترونية,2026/05/19,"36,986,021"
الخدمات الرقمية,عام,القطاع العام,خدمة إلكترونية,2026/05/19,"36,984,300"
الخدمات الرقمية,عام,القطاع العام,خدمة إلكترونية,2026/05/19,"36,993,772"
الخدمات الرقمية,عام,القطاع العام,خدمة إلكترونية,2026/05/19,"36,984,295"
الخدمات الرقمية,عام,القطاع العام,خدمة إلكترونية,2026/05/19,"36,984,628"
الخدمات الرقمية,عام,القطاع العام,خدمة إلكترونية,2026/05/19,"36,983,077"
الخدمات الرقمية,عام,القطاع العام,خدمة إلكترونية,2026/05/19,"36,984,957"
الخدمات الرقمية,عام,القطاع العام,خدمة إلكترونية,2026/05/19,"36,982,586"
الخدمات الرقمية,عام,القطاع العام,خدمة إلكترونية,2026/05/19,"36,982,850"
الخدمات الرقمية,عام,القطاع العام,خدمة إلكترونية,2026/05/19,"36,983,973"
الخدمات الرقمية,عام,القطاع العام,خدمة إلكترونية,2026/05/19,"36,985,379"
الخدمات الرقمية,عام,القطاع العام,خدمة إلكترونية,2026/05/19,"36,984,774"
الخدمات الرقمية,عام,القطاع العام,خدمة إلكترونية,2026/05/19,"36,984,655"
الخدمات الرقمية,عام,القطاع العام,خدمة إلكترونية,2026/05/19,"36,984,478"
الخدمات الرقمية,عام,القطاع العام,خدمة إلكترونية,2026/05/19,"36,988,290"
الخدمات الرقمية,عام,القطاع العام,خدمة إلكترونية,2026/05/19,"36,991,064"
الخدمات الرقمية,عام,القطاع العام,خدمة إلكترونية,2026/05/19,"36,992,641"
الخدمات الرقمية,عام,القطاع العام,خدمة إلكترونية,2026/05/19,"36,987,087"
الخدمات الرقمية,عام,القطاع العام,خدمة إلكترونية,2026/05/19,"36,985,377"
الخدمات الرقمية,عام,القطاع العام,خدمة إلكترونية,2026/05/19,"36,985,613"
الخدمات الرقمية,عام,القطاع العام,خدمة إلكترونية,2026/05/19,"36,982,240"
الخدمات الرقمية,عام,القطاع العام,خدمة إلكترونية,2026/05/19,"36,987,936"
الخدمات الرقمية,عام,القطاع العام,خدمة إلكترونية,2026/05/19,"36,993,558"
الخدمات الرقمية,عام,القطاع العام,خدمة إلكترونية,2026/05/19,"36,984,544"
الخدمات الرقمية,عام,القطاع العام,خدمة إلكترونية,2026/05/19,"36,984,965"
الخدمات الرقمية,عام,القطاع العام,خدمة إلكترونية,2026/05/19,"36,984,574"
الخدمات الرقمية,عام,القطاع العام,خدمة إلكترونية,2026/05/19,"36,991,253"
الخدمات الرقمية,عام,القطاع العام,خدمة إلكترونية,2026/05/19,"36,984,631"
الخدمات الرقمية,عام,القطاع العام,خدمة إلكترونية,2026/05/19,"36,993,601"
الخدمات الرقمية,عام,القطاع العام,خدمة إلكترونية,2026/05/19,"36,983,116"
الخدمات الرقمية,عام,القطاع العام,خدمة إلكترونية,2026/05/19,"36,984,145"
الخدمات الرقمية,عام,القطاع العام,خدمة إلكترونية,2026/05/19,"36,992,444"
الخدمات الرقمية,عام,القطاع العام,خدمة إلكترونية,2026/05/19,"36,982,236"
الخدمات الرقمية,عام,القطاع العام,خدمة إلكترونية,2026/05/19,"36,991,256"
الخدمات الرقمية,عام,القطاع العام,خدمة إلكترونية,2026/05/19,"36,987,085"
الخدمات الرقمية,عام,القطاع العام,خدمة إلكترونية,2026/05/19,"36,987,753"
الخدمات الرقمية,عام,القطاع العام,خدمة إلكترونية,2026/05/19,"36,990,522"
الخدمات الرقمية,عام,القطاع العام,خدمة إلكترونية,2026/05/19,"36,993,581"
الخدمات الرقمية,عام,القطاع العام,خدمة إلكترونية,2026/05/19,"36,985,617"
الخدمات الرقمية,عام,القطاع العام,خدمة إلكترونية,2026/05/19,"36,982,744"
الخدمات الرقمية,عام,القطاع العام,خدمة إلكترونية,2026/05/19,"36,987,065"
الخدمات الرقمية,عام,القطاع العام,خدمة إلكترونية,2026/05/19,"36,988,133"
الخدمات الرقمية,عام,القطاع العام,خدمة إلكترونية,2026/05/19,"36,992,055"
الخدمات الرقمية,عام,القطاع العام,خدمة إلكترونية,2026/05/19,"36,990,732"
الخدمات الرقمية,عام,القطاع العام,خدمة إلكترونية,2026/05/19,"36,994,605"
الخدمات الرقمية,عام,القطاع العام,خدمة إلكترونية,2026/05/19,"36,991,269"
الخدمات الرقمية,عام,القطاع العام,خدمة إلكترونية,2026/05/19,"36,991,254"
الخدمات الرقمية,عام,القطاع العام,خدمة إلكترونية,2026/05/19,"36,982,950"
الخدمات الرقمية,عام,القطاع العام,خدمة إلكترونية,2026/05/19,"36,993,578"
الخدمات الرقمية,عام,القطاع العام,خدمة إلكترونية,2026/05/19,"36,982,649"
الخدمات الرقمية,عام,القطاع العام,خدمة إلكترونية,2026/05/19,"36,993,770"
الخدمات الرقمية,عام,القطاع العام,خدمة إلكترونية,2026/05/19,"36,981,771"
الخدمات الرقمية,عام,القطاع العام,خدمة إلكترونية,2026/05/19,"36,984,770"
الخدمات الرقمية,عام,القطاع العام,خدمة إلكترونية,2026/05/19,"36,994,221"
الخدمات الرقمية,عام,القطاع العام,خدمة إلكترونية,2026/05/19,"36,984,130"
الخدمات الرقمية,عام,القطاع العام,خدمة إلكترونية,2026/05/19,"36,984,129"
الخدمات الرقمية,عام,القطاع العام,خدمة إلكترونية,2026/05/19,"36,993,774"
الخدمات الرقمية,عام,القطاع العام,خدمة إلكترونية,2026/05/19,"36,985,615"
الخدمات الرقمية,عام,القطاع العام,خدمة إلكترونية,2026/05/19,"36,988,105"
الخدمات الرقمية,عام,القطاع العام,خدمة إلكترونية,2026/05/19,"36,984,128"
الخدمات الرقمية,عام,القطاع العام,خدمة إلكترونية,2026/05/19,"36,991,278"
 مكة المكرمه,جده,القطاع الخاص,خدمة إلكترونية جزئيا,2026/05/20,"37,023,047"
 مكة المكرمه,جده,القطاع الخاص,خدمة إلكترونية جزئيا,2026/05/20,"37,024,764"
 مكة المكرمه,جده,القطاع الخاص,خدمة إلكترونية جزئيا,2026/05/20,"37,020,525"
 مكة المكرمه,جده,القطاع الخاص,خدمة إلكترونية جزئيا,2026/05/20,"37,020,480"
 مكة المكرمه,جده,القطاع الخاص,خدمة إلكترونية جزئيا,2026/05/20,"37,022,939"
 مكة المكرمه,جده,القطاع الخاص,خدمة إلكترونية جزئيا,2026/05/20,"37,023,526"
 تبوك,تيماء,القطاع الخاص,خدمة إلكترونية جزئيا,2026/05/20,"37,028,363"
 الشرقية,الدمام,القطاع الخاص,خدمة إلكترونية جزئيا,2026/05/20,"37,013,478"
 الرياض,الرياض,القطاع الخاص,خدمة إلكترونية جزئيا,2026/05/20,"37,010,719"
الخدمات الرقمية,عام,القطاع العام,خدمة إلكترونية,2026/05/20,"37,015,798"
 مكة المكرمه,جده,القطاع الخاص,خدمة إلكترونية جزئيا,2026/05/20,"37,019,477"
 الرياض,الرياض,القطاع الخاص,خدمة إلكترونية جزئيا,2026/05/20,"37,017,499"
 القصيم,بريده,القطاع الخاص,خدمة إلكترونية جزئيا,2026/05/20,"37,019,255"
 الرياض,الرياض,القطاع الخاص,خدمة إلكترونية جزئيا,2026/05/20,"37,017,433"
 مكة المكرمه,جده,القطاع الخاص,خدمة إلكترونية جزئيا,2026/05/20,"37,011,565"
 مكة المكرمه,جده,القطاع الخاص,خدمة إلكترونية جزئيا,2026/05/20,"37,019,444"
 الرياض,الرياض,القطاع الخاص,خدمة إلكترونية جزئيا,2026/05/20,"37,010,826"
 الشرقية,الدمام,القطاع الخاص,خدمة إلكترونية جزئيا,2026/05/20,"37,014,038"
 مكة المكرمه,جده,القطاع الخاص,خدمة إلكترونية جزئيا,2026/05/20,"37,025,063"
 مكة المكرمه,جده,القطاع الخاص,خدمة إلكترونية جزئيا,2026/05/20,"37,024,778"
 مكة المكرمه,جده,القطاع الخاص,خدمة إلكترونية جزئيا,2026/05/20,"37,024,316"
 مكة المكرمه,جده,القطاع الخاص,خدمة إلكترونية جزئيا,2026/05/20,"37,023,617"
 مكة المكرمه,جده,القطاع الخاص,خدمة إلكترونية جزئيا,2026/05/20,"37,024,134"
 مكة المكرمه,جده,القطاع الخاص,خدمة إلكترونية جزئيا,2026/05/20,"37,025,393"
 مكة المكرمه,جده,القطاع الخاص,خدمة إلكترونية جزئيا,2026/05/20,"37,023,180"
 مكة المكرمه,جده,القطاع الخاص,خدمة إلكترونية جزئيا,2026/05/20,"37,024,449"
 مكة المكرمه,جده,القطاع الخاص,خدمة إلكترونية جزئيا,2026/05/20,"37,025,397"
 مكة المكرمه,جده,القطاع الخاص,خدمة إلكترونية جزئيا,2026/05/20,"37,024,665"
 مكة المكرمه,جده,القطاع الخاص,خدمة إلكترونية جزئيا,2026/05/20,"37,024,548"
 مكة المكرمه,جده,القطاع الخاص,خدمة إلكترونية جزئيا,2026/05/20,"37,023,943"
 تبوك,تيماء,القطاع الخاص,خدمة إلكترونية جزئيا,2026/05/20,"37,028,631"
الخدمات الرقمية,عام,القطاع العام,خدمة إلكترونية,2026/05/20,"37,010,155"
الخدمات الرقمية,عام,القطاع العام,خدمة إلكترونية,2026/05/20,"37,012,155"
الخدمات الرقمية,عام,القطاع العام,خدمة إلكترونية,2026/05/20,"37,007,989"
الخدمات الرقمية,عام,القطاع العام,خدمة إلكترونية,2026/05/20,"37,008,949"
الخدمات الرقمية,عام,القطاع العام,خدمة إلكترونية,2026/05/20,"37,007,123"
الخدمات الرقمية,عام,القطاع العام,خدمة إلكترونية,2026/05/20,"37,007,427"
الخدمات الرقمية,عام,القطاع العام,خدمة إلكترونية,2026/05/20,"37,012,873"
الخدمات الرقمية,عام,القطاع العام,خدمة إلكترونية,2026/05/20,"37,017,149"
الخدمات الرقمية,عام,القطاع العام,خدمة إلكترونية,2026/05/20,"37,018,740"
الخدمات الرقمية,عام,القطاع العام,خدمة إلكترونية,2026/05/20,"37,011,833"
الخدمات الرقمية,عام,القطاع العام,خدمة إلكترونية,2026/05/20,"37,018,165"
الخدمات الرقمية,عام,القطاع العام,خدمة إلكترونية,2026/05/20,"37,018,858"
الخدمات الرقمية,عام,القطاع العام,خدمة إلكترونية,2026/05/20,"37,011,940"
الخدمات الرقمية,عام,القطاع العام,خدمة إلكترونية,2026/05/20,"37,007,296"
الخدمات الرقمية,عام,القطاع العام,خدمة إلكترونية,2026/05/20,"37,016,421"
الخدمات الرقمية,عام,القطاع العام,خدمة إلكترونية,2026/05/20,"37,018,228"
الخدمات الرقمية,عام,القطاع العام,خدمة إلكترونية,2026/05/20,"37,006,977"
الخدمات الرقمية,عام,القطاع العام,خدمة إلكترونية,2026/05/20,"37,007,014"
الخدمات الرقمية,عام,القطاع العام,خدمة إلكترونية,2026/05/20,"37,010,182"
الخدمات الرقمية,عام,القطاع العام,خدمة إلكترونية,2026/05/20,"37,012,115"
الخدمات الرقمية,عام,القطاع العام,خدمة إلكترونية,2026/05/20,"37,018,798"
الخدمات الرقمية,عام,القطاع العام,خدمة إلكترونية,2026/05/20,"37,008,088"
الخدمات الرقمية,عام,القطاع العام,خدمة إلكترونية,2026/05/20,"37,017,762"
الخدمات الرقمية,عام,القطاع العام,خدمة إلكترونية,2026/05/20,"37,018,949"
الخدمات الرقمية,عام,القطاع العام,خدمة إلكترونية,2026/05/20,"37,019,608"
الخدمات الرقمية,عام,القطاع العام,خدمة إلكترونية,2026/05/20,"37,006,983"
الخدمات الرقمية,عام,القطاع العام,خدمة إلكترونية,2026/05/20,"37,007,257"
الخدمات الرقمية,عام,القطاع العام,خدمة إلكترونية,2026/05/20,"37,012,366"
الخدمات الرقمية,عام,القطاع العام,خدمة إلكترونية,2026/05/20,"37,013,084"
الخدمات الرقمية,عام,القطاع العام,خدمة إلكترونية,2026/05/20,"37,014,439"
الخدمات الرقمية,عام,القطاع العام,خدمة إلكترونية,2026/05/20,"37,017,203"
الخدمات الرقمية,عام,القطاع العام,خدمة إلكترونية,2026/05/20,"37,018,540"
الخدمات الرقمية,عام,القطاع العام,خدمة إلكترونية,2026/05/20,"37,011,727"
الخدمات الرقمية,عام,القطاع العام,خدمة إلكترونية,2026/05/20,"37,011,919"
الخدمات الرقمية,عام,القطاع العام,خدمة إلكترونية,2026/05/20,"37,012,295"
الخدمات الرقمية,عام,القطاع العام,خدمة إلكترونية,2026/05/20,"37,017,510"
الخدمات الرقمية,عام,القطاع العام,خدمة إلكترونية,2026/05/20,"37,007,095"
الخدمات الرقمية,عام,القطاع العام,خدمة إلكترونية,2026/05/20,"37,012,184"
الخدمات الرقمية,عام,القطاع العام,خدمة إلكترونية,2026/05/20,"37,008,203"
الخدمات الرقمية,عام,القطاع العام,خدمة إلكترونية,2026/05/20,"37,012,073"
الخدمات الرقمية,عام,القطاع العام,خدمة إلكترونية,2026/05/20,"37,019,671"
الخدمات الرقمية,عام,القطاع العام,خدمة إلكترونية,2026/05/20,"37,007,957"
الخدمات الرقمية,عام,القطاع العام,خدمة إلكترونية,2026/05/20,"37,007,232"
الخدمات الرقمية,عام,القطاع العام,خدمة إلكترونية,2026/05/20,"37,012,685"
الخدمات الرقمية,عام,القطاع العام,خدمة إلكترونية,2026/05/20,"37,006,998"
الخدمات الرقمية,عام,القطاع العام,خدمة إلكترونية,2026/05/20,"37,010,791"
الخدمات الرقمية,عام,القطاع العام,خدمة إلكترونية,2026/05/20,"37,012,212"
الخدمات الرقمية,عام,القطاع العام,خدمة إلكترونية,2026/05/20,"37,018,035"
الخدمات الرقمية,عام,القطاع العام,خدمة إلكترونية,2026/05/20,"37,018,440"
الخدمات الرقمية,عام,القطاع العام,خدمة إلكترونية,2026/05/20,"37,011,837"
الخدمات الرقمية,عام,القطاع العام,خدمة إلكترونية,2026/05/20,"37,015,238"
الخدمات الرقمية,عام,القطاع العام,خدمة إلكترونية,2026/05/20,"37,012,094"
الخدمات الرقمية,عام,القطاع العام,خدمة إلكترونية,2026/05/20,"37,007,388"
الخدمات الرقمية,عام,القطاع العام,خدمة إلكترونية,2026/05/20,"37,008,291"
الخدمات الرقمية,عام,القطاع العام,خدمة إلكترونية,2026/05/20,"37,017,490"
الخدمات الرقمية,عام,القطاع العام,خدمة إلكترونية,2026/05/20,"37,008,212"
الخدمات الرقمية,عام,القطاع العام,خدمة إلكترونية,2026/05/20,"37,017,922"
الخدمات الرقمية,عام,القطاع العام,خدمة إلكترونية,2026/05/20,"37,018,897"
الخدمات الرقمية,عام,القطاع العام,خدمة إلكترونية,2026/05/20,"37,007,045"
الخدمات الرقمية,عام,القطاع العام,خدمة إلكترونية,2026/05/20,"37,019,140"
الخدمات الرقمية,عام,القطاع العام,خدمة إلكترونية,2026/05/20,"37,015,315"
الخدمات الرقمية,عام,القطاع العام,خدمة إلكترونية,2026/05/20,"37,012,278"
الخدمات الرقمية,عام,القطاع العام,خدمة إلكترونية,2026/05/20,"37,017,110"
الخدمات الرقمية,عام,القطاع العام,خدمة إلكترونية,2026/05/20,"37,010,565"
الخدمات الرقمية,عام,القطاع العام,خدمة إلكترونية,2026/05/20,"37,017,080"
الخدمات الرقمية,عام,القطاع العام,خدمة إلكترونية,2026/05/20,"37,007,460"
الخدمات الرقمية,عام,القطاع العام,خدمة إلكترونية,2026/05/20,"37,007,135"
الخدمات الرقمية,عام,القطاع العام,خدمة إلكترونية,2026/05/20,"37,018,376"
الخدمات الرقمية,عام,القطاع العام,خدمة إلكترونية,2026/05/20,"37,009,144"
الخدمات الرقمية,عام,القطاع العام,خدمة إلكترونية,2026/05/20,"37,007,273"
الخدمات الرقمية,عام,القطاع العام,خدمة إلكترونية,2026/05/20,"37,016,401"
الخدمات الرقمية,عام,القطاع العام,خدمة إلكترونية,2026/05/20,"37,017,442"
الخدمات الرقمية,عام,القطاع العام,خدمة إلكترونية,2026/05/20,"37,006,970"
الخدمات الرقمية,عام,القطاع العام,خدمة إلكترونية,2026/05/20,"37,019,467"
الخدمات الرقمية,عام,القطاع العام,خدمة إلكترونية,2026/05/20,"37,007,872"
الخدمات الرقمية,عام,القطاع العام,خدمة إلكترونية,2026/05/20,"37,018,287"
الخدمات الرقمية,عام,القطاع العام,خدمة إلكترونية,2026/05/20,"37,010,545"
الخدمات الرقمية,عام,القطاع العام,خدمة إلكترونية,2026/05/20,"37,006,590"
الخدمات الرقمية,عام,القطاع العام,خدمة إلكترونية,2026/05/20,"37,003,496"
الخدمات الرقمية,عام,القطاع العام,خدمة إلكترونية,2026/05/20,"37,012,170"
الخدمات الرقمية,عام,القطاع العام,خدمة إلكترونية,2026/05/20,"37,017,959"
الخدمات الرقمية,عام,القطاع العام,خدمة إلكترونية,2026/05/20,"37,007,162"
الخدمات الرقمية,عام,القطاع العام,خدمة إلكترونية,2026/05/20,"37,010,578"
الخدمات الرقمية,عام,القطاع العام,خدمة إلكترونية,2026/05/20,"37,016,787"
الخدمات الرقمية,عام,القطاع العام,خدمة إلكترونية,2026/05/20,"37,016,869"
الخدمات الرقمية,عام,القطاع العام,خدمة إلكترونية,2026/05/20,"37,016,873"
الخدمات الرقمية,عام,القطاع العام,خدمة إلكترونية,2026/05/20,"37,018,131"
الخدمات الرقمية,عام,القطاع العام,خدمة إلكترونية,2026/05/20,"37,010,217"
الخدمات الرقمية,عام,القطاع العام,خدمة إلكترونية,2026/05/20,"37,026,553"
الخدمات الرقمية,عام,القطاع العام,خدمة إلكترونية,2026/05/20,"37,024,437"
الخدمات الرقمية,عام,القطاع العام,خدمة إلكترونية,2026/05/20,"37,023,707"
الخدمات الرقمية,عام,القطاع العام,خدمة إلكترونية,2026/05/20,"37,024,432"
الخدمات الرقمية,عام,القطاع العام,خدمة إلكترونية,2026/05/20,"37,024,439"
الخدمات الرقمية,عام,القطاع العام,خدمة إلكترونية,2026/05/20,"37,024,429"
الخدمات الرقمية,عام,القطاع العام,خدمة إلكترونية,2026/05/20,"37,028,543"
الخدمات الرقمية,عام,القطاع العام,خدمة إلكترونية,2026/05/20,"37,028,128"
الخدمات الرقمية,عام,القطاع العام,خدمة إلكترونية,2026/05/20,"37,024,431"
الخدمات الرقمية,عام,القطاع العام,خدمة إلكترونية,2026/05/20,"37,027,893"
الخدمات الرقمية,عام,القطاع العام,خدمة إلكترونية,2026/05/20,"37,028,040"
الخدمات الرقمية,عام,القطاع العام,خدمة إلكترونية,2026/05/20,"37,028,118"
الخدمات الرقمية,عام,القطاع العام,خدمة إلكترونية,2026/05/20,"37,029,739"
الخدمات الرقمية,عام,القطاع العام,خدمة إلكترونية,2026/05/20,"37,027,844"
الخدمات الرقمية,عام,القطاع العام,خدمة إلكترونية,2026/05/20,"37,028,096"
الخدمات الرقمية,عام,القطاع العام,خدمة إلكترونية,2026/05/20,"37,022,495"
الخدمات الرقمية,عام,القطاع العام,خدمة إلكترونية,2026/05/20,"37,028,168"
الخدمات الرقمية,عام,القطاع العام,خدمة إلكترونية,2026/05/20,"37,028,070"
الخدمات الرقمية,عام,القطاع العام,خدمة إلكترونية,2026/05/20,"37,028,022"
الخدمات الرقمية,عام,القطاع العام,خدمة إلكترونية,2026/05/20,"37,028,192"
الخدمات الرقمية,عام,القطاع العام,خدمة إلكترونية,2026/05/20,"37,027,873"
الخدمات الرقمية,عام,القطاع العام,خدمة إلكترونية,2026/05/20,"37,027,956"
الخدمات الرقمية,عام,القطاع العام,خدمة إلكترونية,2026/05/20,"37,024,434"
الخدمات الرقمية,عام,القطاع العام,خدمة إلكترونية,2026/05/20,"37,029,105"
الخدمات الرقمية,عام,القطاع العام,خدمة إلكترونية,2026/05/20,"37,017,129"
الخدمات الرقمية,عام,القطاع العام,خدمة إلكترونية,2026/05/20,"37,010,697"
الخدمات الرقمية,عام,القطاع العام,خدمة إلكترونية,2026/05/20,"37,017,128"
الخدمات الرقمية,عام,القطاع العام,خدمة إلكترونية,2026/05/20,"37,011,010"
الخدمات الرقمية,عام,القطاع العام,خدمة إلكترونية,2026/05/20,"37,017,391"
الخدمات الرقمية,عام,القطاع العام,خدمة إلكترونية,2026/05/20,"37,011,906"
الخدمات الرقمية,عام,القطاع العام,خدمة إلكترونية,2026/05/20,"37,019,207"
الخدمات الرقمية,عام,القطاع العام,خدمة إلكترونية,2026/05/20,"37,011,007"
الخدمات الرقمية,عام,القطاع العام,خدمة إلكترونية,2026/05/20,"37,015,298"
الخدمات الرقمية,عام,القطاع العام,خدمة إلكترونية,2026/05/20,"37,012,044"
الخدمات الرقمية,عام,القطاع العام,خدمة إلكترونية,2026/05/20,"37,017,267"
الخدمات الرقمية,عام,القطاع العام,خدمة إلكترونية,2026/05/20,"37,019,211"
الخدمات الرقمية,عام,القطاع العام,خدمة إلكترونية,2026/05/20,"37,010,723"
الخدمات الرقمية,عام,القطاع العام,خدمة إلكترونية,2026/05/20,"37,012,069"
الخدمات الرقمية,عام,القطاع العام,خدمة إلكترونية,2026/05/20,"37,009,062"
الخدمات الرقمية,عام,القطاع العام,خدمة إلكترونية,2026/05/20,"37,015,296"
الخدمات الرقمية,عام,القطاع العام,خدمة إلكترونية,2026/05/20,"37,015,942"
الخدمات الرقمية,عام,القطاع العام,خدمة إلكترونية,2026/05/20,"37,007,988"
الخدمات الرقمية,عام,القطاع العام,خدمة إلكترونية,2026/05/20,"37,019,223"
الخدمات الرقمية,عام,القطاع العام,خدمة إلكترونية,2026/05/20,"37,019,219"
الخدمات الرقمية,عام,القطاع العام,خدمة إلكترونية,2026/05/20,"37,019,228"
الخدمات الرقمية,عام,القطاع العام,خدمة إلكترونية,2026/05/20,"37,012,045"
الخدمات الرقمية,عام,القطاع العام,خدمة إلكترونية,2026/05/20,"37,012,060"
الخدمات الرقمية,عام,القطاع العام,خدمة إلكترونية,2026/05/20,"37,012,167"
الخدمات الرقمية,عام,القطاع العام,خدمة إلكترونية,2026/05/20,"37,016,616"
الخدمات الرقمية,عام,القطاع العام,خدمة إلكترونية,2026/05/20,"37,012,600"
الخدمات الرقمية,عام,القطاع العام,خدمة إلكترونية,2026/05/20,"37,019,111"
الخدمات الرقمية,عام,القطاع العام,خدمة إلكترونية,2026/05/20,"37,015,467"
الخدمات الرقمية,عام,القطاع العام,خدمة إلكترونية,2026/05/20,"37,015,820"
الخدمات الرقمية,عام,القطاع العام,خدمة إلكترونية,2026/05/20,"37,019,216"
الخدمات الرقمية,عام,القطاع العام,خدمة إلكترونية,2026/05/20,"37,008,670"
الخدمات الرقمية,عام,القطاع العام,خدمة إلكترونية,2026/05/20,"37,010,985"
الخدمات الرقمية,عام,القطاع العام,خدمة إلكترونية,2026/05/20,"37,011,890"
الخدمات الرقمية,عام,القطاع العام,خدمة إلكترونية,2026/05/20,"37,008,756"
الخدمات الرقمية,عام,القطاع العام,خدمة إلكترونية,2026/05/20,"37,020,551"
الخدمات الرقمية,عام,القطاع العام,خدمة إلكترونية,2026/05/20,"37,017,714"
الخدمات الرقمية,عام,القطاع العام,خدمة إلكترونية,2026/05/20,"37,019,519"
الخدمات الرقمية,عام,القطاع العام,خدمة إلكترونية,2026/05/20,"37,007,665"
الخدمات الرقمية,عام,القطاع العام,خدمة إلكترونية,2026/05/20,"37,019,227"
الخدمات الرقمية,عام,القطاع العام,خدمة إلكترونية,2026/05/20,"37,007,862"
الخدمات الرقمية,عام,القطاع العام,خدمة إلكترونية,2026/05/20,"37,017,119"
الخدمات الرقمية,عام,القطاع العام,خدمة إلكترونية,2026/05/20,"37,015,923"
الخدمات الرقمية,عام,القطاع العام,خدمة إلكترونية,2026/05/20,"37,008,806"
الخدمات الرقمية,عام,القطاع العام,خدمة إلكترونية,2026/05/20,"37,015,253"
الخدمات الرقمية,عام,القطاع العام,خدمة إلكترونية,2026/05/20,"37,015,284"
الخدمات الرقمية,عام,القطاع العام,خدمة إلكترونية,2026/05/20,"37,015,472"
الخدمات الرقمية,عام,القطاع العام,خدمة إلكترونية,2026/05/20,"37,019,226"
الخدمات الرقمية,عام,القطاع العام,خدمة إلكترونية,2026/05/20,"37,011,891"
الخدمات الرقمية,عام,القطاع العام,خدمة إلكترونية,2026/05/20,"37,015,481"
الخدمات الرقمية,عام,القطاع العام,خدمة إلكترونية,2026/05/20,"37,020,553"
الخدمات الرقمية,عام,القطاع العام,خدمة إلكترونية,2026/05/20,"37,008,791"
الخدمات الرقمية,عام,القطاع العام,خدمة إلكترونية,2026/05/20,"37,009,075"
الخدمات الرقمية,عام,القطاع العام,خدمة إلكترونية,2026/05/20,"37,012,166"
الخدمات الرقمية,عام,القطاع العام,خدمة إلكترونية,2026/05/20,"37,015,795"
الخدمات الرقمية,عام,القطاع العام,خدمة إلكترونية,2026/05/20,"37,019,204"
الخدمات الرقمية,عام,القطاع العام,خدمة إلكترونية,2026/05/20,"37,006,451"
الخدمات الرقمية,عام,القطاع العام,خدمة إلكترونية,2026/05/20,"37,007,452"
الخدمات الرقمية,عام,القطاع العام,خدمة إلكترونية,2026/05/20,"37,015,893"
الخدمات الرقمية,عام,القطاع العام,خدمة إلكترونية,2026/05/20,"37,015,818"
الخدمات الرقمية,عام,القطاع العام,خدمة إلكترونية,2026/05/20,"37,012,064"
الخدمات الرقمية,عام,القطاع العام,خدمة إلكترونية,2026/05/20,"37,017,270"
الخدمات الرقمية,عام,القطاع العام,خدمة إلكترونية,2026/05/20,"37,016,030"
الخدمات الرقمية,عام,القطاع العام,خدمة إلكترونية,2026/05/20,"37,019,222"
الخدمات الرقمية,عام,القطاع العام,خدمة إلكترونية,2026/05/20,"37,009,870"
الخدمات الرقمية,عام,القطاع العام,خدمة إلكترونية,2026/05/20,"37,011,209"
الخدمات الرقمية,عام,القطاع العام,خدمة إلكترونية,2026/05/20,"37,012,598"
الخدمات الرقمية,عام,القطاع العام,خدمة إلكترونية,2026/05/20,"37,017,116"
الخدمات الرقمية,عام,القطاع العام,خدمة إلكترونية,2026/05/20,"37,009,012"
الخدمات الرقمية,عام,القطاع العام,خدمة إلكترونية,2026/05/20,"37,008,240"
الخدمات الرقمية,عام,القطاع العام,خدمة إلكترونية,2026/05/20,"37,008,672"
الخدمات الرقمية,عام,القطاع العام,خدمة إلكترونية,2026/05/20,"37,020,552"
الخدمات الرقمية,عام,القطاع العام,خدمة إلكترونية,2026/05/20,"37,012,603"
الخدمات الرقمية,عام,القطاع العام,خدمة إلكترونية,2026/05/20,"37,012,072"
الخدمات الرقمية,عام,القطاع العام,خدمة إلكترونية,2026/05/20,"37,011,894"
الخدمات الرقمية,عام,القطاع العام,خدمة إلكترونية,2026/05/20,"37,019,113"
الخدمات الرقمية,عام,القطاع العام,خدمة إلكترونية,2026/05/20,"37,012,691"
الخدمات الرقمية,عام,القطاع العام,خدمة إلكترونية,2026/05/20,"37,009,869"
الخدمات الرقمية,عام,القطاع العام,خدمة إلكترونية,2026/05/20,"37,010,145"
 عسير,ابها,القطاع الخاص,خدمة إلكترونية جزئيا,2026/05/21,"37,037,690"
 عسير,ابها,القطاع الخاص,خدمة إلكترونية جزئيا,2026/05/21,"37,037,783"
 عسير,ابها,القطاع الخاص,خدمة إلكترونية جزئيا,2026/05/21,"37,044,162"
 القصيم,بريده,القطاع الخاص,خدمة إلكترونية جزئيا,2026/05/21,"37,038,571"
 الرياض,الرياض,القطاع الخاص,خدمة إلكترونية جزئيا,2026/05/21,"37,039,533"
 عسير,ابها,القطاع الخاص,خدمة إلكترونية جزئيا,2026/05/21,"37,037,883"
 الرياض,الرياض,القطاع الخاص,خدمة إلكترونية جزئيا,2026/05/21,"37,040,018"
 مكة المكرمه,الطائف,القطاع الخاص,خدمة إلكترونية جزئيا,2026/05/21,"37,038,607"
 عسير,ابها,القطاع الخاص,خدمة إلكترونية جزئيا,2026/05/21,"37,037,792"
 الرياض,الرياض,القطاع الخاص,خدمة إلكترونية جزئيا,2026/05/21,"37,040,007"
 الرياض,الرياض,القطاع الخاص,خدمة إلكترونية جزئيا,2026/05/21,"37,040,156"
 القصيم,بريده,القطاع الخاص,خدمة إلكترونية جزئيا,2026/05/21,"37,038,621"
الخدمات الرقمية,عام,القطاع العام,خدمة إلكترونية,2026/05/21,"37,049,681"
الخدمات الرقمية,عام,القطاع العام,خدمة إلكترونية,2026/05/21,"37,051,361"
الخدمات الرقمية,عام,القطاع العام,خدمة إلكترونية,2026/05/21,"37,050,660"
الخدمات الرقمية,عام,القطاع العام,خدمة إلكترونية,2026/05/21,"37,050,895"
الخدمات الرقمية,عام,القطاع العام,خدمة إلكترونية,2026/05/21,"37,051,164"
الخدمات الرقمية,عام,القطاع العام,خدمة إلكترونية,2026/05/21,"37,051,413"
الخدمات الرقمية,عام,القطاع العام,خدمة إلكترونية,2026/05/21,"37,050,841"
الخدمات الرقمية,عام,القطاع العام,خدمة إلكترونية,2026/05/21,"37,052,162"
الخدمات الرقمية,عام,القطاع العام,خدمة إلكترونية,2026/05/21,"37,049,764"
الخدمات الرقمية,عام,القطاع العام,خدمة إلكترونية,2026/05/21,"37,053,230"
الخدمات الرقمية,عام,القطاع العام,خدمة إلكترونية,2026/05/21,"37,051,213"
الخدمات الرقمية,عام,القطاع العام,خدمة إلكترونية,2026/05/21,"37,050,499"
الخدمات الرقمية,عام,القطاع العام,خدمة إلكترونية,2026/05/21,"37,054,305"
الخدمات الرقمية,عام,القطاع العام,خدمة إلكترونية,2026/05/21,"37,052,426"
الخدمات الرقمية,عام,القطاع العام,خدمة إلكترونية,2026/05/21,"37,043,274"
الخدمات الرقمية,عام,القطاع العام,خدمة إلكترونية,2026/05/21,"37,037,613"
الخدمات الرقمية,عام,القطاع العام,خدمة إلكترونية,2026/05/21,"37,043,997"
الخدمات الرقمية,عام,القطاع العام,خدمة إلكترونية,2026/05/21,"37,045,330"
الخدمات الرقمية,عام,القطاع العام,خدمة إلكترونية,2026/05/21,"37,046,330"
الخدمات الرقمية,عام,القطاع العام,خدمة إلكترونية,2026/05/21,"37,046,387"
الخدمات الرقمية,عام,القطاع العام,خدمة إلكترونية,2026/05/21,"37,037,943"
الخدمات الرقمية,عام,القطاع العام,خدمة إلكترونية,2026/05/21,"37,036,278"
الخدمات الرقمية,عام,القطاع العام,خدمة إلكترونية,2026/05/21,"37,051,966"
الخدمات الرقمية,عام,القطاع العام,خدمة إلكترونية,2026/05/21,"37,036,111"
الخدمات الرقمية,عام,القطاع العام,خدمة إلكترونية,2026/05/21,"37,045,136"
الخدمات الرقمية,عام,القطاع العام,خدمة إلكترونية,2026/05/21,"37,045,811"
الخدمات الرقمية,عام,القطاع العام,خدمة إلكترونية,2026/05/21,"37,044,276"
الخدمات الرقمية,عام,القطاع العام,خدمة إلكترونية,2026/05/21,"37,045,703"
الخدمات الرقمية,عام,القطاع العام,خدمة إلكترونية,2026/05/21,"37,040,024"
الخدمات الرقمية,عام,القطاع العام,خدمة إلكترونية,2026/05/21,"37,046,083"
الخدمات الرقمية,عام,القطاع العام,خدمة إلكترونية,2026/05/21,"37,045,201"
الخدمات الرقمية,عام,القطاع العام,خدمة إلكترونية,2026/05/21,"37,045,297"
الخدمات الرقمية,عام,القطاع العام,خدمة إلكترونية,2026/05/21,"37,036,107"
الخدمات الرقمية,عام,القطاع العام,خدمة إلكترونية,2026/05/21,"37,045,706"
الخدمات الرقمية,عام,القطاع العام,خدمة إلكترونية,2026/05/21,"37,045,645"
الخدمات الرقمية,عام,القطاع العام,خدمة إلكترونية,2026/05/21,"37,042,167"
الخدمات الرقمية,عام,القطاع العام,خدمة إلكترونية,2026/05/21,"37,046,087"
الخدمات الرقمية,عام,القطاع العام,خدمة إلكترونية,2026/05/21,"37,040,712"
الخدمات الرقمية,عام,القطاع العام,خدمة إلكترونية,2026/05/21,"37,039,643"
الخدمات الرقمية,عام,القطاع العام,خدمة إلكترونية,2026/05/21,"37,039,704"
الخدمات الرقمية,عام,القطاع العام,خدمة إلكترونية,2026/05/21,"37,045,961"
الخدمات الرقمية,عام,القطاع العام,خدمة إلكترونية,2026/05/21,"37,036,361"
الخدمات الرقمية,عام,القطاع العام,خدمة إلكترونية,2026/05/21,"37,045,574"
الخدمات الرقمية,عام,القطاع العام,خدمة إلكترونية,2026/05/21,"37,044,210"
الخدمات الرقمية,عام,القطاع العام,خدمة إلكترونية,2026/05/21,"37,045,285"
الخدمات الرقمية,عام,القطاع العام,خدمة إلكترونية,2026/05/21,"37,045,780"
الخدمات الرقمية,عام,القطاع العام,خدمة إلكترونية,2026/05/21,"37,045,137"
الخدمات الرقمية,عام,القطاع العام,خدمة إلكترونية,2026/05/21,"37,044,850"
الخدمات الرقمية,عام,القطاع العام,خدمة إلكترونية,2026/05/21,"37,046,804"
الخدمات الرقمية,عام,القطاع العام,خدمة إلكترونية,2026/05/21,"37,045,116"
الخدمات الرقمية,عام,القطاع العام,خدمة إلكترونية,2026/05/21,"37,037,558"
الخدمات الرقمية,عام,القطاع العام,خدمة إلكترونية,2026/05/21,"37,038,439"
الخدمات الرقمية,عام,القطاع العام,خدمة إلكترونية,2026/05/21,"37,045,068"
الخدمات الرقمية,عام,القطاع العام,خدمة إلكترونية,2026/05/21,"37,046,164"
الخدمات الرقمية,عام,القطاع العام,خدمة إلكترونية,2026/05/21,"37,040,927"
الخدمات الرقمية,عام,القطاع العام,خدمة إلكترونية,2026/05/21,"37,038,655"
الخدمات الرقمية,عام,القطاع العام,خدمة إلكترونية,2026/05/21,"37,038,481"
الخدمات الرقمية,عام,القطاع العام,خدمة إلكترونية,2026/05/21,"37,046,243"
الخدمات الرقمية,عام,القطاع العام,خدمة إلكترونية,2026/05/21,"37,045,053"
الخدمات الرقمية,عام,القطاع العام,خدمة إلكترونية,2026/05/21,"37,043,717"
الخدمات الرقمية,عام,القطاع العام,خدمة إلكترونية,2026/05/21,"37,036,394"
الخدمات الرقمية,عام,القطاع العام,خدمة إلكترونية,2026/05/21,"37,045,900"
الخدمات الرقمية,عام,القطاع العام,خدمة إلكترونية,2026/05/21,"37,046,633"
الخدمات الرقمية,عام,القطاع العام,خدمة إلكترونية,2026/05/21,"37,040,143"
الخدمات الرقمية,عام,القطاع العام,خدمة إلكترونية,2026/05/21,"37,036,554"
الخدمات الرقمية,عام,القطاع العام,خدمة إلكترونية,2026/05/21,"37,045,643"
الخدمات الرقمية,عام,القطاع العام,خدمة إلكترونية,2026/05/21,"37,046,644"
الخدمات الرقمية,عام,القطاع العام,خدمة إلكترونية,2026/05/21,"37,046,244"
الخدمات الرقمية,عام,القطاع العام,خدمة إلكترونية,2026/05/21,"37,042,665"
الخدمات الرقمية,عام,القطاع العام,خدمة إلكترونية,2026/05/21,"37,042,724"
الخدمات الرقمية,عام,القطاع العام,خدمة إلكترونية,2026/05/21,"37,043,999"
الخدمات الرقمية,عام,القطاع العام,خدمة إلكترونية,2026/05/21,"37,046,008"
الخدمات الرقمية,عام,القطاع العام,خدمة إلكترونية,2026/05/21,"37,038,012"
الخدمات الرقمية,عام,القطاع العام,خدمة إلكترونية,2026/05/21,"37,039,747"
الخدمات الرقمية,عام,القطاع العام,خدمة إلكترونية,2026/05/21,"37,040,447"
الخدمات الرقمية,عام,القطاع العام,خدمة إلكترونية,2026/05/21,"37,045,511"
الخدمات الرقمية,عام,القطاع العام,خدمة إلكترونية,2026/05/21,"37,038,369"
الخدمات الرقمية,عام,القطاع العام,خدمة إلكترونية,2026/05/21,"37,038,110"
الخدمات الرقمية,عام,القطاع العام,خدمة إلكترونية,2026/05/21,"37,045,014"
الخدمات الرقمية,عام,القطاع العام,خدمة إلكترونية,2026/05/21,"37,038,604"
الخدمات الرقمية,عام,القطاع العام,خدمة إلكترونية,2026/05/21,"37,040,582"
الخدمات الرقمية,عام,القطاع العام,خدمة إلكترونية,2026/05/21,"37,036,315"
الخدمات الرقمية,عام,القطاع العام,خدمة إلكترونية,2026/05/21,"37,045,557"
الخدمات الرقمية,عام,القطاع العام,خدمة إلكترونية,2026/05/21,"37,045,656"
الخدمات الرقمية,عام,القطاع العام,خدمة إلكترونية,2026/05/21,"37,042,584"
الخدمات الرقمية,عام,القطاع العام,خدمة إلكترونية,2026/05/21,"37,039,954"
الخدمات الرقمية,عام,القطاع العام,خدمة إلكترونية,2026/05/21,"37,038,521"
الخدمات الرقمية,عام,القطاع العام,خدمة إلكترونية,2026/05/21,"37,036,379"
الخدمات الرقمية,عام,القطاع العام,خدمة إلكترونية,2026/05/21,"37,046,373"
الخدمات الرقمية,عام,القطاع العام,خدمة إلكترونية,2026/05/21,"37,038,532"
الخدمات الرقمية,عام,القطاع العام,خدمة إلكترونية,2026/05/21,"37,043,500"
الخدمات الرقمية,عام,القطاع العام,خدمة إلكترونية,2026/05/21,"37,042,431"
الخدمات الرقمية,عام,القطاع العام,خدمة إلكترونية,2026/05/21,"37,039,862"
الخدمات الرقمية,عام,القطاع العام,خدمة إلكترونية,2026/05/21,"37,040,094"
الخدمات الرقمية,عام,القطاع العام,خدمة إلكترونية,2026/05/21,"37,046,273"
الخدمات الرقمية,عام,القطاع العام,خدمة إلكترونية,2026/05/21,"37,036,341"
الخدمات الرقمية,عام,القطاع العام,خدمة إلكترونية,2026/05/21,"37,045,895"
الخدمات الرقمية,عام,القطاع العام,خدمة إلكترونية,2026/05/21,"37,037,669"
الخدمات الرقمية,عام,القطاع العام,خدمة إلكترونية,2026/05/21,"37,038,028"
الخدمات الرقمية,عام,القطاع العام,خدمة إلكترونية,2026/05/21,"37,040,442"
الخدمات الرقمية,عام,القطاع العام,خدمة إلكترونية,2026/05/21,"37,043,019"
الخدمات الرقمية,عام,القطاع العام,خدمة إلكترونية,2026/05/21,"37,041,822"
الخدمات الرقمية,عام,القطاع العام,خدمة إلكترونية,2026/05/21,"37,043,026"
الخدمات الرقمية,عام,القطاع العام,خدمة إلكترونية,2026/05/21,"37,043,293"
الخدمات الرقمية,عام,القطاع العام,خدمة إلكترونية,2026/05/21,"37,040,260"
الخدمات الرقمية,عام,القطاع العام,خدمة إلكترونية,2026/05/21,"37,039,009"
الخدمات الرقمية,عام,القطاع العام,خدمة إلكترونية,2026/05/21,"37,043,271"
الخدمات الرقمية,عام,القطاع العام,خدمة إلكترونية,2026/05/21,"37,041,614"
الخدمات الرقمية,عام,القطاع العام,خدمة إلكترونية,2026/05/21,"37,036,645"
الخدمات الرقمية,عام,القطاع العام,خدمة إلكترونية,2026/05/21,"37,043,027"
الخدمات الرقمية,عام,القطاع العام,خدمة إلكترونية,2026/05/21,"37,038,822"
الخدمات الرقمية,عام,القطاع العام,خدمة إلكترونية,2026/05/21,"37,039,521"
الخدمات الرقمية,عام,القطاع العام,خدمة إلكترونية,2026/05/21,"37,043,133"
الخدمات الرقمية,عام,القطاع العام,خدمة إلكترونية,2026/05/21,"37,039,405"
الخدمات الرقمية,عام,القطاع العام,خدمة إلكترونية,2026/05/21,"37,037,919"
الخدمات الرقمية,عام,القطاع العام,خدمة إلكترونية,2026/05/21,"37,043,289"
الخدمات الرقمية,عام,القطاع العام,خدمة إلكترونية,2026/05/21,"37,043,017"
الخدمات الرقمية,عام,القطاع العام,خدمة إلكترونية,2026/05/21,"37,043,117"
الخدمات الرقمية,عام,القطاع العام,خدمة إلكترونية,2026/05/21,"37,043,130"
الخدمات الرقمية,عام,القطاع العام,خدمة إلكترونية,2026/05/21,"37,045,545"
الخدمات الرقمية,عام,القطاع العام,خدمة إلكترونية,2026/05/21,"37,037,920"
الخدمات الرقمية,عام,القطاع العام,خدمة إلكترونية,2026/05/21,"37,043,294"
الخدمات الرقمية,عام,القطاع العام,خدمة إلكترونية,2026/05/21,"37,043,032"
الخدمات الرقمية,عام,القطاع العام,خدمة إلكترونية,2026/05/21,"37,043,125"
الخدمات الرقمية,عام,القطاع العام,خدمة إلكترونية,2026/05/21,"37,043,533"
الخدمات الرقمية,عام,القطاع العام,خدمة إلكترونية,2026/05/21,"37,043,124"
الخدمات الرقمية,عام,القطاع العام,خدمة إلكترونية,2026/05/21,"37,043,015"
الخدمات الرقمية,عام,القطاع العام,خدمة إلكترونية,2026/05/21,"37,041,966"
 مكة المكرمه,مكة المكرمة,القطاع الخاص,خدمة إلكترونية جزئيا,2026/05/24,"37,097,034"
 مكة المكرمه,مكة المكرمة,القطاع الخاص,خدمة إلكترونية جزئيا,2026/05/24,"37,097,108"
الخدمات الرقمية,عام,القطاع العام,خدمة إلكترونية,2026/05/24,"37,107,008"
الخدمات الرقمية,عام,القطاع العام,خدمة إلكترونية,2026/05/24,"37,099,618"
الخدمات الرقمية,عام,القطاع العام,خدمة إلكترونية,2026/05/24,"37,103,844"
الخدمات الرقمية,عام,القطاع العام,خدمة إلكترونية,2026/05/24,"37,104,480"
الخدمات الرقمية,عام,القطاع العام,خدمة إلكترونية,2026/05/24,"37,104,929"
الخدمات الرقمية,عام,القطاع العام,خدمة إلكترونية,2026/05/24,"37,096,905"
الخدمات الرقمية,عام,القطاع العام,خدمة إلكترونية,2026/05/24,"37,099,768"
الخدمات الرقمية,عام,القطاع العام,خدمة إلكترونية,2026/05/24,"37,097,683"
الخدمات الرقمية,عام,القطاع العام,خدمة إلكترونية,2026/05/24,"37,106,299"
الخدمات الرقمية,عام,القطاع العام,خدمة إلكترونية,2026/05/24,"37,098,817"
الخدمات الرقمية,عام,القطاع العام,خدمة إلكترونية,2026/05/24,"37,099,675"
الخدمات الرقمية,عام,القطاع العام,خدمة إلكترونية,2026/05/24,"37,099,368"
الخدمات الرقمية,عام,القطاع العام,خدمة إلكترونية,2026/05/25,"37,107,650"
الخدمات الرقمية,عام,القطاع العام,خدمة إلكترونية,2026/05/25,"37,108,188"
الخدمات الرقمية,عام,القطاع العام,خدمة إلكترونية,2026/05/26,"37,126,937"
الخدمات الرقمية,عام,القطاع العام,خدمة إلكترونية,2026/05/27,"37,136,729"
الخدمات الرقمية,عام,القطاع العام,خدمة إلكترونية,2026/05/27,"37,146,091"
الخدمات الرقمية,عام,القطاع العام,خدمة إلكترونية,2026/05/29,"37,175,157"
الخدمات الرقمية,عام,القطاع العام,خدمة إلكترونية,2026/05/30,"37,175,797"
الخدمات الرقمية,عام,القطاع العام,خدمة إلكترونية,2026/05/30,"37,177,742"
الخدمات الرقمية,عام,القطاع العام,خدمة إلكترونية,2026/05/30,"37,184,125"
الخدمات الرقمية,عام,القطاع العام,خدمة إلكترونية,2026/05/30,"37,184,303"
الخدمات الرقمية,عام,القطاع العام,خدمة إلكترونية,2026/05/30,"37,184,356"
الخدمات الرقمية,عام,القطاع العام,خدمة إلكترونية,2026/05/30,"37,184,434"
الخدمات الرقمية,عام,القطاع العام,خدمة إلكترونية,2026/05/30,"37,184,515"
 حائل,حائل,القطاع الخاص,خدمة إلكترونية جزئيا,2026/05/31,"37,201,293"
 الرياض,الرياض,القطاع الخاص,خدمة إلكترونية جزئيا,2026/05/31,"37,198,235"
 الرياض,الرياض,القطاع الخاص,خدمة إلكترونية جزئيا,2026/05/31,"37,200,390"
 الرياض,الرياض,القطاع الخاص,خدمة إلكترونية جزئيا,2026/05/31,"37,198,464"
 الرياض,الرياض,القطاع الخاص,خدمة إلكترونية جزئيا,2026/05/31,"37,200,394"
الخدمات الرقمية,عام,القطاع العام,خدمة إلكترونية,2026/05/31,"37,195,319"
الخدمات الرقمية,عام,القطاع العام,خدمة إلكترونية,2026/05/31,"37,195,320"
الخدمات الرقمية,عام,القطاع العام,خدمة إلكترونية,2026/05/31,"37,195,737"
الخدمات الرقمية,عام,القطاع العام,خدمة إلكترونية,2026/05/31,"37,195,981"
الخدمات الرقمية,عام,القطاع العام,خدمة إلكترونية,2026/05/31,"37,204,217"
الخدمات الرقمية,عام,القطاع العام,خدمة إلكترونية,2026/05/31,"37,204,291"
الخدمات الرقمية,عام,القطاع العام,خدمة إلكترونية,2026/05/31,"37,204,292"
الخدمات الرقمية,عام,القطاع العام,خدمة إلكترونية,2026/05/31,"37,204,313"
الخدمات الرقمية,عام,القطاع العام,خدمة إلكترونية,2026/05/31,"37,204,315"
الخدمات الرقمية,عام,القطاع العام,خدمة إلكترونية,2026/05/31,"37,204,366"
الخدمات الرقمية,عام,القطاع العام,خدمة إلكترونية,2026/05/31,"37,204,368"
الخدمات الرقمية,عام,القطاع العام,خدمة إلكترونية,2026/05/31,"37,204,380"
الخدمات الرقمية,عام,القطاع العام,خدمة إلكترونية,2026/05/31,"37,204,382"
الخدمات الرقمية,عام,القطاع العام,خدمة إلكترونية,2026/05/31,"37,204,383"
الخدمات الرقمية,عام,القطاع العام,خدمة إلكترونية,2026/05/31,"37,205,459"
الخدمات الرقمية,عام,القطاع العام,خدمة إلكترونية,2026/05/31,"37,205,466"
الخدمات الرقمية,عام,القطاع العام,خدمة إلكترونية,2026/05/31,"37,205,470"
الخدمات الرقمية,عام,القطاع العام,خدمة إلكترونية,2026/05/31,"37,205,519"
الخدمات الرقمية,عام,القطاع العام,خدمة إلكترونية,2026/05/31,"37,205,522"
الخدمات الرقمية,عام,القطاع العام,خدمة إلكترونية,2026/05/31,"37,205,540"
الخدمات الرقمية,عام,القطاع العام,خدمة إلكترونية,2026/05/31,"37,205,572"
الخدمات الرقمية,عام,القطاع العام,خدمة إلكترونية,2026/05/31,"37,205,585"
الخدمات الرقمية,عام,القطاع العام,خدمة إلكترونية,2026/05/31,"37,205,588"
الخدمات الرقمية,عام,القطاع العام,خدمة إلكترونية,2026/05/31,"37,205,633"
الخدمات الرقمية,عام,القطاع العام,خدمة إلكترونية,2026/05/31,"37,205,636"
الخدمات الرقمية,عام,القطاع العام,خدمة إلكترونية,2026/05/31,"37,205,638"
الخدمات الرقمية,عام,القطاع العام,خدمة إلكترونية,2026/05/31,"37,205,644"
الخدمات الرقمية,عام,القطاع العام,خدمة إلكترونية,2026/05/31,"37,205,645"
الخدمات الرقمية,عام,القطاع العام,خدمة إلكترونية,2026/05/31,"37,205,711"
الخدمات الرقمية,عام,القطاع العام,خدمة إلكترونية,2026/05/31,"37,205,713"
الخدمات الرقمية,عام,القطاع العام,خدمة إلكترونية,2026/05/31,"37,205,727"
الخدمات الرقمية,عام,القطاع العام,خدمة إلكترونية,2026/05/31,"37,205,755"
الخدمات الرقمية,عام,القطاع العام,خدمة إلكترونية,2026/05/31,"37,205,756"
الخدمات الرقمية,عام,القطاع العام,خدمة إلكترونية,2026/05/31,"37,205,757"
الخدمات الرقمية,عام,القطاع العام,خدمة إلكترونية,2026/05/31,"37,205,779"
الخدمات الرقمية,عام,القطاع العام,خدمة إلكترونية,2026/05/31,"37,205,780"
الخدمات الرقمية,عام,القطاع العام,خدمة إلكترونية,2026/05/31,"37,205,783"
الخدمات الرقمية,عام,القطاع العام,خدمة إلكترونية,2026/05/31,"37,205,834"
الخدمات الرقمية,عام,القطاع العام,خدمة إلكترونية,2026/05/31,"37,205,836"
الخدمات الرقمية,عام,القطاع العام,خدمة إلكترونية,2026/05/31,"37,196,787"
الخدمات الرقمية,عام,القطاع العام,خدمة إلكترونية,2026/05/31,"37,198,817"
الخدمات الرقمية,عام,القطاع العام,خدمة إلكترونية,2026/05/31,"37,199,290"
الخدمات الرقمية,عام,القطاع العام,خدمة إلكترونية,2026/05/31,"37,199,478"
الخدمات الرقمية,عام,القطاع العام,خدمة إلكترونية,2026/05/31,"37,199,481"
الخدمات الرقمية,عام,القطاع العام,خدمة إلكترونية,2026/05/31,"37,199,545"
الخدمات الرقمية,عام,القطاع العام,خدمة إلكترونية,2026/05/31,"37,199,625"
الخدمات الرقمية,عام,القطاع العام,خدمة إلكترونية,2026/05/31,"37,200,726"
الخدمات الرقمية,عام,القطاع العام,خدمة إلكترونية,2026/05/31,"37,200,762"
الخدمات الرقمية,عام,القطاع العام,خدمة إلكترونية,2026/05/31,"37,201,366"
الخدمات الرقمية,عام,القطاع العام,خدمة إلكترونية,2026/05/31,"37,201,455"
الخدمات الرقمية,عام,القطاع العام,خدمة إلكترونية,2026/05/31,"37,201,461"
الخدمات الرقمية,عام,القطاع العام,خدمة إلكترونية,2026/05/31,"37,201,491"
الخدمات الرقمية,عام,القطاع العام,خدمة إلكترونية,2026/05/31,"37,201,514"
الخدمات الرقمية,عام,القطاع العام,خدمة إلكترونية,2026/05/31,"37,201,642"
الخدمات الرقمية,عام,القطاع العام,خدمة إلكترونية,2026/05/31,"37,201,915"
الخدمات الرقمية,عام,القطاع العام,خدمة إلكترونية,2026/05/31,"37,201,940"
الخدمات الرقمية,عام,القطاع العام,خدمة إلكترونية,2026/05/31,"37,202,062"
الخدمات الرقمية,عام,القطاع العام,خدمة إلكترونية,2026/05/31,"37,202,176"
الخدمات الرقمية,عام,القطاع العام,خدمة إلكترونية,2026/05/31,"37,202,369"
الخدمات الرقمية,عام,القطاع العام,خدمة إلكترونية,2026/05/31,"37,202,729"
الخدمات الرقمية,عام,القطاع العام,خدمة إلكترونية,2026/05/31,"37,202,744"
الخدمات الرقمية,عام,القطاع العام,خدمة إلكترونية,2026/05/31,"37,206,451"
 مكة المكرمه,جده,القطاع الخاص,خدمة إلكترونية جزئيا,2026/06/01,"37,216,336"
 عسير,ابها,القطاع الخاص,خدمة إلكترونية جزئيا,2026/06/01,"37,211,105"
 الشرقية,الدمام,القطاع الخاص,خدمة إلكترونية جزئيا,2026/06/01,"37,216,985"
 الشرقية,الدمام,القطاع الخاص,خدمة إلكترونية جزئيا,2026/06/01,"37,210,984"
 القصيم,بريده,القطاع الخاص,خدمة إلكترونية جزئيا,2026/06/01,"37,218,473"
 القصيم,بريده,القطاع الخاص,خدمة إلكترونية جزئيا,2026/06/01,"37,217,302"
 الشرقية,الدمام,القطاع الخاص,خدمة إلكترونية جزئيا,2026/06/01,"37,210,895"
 حائل,حائل,القطاع الخاص,خدمة إلكترونية جزئيا,2026/06/01,"37,216,207"
 حائل,حائل,القطاع الخاص,خدمة إلكترونية جزئيا,2026/06/01,"37,219,290"
 الرياض,الرياض,القطاع الخاص,خدمة إلكترونية جزئيا,2026/06/01,"37,210,159"
 الرياض,الرياض,القطاع الخاص,خدمة إلكترونية جزئيا,2026/06/01,"37,211,826"
 الرياض,الرياض,القطاع الخاص,خدمة إلكترونية جزئيا,2026/06/01,"37,211,879"
 الرياض,الرياض,القطاع الخاص,خدمة إلكترونية جزئيا,2026/06/01,"37,211,671"
 الشرقية,الدمام,القطاع الخاص,خدمة إلكترونية جزئيا,2026/06/01,"37,211,037"
 الرياض,الرياض,القطاع الخاص,خدمة إلكترونية جزئيا,2026/06/01,"37,210,173"
 الرياض,الرياض,القطاع الخاص,خدمة إلكترونية جزئيا,2026/06/01,"37,215,451"
 الشرقية,الدمام,القطاع الخاص,خدمة إلكترونية جزئيا,2026/06/01,"37,211,031"
 مكة المكرمه,مكة المكرمة,القطاع الخاص,خدمة إلكترونية جزئيا,2026/06/01,"37,213,986"
 الرياض,الرياض,القطاع الخاص,خدمة إلكترونية جزئيا,2026/06/01,"37,212,944"
 الرياض,الرياض,القطاع الخاص,خدمة إلكترونية جزئيا,2026/06/01,"37,210,798"
 مكة المكرمه,الطائف,القطاع الخاص,خدمة إلكترونية جزئيا,2026/06/01,"37,215,971"
 عسير,ابها,القطاع الخاص,خدمة إلكترونية جزئيا,2026/06/01,"37,211,291"
 الرياض,الرياض,القطاع الخاص,خدمة إلكترونية جزئيا,2026/06/01,"37,210,583"
 الرياض,الرياض,القطاع الخاص,خدمة إلكترونية جزئيا,2026/06/01,"37,211,958"
 الرياض,الرياض,القطاع الخاص,خدمة إلكترونية جزئيا,2026/06/01,"37,211,955"
 حائل,حائل,القطاع الخاص,خدمة إلكترونية جزئيا,2026/06/01,"37,219,307"
 حائل,حائل,القطاع الخاص,خدمة إلكترونية جزئيا,2026/06/01,"37,216,271"
 مكة المكرمه,مكة المكرمة,القطاع الخاص,خدمة إلكترونية جزئيا,2026/06/01,"37,215,337"
 الرياض,الرياض,القطاع الخاص,خدمة إلكترونية جزئيا,2026/06/01,"37,211,964"
الخدمات الرقمية,عام,القطاع العام,خدمة إلكترونية,2026/06/01,"37,216,300"
الخدمات الرقمية,عام,القطاع العام,خدمة إلكترونية,2026/06/01,"37,216,570"
الخدمات الرقمية,عام,القطاع العام,خدمة إلكترونية,2026/06/01,"37,216,283"
الخدمات الرقمية,عام,القطاع العام,خدمة إلكترونية,2026/06/01,"37,221,257"
الخدمات الرقمية,عام,القطاع العام,خدمة إلكترونية,2026/06/01,"37,211,951"
الخدمات الرقمية,عام,القطاع العام,خدمة إلكترونية,2026/06/01,"37,216,276"
الخدمات الرقمية,عام,القطاع العام,خدمة إلكترونية,2026/06/01,"37,214,868"
الخدمات الرقمية,عام,القطاع العام,خدمة إلكترونية,2026/06/01,"37,216,184"
الخدمات الرقمية,عام,القطاع العام,خدمة إلكترونية,2026/06/01,"37,211,220"
الخدمات الرقمية,عام,القطاع العام,خدمة إلكترونية,2026/06/01,"37,216,285"
الخدمات الرقمية,عام,القطاع العام,خدمة إلكترونية,2026/06/01,"37,210,317"
الخدمات الرقمية,عام,القطاع العام,خدمة إلكترونية,2026/06/01,"37,210,956"
الخدمات الرقمية,عام,القطاع العام,خدمة إلكترونية,2026/06/01,"37,216,081"
الخدمات الرقمية,عام,القطاع العام,خدمة إلكترونية,2026/06/01,"37,211,506"
الخدمات الرقمية,عام,القطاع العام,خدمة إلكترونية,2026/06/01,"37,211,627"
الخدمات الرقمية,عام,القطاع العام,خدمة إلكترونية,2026/06/01,"37,211,036"
الخدمات الرقمية,عام,القطاع العام,خدمة إلكترونية,2026/06/01,"37,211,116"
الخدمات الرقمية,عام,القطاع العام,خدمة إلكترونية,2026/06/01,"37,212,783"
الخدمات الرقمية,عام,القطاع العام,خدمة إلكترونية,2026/06/01,"37,211,509"
الخدمات الرقمية,عام,القطاع العام,خدمة إلكترونية,2026/06/01,"37,210,960"
الخدمات الرقمية,عام,القطاع العام,خدمة إلكترونية,2026/06/01,"37,211,626"
الخدمات الرقمية,عام,القطاع العام,خدمة إلكترونية,2026/06/01,"37,211,222"
الخدمات الرقمية,عام,القطاع العام,خدمة إلكترونية,2026/06/01,"37,216,185"
الخدمات الرقمية,عام,القطاع العام,خدمة إلكترونية,2026/06/01,"37,211,508"
الخدمات الرقمية,عام,القطاع العام,خدمة إلكترونية,2026/06/01,"37,216,159"
الخدمات الرقمية,عام,القطاع العام,خدمة إلكترونية,2026/06/01,"37,216,256"
الخدمات الرقمية,عام,القطاع العام,خدمة إلكترونية,2026/06/01,"37,221,227"
الخدمات الرقمية,عام,القطاع العام,خدمة إلكترونية,2026/06/01,"37,216,284"
الخدمات الرقمية,عام,القطاع العام,خدمة إلكترونية,2026/06/01,"37,210,957"
الخدمات الرقمية,عام,القطاع العام,خدمة إلكترونية,2026/06/01,"37,209,607"
الخدمات الرقمية,عام,القطاع العام,خدمة إلكترونية,2026/06/01,"37,209,613"
الخدمات الرقمية,عام,القطاع العام,خدمة إلكترونية,2026/06/01,"37,210,032"
الخدمات الرقمية,عام,القطاع العام,خدمة إلكترونية,2026/06/01,"37,209,224"
الخدمات الرقمية,عام,القطاع العام,خدمة إلكترونية,2026/06/01,"37,210,556"
الخدمات الرقمية,عام,القطاع العام,خدمة إلكترونية,2026/06/01,"37,209,974"
الخدمات الرقمية,عام,القطاع العام,خدمة إلكترونية,2026/06/01,"37,216,930"
الخدمات الرقمية,عام,القطاع العام,خدمة إلكترونية,2026/06/01,"37,213,692"
الخدمات الرقمية,عام,القطاع العام,خدمة إلكترونية,2026/06/01,"37,209,485"
الخدمات الرقمية,عام,القطاع العام,خدمة إلكترونية,2026/06/01,"37,209,537"
الخدمات الرقمية,عام,القطاع العام,خدمة إلكترونية,2026/06/01,"37,210,470"
الخدمات الرقمية,عام,القطاع العام,خدمة إلكترونية,2026/06/01,"37,212,759"
الخدمات الرقمية,عام,القطاع العام,خدمة إلكترونية,2026/06/01,"37,223,087"
الخدمات الرقمية,عام,القطاع العام,خدمة إلكترونية,2026/06/01,"37,210,778"
الخدمات الرقمية,عام,القطاع العام,خدمة إلكترونية,2026/06/01,"37,216,425"
الخدمات الرقمية,عام,القطاع العام,خدمة إلكترونية,2026/06/01,"37,216,252"
الخدمات الرقمية,عام,القطاع العام,خدمة إلكترونية,2026/06/01,"37,211,337"
الخدمات الرقمية,عام,القطاع العام,خدمة إلكترونية,2026/06/01,"37,212,521"
الخدمات الرقمية,عام,القطاع العام,خدمة إلكترونية,2026/06/01,"37,219,637"
الخدمات الرقمية,عام,القطاع العام,خدمة إلكترونية,2026/06/01,"37,213,498"
الخدمات الرقمية,عام,القطاع العام,خدمة إلكترونية,2026/06/01,"37,222,829"
الخدمات الرقمية,عام,القطاع العام,خدمة إلكترونية,2026/06/01,"37,210,391"
الخدمات الرقمية,عام,القطاع العام,خدمة إلكترونية,2026/06/01,"37,209,679"
الخدمات الرقمية,عام,القطاع العام,خدمة إلكترونية,2026/06/01,"37,211,217"
الخدمات الرقمية,عام,القطاع العام,خدمة إلكترونية,2026/06/01,"37,211,638"
الخدمات الرقمية,عام,القطاع العام,خدمة إلكترونية,2026/06/01,"37,209,543"
الخدمات الرقمية,عام,القطاع العام,خدمة إلكترونية,2026/06/01,"37,210,699"
الخدمات الرقمية,عام,القطاع العام,خدمة إلكترونية,2026/06/01,"37,212,028"
الخدمات الرقمية,عام,القطاع العام,خدمة إلكترونية,2026/06/01,"37,219,612"
الخدمات الرقمية,عام,القطاع العام,خدمة إلكترونية,2026/06/01,"37,209,621"
الخدمات الرقمية,عام,القطاع العام,خدمة إلكترونية,2026/06/01,"37,210,097"
الخدمات الرقمية,عام,القطاع العام,خدمة إلكترونية,2026/06/01,"37,211,262"
الخدمات الرقمية,عام,القطاع العام,خدمة إلكترونية,2026/06/01,"37,209,570"
الخدمات الرقمية,عام,القطاع العام,خدمة إلكترونية,2026/06/01,"37,212,893"
الخدمات الرقمية,عام,القطاع العام,خدمة إلكترونية,2026/06/01,"37,209,650"
الخدمات الرقمية,عام,القطاع العام,خدمة إلكترونية,2026/06/01,"37,209,900"
الخدمات الرقمية,عام,القطاع العام,خدمة إلكترونية,2026/06/01,"37,210,494"
الخدمات الرقمية,عام,القطاع العام,خدمة إلكترونية,2026/06/01,"37,212,352"
الخدمات الرقمية,عام,القطاع العام,خدمة إلكترونية,2026/06/01,"37,215,322"
الخدمات الرقمية,عام,القطاع العام,خدمة إلكترونية,2026/06/01,"37,210,169"
الخدمات الرقمية,عام,القطاع العام,خدمة إلكترونية,2026/06/01,"37,222,488"
الخدمات الرقمية,عام,القطاع العام,خدمة إلكترونية,2026/06/01,"37,215,446"
الخدمات الرقمية,عام,القطاع العام,خدمة إلكترونية,2026/06/01,"37,217,684"
الخدمات الرقمية,عام,القطاع العام,خدمة إلكترونية,2026/06/01,"37,208,556"
الخدمات الرقمية,عام,القطاع العام,خدمة إلكترونية,2026/06/01,"37,210,290"
الخدمات الرقمية,عام,القطاع العام,خدمة إلكترونية,2026/06/01,"37,210,700"
الخدمات الرقمية,عام,القطاع العام,خدمة إلكترونية,2026/06/01,"37,211,969"
الخدمات الرقمية,عام,القطاع العام,خدمة إلكترونية,2026/06/01,"37,209,573"
الخدمات الرقمية,عام,القطاع العام,خدمة إلكترونية,2026/06/01,"37,210,085"
الخدمات الرقمية,عام,القطاع العام,خدمة إلكترونية,2026/06/01,"37,218,076"
الخدمات الرقمية,عام,القطاع العام,خدمة إلكترونية,2026/06/01,"37,210,607"
الخدمات الرقمية,عام,القطاع العام,خدمة إلكترونية,2026/06/01,"37,218,934"
الخدمات الرقمية,عام,القطاع العام,خدمة إلكترونية,2026/06/01,"37,223,050"
الخدمات الرقمية,عام,القطاع العام,خدمة إلكترونية,2026/06/01,"37,217,575"
الخدمات الرقمية,عام,القطاع العام,خدمة إلكترونية,2026/06/01,"37,209,417"
الخدمات الرقمية,عام,القطاع العام,خدمة إلكترونية,2026/06/01,"37,222,928"
الخدمات الرقمية,عام,القطاع العام,خدمة إلكترونية,2026/06/01,"37,211,629"
الخدمات الرقمية,عام,القطاع العام,خدمة إلكترونية,2026/06/01,"37,209,862"
الخدمات الرقمية,عام,القطاع العام,خدمة إلكترونية,2026/06/01,"37,213,331"
الخدمات الرقمية,عام,القطاع العام,خدمة إلكترونية,2026/06/01,"37,223,024"
الخدمات الرقمية,عام,القطاع العام,خدمة إلكترونية,2026/06/01,"37,217,242"
الخدمات الرقمية,عام,القطاع العام,خدمة إلكترونية,2026/06/01,"37,213,809"
الخدمات الرقمية,عام,القطاع العام,خدمة إلكترونية,2026/06/01,"37,218,455"
الخدمات الرقمية,عام,القطاع العام,خدمة إلكترونية,2026/06/01,"37,216,071"
الخدمات الرقمية,عام,القطاع العام,خدمة إلكترونية,2026/06/01,"37,208,549"
الخدمات الرقمية,عام,القطاع العام,خدمة إلكترونية,2026/06/01,"37,209,450"
الخدمات الرقمية,عام,القطاع العام,خدمة إلكترونية,2026/06/01,"37,209,601"
الخدمات الرقمية,عام,القطاع العام,خدمة إلكترونية,2026/06/01,"37,222,969"
الخدمات الرقمية,عام,القطاع العام,خدمة إلكترونية,2026/06/01,"37,215,953"
الخدمات الرقمية,عام,القطاع العام,خدمة إلكترونية,2026/06/01,"37,223,061"
الخدمات الرقمية,عام,القطاع العام,خدمة إلكترونية,2026/06/01,"37,210,592"
الخدمات الرقمية,عام,القطاع العام,خدمة إلكترونية,2026/06/01,"37,211,411"
الخدمات الرقمية,عام,القطاع العام,خدمة إلكترونية,2026/06/01,"37,214,082"
الخدمات الرقمية,عام,القطاع العام,خدمة إلكترونية,2026/06/01,"37,216,962"
الخدمات الرقمية,عام,القطاع العام,خدمة إلكترونية,2026/06/01,"37,217,413"
الخدمات الرقمية,عام,القطاع العام,خدمة إلكترونية,2026/06/01,"37,214,247"
الخدمات الرقمية,عام,القطاع العام,خدمة إلكترونية,2026/06/01,"37,213,338"
الخدمات الرقمية,عام,القطاع العام,خدمة إلكترونية,2026/06/01,"37,213,706"
الخدمات الرقمية,عام,القطاع العام,خدمة إلكترونية,2026/06/01,"37,214,559"
الخدمات الرقمية,عام,القطاع العام,خدمة إلكترونية,2026/06/01,"37,216,807"
الخدمات الرقمية,عام,القطاع العام,خدمة إلكترونية,2026/06/01,"37,211,234"
الخدمات الرقمية,عام,القطاع العام,خدمة إلكترونية,2026/06/01,"37,214,659"
الخدمات الرقمية,عام,القطاع العام,خدمة إلكترونية,2026/06/01,"37,216,983"
الخدمات الرقمية,عام,القطاع العام,خدمة إلكترونية,2026/06/01,"37,211,649"
الخدمات الرقمية,عام,القطاع العام,خدمة إلكترونية,2026/06/01,"37,216,606"
الخدمات الرقمية,عام,القطاع العام,خدمة إلكترونية,2026/06/01,"37,216,555"
الخدمات الرقمية,عام,القطاع العام,خدمة إلكترونية,2026/06/01,"37,216,766"
الخدمات الرقمية,عام,القطاع العام,خدمة إلكترونية,2026/06/01,"37,217,212"
الخدمات الرقمية,عام,القطاع العام,خدمة إلكترونية,2026/06/01,"37,214,043"
الخدمات الرقمية,عام,القطاع العام,خدمة إلكترونية,2026/06/01,"37,219,464"
الخدمات الرقمية,عام,القطاع العام,خدمة إلكترونية,2026/06/01,"37,216,824"
الخدمات الرقمية,عام,القطاع العام,خدمة إلكترونية,2026/06/01,"37,219,508"
الخدمات الرقمية,عام,القطاع العام,خدمة إلكترونية,2026/06/01,"37,211,683"
الخدمات الرقمية,عام,القطاع العام,خدمة إلكترونية,2026/06/01,"37,216,775"
الخدمات الرقمية,عام,القطاع العام,خدمة إلكترونية,2026/06/01,"37,218,830"
الخدمات الرقمية,عام,القطاع العام,خدمة إلكترونية,2026/06/01,"37,213,500"
الخدمات الرقمية,عام,القطاع العام,خدمة إلكترونية,2026/06/01,"37,214,063"
الخدمات الرقمية,عام,القطاع العام,خدمة إلكترونية,2026/06/01,"37,215,955"
الخدمات الرقمية,عام,القطاع العام,خدمة إلكترونية,2026/06/01,"37,215,937"
الخدمات الرقمية,عام,القطاع العام,خدمة إلكترونية,2026/06/01,"37,213,446"
الخدمات الرقمية,عام,القطاع العام,خدمة إلكترونية,2026/06/01,"37,215,964"
الخدمات الرقمية,عام,القطاع العام,خدمة إلكترونية,2026/06/01,"37,211,377"
الخدمات الرقمية,عام,القطاع العام,خدمة إلكترونية,2026/06/01,"37,211,477"
الخدمات الرقمية,عام,القطاع العام,خدمة إلكترونية,2026/06/01,"37,211,516"
الخدمات الرقمية,عام,القطاع العام,خدمة إلكترونية,2026/06/01,"37,213,324"
الخدمات الرقمية,عام,القطاع العام,خدمة إلكترونية,2026/06/01,"37,216,980"
الخدمات الرقمية,عام,القطاع العام,خدمة إلكترونية,2026/06/01,"37,215,882"
الخدمات الرقمية,عام,القطاع العام,خدمة إلكترونية,2026/06/01,"37,211,594"
الخدمات الرقمية,عام,القطاع العام,خدمة إلكترونية,2026/06/01,"37,216,474"
الخدمات الرقمية,عام,القطاع العام,خدمة إلكترونية,2026/06/01,"37,216,670"
الخدمات الرقمية,عام,القطاع العام,خدمة إلكترونية,2026/06/01,"37,213,422"
الخدمات الرقمية,عام,القطاع العام,خدمة إلكترونية,2026/06/01,"37,216,735"
الخدمات الرقمية,عام,القطاع العام,خدمة إلكترونية,2026/06/01,"37,214,306"
الخدمات الرقمية,عام,القطاع العام,خدمة إلكترونية,2026/06/01,"37,215,685"
الخدمات الرقمية,عام,القطاع العام,خدمة إلكترونية,2026/06/01,"37,218,822"
الخدمات الرقمية,عام,القطاع العام,خدمة إلكترونية,2026/06/01,"37,211,394"
الخدمات الرقمية,عام,القطاع العام,خدمة إلكترونية,2026/06/01,"37,219,515"
الخدمات الرقمية,عام,القطاع العام,خدمة إلكترونية,2026/06/01,"37,219,562"
الخدمات الرقمية,عام,القطاع العام,خدمة إلكترونية,2026/06/01,"37,216,904"
الخدمات الرقمية,عام,القطاع العام,خدمة إلكترونية,2026/06/01,"37,219,589"
الخدمات الرقمية,عام,القطاع العام,خدمة إلكترونية,2026/06/01,"37,214,365"
الخدمات الرقمية,عام,القطاع العام,خدمة إلكترونية,2026/06/01,"37,215,817"
الخدمات الرقمية,عام,القطاع العام,خدمة إلكترونية,2026/06/01,"37,217,232"
الخدمات الرقمية,عام,القطاع العام,خدمة إلكترونية,2026/06/01,"37,219,466"
الخدمات الرقمية,عام,القطاع العام,خدمة إلكترونية,2026/06/01,"37,219,538"
الخدمات الرقمية,عام,القطاع العام,خدمة إلكترونية,2026/06/01,"37,211,263"
الخدمات الرقمية,عام,القطاع العام,خدمة إلكترونية,2026/06/01,"37,215,853"
الخدمات الرقمية,عام,القطاع العام,خدمة إلكترونية,2026/06/01,"37,216,943"
الخدمات الرقمية,عام,القطاع العام,خدمة إلكترونية,2026/06/01,"37,216,699"
الخدمات الرقمية,عام,القطاع العام,خدمة إلكترونية,2026/06/01,"37,211,466"
الخدمات الرقمية,عام,القطاع العام,خدمة إلكترونية,2026/06/01,"37,219,413"
الخدمات الرقمية,عام,القطاع العام,خدمة إلكترونية,2026/06/01,"37,215,717"
الخدمات الرقمية,عام,القطاع العام,خدمة إلكترونية,2026/06/01,"37,214,625"
الخدمات الرقمية,عام,القطاع العام,خدمة إلكترونية,2026/06/01,"37,217,067"
الخدمات الرقمية,عام,القطاع العام,خدمة إلكترونية,2026/06/01,"37,213,628"
الخدمات الرقمية,عام,القطاع العام,خدمة إلكترونية,2026/06/01,"37,216,039"
الخدمات الرقمية,عام,القطاع العام,خدمة إلكترونية,2026/06/01,"37,216,715"
الخدمات الرقمية,عام,القطاع العام,خدمة إلكترونية,2026/06/01,"37,216,874"
الخدمات الرقمية,عام,القطاع العام,خدمة إلكترونية,2026/06/01,"37,219,388"
الخدمات الرقمية,عام,القطاع العام,خدمة إلكترونية,2026/06/01,"37,211,312"
الخدمات الرقمية,عام,القطاع العام,خدمة إلكترونية,2026/06/01,"37,217,185"
الخدمات الرقمية,عام,القطاع العام,خدمة إلكترونية,2026/06/01,"37,217,312"
الخدمات الرقمية,عام,القطاع العام,خدمة إلكترونية,2026/06/01,"37,214,215"
الخدمات الرقمية,عام,القطاع العام,خدمة إلكترونية,2026/06/01,"37,219,573"
الخدمات الرقمية,عام,القطاع العام,خدمة إلكترونية,2026/06/01,"37,211,641"
الخدمات الرقمية,عام,القطاع العام,خدمة إلكترونية,2026/06/01,"37,219,404"
الخدمات الرقمية,عام,القطاع العام,خدمة إلكترونية,2026/06/01,"37,213,657"
الخدمات الرقمية,عام,القطاع العام,خدمة إلكترونية,2026/06/01,"37,215,739"
الخدمات الرقمية,عام,القطاع العام,خدمة إلكترونية,2026/06/01,"37,213,788"
الخدمات الرقمية,عام,القطاع العام,خدمة إلكترونية,2026/06/01,"37,214,269"
الخدمات الرقمية,عام,القطاع العام,خدمة إلكترونية,2026/06/01,"37,217,269"
الخدمات الرقمية,عام,القطاع العام,خدمة إلكترونية,2026/06/01,"37,215,775"
الخدمات الرقمية,عام,القطاع العام,خدمة إلكترونية,2026/06/01,"37,211,633"
الخدمات الرقمية,عام,القطاع العام,خدمة إلكترونية,2026/06/01,"37,213,995"
الخدمات الرقمية,عام,القطاع العام,خدمة إلكترونية,2026/06/01,"37,214,545"
 عسير,ابها,القطاع الخاص,خدمة إلكترونية جزئيا,2026/06/02,"37,236,869"
 عسير,ابها,القطاع الخاص,خدمة إلكترونية جزئيا,2026/06/02,"37,237,384"
 عسير,ابها,القطاع الخاص,خدمة إلكترونية جزئيا,2026/06/02,"37,237,128"
 عسير,ابها,القطاع الخاص,خدمة إلكترونية جزئيا,2026/06/02,"37,236,901"
 القصيم,بريده,القطاع الخاص,خدمة إلكترونية جزئيا,2026/06/02,"37,232,530"
 حائل,حائل,القطاع الخاص,خدمة إلكترونية جزئيا,2026/06/02,"37,231,356"
 الرياض,الرياض,القطاع الخاص,خدمة إلكترونية جزئيا,2026/06/02,"37,228,907"
 الرياض,الرياض,القطاع الخاص,خدمة إلكترونية جزئيا,2026/06/02,"37,228,934"
 الرياض,الرياض,القطاع الخاص,خدمة إلكترونية جزئيا,2026/06/02,"37,228,947"
 عسير,ابها,القطاع الخاص,خدمة إلكترونية جزئيا,2026/06/02,"37,237,232"
 عسير,ابها,القطاع الخاص,خدمة إلكترونية جزئيا,2026/06/02,"37,237,325"
 عسير,ابها,القطاع الخاص,خدمة إلكترونية جزئيا,2026/06/02,"37,236,835"
 الرياض,الرياض,القطاع الخاص,خدمة إلكترونية جزئيا,2026/06/02,"37,236,985"
 عسير,ابها,القطاع الخاص,خدمة إلكترونية جزئيا,2026/06/02,"37,237,530"
 الرياض,الرياض,القطاع الخاص,خدمة إلكترونية جزئيا,2026/06/02,"37,227,775"
 الرياض,الرياض,القطاع الخاص,خدمة إلكترونية جزئيا,2026/06/02,"37,231,223"
 حائل,حائل,القطاع الخاص,خدمة إلكترونية جزئيا,2026/06/02,"37,231,503"
 الرياض,الرياض,القطاع الخاص,خدمة إلكترونية جزئيا,2026/06/02,"37,235,135"
 الرياض,الرياض,القطاع الخاص,خدمة إلكترونية جزئيا,2026/06/02,"37,235,238"
 مكة المكرمه,جده,القطاع الخاص,خدمة إلكترونية جزئيا,2026/06/02,"37,232,212"
الخدمات الرقمية,عام,القطاع العام,خدمة إلكترونية,2026/06/02,"37,227,272"
الخدمات الرقمية,عام,القطاع العام,خدمة إلكترونية,2026/06/02,"37,236,116"
الخدمات الرقمية,عام,القطاع العام,خدمة إلكترونية,2026/06/02,"37,227,096"
الخدمات الرقمية,عام,القطاع العام,خدمة إلكترونية,2026/06/02,"37,236,273"
الخدمات الرقمية,عام,القطاع العام,خدمة إلكترونية,2026/06/02,"37,233,859"
الخدمات الرقمية,عام,القطاع العام,خدمة إلكترونية,2026/06/02,"37,235,756"
الخدمات الرقمية,عام,القطاع العام,خدمة إلكترونية,2026/06/02,"37,227,619"
الخدمات الرقمية,عام,القطاع العام,خدمة إلكترونية,2026/06/02,"37,235,810"
الخدمات الرقمية,عام,القطاع العام,خدمة إلكترونية,2026/06/02,"37,230,017"
الخدمات الرقمية,عام,القطاع العام,خدمة إلكترونية,2026/06/02,"37,228,768"
الخدمات الرقمية,عام,القطاع العام,خدمة إلكترونية,2026/06/02,"37,232,233"
الخدمات الرقمية,عام,القطاع العام,خدمة إلكترونية,2026/06/02,"37,235,803"
الخدمات الرقمية,عام,القطاع العام,خدمة إلكترونية,2026/06/02,"37,236,285"
الخدمات الرقمية,عام,القطاع العام,خدمة إلكترونية,2026/06/02,"37,229,691"
الخدمات الرقمية,عام,القطاع العام,خدمة إلكترونية,2026/06/02,"37,229,535"
الخدمات الرقمية,عام,القطاع العام,خدمة إلكترونية,2026/06/02,"37,229,686"
الخدمات الرقمية,عام,القطاع العام,خدمة إلكترونية,2026/06/02,"37,227,617"
الخدمات الرقمية,عام,القطاع العام,خدمة إلكترونية,2026/06/02,"37,235,296"
الخدمات الرقمية,عام,القطاع العام,خدمة إلكترونية,2026/06/02,"37,233,867"
الخدمات الرقمية,عام,القطاع العام,خدمة إلكترونية,2026/06/02,"37,230,564"
الخدمات الرقمية,عام,القطاع العام,خدمة إلكترونية,2026/06/02,"37,230,025"
الخدمات الرقمية,عام,القطاع العام,خدمة إلكترونية,2026/06/02,"37,235,293"
الخدمات الرقمية,عام,القطاع العام,خدمة إلكترونية,2026/06/02,"37,226,361"
الخدمات الرقمية,عام,القطاع العام,خدمة إلكترونية,2026/06/02,"37,229,688"
الخدمات الرقمية,عام,القطاع العام,خدمة إلكترونية,2026/06/02,"37,230,563"
الخدمات الرقمية,عام,القطاع العام,خدمة إلكترونية,2026/06/02,"37,229,678"
الخدمات الرقمية,عام,القطاع العام,خدمة إلكترونية,2026/06/02,"37,231,991"
الخدمات الرقمية,عام,القطاع العام,خدمة إلكترونية,2026/06/02,"37,243,304"
الخدمات الرقمية,عام,القطاع العام,خدمة إلكترونية,2026/06/02,"37,237,296"
الخدمات الرقمية,عام,القطاع العام,خدمة إلكترونية,2026/06/02,"37,237,375"
الخدمات الرقمية,عام,القطاع العام,خدمة إلكترونية,2026/06/02,"37,236,849"
الخدمات الرقمية,عام,القطاع العام,خدمة إلكترونية,2026/06/02,"37,229,468"
الخدمات الرقمية,عام,القطاع العام,خدمة إلكترونية,2026/06/02,"37,234,810"
الخدمات الرقمية,عام,القطاع العام,خدمة إلكترونية,2026/06/02,"37,243,145"
الخدمات الرقمية,عام,القطاع العام,خدمة إلكترونية,2026/06/02,"37,237,362"
الخدمات الرقمية,عام,القطاع العام,خدمة إلكترونية,2026/06/02,"37,232,753"
الخدمات الرقمية,عام,القطاع العام,خدمة إلكترونية,2026/06/02,"37,237,196"
الخدمات الرقمية,عام,القطاع العام,خدمة إلكترونية,2026/06/02,"37,240,925"
الخدمات الرقمية,عام,القطاع العام,خدمة إلكترونية,2026/06/02,"37,243,152"
الخدمات الرقمية,عام,القطاع العام,خدمة إلكترونية,2026/06/02,"37,237,462"
الخدمات الرقمية,عام,القطاع العام,خدمة إلكترونية,2026/06/02,"37,237,416"
الخدمات الرقمية,عام,القطاع العام,خدمة إلكترونية,2026/06/02,"37,243,309"
الخدمات الرقمية,عام,القطاع العام,خدمة إلكترونية,2026/06/02,"37,237,447"
الخدمات الرقمية,عام,القطاع العام,خدمة إلكترونية,2026/06/02,"37,229,159"
الخدمات الرقمية,عام,القطاع العام,خدمة إلكترونية,2026/06/02,"37,243,296"
الخدمات الرقمية,عام,القطاع العام,خدمة إلكترونية,2026/06/02,"37,236,856"
الخدمات الرقمية,عام,القطاع العام,خدمة إلكترونية,2026/06/02,"37,243,230"
الخدمات الرقمية,عام,القطاع العام,خدمة إلكترونية,2026/06/02,"37,225,994"
الخدمات الرقمية,عام,القطاع العام,خدمة إلكترونية,2026/06/02,"37,235,958"
الخدمات الرقمية,عام,القطاع العام,خدمة إلكترونية,2026/06/02,"37,237,463"
الخدمات الرقمية,عام,القطاع العام,خدمة إلكترونية,2026/06/02,"37,237,386"
الخدمات الرقمية,عام,القطاع العام,خدمة إلكترونية,2026/06/02,"37,228,223"
الخدمات الرقمية,عام,القطاع العام,خدمة إلكترونية,2026/06/02,"37,228,945"
الخدمات الرقمية,عام,القطاع العام,خدمة إلكترونية,2026/06/02,"37,229,415"
الخدمات الرقمية,عام,القطاع العام,خدمة إلكترونية,2026/06/02,"37,243,139"
الخدمات الرقمية,عام,القطاع العام,خدمة إلكترونية,2026/06/02,"37,232,044"
الخدمات الرقمية,عام,القطاع العام,خدمة إلكترونية,2026/06/02,"37,226,676"
الخدمات الرقمية,عام,القطاع العام,خدمة إلكترونية,2026/06/02,"37,229,327"
الخدمات الرقمية,عام,القطاع العام,خدمة إلكترونية,2026/06/02,"37,243,273"
الخدمات الرقمية,عام,القطاع العام,خدمة إلكترونية,2026/06/02,"37,237,109"
الخدمات الرقمية,عام,القطاع العام,خدمة إلكترونية,2026/06/02,"37,233,676"
الخدمات الرقمية,عام,القطاع العام,خدمة إلكترونية,2026/06/02,"37,233,172"
الخدمات الرقمية,عام,القطاع العام,خدمة إلكترونية,2026/06/02,"37,237,148"
 مكة المكرمه,جده,القطاع الخاص,خدمة إلكترونية جزئيا,2026/06/03,"37,259,420"
 عسير,ابها,القطاع الخاص,خدمة إلكترونية جزئيا,2026/06/03,"37,255,127"
 الشرقية,الدمام,القطاع الخاص,خدمة إلكترونية جزئيا,2026/06/03,"37,256,846"
 القصيم,بريده,القطاع الخاص,خدمة إلكترونية جزئيا,2026/06/03,"37,255,229"
 الرياض,الرياض,القطاع الخاص,خدمة إلكترونية جزئيا,2026/06/03,"37,252,021"
 مكة المكرمه,جده,القطاع الخاص,خدمة إلكترونية جزئيا,2026/06/03,"37,255,027"
 مكة المكرمه,جده,القطاع الخاص,خدمة إلكترونية جزئيا,2026/06/03,"37,253,942"
 مكة المكرمه,جده,القطاع الخاص,خدمة إلكترونية جزئيا,2026/06/03,"37,255,360"
 عسير,ابها,القطاع الخاص,خدمة إلكترونية جزئيا,2026/06/03,"37,255,178"
 مكة المكرمه,جده,القطاع الخاص,خدمة إلكترونية جزئيا,2026/06/03,"37,259,487"
 الشرقية,الدمام,القطاع الخاص,خدمة إلكترونية جزئيا,2026/06/03,"37,257,076"
 الرياض,الرياض,القطاع الخاص,خدمة إلكترونية جزئيا,2026/06/03,"37,253,882"
 مكة المكرمه,جده,القطاع الخاص,خدمة إلكترونية جزئيا,2026/06/03,"37,256,718"
 مكة المكرمه,جده,القطاع الخاص,خدمة إلكترونية جزئيا,2026/06/03,"37,256,960"
 مكة المكرمه,جده,القطاع الخاص,خدمة إلكترونية جزئيا,2026/06/03,"37,254,178"
 القصيم,بريده,القطاع الخاص,خدمة إلكترونية جزئيا,2026/06/03,"37,255,568"
 الرياض,الرياض,القطاع الخاص,خدمة إلكترونية جزئيا,2026/06/03,"37,255,410"
 الرياض,الرياض,القطاع الخاص,خدمة إلكترونية جزئيا,2026/06/03,"37,252,031"
 عسير,ابها,القطاع الخاص,خدمة إلكترونية جزئيا,2026/06/03,"37,252,484"
 مكة المكرمه,الطائف,القطاع الخاص,خدمة إلكترونية جزئيا,2026/06/03,"37,249,258"
 الرياض,الرياض,القطاع الخاص,خدمة إلكترونية جزئيا,2026/06/03,"37,252,954"
 الرياض,الرياض,القطاع الخاص,خدمة إلكترونية جزئيا,2026/06/03,"37,253,075"
 مكة المكرمه,جده,القطاع الخاص,خدمة إلكترونية جزئيا,2026/06/03,"37,255,593"
الخدمات الرقمية,عام,القطاع العام,خدمة إلكترونية,2026/06/03,"37,264,445"
الخدمات الرقمية,عام,القطاع العام,خدمة إلكترونية,2026/06/03,"37,264,443"
الخدمات الرقمية,عام,القطاع العام,خدمة إلكترونية,2026/06/03,"37,264,511"
الخدمات الرقمية,عام,القطاع العام,خدمة إلكترونية,2026/06/03,"37,256,575"
الخدمات الرقمية,عام,القطاع العام,خدمة إلكترونية,2026/06/03,"37,246,638"
الخدمات الرقمية,عام,القطاع العام,خدمة إلكترونية,2026/06/03,"37,256,713"
الخدمات الرقمية,عام,القطاع العام,خدمة إلكترونية,2026/06/03,"37,256,571"
الخدمات الرقمية,عام,القطاع العام,خدمة إلكترونية,2026/06/03,"37,258,968"
الخدمات الرقمية,عام,القطاع العام,خدمة إلكترونية,2026/06/03,"37,256,397"
الخدمات الرقمية,عام,القطاع العام,خدمة إلكترونية,2026/06/03,"37,259,063"
الخدمات الرقمية,عام,القطاع العام,خدمة إلكترونية,2026/06/03,"37,255,432"
الخدمات الرقمية,عام,القطاع العام,خدمة إلكترونية,2026/06/03,"37,256,725"
الخدمات الرقمية,عام,القطاع العام,خدمة إلكترونية,2026/06/03,"37,258,881"
الخدمات الرقمية,عام,القطاع العام,خدمة إلكترونية,2026/06/03,"37,251,256"
الخدمات الرقمية,عام,القطاع العام,خدمة إلكترونية,2026/06/03,"37,251,703"
الخدمات الرقمية,عام,القطاع العام,خدمة إلكترونية,2026/06/03,"37,258,421"
الخدمات الرقمية,عام,القطاع العام,خدمة إلكترونية,2026/06/03,"37,255,550"
الخدمات الرقمية,عام,القطاع العام,خدمة إلكترونية,2026/06/03,"37,251,435"
الخدمات الرقمية,عام,القطاع العام,خدمة إلكترونية,2026/06/03,"37,258,635"
الخدمات الرقمية,عام,القطاع العام,خدمة إلكترونية,2026/06/03,"37,255,435"
الخدمات الرقمية,عام,القطاع العام,خدمة إلكترونية,2026/06/03,"37,256,911"
الخدمات الرقمية,عام,القطاع العام,خدمة إلكترونية,2026/06/03,"37,256,422"
الخدمات الرقمية,عام,القطاع العام,خدمة إلكترونية,2026/06/03,"37,256,568"
الخدمات الرقمية,عام,القطاع العام,خدمة إلكترونية,2026/06/03,"37,255,158"
الخدمات الرقمية,عام,القطاع العام,خدمة إلكترونية,2026/06/03,"37,256,418"
الخدمات الرقمية,عام,القطاع العام,خدمة إلكترونية,2026/06/03,"37,256,554"
الخدمات الرقمية,عام,القطاع العام,خدمة إلكترونية,2026/06/03,"37,257,667"
الخدمات الرقمية,عام,القطاع العام,خدمة إلكترونية,2026/06/03,"37,248,497"
الخدمات الرقمية,عام,القطاع العام,خدمة إلكترونية,2026/06/03,"37,256,431"
الخدمات الرقمية,عام,القطاع العام,خدمة إلكترونية,2026/06/03,"37,249,277"
الخدمات الرقمية,عام,القطاع العام,خدمة إلكترونية,2026/06/03,"37,256,564"
الخدمات الرقمية,عام,القطاع العام,خدمة إلكترونية,2026/06/03,"37,262,137"
الخدمات الرقمية,عام,القطاع العام,خدمة إلكترونية,2026/06/03,"37,262,530"
الخدمات الرقمية,عام,القطاع العام,خدمة إلكترونية,2026/06/03,"37,263,322"
الخدمات الرقمية,عام,القطاع العام,خدمة إلكترونية,2026/06/03,"37,262,130"
الخدمات الرقمية,عام,القطاع العام,خدمة إلكترونية,2026/06/03,"37,262,052"
الخدمات الرقمية,عام,القطاع العام,خدمة إلكترونية,2026/06/03,"37,262,087"
الخدمات الرقمية,عام,القطاع العام,خدمة إلكترونية,2026/06/03,"37,261,143"
الخدمات الرقمية,عام,القطاع العام,خدمة إلكترونية,2026/06/03,"37,261,955"
الخدمات الرقمية,عام,القطاع العام,خدمة إلكترونية,2026/06/03,"37,264,841"
الخدمات الرقمية,عام,القطاع العام,خدمة إلكترونية,2026/06/03,"37,261,894"
الخدمات الرقمية,عام,القطاع العام,خدمة إلكترونية,2026/06/03,"37,264,390"
الخدمات الرقمية,عام,القطاع العام,خدمة إلكترونية,2026/06/03,"37,261,657"
الخدمات الرقمية,عام,القطاع العام,خدمة إلكترونية,2026/06/03,"37,265,324"
الخدمات الرقمية,عام,القطاع العام,خدمة إلكترونية,2026/06/03,"37,262,174"
الخدمات الرقمية,عام,القطاع العام,خدمة إلكترونية,2026/06/03,"37,262,252"
الخدمات الرقمية,عام,القطاع العام,خدمة إلكترونية,2026/06/03,"37,261,846"
الخدمات الرقمية,عام,القطاع العام,خدمة إلكترونية,2026/06/03,"37,261,648"
الخدمات الرقمية,عام,القطاع العام,خدمة إلكترونية,2026/06/03,"37,262,222"
الخدمات الرقمية,عام,القطاع العام,خدمة إلكترونية,2026/06/03,"37,265,749"
الخدمات الرقمية,عام,القطاع العام,خدمة إلكترونية,2026/06/03,"37,261,629"
الخدمات الرقمية,عام,القطاع العام,خدمة إلكترونية,2026/06/03,"37,244,235"
الخدمات الرقمية,عام,القطاع العام,خدمة إلكترونية,2026/06/03,"37,247,155"
الخدمات الرقمية,عام,القطاع العام,خدمة إلكترونية,2026/06/03,"37,252,105"
الخدمات الرقمية,عام,القطاع العام,خدمة إلكترونية,2026/06/03,"37,244,052"
الخدمات الرقمية,عام,القطاع العام,خدمة إلكترونية,2026/06/03,"37,247,067"
الخدمات الرقمية,عام,القطاع العام,خدمة إلكترونية,2026/06/03,"37,251,600"
الخدمات الرقمية,عام,القطاع العام,خدمة إلكترونية,2026/06/03,"37,252,093"
الخدمات الرقمية,عام,القطاع العام,خدمة إلكترونية,2026/06/03,"37,260,529"
الخدمات الرقمية,عام,القطاع العام,خدمة إلكترونية,2026/06/03,"37,250,358"
الخدمات الرقمية,عام,القطاع العام,خدمة إلكترونية,2026/06/03,"37,259,871"
الخدمات الرقمية,عام,القطاع العام,خدمة إلكترونية,2026/06/03,"37,258,461"
الخدمات الرقمية,عام,القطاع العام,خدمة إلكترونية,2026/06/03,"37,260,125"
الخدمات الرقمية,عام,القطاع العام,خدمة إلكترونية,2026/06/03,"37,260,409"
الخدمات الرقمية,عام,القطاع العام,خدمة إلكترونية,2026/06/03,"37,249,649"
الخدمات الرقمية,عام,القطاع العام,خدمة إلكترونية,2026/06/03,"37,249,984"
الخدمات الرقمية,عام,القطاع العام,خدمة إلكترونية,2026/06/03,"37,256,279"
الخدمات الرقمية,عام,القطاع العام,خدمة إلكترونية,2026/06/03,"37,259,673"
الخدمات الرقمية,عام,القطاع العام,خدمة إلكترونية,2026/06/03,"37,249,858"
الخدمات الرقمية,عام,القطاع العام,خدمة إلكترونية,2026/06/03,"37,250,145"
الخدمات الرقمية,عام,القطاع العام,خدمة إلكترونية,2026/06/03,"37,249,722"
الخدمات الرقمية,عام,القطاع العام,خدمة إلكترونية,2026/06/03,"37,252,888"
الخدمات الرقمية,عام,القطاع العام,خدمة إلكترونية,2026/06/03,"37,259,954"
الخدمات الرقمية,عام,القطاع العام,خدمة إلكترونية,2026/06/03,"37,258,491"
الخدمات الرقمية,عام,القطاع العام,خدمة إلكترونية,2026/06/03,"37,260,356"
الخدمات الرقمية,عام,القطاع العام,خدمة إلكترونية,2026/06/03,"37,251,883"
الخدمات الرقمية,عام,القطاع العام,خدمة إلكترونية,2026/06/03,"37,251,991"
الخدمات الرقمية,عام,القطاع العام,خدمة إلكترونية,2026/06/03,"37,249,558"
الخدمات الرقمية,عام,القطاع العام,خدمة إلكترونية,2026/06/03,"37,261,016"
الخدمات الرقمية,عام,القطاع العام,خدمة إلكترونية,2026/06/03,"37,258,246"
الخدمات الرقمية,عام,القطاع العام,خدمة إلكترونية,2026/06/03,"37,258,324"
الخدمات الرقمية,عام,القطاع العام,خدمة إلكترونية,2026/06/03,"37,260,208"
الخدمات الرقمية,عام,القطاع العام,خدمة إلكترونية,2026/06/03,"37,246,554"
الخدمات الرقمية,عام,القطاع العام,خدمة إلكترونية,2026/06/03,"37,255,293"
الخدمات الرقمية,عام,القطاع العام,خدمة إلكترونية,2026/06/03,"37,251,373"
الخدمات الرقمية,عام,القطاع العام,خدمة إلكترونية,2026/06/03,"37,254,630"
الخدمات الرقمية,عام,القطاع العام,خدمة إلكترونية,2026/06/03,"37,256,533"
الخدمات الرقمية,عام,القطاع العام,خدمة إلكترونية,2026/06/03,"37,247,020"
الخدمات الرقمية,عام,القطاع العام,خدمة إلكترونية,2026/06/03,"37,247,188"
الخدمات الرقمية,عام,القطاع العام,خدمة إلكترونية,2026/06/03,"37,251,768"
الخدمات الرقمية,عام,القطاع العام,خدمة إلكترونية,2026/06/03,"37,251,837"
الخدمات الرقمية,عام,القطاع العام,خدمة إلكترونية,2026/06/03,"37,259,021"
الخدمات الرقمية,عام,القطاع العام,خدمة إلكترونية,2026/06/03,"37,259,039"
الخدمات الرقمية,عام,القطاع العام,خدمة إلكترونية,2026/06/03,"37,248,963"
الخدمات الرقمية,عام,القطاع العام,خدمة إلكترونية,2026/06/03,"37,258,406"
الخدمات الرقمية,عام,القطاع العام,خدمة إلكترونية,2026/06/03,"37,250,564"
الخدمات الرقمية,عام,القطاع العام,خدمة إلكترونية,2026/06/03,"37,256,174"
الخدمات الرقمية,عام,القطاع العام,خدمة إلكترونية,2026/06/03,"37,259,932"
الخدمات الرقمية,عام,القطاع العام,خدمة إلكترونية,2026/06/03,"37,249,939"
الخدمات الرقمية,عام,القطاع العام,خدمة إلكترونية,2026/06/03,"37,247,033"
الخدمات الرقمية,عام,القطاع العام,خدمة إلكترونية,2026/06/03,"37,257,116"
الخدمات الرقمية,عام,القطاع العام,خدمة إلكترونية,2026/06/03,"37,258,289"
الخدمات الرقمية,عام,القطاع العام,خدمة إلكترونية,2026/06/03,"37,253,434"
الخدمات الرقمية,عام,القطاع العام,خدمة إلكترونية,2026/06/03,"37,257,510"
الخدمات الرقمية,عام,القطاع العام,خدمة إلكترونية,2026/06/03,"37,259,892"
الخدمات الرقمية,عام,القطاع العام,خدمة إلكترونية,2026/06/03,"37,253,753"
الخدمات الرقمية,عام,القطاع العام,خدمة إلكترونية,2026/06/03,"37,254,863"
الخدمات الرقمية,عام,القطاع العام,خدمة إلكترونية,2026/06/03,"37,245,688"
الخدمات الرقمية,عام,القطاع العام,خدمة إلكترونية,2026/06/03,"37,244,164"
الخدمات الرقمية,عام,القطاع العام,خدمة إلكترونية,2026/06/03,"37,257,678"
الخدمات الرقمية,عام,القطاع العام,خدمة إلكترونية,2026/06/03,"37,252,705"
الخدمات الرقمية,عام,القطاع العام,خدمة إلكترونية,2026/06/03,"37,251,988"
الخدمات الرقمية,عام,القطاع العام,خدمة إلكترونية,2026/06/03,"37,247,236"
الخدمات الرقمية,عام,القطاع العام,خدمة إلكترونية,2026/06/03,"37,259,355"
الخدمات الرقمية,عام,القطاع العام,خدمة إلكترونية,2026/06/03,"37,250,348"
الخدمات الرقمية,عام,القطاع العام,خدمة إلكترونية,2026/06/03,"37,247,113"
الخدمات الرقمية,عام,القطاع العام,خدمة إلكترونية,2026/06/03,"37,258,543"
الخدمات الرقمية,عام,القطاع العام,خدمة إلكترونية,2026/06/03,"37,253,314"
الخدمات الرقمية,عام,القطاع العام,خدمة إلكترونية,2026/06/03,"37,251,201"
الخدمات الرقمية,عام,القطاع العام,خدمة إلكترونية,2026/06/03,"37,251,286"
الخدمات الرقمية,عام,القطاع العام,خدمة إلكترونية,2026/06/03,"37,256,747"
الخدمات الرقمية,عام,القطاع العام,خدمة إلكترونية,2026/06/03,"37,247,149"
الخدمات الرقمية,عام,القطاع العام,خدمة إلكترونية,2026/06/03,"37,258,894"
الخدمات الرقمية,عام,القطاع العام,خدمة إلكترونية,2026/06/03,"37,259,580"
الخدمات الرقمية,عام,القطاع العام,خدمة إلكترونية,2026/06/03,"37,256,770"
الخدمات الرقمية,عام,القطاع العام,خدمة إلكترونية,2026/06/03,"37,250,439"
الخدمات الرقمية,عام,القطاع العام,خدمة إلكترونية,2026/06/03,"37,260,097"
الخدمات الرقمية,عام,القطاع العام,خدمة إلكترونية,2026/06/03,"37,256,403"
الخدمات الرقمية,عام,القطاع العام,خدمة إلكترونية,2026/06/03,"37,260,179"
الخدمات الرقمية,عام,القطاع العام,خدمة إلكترونية,2026/06/03,"37,256,088"
الخدمات الرقمية,عام,القطاع العام,خدمة إلكترونية,2026/06/03,"37,247,299"
الخدمات الرقمية,عام,القطاع العام,خدمة إلكترونية,2026/06/03,"37,254,521"
الخدمات الرقمية,عام,القطاع العام,خدمة إلكترونية,2026/06/03,"37,244,348"
الخدمات الرقمية,عام,القطاع العام,خدمة إلكترونية,2026/06/03,"37,247,386"
الخدمات الرقمية,عام,القطاع العام,خدمة إلكترونية,2026/06/03,"37,256,608"
الخدمات الرقمية,عام,القطاع العام,خدمة إلكترونية,2026/06/03,"37,259,978"
الخدمات الرقمية,عام,القطاع العام,خدمة إلكترونية,2026/06/03,"37,244,149"
الخدمات الرقمية,عام,القطاع العام,خدمة إلكترونية,2026/06/03,"37,255,209"
الخدمات الرقمية,عام,القطاع العام,خدمة إلكترونية,2026/06/03,"37,258,361"
الخدمات الرقمية,عام,القطاع العام,خدمة إلكترونية,2026/06/03,"37,256,531"
الخدمات الرقمية,عام,القطاع العام,خدمة إلكترونية,2026/06/03,"37,254,746"
الخدمات الرقمية,عام,القطاع العام,خدمة إلكترونية,2026/06/03,"37,253,853"
الخدمات الرقمية,عام,القطاع العام,خدمة إلكترونية,2026/06/03,"37,244,172"
الخدمات الرقمية,عام,القطاع العام,خدمة إلكترونية,2026/06/03,"37,260,289"
الخدمات الرقمية,عام,القطاع العام,خدمة إلكترونية,2026/06/03,"37,260,895"
الخدمات الرقمية,عام,القطاع العام,خدمة إلكترونية,2026/06/03,"37,260,149"
الخدمات الرقمية,عام,القطاع العام,خدمة إلكترونية,2026/06/03,"37,256,735"
الخدمات الرقمية,عام,القطاع العام,خدمة إلكترونية,2026/06/03,"37,249,706"
الخدمات الرقمية,عام,القطاع العام,خدمة إلكترونية,2026/06/03,"37,258,205"
الخدمات الرقمية,عام,القطاع العام,خدمة إلكترونية,2026/06/03,"37,254,507"
الخدمات الرقمية,عام,القطاع العام,خدمة إلكترونية,2026/06/03,"37,260,316"
الخدمات الرقمية,عام,القطاع العام,خدمة إلكترونية,2026/06/03,"37,254,785"
الخدمات الرقمية,عام,القطاع العام,خدمة إلكترونية,2026/06/03,"37,258,974"
الخدمات الرقمية,عام,القطاع العام,خدمة إلكترونية,2026/06/03,"37,249,487"
الخدمات الرقمية,عام,القطاع العام,خدمة إلكترونية,2026/06/03,"37,257,850"
الخدمات الرقمية,عام,القطاع العام,خدمة إلكترونية,2026/06/03,"37,255,254"
الخدمات الرقمية,عام,القطاع العام,خدمة إلكترونية,2026/06/03,"37,258,566"
الخدمات الرقمية,عام,القطاع العام,خدمة إلكترونية,2026/06/03,"37,260,424"
الخدمات الرقمية,عام,القطاع العام,خدمة إلكترونية,2026/06/03,"37,259,076"
الخدمات الرقمية,عام,القطاع العام,خدمة إلكترونية,2026/06/03,"37,253,192"
الخدمات الرقمية,عام,القطاع العام,خدمة إلكترونية,2026/06/03,"37,252,467"
الخدمات الرقمية,عام,القطاع العام,خدمة إلكترونية,2026/06/03,"37,252,139"
الخدمات الرقمية,عام,القطاع العام,خدمة إلكترونية,2026/06/03,"37,259,032"
الخدمات الرقمية,عام,القطاع العام,خدمة إلكترونية,2026/06/03,"37,250,219"
الخدمات الرقمية,عام,القطاع العام,خدمة إلكترونية,2026/06/03,"37,250,534"
الخدمات الرقمية,عام,القطاع العام,خدمة إلكترونية,2026/06/03,"37,255,481"
الخدمات الرقمية,عام,القطاع العام,خدمة إلكترونية,2026/06/03,"37,249,901"
الخدمات الرقمية,عام,القطاع العام,خدمة إلكترونية,2026/06/03,"37,260,461"
الخدمات الرقمية,عام,القطاع العام,خدمة إلكترونية,2026/06/03,"37,259,822"
الخدمات الرقمية,عام,القطاع العام,خدمة إلكترونية,2026/06/03,"37,255,507"
الخدمات الرقمية,عام,القطاع العام,خدمة إلكترونية,2026/06/03,"37,255,381"
الخدمات الرقمية,عام,القطاع العام,خدمة إلكترونية,2026/06/03,"37,254,973"
الخدمات الرقمية,عام,القطاع العام,خدمة إلكترونية,2026/06/03,"37,260,487"
الخدمات الرقمية,عام,القطاع العام,خدمة إلكترونية,2026/06/03,"37,258,833"
الخدمات الرقمية,عام,القطاع العام,خدمة إلكترونية,2026/06/03,"37,250,140"
الخدمات الرقمية,عام,القطاع العام,خدمة إلكترونية,2026/06/03,"37,256,237"
الخدمات الرقمية,عام,القطاع العام,خدمة إلكترونية,2026/06/03,"37,259,719"
الخدمات الرقمية,عام,القطاع العام,خدمة إلكترونية,2026/06/03,"37,260,054"
الخدمات الرقمية,عام,القطاع العام,خدمة إلكترونية,2026/06/03,"37,251,011"
 مكة المكرمه,جده,القطاع الخاص,خدمة إلكترونية جزئيا,2026/06/04,"37,275,306"
 الشرقية,الدمام,القطاع الخاص,خدمة إلكترونية جزئيا,2026/06/04,"37,280,620"
 الشرقية,الدمام,القطاع الخاص,خدمة إلكترونية جزئيا,2026/06/04,"37,280,977"
 الشرقية,الدمام,القطاع الخاص,خدمة إلكترونية جزئيا,2026/06/04,"37,279,874"
 الشرقية,الدمام,القطاع الخاص,خدمة إلكترونية جزئيا,2026/06/04,"37,279,656"
 الرياض,الرياض,القطاع الخاص,خدمة إلكترونية جزئيا,2026/06/04,"37,273,310"
الخدمات الرقمية,عام,القطاع العام,خدمة إلكترونية,2026/06/04,"37,274,289"
الخدمات الرقمية,عام,القطاع العام,خدمة إلكترونية,2026/06/04,"37,281,636"
 الرياض,الرياض,القطاع الخاص,خدمة إلكترونية جزئيا,2026/06/04,"37,273,372"
 مكة المكرمه,مكة المكرمة,القطاع الخاص,خدمة إلكترونية جزئيا,2026/06/04,"37,278,931"
 مكة المكرمه,جده,القطاع الخاص,خدمة إلكترونية جزئيا,2026/06/04,"37,275,373"
 مكة المكرمه,جده,القطاع الخاص,خدمة إلكترونية جزئيا,2026/06/04,"37,278,197"
 الشرقية,الدمام,القطاع الخاص,خدمة إلكترونية جزئيا,2026/06/04,"37,279,761"
 الشرقية,الدمام,القطاع الخاص,خدمة إلكترونية جزئيا,2026/06/04,"37,281,080"
 مكة المكرمه,مكة المكرمة,القطاع الخاص,خدمة إلكترونية جزئيا,2026/06/04,"37,288,705"
 الشرقية,الدمام,القطاع الخاص,خدمة إلكترونية جزئيا,2026/06/04,"37,280,669"
 مكة المكرمه,جده,القطاع الخاص,خدمة إلكترونية جزئيا,2026/06/04,"37,283,808"
 الرياض,الرياض,القطاع الخاص,خدمة إلكترونية جزئيا,2026/06/04,"37,285,415"
 الرياض,الرياض,القطاع الخاص,خدمة إلكترونية جزئيا,2026/06/04,"37,285,709"
الخدمات الرقمية,عام,القطاع العام,خدمة إلكترونية,2026/06/04,"37,272,623"
الخدمات الرقمية,عام,القطاع العام,خدمة إلكترونية,2026/06/04,"37,272,862"
الخدمات الرقمية,عام,القطاع العام,خدمة إلكترونية,2026/06/04,"37,272,749"
الخدمات الرقمية,عام,القطاع العام,خدمة إلكترونية,2026/06/04,"37,273,926"
الخدمات الرقمية,عام,القطاع العام,خدمة إلكترونية,2026/06/04,"37,274,192"
الخدمات الرقمية,عام,القطاع العام,خدمة إلكترونية,2026/06/04,"37,272,694"
الخدمات الرقمية,عام,القطاع العام,خدمة إلكترونية,2026/06/04,"37,274,978"
الخدمات الرقمية,عام,القطاع العام,خدمة إلكترونية,2026/06/04,"37,275,299"
الخدمات الرقمية,عام,القطاع العام,خدمة إلكترونية,2026/06/04,"37,273,774"
الخدمات الرقمية,عام,القطاع العام,خدمة إلكترونية,2026/06/04,"37,275,311"
الخدمات الرقمية,عام,القطاع العام,خدمة إلكترونية,2026/06/04,"37,274,042"
الخدمات الرقمية,عام,القطاع العام,خدمة إلكترونية,2026/06/04,"37,274,416"
الخدمات الرقمية,عام,القطاع العام,خدمة إلكترونية,2026/06/04,"37,274,102"
الخدمات الرقمية,عام,القطاع العام,خدمة إلكترونية,2026/06/04,"37,273,703"
الخدمات الرقمية,عام,القطاع العام,خدمة إلكترونية,2026/06/04,"37,272,950"
الخدمات الرقمية,عام,القطاع العام,خدمة إلكترونية,2026/06/04,"37,275,290"
الخدمات الرقمية,عام,القطاع العام,خدمة إلكترونية,2026/06/04,"37,275,294"
الخدمات الرقمية,عام,القطاع العام,خدمة إلكترونية,2026/06/04,"37,278,050"
الخدمات الرقمية,عام,القطاع العام,خدمة إلكترونية,2026/06/04,"37,272,787"
الخدمات الرقمية,عام,القطاع العام,خدمة إلكترونية,2026/06/04,"37,276,839"
الخدمات الرقمية,عام,القطاع العام,خدمة إلكترونية,2026/06/04,"37,274,114"
الخدمات الرقمية,عام,القطاع العام,خدمة إلكترونية,2026/06/04,"37,278,994"
الخدمات الرقمية,عام,القطاع العام,خدمة إلكترونية,2026/06/04,"37,274,149"
الخدمات الرقمية,عام,القطاع العام,خدمة إلكترونية,2026/06/04,"37,278,046"
الخدمات الرقمية,عام,القطاع العام,خدمة إلكترونية,2026/06/04,"37,280,946"
الخدمات الرقمية,عام,القطاع العام,خدمة إلكترونية,2026/06/04,"37,278,992"
الخدمات الرقمية,عام,القطاع العام,خدمة إلكترونية,2026/06/04,"37,283,633"
الخدمات الرقمية,عام,القطاع العام,خدمة إلكترونية,2026/06/04,"37,271,278"
الخدمات الرقمية,عام,القطاع العام,خدمة إلكترونية,2026/06/04,"37,272,511"
الخدمات الرقمية,عام,القطاع العام,خدمة إلكترونية,2026/06/04,"37,272,593"
الخدمات الرقمية,عام,القطاع العام,خدمة إلكترونية,2026/06/04,"37,272,796"
الخدمات الرقمية,عام,القطاع العام,خدمة إلكترونية,2026/06/04,"37,268,948"
الخدمات الرقمية,عام,القطاع العام,خدمة إلكترونية,2026/06/04,"37,272,711"
الخدمات الرقمية,عام,القطاع العام,خدمة إلكترونية,2026/06/04,"37,272,513"
الخدمات الرقمية,عام,القطاع العام,خدمة إلكترونية,2026/06/04,"37,271,356"
الخدمات الرقمية,عام,القطاع العام,خدمة إلكترونية,2026/06/04,"37,272,964"
الخدمات الرقمية,عام,القطاع العام,خدمة إلكترونية,2026/06/04,"37,273,049"
الخدمات الرقمية,عام,القطاع العام,خدمة إلكترونية,2026/06/04,"37,273,537"
الخدمات الرقمية,عام,القطاع العام,خدمة إلكترونية,2026/06/04,"37,271,408"
الخدمات الرقمية,عام,القطاع العام,خدمة إلكترونية,2026/06/04,"37,273,460"
الخدمات الرقمية,عام,القطاع العام,خدمة إلكترونية,2026/06/04,"37,272,815"
الخدمات الرقمية,عام,القطاع العام,خدمة إلكترونية,2026/06/04,"37,272,506"
الخدمات الرقمية,عام,القطاع العام,خدمة إلكترونية,2026/06/04,"37,272,714"
الخدمات الرقمية,عام,القطاع العام,خدمة إلكترونية,2026/06/04,"37,272,869"
الخدمات الرقمية,عام,القطاع العام,خدمة إلكترونية,2026/06/04,"37,273,055"
الخدمات الرقمية,عام,القطاع العام,خدمة إلكترونية,2026/06/04,"37,273,238"
الخدمات الرقمية,عام,القطاع العام,خدمة إلكترونية,2026/06/04,"37,273,052"
الخدمات الرقمية,عام,القطاع العام,خدمة إلكترونية,2026/06/04,"37,274,551"
الخدمات الرقمية,عام,القطاع العام,خدمة إلكترونية,2026/06/04,"37,275,678"
الخدمات الرقمية,عام,القطاع العام,خدمة إلكترونية,2026/06/04,"37,271,894"
الخدمات الرقمية,عام,القطاع العام,خدمة إلكترونية,2026/06/04,"37,277,875"
الخدمات الرقمية,عام,القطاع العام,خدمة إلكترونية,2026/06/04,"37,274,369"
الخدمات الرقمية,عام,القطاع العام,خدمة إلكترونية,2026/06/04,"37,272,674"
الخدمات الرقمية,عام,القطاع العام,خدمة إلكترونية,2026/06/04,"37,275,190"
الخدمات الرقمية,عام,القطاع العام,خدمة إلكترونية,2026/06/04,"37,271,312"
الخدمات الرقمية,عام,القطاع العام,خدمة إلكترونية,2026/06/04,"37,272,888"
الخدمات الرقمية,عام,القطاع العام,خدمة إلكترونية,2026/06/04,"37,279,531"
الخدمات الرقمية,عام,القطاع العام,خدمة إلكترونية,2026/06/04,"37,275,340"
الخدمات الرقمية,عام,القطاع العام,خدمة إلكترونية,2026/06/04,"37,275,031"
الخدمات الرقمية,عام,القطاع العام,خدمة إلكترونية,2026/06/04,"37,281,151"
الخدمات الرقمية,عام,القطاع العام,خدمة إلكترونية,2026/06/04,"37,277,942"
الخدمات الرقمية,عام,القطاع العام,خدمة إلكترونية,2026/06/04,"37,275,280"
الخدمات الرقمية,عام,القطاع العام,خدمة إلكترونية,2026/06/04,"37,275,396"
الخدمات الرقمية,عام,القطاع العام,خدمة إلكترونية,2026/06/04,"37,272,590"
الخدمات الرقمية,عام,القطاع العام,خدمة إلكترونية,2026/06/04,"37,277,963"
الخدمات الرقمية,عام,القطاع العام,خدمة إلكترونية,2026/06/04,"37,272,877"
الخدمات الرقمية,عام,القطاع العام,خدمة إلكترونية,2026/06/04,"37,279,343"
الخدمات الرقمية,عام,القطاع العام,خدمة إلكترونية,2026/06/04,"37,278,835"
الخدمات الرقمية,عام,القطاع العام,خدمة إلكترونية,2026/06/04,"37,279,131"
الخدمات الرقمية,عام,القطاع العام,خدمة إلكترونية,2026/06/04,"37,279,671"
الخدمات الرقمية,عام,القطاع العام,خدمة إلكترونية,2026/06/04,"37,281,133"
الخدمات الرقمية,عام,القطاع العام,خدمة إلكترونية,2026/06/04,"37,281,423"
الخدمات الرقمية,عام,القطاع العام,خدمة إلكترونية,2026/06/04,"37,281,665"
الخدمات الرقمية,عام,القطاع العام,خدمة إلكترونية,2026/06/04,"37,281,803"
الخدمات الرقمية,عام,القطاع العام,خدمة إلكترونية,2026/06/04,"37,281,134"
الخدمات الرقمية,عام,القطاع العام,خدمة إلكترونية,2026/06/04,"37,282,048"
الخدمات الرقمية,عام,القطاع العام,خدمة إلكترونية,2026/06/04,"37,281,951"
الخدمات الرقمية,عام,القطاع العام,خدمة إلكترونية,2026/06/04,"37,283,367"
الخدمات الرقمية,عام,القطاع العام,خدمة إلكترونية,2026/06/04,"37,281,049"
الخدمات الرقمية,عام,القطاع العام,خدمة إلكترونية,2026/06/04,"37,281,184"
الخدمات الرقمية,عام,القطاع العام,خدمة إلكترونية,2026/06/04,"37,284,631"
الخدمات الرقمية,عام,القطاع العام,خدمة إلكترونية,2026/06/04,"37,284,787"
الخدمات الرقمية,عام,القطاع العام,خدمة إلكترونية,2026/06/04,"37,281,532"
الخدمات الرقمية,عام,القطاع العام,خدمة إلكترونية,2026/06/04,"37,282,606"
الخدمات الرقمية,عام,القطاع العام,خدمة إلكترونية,2026/06/04,"37,285,026"
الخدمات الرقمية,عام,القطاع العام,خدمة إلكترونية,2026/06/04,"37,285,045"
الخدمات الرقمية,عام,القطاع العام,خدمة إلكترونية,2026/06/04,"37,280,821"
الخدمات الرقمية,عام,القطاع العام,خدمة إلكترونية,2026/06/04,"37,281,053"
الخدمات الرقمية,عام,القطاع العام,خدمة إلكترونية,2026/06/04,"37,281,282"
الخدمات الرقمية,عام,القطاع العام,خدمة إلكترونية,2026/06/04,"37,285,923"
الخدمات الرقمية,عام,القطاع العام,خدمة إلكترونية,2026/06/04,"37,284,879"
الخدمات الرقمية,عام,القطاع العام,خدمة إلكترونية,2026/06/04,"37,286,370"
الخدمات الرقمية,عام,القطاع العام,خدمة إلكترونية,2026/06/04,"37,286,150"
الخدمات الرقمية,عام,القطاع العام,خدمة إلكترونية,2026/06/04,"37,288,545"
الخدمات الرقمية,عام,القطاع العام,خدمة إلكترونية,2026/06/04,"37,286,429"
الخدمات الرقمية,عام,القطاع العام,خدمة إلكترونية,2026/06/04,"37,284,312"
الخدمات الرقمية,عام,القطاع العام,خدمة إلكترونية,2026/06/04,"37,289,113"
الخدمات الرقمية,عام,القطاع العام,خدمة إلكترونية,2026/06/04,"37,283,722"
الخدمات الرقمية,عام,القطاع العام,خدمة إلكترونية,2026/06/04,"37,288,789"
الخدمات الرقمية,عام,القطاع العام,خدمة إلكترونية,2026/06/04,"37,286,328"
الخدمات الرقمية,عام,القطاع العام,خدمة إلكترونية,2026/06/04,"37,285,320"
الخدمات الرقمية,عام,القطاع العام,خدمة إلكترونية,2026/06/04,"37,281,627"
الخدمات الرقمية,عام,القطاع العام,خدمة إلكترونية,2026/06/04,"37,281,964"
الخدمات الرقمية,عام,القطاع العام,خدمة إلكترونية,2026/06/04,"37,285,577"
الخدمات الرقمية,عام,القطاع العام,خدمة إلكترونية,2026/06/04,"37,281,561"
الخدمات الرقمية,عام,القطاع العام,خدمة إلكترونية,2026/06/04,"37,284,040"
الخدمات الرقمية,عام,القطاع العام,خدمة إلكترونية,2026/06/04,"37,286,285"
الخدمات الرقمية,عام,القطاع العام,خدمة إلكترونية,2026/06/04,"37,283,437"
الخدمات الرقمية,عام,القطاع العام,خدمة إلكترونية,2026/06/04,"37,288,874"
الخدمات الرقمية,عام,القطاع العام,خدمة إلكترونية,2026/06/04,"37,282,854"
الخدمات الرقمية,عام,القطاع العام,خدمة إلكترونية,2026/06/04,"37,285,487"
الخدمات الرقمية,عام,القطاع العام,خدمة إلكترونية,2026/06/04,"37,282,012"
الخدمات الرقمية,عام,القطاع العام,خدمة إلكترونية,2026/06/04,"37,284,178"
الخدمات الرقمية,عام,القطاع العام,خدمة إلكترونية,2026/06/04,"37,284,649"
الخدمات الرقمية,عام,القطاع العام,خدمة إلكترونية,2026/06/04,"37,282,363"
الخدمات الرقمية,عام,القطاع العام,خدمة إلكترونية,2026/06/04,"37,281,787"
الخدمات الرقمية,عام,القطاع العام,خدمة إلكترونية,2026/06/04,"37,284,801"
الخدمات الرقمية,عام,القطاع العام,خدمة إلكترونية,2026/06/04,"37,286,033"
الخدمات الرقمية,عام,القطاع العام,خدمة إلكترونية,2026/06/04,"37,295,097"
الخدمات الرقمية,عام,القطاع العام,خدمة إلكترونية,2026/06/04,"37,296,558"
الخدمات الرقمية,عام,القطاع العام,خدمة إلكترونية,2026/06/05,"37,314,233"
الخدمات الرقمية,عام,القطاع العام,خدمة إلكترونية,2026/06/05,"37,314,232"
الخدمات الرقمية,عام,القطاع العام,خدمة إلكترونية,2026/06/05,"37,312,593"
الخدمات الرقمية,عام,القطاع العام,خدمة إلكترونية,2026/06/05,"37,314,212"
الخدمات الرقمية,عام,القطاع العام,خدمة إلكترونية,2026/06/06,"37,320,928"
الخدمات الرقمية,عام,القطاع العام,خدمة إلكترونية,2026/06/06,"37,342,291"
الخدمات الرقمية,عام,القطاع العام,خدمة إلكترونية,2026/06/06,"37,340,274"
الخدمات الرقمية,عام,القطاع العام,خدمة إلكترونية,2026/06/06,"37,342,403"
 عسير,ابها,القطاع الخاص,خدمة إلكترونية جزئيا,2026/06/07,"37,354,952"
 الشرقية,الخبر,القطاع الخاص,خدمة إلكترونية جزئيا,2026/06/07,"37,359,605"
 الرياض,الرياض,القطاع الخاص,خدمة إلكترونية جزئيا,2026/06/07,"37,356,141"
الخدمات الرقمية,عام,القطاع العام,خدمة إلكترونية,2026/06/07,"37,354,501"
 الرياض,الرياض,القطاع الخاص,خدمة إلكترونية جزئيا,2026/06/07,"37,364,142"
 الرياض,الرياض,القطاع الخاص,خدمة إلكترونية جزئيا,2026/06/07,"37,363,707"
 الرياض,الرياض,القطاع الخاص,خدمة إلكترونية جزئيا,2026/06/07,"37,364,615"
 الرياض,الرياض,القطاع الخاص,خدمة إلكترونية جزئيا,2026/06/07,"37,356,350"
 الرياض,الرياض,القطاع الخاص,خدمة إلكترونية جزئيا,2026/06/07,"37,364,441"
 الرياض,الرياض,القطاع الخاص,خدمة إلكترونية جزئيا,2026/06/07,"37,350,855"
 عسير,ابها,القطاع الخاص,خدمة إلكترونية جزئيا,2026/06/07,"37,355,059"
 الرياض,الرياض,القطاع الخاص,خدمة إلكترونية جزئيا,2026/06/07,"37,356,259"
 الرياض,الرياض,القطاع الخاص,خدمة إلكترونية جزئيا,2026/06/07,"37,363,302"
 الشرقية,الخبر,القطاع الخاص,خدمة إلكترونية جزئيا,2026/06/07,"37,359,655"
 مكة المكرمه,الطائف,القطاع الخاص,خدمة إلكترونية جزئيا,2026/06/07,"37,355,901"
الخدمات الرقمية,عام,القطاع العام,خدمة إلكترونية,2026/06/07,"37,346,552"
الخدمات الرقمية,عام,القطاع العام,خدمة إلكترونية,2026/06/07,"37,346,597"
الخدمات الرقمية,عام,القطاع العام,خدمة إلكترونية,2026/06/07,"37,351,904"
الخدمات الرقمية,عام,القطاع العام,خدمة إلكترونية,2026/06/07,"37,354,802"
الخدمات الرقمية,عام,القطاع العام,خدمة إلكترونية,2026/06/07,"37,350,320"
الخدمات الرقمية,عام,القطاع العام,خدمة إلكترونية,2026/06/07,"37,354,824"
الخدمات الرقمية,عام,القطاع العام,خدمة إلكترونية,2026/06/07,"37,351,878"
الخدمات الرقمية,عام,القطاع العام,خدمة إلكترونية,2026/06/07,"37,351,915"
الخدمات الرقمية,عام,القطاع العام,خدمة إلكترونية,2026/06/07,"37,354,776"
الخدمات الرقمية,عام,القطاع العام,خدمة إلكترونية,2026/06/07,"37,346,479"
الخدمات الرقمية,عام,القطاع العام,خدمة إلكترونية,2026/06/07,"37,347,770"
الخدمات الرقمية,عام,القطاع العام,خدمة إلكترونية,2026/06/07,"37,354,482"
الخدمات الرقمية,عام,القطاع العام,خدمة إلكترونية,2026/06/07,"37,360,779"
الخدمات الرقمية,عام,القطاع العام,خدمة إلكترونية,2026/06/07,"37,350,343"
الخدمات الرقمية,عام,القطاع العام,خدمة إلكترونية,2026/06/07,"37,357,487"
الخدمات الرقمية,عام,القطاع العام,خدمة إلكترونية,2026/06/07,"37,353,561"
الخدمات الرقمية,عام,القطاع العام,خدمة إلكترونية,2026/06/07,"37,351,320"
الخدمات الرقمية,عام,القطاع العام,خدمة إلكترونية,2026/06/07,"37,355,383"
الخدمات الرقمية,عام,القطاع العام,خدمة إلكترونية,2026/06/07,"37,351,329"
الخدمات الرقمية,عام,القطاع العام,خدمة إلكترونية,2026/06/07,"37,357,772"
الخدمات الرقمية,عام,القطاع العام,خدمة إلكترونية,2026/06/07,"37,355,380"
الخدمات الرقمية,عام,القطاع العام,خدمة إلكترونية,2026/06/07,"37,346,596"
الخدمات الرقمية,عام,القطاع العام,خدمة إلكترونية,2026/06/07,"37,356,375"
الخدمات الرقمية,عام,القطاع العام,خدمة إلكترونية,2026/06/07,"37,350,179"
الخدمات الرقمية,عام,القطاع العام,خدمة إلكترونية,2026/06/07,"37,351,312"
الخدمات الرقمية,عام,القطاع العام,خدمة إلكترونية,2026/06/07,"37,351,315"
الخدمات الرقمية,عام,القطاع العام,خدمة إلكترونية,2026/06/07,"37,350,850"
الخدمات الرقمية,عام,القطاع العام,خدمة إلكترونية,2026/06/07,"37,354,170"
الخدمات الرقمية,عام,القطاع العام,خدمة إلكترونية,2026/06/07,"37,355,225"
الخدمات الرقمية,عام,القطاع العام,خدمة إلكترونية,2026/06/07,"37,346,550"
الخدمات الرقمية,عام,القطاع العام,خدمة إلكترونية,2026/06/07,"37,357,479"
الخدمات الرقمية,عام,القطاع العام,خدمة إلكترونية,2026/06/07,"37,354,456"
الخدمات الرقمية,عام,القطاع العام,خدمة إلكترونية,2026/06/07,"37,350,443"
الخدمات الرقمية,عام,القطاع العام,خدمة إلكترونية,2026/06/07,"37,346,595"
الخدمات الرقمية,عام,القطاع العام,خدمة إلكترونية,2026/06/07,"37,346,556"
الخدمات الرقمية,عام,القطاع العام,خدمة إلكترونية,2026/06/07,"37,346,599"
الخدمات الرقمية,عام,القطاع العام,خدمة إلكترونية,2026/06/07,"37,355,357"
الخدمات الرقمية,عام,القطاع العام,خدمة إلكترونية,2026/06/07,"37,354,767"
الخدمات الرقمية,عام,القطاع العام,خدمة إلكترونية,2026/06/07,"37,354,156"
الخدمات الرقمية,عام,القطاع العام,خدمة إلكترونية,2026/06/07,"37,357,934"
الخدمات الرقمية,عام,القطاع العام,خدمة إلكترونية,2026/06/07,"37,346,482"
الخدمات الرقمية,عام,القطاع العام,خدمة إلكترونية,2026/06/07,"37,351,919"
الخدمات الرقمية,عام,القطاع العام,خدمة إلكترونية,2026/06/07,"37,355,390"
الخدمات الرقمية,عام,القطاع العام,خدمة إلكترونية,2026/06/07,"37,346,558"
الخدمات الرقمية,عام,القطاع العام,خدمة إلكترونية,2026/06/07,"37,355,926"
الخدمات الرقمية,عام,القطاع العام,خدمة إلكترونية,2026/06/07,"37,349,057"
الخدمات الرقمية,عام,القطاع العام,خدمة إلكترونية,2026/06/07,"37,348,185"
الخدمات الرقمية,عام,القطاع العام,خدمة إلكترونية,2026/06/07,"37,360,759"
الخدمات الرقمية,عام,القطاع العام,خدمة إلكترونية,2026/06/07,"37,358,417"
الخدمات الرقمية,عام,القطاع العام,خدمة إلكترونية,2026/06/07,"37,359,895"
الخدمات الرقمية,عام,القطاع العام,خدمة إلكترونية,2026/06/07,"37,353,367"
الخدمات الرقمية,عام,القطاع العام,خدمة إلكترونية,2026/06/07,"37,358,830"
الخدمات الرقمية,عام,القطاع العام,خدمة إلكترونية,2026/06/07,"37,354,817"
الخدمات الرقمية,عام,القطاع العام,خدمة إلكترونية,2026/06/07,"37,360,237"
الخدمات الرقمية,عام,القطاع العام,خدمة إلكترونية,2026/06/07,"37,348,587"
الخدمات الرقمية,عام,القطاع العام,خدمة إلكترونية,2026/06/07,"37,360,172"
الخدمات الرقمية,عام,القطاع العام,خدمة إلكترونية,2026/06/07,"37,360,957"
الخدمات الرقمية,عام,القطاع العام,خدمة إلكترونية,2026/06/07,"37,361,143"
الخدمات الرقمية,عام,القطاع العام,خدمة إلكترونية,2026/06/07,"37,349,773"
الخدمات الرقمية,عام,القطاع العام,خدمة إلكترونية,2026/06/07,"37,358,658"
الخدمات الرقمية,عام,القطاع العام,خدمة إلكترونية,2026/06/07,"37,355,279"
الخدمات الرقمية,عام,القطاع العام,خدمة إلكترونية,2026/06/07,"37,358,790"
الخدمات الرقمية,عام,القطاع العام,خدمة إلكترونية,2026/06/07,"37,357,104"
الخدمات الرقمية,عام,القطاع العام,خدمة إلكترونية,2026/06/07,"37,360,286"
الخدمات الرقمية,عام,القطاع العام,خدمة إلكترونية,2026/06/07,"37,354,716"
الخدمات الرقمية,عام,القطاع العام,خدمة إلكترونية,2026/06/07,"37,347,670"
الخدمات الرقمية,عام,القطاع العام,خدمة إلكترونية,2026/06/07,"37,355,215"
الخدمات الرقمية,عام,القطاع العام,خدمة إلكترونية,2026/06/07,"37,355,684"
الخدمات الرقمية,عام,القطاع العام,خدمة إلكترونية,2026/06/07,"37,357,267"
الخدمات الرقمية,عام,القطاع العام,خدمة إلكترونية,2026/06/07,"37,361,728"
الخدمات الرقمية,عام,القطاع العام,خدمة إلكترونية,2026/06/07,"37,360,187"
الخدمات الرقمية,عام,القطاع العام,خدمة إلكترونية,2026/06/07,"37,364,575"
الخدمات الرقمية,عام,القطاع العام,خدمة إلكترونية,2026/06/07,"37,360,984"
الخدمات الرقمية,عام,القطاع العام,خدمة إلكترونية,2026/06/07,"37,347,926"
الخدمات الرقمية,عام,القطاع العام,خدمة إلكترونية,2026/06/07,"37,361,000"
الخدمات الرقمية,عام,القطاع العام,خدمة إلكترونية,2026/06/07,"37,354,274"
الخدمات الرقمية,عام,القطاع العام,خدمة إلكترونية,2026/06/07,"37,357,458"
الخدمات الرقمية,عام,القطاع العام,خدمة إلكترونية,2026/06/07,"37,347,870"
الخدمات الرقمية,عام,القطاع العام,خدمة إلكترونية,2026/06/07,"37,359,150"
الخدمات الرقمية,عام,القطاع العام,خدمة إلكترونية,2026/06/07,"37,355,078"
الخدمات الرقمية,عام,القطاع العام,خدمة إلكترونية,2026/06/07,"37,355,876"
الخدمات الرقمية,عام,القطاع العام,خدمة إلكترونية,2026/06/07,"37,350,228"
الخدمات الرقمية,عام,القطاع العام,خدمة إلكترونية,2026/06/07,"37,356,934"
الخدمات الرقمية,عام,القطاع العام,خدمة إلكترونية,2026/06/07,"37,357,336"
الخدمات الرقمية,عام,القطاع العام,خدمة إلكترونية,2026/06/07,"37,358,230"
الخدمات الرقمية,عام,القطاع العام,خدمة إلكترونية,2026/06/07,"37,347,795"
الخدمات الرقمية,عام,القطاع العام,خدمة إلكترونية,2026/06/07,"37,348,519"
الخدمات الرقمية,عام,القطاع العام,خدمة إلكترونية,2026/06/07,"37,353,833"
الخدمات الرقمية,عام,القطاع العام,خدمة إلكترونية,2026/06/07,"37,348,870"
الخدمات الرقمية,عام,القطاع العام,خدمة إلكترونية,2026/06/07,"37,357,981"
الخدمات الرقمية,عام,القطاع العام,خدمة إلكترونية,2026/06/07,"37,350,978"
الخدمات الرقمية,عام,القطاع العام,خدمة إلكترونية,2026/06/07,"37,352,131"
الخدمات الرقمية,عام,القطاع العام,خدمة إلكترونية,2026/06/07,"37,359,960"
الخدمات الرقمية,عام,القطاع العام,خدمة إلكترونية,2026/06/07,"37,351,409"
الخدمات الرقمية,عام,القطاع العام,خدمة إلكترونية,2026/06/07,"37,360,975"
الخدمات الرقمية,عام,القطاع العام,خدمة إلكترونية,2026/06/07,"37,352,895"
الخدمات الرقمية,عام,القطاع العام,خدمة إلكترونية,2026/06/07,"37,356,483"
الخدمات الرقمية,عام,القطاع العام,خدمة إلكترونية,2026/06/07,"37,348,677"
الخدمات الرقمية,عام,القطاع العام,خدمة إلكترونية,2026/06/07,"37,357,019"
الخدمات الرقمية,عام,القطاع العام,خدمة إلكترونية,2026/06/07,"37,357,193"
الخدمات الرقمية,عام,القطاع العام,خدمة إلكترونية,2026/06/07,"37,361,075"
الخدمات الرقمية,عام,القطاع العام,خدمة إلكترونية,2026/06/07,"37,359,755"
الخدمات الرقمية,عام,القطاع العام,خدمة إلكترونية,2026/06/07,"37,360,263"
الخدمات الرقمية,عام,القطاع العام,خدمة إلكترونية,2026/06/07,"37,354,119"
الخدمات الرقمية,عام,القطاع العام,خدمة إلكترونية,2026/06/07,"37,358,377"
الخدمات الرقمية,عام,القطاع العام,خدمة إلكترونية,2026/06/07,"37,360,962"
 الشرقية,الخبر,القطاع الخاص,خدمة إلكترونية جزئيا,2026/06/08,"37,380,916"
 المدينة المنوره,المدينة المنورة,القطاع الخاص,خدمة إلكترونية جزئيا,2026/06/08,"37,378,328"
 حائل,حائل,القطاع الخاص,خدمة إلكترونية جزئيا,2026/06/08,"37,380,137"
 الرياض,الرياض,القطاع الخاص,خدمة إلكترونية جزئيا,2026/06/08,"37,382,456"
الخدمات الرقمية,عام,القطاع العام,خدمة إلكترونية,2026/06/08,"37,373,466"
 حائل,حائل,القطاع الخاص,خدمة إلكترونية جزئيا,2026/06/08,"37,382,218"
 الرياض,الرياض,القطاع الخاص,خدمة إلكترونية جزئيا,2026/06/08,"37,387,539"
 المدينة المنوره,المدينة المنورة,القطاع الخاص,خدمة إلكترونية جزئيا,2026/06/08,"37,378,568"
 الشرقية,الخبر,القطاع الخاص,خدمة إلكترونية جزئيا,2026/06/08,"37,381,338"
 الرياض,الرياض,القطاع الخاص,خدمة إلكترونية جزئيا,2026/06/08,"37,374,597"
 مكة المكرمه,جده,القطاع الخاص,خدمة إلكترونية جزئيا,2026/06/08,"37,377,196"
 الرياض,الرياض,القطاع الخاص,خدمة إلكترونية جزئيا,2026/06/08,"37,382,614"
 الرياض,الرياض,القطاع الخاص,خدمة إلكترونية جزئيا,2026/06/08,"37,377,899"
الخدمات الرقمية,عام,القطاع العام,خدمة إلكترونية,2026/06/08,"37,386,558"
الخدمات الرقمية,عام,القطاع العام,خدمة إلكترونية,2026/06/08,"37,373,524"
الخدمات الرقمية,عام,القطاع العام,خدمة إلكترونية,2026/06/08,"37,373,570"
الخدمات الرقمية,عام,القطاع العام,خدمة إلكترونية,2026/06/08,"37,379,855"
الخدمات الرقمية,عام,القطاع العام,خدمة إلكترونية,2026/06/08,"37,385,250"
الخدمات الرقمية,عام,القطاع العام,خدمة إلكترونية,2026/06/08,"37,374,069"
الخدمات الرقمية,عام,القطاع العام,خدمة إلكترونية,2026/06/08,"37,375,539"
الخدمات الرقمية,عام,القطاع العام,خدمة إلكترونية,2026/06/08,"37,378,016"
الخدمات الرقمية,عام,القطاع العام,خدمة إلكترونية,2026/06/08,"37,387,172"
الخدمات الرقمية,عام,القطاع العام,خدمة إلكترونية,2026/06/08,"37,373,571"
الخدمات الرقمية,عام,القطاع العام,خدمة إلكترونية,2026/06/08,"37,377,214"
الخدمات الرقمية,عام,القطاع العام,خدمة إلكترونية,2026/06/08,"37,380,312"
الخدمات الرقمية,عام,القطاع العام,خدمة إلكترونية,2026/06/08,"37,387,928"
الخدمات الرقمية,عام,القطاع العام,خدمة إلكترونية,2026/06/08,"37,386,545"
الخدمات الرقمية,عام,القطاع العام,خدمة إلكترونية,2026/06/08,"37,373,348"
الخدمات الرقمية,عام,القطاع العام,خدمة إلكترونية,2026/06/08,"37,384,241"
الخدمات الرقمية,عام,القطاع العام,خدمة إلكترونية,2026/06/08,"37,394,106"
الخدمات الرقمية,عام,القطاع العام,خدمة إلكترونية,2026/06/08,"37,376,761"
الخدمات الرقمية,عام,القطاع العام,خدمة إلكترونية,2026/06/08,"37,383,396"
الخدمات الرقمية,عام,القطاع العام,خدمة إلكترونية,2026/06/08,"37,383,142"
الخدمات الرقمية,عام,القطاع العام,خدمة إلكترونية,2026/06/08,"37,382,089"
الخدمات الرقمية,عام,القطاع العام,خدمة إلكترونية,2026/06/08,"37,386,590"
الخدمات الرقمية,عام,القطاع العام,خدمة إلكترونية,2026/06/08,"37,388,948"
الخدمات الرقمية,عام,القطاع العام,خدمة إلكترونية,2026/06/08,"37,393,452"
الخدمات الرقمية,عام,القطاع العام,خدمة إلكترونية,2026/06/08,"37,373,334"
الخدمات الرقمية,عام,القطاع العام,خدمة إلكترونية,2026/06/08,"37,386,539"
الخدمات الرقمية,عام,القطاع العام,خدمة إلكترونية,2026/06/08,"37,378,201"
الخدمات الرقمية,عام,القطاع العام,خدمة إلكترونية,2026/06/08,"37,375,854"
الخدمات الرقمية,عام,القطاع العام,خدمة إلكترونية,2026/06/08,"37,387,264"
الخدمات الرقمية,عام,القطاع العام,خدمة إلكترونية,2026/06/08,"37,389,668"
الخدمات الرقمية,عام,القطاع العام,خدمة إلكترونية,2026/06/08,"37,393,368"
الخدمات الرقمية,عام,القطاع العام,خدمة إلكترونية,2026/06/08,"37,384,901"
الخدمات الرقمية,عام,القطاع العام,خدمة إلكترونية,2026/06/08,"37,373,323"
الخدمات الرقمية,عام,القطاع العام,خدمة إلكترونية,2026/06/08,"37,378,080"
الخدمات الرقمية,عام,القطاع العام,خدمة إلكترونية,2026/06/08,"37,373,504"
الخدمات الرقمية,عام,القطاع العام,خدمة إلكترونية,2026/06/08,"37,383,067"
الخدمات الرقمية,عام,القطاع العام,خدمة إلكترونية,2026/06/08,"37,375,466"
الخدمات الرقمية,عام,القطاع العام,خدمة إلكترونية,2026/06/08,"37,391,077"
الخدمات الرقمية,عام,القطاع العام,خدمة إلكترونية,2026/06/08,"37,386,513"
الخدمات الرقمية,عام,القطاع العام,خدمة إلكترونية,2026/06/08,"37,378,850"
الخدمات الرقمية,عام,القطاع العام,خدمة إلكترونية,2026/06/08,"37,373,545"
الخدمات الرقمية,عام,القطاع العام,خدمة إلكترونية,2026/06/08,"37,390,973"
الخدمات الرقمية,عام,القطاع العام,خدمة إلكترونية,2026/06/08,"37,373,428"
الخدمات الرقمية,عام,القطاع العام,خدمة إلكترونية,2026/06/08,"37,374,617"
الخدمات الرقمية,عام,القطاع العام,خدمة إلكترونية,2026/06/08,"37,377,746"
الخدمات الرقمية,عام,القطاع العام,خدمة إلكترونية,2026/06/08,"37,385,307"
الخدمات الرقمية,عام,القطاع العام,خدمة إلكترونية,2026/06/08,"37,383,432"
الخدمات الرقمية,عام,القطاع العام,خدمة إلكترونية,2026/06/08,"37,385,971"
الخدمات الرقمية,عام,القطاع العام,خدمة إلكترونية,2026/06/08,"37,378,712"
الخدمات الرقمية,عام,القطاع العام,خدمة إلكترونية,2026/06/08,"37,389,655"
الخدمات الرقمية,عام,القطاع العام,خدمة إلكترونية,2026/06/08,"37,387,205"
الخدمات الرقمية,عام,القطاع العام,خدمة إلكترونية,2026/06/08,"37,373,597"
الخدمات الرقمية,عام,القطاع العام,خدمة إلكترونية,2026/06/08,"37,379,260"
الخدمات الرقمية,عام,القطاع العام,خدمة إلكترونية,2026/06/08,"37,380,649"
الخدمات الرقمية,عام,القطاع العام,خدمة إلكترونية,2026/06/08,"37,377,773"
الخدمات الرقمية,عام,القطاع العام,خدمة إلكترونية,2026/06/08,"37,378,714"
الخدمات الرقمية,عام,القطاع العام,خدمة إلكترونية,2026/06/08,"37,381,347"
الخدمات الرقمية,عام,القطاع العام,خدمة إلكترونية,2026/06/08,"37,374,947"
الخدمات الرقمية,عام,القطاع العام,خدمة إلكترونية,2026/06/08,"37,382,803"
الخدمات الرقمية,عام,القطاع العام,خدمة إلكترونية,2026/06/08,"37,372,511"
الخدمات الرقمية,عام,القطاع العام,خدمة إلكترونية,2026/06/08,"37,385,695"
الخدمات الرقمية,عام,القطاع العام,خدمة إلكترونية,2026/06/08,"37,386,930"
الخدمات الرقمية,عام,القطاع العام,خدمة إلكترونية,2026/06/08,"37,378,719"
الخدمات الرقمية,عام,القطاع العام,خدمة إلكترونية,2026/06/08,"37,374,573"
الخدمات الرقمية,عام,القطاع العام,خدمة إلكترونية,2026/06/08,"37,374,940"
الخدمات الرقمية,عام,القطاع العام,خدمة إلكترونية,2026/06/08,"37,375,522"
الخدمات الرقمية,عام,القطاع العام,خدمة إلكترونية,2026/06/08,"37,375,910"
الخدمات الرقمية,عام,القطاع العام,خدمة إلكترونية,2026/06/08,"37,385,724"
الخدمات الرقمية,عام,القطاع العام,خدمة إلكترونية,2026/06/08,"37,383,132"
الخدمات الرقمية,عام,القطاع العام,خدمة إلكترونية,2026/06/08,"37,383,826"
الخدمات الرقمية,عام,القطاع العام,خدمة إلكترونية,2026/06/08,"37,385,046"
الخدمات الرقمية,عام,القطاع العام,خدمة إلكترونية,2026/06/08,"37,380,147"
الخدمات الرقمية,عام,القطاع العام,خدمة إلكترونية,2026/06/08,"37,375,193"
الخدمات الرقمية,عام,القطاع العام,خدمة إلكترونية,2026/06/08,"37,372,624"
الخدمات الرقمية,عام,القطاع العام,خدمة إلكترونية,2026/06/08,"37,385,164"
الخدمات الرقمية,عام,القطاع العام,خدمة إلكترونية,2026/06/08,"37,379,368"
الخدمات الرقمية,عام,القطاع العام,خدمة إلكترونية,2026/06/08,"37,375,196"
الخدمات الرقمية,عام,القطاع العام,خدمة إلكترونية,2026/06/08,"37,374,145"
الخدمات الرقمية,عام,القطاع العام,خدمة إلكترونية,2026/06/08,"37,374,149"
الخدمات الرقمية,عام,القطاع العام,خدمة إلكترونية,2026/06/08,"37,374,141"
الخدمات الرقمية,عام,القطاع العام,خدمة إلكترونية,2026/06/08,"37,376,043"
الخدمات الرقمية,عام,القطاع العام,خدمة إلكترونية,2026/06/08,"37,372,513"
الخدمات الرقمية,عام,القطاع العام,خدمة إلكترونية,2026/06/08,"37,372,524"
الخدمات الرقمية,عام,القطاع العام,خدمة إلكترونية,2026/06/08,"37,382,476"
الخدمات الرقمية,عام,القطاع العام,خدمة إلكترونية,2026/06/08,"37,372,509"
الخدمات الرقمية,عام,القطاع العام,خدمة إلكترونية,2026/06/08,"37,380,282"
الخدمات الرقمية,عام,القطاع العام,خدمة إلكترونية,2026/06/08,"37,380,946"
الخدمات الرقمية,عام,القطاع العام,خدمة إلكترونية,2026/06/08,"37,381,134"
الخدمات الرقمية,عام,القطاع العام,خدمة إلكترونية,2026/06/08,"37,385,409"
الخدمات الرقمية,عام,القطاع العام,خدمة إلكترونية,2026/06/08,"37,381,373"
الخدمات الرقمية,عام,القطاع العام,خدمة إلكترونية,2026/06/08,"37,381,625"
الخدمات الرقمية,عام,القطاع العام,خدمة إلكترونية,2026/06/08,"37,385,040"
الخدمات الرقمية,عام,القطاع العام,خدمة إلكترونية,2026/06/08,"37,385,707"
الخدمات الرقمية,عام,القطاع العام,خدمة إلكترونية,2026/06/08,"37,382,685"
الخدمات الرقمية,عام,القطاع العام,خدمة إلكترونية,2026/06/08,"37,372,546"
الخدمات الرقمية,عام,القطاع العام,خدمة إلكترونية,2026/06/08,"37,385,160"
الخدمات الرقمية,عام,القطاع العام,خدمة إلكترونية,2026/06/08,"37,386,928"
الخدمات الرقمية,عام,القطاع العام,خدمة إلكترونية,2026/06/08,"37,378,746"
الخدمات الرقمية,عام,القطاع العام,خدمة إلكترونية,2026/06/08,"37,381,620"
الخدمات الرقمية,عام,القطاع العام,خدمة إلكترونية,2026/06/08,"37,383,117"
الخدمات الرقمية,عام,القطاع العام,خدمة إلكترونية,2026/06/08,"37,382,453"
الخدمات الرقمية,عام,القطاع العام,خدمة إلكترونية,2026/06/08,"37,385,834"
الخدمات الرقمية,عام,القطاع العام,خدمة إلكترونية,2026/06/08,"37,381,785"
 مكة المكرمه,جده,القطاع الخاص,خدمة إلكترونية جزئيا,2026/06/09,"37,402,407"
 عسير,ابها,القطاع الخاص,خدمة إلكترونية جزئيا,2026/06/09,"37,403,213"
 عسير,ابها,القطاع الخاص,خدمة إلكترونية جزئيا,2026/06/09,"37,407,383"
 الرياض,الرياض,القطاع العام,خدمة إلكترونية جزئيا,2026/06/09,"37,413,108"
 مكة المكرمه,الطائف,القطاع الخاص,خدمة إلكترونية جزئيا,2026/06/09,"37,398,889"
 عسير,ابها,القطاع الخاص,خدمة إلكترونية جزئيا,2026/06/09,"37,403,257"
 مكة المكرمه,جده,القطاع الخاص,خدمة إلكترونية جزئيا,2026/06/09,"37,402,088"
 مكة المكرمه,جده,القطاع الخاص,خدمة إلكترونية جزئيا,2026/06/09,"37,402,438"
 عسير,ابها,القطاع الخاص,خدمة إلكترونية جزئيا,2026/06/09,"37,407,845"
 الرياض,الرياض,القطاع الخاص,خدمة إلكترونية جزئيا,2026/06/09,"37,410,208"
الخدمات الرقمية,عام,القطاع العام,خدمة إلكترونية,2026/06/09,"37,410,904"
الخدمات الرقمية,عام,القطاع العام,خدمة إلكترونية,2026/06/09,"37,400,071"
الخدمات الرقمية,عام,القطاع العام,خدمة إلكترونية,2026/06/09,"37,399,879"
الخدمات الرقمية,عام,القطاع العام,خدمة إلكترونية,2026/06/09,"37,409,521"
الخدمات الرقمية,عام,القطاع العام,خدمة إلكترونية,2026/06/09,"37,409,770"
الخدمات الرقمية,عام,القطاع العام,خدمة إلكترونية,2026/06/09,"37,400,430"
الخدمات الرقمية,عام,القطاع العام,خدمة إلكترونية,2026/06/09,"37,411,031"
الخدمات الرقمية,عام,القطاع العام,خدمة إلكترونية,2026/06/09,"37,400,978"
الخدمات الرقمية,عام,القطاع العام,خدمة إلكترونية,2026/06/09,"37,400,014"
الخدمات الرقمية,عام,القطاع العام,خدمة إلكترونية,2026/06/09,"37,410,116"
الخدمات الرقمية,عام,القطاع العام,خدمة إلكترونية,2026/06/09,"37,411,023"
الخدمات الرقمية,عام,القطاع العام,خدمة إلكترونية,2026/06/09,"37,412,765"
الخدمات الرقمية,عام,القطاع العام,خدمة إلكترونية,2026/06/09,"37,404,298"
الخدمات الرقمية,عام,القطاع العام,خدمة إلكترونية,2026/06/09,"37,411,613"
الخدمات الرقمية,عام,القطاع العام,خدمة إلكترونية,2026/06/09,"37,406,615"
الخدمات الرقمية,عام,القطاع العام,خدمة إلكترونية,2026/06/09,"37,398,074"
الخدمات الرقمية,عام,القطاع العام,خدمة إلكترونية,2026/06/09,"37,413,041"
الخدمات الرقمية,عام,القطاع العام,خدمة إلكترونية,2026/06/09,"37,409,168"
الخدمات الرقمية,عام,القطاع العام,خدمة إلكترونية,2026/06/09,"37,398,085"
الخدمات الرقمية,عام,القطاع العام,خدمة إلكترونية,2026/06/09,"37,404,222"
الخدمات الرقمية,عام,القطاع العام,خدمة إلكترونية,2026/06/09,"37,411,557"
الخدمات الرقمية,عام,القطاع العام,خدمة إلكترونية,2026/06/09,"37,411,622"
الخدمات الرقمية,عام,القطاع العام,خدمة إلكترونية,2026/06/09,"37,407,530"
الخدمات الرقمية,عام,القطاع العام,خدمة إلكترونية,2026/06/09,"37,400,491"
الخدمات الرقمية,عام,القطاع العام,خدمة إلكترونية,2026/06/09,"37,408,065"
الخدمات الرقمية,عام,القطاع العام,خدمة إلكترونية,2026/06/09,"37,410,273"
الخدمات الرقمية,عام,القطاع العام,خدمة إلكترونية,2026/06/09,"37,401,499"
الخدمات الرقمية,عام,القطاع العام,خدمة إلكترونية,2026/06/09,"37,408,450"
الخدمات الرقمية,عام,القطاع العام,خدمة إلكترونية,2026/06/09,"37,413,299"
الخدمات الرقمية,عام,القطاع العام,خدمة إلكترونية,2026/06/09,"37,398,613"
الخدمات الرقمية,عام,القطاع العام,خدمة إلكترونية,2026/06/09,"37,403,030"
الخدمات الرقمية,عام,القطاع العام,خدمة إلكترونية,2026/06/09,"37,409,592"
الخدمات الرقمية,عام,القطاع العام,خدمة إلكترونية,2026/06/09,"37,409,789"
الخدمات الرقمية,عام,القطاع العام,خدمة إلكترونية,2026/06/09,"37,409,873"
الخدمات الرقمية,عام,القطاع العام,خدمة إلكترونية,2026/06/09,"37,413,131"
الخدمات الرقمية,عام,القطاع العام,خدمة إلكترونية,2026/06/09,"37,412,571"
الخدمات الرقمية,عام,القطاع العام,خدمة إلكترونية,2026/06/09,"37,412,941"
الخدمات الرقمية,عام,القطاع العام,خدمة إلكترونية,2026/06/09,"37,411,540"
الخدمات الرقمية,عام,القطاع العام,خدمة إلكترونية,2026/06/09,"37,410,920"
الخدمات الرقمية,عام,القطاع العام,خدمة إلكترونية,2026/06/09,"37,413,085"
الخدمات الرقمية,عام,القطاع العام,خدمة إلكترونية,2026/06/09,"37,413,323"
الخدمات الرقمية,عام,القطاع العام,خدمة إلكترونية,2026/06/09,"37,409,662"
الخدمات الرقمية,عام,القطاع العام,خدمة إلكترونية,2026/06/09,"37,409,806"
الخدمات الرقمية,عام,القطاع العام,خدمة إلكترونية,2026/06/09,"37,409,953"
الخدمات الرقمية,عام,القطاع العام,خدمة إلكترونية,2026/06/09,"37,403,515"
الخدمات الرقمية,عام,القطاع العام,خدمة إلكترونية,2026/06/09,"37,403,566"
الخدمات الرقمية,عام,القطاع العام,خدمة إلكترونية,2026/06/09,"37,409,681"
الخدمات الرقمية,عام,القطاع العام,خدمة إلكترونية,2026/06/09,"37,411,695"
الخدمات الرقمية,عام,القطاع العام,خدمة إلكترونية,2026/06/09,"37,404,344"
الخدمات الرقمية,عام,القطاع العام,خدمة إلكترونية,2026/06/09,"37,408,766"
الخدمات الرقمية,عام,القطاع العام,خدمة إلكترونية,2026/06/09,"37,411,621"
الخدمات الرقمية,عام,القطاع العام,خدمة إلكترونية,2026/06/09,"37,411,705"
الخدمات الرقمية,عام,القطاع العام,خدمة إلكترونية,2026/06/09,"37,411,167"
الخدمات الرقمية,عام,القطاع العام,خدمة إلكترونية,2026/06/09,"37,410,568"
الخدمات الرقمية,عام,القطاع العام,خدمة إلكترونية,2026/06/09,"37,407,787"
الخدمات الرقمية,عام,القطاع العام,خدمة إلكترونية,2026/06/09,"37,397,344"
الخدمات الرقمية,عام,القطاع العام,خدمة إلكترونية,2026/06/09,"37,398,756"
الخدمات الرقمية,عام,القطاع العام,خدمة إلكترونية,2026/06/09,"37,413,649"
الخدمات الرقمية,عام,القطاع العام,خدمة إلكترونية,2026/06/09,"37,413,604"
الخدمات الرقمية,عام,القطاع العام,خدمة إلكترونية,2026/06/09,"37,399,754"
الخدمات الرقمية,عام,القطاع العام,خدمة إلكترونية,2026/06/09,"37,404,690"
الخدمات الرقمية,عام,القطاع العام,خدمة إلكترونية,2026/06/09,"37,410,082"
الخدمات الرقمية,عام,القطاع العام,خدمة إلكترونية,2026/06/09,"37,410,351"
الخدمات الرقمية,عام,القطاع العام,خدمة إلكترونية,2026/06/09,"37,410,845"
الخدمات الرقمية,عام,القطاع العام,خدمة إلكترونية,2026/06/09,"37,411,509"
الخدمات الرقمية,عام,القطاع العام,خدمة إلكترونية,2026/06/09,"37,412,991"
الخدمات الرقمية,عام,القطاع العام,خدمة إلكترونية,2026/06/09,"37,413,281"
الخدمات الرقمية,عام,القطاع العام,خدمة إلكترونية,2026/06/09,"37,399,613"
الخدمات الرقمية,عام,القطاع العام,خدمة إلكترونية,2026/06/09,"37,412,491"
الخدمات الرقمية,عام,القطاع العام,خدمة إلكترونية,2026/06/09,"37,399,104"
الخدمات الرقمية,عام,القطاع العام,خدمة إلكترونية,2026/06/09,"37,408,610"
الخدمات الرقمية,عام,القطاع العام,خدمة إلكترونية,2026/06/09,"37,409,826"
الخدمات الرقمية,عام,القطاع العام,خدمة إلكترونية,2026/06/09,"37,411,165"
الخدمات الرقمية,عام,القطاع العام,خدمة إلكترونية,2026/06/09,"37,398,311"
الخدمات الرقمية,عام,القطاع العام,خدمة إلكترونية,2026/06/09,"37,409,968"
الخدمات الرقمية,عام,القطاع العام,خدمة إلكترونية,2026/06/09,"37,412,656"
الخدمات الرقمية,عام,القطاع العام,خدمة إلكترونية,2026/06/09,"37,400,900"
الخدمات الرقمية,عام,القطاع العام,خدمة إلكترونية,2026/06/09,"37,404,050"
الخدمات الرقمية,عام,القطاع العام,خدمة إلكترونية,2026/06/09,"37,400,018"
الخدمات الرقمية,عام,القطاع العام,خدمة إلكترونية,2026/06/09,"37,413,321"
الخدمات الرقمية,عام,القطاع العام,خدمة إلكترونية,2026/06/09,"37,400,678"
الخدمات الرقمية,عام,القطاع العام,خدمة إلكترونية,2026/06/09,"37,410,691"
الخدمات الرقمية,عام,القطاع العام,خدمة إلكترونية,2026/06/09,"37,410,972"
الخدمات الرقمية,عام,القطاع العام,خدمة إلكترونية,2026/06/09,"37,413,261"
الخدمات الرقمية,عام,القطاع العام,خدمة إلكترونية,2026/06/09,"37,405,845"
الخدمات الرقمية,عام,القطاع العام,خدمة إلكترونية,2026/06/09,"37,399,765"
الخدمات الرقمية,عام,القطاع العام,خدمة إلكترونية,2026/06/09,"37,411,633"
الخدمات الرقمية,عام,القطاع العام,خدمة إلكترونية,2026/06/09,"37,412,034"
الخدمات الرقمية,عام,القطاع العام,خدمة إلكترونية,2026/06/09,"37,399,692"
الخدمات الرقمية,عام,القطاع العام,خدمة إلكترونية,2026/06/09,"37,409,076"
الخدمات الرقمية,عام,القطاع العام,خدمة إلكترونية,2026/06/09,"37,412,624"
الخدمات الرقمية,عام,القطاع العام,خدمة إلكترونية,2026/06/09,"37,397,977"
الخدمات الرقمية,عام,القطاع العام,خدمة إلكترونية,2026/06/09,"37,413,051"
الخدمات الرقمية,عام,القطاع العام,خدمة إلكترونية,2026/06/09,"37,400,417"
الخدمات الرقمية,عام,القطاع العام,خدمة إلكترونية,2026/06/09,"37,411,721"
الخدمات الرقمية,عام,القطاع العام,خدمة إلكترونية,2026/06/09,"37,411,253"
الخدمات الرقمية,عام,القطاع العام,خدمة إلكترونية,2026/06/09,"37,409,990"
الخدمات الرقمية,عام,القطاع العام,خدمة إلكترونية,2026/06/09,"37,411,351"
الخدمات الرقمية,عام,القطاع العام,خدمة إلكترونية,2026/06/09,"37,401,613"
الخدمات الرقمية,عام,القطاع العام,خدمة إلكترونية,2026/06/09,"37,413,402"
الخدمات الرقمية,عام,القطاع العام,خدمة إلكترونية,2026/06/09,"37,398,222"
الخدمات الرقمية,عام,القطاع العام,خدمة إلكترونية,2026/06/09,"37,409,714"
الخدمات الرقمية,عام,القطاع العام,خدمة إلكترونية,2026/06/09,"37,412,476"
الخدمات الرقمية,عام,القطاع العام,خدمة إلكترونية,2026/06/09,"37,412,518"
الخدمات الرقمية,عام,القطاع العام,خدمة إلكترونية,2026/06/09,"37,398,716"
الخدمات الرقمية,عام,القطاع العام,خدمة إلكترونية,2026/06/09,"37,410,857"
الخدمات الرقمية,عام,القطاع العام,خدمة إلكترونية,2026/06/09,"37,404,303"
الخدمات الرقمية,عام,القطاع العام,خدمة إلكترونية,2026/06/09,"37,399,880"
الخدمات الرقمية,عام,القطاع العام,خدمة إلكترونية,2026/06/09,"37,402,910"
الخدمات الرقمية,عام,القطاع العام,خدمة إلكترونية,2026/06/09,"37,402,871"
الخدمات الرقمية,عام,القطاع العام,خدمة إلكترونية,2026/06/09,"37,408,924"
الخدمات الرقمية,عام,القطاع العام,خدمة إلكترونية,2026/06/09,"37,400,559"
الخدمات الرقمية,عام,القطاع العام,خدمة إلكترونية,2026/06/09,"37,415,836"
الخدمات الرقمية,عام,القطاع العام,خدمة إلكترونية,2026/06/09,"37,413,153"
الخدمات الرقمية,عام,القطاع العام,خدمة إلكترونية,2026/06/09,"37,408,966"
الخدمات الرقمية,عام,القطاع العام,خدمة إلكترونية,2026/06/09,"37,398,125"
الخدمات الرقمية,عام,القطاع العام,خدمة إلكترونية,2026/06/09,"37,398,264"
الخدمات الرقمية,عام,القطاع العام,خدمة إلكترونية,2026/06/09,"37,402,984"
الخدمات الرقمية,عام,القطاع العام,خدمة إلكترونية,2026/06/09,"37,398,289"
الخدمات الرقمية,عام,القطاع العام,خدمة إلكترونية,2026/06/09,"37,411,495"
الخدمات الرقمية,عام,القطاع العام,خدمة إلكترونية,2026/06/09,"37,410,057"
الخدمات الرقمية,عام,القطاع العام,خدمة إلكترونية,2026/06/09,"37,411,384"
الخدمات الرقمية,عام,القطاع العام,خدمة إلكترونية,2026/06/09,"37,410,035"
الخدمات الرقمية,عام,القطاع العام,خدمة إلكترونية,2026/06/09,"37,399,543"
الخدمات الرقمية,عام,القطاع العام,خدمة إلكترونية,2026/06/09,"37,399,799"
الخدمات الرقمية,عام,القطاع العام,خدمة إلكترونية,2026/06/09,"37,400,741"
الخدمات الرقمية,عام,القطاع العام,خدمة إلكترونية,2026/06/09,"37,399,433"
الخدمات الرقمية,عام,القطاع العام,خدمة إلكترونية,2026/06/09,"37,407,903"
الخدمات الرقمية,عام,القطاع العام,خدمة إلكترونية,2026/06/09,"37,406,435"
الخدمات الرقمية,عام,القطاع العام,خدمة إلكترونية,2026/06/09,"37,404,630"
الخدمات الرقمية,عام,القطاع العام,خدمة إلكترونية,2026/06/09,"37,404,632"
الخدمات الرقمية,عام,القطاع العام,خدمة إلكترونية,2026/06/09,"37,398,911"
الخدمات الرقمية,عام,القطاع العام,خدمة إلكترونية,2026/06/09,"37,401,433"
الخدمات الرقمية,عام,القطاع العام,خدمة إلكترونية,2026/06/09,"37,399,047"
الخدمات الرقمية,عام,القطاع العام,خدمة إلكترونية,2026/06/09,"37,406,434"
الخدمات الرقمية,عام,القطاع العام,خدمة إلكترونية,2026/06/09,"37,407,115"
الخدمات الرقمية,عام,القطاع العام,خدمة إلكترونية,2026/06/09,"37,404,113"
الخدمات الرقمية,عام,القطاع العام,خدمة إلكترونية,2026/06/09,"37,403,092"
الخدمات الرقمية,عام,القطاع العام,خدمة إلكترونية,2026/06/09,"37,408,919"
الخدمات الرقمية,عام,القطاع العام,خدمة إلكترونية,2026/06/09,"37,398,910"
الخدمات الرقمية,عام,القطاع العام,خدمة إلكترونية,2026/06/09,"37,402,891"
الخدمات الرقمية,عام,القطاع العام,خدمة إلكترونية,2026/06/09,"37,404,603"
الخدمات الرقمية,عام,القطاع العام,خدمة إلكترونية,2026/06/09,"37,403,927"
الخدمات الرقمية,عام,القطاع العام,خدمة إلكترونية,2026/06/09,"37,403,077"
الخدمات الرقمية,عام,القطاع العام,خدمة إلكترونية,2026/06/09,"37,404,926"
الخدمات الرقمية,عام,القطاع العام,خدمة إلكترونية,2026/06/09,"37,407,121"
الخدمات الرقمية,عام,القطاع العام,خدمة إلكترونية,2026/06/09,"37,399,095"
الخدمات الرقمية,عام,القطاع العام,خدمة إلكترونية,2026/06/09,"37,410,081"
الخدمات الرقمية,عام,القطاع العام,خدمة إلكترونية,2026/06/09,"37,409,100"
الخدمات الرقمية,عام,القطاع العام,خدمة إلكترونية,2026/06/09,"37,407,877"
الخدمات الرقمية,عام,القطاع العام,خدمة إلكترونية,2026/06/09,"37,403,082"
الخدمات الرقمية,عام,القطاع العام,خدمة إلكترونية,2026/06/09,"37,398,914"
الخدمات الرقمية,عام,القطاع العام,خدمة إلكترونية,2026/06/09,"37,402,177"
الخدمات الرقمية,عام,القطاع العام,خدمة إلكترونية,2026/06/09,"37,403,075"
الخدمات الرقمية,عام,القطاع العام,خدمة إلكترونية,2026/06/09,"37,411,599"
الخدمات الرقمية,عام,القطاع العام,خدمة إلكترونية,2026/06/09,"37,411,604"
الخدمات الرقمية,عام,القطاع العام,خدمة إلكترونية,2026/06/09,"37,398,905"
الخدمات الرقمية,عام,القطاع العام,خدمة إلكترونية,2026/06/09,"37,400,742"
الخدمات الرقمية,عام,القطاع العام,خدمة إلكترونية,2026/06/09,"37,399,803"
الخدمات الرقمية,عام,القطاع العام,خدمة إلكترونية,2026/06/09,"37,403,930"
الخدمات الرقمية,عام,القطاع العام,خدمة إلكترونية,2026/06/09,"37,403,089"
الخدمات الرقمية,عام,القطاع العام,خدمة إلكترونية,2026/06/09,"37,411,913"
الخدمات الرقمية,عام,القطاع العام,خدمة إلكترونية,2026/06/09,"37,399,800"
الخدمات الرقمية,عام,القطاع العام,خدمة إلكترونية,2026/06/09,"37,399,044"
الخدمات الرقمية,عام,القطاع العام,خدمة إلكترونية,2026/06/09,"37,404,299"
الخدمات الرقمية,عام,القطاع العام,خدمة إلكترونية,2026/06/09,"37,398,909"
الخدمات الرقمية,عام,القطاع العام,خدمة إلكترونية,2026/06/09,"37,411,605"
الخدمات الرقمية,عام,القطاع العام,خدمة إلكترونية,2026/06/09,"37,407,091"
الخدمات الرقمية,عام,القطاع العام,خدمة إلكترونية,2026/06/09,"37,404,295"
الخدمات الرقمية,عام,القطاع العام,خدمة إلكترونية,2026/06/09,"37,404,309"
الخدمات الرقمية,عام,القطاع العام,خدمة إلكترونية,2026/06/09,"37,404,305"
 الشرقية,الدمام,القطاع الخاص,خدمة إلكترونية جزئيا,2026/06/10,"37,426,752"
 عسير,ابها,القطاع الخاص,خدمة إلكترونية جزئيا,2026/06/10,"37,437,847"
 مكة المكرمه,مكة المكرمة,القطاع الخاص,خدمة إلكترونية جزئيا,2026/06/10,"37,429,508"
 مكة المكرمه,جده,القطاع الخاص,خدمة إلكترونية جزئيا,2026/06/10,"37,436,688"
 عسير,ابها,القطاع الخاص,خدمة إلكترونية جزئيا,2026/06/10,"37,439,572"
 عسير,ابها,القطاع الخاص,خدمة إلكترونية جزئيا,2026/06/10,"37,436,308"
 مكة المكرمه,مكة المكرمة,القطاع الخاص,خدمة إلكترونية جزئيا,2026/06/10,"37,446,426"
 عسير,ابها,القطاع الخاص,خدمة إلكترونية جزئيا,2026/06/10,"37,436,365"
 مكة المكرمه,الطائف,القطاع الخاص,خدمة إلكترونية جزئيا,2026/06/10,"37,427,989"
 عسير,ابها,القطاع الخاص,خدمة إلكترونية جزئيا,2026/06/10,"37,437,934"
 عسير,ابها,القطاع الخاص,خدمة إلكترونية جزئيا,2026/06/10,"37,439,618"
 الشرقية,الدمام,القطاع الخاص,خدمة إلكترونية جزئيا,2026/06/10,"37,426,868"
 مكة المكرمه,جده,القطاع الخاص,خدمة إلكترونية جزئيا,2026/06/10,"37,436,784"
 مكة المكرمه,مكة المكرمة,القطاع الخاص,خدمة إلكترونية جزئيا,2026/06/10,"37,438,215"
 الرياض,الرياض,القطاع الخاص,خدمة إلكترونية جزئيا,2026/06/10,"37,437,016"
 الرياض,الرياض,القطاع الخاص,خدمة إلكترونية جزئيا,2026/06/10,"37,436,897"
 مكة المكرمه,الطائف,القطاع الخاص,خدمة إلكترونية جزئيا,2026/06/10,"37,428,077"
الخدمات الرقمية,عام,القطاع العام,خدمة إلكترونية,2026/06/10,"37,445,207"
الخدمات الرقمية,عام,القطاع العام,خدمة إلكترونية,2026/06/10,"37,432,514"
الخدمات الرقمية,عام,القطاع العام,خدمة إلكترونية,2026/06/10,"37,444,233"
الخدمات الرقمية,عام,القطاع العام,خدمة إلكترونية,2026/06/10,"37,426,699"
الخدمات الرقمية,عام,القطاع العام,خدمة إلكترونية,2026/06/10,"37,425,842"
الخدمات الرقمية,عام,القطاع العام,خدمة إلكترونية,2026/06/10,"37,432,288"
الخدمات الرقمية,عام,القطاع العام,خدمة إلكترونية,2026/06/10,"37,424,054"
الخدمات الرقمية,عام,القطاع العام,خدمة إلكترونية,2026/06/10,"37,438,462"
الخدمات الرقمية,عام,القطاع العام,خدمة إلكترونية,2026/06/10,"37,433,142"
الخدمات الرقمية,عام,القطاع العام,خدمة إلكترونية,2026/06/10,"37,438,248"
الخدمات الرقمية,عام,القطاع العام,خدمة إلكترونية,2026/06/10,"37,438,688"
الخدمات الرقمية,عام,القطاع العام,خدمة إلكترونية,2026/06/10,"37,430,614"
الخدمات الرقمية,عام,القطاع العام,خدمة إلكترونية,2026/06/10,"37,431,670"
الخدمات الرقمية,عام,القطاع العام,خدمة إلكترونية,2026/06/10,"37,437,849"
الخدمات الرقمية,عام,القطاع العام,خدمة إلكترونية,2026/06/10,"37,439,343"
الخدمات الرقمية,عام,القطاع العام,خدمة إلكترونية,2026/06/10,"37,432,681"
الخدمات الرقمية,عام,القطاع العام,خدمة إلكترونية,2026/06/10,"37,428,981"
الخدمات الرقمية,عام,القطاع العام,خدمة إلكترونية,2026/06/10,"37,430,087"
الخدمات الرقمية,عام,القطاع العام,خدمة إلكترونية,2026/06/10,"37,436,694"
الخدمات الرقمية,عام,القطاع العام,خدمة إلكترونية,2026/06/10,"37,439,983"
الخدمات الرقمية,عام,القطاع العام,خدمة إلكترونية,2026/06/10,"37,431,762"
الخدمات الرقمية,عام,القطاع العام,خدمة إلكترونية,2026/06/10,"37,433,268"
الخدمات الرقمية,عام,القطاع العام,خدمة إلكترونية,2026/06/10,"37,431,944"
الخدمات الرقمية,عام,القطاع العام,خدمة إلكترونية,2026/06/10,"37,426,613"
الخدمات الرقمية,عام,القطاع العام,خدمة إلكترونية,2026/06/10,"37,432,778"
الخدمات الرقمية,عام,القطاع العام,خدمة إلكترونية,2026/06/10,"37,429,721"
الخدمات الرقمية,عام,القطاع العام,خدمة إلكترونية,2026/06/10,"37,432,947"
الخدمات الرقمية,عام,القطاع العام,خدمة إلكترونية,2026/06/10,"37,426,652"
الخدمات الرقمية,عام,القطاع العام,خدمة إلكترونية,2026/06/10,"37,432,982"
الخدمات الرقمية,عام,القطاع العام,خدمة إلكترونية,2026/06/10,"37,440,017"
الخدمات الرقمية,عام,القطاع العام,خدمة إلكترونية,2026/06/10,"37,433,852"
الخدمات الرقمية,عام,القطاع العام,خدمة إلكترونية,2026/06/10,"37,437,591"
الخدمات الرقمية,عام,القطاع العام,خدمة إلكترونية,2026/06/10,"37,442,295"
الخدمات الرقمية,عام,القطاع العام,خدمة إلكترونية,2026/06/10,"37,428,424"
الخدمات الرقمية,عام,القطاع العام,خدمة إلكترونية,2026/06/10,"37,428,343"
الخدمات الرقمية,عام,القطاع العام,خدمة إلكترونية,2026/06/10,"37,437,649"
الخدمات الرقمية,عام,القطاع العام,خدمة إلكترونية,2026/06/10,"37,429,620"
الخدمات الرقمية,عام,القطاع العام,خدمة إلكترونية,2026/06/10,"37,431,600"
الخدمات الرقمية,عام,القطاع العام,خدمة إلكترونية,2026/06/10,"37,432,423"
الخدمات الرقمية,عام,القطاع العام,خدمة إلكترونية,2026/06/10,"37,426,755"
الخدمات الرقمية,عام,القطاع العام,خدمة إلكترونية,2026/06/10,"37,430,233"
الخدمات الرقمية,عام,القطاع العام,خدمة إلكترونية,2026/06/10,"37,440,370"
الخدمات الرقمية,عام,القطاع العام,خدمة إلكترونية,2026/06/10,"37,426,003"
الخدمات الرقمية,عام,القطاع العام,خدمة إلكترونية,2026/06/10,"37,430,170"
الخدمات الرقمية,عام,القطاع العام,خدمة إلكترونية,2026/06/10,"37,442,900"
الخدمات الرقمية,عام,القطاع العام,خدمة إلكترونية,2026/06/10,"37,431,813"
الخدمات الرقمية,عام,القطاع العام,خدمة إلكترونية,2026/06/10,"37,424,064"
الخدمات الرقمية,عام,القطاع العام,خدمة إلكترونية,2026/06/10,"37,437,519"
الخدمات الرقمية,عام,القطاع العام,خدمة إلكترونية,2026/06/10,"37,430,867"
الخدمات الرقمية,عام,القطاع العام,خدمة إلكترونية,2026/06/10,"37,426,477"
الخدمات الرقمية,عام,القطاع العام,خدمة إلكترونية,2026/06/10,"37,433,900"
الخدمات الرقمية,عام,القطاع العام,خدمة إلكترونية,2026/06/10,"37,426,238"
الخدمات الرقمية,عام,القطاع العام,خدمة إلكترونية,2026/06/10,"37,425,899"
الخدمات الرقمية,عام,القطاع العام,خدمة إلكترونية,2026/06/10,"37,438,431"
الخدمات الرقمية,عام,القطاع العام,خدمة إلكترونية,2026/06/10,"37,442,705"
الخدمات الرقمية,عام,القطاع العام,خدمة إلكترونية,2026/06/10,"37,425,310"
الخدمات الرقمية,عام,القطاع العام,خدمة إلكترونية,2026/06/10,"37,438,535"
الخدمات الرقمية,عام,القطاع العام,خدمة إلكترونية,2026/06/10,"37,439,106"
الخدمات الرقمية,عام,القطاع العام,خدمة إلكترونية,2026/06/10,"37,437,190"
الخدمات الرقمية,عام,القطاع العام,خدمة إلكترونية,2026/06/10,"37,438,843"
الخدمات الرقمية,عام,القطاع العام,خدمة إلكترونية,2026/06/10,"37,433,357"
الخدمات الرقمية,عام,القطاع العام,خدمة إلكترونية,2026/06/10,"37,442,592"
الخدمات الرقمية,عام,القطاع العام,خدمة إلكترونية,2026/06/10,"37,427,034"
الخدمات الرقمية,عام,القطاع العام,خدمة إلكترونية,2026/06/10,"37,438,848"
الخدمات الرقمية,عام,القطاع العام,خدمة إلكترونية,2026/06/10,"37,444,499"
الخدمات الرقمية,عام,القطاع العام,خدمة إلكترونية,2026/06/10,"37,432,049"
الخدمات الرقمية,عام,القطاع العام,خدمة إلكترونية,2026/06/10,"37,438,681"
الخدمات الرقمية,عام,القطاع العام,خدمة إلكترونية,2026/06/10,"37,426,357"
الخدمات الرقمية,عام,القطاع العام,خدمة إلكترونية,2026/06/10,"37,435,289"
الخدمات الرقمية,عام,القطاع العام,خدمة إلكترونية,2026/06/10,"37,440,167"
الخدمات الرقمية,عام,القطاع العام,خدمة إلكترونية,2026/06/10,"37,429,551"
الخدمات الرقمية,عام,القطاع العام,خدمة إلكترونية,2026/06/10,"37,433,052"
الخدمات الرقمية,عام,القطاع العام,خدمة إلكترونية,2026/06/10,"37,424,868"
الخدمات الرقمية,عام,القطاع العام,خدمة إلكترونية,2026/06/10,"37,440,007"
الخدمات الرقمية,عام,القطاع العام,خدمة إلكترونية,2026/06/10,"37,440,089"
الخدمات الرقمية,عام,القطاع العام,خدمة إلكترونية,2026/06/10,"37,433,055"
الخدمات الرقمية,عام,القطاع العام,خدمة إلكترونية,2026/06/10,"37,438,724"
الخدمات الرقمية,عام,القطاع العام,خدمة إلكترونية,2026/06/10,"37,440,221"
الخدمات الرقمية,عام,القطاع العام,خدمة إلكترونية,2026/06/10,"37,424,305"
الخدمات الرقمية,عام,القطاع العام,خدمة إلكترونية,2026/06/10,"37,440,918"
الخدمات الرقمية,عام,القطاع العام,خدمة إلكترونية,2026/06/10,"37,440,851"
الخدمات الرقمية,عام,القطاع العام,خدمة إلكترونية,2026/06/10,"37,440,992"
الخدمات الرقمية,عام,القطاع العام,خدمة إلكترونية,2026/06/10,"37,441,052"
الخدمات الرقمية,عام,القطاع العام,خدمة إلكترونية,2026/06/10,"37,441,102"
الخدمات الرقمية,عام,القطاع العام,خدمة إلكترونية,2026/06/10,"37,432,112"
الخدمات الرقمية,عام,القطاع العام,خدمة إلكترونية,2026/06/10,"37,430,645"
الخدمات الرقمية,عام,القطاع العام,خدمة إلكترونية,2026/06/10,"37,431,628"
الخدمات الرقمية,عام,القطاع العام,خدمة إلكترونية,2026/06/10,"37,426,492"
الخدمات الرقمية,عام,القطاع العام,خدمة إلكترونية,2026/06/10,"37,426,622"
الخدمات الرقمية,عام,القطاع العام,خدمة إلكترونية,2026/06/10,"37,431,335"
الخدمات الرقمية,عام,القطاع العام,خدمة إلكترونية,2026/06/10,"37,427,289"
الخدمات الرقمية,عام,القطاع العام,خدمة إلكترونية,2026/06/10,"37,428,029"
الخدمات الرقمية,عام,القطاع العام,خدمة إلكترونية,2026/06/10,"37,431,009"
الخدمات الرقمية,عام,القطاع العام,خدمة إلكترونية,2026/06/10,"37,428,013"
الخدمات الرقمية,عام,القطاع العام,خدمة إلكترونية,2026/06/10,"37,425,682"
الخدمات الرقمية,عام,القطاع العام,خدمة إلكترونية,2026/06/10,"37,425,592"
الخدمات الرقمية,عام,القطاع العام,خدمة إلكترونية,2026/06/10,"37,430,757"
الخدمات الرقمية,عام,القطاع العام,خدمة إلكترونية,2026/06/10,"37,432,120"
الخدمات الرقمية,عام,القطاع العام,خدمة إلكترونية,2026/06/10,"37,433,490"
الخدمات الرقمية,عام,القطاع العام,خدمة إلكترونية,2026/06/10,"37,427,275"
الخدمات الرقمية,عام,القطاع العام,خدمة إلكترونية,2026/06/10,"37,429,547"
الخدمات الرقمية,عام,القطاع العام,خدمة إلكترونية,2026/06/10,"37,430,415"
الخدمات الرقمية,عام,القطاع العام,خدمة إلكترونية,2026/06/10,"37,431,023"
الخدمات الرقمية,عام,القطاع العام,خدمة إلكترونية,2026/06/10,"37,435,276"
الخدمات الرقمية,عام,القطاع العام,خدمة إلكترونية,2026/06/10,"37,427,850"
الخدمات الرقمية,عام,القطاع العام,خدمة إلكترونية,2026/06/10,"37,425,758"
الخدمات الرقمية,عام,القطاع العام,خدمة إلكترونية,2026/06/10,"37,431,356"
الخدمات الرقمية,عام,القطاع العام,خدمة إلكترونية,2026/06/10,"37,434,534"
الخدمات الرقمية,عام,القطاع العام,خدمة إلكترونية,2026/06/10,"37,427,291"
الخدمات الرقمية,عام,القطاع العام,خدمة إلكترونية,2026/06/10,"37,427,394"
الخدمات الرقمية,عام,القطاع العام,خدمة إلكترونية,2026/06/10,"37,428,411"
الخدمات الرقمية,عام,القطاع العام,خدمة إلكترونية,2026/06/10,"37,431,501"
الخدمات الرقمية,عام,القطاع العام,خدمة إلكترونية,2026/06/10,"37,427,587"
الخدمات الرقمية,عام,القطاع العام,خدمة إلكترونية,2026/06/10,"37,431,770"
الخدمات الرقمية,عام,القطاع العام,خدمة إلكترونية,2026/06/10,"37,434,971"
الخدمات الرقمية,عام,القطاع العام,خدمة إلكترونية,2026/06/10,"37,432,111"
الخدمات الرقمية,عام,القطاع العام,خدمة إلكترونية,2026/06/10,"37,426,004"
الخدمات الرقمية,عام,القطاع العام,خدمة إلكترونية,2026/06/10,"37,429,407"
الخدمات الرقمية,عام,القطاع العام,خدمة إلكترونية,2026/06/10,"37,437,115"
 عسير,ابها,القطاع الخاص,خدمة إلكترونية جزئيا,2026/06/11,"37,459,128"
 عسير,ابها,القطاع الخاص,خدمة إلكترونية جزئيا,2026/06/11,"37,462,460"
 عسير,ابها,القطاع الخاص,خدمة إلكترونية جزئيا,2026/06/11,"37,465,147"
 المدينة المنوره,المدينة المنورة,القطاع الخاص,خدمة إلكترونية جزئيا,2026/06/11,"37,466,387"
 مكة المكرمه,الطائف,القطاع الخاص,خدمة إلكترونية جزئيا,2026/06/11,"37,460,282"
 الشرقية,الدمام,القطاع الخاص,خدمة إلكترونية جزئيا,2026/06/11,"37,456,135"
 المدينة المنوره,المدينة المنورة,القطاع الخاص,خدمة إلكترونية جزئيا,2026/06/11,"37,466,512"
الخدمات الرقمية,عام,القطاع العام,خدمة إلكترونية,2026/06/11,"37,459,384"
 الرياض,الرياض,القطاع الخاص,خدمة إلكترونية جزئيا,2026/06/11,"37,456,302"
 الرياض,الرياض,القطاع الخاص,خدمة إلكترونية جزئيا,2026/06/11,"37,456,457"
 الشرقية,الدمام,القطاع الخاص,خدمة إلكترونية جزئيا,2026/06/11,"37,456,184"
 الرياض,الرياض,القطاع الخاص,خدمة إلكترونية جزئيا,2026/06/11,"37,458,471"
 عسير,ابها,القطاع الخاص,خدمة إلكترونية جزئيا,2026/06/11,"37,459,257"
 عسير,ابها,القطاع الخاص,خدمة إلكترونية جزئيا,2026/06/11,"37,462,627"
 الرياض,الرياض,القطاع الخاص,خدمة إلكترونية جزئيا,2026/06/11,"37,458,070"
 مكة المكرمه,مكة المكرمة,القطاع الخاص,خدمة إلكترونية جزئيا,2026/06/11,"37,464,291"
 عسير,ابها,القطاع الخاص,خدمة إلكترونية جزئيا,2026/06/11,"37,465,380"
 الرياض,الرياض,القطاع الخاص,خدمة إلكترونية جزئيا,2026/06/11,"37,457,028"
 الرياض,الرياض,القطاع الخاص,خدمة إلكترونية جزئيا,2026/06/11,"37,456,652"
 الرياض,الرياض,القطاع الخاص,خدمة إلكترونية جزئيا,2026/06/11,"37,455,751"
 الرياض,الرياض,القطاع الخاص,خدمة إلكترونية جزئيا,2026/06/11,"37,456,014"
 الرياض,الرياض,القطاع الخاص,خدمة إلكترونية جزئيا,2026/06/11,"37,473,710"
 الرياض,الرياض,القطاع الخاص,خدمة إلكترونية جزئيا,2026/06/11,"37,473,727"
 المدينة المنوره,المدينة المنورة,القطاع الخاص,خدمة إلكترونية جزئيا,2026/06/11,"37,466,538"
 مكة المكرمه,الطائف,القطاع الخاص,خدمة إلكترونية جزئيا,2026/06/11,"37,460,339"
 الرياض,الرياض,القطاع الخاص,خدمة إلكترونية جزئيا,2026/06/11,"37,473,457"
 الرياض,الرياض,القطاع الخاص,خدمة إلكترونية جزئيا,2026/06/11,"37,473,210"
 الرياض,الرياض,القطاع الخاص,خدمة إلكترونية جزئيا,2026/06/11,"37,473,328"
 الرياض,الرياض,القطاع الخاص,خدمة إلكترونية جزئيا,2026/06/11,"37,473,179"
 الرياض,الرياض,القطاع الخاص,خدمة إلكترونية جزئيا,2026/06/11,"37,473,379"
 الرياض,الرياض,القطاع الخاص,خدمة إلكترونية جزئيا,2026/06/11,"37,473,389"
 الرياض,الرياض,القطاع الخاص,خدمة إلكترونية جزئيا,2026/06/11,"37,473,184"
 الرياض,الرياض,القطاع الخاص,خدمة إلكترونية جزئيا,2026/06/11,"37,473,583"
الخدمات الرقمية,عام,القطاع العام,خدمة إلكترونية,2026/06/11,"37,462,828"
الخدمات الرقمية,عام,القطاع العام,خدمة إلكترونية,2026/06/11,"37,456,273"
الخدمات الرقمية,عام,القطاع العام,خدمة إلكترونية,2026/06/11,"37,463,975"
الخدمات الرقمية,عام,القطاع العام,خدمة إلكترونية,2026/06/11,"37,464,308"
الخدمات الرقمية,عام,القطاع العام,خدمة إلكترونية,2026/06/11,"37,462,916"
الخدمات الرقمية,عام,القطاع العام,خدمة إلكترونية,2026/06/11,"37,456,954"
الخدمات الرقمية,عام,القطاع العام,خدمة إلكترونية,2026/06/11,"37,465,142"
الخدمات الرقمية,عام,القطاع العام,خدمة إلكترونية,2026/06/11,"37,459,207"
الخدمات الرقمية,عام,القطاع العام,خدمة إلكترونية,2026/06/11,"37,462,840"
الخدمات الرقمية,عام,القطاع العام,خدمة إلكترونية,2026/06/11,"37,465,498"
الخدمات الرقمية,عام,القطاع العام,خدمة إلكترونية,2026/06/11,"37,454,406"
الخدمات الرقمية,عام,القطاع العام,خدمة إلكترونية,2026/06/11,"37,462,018"
الخدمات الرقمية,عام,القطاع العام,خدمة إلكترونية,2026/06/11,"37,456,901"
الخدمات الرقمية,عام,القطاع العام,خدمة إلكترونية,2026/06/11,"37,462,967"
الخدمات الرقمية,عام,القطاع العام,خدمة إلكترونية,2026/06/11,"37,459,417"
الخدمات الرقمية,عام,القطاع العام,خدمة إلكترونية,2026/06/11,"37,464,779"
الخدمات الرقمية,عام,القطاع العام,خدمة إلكترونية,2026/06/11,"37,453,824"
الخدمات الرقمية,عام,القطاع العام,خدمة إلكترونية,2026/06/11,"37,465,252"
الخدمات الرقمية,عام,القطاع العام,خدمة إلكترونية,2026/06/11,"37,465,101"
الخدمات الرقمية,عام,القطاع العام,خدمة إلكترونية,2026/06/11,"37,466,751"
الخدمات الرقمية,عام,القطاع العام,خدمة إلكترونية,2026/06/11,"37,454,341"
الخدمات الرقمية,عام,القطاع العام,خدمة إلكترونية,2026/06/11,"37,463,218"
الخدمات الرقمية,عام,القطاع العام,خدمة إلكترونية,2026/06/11,"37,462,989"
الخدمات الرقمية,عام,القطاع العام,خدمة إلكترونية,2026/06/11,"37,456,226"
الخدمات الرقمية,عام,القطاع العام,خدمة إلكترونية,2026/06/11,"37,456,702"
الخدمات الرقمية,عام,القطاع العام,خدمة إلكترونية,2026/06/11,"37,466,845"
الخدمات الرقمية,عام,القطاع العام,خدمة إلكترونية,2026/06/11,"37,453,753"
الخدمات الرقمية,عام,القطاع العام,خدمة إلكترونية,2026/06/11,"37,465,215"
الخدمات الرقمية,عام,القطاع العام,خدمة إلكترونية,2026/06/11,"37,465,061"
الخدمات الرقمية,عام,القطاع العام,خدمة إلكترونية,2026/06/11,"37,465,639"
الخدمات الرقمية,عام,القطاع العام,خدمة إلكترونية,2026/06/11,"37,463,349"
الخدمات الرقمية,عام,القطاع العام,خدمة إلكترونية,2026/06/11,"37,466,674"
الخدمات الرقمية,عام,القطاع العام,خدمة إلكترونية,2026/06/11,"37,456,840"
الخدمات الرقمية,عام,القطاع العام,خدمة إلكترونية,2026/06/11,"37,463,440"
الخدمات الرقمية,عام,القطاع العام,خدمة إلكترونية,2026/06/11,"37,458,578"
الخدمات الرقمية,عام,القطاع العام,خدمة إلكترونية,2026/06/11,"37,463,075"
الخدمات الرقمية,عام,القطاع العام,خدمة إلكترونية,2026/06/11,"37,466,999"
الخدمات الرقمية,عام,القطاع العام,خدمة إلكترونية,2026/06/11,"37,472,226"
الخدمات الرقمية,عام,القطاع العام,خدمة إلكترونية,2026/06/11,"37,472,456"
الخدمات الرقمية,عام,القطاع العام,خدمة إلكترونية,2026/06/11,"37,470,631"
الخدمات الرقمية,عام,القطاع العام,خدمة إلكترونية,2026/06/11,"37,468,939"
الخدمات الرقمية,عام,القطاع العام,خدمة إلكترونية,2026/06/11,"37,472,046"
الخدمات الرقمية,عام,القطاع العام,خدمة إلكترونية,2026/06/11,"37,459,705"
الخدمات الرقمية,عام,القطاع العام,خدمة إلكترونية,2026/06/11,"37,472,314"
الخدمات الرقمية,عام,القطاع العام,خدمة إلكترونية,2026/06/11,"37,471,126"
الخدمات الرقمية,عام,القطاع العام,خدمة إلكترونية,2026/06/11,"37,464,230"
الخدمات الرقمية,عام,القطاع العام,خدمة إلكترونية,2026/06/11,"37,465,102"
الخدمات الرقمية,عام,القطاع العام,خدمة إلكترونية,2026/06/11,"37,471,883"
الخدمات الرقمية,عام,القطاع العام,خدمة إلكترونية,2026/06/11,"37,466,964"
الخدمات الرقمية,عام,القطاع العام,خدمة إلكترونية,2026/06/11,"37,462,276"
الخدمات الرقمية,عام,القطاع العام,خدمة إلكترونية,2026/06/11,"37,463,397"
الخدمات الرقمية,عام,القطاع العام,خدمة إلكترونية,2026/06/11,"37,457,097"
الخدمات الرقمية,عام,القطاع العام,خدمة إلكترونية,2026/06/11,"37,476,893"
الخدمات الرقمية,عام,القطاع العام,خدمة إلكترونية,2026/06/11,"37,460,396"
الخدمات الرقمية,عام,القطاع العام,خدمة إلكترونية,2026/06/11,"37,455,598"
الخدمات الرقمية,عام,القطاع العام,خدمة إلكترونية,2026/06/11,"37,472,496"
الخدمات الرقمية,عام,القطاع العام,خدمة إلكترونية,2026/06/11,"37,456,643"
الخدمات الرقمية,عام,القطاع العام,خدمة إلكترونية,2026/06/11,"37,471,312"
الخدمات الرقمية,عام,القطاع العام,خدمة إلكترونية,2026/06/11,"37,471,337"
الخدمات الرقمية,عام,القطاع العام,خدمة إلكترونية,2026/06/11,"37,471,240"
الخدمات الرقمية,عام,القطاع العام,خدمة إلكترونية,2026/06/11,"37,471,289"
الخدمات الرقمية,عام,القطاع العام,خدمة إلكترونية,2026/06/11,"37,454,603"
الخدمات الرقمية,عام,القطاع العام,خدمة إلكترونية,2026/06/11,"37,454,560"
الخدمات الرقمية,عام,القطاع العام,خدمة إلكترونية,2026/06/11,"37,454,496"
الخدمات الرقمية,عام,القطاع العام,خدمة إلكترونية,2026/06/11,"37,454,599"
الخدمات الرقمية,عام,القطاع العام,خدمة إلكترونية,2026/06/11,"37,454,780"
الخدمات الرقمية,عام,القطاع العام,خدمة إلكترونية,2026/06/11,"37,454,473"
الخدمات الرقمية,عام,القطاع العام,خدمة إلكترونية,2026/06/11,"37,454,766"
الخدمات الرقمية,عام,القطاع العام,خدمة إلكترونية,2026/06/11,"37,454,674"
الخدمات الرقمية,عام,القطاع العام,خدمة إلكترونية,2026/06/11,"37,454,601"
الخدمات الرقمية,عام,القطاع العام,خدمة إلكترونية,2026/06/11,"37,457,343"
الخدمات الرقمية,عام,القطاع العام,خدمة إلكترونية,2026/06/11,"37,454,578"
الخدمات الرقمية,عام,القطاع العام,خدمة إلكترونية,2026/06/11,"37,454,622"
الخدمات الرقمية,عام,القطاع العام,خدمة إلكترونية,2026/06/11,"37,454,794"
الخدمات الرقمية,عام,القطاع العام,خدمة إلكترونية,2026/06/11,"37,462,851"
الخدمات الرقمية,عام,القطاع العام,خدمة إلكترونية,2026/06/11,"37,455,526"
الخدمات الرقمية,عام,القطاع العام,خدمة إلكترونية,2026/06/11,"37,454,600"
الخدمات الرقمية,عام,القطاع العام,خدمة إلكترونية,2026/06/11,"37,454,956"
الخدمات الرقمية,عام,القطاع العام,خدمة إلكترونية,2026/06/11,"37,455,743"
الخدمات الرقمية,عام,القطاع العام,خدمة إلكترونية,2026/06/11,"37,456,611"
الخدمات الرقمية,عام,القطاع العام,خدمة إلكترونية,2026/06/11,"37,454,669"
الخدمات الرقمية,عام,القطاع العام,خدمة إلكترونية,2026/06/11,"37,454,547"
الخدمات الرقمية,عام,القطاع العام,خدمة إلكترونية,2026/06/11,"37,457,612"
الخدمات الرقمية,عام,القطاع العام,خدمة إلكترونية,2026/06/11,"37,458,493"
الخدمات الرقمية,عام,القطاع العام,خدمة إلكترونية,2026/06/11,"37,454,478"
الخدمات الرقمية,عام,القطاع العام,خدمة إلكترونية,2026/06/11,"37,454,553"
الخدمات الرقمية,عام,القطاع العام,خدمة إلكترونية,2026/06/11,"37,463,303"
الخدمات الرقمية,عام,القطاع العام,خدمة إلكترونية,2026/06/11,"37,459,344"
الخدمات الرقمية,عام,القطاع العام,خدمة إلكترونية,2026/06/11,"37,454,621"
الخدمات الرقمية,عام,القطاع العام,خدمة إلكترونية,2026/06/11,"37,455,573"
الخدمات الرقمية,عام,القطاع العام,خدمة إلكترونية,2026/06/11,"37,454,576"
الخدمات الرقمية,عام,القطاع العام,خدمة إلكترونية,2026/06/11,"37,459,358"
الخدمات الرقمية,عام,القطاع العام,خدمة إلكترونية,2026/06/11,"37,459,469"
الخدمات الرقمية,عام,القطاع العام,خدمة إلكترونية,2026/06/11,"37,455,571"
الخدمات الرقمية,عام,القطاع العام,خدمة إلكترونية,2026/06/11,"37,459,359"
الخدمات الرقمية,عام,القطاع العام,خدمة إلكترونية,2026/06/11,"37,458,740"
الخدمات الرقمية,عام,القطاع العام,خدمة إلكترونية,2026/06/11,"37,455,591"
الخدمات الرقمية,عام,القطاع العام,خدمة إلكترونية,2026/06/11,"37,463,013"
الخدمات الرقمية,عام,القطاع العام,خدمة إلكترونية,2026/06/11,"37,455,529"
الخدمات الرقمية,عام,القطاع العام,خدمة إلكترونية,2026/06/11,"37,459,618"
الخدمات الرقمية,عام,القطاع العام,خدمة إلكترونية,2026/06/11,"37,458,508"
الخدمات الرقمية,عام,القطاع العام,خدمة إلكترونية,2026/06/11,"37,455,695"
الخدمات الرقمية,عام,القطاع العام,خدمة إلكترونية,2026/06/11,"37,454,781"
الخدمات الرقمية,عام,القطاع العام,خدمة إلكترونية,2026/06/11,"37,456,356"
الخدمات الرقمية,عام,القطاع العام,خدمة إلكترونية,2026/06/11,"37,455,871"
الخدمات الرقمية,عام,القطاع العام,خدمة إلكترونية,2026/06/11,"37,454,791"
الخدمات الرقمية,عام,القطاع العام,خدمة إلكترونية,2026/06/11,"37,458,921"
الخدمات الرقمية,عام,القطاع العام,خدمة إلكترونية,2026/06/11,"37,459,158"
الخدمات الرقمية,عام,القطاع العام,خدمة إلكترونية,2026/06/11,"37,454,552"
الخدمات الرقمية,عام,القطاع العام,خدمة إلكترونية,2026/06/11,"37,454,771"
الخدمات الرقمية,عام,القطاع العام,خدمة إلكترونية,2026/06/11,"37,463,294"
الخدمات الرقمية,عام,القطاع العام,خدمة إلكترونية,2026/06/11,"37,454,502"
الخدمات الرقمية,عام,القطاع العام,خدمة إلكترونية,2026/06/11,"37,463,295"
الخدمات الرقمية,عام,القطاع العام,خدمة إلكترونية,2026/06/11,"37,465,681"
الخدمات الرقمية,عام,القطاع العام,خدمة إلكترونية,2026/06/11,"37,467,605"
الخدمات الرقمية,عام,القطاع العام,خدمة إلكترونية,2026/06/11,"37,460,107"
الخدمات الرقمية,عام,القطاع العام,خدمة إلكترونية,2026/06/11,"37,463,149"
الخدمات الرقمية,عام,القطاع العام,خدمة إلكترونية,2026/06/11,"37,454,782"
الخدمات الرقمية,عام,القطاع العام,خدمة إلكترونية,2026/06/11,"37,454,828"
الخدمات الرقمية,عام,القطاع العام,خدمة إلكترونية,2026/06/11,"37,463,135"
الخدمات الرقمية,عام,القطاع العام,خدمة إلكترونية,2026/06/11,"37,463,451"
الخدمات الرقمية,عام,القطاع العام,خدمة إلكترونية,2026/06/11,"37,454,767"
الخدمات الرقمية,عام,القطاع العام,خدمة إلكترونية,2026/06/11,"37,454,477"
الخدمات الرقمية,عام,القطاع العام,خدمة إلكترونية,2026/06/11,"37,463,302"
الخدمات الرقمية,عام,القطاع العام,خدمة إلكترونية,2026/06/11,"37,454,479"
الخدمات الرقمية,عام,القطاع العام,خدمة إلكترونية,2026/06/11,"37,458,101"
الخدمات الرقمية,عام,القطاع العام,خدمة إلكترونية,2026/06/11,"37,454,673"
الخدمات الرقمية,عام,القطاع العام,خدمة إلكترونية,2026/06/11,"37,455,569"
الخدمات الرقمية,عام,القطاع العام,خدمة إلكترونية,2026/06/11,"37,456,194"
الخدمات الرقمية,عام,القطاع العام,خدمة إلكترونية,2026/06/11,"37,456,593"
الخدمات الرقمية,عام,القطاع العام,خدمة إلكترونية,2026/06/11,"37,454,759"
الخدمات الرقمية,عام,القطاع العام,خدمة إلكترونية,2026/06/11,"37,454,785"
الخدمات الرقمية,عام,القطاع العام,خدمة إلكترونية,2026/06/11,"37,455,740"
الخدمات الرقمية,عام,القطاع العام,خدمة إلكترونية,2026/06/11,"37,459,434"
الخدمات الرقمية,عام,القطاع العام,خدمة إلكترونية,2026/06/11,"37,454,579"
الخدمات الرقمية,عام,القطاع العام,خدمة إلكترونية,2026/06/11,"37,463,022"
الخدمات الرقمية,عام,القطاع العام,خدمة إلكترونية,2026/06/11,"37,460,390"
الخدمات الرقمية,عام,القطاع العام,خدمة إلكترونية,2026/06/11,"37,454,675"
الخدمات الرقمية,عام,القطاع العام,خدمة إلكترونية,2026/06/11,"37,456,091"
الخدمات الرقمية,عام,القطاع العام,خدمة إلكترونية,2026/06/11,"37,456,119"
الخدمات الرقمية,عام,القطاع العام,خدمة إلكترونية,2026/06/11,"37,454,620"
الخدمات الرقمية,عام,القطاع العام,خدمة إلكترونية,2026/06/11,"37,457,283"
الخدمات الرقمية,عام,القطاع العام,خدمة إلكترونية,2026/06/11,"37,459,569"
الخدمات الرقمية,عام,القطاع العام,خدمة إلكترونية,2026/06/11,"37,455,416"
الخدمات الرقمية,عام,القطاع العام,خدمة إلكترونية,2026/06/11,"37,454,827"
الخدمات الرقمية,عام,القطاع العام,خدمة إلكترونية,2026/06/11,"37,466,577"
الخدمات الرقمية,عام,القطاع العام,خدمة إلكترونية,2026/06/11,"37,466,593"
الخدمات الرقمية,عام,القطاع العام,خدمة إلكترونية,2026/06/11,"37,467,068"
الخدمات الرقمية,عام,القطاع العام,خدمة إلكترونية,2026/06/11,"37,465,283"
الخدمات الرقمية,عام,القطاع العام,خدمة إلكترونية,2026/06/11,"37,454,679"
الخدمات الرقمية,عام,القطاع العام,خدمة إلكترونية,2026/06/11,"37,459,540"
الخدمات الرقمية,عام,القطاع العام,خدمة إلكترونية,2026/06/11,"37,458,463"
الخدمات الرقمية,عام,القطاع العام,خدمة إلكترونية,2026/06/11,"37,455,572"
الخدمات الرقمية,عام,القطاع العام,خدمة إلكترونية,2026/06/11,"37,455,530"
الخدمات الرقمية,عام,القطاع العام,خدمة إلكترونية,2026/06/11,"37,458,092"
الخدمات الرقمية,عام,القطاع العام,خدمة إلكترونية,2026/06/11,"37,454,701"
الخدمات الرقمية,عام,القطاع العام,خدمة إلكترونية,2026/06/11,"37,454,577"
الخدمات الرقمية,عام,القطاع العام,خدمة إلكترونية,2026/06/11,"37,457,857"
الخدمات الرقمية,عام,القطاع العام,خدمة إلكترونية,2026/06/11,"37,455,724"
الخدمات الرقمية,عام,القطاع العام,خدمة إلكترونية,2026/06/11,"37,456,865"
الخدمات الرقمية,عام,القطاع العام,خدمة إلكترونية,2026/06/11,"37,468,887"
الخدمات الرقمية,عام,القطاع العام,خدمة إلكترونية,2026/06/11,"37,469,404"
الخدمات الرقمية,عام,القطاع العام,خدمة إلكترونية,2026/06/11,"37,467,084"
الخدمات الرقمية,عام,القطاع العام,خدمة إلكترونية,2026/06/11,"37,469,089"
الخدمات الرقمية,عام,القطاع العام,خدمة إلكترونية,2026/06/11,"37,467,603"
الخدمات الرقمية,عام,القطاع العام,خدمة إلكترونية,2026/06/11,"37,468,983"
الخدمات الرقمية,عام,القطاع العام,خدمة إلكترونية,2026/06/11,"37,468,957"
الخدمات الرقمية,عام,القطاع العام,خدمة إلكترونية,2026/06/11,"37,454,499"
الخدمات الرقمية,عام,القطاع العام,خدمة إلكترونية,2026/06/11,"37,467,067"
الخدمات الرقمية,عام,القطاع العام,خدمة إلكترونية,2026/06/11,"37,469,422"
الخدمات الرقمية,عام,القطاع العام,خدمة إلكترونية,2026/06/11,"37,463,147"
الخدمات الرقمية,عام,القطاع العام,خدمة إلكترونية,2026/06/11,"37,457,374"
الخدمات الرقمية,عام,القطاع العام,خدمة إلكترونية,2026/06/11,"37,470,556"
الخدمات الرقمية,عام,القطاع العام,خدمة إلكترونية,2026/06/11,"37,458,257"
الخدمات الرقمية,عام,القطاع العام,خدمة إلكترونية,2026/06/11,"37,460,183"
الخدمات الرقمية,عام,القطاع العام,خدمة إلكترونية,2026/06/11,"37,456,848"
الخدمات الرقمية,عام,القطاع العام,خدمة إلكترونية,2026/06/11,"37,457,493"
الخدمات الرقمية,عام,القطاع العام,خدمة إلكترونية,2026/06/11,"37,454,474"
الخدمات الرقمية,عام,القطاع العام,خدمة إلكترونية,2026/06/11,"37,468,882"
الخدمات الرقمية,عام,القطاع العام,خدمة إلكترونية,2026/06/11,"37,468,889"
الخدمات الرقمية,عام,القطاع العام,خدمة إلكترونية,2026/06/11,"37,454,490"
الخدمات الرقمية,عام,القطاع العام,خدمة إلكترونية,2026/06/11,"37,457,560"
الخدمات الرقمية,عام,القطاع العام,خدمة إلكترونية,2026/06/11,"37,468,883"
الخدمات الرقمية,عام,القطاع العام,خدمة إلكترونية,2026/06/11,"37,470,471"
الخدمات الرقمية,عام,القطاع العام,خدمة إلكترونية,2026/06/11,"37,469,408"
الخدمات الرقمية,عام,القطاع العام,خدمة إلكترونية,2026/06/11,"37,465,097"
الخدمات الرقمية,عام,القطاع العام,خدمة إلكترونية,2026/06/11,"37,468,981"
الخدمات الرقمية,عام,القطاع العام,خدمة إلكترونية,2026/06/11,"37,454,476"
الخدمات الرقمية,عام,القطاع العام,خدمة إلكترونية,2026/06/11,"37,469,423"
الخدمات الرقمية,عام,القطاع العام,خدمة إلكترونية,2026/06/11,"37,467,621"
الخدمات الرقمية,عام,القطاع العام,خدمة إلكترونية,2026/06/11,"37,468,900"
الخدمات الرقمية,عام,القطاع العام,خدمة إلكترونية,2026/06/11,"37,465,511"
الخدمات الرقمية,عام,القطاع العام,خدمة إلكترونية,2026/06/11,"37,466,465"
الخدمات الرقمية,عام,القطاع العام,خدمة إلكترونية,2026/06/12,"37,486,617"
الخدمات الرقمية,عام,القطاع العام,خدمة إلكترونية,2026/06/12,"37,489,403"
الخدمات الرقمية,عام,القطاع العام,خدمة إلكترونية,2026/06/13,"37,494,778"
الخدمات الرقمية,عام,القطاع العام,خدمة إلكترونية,2026/06/13,"37,497,608"
الخدمات الرقمية,عام,القطاع العام,خدمة إلكترونية,2026/06/13,"37,499,200"
الخدمات الرقمية,عام,القطاع العام,خدمة إلكترونية,2026/06/13,"37,499,056"
الخدمات الرقمية,عام,القطاع العام,خدمة إلكترونية,2026/06/13,"37,499,139"
الخدمات الرقمية,عام,القطاع العام,خدمة إلكترونية,2026/06/13,"37,497,628"
الخدمات الرقمية,عام,القطاع العام,خدمة إلكترونية,2026/06/13,"37,499,587"
الخدمات الرقمية,عام,القطاع العام,خدمة إلكترونية,2026/06/13,"37,498,984"
 عسير,ابها,القطاع الخاص,خدمة إلكترونية جزئيا,2026/06/14,"37,514,760"
 الشرقية,الدمام,القطاع الخاص,خدمة إلكترونية جزئيا,2026/06/14,"37,512,473"
 الشرقية,الدمام,القطاع الخاص,خدمة إلكترونية جزئيا,2026/06/14,"37,508,491"
 مكة المكرمه,جده,القطاع الخاص,خدمة إلكترونية جزئيا,2026/06/14,"37,510,507"
 الرياض,الرياض,القطاع الخاص,خدمة إلكترونية جزئيا,2026/06/14,"37,507,501"
 الرياض,الرياض,القطاع الخاص,خدمة إلكترونية جزئيا,2026/06/14,"37,507,613"
 عسير,ابها,القطاع الخاص,خدمة إلكترونية جزئيا,2026/06/14,"37,514,840"
 الرياض,الرياض,القطاع الخاص,خدمة إلكترونية جزئيا,2026/06/14,"37,520,852"
 الشرقية,الدمام,القطاع الخاص,خدمة إلكترونية جزئيا,2026/06/14,"37,512,561"
 الشرقية,الدمام,القطاع الخاص,خدمة إلكترونية جزئيا,2026/06/14,"37,508,555"
 الرياض,الرياض,القطاع الخاص,خدمة إلكترونية جزئيا,2026/06/14,"37,517,125"
 مكة المكرمه,جده,القطاع الخاص,خدمة إلكترونية جزئيا,2026/06/14,"37,516,785"
 مكة المكرمه,الطائف,القطاع الخاص,خدمة إلكترونية جزئيا,2026/06/14,"37,510,045"
 الرياض,الرياض,القطاع الخاص,خدمة إلكترونية جزئيا,2026/06/14,"37,507,844"
الخدمات الرقمية,عام,القطاع العام,خدمة إلكترونية,2026/06/14,"37,520,054"
الخدمات الرقمية,عام,القطاع العام,خدمة إلكترونية,2026/06/14,"37,508,496"
الخدمات الرقمية,عام,القطاع العام,خدمة إلكترونية,2026/06/14,"37,508,980"
الخدمات الرقمية,عام,القطاع العام,خدمة إلكترونية,2026/06/14,"37,513,954"
الخدمات الرقمية,عام,القطاع العام,خدمة إلكترونية,2026/06/14,"37,516,422"
الخدمات الرقمية,عام,القطاع العام,خدمة إلكترونية,2026/06/14,"37,517,748"
الخدمات الرقمية,عام,القطاع العام,خدمة إلكترونية,2026/06/14,"37,506,574"
الخدمات الرقمية,عام,القطاع العام,خدمة إلكترونية,2026/06/14,"37,519,162"
الخدمات الرقمية,عام,القطاع العام,خدمة إلكترونية,2026/06/14,"37,523,790"
الخدمات الرقمية,عام,القطاع العام,خدمة إلكترونية,2026/06/14,"37,518,487"
الخدمات الرقمية,عام,القطاع العام,خدمة إلكترونية,2026/06/14,"37,507,233"
الخدمات الرقمية,عام,القطاع العام,خدمة إلكترونية,2026/06/14,"37,517,226"
الخدمات الرقمية,عام,القطاع العام,خدمة إلكترونية,2026/06/14,"37,521,323"
الخدمات الرقمية,عام,القطاع العام,خدمة إلكترونية,2026/06/14,"37,520,788"
الخدمات الرقمية,عام,القطاع العام,خدمة إلكترونية,2026/06/14,"37,508,995"
الخدمات الرقمية,عام,القطاع العام,خدمة إلكترونية,2026/06/14,"37,503,263"
الخدمات الرقمية,عام,القطاع العام,خدمة إلكترونية,2026/06/14,"37,507,206"
الخدمات الرقمية,عام,القطاع العام,خدمة إلكترونية,2026/06/14,"37,511,666"
الخدمات الرقمية,عام,القطاع العام,خدمة إلكترونية,2026/06/14,"37,519,796"
الخدمات الرقمية,عام,القطاع العام,خدمة إلكترونية,2026/06/14,"37,523,719"
الخدمات الرقمية,عام,القطاع العام,خدمة إلكترونية,2026/06/14,"37,508,622"
الخدمات الرقمية,عام,القطاع العام,خدمة إلكترونية,2026/06/14,"37,519,286"
الخدمات الرقمية,عام,القطاع العام,خدمة إلكترونية,2026/06/14,"37,520,115"
الخدمات الرقمية,عام,القطاع العام,خدمة إلكترونية,2026/06/14,"37,521,184"
الخدمات الرقمية,عام,القطاع العام,خدمة إلكترونية,2026/06/14,"37,521,274"
الخدمات الرقمية,عام,القطاع العام,خدمة إلكترونية,2026/06/14,"37,515,783"
الخدمات الرقمية,عام,القطاع العام,خدمة إلكترونية,2026/06/14,"37,518,494"
الخدمات الرقمية,عام,القطاع العام,خدمة إلكترونية,2026/06/14,"37,506,786"
الخدمات الرقمية,عام,القطاع العام,خدمة إلكترونية,2026/06/14,"37,518,657"
الخدمات الرقمية,عام,القطاع العام,خدمة إلكترونية,2026/06/14,"37,521,511"
الخدمات الرقمية,عام,القطاع العام,خدمة إلكترونية,2026/06/14,"37,521,654"
الخدمات الرقمية,عام,القطاع العام,خدمة إلكترونية,2026/06/14,"37,521,252"
الخدمات الرقمية,عام,القطاع العام,خدمة إلكترونية,2026/06/14,"37,519,194"
الخدمات الرقمية,عام,القطاع العام,خدمة إلكترونية,2026/06/14,"37,511,077"
الخدمات الرقمية,عام,القطاع العام,خدمة إلكترونية,2026/06/14,"37,521,229"
الخدمات الرقمية,عام,القطاع العام,خدمة إلكترونية,2026/06/14,"37,518,066"
الخدمات الرقمية,عام,القطاع العام,خدمة إلكترونية,2026/06/14,"37,518,228"
الخدمات الرقمية,عام,القطاع العام,خدمة إلكترونية,2026/06/14,"37,510,971"
الخدمات الرقمية,عام,القطاع العام,خدمة إلكترونية,2026/06/14,"37,515,316"
الخدمات الرقمية,عام,القطاع العام,خدمة إلكترونية,2026/06/14,"37,521,275"
الخدمات الرقمية,عام,القطاع العام,خدمة إلكترونية,2026/06/14,"37,513,581"
الخدمات الرقمية,عام,القطاع العام,خدمة إلكترونية,2026/06/14,"37,523,304"
الخدمات الرقمية,عام,القطاع العام,خدمة إلكترونية,2026/06/14,"37,518,137"
الخدمات الرقمية,عام,القطاع العام,خدمة إلكترونية,2026/06/14,"37,521,199"
الخدمات الرقمية,عام,القطاع العام,خدمة إلكترونية,2026/06/14,"37,506,429"
الخدمات الرقمية,عام,القطاع العام,خدمة إلكترونية,2026/06/14,"37,521,896"
الخدمات الرقمية,عام,القطاع العام,خدمة إلكترونية,2026/06/14,"37,521,731"
الخدمات الرقمية,عام,القطاع العام,خدمة إلكترونية,2026/06/14,"37,508,936"
الخدمات الرقمية,عام,القطاع العام,خدمة إلكترونية,2026/06/14,"37,511,289"
الخدمات الرقمية,عام,القطاع العام,خدمة إلكترونية,2026/06/14,"37,520,769"
الخدمات الرقمية,عام,القطاع العام,خدمة إلكترونية,2026/06/14,"37,521,176"
الخدمات الرقمية,عام,القطاع العام,خدمة إلكترونية,2026/06/14,"37,515,022"
الخدمات الرقمية,عام,القطاع العام,خدمة إلكترونية,2026/06/14,"37,521,465"
الخدمات الرقمية,عام,القطاع العام,خدمة إلكترونية,2026/06/14,"37,518,529"
الخدمات الرقمية,عام,القطاع العام,خدمة إلكترونية,2026/06/14,"37,512,113"
الخدمات الرقمية,عام,القطاع العام,خدمة إلكترونية,2026/06/14,"37,519,306"
الخدمات الرقمية,عام,القطاع العام,خدمة إلكترونية,2026/06/14,"37,515,508"
الخدمات الرقمية,عام,القطاع العام,خدمة إلكترونية,2026/06/14,"37,519,127"
الخدمات الرقمية,عام,القطاع العام,خدمة إلكترونية,2026/06/14,"37,511,166"
الخدمات الرقمية,عام,القطاع العام,خدمة إلكترونية,2026/06/14,"37,516,064"
الخدمات الرقمية,عام,القطاع العام,خدمة إلكترونية,2026/06/14,"37,518,427"
الخدمات الرقمية,عام,القطاع العام,خدمة إلكترونية,2026/06/14,"37,518,358"
الخدمات الرقمية,عام,القطاع العام,خدمة إلكترونية,2026/06/14,"37,518,591"
الخدمات الرقمية,عام,القطاع العام,خدمة إلكترونية,2026/06/14,"37,506,865"
الخدمات الرقمية,عام,القطاع العام,خدمة إلكترونية,2026/06/14,"37,519,083"
الخدمات الرقمية,عام,القطاع العام,خدمة إلكترونية,2026/06/14,"37,506,415"
الخدمات الرقمية,عام,القطاع العام,خدمة إلكترونية,2026/06/14,"37,519,311"
الخدمات الرقمية,عام,القطاع العام,خدمة إلكترونية,2026/06/14,"37,521,558"
الخدمات الرقمية,عام,القطاع العام,خدمة إلكترونية,2026/06/14,"37,523,185"
الخدمات الرقمية,عام,القطاع العام,خدمة إلكترونية,2026/06/14,"37,523,520"
الخدمات الرقمية,عام,القطاع العام,خدمة إلكترونية,2026/06/14,"37,519,156"
الخدمات الرقمية,عام,القطاع العام,خدمة إلكترونية,2026/06/14,"37,518,776"
الخدمات الرقمية,عام,القطاع العام,خدمة إلكترونية,2026/06/14,"37,523,432"
الخدمات الرقمية,عام,القطاع العام,خدمة إلكترونية,2026/06/14,"37,521,301"
الخدمات الرقمية,عام,القطاع العام,خدمة إلكترونية,2026/06/14,"37,508,394"
الخدمات الرقمية,عام,القطاع العام,خدمة إلكترونية,2026/06/14,"37,518,744"
الخدمات الرقمية,عام,القطاع العام,خدمة إلكترونية,2026/06/14,"37,520,396"
الخدمات الرقمية,عام,القطاع العام,خدمة إلكترونية,2026/06/14,"37,516,283"
الخدمات الرقمية,عام,القطاع العام,خدمة إلكترونية,2026/06/14,"37,517,003"
الخدمات الرقمية,عام,القطاع العام,خدمة إلكترونية,2026/06/14,"37,521,129"
الخدمات الرقمية,عام,القطاع العام,خدمة إلكترونية,2026/06/14,"37,507,544"
الخدمات الرقمية,عام,القطاع العام,خدمة إلكترونية,2026/06/14,"37,506,516"
الخدمات الرقمية,عام,القطاع العام,خدمة إلكترونية,2026/06/14,"37,519,218"
الخدمات الرقمية,عام,القطاع العام,خدمة إلكترونية,2026/06/14,"37,521,607"
الخدمات الرقمية,عام,القطاع العام,خدمة إلكترونية,2026/06/14,"37,516,628"
الخدمات الرقمية,عام,القطاع العام,خدمة إلكترونية,2026/06/14,"37,514,810"
الخدمات الرقمية,عام,القطاع العام,خدمة إلكترونية,2026/06/14,"37,514,024"
الخدمات الرقمية,عام,القطاع العام,خدمة إلكترونية,2026/06/14,"37,519,371"
الخدمات الرقمية,عام,القطاع العام,خدمة إلكترونية,2026/06/14,"37,510,959"
الخدمات الرقمية,عام,القطاع العام,خدمة إلكترونية,2026/06/14,"37,508,631"
الخدمات الرقمية,عام,القطاع العام,خدمة إلكترونية,2026/06/14,"37,513,697"
الخدمات الرقمية,عام,القطاع العام,خدمة إلكترونية,2026/06/14,"37,513,974"
الخدمات الرقمية,عام,القطاع العام,خدمة إلكترونية,2026/06/14,"37,514,224"
الخدمات الرقمية,عام,القطاع العام,خدمة إلكترونية,2026/06/14,"37,513,276"
الخدمات الرقمية,عام,القطاع العام,خدمة إلكترونية,2026/06/14,"37,507,943"
الخدمات الرقمية,عام,القطاع العام,خدمة إلكترونية,2026/06/14,"37,513,973"
الخدمات الرقمية,عام,القطاع العام,خدمة إلكترونية,2026/06/14,"37,516,973"
الخدمات الرقمية,عام,القطاع العام,خدمة إلكترونية,2026/06/14,"37,510,826"
الخدمات الرقمية,عام,القطاع العام,خدمة إلكترونية,2026/06/14,"37,515,814"
الخدمات الرقمية,عام,القطاع العام,خدمة إلكترونية,2026/06/14,"37,513,150"
الخدمات الرقمية,عام,القطاع العام,خدمة إلكترونية,2026/06/14,"37,511,853"
الخدمات الرقمية,عام,القطاع العام,خدمة إلكترونية,2026/06/14,"37,510,636"
الخدمات الرقمية,عام,القطاع العام,خدمة إلكترونية,2026/06/14,"37,513,388"
الخدمات الرقمية,عام,القطاع العام,خدمة إلكترونية,2026/06/14,"37,514,085"
الخدمات الرقمية,عام,القطاع العام,خدمة إلكترونية,2026/06/14,"37,514,790"
الخدمات الرقمية,عام,القطاع العام,خدمة إلكترونية,2026/06/14,"37,509,349"
الخدمات الرقمية,عام,القطاع العام,خدمة إلكترونية,2026/06/14,"37,510,819"
الخدمات الرقمية,عام,القطاع العام,خدمة إلكترونية,2026/06/14,"37,516,974"
الخدمات الرقمية,عام,القطاع العام,خدمة إلكترونية,2026/06/14,"37,510,637"
الخدمات الرقمية,عام,القطاع العام,خدمة إلكترونية,2026/06/14,"37,510,521"
الخدمات الرقمية,عام,القطاع العام,خدمة إلكترونية,2026/06/14,"37,510,980"
الخدمات الرقمية,عام,القطاع العام,خدمة إلكترونية,2026/06/14,"37,511,861"
الخدمات الرقمية,عام,القطاع العام,خدمة إلكترونية,2026/06/14,"37,506,683"
الخدمات الرقمية,عام,القطاع العام,خدمة إلكترونية,2026/06/14,"37,513,846"
الخدمات الرقمية,عام,القطاع العام,خدمة إلكترونية,2026/06/14,"37,510,817"
الخدمات الرقمية,عام,القطاع العام,خدمة إلكترونية,2026/06/14,"37,506,684"
الخدمات الرقمية,عام,القطاع العام,خدمة إلكترونية,2026/06/14,"37,510,359"
الخدمات الرقمية,عام,القطاع العام,خدمة إلكترونية,2026/06/14,"37,510,828"
الخدمات الرقمية,عام,القطاع العام,خدمة إلكترونية,2026/06/14,"37,515,812"
الخدمات الرقمية,عام,القطاع العام,خدمة إلكترونية,2026/06/14,"37,511,855"
الخدمات الرقمية,عام,القطاع العام,خدمة إلكترونية,2026/06/14,"37,514,218"
الخدمات الرقمية,عام,القطاع العام,خدمة إلكترونية,2026/06/14,"37,508,509"
 مكة المكرمه,مكة المكرمة,القطاع الخاص,خدمة إلكترونية جزئيا,2026/06/15,"37,536,522"
 الشرقية,الدمام,القطاع الخاص,خدمة إلكترونية جزئيا,2026/06/15,"37,543,410"
 الرياض,الرياض,القطاع الخاص,خدمة إلكترونية جزئيا,2026/06/15,"37,529,145"
 عسير,ابها,القطاع الخاص,خدمة إلكترونية جزئيا,2026/06/15,"37,533,249"
 مكة المكرمه,جده,القطاع الخاص,خدمة إلكترونية جزئيا,2026/06/15,"37,534,502"
 مكة المكرمه,مكة المكرمة,القطاع الخاص,خدمة إلكترونية جزئيا,2026/06/15,"37,536,020"
 الرياض,الرياض,القطاع الخاص,خدمة إلكترونية جزئيا,2026/06/15,"37,535,906"
 الشرقية,الدمام,القطاع الخاص,خدمة إلكترونية جزئيا,2026/06/15,"37,534,839"
 عسير,ابها,القطاع الخاص,خدمة إلكترونية جزئيا,2026/06/15,"37,532,093"
 مكة المكرمه,جده,القطاع الخاص,خدمة إلكترونية جزئيا,2026/06/15,"37,533,319"
 الرياض,الرياض,القطاع الخاص,خدمة إلكترونية جزئيا,2026/06/15,"37,528,714"
الخدمات الرقمية,عام,القطاع العام,خدمة إلكترونية,2026/06/15,"37,528,021"
الخدمات الرقمية,عام,القطاع العام,خدمة إلكترونية,2026/06/15,"37,532,399"
الخدمات الرقمية,عام,القطاع العام,خدمة إلكترونية,2026/06/15,"37,535,294"
الخدمات الرقمية,عام,القطاع العام,خدمة إلكترونية,2026/06/15,"37,532,585"
الخدمات الرقمية,عام,القطاع العام,خدمة إلكترونية,2026/06/15,"37,533,195"
الخدمات الرقمية,عام,القطاع العام,خدمة إلكترونية,2026/06/15,"37,536,242"
الخدمات الرقمية,عام,القطاع العام,خدمة إلكترونية,2026/06/15,"37,527,948"
الخدمات الرقمية,عام,القطاع العام,خدمة إلكترونية,2026/06/15,"37,532,612"
الخدمات الرقمية,عام,القطاع العام,خدمة إلكترونية,2026/06/15,"37,532,883"
الخدمات الرقمية,عام,القطاع العام,خدمة إلكترونية,2026/06/15,"37,533,102"
الخدمات الرقمية,عام,القطاع العام,خدمة إلكترونية,2026/06/15,"37,535,838"
الخدمات الرقمية,عام,القطاع العام,خدمة إلكترونية,2026/06/15,"37,537,679"
الخدمات الرقمية,عام,القطاع العام,خدمة إلكترونية,2026/06/15,"37,532,340"
الخدمات الرقمية,عام,القطاع العام,خدمة إلكترونية,2026/06/15,"37,530,315"
الخدمات الرقمية,عام,القطاع العام,خدمة إلكترونية,2026/06/15,"37,532,925"
الخدمات الرقمية,عام,القطاع العام,خدمة إلكترونية,2026/06/15,"37,532,524"
الخدمات الرقمية,عام,القطاع العام,خدمة إلكترونية,2026/06/15,"37,528,052"
الخدمات الرقمية,عام,القطاع العام,خدمة إلكترونية,2026/06/15,"37,537,069"
الخدمات الرقمية,عام,القطاع العام,خدمة إلكترونية,2026/06/15,"37,529,410"
الخدمات الرقمية,عام,القطاع العام,خدمة إلكترونية,2026/06/15,"37,537,630"
الخدمات الرقمية,عام,القطاع العام,خدمة إلكترونية,2026/06/15,"37,536,412"
الخدمات الرقمية,عام,القطاع العام,خدمة إلكترونية,2026/06/15,"37,537,301"
الخدمات الرقمية,عام,القطاع العام,خدمة إلكترونية,2026/06/15,"37,532,448"
الخدمات الرقمية,عام,القطاع العام,خدمة إلكترونية,2026/06/15,"37,535,768"
الخدمات الرقمية,عام,القطاع العام,خدمة إلكترونية,2026/06/15,"37,540,334"
الخدمات الرقمية,عام,القطاع العام,خدمة إلكترونية,2026/06/15,"37,530,292"
الخدمات الرقمية,عام,القطاع العام,خدمة إلكترونية,2026/06/15,"37,530,975"
الخدمات الرقمية,عام,القطاع العام,خدمة إلكترونية,2026/06/15,"37,531,782"
الخدمات الرقمية,عام,القطاع العام,خدمة إلكترونية,2026/06/15,"37,531,150"
الخدمات الرقمية,عام,القطاع العام,خدمة إلكترونية,2026/06/15,"37,533,376"
الخدمات الرقمية,عام,القطاع العام,خدمة إلكترونية,2026/06/15,"37,536,349"
الخدمات الرقمية,عام,القطاع العام,خدمة إلكترونية,2026/06/15,"37,531,038"
الخدمات الرقمية,عام,القطاع العام,خدمة إلكترونية,2026/06/15,"37,530,022"
الخدمات الرقمية,عام,القطاع العام,خدمة إلكترونية,2026/06/15,"37,532,700"
الخدمات الرقمية,عام,القطاع العام,خدمة إلكترونية,2026/06/15,"37,530,928"
الخدمات الرقمية,عام,القطاع العام,خدمة إلكترونية,2026/06/15,"37,532,990"
الخدمات الرقمية,عام,القطاع العام,خدمة إلكترونية,2026/06/15,"37,533,297"
الخدمات الرقمية,عام,القطاع العام,خدمة إلكترونية,2026/06/15,"37,532,773"
الخدمات الرقمية,عام,القطاع العام,خدمة إلكترونية,2026/06/15,"37,535,736"
الخدمات الرقمية,عام,القطاع العام,خدمة إلكترونية,2026/06/15,"37,537,586"
الخدمات الرقمية,عام,القطاع العام,خدمة إلكترونية,2026/06/15,"37,532,681"
الخدمات الرقمية,عام,القطاع العام,خدمة إلكترونية,2026/06/15,"37,532,878"
الخدمات الرقمية,عام,القطاع العام,خدمة إلكترونية,2026/06/15,"37,533,049"
الخدمات الرقمية,عام,القطاع العام,خدمة إلكترونية,2026/06/15,"37,533,209"
الخدمات الرقمية,عام,القطاع العام,خدمة إلكترونية,2026/06/15,"37,533,631"
الخدمات الرقمية,عام,القطاع العام,خدمة إلكترونية,2026/06/15,"37,534,351"
الخدمات الرقمية,عام,القطاع العام,خدمة إلكترونية,2026/06/15,"37,537,783"
الخدمات الرقمية,عام,القطاع العام,خدمة إلكترونية,2026/06/15,"37,529,297"
الخدمات الرقمية,عام,القطاع العام,خدمة إلكترونية,2026/06/15,"37,529,209"
الخدمات الرقمية,عام,القطاع العام,خدمة إلكترونية,2026/06/15,"37,537,095"
الخدمات الرقمية,عام,القطاع العام,خدمة إلكترونية,2026/06/15,"37,535,622"
الخدمات الرقمية,عام,القطاع العام,خدمة إلكترونية,2026/06/15,"37,537,722"
الخدمات الرقمية,عام,القطاع العام,خدمة إلكترونية,2026/06/15,"37,529,505"
الخدمات الرقمية,عام,القطاع العام,خدمة إلكترونية,2026/06/15,"37,531,254"
الخدمات الرقمية,عام,القطاع العام,خدمة إلكترونية,2026/06/15,"37,533,797"
الخدمات الرقمية,عام,القطاع العام,خدمة إلكترونية,2026/06/15,"37,531,345"
الخدمات الرقمية,عام,القطاع العام,خدمة إلكترونية,2026/06/15,"37,529,371"
الخدمات الرقمية,عام,القطاع العام,خدمة إلكترونية,2026/06/15,"37,535,835"
الخدمات الرقمية,عام,القطاع العام,خدمة إلكترونية,2026/06/15,"37,535,709"
الخدمات الرقمية,عام,القطاع العام,خدمة إلكترونية,2026/06/15,"37,532,588"
الخدمات الرقمية,عام,القطاع العام,خدمة إلكترونية,2026/06/15,"37,540,205"
الخدمات الرقمية,عام,القطاع العام,خدمة إلكترونية,2026/06/15,"37,528,511"
الخدمات الرقمية,عام,القطاع العام,خدمة إلكترونية,2026/06/15,"37,533,783"
الخدمات الرقمية,عام,القطاع العام,خدمة إلكترونية,2026/06/15,"37,537,313"
الخدمات الرقمية,عام,القطاع العام,خدمة إلكترونية,2026/06/15,"37,532,202"
الخدمات الرقمية,عام,القطاع العام,خدمة إلكترونية,2026/06/15,"37,535,417"
الخدمات الرقمية,عام,القطاع العام,خدمة إلكترونية,2026/06/15,"37,529,036"
الخدمات الرقمية,عام,القطاع العام,خدمة إلكترونية,2026/06/15,"37,528,631"
الخدمات الرقمية,عام,القطاع العام,خدمة إلكترونية,2026/06/15,"37,527,807"
الخدمات الرقمية,عام,القطاع العام,خدمة إلكترونية,2026/06/15,"37,527,939"
الخدمات الرقمية,عام,القطاع العام,خدمة إلكترونية,2026/06/15,"37,532,638"
الخدمات الرقمية,عام,القطاع العام,خدمة إلكترونية,2026/06/15,"37,537,158"
الخدمات الرقمية,عام,القطاع العام,خدمة إلكترونية,2026/06/15,"37,529,743"
الخدمات الرقمية,عام,القطاع العام,خدمة إلكترونية,2026/06/15,"37,530,321"
الخدمات الرقمية,عام,القطاع العام,خدمة إلكترونية,2026/06/15,"37,527,206"
الخدمات الرقمية,عام,القطاع العام,خدمة إلكترونية,2026/06/15,"37,532,080"
الخدمات الرقمية,عام,القطاع العام,خدمة إلكترونية,2026/06/15,"37,541,619"
الخدمات الرقمية,عام,القطاع العام,خدمة إلكترونية,2026/06/15,"37,541,643"
الخدمات الرقمية,عام,القطاع العام,خدمة إلكترونية,2026/06/15,"37,530,059"
الخدمات الرقمية,عام,القطاع العام,خدمة إلكترونية,2026/06/15,"37,532,204"
الخدمات الرقمية,عام,القطاع العام,خدمة إلكترونية,2026/06/15,"37,527,203"
الخدمات الرقمية,عام,القطاع العام,خدمة إلكترونية,2026/06/15,"37,534,910"
الخدمات الرقمية,عام,القطاع العام,خدمة إلكترونية,2026/06/15,"37,530,885"
الخدمات الرقمية,عام,القطاع العام,خدمة إلكترونية,2026/06/15,"37,527,592"
الخدمات الرقمية,عام,القطاع العام,خدمة إلكترونية,2026/06/15,"37,541,668"
الخدمات الرقمية,عام,القطاع العام,خدمة إلكترونية,2026/06/15,"37,528,181"
الخدمات الرقمية,عام,القطاع العام,خدمة إلكترونية,2026/06/15,"37,530,936"
الخدمات الرقمية,عام,القطاع العام,خدمة إلكترونية,2026/06/15,"37,533,198"
الخدمات الرقمية,عام,القطاع العام,خدمة إلكترونية,2026/06/15,"37,541,664"
الخدمات الرقمية,عام,القطاع العام,خدمة إلكترونية,2026/06/15,"37,530,058"
الخدمات الرقمية,عام,القطاع العام,خدمة إلكترونية,2026/06/15,"37,528,180"
الخدمات الرقمية,عام,القطاع العام,خدمة إلكترونية,2026/06/15,"37,532,662"
الخدمات الرقمية,عام,القطاع العام,خدمة إلكترونية,2026/06/15,"37,541,736"
الخدمات الرقمية,عام,القطاع العام,خدمة إلكترونية,2026/06/15,"37,532,996"
الخدمات الرقمية,عام,القطاع العام,خدمة إلكترونية,2026/06/15,"37,535,427"
الخدمات الرقمية,عام,القطاع العام,خدمة إلكترونية,2026/06/15,"37,533,101"
الخدمات الرقمية,عام,القطاع العام,خدمة إلكترونية,2026/06/15,"37,533,720"
الخدمات الرقمية,عام,القطاع العام,خدمة إلكترونية,2026/06/15,"37,536,896"
الخدمات الرقمية,عام,القطاع العام,خدمة إلكترونية,2026/06/15,"37,529,168"
الخدمات الرقمية,عام,القطاع العام,خدمة إلكترونية,2026/06/15,"37,537,025"
الخدمات الرقمية,عام,القطاع العام,خدمة إلكترونية,2026/06/15,"37,537,156"
الخدمات الرقمية,عام,القطاع العام,خدمة إلكترونية,2026/06/15,"37,541,671"
الخدمات الرقمية,عام,القطاع العام,خدمة إلكترونية,2026/06/15,"37,534,368"
الخدمات الرقمية,عام,القطاع العام,خدمة إلكترونية,2026/06/15,"37,534,722"
الخدمات الرقمية,عام,القطاع العام,خدمة إلكترونية,2026/06/15,"37,534,895"
الخدمات الرقمية,عام,القطاع العام,خدمة إلكترونية,2026/06/15,"37,541,616"
الخدمات الرقمية,عام,القطاع العام,خدمة إلكترونية,2026/06/15,"37,527,189"
الخدمات الرقمية,عام,القطاع العام,خدمة إلكترونية,2026/06/15,"37,527,205"
الخدمات الرقمية,عام,القطاع العام,خدمة إلكترونية,2026/06/15,"37,541,735"
الخدمات الرقمية,عام,القطاع العام,خدمة إلكترونية,2026/06/15,"37,532,909"
الخدمات الرقمية,عام,القطاع العام,خدمة إلكترونية,2026/06/15,"37,541,717"
الخدمات الرقمية,عام,القطاع العام,خدمة إلكترونية,2026/06/15,"37,527,819"
الخدمات الرقمية,عام,القطاع العام,خدمة إلكترونية,2026/06/15,"37,530,957"
 مكة المكرمه,مكة المكرمة,القطاع الخاص,خدمة إلكترونية جزئيا,2026/06/15,"37,535,697"
 عسير,ابها,القطاع الخاص,خدمة إلكترونية جزئيا,2026/06/15,"37,531,900"
 عسير,ابها,القطاع الخاص,خدمة إلكترونية جزئيا,2026/06/15,"37,533,134"
 الشرقية,الدمام,القطاع الخاص,خدمة إلكترونية جزئيا,2026/06/15,"37,534,468"
 الرياض,الرياض,القطاع الخاص,خدمة إلكترونية جزئيا,2026/06/15,"37,535,815"
 الرياض,الرياض,القطاع الخاص,خدمة إلكترونية جزئيا,2026/06/15,"37,535,839"
 الرياض,الرياض,القطاع الخاص,خدمة إلكترونية جزئيا,2026/06/15,"37,533,203"
 الرياض,الرياض,القطاع الخاص,خدمة إلكترونية جزئيا,2026/06/15,"37,533,058"
 الرياض,الرياض,القطاع الخاص,خدمة إلكترونية جزئيا,2026/06/15,"37,532,942"
الخدمات الرقمية,عام,القطاع العام,خدمة إلكترونية,2026/06/16,"37,564,912"
 الرياض,الرياض,القطاع الخاص,خدمة إلكترونية جزئيا,2026/06/16,"37,558,984"
 الرياض,الرياض,القطاع الخاص,خدمة إلكترونية جزئيا,2026/06/16,"37,558,339"
 الرياض,الرياض,القطاع الخاص,خدمة إلكترونية جزئيا,2026/06/16,"37,565,507"
 مكة المكرمه,مكة المكرمة,القطاع الخاص,خدمة إلكترونية جزئيا,2026/06/16,"37,571,673"
 الرياض,الرياض,القطاع الخاص,خدمة إلكترونية جزئيا,2026/06/16,"37,558,245"
 الرياض,الرياض,القطاع الخاص,خدمة إلكترونية جزئيا,2026/06/16,"37,563,851"
 الرياض,الرياض,القطاع الخاص,خدمة إلكترونية جزئيا,2026/06/16,"37,560,242"
 مكة المكرمه,مكة المكرمة,القطاع الخاص,خدمة إلكترونية جزئيا,2026/06/16,"37,574,756"
 الشرقية,الدمام,القطاع الخاص,خدمة إلكترونية جزئيا,2026/06/16,"37,569,799"
الخدمات الرقمية,عام,القطاع العام,خدمة إلكترونية,2026/06/16,"37,556,007"
الخدمات الرقمية,عام,القطاع العام,خدمة إلكترونية,2026/06/16,"37,556,474"
الخدمات الرقمية,عام,القطاع العام,خدمة إلكترونية,2026/06/16,"37,549,415"
الخدمات الرقمية,عام,القطاع العام,خدمة إلكترونية,2026/06/16,"37,556,495"
الخدمات الرقمية,عام,القطاع العام,خدمة إلكترونية,2026/06/16,"37,557,145"
الخدمات الرقمية,عام,القطاع العام,خدمة إلكترونية,2026/06/16,"37,556,719"
الخدمات الرقمية,عام,القطاع العام,خدمة إلكترونية,2026/06/16,"37,557,689"
الخدمات الرقمية,عام,القطاع العام,خدمة إلكترونية,2026/06/16,"37,563,810"
الخدمات الرقمية,عام,القطاع العام,خدمة إلكترونية,2026/06/16,"37,564,921"
الخدمات الرقمية,عام,القطاع العام,خدمة إلكترونية,2026/06/16,"37,565,892"
الخدمات الرقمية,عام,القطاع العام,خدمة إلكترونية,2026/06/16,"37,565,573"
الخدمات الرقمية,عام,القطاع العام,خدمة إلكترونية,2026/06/16,"37,560,417"
الخدمات الرقمية,عام,القطاع العام,خدمة إلكترونية,2026/06/16,"37,561,411"
الخدمات الرقمية,عام,القطاع العام,خدمة إلكترونية,2026/06/16,"37,565,934"
الخدمات الرقمية,عام,القطاع العام,خدمة إلكترونية,2026/06/16,"37,565,771"
الخدمات الرقمية,عام,القطاع العام,خدمة إلكترونية,2026/06/16,"37,561,309"
الخدمات الرقمية,عام,القطاع العام,خدمة إلكترونية,2026/06/16,"37,568,190"
الخدمات الرقمية,عام,القطاع العام,خدمة إلكترونية,2026/06/16,"37,570,128"
الخدمات الرقمية,عام,القطاع العام,خدمة إلكترونية,2026/06/16,"37,565,846"
الخدمات الرقمية,عام,القطاع العام,خدمة إلكترونية,2026/06/16,"37,565,253"
الخدمات الرقمية,عام,القطاع العام,خدمة إلكترونية,2026/06/16,"37,565,670"
الخدمات الرقمية,عام,القطاع العام,خدمة إلكترونية,2026/06/16,"37,565,395"
الخدمات الرقمية,عام,القطاع العام,خدمة إلكترونية,2026/06/16,"37,575,376"
الخدمات الرقمية,عام,القطاع العام,خدمة إلكترونية,2026/06/16,"37,575,410"
الخدمات الرقمية,عام,القطاع العام,خدمة إلكترونية,2026/06/16,"37,566,125"
الخدمات الرقمية,عام,القطاع العام,خدمة إلكترونية,2026/06/16,"37,560,042"
الخدمات الرقمية,عام,القطاع العام,خدمة إلكترونية,2026/06/16,"37,575,401"
الخدمات الرقمية,عام,القطاع العام,خدمة إلكترونية,2026/06/16,"37,577,043"
الخدمات الرقمية,عام,القطاع العام,خدمة إلكترونية,2026/06/16,"37,557,735"
الخدمات الرقمية,عام,القطاع العام,خدمة إلكترونية,2026/06/16,"37,567,239"
الخدمات الرقمية,عام,القطاع العام,خدمة إلكترونية,2026/06/16,"37,569,527"
الخدمات الرقمية,عام,القطاع العام,خدمة إلكترونية,2026/06/16,"37,566,195"
الخدمات الرقمية,عام,القطاع العام,خدمة إلكترونية,2026/06/16,"37,565,317"
الخدمات الرقمية,عام,القطاع العام,خدمة إلكترونية,2026/06/16,"37,565,258"
الخدمات الرقمية,عام,القطاع العام,خدمة إلكترونية,2026/06/16,"37,565,477"
الخدمات الرقمية,عام,القطاع العام,خدمة إلكترونية,2026/06/16,"37,565,743"
الخدمات الرقمية,عام,القطاع العام,خدمة إلكترونية,2026/06/16,"37,566,030"
الخدمات الرقمية,عام,القطاع العام,خدمة إلكترونية,2026/06/16,"37,578,054"
الخدمات الرقمية,عام,القطاع العام,خدمة إلكترونية,2026/06/16,"37,551,492"
الخدمات الرقمية,عام,القطاع العام,خدمة إلكترونية,2026/06/16,"37,551,227"
الخدمات الرقمية,عام,القطاع العام,خدمة إلكترونية,2026/06/16,"37,560,120"
الخدمات الرقمية,عام,القطاع العام,خدمة إلكترونية,2026/06/16,"37,560,639"
الخدمات الرقمية,عام,القطاع العام,خدمة إلكترونية,2026/06/16,"37,562,457"
الخدمات الرقمية,عام,القطاع العام,خدمة إلكترونية,2026/06/16,"37,562,623"
الخدمات الرقمية,عام,القطاع العام,خدمة إلكترونية,2026/06/16,"37,562,769"
الخدمات الرقمية,عام,القطاع العام,خدمة إلكترونية,2026/06/16,"37,562,903"
الخدمات الرقمية,عام,القطاع العام,خدمة إلكترونية,2026/06/16,"37,570,144"
الخدمات الرقمية,عام,القطاع العام,خدمة إلكترونية,2026/06/16,"37,574,938"
الخدمات الرقمية,عام,القطاع العام,خدمة إلكترونية,2026/06/16,"37,575,983"
الخدمات الرقمية,عام,القطاع العام,خدمة إلكترونية,2026/06/16,"37,551,086"
الخدمات الرقمية,عام,القطاع العام,خدمة إلكترونية,2026/06/16,"37,570,643"
الخدمات الرقمية,عام,القطاع العام,خدمة إلكترونية,2026/06/16,"37,562,702"
الخدمات الرقمية,عام,القطاع العام,خدمة إلكترونية,2026/06/16,"37,556,013"
الخدمات الرقمية,عام,القطاع العام,خدمة إلكترونية,2026/06/16,"37,560,028"
الخدمات الرقمية,عام,القطاع العام,خدمة إلكترونية,2026/06/16,"37,562,100"
الخدمات الرقمية,عام,القطاع العام,خدمة إلكترونية,2026/06/16,"37,563,250"
الخدمات الرقمية,عام,القطاع العام,خدمة إلكترونية,2026/06/16,"37,564,697"
الخدمات الرقمية,عام,القطاع العام,خدمة إلكترونية,2026/06/16,"37,562,535"
الخدمات الرقمية,عام,القطاع العام,خدمة إلكترونية,2026/06/16,"37,565,849"
الخدمات الرقمية,عام,القطاع العام,خدمة إلكترونية,2026/06/16,"37,561,432"
الخدمات الرقمية,عام,القطاع العام,خدمة إلكترونية,2026/06/16,"37,564,365"
الخدمات الرقمية,عام,القطاع العام,خدمة إلكترونية,2026/06/16,"37,563,479"
الخدمات الرقمية,عام,القطاع العام,خدمة إلكترونية,2026/06/16,"37,565,232"
الخدمات الرقمية,عام,القطاع العام,خدمة إلكترونية,2026/06/16,"37,567,230"
الخدمات الرقمية,عام,القطاع العام,خدمة إلكترونية,2026/06/16,"37,567,706"
الخدمات الرقمية,عام,القطاع العام,خدمة إلكترونية,2026/06/16,"37,561,721"
الخدمات الرقمية,عام,القطاع العام,خدمة إلكترونية,2026/06/16,"37,566,400"
الخدمات الرقمية,عام,القطاع العام,خدمة إلكترونية,2026/06/16,"37,567,037"
الخدمات الرقمية,عام,القطاع العام,خدمة إلكترونية,2026/06/16,"37,567,708"
الخدمات الرقمية,عام,القطاع العام,خدمة إلكترونية,2026/06/16,"37,567,534"
الخدمات الرقمية,عام,القطاع العام,خدمة إلكترونية,2026/06/16,"37,567,032"
الخدمات الرقمية,عام,القطاع العام,خدمة إلكترونية,2026/06/16,"37,567,995"
الخدمات الرقمية,عام,القطاع العام,خدمة إلكترونية,2026/06/16,"37,562,706"
الخدمات الرقمية,عام,القطاع العام,خدمة إلكترونية,2026/06/16,"37,562,709"
الخدمات الرقمية,عام,القطاع العام,خدمة إلكترونية,2026/06/16,"37,558,953"
الخدمات الرقمية,عام,القطاع العام,خدمة إلكترونية,2026/06/16,"37,563,366"
الخدمات الرقمية,عام,القطاع العام,خدمة إلكترونية,2026/06/16,"37,566,378"
الخدمات الرقمية,عام,القطاع العام,خدمة إلكترونية,2026/06/16,"37,567,536"
الخدمات الرقمية,عام,القطاع العام,خدمة إلكترونية,2026/06/16,"37,564,902"
الخدمات الرقمية,عام,القطاع العام,خدمة إلكترونية,2026/06/16,"37,569,150"
الخدمات الرقمية,عام,القطاع العام,خدمة إلكترونية,2026/06/16,"37,558,543"
الخدمات الرقمية,عام,القطاع العام,خدمة إلكترونية,2026/06/16,"37,565,641"
الخدمات الرقمية,عام,القطاع العام,خدمة إلكترونية,2026/06/16,"37,566,376"
الخدمات الرقمية,عام,القطاع العام,خدمة إلكترونية,2026/06/16,"37,563,912"
الخدمات الرقمية,عام,القطاع العام,خدمة إلكترونية,2026/06/16,"37,567,045"
الخدمات الرقمية,عام,القطاع العام,خدمة إلكترونية,2026/06/16,"37,564,882"
الخدمات الرقمية,عام,القطاع العام,خدمة إلكترونية,2026/06/16,"37,564,357"
الخدمات الرقمية,عام,القطاع العام,خدمة إلكترونية,2026/06/16,"37,568,283"
الخدمات الرقمية,عام,القطاع العام,خدمة إلكترونية,2026/06/16,"37,567,532"
الخدمات الرقمية,عام,القطاع العام,خدمة إلكترونية,2026/06/16,"37,562,823"
الخدمات الرقمية,عام,القطاع العام,خدمة إلكترونية,2026/06/16,"37,562,212"
 حائل,حائل,القطاع الخاص,خدمة إلكترونية جزئيا,2026/06/16,"37,563,459"
 الرياض,الرياض,القطاع الخاص,خدمة إلكترونية جزئيا,2026/06/16,"37,560,154"
 الرياض,الرياض,القطاع الخاص,خدمة إلكترونية جزئيا,2026/06/16,"37,558,323"
 مكة المكرمه,مكة المكرمة,القطاع الخاص,خدمة إلكترونية جزئيا,2026/06/16,"37,574,579"
 مكة المكرمه,مكة المكرمة,القطاع الخاص,خدمة إلكترونية جزئيا,2026/06/16,"37,572,442"
 الشرقية,الدمام,القطاع الخاص,خدمة إلكترونية جزئيا,2026/06/16,"37,569,701"
 الرياض,الرياض,القطاع الخاص,خدمة إلكترونية جزئيا,2026/06/16,"37,560,184"
 الرياض,الرياض,القطاع الخاص,خدمة إلكترونية جزئيا,2026/06/16,"37,558,172"
 الرياض,الرياض,القطاع الخاص,خدمة إلكترونية جزئيا,2026/06/16,"37,558,907"
الخدمات الرقمية,عام,القطاع العام,خدمة إلكترونية,2026/06/17,"37,592,333"
 الرياض,الرياض,القطاع الخاص,خدمة إلكترونية جزئيا,2026/06/17,"37,586,560"
 مكة المكرمه,جده,القطاع الخاص,خدمة إلكترونية جزئيا,2026/06/17,"37,593,697"
 مكة المكرمه,جده,القطاع الخاص,خدمة إلكترونية جزئيا,2026/06/17,"37,591,622"
 مكة المكرمه,جده,القطاع الخاص,خدمة إلكترونية جزئيا,2026/06/17,"37,590,043"
 مكة المكرمه,جده,القطاع الخاص,خدمة إلكترونية جزئيا,2026/06/17,"37,590,344"
 مكة المكرمه,جده,القطاع الخاص,خدمة إلكترونية جزئيا,2026/06/17,"37,590,199"
 حائل,حائل,القطاع الخاص,خدمة إلكترونية جزئيا,2026/06/17,"37,590,915"
 عسير,ابها,القطاع الخاص,خدمة إلكترونية جزئيا,2026/06/17,"37,599,150"
 عسير,ابها,القطاع الخاص,خدمة إلكترونية جزئيا,2026/06/17,"37,596,970"
 مكة المكرمه,جده,القطاع الخاص,خدمة إلكترونية جزئيا,2026/06/17,"37,590,561"
 مكة المكرمه,مكة المكرمة,القطاع الخاص,خدمة إلكترونية جزئيا,2026/06/17,"37,591,733"
 مكة المكرمه,الطائف,القطاع الخاص,خدمة إلكترونية جزئيا,2026/06/17,"37,597,295"
 مكة المكرمه,جده,القطاع الخاص,خدمة إلكترونية جزئيا,2026/06/17,"37,597,654"
 مكة المكرمه,جده,القطاع الخاص,خدمة إلكترونية جزئيا,2026/06/17,"37,589,885"
 عسير,ابها,القطاع الخاص,خدمة إلكترونية جزئيا,2026/06/17,"37,598,202"
الخدمات الرقمية,عام,القطاع العام,خدمة إلكترونية,2026/06/17,"37,585,630"
الخدمات الرقمية,عام,القطاع العام,خدمة إلكترونية,2026/06/17,"37,585,584"
الخدمات الرقمية,عام,القطاع العام,خدمة إلكترونية,2026/06/17,"37,598,878"
الخدمات الرقمية,عام,القطاع العام,خدمة إلكترونية,2026/06/17,"37,588,852"
الخدمات الرقمية,عام,القطاع العام,خدمة إلكترونية,2026/06/17,"37,592,188"
الخدمات الرقمية,عام,القطاع العام,خدمة إلكترونية,2026/06/17,"37,588,342"
الخدمات الرقمية,عام,القطاع العام,خدمة إلكترونية,2026/06/17,"37,585,678"
الخدمات الرقمية,عام,القطاع العام,خدمة إلكترونية,2026/06/17,"37,598,543"
الخدمات الرقمية,عام,القطاع العام,خدمة إلكترونية,2026/06/17,"37,597,758"
الخدمات الرقمية,عام,القطاع العام,خدمة إلكترونية,2026/06/17,"37,604,678"
الخدمات الرقمية,عام,القطاع العام,خدمة إلكترونية,2026/06/17,"37,606,112"
الخدمات الرقمية,عام,القطاع العام,خدمة إلكترونية,2026/06/17,"37,582,593"
الخدمات الرقمية,عام,القطاع العام,خدمة إلكترونية,2026/06/17,"37,597,345"
الخدمات الرقمية,عام,القطاع العام,خدمة إلكترونية,2026/06/17,"37,598,354"
الخدمات الرقمية,عام,القطاع العام,خدمة إلكترونية,2026/06/17,"37,595,918"
الخدمات الرقمية,عام,القطاع العام,خدمة إلكترونية,2026/06/17,"37,595,894"
الخدمات الرقمية,عام,القطاع العام,خدمة إلكترونية,2026/06/17,"37,599,914"
الخدمات الرقمية,عام,القطاع العام,خدمة إلكترونية,2026/06/17,"37,603,238"
الخدمات الرقمية,عام,القطاع العام,خدمة إلكترونية,2026/06/17,"37,597,143"
الخدمات الرقمية,عام,القطاع العام,خدمة إلكترونية,2026/06/17,"37,598,682"
الخدمات الرقمية,عام,القطاع العام,خدمة إلكترونية,2026/06/17,"37,603,123"
الخدمات الرقمية,عام,القطاع العام,خدمة إلكترونية,2026/06/17,"37,597,918"
الخدمات الرقمية,عام,القطاع العام,خدمة إلكترونية,2026/06/17,"37,593,770"
الخدمات الرقمية,عام,القطاع العام,خدمة إلكترونية,2026/06/17,"37,599,723"
الخدمات الرقمية,عام,القطاع العام,خدمة إلكترونية,2026/06/17,"37,603,178"
الخدمات الرقمية,عام,القطاع العام,خدمة إلكترونية,2026/06/17,"37,594,380"
الخدمات الرقمية,عام,القطاع العام,خدمة إلكترونية,2026/06/17,"37,596,862"
الخدمات الرقمية,عام,القطاع العام,خدمة إلكترونية,2026/06/17,"37,603,340"
الخدمات الرقمية,عام,القطاع العام,خدمة إلكترونية,2026/06/17,"37,587,790"
الخدمات الرقمية,عام,القطاع العام,خدمة إلكترونية,2026/06/17,"37,597,686"
الخدمات الرقمية,عام,القطاع العام,خدمة إلكترونية,2026/06/17,"37,607,107"
الخدمات الرقمية,عام,القطاع العام,خدمة إلكترونية,2026/06/17,"37,585,032"
الخدمات الرقمية,عام,القطاع العام,خدمة إلكترونية,2026/06/17,"37,597,894"
الخدمات الرقمية,عام,القطاع العام,خدمة إلكترونية,2026/06/17,"37,600,724"
الخدمات الرقمية,عام,القطاع العام,خدمة إلكترونية,2026/06/17,"37,589,986"
الخدمات الرقمية,عام,القطاع العام,خدمة إلكترونية,2026/06/17,"37,590,987"
الخدمات الرقمية,عام,القطاع العام,خدمة إلكترونية,2026/06/17,"37,588,732"
الخدمات الرقمية,عام,القطاع العام,خدمة إلكترونية,2026/06/17,"37,599,371"
الخدمات الرقمية,عام,القطاع العام,خدمة إلكترونية,2026/06/17,"37,601,741"
الخدمات الرقمية,عام,القطاع العام,خدمة إلكترونية,2026/06/17,"37,592,489"
الخدمات الرقمية,عام,القطاع العام,خدمة إلكترونية,2026/06/17,"37,597,076"
الخدمات الرقمية,عام,القطاع العام,خدمة إلكترونية,2026/06/17,"37,595,901"
الخدمات الرقمية,عام,القطاع العام,خدمة إلكترونية,2026/06/17,"37,588,902"
الخدمات الرقمية,عام,القطاع العام,خدمة إلكترونية,2026/06/17,"37,589,861"
الخدمات الرقمية,عام,القطاع العام,خدمة إلكترونية,2026/06/17,"37,598,433"
الخدمات الرقمية,عام,القطاع العام,خدمة إلكترونية,2026/06/17,"37,582,523"
الخدمات الرقمية,عام,القطاع العام,خدمة إلكترونية,2026/06/17,"37,582,426"
الخدمات الرقمية,عام,القطاع العام,خدمة إلكترونية,2026/06/17,"37,600,902"
الخدمات الرقمية,عام,القطاع العام,خدمة إلكترونية,2026/06/17,"37,604,992"
الخدمات الرقمية,عام,القطاع العام,خدمة إلكترونية,2026/06/17,"37,605,556"
الخدمات الرقمية,عام,القطاع العام,خدمة إلكترونية,2026/06/17,"37,602,965"
الخدمات الرقمية,عام,القطاع العام,خدمة إلكترونية,2026/06/17,"37,603,461"
الخدمات الرقمية,عام,القطاع العام,خدمة إلكترونية,2026/06/17,"37,605,605"
الخدمات الرقمية,عام,القطاع العام,خدمة إلكترونية,2026/06/17,"37,589,562"
الخدمات الرقمية,عام,القطاع العام,خدمة إلكترونية,2026/06/17,"37,592,393"
الخدمات الرقمية,عام,القطاع العام,خدمة إلكترونية,2026/06/17,"37,605,542"
الخدمات الرقمية,عام,القطاع العام,خدمة إلكترونية,2026/06/17,"37,596,453"
الخدمات الرقمية,عام,القطاع العام,خدمة إلكترونية,2026/06/17,"37,598,678"
الخدمات الرقمية,عام,القطاع العام,خدمة إلكترونية,2026/06/17,"37,601,494"
الخدمات الرقمية,عام,القطاع العام,خدمة إلكترونية,2026/06/17,"37,592,118"
الخدمات الرقمية,عام,القطاع العام,خدمة إلكترونية,2026/06/17,"37,602,941"
الخدمات الرقمية,عام,القطاع العام,خدمة إلكترونية,2026/06/17,"37,603,400"
الخدمات الرقمية,عام,القطاع العام,خدمة إلكترونية,2026/06/17,"37,596,439"
الخدمات الرقمية,عام,القطاع العام,خدمة إلكترونية,2026/06/17,"37,593,212"
الخدمات الرقمية,عام,القطاع العام,خدمة إلكترونية,2026/06/17,"37,598,072"
الخدمات الرقمية,عام,القطاع العام,خدمة إلكترونية,2026/06/17,"37,596,182"
الخدمات الرقمية,عام,القطاع العام,خدمة إلكترونية,2026/06/17,"37,595,357"
الخدمات الرقمية,عام,القطاع العام,خدمة إلكترونية,2026/06/17,"37,606,962"
الخدمات الرقمية,عام,القطاع العام,خدمة إلكترونية,2026/06/17,"37,605,054"
الخدمات الرقمية,عام,القطاع العام,خدمة إلكترونية,2026/06/17,"37,594,114"
الخدمات الرقمية,عام,القطاع العام,خدمة إلكترونية,2026/06/17,"37,605,174"
الخدمات الرقمية,عام,القطاع العام,خدمة إلكترونية,2026/06/17,"37,604,920"
الخدمات الرقمية,عام,القطاع العام,خدمة إلكترونية,2026/06/17,"37,584,353"
الخدمات الرقمية,عام,القطاع العام,خدمة إلكترونية,2026/06/17,"37,584,539"
الخدمات الرقمية,عام,القطاع العام,خدمة إلكترونية,2026/06/17,"37,584,620"
الخدمات الرقمية,عام,القطاع العام,خدمة إلكترونية,2026/06/17,"37,584,360"
الخدمات الرقمية,عام,القطاع العام,خدمة إلكترونية,2026/06/17,"37,584,517"
الخدمات الرقمية,عام,القطاع العام,خدمة إلكترونية,2026/06/17,"37,584,415"
الخدمات الرقمية,عام,القطاع العام,خدمة إلكترونية,2026/06/17,"37,584,579"
الخدمات الرقمية,عام,القطاع العام,خدمة إلكترونية,2026/06/17,"37,584,448"
الخدمات الرقمية,عام,القطاع العام,خدمة إلكترونية,2026/06/17,"37,584,350"
الخدمات الرقمية,عام,القطاع العام,خدمة إلكترونية,2026/06/17,"37,584,503"
الخدمات الرقمية,عام,القطاع العام,خدمة إلكترونية,2026/06/17,"37,584,361"
الخدمات الرقمية,عام,القطاع العام,خدمة إلكترونية,2026/06/17,"37,584,478"
الخدمات الرقمية,عام,القطاع العام,خدمة إلكترونية,2026/06/17,"37,584,458"
الخدمات الرقمية,عام,القطاع العام,خدمة إلكترونية,2026/06/17,"37,584,629"
الخدمات الرقمية,عام,القطاع العام,خدمة إلكترونية,2026/06/17,"37,584,589"
الخدمات الرقمية,عام,القطاع العام,خدمة إلكترونية,2026/06/17,"37,584,390"
الخدمات الرقمية,عام,القطاع العام,خدمة إلكترونية,2026/06/17,"37,588,705"
الخدمات الرقمية,عام,القطاع العام,خدمة إلكترونية,2026/06/17,"37,596,433"
الخدمات الرقمية,عام,القطاع العام,خدمة إلكترونية,2026/06/17,"37,592,355"
الخدمات الرقمية,عام,القطاع العام,خدمة إلكترونية,2026/06/17,"37,592,619"
الخدمات الرقمية,عام,القطاع العام,خدمة إلكترونية,2026/06/17,"37,592,147"
الخدمات الرقمية,عام,القطاع العام,خدمة إلكترونية,2026/06/17,"37,592,500"
الخدمات الرقمية,عام,القطاع العام,خدمة إلكترونية,2026/06/17,"37,597,448"
الخدمات الرقمية,عام,القطاع العام,خدمة إلكترونية,2026/06/17,"37,591,042"
الخدمات الرقمية,عام,القطاع العام,خدمة إلكترونية,2026/06/17,"37,591,205"
الخدمات الرقمية,عام,القطاع العام,خدمة إلكترونية,2026/06/17,"37,591,439"
الخدمات الرقمية,عام,القطاع العام,خدمة إلكترونية,2026/06/17,"37,588,591"
الخدمات الرقمية,عام,القطاع العام,خدمة إلكترونية,2026/06/17,"37,588,757"
الخدمات الرقمية,عام,القطاع العام,خدمة إلكترونية,2026/06/17,"37,598,185"
الخدمات الرقمية,عام,القطاع العام,خدمة إلكترونية,2026/06/17,"37,599,323"
الخدمات الرقمية,عام,القطاع العام,خدمة إلكترونية,2026/06/17,"37,600,983"
الخدمات الرقمية,عام,القطاع العام,خدمة إلكترونية,2026/06/17,"37,601,444"
الخدمات الرقمية,عام,القطاع العام,خدمة إلكترونية,2026/06/17,"37,595,721"
الخدمات الرقمية,عام,القطاع العام,خدمة إلكترونية,2026/06/17,"37,598,942"
الخدمات الرقمية,عام,القطاع العام,خدمة إلكترونية,2026/06/17,"37,599,451"
الخدمات الرقمية,عام,القطاع العام,خدمة إلكترونية,2026/06/17,"37,588,940"
الخدمات الرقمية,عام,القطاع العام,خدمة إلكترونية,2026/06/17,"37,595,754"
الخدمات الرقمية,عام,القطاع العام,خدمة إلكترونية,2026/06/17,"37,596,012"
الخدمات الرقمية,عام,القطاع العام,خدمة إلكترونية,2026/06/17,"37,590,726"
الخدمات الرقمية,عام,القطاع العام,خدمة إلكترونية,2026/06/17,"37,592,235"
الخدمات الرقمية,عام,القطاع العام,خدمة إلكترونية,2026/06/17,"37,591,046"
الخدمات الرقمية,عام,القطاع العام,خدمة إلكترونية,2026/06/17,"37,588,763"
الخدمات الرقمية,عام,القطاع العام,خدمة إلكترونية,2026/06/17,"37,592,415"
الخدمات الرقمية,عام,القطاع العام,خدمة إلكترونية,2026/06/17,"37,594,968"
الخدمات الرقمية,عام,القطاع العام,خدمة إلكترونية,2026/06/17,"37,590,022"
الخدمات الرقمية,عام,القطاع العام,خدمة إلكترونية,2026/06/17,"37,592,503"
الخدمات الرقمية,عام,القطاع العام,خدمة إلكترونية,2026/06/17,"37,588,599"
الخدمات الرقمية,عام,القطاع العام,خدمة إلكترونية,2026/06/17,"37,596,961"
الخدمات الرقمية,عام,القطاع العام,خدمة إلكترونية,2026/06/17,"37,591,397"
الخدمات الرقمية,عام,القطاع العام,خدمة إلكترونية,2026/06/17,"37,594,397"
الخدمات الرقمية,عام,القطاع العام,خدمة إلكترونية,2026/06/17,"37,588,592"
الخدمات الرقمية,عام,القطاع العام,خدمة إلكترونية,2026/06/17,"37,588,737"
الخدمات الرقمية,عام,القطاع العام,خدمة إلكترونية,2026/06/17,"37,590,355"
الخدمات الرقمية,عام,القطاع العام,خدمة إلكترونية,2026/06/17,"37,595,611"
الخدمات الرقمية,عام,القطاع العام,خدمة إلكترونية,2026/06/17,"37,594,576"
الخدمات الرقمية,عام,القطاع العام,خدمة إلكترونية,2026/06/17,"37,588,937"
الخدمات الرقمية,عام,القطاع العام,خدمة إلكترونية,2026/06/17,"37,599,315"
الخدمات الرقمية,عام,القطاع العام,خدمة إلكترونية,2026/06/17,"37,588,919"
الخدمات الرقمية,عام,القطاع العام,خدمة إلكترونية,2026/06/17,"37,598,948"
الخدمات الرقمية,عام,القطاع العام,خدمة إلكترونية,2026/06/17,"37,593,225"
الخدمات الرقمية,عام,القطاع العام,خدمة إلكترونية,2026/06/17,"37,598,036"
الخدمات الرقمية,عام,القطاع العام,خدمة إلكترونية,2026/06/17,"37,599,734"
الخدمات الرقمية,عام,القطاع العام,خدمة إلكترونية,2026/06/17,"37,588,593"
الخدمات الرقمية,عام,القطاع العام,خدمة إلكترونية,2026/06/17,"37,588,761"
الخدمات الرقمية,عام,القطاع العام,خدمة إلكترونية,2026/06/17,"37,591,368"
الخدمات الرقمية,عام,القطاع العام,خدمة إلكترونية,2026/06/17,"37,591,374"
الخدمات الرقمية,عام,القطاع العام,خدمة إلكترونية,2026/06/17,"37,591,387"
الخدمات الرقمية,عام,القطاع العام,خدمة إلكترونية,2026/06/17,"37,591,396"
الخدمات الرقمية,عام,القطاع العام,خدمة إلكترونية,2026/06/17,"37,592,524"
الخدمات الرقمية,عام,القطاع العام,خدمة إلكترونية,2026/06/17,"37,594,581"
الخدمات الرقمية,عام,القطاع العام,خدمة إلكترونية,2026/06/17,"37,592,398"
الخدمات الرقمية,عام,القطاع العام,خدمة إلكترونية,2026/06/17,"37,588,597"
الخدمات الرقمية,عام,القطاع العام,خدمة إلكترونية,2026/06/17,"37,586,980"
الخدمات الرقمية,عام,القطاع العام,خدمة إلكترونية,2026/06/17,"37,595,634"
الخدمات الرقمية,عام,القطاع العام,خدمة إلكترونية,2026/06/17,"37,593,352"
الخدمات الرقمية,عام,القطاع العام,خدمة إلكترونية,2026/06/17,"37,593,353"
الخدمات الرقمية,عام,القطاع العام,خدمة إلكترونية,2026/06/17,"37,592,292"
الخدمات الرقمية,عام,القطاع العام,خدمة إلكترونية,2026/06/17,"37,589,097"
الخدمات الرقمية,عام,القطاع العام,خدمة إلكترونية,2026/06/17,"37,595,461"
الخدمات الرقمية,عام,القطاع العام,خدمة إلكترونية,2026/06/17,"37,592,583"
الخدمات الرقمية,عام,القطاع العام,خدمة إلكترونية,2026/06/17,"37,598,034"
الخدمات الرقمية,عام,القطاع العام,خدمة إلكترونية,2026/06/17,"37,597,768"
الخدمات الرقمية,عام,القطاع العام,خدمة إلكترونية,2026/06/17,"37,598,634"
 مكة المكرمه,مكة المكرمة,القطاع الخاص,خدمة إلكترونية جزئيا,2026/06/17,"37,589,983"
 مكة المكرمه,مكة المكرمة,القطاع الخاص,خدمة إلكترونية جزئيا,2026/06/17,"37,596,404"
 مكة المكرمه,مكة المكرمة,القطاع الخاص,خدمة إلكترونية جزئيا,2026/06/17,"37,591,535"
 مكة المكرمه,مكة المكرمة,القطاع الخاص,خدمة إلكترونية جزئيا,2026/06/17,"37,589,381"
 عسير,ابها,القطاع الخاص,خدمة إلكترونية جزئيا,2026/06/17,"37,596,520"
 عسير,ابها,القطاع الخاص,خدمة إلكترونية جزئيا,2026/06/17,"37,598,864"
 عسير,ابها,القطاع الخاص,خدمة إلكترونية جزئيا,2026/06/17,"37,595,300"
 عسير,ابها,القطاع الخاص,خدمة إلكترونية جزئيا,2026/06/17,"37,598,068"
 عسير,ابها,القطاع الخاص,خدمة إلكترونية جزئيا,2026/06/17,"37,600,233"
الخدمات الرقمية,عام,القطاع العام,خدمة إلكترونية,2026/06/18,"37,617,355"
 مكة المكرمه,مكة المكرمة,القطاع الخاص,خدمة إلكترونية جزئيا,2026/06/18,"37,622,240"
 الرياض,الرياض,القطاع العام,خدمة إلكترونية جزئيا,2026/06/18,"37,617,583"
 الرياض,الرياض,القطاع الخاص,خدمة إلكترونية جزئيا,2026/06/18,"37,624,606"
 الشرقية,الخبر,القطاع الخاص,خدمة إلكترونية جزئيا,2026/06/18,"37,618,265"
 مكة المكرمه,جده,القطاع الخاص,خدمة إلكترونية جزئيا,2026/06/18,"37,621,133"
 مكة المكرمه,مكة المكرمة,القطاع الخاص,خدمة إلكترونية جزئيا,2026/06/18,"37,619,844"
 الرياض,الرياض,القطاع الخاص,خدمة إلكترونية جزئيا,2026/06/18,"37,614,232"
الخدمات الرقمية,عام,القطاع العام,خدمة إلكترونية,2026/06/18,"37,619,613"
الخدمات الرقمية,عام,القطاع العام,خدمة إلكترونية,2026/06/18,"37,612,651"
الخدمات الرقمية,عام,القطاع العام,خدمة إلكترونية,2026/06/18,"37,614,167"
الخدمات الرقمية,عام,القطاع العام,خدمة إلكترونية,2026/06/18,"37,618,301"
الخدمات الرقمية,عام,القطاع العام,خدمة إلكترونية,2026/06/18,"37,620,320"
الخدمات الرقمية,عام,القطاع العام,خدمة إلكترونية,2026/06/18,"37,627,979"
الخدمات الرقمية,عام,القطاع العام,خدمة إلكترونية,2026/06/18,"37,618,226"
الخدمات الرقمية,عام,القطاع العام,خدمة إلكترونية,2026/06/18,"37,614,824"
الخدمات الرقمية,عام,القطاع العام,خدمة إلكترونية,2026/06/18,"37,624,629"
الخدمات الرقمية,عام,القطاع العام,خدمة إلكترونية,2026/06/18,"37,618,016"
الخدمات الرقمية,عام,القطاع العام,خدمة إلكترونية,2026/06/18,"37,619,755"
الخدمات الرقمية,عام,القطاع العام,خدمة إلكترونية,2026/06/18,"37,624,187"
الخدمات الرقمية,عام,القطاع العام,خدمة إلكترونية,2026/06/18,"37,624,631"
الخدمات الرقمية,عام,القطاع العام,خدمة إلكترونية,2026/06/18,"37,618,383"
الخدمات الرقمية,عام,القطاع العام,خدمة إلكترونية,2026/06/18,"37,624,208"
الخدمات الرقمية,عام,القطاع العام,خدمة إلكترونية,2026/06/18,"37,620,480"
الخدمات الرقمية,عام,القطاع العام,خدمة إلكترونية,2026/06/18,"37,624,632"
الخدمات الرقمية,عام,القطاع العام,خدمة إلكترونية,2026/06/18,"37,614,076"
الخدمات الرقمية,عام,القطاع العام,خدمة إلكترونية,2026/06/18,"37,619,734"
الخدمات الرقمية,عام,القطاع العام,خدمة إلكترونية,2026/06/18,"37,621,159"
الخدمات الرقمية,عام,القطاع العام,خدمة إلكترونية,2026/06/18,"37,625,324"
الخدمات الرقمية,عام,القطاع العام,خدمة إلكترونية,2026/06/18,"37,620,322"
الخدمات الرقمية,عام,القطاع العام,خدمة إلكترونية,2026/06/18,"37,614,264"
الخدمات الرقمية,عام,القطاع العام,خدمة إلكترونية,2026/06/18,"37,614,910"
الخدمات الرقمية,عام,القطاع العام,خدمة إلكترونية,2026/06/18,"37,615,349"
الخدمات الرقمية,عام,القطاع العام,خدمة إلكترونية,2026/06/18,"37,619,876"
الخدمات الرقمية,عام,القطاع العام,خدمة إلكترونية,2026/06/18,"37,620,113"
الخدمات الرقمية,عام,القطاع العام,خدمة إلكترونية,2026/06/18,"37,617,804"
الخدمات الرقمية,عام,القطاع العام,خدمة إلكترونية,2026/06/18,"37,613,704"
الخدمات الرقمية,عام,القطاع العام,خدمة إلكترونية,2026/06/18,"37,618,340"
الخدمات الرقمية,عام,القطاع العام,خدمة إلكترونية,2026/06/18,"37,617,362"
الخدمات الرقمية,عام,القطاع العام,خدمة إلكترونية,2026/06/18,"37,626,410"
الخدمات الرقمية,عام,القطاع العام,خدمة إلكترونية,2026/06/18,"37,626,404"
الخدمات الرقمية,عام,القطاع العام,خدمة إلكترونية,2026/06/18,"37,620,316"
الخدمات الرقمية,عام,القطاع العام,خدمة إلكترونية,2026/06/18,"37,624,212"
الخدمات الرقمية,عام,القطاع العام,خدمة إلكترونية,2026/06/18,"37,626,393"
الخدمات الرقمية,عام,القطاع العام,خدمة إلكترونية,2026/06/18,"37,624,653"
الخدمات الرقمية,عام,القطاع العام,خدمة إلكترونية,2026/06/18,"37,614,078"
الخدمات الرقمية,عام,القطاع العام,خدمة إلكترونية,2026/06/18,"37,624,627"
الخدمات الرقمية,عام,القطاع العام,خدمة إلكترونية,2026/06/18,"37,615,718"
الخدمات الرقمية,عام,القطاع العام,خدمة إلكترونية,2026/06/18,"37,615,479"
الخدمات الرقمية,عام,القطاع العام,خدمة إلكترونية,2026/06/18,"37,626,392"
الخدمات الرقمية,عام,القطاع العام,خدمة إلكترونية,2026/06/18,"37,624,191"
الخدمات الرقمية,عام,القطاع العام,خدمة إلكترونية,2026/06/18,"37,614,224"
الخدمات الرقمية,عام,القطاع العام,خدمة إلكترونية,2026/06/18,"37,624,190"
الخدمات الرقمية,عام,القطاع العام,خدمة إلكترونية,2026/06/18,"37,620,813"
الخدمات الرقمية,عام,القطاع العام,خدمة إلكترونية,2026/06/18,"37,616,984"
الخدمات الرقمية,عام,القطاع العام,خدمة إلكترونية,2026/06/18,"37,618,104"
الخدمات الرقمية,عام,القطاع العام,خدمة إلكترونية,2026/06/18,"37,619,618"
الخدمات الرقمية,عام,القطاع العام,خدمة إلكترونية,2026/06/18,"37,614,074"
الخدمات الرقمية,عام,القطاع العام,خدمة إلكترونية,2026/06/18,"37,624,353"
الخدمات الرقمية,عام,القطاع العام,خدمة إلكترونية,2026/06/18,"37,627,225"
الخدمات الرقمية,عام,القطاع العام,خدمة إلكترونية,2026/06/18,"37,612,883"
الخدمات الرقمية,عام,القطاع العام,خدمة إلكترونية,2026/06/18,"37,612,838"
الخدمات الرقمية,عام,القطاع العام,خدمة إلكترونية,2026/06/18,"37,616,694"
الخدمات الرقمية,عام,القطاع العام,خدمة إلكترونية,2026/06/18,"37,612,753"
الخدمات الرقمية,عام,القطاع العام,خدمة إلكترونية,2026/06/18,"37,629,330"
الخدمات الرقمية,عام,القطاع العام,خدمة إلكترونية,2026/06/18,"37,634,157"
الخدمات الرقمية,عام,القطاع العام,خدمة إلكترونية,2026/06/18,"37,634,153"
الخدمات الرقمية,عام,القطاع العام,خدمة إلكترونية,2026/06/18,"37,635,283"
الخدمات الرقمية,عام,القطاع العام,خدمة إلكترونية,2026/06/18,"37,614,340"
الخدمات الرقمية,عام,القطاع العام,خدمة إلكترونية,2026/06/18,"37,620,248"
الخدمات الرقمية,عام,القطاع العام,خدمة إلكترونية,2026/06/18,"37,619,470"
الخدمات الرقمية,عام,القطاع العام,خدمة إلكترونية,2026/06/18,"37,620,550"
الخدمات الرقمية,عام,القطاع العام,خدمة إلكترونية,2026/06/18,"37,625,192"
الخدمات الرقمية,عام,القطاع العام,خدمة إلكترونية,2026/06/18,"37,613,348"
الخدمات الرقمية,عام,القطاع العام,خدمة إلكترونية,2026/06/18,"37,617,217"
الخدمات الرقمية,عام,القطاع العام,خدمة إلكترونية,2026/06/18,"37,634,559"
الخدمات الرقمية,عام,القطاع العام,خدمة إلكترونية,2026/06/18,"37,624,337"
الخدمات الرقمية,عام,القطاع العام,خدمة إلكترونية,2026/06/18,"37,629,607"
الخدمات الرقمية,عام,القطاع العام,خدمة إلكترونية,2026/06/18,"37,619,531"
الخدمات الرقمية,عام,القطاع العام,خدمة إلكترونية,2026/06/18,"37,620,941"
الخدمات الرقمية,عام,القطاع العام,خدمة إلكترونية,2026/06/18,"37,623,208"
الخدمات الرقمية,عام,القطاع العام,خدمة إلكترونية,2026/06/18,"37,618,300"
الخدمات الرقمية,عام,القطاع العام,خدمة إلكترونية,2026/06/18,"37,623,744"
الخدمات الرقمية,عام,القطاع العام,خدمة إلكترونية,2026/06/18,"37,624,125"
الخدمات الرقمية,عام,القطاع العام,خدمة إلكترونية,2026/06/18,"37,616,246"
الخدمات الرقمية,عام,القطاع العام,خدمة إلكترونية,2026/06/18,"37,614,188"
الخدمات الرقمية,عام,القطاع العام,خدمة إلكترونية,2026/06/18,"37,620,244"
الخدمات الرقمية,عام,القطاع العام,خدمة إلكترونية,2026/06/18,"37,623,212"
الخدمات الرقمية,عام,القطاع العام,خدمة إلكترونية,2026/06/18,"37,617,061"
الخدمات الرقمية,عام,القطاع العام,خدمة إلكترونية,2026/06/18,"37,623,043"
الخدمات الرقمية,عام,القطاع العام,خدمة إلكترونية,2026/06/18,"37,627,846"
الخدمات الرقمية,عام,القطاع العام,خدمة إلكترونية,2026/06/18,"37,623,435"
الخدمات الرقمية,عام,القطاع العام,خدمة إلكترونية,2026/06/18,"37,609,484"
الخدمات الرقمية,عام,القطاع العام,خدمة إلكترونية,2026/06/18,"37,613,913"
الخدمات الرقمية,عام,القطاع العام,خدمة إلكترونية,2026/06/18,"37,615,605"
الخدمات الرقمية,عام,القطاع العام,خدمة إلكترونية,2026/06/18,"37,624,189"
الخدمات الرقمية,عام,القطاع العام,خدمة إلكترونية,2026/06/18,"37,609,724"
الخدمات الرقمية,عام,القطاع العام,خدمة إلكترونية,2026/06/18,"37,620,718"
الخدمات الرقمية,عام,القطاع العام,خدمة إلكترونية,2026/06/18,"37,624,415"
الخدمات الرقمية,عام,القطاع العام,خدمة إلكترونية,2026/06/18,"37,633,348"
الخدمات الرقمية,عام,القطاع العام,خدمة إلكترونية,2026/06/18,"37,619,601"
الخدمات الرقمية,عام,القطاع العام,خدمة إلكترونية,2026/06/18,"37,613,320"
الخدمات الرقمية,عام,القطاع العام,خدمة إلكترونية,2026/06/18,"37,628,616"
الخدمات الرقمية,عام,القطاع العام,خدمة إلكترونية,2026/06/18,"37,623,565"
الخدمات الرقمية,عام,القطاع العام,خدمة إلكترونية,2026/06/18,"37,609,787"
الخدمات الرقمية,عام,القطاع العام,خدمة إلكترونية,2026/06/18,"37,613,386"
الخدمات الرقمية,عام,القطاع العام,خدمة إلكترونية,2026/06/18,"37,633,716"
الخدمات الرقمية,عام,القطاع العام,خدمة إلكترونية,2026/06/18,"37,609,547"
الخدمات الرقمية,عام,القطاع العام,خدمة إلكترونية,2026/06/18,"37,616,813"
الخدمات الرقمية,عام,القطاع العام,خدمة إلكترونية,2026/06/18,"37,613,989"
الخدمات الرقمية,عام,القطاع العام,خدمة إلكترونية,2026/06/18,"37,621,292"
الخدمات الرقمية,عام,القطاع العام,خدمة إلكترونية,2026/06/18,"37,613,280"
الخدمات الرقمية,عام,القطاع العام,خدمة إلكترونية,2026/06/18,"37,614,429"
الخدمات الرقمية,عام,القطاع العام,خدمة إلكترونية,2026/06/18,"37,623,999"
الخدمات الرقمية,عام,القطاع العام,خدمة إلكترونية,2026/06/18,"37,617,064"
الخدمات الرقمية,عام,القطاع العام,خدمة إلكترونية,2026/06/18,"37,628,473"
الخدمات الرقمية,عام,القطاع العام,خدمة إلكترونية,2026/06/18,"37,609,638"
الخدمات الرقمية,عام,القطاع العام,خدمة إلكترونية,2026/06/18,"37,616,073"
الخدمات الرقمية,عام,القطاع العام,خدمة إلكترونية,2026/06/18,"37,618,968"
الخدمات الرقمية,عام,القطاع العام,خدمة إلكترونية,2026/06/18,"37,617,115"
الخدمات الرقمية,عام,القطاع العام,خدمة إلكترونية,2026/06/18,"37,621,130"
الخدمات الرقمية,عام,القطاع العام,خدمة إلكترونية,2026/06/18,"37,623,091"
الخدمات الرقمية,عام,القطاع العام,خدمة إلكترونية,2026/06/18,"37,624,475"
الخدمات الرقمية,عام,القطاع العام,خدمة إلكترونية,2026/06/18,"37,626,881"
الخدمات الرقمية,عام,القطاع العام,خدمة إلكترونية,2026/06/18,"37,632,118"
الخدمات الرقمية,عام,القطاع العام,خدمة إلكترونية,2026/06/18,"37,627,821"
الخدمات الرقمية,عام,القطاع العام,خدمة إلكترونية,2026/06/18,"37,614,036"
الخدمات الرقمية,عام,القطاع العام,خدمة إلكترونية,2026/06/18,"37,622,818"
الخدمات الرقمية,عام,القطاع العام,خدمة إلكترونية,2026/06/18,"37,617,192"
الخدمات الرقمية,عام,القطاع العام,خدمة إلكترونية,2026/06/18,"37,609,392"
 مكة المكرمه,مكة المكرمة,القطاع الخاص,خدمة إلكترونية جزئيا,2026/06/18,"37,621,878"
 مكة المكرمه,مكة المكرمة,القطاع الخاص,خدمة إلكترونية جزئيا,2026/06/18,"37,622,155"
 القصيم,بريده,القطاع الخاص,خدمة إلكترونية جزئيا,2026/06/18,"37,623,070"
 القصيم,بريده,القطاع الخاص,خدمة إلكترونية جزئيا,2026/06/18,"37,622,781"
 القصيم,بريده,القطاع الخاص,خدمة إلكترونية جزئيا,2026/06/18,"37,621,268"
 الشرقية,الخبر,القطاع الخاص,خدمة إلكترونية جزئيا,2026/06/18,"37,615,990"
 الشرقية,الخبر,القطاع الخاص,خدمة إلكترونية جزئيا,2026/06/18,"37,617,997"
الخدمات الرقمية,عام,القطاع العام,خدمة إلكترونية,2026/06/19,"37,650,684"
الخدمات الرقمية,عام,القطاع العام,خدمة إلكترونية,2026/06/19,"37,651,022"
الخدمات الرقمية,عام,القطاع العام,خدمة إلكترونية,2026/06/20,"37,655,779"
الخدمات الرقمية,عام,القطاع العام,خدمة إلكترونية,2026/06/20,"37,655,778"
الخدمات الرقمية,عام,القطاع العام,خدمة إلكترونية,2026/06/20,"37,660,093"
الخدمات الرقمية,عام,القطاع العام,خدمة إلكترونية,2026/06/20,"37,654,863"
الخدمات الرقمية,عام,القطاع العام,خدمة إلكترونية,2026/06/20,"37,654,941"
الخدمات الرقمية,عام,القطاع العام,خدمة إلكترونية,2026/06/20,"37,655,800"
الخدمات الرقمية,عام,القطاع العام,خدمة إلكترونية,2026/06/20,"37,655,730"
الخدمات الرقمية,عام,القطاع العام,خدمة إلكترونية,2026/06/20,"37,654,834"
 حائل,حائل,القطاع الخاص,خدمة إلكترونية جزئيا,2026/06/21,"37,671,079"
 مكة المكرمه,جده,القطاع الخاص,خدمة إلكترونية جزئيا,2026/06/21,"37,676,162"
 مكة المكرمه,جده,القطاع الخاص,خدمة إلكترونية جزئيا,2026/06/21,"37,676,504"
 مكة المكرمه,جده,القطاع الخاص,خدمة إلكترونية جزئيا,2026/06/21,"37,675,303"
 عسير,ابها,القطاع الخاص,خدمة إلكترونية جزئيا,2026/06/21,"37,675,252"
الخدمات الرقمية,عام,القطاع العام,خدمة إلكترونية,2026/06/21,"37,676,140"
الخدمات الرقمية,عام,القطاع العام,خدمة إلكترونية,2026/06/21,"37,678,720"
الخدمات الرقمية,عام,القطاع العام,خدمة إلكترونية,2026/06/21,"37,677,262"
الخدمات الرقمية,عام,القطاع العام,خدمة إلكترونية,2026/06/21,"37,680,916"
الخدمات الرقمية,عام,القطاع العام,خدمة إلكترونية,2026/06/21,"37,668,657"
الخدمات الرقمية,عام,القطاع العام,خدمة إلكترونية,2026/06/21,"37,668,740"
الخدمات الرقمية,عام,القطاع العام,خدمة إلكترونية,2026/06/21,"37,677,573"
الخدمات الرقمية,عام,القطاع العام,خدمة إلكترونية,2026/06/21,"37,680,997"
الخدمات الرقمية,عام,القطاع العام,خدمة إلكترونية,2026/06/21,"37,682,178"
الخدمات الرقمية,عام,القطاع العام,خدمة إلكترونية,2026/06/21,"37,678,637"
الخدمات الرقمية,عام,القطاع العام,خدمة إلكترونية,2026/06/21,"37,680,219"
الخدمات الرقمية,عام,القطاع العام,خدمة إلكترونية,2026/06/21,"37,670,043"
الخدمات الرقمية,عام,القطاع العام,خدمة إلكترونية,2026/06/21,"37,670,577"
الخدمات الرقمية,عام,القطاع العام,خدمة إلكترونية,2026/06/21,"37,678,503"
الخدمات الرقمية,عام,القطاع العام,خدمة إلكترونية,2026/06/21,"37,676,890"
الخدمات الرقمية,عام,القطاع العام,خدمة إلكترونية,2026/06/21,"37,677,344"
الخدمات الرقمية,عام,القطاع العام,خدمة إلكترونية,2026/06/21,"37,677,156"
الخدمات الرقمية,عام,القطاع العام,خدمة إلكترونية,2026/06/21,"37,677,930"
الخدمات الرقمية,عام,القطاع العام,خدمة إلكترونية,2026/06/21,"37,678,963"
الخدمات الرقمية,عام,القطاع العام,خدمة إلكترونية,2026/06/21,"37,681,658"
الخدمات الرقمية,عام,القطاع العام,خدمة إلكترونية,2026/06/21,"37,668,441"
الخدمات الرقمية,عام,القطاع العام,خدمة إلكترونية,2026/06/21,"37,678,573"
الخدمات الرقمية,عام,القطاع العام,خدمة إلكترونية,2026/06/21,"37,681,114"
الخدمات الرقمية,عام,القطاع العام,خدمة إلكترونية,2026/06/21,"37,668,472"
الخدمات الرقمية,عام,القطاع العام,خدمة إلكترونية,2026/06/21,"37,673,476"
الخدمات الرقمية,عام,القطاع العام,خدمة إلكترونية,2026/06/21,"37,683,220"
الخدمات الرقمية,عام,القطاع العام,خدمة إلكترونية,2026/06/21,"37,681,312"
الخدمات الرقمية,عام,القطاع العام,خدمة إلكترونية,2026/06/21,"37,679,880"
الخدمات الرقمية,عام,القطاع العام,خدمة إلكترونية,2026/06/21,"37,682,127"
الخدمات الرقمية,عام,القطاع العام,خدمة إلكترونية,2026/06/21,"37,674,154"
الخدمات الرقمية,عام,القطاع العام,خدمة إلكترونية,2026/06/21,"37,668,050"
الخدمات الرقمية,عام,القطاع العام,خدمة إلكترونية,2026/06/21,"37,676,926"
الخدمات الرقمية,عام,القطاع العام,خدمة إلكترونية,2026/06/21,"37,678,192"
الخدمات الرقمية,عام,القطاع العام,خدمة إلكترونية,2026/06/21,"37,677,486"
الخدمات الرقمية,عام,القطاع العام,خدمة إلكترونية,2026/06/21,"37,667,710"
الخدمات الرقمية,عام,القطاع العام,خدمة إلكترونية,2026/06/21,"37,676,969"
الخدمات الرقمية,عام,القطاع العام,خدمة إلكترونية,2026/06/21,"37,675,851"
الخدمات الرقمية,عام,القطاع العام,خدمة إلكترونية,2026/06/21,"37,679,287"
الخدمات الرقمية,عام,القطاع العام,خدمة إلكترونية,2026/06/21,"37,668,003"
الخدمات الرقمية,عام,القطاع العام,خدمة إلكترونية,2026/06/21,"37,668,495"
الخدمات الرقمية,عام,القطاع العام,خدمة إلكترونية,2026/06/21,"37,668,966"
الخدمات الرقمية,عام,القطاع العام,خدمة إلكترونية,2026/06/21,"37,668,603"
الخدمات الرقمية,عام,القطاع العام,خدمة إلكترونية,2026/06/21,"37,668,227"
الخدمات الرقمية,عام,القطاع العام,خدمة إلكترونية,2026/06/21,"37,681,752"
الخدمات الرقمية,عام,القطاع العام,خدمة إلكترونية,2026/06/21,"37,668,397"
الخدمات الرقمية,عام,القطاع العام,خدمة إلكترونية,2026/06/21,"37,670,672"
الخدمات الرقمية,عام,القطاع العام,خدمة إلكترونية,2026/06/21,"37,677,795"
الخدمات الرقمية,عام,القطاع العام,خدمة إلكترونية,2026/06/21,"37,679,864"
الخدمات الرقمية,عام,القطاع العام,خدمة إلكترونية,2026/06/21,"37,681,856"
الخدمات الرقمية,عام,القطاع العام,خدمة إلكترونية,2026/06/21,"37,676,343"
الخدمات الرقمية,عام,القطاع العام,خدمة إلكترونية,2026/06/21,"37,678,601"
الخدمات الرقمية,عام,القطاع العام,خدمة إلكترونية,2026/06/21,"37,676,783"
الخدمات الرقمية,عام,القطاع العام,خدمة إلكترونية,2026/06/21,"37,678,388"
الخدمات الرقمية,عام,القطاع العام,خدمة إلكترونية,2026/06/21,"37,679,534"
الخدمات الرقمية,عام,القطاع العام,خدمة إلكترونية,2026/06/21,"37,682,015"
الخدمات الرقمية,عام,القطاع العام,خدمة إلكترونية,2026/06/21,"37,673,673"
الخدمات الرقمية,عام,القطاع العام,خدمة إلكترونية,2026/06/21,"37,678,680"
الخدمات الرقمية,عام,القطاع العام,خدمة إلكترونية,2026/06/21,"37,681,208"
الخدمات الرقمية,عام,القطاع العام,خدمة إلكترونية,2026/06/21,"37,681,297"
الخدمات الرقمية,عام,القطاع العام,خدمة إلكترونية,2026/06/21,"37,677,812"
الخدمات الرقمية,عام,القطاع العام,خدمة إلكترونية,2026/06/21,"37,679,528"
الخدمات الرقمية,عام,القطاع العام,خدمة إلكترونية,2026/06/21,"37,681,560"
الخدمات الرقمية,عام,القطاع العام,خدمة إلكترونية,2026/06/21,"37,682,342"
الخدمات الرقمية,عام,القطاع العام,خدمة إلكترونية,2026/06/21,"37,672,162"
الخدمات الرقمية,عام,القطاع العام,خدمة إلكترونية,2026/06/21,"37,686,001"
الخدمات الرقمية,عام,القطاع العام,خدمة إلكترونية,2026/06/21,"37,686,008"
الخدمات الرقمية,عام,القطاع العام,خدمة إلكترونية,2026/06/21,"37,686,115"
الخدمات الرقمية,عام,القطاع العام,خدمة إلكترونية,2026/06/21,"37,669,716"
الخدمات الرقمية,عام,القطاع العام,خدمة إلكترونية,2026/06/21,"37,686,016"
الخدمات الرقمية,عام,القطاع العام,خدمة إلكترونية,2026/06/21,"37,669,871"
الخدمات الرقمية,عام,القطاع العام,خدمة إلكترونية,2026/06/21,"37,686,110"
الخدمات الرقمية,عام,القطاع العام,خدمة إلكترونية,2026/06/21,"37,686,199"
الخدمات الرقمية,عام,القطاع العام,خدمة إلكترونية,2026/06/21,"37,686,191"
الخدمات الرقمية,عام,القطاع العام,خدمة إلكترونية,2026/06/21,"37,685,968"
الخدمات الرقمية,عام,القطاع العام,خدمة إلكترونية,2026/06/21,"37,674,916"
الخدمات الرقمية,عام,القطاع العام,خدمة إلكترونية,2026/06/21,"37,681,259"
الخدمات الرقمية,عام,القطاع العام,خدمة إلكترونية,2026/06/21,"37,680,240"
الخدمات الرقمية,عام,القطاع العام,خدمة إلكترونية,2026/06/21,"37,679,954"
الخدمات الرقمية,عام,القطاع العام,خدمة إلكترونية,2026/06/21,"37,680,198"
الخدمات الرقمية,عام,القطاع العام,خدمة إلكترونية,2026/06/21,"37,679,408"
الخدمات الرقمية,عام,القطاع العام,خدمة إلكترونية,2026/06/21,"37,679,942"
الخدمات الرقمية,عام,القطاع العام,خدمة إلكترونية,2026/06/21,"37,670,156"
الخدمات الرقمية,عام,القطاع العام,خدمة إلكترونية,2026/06/21,"37,670,854"
الخدمات الرقمية,عام,القطاع العام,خدمة إلكترونية,2026/06/21,"37,673,161"
الخدمات الرقمية,عام,القطاع العام,خدمة إلكترونية,2026/06/21,"37,673,312"
الخدمات الرقمية,عام,القطاع العام,خدمة إلكترونية,2026/06/21,"37,667,757"
الخدمات الرقمية,عام,القطاع العام,خدمة إلكترونية,2026/06/21,"37,673,748"
الخدمات الرقمية,عام,القطاع العام,خدمة إلكترونية,2026/06/21,"37,673,464"
الخدمات الرقمية,عام,القطاع العام,خدمة إلكترونية,2026/06/21,"37,671,758"
الخدمات الرقمية,عام,القطاع العام,خدمة إلكترونية,2026/06/21,"37,675,047"
الخدمات الرقمية,عام,القطاع العام,خدمة إلكترونية,2026/06/21,"37,671,144"
الخدمات الرقمية,عام,القطاع العام,خدمة إلكترونية,2026/06/21,"37,673,166"
الخدمات الرقمية,عام,القطاع العام,خدمة إلكترونية,2026/06/21,"37,676,812"
الخدمات الرقمية,عام,القطاع العام,خدمة إلكترونية,2026/06/21,"37,671,139"
الخدمات الرقمية,عام,القطاع العام,خدمة إلكترونية,2026/06/21,"37,673,289"
الخدمات الرقمية,عام,القطاع العام,خدمة إلكترونية,2026/06/21,"37,671,756"
الخدمات الرقمية,عام,القطاع العام,خدمة إلكترونية,2026/06/21,"37,679,467"
الخدمات الرقمية,عام,القطاع العام,خدمة إلكترونية,2026/06/21,"37,670,823"
الخدمات الرقمية,عام,القطاع العام,خدمة إلكترونية,2026/06/21,"37,670,985"
الخدمات الرقمية,عام,القطاع العام,خدمة إلكترونية,2026/06/21,"37,677,295"
الخدمات الرقمية,عام,القطاع العام,خدمة إلكترونية,2026/06/21,"37,670,563"
الخدمات الرقمية,عام,القطاع العام,خدمة إلكترونية,2026/06/21,"37,671,231"
الخدمات الرقمية,عام,القطاع العام,خدمة إلكترونية,2026/06/21,"37,677,897"
الخدمات الرقمية,عام,القطاع العام,خدمة إلكترونية,2026/06/21,"37,678,588"
الخدمات الرقمية,عام,القطاع العام,خدمة إلكترونية,2026/06/21,"37,678,445"
الخدمات الرقمية,عام,القطاع العام,خدمة إلكترونية,2026/06/21,"37,670,438"
الخدمات الرقمية,عام,القطاع العام,خدمة إلكترونية,2026/06/21,"37,671,140"
الخدمات الرقمية,عام,القطاع العام,خدمة إلكترونية,2026/06/21,"37,671,755"
الخدمات الرقمية,عام,القطاع العام,خدمة إلكترونية,2026/06/21,"37,673,461"
الخدمات الرقمية,عام,القطاع العام,خدمة إلكترونية,2026/06/21,"37,672,089"
الخدمات الرقمية,عام,القطاع العام,خدمة إلكترونية,2026/06/21,"37,673,813"
الخدمات الرقمية,عام,القطاع العام,خدمة إلكترونية,2026/06/21,"37,677,549"
الخدمات الرقمية,عام,القطاع العام,خدمة إلكترونية,2026/06/21,"37,677,687"
الخدمات الرقمية,عام,القطاع العام,خدمة إلكترونية,2026/06/21,"37,668,353"
الخدمات الرقمية,عام,القطاع العام,خدمة إلكترونية,2026/06/21,"37,670,256"
الخدمات الرقمية,عام,القطاع العام,خدمة إلكترونية,2026/06/21,"37,679,745"
الخدمات الرقمية,عام,القطاع العام,خدمة إلكترونية,2026/06/21,"37,671,286"
الخدمات الرقمية,عام,القطاع العام,خدمة إلكترونية,2026/06/21,"37,671,606"
الخدمات الرقمية,عام,القطاع العام,خدمة إلكترونية,2026/06/21,"37,671,754"
الخدمات الرقمية,عام,القطاع العام,خدمة إلكترونية,2026/06/21,"37,675,046"
الخدمات الرقمية,عام,القطاع العام,خدمة إلكترونية,2026/06/21,"37,678,591"
الخدمات الرقمية,عام,القطاع العام,خدمة إلكترونية,2026/06/21,"37,670,566"
الخدمات الرقمية,عام,القطاع العام,خدمة إلكترونية,2026/06/21,"37,667,755"
الخدمات الرقمية,عام,القطاع العام,خدمة إلكترونية,2026/06/21,"37,674,003"
الخدمات الرقمية,عام,القطاع العام,خدمة إلكترونية,2026/06/21,"37,678,017"
الخدمات الرقمية,عام,القطاع العام,خدمة إلكترونية,2026/06/21,"37,677,158"
الخدمات الرقمية,عام,القطاع العام,خدمة إلكترونية,2026/06/21,"37,672,210"
الخدمات الرقمية,عام,القطاع العام,خدمة إلكترونية,2026/06/21,"37,678,465"
الخدمات الرقمية,عام,القطاع العام,خدمة إلكترونية,2026/06/21,"37,674,636"
الخدمات الرقمية,عام,القطاع العام,خدمة إلكترونية,2026/06/21,"37,671,143"
الخدمات الرقمية,عام,القطاع العام,خدمة إلكترونية,2026/06/21,"37,674,799"
الخدمات الرقمية,عام,القطاع العام,خدمة إلكترونية,2026/06/21,"37,679,126"
الخدمات الرقمية,عام,القطاع العام,خدمة إلكترونية,2026/06/21,"37,679,286"
الخدمات الرقمية,عام,القطاع العام,خدمة إلكترونية,2026/06/21,"37,676,817"
الخدمات الرقمية,عام,القطاع العام,خدمة إلكترونية,2026/06/21,"37,673,314"
الخدمات الرقمية,عام,القطاع العام,خدمة إلكترونية,2026/06/21,"37,674,170"
الخدمات الرقمية,عام,القطاع العام,خدمة إلكترونية,2026/06/21,"37,673,641"
الخدمات الرقمية,عام,القطاع العام,خدمة إلكترونية,2026/06/21,"37,674,172"
الخدمات الرقمية,عام,القطاع العام,خدمة إلكترونية,2026/06/21,"37,677,675"
 عسير,ابها,القطاع الخاص,خدمة إلكترونية جزئيا,2026/06/21,"37,674,938"
 حائل,حائل,القطاع الخاص,خدمة إلكترونية جزئيا,2026/06/21,"37,670,603"
 الرياض,الرياض,القطاع الخاص,خدمة إلكترونية جزئيا,2026/06/22,"37,706,061"
 مكة المكرمه,الطائف,القطاع الخاص,خدمة إلكترونية جزئيا,2026/06/22,"37,698,863"
 الرياض,الرياض,القطاع الخاص,خدمة إلكترونية جزئيا,2026/06/22,"37,704,836"
 الرياض,الرياض,القطاع الخاص,خدمة إلكترونية جزئيا,2026/06/22,"37,696,236"
الخدمات الرقمية,عام,القطاع العام,خدمة إلكترونية,2026/06/22,"37,713,117"
الخدمات الرقمية,عام,القطاع العام,خدمة إلكترونية,2026/06/22,"37,690,957"
الخدمات الرقمية,عام,القطاع العام,خدمة إلكترونية,2026/06/22,"37,703,476"
الخدمات الرقمية,عام,القطاع العام,خدمة إلكترونية,2026/06/22,"37,706,738"
الخدمات الرقمية,عام,القطاع العام,خدمة إلكترونية,2026/06/22,"37,695,508"
الخدمات الرقمية,عام,القطاع العام,خدمة إلكترونية,2026/06/22,"37,690,602"
الخدمات الرقمية,عام,القطاع العام,خدمة إلكترونية,2026/06/22,"37,691,047"
الخدمات الرقمية,عام,القطاع العام,خدمة إلكترونية,2026/06/22,"37,690,622"
الخدمات الرقمية,عام,القطاع العام,خدمة إلكترونية,2026/06/22,"37,704,767"
الخدمات الرقمية,عام,القطاع العام,خدمة إلكترونية,2026/06/22,"37,694,903"
الخدمات الرقمية,عام,القطاع العام,خدمة إلكترونية,2026/06/22,"37,697,487"
الخدمات الرقمية,عام,القطاع العام,خدمة إلكترونية,2026/06/22,"37,695,216"
الخدمات الرقمية,عام,القطاع العام,خدمة إلكترونية,2026/06/22,"37,706,717"
الخدمات الرقمية,عام,القطاع العام,خدمة إلكترونية,2026/06/22,"37,707,045"
الخدمات الرقمية,عام,القطاع العام,خدمة إلكترونية,2026/06/22,"37,695,735"
الخدمات الرقمية,عام,القطاع العام,خدمة إلكترونية,2026/06/22,"37,695,780"
الخدمات الرقمية,عام,القطاع العام,خدمة إلكترونية,2026/06/22,"37,704,920"
الخدمات الرقمية,عام,القطاع العام,خدمة إلكترونية,2026/06/22,"37,706,344"
الخدمات الرقمية,عام,القطاع العام,خدمة إلكترونية,2026/06/22,"37,704,203"
الخدمات الرقمية,عام,القطاع العام,خدمة إلكترونية,2026/06/22,"37,704,900"
الخدمات الرقمية,عام,القطاع العام,خدمة إلكترونية,2026/06/22,"37,698,970"
الخدمات الرقمية,عام,القطاع العام,خدمة إلكترونية,2026/06/22,"37,695,453"
الخدمات الرقمية,عام,القطاع العام,خدمة إلكترونية,2026/06/22,"37,702,494"
الخدمات الرقمية,عام,القطاع العام,خدمة إلكترونية,2026/06/22,"37,695,181"
الخدمات الرقمية,عام,القطاع العام,خدمة إلكترونية,2026/06/22,"37,698,423"
الخدمات الرقمية,عام,القطاع العام,خدمة إلكترونية,2026/06/22,"37,702,807"
الخدمات الرقمية,عام,القطاع العام,خدمة إلكترونية,2026/06/22,"37,706,791"
الخدمات الرقمية,عام,القطاع العام,خدمة إلكترونية,2026/06/22,"37,705,055"
الخدمات الرقمية,عام,القطاع العام,خدمة إلكترونية,2026/06/22,"37,704,316"
الخدمات الرقمية,عام,القطاع العام,خدمة إلكترونية,2026/06/22,"37,705,180"
الخدمات الرقمية,عام,القطاع العام,خدمة إلكترونية,2026/06/22,"37,692,110"
الخدمات الرقمية,عام,القطاع العام,خدمة إلكترونية,2026/06/22,"37,691,671"
الخدمات الرقمية,عام,القطاع العام,خدمة إلكترونية,2026/06/22,"37,709,793"
الخدمات الرقمية,عام,القطاع العام,خدمة إلكترونية,2026/06/22,"37,695,333"
الخدمات الرقمية,عام,القطاع العام,خدمة إلكترونية,2026/06/22,"37,690,473"
الخدمات الرقمية,عام,القطاع العام,خدمة إلكترونية,2026/06/22,"37,701,545"
الخدمات الرقمية,عام,القطاع العام,خدمة إلكترونية,2026/06/22,"37,691,908"
الخدمات الرقمية,عام,القطاع العام,خدمة إلكترونية,2026/06/22,"37,694,803"
الخدمات الرقمية,عام,القطاع العام,خدمة إلكترونية,2026/06/22,"37,705,439"
الخدمات الرقمية,عام,القطاع العام,خدمة إلكترونية,2026/06/22,"37,690,458"
الخدمات الرقمية,عام,القطاع العام,خدمة إلكترونية,2026/06/22,"37,690,532"
الخدمات الرقمية,عام,القطاع العام,خدمة إلكترونية,2026/06/22,"37,692,760"
الخدمات الرقمية,عام,القطاع العام,خدمة إلكترونية,2026/06/22,"37,691,645"
الخدمات الرقمية,عام,القطاع العام,خدمة إلكترونية,2026/06/22,"37,690,639"
الخدمات الرقمية,عام,القطاع العام,خدمة إلكترونية,2026/06/22,"37,695,551"
الخدمات الرقمية,عام,القطاع العام,خدمة إلكترونية,2026/06/22,"37,699,280"
الخدمات الرقمية,عام,القطاع العام,خدمة إلكترونية,2026/06/22,"37,713,063"
الخدمات الرقمية,عام,القطاع العام,خدمة إلكترونية,2026/06/22,"37,715,433"
الخدمات الرقمية,عام,القطاع العام,خدمة إلكترونية,2026/06/22,"37,713,226"
الخدمات الرقمية,عام,القطاع العام,خدمة إلكترونية,2026/06/22,"37,713,425"
الخدمات الرقمية,عام,القطاع العام,خدمة إلكترونية,2026/06/22,"37,715,821"
الخدمات الرقمية,عام,القطاع العام,خدمة إلكترونية,2026/06/22,"37,716,115"
الخدمات الرقمية,عام,القطاع العام,خدمة إلكترونية,2026/06/22,"37,713,379"
الخدمات الرقمية,عام,القطاع العام,خدمة إلكترونية,2026/06/22,"37,713,316"
الخدمات الرقمية,عام,القطاع العام,خدمة إلكترونية,2026/06/22,"37,714,849"
الخدمات الرقمية,عام,القطاع العام,خدمة إلكترونية,2026/06/22,"37,692,409"
الخدمات الرقمية,عام,القطاع العام,خدمة إلكترونية,2026/06/22,"37,695,881"
الخدمات الرقمية,عام,القطاع العام,خدمة إلكترونية,2026/06/22,"37,692,294"
الخدمات الرقمية,عام,القطاع العام,خدمة إلكترونية,2026/06/22,"37,706,801"
الخدمات الرقمية,عام,القطاع العام,خدمة إلكترونية,2026/06/22,"37,715,600"
الخدمات الرقمية,عام,القطاع العام,خدمة إلكترونية,2026/06/22,"37,715,948"
الخدمات الرقمية,عام,القطاع العام,خدمة إلكترونية,2026/06/22,"37,694,874"
الخدمات الرقمية,عام,القطاع العام,خدمة إلكترونية,2026/06/22,"37,694,697"
الخدمات الرقمية,عام,القطاع العام,خدمة إلكترونية,2026/06/22,"37,706,633"
الخدمات الرقمية,عام,القطاع العام,خدمة إلكترونية,2026/06/22,"37,694,945"
الخدمات الرقمية,عام,القطاع العام,خدمة إلكترونية,2026/06/22,"37,694,730"
الخدمات الرقمية,عام,القطاع العام,خدمة إلكترونية,2026/06/22,"37,715,444"
الخدمات الرقمية,عام,القطاع العام,خدمة إلكترونية,2026/06/22,"37,716,361"
الخدمات الرقمية,عام,القطاع العام,خدمة إلكترونية,2026/06/22,"37,692,602"
الخدمات الرقمية,عام,القطاع العام,خدمة إلكترونية,2026/06/22,"37,695,088"
الخدمات الرقمية,عام,القطاع العام,خدمة إلكترونية,2026/06/22,"37,710,518"
الخدمات الرقمية,عام,القطاع العام,خدمة إلكترونية,2026/06/22,"37,691,096"
الخدمات الرقمية,عام,القطاع العام,خدمة إلكترونية,2026/06/22,"37,696,461"
الخدمات الرقمية,عام,القطاع العام,خدمة إلكترونية,2026/06/22,"37,699,069"
الخدمات الرقمية,عام,القطاع العام,خدمة إلكترونية,2026/06/22,"37,691,754"
الخدمات الرقمية,عام,القطاع العام,خدمة إلكترونية,2026/06/22,"37,689,976"
الخدمات الرقمية,عام,القطاع العام,خدمة إلكترونية,2026/06/22,"37,692,340"
الخدمات الرقمية,عام,القطاع العام,خدمة إلكترونية,2026/06/22,"37,695,062"
الخدمات الرقمية,عام,القطاع العام,خدمة إلكترونية,2026/06/22,"37,696,184"
الخدمات الرقمية,عام,القطاع العام,خدمة إلكترونية,2026/06/22,"37,696,731"
الخدمات الرقمية,عام,القطاع العام,خدمة إلكترونية,2026/06/22,"37,690,053"
الخدمات الرقمية,عام,القطاع العام,خدمة إلكترونية,2026/06/22,"37,695,068"
الخدمات الرقمية,عام,القطاع العام,خدمة إلكترونية,2026/06/22,"37,700,351"
الخدمات الرقمية,عام,القطاع العام,خدمة إلكترونية,2026/06/22,"37,701,181"
الخدمات الرقمية,عام,القطاع العام,خدمة إلكترونية,2026/06/22,"37,691,356"
الخدمات الرقمية,عام,القطاع العام,خدمة إلكترونية,2026/06/22,"37,695,057"
الخدمات الرقمية,عام,القطاع العام,خدمة إلكترونية,2026/06/22,"37,697,152"
الخدمات الرقمية,عام,القطاع العام,خدمة إلكترونية,2026/06/22,"37,698,978"
الخدمات الرقمية,عام,القطاع العام,خدمة إلكترونية,2026/06/22,"37,693,398"
الخدمات الرقمية,عام,القطاع العام,خدمة إلكترونية,2026/06/22,"37,692,467"
الخدمات الرقمية,عام,القطاع العام,خدمة إلكترونية,2026/06/22,"37,693,421"
الخدمات الرقمية,عام,القطاع العام,خدمة إلكترونية,2026/06/22,"37,699,228"
الخدمات الرقمية,عام,القطاع العام,خدمة إلكترونية,2026/06/22,"37,692,326"
الخدمات الرقمية,عام,القطاع العام,خدمة إلكترونية,2026/06/22,"37,699,230"
الخدمات الرقمية,عام,القطاع العام,خدمة إلكترونية,2026/06/22,"37,701,812"
الخدمات الرقمية,عام,القطاع العام,خدمة إلكترونية,2026/06/22,"37,696,203"
الخدمات الرقمية,عام,القطاع العام,خدمة إلكترونية,2026/06/22,"37,693,750"
الخدمات الرقمية,عام,القطاع العام,خدمة إلكترونية,2026/06/22,"37,690,052"
الخدمات الرقمية,عام,القطاع العام,خدمة إلكترونية,2026/06/22,"37,691,456"
الخدمات الرقمية,عام,القطاع العام,خدمة إلكترونية,2026/06/22,"37,697,548"
الخدمات الرقمية,عام,القطاع العام,خدمة إلكترونية,2026/06/22,"37,696,200"
الخدمات الرقمية,عام,القطاع العام,خدمة إلكترونية,2026/06/22,"37,696,338"
الخدمات الرقمية,عام,القطاع العام,خدمة إلكترونية,2026/06/22,"37,696,510"
الخدمات الرقمية,عام,القطاع العام,خدمة إلكترونية,2026/06/22,"37,700,374"
الخدمات الرقمية,عام,القطاع العام,خدمة إلكترونية,2026/06/22,"37,702,263"
الخدمات الرقمية,عام,القطاع العام,خدمة إلكترونية,2026/06/22,"37,696,201"
الخدمات الرقمية,عام,القطاع العام,خدمة إلكترونية,2026/06/22,"37,697,549"
الخدمات الرقمية,عام,القطاع العام,خدمة إلكترونية,2026/06/22,"37,693,589"
الخدمات الرقمية,عام,القطاع العام,خدمة إلكترونية,2026/06/22,"37,696,051"
الخدمات الرقمية,عام,القطاع العام,خدمة إلكترونية,2026/06/22,"37,701,162"
الخدمات الرقمية,عام,القطاع العام,خدمة إلكترونية,2026/06/22,"37,693,591"
الخدمات الرقمية,عام,القطاع العام,خدمة إلكترونية,2026/06/22,"37,693,940"
الخدمات الرقمية,عام,القطاع العام,خدمة إلكترونية,2026/06/22,"37,696,348"
الخدمات الرقمية,عام,القطاع العام,خدمة إلكترونية,2026/06/22,"37,693,765"
الخدمات الرقمية,عام,القطاع العام,خدمة إلكترونية,2026/06/22,"37,695,055"
الخدمات الرقمية,عام,القطاع العام,خدمة إلكترونية,2026/06/22,"37,696,064"
الخدمات الرقمية,عام,القطاع العام,خدمة إلكترونية,2026/06/22,"37,699,003"
الخدمات الرقمية,عام,القطاع العام,خدمة إلكترونية,2026/06/22,"37,699,225"
الخدمات الرقمية,عام,القطاع العام,خدمة إلكترونية,2026/06/22,"37,696,187"
الخدمات الرقمية,عام,القطاع العام,خدمة إلكترونية,2026/06/22,"37,696,970"
الخدمات الرقمية,عام,القطاع العام,خدمة إلكترونية,2026/06/22,"37,690,054"
الخدمات الرقمية,عام,القطاع العام,خدمة إلكترونية,2026/06/22,"37,693,422"
الخدمات الرقمية,عام,القطاع العام,خدمة إلكترونية,2026/06/22,"37,696,728"
الخدمات الرقمية,عام,القطاع العام,خدمة إلكترونية,2026/06/22,"37,705,413"
الخدمات الرقمية,عام,القطاع العام,خدمة إلكترونية,2026/06/22,"37,692,622"
الخدمات الرقمية,عام,القطاع العام,خدمة إلكترونية,2026/06/22,"37,697,561"
الخدمات الرقمية,عام,القطاع العام,خدمة إلكترونية,2026/06/22,"37,694,881"
الخدمات الرقمية,عام,القطاع العام,خدمة إلكترونية,2026/06/22,"37,696,049"
الخدمات الرقمية,عام,القطاع العام,خدمة إلكترونية,2026/06/22,"37,696,061"
الخدمات الرقمية,عام,القطاع العام,خدمة إلكترونية,2026/06/22,"37,690,048"
الخدمات الرقمية,عام,القطاع العام,خدمة إلكترونية,2026/06/22,"37,690,050"
الخدمات الرقمية,عام,القطاع العام,خدمة إلكترونية,2026/06/22,"37,693,442"
الخدمات الرقمية,عام,القطاع العام,خدمة إلكترونية,2026/06/22,"37,696,186"
 القصيم,بريده,القطاع الخاص,خدمة إلكترونية جزئيا,2026/06/22,"37,698,424"
الخدمات الرقمية,عام,القطاع العام,خدمة إلكترونية,2026/06/23,"37,724,124"
 مكة المكرمه,الطائف,القطاع الخاص,خدمة إلكترونية جزئيا,2026/06/23,"37,731,643"
 الشرقية,الدمام,القطاع الخاص,خدمة إلكترونية جزئيا,2026/06/23,"37,728,736"
 الشرقية,الدمام,القطاع الخاص,خدمة إلكترونية جزئيا,2026/06/23,"37,732,757"
الخدمات الرقمية,عام,القطاع العام,خدمة إلكترونية,2026/06/23,"37,732,339"
الخدمات الرقمية,عام,القطاع العام,خدمة إلكترونية,2026/06/23,"37,732,316"
الخدمات الرقمية,عام,القطاع العام,خدمة إلكترونية,2026/06/23,"37,731,835"
الخدمات الرقمية,عام,القطاع العام,خدمة إلكترونية,2026/06/23,"37,739,974"
الخدمات الرقمية,عام,القطاع العام,خدمة إلكترونية,2026/06/23,"37,732,862"
الخدمات الرقمية,عام,القطاع العام,خدمة إلكترونية,2026/06/23,"37,737,208"
الخدمات الرقمية,عام,القطاع العام,خدمة إلكترونية,2026/06/23,"37,736,931"
الخدمات الرقمية,عام,القطاع العام,خدمة إلكترونية,2026/06/23,"37,740,061"
الخدمات الرقمية,عام,القطاع العام,خدمة إلكترونية,2026/06/23,"37,733,540"
الخدمات الرقمية,عام,القطاع العام,خدمة إلكترونية,2026/06/23,"37,740,389"
الخدمات الرقمية,عام,القطاع العام,خدمة إلكترونية,2026/06/23,"37,739,813"
الخدمات الرقمية,عام,القطاع العام,خدمة إلكترونية,2026/06/23,"37,738,117"
الخدمات الرقمية,عام,القطاع العام,خدمة إلكترونية,2026/06/23,"37,737,621"
الخدمات الرقمية,عام,القطاع العام,خدمة إلكترونية,2026/06/23,"37,739,743"
الخدمات الرقمية,عام,القطاع العام,خدمة إلكترونية,2026/06/23,"37,740,230"
الخدمات الرقمية,عام,القطاع العام,خدمة إلكترونية,2026/06/23,"37,740,339"
الخدمات الرقمية,عام,القطاع العام,خدمة إلكترونية,2026/06/23,"37,740,245"
الخدمات الرقمية,عام,القطاع العام,خدمة إلكترونية,2026/06/23,"37,737,044"
الخدمات الرقمية,عام,القطاع العام,خدمة إلكترونية,2026/06/23,"37,739,853"
الخدمات الرقمية,عام,القطاع العام,خدمة إلكترونية,2026/06/23,"37,740,164"
الخدمات الرقمية,عام,القطاع العام,خدمة إلكترونية,2026/06/23,"37,734,982"
الخدمات الرقمية,عام,القطاع العام,خدمة إلكترونية,2026/06/23,"37,745,418"
الخدمات الرقمية,عام,القطاع العام,خدمة إلكترونية,2026/06/23,"37,740,074"
الخدمات الرقمية,عام,القطاع العام,خدمة إلكترونية,2026/06/23,"37,743,136"
الخدمات الرقمية,عام,القطاع العام,خدمة إلكترونية,2026/06/23,"37,740,193"
الخدمات الرقمية,عام,القطاع العام,خدمة إلكترونية,2026/06/23,"37,739,961"
الخدمات الرقمية,عام,القطاع العام,خدمة إلكترونية,2026/06/23,"37,739,910"
الخدمات الرقمية,عام,القطاع العام,خدمة إلكترونية,2026/06/23,"37,726,213"
الخدمات الرقمية,عام,القطاع العام,خدمة إلكترونية,2026/06/23,"37,732,739"
الخدمات الرقمية,عام,القطاع العام,خدمة إلكترونية,2026/06/23,"37,739,754"
الخدمات الرقمية,عام,القطاع العام,خدمة إلكترونية,2026/06/23,"37,740,101"
الخدمات الرقمية,عام,القطاع العام,خدمة إلكترونية,2026/06/23,"37,742,076"
الخدمات الرقمية,عام,القطاع العام,خدمة إلكترونية,2026/06/23,"37,740,097"
الخدمات الرقمية,عام,القطاع العام,خدمة إلكترونية,2026/06/23,"37,739,901"
الخدمات الرقمية,عام,القطاع العام,خدمة إلكترونية,2026/06/23,"37,740,145"
الخدمات الرقمية,عام,القطاع العام,خدمة إلكترونية,2026/06/23,"37,725,513"
الخدمات الرقمية,عام,القطاع العام,خدمة إلكترونية,2026/06/23,"37,740,277"
الخدمات الرقمية,عام,القطاع العام,خدمة إلكترونية,2026/06/23,"37,739,776"
الخدمات الرقمية,عام,القطاع العام,خدمة إلكترونية,2026/06/23,"37,725,762"
الخدمات الرقمية,عام,القطاع العام,خدمة إلكترونية,2026/06/23,"37,740,178"
الخدمات الرقمية,عام,القطاع العام,خدمة إلكترونية,2026/06/23,"37,725,362"
الخدمات الرقمية,عام,القطاع العام,خدمة إلكترونية,2026/06/23,"37,736,818"
الخدمات الرقمية,عام,القطاع العام,خدمة إلكترونية,2026/06/23,"37,732,465"
الخدمات الرقمية,عام,القطاع العام,خدمة إلكترونية,2026/06/23,"37,740,321"
الخدمات الرقمية,عام,القطاع العام,خدمة إلكترونية,2026/06/23,"37,738,014"
الخدمات الرقمية,عام,القطاع العام,خدمة إلكترونية,2026/06/23,"37,738,863"
الخدمات الرقمية,عام,القطاع العام,خدمة إلكترونية,2026/06/23,"37,745,045"
الخدمات الرقمية,عام,القطاع العام,خدمة إلكترونية,2026/06/23,"37,725,133"
الخدمات الرقمية,عام,القطاع العام,خدمة إلكترونية,2026/06/23,"37,744,889"
الخدمات الرقمية,عام,القطاع العام,خدمة إلكترونية,2026/06/23,"37,740,147"
الخدمات الرقمية,عام,القطاع العام,خدمة إلكترونية,2026/06/23,"37,745,479"
الخدمات الرقمية,عام,القطاع العام,خدمة إلكترونية,2026/06/23,"37,729,075"
الخدمات الرقمية,عام,القطاع العام,خدمة إلكترونية,2026/06/23,"37,736,495"
الخدمات الرقمية,عام,القطاع العام,خدمة إلكترونية,2026/06/23,"37,732,177"
الخدمات الرقمية,عام,القطاع العام,خدمة إلكترونية,2026/06/23,"37,734,939"
الخدمات الرقمية,عام,القطاع العام,خدمة إلكترونية,2026/06/23,"37,736,733"
الخدمات الرقمية,عام,القطاع العام,خدمة إلكترونية,2026/06/23,"37,735,448"
الخدمات الرقمية,عام,القطاع العام,خدمة إلكترونية,2026/06/23,"37,732,050"
الخدمات الرقمية,عام,القطاع العام,خدمة إلكترونية,2026/06/23,"37,737,530"
الخدمات الرقمية,عام,القطاع العام,خدمة إلكترونية,2026/06/23,"37,747,597"
الخدمات الرقمية,عام,القطاع العام,خدمة إلكترونية,2026/06/23,"37,747,547"
الخدمات الرقمية,عام,القطاع العام,خدمة إلكترونية,2026/06/23,"37,726,790"
الخدمات الرقمية,عام,القطاع العام,خدمة إلكترونية,2026/06/23,"37,727,182"
الخدمات الرقمية,عام,القطاع العام,خدمة إلكترونية,2026/06/23,"37,725,748"
الخدمات الرقمية,عام,القطاع العام,خدمة إلكترونية,2026/06/23,"37,726,775"
الخدمات الرقمية,عام,القطاع العام,خدمة إلكترونية,2026/06/23,"37,727,317"
الخدمات الرقمية,عام,القطاع العام,خدمة إلكترونية,2026/06/23,"37,731,639"
الخدمات الرقمية,عام,القطاع العام,خدمة إلكترونية,2026/06/23,"37,734,147"
الخدمات الرقمية,عام,القطاع العام,خدمة إلكترونية,2026/06/23,"37,734,369"
الخدمات الرقمية,عام,القطاع العام,خدمة إلكترونية,2026/06/23,"37,734,534"
الخدمات الرقمية,عام,القطاع العام,خدمة إلكترونية,2026/06/23,"37,738,368"
الخدمات الرقمية,عام,القطاع العام,خدمة إلكترونية,2026/06/23,"37,738,197"
الخدمات الرقمية,عام,القطاع العام,خدمة إلكترونية,2026/06/23,"37,732,289"
الخدمات الرقمية,عام,القطاع العام,خدمة إلكترونية,2026/06/23,"37,734,707"
الخدمات الرقمية,عام,القطاع العام,خدمة إلكترونية,2026/06/23,"37,734,903"
الخدمات الرقمية,عام,القطاع العام,خدمة إلكترونية,2026/06/23,"37,738,178"
الخدمات الرقمية,عام,القطاع العام,خدمة إلكترونية,2026/06/23,"37,738,361"
الخدمات الرقمية,عام,القطاع العام,خدمة إلكترونية,2026/06/23,"37,735,273"
الخدمات الرقمية,عام,القطاع العام,خدمة إلكترونية,2026/06/23,"37,735,277"
الخدمات الرقمية,عام,القطاع العام,خدمة إلكترونية,2026/06/23,"37,728,842"
الخدمات الرقمية,عام,القطاع العام,خدمة إلكترونية,2026/06/23,"37,724,198"
الخدمات الرقمية,عام,القطاع العام,خدمة إلكترونية,2026/06/23,"37,737,764"
الخدمات الرقمية,عام,القطاع العام,خدمة إلكترونية,2026/06/23,"37,731,637"
الخدمات الرقمية,عام,القطاع العام,خدمة إلكترونية,2026/06/23,"37,738,369"
الخدمات الرقمية,عام,القطاع العام,خدمة إلكترونية,2026/06/23,"37,724,201"
الخدمات الرقمية,عام,القطاع العام,خدمة إلكترونية,2026/06/23,"37,734,690"
الخدمات الرقمية,عام,القطاع العام,خدمة إلكترونية,2026/06/23,"37,724,119"
الخدمات الرقمية,عام,القطاع العام,خدمة إلكترونية,2026/06/23,"37,724,117"
الخدمات الرقمية,عام,القطاع العام,خدمة إلكترونية,2026/06/23,"37,724,203"
الخدمات الرقمية,عام,القطاع العام,خدمة إلكترونية,2026/06/23,"37,729,267"
الخدمات الرقمية,عام,القطاع العام,خدمة إلكترونية,2026/06/23,"37,733,550"
الخدمات الرقمية,عام,القطاع العام,خدمة إلكترونية,2026/06/23,"37,735,293"
الخدمات الرقمية,عام,القطاع العام,خدمة إلكترونية,2026/06/23,"37,735,298"
الخدمات الرقمية,عام,القطاع العام,خدمة إلكترونية,2026/06/23,"37,735,802"
الخدمات الرقمية,عام,القطاع العام,خدمة إلكترونية,2026/06/23,"37,724,123"
الخدمات الرقمية,عام,القطاع العام,خدمة إلكترونية,2026/06/23,"37,733,545"
الخدمات الرقمية,عام,القطاع العام,خدمة إلكترونية,2026/06/23,"37,729,263"
الخدمات الرقمية,عام,القطاع العام,خدمة إلكترونية,2026/06/23,"37,737,948"
الخدمات الرقمية,عام,القطاع العام,خدمة إلكترونية,2026/06/23,"37,724,113"
الخدمات الرقمية,عام,القطاع العام,خدمة إلكترونية,2026/06/23,"37,734,143"
الخدمات الرقمية,عام,القطاع العام,خدمة إلكترونية,2026/06/23,"37,727,082"
الخدمات الرقمية,عام,القطاع العام,خدمة إلكترونية,2026/06/23,"37,729,605"
الخدمات الرقمية,عام,القطاع العام,خدمة إلكترونية,2026/06/23,"37,733,553"
الخدمات الرقمية,عام,القطاع العام,خدمة إلكترونية,2026/06/23,"37,730,200"
الخدمات الرقمية,عام,القطاع العام,خدمة إلكترونية,2026/06/23,"37,731,081"
الخدمات الرقمية,عام,القطاع العام,خدمة إلكترونية,2026/06/23,"37,738,105"
الخدمات الرقمية,عام,القطاع العام,خدمة إلكترونية,2026/06/23,"37,725,933"
الخدمات الرقمية,عام,القطاع العام,خدمة إلكترونية,2026/06/23,"37,727,673"
الخدمات الرقمية,عام,القطاع العام,خدمة إلكترونية,2026/06/23,"37,724,121"
الخدمات الرقمية,عام,القطاع العام,خدمة إلكترونية,2026/06/23,"37,738,106"
الخدمات الرقمية,عام,القطاع العام,خدمة إلكترونية,2026/06/23,"37,724,207"
الخدمات الرقمية,عام,القطاع العام,خدمة إلكترونية,2026/06/23,"37,724,308"
الخدمات الرقمية,عام,القطاع العام,خدمة إلكترونية,2026/06/23,"37,734,535"
الخدمات الرقمية,عام,القطاع العام,خدمة إلكترونية,2026/06/23,"37,736,795"
الخدمات الرقمية,عام,القطاع العام,خدمة إلكترونية,2026/06/23,"37,731,444"
الخدمات الرقمية,كتابة عدل مدمجة - افتراضية,القطاع العام,خدمة إلكترونية جزئيا,2026/06/23,"37,731,874"
 الشرقية,الدمام,القطاع الخاص,خدمة إلكترونية جزئيا,2026/06/23,"37,732,522"
 الشرقية,الدمام,القطاع الخاص,خدمة إلكترونية جزئيا,2026/06/23,"37,731,378"
الخدمات الرقمية,عام,القطاع العام,خدمة إلكترونية,2026/06/24,"37,760,895"
الخدمات الرقمية,عام,القطاع العام,خدمة إلكترونية,2026/06/24,"37,755,960"
الخدمات الرقمية,عام,القطاع العام,خدمة إلكترونية,2026/06/24,"37,755,980"
 القصيم,بريده,القطاع الخاص,خدمة إلكترونية جزئيا,2026/06/24,"37,763,293"
 مكة المكرمه,الطائف,القطاع الخاص,خدمة إلكترونية جزئيا,2026/06/24,"37,752,850"
 مكة المكرمه,الطائف,القطاع الخاص,خدمة إلكترونية جزئيا,2026/06/24,"37,753,136"
 الشرقية,الدمام,القطاع الخاص,خدمة إلكترونية جزئيا,2026/06/24,"37,753,391"
 مكة المكرمه,الطائف,القطاع الخاص,خدمة إلكترونية جزئيا,2026/06/24,"37,762,093"
 مكة المكرمه,الطائف,القطاع الخاص,خدمة إلكترونية جزئيا,2026/06/24,"37,756,188"
 عسير,ابها,القطاع الخاص,خدمة إلكترونية جزئيا,2026/06/24,"37,767,390"
 الرياض,الرياض,القطاع الخاص,خدمة إلكترونية جزئيا,2026/06/24,"37,763,593"
 الرياض,الرياض,القطاع الخاص,خدمة إلكترونية جزئيا,2026/06/24,"37,757,290"
 القصيم,بريده,القطاع الخاص,خدمة إلكترونية جزئيا,2026/06/24,"37,765,121"
 مكة المكرمه,جده,القطاع الخاص,خدمة إلكترونية جزئيا,2026/06/24,"37,760,054"
 الرياض,الرياض,القطاع الخاص,خدمة إلكترونية جزئيا,2026/06/24,"37,764,353"
 الرياض,الرياض,القطاع الخاص,خدمة إلكترونية جزئيا,2026/06/24,"37,754,032"
 مكة المكرمه,جده,القطاع الخاص,خدمة إلكترونية جزئيا,2026/06/24,"37,766,514"
 الرياض,الرياض,القطاع الخاص,خدمة إلكترونية جزئيا,2026/06/24,"37,757,431"
 مكة المكرمه,مكة المكرمة,القطاع الخاص,خدمة إلكترونية جزئيا,2026/06/24,"37,757,770"
 مكة المكرمه,جده,القطاع الخاص,خدمة إلكترونية جزئيا,2026/06/24,"37,761,604"
 الرياض,الرياض,القطاع الخاص,خدمة إلكترونية جزئيا,2026/06/24,"37,754,021"
 الرياض,الرياض,القطاع الخاص,خدمة إلكترونية جزئيا,2026/06/24,"37,762,247"
 الرياض,الرياض,القطاع الخاص,خدمة إلكترونية جزئيا,2026/06/24,"37,760,052"
 مكة المكرمه,جده,القطاع الخاص,خدمة إلكترونية جزئيا,2026/06/24,"37,766,345"
 مكة المكرمه,جده,القطاع الخاص,خدمة إلكترونية جزئيا,2026/06/24,"37,767,002"
الخدمات الرقمية,عام,القطاع العام,خدمة إلكترونية,2026/06/24,"37,756,178"
الخدمات الرقمية,عام,القطاع العام,خدمة إلكترونية,2026/06/24,"37,765,505"
الخدمات الرقمية,عام,القطاع العام,خدمة إلكترونية,2026/06/24,"37,770,067"
الخدمات الرقمية,عام,القطاع العام,خدمة إلكترونية,2026/06/24,"37,765,079"
الخدمات الرقمية,عام,القطاع العام,خدمة إلكترونية,2026/06/24,"37,757,805"
الخدمات الرقمية,عام,القطاع العام,خدمة إلكترونية,2026/06/24,"37,760,003"
الخدمات الرقمية,عام,القطاع العام,خدمة إلكترونية,2026/06/24,"37,768,972"
الخدمات الرقمية,عام,القطاع العام,خدمة إلكترونية,2026/06/24,"37,767,256"
الخدمات الرقمية,عام,القطاع العام,خدمة إلكترونية,2026/06/24,"37,754,137"
الخدمات الرقمية,عام,القطاع العام,خدمة إلكترونية,2026/06/24,"37,757,533"
الخدمات الرقمية,عام,القطاع العام,خدمة إلكترونية,2026/06/24,"37,756,423"
الخدمات الرقمية,عام,القطاع العام,خدمة إلكترونية,2026/06/24,"37,760,366"
الخدمات الرقمية,عام,القطاع العام,خدمة إلكترونية,2026/06/24,"37,757,341"
الخدمات الرقمية,عام,القطاع العام,خدمة إلكترونية,2026/06/24,"37,759,887"
الخدمات الرقمية,عام,القطاع العام,خدمة إلكترونية,2026/06/24,"37,760,437"
الخدمات الرقمية,عام,القطاع العام,خدمة إلكترونية,2026/06/24,"37,765,277"
الخدمات الرقمية,عام,القطاع العام,خدمة إلكترونية,2026/06/24,"37,766,606"
الخدمات الرقمية,عام,القطاع العام,خدمة إلكترونية,2026/06/24,"37,770,103"
الخدمات الرقمية,عام,القطاع العام,خدمة إلكترونية,2026/06/24,"37,756,557"
الخدمات الرقمية,عام,القطاع العام,خدمة إلكترونية,2026/06/24,"37,765,449"
الخدمات الرقمية,عام,القطاع العام,خدمة إلكترونية,2026/06/24,"37,768,405"
الخدمات الرقمية,عام,القطاع العام,خدمة إلكترونية,2026/06/24,"37,755,530"
الخدمات الرقمية,عام,القطاع العام,خدمة إلكترونية,2026/06/24,"37,767,210"
الخدمات الرقمية,عام,القطاع العام,خدمة إلكترونية,2026/06/24,"37,758,022"
الخدمات الرقمية,عام,القطاع العام,خدمة إلكترونية,2026/06/24,"37,757,561"
الخدمات الرقمية,عام,القطاع العام,خدمة إلكترونية,2026/06/24,"37,761,493"
الخدمات الرقمية,عام,القطاع العام,خدمة إلكترونية,2026/06/24,"37,767,157"
الخدمات الرقمية,عام,القطاع العام,خدمة إلكترونية,2026/06/24,"37,768,714"
الخدمات الرقمية,عام,القطاع العام,خدمة إلكترونية,2026/06/24,"37,769,217"
الخدمات الرقمية,عام,القطاع العام,خدمة إلكترونية,2026/06/24,"37,764,388"
الخدمات الرقمية,عام,القطاع العام,خدمة إلكترونية,2026/06/24,"37,757,864"
الخدمات الرقمية,عام,القطاع العام,خدمة إلكترونية,2026/06/24,"37,757,640"
الخدمات الرقمية,عام,القطاع العام,خدمة إلكترونية,2026/06/24,"37,760,196"
الخدمات الرقمية,عام,القطاع العام,خدمة إلكترونية,2026/06/24,"37,768,992"
الخدمات الرقمية,عام,القطاع العام,خدمة إلكترونية,2026/06/24,"37,770,139"
الخدمات الرقمية,عام,القطاع العام,خدمة إلكترونية,2026/06/24,"37,753,622"
الخدمات الرقمية,عام,القطاع العام,خدمة إلكترونية,2026/06/24,"37,765,820"
الخدمات الرقمية,عام,القطاع العام,خدمة إلكترونية,2026/06/24,"37,769,191"
الخدمات الرقمية,عام,القطاع العام,خدمة إلكترونية,2026/06/24,"37,760,270"
الخدمات الرقمية,عام,القطاع العام,خدمة إلكترونية,2026/06/24,"37,756,345"
الخدمات الرقمية,عام,القطاع العام,خدمة إلكترونية,2026/06/24,"37,757,653"
الخدمات الرقمية,عام,القطاع العام,خدمة إلكترونية,2026/06/24,"37,769,033"
الخدمات الرقمية,عام,القطاع العام,خدمة إلكترونية,2026/06/24,"37,760,470"
الخدمات الرقمية,عام,القطاع العام,خدمة إلكترونية,2026/06/24,"37,765,794"
الخدمات الرقمية,عام,القطاع العام,خدمة إلكترونية,2026/06/24,"37,763,647"
الخدمات الرقمية,عام,القطاع العام,خدمة إلكترونية,2026/06/24,"37,757,603"
الخدمات الرقمية,عام,القطاع العام,خدمة إلكترونية,2026/06/24,"37,758,117"
الخدمات الرقمية,عام,القطاع العام,خدمة إلكترونية,2026/06/24,"37,759,780"
الخدمات الرقمية,عام,القطاع العام,خدمة إلكترونية,2026/06/24,"37,756,614"
الخدمات الرقمية,عام,القطاع العام,خدمة إلكترونية,2026/06/24,"37,756,013"
الخدمات الرقمية,عام,القطاع العام,خدمة إلكترونية,2026/06/24,"37,756,673"
الخدمات الرقمية,عام,القطاع العام,خدمة إلكترونية,2026/06/24,"37,768,544"
الخدمات الرقمية,عام,القطاع العام,خدمة إلكترونية,2026/06/24,"37,768,801"
الخدمات الرقمية,عام,القطاع العام,خدمة إلكترونية,2026/06/24,"37,769,281"
الخدمات الرقمية,عام,القطاع العام,خدمة إلكترونية,2026/06/24,"37,757,269"
الخدمات الرقمية,عام,القطاع العام,خدمة إلكترونية,2026/06/24,"37,758,060"
الخدمات الرقمية,عام,القطاع العام,خدمة إلكترونية,2026/06/24,"37,759,566"
الخدمات الرقمية,عام,القطاع العام,خدمة إلكترونية,2026/06/24,"37,760,085"
الخدمات الرقمية,عام,القطاع العام,خدمة إلكترونية,2026/06/24,"37,760,553"
الخدمات الرقمية,عام,القطاع العام,خدمة إلكترونية,2026/06/24,"37,766,949"
الخدمات الرقمية,عام,القطاع العام,خدمة إلكترونية,2026/06/24,"37,759,077"
الخدمات الرقمية,عام,القطاع العام,خدمة إلكترونية,2026/06/24,"37,759,527"
الخدمات الرقمية,عام,القطاع العام,خدمة إلكترونية,2026/06/24,"37,760,650"
الخدمات الرقمية,عام,القطاع العام,خدمة إلكترونية,2026/06/24,"37,754,519"
الخدمات الرقمية,عام,القطاع العام,خدمة إلكترونية,2026/06/24,"37,765,866"
الخدمات الرقمية,عام,القطاع العام,خدمة إلكترونية,2026/06/24,"37,759,761"
الخدمات الرقمية,عام,القطاع العام,خدمة إلكترونية,2026/06/24,"37,760,002"
الخدمات الرقمية,عام,القطاع العام,خدمة إلكترونية,2026/06/24,"37,751,896"
الخدمات الرقمية,عام,القطاع العام,خدمة إلكترونية,2026/06/24,"37,763,902"
الخدمات الرقمية,عام,القطاع العام,خدمة إلكترونية,2026/06/24,"37,759,955"
الخدمات الرقمية,عام,القطاع العام,خدمة إلكترونية,2026/06/24,"37,757,429"
الخدمات الرقمية,عام,القطاع العام,خدمة إلكترونية,2026/06/24,"37,766,491"
الخدمات الرقمية,عام,القطاع العام,خدمة إلكترونية,2026/06/24,"37,763,684"
الخدمات الرقمية,عام,القطاع العام,خدمة إلكترونية,2026/06/24,"37,764,865"
الخدمات الرقمية,عام,القطاع العام,خدمة إلكترونية,2026/06/24,"37,764,873"
الخدمات الرقمية,عام,القطاع العام,خدمة إلكترونية,2026/06/24,"37,769,508"
الخدمات الرقمية,عام,القطاع العام,خدمة إلكترونية,2026/06/24,"37,751,895"
الخدمات الرقمية,عام,القطاع العام,خدمة إلكترونية,2026/06/24,"37,756,076"
الخدمات الرقمية,عام,القطاع العام,خدمة إلكترونية,2026/06/24,"37,756,299"
الخدمات الرقمية,عام,القطاع العام,خدمة إلكترونية,2026/06/24,"37,757,072"
الخدمات الرقمية,عام,القطاع العام,خدمة إلكترونية,2026/06/24,"37,757,526"
الخدمات الرقمية,عام,القطاع العام,خدمة إلكترونية,2026/06/24,"37,757,804"
الخدمات الرقمية,عام,القطاع العام,خدمة إلكترونية,2026/06/24,"37,759,604"
الخدمات الرقمية,عام,القطاع العام,خدمة إلكترونية,2026/06/24,"37,760,685"
الخدمات الرقمية,عام,القطاع العام,خدمة إلكترونية,2026/06/24,"37,767,004"
الخدمات الرقمية,عام,القطاع العام,خدمة إلكترونية,2026/06/24,"37,770,007"
الخدمات الرقمية,عام,القطاع العام,خدمة إلكترونية,2026/06/24,"37,759,528"
الخدمات الرقمية,عام,القطاع العام,خدمة إلكترونية,2026/06/24,"37,751,346"
الخدمات الرقمية,عام,القطاع العام,خدمة إلكترونية,2026/06/24,"37,757,401"
الخدمات الرقمية,عام,القطاع العام,خدمة إلكترونية,2026/06/24,"37,754,569"
الخدمات الرقمية,عام,القطاع العام,خدمة إلكترونية,2026/06/24,"37,767,253"
الخدمات الرقمية,عام,القطاع العام,خدمة إلكترونية,2026/06/24,"37,770,118"
الخدمات الرقمية,عام,القطاع العام,خدمة إلكترونية,2026/06/24,"37,765,316"
الخدمات الرقمية,عام,القطاع العام,خدمة إلكترونية,2026/06/24,"37,757,692"
الخدمات الرقمية,عام,القطاع العام,خدمة إلكترونية,2026/06/24,"37,768,039"
الخدمات الرقمية,عام,القطاع العام,خدمة إلكترونية,2026/06/24,"37,765,543"
الخدمات الرقمية,عام,القطاع العام,خدمة إلكترونية,2026/06/24,"37,759,925"
الخدمات الرقمية,عام,القطاع العام,خدمة إلكترونية,2026/06/24,"37,765,549"
الخدمات الرقمية,عام,القطاع العام,خدمة إلكترونية,2026/06/24,"37,756,101"
الخدمات الرقمية,عام,القطاع العام,خدمة إلكترونية,2026/06/24,"37,751,990"
الخدمات الرقمية,عام,القطاع العام,خدمة إلكترونية,2026/06/24,"37,757,720"
الخدمات الرقمية,عام,القطاع العام,خدمة إلكترونية,2026/06/24,"37,767,120"
الخدمات الرقمية,عام,القطاع العام,خدمة إلكترونية,2026/06/24,"37,751,863"
الخدمات الرقمية,عام,القطاع العام,خدمة إلكترونية,2026/06/24,"37,767,847"
الخدمات الرقمية,عام,القطاع العام,خدمة إلكترونية,2026/06/24,"37,757,123"
الخدمات الرقمية,عام,القطاع العام,خدمة إلكترونية,2026/06/24,"37,759,825"
الخدمات الرقمية,عام,القطاع العام,خدمة إلكترونية,2026/06/24,"37,759,700"
الخدمات الرقمية,عام,القطاع العام,خدمة إلكترونية,2026/06/24,"37,759,487"
الخدمات الرقمية,عام,القطاع العام,خدمة إلكترونية,2026/06/24,"37,760,123"
الخدمات الرقمية,عام,القطاع العام,خدمة إلكترونية,2026/06/24,"37,757,491"
الخدمات الرقمية,عام,القطاع العام,خدمة إلكترونية,2026/06/24,"37,757,863"
الخدمات الرقمية,عام,القطاع العام,خدمة إلكترونية,2026/06/24,"37,757,001"
الخدمات الرقمية,عام,القطاع العام,خدمة إلكترونية,2026/06/24,"37,769,597"
الخدمات الرقمية,عام,القطاع العام,خدمة إلكترونية,2026/06/24,"37,755,736"
الخدمات الرقمية,عام,القطاع العام,خدمة إلكترونية,2026/06/24,"37,769,768"
الخدمات الرقمية,عام,القطاع العام,خدمة إلكترونية,2026/06/24,"37,765,639"
الخدمات الرقمية,عام,القطاع العام,خدمة إلكترونية,2026/06/24,"37,756,376"
الخدمات الرقمية,عام,القطاع العام,خدمة إلكترونية,2026/06/24,"37,756,807"
الخدمات الرقمية,عام,القطاع العام,خدمة إلكترونية,2026/06/24,"37,768,691"
الخدمات الرقمية,عام,القطاع العام,خدمة إلكترونية,2026/06/24,"37,754,602"
الخدمات الرقمية,عام,القطاع العام,خدمة إلكترونية,2026/06/24,"37,755,789"
الخدمات الرقمية,عام,القطاع العام,خدمة إلكترونية,2026/06/24,"37,757,436"
الخدمات الرقمية,عام,القطاع العام,خدمة إلكترونية,2026/06/24,"37,759,319"
الخدمات الرقمية,عام,القطاع العام,خدمة إلكترونية,2026/06/24,"37,759,427"
الخدمات الرقمية,عام,القطاع العام,خدمة إلكترونية,2026/06/24,"37,757,026"
الخدمات الرقمية,عام,القطاع العام,خدمة إلكترونية,2026/06/24,"37,757,996"
الخدمات الرقمية,عام,القطاع العام,خدمة إلكترونية,2026/06/24,"37,760,813"
الخدمات الرقمية,عام,القطاع العام,خدمة إلكترونية,2026/06/24,"37,759,656"
الخدمات الرقمية,عام,القطاع العام,خدمة إلكترونية,2026/06/24,"37,759,447"
الخدمات الرقمية,عام,القطاع العام,خدمة إلكترونية,2026/06/24,"37,757,157"
الخدمات الرقمية,عام,القطاع العام,خدمة إلكترونية,2026/06/24,"37,759,193"
الخدمات الرقمية,عام,القطاع العام,خدمة إلكترونية,2026/06/24,"37,759,648"
الخدمات الرقمية,عام,القطاع العام,خدمة إلكترونية,2026/06/24,"37,768,258"
الخدمات الرقمية,عام,القطاع العام,خدمة إلكترونية,2026/06/24,"37,768,487"
الخدمات الرقمية,عام,القطاع العام,خدمة إلكترونية,2026/06/24,"37,769,884"
الخدمات الرقمية,عام,القطاع العام,خدمة إلكترونية,2026/06/24,"37,761,751"
الخدمات الرقمية,عام,القطاع العام,خدمة إلكترونية,2026/06/24,"37,756,844"
الخدمات الرقمية,عام,القطاع العام,خدمة إلكترونية,2026/06/24,"37,756,234"
الخدمات الرقمية,عام,القطاع العام,خدمة إلكترونية,2026/06/24,"37,760,595"
الخدمات الرقمية,عام,القطاع العام,خدمة إلكترونية,2026/06/24,"37,770,034"
الخدمات الرقمية,عام,القطاع العام,خدمة إلكترونية,2026/06/24,"37,759,059"
الخدمات الرقمية,عام,القطاع العام,خدمة إلكترونية,2026/06/24,"37,767,080"
الخدمات الرقمية,عام,القطاع العام,خدمة إلكترونية,2026/06/24,"37,766,599"
الخدمات الرقمية,عام,القطاع العام,خدمة إلكترونية,2026/06/24,"37,759,785"
الخدمات الرقمية,عام,القطاع العام,خدمة إلكترونية,2026/06/24,"37,762,047"
الخدمات الرقمية,عام,القطاع العام,خدمة إلكترونية,2026/06/24,"37,765,587"
الخدمات الرقمية,عام,القطاع العام,خدمة إلكترونية,2026/06/24,"37,755,882"
الخدمات الرقمية,عام,القطاع العام,خدمة إلكترونية,2026/06/24,"37,767,050"
الخدمات الرقمية,عام,القطاع العام,خدمة إلكترونية,2026/06/24,"37,760,038"
الخدمات الرقمية,عام,القطاع العام,خدمة إلكترونية,2026/06/24,"37,769,691"
الخدمات الرقمية,عام,القطاع العام,خدمة إلكترونية,2026/06/24,"37,757,978"
الخدمات الرقمية,عام,القطاع العام,خدمة إلكترونية,2026/06/24,"37,757,239"
الخدمات الرقمية,عام,القطاع العام,خدمة إلكترونية,2026/06/24,"37,766,428"
الخدمات الرقمية,عام,القطاع العام,خدمة إلكترونية,2026/06/24,"37,759,258"
الخدمات الرقمية,عام,القطاع العام,خدمة إلكترونية,2026/06/24,"37,767,286"
الخدمات الرقمية,عام,القطاع العام,خدمة إلكترونية,2026/06/24,"37,759,914"
الخدمات الرقمية,عام,القطاع العام,خدمة إلكترونية,2026/06/24,"37,765,631"
الخدمات الرقمية,عام,القطاع العام,خدمة إلكترونية,2026/06/24,"37,757,916"
الخدمات الرقمية,عام,القطاع العام,خدمة إلكترونية,2026/06/24,"37,756,774"
الخدمات الرقمية,عام,القطاع العام,خدمة إلكترونية,2026/06/24,"37,769,324"
الخدمات الرقمية,عام,القطاع العام,خدمة إلكترونية,2026/06/24,"37,757,416"
الخدمات الرقمية,عام,القطاع العام,خدمة إلكترونية,2026/06/24,"37,759,275"
الخدمات الرقمية,عام,القطاع العام,خدمة إلكترونية,2026/06/24,"37,761,224"
الخدمات الرقمية,عام,القطاع العام,خدمة إلكترونية,2026/06/24,"37,753,883"
الخدمات الرقمية,عام,القطاع العام,خدمة إلكترونية,2026/06/24,"37,756,532"
الخدمات الرقمية,عام,القطاع العام,خدمة إلكترونية,2026/06/24,"37,757,313"
الخدمات الرقمية,عام,القطاع العام,خدمة إلكترونية,2026/06/24,"37,757,614"
الخدمات الرقمية,عام,القطاع العام,خدمة إلكترونية,2026/06/24,"37,755,661"
الخدمات الرقمية,عام,القطاع العام,خدمة إلكترونية,2026/06/24,"37,761,182"
الخدمات الرقمية,عام,القطاع العام,خدمة إلكترونية,2026/06/24,"37,761,311"
الخدمات الرقمية,عام,القطاع العام,خدمة إلكترونية,2026/06/24,"37,761,101"
الخدمات الرقمية,عام,القطاع العام,خدمة إلكترونية,2026/06/24,"37,770,169"
الخدمات الرقمية,عام,القطاع العام,خدمة إلكترونية,2026/06/24,"37,757,033"
الخدمات الرقمية,عام,القطاع العام,خدمة إلكترونية,2026/06/24,"37,770,261"
الخدمات الرقمية,عام,القطاع العام,خدمة إلكترونية,2026/06/24,"37,758,206"
الخدمات الرقمية,عام,القطاع العام,خدمة إلكترونية,2026/06/24,"37,761,025"
الخدمات الرقمية,عام,القطاع العام,خدمة إلكترونية,2026/06/24,"37,754,926"
الخدمات الرقمية,عام,القطاع العام,خدمة إلكترونية,2026/06/24,"37,774,936"
الخدمات الرقمية,عام,القطاع العام,خدمة إلكترونية,2026/06/24,"37,755,839"
الخدمات الرقمية,عام,القطاع العام,خدمة إلكترونية,2026/06/24,"37,755,936"
الخدمات الرقمية,عام,القطاع العام,خدمة إلكترونية,2026/06/24,"37,754,693"
الخدمات الرقمية,عام,القطاع العام,خدمة إلكترونية,2026/06/24,"37,757,927"
الخدمات الرقمية,عام,القطاع العام,خدمة إلكترونية,2026/06/24,"37,770,353"
الخدمات الرقمية,عام,القطاع العام,خدمة إلكترونية,2026/06/24,"37,761,359"
الخدمات الرقمية,عام,القطاع العام,خدمة إلكترونية,2026/06/24,"37,754,122"
الخدمات الرقمية,عام,القطاع العام,خدمة إلكترونية,2026/06/24,"37,762,497"
الخدمات الرقمية,عام,القطاع العام,خدمة إلكترونية,2026/06/24,"37,755,877"
الخدمات الرقمية,عام,القطاع العام,خدمة إلكترونية,2026/06/24,"37,756,065"
الخدمات الرقمية,عام,القطاع العام,خدمة إلكترونية,2026/06/24,"37,756,921"
الخدمات الرقمية,عام,القطاع العام,خدمة إلكترونية,2026/06/24,"37,763,289"
الخدمات الرقمية,عام,القطاع العام,خدمة إلكترونية,2026/06/24,"37,757,270"
الخدمات الرقمية,عام,القطاع العام,خدمة إلكترونية,2026/06/24,"37,759,745"
الخدمات الرقمية,عام,القطاع العام,خدمة إلكترونية,2026/06/24,"37,756,913"
الخدمات الرقمية,عام,القطاع العام,خدمة إلكترونية,2026/06/24,"37,759,760"
الخدمات الرقمية,عام,القطاع العام,خدمة إلكترونية,2026/06/24,"37,757,103"
الخدمات الرقمية,عام,القطاع العام,خدمة إلكترونية,2026/06/24,"37,766,641"
الخدمات الرقمية,عام,القطاع العام,خدمة إلكترونية,2026/06/24,"37,759,564"
الخدمات الرقمية,عام,القطاع العام,خدمة إلكترونية,2026/06/24,"37,763,287"
الخدمات الرقمية,عام,القطاع العام,خدمة إلكترونية,2026/06/24,"37,755,614"
الخدمات الرقمية,عام,القطاع العام,خدمة إلكترونية,2026/06/24,"37,759,903"
الخدمات الرقمية,عام,القطاع العام,خدمة إلكترونية,2026/06/24,"37,755,225"
الخدمات الرقمية,عام,القطاع العام,خدمة إلكترونية,2026/06/24,"37,755,758"
الخدمات الرقمية,عام,القطاع العام,خدمة إلكترونية,2026/06/24,"37,754,011"
الخدمات الرقمية,عام,القطاع العام,خدمة إلكترونية,2026/06/24,"37,756,899"
الخدمات الرقمية,عام,القطاع العام,خدمة إلكترونية,2026/06/24,"37,763,288"
الخدمات الرقمية,عام,القطاع العام,خدمة إلكترونية,2026/06/24,"37,751,532"
الخدمات الرقمية,عام,القطاع العام,خدمة إلكترونية,2026/06/24,"37,761,955"
الخدمات الرقمية,عام,القطاع العام,خدمة إلكترونية,2026/06/24,"37,763,275"
الخدمات الرقمية,عام,القطاع العام,خدمة إلكترونية,2026/06/24,"37,756,107"
الخدمات الرقمية,عام,القطاع العام,خدمة إلكترونية,2026/06/24,"37,759,901"
الخدمات الرقمية,عام,القطاع العام,خدمة إلكترونية,2026/06/24,"37,767,510"
الخدمات الرقمية,عام,القطاع العام,خدمة إلكترونية,2026/06/24,"37,759,743"
الخدمات الرقمية,عام,القطاع العام,خدمة إلكترونية,2026/06/24,"37,759,747"
الخدمات الرقمية,عام,القطاع العام,خدمة إلكترونية,2026/06/24,"37,757,265"
الخدمات الرقمية,عام,القطاع العام,خدمة إلكترونية,2026/06/24,"37,753,991"
الخدمات الرقمية,عام,القطاع العام,خدمة إلكترونية,2026/06/24,"37,762,838"
الخدمات الرقمية,عام,القطاع العام,خدمة إلكترونية,2026/06/24,"37,757,807"
الخدمات الرقمية,عام,القطاع العام,خدمة إلكترونية,2026/06/24,"37,753,331"
الخدمات الرقمية,عام,القطاع العام,خدمة إلكترونية,2026/06/24,"37,757,101"
الخدمات الرقمية,عام,القطاع العام,خدمة إلكترونية,2026/06/24,"37,757,796"
الخدمات الرقمية,عام,القطاع العام,خدمة إلكترونية,2026/06/24,"37,756,915"
الخدمات الرقمية,عام,القطاع العام,خدمة إلكترونية,2026/06/24,"37,759,762"
الخدمات الرقمية,عام,القطاع العام,خدمة إلكترونية,2026/06/24,"37,766,970"
الخدمات الرقمية,عام,القطاع العام,خدمة إلكترونية,2026/06/24,"37,759,920"
الخدمات الرقمية,عام,القطاع العام,خدمة إلكترونية,2026/06/24,"37,760,455"
الخدمات الرقمية,عام,القطاع العام,خدمة إلكترونية,2026/06/24,"37,760,880"
الخدمات الرقمية,عام,القطاع العام,خدمة إلكترونية,2026/06/24,"37,762,840"
الخدمات الرقمية,عام,القطاع العام,خدمة إلكترونية,2026/06/24,"37,751,533"
الخدمات الرقمية,عام,القطاع العام,خدمة إلكترونية,2026/06/24,"37,764,476"
الخدمات الرقمية,عام,القطاع العام,خدمة إلكترونية,2026/06/24,"37,756,916"
الخدمات الرقمية,عام,القطاع العام,خدمة إلكترونية,2026/06/24,"37,759,739"
الخدمات الرقمية,عام,القطاع العام,خدمة إلكترونية,2026/06/24,"37,755,435"
الخدمات الرقمية,عام,القطاع العام,خدمة إلكترونية,2026/06/24,"37,759,912"
 مكة المكرمه,مكة المكرمة,القطاع الخاص,خدمة إلكترونية جزئيا,2026/06/24,"37,757,613"
 عسير,ابها,القطاع الخاص,خدمة إلكترونية جزئيا,2026/06/24,"37,767,349"
 المدينة المنوره,المدينة المنورة,القطاع الخاص,خدمة إلكترونية جزئيا,2026/06/24,"37,756,259"
 القصيم,بريده,القطاع الخاص,خدمة إلكترونية جزئيا,2026/06/24,"37,764,593"
 حائل,حائل,القطاع الخاص,خدمة إلكترونية جزئيا,2026/06/24,"37,755,218"
 الشرقية,الخبر,القطاع الخاص,خدمة إلكترونية جزئيا,2026/06/25,"37,782,693"
 مكة المكرمه,جده,القطاع الخاص,خدمة إلكترونية جزئيا,2026/06/25,"37,787,900"
 مكة المكرمه,جده,القطاع الخاص,خدمة إلكترونية جزئيا,2026/06/25,"37,788,657"
الخدمات الرقمية,عام,القطاع العام,خدمة إلكترونية,2026/06/25,"37,787,724"
 المدينة المنوره,المدينة المنورة,القطاع الخاص,خدمة إلكترونية جزئيا,2026/06/25,"37,785,708"
 الشرقية,الخبر,القطاع الخاص,خدمة إلكترونية جزئيا,2026/06/25,"37,783,314"
 الرياض,الرياض,القطاع الخاص,خدمة إلكترونية جزئيا,2026/06/25,"37,782,458"
 مكة المكرمه,جده,القطاع الخاص,خدمة إلكترونية جزئيا,2026/06/25,"37,784,917"
 مكة المكرمه,جده,القطاع الخاص,خدمة إلكترونية جزئيا,2026/06/25,"37,787,766"
 مكة المكرمه,جده,القطاع الخاص,خدمة إلكترونية جزئيا,2026/06/25,"37,787,613"
 مكة المكرمه,جده,القطاع الخاص,خدمة إلكترونية جزئيا,2026/06/25,"37,787,960"
 المدينة المنوره,المدينة المنورة,القطاع الخاص,خدمة إلكترونية جزئيا,2026/06/25,"37,782,910"
 الشرقية,الخبر,القطاع الخاص,خدمة إلكترونية جزئيا,2026/06/25,"37,782,730"
الخدمات الرقمية,عام,القطاع العام,خدمة إلكترونية,2026/06/25,"37,797,202"
الخدمات الرقمية,عام,القطاع العام,خدمة إلكترونية,2026/06/25,"37,797,046"
الخدمات الرقمية,عام,القطاع العام,خدمة إلكترونية,2026/06/25,"37,782,471"
الخدمات الرقمية,عام,القطاع العام,خدمة إلكترونية,2026/06/25,"37,780,997"
الخدمات الرقمية,عام,القطاع العام,خدمة إلكترونية,2026/06/25,"37,781,095"
الخدمات الرقمية,عام,القطاع العام,خدمة إلكترونية,2026/06/25,"37,782,345"
الخدمات الرقمية,عام,القطاع العام,خدمة إلكترونية,2026/06/25,"37,782,994"
الخدمات الرقمية,عام,القطاع العام,خدمة إلكترونية,2026/06/25,"37,781,890"
الخدمات الرقمية,عام,القطاع العام,خدمة إلكترونية,2026/06/25,"37,787,915"
الخدمات الرقمية,عام,القطاع العام,خدمة إلكترونية,2026/06/25,"37,792,817"
الخدمات الرقمية,عام,القطاع العام,خدمة إلكترونية,2026/06/25,"37,793,380"
الخدمات الرقمية,عام,القطاع العام,خدمة إلكترونية,2026/06/25,"37,787,510"
الخدمات الرقمية,عام,القطاع العام,خدمة إلكترونية,2026/06/25,"37,781,110"
الخدمات الرقمية,عام,القطاع العام,خدمة إلكترونية,2026/06/25,"37,781,138"
الخدمات الرقمية,عام,القطاع العام,خدمة إلكترونية,2026/06/25,"37,785,582"
الخدمات الرقمية,عام,القطاع العام,خدمة إلكترونية,2026/06/25,"37,781,806"
الخدمات الرقمية,عام,القطاع العام,خدمة إلكترونية,2026/06/25,"37,784,050"
الخدمات الرقمية,عام,القطاع العام,خدمة إلكترونية,2026/06/25,"37,784,186"
الخدمات الرقمية,عام,القطاع العام,خدمة إلكترونية,2026/06/25,"37,787,054"
الخدمات الرقمية,عام,القطاع العام,خدمة إلكترونية,2026/06/25,"37,782,247"
الخدمات الرقمية,عام,القطاع العام,خدمة إلكترونية,2026/06/25,"37,780,801"
الخدمات الرقمية,عام,القطاع العام,خدمة إلكترونية,2026/06/25,"37,787,241"
الخدمات الرقمية,عام,القطاع العام,خدمة إلكترونية,2026/06/25,"37,787,299"
الخدمات الرقمية,عام,القطاع العام,خدمة إلكترونية,2026/06/25,"37,782,373"
الخدمات الرقمية,عام,القطاع العام,خدمة إلكترونية,2026/06/25,"37,782,299"
الخدمات الرقمية,عام,القطاع العام,خدمة إلكترونية,2026/06/25,"37,787,403"
الخدمات الرقمية,عام,القطاع العام,خدمة إلكترونية,2026/06/25,"37,792,804"
الخدمات الرقمية,عام,القطاع العام,خدمة إلكترونية,2026/06/25,"37,798,083"
الخدمات الرقمية,عام,القطاع العام,خدمة إلكترونية,2026/06/25,"37,781,960"
الخدمات الرقمية,عام,القطاع العام,خدمة إلكترونية,2026/06/25,"37,790,471"
الخدمات الرقمية,عام,القطاع العام,خدمة إلكترونية,2026/06/25,"37,780,478"
الخدمات الرقمية,عام,القطاع العام,خدمة إلكترونية,2026/06/25,"37,784,822"
الخدمات الرقمية,عام,القطاع العام,خدمة إلكترونية,2026/06/25,"37,786,943"
الخدمات الرقمية,عام,القطاع العام,خدمة إلكترونية,2026/06/25,"37,780,688"
الخدمات الرقمية,عام,القطاع العام,خدمة إلكترونية,2026/06/25,"37,794,176"
الخدمات الرقمية,عام,القطاع العام,خدمة إلكترونية,2026/06/25,"37,787,164"
الخدمات الرقمية,عام,القطاع العام,خدمة إلكترونية,2026/06/25,"37,781,790"
الخدمات الرقمية,عام,القطاع العام,خدمة إلكترونية,2026/06/25,"37,782,419"
الخدمات الرقمية,عام,القطاع العام,خدمة إلكترونية,2026/06/25,"37,781,059"
الخدمات الرقمية,عام,القطاع العام,خدمة إلكترونية,2026/06/25,"37,788,353"
الخدمات الرقمية,عام,القطاع العام,خدمة إلكترونية,2026/06/25,"37,785,336"
الخدمات الرقمية,عام,القطاع العام,خدمة إلكترونية,2026/06/25,"37,789,199"
الخدمات الرقمية,عام,القطاع العام,خدمة إلكترونية,2026/06/25,"37,781,046"
الخدمات الرقمية,عام,القطاع العام,خدمة إلكترونية,2026/06/25,"37,781,854"
الخدمات الرقمية,عام,القطاع العام,خدمة إلكترونية,2026/06/25,"37,780,574"
الخدمات الرقمية,عام,القطاع العام,خدمة إلكترونية,2026/06/25,"37,780,712"
الخدمات الرقمية,عام,القطاع العام,خدمة إلكترونية,2026/06/25,"37,780,507"
الخدمات الرقمية,عام,القطاع العام,خدمة إلكترونية,2026/06/25,"37,781,406"
الخدمات الرقمية,عام,القطاع العام,خدمة إلكترونية,2026/06/25,"37,782,051"
الخدمات الرقمية,عام,القطاع العام,خدمة إلكترونية,2026/06/25,"37,793,577"
الخدمات الرقمية,عام,القطاع العام,خدمة إلكترونية,2026/06/25,"37,795,220"
الخدمات الرقمية,عام,القطاع العام,خدمة إلكترونية,2026/06/25,"37,782,937"
الخدمات الرقمية,عام,القطاع العام,خدمة إلكترونية,2026/06/25,"37,782,390"
الخدمات الرقمية,عام,القطاع العام,خدمة إلكترونية,2026/06/25,"37,791,485"
الخدمات الرقمية,عام,القطاع العام,خدمة إلكترونية,2026/06/25,"37,780,944"
الخدمات الرقمية,عام,القطاع العام,خدمة إلكترونية,2026/06/25,"37,782,517"
الخدمات الرقمية,عام,القطاع العام,خدمة إلكترونية,2026/06/25,"37,780,869"
الخدمات الرقمية,عام,القطاع العام,خدمة إلكترونية,2026/06/25,"37,781,109"
الخدمات الرقمية,عام,القطاع العام,خدمة إلكترونية,2026/06/25,"37,798,950"
الخدمات الرقمية,عام,القطاع العام,خدمة إلكترونية,2026/06/25,"37,781,147"
الخدمات الرقمية,عام,القطاع العام,خدمة إلكترونية,2026/06/25,"37,781,749"
الخدمات الرقمية,عام,القطاع العام,خدمة إلكترونية,2026/06/25,"37,782,797"
الخدمات الرقمية,عام,القطاع العام,خدمة إلكترونية,2026/06/25,"37,782,279"
الخدمات الرقمية,عام,القطاع العام,خدمة إلكترونية,2026/06/25,"37,781,242"
الخدمات الرقمية,عام,القطاع العام,خدمة إلكترونية,2026/06/25,"37,782,883"
الخدمات الرقمية,عام,القطاع العام,خدمة إلكترونية,2026/06/25,"37,780,922"
الخدمات الرقمية,عام,القطاع العام,خدمة إلكترونية,2026/06/25,"37,781,158"
الخدمات الرقمية,عام,القطاع العام,خدمة إلكترونية,2026/06/25,"37,790,666"
الخدمات الرقمية,عام,القطاع العام,خدمة إلكترونية,2026/06/25,"37,792,575"
الخدمات الرقمية,عام,القطاع العام,خدمة إلكترونية,2026/06/25,"37,797,272"
الخدمات الرقمية,عام,القطاع العام,خدمة إلكترونية,2026/06/25,"37,782,474"
الخدمات الرقمية,عام,القطاع العام,خدمة إلكترونية,2026/06/25,"37,785,299"
الخدمات الرقمية,عام,القطاع العام,خدمة إلكترونية,2026/06/25,"37,785,630"
الخدمات الرقمية,عام,القطاع العام,خدمة إلكترونية,2026/06/25,"37,787,377"
الخدمات الرقمية,عام,القطاع العام,خدمة إلكترونية,2026/06/25,"37,790,500"
الخدمات الرقمية,عام,القطاع العام,خدمة إلكترونية,2026/06/25,"37,794,181"
الخدمات الرقمية,عام,القطاع العام,خدمة إلكترونية,2026/06/25,"37,783,014"
الخدمات الرقمية,عام,القطاع العام,خدمة إلكترونية,2026/06/25,"37,786,744"
الخدمات الرقمية,عام,القطاع العام,خدمة إلكترونية,2026/06/25,"37,791,309"
الخدمات الرقمية,عام,القطاع العام,خدمة إلكترونية,2026/06/25,"37,794,804"
الخدمات الرقمية,عام,القطاع العام,خدمة إلكترونية,2026/06/25,"37,784,557"
الخدمات الرقمية,عام,القطاع العام,خدمة إلكترونية,2026/06/25,"37,782,394"
الخدمات الرقمية,عام,القطاع العام,خدمة إلكترونية,2026/06/25,"37,783,140"
الخدمات الرقمية,عام,القطاع العام,خدمة إلكترونية,2026/06/25,"37,793,441"
الخدمات الرقمية,عام,القطاع العام,خدمة إلكترونية,2026/06/25,"37,794,465"
الخدمات الرقمية,عام,القطاع العام,خدمة إلكترونية,2026/06/25,"37,786,613"
الخدمات الرقمية,عام,القطاع العام,خدمة إلكترونية,2026/06/25,"37,783,796"
الخدمات الرقمية,عام,القطاع العام,خدمة إلكترونية,2026/06/25,"37,790,205"
الخدمات الرقمية,عام,القطاع العام,خدمة إلكترونية,2026/06/25,"37,794,360"
الخدمات الرقمية,عام,القطاع العام,خدمة إلكترونية,2026/06/25,"37,797,310"
الخدمات الرقمية,عام,القطاع العام,خدمة إلكترونية,2026/06/25,"37,792,062"
الخدمات الرقمية,عام,القطاع العام,خدمة إلكترونية,2026/06/25,"37,786,841"
الخدمات الرقمية,عام,القطاع العام,خدمة إلكترونية,2026/06/25,"37,790,606"
الخدمات الرقمية,عام,القطاع العام,خدمة إلكترونية,2026/06/25,"37,798,247"
الخدمات الرقمية,عام,القطاع العام,خدمة إلكترونية,2026/06/25,"37,789,686"
الخدمات الرقمية,عام,القطاع العام,خدمة إلكترونية,2026/06/25,"37,786,452"
الخدمات الرقمية,عام,القطاع العام,خدمة إلكترونية,2026/06/25,"37,785,479"
الخدمات الرقمية,عام,القطاع العام,خدمة إلكترونية,2026/06/25,"37,792,169"
الخدمات الرقمية,عام,القطاع العام,خدمة إلكترونية,2026/06/25,"37,783,695"
الخدمات الرقمية,عام,القطاع العام,خدمة إلكترونية,2026/06/25,"37,784,859"
الخدمات الرقمية,عام,القطاع العام,خدمة إلكترونية,2026/06/25,"37,785,757"
الخدمات الرقمية,عام,القطاع العام,خدمة إلكترونية,2026/06/25,"37,784,810"
الخدمات الرقمية,عام,القطاع العام,خدمة إلكترونية,2026/06/25,"37,786,676"
الخدمات الرقمية,عام,القطاع العام,خدمة إلكترونية,2026/06/25,"37,787,061"
الخدمات الرقمية,عام,القطاع العام,خدمة إلكترونية,2026/06/25,"37,784,893"
الخدمات الرقمية,عام,القطاع العام,خدمة إلكترونية,2026/06/25,"37,785,220"
الخدمات الرقمية,عام,القطاع العام,خدمة إلكترونية,2026/06/25,"37,786,310"
الخدمات الرقمية,عام,القطاع العام,خدمة إلكترونية,2026/06/25,"37,786,808"
الخدمات الرقمية,عام,القطاع العام,خدمة إلكترونية,2026/06/25,"37,785,360"
الخدمات الرقمية,عام,القطاع العام,خدمة إلكترونية,2026/06/25,"37,785,419"
الخدمات الرقمية,عام,القطاع العام,خدمة إلكترونية,2026/06/25,"37,786,883"
الخدمات الرقمية,عام,القطاع العام,خدمة إلكترونية,2026/06/25,"37,784,528"
الخدمات الرقمية,عام,القطاع العام,خدمة إلكترونية,2026/06/25,"37,785,872"
الخدمات الرقمية,عام,القطاع العام,خدمة إلكترونية,2026/06/25,"37,784,844"
الخدمات الرقمية,عام,القطاع العام,خدمة إلكترونية,2026/06/25,"37,785,317"
الخدمات الرقمية,عام,القطاع العام,خدمة إلكترونية,2026/06/25,"37,785,801"
الخدمات الرقمية,عام,القطاع العام,خدمة إلكترونية,2026/06/25,"37,787,078"
الخدمات الرقمية,عام,القطاع العام,خدمة إلكترونية,2026/06/25,"37,786,724"
الخدمات الرقمية,عام,القطاع العام,خدمة إلكترونية,2026/06/25,"37,784,477"
الخدمات الرقمية,عام,القطاع العام,خدمة إلكترونية,2026/06/25,"37,785,620"
الخدمات الرقمية,عام,القطاع العام,خدمة إلكترونية,2026/06/25,"37,786,435"
الخدمات الرقمية,عام,القطاع العام,خدمة إلكترونية,2026/06/25,"37,786,842"
الخدمات الرقمية,عام,القطاع العام,خدمة إلكترونية,2026/06/25,"37,785,816"
الخدمات الرقمية,عام,القطاع العام,خدمة إلكترونية,2026/06/25,"37,787,003"
الخدمات الرقمية,عام,القطاع العام,خدمة إلكترونية,2026/06/25,"37,784,742"
الخدمات الرقمية,عام,القطاع العام,خدمة إلكترونية,2026/06/25,"37,784,987"
الخدمات الرقمية,عام,القطاع العام,خدمة إلكترونية,2026/06/25,"37,785,403"
الخدمات الرقمية,عام,القطاع العام,خدمة إلكترونية,2026/06/25,"37,786,367"
الخدمات الرقمية,عام,القطاع العام,خدمة إلكترونية,2026/06/25,"37,782,520"
الخدمات الرقمية,عام,القطاع العام,خدمة إلكترونية,2026/06/25,"37,785,174"
الخدمات الرقمية,عام,القطاع العام,خدمة إلكترونية,2026/06/25,"37,786,260"
الخدمات الرقمية,عام,القطاع العام,خدمة إلكترونية,2026/06/25,"37,786,332"
الخدمات الرقمية,عام,القطاع العام,خدمة إلكترونية,2026/06/25,"37,785,971"
الخدمات الرقمية,عام,القطاع العام,خدمة إلكترونية,2026/06/25,"37,786,738"
الخدمات الرقمية,عام,القطاع العام,خدمة إلكترونية,2026/06/25,"37,785,043"
الخدمات الرقمية,عام,القطاع العام,خدمة إلكترونية,2026/06/25,"37,786,010"
الخدمات الرقمية,عام,القطاع العام,خدمة إلكترونية,2026/06/25,"37,784,702"
الخدمات الرقمية,عام,القطاع العام,خدمة إلكترونية,2026/06/25,"37,785,282"
الخدمات الرقمية,عام,القطاع العام,خدمة إلكترونية,2026/06/25,"37,786,156"
الخدمات الرقمية,عام,القطاع العام,خدمة إلكترونية,2026/06/25,"37,785,129"
الخدمات الرقمية,عام,القطاع العام,خدمة إلكترونية,2026/06/25,"37,787,024"
الخدمات الرقمية,عام,القطاع العام,خدمة إلكترونية,2026/06/25,"37,786,920"
الخدمات الرقمية,عام,القطاع العام,خدمة إلكترونية,2026/06/25,"37,785,580"
الخدمات الرقمية,عام,القطاع العام,خدمة إلكترونية,2026/06/25,"37,789,859"
الخدمات الرقمية,عام,القطاع العام,خدمة إلكترونية,2026/06/25,"37,786,826"
الخدمات الرقمية,عام,القطاع العام,خدمة إلكترونية,2026/06/25,"37,781,939"
الخدمات الرقمية,عام,القطاع العام,خدمة إلكترونية,2026/06/25,"37,782,264"
الخدمات الرقمية,عام,القطاع العام,خدمة إلكترونية,2026/06/25,"37,783,983"
الخدمات الرقمية,عام,القطاع العام,خدمة إلكترونية,2026/06/25,"37,787,092"
الخدمات الرقمية,عام,القطاع العام,خدمة إلكترونية,2026/06/25,"37,787,689"
الخدمات الرقمية,عام,القطاع العام,خدمة إلكترونية,2026/06/25,"37,781,421"
الخدمات الرقمية,عام,القطاع العام,خدمة إلكترونية,2026/06/25,"37,781,752"
الخدمات الرقمية,عام,القطاع العام,خدمة إلكترونية,2026/06/25,"37,783,851"
الخدمات الرقمية,عام,القطاع العام,خدمة إلكترونية,2026/06/25,"37,784,723"
الخدمات الرقمية,عام,القطاع العام,خدمة إلكترونية,2026/06/25,"37,790,011"
الخدمات الرقمية,عام,القطاع العام,خدمة إلكترونية,2026/06/25,"37,784,079"
الخدمات الرقمية,عام,القطاع العام,خدمة إلكترونية,2026/06/25,"37,780,485"
الخدمات الرقمية,عام,القطاع العام,خدمة إلكترونية,2026/06/25,"37,784,229"
الخدمات الرقمية,عام,القطاع العام,خدمة إلكترونية,2026/06/25,"37,784,869"
الخدمات الرقمية,عام,القطاع العام,خدمة إلكترونية,2026/06/25,"37,785,037"
الخدمات الرقمية,عام,القطاع العام,خدمة إلكترونية,2026/06/25,"37,782,049"
الخدمات الرقمية,عام,القطاع العام,خدمة إلكترونية,2026/06/25,"37,790,933"
الخدمات الرقمية,عام,القطاع العام,خدمة إلكترونية,2026/06/25,"37,791,429"
الخدمات الرقمية,عام,القطاع العام,خدمة إلكترونية,2026/06/25,"37,780,472"
الخدمات الرقمية,عام,القطاع العام,خدمة إلكترونية,2026/06/25,"37,786,036"
الخدمات الرقمية,عام,القطاع العام,خدمة إلكترونية,2026/06/25,"37,781,856"
الخدمات الرقمية,عام,القطاع العام,خدمة إلكترونية,2026/06/25,"37,782,600"
الخدمات الرقمية,عام,القطاع العام,خدمة إلكترونية,2026/06/25,"37,784,720"
الخدمات الرقمية,عام,القطاع العام,خدمة إلكترونية,2026/06/25,"37,785,373"
الخدمات الرقمية,عام,القطاع العام,خدمة إلكترونية,2026/06/25,"37,788,575"
الخدمات الرقمية,عام,القطاع العام,خدمة إلكترونية,2026/06/25,"37,784,075"
الخدمات الرقمية,عام,القطاع العام,خدمة إلكترونية,2026/06/25,"37,791,294"
الخدمات الرقمية,عام,القطاع العام,خدمة إلكترونية,2026/06/25,"37,786,966"
الخدمات الرقمية,عام,القطاع العام,خدمة إلكترونية,2026/06/25,"37,784,094"
الخدمات الرقمية,عام,القطاع العام,خدمة إلكترونية,2026/06/25,"37,786,038"
الخدمات الرقمية,عام,القطاع العام,خدمة إلكترونية,2026/06/25,"37,787,999"
الخدمات الرقمية,عام,القطاع العام,خدمة إلكترونية,2026/06/25,"37,789,691"
الخدمات الرقمية,عام,القطاع العام,خدمة إلكترونية,2026/06/25,"37,789,659"
الخدمات الرقمية,عام,القطاع العام,خدمة إلكترونية,2026/06/25,"37,786,057"
الخدمات الرقمية,عام,القطاع العام,خدمة إلكترونية,2026/06/25,"37,785,427"
الخدمات الرقمية,عام,القطاع العام,خدمة إلكترونية,2026/06/25,"37,780,965"
الخدمات الرقمية,عام,القطاع العام,خدمة إلكترونية,2026/06/25,"37,780,733"
الخدمات الرقمية,عام,القطاع العام,خدمة إلكترونية,2026/06/25,"37,783,833"
الخدمات الرقمية,عام,القطاع العام,خدمة إلكترونية,2026/06/25,"37,790,172"
الخدمات الرقمية,عام,القطاع العام,خدمة إلكترونية,2026/06/25,"37,784,076"
الخدمات الرقمية,عام,القطاع العام,خدمة إلكترونية,2026/06/25,"37,787,355"
الخدمات الرقمية,عام,القطاع العام,خدمة إلكترونية,2026/06/25,"37,786,965"
الخدمات الرقمية,عام,القطاع العام,خدمة إلكترونية,2026/06/25,"37,789,520"
الخدمات الرقمية,عام,القطاع العام,خدمة إلكترونية,2026/06/25,"37,786,991"
الخدمات الرقمية,عام,القطاع العام,خدمة إلكترونية,2026/06/25,"37,784,713"
الخدمات الرقمية,عام,القطاع العام,خدمة إلكترونية,2026/06/25,"37,780,786"
الخدمات الرقمية,عام,القطاع العام,خدمة إلكترونية,2026/06/25,"37,783,847"
الخدمات الرقمية,عام,القطاع العام,خدمة إلكترونية,2026/06/25,"37,790,034"
الخدمات الرقمية,عام,القطاع العام,خدمة إلكترونية,2026/06/25,"37,780,942"
الخدمات الرقمية,عام,القطاع العام,خدمة إلكترونية,2026/06/25,"37,780,943"
الخدمات الرقمية,عام,القطاع العام,خدمة إلكترونية,2026/06/25,"37,781,426"
الخدمات الرقمية,عام,القطاع العام,خدمة إلكترونية,2026/06/25,"37,783,853"
الخدمات الرقمية,عام,القطاع العام,خدمة إلكترونية,2026/06/25,"37,787,525"
الخدمات الرقمية,عام,القطاع العام,خدمة إلكترونية,2026/06/25,"37,791,292"
الخدمات الرقمية,عام,القطاع العام,خدمة إلكترونية,2026/06/25,"37,782,265"
الخدمات الرقمية,عام,القطاع العام,خدمة إلكترونية,2026/06/25,"37,781,440"
الخدمات الرقمية,عام,القطاع العام,خدمة إلكترونية,2026/06/25,"37,781,159"
الخدمات الرقمية,عام,القطاع العام,خدمة إلكترونية,2026/06/25,"37,782,149"
الخدمات الرقمية,عام,القطاع العام,خدمة إلكترونية,2026/06/25,"37,784,384"
الخدمات الرقمية,عام,القطاع العام,خدمة إلكترونية,2026/06/25,"37,781,952"
الخدمات الرقمية,عام,القطاع العام,خدمة إلكترونية,2026/06/25,"37,787,243"
الخدمات الرقمية,عام,القطاع العام,خدمة إلكترونية,2026/06/25,"37,783,332"
الخدمات الرقمية,عام,القطاع العام,خدمة إلكترونية,2026/06/25,"37,787,703"
الخدمات الرقمية,عام,القطاع العام,خدمة إلكترونية,2026/06/25,"37,783,463"
الخدمات الرقمية,عام,القطاع العام,خدمة إلكترونية,2026/06/25,"37,790,193"
الخدمات الرقمية,عام,القطاع العام,خدمة إلكترونية,2026/06/25,"37,785,396"
الخدمات الرقمية,عام,القطاع العام,خدمة إلكترونية,2026/06/25,"37,784,103"
الخدمات الرقمية,عام,القطاع العام,خدمة إلكترونية,2026/06/25,"37,784,710"
الخدمات الرقمية,عام,القطاع العام,خدمة إلكترونية,2026/06/25,"37,791,311"
الخدمات الرقمية,عام,القطاع العام,خدمة إلكترونية,2026/06/25,"37,780,410"
الخدمات الرقمية,عام,القطاع العام,خدمة إلكترونية,2026/06/25,"37,784,371"
الخدمات الرقمية,عام,القطاع العام,خدمة إلكترونية,2026/06/25,"37,790,014"
الخدمات الرقمية,عام,القطاع العام,خدمة إلكترونية,2026/06/25,"37,786,989"
الخدمات الرقمية,عام,القطاع العام,خدمة إلكترونية,2026/06/25,"37,784,730"
الخدمات الرقمية,عام,القطاع العام,خدمة إلكترونية,2026/06/25,"37,785,379"
الخدمات الرقمية,عام,القطاع العام,خدمة إلكترونية,2026/06/25,"37,791,431"
الخدمات الرقمية,عام,القطاع العام,خدمة إلكترونية,2026/06/25,"37,780,423"
الخدمات الرقمية,عام,القطاع العام,خدمة إلكترونية,2026/06/25,"37,786,466"
الخدمات الرقمية,عام,القطاع العام,خدمة إلكترونية,2026/06/25,"37,784,858"
الخدمات الرقمية,عام,القطاع العام,خدمة إلكترونية,2026/06/25,"37,780,964"
الخدمات الرقمية,عام,القطاع العام,خدمة إلكترونية,2026/06/25,"37,788,020"
الخدمات الرقمية,عام,القطاع العام,خدمة إلكترونية,2026/06/25,"37,780,635"
الخدمات الرقمية,عام,القطاع العام,خدمة إلكترونية,2026/06/25,"37,787,094"
الخدمات الرقمية,عام,القطاع العام,خدمة إلكترونية,2026/06/25,"37,784,709"
الخدمات الرقمية,عام,القطاع العام,خدمة إلكترونية,2026/06/25,"37,785,378"
الخدمات الرقمية,عام,القطاع العام,خدمة إلكترونية,2026/06/25,"37,782,250"
الخدمات الرقمية,عام,القطاع العام,خدمة إلكترونية,2026/06/25,"37,780,787"
الخدمات الرقمية,عام,القطاع العام,خدمة إلكترونية,2026/06/25,"37,789,689"
الخدمات الرقمية,عام,القطاع العام,خدمة إلكترونية,2026/06/25,"37,791,069"
الخدمات الرقمية,عام,القطاع العام,خدمة إلكترونية,2026/06/25,"37,782,382"
الخدمات الرقمية,عام,القطاع العام,خدمة إلكترونية,2026/06/25,"37,781,106"
الخدمات الرقمية,عام,القطاع العام,خدمة إلكترونية,2026/06/25,"37,786,985"
الخدمات الرقمية,عام,القطاع العام,خدمة إلكترونية,2026/06/25,"37,787,127"
الخدمات الرقمية,عام,القطاع العام,خدمة إلكترونية,2026/06/25,"37,784,160"
الخدمات الرقمية,عام,القطاع العام,خدمة إلكترونية,2026/06/25,"37,784,508"
الخدمات الرقمية,عام,القطاع العام,خدمة إلكترونية,2026/06/25,"37,786,449"
الخدمات الرقمية,عام,القطاع العام,خدمة إلكترونية,2026/06/25,"37,784,421"
الخدمات الرقمية,عام,القطاع العام,خدمة إلكترونية,2026/06/25,"37,793,880"
الخدمات الرقمية,عام,القطاع العام,خدمة إلكترونية,2026/06/25,"37,787,529"
الخدمات الرقمية,عام,القطاع العام,خدمة إلكترونية,2026/06/25,"37,784,467"
الخدمات الرقمية,عام,القطاع العام,خدمة إلكترونية,2026/06/25,"37,787,031"
الخدمات الرقمية,عام,القطاع العام,خدمة إلكترونية,2026/06/25,"37,787,845"
الخدمات الرقمية,عام,القطاع العام,خدمة إلكترونية,2026/06/25,"37,786,216"
الخدمات الرقمية,عام,القطاع العام,خدمة إلكترونية,2026/06/25,"37,786,278"
الخدمات الرقمية,عام,القطاع العام,خدمة إلكترونية,2026/06/25,"37,786,329"
الخدمات الرقمية,عام,القطاع العام,خدمة إلكترونية,2026/06/25,"37,787,218"
الخدمات الرقمية,عام,القطاع العام,خدمة إلكترونية,2026/06/25,"37,792,272"
الخدمات الرقمية,عام,القطاع العام,خدمة إلكترونية,2026/06/25,"37,792,135"
الخدمات الرقمية,عام,القطاع العام,خدمة إلكترونية,2026/06/25,"37,793,537"
الخدمات الرقمية,عام,القطاع العام,خدمة إلكترونية,2026/06/25,"37,793,719"
الخدمات الرقمية,عام,القطاع العام,خدمة إلكترونية,2026/06/25,"37,793,988"
الخدمات الرقمية,عام,القطاع العام,خدمة إلكترونية,2026/06/25,"37,787,974"
الخدمات الرقمية,عام,القطاع العام,خدمة إلكترونية,2026/06/25,"37,792,086"
الخدمات الرقمية,عام,القطاع العام,خدمة إلكترونية,2026/06/25,"37,793,669"
الخدمات الرقمية,عام,القطاع العام,خدمة إلكترونية,2026/06/25,"37,787,883"
الخدمات الرقمية,عام,القطاع العام,خدمة إلكترونية,2026/06/25,"37,793,707"
الخدمات الرقمية,عام,القطاع العام,خدمة إلكترونية,2026/06/25,"37,793,810"
الخدمات الرقمية,عام,القطاع العام,خدمة إلكترونية,2026/06/25,"37,794,045"
الخدمات الرقمية,عام,القطاع العام,خدمة إلكترونية,2026/06/25,"37,786,175"
الخدمات الرقمية,عام,القطاع العام,خدمة إلكترونية,2026/06/25,"37,787,174"
الخدمات الرقمية,عام,القطاع العام,خدمة إلكترونية,2026/06/25,"37,794,122"
الخدمات الرقمية,عام,القطاع العام,خدمة إلكترونية,2026/06/25,"37,792,187"
الخدمات الرقمية,عام,القطاع العام,خدمة إلكترونية,2026/06/25,"37,787,258"
الخدمات الرقمية,عام,القطاع العام,خدمة إلكترونية,2026/06/25,"37,784,751"
الخدمات الرقمية,عام,القطاع العام,خدمة إلكترونية,2026/06/25,"37,784,238"
الخدمات الرقمية,عام,القطاع العام,خدمة إلكترونية,2026/06/25,"37,784,722"
الخدمات الرقمية,عام,القطاع العام,خدمة إلكترونية,2026/06/25,"37,788,051"
الخدمات الرقمية,عام,القطاع العام,خدمة إلكترونية,2026/06/25,"37,793,824"
الخدمات الرقمية,عام,القطاع العام,خدمة إلكترونية,2026/06/25,"37,784,796"
الخدمات الرقمية,عام,القطاع العام,خدمة إلكترونية,2026/06/25,"37,784,278"
الخدمات الرقمية,عام,القطاع العام,خدمة إلكترونية,2026/06/25,"37,787,011"
الخدمات الرقمية,عام,القطاع العام,خدمة إلكترونية,2026/06/25,"37,787,899"
الخدمات الرقمية,عام,القطاع العام,خدمة إلكترونية,2026/06/25,"37,792,242"
الخدمات الرقمية,عام,القطاع العام,خدمة إلكترونية,2026/06/25,"37,786,236"
الخدمات الرقمية,عام,القطاع العام,خدمة إلكترونية,2026/06/25,"37,794,133"
الخدمات الرقمية,عام,القطاع العام,خدمة إلكترونية,2026/06/25,"37,792,368"
الخدمات الرقمية,عام,القطاع العام,خدمة إلكترونية,2026/06/25,"37,793,434"
الخدمات الرقمية,عام,القطاع العام,خدمة إلكترونية,2026/06/25,"37,786,562"
الخدمات الرقمية,عام,القطاع العام,خدمة إلكترونية,2026/06/25,"37,787,759"
الخدمات الرقمية,عام,القطاع العام,خدمة إلكترونية,2026/06/25,"37,784,581"
الخدمات الرقمية,عام,القطاع العام,خدمة إلكترونية,2026/06/25,"37,793,909"
الخدمات الرقمية,عام,القطاع العام,خدمة إلكترونية,2026/06/25,"37,786,510"
الخدمات الرقمية,عام,القطاع العام,خدمة إلكترونية,2026/06/25,"37,793,758"
الخدمات الرقمية,عام,القطاع العام,خدمة إلكترونية,2026/06/25,"37,784,205"
الخدمات الرقمية,عام,القطاع العام,خدمة إلكترونية,2026/06/25,"37,786,402"
الخدمات الرقمية,عام,القطاع العام,خدمة إلكترونية,2026/06/25,"37,787,670"
الخدمات الرقمية,عام,القطاع العام,خدمة إلكترونية,2026/06/25,"37,793,630"
الخدمات الرقمية,عام,القطاع العام,خدمة إلكترونية,2026/06/25,"37,787,073"
الخدمات الرقمية,عام,القطاع العام,خدمة إلكترونية,2026/06/25,"37,794,059"
الخدمات الرقمية,عام,القطاع العام,خدمة إلكترونية,2026/06/25,"37,794,148"
الخدمات الرقمية,عام,القطاع العام,خدمة إلكترونية,2026/06/25,"37,786,479"
الخدمات الرقمية,عام,القطاع العام,خدمة إلكترونية,2026/06/25,"37,792,315"
الخدمات الرقمية,عام,القطاع العام,خدمة إلكترونية,2026/06/25,"37,783,427"
الخدمات الرقمية,عام,القطاع العام,خدمة إلكترونية,2026/06/25,"37,787,251"
الخدمات الرقمية,عام,القطاع العام,خدمة إلكترونية,2026/06/25,"37,787,587"
الخدمات الرقمية,عام,القطاع العام,خدمة إلكترونية,2026/06/25,"37,793,591"
الخدمات الرقمية,عام,القطاع العام,خدمة إلكترونية,2026/06/26,"37,803,555"
الخدمات الرقمية,عام,القطاع العام,خدمة إلكترونية,2026/06/26,"37,810,272"
الخدمات الرقمية,عام,القطاع العام,خدمة إلكترونية,2026/06/26,"37,811,016"
الخدمات الرقمية,عام,القطاع العام,خدمة إلكترونية,2026/06/26,"37,808,364"
الخدمات الرقمية,عام,القطاع العام,خدمة إلكترونية,2026/06/27,"37,822,653"
الخدمات الرقمية,عام,القطاع العام,خدمة إلكترونية,2026/06/27,"37,814,590"
الخدمات الرقمية,عام,القطاع العام,خدمة إلكترونية,2026/06/27,"37,818,174"
 مكة المكرمه,الطائف,القطاع الخاص,خدمة إلكترونية جزئيا,2026/06/28,"37,830,389"
 مكة المكرمه,الطائف,القطاع الخاص,خدمة إلكترونية جزئيا,2026/06/28,"37,828,923"
 مكة المكرمه,الطائف,القطاع الخاص,خدمة إلكترونية جزئيا,2026/06/28,"37,829,038"
 حائل,حائل,القطاع الخاص,خدمة إلكترونية جزئيا,2026/06/28,"37,838,091"
 الرياض,الرياض,القطاع الخاص,خدمة إلكترونية جزئيا,2026/06/28,"37,830,365"
 الرياض,الرياض,القطاع الخاص,خدمة إلكترونية جزئيا,2026/06/28,"37,830,163"
 الرياض,الرياض,القطاع الخاص,خدمة إلكترونية جزئيا,2026/06/28,"37,833,346"
 الرياض,الرياض,القطاع الخاص,خدمة إلكترونية جزئيا,2026/06/28,"37,836,056"
 الرياض,الرياض,القطاع الخاص,خدمة إلكترونية جزئيا,2026/06/28,"37,836,456"
 الرياض,الرياض,القطاع الخاص,خدمة إلكترونية جزئيا,2026/06/28,"37,830,910"
 الرياض,الرياض,القطاع الخاص,خدمة إلكترونية جزئيا,2026/06/28,"37,829,206"
 الرياض,الرياض,القطاع الخاص,خدمة إلكترونية جزئيا,2026/06/28,"37,830,799"
 الرياض,الرياض,القطاع الخاص,خدمة إلكترونية جزئيا,2026/06/28,"37,831,178"
 الشرقية,الدمام,القطاع الخاص,خدمة إلكترونية جزئيا,2026/06/28,"37,828,653"
 مكة المكرمه,جده,القطاع الخاص,خدمة إلكترونية جزئيا,2026/06/28,"37,837,911"
 المدينة المنوره,المدينة المنورة,القطاع الخاص,خدمة إلكترونية جزئيا,2026/06/28,"37,839,193"
الخدمات الرقمية,عام,القطاع العام,خدمة إلكترونية,2026/06/28,"37,828,390"
 مكة المكرمه,الطائف,القطاع الخاص,خدمة إلكترونية جزئيا,2026/06/28,"37,828,896"
 مكة المكرمه,الطائف,القطاع الخاص,خدمة إلكترونية جزئيا,2026/06/28,"37,835,393"
 مكة المكرمه,الطائف,القطاع الخاص,خدمة إلكترونية جزئيا,2026/06/28,"37,830,431"
 الرياض,الرياض,القطاع الخاص,خدمة إلكترونية جزئيا,2026/06/28,"37,836,528"
 الرياض,الرياض,القطاع الخاص,خدمة إلكترونية جزئيا,2026/06/28,"37,830,212"
 الرياض,الرياض,القطاع الخاص,خدمة إلكترونية جزئيا,2026/06/28,"37,831,413"
 الشرقية,الدمام,القطاع الخاص,خدمة إلكترونية جزئيا,2026/06/28,"37,828,791"
 الرياض,الرياض,القطاع الخاص,خدمة إلكترونية جزئيا,2026/06/28,"37,833,360"
 الرياض,الرياض,القطاع الخاص,خدمة إلكترونية جزئيا,2026/06/28,"37,836,202"
 حائل,حائل,القطاع الخاص,خدمة إلكترونية جزئيا,2026/06/28,"37,838,311"
 الرياض,الرياض,القطاع الخاص,خدمة إلكترونية جزئيا,2026/06/28,"37,830,388"
 جازان,جيزان,القطاع الخاص,خدمة إلكترونية جزئيا,2026/06/28,"37,843,030"
 مكة المكرمه,جده,القطاع الخاص,خدمة إلكترونية جزئيا,2026/06/28,"37,837,620"
 مكة المكرمه,جده,القطاع الخاص,خدمة إلكترونية جزئيا,2026/06/28,"37,838,083"
 المدينة المنوره,المدينة المنورة,القطاع الخاص,خدمة إلكترونية جزئيا,2026/06/28,"37,839,276"
الخدمات الرقمية,عام,القطاع العام,خدمة إلكترونية,2026/06/28,"37,828,386"
الخدمات الرقمية,عام,القطاع العام,خدمة إلكترونية,2026/06/28,"37,832,326"
الخدمات الرقمية,عام,القطاع العام,خدمة إلكترونية,2026/06/28,"37,832,748"
الخدمات الرقمية,عام,القطاع العام,خدمة إلكترونية,2026/06/28,"37,832,962"
الخدمات الرقمية,عام,القطاع العام,خدمة إلكترونية,2026/06/28,"37,833,791"
الخدمات الرقمية,عام,القطاع العام,خدمة إلكترونية,2026/06/28,"37,830,988"
الخدمات الرقمية,عام,القطاع العام,خدمة إلكترونية,2026/06/28,"37,833,904"
الخدمات الرقمية,عام,القطاع العام,خدمة إلكترونية,2026/06/28,"37,833,993"
الخدمات الرقمية,عام,القطاع العام,خدمة إلكترونية,2026/06/28,"37,834,835"
الخدمات الرقمية,عام,القطاع العام,خدمة إلكترونية,2026/06/28,"37,835,077"
الخدمات الرقمية,عام,القطاع العام,خدمة إلكترونية,2026/06/28,"37,835,298"
الخدمات الرقمية,عام,القطاع العام,خدمة إلكترونية,2026/06/28,"37,835,740"
الخدمات الرقمية,عام,القطاع العام,خدمة إلكترونية,2026/06/28,"37,832,969"
الخدمات الرقمية,عام,القطاع العام,خدمة إلكترونية,2026/06/28,"37,833,195"
الخدمات الرقمية,عام,القطاع العام,خدمة إلكترونية,2026/06/28,"37,834,557"
الخدمات الرقمية,عام,القطاع العام,خدمة إلكترونية,2026/06/28,"37,833,747"
الخدمات الرقمية,عام,القطاع العام,خدمة إلكترونية,2026/06/28,"37,834,955"
الخدمات الرقمية,عام,القطاع العام,خدمة إلكترونية,2026/06/28,"37,834,166"
الخدمات الرقمية,عام,القطاع العام,خدمة إلكترونية,2026/06/28,"37,835,905"
الخدمات الرقمية,عام,القطاع العام,خدمة إلكترونية,2026/06/28,"37,833,288"
الخدمات الرقمية,عام,القطاع العام,خدمة إلكترونية,2026/06/28,"37,830,561"
الخدمات الرقمية,عام,القطاع العام,خدمة إلكترونية,2026/06/28,"37,835,701"
الخدمات الرقمية,عام,القطاع العام,خدمة إلكترونية,2026/06/28,"37,837,527"
الخدمات الرقمية,عام,القطاع العام,خدمة إلكترونية,2026/06/28,"37,836,690"
الخدمات الرقمية,عام,القطاع العام,خدمة إلكترونية,2026/06/28,"37,836,836"
الخدمات الرقمية,عام,القطاع العام,خدمة إلكترونية,2026/06/28,"37,837,637"
الخدمات الرقمية,عام,القطاع العام,خدمة إلكترونية,2026/06/28,"37,834,095"
الخدمات الرقمية,عام,القطاع العام,خدمة إلكترونية,2026/06/28,"37,834,945"
الخدمات الرقمية,عام,القطاع العام,خدمة إلكترونية,2026/06/28,"37,837,775"
الخدمات الرقمية,عام,القطاع العام,خدمة إلكترونية,2026/06/28,"37,835,113"
الخدمات الرقمية,عام,القطاع العام,خدمة إلكترونية,2026/06/28,"37,838,770"
الخدمات الرقمية,عام,القطاع العام,خدمة إلكترونية,2026/06/28,"37,835,985"
الخدمات الرقمية,عام,القطاع العام,خدمة إلكترونية,2026/06/28,"37,836,123"
الخدمات الرقمية,عام,القطاع العام,خدمة إلكترونية,2026/06/28,"37,837,609"
الخدمات الرقمية,عام,القطاع العام,خدمة إلكترونية,2026/06/28,"37,840,140"
الخدمات الرقمية,عام,القطاع العام,خدمة إلكترونية,2026/06/28,"37,834,399"
الخدمات الرقمية,عام,القطاع العام,خدمة إلكترونية,2026/06/28,"37,834,896"
الخدمات الرقمية,عام,القطاع العام,خدمة إلكترونية,2026/06/28,"37,835,886"
الخدمات الرقمية,عام,القطاع العام,خدمة إلكترونية,2026/06/28,"37,836,088"
الخدمات الرقمية,عام,القطاع العام,خدمة إلكترونية,2026/06/28,"37,834,509"
الخدمات الرقمية,عام,القطاع العام,خدمة إلكترونية,2026/06/28,"37,835,965"
الخدمات الرقمية,عام,القطاع العام,خدمة إلكترونية,2026/06/28,"37,835,995"
الخدمات الرقمية,عام,القطاع العام,خدمة إلكترونية,2026/06/28,"37,837,621"
الخدمات الرقمية,عام,القطاع العام,خدمة إلكترونية,2026/06/28,"37,839,540"
الخدمات الرقمية,عام,القطاع العام,خدمة إلكترونية,2026/06/28,"37,840,100"
الخدمات الرقمية,عام,القطاع العام,خدمة إلكترونية,2026/06/28,"37,840,161"
الخدمات الرقمية,عام,القطاع العام,خدمة إلكترونية,2026/06/28,"37,837,946"
الخدمات الرقمية,عام,القطاع العام,خدمة إلكترونية,2026/06/28,"37,840,049"
الخدمات الرقمية,عام,القطاع العام,خدمة إلكترونية,2026/06/28,"37,842,275"
الخدمات الرقمية,عام,القطاع العام,خدمة إلكترونية,2026/06/28,"37,834,687"
الخدمات الرقمية,عام,القطاع العام,خدمة إلكترونية,2026/06/28,"37,833,947"
الخدمات الرقمية,عام,القطاع العام,خدمة إلكترونية,2026/06/28,"37,838,521"
الخدمات الرقمية,عام,القطاع العام,خدمة إلكترونية,2026/06/28,"37,833,850"
الخدمات الرقمية,عام,القطاع العام,خدمة إلكترونية,2026/06/28,"37,829,205"
الخدمات الرقمية,عام,القطاع العام,خدمة إلكترونية,2026/06/28,"37,834,780"
الخدمات الرقمية,عام,القطاع العام,خدمة إلكترونية,2026/06/28,"37,827,863"
الخدمات الرقمية,عام,القطاع العام,خدمة إلكترونية,2026/06/28,"37,833,808"
الخدمات الرقمية,عام,القطاع العام,خدمة إلكترونية,2026/06/28,"37,838,854"
الخدمات الرقمية,عام,القطاع العام,خدمة إلكترونية,2026/06/28,"37,829,919"
الخدمات الرقمية,عام,القطاع العام,خدمة إلكترونية,2026/06/28,"37,829,760"
الخدمات الرقمية,عام,القطاع العام,خدمة إلكترونية,2026/06/28,"37,836,276"
الخدمات الرقمية,عام,القطاع العام,خدمة إلكترونية,2026/06/28,"37,837,308"
الخدمات الرقمية,عام,القطاع العام,خدمة إلكترونية,2026/06/28,"37,835,239"
الخدمات الرقمية,عام,القطاع العام,خدمة إلكترونية,2026/06/28,"37,838,423"
الخدمات الرقمية,عام,القطاع العام,خدمة إلكترونية,2026/06/28,"37,835,675"
الخدمات الرقمية,عام,القطاع العام,خدمة إلكترونية,2026/06/28,"37,840,721"
الخدمات الرقمية,عام,القطاع العام,خدمة إلكترونية,2026/06/28,"37,833,056"
الخدمات الرقمية,عام,القطاع العام,خدمة إلكترونية,2026/06/28,"37,836,316"
الخدمات الرقمية,عام,القطاع العام,خدمة إلكترونية,2026/06/28,"37,843,452"
الخدمات الرقمية,عام,القطاع العام,خدمة إلكترونية,2026/06/28,"37,835,255"
الخدمات الرقمية,عام,القطاع العام,خدمة إلكترونية,2026/06/28,"37,836,236"
الخدمات الرقمية,عام,القطاع العام,خدمة إلكترونية,2026/06/28,"37,844,074"
الخدمات الرقمية,عام,القطاع العام,خدمة إلكترونية,2026/06/28,"37,843,898"
الخدمات الرقمية,عام,القطاع العام,خدمة إلكترونية,2026/06/28,"37,828,336"
الخدمات الرقمية,عام,القطاع العام,خدمة إلكترونية,2026/06/28,"37,828,280"
الخدمات الرقمية,عام,القطاع العام,خدمة إلكترونية,2026/06/28,"37,838,528"
الخدمات الرقمية,عام,القطاع العام,خدمة إلكترونية,2026/06/28,"37,840,310"
الخدمات الرقمية,عام,القطاع العام,خدمة إلكترونية,2026/06/28,"37,828,198"
الخدمات الرقمية,عام,القطاع العام,خدمة إلكترونية,2026/06/28,"37,840,279"
الخدمات الرقمية,عام,القطاع العام,خدمة إلكترونية,2026/06/28,"37,832,356"
الخدمات الرقمية,عام,القطاع العام,خدمة إلكترونية,2026/06/28,"37,828,824"
الخدمات الرقمية,عام,القطاع العام,خدمة إلكترونية,2026/06/28,"37,830,763"
الخدمات الرقمية,عام,القطاع العام,خدمة إلكترونية,2026/06/28,"37,832,587"
الخدمات الرقمية,عام,القطاع العام,خدمة إلكترونية,2026/06/28,"37,830,596"
الخدمات الرقمية,عام,القطاع العام,خدمة إلكترونية,2026/06/28,"37,832,192"
الخدمات الرقمية,عام,القطاع العام,خدمة إلكترونية,2026/06/28,"37,832,208"
الخدمات الرقمية,عام,القطاع العام,خدمة إلكترونية,2026/06/28,"37,830,502"
الخدمات الرقمية,عام,القطاع العام,خدمة إلكترونية,2026/06/28,"37,830,846"
الخدمات الرقمية,عام,القطاع العام,خدمة إلكترونية,2026/06/28,"37,830,501"
الخدمات الرقمية,عام,القطاع العام,خدمة إلكترونية,2026/06/28,"37,832,850"
الخدمات الرقمية,عام,القطاع العام,خدمة إلكترونية,2026/06/28,"37,832,834"
الخدمات الرقمية,عام,القطاع العام,خدمة إلكترونية,2026/06/28,"37,836,941"
الخدمات الرقمية,عام,القطاع العام,خدمة إلكترونية,2026/06/28,"37,834,104"
الخدمات الرقمية,عام,القطاع العام,خدمة إلكترونية,2026/06/28,"37,835,527"
الخدمات الرقمية,عام,القطاع العام,خدمة إلكترونية,2026/06/28,"37,834,820"
الخدمات الرقمية,عام,القطاع العام,خدمة إلكترونية,2026/06/28,"37,836,824"
الخدمات الرقمية,عام,القطاع العام,خدمة إلكترونية,2026/06/28,"37,833,814"
الخدمات الرقمية,عام,القطاع العام,خدمة إلكترونية,2026/06/28,"37,836,821"
الخدمات الرقمية,عام,القطاع العام,خدمة إلكترونية,2026/06/28,"37,831,103"
الخدمات الرقمية,عام,القطاع العام,خدمة إلكترونية,2026/06/28,"37,830,625"
الخدمات الرقمية,عام,القطاع العام,خدمة إلكترونية,2026/06/28,"37,830,640"
الخدمات الرقمية,عام,القطاع العام,خدمة إلكترونية,2026/06/28,"37,834,102"
الخدمات الرقمية,عام,القطاع العام,خدمة إلكترونية,2026/06/28,"37,830,845"
الخدمات الرقمية,عام,القطاع العام,خدمة إلكترونية,2026/06/28,"37,830,642"
الخدمات الرقمية,عام,القطاع العام,خدمة إلكترونية,2026/06/28,"37,830,599"
الخدمات الرقمية,عام,القطاع العام,خدمة إلكترونية,2026/06/28,"37,836,331"
الخدمات الرقمية,عام,القطاع العام,خدمة إلكترونية,2026/06/28,"37,832,341"
الخدمات الرقمية,عام,القطاع العام,خدمة إلكترونية,2026/06/28,"37,828,976"
الخدمات الرقمية,عام,القطاع العام,خدمة إلكترونية,2026/06/28,"37,830,622"
الخدمات الرقمية,عام,القطاع العام,خدمة إلكترونية,2026/06/28,"37,835,508"
الخدمات الرقمية,عام,القطاع العام,خدمة إلكترونية,2026/06/28,"37,832,196"
الخدمات الرقمية,عام,القطاع العام,خدمة إلكترونية,2026/06/28,"37,830,503"
الخدمات الرقمية,عام,القطاع العام,خدمة إلكترونية,2026/06/28,"37,830,495"
الخدمات الرقمية,عام,القطاع العام,خدمة إلكترونية,2026/06/28,"37,836,809"
الخدمات الرقمية,عام,القطاع العام,خدمة إلكترونية,2026/06/28,"37,835,507"
الخدمات الرقمية,عام,القطاع العام,خدمة إلكترونية,2026/06/28,"37,835,531"
الخدمات الرقمية,عام,القطاع العام,خدمة إلكترونية,2026/06/28,"37,835,669"
الخدمات الرقمية,عام,القطاع العام,خدمة إلكترونية,2026/06/28,"37,834,956"
الخدمات الرقمية,عام,القطاع العام,خدمة إلكترونية,2026/06/28,"37,832,194"
الخدمات الرقمية,عام,القطاع العام,خدمة إلكترونية,2026/06/28,"37,830,618"
الخدمات الرقمية,عام,القطاع العام,خدمة إلكترونية,2026/06/28,"37,830,305"
الخدمات الرقمية,عام,القطاع العام,خدمة إلكترونية,2026/06/28,"37,830,660"
الخدمات الرقمية,عام,القطاع العام,خدمة إلكترونية,2026/06/28,"37,829,884"
الخدمات الرقمية,عام,القطاع العام,خدمة إلكترونية,2026/06/28,"37,829,989"
الخدمات الرقمية,عام,القطاع العام,خدمة إلكترونية,2026/06/28,"37,830,066"
الخدمات الرقمية,عام,القطاع العام,خدمة إلكترونية,2026/06/28,"37,830,195"
الخدمات الرقمية,عام,القطاع العام,خدمة إلكترونية,2026/06/28,"37,830,261"
الخدمات الرقمية,عام,القطاع العام,خدمة إلكترونية,2026/06/28,"37,828,581"
الخدمات الرقمية,عام,القطاع العام,خدمة إلكترونية,2026/06/28,"37,829,613"
الخدمات الرقمية,عام,القطاع العام,خدمة إلكترونية,2026/06/28,"37,829,687"
الخدمات الرقمية,عام,القطاع العام,خدمة إلكترونية,2026/06/28,"37,832,417"
الخدمات الرقمية,عام,القطاع العام,خدمة إلكترونية,2026/06/28,"37,828,432"
الخدمات الرقمية,عام,القطاع العام,خدمة إلكترونية,2026/06/28,"37,828,875"
الخدمات الرقمية,عام,القطاع العام,خدمة إلكترونية,2026/06/28,"37,828,861"
الخدمات الرقمية,عام,القطاع العام,خدمة إلكترونية,2026/06/28,"37,830,474"
الخدمات الرقمية,عام,القطاع العام,خدمة إلكترونية,2026/06/28,"37,830,496"
الخدمات الرقمية,عام,القطاع العام,خدمة إلكترونية,2026/06/28,"37,830,560"
الخدمات الرقمية,عام,القطاع العام,خدمة إلكترونية,2026/06/28,"37,834,561"
الخدمات الرقمية,عام,القطاع العام,خدمة إلكترونية,2026/06/28,"37,830,042"
الخدمات الرقمية,عام,القطاع العام,خدمة إلكترونية,2026/06/28,"37,830,408"
الخدمات الرقمية,عام,القطاع العام,خدمة إلكترونية,2026/06/28,"37,832,806"
الخدمات الرقمية,عام,القطاع العام,خدمة إلكترونية,2026/06/28,"37,834,437"
الخدمات الرقمية,عام,القطاع العام,خدمة إلكترونية,2026/06/28,"37,834,501"
الخدمات الرقمية,عام,القطاع العام,خدمة إلكترونية,2026/06/28,"37,833,031"
الخدمات الرقمية,عام,القطاع العام,خدمة إلكترونية,2026/06/28,"37,828,911"
الخدمات الرقمية,عام,القطاع العام,خدمة إلكترونية,2026/06/28,"37,830,417"
الخدمات الرقمية,عام,القطاع العام,خدمة إلكترونية,2026/06/28,"37,829,719"
الخدمات الرقمية,عام,القطاع العام,خدمة إلكترونية,2026/06/28,"37,829,914"
الخدمات الرقمية,عام,القطاع العام,خدمة إلكترونية,2026/06/28,"37,838,344"
الخدمات الرقمية,عام,القطاع العام,خدمة إلكترونية,2026/06/28,"37,838,037"
الخدمات الرقمية,عام,القطاع العام,خدمة إلكترونية,2026/06/28,"37,838,236"
الخدمات الرقمية,عام,القطاع العام,خدمة إلكترونية,2026/06/28,"37,838,843"
الخدمات الرقمية,عام,القطاع العام,خدمة إلكترونية,2026/06/28,"37,838,120"
الخدمات الرقمية,عام,القطاع العام,خدمة إلكترونية,2026/06/28,"37,838,359"
الخدمات الرقمية,عام,القطاع العام,خدمة إلكترونية,2026/06/28,"37,839,065"
الخدمات الرقمية,عام,القطاع العام,خدمة إلكترونية,2026/06/28,"37,838,704"
الخدمات الرقمية,عام,القطاع العام,خدمة إلكترونية,2026/06/28,"37,838,431"
الخدمات الرقمية,عام,القطاع العام,خدمة إلكترونية,2026/06/28,"37,838,503"
الخدمات الرقمية,عام,القطاع العام,خدمة إلكترونية,2026/06/28,"37,838,660"
الخدمات الرقمية,عام,القطاع العام,خدمة إلكترونية,2026/06/28,"37,838,999"
الخدمات الرقمية,عام,القطاع العام,خدمة إلكترونية,2026/06/28,"37,838,291"
الخدمات الرقمية,عام,القطاع العام,خدمة إلكترونية,2026/06/28,"37,834,669"
الخدمات الرقمية,عام,القطاع العام,خدمة إلكترونية,2026/06/28,"37,838,452"
الخدمات الرقمية,عام,القطاع العام,خدمة إلكترونية,2026/06/28,"37,838,169"
الخدمات الرقمية,عام,القطاع العام,خدمة إلكترونية,2026/06/28,"37,828,337"
الخدمات الرقمية,عام,القطاع العام,خدمة إلكترونية,2026/06/28,"37,828,974"
الخدمات الرقمية,عام,القطاع العام,خدمة إلكترونية,2026/06/28,"37,838,733"
الخدمات الرقمية,عام,القطاع العام,خدمة إلكترونية,2026/06/28,"37,838,838"
الخدمات الرقمية,عام,القطاع العام,خدمة إلكترونية,2026/06/28,"37,828,750"
الخدمات الرقمية,عام,القطاع العام,خدمة إلكترونية,2026/06/28,"37,838,511"
الخدمات الرقمية,عام,القطاع العام,خدمة إلكترونية,2026/06/28,"37,829,768"
الخدمات الرقمية,عام,القطاع العام,خدمة إلكترونية,2026/06/28,"37,832,816"
الخدمات الرقمية,عام,القطاع العام,خدمة إلكترونية,2026/06/28,"37,829,960"
الخدمات الرقمية,عام,القطاع العام,خدمة إلكترونية,2026/06/28,"37,828,381"
الخدمات الرقمية,عام,القطاع العام,خدمة إلكترونية,2026/06/28,"37,830,086"
الخدمات الرقمية,عام,القطاع العام,خدمة إلكترونية,2026/06/28,"37,828,415"
الخدمات الرقمية,عام,القطاع العام,خدمة إلكترونية,2026/06/28,"37,838,447"
الخدمات الرقمية,عام,القطاع العام,خدمة إلكترونية,2026/06/28,"37,828,531"
الخدمات الرقمية,عام,القطاع العام,خدمة إلكترونية,2026/06/28,"37,838,192"
الخدمات الرقمية,عام,القطاع العام,خدمة إلكترونية,2026/06/28,"37,834,588"
الخدمات الرقمية,عام,القطاع العام,خدمة إلكترونية,2026/06/28,"37,830,352"
الخدمات الرقمية,عام,القطاع العام,خدمة إلكترونية,2026/06/28,"37,832,369"
الخدمات الرقمية,عام,القطاع العام,خدمة إلكترونية,2026/06/28,"37,838,104"
الخدمات الرقمية,عام,القطاع العام,خدمة إلكترونية,2026/06/28,"37,838,938"
الخدمات الرقمية,عام,القطاع العام,خدمة إلكترونية,2026/06/28,"37,838,766"
الخدمات الرقمية,عام,القطاع العام,خدمة إلكترونية,2026/06/28,"37,829,656"
الخدمات الرقمية,عام,القطاع العام,خدمة إلكترونية,2026/06/28,"37,828,622"
الخدمات الرقمية,عام,القطاع العام,خدمة إلكترونية,2026/06/28,"37,838,885"
الخدمات الرقمية,عام,القطاع العام,خدمة إلكترونية,2026/06/28,"37,839,047"
الخدمات الرقمية,عام,القطاع العام,خدمة إلكترونية,2026/06/28,"37,828,502"
الخدمات الرقمية,عام,القطاع العام,خدمة إلكترونية,2026/06/28,"37,838,986"
الخدمات الرقمية,عام,القطاع العام,خدمة إلكترونية,2026/06/28,"37,830,135"
الخدمات الرقمية,عام,القطاع العام,خدمة إلكترونية,2026/06/28,"37,838,927"
الخدمات الرقمية,عام,القطاع العام,خدمة إلكترونية,2026/06/28,"37,838,243"
الخدمات الرقمية,عام,القطاع العام,خدمة إلكترونية,2026/06/28,"37,829,458"
الخدمات الرقمية,عام,القطاع العام,خدمة إلكترونية,2026/06/28,"37,828,840"
الخدمات الرقمية,عام,القطاع العام,خدمة إلكترونية,2026/06/28,"37,838,376"
الخدمات الرقمية,عام,القطاع العام,خدمة إلكترونية,2026/06/28,"37,828,458"
الخدمات الرقمية,عام,القطاع العام,خدمة إلكترونية,2026/06/28,"37,838,134"
الخدمات الرقمية,عام,القطاع العام,خدمة إلكترونية,2026/06/28,"37,830,367"
 الرياض,الرياض,القطاع الخاص,خدمة إلكترونية جزئيا,2026/06/29,"37,853,567"
 الرياض,الرياض,القطاع الخاص,خدمة إلكترونية جزئيا,2026/06/29,"37,862,207"
 المدينة المنوره,المدينة المنورة,القطاع الخاص,خدمة إلكترونية جزئيا,2026/06/29,"37,853,429"
 المدينة المنوره,المدينة المنورة,القطاع الخاص,خدمة إلكترونية جزئيا,2026/06/29,"37,854,658"
 الشرقية,الدمام,القطاع الخاص,خدمة إلكترونية جزئيا,2026/06/29,"37,850,202"
 حائل,حائل,القطاع الخاص,خدمة إلكترونية جزئيا,2026/06/29,"37,850,077"
 مكة المكرمه,الطائف,القطاع الخاص,خدمة إلكترونية جزئيا,2026/06/29,"37,859,691"
 مكة المكرمه,جده,القطاع الخاص,خدمة إلكترونية جزئيا,2026/06/29,"37,855,186"
 مكة المكرمه,جده,القطاع الخاص,خدمة إلكترونية جزئيا,2026/06/29,"37,857,156"
 مكة المكرمه,جده,القطاع الخاص,خدمة إلكترونية جزئيا,2026/06/29,"37,855,981"
 مكة المكرمه,جده,القطاع الخاص,خدمة إلكترونية جزئيا,2026/06/29,"37,862,005"
الخدمات الرقمية,عام,القطاع العام,خدمة إلكترونية,2026/06/29,"37,855,940"
 الشرقية,الدمام,القطاع الخاص,خدمة إلكترونية جزئيا,2026/06/29,"37,850,402"
 الرياض,الرياض,القطاع الخاص,خدمة إلكترونية جزئيا,2026/06/29,"37,853,847"
 مكة المكرمه,الطائف,القطاع الخاص,خدمة إلكترونية جزئيا,2026/06/29,"37,858,140"
 حائل,حائل,القطاع الخاص,خدمة إلكترونية جزئيا,2026/06/29,"37,850,206"
 مكة المكرمه,جده,القطاع الخاص,خدمة إلكترونية جزئيا,2026/06/29,"37,862,087"
الخدمات الرقمية,عام,القطاع العام,خدمة إلكترونية,2026/06/29,"37,846,317"
الخدمات الرقمية,عام,القطاع العام,خدمة إلكترونية,2026/06/29,"37,848,154"
الخدمات الرقمية,عام,القطاع العام,خدمة إلكترونية,2026/06/29,"37,848,231"
الخدمات الرقمية,عام,القطاع العام,خدمة إلكترونية,2026/06/29,"37,846,591"
الخدمات الرقمية,عام,القطاع العام,خدمة إلكترونية,2026/06/29,"37,846,275"
الخدمات الرقمية,عام,القطاع العام,خدمة إلكترونية,2026/06/29,"37,846,309"
الخدمات الرقمية,عام,القطاع العام,خدمة إلكترونية,2026/06/29,"37,848,371"
الخدمات الرقمية,عام,القطاع العام,خدمة إلكترونية,2026/06/29,"37,848,188"
الخدمات الرقمية,عام,القطاع العام,خدمة إلكترونية,2026/06/29,"37,846,295"
الخدمات الرقمية,عام,القطاع العام,خدمة إلكترونية,2026/06/29,"37,846,344"
الخدمات الرقمية,عام,القطاع العام,خدمة إلكترونية,2026/06/29,"37,849,638"
الخدمات الرقمية,عام,القطاع العام,خدمة إلكترونية,2026/06/29,"37,848,809"
الخدمات الرقمية,عام,القطاع العام,خدمة إلكترونية,2026/06/29,"37,848,884"
الخدمات الرقمية,عام,القطاع العام,خدمة إلكترونية,2026/06/29,"37,849,690"
الخدمات الرقمية,عام,القطاع العام,خدمة إلكترونية,2026/06/29,"37,848,376"
الخدمات الرقمية,عام,القطاع العام,خدمة إلكترونية,2026/06/29,"37,850,055"
الخدمات الرقمية,عام,القطاع العام,خدمة إلكترونية,2026/06/29,"37,848,233"
الخدمات الرقمية,عام,القطاع العام,خدمة إلكترونية,2026/06/29,"37,849,922"
الخدمات الرقمية,عام,القطاع العام,خدمة إلكترونية,2026/06/29,"37,855,301"
الخدمات الرقمية,عام,القطاع العام,خدمة إلكترونية,2026/06/29,"37,848,766"
الخدمات الرقمية,عام,القطاع العام,خدمة إلكترونية,2026/06/29,"37,850,304"
الخدمات الرقمية,عام,القطاع العام,خدمة إلكترونية,2026/06/29,"37,854,574"
الخدمات الرقمية,عام,القطاع العام,خدمة إلكترونية,2026/06/29,"37,848,264"
الخدمات الرقمية,عام,القطاع العام,خدمة إلكترونية,2026/06/29,"37,848,297"
الخدمات الرقمية,عام,القطاع العام,خدمة إلكترونية,2026/06/29,"37,848,653"
الخدمات الرقمية,عام,القطاع العام,خدمة إلكترونية,2026/06/29,"37,849,984"
الخدمات الرقمية,عام,القطاع العام,خدمة إلكترونية,2026/06/29,"37,851,046"
الخدمات الرقمية,عام,القطاع العام,خدمة إلكترونية,2026/06/29,"37,849,814"
الخدمات الرقمية,عام,القطاع العام,خدمة إلكترونية,2026/06/29,"37,846,285"
الخدمات الرقمية,عام,القطاع العام,خدمة إلكترونية,2026/06/29,"37,848,874"
الخدمات الرقمية,عام,القطاع العام,خدمة إلكترونية,2026/06/29,"37,849,719"
الخدمات الرقمية,عام,القطاع العام,خدمة إلكترونية,2026/06/29,"37,854,652"
الخدمات الرقمية,عام,القطاع العام,خدمة إلكترونية,2026/06/29,"37,857,823"
الخدمات الرقمية,عام,القطاع العام,خدمة إلكترونية,2026/06/29,"37,854,104"
الخدمات الرقمية,عام,القطاع العام,خدمة إلكترونية,2026/06/29,"37,855,267"
الخدمات الرقمية,عام,القطاع العام,خدمة إلكترونية,2026/06/29,"37,856,528"
الخدمات الرقمية,عام,القطاع العام,خدمة إلكترونية,2026/06/29,"37,855,184"
الخدمات الرقمية,عام,القطاع العام,خدمة إلكترونية,2026/06/29,"37,862,249"
الخدمات الرقمية,عام,القطاع العام,خدمة إلكترونية,2026/06/29,"37,860,502"
الخدمات الرقمية,عام,القطاع العام,خدمة إلكترونية,2026/06/29,"37,861,636"
الخدمات الرقمية,عام,القطاع العام,خدمة إلكترونية,2026/06/29,"37,860,355"
الخدمات الرقمية,عام,القطاع العام,خدمة إلكترونية,2026/06/29,"37,864,804"
الخدمات الرقمية,عام,القطاع العام,خدمة إلكترونية,2026/06/29,"37,864,852"
الخدمات الرقمية,عام,القطاع العام,خدمة إلكترونية,2026/06/29,"37,862,666"
الخدمات الرقمية,عام,القطاع العام,خدمة إلكترونية,2026/06/29,"37,863,851"
الخدمات الرقمية,عام,القطاع العام,خدمة إلكترونية,2026/06/29,"37,862,343"
الخدمات الرقمية,عام,القطاع العام,خدمة إلكترونية,2026/06/29,"37,864,944"
الخدمات الرقمية,عام,القطاع العام,خدمة إلكترونية,2026/06/29,"37,849,240"
الخدمات الرقمية,عام,القطاع العام,خدمة إلكترونية,2026/06/29,"37,863,679"
الخدمات الرقمية,عام,القطاع العام,خدمة إلكترونية,2026/06/29,"37,863,660"
الخدمات الرقمية,عام,القطاع العام,خدمة إلكترونية,2026/06/29,"37,865,912"
الخدمات الرقمية,عام,القطاع العام,خدمة إلكترونية,2026/06/29,"37,864,137"
الخدمات الرقمية,عام,القطاع العام,خدمة إلكترونية,2026/06/29,"37,860,730"
الخدمات الرقمية,عام,القطاع العام,خدمة إلكترونية,2026/06/29,"37,860,080"
الخدمات الرقمية,عام,القطاع العام,خدمة إلكترونية,2026/06/29,"37,848,740"
الخدمات الرقمية,عام,القطاع العام,خدمة إلكترونية,2026/06/29,"37,859,911"
الخدمات الرقمية,عام,القطاع العام,خدمة إلكترونية,2026/06/29,"37,862,000"
الخدمات الرقمية,عام,القطاع العام,خدمة إلكترونية,2026/06/29,"37,860,077"
الخدمات الرقمية,عام,القطاع العام,خدمة إلكترونية,2026/06/29,"37,863,964"
الخدمات الرقمية,عام,القطاع العام,خدمة إلكترونية,2026/06/29,"37,848,256"
الخدمات الرقمية,عام,القطاع العام,خدمة إلكترونية,2026/06/29,"37,859,879"
الخدمات الرقمية,عام,القطاع العام,خدمة إلكترونية,2026/06/29,"37,862,276"
الخدمات الرقمية,عام,القطاع العام,خدمة إلكترونية,2026/06/29,"37,863,676"
الخدمات الرقمية,عام,القطاع العام,خدمة إلكترونية,2026/06/29,"37,865,176"
الخدمات الرقمية,عام,القطاع العام,خدمة إلكترونية,2026/06/29,"37,865,880"
الخدمات الرقمية,عام,القطاع العام,خدمة إلكترونية,2026/06/29,"37,863,738"
الخدمات الرقمية,عام,القطاع العام,خدمة إلكترونية,2026/06/29,"37,862,002"
الخدمات الرقمية,عام,القطاع العام,خدمة إلكترونية,2026/06/29,"37,859,763"
الخدمات الرقمية,عام,القطاع العام,خدمة إلكترونية,2026/06/29,"37,860,006"
الخدمات الرقمية,عام,القطاع العام,خدمة إلكترونية,2026/06/29,"37,867,361"
الخدمات الرقمية,عام,القطاع العام,خدمة إلكترونية,2026/06/29,"37,850,007"
الخدمات الرقمية,عام,القطاع العام,خدمة إلكترونية,2026/06/29,"37,861,755"
الخدمات الرقمية,عام,القطاع العام,خدمة إلكترونية,2026/06/29,"37,857,649"
الخدمات الرقمية,عام,القطاع العام,خدمة إلكترونية,2026/06/29,"37,861,900"
الخدمات الرقمية,عام,القطاع العام,خدمة إلكترونية,2026/06/29,"37,863,747"
الخدمات الرقمية,عام,القطاع العام,خدمة إلكترونية,2026/06/29,"37,862,342"
الخدمات الرقمية,عام,القطاع العام,خدمة إلكترونية,2026/06/29,"37,862,998"
الخدمات الرقمية,عام,القطاع العام,خدمة إلكترونية,2026/06/29,"37,864,700"
الخدمات الرقمية,عام,القطاع العام,خدمة إلكترونية,2026/06/29,"37,864,999"
الخدمات الرقمية,عام,القطاع العام,خدمة إلكترونية,2026/06/29,"37,861,548"
الخدمات الرقمية,عام,القطاع العام,خدمة إلكترونية,2026/06/29,"37,861,838"
الخدمات الرقمية,عام,القطاع العام,خدمة إلكترونية,2026/06/29,"37,863,533"
الخدمات الرقمية,عام,القطاع العام,خدمة إلكترونية,2026/06/29,"37,848,210"
الخدمات الرقمية,عام,القطاع العام,خدمة إلكترونية,2026/06/29,"37,859,148"
الخدمات الرقمية,عام,القطاع العام,خدمة إلكترونية,2026/06/29,"37,864,023"
الخدمات الرقمية,عام,القطاع العام,خدمة إلكترونية,2026/06/29,"37,865,107"
الخدمات الرقمية,عام,القطاع العام,خدمة إلكترونية,2026/06/29,"37,864,814"
الخدمات الرقمية,عام,القطاع العام,خدمة إلكترونية,2026/06/29,"37,862,275"
الخدمات الرقمية,عام,القطاع العام,خدمة إلكترونية,2026/06/29,"37,861,711"
الخدمات الرقمية,عام,القطاع العام,خدمة إلكترونية,2026/06/29,"37,861,814"
الخدمات الرقمية,عام,القطاع العام,خدمة إلكترونية,2026/06/29,"37,863,411"
الخدمات الرقمية,عام,القطاع العام,خدمة إلكترونية,2026/06/29,"37,862,237"
الخدمات الرقمية,عام,القطاع العام,خدمة إلكترونية,2026/06/29,"37,846,693"
الخدمات الرقمية,عام,القطاع العام,خدمة إلكترونية,2026/06/29,"37,846,507"
الخدمات الرقمية,عام,القطاع العام,خدمة إلكترونية,2026/06/29,"37,846,782"
الخدمات الرقمية,عام,القطاع العام,خدمة إلكترونية,2026/06/29,"37,846,621"
الخدمات الرقمية,عام,القطاع العام,خدمة إلكترونية,2026/06/29,"37,846,688"
الخدمات الرقمية,عام,القطاع العام,خدمة إلكترونية,2026/06/29,"37,853,357"
الخدمات الرقمية,عام,القطاع العام,خدمة إلكترونية,2026/06/29,"37,846,736"
الخدمات الرقمية,عام,القطاع العام,خدمة إلكترونية,2026/06/29,"37,864,462"
الخدمات الرقمية,عام,القطاع العام,خدمة إلكترونية,2026/06/29,"37,864,550"
الخدمات الرقمية,عام,القطاع العام,خدمة إلكترونية,2026/06/29,"37,856,679"
الخدمات الرقمية,عام,القطاع العام,خدمة إلكترونية,2026/06/29,"37,853,200"
الخدمات الرقمية,عام,القطاع العام,خدمة إلكترونية,2026/06/29,"37,852,990"
الخدمات الرقمية,عام,القطاع العام,خدمة إلكترونية,2026/06/29,"37,859,327"
الخدمات الرقمية,عام,القطاع العام,خدمة إلكترونية,2026/06/29,"37,854,354"
الخدمات الرقمية,عام,القطاع العام,خدمة إلكترونية,2026/06/29,"37,849,940"
الخدمات الرقمية,عام,القطاع العام,خدمة إلكترونية,2026/06/29,"37,849,942"
الخدمات الرقمية,عام,القطاع العام,خدمة إلكترونية,2026/06/29,"37,851,983"
الخدمات الرقمية,عام,القطاع العام,خدمة إلكترونية,2026/06/29,"37,854,672"
الخدمات الرقمية,عام,القطاع العام,خدمة إلكترونية,2026/06/29,"37,852,896"
الخدمات الرقمية,عام,القطاع العام,خدمة إلكترونية,2026/06/29,"37,850,692"
الخدمات الرقمية,عام,القطاع العام,خدمة إلكترونية,2026/06/29,"37,849,265"
الخدمات الرقمية,عام,القطاع العام,خدمة إلكترونية,2026/06/29,"37,851,958"
الخدمات الرقمية,عام,القطاع العام,خدمة إلكترونية,2026/06/29,"37,854,803"
الخدمات الرقمية,عام,القطاع العام,خدمة إلكترونية,2026/06/29,"37,855,664"
الخدمات الرقمية,عام,القطاع العام,خدمة إلكترونية,2026/06/29,"37,850,954"
الخدمات الرقمية,عام,القطاع العام,خدمة إلكترونية,2026/06/29,"37,851,580"
الخدمات الرقمية,عام,القطاع العام,خدمة إلكترونية,2026/06/29,"37,854,822"
الخدمات الرقمية,عام,القطاع العام,خدمة إلكترونية,2026/06/29,"37,850,289"
الخدمات الرقمية,عام,القطاع العام,خدمة إلكترونية,2026/06/29,"37,848,465"
الخدمات الرقمية,عام,القطاع العام,خدمة إلكترونية,2026/06/29,"37,856,534"
الخدمات الرقمية,عام,القطاع العام,خدمة إلكترونية,2026/06/29,"37,848,981"
الخدمات الرقمية,عام,القطاع العام,خدمة إلكترونية,2026/06/29,"37,856,360"
الخدمات الرقمية,عام,القطاع العام,خدمة إلكترونية,2026/06/29,"37,853,361"
الخدمات الرقمية,عام,القطاع العام,خدمة إلكترونية,2026/06/29,"37,854,201"
الخدمات الرقمية,عام,القطاع العام,خدمة إلكترونية,2026/06/29,"37,856,947"
الخدمات الرقمية,عام,القطاع العام,خدمة إلكترونية,2026/06/29,"37,857,221"
الخدمات الرقمية,عام,القطاع العام,خدمة إلكترونية,2026/06/29,"37,857,700"
الخدمات الرقمية,عام,القطاع العام,خدمة إلكترونية,2026/06/29,"37,856,605"
الخدمات الرقمية,عام,القطاع العام,خدمة إلكترونية,2026/06/29,"37,859,829"
الخدمات الرقمية,عام,القطاع العام,خدمة إلكترونية,2026/06/29,"37,854,571"
الخدمات الرقمية,عام,القطاع العام,خدمة إلكترونية,2026/06/29,"37,856,895"
الخدمات الرقمية,عام,القطاع العام,خدمة إلكترونية,2026/06/29,"37,860,561"
الخدمات الرقمية,عام,القطاع العام,خدمة إلكترونية,2026/06/29,"37,856,478"
الخدمات الرقمية,عام,القطاع العام,خدمة إلكترونية,2026/06/29,"37,856,713"
الخدمات الرقمية,عام,القطاع العام,خدمة إلكترونية,2026/06/29,"37,860,487"
الخدمات الرقمية,عام,القطاع العام,خدمة إلكترونية,2026/06/29,"37,856,772"
الخدمات الرقمية,عام,القطاع العام,خدمة إلكترونية,2026/06/29,"37,856,438"
الخدمات الرقمية,عام,القطاع العام,خدمة إلكترونية,2026/06/29,"37,862,128"
الخدمات الرقمية,عام,القطاع العام,خدمة إلكترونية,2026/06/29,"37,853,856"
الخدمات الرقمية,عام,القطاع العام,خدمة إلكترونية,2026/06/29,"37,848,633"
الخدمات الرقمية,عام,القطاع العام,خدمة إلكترونية,2026/06/29,"37,848,680"
الخدمات الرقمية,عام,القطاع العام,خدمة إلكترونية,2026/06/29,"37,849,574"
الخدمات الرقمية,عام,القطاع العام,خدمة إلكترونية,2026/06/29,"37,848,678"
الخدمات الرقمية,عام,القطاع العام,خدمة إلكترونية,2026/06/29,"37,849,095"
الخدمات الرقمية,عام,القطاع العام,خدمة إلكترونية,2026/06/29,"37,848,885"
الخدمات الرقمية,عام,القطاع العام,خدمة إلكترونية,2026/06/29,"37,849,662"
الخدمات الرقمية,عام,القطاع العام,خدمة إلكترونية,2026/06/29,"37,849,676"
الخدمات الرقمية,عام,القطاع العام,خدمة إلكترونية,2026/06/29,"37,849,724"
الخدمات الرقمية,عام,القطاع العام,خدمة إلكترونية,2026/06/29,"37,849,038"
الخدمات الرقمية,عام,القطاع العام,خدمة إلكترونية,2026/06/29,"37,852,075"
الخدمات الرقمية,عام,القطاع العام,خدمة إلكترونية,2026/06/29,"37,848,717"
الخدمات الرقمية,عام,القطاع العام,خدمة إلكترونية,2026/06/29,"37,852,668"
الخدمات الرقمية,عام,القطاع العام,خدمة إلكترونية,2026/06/29,"37,848,995"
الخدمات الرقمية,عام,القطاع العام,خدمة إلكترونية,2026/06/29,"37,852,444"
الخدمات الرقمية,عام,القطاع العام,خدمة إلكترونية,2026/06/29,"37,856,219"
الخدمات الرقمية,عام,القطاع العام,خدمة إلكترونية,2026/06/29,"37,856,275"
الخدمات الرقمية,عام,القطاع العام,خدمة إلكترونية,2026/06/29,"37,848,921"
الخدمات الرقمية,عام,القطاع العام,خدمة إلكترونية,2026/06/29,"37,851,076"
الخدمات الرقمية,عام,القطاع العام,خدمة إلكترونية,2026/06/29,"37,851,457"
الخدمات الرقمية,عام,القطاع العام,خدمة إلكترونية,2026/06/29,"37,851,642"
الخدمات الرقمية,عام,القطاع العام,خدمة إلكترونية,2026/06/29,"37,848,597"
الخدمات الرقمية,عام,القطاع العام,خدمة إلكترونية,2026/06/29,"37,853,836"
الخدمات الرقمية,عام,القطاع العام,خدمة إلكترونية,2026/06/29,"37,851,581"
الخدمات الرقمية,عام,القطاع العام,خدمة إلكترونية,2026/06/29,"37,852,492"
الخدمات الرقمية,عام,القطاع العام,خدمة إلكترونية,2026/06/29,"37,855,885"
الخدمات الرقمية,عام,القطاع العام,خدمة إلكترونية,2026/06/29,"37,852,698"
الخدمات الرقمية,عام,القطاع العام,خدمة إلكترونية,2026/06/29,"37,849,159"
الخدمات الرقمية,عام,القطاع العام,خدمة إلكترونية,2026/06/29,"37,848,578"
الخدمات الرقمية,عام,القطاع العام,خدمة إلكترونية,2026/06/29,"37,852,782"
الخدمات الرقمية,عام,القطاع العام,خدمة إلكترونية,2026/06/29,"37,852,893"
الخدمات الرقمية,عام,القطاع العام,خدمة إلكترونية,2026/06/29,"37,856,059"
الخدمات الرقمية,عام,القطاع العام,خدمة إلكترونية,2026/06/29,"37,853,939"
الخدمات الرقمية,عام,القطاع العام,خدمة إلكترونية,2026/06/29,"37,851,188"
الخدمات الرقمية,عام,القطاع العام,خدمة إلكترونية,2026/06/29,"37,852,358"
الخدمات الرقمية,عام,القطاع العام,خدمة إلكترونية,2026/06/29,"37,852,311"
الخدمات الرقمية,عام,القطاع العام,خدمة إلكترونية,2026/06/29,"37,848,698"
الخدمات الرقمية,عام,القطاع العام,خدمة إلكترونية,2026/06/29,"37,852,001"
الخدمات الرقمية,عام,القطاع العام,خدمة إلكترونية,2026/06/29,"37,856,330"
الخدمات الرقمية,عام,القطاع العام,خدمة إلكترونية,2026/06/29,"37,852,134"
الخدمات الرقمية,عام,القطاع العام,خدمة إلكترونية,2026/06/29,"37,852,860"
الخدمات الرقمية,عام,القطاع العام,خدمة إلكترونية,2026/06/29,"37,859,353"
الخدمات الرقمية,عام,القطاع العام,خدمة إلكترونية,2026/06/29,"37,856,013"
الخدمات الرقمية,عام,القطاع العام,خدمة إلكترونية,2026/06/29,"37,855,686"
الخدمات الرقمية,عام,القطاع العام,خدمة إلكترونية,2026/06/29,"37,853,891"
الخدمات الرقمية,عام,القطاع العام,خدمة إلكترونية,2026/06/29,"37,863,016"
الخدمات الرقمية,عام,القطاع العام,خدمة إلكترونية,2026/06/29,"37,859,799"
الخدمات الرقمية,عام,القطاع العام,خدمة إلكترونية,2026/06/29,"37,860,340"
الخدمات الرقمية,عام,القطاع العام,خدمة إلكترونية,2026/06/29,"37,860,528"
الخدمات الرقمية,عام,القطاع العام,خدمة إلكترونية,2026/06/29,"37,861,414"
الخدمات الرقمية,عام,القطاع العام,خدمة إلكترونية,2026/06/29,"37,849,100"
الخدمات الرقمية,عام,القطاع العام,خدمة إلكترونية,2026/06/29,"37,860,073"
الخدمات الرقمية,عام,القطاع العام,خدمة إلكترونية,2026/06/29,"37,860,391"
الخدمات الرقمية,عام,القطاع العام,خدمة إلكترونية,2026/06/29,"37,861,505"
الخدمات الرقمية,عام,القطاع العام,خدمة إلكترونية,2026/06/29,"37,861,842"
الخدمات الرقمية,عام,القطاع العام,خدمة إلكترونية,2026/06/29,"37,860,189"
الخدمات الرقمية,عام,القطاع العام,خدمة إلكترونية,2026/06/29,"37,860,227"
الخدمات الرقمية,عام,القطاع العام,خدمة إلكترونية,2026/06/29,"37,861,555"
الخدمات الرقمية,عام,القطاع العام,خدمة إلكترونية,2026/06/29,"37,859,215"
الخدمات الرقمية,عام,القطاع العام,خدمة إلكترونية,2026/06/29,"37,859,512"
الخدمات الرقمية,عام,القطاع العام,خدمة إلكترونية,2026/06/29,"37,862,003"
الخدمات الرقمية,عام,القطاع العام,خدمة إلكترونية,2026/06/29,"37,862,974"
الخدمات الرقمية,عام,القطاع العام,خدمة إلكترونية,2026/06/29,"37,861,884"
الخدمات الرقمية,عام,القطاع العام,خدمة إلكترونية,2026/06/29,"37,863,328"
الخدمات الرقمية,عام,القطاع العام,خدمة إلكترونية,2026/06/29,"37,851,710"
الخدمات الرقمية,عام,القطاع العام,خدمة إلكترونية,2026/06/29,"37,849,419"
الخدمات الرقمية,عام,القطاع العام,خدمة إلكترونية,2026/06/29,"37,863,395"
الخدمات الرقمية,عام,القطاع العام,خدمة إلكترونية,2026/06/29,"37,861,693"
الخدمات الرقمية,عام,القطاع العام,خدمة إلكترونية,2026/06/29,"37,861,763"
الخدمات الرقمية,عام,القطاع العام,خدمة إلكترونية,2026/06/29,"37,862,153"
الخدمات الرقمية,عام,القطاع العام,خدمة إلكترونية,2026/06/29,"37,862,307"
الخدمات الرقمية,عام,القطاع العام,خدمة إلكترونية,2026/06/29,"37,851,426"
الخدمات الرقمية,عام,القطاع العام,خدمة إلكترونية,2026/06/29,"37,852,176"
الخدمات الرقمية,عام,القطاع العام,خدمة إلكترونية,2026/06/29,"37,854,182"
الخدمات الرقمية,عام,القطاع العام,خدمة إلكترونية,2026/06/29,"37,852,989"
الخدمات الرقمية,عام,القطاع العام,خدمة إلكترونية,2026/06/29,"37,851,785"
الخدمات الرقمية,عام,القطاع العام,خدمة إلكترونية,2026/06/29,"37,862,101"
الخدمات الرقمية,عام,القطاع العام,خدمة إلكترونية,2026/06/29,"37,862,189"
الخدمات الرقمية,عام,القطاع العام,خدمة إلكترونية,2026/06/29,"37,852,608"
الخدمات الرقمية,عام,القطاع العام,خدمة إلكترونية,2026/06/29,"37,860,259"
الخدمات الرقمية,عام,القطاع العام,خدمة إلكترونية,2026/06/29,"37,859,150"
الخدمات الرقمية,عام,القطاع العام,خدمة إلكترونية,2026/06/29,"37,856,366"
الخدمات الرقمية,عام,القطاع العام,خدمة إلكترونية,2026/06/29,"37,859,427"
الخدمات الرقمية,عام,القطاع العام,خدمة إلكترونية,2026/06/29,"37,861,929"
الخدمات الرقمية,عام,القطاع العام,خدمة إلكترونية,2026/06/29,"37,863,494"
الخدمات الرقمية,عام,القطاع العام,خدمة إلكترونية,2026/06/29,"37,854,067"
الخدمات الرقمية,عام,القطاع العام,خدمة إلكترونية,2026/06/29,"37,863,056"
الخدمات الرقمية,عام,القطاع العام,خدمة إلكترونية,2026/06/29,"37,863,443"
الخدمات الرقمية,عام,القطاع العام,خدمة إلكترونية,2026/06/29,"37,855,770"
الخدمات الرقمية,عام,القطاع العام,خدمة إلكترونية,2026/06/29,"37,861,285"
الخدمات الرقمية,عام,القطاع العام,خدمة إلكترونية,2026/06/29,"37,859,578"
الخدمات الرقمية,عام,القطاع العام,خدمة إلكترونية,2026/06/29,"37,861,657"
الخدمات الرقمية,عام,القطاع العام,خدمة إلكترونية,2026/06/29,"37,862,254"
الخدمات الرقمية,عام,القطاع العام,خدمة إلكترونية,2026/06/29,"37,859,948"
الخدمات الرقمية,عام,القطاع العام,خدمة إلكترونية,2026/06/29,"37,862,521"
الخدمات الرقمية,عام,القطاع العام,خدمة إلكترونية,2026/06/29,"37,860,500"
الخدمات الرقمية,عام,القطاع العام,خدمة إلكترونية,2026/06/29,"37,860,438"
الخدمات الرقمية,عام,القطاع العام,خدمة إلكترونية,2026/06/29,"37,861,812"
الخدمات الرقمية,عام,القطاع العام,خدمة إلكترونية,2026/06/29,"37,859,647"
 الرياض,الرياض,القطاع الخاص,خدمة إلكترونية جزئيا,2026/06/30,"37,880,644"
 الرياض,الرياض,القطاع الخاص,خدمة إلكترونية جزئيا,2026/06/30,"37,880,453"
 عسير,ابها,القطاع الخاص,خدمة إلكترونية جزئيا,2026/06/30,"37,880,739"
 الرياض,الرياض,القطاع الخاص,خدمة إلكترونية جزئيا,2026/06/30,"37,882,507"
 مكة المكرمه,جده,القطاع الخاص,خدمة إلكترونية جزئيا,2026/06/30,"37,881,815"
 مكة المكرمه,جده,القطاع الخاص,خدمة إلكترونية جزئيا,2026/06/30,"37,883,929"
 الشرقية,الدمام,القطاع الخاص,خدمة إلكترونية جزئيا,2026/06/30,"37,881,420"
 المدينة المنوره,المدينة المنورة,القطاع الخاص,خدمة إلكترونية جزئيا,2026/06/30,"37,884,045"
 الشرقية,الدمام,القطاع الخاص,خدمة إلكترونية جزئيا,2026/06/30,"37,881,941"
 الرياض,الرياض,القطاع الخاص,خدمة إلكترونية جزئيا,2026/06/30,"37,882,127"
 الرياض,الرياض,القطاع الخاص,خدمة إلكترونية جزئيا,2026/06/30,"37,882,204"
 الرياض,الرياض,القطاع الخاص,خدمة إلكترونية جزئيا,2026/06/30,"37,882,697"
 مكة المكرمه,جده,القطاع الخاص,خدمة إلكترونية جزئيا,2026/06/30,"37,892,861"
 الشرقية,الدمام,القطاع الخاص,خدمة إلكترونية جزئيا,2026/06/30,"37,881,758"
 الشرقية,الدمام,القطاع الخاص,خدمة إلكترونية جزئيا,2026/06/30,"37,882,139"
 عسير,ابها,القطاع الخاص,خدمة إلكترونية جزئيا,2026/06/30,"37,880,865"
 الرياض,الرياض,القطاع الخاص,خدمة إلكترونية جزئيا,2026/06/30,"37,882,877"
 الرياض,الرياض,القطاع الخاص,خدمة إلكترونية جزئيا,2026/06/30,"37,882,530"
 مكة المكرمه,جده,القطاع الخاص,خدمة إلكترونية جزئيا,2026/06/30,"37,881,957"
 مكة المكرمه,جده,القطاع الخاص,خدمة إلكترونية جزئيا,2026/06/30,"37,893,387"
الخدمات الرقمية,عام,القطاع العام,خدمة إلكترونية,2026/06/30,"37,902,988"
الخدمات الرقمية,عام,القطاع العام,خدمة إلكترونية,2026/06/30,"37,902,060"
الخدمات الرقمية,عام,القطاع العام,خدمة إلكترونية,2026/06/30,"37,902,944"
الخدمات الرقمية,عام,القطاع العام,خدمة إلكترونية,2026/06/30,"37,901,437"
الخدمات الرقمية,عام,القطاع العام,خدمة إلكترونية,2026/06/30,"37,897,758"
الخدمات الرقمية,عام,القطاع العام,خدمة إلكترونية,2026/06/30,"37,903,038"
الخدمات الرقمية,عام,القطاع العام,خدمة إلكترونية,2026/06/30,"37,902,952"
الخدمات الرقمية,عام,القطاع العام,خدمة إلكترونية,2026/06/30,"37,903,022"
الخدمات الرقمية,عام,القطاع العام,خدمة إلكترونية,2026/06/30,"37,903,087"
الخدمات الرقمية,عام,القطاع العام,خدمة إلكترونية,2026/06/30,"37,878,881"
الخدمات الرقمية,عام,القطاع العام,خدمة إلكترونية,2026/06/30,"37,878,977"
الخدمات الرقمية,عام,القطاع العام,خدمة إلكترونية,2026/06/30,"37,879,495"
الخدمات الرقمية,عام,القطاع العام,خدمة إلكترونية,2026/06/30,"37,878,875"
الخدمات الرقمية,عام,القطاع العام,خدمة إلكترونية,2026/06/30,"37,881,709"
الخدمات الرقمية,عام,القطاع العام,خدمة إلكترونية,2026/06/30,"37,880,512"
الخدمات الرقمية,عام,القطاع العام,خدمة إلكترونية,2026/06/30,"37,885,747"
الخدمات الرقمية,عام,القطاع العام,خدمة إلكترونية,2026/06/30,"37,882,898"
الخدمات الرقمية,عام,القطاع العام,خدمة إلكترونية,2026/06/30,"37,892,365"
الخدمات الرقمية,عام,القطاع العام,خدمة إلكترونية,2026/06/30,"37,892,493"
الخدمات الرقمية,عام,القطاع العام,خدمة إلكترونية,2026/06/30,"37,881,753"
الخدمات الرقمية,عام,القطاع العام,خدمة إلكترونية,2026/06/30,"37,880,274"
الخدمات الرقمية,عام,القطاع العام,خدمة إلكترونية,2026/06/30,"37,893,871"
الخدمات الرقمية,عام,القطاع العام,خدمة إلكترونية,2026/06/30,"37,896,485"
الخدمات الرقمية,عام,القطاع العام,خدمة إلكترونية,2026/06/30,"37,893,183"
الخدمات الرقمية,عام,القطاع العام,خدمة إلكترونية,2026/06/30,"37,892,433"
الخدمات الرقمية,عام,القطاع العام,خدمة إلكترونية,2026/06/30,"37,892,655"
الخدمات الرقمية,عام,القطاع العام,خدمة إلكترونية,2026/06/30,"37,892,757"
الخدمات الرقمية,عام,القطاع العام,خدمة إلكترونية,2026/06/30,"37,892,998"
الخدمات الرقمية,عام,القطاع العام,خدمة إلكترونية,2026/06/30,"37,892,698"
الخدمات الرقمية,عام,القطاع العام,خدمة إلكترونية,2026/06/30,"37,896,285"
الخدمات الرقمية,عام,القطاع العام,خدمة إلكترونية,2026/06/30,"37,891,718"
الخدمات الرقمية,عام,القطاع العام,خدمة إلكترونية,2026/06/30,"37,896,240"
الخدمات الرقمية,عام,القطاع العام,خدمة إلكترونية,2026/06/30,"37,896,878"
الخدمات الرقمية,عام,القطاع العام,خدمة إلكترونية,2026/06/30,"37,896,941"
الخدمات الرقمية,عام,القطاع العام,خدمة إلكترونية,2026/06/30,"37,893,105"
الخدمات الرقمية,عام,القطاع العام,خدمة إلكترونية,2026/06/30,"37,892,556"
الخدمات الرقمية,عام,القطاع العام,خدمة إلكترونية,2026/06/30,"37,892,816"
الخدمات الرقمية,عام,القطاع العام,خدمة إلكترونية,2026/06/30,"37,878,931"
الخدمات الرقمية,عام,القطاع العام,خدمة إلكترونية,2026/06/30,"37,896,535"
الخدمات الرقمية,عام,القطاع العام,خدمة إلكترونية,2026/06/30,"37,897,089"
الخدمات الرقمية,عام,القطاع العام,خدمة إلكترونية,2026/06/30,"37,897,124"
الخدمات الرقمية,عام,القطاع العام,خدمة إلكترونية,2026/06/30,"37,896,492"
الخدمات الرقمية,عام,القطاع العام,خدمة إلكترونية,2026/06/30,"37,896,759"
الخدمات الرقمية,عام,القطاع العام,خدمة إلكترونية,2026/06/30,"37,896,899"
الخدمات الرقمية,عام,القطاع العام,خدمة إلكترونية,2026/06/30,"37,897,061"
الخدمات الرقمية,عام,القطاع العام,خدمة إلكترونية,2026/06/30,"37,897,218"
الخدمات الرقمية,عام,القطاع العام,خدمة إلكترونية,2026/06/30,"37,897,465"
الخدمات الرقمية,عام,القطاع العام,خدمة إلكترونية,2026/06/30,"37,882,705"
الخدمات الرقمية,عام,القطاع العام,خدمة إلكترونية,2026/06/30,"37,882,909"
الخدمات الرقمية,عام,القطاع العام,خدمة إلكترونية,2026/06/30,"37,880,002"
الخدمات الرقمية,عام,القطاع العام,خدمة إلكترونية,2026/06/30,"37,882,905"
الخدمات الرقمية,عام,القطاع العام,خدمة إلكترونية,2026/06/30,"37,896,630"
الخدمات الرقمية,عام,القطاع العام,خدمة إلكترونية,2026/06/30,"37,889,821"
الخدمات الرقمية,عام,القطاع العام,خدمة إلكترونية,2026/06/30,"37,882,867"
الخدمات الرقمية,عام,القطاع العام,خدمة إلكترونية,2026/06/30,"37,883,004"
الخدمات الرقمية,عام,القطاع العام,خدمة إلكترونية,2026/06/30,"37,896,743"
الخدمات الرقمية,عام,القطاع العام,خدمة إلكترونية,2026/06/30,"37,896,371"
الخدمات الرقمية,عام,القطاع العام,خدمة إلكترونية,2026/06/30,"37,896,982"
الخدمات الرقمية,عام,القطاع العام,خدمة إلكترونية,2026/06/30,"37,897,378"
الخدمات الرقمية,عام,القطاع العام,خدمة إلكترونية,2026/06/30,"37,896,793"
الخدمات الرقمية,عام,القطاع العام,خدمة إلكترونية,2026/06/30,"37,897,157"
الخدمات الرقمية,عام,القطاع العام,خدمة إلكترونية,2026/06/30,"37,897,114"
الخدمات الرقمية,عام,القطاع العام,خدمة إلكترونية,2026/06/30,"37,897,115"
الخدمات الرقمية,عام,القطاع العام,خدمة إلكترونية,2026/06/30,"37,897,413"
الخدمات الرقمية,عام,القطاع العام,خدمة إلكترونية,2026/06/30,"37,895,828"
الخدمات الرقمية,عام,القطاع العام,خدمة إلكترونية,2026/06/30,"37,896,277"
الخدمات الرقمية,عام,القطاع العام,خدمة إلكترونية,2026/06/30,"37,893,291"
الخدمات الرقمية,عام,القطاع العام,خدمة إلكترونية,2026/06/30,"37,896,253"
الخدمات الرقمية,عام,القطاع العام,خدمة إلكترونية,2026/06/30,"37,880,643"
الخدمات الرقمية,عام,القطاع العام,خدمة إلكترونية,2026/06/30,"37,894,452"
الخدمات الرقمية,عام,القطاع العام,خدمة إلكترونية,2026/06/30,"37,897,310"
الخدمات الرقمية,عام,القطاع العام,خدمة إلكترونية,2026/06/30,"37,892,948"
الخدمات الرقمية,عام,القطاع العام,خدمة إلكترونية,2026/06/30,"37,881,689"
الخدمات الرقمية,عام,القطاع العام,خدمة إلكترونية,2026/06/30,"37,896,602"
الخدمات الرقمية,عام,القطاع العام,خدمة إلكترونية,2026/06/30,"37,896,864"
الخدمات الرقمية,عام,القطاع العام,خدمة إلكترونية,2026/06/30,"37,897,363"
الخدمات الرقمية,عام,القطاع العام,خدمة إلكترونية,2026/06/30,"37,896,676"
الخدمات الرقمية,عام,القطاع العام,خدمة إلكترونية,2026/06/30,"37,896,830"
الخدمات الرقمية,عام,القطاع العام,خدمة إلكترونية,2026/06/30,"37,896,418"
الخدمات الرقمية,عام,القطاع العام,خدمة إلكترونية,2026/06/30,"37,880,388"
الخدمات الرقمية,عام,القطاع العام,خدمة إلكترونية,2026/06/30,"37,896,643"
الخدمات الرقمية,عام,القطاع العام,خدمة إلكترونية,2026/06/30,"37,903,836"
الخدمات الرقمية,عام,القطاع العام,خدمة إلكترونية,2026/06/30,"37,903,094"
الخدمات الرقمية,عام,القطاع العام,خدمة إلكترونية,2026/06/30,"37,903,179"
الخدمات الرقمية,عام,القطاع العام,خدمة إلكترونية,2026/06/30,"37,881,955"
الخدمات الرقمية,عام,القطاع العام,خدمة إلكترونية,2026/06/30,"37,879,771"
الخدمات الرقمية,عام,القطاع العام,خدمة إلكترونية,2026/06/30,"37,903,272"
الخدمات الرقمية,عام,القطاع العام,خدمة إلكترونية,2026/06/30,"37,884,016"
الخدمات الرقمية,عام,القطاع العام,خدمة إلكترونية,2026/06/30,"37,882,229"
الخدمات الرقمية,عام,القطاع العام,خدمة إلكترونية,2026/06/30,"37,882,346"
الخدمات الرقمية,عام,القطاع العام,خدمة إلكترونية,2026/06/30,"37,883,888"
الخدمات الرقمية,عام,القطاع العام,خدمة إلكترونية,2026/06/30,"37,883,987"
الخدمات الرقمية,عام,القطاع العام,خدمة إلكترونية,2026/06/30,"37,888,433"
الخدمات الرقمية,عام,القطاع العام,خدمة إلكترونية,2026/06/30,"37,890,938"
الخدمات الرقمية,عام,القطاع العام,خدمة إلكترونية,2026/06/30,"37,889,204"
الخدمات الرقمية,عام,القطاع العام,خدمة إلكترونية,2026/06/30,"37,894,478"
الخدمات الرقمية,عام,القطاع العام,خدمة إلكترونية,2026/06/30,"37,892,140"
الخدمات الرقمية,عام,القطاع العام,خدمة إلكترونية,2026/06/30,"37,890,994"
الخدمات الرقمية,عام,القطاع العام,خدمة إلكترونية,2026/06/30,"37,894,346"
الخدمات الرقمية,عام,القطاع العام,خدمة إلكترونية,2026/06/30,"37,888,828"
الخدمات الرقمية,عام,القطاع العام,خدمة إلكترونية,2026/06/30,"37,883,921"
الخدمات الرقمية,عام,القطاع العام,خدمة إلكترونية,2026/06/30,"37,880,684"
الخدمات الرقمية,عام,القطاع العام,خدمة إلكترونية,2026/06/30,"37,888,419"
الخدمات الرقمية,عام,القطاع العام,خدمة إلكترونية,2026/06/30,"37,888,912"
الخدمات الرقمية,عام,القطاع العام,خدمة إلكترونية,2026/06/30,"37,885,067"
الخدمات الرقمية,عام,القطاع العام,خدمة إلكترونية,2026/06/30,"37,886,460"
الخدمات الرقمية,عام,القطاع العام,خدمة إلكترونية,2026/06/30,"37,879,605"
الخدمات الرقمية,عام,القطاع العام,خدمة إلكترونية,2026/06/30,"37,883,370"
الخدمات الرقمية,عام,القطاع العام,خدمة إلكترونية,2026/06/30,"37,879,815"
الخدمات الرقمية,عام,القطاع العام,خدمة إلكترونية,2026/06/30,"37,879,681"
الخدمات الرقمية,عام,القطاع العام,خدمة إلكترونية,2026/06/30,"37,883,374"
الخدمات الرقمية,عام,القطاع العام,خدمة إلكترونية,2026/06/30,"37,880,884"
الخدمات الرقمية,عام,القطاع العام,خدمة إلكترونية,2026/06/30,"37,887,576"
الخدمات الرقمية,عام,القطاع العام,خدمة إلكترونية,2026/06/30,"37,883,185"
الخدمات الرقمية,عام,القطاع العام,خدمة إلكترونية,2026/06/30,"37,883,873"
الخدمات الرقمية,عام,القطاع العام,خدمة إلكترونية,2026/06/30,"37,884,913"
الخدمات الرقمية,عام,القطاع العام,خدمة إلكترونية,2026/06/30,"37,883,186"
الخدمات الرقمية,عام,القطاع العام,خدمة إلكترونية,2026/06/30,"37,889,043"
الخدمات الرقمية,عام,القطاع العام,خدمة إلكترونية,2026/06/30,"37,889,052"
الخدمات الرقمية,عام,القطاع العام,خدمة إلكترونية,2026/06/30,"37,889,054"
الخدمات الرقمية,عام,القطاع العام,خدمة إلكترونية,2026/06/30,"37,887,102"
الخدمات الرقمية,عام,القطاع العام,خدمة إلكترونية,2026/06/30,"37,878,756"
الخدمات الرقمية,عام,القطاع العام,خدمة إلكترونية,2026/06/30,"37,891,986"
الخدمات الرقمية,عام,القطاع العام,خدمة إلكترونية,2026/06/30,"37,889,051"
الخدمات الرقمية,عام,القطاع العام,خدمة إلكترونية,2026/06/30,"37,889,439"
الخدمات الرقمية,عام,القطاع العام,خدمة إلكترونية,2026/06/30,"37,885,502"
الخدمات الرقمية,عام,القطاع العام,خدمة إلكترونية,2026/06/30,"37,882,468"
الخدمات الرقمية,عام,القطاع العام,خدمة إلكترونية,2026/06/30,"37,891,875"
الخدمات الرقمية,عام,القطاع العام,خدمة إلكترونية,2026/06/30,"37,881,293"
الخدمات الرقمية,عام,القطاع العام,خدمة إلكترونية,2026/06/30,"37,880,000"
الخدمات الرقمية,عام,القطاع العام,خدمة إلكترونية,2026/06/30,"37,889,046"
الخدمات الرقمية,عام,القطاع العام,خدمة إلكترونية,2026/06/30,"37,890,146"
الخدمات الرقمية,عام,القطاع العام,خدمة إلكترونية,2026/06/30,"37,878,755"
الخدمات الرقمية,عام,القطاع العام,خدمة إلكترونية,2026/06/30,"37,883,882"
الخدمات الرقمية,عام,القطاع العام,خدمة إلكترونية,2026/06/30,"37,891,608"
الخدمات الرقمية,عام,القطاع العام,خدمة إلكترونية,2026/06/30,"37,881,684"
الخدمات الرقمية,عام,القطاع العام,خدمة إلكترونية,2026/06/30,"37,879,685"
الخدمات الرقمية,عام,القطاع العام,خدمة إلكترونية,2026/06/30,"37,883,025"
الخدمات الرقمية,عام,القطاع العام,خدمة إلكترونية,2026/06/30,"37,884,188"
الخدمات الرقمية,عام,القطاع العام,خدمة إلكترونية,2026/06/30,"37,884,442"
الخدمات الرقمية,عام,القطاع العام,خدمة إلكترونية,2026/06/30,"37,882,634"
الخدمات الرقمية,عام,القطاع العام,خدمة إلكترونية,2026/06/30,"37,882,821"
الخدمات الرقمية,عام,القطاع العام,خدمة إلكترونية,2026/06/30,"37,885,170"
الخدمات الرقمية,عام,القطاع العام,خدمة إلكترونية,2026/06/30,"37,883,135"
الخدمات الرقمية,عام,القطاع العام,خدمة إلكترونية,2026/06/30,"37,885,795"
الخدمات الرقمية,عام,القطاع العام,خدمة إلكترونية,2026/06/30,"37,885,691"
الخدمات الرقمية,عام,القطاع العام,خدمة إلكترونية,2026/06/30,"37,885,881"
الخدمات الرقمية,عام,القطاع العام,خدمة إلكترونية,2026/06/30,"37,884,629"
الخدمات الرقمية,عام,القطاع العام,خدمة إلكترونية,2026/06/30,"37,884,912"
الخدمات الرقمية,عام,القطاع العام,خدمة إلكترونية,2026/06/30,"37,890,243"
الخدمات الرقمية,عام,القطاع العام,خدمة إلكترونية,2026/06/30,"37,889,398"
الخدمات الرقمية,عام,القطاع العام,خدمة إلكترونية,2026/06/30,"37,889,303"
الخدمات الرقمية,عام,القطاع العام,خدمة إلكترونية,2026/06/30,"37,884,724"
الخدمات الرقمية,عام,القطاع العام,خدمة إلكترونية,2026/06/30,"37,884,258"
الخدمات الرقمية,عام,القطاع العام,خدمة إلكترونية,2026/06/30,"37,885,909"
الخدمات الرقمية,عام,القطاع العام,خدمة إلكترونية,2026/06/30,"37,889,498"
الخدمات الرقمية,عام,القطاع العام,خدمة إلكترونية,2026/06/30,"37,889,973"
الخدمات الرقمية,عام,القطاع العام,خدمة إلكترونية,2026/06/30,"37,891,707"
الخدمات الرقمية,عام,القطاع العام,خدمة إلكترونية,2026/06/30,"37,891,869"
الخدمات الرقمية,عام,القطاع العام,خدمة إلكترونية,2026/06/30,"37,884,839"
الخدمات الرقمية,عام,القطاع العام,خدمة إلكترونية,2026/06/30,"37,885,026"
الخدمات الرقمية,عام,القطاع العام,خدمة إلكترونية,2026/06/30,"37,883,114"
الخدمات الرقمية,عام,القطاع العام,خدمة إلكترونية,2026/06/30,"37,893,146"
الخدمات الرقمية,عام,القطاع العام,خدمة إلكترونية,2026/06/30,"37,892,401"
الخدمات الرقمية,عام,القطاع العام,خدمة إلكترونية,2026/06/30,"37,882,740"
الخدمات الرقمية,عام,القطاع العام,خدمة إلكترونية,2026/06/30,"37,891,751"
الخدمات الرقمية,عام,القطاع العام,خدمة إلكترونية,2026/06/30,"37,889,619"
الخدمات الرقمية,عام,القطاع العام,خدمة إلكترونية,2026/06/30,"37,891,825"
الخدمات الرقمية,عام,القطاع العام,خدمة إلكترونية,2026/06/30,"37,893,252"
الخدمات الرقمية,عام,القطاع العام,خدمة إلكترونية,2026/06/30,"37,893,297"
الخدمات الرقمية,عام,القطاع العام,خدمة إلكترونية,2026/06/30,"37,891,662"
الخدمات الرقمية,عام,القطاع العام,خدمة إلكترونية,2026/06/30,"37,893,509"
الخدمات الرقمية,عام,القطاع العام,خدمة إلكترونية,2026/06/30,"37,885,594"
الخدمات الرقمية,عام,القطاع العام,خدمة إلكترونية,2026/06/30,"37,891,905"
الخدمات الرقمية,عام,القطاع العام,خدمة إلكترونية,2026/06/30,"37,890,499"
الخدمات الرقمية,عام,القطاع العام,خدمة إلكترونية,2026/06/30,"37,890,736"
الخدمات الرقمية,عام,القطاع العام,خدمة إلكترونية,2026/06/30,"37,890,838"
الخدمات الرقمية,عام,القطاع العام,خدمة إلكترونية,2026/06/30,"37,893,437"
الخدمات الرقمية,عام,القطاع العام,خدمة إلكترونية,2026/06/30,"37,891,972"
الخدمات الرقمية,عام,القطاع العام,خدمة إلكترونية,2026/06/30,"37,890,585"
الخدمات الرقمية,عام,القطاع العام,خدمة إلكترونية,2026/06/30,"37,891,609"
الخدمات الرقمية,عام,القطاع العام,خدمة إلكترونية,2026/06/30,"37,890,379"
الخدمات الرقمية,عام,القطاع العام,خدمة إلكترونية,2026/06/30,"37,889,573"
الخدمات الرقمية,عام,القطاع العام,خدمة إلكترونية,2026/06/30,"37,883,994"
الخدمات الرقمية,عام,القطاع العام,خدمة إلكترونية,2026/06/30,"37,889,867"
الخدمات الرقمية,عام,القطاع العام,خدمة إلكترونية,2026/06/30,"37,882,133"
الخدمات الرقمية,عام,القطاع العام,خدمة إلكترونية,2026/06/30,"37,884,754"
الخدمات الرقمية,عام,القطاع العام,خدمة إلكترونية,2026/06/30,"37,884,951"
الخدمات الرقمية,عام,القطاع العام,خدمة إلكترونية,2026/06/30,"37,885,258"
الخدمات الرقمية,عام,القطاع العام,خدمة إلكترونية,2026/06/30,"37,893,405"
الخدمات الرقمية,عام,القطاع العام,خدمة إلكترونية,2026/06/30,"37,883,067"
الخدمات الرقمية,عام,القطاع العام,خدمة إلكترونية,2026/06/30,"37,882,240"
الخدمات الرقمية,عام,القطاع العام,خدمة إلكترونية,2026/06/30,"37,893,369"
الخدمات الرقمية,عام,القطاع العام,خدمة إلكترونية,2026/06/30,"37,885,748"
الخدمات الرقمية,عام,القطاع العام,خدمة إلكترونية,2026/06/30,"37,885,075"
الخدمات الرقمية,عام,القطاع العام,خدمة إلكترونية,2026/06/30,"37,885,501"
الخدمات الرقمية,عام,القطاع العام,خدمة إلكترونية,2026/06/30,"37,890,678"
الخدمات الرقمية,عام,القطاع العام,خدمة إلكترونية,2026/06/30,"37,882,442"
الخدمات الرقمية,عام,القطاع العام,خدمة إلكترونية,2026/06/30,"37,883,337"
الخدمات الرقمية,عام,القطاع العام,خدمة إلكترونية,2026/06/30,"37,885,331"
الخدمات الرقمية,عام,القطاع العام,خدمة إلكترونية,2026/06/30,"37,882,616"
الخدمات الرقمية,عام,القطاع العام,خدمة إلكترونية,2026/06/30,"37,883,228"
الخدمات الرقمية,عام,القطاع العام,خدمة إلكترونية,2026/06/30,"37,889,695"
الخدمات الرقمية,عام,القطاع العام,خدمة إلكترونية,2026/06/30,"37,890,305"
الخدمات الرقمية,عام,القطاع العام,خدمة إلكترونية,2026/06/30,"37,884,081"
الخدمات الرقمية,عام,القطاع العام,خدمة إلكترونية,2026/06/30,"37,884,130"
الخدمات الرقمية,عام,القطاع العام,خدمة إلكترونية,2026/06/30,"37,893,266"
الخدمات الرقمية,عام,القطاع العام,خدمة إلكترونية,2026/06/30,"37,893,067"
الخدمات الرقمية,عام,القطاع العام,خدمة إلكترونية,2026/06/30,"37,882,510"
الخدمات الرقمية,عام,القطاع العام,خدمة إلكترونية,2026/06/30,"37,891,769"
الخدمات الرقمية,عام,القطاع العام,خدمة إلكترونية,2026/06/30,"37,891,941"
الخدمات الرقمية,عام,القطاع العام,خدمة إلكترونية,2026/06/30,"37,890,144"
الخدمات الرقمية,عام,القطاع العام,خدمة إلكترونية,2026/06/30,"37,902,893"
