المنطقة,المدينة,نوع القطاع,نوع الخدمة,نوع الوكالة,التاريخ ميلادي,التاريخ هجري,عدد الوكالات الصادرة
الخدمات الرقمية,عام,القطاع العام,خدمة إلكترونية,المطالبات والمحاكم,2026/06/01,1447/12/15,"2,418"
الخدمات الرقمية,عام,القطاع العام,خدمة إلكترونية,العقارات,2026/06/01,1447/12/15,"1,570"
الخدمات الرقمية,عام,القطاع العام,خدمة إلكترونية,البنوك والمصارف,2026/06/01,1447/12/15,"1,270"
الخدمات الرقمية,عام,القطاع العام,خدمة إلكترونية,السيارات,2026/06/01,1447/12/15,"1,143"
الخدمات الرقمية,عام,القطاع العام,خدمة إلكترونية,الجوازات,2026/06/01,1447/12/15,960
الخدمات الرقمية,عام,القطاع العام,خدمة إلكترونية,المرور,2026/06/01,1447/12/15,419
الخدمات الرقمية,عام,القطاع العام,خدمة إلكترونية,الوزارات الحكومية,2026/06/01,1447/12/15,409
الخدمات الرقمية,عام,القطاع العام,خدمة إلكترونية,الشركات والمؤسسات الأهلية,2026/06/01,1447/12/15,342
الخدمات الرقمية,عام,القطاع العام,خدمة إلكترونية,السجلات التجارية,2026/06/01,1447/12/15,245
الخدمات الرقمية,عام,القطاع العام,خدمة إلكترونية,وزارة الموارد البشرية والتنمية الاجتماعية,2026/06/01,1447/12/15,191
الخدمات الرقمية,عام,القطاع العام,خدمة إلكترونية,وكالة خارج المملكة العربية السعودية فقط,2026/06/01,1447/12/15,190
الخدمات الرقمية,عام,القطاع العام,خدمة إلكترونية,الجهات الأمنية,2026/06/01,1447/12/15,186
الخدمات الرقمية,عام,القطاع العام,خدمة إلكترونية,شركات الاتصالات,2026/06/01,1447/12/15,161
الخدمات الرقمية,عام,القطاع العام,خدمة إلكترونية,طلب الخدمات,2026/06/01,1447/12/15,135
الخدمات الرقمية,عام,القطاع العام,خدمة إلكترونية,الأمانات والبلديات,2026/06/01,1447/12/15,125
الخدمات الرقمية,عام,القطاع العام,خدمة إلكترونية,الرواتب والمستحقات,2026/06/01,1447/12/15,110
منطقة الرياض,الرياض,القطاع الخاص,خدمة إلكترونية جزئيا,المطالبات والمحاكم,2026/06/01,1447/12/15,103
الخدمات الرقمية,عام,القطاع العام,خدمة إلكترونية,إدارة الأحوال المدنية,2026/06/01,1447/12/15,83
الخدمات الرقمية,عام,القطاع العام,خدمة إلكترونية,شبكة إيجار الإلكترونية,2026/06/01,1447/12/15,77
منطقة الرياض,الرياض,القطاع الخاص,خدمة إلكترونية جزئيا,العقارات,2026/06/01,1447/12/15,68
الخدمات الرقمية,عام,القطاع العام,خدمة إلكترونية,شركة الكهرباء,2026/06/01,1447/12/15,59
الخدمات الرقمية,عام,القطاع العام,خدمة إلكترونية,التعويضات والمساعدات,2026/06/01,1447/12/15,51
الخدمات الرقمية,عام,القطاع العام,خدمة إلكترونية,النكاح,2026/06/01,1447/12/15,50
الخدمات الرقمية,عام,القطاع العام,خدمة إلكترونية,مكتب الإستقدام,2026/06/01,1447/12/15,48
الخدمات الرقمية,عام,القطاع العام,خدمة إلكترونية,الجهات التعليمية,2026/06/01,1447/12/15,46
الخدمات الرقمية,عام,القطاع العام,خدمة إلكترونية,الشركات,2026/06/01,1447/12/15,46
الخدمات الرقمية,عام,القطاع العام,خدمة إلكترونية,الهيئات الحكومية,2026/06/01,1447/12/15,46
منطقة مكة المكرمه,جده,القطاع الخاص,خدمة إلكترونية جزئيا,العقارات,2026/06/01,1447/12/15,39
الخدمات الرقمية,عام,القطاع العام,خدمة إلكترونية,المؤسسات الحكومية,2026/06/01,1447/12/15,34
الخدمات الرقمية,عام,القطاع العام,خدمة إلكترونية,شركة المياه,2026/06/01,1447/12/15,33
الخدمات الرقمية,عام,القطاع العام,خدمة إلكترونية,صندوق التنمية العقارية,2026/06/01,1447/12/15,33
الخدمات الرقمية,عام,القطاع العام,خدمة إلكترونية,المنح الزراعية,2026/06/01,1447/12/15,32
منطقة مكة المكرمه,جده,القطاع الخاص,خدمة إلكترونية جزئيا,المطالبات والمحاكم,2026/06/01,1447/12/15,32
منطقة مكة المكرمه,مكة المكرمة,القطاع الخاص,خدمة إلكترونية جزئيا,المطالبات والمحاكم,2026/06/01,1447/12/15,22
الخدمات الرقمية,عام,القطاع العام,خدمة إلكترونية,إثباتات المحاكم,2026/06/01,1447/12/15,18
الخدمات الرقمية,عام,القطاع العام,خدمة إلكترونية,المنح السكنية,2026/06/01,1447/12/15,18
منطقة الرياض,الرياض,القطاع الخاص,خدمة إلكترونية جزئيا,البنوك والمصارف,2026/06/01,1447/12/15,18
منطقة مكة المكرمه,جده,القطاع الخاص,خدمة إلكترونية جزئيا,الشركات,2026/06/01,1447/12/15,18
الخدمات الرقمية,عام,القطاع العام,خدمة إلكترونية,هيئة الزكاة والضريبة والجمارك,2026/06/01,1447/12/15,17
منطقة مكة المكرمه,مكة المكرمة,القطاع الخاص,خدمة إلكترونية جزئيا,العقارات,2026/06/01,1447/12/15,16
منطقة مكة المكرمه,الطائف,القطاع الخاص,خدمة إلكترونية جزئيا,المطالبات والمحاكم,2026/06/01,1447/12/15,15
منطقة مكة المكرمه,جده,القطاع الخاص,خدمة إلكترونية جزئيا,البنوك والمصارف,2026/06/01,1447/12/15,15
منطقة الرياض,الرياض,القطاع الخاص,خدمة إلكترونية جزئيا,وكالة خارج المملكة العربية السعودية فقط,2026/06/01,1447/12/15,12
منطقة الشرقية,الدمام,القطاع الخاص,خدمة إلكترونية جزئيا,العقارات,2026/06/01,1447/12/15,12
منطقة الشرقية,الدمام,القطاع الخاص,خدمة إلكترونية جزئيا,المطالبات والمحاكم,2026/06/01,1447/12/15,11
منطقة تبوك,تبوك,القطاع الخاص,خدمة إلكترونية جزئيا,المطالبات والمحاكم,2026/06/01,1447/12/15,11
منطقة مكة المكرمه,جده,القطاع الخاص,خدمة إلكترونية جزئيا,السجلات التجارية,2026/06/01,1447/12/15,11
منطقة القصيم,البدائع,القطاع الخاص,خدمة إلكترونية جزئيا,العقارات,2026/06/01,1447/12/15,10
منطقة الرياض,الرياض,القطاع الخاص,خدمة إلكترونية جزئيا,الشركات,2026/06/01,1447/12/15,9
الخدمات الرقمية,عام,القطاع العام,خدمة إلكترونية,استقدام العمالة,2026/06/01,1447/12/15,8
الخدمات الرقمية,عام,القطاع العام,خدمة إلكترونية,التوكيل على الإقرارات,2026/06/01,1447/12/15,8
منطقة مكة المكرمه,مكة المكرمة,القطاع الخاص,خدمة إلكترونية جزئيا,الوزارات الحكومية,2026/06/01,1447/12/15,8
منطقة الرياض,الدوادمي,القطاع الخاص,خدمة إلكترونية جزئيا,المطالبات والمحاكم,2026/06/01,1447/12/15,7
منطقة تبوك,تبوك,القطاع الخاص,خدمة إلكترونية جزئيا,وكالة خارج المملكة العربية السعودية فقط,2026/06/01,1447/12/15,7
الخدمات الرقمية,عام,القطاع العام,خدمة إلكترونية,الرئاسات الحكومية,2026/06/01,1447/12/15,6
الخدمات الرقمية,عام,القطاع العام,خدمة إلكترونية,بنك التنمية الاجتماعية,2026/06/01,1447/12/15,6
منطقة الرياض,الرياض,القطاع الخاص,خدمة إلكترونية جزئيا,السجلات التجارية,2026/06/01,1447/12/15,6
منطقة الرياض,الرياض,القطاع الخاص,خدمة إلكترونية جزئيا,السيارات,2026/06/01,1447/12/15,6
منطقة الرياض,الرياض,القطاع العام,خدمة إلكترونية جزئيا,المطالبات والمحاكم,2026/06/01,1447/12/15,6
منطقة الشرقية,الخبر,القطاع الخاص,خدمة إلكترونية جزئيا,المطالبات والمحاكم,2026/06/01,1447/12/15,6
منطقة الشرقية,الخبر,القطاع الخاص,خدمة إلكترونية جزئيا,وكالة خارج المملكة العربية السعودية فقط,2026/06/01,1447/12/15,6
منطقة المدينة المنوره,المدينة المنورة,القطاع الخاص,خدمة إلكترونية جزئيا,المطالبات والمحاكم,2026/06/01,1447/12/15,6
منطقة الشرقية,الدمام,القطاع الخاص,خدمة إلكترونية جزئيا,شبكة إيجار الإلكترونية,2026/06/01,1447/12/15,5
منطقة القصيم,البدائع,القطاع الخاص,خدمة إلكترونية جزئيا,المطالبات والمحاكم,2026/06/01,1447/12/15,5
منطقة مكة المكرمه,جده,القطاع الخاص,خدمة إلكترونية جزئيا,الهيئات الحكومية,2026/06/01,1447/12/15,5
منطقة مكة المكرمه,جده,القطاع الخاص,خدمة إلكترونية جزئيا,وكالة خارج المملكة العربية السعودية فقط,2026/06/01,1447/12/15,5
الخدمات الرقمية,عام,القطاع العام,خدمة إلكترونية,البريد,2026/06/01,1447/12/15,4
الخدمات الرقمية,عام,القطاع العام,خدمة إلكترونية,الحالات الاجتماعية,2026/06/01,1447/12/15,4
الخدمات الرقمية,عام,القطاع العام,خدمة إلكترونية,الضمان الاجتماعي,2026/06/01,1447/12/15,4
الخدمات الرقمية,عام,القطاع العام,خدمة إلكترونية,العوائد السنوية,2026/06/01,1447/12/15,4
الخدمات الرقمية,عام,القطاع العام,خدمة إلكترونية,تصاريح القوارب والصيد,2026/06/01,1447/12/15,4
منطقة الرياض,الخرج,القطاع الخاص,خدمة إلكترونية جزئيا,المطالبات والمحاكم,2026/06/01,1447/12/15,4
منطقة الشرقية,الخبر,القطاع الخاص,خدمة إلكترونية جزئيا,العقارات,2026/06/01,1447/12/15,4
منطقة القصيم,بريده,القطاع الخاص,خدمة إلكترونية جزئيا,السجلات التجارية,2026/06/01,1447/12/15,4
منطقة مكة المكرمه,الطائف,القطاع الخاص,خدمة إلكترونية جزئيا,السجلات التجارية,2026/06/01,1447/12/15,4
منطقة مكة المكرمه,مكة المكرمة,القطاع الخاص,خدمة إلكترونية جزئيا,شبكة إيجار الإلكترونية,2026/06/01,1447/12/15,4
منطقة الحدود الشمالية,عرعر,القطاع الخاص,خدمة إلكترونية جزئيا,الشركات,2026/06/01,1447/12/15,3
منطقة الرياض,الدوادمي,القطاع الخاص,خدمة إلكترونية جزئيا,السجلات التجارية,2026/06/01,1447/12/15,3
منطقة الرياض,الرياض,القطاع الخاص,خدمة إلكترونية جزئيا,شبكة إيجار الإلكترونية,2026/06/01,1447/12/15,3
منطقة الرياض,الرياض,القطاع الخاص,خدمة إلكترونية جزئيا,هيئة الزكاة والضريبة والجمارك,2026/06/01,1447/12/15,3
منطقة الرياض,الرياض,القطاع العام,خدمة إلكترونية جزئيا,البنوك والمصارف,2026/06/01,1447/12/15,3
منطقة الرياض,عرقه,القطاع الخاص,خدمة إلكترونية جزئيا,المطالبات والمحاكم,2026/06/01,1447/12/15,3
منطقة القصيم,بريده,القطاع الخاص,خدمة إلكترونية جزئيا,المطالبات والمحاكم,2026/06/01,1447/12/15,3
منطقة عسير,بيشه,القطاع الخاص,خدمة إلكترونية جزئيا,العقارات,2026/06/01,1447/12/15,3
منطقة مكة المكرمه,جده,القطاع الخاص,خدمة إلكترونية جزئيا,الأمانات والبلديات,2026/06/01,1447/12/15,3
منطقة مكة المكرمه,جده,القطاع الخاص,خدمة إلكترونية جزئيا,شبكة إيجار الإلكترونية,2026/06/01,1447/12/15,3
منطقة مكة المكرمه,مكة المكرمة,القطاع الخاص,خدمة إلكترونية جزئيا,الأمانات والبلديات,2026/06/01,1447/12/15,3
الخدمات الرقمية,عام,القطاع العام,خدمة إلكترونية,إنهائات المحاكم,2026/06/01,1447/12/15,2
الخدمات الرقمية,عام,القطاع العام,خدمة إلكترونية,البنك السعودي للتسليف والإدخار,2026/06/01,1447/12/15,2
الخدمات الرقمية,عام,القطاع العام,خدمة إلكترونية,برنامج رسوم الأراضي البيضاء,2026/06/01,1447/12/15,2
الخدمات الرقمية,عام,القطاع العام,خدمة إلكترونية,صندوق التنمية الزراعية,2026/06/01,1447/12/15,2
منطقة الرياض,الدرعيه,القطاع الخاص,خدمة إلكترونية جزئيا,العقارات,2026/06/01,1447/12/15,2
منطقة الرياض,الدرعيه,القطاع الخاص,خدمة إلكترونية جزئيا,الوزارات الحكومية,2026/06/01,1447/12/15,2
منطقة الرياض,الدوادمي,القطاع الخاص,خدمة إلكترونية جزئيا,الوزارات الحكومية,2026/06/01,1447/12/15,2
منطقة الرياض,الرياض,القطاع الخاص,خدمة إلكترونية جزئيا,إثباتات المحاكم,2026/06/01,1447/12/15,2
منطقة الرياض,الرياض,القطاع الخاص,خدمة إلكترونية جزئيا,الأمانات والبلديات,2026/06/01,1447/12/15,2
منطقة الرياض,الرياض,القطاع الخاص,خدمة إلكترونية جزئيا,الوزارات الحكومية,2026/06/01,1447/12/15,2
منطقة الرياض,الرياض,القطاع الخاص,خدمة إلكترونية جزئيا,وزارة الموارد البشرية والتنمية الاجتماعية,2026/06/01,1447/12/15,2
منطقة الرياض,الرياض,القطاع العام,خدمة إلكترونية جزئيا,العقارات,2026/06/01,1447/12/15,2
منطقة الشرقية,الخبر,القطاع الخاص,خدمة إلكترونية جزئيا,الوزارات الحكومية,2026/06/01,1447/12/15,2
منطقة الشرقية,الدمام,القطاع الخاص,خدمة إلكترونية جزئيا,الوزارات الحكومية,2026/06/01,1447/12/15,2
منطقة الشرقية,حفر الباطن,القطاع الخاص,خدمة إلكترونية جزئيا,السجلات التجارية,2026/06/01,1447/12/15,2
منطقة الشرقية,حفر الباطن,القطاع الخاص,خدمة إلكترونية جزئيا,العقارات,2026/06/01,1447/12/15,2
منطقة القصيم,الرس,القطاع الخاص,خدمة إلكترونية جزئيا,العقارات,2026/06/01,1447/12/15,2
منطقة القصيم,بريده,القطاع الخاص,خدمة إلكترونية جزئيا,العقارات,2026/06/01,1447/12/15,2
منطقة المدينة المنوره,ينبع,القطاع الخاص,خدمة إلكترونية جزئيا,وكالة خارج المملكة العربية السعودية فقط,2026/06/01,1447/12/15,2
منطقة تبوك,تبوك,القطاع الخاص,خدمة إلكترونية جزئيا,السيارات,2026/06/01,1447/12/15,2
منطقة جازان,ابو عريش,القطاع الخاص,خدمة إلكترونية جزئيا,الوزارات الحكومية,2026/06/01,1447/12/15,2
منطقة جازان,صامطه,القطاع الخاص,خدمة إلكترونية جزئيا,المطالبات والمحاكم,2026/06/01,1447/12/15,2
منطقة حائل,حائل,القطاع الخاص,خدمة إلكترونية جزئيا,المطالبات والمحاكم,2026/06/01,1447/12/15,2
منطقة عسير,ابها,القطاع الخاص,خدمة إلكترونية جزئيا,المطالبات والمحاكم,2026/06/01,1447/12/15,2
منطقة مكة المكرمه,مكة المكرمة,القطاع الخاص,خدمة إلكترونية جزئيا,الجهات الأمنية,2026/06/01,1447/12/15,2
منطقة مكة المكرمه,مكة المكرمة,القطاع الخاص,خدمة إلكترونية جزئيا,الشركات,2026/06/01,1447/12/15,2
منطقة مكة المكرمه,مكة المكرمة,القطاع الخاص,خدمة إلكترونية جزئيا,الشركات والمؤسسات الأهلية,2026/06/01,1447/12/15,2
الخدمات الرقمية,عام,القطاع العام,خدمة إلكترونية,أذونات المحاكم,2026/06/01,1447/12/15,1
الخدمات الرقمية,عام,القطاع العام,خدمة إلكترونية,التنازل عن كامل الإرث,2026/06/01,1447/12/15,1
الخدمات الرقمية,عام,القطاع العام,خدمة إلكترونية,صندوق تنمية الموارد البشرية,2026/06/01,1447/12/15,1
الخدمات الرقمية,عام,القطاع العام,خدمة إلكترونية,مكافآت الجامعات والمعاهد,2026/06/01,1447/12/15,1
الخدمات الرقمية,عام,القطاع العام,خدمة إلكترونية جزئيا,العقارات,2026/06/01,1447/12/15,1
منطقة الباحة,الباحه,القطاع الخاص,خدمة إلكترونية جزئيا,العقارات,2026/06/01,1447/12/15,1
منطقة الرياض,الخرج,القطاع الخاص,خدمة إلكترونية جزئيا,السجلات التجارية,2026/06/01,1447/12/15,1
منطقة الرياض,الدرعيه,القطاع الخاص,خدمة إلكترونية جزئيا,المطالبات والمحاكم,2026/06/01,1447/12/15,1
منطقة الرياض,الدرعيه,القطاع الخاص,خدمة إلكترونية جزئيا,شبكة إيجار الإلكترونية,2026/06/01,1447/12/15,1
منطقة الرياض,الرياض,القطاع الخاص,خدمة إلكترونية جزئيا,الهيئات الحكومية,2026/06/01,1447/12/15,1
منطقة الرياض,الرياض,القطاع العام,خدمة إلكترونية جزئيا,الجهات الأمنية,2026/06/01,1447/12/15,1
منطقة الرياض,الرياض,القطاع العام,خدمة إلكترونية جزئيا,المرور,2026/06/01,1447/12/15,1
منطقة الرياض,الرياض,القطاع العام,خدمة إلكترونية جزئيا,شركات الاتصالات,2026/06/01,1447/12/15,1
منطقة الشرقية,الاحساء,القطاع الخاص,خدمة إلكترونية جزئيا,العقارات,2026/06/01,1447/12/15,1
منطقة الشرقية,الاحساء,القطاع الخاص,خدمة إلكترونية جزئيا,المطالبات والمحاكم,2026/06/01,1447/12/15,1
منطقة الشرقية,الجبيل,القطاع الخاص,خدمة إلكترونية جزئيا,المطالبات والمحاكم,2026/06/01,1447/12/15,1
منطقة الشرقية,الخبر,القطاع الخاص,خدمة إلكترونية جزئيا,شبكة إيجار الإلكترونية,2026/06/01,1447/12/15,1
منطقة القصيم,بريده,القطاع الخاص,خدمة إلكترونية جزئيا,الشركات,2026/06/01,1447/12/15,1
منطقة القصيم,بريده,القطاع الخاص,خدمة إلكترونية جزئيا,المنح الزراعية,2026/06/01,1447/12/15,1
منطقة القصيم,بريده,القطاع الخاص,خدمة إلكترونية جزئيا,الوزارات الحكومية,2026/06/01,1447/12/15,1
منطقة تبوك,تبوك,القطاع الخاص,خدمة إلكترونية جزئيا,السجلات التجارية,2026/06/01,1447/12/15,1
منطقة عسير,النماص,القطاع الخاص,خدمة إلكترونية جزئيا,العقارات,2026/06/01,1447/12/15,1
منطقة عسير,النماص,القطاع الخاص,خدمة إلكترونية جزئيا,المطالبات والمحاكم,2026/06/01,1447/12/15,1
منطقة مكة المكرمه,الجموم,القطاع الخاص,خدمة إلكترونية جزئيا,وكالة خارج المملكة العربية السعودية فقط,2026/06/01,1447/12/15,1
منطقة مكة المكرمه,مكة المكرمة,القطاع الخاص,خدمة إلكترونية جزئيا,البنوك والمصارف,2026/06/01,1447/12/15,1
الخدمات الرقمية,عام,القطاع العام,خدمة إلكترونية,المطالبات والمحاكم,2026/06/02,1447/12/16,"4,455"
الخدمات الرقمية,عام,القطاع العام,خدمة إلكترونية,العقارات,2026/06/02,1447/12/16,"2,185"
الخدمات الرقمية,عام,القطاع العام,خدمة إلكترونية,السيارات,2026/06/02,1447/12/16,"1,641"
الخدمات الرقمية,عام,القطاع العام,خدمة إلكترونية,الجوازات,2026/06/02,1447/12/16,"1,528"
الخدمات الرقمية,عام,القطاع العام,خدمة إلكترونية,البنوك والمصارف,2026/06/02,1447/12/16,"1,474"
الخدمات الرقمية,عام,القطاع العام,خدمة إلكترونية,المرور,2026/06/02,1447/12/16,660
الخدمات الرقمية,عام,القطاع العام,خدمة إلكترونية,الوزارات الحكومية,2026/06/02,1447/12/16,620
الخدمات الرقمية,عام,القطاع العام,خدمة إلكترونية,الشركات والمؤسسات الأهلية,2026/06/02,1447/12/16,396
الخدمات الرقمية,عام,القطاع العام,خدمة إلكترونية,السجلات التجارية,2026/06/02,1447/12/16,387
الخدمات الرقمية,عام,القطاع العام,خدمة إلكترونية,الجهات الأمنية,2026/06/02,1447/12/16,332
الخدمات الرقمية,عام,القطاع العام,خدمة إلكترونية,وزارة الموارد البشرية والتنمية الاجتماعية,2026/06/02,1447/12/16,293
الخدمات الرقمية,عام,القطاع العام,خدمة إلكترونية,وكالة خارج المملكة العربية السعودية فقط,2026/06/02,1447/12/16,252
الخدمات الرقمية,عام,القطاع العام,خدمة إلكترونية,إدارة الأحوال المدنية,2026/06/02,1447/12/16,212
الخدمات الرقمية,عام,القطاع العام,خدمة إلكترونية,الأمانات والبلديات,2026/06/02,1447/12/16,206
الخدمات الرقمية,عام,القطاع العام,خدمة إلكترونية,طلب الخدمات,2026/06/02,1447/12/16,205
الخدمات الرقمية,عام,القطاع العام,خدمة إلكترونية,شركات الاتصالات,2026/06/02,1447/12/16,181
منطقة الرياض,الرياض,القطاع الخاص,خدمة إلكترونية جزئيا,المطالبات والمحاكم,2026/06/02,1447/12/16,169
منطقة الرياض,الرياض,القطاع الخاص,خدمة إلكترونية جزئيا,العقارات,2026/06/02,1447/12/16,159
منطقة مكة المكرمه,جده,القطاع الخاص,خدمة إلكترونية جزئيا,المطالبات والمحاكم,2026/06/02,1447/12/16,154
الخدمات الرقمية,عام,القطاع العام,خدمة إلكترونية,الرواتب والمستحقات,2026/06/02,1447/12/16,137
الخدمات الرقمية,عام,القطاع العام,خدمة إلكترونية,الجهات التعليمية,2026/06/02,1447/12/16,126
منطقة الرياض,الرياض,القطاع العام,خدمة إلكترونية جزئيا,المطالبات والمحاكم,2026/06/02,1447/12/16,123
الخدمات الرقمية,عام,القطاع العام,خدمة إلكترونية,الهيئات الحكومية,2026/06/02,1447/12/16,113
الخدمات الرقمية,عام,القطاع العام,خدمة إلكترونية,شبكة إيجار الإلكترونية,2026/06/02,1447/12/16,104
الخدمات الرقمية,كتابة عدل مدمجة - افتراضية,القطاع العام,خدمة إلكترونية جزئيا,المطالبات والمحاكم,2026/06/02,1447/12/16,90
الخدمات الرقمية,عام,القطاع العام,خدمة إلكترونية,الشركات,2026/06/02,1447/12/16,80
منطقة الرياض,الرياض,القطاع الخاص,خدمة إلكترونية جزئيا,وكالة خارج المملكة العربية السعودية فقط,2026/06/02,1447/12/16,73
الخدمات الرقمية,عام,القطاع العام,خدمة إلكترونية,النكاح,2026/06/02,1447/12/16,71
منطقة مكة المكرمه,جده,القطاع الخاص,خدمة إلكترونية جزئيا,العقارات,2026/06/02,1447/12/16,65
الخدمات الرقمية,عام,القطاع العام,خدمة إلكترونية,شركة الكهرباء,2026/06/02,1447/12/16,58
الخدمات الرقمية,عام,القطاع العام,خدمة إلكترونية,التعويضات والمساعدات,2026/06/02,1447/12/16,56
الخدمات الرقمية,عام,القطاع العام,خدمة إلكترونية,مكتب الإستقدام,2026/06/02,1447/12/16,55
منطقة مكة المكرمه,مكة المكرمة,القطاع الخاص,خدمة إلكترونية جزئيا,المطالبات والمحاكم,2026/06/02,1447/12/16,52
منطقة مكة المكرمه,جده,القطاع العام,خدمة إلكترونية جزئيا,تصديق الوكالات الخارجية,2026/06/02,1447/12/16,43
الخدمات الرقمية,عام,القطاع العام,خدمة إلكترونية,إثباتات المحاكم,2026/06/02,1447/12/16,38
منطقة الشرقية,الدمام,القطاع الخاص,خدمة إلكترونية جزئيا,المطالبات والمحاكم,2026/06/02,1447/12/16,38
الخدمات الرقمية,عام,القطاع العام,خدمة إلكترونية,المؤسسات الحكومية,2026/06/02,1447/12/16,37
الخدمات الرقمية,عام,القطاع العام,خدمة إلكترونية,شركة المياه,2026/06/02,1447/12/16,37
الخدمات الرقمية,عام,القطاع العام,خدمة إلكترونية,صندوق التنمية العقارية,2026/06/02,1447/12/16,36
الخدمات الرقمية,عام,القطاع العام,خدمة إلكترونية,هيئة الزكاة والضريبة والجمارك,2026/06/02,1447/12/16,34
منطقة مكة المكرمه,جده,القطاع الخاص,خدمة إلكترونية جزئيا,وكالة خارج المملكة العربية السعودية فقط,2026/06/02,1447/12/16,34
منطقة الرياض,الرياض,القطاع العام,خدمة إلكترونية جزئيا,البنوك والمصارف,2026/06/02,1447/12/16,29
منطقة المدينة المنوره,المدينة المنورة,القطاع الخاص,خدمة إلكترونية جزئيا,المطالبات والمحاكم,2026/06/02,1447/12/16,28
منطقة الشرقية,الدمام,القطاع العام,خدمة إلكترونية جزئيا,تصديق الوكالات الخارجية,2026/06/02,1447/12/16,27
منطقة الرياض,الرياض,القطاع الخاص,خدمة إلكترونية جزئيا,السجلات التجارية,2026/06/02,1447/12/16,26
منطقة الرياض,الرياض,القطاع العام,خدمة إلكترونية جزئيا,تصديق الوكالات الخارجية,2026/06/02,1447/12/16,26
منطقة الرياض,الرياض,القطاع الخاص,خدمة إلكترونية جزئيا,البنوك والمصارف,2026/06/02,1447/12/16,25
منطقة الرياض,الرياض,القطاع العام,خدمة إلكترونية جزئيا,الجهات الأمنية,2026/06/02,1447/12/16,25
الخدمات الرقمية,كتابة عدل مدمجة - افتراضية,القطاع العام,خدمة إلكترونية جزئيا,البنوك والمصارف,2026/06/02,1447/12/16,24
منطقة تبوك,تبوك,القطاع الخاص,خدمة إلكترونية جزئيا,المطالبات والمحاكم,2026/06/02,1447/12/16,23
الخدمات الرقمية,عام,القطاع العام,خدمة إلكترونية,المنح الزراعية,2026/06/02,1447/12/16,22
منطقة مكة المكرمه,جده,القطاع الخاص,خدمة إلكترونية جزئيا,السيارات,2026/06/02,1447/12/16,21
الخدمات الرقمية,عام,القطاع العام,خدمة إلكترونية,البنك السعودي للتسليف والإدخار,2026/06/02,1447/12/16,20
الخدمات الرقمية,كتابة عدل مدمجة - افتراضية,القطاع العام,خدمة إلكترونية جزئيا,العقارات,2026/06/02,1447/12/16,19
منطقة القصيم,بريده,القطاع الخاص,خدمة إلكترونية جزئيا,المطالبات والمحاكم,2026/06/02,1447/12/16,19
الخدمات الرقمية,عام,القطاع العام,خدمة إلكترونية,المنح السكنية,2026/06/02,1447/12/16,18
منطقة مكة المكرمه,الطائف,القطاع الخاص,خدمة إلكترونية جزئيا,المطالبات والمحاكم,2026/06/02,1447/12/16,18
الخدمات الرقمية,عام,القطاع العام,خدمة إلكترونية,التوكيل على الإقرارات,2026/06/02,1447/12/16,17
منطقة الرياض,الرياض,القطاع الخاص,خدمة إلكترونية جزئيا,الشركات,2026/06/02,1447/12/16,16
الخدمات الرقمية,عام,القطاع العام,خدمة إلكترونية,بنك التنمية الاجتماعية,2026/06/02,1447/12/16,15
منطقة المدينة المنوره,المدينة المنورة,القطاع الخاص,خدمة إلكترونية جزئيا,وكالة خارج المملكة العربية السعودية فقط,2026/06/02,1447/12/16,15
منطقة عسير,ابها,القطاع الخاص,خدمة إلكترونية جزئيا,المطالبات والمحاكم,2026/06/02,1447/12/16,15
منطقة الرياض,الرياض,القطاع الخاص,خدمة إلكترونية جزئيا,شبكة إيجار الإلكترونية,2026/06/02,1447/12/16,13
منطقة الرياض,الرياض,القطاع العام,خدمة إلكترونية جزئيا,المؤسسات الحكومية,2026/06/02,1447/12/16,13
منطقة مكة المكرمه,جده,القطاع العام,خدمة إلكترونية جزئيا,البنوك والمصارف,2026/06/02,1447/12/16,13
منطقة مكة المكرمه,مكة المكرمة,القطاع الخاص,خدمة إلكترونية جزئيا,السجلات التجارية,2026/06/02,1447/12/16,13
الخدمات الرقمية,عام,القطاع العام,خدمة إلكترونية,الضمان الاجتماعي,2026/06/02,1447/12/16,12
الخدمات الرقمية,كتابة عدل مدمجة - افتراضية,القطاع العام,خدمة إلكترونية جزئيا,شبكة إيجار الإلكترونية,2026/06/02,1447/12/16,12
منطقة مكة المكرمه,جده,القطاع الخاص,خدمة إلكترونية جزئيا,شبكة إيجار الإلكترونية,2026/06/02,1447/12/16,12
الخدمات الرقمية,عام,القطاع العام,خدمة إلكترونية,الحالات الاجتماعية,2026/06/02,1447/12/16,11
الخدمات الرقمية,عام,القطاع العام,خدمة إلكترونية,العوائد السنوية,2026/06/02,1447/12/16,11
منطقة الرياض,الرياض,القطاع الخاص,خدمة إلكترونية جزئيا,الوزارات الحكومية,2026/06/02,1447/12/16,11
منطقة الرياض,الرياض,القطاع العام,خدمة إلكترونية جزئيا,شركات الاتصالات,2026/06/02,1447/12/16,11
منطقة الشرقية,الدمام,القطاع الخاص,خدمة إلكترونية جزئيا,العقارات,2026/06/02,1447/12/16,11
منطقة مكة المكرمه,جده,القطاع الخاص,خدمة إلكترونية جزئيا,السجلات التجارية,2026/06/02,1447/12/16,11
منطقة الشرقية,الخبر,القطاع الخاص,خدمة إلكترونية جزئيا,وكالة خارج المملكة العربية السعودية فقط,2026/06/02,1447/12/16,10
منطقة مكة المكرمه,مكة المكرمة,القطاع العام,خدمة إلكترونية جزئيا,تصديق الوكالات الخارجية,2026/06/02,1447/12/16,10
الخدمات الرقمية,عام,القطاع العام,خدمة إلكترونية,استقدام العمالة,2026/06/02,1447/12/16,9
منطقة الرياض,الرياض,القطاع الخاص,خدمة إلكترونية جزئيا,الهيئات الحكومية,2026/06/02,1447/12/16,9
منطقة الرياض,الرياض,القطاع العام,خدمة إلكترونية جزئيا,العقارات,2026/06/02,1447/12/16,9
منطقة مكة المكرمه,جده,القطاع العام,خدمة إلكترونية جزئيا,المطالبات والمحاكم,2026/06/02,1447/12/16,9
منطقة مكة المكرمه,مكة المكرمة,القطاع الخاص,خدمة إلكترونية جزئيا,البنوك والمصارف,2026/06/02,1447/12/16,9
الخدمات الرقمية,كتابة عدل مدمجة - افتراضية,القطاع العام,خدمة إلكترونية جزئيا,الوزارات الحكومية,2026/06/02,1447/12/16,8
منطقة الرياض,الدرعيه,القطاع الخاص,خدمة إلكترونية جزئيا,شبكة إيجار الإلكترونية,2026/06/02,1447/12/16,8
منطقة الشرقية,الخبر,القطاع الخاص,خدمة إلكترونية جزئيا,المطالبات والمحاكم,2026/06/02,1447/12/16,8
منطقة القصيم,عنيزه,القطاع الخاص,خدمة إلكترونية جزئيا,المطالبات والمحاكم,2026/06/02,1447/12/16,8
منطقة المدينة المنوره,المدينة المنورة,القطاع الخاص,خدمة إلكترونية جزئيا,العقارات,2026/06/02,1447/12/16,8
منطقة جازان,جيزان,القطاع الخاص,خدمة إلكترونية جزئيا,المطالبات والمحاكم,2026/06/02,1447/12/16,8
منطقة حائل,حائل,القطاع الخاص,خدمة إلكترونية جزئيا,المطالبات والمحاكم,2026/06/02,1447/12/16,8
منطقة عسير,خميس مشيط,القطاع الخاص,خدمة إلكترونية جزئيا,المطالبات والمحاكم,2026/06/02,1447/12/16,8
الخدمات الرقمية,عام,القطاع العام,خدمة إلكترونية,إنهائات المحاكم,2026/06/02,1447/12/16,7
الخدمات الرقمية,عام,القطاع العام,خدمة إلكترونية,التنازل عن كامل الإرث,2026/06/02,1447/12/16,7
الخدمات الرقمية,عام,القطاع العام,خدمة إلكترونية جزئيا,البنوك والمصارف,2026/06/02,1447/12/16,7
منطقة الرياض,الخرج,القطاع الخاص,خدمة إلكترونية جزئيا,المطالبات والمحاكم,2026/06/02,1447/12/16,7
منطقة الرياض,الدرعيه,القطاع الخاص,خدمة إلكترونية جزئيا,السجلات التجارية,2026/06/02,1447/12/16,7
منطقة الرياض,الرياض,القطاع الخاص,خدمة إلكترونية جزئيا,الأمانات والبلديات,2026/06/02,1447/12/16,7
منطقة الرياض,الرياض,القطاع الخاص,خدمة إلكترونية جزئيا,وزارة الموارد البشرية والتنمية الاجتماعية,2026/06/02,1447/12/16,7
منطقة الشرقية,الدمام,القطاع العام,خدمة إلكترونية جزئيا,المطالبات والمحاكم,2026/06/02,1447/12/16,7
منطقة القصيم,الرس,القطاع الخاص,خدمة إلكترونية جزئيا,السجلات التجارية,2026/06/02,1447/12/16,7
منطقة مكة المكرمه,جده,القطاع الخاص,خدمة إلكترونية جزئيا,البنوك والمصارف,2026/06/02,1447/12/16,7
منطقة مكة المكرمه,جده,القطاع الخاص,خدمة إلكترونية جزئيا,الشركات,2026/06/02,1447/12/16,7
الخدمات الرقمية,عام,القطاع العام,خدمة إلكترونية,تصاريح القوارب والصيد,2026/06/02,1447/12/16,6
منطقة الرياض,الرياض,القطاع الخاص,خدمة إلكترونية جزئيا,الرواتب والمستحقات,2026/06/02,1447/12/16,6
منطقة الرياض,الرياض,القطاع الخاص,خدمة إلكترونية جزئيا,السيارات,2026/06/02,1447/12/16,6
منطقة الرياض,الرياض,القطاع العام,خدمة إلكترونية جزئيا,إدارة الأحوال المدنية,2026/06/02,1447/12/16,6
منطقة الرياض,الرياض,القطاع العام,خدمة إلكترونية جزئيا,المرور,2026/06/02,1447/12/16,6
منطقة الرياض,الرياض,القطاع العام,خدمة إلكترونية جزئيا,شبكة إيجار الإلكترونية,2026/06/02,1447/12/16,6
منطقة الشرقية,الخبر,القطاع الخاص,خدمة إلكترونية جزئيا,العقارات,2026/06/02,1447/12/16,6
منطقة الشرقية,الخفجي,القطاع الخاص,خدمة إلكترونية جزئيا,وكالة خارج المملكة العربية السعودية فقط,2026/06/02,1447/12/16,6
منطقة القصيم,البدائع,القطاع الخاص,خدمة إلكترونية جزئيا,العقارات,2026/06/02,1447/12/16,6
منطقة المدينة المنوره,المدينة المنورة,القطاع الخاص,خدمة إلكترونية جزئيا,البنوك والمصارف,2026/06/02,1447/12/16,6
منطقة المدينة المنوره,المدينة المنورة,القطاع العام,خدمة إلكترونية جزئيا,تصديق الوكالات الخارجية,2026/06/02,1447/12/16,6
منطقة مكة المكرمه,جده,القطاع الخاص,خدمة إلكترونية جزئيا,الأمانات والبلديات,2026/06/02,1447/12/16,6
الخدمات الرقمية,عام,القطاع العام,خدمة إلكترونية,برنامج رسوم الأراضي البيضاء,2026/06/02,1447/12/16,5
منطقة الرياض,الخرج,القطاع الخاص,خدمة إلكترونية جزئيا,العقارات,2026/06/02,1447/12/16,5
منطقة الرياض,الرياض,القطاع العام,خدمة إلكترونية جزئيا,الجوازات,2026/06/02,1447/12/16,5
منطقة الرياض,الرياض,القطاع العام,خدمة إلكترونية جزئيا,الوزارات الحكومية,2026/06/02,1447/12/16,5
منطقة القصيم,بريده,القطاع العام,خدمة إلكترونية جزئيا,المطالبات والمحاكم,2026/06/02,1447/12/16,5
منطقة مكة المكرمه,جده,القطاع الخاص,خدمة إلكترونية جزئيا,المنح الزراعية,2026/06/02,1447/12/16,5
الخدمات الرقمية,عام,القطاع العام,خدمة إلكترونية,صندوق التنمية الزراعية,2026/06/02,1447/12/16,4
الخدمات الرقمية,عام,القطاع العام,خدمة إلكترونية جزئيا,المطالبات والمحاكم,2026/06/02,1447/12/16,4
الخدمات الرقمية,كتابة عدل مدمجة - افتراضية,القطاع العام,خدمة إلكترونية جزئيا,الشركات والمؤسسات الأهلية,2026/06/02,1447/12/16,4
الخدمات الرقمية,كتابة عدل مدمجة - افتراضية,القطاع العام,خدمة إلكترونية جزئيا,الهيئات الحكومية,2026/06/02,1447/12/16,4
منطقة الرياض,الرياض,القطاع العام,خدمة إلكترونية جزئيا,السيارات,2026/06/02,1447/12/16,4
منطقة الرياض,شقراء,القطاع الخاص,خدمة إلكترونية جزئيا,السجلات التجارية,2026/06/02,1447/12/16,4
منطقة الشرقية,الخفجي,القطاع الخاص,خدمة إلكترونية جزئيا,العقارات,2026/06/02,1447/12/16,4
منطقة الشرقية,القطيف,القطاع الخاص,خدمة إلكترونية جزئيا,المطالبات والمحاكم,2026/06/02,1447/12/16,4
منطقة المدينة المنوره,المدينة المنورة,القطاع الخاص,خدمة إلكترونية جزئيا,شبكة إيجار الإلكترونية,2026/06/02,1447/12/16,4
منطقة جازان,جيزان,القطاع العام,خدمة إلكترونية جزئيا,العقارات,2026/06/02,1447/12/16,4
منطقة عسير,بيشه,القطاع الخاص,خدمة إلكترونية جزئيا,العقارات,2026/06/02,1447/12/16,4
منطقة مكة المكرمه,جده,القطاع الخاص,خدمة إلكترونية جزئيا,الجوازات,2026/06/02,1447/12/16,4
منطقة مكة المكرمه,مكة المكرمة,القطاع الخاص,خدمة إلكترونية جزئيا,العقارات,2026/06/02,1447/12/16,4
الخدمات الرقمية,عام,القطاع العام,خدمة إلكترونية,البريد,2026/06/02,1447/12/16,3
الخدمات الرقمية,عام,القطاع العام,خدمة إلكترونية جزئيا,العقارات,2026/06/02,1447/12/16,3
الخدمات الرقمية,كتابة عدل مدمجة - افتراضية,القطاع العام,خدمة إلكترونية جزئيا,الجهات التعليمية,2026/06/02,1447/12/16,3
الخدمات الرقمية,كتابة عدل مدمجة - افتراضية,القطاع العام,خدمة إلكترونية جزئيا,الجوازات,2026/06/02,1447/12/16,3
الخدمات الرقمية,كتابة عدل مدمجة - افتراضية,القطاع العام,خدمة إلكترونية جزئيا,الرواتب والمستحقات,2026/06/02,1447/12/16,3
الخدمات الرقمية,كتابة عدل مدمجة - افتراضية,القطاع العام,خدمة إلكترونية جزئيا,السجلات التجارية,2026/06/02,1447/12/16,3
الخدمات الرقمية,كتابة عدل مدمجة - افتراضية,القطاع العام,خدمة إلكترونية جزئيا,السيارات,2026/06/02,1447/12/16,3
الخدمات الرقمية,كتابة عدل مدمجة - افتراضية,القطاع العام,خدمة إلكترونية جزئيا,شركات الاتصالات,2026/06/02,1447/12/16,3
منطقة الرياض,الدوادمي,القطاع الخاص,خدمة إلكترونية جزئيا,المطالبات والمحاكم,2026/06/02,1447/12/16,3
منطقة الرياض,الرياض,القطاع الخاص,خدمة إلكترونية جزئيا,الجوازات,2026/06/02,1447/12/16,3
منطقة الشرقية,الدمام,القطاع الخاص,خدمة إلكترونية جزئيا,وكالة خارج المملكة العربية السعودية فقط,2026/06/02,1447/12/16,3
منطقة الشرقية,حفر الباطن,القطاع الخاص,خدمة إلكترونية جزئيا,السجلات التجارية,2026/06/02,1447/12/16,3
منطقة القصيم,الرس,القطاع الخاص,خدمة إلكترونية جزئيا,العقارات,2026/06/02,1447/12/16,3
منطقة القصيم,الرس,القطاع الخاص,خدمة إلكترونية جزئيا,المطالبات والمحاكم,2026/06/02,1447/12/16,3
منطقة تبوك,ضباء,القطاع الخاص,خدمة إلكترونية جزئيا,الأمانات والبلديات,2026/06/02,1447/12/16,3
منطقة جازان,احد المسارحه,القطاع الخاص,خدمة إلكترونية جزئيا,العقارات,2026/06/02,1447/12/16,3
منطقة جازان,جيزان,القطاع الخاص,خدمة إلكترونية جزئيا,السجلات التجارية,2026/06/02,1447/12/16,3
منطقة جازان,صبياء,القطاع الخاص,خدمة إلكترونية جزئيا,المطالبات والمحاكم,2026/06/02,1447/12/16,3
منطقة مكة المكرمه,جده,القطاع الخاص,خدمة إلكترونية جزئيا,الوزارات الحكومية,2026/06/02,1447/12/16,3
منطقة مكة المكرمه,جده,القطاع الخاص,خدمة إلكترونية جزئيا,شركة الكهرباء,2026/06/02,1447/12/16,3
منطقة مكة المكرمه,جده,القطاع العام,خدمة إلكترونية جزئيا,المرور,2026/06/02,1447/12/16,3
منطقة مكة المكرمه,مكة المكرمة,القطاع الخاص,خدمة إلكترونية جزئيا,الوزارات الحكومية,2026/06/02,1447/12/16,3
الخدمات الرقمية,عام,القطاع العام,خدمة إلكترونية,أذونات المحاكم,2026/06/02,1447/12/16,2
الخدمات الرقمية,عام,القطاع العام,خدمة إلكترونية,الرئاسات الحكومية,2026/06/02,1447/12/16,2
الخدمات الرقمية,عام,القطاع العام,خدمة إلكترونية,مكافآت الجامعات والمعاهد,2026/06/02,1447/12/16,2
الخدمات الرقمية,كتابة عدل مدمجة - افتراضية,القطاع العام,خدمة إلكترونية جزئيا,الأمانات والبلديات,2026/06/02,1447/12/16,2
الخدمات الرقمية,كتابة عدل مدمجة - افتراضية,القطاع العام,خدمة إلكترونية جزئيا,النكاح,2026/06/02,1447/12/16,2
الخدمات الرقمية,كتابة عدل مدمجة - افتراضية,القطاع العام,خدمة إلكترونية جزئيا,وزارة الموارد البشرية والتنمية الاجتماعية,2026/06/02,1447/12/16,2
منطقة الرياض,الخرج,القطاع الخاص,خدمة إلكترونية جزئيا,وكالة خارج المملكة العربية السعودية فقط,2026/06/02,1447/12/16,2
منطقة الرياض,الدرعيه,القطاع الخاص,خدمة إلكترونية جزئيا,المطالبات والمحاكم,2026/06/02,1447/12/16,2
منطقة الرياض,الدلم,القطاع الخاص,خدمة إلكترونية جزئيا,المطالبات والمحاكم,2026/06/02,1447/12/16,2
منطقة الرياض,الرياض,القطاع الخاص,خدمة إلكترونية جزئيا,الشركات والمؤسسات الأهلية,2026/06/02,1447/12/16,2
منطقة الرياض,الرياض,القطاع الخاص,خدمة إلكترونية جزئيا,شركة الكهرباء,2026/06/02,1447/12/16,2
منطقة الرياض,الرياض,القطاع العام,خدمة إلكترونية جزئيا,السجلات التجارية,2026/06/02,1447/12/16,2
منطقة الرياض,الرياض,القطاع العام,خدمة إلكترونية جزئيا,الضمان والشؤون الاجتماعية,2026/06/02,1447/12/16,2
منطقة الرياض,الرياض,القطاع العام,خدمة إلكترونية جزئيا,النكاح,2026/06/02,1447/12/16,2
منطقة الرياض,الرياض,القطاع العام,خدمة إلكترونية جزئيا,وكالة خارج المملكة العربية السعودية فقط,2026/06/02,1447/12/16,2
منطقة الرياض,عرقه,القطاع الخاص,خدمة إلكترونية جزئيا,العقارات,2026/06/02,1447/12/16,2
منطقة الشرقية,الاحساء,القطاع الخاص,خدمة إلكترونية جزئيا,وكالة خارج المملكة العربية السعودية فقط,2026/06/02,1447/12/16,2
منطقة الشرقية,الدمام,القطاع العام,خدمة إلكترونية جزئيا,الأمانات والبلديات,2026/06/02,1447/12/16,2
منطقة القصيم,بريده,القطاع الخاص,خدمة إلكترونية جزئيا,السجلات التجارية,2026/06/02,1447/12/16,2
منطقة القصيم,بريده,القطاع الخاص,خدمة إلكترونية جزئيا,شبكة إيجار الإلكترونية,2026/06/02,1447/12/16,2
منطقة المدينة المنوره,المدينة المنورة,القطاع الخاص,خدمة إلكترونية جزئيا,الشركات,2026/06/02,1447/12/16,2
منطقة المدينة المنوره,المدينة المنورة,القطاع العام,خدمة إلكترونية جزئيا,المطالبات والمحاكم,2026/06/02,1447/12/16,2
منطقة المدينة المنوره,ينبع,القطاع الخاص,خدمة إلكترونية جزئيا,العقارات,2026/06/02,1447/12/16,2
منطقة حائل,حائل,القطاع العام,خدمة إلكترونية جزئيا,تصديق الوكالات الخارجية,2026/06/02,1447/12/16,2
منطقة عسير,ابها,القطاع الخاص,خدمة إلكترونية جزئيا,البنوك والمصارف,2026/06/02,1447/12/16,2
منطقة عسير,ابها,القطاع الخاص,خدمة إلكترونية جزئيا,العقارات,2026/06/02,1447/12/16,2
منطقة مكة المكرمه,الطائف,القطاع الخاص,خدمة إلكترونية جزئيا,العقارات,2026/06/02,1447/12/16,2
منطقة مكة المكرمه,جده,القطاع الخاص,خدمة إلكترونية جزئيا,الهيئات الحكومية,2026/06/02,1447/12/16,2
منطقة مكة المكرمه,جده,القطاع العام,خدمة إلكترونية جزئيا,وزارة الموارد البشرية والتنمية الاجتماعية,2026/06/02,1447/12/16,2
منطقة مكة المكرمه,مكة المكرمة,القطاع الخاص,خدمة إلكترونية جزئيا,السيارات,2026/06/02,1447/12/16,2
منطقة مكة المكرمه,مكة المكرمة,القطاع الخاص,خدمة إلكترونية جزئيا,شبكة إيجار الإلكترونية,2026/06/02,1447/12/16,2
الخدمات الرقمية,عام,القطاع العام,خدمة إلكترونية,صندوق التنمية الصناعية,2026/06/02,1447/12/16,1
الخدمات الرقمية,عام,القطاع العام,خدمة إلكترونية جزئيا,إدارة الأحوال المدنية,2026/06/02,1447/12/16,1
الخدمات الرقمية,عام,القطاع العام,خدمة إلكترونية جزئيا,الجوازات,2026/06/02,1447/12/16,1
الخدمات الرقمية,عام,القطاع العام,خدمة إلكترونية جزئيا,السيارات,2026/06/02,1447/12/16,1
الخدمات الرقمية,عام,القطاع العام,خدمة إلكترونية جزئيا,النكاح,2026/06/02,1447/12/16,1
الخدمات الرقمية,عام,القطاع العام,خدمة إلكترونية جزئيا,الهيئات الحكومية,2026/06/02,1447/12/16,1
الخدمات الرقمية,عام,القطاع العام,خدمة إلكترونية جزئيا,شبكة إيجار الإلكترونية,2026/06/02,1447/12/16,1
الخدمات الرقمية,عام,القطاع العام,خدمة إلكترونية جزئيا,صندوق التنمية العقارية,2026/06/02,1447/12/16,1
الخدمات الرقمية,كتابة عدل مدمجة - افتراضية,القطاع العام,خدمة إلكترونية جزئيا,إدارة الأحوال المدنية,2026/06/02,1447/12/16,1
الخدمات الرقمية,كتابة عدل مدمجة - افتراضية,القطاع العام,خدمة إلكترونية جزئيا,استقدام العمالة,2026/06/02,1447/12/16,1
الخدمات الرقمية,كتابة عدل مدمجة - افتراضية,القطاع العام,خدمة إلكترونية جزئيا,الجهات الأمنية,2026/06/02,1447/12/16,1
الخدمات الرقمية,كتابة عدل مدمجة - افتراضية,القطاع العام,خدمة إلكترونية جزئيا,الضمان والشؤون الاجتماعية,2026/06/02,1447/12/16,1
الخدمات الرقمية,كتابة عدل مدمجة - افتراضية,القطاع العام,خدمة إلكترونية جزئيا,المؤسسات الحكومية,2026/06/02,1447/12/16,1
الخدمات الرقمية,كتابة عدل مدمجة - افتراضية,القطاع العام,خدمة إلكترونية جزئيا,المرور,2026/06/02,1447/12/16,1
الخدمات الرقمية,كتابة عدل مدمجة - افتراضية,القطاع العام,خدمة إلكترونية جزئيا,شركة الكهرباء,2026/06/02,1447/12/16,1
الخدمات الرقمية,كتابة عدل مدمجة - افتراضية,القطاع العام,خدمة إلكترونية جزئيا,شركة المياه,2026/06/02,1447/12/16,1
الخدمات الرقمية,كتابة عدل مدمجة - افتراضية,القطاع العام,خدمة إلكترونية جزئيا,هيئة الزكاة والضريبة والجمارك,2026/06/02,1447/12/16,1
منطقة الباحة,الباحه,القطاع الخاص,خدمة إلكترونية جزئيا,العقارات,2026/06/02,1447/12/16,1
منطقة الباحة,الباحه,القطاع الخاص,خدمة إلكترونية جزئيا,المطالبات والمحاكم,2026/06/02,1447/12/16,1
منطقة الجوف,سكاكا,القطاع الخاص,خدمة إلكترونية جزئيا,المطالبات والمحاكم,2026/06/02,1447/12/16,1
منطقة الحدود الشمالية,عرعر,القطاع الخاص,خدمة إلكترونية جزئيا,المطالبات والمحاكم,2026/06/02,1447/12/16,1
منطقة الرياض,الجمش,القطاع الخاص,خدمة إلكترونية جزئيا,البنوك والمصارف,2026/06/02,1447/12/16,1
منطقة الرياض,الدرعيه,القطاع الخاص,خدمة إلكترونية جزئيا,الشركات والمؤسسات الأهلية,2026/06/02,1447/12/16,1
منطقة الرياض,الدوادمي,القطاع الخاص,خدمة إلكترونية جزئيا,البنوك والمصارف,2026/06/02,1447/12/16,1
منطقة الرياض,الدوادمي,القطاع الخاص,خدمة إلكترونية جزئيا,السجلات التجارية,2026/06/02,1447/12/16,1
منطقة الرياض,الرياض,القطاع الخاص,خدمة إلكترونية جزئيا,الجهات الأمنية,2026/06/02,1447/12/16,1
منطقة الرياض,الرياض,القطاع الخاص,خدمة إلكترونية جزئيا,المرور,2026/06/02,1447/12/16,1
منطقة الرياض,الرياض,القطاع الخاص,خدمة إلكترونية جزئيا,النكاح,2026/06/02,1447/12/16,1
منطقة الرياض,الرياض,القطاع العام,خدمة إلكترونية جزئيا,الجهات التعليمية,2026/06/02,1447/12/16,1
منطقة الرياض,الرياض,القطاع العام,خدمة إلكترونية جزئيا,الرواتب والمستحقات,2026/06/02,1447/12/16,1
منطقة الرياض,الرياض,القطاع العام,خدمة إلكترونية جزئيا,الشركات,2026/06/02,1447/12/16,1
منطقة الرياض,الرياض,القطاع العام,خدمة إلكترونية جزئيا,الشركات والمؤسسات الأهلية,2026/06/02,1447/12/16,1
منطقة الرياض,الرياض,القطاع العام,خدمة إلكترونية جزئيا,وزارة الموارد البشرية والتنمية الاجتماعية,2026/06/02,1447/12/16,1
منطقة الرياض,المزاحميه,القطاع الخاص,خدمة إلكترونية جزئيا,المطالبات والمحاكم,2026/06/02,1447/12/16,1
منطقة الشرقية,الاحساء,القطاع الخاص,خدمة إلكترونية جزئيا,المطالبات والمحاكم,2026/06/02,1447/12/16,1
منطقة الشرقية,الاحساء,القطاع العام,خدمة إلكترونية جزئيا,العقارات,2026/06/02,1447/12/16,1
منطقة الشرقية,الخبر,القطاع الخاص,خدمة إلكترونية جزئيا,السجلات التجارية,2026/06/02,1447/12/16,1
منطقة الشرقية,الخبر,القطاع الخاص,خدمة إلكترونية جزئيا,شبكة إيجار الإلكترونية,2026/06/02,1447/12/16,1
منطقة الشرقية,الدمام,القطاع الخاص,خدمة إلكترونية جزئيا,البنوك والمصارف,2026/06/02,1447/12/16,1
منطقة الشرقية,الدمام,القطاع الخاص,خدمة إلكترونية جزئيا,السجلات التجارية,2026/06/02,1447/12/16,1
منطقة الشرقية,الدمام,القطاع الخاص,خدمة إلكترونية جزئيا,الشركات والمؤسسات الأهلية,2026/06/02,1447/12/16,1
منطقة الشرقية,الدمام,القطاع الخاص,خدمة إلكترونية جزئيا,وزارة الموارد البشرية والتنمية الاجتماعية,2026/06/02,1447/12/16,1
منطقة الشرقية,الظهران,القطاع العام,خدمة إلكترونية جزئيا,وكالة خارج المملكة العربية السعودية فقط,2026/06/02,1447/12/16,1
منطقة الشرقية,رأس تنوره,القطاع الخاص,خدمة إلكترونية جزئيا,المطالبات والمحاكم,2026/06/02,1447/12/16,1
منطقة القصيم,البدائع,القطاع الخاص,خدمة إلكترونية جزئيا,السجلات التجارية,2026/06/02,1447/12/16,1
منطقة القصيم,الرس,القطاع الخاص,خدمة إلكترونية جزئيا,البنوك والمصارف,2026/06/02,1447/12/16,1
منطقة القصيم,بريده,القطاع العام,خدمة إلكترونية جزئيا,تصديق الوكالات الخارجية,2026/06/02,1447/12/16,1
منطقة المدينة المنوره,المدينة المنورة,القطاع الخاص,خدمة إلكترونية جزئيا,السجلات التجارية,2026/06/02,1447/12/16,1
منطقة المدينة المنوره,المدينة المنورة,القطاع العام,خدمة إلكترونية جزئيا,أذونات المحاكم,2026/06/02,1447/12/16,1
منطقة المدينة المنوره,المدينة المنورة,القطاع العام,خدمة إلكترونية جزئيا,الأمانات والبلديات,2026/06/02,1447/12/16,1
منطقة المدينة المنوره,المدينة المنورة,القطاع العام,خدمة إلكترونية جزئيا,العقارات,2026/06/02,1447/12/16,1
منطقة المدينة المنوره,المدينة المنورة,القطاع العام,خدمة إلكترونية جزئيا,الهيئات الحكومية,2026/06/02,1447/12/16,1
منطقة المدينة المنوره,المدينة المنورة,القطاع العام,خدمة إلكترونية جزئيا,وكالة خارج المملكة العربية السعودية فقط,2026/06/02,1447/12/16,1
منطقة المدينة المنوره,ينبع,القطاع الخاص,خدمة إلكترونية جزئيا,الشركات,2026/06/02,1447/12/16,1
منطقة المدينة المنوره,ينبع,القطاع الخاص,خدمة إلكترونية جزئيا,المطالبات والمحاكم,2026/06/02,1447/12/16,1
منطقة المدينة المنوره,ينبع,القطاع العام,خدمة إلكترونية جزئيا,المطالبات والمحاكم,2026/06/02,1447/12/16,1
منطقة تبوك,تبوك,القطاع الخاص,خدمة إلكترونية جزئيا,العقارات,2026/06/02,1447/12/16,1
منطقة جازان,ابو عريش,القطاع الخاص,خدمة إلكترونية جزئيا,المطالبات والمحاكم,2026/06/02,1447/12/16,1
منطقة جازان,جيزان,القطاع الخاص,خدمة إلكترونية جزئيا,السيارات,2026/06/02,1447/12/16,1
منطقة جازان,جيزان,القطاع الخاص,خدمة إلكترونية جزئيا,العقارات,2026/06/02,1447/12/16,1
منطقة جازان,جيزان,القطاع العام,خدمة إلكترونية جزئيا,المطالبات والمحاكم,2026/06/02,1447/12/16,1
منطقة جازان,صامطه,القطاع الخاص,خدمة إلكترونية جزئيا,الأمانات والبلديات,2026/06/02,1447/12/16,1
منطقة جازان,صامطه,القطاع الخاص,خدمة إلكترونية جزئيا,العقارات,2026/06/02,1447/12/16,1
منطقة عسير,ابها,القطاع الخاص,خدمة إلكترونية جزئيا,السيارات,2026/06/02,1447/12/16,1
منطقة عسير,ابها,القطاع الخاص,خدمة إلكترونية جزئيا,الوزارات الحكومية,2026/06/02,1447/12/16,1
منطقة عسير,ابها,القطاع العام,خدمة إلكترونية جزئيا,تصديق الوكالات الخارجية,2026/06/02,1447/12/16,1
منطقة عسير,بيشه,القطاع الخاص,خدمة إلكترونية جزئيا,البنوك والمصارف,2026/06/02,1447/12/16,1
منطقة عسير,بيشه,القطاع الخاص,خدمة إلكترونية جزئيا,المطالبات والمحاكم,2026/06/02,1447/12/16,1
منطقة عسير,خميس مشيط,القطاع العام,خدمة إلكترونية جزئيا,المطالبات والمحاكم,2026/06/02,1447/12/16,1
منطقة عسير,محايل عسير,القطاع الخاص,خدمة إلكترونية جزئيا,المطالبات والمحاكم,2026/06/02,1447/12/16,1
منطقة مكة المكرمه,الجموم,القطاع الخاص,خدمة إلكترونية جزئيا,وكالة خارج المملكة العربية السعودية فقط,2026/06/02,1447/12/16,1
منطقة مكة المكرمه,جده,القطاع العام,خدمة إلكترونية جزئيا,العقارات,2026/06/02,1447/12/16,1
منطقة مكة المكرمه,جده,القطاع العام,خدمة إلكترونية جزئيا,الوزارات الحكومية,2026/06/02,1447/12/16,1
منطقة مكة المكرمه,مكة المكرمة,القطاع الخاص,خدمة إلكترونية جزئيا,الشركات,2026/06/02,1447/12/16,1
منطقة مكة المكرمه,مكة المكرمة,القطاع الخاص,خدمة إلكترونية جزئيا,النكاح,2026/06/02,1447/12/16,1
منطقة مكة المكرمه,مكة المكرمة,القطاع الخاص,خدمة إلكترونية جزئيا,وكالة خارج المملكة العربية السعودية فقط,2026/06/02,1447/12/16,1
منطقة مكة المكرمه,مكة المكرمة,القطاع العام,خدمة إلكترونية جزئيا,المطالبات والمحاكم,2026/06/02,1447/12/16,1
منطقة نجران,نجران,القطاع الخاص,خدمة إلكترونية جزئيا,السيارات,2026/06/02,1447/12/16,1
منطقة نجران,نجران,القطاع الخاص,خدمة إلكترونية جزئيا,المطالبات والمحاكم,2026/06/02,1447/12/16,1
منطقة نجران,نجران,القطاع الخاص,خدمة إلكترونية جزئيا,وكالة خارج المملكة العربية السعودية فقط,2026/06/02,1447/12/16,1
منطقة نجران,نجران,القطاع العام,خدمة إلكترونية جزئيا,تصديق الوكالات الخارجية,2026/06/02,1447/12/16,1
الخدمات الرقمية,عام,القطاع العام,خدمة إلكترونية,المطالبات والمحاكم,2026/06/03,1447/12/17,"4,482"
الخدمات الرقمية,عام,القطاع العام,خدمة إلكترونية,العقارات,2026/06/03,1447/12/17,"2,262"
الخدمات الرقمية,عام,القطاع العام,خدمة إلكترونية,الجوازات,2026/06/03,1447/12/17,"1,629"
الخدمات الرقمية,عام,القطاع العام,خدمة إلكترونية,السيارات,2026/06/03,1447/12/17,"1,539"
الخدمات الرقمية,عام,القطاع العام,خدمة إلكترونية,البنوك والمصارف,2026/06/03,1447/12/17,"1,441"
الخدمات الرقمية,عام,القطاع العام,خدمة إلكترونية,الوزارات الحكومية,2026/06/03,1447/12/17,712
الخدمات الرقمية,عام,القطاع العام,خدمة إلكترونية,المرور,2026/06/03,1447/12/17,523
الخدمات الرقمية,عام,القطاع العام,خدمة إلكترونية,الشركات والمؤسسات الأهلية,2026/06/03,1447/12/17,442
الخدمات الرقمية,عام,القطاع العام,خدمة إلكترونية,السجلات التجارية,2026/06/03,1447/12/17,404
الخدمات الرقمية,عام,القطاع العام,خدمة إلكترونية,الجهات الأمنية,2026/06/03,1447/12/17,370
الخدمات الرقمية,عام,القطاع العام,خدمة إلكترونية,وزارة الموارد البشرية والتنمية الاجتماعية,2026/06/03,1447/12/17,290
الخدمات الرقمية,عام,القطاع العام,خدمة إلكترونية,وكالة خارج المملكة العربية السعودية فقط,2026/06/03,1447/12/17,255
الخدمات الرقمية,عام,القطاع العام,خدمة إلكترونية,الأمانات والبلديات,2026/06/03,1447/12/17,242
الخدمات الرقمية,عام,القطاع العام,خدمة إلكترونية,إدارة الأحوال المدنية,2026/06/03,1447/12/17,229
الخدمات الرقمية,عام,القطاع العام,خدمة إلكترونية,شركات الاتصالات,2026/06/03,1447/12/17,210
منطقة الرياض,الرياض,القطاع الخاص,خدمة إلكترونية جزئيا,المطالبات والمحاكم,2026/06/03,1447/12/17,204
منطقة الرياض,الرياض,القطاع العام,خدمة إلكترونية جزئيا,المطالبات والمحاكم,2026/06/03,1447/12/17,203
الخدمات الرقمية,عام,القطاع العام,خدمة إلكترونية,طلب الخدمات,2026/06/03,1447/12/17,176
الخدمات الرقمية,عام,القطاع العام,خدمة إلكترونية,الرواتب والمستحقات,2026/06/03,1447/12/17,163
الخدمات الرقمية,كتابة عدل مدمجة - افتراضية,القطاع العام,خدمة إلكترونية جزئيا,المطالبات والمحاكم,2026/06/03,1447/12/17,155
منطقة مكة المكرمه,جده,القطاع الخاص,خدمة إلكترونية جزئيا,المطالبات والمحاكم,2026/06/03,1447/12/17,152
الخدمات الرقمية,عام,القطاع العام,خدمة إلكترونية,الجهات التعليمية,2026/06/03,1447/12/17,142
الخدمات الرقمية,عام,القطاع العام,خدمة إلكترونية,الهيئات الحكومية,2026/06/03,1447/12/17,119
الخدمات الرقمية,عام,القطاع العام,خدمة إلكترونية,شبكة إيجار الإلكترونية,2026/06/03,1447/12/17,118
منطقة الرياض,الرياض,القطاع الخاص,خدمة إلكترونية جزئيا,العقارات,2026/06/03,1447/12/17,113
الخدمات الرقمية,عام,القطاع العام,خدمة إلكترونية,الشركات,2026/06/03,1447/12/17,108
منطقة الرياض,الرياض,القطاع العام,خدمة إلكترونية جزئيا,تصديق الوكالات الخارجية,2026/06/03,1447/12/17,85
الخدمات الرقمية,عام,القطاع العام,خدمة إلكترونية,النكاح,2026/06/03,1447/12/17,72
الخدمات الرقمية,عام,القطاع العام,خدمة إلكترونية,التعويضات والمساعدات,2026/06/03,1447/12/17,69
الخدمات الرقمية,عام,القطاع العام,خدمة إلكترونية,شركة الكهرباء,2026/06/03,1447/12/17,69
منطقة مكة المكرمه,جده,القطاع الخاص,خدمة إلكترونية جزئيا,وكالة خارج المملكة العربية السعودية فقط,2026/06/03,1447/12/17,62
الخدمات الرقمية,كتابة عدل مدمجة - افتراضية,القطاع العام,خدمة إلكترونية جزئيا,العقارات,2026/06/03,1447/12/17,60
الخدمات الرقمية,عام,القطاع العام,خدمة إلكترونية,المؤسسات الحكومية,2026/06/03,1447/12/17,57
الخدمات الرقمية,كتابة عدل مدمجة - افتراضية,القطاع العام,خدمة إلكترونية جزئيا,البنوك والمصارف,2026/06/03,1447/12/17,55
الخدمات الرقمية,عام,القطاع العام,خدمة إلكترونية,صندوق التنمية العقارية,2026/06/03,1447/12/17,53
الخدمات الرقمية,عام,القطاع العام,خدمة إلكترونية,شركة المياه,2026/06/03,1447/12/17,52
الخدمات الرقمية,عام,القطاع العام,خدمة إلكترونية,مكتب الإستقدام,2026/06/03,1447/12/17,52
الخدمات الرقمية,عام,القطاع العام,خدمة إلكترونية,إثباتات المحاكم,2026/06/03,1447/12/17,50
منطقة مكة المكرمه,مكة المكرمة,القطاع الخاص,خدمة إلكترونية جزئيا,المطالبات والمحاكم,2026/06/03,1447/12/17,47
منطقة مكة المكرمه,جده,القطاع الخاص,خدمة إلكترونية جزئيا,العقارات,2026/06/03,1447/12/17,46
منطقة الرياض,الرياض,القطاع الخاص,خدمة إلكترونية جزئيا,وكالة خارج المملكة العربية السعودية فقط,2026/06/03,1447/12/17,44
منطقة مكة المكرمه,جده,القطاع العام,خدمة إلكترونية جزئيا,تصديق الوكالات الخارجية,2026/06/03,1447/12/17,42
منطقة الرياض,الرياض,القطاع العام,خدمة إلكترونية جزئيا,البنوك والمصارف,2026/06/03,1447/12/17,41
الخدمات الرقمية,عام,القطاع العام,خدمة إلكترونية,هيئة الزكاة والضريبة والجمارك,2026/06/03,1447/12/17,39
الخدمات الرقمية,عام,القطاع العام,خدمة إلكترونية,المنح السكنية,2026/06/03,1447/12/17,35
منطقة مكة المكرمه,جده,القطاع الخاص,خدمة إلكترونية جزئيا,البنوك والمصارف,2026/06/03,1447/12/17,35
منطقة المدينة المنوره,المدينة المنورة,القطاع الخاص,خدمة إلكترونية جزئيا,المطالبات والمحاكم,2026/06/03,1447/12/17,33
الخدمات الرقمية,عام,القطاع العام,خدمة إلكترونية,المنح الزراعية,2026/06/03,1447/12/17,32
منطقة مكة المكرمه,مكة المكرمة,القطاع الخاص,خدمة إلكترونية جزئيا,العقارات,2026/06/03,1447/12/17,31
منطقة الرياض,الرياض,القطاع العام,خدمة إلكترونية جزئيا,الجهات الأمنية,2026/06/03,1447/12/17,27
منطقة الرياض,الرياض,القطاع الخاص,خدمة إلكترونية جزئيا,البنوك والمصارف,2026/06/03,1447/12/17,23
منطقة الرياض,الرياض,القطاع الخاص,خدمة إلكترونية جزئيا,السجلات التجارية,2026/06/03,1447/12/17,23
منطقة مكة المكرمه,مكة المكرمة,القطاع الخاص,خدمة إلكترونية جزئيا,السجلات التجارية,2026/06/03,1447/12/17,23
الخدمات الرقمية,كتابة عدل مدمجة - افتراضية,القطاع العام,خدمة إلكترونية جزئيا,السيارات,2026/06/03,1447/12/17,21
الخدمات الرقمية,عام,القطاع العام,خدمة إلكترونية,التوكيل على الإقرارات,2026/06/03,1447/12/17,20
منطقة الشرقية,الخبر,القطاع الخاص,خدمة إلكترونية جزئيا,المطالبات والمحاكم,2026/06/03,1447/12/17,20
منطقة الشرقية,الدمام,القطاع الخاص,خدمة إلكترونية جزئيا,العقارات,2026/06/03,1447/12/17,20
منطقة تبوك,تبوك,القطاع الخاص,خدمة إلكترونية جزئيا,المطالبات والمحاكم,2026/06/03,1447/12/17,19
الخدمات الرقمية,كتابة عدل مدمجة - افتراضية,القطاع العام,خدمة إلكترونية جزئيا,شبكة إيجار الإلكترونية,2026/06/03,1447/12/17,18
منطقة الرياض,الرياض,القطاع العام,خدمة إلكترونية جزئيا,السيارات,2026/06/03,1447/12/17,18
منطقة الشرقية,الدمام,القطاع العام,خدمة إلكترونية جزئيا,تصديق الوكالات الخارجية,2026/06/03,1447/12/17,18
الخدمات الرقمية,عام,القطاع العام,خدمة إلكترونية,بنك التنمية الاجتماعية,2026/06/03,1447/12/17,17
منطقة القصيم,بريده,القطاع الخاص,خدمة إلكترونية جزئيا,المطالبات والمحاكم,2026/06/03,1447/12/17,17
منطقة الرياض,الرياض,القطاع الخاص,خدمة إلكترونية جزئيا,شبكة إيجار الإلكترونية,2026/06/03,1447/12/17,16
منطقة الرياض,الرياض,القطاع العام,خدمة إلكترونية جزئيا,الوزارات الحكومية,2026/06/03,1447/12/17,16
منطقة المدينة المنوره,المدينة المنورة,القطاع الخاص,خدمة إلكترونية جزئيا,البنوك والمصارف,2026/06/03,1447/12/17,16
الخدمات الرقمية,عام,القطاع العام,خدمة إلكترونية,التنازل عن كامل الإرث,2026/06/03,1447/12/17,15
منطقة الرياض,الرياض,القطاع الخاص,خدمة إلكترونية جزئيا,الشركات,2026/06/03,1447/12/17,15
منطقة الشرقية,الدمام,القطاع العام,خدمة إلكترونية جزئيا,المطالبات والمحاكم,2026/06/03,1447/12/17,15
منطقة مكة المكرمه,جده,القطاع الخاص,خدمة إلكترونية جزئيا,السجلات التجارية,2026/06/03,1447/12/17,15
الخدمات الرقمية,عام,القطاع العام,خدمة إلكترونية,استقدام العمالة,2026/06/03,1447/12/17,14
الخدمات الرقمية,عام,القطاع العام,خدمة إلكترونية,البنك السعودي للتسليف والإدخار,2026/06/03,1447/12/17,14
الخدمات الرقمية,عام,القطاع العام,خدمة إلكترونية,الحالات الاجتماعية,2026/06/03,1447/12/17,14
الخدمات الرقمية,عام,القطاع العام,خدمة إلكترونية,الضمان الاجتماعي,2026/06/03,1447/12/17,13
منطقة الرياض,الرياض,القطاع العام,خدمة إلكترونية جزئيا,العقارات,2026/06/03,1447/12/17,13
منطقة الشرقية,الدمام,القطاع الخاص,خدمة إلكترونية جزئيا,المطالبات والمحاكم,2026/06/03,1447/12/17,13
منطقة مكة المكرمه,مكة المكرمة,القطاع الخاص,خدمة إلكترونية جزئيا,وكالة خارج المملكة العربية السعودية فقط,2026/06/03,1447/12/17,13
منطقة الرياض,الرياض,القطاع العام,خدمة إلكترونية جزئيا,المؤسسات الحكومية,2026/06/03,1447/12/17,12
منطقة القصيم,عنيزه,القطاع الخاص,خدمة إلكترونية جزئيا,المطالبات والمحاكم,2026/06/03,1447/12/17,12
الخدمات الرقمية,عام,القطاع العام,خدمة إلكترونية جزئيا,البنوك والمصارف,2026/06/03,1447/12/17,11
منطقة الرياض,الخرج,القطاع الخاص,خدمة إلكترونية جزئيا,المطالبات والمحاكم,2026/06/03,1447/12/17,11
منطقة الرياض,الرياض,القطاع العام,خدمة إلكترونية جزئيا,إدارة الأحوال المدنية,2026/06/03,1447/12/17,11
منطقة الشرقية,القطيف,القطاع الخاص,خدمة إلكترونية جزئيا,العقارات,2026/06/03,1447/12/17,11
منطقة مكة المكرمه,جده,القطاع الخاص,خدمة إلكترونية جزئيا,الشركات,2026/06/03,1447/12/17,11
منطقة مكة المكرمه,جده,القطاع الخاص,خدمة إلكترونية جزئيا,شبكة إيجار الإلكترونية,2026/06/03,1447/12/17,11
الخدمات الرقمية,كتابة عدل مدمجة - افتراضية,القطاع العام,خدمة إلكترونية جزئيا,الجهات التعليمية,2026/06/03,1447/12/17,10
منطقة القصيم,البدائع,القطاع الخاص,خدمة إلكترونية جزئيا,العقارات,2026/06/03,1447/12/17,10
الخدمات الرقمية,عام,القطاع العام,خدمة إلكترونية,العوائد السنوية,2026/06/03,1447/12/17,9
الخدمات الرقمية,كتابة عدل مدمجة - افتراضية,القطاع العام,خدمة إلكترونية جزئيا,الوزارات الحكومية,2026/06/03,1447/12/17,9
منطقة الرياض,الرياض,القطاع الخاص,خدمة إلكترونية جزئيا,الجوازات,2026/06/03,1447/12/17,9
منطقة الرياض,الرياض,القطاع العام,خدمة إلكترونية جزئيا,الجوازات,2026/06/03,1447/12/17,9
منطقة الشرقية,الاحساء,القطاع الخاص,خدمة إلكترونية جزئيا,المطالبات والمحاكم,2026/06/03,1447/12/17,9
منطقة عسير,ابها,القطاع الخاص,خدمة إلكترونية جزئيا,المطالبات والمحاكم,2026/06/03,1447/12/17,9
الخدمات الرقمية,عام,القطاع العام,خدمة إلكترونية,إنهائات المحاكم,2026/06/03,1447/12/17,8
الخدمات الرقمية,عام,القطاع العام,خدمة إلكترونية,تصاريح القوارب والصيد,2026/06/03,1447/12/17,8
الخدمات الرقمية,عام,القطاع العام,خدمة إلكترونية جزئيا,المطالبات والمحاكم,2026/06/03,1447/12/17,8
منطقة مكة المكرمه,مكة المكرمة,القطاع الخاص,خدمة إلكترونية جزئيا,البنوك والمصارف,2026/06/03,1447/12/17,8
الخدمات الرقمية,عام,القطاع العام,خدمة إلكترونية جزئيا,العقارات,2026/06/03,1447/12/17,7
الخدمات الرقمية,كتابة عدل مدمجة - افتراضية,القطاع العام,خدمة إلكترونية جزئيا,المؤسسات الحكومية,2026/06/03,1447/12/17,7
منطقة الرياض,الرياض,القطاع الخاص,خدمة إلكترونية جزئيا,الأمانات والبلديات,2026/06/03,1447/12/17,7
منطقة الشرقية,الدمام,القطاع الخاص,خدمة إلكترونية جزئيا,وكالة خارج المملكة العربية السعودية فقط,2026/06/03,1447/12/17,7
منطقة المدينة المنوره,المدينة المنورة,القطاع الخاص,خدمة إلكترونية جزئيا,السجلات التجارية,2026/06/03,1447/12/17,7
منطقة المدينة المنوره,المدينة المنورة,القطاع الخاص,خدمة إلكترونية جزئيا,وكالة خارج المملكة العربية السعودية فقط,2026/06/03,1447/12/17,7
منطقة حائل,حائل,القطاع الخاص,خدمة إلكترونية جزئيا,المطالبات والمحاكم,2026/06/03,1447/12/17,7
منطقة مكة المكرمه,الطائف,القطاع الخاص,خدمة إلكترونية جزئيا,المطالبات والمحاكم,2026/06/03,1447/12/17,7
منطقة مكة المكرمه,مكة المكرمة,القطاع العام,خدمة إلكترونية جزئيا,تصديق الوكالات الخارجية,2026/06/03,1447/12/17,7
الخدمات الرقمية,كتابة عدل مدمجة - افتراضية,القطاع العام,خدمة إلكترونية جزئيا,الهيئات الحكومية,2026/06/03,1447/12/17,6
منطقة الرياض,الافلاج,القطاع الخاص,خدمة إلكترونية جزئيا,وزارة الموارد البشرية والتنمية الاجتماعية,2026/06/03,1447/12/17,6
منطقة الرياض,الرياض,القطاع الخاص,خدمة إلكترونية جزئيا,الهيئات الحكومية,2026/06/03,1447/12/17,6
منطقة المدينة المنوره,المدينة المنورة,القطاع الخاص,خدمة إلكترونية جزئيا,العقارات,2026/06/03,1447/12/17,6
منطقة تبوك,تبوك,القطاع الخاص,خدمة إلكترونية جزئيا,العقارات,2026/06/03,1447/12/17,6
منطقة مكة المكرمه,مكة المكرمة,القطاع الخاص,خدمة إلكترونية جزئيا,شبكة إيجار الإلكترونية,2026/06/03,1447/12/17,6
الخدمات الرقمية,عام,القطاع العام,خدمة إلكترونية,البريد,2026/06/03,1447/12/17,5
الخدمات الرقمية,عام,القطاع العام,خدمة إلكترونية,صندوق التنمية الزراعية,2026/06/03,1447/12/17,5
الخدمات الرقمية,كتابة عدل مدمجة - افتراضية,القطاع العام,خدمة إلكترونية جزئيا,الجوازات,2026/06/03,1447/12/17,5
الخدمات الرقمية,كتابة عدل مدمجة - افتراضية,القطاع العام,خدمة إلكترونية جزئيا,الرواتب والمستحقات,2026/06/03,1447/12/17,5
الخدمات الرقمية,كتابة عدل مدمجة - افتراضية,القطاع العام,خدمة إلكترونية جزئيا,السجلات التجارية,2026/06/03,1447/12/17,5
منطقة الرياض,الدرعيه,القطاع الخاص,خدمة إلكترونية جزئيا,العقارات,2026/06/03,1447/12/17,5
منطقة الرياض,الرياض,القطاع العام,خدمة إلكترونية جزئيا,شركات الاتصالات,2026/06/03,1447/12/17,5
منطقة الشرقية,الخبر,القطاع الخاص,خدمة إلكترونية جزئيا,العقارات,2026/06/03,1447/12/17,5
منطقة تبوك,تبوك,القطاع الخاص,خدمة إلكترونية جزئيا,الوزارات الحكومية,2026/06/03,1447/12/17,5
منطقة تبوك,تبوك,القطاع الخاص,خدمة إلكترونية جزئيا,وكالة خارج المملكة العربية السعودية فقط,2026/06/03,1447/12/17,5
منطقة عسير,محايل عسير,القطاع الخاص,خدمة إلكترونية جزئيا,السيارات,2026/06/03,1447/12/17,5
منطقة مكة المكرمه,جده,القطاع الخاص,خدمة إلكترونية جزئيا,الهيئات الحكومية,2026/06/03,1447/12/17,5
الخدمات الرقمية,عام,القطاع العام,خدمة إلكترونية,التراخيص الصناعية,2026/06/03,1447/12/17,4
الخدمات الرقمية,كتابة عدل مدمجة - افتراضية,القطاع العام,خدمة إلكترونية جزئيا,إدارة الأحوال المدنية,2026/06/03,1447/12/17,4
الخدمات الرقمية,كتابة عدل مدمجة - افتراضية,القطاع العام,خدمة إلكترونية جزئيا,أذونات المحاكم,2026/06/03,1447/12/17,4
الخدمات الرقمية,كتابة عدل مدمجة - افتراضية,القطاع العام,خدمة إلكترونية جزئيا,النكاح,2026/06/03,1447/12/17,4
منطقة الرياض,الدرعيه,القطاع الخاص,خدمة إلكترونية جزئيا,وكالة خارج المملكة العربية السعودية فقط,2026/06/03,1447/12/17,4
منطقة الرياض,الرياض,القطاع الخاص,خدمة إلكترونية جزئيا,السيارات,2026/06/03,1447/12/17,4
منطقة الرياض,الرياض,القطاع الخاص,خدمة إلكترونية جزئيا,الشركات والمؤسسات الأهلية,2026/06/03,1447/12/17,4
منطقة الرياض,الرياض,القطاع العام,خدمة إلكترونية جزئيا,الشركات والمؤسسات الأهلية,2026/06/03,1447/12/17,4
منطقة المدينة المنوره,المدينة المنورة,القطاع العام,خدمة إلكترونية جزئيا,تصديق الوكالات الخارجية,2026/06/03,1447/12/17,4
منطقة جازان,جيزان,القطاع الخاص,خدمة إلكترونية جزئيا,المطالبات والمحاكم,2026/06/03,1447/12/17,4
منطقة مكة المكرمه,الطائف,القطاع الخاص,خدمة إلكترونية جزئيا,العقارات,2026/06/03,1447/12/17,4
منطقة مكة المكرمه,جده,القطاع العام,خدمة إلكترونية جزئيا,البنوك والمصارف,2026/06/03,1447/12/17,4
منطقة مكة المكرمه,مكة المكرمة,القطاع الخاص,خدمة إلكترونية جزئيا,صندوق التنمية الزراعية,2026/06/03,1447/12/17,4
الخدمات الرقمية,عام,القطاع العام,خدمة إلكترونية,مكافآت الجامعات والمعاهد,2026/06/03,1447/12/17,3
الخدمات الرقمية,عام,القطاع العام,خدمة إلكترونية جزئيا,الرواتب والمستحقات,2026/06/03,1447/12/17,3
الخدمات الرقمية,كتابة عدل مدمجة - افتراضية,القطاع العام,خدمة إلكترونية جزئيا,إنهائات المحاكم,2026/06/03,1447/12/17,3
الخدمات الرقمية,كتابة عدل مدمجة - افتراضية,القطاع العام,خدمة إلكترونية جزئيا,الشركات,2026/06/03,1447/12/17,3
الخدمات الرقمية,كتابة عدل مدمجة - افتراضية,القطاع العام,خدمة إلكترونية جزئيا,المرور,2026/06/03,1447/12/17,3
منطقة الرياض,الرياض,القطاع الخاص,خدمة إلكترونية جزئيا,الرواتب والمستحقات,2026/06/03,1447/12/17,3
منطقة الرياض,الرياض,القطاع الخاص,خدمة إلكترونية جزئيا,الوزارات الحكومية,2026/06/03,1447/12/17,3
منطقة الرياض,الرياض,القطاع العام,خدمة إلكترونية جزئيا,الهيئات الحكومية,2026/06/03,1447/12/17,3
منطقة الرياض,شقراء,القطاع الخاص,خدمة إلكترونية جزئيا,العقارات,2026/06/03,1447/12/17,3
منطقة الشرقية,الاحساء,القطاع الخاص,خدمة إلكترونية جزئيا,الجهات الأمنية,2026/06/03,1447/12/17,3
منطقة الشرقية,الخبر,القطاع الخاص,خدمة إلكترونية جزئيا,الهيئات الحكومية,2026/06/03,1447/12/17,3
منطقة الشرقية,الدمام,القطاع العام,خدمة إلكترونية جزئيا,العقارات,2026/06/03,1447/12/17,3
منطقة القصيم,البكيريه,القطاع الخاص,خدمة إلكترونية جزئيا,المطالبات والمحاكم,2026/06/03,1447/12/17,3
منطقة القصيم,عنيزه,القطاع الخاص,خدمة إلكترونية جزئيا,العقارات,2026/06/03,1447/12/17,3
منطقة المدينة المنوره,المدينة المنورة,القطاع الخاص,خدمة إلكترونية جزئيا,إثباتات المحاكم,2026/06/03,1447/12/17,3
منطقة المدينة المنوره,المدينة المنورة,القطاع العام,خدمة إلكترونية جزئيا,المطالبات والمحاكم,2026/06/03,1447/12/17,3
منطقة تبوك,تبوك,القطاع الخاص,خدمة إلكترونية جزئيا,البنوك والمصارف,2026/06/03,1447/12/17,3
منطقة مكة المكرمه,جده,القطاع الخاص,خدمة إلكترونية جزئيا,الجهات الأمنية,2026/06/03,1447/12/17,3
منطقة مكة المكرمه,جده,القطاع الخاص,خدمة إلكترونية جزئيا,السيارات,2026/06/03,1447/12/17,3
منطقة مكة المكرمه,مكة المكرمة,القطاع الخاص,خدمة إلكترونية جزئيا,السيارات,2026/06/03,1447/12/17,3
منطقة مكة المكرمه,مكة المكرمة,القطاع العام,خدمة إلكترونية جزئيا,المطالبات والمحاكم,2026/06/03,1447/12/17,3
منطقة نجران,نجران,القطاع الخاص,خدمة إلكترونية جزئيا,الشركات والمؤسسات الأهلية,2026/06/03,1447/12/17,3
الخدمات الرقمية,عام,القطاع العام,خدمة إلكترونية,أذونات المحاكم,2026/06/03,1447/12/17,2
الخدمات الرقمية,كتابة عدل مدمجة - افتراضية,القطاع العام,خدمة إلكترونية جزئيا,الأمانات والبلديات,2026/06/03,1447/12/17,2
الخدمات الرقمية,كتابة عدل مدمجة - افتراضية,القطاع العام,خدمة إلكترونية جزئيا,الجهات الأمنية,2026/06/03,1447/12/17,2
الخدمات الرقمية,كتابة عدل مدمجة - افتراضية,القطاع العام,خدمة إلكترونية جزئيا,الشركات والمؤسسات الأهلية,2026/06/03,1447/12/17,2
الخدمات الرقمية,كتابة عدل مدمجة - افتراضية,القطاع العام,خدمة إلكترونية جزئيا,شركات الاتصالات,2026/06/03,1447/12/17,2
منطقة الرياض,الدرعيه,القطاع الخاص,خدمة إلكترونية جزئيا,الوزارات الحكومية,2026/06/03,1447/12/17,2
منطقة الرياض,الدرعيه,القطاع الخاص,خدمة إلكترونية جزئيا,شبكة إيجار الإلكترونية,2026/06/03,1447/12/17,2
منطقة الرياض,الدلم,القطاع الخاص,خدمة إلكترونية جزئيا,المطالبات والمحاكم,2026/06/03,1447/12/17,2
منطقة الرياض,الرياض,القطاع الخاص,خدمة إلكترونية جزئيا,الجهات الأمنية,2026/06/03,1447/12/17,2
منطقة الرياض,الرياض,القطاع الخاص,خدمة إلكترونية جزئيا,صندوق التنمية العقارية,2026/06/03,1447/12/17,2
منطقة الرياض,الرياض,القطاع الخاص,خدمة إلكترونية جزئيا,وزارة الموارد البشرية والتنمية الاجتماعية,2026/06/03,1447/12/17,2
منطقة الرياض,الرياض,القطاع العام,خدمة إلكترونية جزئيا,إثباتات المحاكم,2026/06/03,1447/12/17,2
منطقة الرياض,الرياض,القطاع العام,خدمة إلكترونية جزئيا,إنهائات المحاكم,2026/06/03,1447/12/17,2
منطقة الرياض,الرياض,القطاع العام,خدمة إلكترونية جزئيا,الرواتب والمستحقات,2026/06/03,1447/12/17,2
منطقة الرياض,الرياض,القطاع العام,خدمة إلكترونية جزئيا,السجلات التجارية,2026/06/03,1447/12/17,2
منطقة الرياض,الرياض,القطاع العام,خدمة إلكترونية جزئيا,المرور,2026/06/03,1447/12/17,2
منطقة الرياض,عرقه,القطاع الخاص,خدمة إلكترونية جزئيا,العقارات,2026/06/03,1447/12/17,2
منطقة الشرقية,الاحساء,القطاع الخاص,خدمة إلكترونية جزئيا,السجلات التجارية,2026/06/03,1447/12/17,2
منطقة الشرقية,الدمام,القطاع الخاص,خدمة إلكترونية جزئيا,السيارات,2026/06/03,1447/12/17,2
منطقة الشرقية,الدمام,القطاع الخاص,خدمة إلكترونية جزئيا,وزارة الموارد البشرية والتنمية الاجتماعية,2026/06/03,1447/12/17,2
منطقة الشرقية,الدمام,القطاع العام,خدمة إلكترونية جزئيا,الأمانات والبلديات,2026/06/03,1447/12/17,2
منطقة الشرقية,القطيف,القطاع الخاص,خدمة إلكترونية جزئيا,المطالبات والمحاكم,2026/06/03,1447/12/17,2
منطقة الشرقية,حفر الباطن,القطاع الخاص,خدمة إلكترونية جزئيا,وزارة الموارد البشرية والتنمية الاجتماعية,2026/06/03,1447/12/17,2
منطقة الشرقية,حفر الباطن,القطاع الخاص,خدمة إلكترونية جزئيا,وكالة خارج المملكة العربية السعودية فقط,2026/06/03,1447/12/17,2
منطقة القصيم,البدائع,القطاع الخاص,خدمة إلكترونية جزئيا,الجهات الأمنية,2026/06/03,1447/12/17,2
منطقة القصيم,البدائع,القطاع الخاص,خدمة إلكترونية جزئيا,المطالبات والمحاكم,2026/06/03,1447/12/17,2
منطقة القصيم,بريده,القطاع الخاص,خدمة إلكترونية جزئيا,البنوك والمصارف,2026/06/03,1447/12/17,2
منطقة القصيم,بريده,القطاع الخاص,خدمة إلكترونية جزئيا,العقارات,2026/06/03,1447/12/17,2
منطقة القصيم,بريده,القطاع العام,خدمة إلكترونية جزئيا,تصديق الوكالات الخارجية,2026/06/03,1447/12/17,2
منطقة القصيم,عنيزه,القطاع الخاص,خدمة إلكترونية جزئيا,البنوك والمصارف,2026/06/03,1447/12/17,2
منطقة المدينة المنوره,المدينة المنورة,القطاع الخاص,خدمة إلكترونية جزئيا,الشركات,2026/06/03,1447/12/17,2
منطقة المدينة المنوره,المدينة المنورة,القطاع الخاص,خدمة إلكترونية جزئيا,شبكة إيجار الإلكترونية,2026/06/03,1447/12/17,2
منطقة تبوك,تبوك,القطاع الخاص,خدمة إلكترونية جزئيا,السجلات التجارية,2026/06/03,1447/12/17,2
منطقة جازان,احد المسارحه,القطاع الخاص,خدمة إلكترونية جزئيا,العقارات,2026/06/03,1447/12/17,2
منطقة جازان,جيزان,القطاع الخاص,خدمة إلكترونية جزئيا,السجلات التجارية,2026/06/03,1447/12/17,2
منطقة جازان,جيزان,القطاع العام,خدمة إلكترونية جزئيا,المطالبات والمحاكم,2026/06/03,1447/12/17,2
منطقة حائل,حائل,القطاع الخاص,خدمة إلكترونية جزئيا,السجلات التجارية,2026/06/03,1447/12/17,2
منطقة عسير,ابها,القطاع الخاص,خدمة إلكترونية جزئيا,وكالة خارج المملكة العربية السعودية فقط,2026/06/03,1447/12/17,2
منطقة عسير,ابها,القطاع العام,خدمة إلكترونية جزئيا,تصديق الوكالات الخارجية,2026/06/03,1447/12/17,2
منطقة عسير,النماص,القطاع الخاص,خدمة إلكترونية جزئيا,المطالبات والمحاكم,2026/06/03,1447/12/17,2
منطقة مكة المكرمه,الطائف,القطاع الخاص,خدمة إلكترونية جزئيا,البنوك والمصارف,2026/06/03,1447/12/17,2
منطقة مكة المكرمه,جده,القطاع العام,خدمة إلكترونية جزئيا,الجوازات,2026/06/03,1447/12/17,2
منطقة مكة المكرمه,جده,القطاع العام,خدمة إلكترونية جزئيا,الرواتب والمستحقات,2026/06/03,1447/12/17,2
منطقة مكة المكرمه,مكة المكرمة,القطاع الخاص,خدمة إلكترونية جزئيا,الجهات الأمنية,2026/06/03,1447/12/17,2
منطقة مكة المكرمه,مكة المكرمة,القطاع العام,خدمة إلكترونية جزئيا,الشركات,2026/06/03,1447/12/17,2
الخدمات الرقمية,عام,القطاع العام,خدمة إلكترونية,الرئاسات الحكومية,2026/06/03,1447/12/17,1
الخدمات الرقمية,عام,القطاع العام,خدمة إلكترونية,برنامج رسوم الأراضي البيضاء,2026/06/03,1447/12/17,1
الخدمات الرقمية,عام,القطاع العام,خدمة إلكترونية,صندوق تنمية الموارد البشرية,2026/06/03,1447/12/17,1
الخدمات الرقمية,عام,القطاع العام,خدمة إلكترونية جزئيا,إثباتات المحاكم,2026/06/03,1447/12/17,1
الخدمات الرقمية,عام,القطاع العام,خدمة إلكترونية جزئيا,إدارة الأحوال المدنية,2026/06/03,1447/12/17,1
الخدمات الرقمية,عام,القطاع العام,خدمة إلكترونية جزئيا,الجوازات,2026/06/03,1447/12/17,1
الخدمات الرقمية,عام,القطاع العام,خدمة إلكترونية جزئيا,السجلات التجارية,2026/06/03,1447/12/17,1
الخدمات الرقمية,عام,القطاع العام,خدمة إلكترونية جزئيا,السيارات,2026/06/03,1447/12/17,1
الخدمات الرقمية,عام,القطاع العام,خدمة إلكترونية جزئيا,المؤسسات الحكومية,2026/06/03,1447/12/17,1
الخدمات الرقمية,عام,القطاع العام,خدمة إلكترونية جزئيا,الوزارات الحكومية,2026/06/03,1447/12/17,1
الخدمات الرقمية,كتابة عدل مدمجة - افتراضية,القطاع العام,خدمة إلكترونية جزئيا,إثباتات المحاكم,2026/06/03,1447/12/17,1
الخدمات الرقمية,كتابة عدل مدمجة - افتراضية,القطاع العام,خدمة إلكترونية جزئيا,التعويضات والمساعدات,2026/06/03,1447/12/17,1
الخدمات الرقمية,كتابة عدل مدمجة - افتراضية,القطاع العام,خدمة إلكترونية جزئيا,الضمان والشؤون الاجتماعية,2026/06/03,1447/12/17,1
الخدمات الرقمية,كتابة عدل مدمجة - افتراضية,القطاع العام,خدمة إلكترونية جزئيا,العوائد السنوية,2026/06/03,1447/12/17,1
الخدمات الرقمية,كتابة عدل مدمجة - افتراضية,القطاع العام,خدمة إلكترونية جزئيا,المنح السكنية,2026/06/03,1447/12/17,1
الخدمات الرقمية,كتابة عدل مدمجة - افتراضية,القطاع العام,خدمة إلكترونية جزئيا,شركة الكهرباء,2026/06/03,1447/12/17,1
الخدمات الرقمية,كتابة عدل مدمجة - افتراضية,القطاع العام,خدمة إلكترونية جزئيا,هيئة الزكاة والضريبة والجمارك,2026/06/03,1447/12/17,1
منطقة الباحة,العقيق,القطاع الخاص,خدمة إلكترونية جزئيا,العقارات,2026/06/03,1447/12/17,1
منطقة الرياض,الخرج,القطاع الخاص,خدمة إلكترونية جزئيا,العقارات,2026/06/03,1447/12/17,1
منطقة الرياض,الدرعيه,القطاع الخاص,خدمة إلكترونية جزئيا,البنوك والمصارف,2026/06/03,1447/12/17,1
منطقة الرياض,الرياض,القطاع الخاص,خدمة إلكترونية جزئيا,المنح الزراعية,2026/06/03,1447/12/17,1
منطقة الرياض,الرياض,القطاع الخاص,خدمة إلكترونية جزئيا,شركات الاتصالات,2026/06/03,1447/12/17,1
منطقة الرياض,الرياض,القطاع الخاص,خدمة إلكترونية جزئيا,فسخ الوكالات,2026/06/03,1447/12/17,1
منطقة الرياض,الرياض,القطاع العام,خدمة إلكترونية جزئيا,النكاح,2026/06/03,1447/12/17,1
منطقة الرياض,الرياض,القطاع العام,خدمة إلكترونية جزئيا,شركة المياه,2026/06/03,1447/12/17,1
منطقة الرياض,الرياض,القطاع العام,خدمة إلكترونية جزئيا,صندوق التنمية العقارية,2026/06/03,1447/12/17,1
منطقة الرياض,الرياض,القطاع العام,خدمة إلكترونية جزئيا,وزارة الموارد البشرية والتنمية الاجتماعية,2026/06/03,1447/12/17,1
منطقة الرياض,الرياض,القطاع العام,خدمة إلكترونية جزئيا,وكالة خارج المملكة العربية السعودية فقط,2026/06/03,1447/12/17,1
منطقة الرياض,شقراء,القطاع الخاص,خدمة إلكترونية جزئيا,الأمانات والبلديات,2026/06/03,1447/12/17,1
منطقة الشرقية,الاحساء,القطاع الخاص,خدمة إلكترونية جزئيا,العقارات,2026/06/03,1447/12/17,1
منطقة الشرقية,الاحساء,القطاع العام,خدمة إلكترونية جزئيا,إدارة الأحوال المدنية,2026/06/03,1447/12/17,1
منطقة الشرقية,الاحساء,القطاع العام,خدمة إلكترونية جزئيا,العقارات,2026/06/03,1447/12/17,1
منطقة الشرقية,الخبر,القطاع الخاص,خدمة إلكترونية جزئيا,السجلات التجارية,2026/06/03,1447/12/17,1
منطقة الشرقية,الخفجي,القطاع الخاص,خدمة إلكترونية جزئيا,الشركات,2026/06/03,1447/12/17,1
منطقة الشرقية,الخفجي,القطاع الخاص,خدمة إلكترونية جزئيا,العقارات,2026/06/03,1447/12/17,1
منطقة الشرقية,الدمام,القطاع الخاص,خدمة إلكترونية جزئيا,الجهات الأمنية,2026/06/03,1447/12/17,1
منطقة الشرقية,الدمام,القطاع الخاص,خدمة إلكترونية جزئيا,الجوازات,2026/06/03,1447/12/17,1
منطقة الشرقية,الدمام,القطاع الخاص,خدمة إلكترونية جزئيا,الهيئات الحكومية,2026/06/03,1447/12/17,1
منطقة الشرقية,الدمام,القطاع الخاص,خدمة إلكترونية جزئيا,شبكة إيجار الإلكترونية,2026/06/03,1447/12/17,1
منطقة الشرقية,الدمام,القطاع العام,خدمة إلكترونية جزئيا,السجلات التجارية,2026/06/03,1447/12/17,1
منطقة الشرقية,الدمام,القطاع العام,خدمة إلكترونية جزئيا,الشركات,2026/06/03,1447/12/17,1
منطقة الشرقية,الدمام,القطاع العام,خدمة إلكترونية جزئيا,الوزارات الحكومية,2026/06/03,1447/12/17,1
منطقة الشرقية,الدمام,القطاع العام,خدمة إلكترونية جزئيا,شبكة إيجار الإلكترونية,2026/06/03,1447/12/17,1
منطقة الشرقية,الظهران,القطاع العام,خدمة إلكترونية جزئيا,العقارات,2026/06/03,1447/12/17,1
منطقة الشرقية,حفر الباطن,القطاع الخاص,خدمة إلكترونية جزئيا,المطالبات والمحاكم,2026/06/03,1447/12/17,1
منطقة القصيم,البدائع,القطاع الخاص,خدمة إلكترونية جزئيا,السجلات التجارية,2026/06/03,1447/12/17,1
منطقة القصيم,البدائع,القطاع الخاص,خدمة إلكترونية جزئيا,شبكة إيجار الإلكترونية,2026/06/03,1447/12/17,1
منطقة القصيم,الرس,القطاع الخاص,خدمة إلكترونية جزئيا,العقارات,2026/06/03,1447/12/17,1
منطقة القصيم,الرس,القطاع الخاص,خدمة إلكترونية جزئيا,المطالبات والمحاكم,2026/06/03,1447/12/17,1
منطقة القصيم,المذنب,القطاع الخاص,خدمة إلكترونية جزئيا,المطالبات والمحاكم,2026/06/03,1447/12/17,1
منطقة القصيم,بريده,القطاع العام,خدمة إلكترونية جزئيا,البنوك والمصارف,2026/06/03,1447/12/17,1
منطقة القصيم,بريده,القطاع العام,خدمة إلكترونية جزئيا,العقارات,2026/06/03,1447/12/17,1
منطقة القصيم,بريده,القطاع العام,خدمة إلكترونية جزئيا,المطالبات والمحاكم,2026/06/03,1447/12/17,1
منطقة المدينة المنوره,المدينة المنورة,القطاع الخاص,خدمة إلكترونية جزئيا,الأمانات والبلديات,2026/06/03,1447/12/17,1
منطقة المدينة المنوره,المدينة المنورة,القطاع الخاص,خدمة إلكترونية جزئيا,التنازل عن كامل الإرث,2026/06/03,1447/12/17,1
منطقة المدينة المنوره,المدينة المنورة,القطاع العام,خدمة إلكترونية جزئيا,وكالة خارج المملكة العربية السعودية فقط,2026/06/03,1447/12/17,1
منطقة المدينة المنوره,ينبع,القطاع الخاص,خدمة إلكترونية جزئيا,المطالبات والمحاكم,2026/06/03,1447/12/17,1
منطقة المدينة المنوره,ينبع,القطاع العام,خدمة إلكترونية جزئيا,العقارات,2026/06/03,1447/12/17,1
منطقة جازان,ابو عريش,القطاع الخاص,خدمة إلكترونية جزئيا,المطالبات والمحاكم,2026/06/03,1447/12/17,1
منطقة جازان,جيزان,القطاع الخاص,خدمة إلكترونية جزئيا,شبكة إيجار الإلكترونية,2026/06/03,1447/12/17,1
منطقة جازان,جيزان,القطاع العام,خدمة إلكترونية جزئيا,الأمانات والبلديات,2026/06/03,1447/12/17,1
منطقة جازان,جيزان,القطاع العام,خدمة إلكترونية جزئيا,الوزارات الحكومية,2026/06/03,1447/12/17,1
منطقة جازان,جيزان,القطاع العام,خدمة إلكترونية جزئيا,تصديق الوكالات الخارجية,2026/06/03,1447/12/17,1
منطقة حائل,حائل,القطاع العام,خدمة إلكترونية جزئيا,تصديق الوكالات الخارجية,2026/06/03,1447/12/17,1
منطقة عسير,بيشه,القطاع الخاص,خدمة إلكترونية جزئيا,البنوك والمصارف,2026/06/03,1447/12/17,1
منطقة مكة المكرمه,الطائف,القطاع الخاص,خدمة إلكترونية جزئيا,الشركات,2026/06/03,1447/12/17,1
منطقة مكة المكرمه,جده,القطاع الخاص,خدمة إلكترونية جزئيا,الأمانات والبلديات,2026/06/03,1447/12/17,1
منطقة مكة المكرمه,جده,القطاع الخاص,خدمة إلكترونية جزئيا,الجهات التعليمية,2026/06/03,1447/12/17,1
منطقة مكة المكرمه,جده,القطاع الخاص,خدمة إلكترونية جزئيا,الشركات والمؤسسات الأهلية,2026/06/03,1447/12/17,1
منطقة مكة المكرمه,جده,القطاع الخاص,خدمة إلكترونية جزئيا,الوزارات الحكومية,2026/06/03,1447/12/17,1
منطقة مكة المكرمه,جده,القطاع الخاص,خدمة إلكترونية جزئيا,وزارة الموارد البشرية والتنمية الاجتماعية,2026/06/03,1447/12/17,1
منطقة مكة المكرمه,جده,القطاع العام,خدمة إلكترونية جزئيا,السيارات,2026/06/03,1447/12/17,1
منطقة مكة المكرمه,جده,القطاع العام,خدمة إلكترونية جزئيا,العقارات,2026/06/03,1447/12/17,1
منطقة مكة المكرمه,جده,القطاع العام,خدمة إلكترونية جزئيا,المرور,2026/06/03,1447/12/17,1
منطقة مكة المكرمه,جده,القطاع العام,خدمة إلكترونية جزئيا,الهيئات الحكومية,2026/06/03,1447/12/17,1
منطقة مكة المكرمه,جده,القطاع العام,خدمة إلكترونية جزئيا,وزارة الموارد البشرية والتنمية الاجتماعية,2026/06/03,1447/12/17,1
منطقة مكة المكرمه,مكة المكرمة,القطاع الخاص,خدمة إلكترونية جزئيا,الأمانات والبلديات,2026/06/03,1447/12/17,1
منطقة مكة المكرمه,مكة المكرمة,القطاع الخاص,خدمة إلكترونية جزئيا,الشركات والمؤسسات الأهلية,2026/06/03,1447/12/17,1
منطقة مكة المكرمه,مكة المكرمة,القطاع العام,خدمة إلكترونية جزئيا,البنوك والمصارف,2026/06/03,1447/12/17,1
منطقة مكة المكرمه,مكة المكرمة,القطاع العام,خدمة إلكترونية جزئيا,الرواتب والمستحقات,2026/06/03,1447/12/17,1
منطقة نجران,نجران,القطاع العام,خدمة إلكترونية جزئيا,تصديق الوكالات الخارجية,2026/06/03,1447/12/17,1
الخدمات الرقمية,عام,القطاع العام,خدمة إلكترونية,المطالبات والمحاكم,2026/06/04,1447/12/18,"3,487"
الخدمات الرقمية,عام,القطاع العام,خدمة إلكترونية,العقارات,2026/06/04,1447/12/18,"1,921"
الخدمات الرقمية,عام,القطاع العام,خدمة إلكترونية,السيارات,2026/06/04,1447/12/18,"1,191"
الخدمات الرقمية,عام,القطاع العام,خدمة إلكترونية,البنوك والمصارف,2026/06/04,1447/12/18,"1,153"
الخدمات الرقمية,عام,القطاع العام,خدمة إلكترونية,الجوازات,2026/06/04,1447/12/18,832
الخدمات الرقمية,عام,القطاع العام,خدمة إلكترونية,الوزارات الحكومية,2026/06/04,1447/12/18,556
الخدمات الرقمية,عام,القطاع العام,خدمة إلكترونية,المرور,2026/06/04,1447/12/18,362
الخدمات الرقمية,عام,القطاع العام,خدمة إلكترونية,الشركات والمؤسسات الأهلية,2026/06/04,1447/12/18,349
الخدمات الرقمية,عام,القطاع العام,خدمة إلكترونية,السجلات التجارية,2026/06/04,1447/12/18,292
الخدمات الرقمية,عام,القطاع العام,خدمة إلكترونية,الجهات الأمنية,2026/06/04,1447/12/18,270
الخدمات الرقمية,عام,القطاع العام,خدمة إلكترونية,وكالة خارج المملكة العربية السعودية فقط,2026/06/04,1447/12/18,239
الخدمات الرقمية,عام,القطاع العام,خدمة إلكترونية,وزارة الموارد البشرية والتنمية الاجتماعية,2026/06/04,1447/12/18,193
منطقة الرياض,الرياض,القطاع العام,خدمة إلكترونية جزئيا,المطالبات والمحاكم,2026/06/04,1447/12/18,193
الخدمات الرقمية,عام,القطاع العام,خدمة إلكترونية,إدارة الأحوال المدنية,2026/06/04,1447/12/18,185
الخدمات الرقمية,عام,القطاع العام,خدمة إلكترونية,الرواتب والمستحقات,2026/06/04,1447/12/18,166
الخدمات الرقمية,كتابة عدل مدمجة - افتراضية,القطاع العام,خدمة إلكترونية جزئيا,المطالبات والمحاكم,2026/06/04,1447/12/18,166
منطقة الرياض,الرياض,القطاع الخاص,خدمة إلكترونية جزئيا,المطالبات والمحاكم,2026/06/04,1447/12/18,159
الخدمات الرقمية,عام,القطاع العام,خدمة إلكترونية,طلب الخدمات,2026/06/04,1447/12/18,156
الخدمات الرقمية,عام,القطاع العام,خدمة إلكترونية,الأمانات والبلديات,2026/06/04,1447/12/18,155
الخدمات الرقمية,عام,القطاع العام,خدمة إلكترونية,شركات الاتصالات,2026/06/04,1447/12/18,155
منطقة مكة المكرمه,جده,القطاع الخاص,خدمة إلكترونية جزئيا,المطالبات والمحاكم,2026/06/04,1447/12/18,123
منطقة الرياض,الرياض,القطاع العام,خدمة إلكترونية جزئيا,تصديق الوكالات الخارجية,2026/06/04,1447/12/18,107
الخدمات الرقمية,عام,القطاع العام,خدمة إلكترونية,الهيئات الحكومية,2026/06/04,1447/12/18,100
منطقة الرياض,الرياض,القطاع الخاص,خدمة إلكترونية جزئيا,العقارات,2026/06/04,1447/12/18,99
الخدمات الرقمية,عام,القطاع العام,خدمة إلكترونية,الجهات التعليمية,2026/06/04,1447/12/18,97
الخدمات الرقمية,عام,القطاع العام,خدمة إلكترونية,شبكة إيجار الإلكترونية,2026/06/04,1447/12/18,88
الخدمات الرقمية,عام,القطاع العام,خدمة إلكترونية,الشركات,2026/06/04,1447/12/18,74
منطقة مكة المكرمه,جده,القطاع الخاص,خدمة إلكترونية جزئيا,العقارات,2026/06/04,1447/12/18,59
الخدمات الرقمية,عام,القطاع العام,خدمة إلكترونية,شركة الكهرباء,2026/06/04,1447/12/18,50
منطقة الرياض,الرياض,القطاع العام,خدمة إلكترونية جزئيا,البنوك والمصارف,2026/06/04,1447/12/18,48
الخدمات الرقمية,كتابة عدل مدمجة - افتراضية,القطاع العام,خدمة إلكترونية جزئيا,العقارات,2026/06/04,1447/12/18,46
الخدمات الرقمية,عام,القطاع العام,خدمة إلكترونية,النكاح,2026/06/04,1447/12/18,45
منطقة الرياض,الرياض,القطاع العام,خدمة إلكترونية جزئيا,الجهات الأمنية,2026/06/04,1447/12/18,45
الخدمات الرقمية,عام,القطاع العام,خدمة إلكترونية,التعويضات والمساعدات,2026/06/04,1447/12/18,44
الخدمات الرقمية,عام,القطاع العام,خدمة إلكترونية,مكتب الإستقدام,2026/06/04,1447/12/18,41
الخدمات الرقمية,كتابة عدل مدمجة - افتراضية,القطاع العام,خدمة إلكترونية جزئيا,البنوك والمصارف,2026/06/04,1447/12/18,40
منطقة مكة المكرمه,مكة المكرمة,القطاع الخاص,خدمة إلكترونية جزئيا,المطالبات والمحاكم,2026/06/04,1447/12/18,40
الخدمات الرقمية,عام,القطاع العام,خدمة إلكترونية,المؤسسات الحكومية,2026/06/04,1447/12/18,35
الخدمات الرقمية,عام,القطاع العام,خدمة إلكترونية,صندوق التنمية العقارية,2026/06/04,1447/12/18,35
الخدمات الرقمية,عام,القطاع العام,خدمة إلكترونية,المنح السكنية,2026/06/04,1447/12/18,34
منطقة مكة المكرمه,جده,القطاع الخاص,خدمة إلكترونية جزئيا,وكالة خارج المملكة العربية السعودية فقط,2026/06/04,1447/12/18,34
منطقة مكة المكرمه,جده,القطاع العام,خدمة إلكترونية جزئيا,تصديق الوكالات الخارجية,2026/06/04,1447/12/18,34
الخدمات الرقمية,عام,القطاع العام,خدمة إلكترونية,شركة المياه,2026/06/04,1447/12/18,33
الخدمات الرقمية,عام,القطاع العام,خدمة إلكترونية جزئيا,المطالبات والمحاكم,2026/06/04,1447/12/18,31
الخدمات الرقمية,عام,القطاع العام,خدمة إلكترونية,المنح الزراعية,2026/06/04,1447/12/18,30
منطقة الشرقية,الدمام,القطاع الخاص,خدمة إلكترونية جزئيا,المطالبات والمحاكم,2026/06/04,1447/12/18,30
الخدمات الرقمية,عام,القطاع العام,خدمة إلكترونية,هيئة الزكاة والضريبة والجمارك,2026/06/04,1447/12/18,28
الخدمات الرقمية,كتابة عدل مدمجة - افتراضية,القطاع العام,خدمة إلكترونية جزئيا,شبكة إيجار الإلكترونية,2026/06/04,1447/12/18,28
منطقة الرياض,الرياض,القطاع الخاص,خدمة إلكترونية جزئيا,البنوك والمصارف,2026/06/04,1447/12/18,28
منطقة الرياض,الرياض,القطاع الخاص,خدمة إلكترونية جزئيا,شبكة إيجار الإلكترونية,2026/06/04,1447/12/18,26
منطقة مكة المكرمه,جده,القطاع الخاص,خدمة إلكترونية جزئيا,السجلات التجارية,2026/06/04,1447/12/18,26
منطقة الشرقية,الدمام,القطاع العام,خدمة إلكترونية جزئيا,تصديق الوكالات الخارجية,2026/06/04,1447/12/18,24
منطقة الرياض,الرياض,القطاع الخاص,خدمة إلكترونية جزئيا,السجلات التجارية,2026/06/04,1447/12/18,23
الخدمات الرقمية,عام,القطاع العام,خدمة إلكترونية,إثباتات المحاكم,2026/06/04,1447/12/18,22
الخدمات الرقمية,كتابة عدل مدمجة - افتراضية,القطاع العام,خدمة إلكترونية جزئيا,السيارات,2026/06/04,1447/12/18,18
منطقة مكة المكرمه,الطائف,القطاع الخاص,خدمة إلكترونية جزئيا,المطالبات والمحاكم,2026/06/04,1447/12/18,18
منطقة الشرقية,الخبر,القطاع الخاص,خدمة إلكترونية جزئيا,المطالبات والمحاكم,2026/06/04,1447/12/18,17
منطقة مكة المكرمه,جده,القطاع الخاص,خدمة إلكترونية جزئيا,السيارات,2026/06/04,1447/12/18,17
الخدمات الرقمية,عام,القطاع العام,خدمة إلكترونية,بنك التنمية الاجتماعية,2026/06/04,1447/12/18,16
منطقة الرياض,الرياض,القطاع الخاص,خدمة إلكترونية جزئيا,وكالة خارج المملكة العربية السعودية فقط,2026/06/04,1447/12/18,16
منطقة مكة المكرمه,مكة المكرمة,القطاع الخاص,خدمة إلكترونية جزئيا,العقارات,2026/06/04,1447/12/18,16
منطقة الشرقية,الدمام,القطاع الخاص,خدمة إلكترونية جزئيا,وكالة خارج المملكة العربية السعودية فقط,2026/06/04,1447/12/18,15
منطقة القصيم,بريده,القطاع الخاص,خدمة إلكترونية جزئيا,المطالبات والمحاكم,2026/06/04,1447/12/18,15
منطقة الرياض,الرياض,القطاع الخاص,خدمة إلكترونية جزئيا,الشركات,2026/06/04,1447/12/18,14
منطقة الشرقية,الاحساء,القطاع الخاص,خدمة إلكترونية جزئيا,المطالبات والمحاكم,2026/06/04,1447/12/18,14
الخدمات الرقمية,عام,القطاع العام,خدمة إلكترونية جزئيا,البنوك والمصارف,2026/06/04,1447/12/18,13
الخدمات الرقمية,كتابة عدل مدمجة - افتراضية,القطاع العام,خدمة إلكترونية جزئيا,الوزارات الحكومية,2026/06/04,1447/12/18,13
منطقة المدينة المنوره,المدينة المنورة,القطاع الخاص,خدمة إلكترونية جزئيا,المطالبات والمحاكم,2026/06/04,1447/12/18,12
منطقة تبوك,تبوك,القطاع الخاص,خدمة إلكترونية جزئيا,المطالبات والمحاكم,2026/06/04,1447/12/18,12
الخدمات الرقمية,عام,القطاع العام,خدمة إلكترونية,استقدام العمالة,2026/06/04,1447/12/18,11
الخدمات الرقمية,عام,القطاع العام,خدمة إلكترونية,التنازل عن كامل الإرث,2026/06/04,1447/12/18,11
الخدمات الرقمية,عام,القطاع العام,خدمة إلكترونية,التوكيل على الإقرارات,2026/06/04,1447/12/18,11
منطقة الرياض,الرياض,القطاع العام,خدمة إلكترونية جزئيا,السيارات,2026/06/04,1447/12/18,11
الخدمات الرقمية,عام,القطاع العام,خدمة إلكترونية جزئيا,العقارات,2026/06/04,1447/12/18,10
منطقة مكة المكرمه,مكة المكرمة,القطاع الخاص,خدمة إلكترونية جزئيا,البنوك والمصارف,2026/06/04,1447/12/18,10
منطقة مكة المكرمه,مكة المكرمة,القطاع الخاص,خدمة إلكترونية جزئيا,السيارات,2026/06/04,1447/12/18,10
الخدمات الرقمية,عام,القطاع العام,خدمة إلكترونية,الضمان الاجتماعي,2026/06/04,1447/12/18,9
منطقة مكة المكرمه,مكة المكرمة,القطاع الخاص,خدمة إلكترونية جزئيا,السجلات التجارية,2026/06/04,1447/12/18,9
الخدمات الرقمية,عام,القطاع العام,خدمة إلكترونية,العوائد السنوية,2026/06/04,1447/12/18,8
الخدمات الرقمية,كتابة عدل مدمجة - افتراضية,القطاع العام,خدمة إلكترونية جزئيا,الأمانات والبلديات,2026/06/04,1447/12/18,8
الخدمات الرقمية,كتابة عدل مدمجة - افتراضية,القطاع العام,خدمة إلكترونية جزئيا,الجهات التعليمية,2026/06/04,1447/12/18,8
الخدمات الرقمية,كتابة عدل مدمجة - افتراضية,القطاع العام,خدمة إلكترونية جزئيا,السجلات التجارية,2026/06/04,1447/12/18,8
منطقة الرياض,الرياض,القطاع العام,خدمة إلكترونية جزئيا,الجوازات,2026/06/04,1447/12/18,8
منطقة الرياض,الرياض,القطاع العام,خدمة إلكترونية جزئيا,المؤسسات الحكومية,2026/06/04,1447/12/18,8
منطقة الشرقية,الاحساء,القطاع الخاص,خدمة إلكترونية جزئيا,العقارات,2026/06/04,1447/12/18,8
منطقة الشرقية,الدمام,القطاع الخاص,خدمة إلكترونية جزئيا,العقارات,2026/06/04,1447/12/18,8
منطقة عسير,خميس مشيط,القطاع الخاص,خدمة إلكترونية جزئيا,المطالبات والمحاكم,2026/06/04,1447/12/18,8
منطقة مكة المكرمه,جده,القطاع الخاص,خدمة إلكترونية جزئيا,البنوك والمصارف,2026/06/04,1447/12/18,8
الخدمات الرقمية,عام,القطاع العام,خدمة إلكترونية,الحالات الاجتماعية,2026/06/04,1447/12/18,7
الخدمات الرقمية,عام,القطاع العام,خدمة إلكترونية جزئيا,إدارة الأحوال المدنية,2026/06/04,1447/12/18,7
الخدمات الرقمية,كتابة عدل مدمجة - افتراضية,القطاع العام,خدمة إلكترونية جزئيا,الشركات والمؤسسات الأهلية,2026/06/04,1447/12/18,7
منطقة الرياض,الدرعيه,القطاع الخاص,خدمة إلكترونية جزئيا,المطالبات والمحاكم,2026/06/04,1447/12/18,7
منطقة الرياض,الرياض,القطاع العام,خدمة إلكترونية جزئيا,الوزارات الحكومية,2026/06/04,1447/12/18,7
منطقة القصيم,بريده,القطاع الخاص,خدمة إلكترونية جزئيا,السجلات التجارية,2026/06/04,1447/12/18,7
منطقة تبوك,تبوك,القطاع الخاص,خدمة إلكترونية جزئيا,العقارات,2026/06/04,1447/12/18,7
الخدمات الرقمية,عام,القطاع العام,خدمة إلكترونية,البنك السعودي للتسليف والإدخار,2026/06/04,1447/12/18,6
منطقة الرياض,الرياض,القطاع الخاص,خدمة إلكترونية جزئيا,السيارات,2026/06/04,1447/12/18,6
منطقة الرياض,الرياض,القطاع الخاص,خدمة إلكترونية جزئيا,الهيئات الحكومية,2026/06/04,1447/12/18,6
منطقة الرياض,الرياض,القطاع العام,خدمة إلكترونية جزئيا,شركات الاتصالات,2026/06/04,1447/12/18,6
منطقة الشرقية,الدمام,القطاع العام,خدمة إلكترونية جزئيا,المطالبات والمحاكم,2026/06/04,1447/12/18,6
منطقة المدينة المنوره,المدينة المنورة,القطاع الخاص,خدمة إلكترونية جزئيا,البنوك والمصارف,2026/06/04,1447/12/18,6
منطقة المدينة المنوره,المدينة المنورة,القطاع الخاص,خدمة إلكترونية جزئيا,العقارات,2026/06/04,1447/12/18,6
منطقة عسير,بيشه,القطاع الخاص,خدمة إلكترونية جزئيا,الشركات والمؤسسات الأهلية,2026/06/04,1447/12/18,6
الخدمات الرقمية,كتابة عدل مدمجة - افتراضية,القطاع العام,خدمة إلكترونية جزئيا,الهيئات الحكومية,2026/06/04,1447/12/18,5
منطقة الرياض,الرياض,القطاع الخاص,خدمة إلكترونية جزئيا,الشركات والمؤسسات الأهلية,2026/06/04,1447/12/18,5
منطقة الرياض,الرياض,القطاع العام,خدمة إلكترونية جزئيا,المرور,2026/06/04,1447/12/18,5
منطقة الشرقية,القطيف,القطاع الخاص,خدمة إلكترونية جزئيا,العقارات,2026/06/04,1447/12/18,5
منطقة القصيم,بريده,القطاع العام,خدمة إلكترونية جزئيا,السيارات,2026/06/04,1447/12/18,5
منطقة المدينة المنوره,المدينة المنورة,القطاع الخاص,خدمة إلكترونية جزئيا,السيارات,2026/06/04,1447/12/18,5
منطقة عسير,ابها,القطاع الخاص,خدمة إلكترونية جزئيا,العقارات,2026/06/04,1447/12/18,5
منطقة مكة المكرمه,جده,القطاع الخاص,خدمة إلكترونية جزئيا,الجهات الأمنية,2026/06/04,1447/12/18,5
منطقة مكة المكرمه,مكة المكرمة,القطاع العام,خدمة إلكترونية جزئيا,المطالبات والمحاكم,2026/06/04,1447/12/18,5
منطقة مكة المكرمه,مكة المكرمة,القطاع العام,خدمة إلكترونية جزئيا,تصديق الوكالات الخارجية,2026/06/04,1447/12/18,5
الخدمات الرقمية,عام,القطاع العام,خدمة إلكترونية,تصاريح القوارب والصيد,2026/06/04,1447/12/18,4
الخدمات الرقمية,كتابة عدل مدمجة - افتراضية,القطاع العام,خدمة إلكترونية جزئيا,إثباتات المحاكم,2026/06/04,1447/12/18,4
الخدمات الرقمية,كتابة عدل مدمجة - افتراضية,القطاع العام,خدمة إلكترونية جزئيا,الجهات الأمنية,2026/06/04,1447/12/18,4
الخدمات الرقمية,كتابة عدل مدمجة - افتراضية,القطاع العام,خدمة إلكترونية جزئيا,الرواتب والمستحقات,2026/06/04,1447/12/18,4
منطقة الرياض,الدرعيه,القطاع الخاص,خدمة إلكترونية جزئيا,العقارات,2026/06/04,1447/12/18,4
منطقة الرياض,الرياض,القطاع الخاص,خدمة إلكترونية جزئيا,الأمانات والبلديات,2026/06/04,1447/12/18,4
منطقة الرياض,الرياض,القطاع الخاص,خدمة إلكترونية جزئيا,وزارة الموارد البشرية والتنمية الاجتماعية,2026/06/04,1447/12/18,4
منطقة الرياض,الرياض,القطاع العام,خدمة إلكترونية جزئيا,النكاح,2026/06/04,1447/12/18,4
منطقة الرياض,الرياض,القطاع العام,خدمة إلكترونية جزئيا,شبكة إيجار الإلكترونية,2026/06/04,1447/12/18,4
منطقة الشرقية,الدمام,القطاع الخاص,خدمة إلكترونية جزئيا,الشركات,2026/06/04,1447/12/18,4
منطقة الشرقية,القطيف,القطاع الخاص,خدمة إلكترونية جزئيا,المطالبات والمحاكم,2026/06/04,1447/12/18,4
منطقة القصيم,البكيريه,القطاع الخاص,خدمة إلكترونية جزئيا,الشركات والمؤسسات الأهلية,2026/06/04,1447/12/18,4
منطقة القصيم,المذنب,القطاع الخاص,خدمة إلكترونية جزئيا,السيارات,2026/06/04,1447/12/18,4
منطقة القصيم,بريده,القطاع الخاص,خدمة إلكترونية جزئيا,الشركات,2026/06/04,1447/12/18,4
منطقة المدينة المنوره,المدينة المنورة,القطاع الخاص,خدمة إلكترونية جزئيا,وكالة خارج المملكة العربية السعودية فقط,2026/06/04,1447/12/18,4
منطقة جازان,جيزان,القطاع الخاص,خدمة إلكترونية جزئيا,المطالبات والمحاكم,2026/06/04,1447/12/18,4
منطقة عسير,خميس مشيط,القطاع الخاص,خدمة إلكترونية جزئيا,العقارات,2026/06/04,1447/12/18,4
منطقة مكة المكرمه,الطائف,القطاع الخاص,خدمة إلكترونية جزئيا,العقارات,2026/06/04,1447/12/18,4
منطقة مكة المكرمه,جده,القطاع الخاص,خدمة إلكترونية جزئيا,شبكة إيجار الإلكترونية,2026/06/04,1447/12/18,4
منطقة مكة المكرمه,مكة المكرمة,القطاع الخاص,خدمة إلكترونية جزئيا,شبكة إيجار الإلكترونية,2026/06/04,1447/12/18,4
منطقة نجران,نجران,القطاع الخاص,خدمة إلكترونية جزئيا,المطالبات والمحاكم,2026/06/04,1447/12/18,4
الخدمات الرقمية,عام,القطاع العام,خدمة إلكترونية,إنهائات المحاكم,2026/06/04,1447/12/18,3
الخدمات الرقمية,عام,القطاع العام,خدمة إلكترونية,الرئاسات الحكومية,2026/06/04,1447/12/18,3
الخدمات الرقمية,كتابة عدل مدمجة - افتراضية,القطاع العام,خدمة إلكترونية جزئيا,الشركات,2026/06/04,1447/12/18,3
الخدمات الرقمية,كتابة عدل مدمجة - افتراضية,القطاع العام,خدمة إلكترونية جزئيا,النكاح,2026/06/04,1447/12/18,3
الخدمات الرقمية,كتابة عدل مدمجة - افتراضية,القطاع العام,خدمة إلكترونية جزئيا,شركات الاتصالات,2026/06/04,1447/12/18,3
منطقة الجوف,القريات,القطاع الخاص,خدمة إلكترونية جزئيا,المطالبات والمحاكم,2026/06/04,1447/12/18,3
منطقة الرياض,الرياض,القطاع الخاص,خدمة إلكترونية جزئيا,الجوازات,2026/06/04,1447/12/18,3
منطقة الرياض,الرياض,القطاع العام,خدمة إلكترونية جزئيا,إدارة الأحوال المدنية,2026/06/04,1447/12/18,3
منطقة الرياض,الرياض,القطاع العام,خدمة إلكترونية جزئيا,العقارات,2026/06/04,1447/12/18,3
منطقة الرياض,الرياض,القطاع العام,خدمة إلكترونية جزئيا,المنح السكنية,2026/06/04,1447/12/18,3
منطقة الشرقية,الخبر,القطاع الخاص,خدمة إلكترونية جزئيا,العقارات,2026/06/04,1447/12/18,3
منطقة الشرقية,الخبر,القطاع الخاص,خدمة إلكترونية جزئيا,وكالة خارج المملكة العربية السعودية فقط,2026/06/04,1447/12/18,3
منطقة القصيم,بريده,القطاع الخاص,خدمة إلكترونية جزئيا,الوزارات الحكومية,2026/06/04,1447/12/18,3
منطقة المدينة المنوره,المدينة المنورة,القطاع العام,خدمة إلكترونية جزئيا,تصديق الوكالات الخارجية,2026/06/04,1447/12/18,3
منطقة عسير,ابها,القطاع الخاص,خدمة إلكترونية جزئيا,المطالبات والمحاكم,2026/06/04,1447/12/18,3
منطقة مكة المكرمه,الخرمه,القطاع الخاص,خدمة إلكترونية جزئيا,العقارات,2026/06/04,1447/12/18,3
منطقة مكة المكرمه,القنفذه,القطاع الخاص,خدمة إلكترونية جزئيا,البنوك والمصارف,2026/06/04,1447/12/18,3
منطقة مكة المكرمه,مكة المكرمة,القطاع الخاص,خدمة إلكترونية جزئيا,الأمانات والبلديات,2026/06/04,1447/12/18,3
منطقة مكة المكرمه,مكة المكرمة,القطاع الخاص,خدمة إلكترونية جزئيا,الشركات والمؤسسات الأهلية,2026/06/04,1447/12/18,3
منطقة مكة المكرمه,مكة المكرمة,القطاع الخاص,خدمة إلكترونية جزئيا,وكالة خارج المملكة العربية السعودية فقط,2026/06/04,1447/12/18,3
الخدمات الرقمية,عام,القطاع العام,خدمة إلكترونية,برنامج رسوم الأراضي البيضاء,2026/06/04,1447/12/18,2
الخدمات الرقمية,عام,القطاع العام,خدمة إلكترونية جزئيا,الجهات الأمنية,2026/06/04,1447/12/18,2
الخدمات الرقمية,عام,القطاع العام,خدمة إلكترونية جزئيا,الجوازات,2026/06/04,1447/12/18,2
الخدمات الرقمية,عام,القطاع العام,خدمة إلكترونية جزئيا,السيارات,2026/06/04,1447/12/18,2
الخدمات الرقمية,كتابة عدل مدمجة - افتراضية,القطاع العام,خدمة إلكترونية جزئيا,الجوازات,2026/06/04,1447/12/18,2
الخدمات الرقمية,كتابة عدل مدمجة - افتراضية,القطاع العام,خدمة إلكترونية جزئيا,المرور,2026/06/04,1447/12/18,2
منطقة الباحة,الباحه,القطاع العام,خدمة إلكترونية جزئيا,تصديق الوكالات الخارجية,2026/06/04,1447/12/18,2
منطقة الحدود الشمالية,عرعر,القطاع الخاص,خدمة إلكترونية جزئيا,البنوك والمصارف,2026/06/04,1447/12/18,2
منطقة الرياض,الرياض,القطاع العام,خدمة إلكترونية جزئيا,الرواتب والمستحقات,2026/06/04,1447/12/18,2
منطقة الرياض,الرياض,القطاع العام,خدمة إلكترونية جزئيا,الهيئات الحكومية,2026/06/04,1447/12/18,2
منطقة الشرقية,الدمام,القطاع الخاص,خدمة إلكترونية جزئيا,السجلات التجارية,2026/06/04,1447/12/18,2
منطقة الشرقية,الدمام,القطاع الخاص,خدمة إلكترونية جزئيا,الشركات والمؤسسات الأهلية,2026/06/04,1447/12/18,2
منطقة الشرقية,الدمام,القطاع العام,خدمة إلكترونية جزئيا,الأمانات والبلديات,2026/06/04,1447/12/18,2
منطقة الشرقية,القطيف,القطاع الخاص,خدمة إلكترونية جزئيا,الجوازات,2026/06/04,1447/12/18,2
منطقة القصيم,البدائع,القطاع الخاص,خدمة إلكترونية جزئيا,شبكة إيجار الإلكترونية,2026/06/04,1447/12/18,2
منطقة القصيم,بريده,القطاع الخاص,خدمة إلكترونية جزئيا,البنوك والمصارف,2026/06/04,1447/12/18,2
منطقة القصيم,بريده,القطاع العام,خدمة إلكترونية جزئيا,البنوك والمصارف,2026/06/04,1447/12/18,2
منطقة القصيم,بريده,القطاع العام,خدمة إلكترونية جزئيا,السجلات التجارية,2026/06/04,1447/12/18,2
منطقة القصيم,بريده,القطاع العام,خدمة إلكترونية جزئيا,الوزارات الحكومية,2026/06/04,1447/12/18,2
منطقة المدينة المنوره,المدينة المنورة,القطاع العام,خدمة إلكترونية جزئيا,وكالة خارج المملكة العربية السعودية فقط,2026/06/04,1447/12/18,2
منطقة حائل,حائل,القطاع الخاص,خدمة إلكترونية جزئيا,الوزارات الحكومية,2026/06/04,1447/12/18,2
منطقة عسير,بيشه,القطاع الخاص,خدمة إلكترونية جزئيا,المرور,2026/06/04,1447/12/18,2
منطقة مكة المكرمه,الخرمه,القطاع الخاص,خدمة إلكترونية جزئيا,السيارات,2026/06/04,1447/12/18,2
منطقة مكة المكرمه,الخرمه,القطاع الخاص,خدمة إلكترونية جزئيا,المطالبات والمحاكم,2026/06/04,1447/12/18,2
منطقة مكة المكرمه,جده,القطاع الخاص,خدمة إلكترونية جزئيا,الشركات,2026/06/04,1447/12/18,2
منطقة مكة المكرمه,جده,القطاع الخاص,خدمة إلكترونية جزئيا,الشركات والمؤسسات الأهلية,2026/06/04,1447/12/18,2
منطقة مكة المكرمه,جده,القطاع الخاص,خدمة إلكترونية جزئيا,الهيئات الحكومية,2026/06/04,1447/12/18,2
منطقة مكة المكرمه,جده,القطاع العام,خدمة إلكترونية جزئيا,البنوك والمصارف,2026/06/04,1447/12/18,2
منطقة مكة المكرمه,جده,القطاع العام,خدمة إلكترونية جزئيا,الجوازات,2026/06/04,1447/12/18,2
منطقة مكة المكرمه,جده,القطاع العام,خدمة إلكترونية جزئيا,العقارات,2026/06/04,1447/12/18,2
منطقة مكة المكرمه,جده,القطاع العام,خدمة إلكترونية جزئيا,المطالبات والمحاكم,2026/06/04,1447/12/18,2
الخدمات الرقمية,عام,القطاع العام,خدمة إلكترونية,أذونات المحاكم,2026/06/04,1447/12/18,1
الخدمات الرقمية,عام,القطاع العام,خدمة إلكترونية جزئيا,إثباتات المحاكم,2026/06/04,1447/12/18,1
الخدمات الرقمية,عام,القطاع العام,خدمة إلكترونية جزئيا,إنهائات المحاكم,2026/06/04,1447/12/18,1
الخدمات الرقمية,عام,القطاع العام,خدمة إلكترونية جزئيا,استقدام العمالة,2026/06/04,1447/12/18,1
الخدمات الرقمية,عام,القطاع العام,خدمة إلكترونية جزئيا,الرواتب والمستحقات,2026/06/04,1447/12/18,1
الخدمات الرقمية,عام,القطاع العام,خدمة إلكترونية جزئيا,السجلات التجارية,2026/06/04,1447/12/18,1
الخدمات الرقمية,عام,القطاع العام,خدمة إلكترونية جزئيا,الشركات والمؤسسات الأهلية,2026/06/04,1447/12/18,1
الخدمات الرقمية,عام,القطاع العام,خدمة إلكترونية جزئيا,الضمان والشؤون الاجتماعية,2026/06/04,1447/12/18,1
الخدمات الرقمية,عام,القطاع العام,خدمة إلكترونية جزئيا,المؤسسات الحكومية,2026/06/04,1447/12/18,1
الخدمات الرقمية,عام,القطاع العام,خدمة إلكترونية جزئيا,الهيئات الحكومية,2026/06/04,1447/12/18,1
الخدمات الرقمية,عام,القطاع العام,خدمة إلكترونية جزئيا,الوزارات الحكومية,2026/06/04,1447/12/18,1
الخدمات الرقمية,عام,القطاع العام,خدمة إلكترونية جزئيا,صندوق التنمية العقارية,2026/06/04,1447/12/18,1
الخدمات الرقمية,كتابة عدل مدمجة - افتراضية,القطاع العام,خدمة إلكترونية جزئيا,إدارة الأحوال المدنية,2026/06/04,1447/12/18,1
الخدمات الرقمية,كتابة عدل مدمجة - افتراضية,القطاع العام,خدمة إلكترونية جزئيا,التعويضات والمساعدات,2026/06/04,1447/12/18,1
الخدمات الرقمية,كتابة عدل مدمجة - افتراضية,القطاع العام,خدمة إلكترونية جزئيا,الرئاسات الحكومية,2026/06/04,1447/12/18,1
الخدمات الرقمية,كتابة عدل مدمجة - افتراضية,القطاع العام,خدمة إلكترونية جزئيا,المؤسسات الحكومية,2026/06/04,1447/12/18,1
منطقة الرياض,الخرج,القطاع الخاص,خدمة إلكترونية جزئيا,العقارات,2026/06/04,1447/12/18,1
منطقة الرياض,الخرج,القطاع الخاص,خدمة إلكترونية جزئيا,وكالة خارج المملكة العربية السعودية فقط,2026/06/04,1447/12/18,1
منطقة الرياض,الرياض,القطاع الخاص,خدمة إلكترونية جزئيا,الرئاسات الحكومية,2026/06/04,1447/12/18,1
منطقة الرياض,الرياض,القطاع الخاص,خدمة إلكترونية جزئيا,المرور,2026/06/04,1447/12/18,1
منطقة الرياض,الرياض,القطاع الخاص,خدمة إلكترونية جزئيا,المنح السكنية,2026/06/04,1447/12/18,1
منطقة الرياض,الرياض,القطاع الخاص,خدمة إلكترونية جزئيا,الوزارات الحكومية,2026/06/04,1447/12/18,1
منطقة الرياض,الرياض,القطاع العام,خدمة إلكترونية جزئيا,التعويضات والمساعدات,2026/06/04,1447/12/18,1
منطقة الرياض,الرياض,القطاع العام,خدمة إلكترونية جزئيا,السجلات التجارية,2026/06/04,1447/12/18,1
منطقة الرياض,الرياض,القطاع العام,خدمة إلكترونية جزئيا,الشركات والمؤسسات الأهلية,2026/06/04,1447/12/18,1
منطقة الرياض,الرياض,القطاع العام,خدمة إلكترونية جزئيا,صندوق التنمية العقارية,2026/06/04,1447/12/18,1
منطقة الشرقية,الجبيل,القطاع الخاص,خدمة إلكترونية جزئيا,العقارات,2026/06/04,1447/12/18,1
منطقة الشرقية,الجبيل,القطاع الخاص,خدمة إلكترونية جزئيا,المطالبات والمحاكم,2026/06/04,1447/12/18,1
منطقة الشرقية,الخبر,القطاع الخاص,خدمة إلكترونية جزئيا,التراخيص الصناعية,2026/06/04,1447/12/18,1
منطقة الشرقية,الخبر,القطاع الخاص,خدمة إلكترونية جزئيا,السجلات التجارية,2026/06/04,1447/12/18,1
منطقة الشرقية,الخبر,القطاع الخاص,خدمة إلكترونية جزئيا,الشركات,2026/06/04,1447/12/18,1
منطقة الشرقية,الخفجي,القطاع الخاص,خدمة إلكترونية جزئيا,شبكة إيجار الإلكترونية,2026/06/04,1447/12/18,1
منطقة الشرقية,الدمام,القطاع الخاص,خدمة إلكترونية جزئيا,شبكة إيجار الإلكترونية,2026/06/04,1447/12/18,1
منطقة الشرقية,الدمام,القطاع العام,خدمة إلكترونية جزئيا,الشركات,2026/06/04,1447/12/18,1
منطقة الشرقية,الدمام,القطاع العام,خدمة إلكترونية جزئيا,شبكة إيجار الإلكترونية,2026/06/04,1447/12/18,1
منطقة الشرقية,حفر الباطن,القطاع الخاص,خدمة إلكترونية جزئيا,البنوك والمصارف,2026/06/04,1447/12/18,1
منطقة الشرقية,حفر الباطن,القطاع الخاص,خدمة إلكترونية جزئيا,العقارات,2026/06/04,1447/12/18,1
منطقة القصيم,البدائع,القطاع الخاص,خدمة إلكترونية جزئيا,المطالبات والمحاكم,2026/06/04,1447/12/18,1
منطقة القصيم,البكيريه,القطاع الخاص,خدمة إلكترونية جزئيا,المطالبات والمحاكم,2026/06/04,1447/12/18,1
منطقة القصيم,بريده,القطاع الخاص,خدمة إلكترونية جزئيا,شبكة إيجار الإلكترونية,2026/06/04,1447/12/18,1
منطقة القصيم,بريده,القطاع العام,خدمة إلكترونية جزئيا,إدارة الأحوال المدنية,2026/06/04,1447/12/18,1
منطقة القصيم,بريده,القطاع العام,خدمة إلكترونية جزئيا,الجهات الأمنية,2026/06/04,1447/12/18,1
منطقة القصيم,بريده,القطاع العام,خدمة إلكترونية جزئيا,الجوازات,2026/06/04,1447/12/18,1
منطقة القصيم,بريده,القطاع العام,خدمة إلكترونية جزئيا,العقارات,2026/06/04,1447/12/18,1
منطقة القصيم,بريده,القطاع العام,خدمة إلكترونية جزئيا,المطالبات والمحاكم,2026/06/04,1447/12/18,1
منطقة القصيم,بريده,القطاع العام,خدمة إلكترونية جزئيا,تصديق الوكالات الخارجية,2026/06/04,1447/12/18,1
منطقة المدينة المنوره,المدينة المنورة,القطاع الخاص,خدمة إلكترونية جزئيا,شبكة إيجار الإلكترونية,2026/06/04,1447/12/18,1
منطقة المدينة المنوره,المدينة المنورة,القطاع العام,خدمة إلكترونية جزئيا,المطالبات والمحاكم,2026/06/04,1447/12/18,1
منطقة المدينة المنوره,ينبع,القطاع العام,خدمة إلكترونية جزئيا,البنوك والمصارف,2026/06/04,1447/12/18,1
منطقة تبوك,تبوك,القطاع الخاص,خدمة إلكترونية جزئيا,وكالة خارج المملكة العربية السعودية فقط,2026/06/04,1447/12/18,1
منطقة جازان,جيزان,القطاع الخاص,خدمة إلكترونية جزئيا,البنوك والمصارف,2026/06/04,1447/12/18,1
منطقة جازان,جيزان,القطاع الخاص,خدمة إلكترونية جزئيا,الشركات والمؤسسات الأهلية,2026/06/04,1447/12/18,1
منطقة جازان,جيزان,القطاع العام,خدمة إلكترونية جزئيا,العقارات,2026/06/04,1447/12/18,1
منطقة جازان,جيزان,القطاع العام,خدمة إلكترونية جزئيا,المطالبات والمحاكم,2026/06/04,1447/12/18,1
منطقة جازان,صامطه,القطاع الخاص,خدمة إلكترونية جزئيا,البنوك والمصارف,2026/06/04,1447/12/18,1
منطقة جازان,صبياء,القطاع الخاص,خدمة إلكترونية جزئيا,البنوك والمصارف,2026/06/04,1447/12/18,1
منطقة حائل,حائل,القطاع الخاص,خدمة إلكترونية جزئيا,السجلات التجارية,2026/06/04,1447/12/18,1
منطقة حائل,حائل,القطاع الخاص,خدمة إلكترونية جزئيا,العقارات,2026/06/04,1447/12/18,1
منطقة حائل,حائل,القطاع الخاص,خدمة إلكترونية جزئيا,المطالبات والمحاكم,2026/06/04,1447/12/18,1
منطقة عسير,ابها,القطاع الخاص,خدمة إلكترونية جزئيا,البنوك والمصارف,2026/06/04,1447/12/18,1
منطقة عسير,ابها,القطاع الخاص,خدمة إلكترونية جزئيا,وكالة خارج المملكة العربية السعودية فقط,2026/06/04,1447/12/18,1
منطقة عسير,ابها,القطاع العام,خدمة إلكترونية جزئيا,تصديق الوكالات الخارجية,2026/06/04,1447/12/18,1
منطقة مكة المكرمه,الجموم,القطاع الخاص,خدمة إلكترونية جزئيا,وكالة خارج المملكة العربية السعودية فقط,2026/06/04,1447/12/18,1
منطقة مكة المكرمه,الطائف,القطاع الخاص,خدمة إلكترونية جزئيا,البنوك والمصارف,2026/06/04,1447/12/18,1
منطقة مكة المكرمه,جده,القطاع الخاص,خدمة إلكترونية جزئيا,التراخيص الصناعية,2026/06/04,1447/12/18,1
منطقة مكة المكرمه,جده,القطاع الخاص,خدمة إلكترونية جزئيا,الجوازات,2026/06/04,1447/12/18,1
منطقة مكة المكرمه,جده,القطاع العام,خدمة إلكترونية جزئيا,الجهات الأمنية,2026/06/04,1447/12/18,1
منطقة مكة المكرمه,جده,القطاع العام,خدمة إلكترونية جزئيا,الجهات التعليمية,2026/06/04,1447/12/18,1
منطقة مكة المكرمه,جده,القطاع العام,خدمة إلكترونية جزئيا,الرواتب والمستحقات,2026/06/04,1447/12/18,1
منطقة مكة المكرمه,جده,القطاع العام,خدمة إلكترونية جزئيا,السجلات التجارية,2026/06/04,1447/12/18,1
منطقة مكة المكرمه,جده,القطاع العام,خدمة إلكترونية جزئيا,المرور,2026/06/04,1447/12/18,1
منطقة مكة المكرمه,جده,القطاع العام,خدمة إلكترونية جزئيا,المنح السكنية,2026/06/04,1447/12/18,1
منطقة مكة المكرمه,جده,القطاع العام,خدمة إلكترونية جزئيا,الوزارات الحكومية,2026/06/04,1447/12/18,1
منطقة مكة المكرمه,مكة المكرمة,القطاع العام,خدمة إلكترونية جزئيا,الأمانات والبلديات,2026/06/04,1447/12/18,1
منطقة نجران,نجران,القطاع العام,خدمة إلكترونية جزئيا,تصديق الوكالات الخارجية,2026/06/04,1447/12/18,1
الخدمات الرقمية,عام,القطاع العام,خدمة إلكترونية,العقارات,2026/06/05,1447/12/19,"1,211"
الخدمات الرقمية,عام,القطاع العام,خدمة إلكترونية,المطالبات والمحاكم,2026/06/05,1447/12/19,952
الخدمات الرقمية,عام,القطاع العام,خدمة إلكترونية,السيارات,2026/06/05,1447/12/19,576
الخدمات الرقمية,عام,القطاع العام,خدمة إلكترونية,البنوك والمصارف,2026/06/05,1447/12/19,430
الخدمات الرقمية,عام,القطاع العام,خدمة إلكترونية,الوزارات الحكومية,2026/06/05,1447/12/19,236
الخدمات الرقمية,عام,القطاع العام,خدمة إلكترونية,الجوازات,2026/06/05,1447/12/19,208
الخدمات الرقمية,عام,القطاع العام,خدمة إلكترونية,الشركات والمؤسسات الأهلية,2026/06/05,1447/12/19,134
الخدمات الرقمية,عام,القطاع العام,خدمة إلكترونية,وكالة خارج المملكة العربية السعودية فقط,2026/06/05,1447/12/19,134
الخدمات الرقمية,عام,القطاع العام,خدمة إلكترونية,المرور,2026/06/05,1447/12/19,116
الخدمات الرقمية,عام,القطاع العام,خدمة إلكترونية,الرواتب والمستحقات,2026/06/05,1447/12/19,100
الخدمات الرقمية,عام,القطاع العام,خدمة إلكترونية,الجهات الأمنية,2026/06/05,1447/12/19,92
الخدمات الرقمية,عام,القطاع العام,خدمة إلكترونية,السجلات التجارية,2026/06/05,1447/12/19,88
الخدمات الرقمية,عام,القطاع العام,خدمة إلكترونية,إدارة الأحوال المدنية,2026/06/05,1447/12/19,86
الخدمات الرقمية,عام,القطاع العام,خدمة إلكترونية,شركات الاتصالات,2026/06/05,1447/12/19,86
الخدمات الرقمية,عام,القطاع العام,خدمة إلكترونية,الأمانات والبلديات,2026/06/05,1447/12/19,70
الخدمات الرقمية,عام,القطاع العام,خدمة إلكترونية,شبكة إيجار الإلكترونية,2026/06/05,1447/12/19,56
الخدمات الرقمية,عام,القطاع العام,خدمة إلكترونية,طلب الخدمات,2026/06/05,1447/12/19,55
الخدمات الرقمية,عام,القطاع العام,خدمة إلكترونية,النكاح,2026/06/05,1447/12/19,42
الخدمات الرقمية,عام,القطاع العام,خدمة إلكترونية,وزارة الموارد البشرية والتنمية الاجتماعية,2026/06/05,1447/12/19,41
الخدمات الرقمية,عام,القطاع العام,خدمة إلكترونية,الجهات التعليمية,2026/06/05,1447/12/19,36
منطقة الرياض,الرياض,القطاع الخاص,خدمة إلكترونية جزئيا,العقارات,2026/06/05,1447/12/19,33
الخدمات الرقمية,عام,القطاع العام,خدمة إلكترونية,الشركات,2026/06/05,1447/12/19,32
الخدمات الرقمية,عام,القطاع العام,خدمة إلكترونية,شركة المياه,2026/06/05,1447/12/19,27
منطقة مكة المكرمه,جده,القطاع الخاص,خدمة إلكترونية جزئيا,العقارات,2026/06/05,1447/12/19,26
الخدمات الرقمية,عام,القطاع العام,خدمة إلكترونية,الهيئات الحكومية,2026/06/05,1447/12/19,22
الخدمات الرقمية,عام,القطاع العام,خدمة إلكترونية,التعويضات والمساعدات,2026/06/05,1447/12/19,20
الخدمات الرقمية,عام,القطاع العام,خدمة إلكترونية,العوائد السنوية,2026/06/05,1447/12/19,20
منطقة مكة المكرمه,جده,القطاع الخاص,خدمة إلكترونية جزئيا,المطالبات والمحاكم,2026/06/05,1447/12/19,19
الخدمات الرقمية,عام,القطاع العام,خدمة إلكترونية,إثباتات المحاكم,2026/06/05,1447/12/19,18
الخدمات الرقمية,عام,القطاع العام,خدمة إلكترونية,المنح السكنية,2026/06/05,1447/12/19,17
الخدمات الرقمية,عام,القطاع العام,خدمة إلكترونية,مكتب الإستقدام,2026/06/05,1447/12/19,16
منطقة الرياض,الرياض,القطاع الخاص,خدمة إلكترونية جزئيا,المطالبات والمحاكم,2026/06/05,1447/12/19,16
الخدمات الرقمية,عام,القطاع العام,خدمة إلكترونية,شركة الكهرباء,2026/06/05,1447/12/19,15
الخدمات الرقمية,عام,القطاع العام,خدمة إلكترونية,صندوق التنمية العقارية,2026/06/05,1447/12/19,15
منطقة الرياض,الرياض,القطاع الخاص,خدمة إلكترونية جزئيا,البنوك والمصارف,2026/06/05,1447/12/19,14
الخدمات الرقمية,عام,القطاع العام,خدمة إلكترونية,المنح الزراعية,2026/06/05,1447/12/19,10
الخدمات الرقمية,عام,القطاع العام,خدمة إلكترونية,هيئة الزكاة والضريبة والجمارك,2026/06/05,1447/12/19,10
منطقة الجوف,القريات,القطاع الخاص,خدمة إلكترونية جزئيا,العقارات,2026/06/05,1447/12/19,10
الخدمات الرقمية,عام,القطاع العام,خدمة إلكترونية,الحالات الاجتماعية,2026/06/05,1447/12/19,9
منطقة تبوك,تبوك,القطاع الخاص,خدمة إلكترونية جزئيا,المطالبات والمحاكم,2026/06/05,1447/12/19,9
منطقة مكة المكرمه,جده,القطاع الخاص,خدمة إلكترونية جزئيا,وكالة خارج المملكة العربية السعودية فقط,2026/06/05,1447/12/19,9
الخدمات الرقمية,عام,القطاع العام,خدمة إلكترونية,التوكيل على الإقرارات,2026/06/05,1447/12/19,8
الخدمات الرقمية,عام,القطاع العام,خدمة إلكترونية,بنك التنمية الاجتماعية,2026/06/05,1447/12/19,8
منطقة مكة المكرمه,جده,القطاع الخاص,خدمة إلكترونية جزئيا,البنوك والمصارف,2026/06/05,1447/12/19,8
منطقة جازان,جيزان,القطاع الخاص,خدمة إلكترونية جزئيا,العقارات,2026/06/05,1447/12/19,7
الخدمات الرقمية,عام,القطاع العام,خدمة إلكترونية,المؤسسات الحكومية,2026/06/05,1447/12/19,6
منطقة الرياض,الرياض,القطاع الخاص,خدمة إلكترونية جزئيا,وكالة خارج المملكة العربية السعودية فقط,2026/06/05,1447/12/19,6
الخدمات الرقمية,عام,القطاع العام,خدمة إلكترونية,استقدام العمالة,2026/06/05,1447/12/19,5
منطقة مكة المكرمه,جده,القطاع الخاص,خدمة إلكترونية جزئيا,الجهات الأمنية,2026/06/05,1447/12/19,5
منطقة مكة المكرمه,مكة المكرمة,القطاع الخاص,خدمة إلكترونية جزئيا,العقارات,2026/06/05,1447/12/19,5
الخدمات الرقمية,عام,القطاع العام,خدمة إلكترونية,الضمان الاجتماعي,2026/06/05,1447/12/19,4
منطقة الرياض,الرياض,القطاع الخاص,خدمة إلكترونية جزئيا,الشركات,2026/06/05,1447/12/19,4
منطقة عسير,خميس مشيط,القطاع الخاص,خدمة إلكترونية جزئيا,المطالبات والمحاكم,2026/06/05,1447/12/19,4
الخدمات الرقمية,عام,القطاع العام,خدمة إلكترونية,إنهائات المحاكم,2026/06/05,1447/12/19,3
منطقة الرياض,الرياض,القطاع الخاص,خدمة إلكترونية جزئيا,شبكة إيجار الإلكترونية,2026/06/05,1447/12/19,3
منطقة المدينة المنوره,المدينة المنورة,القطاع الخاص,خدمة إلكترونية جزئيا,البنوك والمصارف,2026/06/05,1447/12/19,3
منطقة المدينة المنوره,المدينة المنورة,القطاع الخاص,خدمة إلكترونية جزئيا,شبكة إيجار الإلكترونية,2026/06/05,1447/12/19,3
منطقة مكة المكرمه,جده,القطاع الخاص,خدمة إلكترونية جزئيا,السيارات,2026/06/05,1447/12/19,3
الخدمات الرقمية,عام,القطاع العام,خدمة إلكترونية,البنك السعودي للتسليف والإدخار,2026/06/05,1447/12/19,2
الخدمات الرقمية,عام,القطاع العام,خدمة إلكترونية,تصاريح القوارب والصيد,2026/06/05,1447/12/19,2
منطقة مكة المكرمه,الطائف,القطاع الخاص,خدمة إلكترونية جزئيا,البنوك والمصارف,2026/06/05,1447/12/19,2
الخدمات الرقمية,عام,القطاع العام,خدمة إلكترونية,أذونات المحاكم,2026/06/05,1447/12/19,1
الخدمات الرقمية,عام,القطاع العام,خدمة إلكترونية,التنازل عن كامل الإرث,2026/06/05,1447/12/19,1
الخدمات الرقمية,عام,القطاع العام,خدمة إلكترونية,الرئاسات الحكومية,2026/06/05,1447/12/19,1
الخدمات الرقمية,عام,القطاع العام,خدمة إلكترونية,صندوق تنمية الموارد البشرية,2026/06/05,1447/12/19,1
الخدمات الرقمية,عام,القطاع العام,خدمة إلكترونية,مكافآت الجامعات والمعاهد,2026/06/05,1447/12/19,1
الخدمات الرقمية,كتابة عدل مدمجة - افتراضية,القطاع العام,خدمة إلكترونية جزئيا,الجهات التعليمية,2026/06/05,1447/12/19,1
الخدمات الرقمية,كتابة عدل مدمجة - افتراضية,القطاع العام,خدمة إلكترونية جزئيا,المطالبات والمحاكم,2026/06/05,1447/12/19,1
منطقة الشرقية,الاحساء,القطاع الخاص,خدمة إلكترونية جزئيا,السيارات,2026/06/05,1447/12/19,1
منطقة الشرقية,الدمام,القطاع الخاص,خدمة إلكترونية جزئيا,المطالبات والمحاكم,2026/06/05,1447/12/19,1
منطقة القصيم,البكيريه,القطاع الخاص,خدمة إلكترونية جزئيا,الوزارات الحكومية,2026/06/05,1447/12/19,1
منطقة المدينة المنوره,المدينة المنورة,القطاع الخاص,خدمة إلكترونية جزئيا,العقارات,2026/06/05,1447/12/19,1
منطقة تبوك,تبوك,القطاع الخاص,خدمة إلكترونية جزئيا,البنوك والمصارف,2026/06/05,1447/12/19,1
منطقة مكة المكرمه,الطائف,القطاع الخاص,خدمة إلكترونية جزئيا,المطالبات والمحاكم,2026/06/05,1447/12/19,1
منطقة مكة المكرمه,جده,القطاع الخاص,خدمة إلكترونية جزئيا,الأمانات والبلديات,2026/06/05,1447/12/19,1
الخدمات الرقمية,عام,القطاع العام,خدمة إلكترونية,المطالبات والمحاكم,2026/06/06,1447/12/20,"2,316"
الخدمات الرقمية,عام,القطاع العام,خدمة إلكترونية,العقارات,2026/06/06,1447/12/20,"1,750"
الخدمات الرقمية,عام,القطاع العام,خدمة إلكترونية,الجوازات,2026/06/06,1447/12/20,"1,089"
الخدمات الرقمية,عام,القطاع العام,خدمة إلكترونية,السيارات,2026/06/06,1447/12/20,"1,066"
الخدمات الرقمية,عام,القطاع العام,خدمة إلكترونية,البنوك والمصارف,2026/06/06,1447/12/20,693
الخدمات الرقمية,عام,القطاع العام,خدمة إلكترونية,الوزارات الحكومية,2026/06/06,1447/12/20,454
الخدمات الرقمية,عام,القطاع العام,خدمة إلكترونية,المرور,2026/06/06,1447/12/20,369
الخدمات الرقمية,عام,القطاع العام,خدمة إلكترونية,السجلات التجارية,2026/06/06,1447/12/20,270
الخدمات الرقمية,عام,القطاع العام,خدمة إلكترونية,الشركات والمؤسسات الأهلية,2026/06/06,1447/12/20,253
الخدمات الرقمية,عام,القطاع العام,خدمة إلكترونية,وكالة خارج المملكة العربية السعودية فقط,2026/06/06,1447/12/20,239
الخدمات الرقمية,عام,القطاع العام,خدمة إلكترونية,الجهات الأمنية,2026/06/06,1447/12/20,196
الخدمات الرقمية,عام,القطاع العام,خدمة إلكترونية,وزارة الموارد البشرية والتنمية الاجتماعية,2026/06/06,1447/12/20,159
الخدمات الرقمية,عام,القطاع العام,خدمة إلكترونية,الأمانات والبلديات,2026/06/06,1447/12/20,151
الخدمات الرقمية,عام,القطاع العام,خدمة إلكترونية,شركات الاتصالات,2026/06/06,1447/12/20,115
الخدمات الرقمية,عام,القطاع العام,خدمة إلكترونية,إدارة الأحوال المدنية,2026/06/06,1447/12/20,109
الخدمات الرقمية,عام,القطاع العام,خدمة إلكترونية,الرواتب والمستحقات,2026/06/06,1447/12/20,97
الخدمات الرقمية,عام,القطاع العام,خدمة إلكترونية,طلب الخدمات,2026/06/06,1447/12/20,89
الخدمات الرقمية,عام,القطاع العام,خدمة إلكترونية,شبكة إيجار الإلكترونية,2026/06/06,1447/12/20,83
الخدمات الرقمية,عام,القطاع العام,خدمة إلكترونية,الجهات التعليمية,2026/06/06,1447/12/20,78
منطقة الرياض,الرياض,القطاع الخاص,خدمة إلكترونية جزئيا,المطالبات والمحاكم,2026/06/06,1447/12/20,64
الخدمات الرقمية,عام,القطاع العام,خدمة إلكترونية,الهيئات الحكومية,2026/06/06,1447/12/20,56
الخدمات الرقمية,عام,القطاع العام,خدمة إلكترونية,شركة الكهرباء,2026/06/06,1447/12/20,54
الخدمات الرقمية,عام,القطاع العام,خدمة إلكترونية,الشركات,2026/06/06,1447/12/20,52
الخدمات الرقمية,عام,القطاع العام,خدمة إلكترونية,النكاح,2026/06/06,1447/12/20,42
الخدمات الرقمية,عام,القطاع العام,خدمة إلكترونية,مكتب الإستقدام,2026/06/06,1447/12/20,36
الخدمات الرقمية,عام,القطاع العام,خدمة إلكترونية,شركة المياه,2026/06/06,1447/12/20,35
منطقة مكة المكرمه,مكة المكرمة,القطاع الخاص,خدمة إلكترونية جزئيا,المطالبات والمحاكم,2026/06/06,1447/12/20,34
منطقة الرياض,الرياض,القطاع الخاص,خدمة إلكترونية جزئيا,العقارات,2026/06/06,1447/12/20,32
منطقة مكة المكرمه,جده,القطاع الخاص,خدمة إلكترونية جزئيا,المطالبات والمحاكم,2026/06/06,1447/12/20,31
الخدمات الرقمية,عام,القطاع العام,خدمة إلكترونية,صندوق التنمية العقارية,2026/06/06,1447/12/20,29
الخدمات الرقمية,عام,القطاع العام,خدمة إلكترونية,إثباتات المحاكم,2026/06/06,1447/12/20,28
الخدمات الرقمية,عام,القطاع العام,خدمة إلكترونية,المنح الزراعية,2026/06/06,1447/12/20,24
منطقة مكة المكرمه,الطائف,القطاع الخاص,خدمة إلكترونية جزئيا,المطالبات والمحاكم,2026/06/06,1447/12/20,21
الخدمات الرقمية,عام,القطاع العام,خدمة إلكترونية,التعويضات والمساعدات,2026/06/06,1447/12/20,20
الخدمات الرقمية,عام,القطاع العام,خدمة إلكترونية,المنح السكنية,2026/06/06,1447/12/20,20
الخدمات الرقمية,عام,القطاع العام,خدمة إلكترونية,المؤسسات الحكومية,2026/06/06,1447/12/20,17
الخدمات الرقمية,عام,القطاع العام,خدمة إلكترونية,هيئة الزكاة والضريبة والجمارك,2026/06/06,1447/12/20,17
الخدمات الرقمية,عام,القطاع العام,خدمة إلكترونية,الحالات الاجتماعية,2026/06/06,1447/12/20,15
الخدمات الرقمية,عام,القطاع العام,خدمة إلكترونية,العوائد السنوية,2026/06/06,1447/12/20,15
منطقة مكة المكرمه,مكة المكرمة,القطاع الخاص,خدمة إلكترونية جزئيا,العقارات,2026/06/06,1447/12/20,15
الخدمات الرقمية,عام,القطاع العام,خدمة إلكترونية,استقدام العمالة,2026/06/06,1447/12/20,11
منطقة الرياض,الرياض,القطاع الخاص,خدمة إلكترونية جزئيا,وكالة خارج المملكة العربية السعودية فقط,2026/06/06,1447/12/20,11
الخدمات الرقمية,كتابة عدل مدمجة - افتراضية,القطاع العام,خدمة إلكترونية جزئيا,العقارات,2026/06/06,1447/12/20,10
منطقة الرياض,الرياض,القطاع الخاص,خدمة إلكترونية جزئيا,النكاح,2026/06/06,1447/12/20,9
منطقة الشرقية,الجبيل,القطاع الخاص,خدمة إلكترونية جزئيا,وكالة خارج المملكة العربية السعودية فقط,2026/06/06,1447/12/20,9
منطقة مكة المكرمه,جده,القطاع الخاص,خدمة إلكترونية جزئيا,العقارات,2026/06/06,1447/12/20,9
الخدمات الرقمية,عام,القطاع العام,خدمة إلكترونية,بنك التنمية الاجتماعية,2026/06/06,1447/12/20,8
منطقة الشرقية,الدمام,القطاع الخاص,خدمة إلكترونية جزئيا,المطالبات والمحاكم,2026/06/06,1447/12/20,8
الخدمات الرقمية,عام,القطاع العام,خدمة إلكترونية,التوكيل على الإقرارات,2026/06/06,1447/12/20,7
الخدمات الرقمية,عام,القطاع العام,خدمة إلكترونية,الضمان الاجتماعي,2026/06/06,1447/12/20,7
الخدمات الرقمية,كتابة عدل مدمجة - افتراضية,القطاع العام,خدمة إلكترونية جزئيا,المطالبات والمحاكم,2026/06/06,1447/12/20,7
منطقة الشرقية,الخبر,القطاع الخاص,خدمة إلكترونية جزئيا,وكالة خارج المملكة العربية السعودية فقط,2026/06/06,1447/12/20,7
منطقة مكة المكرمه,جده,القطاع الخاص,خدمة إلكترونية جزئيا,الوزارات الحكومية,2026/06/06,1447/12/20,7
منطقة مكة المكرمه,جده,القطاع الخاص,خدمة إلكترونية جزئيا,وكالة خارج المملكة العربية السعودية فقط,2026/06/06,1447/12/20,7
الخدمات الرقمية,عام,القطاع العام,خدمة إلكترونية,البنك السعودي للتسليف والإدخار,2026/06/06,1447/12/20,6
منطقة مكة المكرمه,جده,القطاع الخاص,خدمة إلكترونية جزئيا,البنوك والمصارف,2026/06/06,1447/12/20,6
منطقة مكة المكرمه,مكة المكرمة,القطاع الخاص,خدمة إلكترونية جزئيا,وكالة خارج المملكة العربية السعودية فقط,2026/06/06,1447/12/20,6
الخدمات الرقمية,كتابة عدل مدمجة - افتراضية,القطاع العام,خدمة إلكترونية جزئيا,البنوك والمصارف,2026/06/06,1447/12/20,5
منطقة الرياض,الدلم,القطاع الخاص,خدمة إلكترونية جزئيا,المطالبات والمحاكم,2026/06/06,1447/12/20,5
منطقة الرياض,الرياض,القطاع الخاص,خدمة إلكترونية جزئيا,شبكة إيجار الإلكترونية,2026/06/06,1447/12/20,5
منطقة الشرقية,الخبر,القطاع الخاص,خدمة إلكترونية جزئيا,الشركات,2026/06/06,1447/12/20,5
منطقة مكة المكرمه,جده,القطاع الخاص,خدمة إلكترونية جزئيا,الجوازات,2026/06/06,1447/12/20,5
منطقة الرياض,الرياض,القطاع الخاص,خدمة إلكترونية جزئيا,السجلات التجارية,2026/06/06,1447/12/20,4
منطقة الشرقية,الخبر,القطاع الخاص,خدمة إلكترونية جزئيا,السجلات التجارية,2026/06/06,1447/12/20,4
منطقة الشرقية,الخبر,القطاع الخاص,خدمة إلكترونية جزئيا,المطالبات والمحاكم,2026/06/06,1447/12/20,4
منطقة المدينة المنوره,المدينة المنورة,القطاع الخاص,خدمة إلكترونية جزئيا,المطالبات والمحاكم,2026/06/06,1447/12/20,4
منطقة تبوك,تبوك,القطاع الخاص,خدمة إلكترونية جزئيا,المطالبات والمحاكم,2026/06/06,1447/12/20,4
منطقة جازان,احد المسارحه,القطاع الخاص,خدمة إلكترونية جزئيا,المطالبات والمحاكم,2026/06/06,1447/12/20,4
منطقة مكة المكرمه,الطائف,القطاع الخاص,خدمة إلكترونية جزئيا,الأمانات والبلديات,2026/06/06,1447/12/20,4
منطقة مكة المكرمه,جده,القطاع الخاص,خدمة إلكترونية جزئيا,السيارات,2026/06/06,1447/12/20,4
الخدمات الرقمية,عام,القطاع العام,خدمة إلكترونية,إنهائات المحاكم,2026/06/06,1447/12/20,3
الخدمات الرقمية,عام,القطاع العام,خدمة إلكترونية,فسخ الوكالات,2026/06/06,1447/12/20,3
الخدمات الرقمية,عام,القطاع العام,خدمة إلكترونية,مكافآت الجامعات والمعاهد,2026/06/06,1447/12/20,3
منطقة الرياض,الرياض,القطاع الخاص,خدمة إلكترونية جزئيا,الشركات والمؤسسات الأهلية,2026/06/06,1447/12/20,3
منطقة الرياض,الرياض,القطاع الخاص,خدمة إلكترونية جزئيا,وزارة الموارد البشرية والتنمية الاجتماعية,2026/06/06,1447/12/20,3
منطقة المدينة المنوره,المدينة المنورة,القطاع الخاص,خدمة إلكترونية جزئيا,السيارات,2026/06/06,1447/12/20,3
منطقة عسير,خميس مشيط,القطاع الخاص,خدمة إلكترونية جزئيا,المطالبات والمحاكم,2026/06/06,1447/12/20,3
منطقة مكة المكرمه,جده,القطاع الخاص,خدمة إلكترونية جزئيا,الهيئات الحكومية,2026/06/06,1447/12/20,3
الخدمات الرقمية,عام,القطاع العام,خدمة إلكترونية,التنازل عن كامل الإرث,2026/06/06,1447/12/20,2
الخدمات الرقمية,كتابة عدل مدمجة - افتراضية,القطاع العام,خدمة إلكترونية جزئيا,الجهات التعليمية,2026/06/06,1447/12/20,2
الخدمات الرقمية,كتابة عدل مدمجة - افتراضية,القطاع العام,خدمة إلكترونية جزئيا,شبكة إيجار الإلكترونية,2026/06/06,1447/12/20,2
منطقة الرياض,الخرج,القطاع الخاص,خدمة إلكترونية جزئيا,المطالبات والمحاكم,2026/06/06,1447/12/20,2
منطقة الرياض,الرياض,القطاع الخاص,خدمة إلكترونية جزئيا,البنوك والمصارف,2026/06/06,1447/12/20,2
منطقة الشرقية,الاحساء,القطاع الخاص,خدمة إلكترونية جزئيا,المطالبات والمحاكم,2026/06/06,1447/12/20,2
منطقة الشرقية,القطيف,القطاع الخاص,خدمة إلكترونية جزئيا,العقارات,2026/06/06,1447/12/20,2
منطقة الشرقية,القطيف,القطاع الخاص,خدمة إلكترونية جزئيا,المطالبات والمحاكم,2026/06/06,1447/12/20,2
منطقة الشرقية,حفر الباطن,القطاع الخاص,خدمة إلكترونية جزئيا,المطالبات والمحاكم,2026/06/06,1447/12/20,2
منطقة القصيم,البدائع,القطاع الخاص,خدمة إلكترونية جزئيا,المطالبات والمحاكم,2026/06/06,1447/12/20,2
منطقة المدينة المنوره,المدينة المنورة,القطاع الخاص,خدمة إلكترونية جزئيا,العقارات,2026/06/06,1447/12/20,2
منطقة جازان,جيزان,القطاع الخاص,خدمة إلكترونية جزئيا,شبكة إيجار الإلكترونية,2026/06/06,1447/12/20,2
منطقة عسير,ابها,القطاع الخاص,خدمة إلكترونية جزئيا,المطالبات والمحاكم,2026/06/06,1447/12/20,2
منطقة عسير,محايل عسير,القطاع الخاص,خدمة إلكترونية جزئيا,المطالبات والمحاكم,2026/06/06,1447/12/20,2
منطقة مكة المكرمه,جده,القطاع الخاص,خدمة إلكترونية جزئيا,شبكة إيجار الإلكترونية,2026/06/06,1447/12/20,2
منطقة مكة المكرمه,مكة المكرمة,القطاع الخاص,خدمة إلكترونية جزئيا,السيارات,2026/06/06,1447/12/20,2
الخدمات الرقمية,عام,القطاع العام,خدمة إلكترونية,أذونات المحاكم,2026/06/06,1447/12/20,1
الخدمات الرقمية,عام,القطاع العام,خدمة إلكترونية,البريد,2026/06/06,1447/12/20,1
الخدمات الرقمية,عام,القطاع العام,خدمة إلكترونية,الرئاسات الحكومية,2026/06/06,1447/12/20,1
الخدمات الرقمية,عام,القطاع العام,خدمة إلكترونية,تصاريح القوارب والصيد,2026/06/06,1447/12/20,1
الخدمات الرقمية,عام,القطاع العام,خدمة إلكترونية جزئيا,العقارات,2026/06/06,1447/12/20,1
الخدمات الرقمية,عام,القطاع العام,خدمة إلكترونية جزئيا,المرور,2026/06/06,1447/12/20,1
الخدمات الرقمية,كتابة عدل مدمجة - افتراضية,القطاع العام,خدمة إلكترونية جزئيا,الجهات الأمنية,2026/06/06,1447/12/20,1
الخدمات الرقمية,كتابة عدل مدمجة - افتراضية,القطاع العام,خدمة إلكترونية جزئيا,الرواتب والمستحقات,2026/06/06,1447/12/20,1
الخدمات الرقمية,كتابة عدل مدمجة - افتراضية,القطاع العام,خدمة إلكترونية جزئيا,السجلات التجارية,2026/06/06,1447/12/20,1
الخدمات الرقمية,كتابة عدل مدمجة - افتراضية,القطاع العام,خدمة إلكترونية جزئيا,السيارات,2026/06/06,1447/12/20,1
الخدمات الرقمية,كتابة عدل مدمجة - افتراضية,القطاع العام,خدمة إلكترونية جزئيا,الشركات والمؤسسات الأهلية,2026/06/06,1447/12/20,1
الخدمات الرقمية,كتابة عدل مدمجة - افتراضية,القطاع العام,خدمة إلكترونية جزئيا,النكاح,2026/06/06,1447/12/20,1
الخدمات الرقمية,كتابة عدل مدمجة - افتراضية,القطاع العام,خدمة إلكترونية جزئيا,شركة الكهرباء,2026/06/06,1447/12/20,1
منطقة الرياض,الدرعيه,القطاع الخاص,خدمة إلكترونية جزئيا,العقارات,2026/06/06,1447/12/20,1
منطقة الرياض,الرياض,القطاع الخاص,خدمة إلكترونية جزئيا,الهيئات الحكومية,2026/06/06,1447/12/20,1
منطقة الرياض,الرياض,القطاع العام,خدمة إلكترونية جزئيا,العقارات,2026/06/06,1447/12/20,1
منطقة الرياض,عرقه,القطاع الخاص,خدمة إلكترونية جزئيا,الجوازات,2026/06/06,1447/12/20,1
منطقة الشرقية,الدمام,القطاع الخاص,خدمة إلكترونية جزئيا,السيارات,2026/06/06,1447/12/20,1
منطقة الشرقية,رأس تنوره,القطاع الخاص,خدمة إلكترونية جزئيا,العقارات,2026/06/06,1447/12/20,1
منطقة القصيم,بريده,القطاع الخاص,خدمة إلكترونية جزئيا,البنوك والمصارف,2026/06/06,1447/12/20,1
منطقة القصيم,عنيزه,القطاع الخاص,خدمة إلكترونية جزئيا,العقارات,2026/06/06,1447/12/20,1
منطقة القصيم,عنيزه,القطاع الخاص,خدمة إلكترونية جزئيا,المطالبات والمحاكم,2026/06/06,1447/12/20,1
منطقة المدينة المنوره,المدينة المنورة,القطاع الخاص,خدمة إلكترونية جزئيا,وكالة خارج المملكة العربية السعودية فقط,2026/06/06,1447/12/20,1
منطقة المدينة المنوره,المهد,القطاع الخاص,خدمة إلكترونية جزئيا,المطالبات والمحاكم,2026/06/06,1447/12/20,1
منطقة حائل,حائل,القطاع الخاص,خدمة إلكترونية جزئيا,المطالبات والمحاكم,2026/06/06,1447/12/20,1
منطقة عسير,ابها,القطاع الخاص,خدمة إلكترونية جزئيا,شبكة إيجار الإلكترونية,2026/06/06,1447/12/20,1
منطقة عسير,بيشه,القطاع الخاص,خدمة إلكترونية جزئيا,المطالبات والمحاكم,2026/06/06,1447/12/20,1
منطقة عسير,خميس مشيط,القطاع الخاص,خدمة إلكترونية جزئيا,العقارات,2026/06/06,1447/12/20,1
منطقة مكة المكرمه,جده,القطاع الخاص,خدمة إلكترونية جزئيا,السجلات التجارية,2026/06/06,1447/12/20,1
منطقة مكة المكرمه,مكة المكرمة,القطاع الخاص,خدمة إلكترونية جزئيا,الأمانات والبلديات,2026/06/06,1447/12/20,1
منطقة مكة المكرمه,مكة المكرمة,القطاع الخاص,خدمة إلكترونية جزئيا,البنوك والمصارف,2026/06/06,1447/12/20,1
منطقة مكة المكرمه,مكة المكرمة,القطاع الخاص,خدمة إلكترونية جزئيا,الشركات,2026/06/06,1447/12/20,1
الخدمات الرقمية,عام,القطاع العام,خدمة إلكترونية,المطالبات والمحاكم,2026/06/07,1447/12/21,"5,339"
الخدمات الرقمية,عام,القطاع العام,خدمة إلكترونية,العقارات,2026/06/07,1447/12/21,"2,559"
الخدمات الرقمية,عام,القطاع العام,خدمة إلكترونية,الجوازات,2026/06/07,1447/12/21,"1,734"
الخدمات الرقمية,عام,القطاع العام,خدمة إلكترونية,السيارات,2026/06/07,1447/12/21,"1,679"
الخدمات الرقمية,عام,القطاع العام,خدمة إلكترونية,البنوك والمصارف,2026/06/07,1447/12/21,"1,524"
الخدمات الرقمية,عام,القطاع العام,خدمة إلكترونية,الوزارات الحكومية,2026/06/07,1447/12/21,897
الخدمات الرقمية,عام,القطاع العام,خدمة إلكترونية,المرور,2026/06/07,1447/12/21,660
الخدمات الرقمية,عام,القطاع العام,خدمة إلكترونية,السجلات التجارية,2026/06/07,1447/12/21,438
الخدمات الرقمية,عام,القطاع العام,خدمة إلكترونية,الشركات والمؤسسات الأهلية,2026/06/07,1447/12/21,425
الخدمات الرقمية,عام,القطاع العام,خدمة إلكترونية,الجهات الأمنية,2026/06/07,1447/12/21,364
الخدمات الرقمية,عام,القطاع العام,خدمة إلكترونية,وكالة خارج المملكة العربية السعودية فقط,2026/06/07,1447/12/21,359
الخدمات الرقمية,عام,القطاع العام,خدمة إلكترونية,وزارة الموارد البشرية والتنمية الاجتماعية,2026/06/07,1447/12/21,340
الخدمات الرقمية,عام,القطاع العام,خدمة إلكترونية,الأمانات والبلديات,2026/06/07,1447/12/21,302
الخدمات الرقمية,عام,القطاع العام,خدمة إلكترونية,إدارة الأحوال المدنية,2026/06/07,1447/12/21,261
منطقة الرياض,الرياض,القطاع الخاص,خدمة إلكترونية جزئيا,المطالبات والمحاكم,2026/06/07,1447/12/21,232
الخدمات الرقمية,عام,القطاع العام,خدمة إلكترونية,طلب الخدمات,2026/06/07,1447/12/21,199
الخدمات الرقمية,كتابة عدل مدمجة - افتراضية,القطاع العام,خدمة إلكترونية جزئيا,المطالبات والمحاكم,2026/06/07,1447/12/21,187
منطقة الرياض,الرياض,القطاع العام,خدمة إلكترونية جزئيا,المطالبات والمحاكم,2026/06/07,1447/12/21,181
الخدمات الرقمية,عام,القطاع العام,خدمة إلكترونية,الهيئات الحكومية,2026/06/07,1447/12/21,172
الخدمات الرقمية,عام,القطاع العام,خدمة إلكترونية,شركات الاتصالات,2026/06/07,1447/12/21,157
منطقة الرياض,الرياض,القطاع الخاص,خدمة إلكترونية جزئيا,العقارات,2026/06/07,1447/12/21,148
الخدمات الرقمية,عام,القطاع العام,خدمة إلكترونية,الجهات التعليمية,2026/06/07,1447/12/21,145
الخدمات الرقمية,عام,القطاع العام,خدمة إلكترونية,شبكة إيجار الإلكترونية,2026/06/07,1447/12/21,129
الخدمات الرقمية,عام,القطاع العام,خدمة إلكترونية,الشركات,2026/06/07,1447/12/21,121
منطقة مكة المكرمه,جده,القطاع الخاص,خدمة إلكترونية جزئيا,المطالبات والمحاكم,2026/06/07,1447/12/21,117
الخدمات الرقمية,عام,القطاع العام,خدمة إلكترونية,الرواتب والمستحقات,2026/06/07,1447/12/21,115
الخدمات الرقمية,عام,القطاع العام,خدمة إلكترونية,شركة الكهرباء,2026/06/07,1447/12/21,110
الخدمات الرقمية,عام,القطاع العام,خدمة إلكترونية,شركة المياه,2026/06/07,1447/12/21,70
منطقة الرياض,الرياض,القطاع العام,خدمة إلكترونية جزئيا,تصديق الوكالات الخارجية,2026/06/07,1447/12/21,70
منطقة مكة المكرمه,مكة المكرمة,القطاع الخاص,خدمة إلكترونية جزئيا,المطالبات والمحاكم,2026/06/07,1447/12/21,68
الخدمات الرقمية,كتابة عدل مدمجة - افتراضية,القطاع العام,خدمة إلكترونية جزئيا,العقارات,2026/06/07,1447/12/21,63
الخدمات الرقمية,عام,القطاع العام,خدمة إلكترونية,مكتب الإستقدام,2026/06/07,1447/12/21,61
الخدمات الرقمية,عام,القطاع العام,خدمة إلكترونية,المؤسسات الحكومية,2026/06/07,1447/12/21,59
الخدمات الرقمية,عام,القطاع العام,خدمة إلكترونية,النكاح,2026/06/07,1447/12/21,59
الخدمات الرقمية,كتابة عدل مدمجة - افتراضية,القطاع العام,خدمة إلكترونية جزئيا,البنوك والمصارف,2026/06/07,1447/12/21,56
الخدمات الرقمية,عام,القطاع العام,خدمة إلكترونية,صندوق التنمية العقارية,2026/06/07,1447/12/21,53
منطقة الرياض,الرياض,القطاع العام,خدمة إلكترونية جزئيا,الجهات الأمنية,2026/06/07,1447/12/21,53
منطقة مكة المكرمه,جده,القطاع الخاص,خدمة إلكترونية جزئيا,العقارات,2026/06/07,1447/12/21,52
منطقة مكة المكرمه,جده,القطاع الخاص,خدمة إلكترونية جزئيا,وكالة خارج المملكة العربية السعودية فقط,2026/06/07,1447/12/21,52
الخدمات الرقمية,عام,القطاع العام,خدمة إلكترونية,التعويضات والمساعدات,2026/06/07,1447/12/21,48
الخدمات الرقمية,عام,القطاع العام,خدمة إلكترونية,إثباتات المحاكم,2026/06/07,1447/12/21,43
الخدمات الرقمية,عام,القطاع العام,خدمة إلكترونية,هيئة الزكاة والضريبة والجمارك,2026/06/07,1447/12/21,43
منطقة الرياض,الرياض,القطاع العام,خدمة إلكترونية جزئيا,البنوك والمصارف,2026/06/07,1447/12/21,42
منطقة المدينة المنوره,المدينة المنورة,القطاع الخاص,خدمة إلكترونية جزئيا,المطالبات والمحاكم,2026/06/07,1447/12/21,39
منطقة الرياض,الرياض,القطاع الخاص,خدمة إلكترونية جزئيا,السجلات التجارية,2026/06/07,1447/12/21,38
منطقة مكة المكرمه,جده,القطاع العام,خدمة إلكترونية جزئيا,تصديق الوكالات الخارجية,2026/06/07,1447/12/21,38
الخدمات الرقمية,عام,القطاع العام,خدمة إلكترونية,المنح السكنية,2026/06/07,1447/12/21,36
الخدمات الرقمية,عام,القطاع العام,خدمة إلكترونية,المنح الزراعية,2026/06/07,1447/12/21,33
منطقة الرياض,الرياض,القطاع الخاص,خدمة إلكترونية جزئيا,وكالة خارج المملكة العربية السعودية فقط,2026/06/07,1447/12/21,33
منطقة مكة المكرمه,مكة المكرمة,القطاع الخاص,خدمة إلكترونية جزئيا,العقارات,2026/06/07,1447/12/21,28
منطقة مكة المكرمه,الطائف,القطاع الخاص,خدمة إلكترونية جزئيا,المطالبات والمحاكم,2026/06/07,1447/12/21,27
منطقة الرياض,الرياض,القطاع الخاص,خدمة إلكترونية جزئيا,الشركات,2026/06/07,1447/12/21,23
منطقة مكة المكرمه,جده,القطاع العام,خدمة إلكترونية جزئيا,المطالبات والمحاكم,2026/06/07,1447/12/21,22
الخدمات الرقمية,كتابة عدل مدمجة - افتراضية,القطاع العام,خدمة إلكترونية جزئيا,شبكة إيجار الإلكترونية,2026/06/07,1447/12/21,21
منطقة الرياض,الرياض,القطاع الخاص,خدمة إلكترونية جزئيا,البنوك والمصارف,2026/06/07,1447/12/21,21
منطقة الرياض,الرياض,القطاع الخاص,خدمة إلكترونية جزئيا,شبكة إيجار الإلكترونية,2026/06/07,1447/12/21,21
منطقة الشرقية,الدمام,القطاع العام,خدمة إلكترونية جزئيا,تصديق الوكالات الخارجية,2026/06/07,1447/12/21,20
الخدمات الرقمية,عام,القطاع العام,خدمة إلكترونية,العوائد السنوية,2026/06/07,1447/12/21,19
منطقة الرياض,الرياض,القطاع العام,خدمة إلكترونية جزئيا,الوزارات الحكومية,2026/06/07,1447/12/21,19
منطقة القصيم,بريده,القطاع الخاص,خدمة إلكترونية جزئيا,المطالبات والمحاكم,2026/06/07,1447/12/21,19
منطقة الرياض,الرياض,القطاع الخاص,خدمة إلكترونية جزئيا,الأمانات والبلديات,2026/06/07,1447/12/21,17
منطقة الرياض,الرياض,القطاع العام,خدمة إلكترونية جزئيا,العقارات,2026/06/07,1447/12/21,17
الخدمات الرقمية,عام,القطاع العام,خدمة إلكترونية,الحالات الاجتماعية,2026/06/07,1447/12/21,16
منطقة الشرقية,الدمام,القطاع الخاص,خدمة إلكترونية جزئيا,المطالبات والمحاكم,2026/06/07,1447/12/21,16
الخدمات الرقمية,عام,القطاع العام,خدمة إلكترونية,بنك التنمية الاجتماعية,2026/06/07,1447/12/21,14
الخدمات الرقمية,عام,القطاع العام,خدمة إلكترونية جزئيا,المطالبات والمحاكم,2026/06/07,1447/12/21,14
منطقة الرياض,الرياض,القطاع العام,خدمة إلكترونية جزئيا,إدارة الأحوال المدنية,2026/06/07,1447/12/21,14
منطقة الشرقية,الدمام,القطاع الخاص,خدمة إلكترونية جزئيا,العقارات,2026/06/07,1447/12/21,14
منطقة الشرقية,الدمام,القطاع العام,خدمة إلكترونية جزئيا,المطالبات والمحاكم,2026/06/07,1447/12/21,14
منطقة حائل,حائل,القطاع الخاص,خدمة إلكترونية جزئيا,العقارات,2026/06/07,1447/12/21,14
منطقة مكة المكرمه,جده,القطاع الخاص,خدمة إلكترونية جزئيا,الوزارات الحكومية,2026/06/07,1447/12/21,14
منطقة الرياض,الرياض,القطاع العام,خدمة إلكترونية جزئيا,الجوازات,2026/06/07,1447/12/21,13
منطقة مكة المكرمه,جده,القطاع الخاص,خدمة إلكترونية جزئيا,السجلات التجارية,2026/06/07,1447/12/21,13
الخدمات الرقمية,عام,القطاع العام,خدمة إلكترونية,استقدام العمالة,2026/06/07,1447/12/21,12
الخدمات الرقمية,عام,القطاع العام,خدمة إلكترونية,الضمان الاجتماعي,2026/06/07,1447/12/21,12
الخدمات الرقمية,عام,القطاع العام,خدمة إلكترونية,إنهائات المحاكم,2026/06/07,1447/12/21,11
الخدمات الرقمية,كتابة عدل مدمجة - افتراضية,القطاع العام,خدمة إلكترونية جزئيا,الوزارات الحكومية,2026/06/07,1447/12/21,11
منطقة الرياض,الدرعيه,القطاع الخاص,خدمة إلكترونية جزئيا,المطالبات والمحاكم,2026/06/07,1447/12/21,11
منطقة الرياض,الدلم,القطاع الخاص,خدمة إلكترونية جزئيا,المطالبات والمحاكم,2026/06/07,1447/12/21,11
منطقة الرياض,الرياض,القطاع العام,خدمة إلكترونية جزئيا,شركات الاتصالات,2026/06/07,1447/12/21,11
منطقة الشرقية,الدمام,القطاع الخاص,خدمة إلكترونية جزئيا,السجلات التجارية,2026/06/07,1447/12/21,11
منطقة مكة المكرمه,جده,القطاع الخاص,خدمة إلكترونية جزئيا,الجهات الأمنية,2026/06/07,1447/12/21,11
منطقة مكة المكرمه,مكة المكرمة,القطاع الخاص,خدمة إلكترونية جزئيا,السيارات,2026/06/07,1447/12/21,11
الخدمات الرقمية,عام,القطاع العام,خدمة إلكترونية,التنازل عن كامل الإرث,2026/06/07,1447/12/21,10
الخدمات الرقمية,كتابة عدل مدمجة - افتراضية,القطاع العام,خدمة إلكترونية جزئيا,الجهات التعليمية,2026/06/07,1447/12/21,10
الخدمات الرقمية,كتابة عدل مدمجة - افتراضية,القطاع العام,خدمة إلكترونية جزئيا,السيارات,2026/06/07,1447/12/21,10
الخدمات الرقمية,كتابة عدل مدمجة - افتراضية,القطاع العام,خدمة إلكترونية جزئيا,الشركات,2026/06/07,1447/12/21,10
منطقة الرياض,الرياض,القطاع الخاص,خدمة إلكترونية جزئيا,الوزارات الحكومية,2026/06/07,1447/12/21,10
منطقة الرياض,الرياض,القطاع العام,خدمة إلكترونية جزئيا,النكاح,2026/06/07,1447/12/21,10
منطقة مكة المكرمه,جده,القطاع العام,خدمة إلكترونية جزئيا,البنوك والمصارف,2026/06/07,1447/12/21,10
منطقة مكة المكرمه,مكة المكرمة,القطاع الخاص,خدمة إلكترونية جزئيا,السجلات التجارية,2026/06/07,1447/12/21,10
الخدمات الرقمية,عام,القطاع العام,خدمة إلكترونية,البنك السعودي للتسليف والإدخار,2026/06/07,1447/12/21,9
منطقة الشرقية,الاحساء,القطاع الخاص,خدمة إلكترونية جزئيا,المطالبات والمحاكم,2026/06/07,1447/12/21,9
منطقة الشرقية,الخبر,القطاع الخاص,خدمة إلكترونية جزئيا,المطالبات والمحاكم,2026/06/07,1447/12/21,9
منطقة القصيم,البدائع,القطاع الخاص,خدمة إلكترونية جزئيا,العقارات,2026/06/07,1447/12/21,9
منطقة عسير,خميس مشيط,القطاع الخاص,خدمة إلكترونية جزئيا,المطالبات والمحاكم,2026/06/07,1447/12/21,9
منطقة مكة المكرمه,مكة المكرمة,القطاع الخاص,خدمة إلكترونية جزئيا,الوزارات الحكومية,2026/06/07,1447/12/21,9
الخدمات الرقمية,عام,القطاع العام,خدمة إلكترونية جزئيا,البنوك والمصارف,2026/06/07,1447/12/21,8
الخدمات الرقمية,عام,القطاع العام,خدمة إلكترونية جزئيا,العقارات,2026/06/07,1447/12/21,8
منطقة مكة المكرمه,مكة المكرمة,القطاع الخاص,خدمة إلكترونية جزئيا,البنوك والمصارف,2026/06/07,1447/12/21,8
الخدمات الرقمية,عام,القطاع العام,خدمة إلكترونية,التوكيل على الإقرارات,2026/06/07,1447/12/21,7
منطقة الحدود الشمالية,عرعر,القطاع العام,خدمة إلكترونية جزئيا,تصديق الوكالات الخارجية,2026/06/07,1447/12/21,7
منطقة الرياض,الدرعيه,القطاع الخاص,خدمة إلكترونية جزئيا,وكالة خارج المملكة العربية السعودية فقط,2026/06/07,1447/12/21,7
منطقة الرياض,الرياض,القطاع العام,خدمة إلكترونية جزئيا,السيارات,2026/06/07,1447/12/21,7
منطقة مكة المكرمه,جده,القطاع الخاص,خدمة إلكترونية جزئيا,البنوك والمصارف,2026/06/07,1447/12/21,7
الخدمات الرقمية,كتابة عدل مدمجة - افتراضية,القطاع العام,خدمة إلكترونية جزئيا,الرواتب والمستحقات,2026/06/07,1447/12/21,6
الخدمات الرقمية,كتابة عدل مدمجة - افتراضية,القطاع العام,خدمة إلكترونية جزئيا,السجلات التجارية,2026/06/07,1447/12/21,6
الخدمات الرقمية,كتابة عدل مدمجة - افتراضية,القطاع العام,خدمة إلكترونية جزئيا,الشركات والمؤسسات الأهلية,2026/06/07,1447/12/21,6
منطقة الحدود الشمالية,عرعر,القطاع الخاص,خدمة إلكترونية جزئيا,المطالبات والمحاكم,2026/06/07,1447/12/21,6
منطقة الشرقية,القطيف,القطاع الخاص,خدمة إلكترونية جزئيا,العقارات,2026/06/07,1447/12/21,6
منطقة جازان,احد المسارحه,القطاع الخاص,خدمة إلكترونية جزئيا,السيارات,2026/06/07,1447/12/21,6
منطقة عسير,ابها,القطاع الخاص,خدمة إلكترونية جزئيا,العقارات,2026/06/07,1447/12/21,6
منطقة مكة المكرمه,جده,القطاع الخاص,خدمة إلكترونية جزئيا,شبكة إيجار الإلكترونية,2026/06/07,1447/12/21,6
منطقة مكة المكرمه,جده,القطاع العام,خدمة إلكترونية جزئيا,العقارات,2026/06/07,1447/12/21,6
الخدمات الرقمية,عام,القطاع العام,خدمة إلكترونية,تصاريح القوارب والصيد,2026/06/07,1447/12/21,5
الخدمات الرقمية,كتابة عدل مدمجة - افتراضية,القطاع العام,خدمة إلكترونية جزئيا,الأمانات والبلديات,2026/06/07,1447/12/21,5
الخدمات الرقمية,كتابة عدل مدمجة - افتراضية,القطاع العام,خدمة إلكترونية جزئيا,الجهات الأمنية,2026/06/07,1447/12/21,5
الخدمات الرقمية,كتابة عدل مدمجة - افتراضية,القطاع العام,خدمة إلكترونية جزئيا,المؤسسات الحكومية,2026/06/07,1447/12/21,5
الخدمات الرقمية,كتابة عدل مدمجة - افتراضية,القطاع العام,خدمة إلكترونية جزئيا,الهيئات الحكومية,2026/06/07,1447/12/21,5
منطقة الرياض,الرياض,القطاع الخاص,خدمة إلكترونية جزئيا,المرور,2026/06/07,1447/12/21,5
منطقة الرياض,الرياض,القطاع العام,خدمة إلكترونية جزئيا,السجلات التجارية,2026/06/07,1447/12/21,5
منطقة الرياض,الرياض,القطاع العام,خدمة إلكترونية جزئيا,المؤسسات الحكومية,2026/06/07,1447/12/21,5
منطقة الشرقية,الخبر,القطاع الخاص,خدمة إلكترونية جزئيا,السجلات التجارية,2026/06/07,1447/12/21,5
منطقة القصيم,عنيزه,القطاع الخاص,خدمة إلكترونية جزئيا,المطالبات والمحاكم,2026/06/07,1447/12/21,5
منطقة المدينة المنوره,المدينة المنورة,القطاع العام,خدمة إلكترونية جزئيا,تصديق الوكالات الخارجية,2026/06/07,1447/12/21,5
منطقة حائل,حائل,القطاع الخاص,خدمة إلكترونية جزئيا,المطالبات والمحاكم,2026/06/07,1447/12/21,5
منطقة عسير,ابها,القطاع الخاص,خدمة إلكترونية جزئيا,المطالبات والمحاكم,2026/06/07,1447/12/21,5
منطقة مكة المكرمه,مكة المكرمة,القطاع العام,خدمة إلكترونية جزئيا,تصديق الوكالات الخارجية,2026/06/07,1447/12/21,5
الخدمات الرقمية,عام,القطاع العام,خدمة إلكترونية,مكافآت الجامعات والمعاهد,2026/06/07,1447/12/21,4
الخدمات الرقمية,عام,القطاع العام,خدمة إلكترونية جزئيا,الرواتب والمستحقات,2026/06/07,1447/12/21,4
الخدمات الرقمية,عام,القطاع العام,خدمة إلكترونية جزئيا,السيارات,2026/06/07,1447/12/21,4
الخدمات الرقمية,كتابة عدل مدمجة - افتراضية,القطاع العام,خدمة إلكترونية جزئيا,شركة الكهرباء,2026/06/07,1447/12/21,4
منطقة الحدود الشمالية,عرعر,القطاع الخاص,خدمة إلكترونية جزئيا,وكالة خارج المملكة العربية السعودية فقط,2026/06/07,1447/12/21,4
منطقة الرياض,الدوادمي,القطاع الخاص,خدمة إلكترونية جزئيا,البنوك والمصارف,2026/06/07,1447/12/21,4
منطقة الرياض,الرياض,القطاع الخاص,خدمة إلكترونية جزئيا,الجوازات,2026/06/07,1447/12/21,4
منطقة الرياض,الرياض,القطاع الخاص,خدمة إلكترونية جزئيا,السيارات,2026/06/07,1447/12/21,4
منطقة الرياض,الرياض,القطاع الخاص,خدمة إلكترونية جزئيا,وزارة الموارد البشرية والتنمية الاجتماعية,2026/06/07,1447/12/21,4
منطقة الرياض,المزاحميه,القطاع الخاص,خدمة إلكترونية جزئيا,العقارات,2026/06/07,1447/12/21,4
منطقة الشرقية,الجبيل,القطاع الخاص,خدمة إلكترونية جزئيا,المطالبات والمحاكم,2026/06/07,1447/12/21,4
منطقة الشرقية,الدمام,القطاع الخاص,خدمة إلكترونية جزئيا,شبكة إيجار الإلكترونية,2026/06/07,1447/12/21,4
منطقة الشرقية,حفر الباطن,القطاع الخاص,خدمة إلكترونية جزئيا,المطالبات والمحاكم,2026/06/07,1447/12/21,4
منطقة الشرقية,رأس تنوره,القطاع الخاص,خدمة إلكترونية جزئيا,العقارات,2026/06/07,1447/12/21,4
منطقة القصيم,بريده,القطاع العام,خدمة إلكترونية جزئيا,المطالبات والمحاكم,2026/06/07,1447/12/21,4
منطقة القصيم,عقلة الصقور,القطاع الخاص,خدمة إلكترونية جزئيا,المطالبات والمحاكم,2026/06/07,1447/12/21,4
منطقة المدينة المنوره,المدينة المنورة,القطاع الخاص,خدمة إلكترونية جزئيا,الجوازات,2026/06/07,1447/12/21,4
منطقة المدينة المنوره,المدينة المنورة,القطاع الخاص,خدمة إلكترونية جزئيا,العقارات,2026/06/07,1447/12/21,4
منطقة تبوك,تبوك,القطاع الخاص,خدمة إلكترونية جزئيا,العقارات,2026/06/07,1447/12/21,4
منطقة جازان,احد المسارحه,القطاع الخاص,خدمة إلكترونية جزئيا,المطالبات والمحاكم,2026/06/07,1447/12/21,4
منطقة عسير,ابها,القطاع العام,خدمة إلكترونية جزئيا,تصديق الوكالات الخارجية,2026/06/07,1447/12/21,4
منطقة مكة المكرمه,الطائف,القطاع الخاص,خدمة إلكترونية جزئيا,العقارات,2026/06/07,1447/12/21,4
الخدمات الرقمية,عام,القطاع العام,خدمة إلكترونية,البريد,2026/06/07,1447/12/21,3
الخدمات الرقمية,عام,القطاع العام,خدمة إلكترونية,صندوق التنمية الزراعية,2026/06/07,1447/12/21,3
الخدمات الرقمية,عام,القطاع العام,خدمة إلكترونية جزئيا,الجوازات,2026/06/07,1447/12/21,3
الخدمات الرقمية,كتابة عدل مدمجة - افتراضية,القطاع العام,خدمة إلكترونية جزئيا,الجوازات,2026/06/07,1447/12/21,3
منطقة الجوف,سكاكا,القطاع الخاص,خدمة إلكترونية جزئيا,المطالبات والمحاكم,2026/06/07,1447/12/21,3
منطقة الرياض,الخرج,القطاع الخاص,خدمة إلكترونية جزئيا,العقارات,2026/06/07,1447/12/21,3
منطقة الرياض,الخرج,القطاع الخاص,خدمة إلكترونية جزئيا,وكالة خارج المملكة العربية السعودية فقط,2026/06/07,1447/12/21,3
منطقة الرياض,الرياض,القطاع الخاص,خدمة إلكترونية جزئيا,الهيئات الحكومية,2026/06/07,1447/12/21,3
منطقة الرياض,الرياض,القطاع العام,خدمة إلكترونية جزئيا,المرور,2026/06/07,1447/12/21,3
منطقة الرياض,الرياض,القطاع العام,خدمة إلكترونية جزئيا,الهيئات الحكومية,2026/06/07,1447/12/21,3
منطقة الشرقية,الاحساء,القطاع الخاص,خدمة إلكترونية جزئيا,الرواتب والمستحقات,2026/06/07,1447/12/21,3
منطقة الشرقية,الخبر,القطاع الخاص,خدمة إلكترونية جزئيا,البنوك والمصارف,2026/06/07,1447/12/21,3
منطقة الشرقية,الخبر,القطاع الخاص,خدمة إلكترونية جزئيا,شبكة إيجار الإلكترونية,2026/06/07,1447/12/21,3
منطقة الشرقية,الخبر,القطاع الخاص,خدمة إلكترونية جزئيا,وكالة خارج المملكة العربية السعودية فقط,2026/06/07,1447/12/21,3
منطقة الشرقية,الخفجي,القطاع الخاص,خدمة إلكترونية جزئيا,الجهات التعليمية,2026/06/07,1447/12/21,3
منطقة القصيم,بريده,القطاع الخاص,خدمة إلكترونية جزئيا,البنوك والمصارف,2026/06/07,1447/12/21,3
منطقة القصيم,بريده,القطاع الخاص,خدمة إلكترونية جزئيا,العقارات,2026/06/07,1447/12/21,3
منطقة القصيم,بريده,القطاع العام,خدمة إلكترونية جزئيا,تصديق الوكالات الخارجية,2026/06/07,1447/12/21,3
منطقة المدينة المنوره,المدينة المنورة,القطاع العام,خدمة إلكترونية جزئيا,المطالبات والمحاكم,2026/06/07,1447/12/21,3
منطقة جازان,جيزان,القطاع الخاص,خدمة إلكترونية جزئيا,المطالبات والمحاكم,2026/06/07,1447/12/21,3
منطقة عسير,محايل عسير,القطاع الخاص,خدمة إلكترونية جزئيا,السيارات,2026/06/07,1447/12/21,3
منطقة عسير,محايل عسير,القطاع الخاص,خدمة إلكترونية جزئيا,المطالبات والمحاكم,2026/06/07,1447/12/21,3
منطقة مكة المكرمه,الطائف,القطاع الخاص,خدمة إلكترونية جزئيا,وكالة خارج المملكة العربية السعودية فقط,2026/06/07,1447/12/21,3
منطقة مكة المكرمه,جده,القطاع الخاص,خدمة إلكترونية جزئيا,السيارات,2026/06/07,1447/12/21,3
منطقة مكة المكرمه,جده,القطاع الخاص,خدمة إلكترونية جزئيا,الشركات والمؤسسات الأهلية,2026/06/07,1447/12/21,3
منطقة مكة المكرمه,جده,القطاع العام,خدمة إلكترونية جزئيا,الجهات الأمنية,2026/06/07,1447/12/21,3
منطقة مكة المكرمه,مكة المكرمة,القطاع العام,خدمة إلكترونية جزئيا,المطالبات والمحاكم,2026/06/07,1447/12/21,3
الخدمات الرقمية,عام,القطاع العام,خدمة إلكترونية,التراخيص الصناعية,2026/06/07,1447/12/21,2
الخدمات الرقمية,عام,القطاع العام,خدمة إلكترونية,الرئاسات الحكومية,2026/06/07,1447/12/21,2
الخدمات الرقمية,عام,القطاع العام,خدمة إلكترونية جزئيا,المؤسسات الحكومية,2026/06/07,1447/12/21,2
الخدمات الرقمية,كتابة عدل مدمجة - افتراضية,القطاع العام,خدمة إلكترونية جزئيا,النكاح,2026/06/07,1447/12/21,2
الخدمات الرقمية,كتابة عدل مدمجة - افتراضية,القطاع العام,خدمة إلكترونية جزئيا,شركات الاتصالات,2026/06/07,1447/12/21,2
منطقة الجوف,القريات,القطاع الخاص,خدمة إلكترونية جزئيا,المطالبات والمحاكم,2026/06/07,1447/12/21,2
منطقة الجوف,سكاكا,القطاع الخاص,خدمة إلكترونية جزئيا,العقارات,2026/06/07,1447/12/21,2
منطقة الحدود الشمالية,عرعر,القطاع الخاص,خدمة إلكترونية جزئيا,العقارات,2026/06/07,1447/12/21,2
منطقة الرياض,الخرج,القطاع الخاص,خدمة إلكترونية جزئيا,المطالبات والمحاكم,2026/06/07,1447/12/21,2
منطقة الرياض,الرياض,القطاع الخاص,خدمة إلكترونية جزئيا,الرواتب والمستحقات,2026/06/07,1447/12/21,2
منطقة الرياض,الرياض,القطاع العام,خدمة إلكترونية جزئيا,إثباتات المحاكم,2026/06/07,1447/12/21,2
منطقة الرياض,الرياض,القطاع العام,خدمة إلكترونية جزئيا,الرواتب والمستحقات,2026/06/07,1447/12/21,2
منطقة الرياض,الرياض,القطاع العام,خدمة إلكترونية جزئيا,الضمان والشؤون الاجتماعية,2026/06/07,1447/12/21,2
منطقة الرياض,الرياض,القطاع العام,خدمة إلكترونية جزئيا,شبكة إيجار الإلكترونية,2026/06/07,1447/12/21,2
منطقة الرياض,عرقه,القطاع الخاص,خدمة إلكترونية جزئيا,العقارات,2026/06/07,1447/12/21,2
منطقة الشرقية,الاحساء,القطاع الخاص,خدمة إلكترونية جزئيا,استقدام العمالة,2026/06/07,1447/12/21,2
منطقة الشرقية,الجبيل,القطاع الخاص,خدمة إلكترونية جزئيا,وكالة خارج المملكة العربية السعودية فقط,2026/06/07,1447/12/21,2
منطقة الشرقية,الخبر,القطاع الخاص,خدمة إلكترونية جزئيا,العقارات,2026/06/07,1447/12/21,2
منطقة الشرقية,الخبر,القطاع الخاص,خدمة إلكترونية جزئيا,وزارة الموارد البشرية والتنمية الاجتماعية,2026/06/07,1447/12/21,2
منطقة الشرقية,الدمام,القطاع الخاص,خدمة إلكترونية جزئيا,الأمانات والبلديات,2026/06/07,1447/12/21,2
منطقة الشرقية,الدمام,القطاع الخاص,خدمة إلكترونية جزئيا,الهيئات الحكومية,2026/06/07,1447/12/21,2
منطقة الشرقية,الدمام,القطاع العام,خدمة إلكترونية جزئيا,البنوك والمصارف,2026/06/07,1447/12/21,2
منطقة القصيم,البكيريه,القطاع الخاص,خدمة إلكترونية جزئيا,الشركات والمؤسسات الأهلية,2026/06/07,1447/12/21,2
منطقة القصيم,بريده,القطاع الخاص,خدمة إلكترونية جزئيا,السيارات,2026/06/07,1447/12/21,2
منطقة القصيم,عنيزه,القطاع الخاص,خدمة إلكترونية جزئيا,السجلات التجارية,2026/06/07,1447/12/21,2
منطقة المدينة المنوره,المدينة المنورة,القطاع العام,خدمة إلكترونية جزئيا,وكالة خارج المملكة العربية السعودية فقط,2026/06/07,1447/12/21,2
منطقة المدينة المنوره,ينبع,القطاع العام,خدمة إلكترونية جزئيا,البنوك والمصارف,2026/06/07,1447/12/21,2
منطقة تبوك,تبوك,القطاع الخاص,خدمة إلكترونية جزئيا,المطالبات والمحاكم,2026/06/07,1447/12/21,2
منطقة حائل,الحائط,القطاع الخاص,خدمة إلكترونية جزئيا,إدارة الأحوال المدنية,2026/06/07,1447/12/21,2
منطقة حائل,حائل,القطاع الخاص,خدمة إلكترونية جزئيا,الوزارات الحكومية,2026/06/07,1447/12/21,2
منطقة عسير,بيشه,القطاع الخاص,خدمة إلكترونية جزئيا,البنوك والمصارف,2026/06/07,1447/12/21,2
منطقة عسير,بيشه,القطاع الخاص,خدمة إلكترونية جزئيا,السيارات,2026/06/07,1447/12/21,2
منطقة عسير,خميس مشيط,القطاع الخاص,خدمة إلكترونية جزئيا,العقارات,2026/06/07,1447/12/21,2
منطقة مكة المكرمه,جده,القطاع الخاص,خدمة إلكترونية جزئيا,الأمانات والبلديات,2026/06/07,1447/12/21,2
منطقة مكة المكرمه,جده,القطاع الخاص,خدمة إلكترونية جزئيا,الجوازات,2026/06/07,1447/12/21,2
منطقة مكة المكرمه,جده,القطاع العام,خدمة إلكترونية جزئيا,وزارة الموارد البشرية والتنمية الاجتماعية,2026/06/07,1447/12/21,2
الخدمات الرقمية,عام,القطاع العام,خدمة إلكترونية,أذونات المحاكم,2026/06/07,1447/12/21,1
الخدمات الرقمية,عام,القطاع العام,خدمة إلكترونية جزئيا,إدارة الأحوال المدنية,2026/06/07,1447/12/21,1
الخدمات الرقمية,عام,القطاع العام,خدمة إلكترونية جزئيا,الجهات التعليمية,2026/06/07,1447/12/21,1
الخدمات الرقمية,عام,القطاع العام,خدمة إلكترونية جزئيا,الرئاسات الحكومية,2026/06/07,1447/12/21,1
الخدمات الرقمية,عام,القطاع العام,خدمة إلكترونية جزئيا,المرور,2026/06/07,1447/12/21,1
الخدمات الرقمية,عام,القطاع العام,خدمة إلكترونية جزئيا,المنح الزراعية,2026/06/07,1447/12/21,1
الخدمات الرقمية,عام,القطاع العام,خدمة إلكترونية جزئيا,النكاح,2026/06/07,1447/12/21,1
الخدمات الرقمية,عام,القطاع العام,خدمة إلكترونية جزئيا,شبكة إيجار الإلكترونية,2026/06/07,1447/12/21,1
الخدمات الرقمية,عام,القطاع العام,خدمة إلكترونية جزئيا,شركة المياه,2026/06/07,1447/12/21,1
الخدمات الرقمية,عام,القطاع العام,خدمة إلكترونية جزئيا,صندوق التنمية العقارية,2026/06/07,1447/12/21,1
الخدمات الرقمية,عام,القطاع العام,خدمة إلكترونية جزئيا,وكالة خارج المملكة العربية السعودية فقط,2026/06/07,1447/12/21,1
الخدمات الرقمية,كتابة عدل مدمجة - افتراضية,القطاع العام,خدمة إلكترونية جزئيا,أذونات المحاكم,2026/06/07,1447/12/21,1
الخدمات الرقمية,كتابة عدل مدمجة - افتراضية,القطاع العام,خدمة إلكترونية جزئيا,التعويضات والمساعدات,2026/06/07,1447/12/21,1
الخدمات الرقمية,كتابة عدل مدمجة - افتراضية,القطاع العام,خدمة إلكترونية جزئيا,الضمان والشؤون الاجتماعية,2026/06/07,1447/12/21,1
الخدمات الرقمية,كتابة عدل مدمجة - افتراضية,القطاع العام,خدمة إلكترونية جزئيا,المرور,2026/06/07,1447/12/21,1
الخدمات الرقمية,كتابة عدل مدمجة - افتراضية,القطاع العام,خدمة إلكترونية جزئيا,المنح السكنية,2026/06/07,1447/12/21,1
الخدمات الرقمية,كتابة عدل مدمجة - افتراضية,القطاع العام,خدمة إلكترونية جزئيا,شركة المياه,2026/06/07,1447/12/21,1
منطقة الجوف,القريات,القطاع الخاص,خدمة إلكترونية جزئيا,السجلات التجارية,2026/06/07,1447/12/21,1
منطقة الجوف,سكاكا,القطاع العام,خدمة إلكترونية جزئيا,تصديق الوكالات الخارجية,2026/06/07,1447/12/21,1
منطقة الرياض,الدلم,القطاع الخاص,خدمة إلكترونية جزئيا,السجلات التجارية,2026/06/07,1447/12/21,1
منطقة الرياض,الرياض,القطاع الخاص,خدمة إلكترونية جزئيا,الجهات الأمنية,2026/06/07,1447/12/21,1
منطقة الرياض,الرياض,القطاع الخاص,خدمة إلكترونية جزئيا,الشركات والمؤسسات الأهلية,2026/06/07,1447/12/21,1
منطقة الرياض,الرياض,القطاع الخاص,خدمة إلكترونية جزئيا,العوائد السنوية,2026/06/07,1447/12/21,1
منطقة الرياض,الرياض,القطاع العام,خدمة إلكترونية جزئيا,التنازل عن كامل الإرث,2026/06/07,1447/12/21,1
منطقة الرياض,الرياض,القطاع العام,خدمة إلكترونية جزئيا,طلب الخدمات,2026/06/07,1447/12/21,1
منطقة الرياض,الرياض,القطاع العام,خدمة إلكترونية جزئيا,وزارة الموارد البشرية والتنمية الاجتماعية,2026/06/07,1447/12/21,1
منطقة الرياض,الرياض,القطاع العام,خدمة إلكترونية جزئيا,وكالة خارج المملكة العربية السعودية فقط,2026/06/07,1447/12/21,1
منطقة الرياض,حوطة بني تميم,القطاع الخاص,خدمة إلكترونية جزئيا,السجلات التجارية,2026/06/07,1447/12/21,1
منطقة الشرقية,الاحساء,القطاع الخاص,خدمة إلكترونية جزئيا,العقارات,2026/06/07,1447/12/21,1
منطقة الشرقية,الخفجي,القطاع الخاص,خدمة إلكترونية جزئيا,المطالبات والمحاكم,2026/06/07,1447/12/21,1
منطقة الشرقية,الدمام,القطاع الخاص,خدمة إلكترونية جزئيا,التراخيص الصناعية,2026/06/07,1447/12/21,1
منطقة الشرقية,الدمام,القطاع الخاص,خدمة إلكترونية جزئيا,السيارات,2026/06/07,1447/12/21,1
منطقة الشرقية,الدمام,القطاع الخاص,خدمة إلكترونية جزئيا,الشركات,2026/06/07,1447/12/21,1
منطقة الشرقية,الدمام,القطاع الخاص,خدمة إلكترونية جزئيا,المرور,2026/06/07,1447/12/21,1
منطقة الشرقية,الدمام,القطاع الخاص,خدمة إلكترونية جزئيا,شركة المياه,2026/06/07,1447/12/21,1
منطقة الشرقية,الدمام,القطاع الخاص,خدمة إلكترونية جزئيا,وكالة خارج المملكة العربية السعودية فقط,2026/06/07,1447/12/21,1
منطقة الشرقية,الدمام,القطاع العام,خدمة إلكترونية جزئيا,الأمانات والبلديات,2026/06/07,1447/12/21,1
منطقة الشرقية,الدمام,القطاع العام,خدمة إلكترونية جزئيا,الجهات الأمنية,2026/06/07,1447/12/21,1
منطقة الشرقية,الدمام,القطاع العام,خدمة إلكترونية جزئيا,السجلات التجارية,2026/06/07,1447/12/21,1
منطقة الشرقية,الدمام,القطاع العام,خدمة إلكترونية جزئيا,الشركات,2026/06/07,1447/12/21,1
منطقة الشرقية,الدمام,القطاع العام,خدمة إلكترونية جزئيا,الشركات والمؤسسات الأهلية,2026/06/07,1447/12/21,1
منطقة الشرقية,الدمام,القطاع العام,خدمة إلكترونية جزئيا,الوزارات الحكومية,2026/06/07,1447/12/21,1
منطقة الشرقية,الدمام,القطاع العام,خدمة إلكترونية جزئيا,شبكة إيجار الإلكترونية,2026/06/07,1447/12/21,1
منطقة الشرقية,الظهران,القطاع العام,خدمة إلكترونية جزئيا,العقارات,2026/06/07,1447/12/21,1
منطقة الشرقية,الظهران,القطاع العام,خدمة إلكترونية جزئيا,المطالبات والمحاكم,2026/06/07,1447/12/21,1
منطقة الشرقية,القطيف,القطاع الخاص,خدمة إلكترونية جزئيا,المطالبات والمحاكم,2026/06/07,1447/12/21,1
منطقة القصيم,البدائع,القطاع الخاص,خدمة إلكترونية جزئيا,السجلات التجارية,2026/06/07,1447/12/21,1
منطقة القصيم,البدائع,القطاع الخاص,خدمة إلكترونية جزئيا,المطالبات والمحاكم,2026/06/07,1447/12/21,1
منطقة القصيم,البدائع,القطاع الخاص,خدمة إلكترونية جزئيا,شبكة إيجار الإلكترونية,2026/06/07,1447/12/21,1
منطقة القصيم,بريده,القطاع الخاص,خدمة إلكترونية جزئيا,الشركات,2026/06/07,1447/12/21,1
منطقة القصيم,بريده,القطاع العام,خدمة إلكترونية جزئيا,العقارات,2026/06/07,1447/12/21,1
منطقة القصيم,بريده,القطاع العام,خدمة إلكترونية جزئيا,شركة الكهرباء,2026/06/07,1447/12/21,1
منطقة القصيم,رياض الخبراء,القطاع الخاص,خدمة إلكترونية جزئيا,المطالبات والمحاكم,2026/06/07,1447/12/21,1
منطقة القصيم,عنيزه,القطاع الخاص,خدمة إلكترونية جزئيا,البنوك والمصارف,2026/06/07,1447/12/21,1
منطقة المدينة المنوره,الحناكية,القطاع الخاص,خدمة إلكترونية جزئيا,البنوك والمصارف,2026/06/07,1447/12/21,1
منطقة المدينة المنوره,العلا,القطاع الخاص,خدمة إلكترونية جزئيا,المطالبات والمحاكم,2026/06/07,1447/12/21,1
منطقة المدينة المنوره,المدينة المنورة,القطاع الخاص,خدمة إلكترونية جزئيا,السيارات,2026/06/07,1447/12/21,1
منطقة المدينة المنوره,المدينة المنورة,القطاع العام,خدمة إلكترونية جزئيا,إنهائات المحاكم,2026/06/07,1447/12/21,1
منطقة المدينة المنوره,ينبع,القطاع الخاص,خدمة إلكترونية جزئيا,وكالة خارج المملكة العربية السعودية فقط,2026/06/07,1447/12/21,1
منطقة المدينة المنوره,ينبع,القطاع العام,خدمة إلكترونية جزئيا,المطالبات والمحاكم,2026/06/07,1447/12/21,1
منطقة تبوك,تبوك,القطاع الخاص,خدمة إلكترونية جزئيا,وكالة خارج المملكة العربية السعودية فقط,2026/06/07,1447/12/21,1
منطقة جازان,جيزان,القطاع الخاص,خدمة إلكترونية جزئيا,العقارات,2026/06/07,1447/12/21,1
منطقة جازان,جيزان,القطاع العام,خدمة إلكترونية جزئيا,المطالبات والمحاكم,2026/06/07,1447/12/21,1
منطقة حائل,حائل,القطاع الخاص,خدمة إلكترونية جزئيا,إدارة الأحوال المدنية,2026/06/07,1447/12/21,1
منطقة حائل,حائل,القطاع الخاص,خدمة إلكترونية جزئيا,الجهات الأمنية,2026/06/07,1447/12/21,1
منطقة حائل,حائل,القطاع الخاص,خدمة إلكترونية جزئيا,الشركات والمؤسسات الأهلية,2026/06/07,1447/12/21,1
منطقة حائل,حائل,القطاع الخاص,خدمة إلكترونية جزئيا,شبكة إيجار الإلكترونية,2026/06/07,1447/12/21,1
منطقة حائل,حائل,القطاع العام,خدمة إلكترونية جزئيا,تصديق الوكالات الخارجية,2026/06/07,1447/12/21,1
منطقة عسير,خميس مشيط,القطاع الخاص,خدمة إلكترونية جزئيا,السيارات,2026/06/07,1447/12/21,1
منطقة عسير,خميس مشيط,القطاع العام,خدمة إلكترونية جزئيا,الشركات والمؤسسات الأهلية,2026/06/07,1447/12/21,1
منطقة مكة المكرمه,الجموم,القطاع الخاص,خدمة إلكترونية جزئيا,الجوازات,2026/06/07,1447/12/21,1
منطقة مكة المكرمه,الطائف,القطاع الخاص,خدمة إلكترونية جزئيا,الجوازات,2026/06/07,1447/12/21,1
منطقة مكة المكرمه,الطائف,القطاع الخاص,خدمة إلكترونية جزئيا,السجلات التجارية,2026/06/07,1447/12/21,1
منطقة مكة المكرمه,جده,القطاع الخاص,خدمة إلكترونية جزئيا,الشركات,2026/06/07,1447/12/21,1
منطقة مكة المكرمه,جده,القطاع الخاص,خدمة إلكترونية جزئيا,الهيئات الحكومية,2026/06/07,1447/12/21,1
منطقة مكة المكرمه,مكة المكرمة,القطاع الخاص,خدمة إلكترونية جزئيا,إدارة الأحوال المدنية,2026/06/07,1447/12/21,1
منطقة مكة المكرمه,مكة المكرمة,القطاع الخاص,خدمة إلكترونية جزئيا,الشركات,2026/06/07,1447/12/21,1
منطقة مكة المكرمه,مكة المكرمة,القطاع الخاص,خدمة إلكترونية جزئيا,الهيئات الحكومية,2026/06/07,1447/12/21,1
منطقة مكة المكرمه,مكة المكرمة,القطاع الخاص,خدمة إلكترونية جزئيا,شبكة إيجار الإلكترونية,2026/06/07,1447/12/21,1
منطقة مكة المكرمه,مكة المكرمة,القطاع الخاص,خدمة إلكترونية جزئيا,شركة الكهرباء,2026/06/07,1447/12/21,1
منطقة مكة المكرمه,مكة المكرمة,القطاع الخاص,خدمة إلكترونية جزئيا,وزارة الموارد البشرية والتنمية الاجتماعية,2026/06/07,1447/12/21,1
منطقة مكة المكرمه,مكة المكرمة,القطاع الخاص,خدمة إلكترونية جزئيا,وكالة خارج المملكة العربية السعودية فقط,2026/06/07,1447/12/21,1
منطقة نجران,نجران,القطاع الخاص,خدمة إلكترونية جزئيا,المطالبات والمحاكم,2026/06/07,1447/12/21,1
الخدمات الرقمية,عام,القطاع العام,خدمة إلكترونية,المطالبات والمحاكم,2026/06/08,1447/12/22,"5,382"
الخدمات الرقمية,عام,القطاع العام,خدمة إلكترونية,العقارات,2026/06/08,1447/12/22,"2,819"
الخدمات الرقمية,عام,القطاع العام,خدمة إلكترونية,الجوازات,2026/06/08,1447/12/22,"1,757"
الخدمات الرقمية,عام,القطاع العام,خدمة إلكترونية,السيارات,2026/06/08,1447/12/22,"1,686"
الخدمات الرقمية,عام,القطاع العام,خدمة إلكترونية,البنوك والمصارف,2026/06/08,1447/12/22,"1,513"
الخدمات الرقمية,عام,القطاع العام,خدمة إلكترونية,الوزارات الحكومية,2026/06/08,1447/12/22,807
الخدمات الرقمية,عام,القطاع العام,خدمة إلكترونية,المرور,2026/06/08,1447/12/22,646
الخدمات الرقمية,عام,القطاع العام,خدمة إلكترونية,السجلات التجارية,2026/06/08,1447/12/22,486
الخدمات الرقمية,عام,القطاع العام,خدمة إلكترونية,الشركات والمؤسسات الأهلية,2026/06/08,1447/12/22,413
الخدمات الرقمية,عام,القطاع العام,خدمة إلكترونية,وكالة خارج المملكة العربية السعودية فقط,2026/06/08,1447/12/22,378
الخدمات الرقمية,عام,القطاع العام,خدمة إلكترونية,الجهات الأمنية,2026/06/08,1447/12/22,373
الخدمات الرقمية,عام,القطاع العام,خدمة إلكترونية,الأمانات والبلديات,2026/06/08,1447/12/22,327
الخدمات الرقمية,عام,القطاع العام,خدمة إلكترونية,وزارة الموارد البشرية والتنمية الاجتماعية,2026/06/08,1447/12/22,299
منطقة الرياض,الرياض,القطاع الخاص,خدمة إلكترونية جزئيا,المطالبات والمحاكم,2026/06/08,1447/12/22,255
الخدمات الرقمية,عام,القطاع العام,خدمة إلكترونية,إدارة الأحوال المدنية,2026/06/08,1447/12/22,254
منطقة الرياض,الرياض,القطاع الخاص,خدمة إلكترونية جزئيا,العقارات,2026/06/08,1447/12/22,221
الخدمات الرقمية,عام,القطاع العام,خدمة إلكترونية,طلب الخدمات,2026/06/08,1447/12/22,210
منطقة الرياض,الرياض,القطاع العام,خدمة إلكترونية جزئيا,المطالبات والمحاكم,2026/06/08,1447/12/22,202
الخدمات الرقمية,كتابة عدل مدمجة - افتراضية,القطاع العام,خدمة إلكترونية جزئيا,المطالبات والمحاكم,2026/06/08,1447/12/22,185
الخدمات الرقمية,عام,القطاع العام,خدمة إلكترونية,الجهات التعليمية,2026/06/08,1447/12/22,177
الخدمات الرقمية,عام,القطاع العام,خدمة إلكترونية,شركات الاتصالات,2026/06/08,1447/12/22,161
الخدمات الرقمية,عام,القطاع العام,خدمة إلكترونية,الرواتب والمستحقات,2026/06/08,1447/12/22,153
الخدمات الرقمية,عام,القطاع العام,خدمة إلكترونية,الهيئات الحكومية,2026/06/08,1447/12/22,148
منطقة مكة المكرمه,جده,القطاع الخاص,خدمة إلكترونية جزئيا,المطالبات والمحاكم,2026/06/08,1447/12/22,131
الخدمات الرقمية,عام,القطاع العام,خدمة إلكترونية,الشركات,2026/06/08,1447/12/22,97
الخدمات الرقمية,عام,القطاع العام,خدمة إلكترونية,شبكة إيجار الإلكترونية,2026/06/08,1447/12/22,96
الخدمات الرقمية,عام,القطاع العام,خدمة إلكترونية,شركة الكهرباء,2026/06/08,1447/12/22,94
منطقة مكة المكرمه,جده,القطاع الخاص,خدمة إلكترونية جزئيا,العقارات,2026/06/08,1447/12/22,83
منطقة مكة المكرمه,مكة المكرمة,القطاع الخاص,خدمة إلكترونية جزئيا,المطالبات والمحاكم,2026/06/08,1447/12/22,79
الخدمات الرقمية,عام,القطاع العام,خدمة إلكترونية,شركة المياه,2026/06/08,1447/12/22,77
منطقة الرياض,الرياض,القطاع العام,خدمة إلكترونية جزئيا,تصديق الوكالات الخارجية,2026/06/08,1447/12/22,77
الخدمات الرقمية,عام,القطاع العام,خدمة إلكترونية,النكاح,2026/06/08,1447/12/22,71
الخدمات الرقمية,عام,القطاع العام,خدمة إلكترونية,المؤسسات الحكومية,2026/06/08,1447/12/22,67
الخدمات الرقمية,عام,القطاع العام,خدمة إلكترونية,مكتب الإستقدام,2026/06/08,1447/12/22,63
الخدمات الرقمية,كتابة عدل مدمجة - افتراضية,القطاع العام,خدمة إلكترونية جزئيا,العقارات,2026/06/08,1447/12/22,61
منطقة الرياض,الرياض,القطاع الخاص,خدمة إلكترونية جزئيا,وكالة خارج المملكة العربية السعودية فقط,2026/06/08,1447/12/22,55
الخدمات الرقمية,عام,القطاع العام,خدمة إلكترونية,التعويضات والمساعدات,2026/06/08,1447/12/22,52
الخدمات الرقمية,عام,القطاع العام,خدمة إلكترونية,المنح الزراعية,2026/06/08,1447/12/22,51
منطقة الرياض,الرياض,القطاع العام,خدمة إلكترونية جزئيا,البنوك والمصارف,2026/06/08,1447/12/22,50
الخدمات الرقمية,كتابة عدل مدمجة - افتراضية,القطاع العام,خدمة إلكترونية جزئيا,البنوك والمصارف,2026/06/08,1447/12/22,49
منطقة الرياض,الرياض,القطاع العام,خدمة إلكترونية جزئيا,الجهات الأمنية,2026/06/08,1447/12/22,49
الخدمات الرقمية,عام,القطاع العام,خدمة إلكترونية,إثباتات المحاكم,2026/06/08,1447/12/22,48
الخدمات الرقمية,عام,القطاع العام,خدمة إلكترونية,صندوق التنمية العقارية,2026/06/08,1447/12/22,47
منطقة مكة المكرمه,جده,القطاع الخاص,خدمة إلكترونية جزئيا,وكالة خارج المملكة العربية السعودية فقط,2026/06/08,1447/12/22,45
منطقة مكة المكرمه,جده,القطاع العام,خدمة إلكترونية جزئيا,تصديق الوكالات الخارجية,2026/06/08,1447/12/22,38
الخدمات الرقمية,عام,القطاع العام,خدمة إلكترونية,المنح السكنية,2026/06/08,1447/12/22,35
الخدمات الرقمية,عام,القطاع العام,خدمة إلكترونية,هيئة الزكاة والضريبة والجمارك,2026/06/08,1447/12/22,32
منطقة الرياض,الرياض,القطاع الخاص,خدمة إلكترونية جزئيا,السجلات التجارية,2026/06/08,1447/12/22,27
منطقة مكة المكرمه,مكة المكرمة,القطاع الخاص,خدمة إلكترونية جزئيا,السجلات التجارية,2026/06/08,1447/12/22,27
منطقة الشرقية,الدمام,القطاع الخاص,خدمة إلكترونية جزئيا,العقارات,2026/06/08,1447/12/22,25
منطقة الشرقية,الدمام,القطاع العام,خدمة إلكترونية جزئيا,تصديق الوكالات الخارجية,2026/06/08,1447/12/22,25
الخدمات الرقمية,عام,القطاع العام,خدمة إلكترونية جزئيا,المطالبات والمحاكم,2026/06/08,1447/12/22,24
منطقة القصيم,بريده,القطاع الخاص,خدمة إلكترونية جزئيا,المطالبات والمحاكم,2026/06/08,1447/12/22,24
منطقة الرياض,الرياض,القطاع الخاص,خدمة إلكترونية جزئيا,البنوك والمصارف,2026/06/08,1447/12/22,23
منطقة مكة المكرمه,مكة المكرمة,القطاع الخاص,خدمة إلكترونية جزئيا,وكالة خارج المملكة العربية السعودية فقط,2026/06/08,1447/12/22,23
الخدمات الرقمية,عام,القطاع العام,خدمة إلكترونية,البنك السعودي للتسليف والإدخار,2026/06/08,1447/12/22,20
الخدمات الرقمية,كتابة عدل مدمجة - افتراضية,القطاع العام,خدمة إلكترونية جزئيا,شبكة إيجار الإلكترونية,2026/06/08,1447/12/22,20
منطقة عسير,ابها,القطاع الخاص,خدمة إلكترونية جزئيا,المطالبات والمحاكم,2026/06/08,1447/12/22,20
الخدمات الرقمية,عام,القطاع العام,خدمة إلكترونية,إنهائات المحاكم,2026/06/08,1447/12/22,19
منطقة الشرقية,الدمام,القطاع الخاص,خدمة إلكترونية جزئيا,المطالبات والمحاكم,2026/06/08,1447/12/22,19
منطقة مكة المكرمه,جده,القطاع الخاص,خدمة إلكترونية جزئيا,السجلات التجارية,2026/06/08,1447/12/22,19
الخدمات الرقمية,كتابة عدل مدمجة - افتراضية,القطاع العام,خدمة إلكترونية جزئيا,السيارات,2026/06/08,1447/12/22,18
منطقة الرياض,الرياض,القطاع الخاص,خدمة إلكترونية جزئيا,الأمانات والبلديات,2026/06/08,1447/12/22,18
منطقة الرياض,الرياض,القطاع الخاص,خدمة إلكترونية جزئيا,شبكة إيجار الإلكترونية,2026/06/08,1447/12/22,18
منطقة مكة المكرمه,جده,القطاع الخاص,خدمة إلكترونية جزئيا,البنوك والمصارف,2026/06/08,1447/12/22,18
منطقة مكة المكرمه,مكة المكرمة,القطاع الخاص,خدمة إلكترونية جزئيا,العقارات,2026/06/08,1447/12/22,18
منطقة مكة المكرمه,الطائف,القطاع الخاص,خدمة إلكترونية جزئيا,العقارات,2026/06/08,1447/12/22,17
الخدمات الرقمية,عام,القطاع العام,خدمة إلكترونية,التوكيل على الإقرارات,2026/06/08,1447/12/22,15
منطقة الرياض,الرياض,القطاع الخاص,خدمة إلكترونية جزئيا,الشركات,2026/06/08,1447/12/22,15
منطقة الرياض,الرياض,القطاع العام,خدمة إلكترونية جزئيا,العقارات,2026/06/08,1447/12/22,15
الخدمات الرقمية,عام,القطاع العام,خدمة إلكترونية,استقدام العمالة,2026/06/08,1447/12/22,14
الخدمات الرقمية,عام,القطاع العام,خدمة إلكترونية,بنك التنمية الاجتماعية,2026/06/08,1447/12/22,14
منطقة القصيم,بريده,القطاع الخاص,خدمة إلكترونية جزئيا,البنوك والمصارف,2026/06/08,1447/12/22,14
منطقة المدينة المنوره,المدينة المنورة,القطاع الخاص,خدمة إلكترونية جزئيا,العقارات,2026/06/08,1447/12/22,14
منطقة مكة المكرمه,جده,القطاع العام,خدمة إلكترونية جزئيا,المطالبات والمحاكم,2026/06/08,1447/12/22,13
منطقة المدينة المنوره,المدينة المنورة,القطاع الخاص,خدمة إلكترونية جزئيا,المطالبات والمحاكم,2026/06/08,1447/12/22,12
منطقة تبوك,تبوك,القطاع الخاص,خدمة إلكترونية جزئيا,المطالبات والمحاكم,2026/06/08,1447/12/22,12
منطقة مكة المكرمه,جده,القطاع الخاص,خدمة إلكترونية جزئيا,الجوازات,2026/06/08,1447/12/22,12
الخدمات الرقمية,عام,القطاع العام,خدمة إلكترونية جزئيا,العقارات,2026/06/08,1447/12/22,11
الخدمات الرقمية,كتابة عدل مدمجة - افتراضية,القطاع العام,خدمة إلكترونية جزئيا,الوزارات الحكومية,2026/06/08,1447/12/22,11
منطقة القصيم,البدائع,القطاع الخاص,خدمة إلكترونية جزئيا,العقارات,2026/06/08,1447/12/22,11
منطقة مكة المكرمه,الطائف,القطاع الخاص,خدمة إلكترونية جزئيا,المطالبات والمحاكم,2026/06/08,1447/12/22,11
الخدمات الرقمية,عام,القطاع العام,خدمة إلكترونية,الحالات الاجتماعية,2026/06/08,1447/12/22,10
الخدمات الرقمية,عام,القطاع العام,خدمة إلكترونية جزئيا,البنوك والمصارف,2026/06/08,1447/12/22,10
منطقة الرياض,الرياض,القطاع العام,خدمة إلكترونية جزئيا,الجوازات,2026/06/08,1447/12/22,10
منطقة الرياض,الرياض,القطاع العام,خدمة إلكترونية جزئيا,السيارات,2026/06/08,1447/12/22,10
منطقة الرياض,الرياض,القطاع العام,خدمة إلكترونية جزئيا,المؤسسات الحكومية,2026/06/08,1447/12/22,10
منطقة المدينة المنوره,المدينة المنورة,القطاع العام,خدمة إلكترونية جزئيا,تصديق الوكالات الخارجية,2026/06/08,1447/12/22,10
منطقة مكة المكرمه,جده,القطاع الخاص,خدمة إلكترونية جزئيا,الجهات الأمنية,2026/06/08,1447/12/22,10
منطقة مكة المكرمه,مكة المكرمة,القطاع الخاص,خدمة إلكترونية جزئيا,البنوك والمصارف,2026/06/08,1447/12/22,10
منطقة مكة المكرمه,مكة المكرمة,القطاع الخاص,خدمة إلكترونية جزئيا,السيارات,2026/06/08,1447/12/22,10
الخدمات الرقمية,كتابة عدل مدمجة - افتراضية,القطاع العام,خدمة إلكترونية جزئيا,الجهات التعليمية,2026/06/08,1447/12/22,9
منطقة الرياض,الرياض,القطاع العام,خدمة إلكترونية جزئيا,إدارة الأحوال المدنية,2026/06/08,1447/12/22,9
منطقة الرياض,الرياض,القطاع العام,خدمة إلكترونية جزئيا,الوزارات الحكومية,2026/06/08,1447/12/22,9
منطقة الشرقية,الاحساء,القطاع الخاص,خدمة إلكترونية جزئيا,المطالبات والمحاكم,2026/06/08,1447/12/22,9
منطقة الشرقية,الخبر,القطاع الخاص,خدمة إلكترونية جزئيا,المطالبات والمحاكم,2026/06/08,1447/12/22,9
منطقة الشرقية,الخفجي,القطاع الخاص,خدمة إلكترونية جزئيا,الجهات التعليمية,2026/06/08,1447/12/22,9
منطقة الشرقية,الدمام,القطاع العام,خدمة إلكترونية جزئيا,المطالبات والمحاكم,2026/06/08,1447/12/22,9
منطقة الشرقية,القطيف,القطاع الخاص,خدمة إلكترونية جزئيا,وكالة خارج المملكة العربية السعودية فقط,2026/06/08,1447/12/22,9
منطقة مكة المكرمه,جده,القطاع الخاص,خدمة إلكترونية جزئيا,الأمانات والبلديات,2026/06/08,1447/12/22,9
منطقة الرياض,الرياض,القطاع الخاص,خدمة إلكترونية جزئيا,السيارات,2026/06/08,1447/12/22,8
منطقة الرياض,الرياض,القطاع الخاص,خدمة إلكترونية جزئيا,الهيئات الحكومية,2026/06/08,1447/12/22,8
منطقة الشرقية,الخبر,القطاع الخاص,خدمة إلكترونية جزئيا,وكالة خارج المملكة العربية السعودية فقط,2026/06/08,1447/12/22,8
منطقة مكة المكرمه,جده,القطاع الخاص,خدمة إلكترونية جزئيا,السيارات,2026/06/08,1447/12/22,8
الخدمات الرقمية,عام,القطاع العام,خدمة إلكترونية,العوائد السنوية,2026/06/08,1447/12/22,7
منطقة الحدود الشمالية,عرعر,القطاع العام,خدمة إلكترونية جزئيا,تصديق الوكالات الخارجية,2026/06/08,1447/12/22,7
منطقة الرياض,الرياض,القطاع العام,خدمة إلكترونية جزئيا,شركات الاتصالات,2026/06/08,1447/12/22,7
منطقة الشرقية,الاحساء,القطاع الخاص,خدمة إلكترونية جزئيا,العقارات,2026/06/08,1447/12/22,7
منطقة الشرقية,الدمام,القطاع الخاص,خدمة إلكترونية جزئيا,وكالة خارج المملكة العربية السعودية فقط,2026/06/08,1447/12/22,7
منطقة القصيم,الرس,القطاع الخاص,خدمة إلكترونية جزئيا,العقارات,2026/06/08,1447/12/22,7
الخدمات الرقمية,عام,القطاع العام,خدمة إلكترونية,صندوق التنمية الزراعية,2026/06/08,1447/12/22,6
الخدمات الرقمية,كتابة عدل مدمجة - افتراضية,القطاع العام,خدمة إلكترونية جزئيا,الهيئات الحكومية,2026/06/08,1447/12/22,6
منطقة الرياض,الرياض,القطاع الخاص,خدمة إلكترونية جزئيا,الجوازات,2026/06/08,1447/12/22,6
منطقة الرياض,الرياض,القطاع الخاص,خدمة إلكترونية جزئيا,الوزارات الحكومية,2026/06/08,1447/12/22,6
منطقة الرياض,الرياض,القطاع العام,خدمة إلكترونية جزئيا,الشركات والمؤسسات الأهلية,2026/06/08,1447/12/22,6
منطقة الشرقية,الجبيل,القطاع الخاص,خدمة إلكترونية جزئيا,المطالبات والمحاكم,2026/06/08,1447/12/22,6
منطقة المدينة المنوره,المدينة المنورة,القطاع الخاص,خدمة إلكترونية جزئيا,البنوك والمصارف,2026/06/08,1447/12/22,6
منطقة تبوك,تبوك,القطاع الخاص,خدمة إلكترونية جزئيا,وكالة خارج المملكة العربية السعودية فقط,2026/06/08,1447/12/22,6
منطقة حائل,حائل,القطاع الخاص,خدمة إلكترونية جزئيا,المطالبات والمحاكم,2026/06/08,1447/12/22,6
منطقة مكة المكرمه,جده,القطاع الخاص,خدمة إلكترونية جزئيا,الهيئات الحكومية,2026/06/08,1447/12/22,6
الخدمات الرقمية,عام,القطاع العام,خدمة إلكترونية,التنازل عن كامل الإرث,2026/06/08,1447/12/22,5
الخدمات الرقمية,عام,القطاع العام,خدمة إلكترونية,تصاريح القوارب والصيد,2026/06/08,1447/12/22,5
الخدمات الرقمية,عام,القطاع العام,خدمة إلكترونية,مكافآت الجامعات والمعاهد,2026/06/08,1447/12/22,5
الخدمات الرقمية,عام,القطاع العام,خدمة إلكترونية جزئيا,إدارة الأحوال المدنية,2026/06/08,1447/12/22,5
الخدمات الرقمية,كتابة عدل مدمجة - افتراضية,القطاع العام,خدمة إلكترونية جزئيا,الشركات والمؤسسات الأهلية,2026/06/08,1447/12/22,5
الخدمات الرقمية,كتابة عدل مدمجة - افتراضية,القطاع العام,خدمة إلكترونية جزئيا,النكاح,2026/06/08,1447/12/22,5
منطقة الرياض,الخرج,القطاع الخاص,خدمة إلكترونية جزئيا,المطالبات والمحاكم,2026/06/08,1447/12/22,5
منطقة الرياض,الرياض,القطاع الخاص,خدمة إلكترونية جزئيا,الشركات والمؤسسات الأهلية,2026/06/08,1447/12/22,5
منطقة الشرقية,الجبيل,القطاع الخاص,خدمة إلكترونية جزئيا,العقارات,2026/06/08,1447/12/22,5
منطقة الشرقية,الخبر,القطاع الخاص,خدمة إلكترونية جزئيا,الوزارات الحكومية,2026/06/08,1447/12/22,5
منطقة الشرقية,الدمام,القطاع الخاص,خدمة إلكترونية جزئيا,السجلات التجارية,2026/06/08,1447/12/22,5
منطقة عسير,خميس مشيط,القطاع الخاص,خدمة إلكترونية جزئيا,العقارات,2026/06/08,1447/12/22,5
منطقة مكة المكرمه,الطائف,القطاع الخاص,خدمة إلكترونية جزئيا,السجلات التجارية,2026/06/08,1447/12/22,5
منطقة مكة المكرمه,جده,القطاع الخاص,خدمة إلكترونية جزئيا,الشركات,2026/06/08,1447/12/22,5
منطقة مكة المكرمه,جده,القطاع الخاص,خدمة إلكترونية جزئيا,وزارة الموارد البشرية والتنمية الاجتماعية,2026/06/08,1447/12/22,5
منطقة مكة المكرمه,مكة المكرمة,القطاع العام,خدمة إلكترونية جزئيا,المطالبات والمحاكم,2026/06/08,1447/12/22,5
منطقة مكة المكرمه,مكة المكرمة,القطاع العام,خدمة إلكترونية جزئيا,تصديق الوكالات الخارجية,2026/06/08,1447/12/22,5
منطقة نجران,نجران,القطاع الخاص,خدمة إلكترونية جزئيا,المطالبات والمحاكم,2026/06/08,1447/12/22,5
الخدمات الرقمية,عام,القطاع العام,خدمة إلكترونية,الضمان الاجتماعي,2026/06/08,1447/12/22,4
الخدمات الرقمية,عام,القطاع العام,خدمة إلكترونية جزئيا,الجهات الأمنية,2026/06/08,1447/12/22,4
الخدمات الرقمية,عام,القطاع العام,خدمة إلكترونية جزئيا,الوزارات الحكومية,2026/06/08,1447/12/22,4
الخدمات الرقمية,كتابة عدل مدمجة - افتراضية,القطاع العام,خدمة إلكترونية جزئيا,الجهات الأمنية,2026/06/08,1447/12/22,4
الخدمات الرقمية,كتابة عدل مدمجة - افتراضية,القطاع العام,خدمة إلكترونية جزئيا,السجلات التجارية,2026/06/08,1447/12/22,4
الخدمات الرقمية,كتابة عدل مدمجة - افتراضية,القطاع العام,خدمة إلكترونية جزئيا,المؤسسات الحكومية,2026/06/08,1447/12/22,4
منطقة الحدود الشمالية,عرعر,القطاع الخاص,خدمة إلكترونية جزئيا,المطالبات والمحاكم,2026/06/08,1447/12/22,4
منطقة الرياض,الخرج,القطاع الخاص,خدمة إلكترونية جزئيا,العقارات,2026/06/08,1447/12/22,4
منطقة الرياض,الرياض,القطاع العام,خدمة إلكترونية جزئيا,السجلات التجارية,2026/06/08,1447/12/22,4
منطقة الرياض,عرقه,القطاع الخاص,خدمة إلكترونية جزئيا,العقارات,2026/06/08,1447/12/22,4
منطقة القصيم,بريده,القطاع العام,خدمة إلكترونية جزئيا,تصديق الوكالات الخارجية,2026/06/08,1447/12/22,4
منطقة المدينة المنوره,المدينة المنورة,القطاع العام,خدمة إلكترونية جزئيا,البنوك والمصارف,2026/06/08,1447/12/22,4
منطقة المدينة المنوره,المدينة المنورة,القطاع العام,خدمة إلكترونية جزئيا,المطالبات والمحاكم,2026/06/08,1447/12/22,4
منطقة تبوك,تبوك,القطاع الخاص,خدمة إلكترونية جزئيا,الرواتب والمستحقات,2026/06/08,1447/12/22,4
منطقة عسير,بيشه,القطاع الخاص,خدمة إلكترونية جزئيا,السيارات,2026/06/08,1447/12/22,4
منطقة عسير,محايل عسير,القطاع الخاص,خدمة إلكترونية جزئيا,المطالبات والمحاكم,2026/06/08,1447/12/22,4
منطقة مكة المكرمه,جده,القطاع العام,خدمة إلكترونية جزئيا,وكالة خارج المملكة العربية السعودية فقط,2026/06/08,1447/12/22,4
منطقة مكة المكرمه,مكة المكرمة,القطاع الخاص,خدمة إلكترونية جزئيا,الجوازات,2026/06/08,1447/12/22,4
منطقة مكة المكرمه,مكة المكرمة,القطاع الخاص,خدمة إلكترونية جزئيا,الوزارات الحكومية,2026/06/08,1447/12/22,4
الخدمات الرقمية,عام,القطاع العام,خدمة إلكترونية جزئيا,السيارات,2026/06/08,1447/12/22,3
الخدمات الرقمية,كتابة عدل مدمجة - افتراضية,القطاع العام,خدمة إلكترونية جزئيا,الأمانات والبلديات,2026/06/08,1447/12/22,3
الخدمات الرقمية,كتابة عدل مدمجة - افتراضية,القطاع العام,خدمة إلكترونية جزئيا,الجوازات,2026/06/08,1447/12/22,3
الخدمات الرقمية,كتابة عدل مدمجة - افتراضية,القطاع العام,خدمة إلكترونية جزئيا,الرواتب والمستحقات,2026/06/08,1447/12/22,3
الخدمات الرقمية,كتابة عدل مدمجة - افتراضية,القطاع العام,خدمة إلكترونية جزئيا,المرور,2026/06/08,1447/12/22,3
منطقة الرياض,الافلاج,القطاع الخاص,خدمة إلكترونية جزئيا,البنوك والمصارف,2026/06/08,1447/12/22,3
منطقة الرياض,الخرج,القطاع الخاص,خدمة إلكترونية جزئيا,وكالة خارج المملكة العربية السعودية فقط,2026/06/08,1447/12/22,3
منطقة الرياض,الدرعيه,القطاع الخاص,خدمة إلكترونية جزئيا,الهيئات الحكومية,2026/06/08,1447/12/22,3
منطقة الرياض,الرياض,القطاع الخاص,خدمة إلكترونية جزئيا,النكاح,2026/06/08,1447/12/22,3
منطقة الرياض,الرياض,القطاع العام,خدمة إلكترونية جزئيا,الأمانات والبلديات,2026/06/08,1447/12/22,3
منطقة الرياض,الرياض,القطاع العام,خدمة إلكترونية جزئيا,الرواتب والمستحقات,2026/06/08,1447/12/22,3
منطقة الرياض,الرياض,القطاع العام,خدمة إلكترونية جزئيا,المرور,2026/06/08,1447/12/22,3
منطقة الرياض,الرياض,القطاع العام,خدمة إلكترونية جزئيا,شبكة إيجار الإلكترونية,2026/06/08,1447/12/22,3
منطقة الرياض,حوطة بني تميم,القطاع الخاص,خدمة إلكترونية جزئيا,المطالبات والمحاكم,2026/06/08,1447/12/22,3
منطقة الشرقية,الخبر,القطاع الخاص,خدمة إلكترونية جزئيا,العقارات,2026/06/08,1447/12/22,3
منطقة الشرقية,القطيف,القطاع الخاص,خدمة إلكترونية جزئيا,الأمانات والبلديات,2026/06/08,1447/12/22,3
منطقة القصيم,البدائع,القطاع الخاص,خدمة إلكترونية جزئيا,المطالبات والمحاكم,2026/06/08,1447/12/22,3
منطقة القصيم,البكيريه,القطاع الخاص,خدمة إلكترونية جزئيا,العقارات,2026/06/08,1447/12/22,3
منطقة القصيم,عنيزه,القطاع الخاص,خدمة إلكترونية جزئيا,العقارات,2026/06/08,1447/12/22,3
منطقة المدينة المنوره,المدينة المنورة,القطاع العام,خدمة إلكترونية جزئيا,الهيئات الحكومية,2026/06/08,1447/12/22,3
منطقة المدينة المنوره,ينبع,القطاع الخاص,خدمة إلكترونية جزئيا,المطالبات والمحاكم,2026/06/08,1447/12/22,3
منطقة جازان,ابو عريش,القطاع الخاص,خدمة إلكترونية جزئيا,المطالبات والمحاكم,2026/06/08,1447/12/22,3
منطقة جازان,جيزان,القطاع الخاص,خدمة إلكترونية جزئيا,المطالبات والمحاكم,2026/06/08,1447/12/22,3
منطقة حائل,حائل,القطاع الخاص,خدمة إلكترونية جزئيا,المنح السكنية,2026/06/08,1447/12/22,3
منطقة عسير,خميس مشيط,القطاع الخاص,خدمة إلكترونية جزئيا,المطالبات والمحاكم,2026/06/08,1447/12/22,3
منطقة مكة المكرمه,الجموم,القطاع الخاص,خدمة إلكترونية جزئيا,الجوازات,2026/06/08,1447/12/22,3
منطقة مكة المكرمه,جده,القطاع الخاص,خدمة إلكترونية جزئيا,الشركات والمؤسسات الأهلية,2026/06/08,1447/12/22,3
منطقة مكة المكرمه,مكة المكرمة,القطاع الخاص,خدمة إلكترونية جزئيا,الشركات والمؤسسات الأهلية,2026/06/08,1447/12/22,3
منطقة مكة المكرمه,مكة المكرمة,القطاع الخاص,خدمة إلكترونية جزئيا,شبكة إيجار الإلكترونية,2026/06/08,1447/12/22,3
منطقة مكة المكرمه,مكة المكرمة,القطاع الخاص,خدمة إلكترونية جزئيا,شركات الاتصالات,2026/06/08,1447/12/22,3
الخدمات الرقمية,عام,القطاع العام,خدمة إلكترونية,أذونات المحاكم,2026/06/08,1447/12/22,2
الخدمات الرقمية,عام,القطاع العام,خدمة إلكترونية,التراخيص الصناعية,2026/06/08,1447/12/22,2
الخدمات الرقمية,عام,القطاع العام,خدمة إلكترونية,فسخ الوكالات,2026/06/08,1447/12/22,2
الخدمات الرقمية,عام,القطاع العام,خدمة إلكترونية جزئيا,المؤسسات الحكومية,2026/06/08,1447/12/22,2
الخدمات الرقمية,عام,القطاع العام,خدمة إلكترونية جزئيا,شبكة إيجار الإلكترونية,2026/06/08,1447/12/22,2
الخدمات الرقمية,كتابة عدل مدمجة - افتراضية,القطاع العام,خدمة إلكترونية جزئيا,إدارة الأحوال المدنية,2026/06/08,1447/12/22,2
الخدمات الرقمية,كتابة عدل مدمجة - افتراضية,القطاع العام,خدمة إلكترونية جزئيا,إنهائات المحاكم,2026/06/08,1447/12/22,2
الخدمات الرقمية,كتابة عدل مدمجة - افتراضية,القطاع العام,خدمة إلكترونية جزئيا,الشركات,2026/06/08,1447/12/22,2
الخدمات الرقمية,كتابة عدل مدمجة - افتراضية,القطاع العام,خدمة إلكترونية جزئيا,شركة الكهرباء,2026/06/08,1447/12/22,2
منطقة الجوف,سكاكا,القطاع الخاص,خدمة إلكترونية جزئيا,العقارات,2026/06/08,1447/12/22,2
منطقة الجوف,سكاكا,القطاع العام,خدمة إلكترونية جزئيا,تصديق الوكالات الخارجية,2026/06/08,1447/12/22,2
منطقة الرياض,الافلاج,القطاع الخاص,خدمة إلكترونية جزئيا,الجوازات,2026/06/08,1447/12/22,2
منطقة الرياض,الدرعيه,القطاع الخاص,خدمة إلكترونية جزئيا,السجلات التجارية,2026/06/08,1447/12/22,2
منطقة الرياض,الدرعيه,القطاع الخاص,خدمة إلكترونية جزئيا,المطالبات والمحاكم,2026/06/08,1447/12/22,2
منطقة الرياض,الدلم,القطاع الخاص,خدمة إلكترونية جزئيا,المطالبات والمحاكم,2026/06/08,1447/12/22,2
منطقة الرياض,الرياض,القطاع الخاص,خدمة إلكترونية جزئيا,الجهات الأمنية,2026/06/08,1447/12/22,2
منطقة الرياض,الرياض,القطاع الخاص,خدمة إلكترونية جزئيا,وزارة الموارد البشرية والتنمية الاجتماعية,2026/06/08,1447/12/22,2
منطقة الرياض,الرياض,القطاع العام,خدمة إلكترونية جزئيا,الجهات التعليمية,2026/06/08,1447/12/22,2
منطقة الرياض,الرياض,القطاع العام,خدمة إلكترونية جزئيا,النكاح,2026/06/08,1447/12/22,2
منطقة الرياض,الرياض,القطاع العام,خدمة إلكترونية جزئيا,صندوق التنمية العقارية,2026/06/08,1447/12/22,2
منطقة الرياض,الرياض,القطاع العام,خدمة إلكترونية جزئيا,وزارة الموارد البشرية والتنمية الاجتماعية,2026/06/08,1447/12/22,2
منطقة الشرقية,الاحساء,القطاع العام,خدمة إلكترونية جزئيا,العقارات,2026/06/08,1447/12/22,2
منطقة الشرقية,الخبر,القطاع الخاص,خدمة إلكترونية جزئيا,الهيئات الحكومية,2026/06/08,1447/12/22,2
منطقة الشرقية,الدمام,القطاع الخاص,خدمة إلكترونية جزئيا,الشركات,2026/06/08,1447/12/22,2
منطقة الشرقية,الدمام,القطاع الخاص,خدمة إلكترونية جزئيا,شبكة إيجار الإلكترونية,2026/06/08,1447/12/22,2
منطقة الشرقية,الدمام,القطاع العام,خدمة إلكترونية جزئيا,شبكة إيجار الإلكترونية,2026/06/08,1447/12/22,2
منطقة الشرقية,حفر الباطن,القطاع الخاص,خدمة إلكترونية جزئيا,العقارات,2026/06/08,1447/12/22,2
منطقة المدينة المنوره,المدينة المنورة,القطاع العام,خدمة إلكترونية جزئيا,الشركات والمؤسسات الأهلية,2026/06/08,1447/12/22,2
منطقة المدينة المنوره,المدينة المنورة,القطاع العام,خدمة إلكترونية جزئيا,العقارات,2026/06/08,1447/12/22,2
منطقة المدينة المنوره,المدينة المنورة,القطاع العام,خدمة إلكترونية جزئيا,وكالة خارج المملكة العربية السعودية فقط,2026/06/08,1447/12/22,2
منطقة تبوك,تبوك,القطاع الخاص,خدمة إلكترونية جزئيا,الجوازات,2026/06/08,1447/12/22,2
منطقة جازان,جيزان,القطاع الخاص,خدمة إلكترونية جزئيا,السجلات التجارية,2026/06/08,1447/12/22,2
منطقة جازان,جيزان,القطاع العام,خدمة إلكترونية جزئيا,البنوك والمصارف,2026/06/08,1447/12/22,2
منطقة جازان,جيزان,القطاع العام,خدمة إلكترونية جزئيا,السجلات التجارية,2026/06/08,1447/12/22,2
منطقة جازان,جيزان,القطاع العام,خدمة إلكترونية جزئيا,المطالبات والمحاكم,2026/06/08,1447/12/22,2
منطقة عسير,ابها,القطاع الخاص,خدمة إلكترونية جزئيا,الوزارات الحكومية,2026/06/08,1447/12/22,2
منطقة عسير,ابها,القطاع العام,خدمة إلكترونية جزئيا,تصديق الوكالات الخارجية,2026/06/08,1447/12/22,2
منطقة عسير,سراة عبيده,القطاع الخاص,خدمة إلكترونية جزئيا,المطالبات والمحاكم,2026/06/08,1447/12/22,2
منطقة مكة المكرمه,الطائف,القطاع الخاص,خدمة إلكترونية جزئيا,الأمانات والبلديات,2026/06/08,1447/12/22,2
منطقة مكة المكرمه,الطائف,القطاع الخاص,خدمة إلكترونية جزئيا,الشركات,2026/06/08,1447/12/22,2
منطقة مكة المكرمه,القنفذه,القطاع الخاص,خدمة إلكترونية جزئيا,السجلات التجارية,2026/06/08,1447/12/22,2
منطقة مكة المكرمه,تربه,القطاع الخاص,خدمة إلكترونية جزئيا,وزارة الموارد البشرية والتنمية الاجتماعية,2026/06/08,1447/12/22,2
الخدمات الرقمية,عام,القطاع العام,خدمة إلكترونية,البريد,2026/06/08,1447/12/22,1
الخدمات الرقمية,عام,القطاع العام,خدمة إلكترونية,صندوق التنمية الصناعية,2026/06/08,1447/12/22,1
الخدمات الرقمية,عام,القطاع العام,خدمة إلكترونية,صندوق تنمية الموارد البشرية,2026/06/08,1447/12/22,1
الخدمات الرقمية,عام,القطاع العام,خدمة إلكترونية جزئيا,التعويضات والمساعدات,2026/06/08,1447/12/22,1
الخدمات الرقمية,عام,القطاع العام,خدمة إلكترونية جزئيا,الجوازات,2026/06/08,1447/12/22,1
الخدمات الرقمية,عام,القطاع العام,خدمة إلكترونية جزئيا,الرواتب والمستحقات,2026/06/08,1447/12/22,1
الخدمات الرقمية,عام,القطاع العام,خدمة إلكترونية جزئيا,الشركات والمؤسسات الأهلية,2026/06/08,1447/12/22,1
الخدمات الرقمية,عام,القطاع العام,خدمة إلكترونية جزئيا,الضمان والشؤون الاجتماعية,2026/06/08,1447/12/22,1
الخدمات الرقمية,عام,القطاع العام,خدمة إلكترونية جزئيا,النكاح,2026/06/08,1447/12/22,1
الخدمات الرقمية,عام,القطاع العام,خدمة إلكترونية جزئيا,الهيئات الحكومية,2026/06/08,1447/12/22,1
الخدمات الرقمية,عام,القطاع العام,خدمة إلكترونية جزئيا,شركات الاتصالات,2026/06/08,1447/12/22,1
الخدمات الرقمية,عام,القطاع العام,خدمة إلكترونية جزئيا,هيئة الزكاة والضريبة والجمارك,2026/06/08,1447/12/22,1
الخدمات الرقمية,كتابة عدل مدمجة - افتراضية,القطاع العام,خدمة إلكترونية جزئيا,التعويضات والمساعدات,2026/06/08,1447/12/22,1
الخدمات الرقمية,كتابة عدل مدمجة - افتراضية,القطاع العام,خدمة إلكترونية جزئيا,المنح الزراعية,2026/06/08,1447/12/22,1
الخدمات الرقمية,كتابة عدل مدمجة - افتراضية,القطاع العام,خدمة إلكترونية جزئيا,المنح السكنية,2026/06/08,1447/12/22,1
الخدمات الرقمية,كتابة عدل مدمجة - افتراضية,القطاع العام,خدمة إلكترونية جزئيا,بنك التنمية الاجتماعية,2026/06/08,1447/12/22,1
الخدمات الرقمية,كتابة عدل مدمجة - افتراضية,القطاع العام,خدمة إلكترونية جزئيا,شركة المياه,2026/06/08,1447/12/22,1
الخدمات الرقمية,كتابة عدل مدمجة - افتراضية,القطاع العام,خدمة إلكترونية جزئيا,وزارة الموارد البشرية والتنمية الاجتماعية,2026/06/08,1447/12/22,1
الخدمات الرقمية,كتابة عدل مدمجة - افتراضية,القطاع العام,خدمة إلكترونية جزئيا,وكالة خارج المملكة العربية السعودية فقط,2026/06/08,1447/12/22,1
منطقة الجوف,القريات,القطاع الخاص,خدمة إلكترونية جزئيا,المطالبات والمحاكم,2026/06/08,1447/12/22,1
منطقة الرياض,الافلاج,القطاع الخاص,خدمة إلكترونية جزئيا,وزارة الموارد البشرية والتنمية الاجتماعية,2026/06/08,1447/12/22,1
منطقة الرياض,الخرج,القطاع الخاص,خدمة إلكترونية جزئيا,المرور,2026/06/08,1447/12/22,1
منطقة الرياض,الدرعيه,القطاع الخاص,خدمة إلكترونية جزئيا,العقارات,2026/06/08,1447/12/22,1
منطقة الرياض,الدرعيه,القطاع الخاص,خدمة إلكترونية جزئيا,شبكة إيجار الإلكترونية,2026/06/08,1447/12/22,1
منطقة الرياض,الرياض,القطاع الخاص,خدمة إلكترونية جزئيا,المرور,2026/06/08,1447/12/22,1
منطقة الرياض,الرياض,القطاع العام,خدمة إلكترونية جزئيا,إثباتات المحاكم,2026/06/08,1447/12/22,1
منطقة الرياض,الرياض,القطاع العام,خدمة إلكترونية جزئيا,الشركات,2026/06/08,1447/12/22,1
منطقة الرياض,الرياض,القطاع العام,خدمة إلكترونية جزئيا,المنح السكنية,2026/06/08,1447/12/22,1
منطقة الرياض,الرياض,القطاع العام,خدمة إلكترونية جزئيا,مكتب الإستقدام,2026/06/08,1447/12/22,1
منطقة الرياض,الرياض,القطاع العام,خدمة إلكترونية جزئيا,وكالة خارج المملكة العربية السعودية فقط,2026/06/08,1447/12/22,1
منطقة الرياض,حوطة سدير,القطاع الخاص,خدمة إلكترونية جزئيا,العقارات,2026/06/08,1447/12/22,1
منطقة الشرقية,الاحساء,القطاع الخاص,خدمة إلكترونية جزئيا,استقدام العمالة,2026/06/08,1447/12/22,1
منطقة الشرقية,الاحساء,القطاع العام,خدمة إلكترونية جزئيا,البنوك والمصارف,2026/06/08,1447/12/22,1
منطقة الشرقية,الخبر,القطاع الخاص,خدمة إلكترونية جزئيا,السجلات التجارية,2026/06/08,1447/12/22,1
منطقة الشرقية,الخبر,القطاع الخاص,خدمة إلكترونية جزئيا,الشركات,2026/06/08,1447/12/22,1
منطقة الشرقية,الخفجي,القطاع الخاص,خدمة إلكترونية جزئيا,الوزارات الحكومية,2026/06/08,1447/12/22,1
منطقة الشرقية,الخفجي,القطاع الخاص,خدمة إلكترونية جزئيا,مكتب الإستقدام,2026/06/08,1447/12/22,1
منطقة الشرقية,الدمام,القطاع الخاص,خدمة إلكترونية جزئيا,السيارات,2026/06/08,1447/12/22,1
منطقة الشرقية,الدمام,القطاع العام,خدمة إلكترونية جزئيا,الأمانات والبلديات,2026/06/08,1447/12/22,1
منطقة الشرقية,الدمام,القطاع العام,خدمة إلكترونية جزئيا,الشركات,2026/06/08,1447/12/22,1
منطقة الشرقية,الدمام,القطاع العام,خدمة إلكترونية جزئيا,العقارات,2026/06/08,1447/12/22,1
منطقة الشرقية,الظهران,القطاع العام,خدمة إلكترونية جزئيا,إدارة الأحوال المدنية,2026/06/08,1447/12/22,1
منطقة الشرقية,الظهران,القطاع العام,خدمة إلكترونية جزئيا,الشركات,2026/06/08,1447/12/22,1
منطقة الشرقية,الظهران,القطاع العام,خدمة إلكترونية جزئيا,العقارات,2026/06/08,1447/12/22,1
منطقة الشرقية,حفر الباطن,القطاع الخاص,خدمة إلكترونية جزئيا,المطالبات والمحاكم,2026/06/08,1447/12/22,1
منطقة القصيم,الرس,القطاع الخاص,خدمة إلكترونية جزئيا,المطالبات والمحاكم,2026/06/08,1447/12/22,1
منطقة القصيم,بريده,القطاع العام,خدمة إلكترونية جزئيا,المطالبات والمحاكم,2026/06/08,1447/12/22,1
منطقة المدينة المنوره,المدينة المنورة,القطاع العام,خدمة إلكترونية جزئيا,الوزارات الحكومية,2026/06/08,1447/12/22,1
منطقة المدينة المنوره,ينبع,القطاع الخاص,خدمة إلكترونية جزئيا,وكالة خارج المملكة العربية السعودية فقط,2026/06/08,1447/12/22,1
منطقة المدينة المنوره,ينبع,القطاع العام,خدمة إلكترونية جزئيا,البنوك والمصارف,2026/06/08,1447/12/22,1
منطقة تبوك,تبوك,القطاع العام,خدمة إلكترونية جزئيا,تصديق الوكالات الخارجية,2026/06/08,1447/12/22,1
منطقة جازان,جيزان,القطاع العام,خدمة إلكترونية جزئيا,تصديق الوكالات الخارجية,2026/06/08,1447/12/22,1
منطقة عسير,خميس مشيط,القطاع الخاص,خدمة إلكترونية جزئيا,السيارات,2026/06/08,1447/12/22,1
منطقة عسير,خميس مشيط,القطاع العام,خدمة إلكترونية جزئيا,المطالبات والمحاكم,2026/06/08,1447/12/22,1
منطقة مكة المكرمه,الجموم,القطاع الخاص,خدمة إلكترونية جزئيا,المطالبات والمحاكم,2026/06/08,1447/12/22,1
منطقة مكة المكرمه,الطائف,القطاع الخاص,خدمة إلكترونية جزئيا,التنازل عن كامل الإرث,2026/06/08,1447/12/22,1
منطقة مكة المكرمه,الطائف,القطاع الخاص,خدمة إلكترونية جزئيا,الجهات الأمنية,2026/06/08,1447/12/22,1
منطقة مكة المكرمه,جده,القطاع الخاص,خدمة إلكترونية جزئيا,المنح السكنية,2026/06/08,1447/12/22,1
منطقة مكة المكرمه,جده,القطاع الخاص,خدمة إلكترونية جزئيا,الوزارات الحكومية,2026/06/08,1447/12/22,1
منطقة مكة المكرمه,جده,القطاع الخاص,خدمة إلكترونية جزئيا,شبكة إيجار الإلكترونية,2026/06/08,1447/12/22,1
منطقة مكة المكرمه,جده,القطاع الخاص,خدمة إلكترونية جزئيا,شركة المياه,2026/06/08,1447/12/22,1
منطقة مكة المكرمه,جده,القطاع العام,خدمة إلكترونية جزئيا,العقارات,2026/06/08,1447/12/22,1
منطقة مكة المكرمه,جده,القطاع العام,خدمة إلكترونية جزئيا,الوزارات الحكومية,2026/06/08,1447/12/22,1
منطقة مكة المكرمه,جده,القطاع العام,خدمة إلكترونية جزئيا,شبكة إيجار الإلكترونية,2026/06/08,1447/12/22,1
منطقة مكة المكرمه,مكة المكرمة,القطاع الخاص,خدمة إلكترونية جزئيا,إدارة الأحوال المدنية,2026/06/08,1447/12/22,1
منطقة مكة المكرمه,مكة المكرمة,القطاع الخاص,خدمة إلكترونية جزئيا,الجهات الأمنية,2026/06/08,1447/12/22,1
منطقة مكة المكرمه,مكة المكرمة,القطاع العام,خدمة إلكترونية جزئيا,الرواتب والمستحقات,2026/06/08,1447/12/22,1
منطقة مكة المكرمه,مكة المكرمة,القطاع العام,خدمة إلكترونية جزئيا,السجلات التجارية,2026/06/08,1447/12/22,1
منطقة مكة المكرمه,مكة المكرمة,القطاع العام,خدمة إلكترونية جزئيا,الوزارات الحكومية,2026/06/08,1447/12/22,1
الخدمات الرقمية,عام,القطاع العام,خدمة إلكترونية,المطالبات والمحاكم,2026/06/09,1447/12/23,"5,088"
الخدمات الرقمية,عام,القطاع العام,خدمة إلكترونية,العقارات,2026/06/09,1447/12/23,"2,888"
الخدمات الرقمية,عام,القطاع العام,خدمة إلكترونية,الجوازات,2026/06/09,1447/12/23,"1,722"
الخدمات الرقمية,عام,القطاع العام,خدمة إلكترونية,السيارات,2026/06/09,1447/12/23,"1,639"
الخدمات الرقمية,عام,القطاع العام,خدمة إلكترونية,البنوك والمصارف,2026/06/09,1447/12/23,"1,512"
الخدمات الرقمية,عام,القطاع العام,خدمة إلكترونية,الوزارات الحكومية,2026/06/09,1447/12/23,810
الخدمات الرقمية,عام,القطاع العام,خدمة إلكترونية,المرور,2026/06/09,1447/12/23,593
الخدمات الرقمية,عام,القطاع العام,خدمة إلكترونية,الشركات والمؤسسات الأهلية,2026/06/09,1447/12/23,485
الخدمات الرقمية,عام,القطاع العام,خدمة إلكترونية,السجلات التجارية,2026/06/09,1447/12/23,451
الخدمات الرقمية,عام,القطاع العام,خدمة إلكترونية,الجهات الأمنية,2026/06/09,1447/12/23,387
الخدمات الرقمية,عام,القطاع العام,خدمة إلكترونية,وكالة خارج المملكة العربية السعودية فقط,2026/06/09,1447/12/23,370
الخدمات الرقمية,عام,القطاع العام,خدمة إلكترونية,وزارة الموارد البشرية والتنمية الاجتماعية,2026/06/09,1447/12/23,290
الخدمات الرقمية,عام,القطاع العام,خدمة إلكترونية,الأمانات والبلديات,2026/06/09,1447/12/23,278
الخدمات الرقمية,عام,القطاع العام,خدمة إلكترونية,إدارة الأحوال المدنية,2026/06/09,1447/12/23,258
منطقة الرياض,الرياض,القطاع الخاص,خدمة إلكترونية جزئيا,المطالبات والمحاكم,2026/06/09,1447/12/23,247
الخدمات الرقمية,عام,القطاع العام,خدمة إلكترونية,طلب الخدمات,2026/06/09,1447/12/23,190
الخدمات الرقمية,عام,القطاع العام,خدمة إلكترونية,الرواتب والمستحقات,2026/06/09,1447/12/23,189
منطقة الرياض,الرياض,القطاع العام,خدمة إلكترونية جزئيا,المطالبات والمحاكم,2026/06/09,1447/12/23,189
منطقة الرياض,الرياض,القطاع الخاص,خدمة إلكترونية جزئيا,العقارات,2026/06/09,1447/12/23,187
الخدمات الرقمية,عام,القطاع العام,خدمة إلكترونية,شركات الاتصالات,2026/06/09,1447/12/23,178
الخدمات الرقمية,كتابة عدل مدمجة - افتراضية,القطاع العام,خدمة إلكترونية جزئيا,المطالبات والمحاكم,2026/06/09,1447/12/23,176
الخدمات الرقمية,عام,القطاع العام,خدمة إلكترونية,الجهات التعليمية,2026/06/09,1447/12/23,161
منطقة مكة المكرمه,جده,القطاع الخاص,خدمة إلكترونية جزئيا,المطالبات والمحاكم,2026/06/09,1447/12/23,125
الخدمات الرقمية,عام,القطاع العام,خدمة إلكترونية,الهيئات الحكومية,2026/06/09,1447/12/23,120
الخدمات الرقمية,عام,القطاع العام,خدمة إلكترونية,شركة الكهرباء,2026/06/09,1447/12/23,113
الخدمات الرقمية,عام,القطاع العام,خدمة إلكترونية,شبكة إيجار الإلكترونية,2026/06/09,1447/12/23,97
منطقة الرياض,الرياض,القطاع العام,خدمة إلكترونية جزئيا,تصديق الوكالات الخارجية,2026/06/09,1447/12/23,95
الخدمات الرقمية,عام,القطاع العام,خدمة إلكترونية,النكاح,2026/06/09,1447/12/23,91
الخدمات الرقمية,عام,القطاع العام,خدمة إلكترونية,الشركات,2026/06/09,1447/12/23,90
الخدمات الرقمية,عام,القطاع العام,خدمة إلكترونية,شركة المياه,2026/06/09,1447/12/23,75
الخدمات الرقمية,كتابة عدل مدمجة - افتراضية,القطاع العام,خدمة إلكترونية جزئيا,العقارات,2026/06/09,1447/12/23,69
الخدمات الرقمية,عام,القطاع العام,خدمة إلكترونية,التعويضات والمساعدات,2026/06/09,1447/12/23,65
الخدمات الرقمية,عام,القطاع العام,خدمة إلكترونية,صندوق التنمية العقارية,2026/06/09,1447/12/23,65
الخدمات الرقمية,عام,القطاع العام,خدمة إلكترونية,المؤسسات الحكومية,2026/06/09,1447/12/23,60
منطقة مكة المكرمه,مكة المكرمة,القطاع الخاص,خدمة إلكترونية جزئيا,المطالبات والمحاكم,2026/06/09,1447/12/23,60
الخدمات الرقمية,عام,القطاع العام,خدمة إلكترونية,مكتب الإستقدام,2026/06/09,1447/12/23,56
منطقة الرياض,الرياض,القطاع العام,خدمة إلكترونية جزئيا,البنوك والمصارف,2026/06/09,1447/12/23,51
الخدمات الرقمية,عام,القطاع العام,خدمة إلكترونية,إثباتات المحاكم,2026/06/09,1447/12/23,47
منطقة مكة المكرمه,جده,القطاع الخاص,خدمة إلكترونية جزئيا,العقارات,2026/06/09,1447/12/23,47
منطقة الرياض,الرياض,القطاع الخاص,خدمة إلكترونية جزئيا,السجلات التجارية,2026/06/09,1447/12/23,46
منطقة مكة المكرمه,جده,القطاع الخاص,خدمة إلكترونية جزئيا,وكالة خارج المملكة العربية السعودية فقط,2026/06/09,1447/12/23,44
الخدمات الرقمية,كتابة عدل مدمجة - افتراضية,القطاع العام,خدمة إلكترونية جزئيا,البنوك والمصارف,2026/06/09,1447/12/23,42
الخدمات الرقمية,عام,القطاع العام,خدمة إلكترونية,هيئة الزكاة والضريبة والجمارك,2026/06/09,1447/12/23,41
منطقة الرياض,الرياض,القطاع العام,خدمة إلكترونية جزئيا,الجهات الأمنية,2026/06/09,1447/12/23,40
منطقة الرياض,الرياض,القطاع الخاص,خدمة إلكترونية جزئيا,وكالة خارج المملكة العربية السعودية فقط,2026/06/09,1447/12/23,34
منطقة مكة المكرمه,جده,القطاع العام,خدمة إلكترونية جزئيا,تصديق الوكالات الخارجية,2026/06/09,1447/12/23,34
الخدمات الرقمية,عام,القطاع العام,خدمة إلكترونية,المنح السكنية,2026/06/09,1447/12/23,31
منطقة مكة المكرمه,جده,القطاع الخاص,خدمة إلكترونية جزئيا,السجلات التجارية,2026/06/09,1447/12/23,30
منطقة الرياض,الرياض,القطاع الخاص,خدمة إلكترونية جزئيا,البنوك والمصارف,2026/06/09,1447/12/23,29
الخدمات الرقمية,عام,القطاع العام,خدمة إلكترونية,المنح الزراعية,2026/06/09,1447/12/23,27
منطقة الشرقية,الدمام,القطاع الخاص,خدمة إلكترونية جزئيا,المطالبات والمحاكم,2026/06/09,1447/12/23,25
منطقة مكة المكرمه,الطائف,القطاع الخاص,خدمة إلكترونية جزئيا,المطالبات والمحاكم,2026/06/09,1447/12/23,25
منطقة الشرقية,الدمام,القطاع العام,خدمة إلكترونية جزئيا,تصديق الوكالات الخارجية,2026/06/09,1447/12/23,24
منطقة مكة المكرمه,مكة المكرمة,القطاع الخاص,خدمة إلكترونية جزئيا,العقارات,2026/06/09,1447/12/23,23
الخدمات الرقمية,كتابة عدل مدمجة - افتراضية,القطاع العام,خدمة إلكترونية جزئيا,شبكة إيجار الإلكترونية,2026/06/09,1447/12/23,21
منطقة مكة المكرمه,مكة المكرمة,القطاع الخاص,خدمة إلكترونية جزئيا,السجلات التجارية,2026/06/09,1447/12/23,21
الخدمات الرقمية,عام,القطاع العام,خدمة إلكترونية,بنك التنمية الاجتماعية,2026/06/09,1447/12/23,19
الخدمات الرقمية,عام,القطاع العام,خدمة إلكترونية جزئيا,المطالبات والمحاكم,2026/06/09,1447/12/23,19
منطقة مكة المكرمه,جده,القطاع العام,خدمة إلكترونية جزئيا,المطالبات والمحاكم,2026/06/09,1447/12/23,18
منطقة الرياض,الرياض,القطاع الخاص,خدمة إلكترونية جزئيا,السيارات,2026/06/09,1447/12/23,16
منطقة الرياض,الرياض,القطاع الخاص,خدمة إلكترونية جزئيا,شبكة إيجار الإلكترونية,2026/06/09,1447/12/23,16
منطقة الشرقية,الخبر,القطاع الخاص,خدمة إلكترونية جزئيا,المطالبات والمحاكم,2026/06/09,1447/12/23,16
منطقة مكة المكرمه,جده,القطاع الخاص,خدمة إلكترونية جزئيا,السيارات,2026/06/09,1447/12/23,16
الخدمات الرقمية,كتابة عدل مدمجة - افتراضية,القطاع العام,خدمة إلكترونية جزئيا,الوزارات الحكومية,2026/06/09,1447/12/23,15
منطقة الرياض,الرياض,القطاع العام,خدمة إلكترونية جزئيا,السيارات,2026/06/09,1447/12/23,15
الخدمات الرقمية,عام,القطاع العام,خدمة إلكترونية,استقدام العمالة,2026/06/09,1447/12/23,14
الخدمات الرقمية,عام,القطاع العام,خدمة إلكترونية,التوكيل على الإقرارات,2026/06/09,1447/12/23,14
الخدمات الرقمية,عام,القطاع العام,خدمة إلكترونية,الحالات الاجتماعية,2026/06/09,1447/12/23,14
منطقة الشرقية,الخبر,القطاع الخاص,خدمة إلكترونية جزئيا,العقارات,2026/06/09,1447/12/23,14
الخدمات الرقمية,عام,القطاع العام,خدمة إلكترونية جزئيا,البنوك والمصارف,2026/06/09,1447/12/23,13
الخدمات الرقمية,كتابة عدل مدمجة - افتراضية,القطاع العام,خدمة إلكترونية جزئيا,السيارات,2026/06/09,1447/12/23,13
منطقة الرياض,الرياض,القطاع العام,خدمة إلكترونية جزئيا,العقارات,2026/06/09,1447/12/23,13
منطقة الرياض,الرياض,القطاع الخاص,خدمة إلكترونية جزئيا,المرور,2026/06/09,1447/12/23,12
منطقة الرياض,الرياض,القطاع الخاص,خدمة إلكترونية جزئيا,النكاح,2026/06/09,1447/12/23,12
منطقة القصيم,البدائع,القطاع الخاص,خدمة إلكترونية جزئيا,المطالبات والمحاكم,2026/06/09,1447/12/23,12
منطقة مكة المكرمه,جده,القطاع الخاص,خدمة إلكترونية جزئيا,البنوك والمصارف,2026/06/09,1447/12/23,12
الخدمات الرقمية,كتابة عدل مدمجة - افتراضية,القطاع العام,خدمة إلكترونية جزئيا,الشركات والمؤسسات الأهلية,2026/06/09,1447/12/23,11
منطقة الرياض,الرياض,القطاع الخاص,خدمة إلكترونية جزئيا,الشركات,2026/06/09,1447/12/23,11
منطقة الرياض,الرياض,القطاع العام,خدمة إلكترونية جزئيا,الجوازات,2026/06/09,1447/12/23,11
منطقة المدينة المنوره,المدينة المنورة,القطاع الخاص,خدمة إلكترونية جزئيا,المطالبات والمحاكم,2026/06/09,1447/12/23,11
منطقة تبوك,تبوك,القطاع الخاص,خدمة إلكترونية جزئيا,المطالبات والمحاكم,2026/06/09,1447/12/23,11
منطقة عسير,ابها,القطاع الخاص,خدمة إلكترونية جزئيا,المطالبات والمحاكم,2026/06/09,1447/12/23,11
منطقة مكة المكرمه,جده,القطاع الخاص,خدمة إلكترونية جزئيا,الهيئات الحكومية,2026/06/09,1447/12/23,11
الخدمات الرقمية,كتابة عدل مدمجة - افتراضية,القطاع العام,خدمة إلكترونية جزئيا,الجهات التعليمية,2026/06/09,1447/12/23,10
منطقة الرياض,الرياض,القطاع العام,خدمة إلكترونية جزئيا,إدارة الأحوال المدنية,2026/06/09,1447/12/23,10
منطقة الرياض,الرياض,القطاع العام,خدمة إلكترونية جزئيا,المؤسسات الحكومية,2026/06/09,1447/12/23,10
منطقة الشرقية,الدمام,القطاع الخاص,خدمة إلكترونية جزئيا,العقارات,2026/06/09,1447/12/23,10
منطقة الشرقية,الدمام,القطاع العام,خدمة إلكترونية جزئيا,المطالبات والمحاكم,2026/06/09,1447/12/23,10
منطقة مكة المكرمه,مكة المكرمة,القطاع الخاص,خدمة إلكترونية جزئيا,وكالة خارج المملكة العربية السعودية فقط,2026/06/09,1447/12/23,10
الخدمات الرقمية,عام,القطاع العام,خدمة إلكترونية,إنهائات المحاكم,2026/06/09,1447/12/23,9
الخدمات الرقمية,عام,القطاع العام,خدمة إلكترونية,البنك السعودي للتسليف والإدخار,2026/06/09,1447/12/23,9
الخدمات الرقمية,عام,القطاع العام,خدمة إلكترونية,العوائد السنوية,2026/06/09,1447/12/23,9
الخدمات الرقمية,عام,القطاع العام,خدمة إلكترونية جزئيا,العقارات,2026/06/09,1447/12/23,9
الخدمات الرقمية,كتابة عدل مدمجة - افتراضية,القطاع العام,خدمة إلكترونية جزئيا,السجلات التجارية,2026/06/09,1447/12/23,9
منطقة الرياض,الرياض,القطاع الخاص,خدمة إلكترونية جزئيا,الهيئات الحكومية,2026/06/09,1447/12/23,9
منطقة مكة المكرمه,جده,القطاع الخاص,خدمة إلكترونية جزئيا,شبكة إيجار الإلكترونية,2026/06/09,1447/12/23,9
منطقة مكة المكرمه,مكة المكرمة,القطاع الخاص,خدمة إلكترونية جزئيا,شبكة إيجار الإلكترونية,2026/06/09,1447/12/23,9
الخدمات الرقمية,عام,القطاع العام,خدمة إلكترونية,التنازل عن كامل الإرث,2026/06/09,1447/12/23,8
الخدمات الرقمية,كتابة عدل مدمجة - افتراضية,القطاع العام,خدمة إلكترونية جزئيا,الجهات الأمنية,2026/06/09,1447/12/23,8
منطقة الجوف,دومة الجندل,القطاع الخاص,خدمة إلكترونية جزئيا,المطالبات والمحاكم,2026/06/09,1447/12/23,8
منطقة الرياض,الرياض,القطاع العام,خدمة إلكترونية جزئيا,الوزارات الحكومية,2026/06/09,1447/12/23,8
منطقة الرياض,الرياض,القطاع العام,خدمة إلكترونية جزئيا,شركات الاتصالات,2026/06/09,1447/12/23,8
منطقة مكة المكرمه,الطائف,القطاع الخاص,خدمة إلكترونية جزئيا,العقارات,2026/06/09,1447/12/23,8
منطقة الرياض,الرياض,القطاع الخاص,خدمة إلكترونية جزئيا,الأمانات والبلديات,2026/06/09,1447/12/23,7
منطقة مكة المكرمه,جده,القطاع الخاص,خدمة إلكترونية جزئيا,الأمانات والبلديات,2026/06/09,1447/12/23,7
الخدمات الرقمية,كتابة عدل مدمجة - افتراضية,القطاع العام,خدمة إلكترونية جزئيا,الجوازات,2026/06/09,1447/12/23,6
الخدمات الرقمية,كتابة عدل مدمجة - افتراضية,القطاع العام,خدمة إلكترونية جزئيا,الرواتب والمستحقات,2026/06/09,1447/12/23,6
منطقة الحدود الشمالية,عرعر,القطاع العام,خدمة إلكترونية جزئيا,تصديق الوكالات الخارجية,2026/06/09,1447/12/23,6
منطقة الرياض,الدرعيه,القطاع الخاص,خدمة إلكترونية جزئيا,المطالبات والمحاكم,2026/06/09,1447/12/23,6
منطقة الرياض,الرياض,القطاع الخاص,خدمة إلكترونية جزئيا,الوزارات الحكومية,2026/06/09,1447/12/23,6
منطقة الرياض,الرياض,القطاع الخاص,خدمة إلكترونية جزئيا,صندوق التنمية العقارية,2026/06/09,1447/12/23,6
منطقة الشرقية,الجبيل,القطاع الخاص,خدمة إلكترونية جزئيا,المطالبات والمحاكم,2026/06/09,1447/12/23,6
منطقة القصيم,بريده,القطاع الخاص,خدمة إلكترونية جزئيا,العقارات,2026/06/09,1447/12/23,6
منطقة المدينة المنوره,المدينة المنورة,القطاع الخاص,خدمة إلكترونية جزئيا,العقارات,2026/06/09,1447/12/23,6
منطقة مكة المكرمه,جده,القطاع الخاص,خدمة إلكترونية جزئيا,الشركات,2026/06/09,1447/12/23,6
منطقة مكة المكرمه,مكة المكرمة,القطاع الخاص,خدمة إلكترونية جزئيا,السيارات,2026/06/09,1447/12/23,6
الخدمات الرقمية,عام,القطاع العام,خدمة إلكترونية,مكافآت الجامعات والمعاهد,2026/06/09,1447/12/23,5
الخدمات الرقمية,كتابة عدل مدمجة - افتراضية,القطاع العام,خدمة إلكترونية جزئيا,الشركات,2026/06/09,1447/12/23,5
الخدمات الرقمية,كتابة عدل مدمجة - افتراضية,القطاع العام,خدمة إلكترونية جزئيا,المرور,2026/06/09,1447/12/23,5
الخدمات الرقمية,كتابة عدل مدمجة - افتراضية,القطاع العام,خدمة إلكترونية جزئيا,النكاح,2026/06/09,1447/12/23,5
منطقة الرياض,الرياض,القطاع الخاص,خدمة إلكترونية جزئيا,صندوق التنمية الصناعية,2026/06/09,1447/12/23,5
منطقة الرياض,الرياض,القطاع العام,خدمة إلكترونية جزئيا,الهيئات الحكومية,2026/06/09,1447/12/23,5
منطقة الرياض,حوطة بني تميم,القطاع الخاص,خدمة إلكترونية جزئيا,المطالبات والمحاكم,2026/06/09,1447/12/23,5
منطقة الشرقية,الاحساء,القطاع الخاص,خدمة إلكترونية جزئيا,المطالبات والمحاكم,2026/06/09,1447/12/23,5
منطقة الشرقية,الخبر,القطاع الخاص,خدمة إلكترونية جزئيا,البنوك والمصارف,2026/06/09,1447/12/23,5
منطقة الشرقية,الخبر,القطاع الخاص,خدمة إلكترونية جزئيا,السجلات التجارية,2026/06/09,1447/12/23,5
منطقة الشرقية,الدمام,القطاع الخاص,خدمة إلكترونية جزئيا,السيارات,2026/06/09,1447/12/23,5
منطقة الشرقية,الدمام,القطاع الخاص,خدمة إلكترونية جزئيا,وكالة خارج المملكة العربية السعودية فقط,2026/06/09,1447/12/23,5
منطقة القصيم,البكيريه,القطاع الخاص,خدمة إلكترونية جزئيا,المطالبات والمحاكم,2026/06/09,1447/12/23,5
منطقة القصيم,بريده,القطاع الخاص,خدمة إلكترونية جزئيا,المطالبات والمحاكم,2026/06/09,1447/12/23,5
منطقة مكة المكرمه,مكة المكرمة,القطاع العام,خدمة إلكترونية جزئيا,تصديق الوكالات الخارجية,2026/06/09,1447/12/23,5
الخدمات الرقمية,عام,القطاع العام,خدمة إلكترونية,أذونات المحاكم,2026/06/09,1447/12/23,4
الخدمات الرقمية,عام,القطاع العام,خدمة إلكترونية,صندوق التنمية الزراعية,2026/06/09,1447/12/23,4
الخدمات الرقمية,كتابة عدل مدمجة - افتراضية,القطاع العام,خدمة إلكترونية جزئيا,المؤسسات الحكومية,2026/06/09,1447/12/23,4
منطقة الحدود الشمالية,عرعر,القطاع الخاص,خدمة إلكترونية جزئيا,المطالبات والمحاكم,2026/06/09,1447/12/23,4
منطقة الرياض,الخرج,القطاع الخاص,خدمة إلكترونية جزئيا,العقارات,2026/06/09,1447/12/23,4
منطقة الرياض,الخرج,القطاع الخاص,خدمة إلكترونية جزئيا,المطالبات والمحاكم,2026/06/09,1447/12/23,4
منطقة الرياض,الرياض,القطاع الخاص,خدمة إلكترونية جزئيا,الشركات والمؤسسات الأهلية,2026/06/09,1447/12/23,4
منطقة الرياض,الرياض,القطاع العام,خدمة إلكترونية جزئيا,الشركات والمؤسسات الأهلية,2026/06/09,1447/12/23,4
منطقة الشرقية,الخبر,القطاع الخاص,خدمة إلكترونية جزئيا,السيارات,2026/06/09,1447/12/23,4
منطقة الشرقية,حفر الباطن,القطاع الخاص,خدمة إلكترونية جزئيا,البنوك والمصارف,2026/06/09,1447/12/23,4
منطقة الشرقية,حفر الباطن,القطاع الخاص,خدمة إلكترونية جزئيا,المطالبات والمحاكم,2026/06/09,1447/12/23,4
منطقة القصيم,عنيزه,القطاع الخاص,خدمة إلكترونية جزئيا,الشركات,2026/06/09,1447/12/23,4
منطقة القصيم,عنيزه,القطاع الخاص,خدمة إلكترونية جزئيا,العقارات,2026/06/09,1447/12/23,4
منطقة المدينة المنوره,المدينة المنورة,القطاع الخاص,خدمة إلكترونية جزئيا,البنوك والمصارف,2026/06/09,1447/12/23,4
منطقة عسير,ابها,القطاع الخاص,خدمة إلكترونية جزئيا,العقارات,2026/06/09,1447/12/23,4
منطقة مكة المكرمه,جده,القطاع الخاص,خدمة إلكترونية جزئيا,الوزارات الحكومية,2026/06/09,1447/12/23,4
منطقة مكة المكرمه,مكة المكرمة,القطاع الخاص,خدمة إلكترونية جزئيا,المرور,2026/06/09,1447/12/23,4
منطقة نجران,نجران,القطاع الخاص,خدمة إلكترونية جزئيا,السجلات التجارية,2026/06/09,1447/12/23,4
الخدمات الرقمية,عام,القطاع العام,خدمة إلكترونية,البريد,2026/06/09,1447/12/23,3
الخدمات الرقمية,عام,القطاع العام,خدمة إلكترونية,التراخيص الصناعية,2026/06/09,1447/12/23,3
الخدمات الرقمية,عام,القطاع العام,خدمة إلكترونية,الضمان الاجتماعي,2026/06/09,1447/12/23,3
الخدمات الرقمية,عام,القطاع العام,خدمة إلكترونية جزئيا,إدارة الأحوال المدنية,2026/06/09,1447/12/23,3
الخدمات الرقمية,عام,القطاع العام,خدمة إلكترونية جزئيا,النكاح,2026/06/09,1447/12/23,3
الخدمات الرقمية,كتابة عدل مدمجة - افتراضية,القطاع العام,خدمة إلكترونية جزئيا,إدارة الأحوال المدنية,2026/06/09,1447/12/23,3
الخدمات الرقمية,كتابة عدل مدمجة - افتراضية,القطاع العام,خدمة إلكترونية جزئيا,الأمانات والبلديات,2026/06/09,1447/12/23,3
الخدمات الرقمية,كتابة عدل مدمجة - افتراضية,القطاع العام,خدمة إلكترونية جزئيا,شركات الاتصالات,2026/06/09,1447/12/23,3
منطقة الرياض,الدلم,القطاع الخاص,خدمة إلكترونية جزئيا,المطالبات والمحاكم,2026/06/09,1447/12/23,3
منطقة الرياض,الرياض,القطاع الخاص,خدمة إلكترونية جزئيا,الجهات الأمنية,2026/06/09,1447/12/23,3
منطقة الرياض,الرياض,القطاع العام,خدمة إلكترونية جزئيا,إنهائات المحاكم,2026/06/09,1447/12/23,3
منطقة الرياض,الرياض,القطاع العام,خدمة إلكترونية جزئيا,المرور,2026/06/09,1447/12/23,3
منطقة الرياض,الرياض,القطاع العام,خدمة إلكترونية جزئيا,النكاح,2026/06/09,1447/12/23,3
منطقة الرياض,المجمعه,القطاع الخاص,خدمة إلكترونية جزئيا,المطالبات والمحاكم,2026/06/09,1447/12/23,3
منطقة الشرقية,الخبر,القطاع الخاص,خدمة إلكترونية جزئيا,وكالة خارج المملكة العربية السعودية فقط,2026/06/09,1447/12/23,3
منطقة الشرقية,القطيف,القطاع الخاص,خدمة إلكترونية جزئيا,العقارات,2026/06/09,1447/12/23,3
منطقة الشرقية,حفر الباطن,القطاع الخاص,خدمة إلكترونية جزئيا,العقارات,2026/06/09,1447/12/23,3
منطقة القصيم,البدائع,القطاع الخاص,خدمة إلكترونية جزئيا,العقارات,2026/06/09,1447/12/23,3
منطقة المدينة المنوره,المدينة المنورة,القطاع العام,خدمة إلكترونية جزئيا,تصديق الوكالات الخارجية,2026/06/09,1447/12/23,3
منطقة تبوك,تبوك,القطاع الخاص,خدمة إلكترونية جزئيا,العقارات,2026/06/09,1447/12/23,3
منطقة تبوك,تبوك,القطاع الخاص,خدمة إلكترونية جزئيا,المنح الزراعية,2026/06/09,1447/12/23,3
منطقة جازان,جيزان,القطاع الخاص,خدمة إلكترونية جزئيا,المطالبات والمحاكم,2026/06/09,1447/12/23,3
منطقة حائل,حائل,القطاع الخاص,خدمة إلكترونية جزئيا,البنوك والمصارف,2026/06/09,1447/12/23,3
منطقة حائل,حائل,القطاع الخاص,خدمة إلكترونية جزئيا,المطالبات والمحاكم,2026/06/09,1447/12/23,3
منطقة عسير,ابها,القطاع العام,خدمة إلكترونية جزئيا,تصديق الوكالات الخارجية,2026/06/09,1447/12/23,3
منطقة عسير,خميس مشيط,القطاع الخاص,خدمة إلكترونية جزئيا,المطالبات والمحاكم,2026/06/09,1447/12/23,3
منطقة مكة المكرمه,الطائف,القطاع الخاص,خدمة إلكترونية جزئيا,السيارات,2026/06/09,1447/12/23,3
منطقة مكة المكرمه,جده,القطاع الخاص,خدمة إلكترونية جزئيا,الرواتب والمستحقات,2026/06/09,1447/12/23,3
منطقة مكة المكرمه,مكة المكرمة,القطاع الخاص,خدمة إلكترونية جزئيا,الأمانات والبلديات,2026/06/09,1447/12/23,3
منطقة مكة المكرمه,مكة المكرمة,القطاع الخاص,خدمة إلكترونية جزئيا,الوزارات الحكومية,2026/06/09,1447/12/23,3
منطقة مكة المكرمه,مكة المكرمة,القطاع الخاص,خدمة إلكترونية جزئيا,مكتب الإستقدام,2026/06/09,1447/12/23,3
الخدمات الرقمية,عام,القطاع العام,خدمة إلكترونية,الرئاسات الحكومية,2026/06/09,1447/12/23,2
الخدمات الرقمية,عام,القطاع العام,خدمة إلكترونية,بنك التصدير والاستيراد السعودي,2026/06/09,1447/12/23,2
الخدمات الرقمية,عام,القطاع العام,خدمة إلكترونية جزئيا,الأمانات والبلديات,2026/06/09,1447/12/23,2
الخدمات الرقمية,عام,القطاع العام,خدمة إلكترونية جزئيا,السجلات التجارية,2026/06/09,1447/12/23,2
الخدمات الرقمية,عام,القطاع العام,خدمة إلكترونية جزئيا,السيارات,2026/06/09,1447/12/23,2
الخدمات الرقمية,عام,القطاع العام,خدمة إلكترونية جزئيا,المؤسسات الحكومية,2026/06/09,1447/12/23,2
الخدمات الرقمية,عام,القطاع العام,خدمة إلكترونية جزئيا,الوزارات الحكومية,2026/06/09,1447/12/23,2
الخدمات الرقمية,كتابة عدل مدمجة - افتراضية,القطاع العام,خدمة إلكترونية جزئيا,إثباتات المحاكم,2026/06/09,1447/12/23,2
الخدمات الرقمية,كتابة عدل مدمجة - افتراضية,القطاع العام,خدمة إلكترونية جزئيا,أذونات المحاكم,2026/06/09,1447/12/23,2
الخدمات الرقمية,كتابة عدل مدمجة - افتراضية,القطاع العام,خدمة إلكترونية جزئيا,إنهائات المحاكم,2026/06/09,1447/12/23,2
الخدمات الرقمية,كتابة عدل مدمجة - افتراضية,القطاع العام,خدمة إلكترونية جزئيا,الهيئات الحكومية,2026/06/09,1447/12/23,2
الخدمات الرقمية,كتابة عدل مدمجة - افتراضية,القطاع العام,خدمة إلكترونية جزئيا,بنك التنمية الاجتماعية,2026/06/09,1447/12/23,2
الخدمات الرقمية,كتابة عدل مدمجة - افتراضية,القطاع العام,خدمة إلكترونية جزئيا,شركة الكهرباء,2026/06/09,1447/12/23,2
منطقة الجوف,القريات,القطاع الخاص,خدمة إلكترونية جزئيا,المطالبات والمحاكم,2026/06/09,1447/12/23,2
منطقة الجوف,دومة الجندل,القطاع الخاص,خدمة إلكترونية جزئيا,الهيئات الحكومية,2026/06/09,1447/12/23,2
منطقة الحدود الشمالية,عرعر,القطاع الخاص,خدمة إلكترونية جزئيا,وكالة خارج المملكة العربية السعودية فقط,2026/06/09,1447/12/23,2
منطقة الرياض,الرياض,القطاع العام,خدمة إلكترونية جزئيا,الرواتب والمستحقات,2026/06/09,1447/12/23,2
منطقة الرياض,الرياض,القطاع العام,خدمة إلكترونية جزئيا,السجلات التجارية,2026/06/09,1447/12/23,2
منطقة الرياض,الرياض,القطاع العام,خدمة إلكترونية جزئيا,وكالة خارج المملكة العربية السعودية فقط,2026/06/09,1447/12/23,2
منطقة الرياض,حوطة بني تميم,القطاع الخاص,خدمة إلكترونية جزئيا,وكالة خارج المملكة العربية السعودية فقط,2026/06/09,1447/12/23,2
منطقة الشرقية,الدمام,القطاع الخاص,خدمة إلكترونية جزئيا,الشركات,2026/06/09,1447/12/23,2
منطقة الشرقية,الدمام,القطاع العام,خدمة إلكترونية جزئيا,العقارات,2026/06/09,1447/12/23,2
منطقة الشرقية,الظهران,القطاع العام,خدمة إلكترونية جزئيا,البنوك والمصارف,2026/06/09,1447/12/23,2
منطقة الشرقية,القطيف,القطاع الخاص,خدمة إلكترونية جزئيا,البنوك والمصارف,2026/06/09,1447/12/23,2
منطقة القصيم,البدائع,القطاع الخاص,خدمة إلكترونية جزئيا,وكالة خارج المملكة العربية السعودية فقط,2026/06/09,1447/12/23,2
منطقة القصيم,البكيريه,القطاع الخاص,خدمة إلكترونية جزئيا,الجهات الأمنية,2026/06/09,1447/12/23,2
منطقة القصيم,البكيريه,القطاع الخاص,خدمة إلكترونية جزئيا,العقارات,2026/06/09,1447/12/23,2
منطقة القصيم,الرس,القطاع الخاص,خدمة إلكترونية جزئيا,العقارات,2026/06/09,1447/12/23,2
منطقة القصيم,بريده,القطاع العام,خدمة إلكترونية جزئيا,العقارات,2026/06/09,1447/12/23,2
منطقة القصيم,بريده,القطاع العام,خدمة إلكترونية جزئيا,تصديق الوكالات الخارجية,2026/06/09,1447/12/23,2
منطقة المدينة المنوره,الحناكية,القطاع الخاص,خدمة إلكترونية جزئيا,السجلات التجارية,2026/06/09,1447/12/23,2
منطقة المدينة المنوره,المدينة المنورة,القطاع الخاص,خدمة إلكترونية جزئيا,الجوازات,2026/06/09,1447/12/23,2
منطقة المدينة المنوره,المدينة المنورة,القطاع الخاص,خدمة إلكترونية جزئيا,شبكة إيجار الإلكترونية,2026/06/09,1447/12/23,2
منطقة المدينة المنوره,المدينة المنورة,القطاع العام,خدمة إلكترونية جزئيا,العقارات,2026/06/09,1447/12/23,2
منطقة المدينة المنوره,ينبع,القطاع الخاص,خدمة إلكترونية جزئيا,وكالة خارج المملكة العربية السعودية فقط,2026/06/09,1447/12/23,2
منطقة عسير,ابها,القطاع الخاص,خدمة إلكترونية جزئيا,البنوك والمصارف,2026/06/09,1447/12/23,2
منطقة عسير,خميس مشيط,القطاع الخاص,خدمة إلكترونية جزئيا,العقارات,2026/06/09,1447/12/23,2
منطقة مكة المكرمه,الطائف,القطاع الخاص,خدمة إلكترونية جزئيا,وكالة خارج المملكة العربية السعودية فقط,2026/06/09,1447/12/23,2
منطقة مكة المكرمه,جده,القطاع الخاص,خدمة إلكترونية جزئيا,الجهات الأمنية,2026/06/09,1447/12/23,2
منطقة مكة المكرمه,جده,القطاع الخاص,خدمة إلكترونية جزئيا,الجوازات,2026/06/09,1447/12/23,2
منطقة مكة المكرمه,جده,القطاع الخاص,خدمة إلكترونية جزئيا,الشركات والمؤسسات الأهلية,2026/06/09,1447/12/23,2
منطقة مكة المكرمه,جده,القطاع العام,خدمة إلكترونية جزئيا,الشركات والمؤسسات الأهلية,2026/06/09,1447/12/23,2
منطقة مكة المكرمه,جده,القطاع العام,خدمة إلكترونية جزئيا,العقارات,2026/06/09,1447/12/23,2
منطقة مكة المكرمه,مكة المكرمة,القطاع الخاص,خدمة إلكترونية جزئيا,البنوك والمصارف,2026/06/09,1447/12/23,2
منطقة مكة المكرمه,مكة المكرمة,القطاع الخاص,خدمة إلكترونية جزئيا,الشركات والمؤسسات الأهلية,2026/06/09,1447/12/23,2
منطقة مكة المكرمه,مكة المكرمة,القطاع العام,خدمة إلكترونية جزئيا,المطالبات والمحاكم,2026/06/09,1447/12/23,2
الخدمات الرقمية,عام,القطاع العام,خدمة إلكترونية,تصاريح القوارب والصيد,2026/06/09,1447/12/23,1
الخدمات الرقمية,عام,القطاع العام,خدمة إلكترونية,صندوق تنمية الموارد البشرية,2026/06/09,1447/12/23,1
الخدمات الرقمية,عام,القطاع العام,خدمة إلكترونية,فسخ الوكالات,2026/06/09,1447/12/23,1
الخدمات الرقمية,عام,القطاع العام,خدمة إلكترونية جزئيا,إنهائات المحاكم,2026/06/09,1447/12/23,1
الخدمات الرقمية,عام,القطاع العام,خدمة إلكترونية جزئيا,الجهات الأمنية,2026/06/09,1447/12/23,1
الخدمات الرقمية,عام,القطاع العام,خدمة إلكترونية جزئيا,الجوازات,2026/06/09,1447/12/23,1
الخدمات الرقمية,عام,القطاع العام,خدمة إلكترونية جزئيا,الشركات,2026/06/09,1447/12/23,1
الخدمات الرقمية,عام,القطاع العام,خدمة إلكترونية جزئيا,الضمان والشؤون الاجتماعية,2026/06/09,1447/12/23,1
الخدمات الرقمية,عام,القطاع العام,خدمة إلكترونية جزئيا,المرور,2026/06/09,1447/12/23,1
الخدمات الرقمية,عام,القطاع العام,خدمة إلكترونية جزئيا,شركات الاتصالات,2026/06/09,1447/12/23,1
الخدمات الرقمية,عام,القطاع العام,خدمة إلكترونية جزئيا,شركة الكهرباء,2026/06/09,1447/12/23,1
الخدمات الرقمية,كتابة عدل مدمجة - افتراضية,القطاع العام,خدمة إلكترونية جزئيا,الضمان والشؤون الاجتماعية,2026/06/09,1447/12/23,1
الخدمات الرقمية,كتابة عدل مدمجة - افتراضية,القطاع العام,خدمة إلكترونية جزئيا,مكتب الإستقدام,2026/06/09,1447/12/23,1
الخدمات الرقمية,كتابة عدل مدمجة - افتراضية,القطاع العام,خدمة إلكترونية جزئيا,وزارة الموارد البشرية والتنمية الاجتماعية,2026/06/09,1447/12/23,1
منطقة الجوف,القريات,القطاع الخاص,خدمة إلكترونية جزئيا,السجلات التجارية,2026/06/09,1447/12/23,1
منطقة الرياض,الدرعيه,القطاع الخاص,خدمة إلكترونية جزئيا,العقارات,2026/06/09,1447/12/23,1
منطقة الرياض,الدلم,القطاع الخاص,خدمة إلكترونية جزئيا,الهيئات الحكومية,2026/06/09,1447/12/23,1
منطقة الرياض,الدوادمي,القطاع الخاص,خدمة إلكترونية جزئيا,المطالبات والمحاكم,2026/06/09,1447/12/23,1
منطقة الرياض,الرياض,القطاع الخاص,خدمة إلكترونية جزئيا,الجوازات,2026/06/09,1447/12/23,1
منطقة الرياض,الرياض,القطاع الخاص,خدمة إلكترونية جزئيا,المنح الزراعية,2026/06/09,1447/12/23,1
منطقة الرياض,الرياض,القطاع الخاص,خدمة إلكترونية جزئيا,شركة الكهرباء,2026/06/09,1447/12/23,1
منطقة الرياض,الرياض,القطاع الخاص,خدمة إلكترونية جزئيا,وزارة الموارد البشرية والتنمية الاجتماعية,2026/06/09,1447/12/23,1
منطقة الرياض,الرياض,القطاع العام,خدمة إلكترونية جزئيا,الجهات التعليمية,2026/06/09,1447/12/23,1
منطقة الرياض,الرياض,القطاع العام,خدمة إلكترونية جزئيا,الضمان والشؤون الاجتماعية,2026/06/09,1447/12/23,1
منطقة الرياض,الرياض,القطاع العام,خدمة إلكترونية جزئيا,شبكة إيجار الإلكترونية,2026/06/09,1447/12/23,1
منطقة الرياض,الرياض,القطاع العام,خدمة إلكترونية جزئيا,وزارة الموارد البشرية والتنمية الاجتماعية,2026/06/09,1447/12/23,1
منطقة الشرقية,الاحساء,القطاع العام,خدمة إلكترونية جزئيا,العقارات,2026/06/09,1447/12/23,1
منطقة الشرقية,الخبر,القطاع الخاص,خدمة إلكترونية جزئيا,الجوازات,2026/06/09,1447/12/23,1
منطقة الشرقية,الخفجي,القطاع الخاص,خدمة إلكترونية جزئيا,الوزارات الحكومية,2026/06/09,1447/12/23,1
منطقة الشرقية,الدمام,القطاع الخاص,خدمة إلكترونية جزئيا,السجلات التجارية,2026/06/09,1447/12/23,1
منطقة الشرقية,الدمام,القطاع العام,خدمة إلكترونية جزئيا,وكالة خارج المملكة العربية السعودية فقط,2026/06/09,1447/12/23,1
منطقة القصيم,البدائع,القطاع الخاص,خدمة إلكترونية جزئيا,الهيئات الحكومية,2026/06/09,1447/12/23,1
منطقة القصيم,الرس,القطاع الخاص,خدمة إلكترونية جزئيا,البنوك والمصارف,2026/06/09,1447/12/23,1
منطقة القصيم,الرس,القطاع الخاص,خدمة إلكترونية جزئيا,المرور,2026/06/09,1447/12/23,1
منطقة القصيم,بريده,القطاع الخاص,خدمة إلكترونية جزئيا,السيارات,2026/06/09,1447/12/23,1
منطقة القصيم,بريده,القطاع العام,خدمة إلكترونية جزئيا,البنوك والمصارف,2026/06/09,1447/12/23,1
منطقة القصيم,بريده,القطاع العام,خدمة إلكترونية جزئيا,الجوازات,2026/06/09,1447/12/23,1
منطقة القصيم,بريده,القطاع العام,خدمة إلكترونية جزئيا,المطالبات والمحاكم,2026/06/09,1447/12/23,1
منطقة القصيم,عنيزه,القطاع الخاص,خدمة إلكترونية جزئيا,البنوك والمصارف,2026/06/09,1447/12/23,1
منطقة القصيم,عنيزه,القطاع الخاص,خدمة إلكترونية جزئيا,الجهات الأمنية,2026/06/09,1447/12/23,1
منطقة القصيم,عنيزه,القطاع الخاص,خدمة إلكترونية جزئيا,المطالبات والمحاكم,2026/06/09,1447/12/23,1
منطقة المدينة المنوره,المدينة المنورة,القطاع الخاص,خدمة إلكترونية جزئيا,السجلات التجارية,2026/06/09,1447/12/23,1
منطقة المدينة المنوره,المدينة المنورة,القطاع العام,خدمة إلكترونية جزئيا,السيارات,2026/06/09,1447/12/23,1
منطقة المدينة المنوره,المدينة المنورة,القطاع العام,خدمة إلكترونية جزئيا,المطالبات والمحاكم,2026/06/09,1447/12/23,1
منطقة المدينة المنوره,ينبع,القطاع العام,خدمة إلكترونية جزئيا,المطالبات والمحاكم,2026/06/09,1447/12/23,1
منطقة تبوك,تبوك,القطاع العام,خدمة إلكترونية جزئيا,الهيئات الحكومية,2026/06/09,1447/12/23,1
منطقة جازان,جيزان,القطاع الخاص,خدمة إلكترونية جزئيا,العقارات,2026/06/09,1447/12/23,1
منطقة جازان,جيزان,القطاع العام,خدمة إلكترونية جزئيا,النكاح,2026/06/09,1447/12/23,1
منطقة عسير,ابها,القطاع الخاص,خدمة إلكترونية جزئيا,الجهات الأمنية,2026/06/09,1447/12/23,1
منطقة عسير,ابها,القطاع الخاص,خدمة إلكترونية جزئيا,وكالة خارج المملكة العربية السعودية فقط,2026/06/09,1447/12/23,1
منطقة عسير,بيشه,القطاع الخاص,خدمة إلكترونية جزئيا,المطالبات والمحاكم,2026/06/09,1447/12/23,1
منطقة مكة المكرمه,الطائف,القطاع الخاص,خدمة إلكترونية جزئيا,السجلات التجارية,2026/06/09,1447/12/23,1
منطقة مكة المكرمه,جده,القطاع الخاص,خدمة إلكترونية جزئيا,إنهائات المحاكم,2026/06/09,1447/12/23,1
منطقة مكة المكرمه,جده,القطاع الخاص,خدمة إلكترونية جزئيا,المرور,2026/06/09,1447/12/23,1
منطقة مكة المكرمه,جده,القطاع العام,خدمة إلكترونية جزئيا,الجهات الأمنية,2026/06/09,1447/12/23,1
منطقة مكة المكرمه,جده,القطاع العام,خدمة إلكترونية جزئيا,السجلات التجارية,2026/06/09,1447/12/23,1
منطقة مكة المكرمه,جده,القطاع العام,خدمة إلكترونية جزئيا,الوزارات الحكومية,2026/06/09,1447/12/23,1
منطقة مكة المكرمه,مكة المكرمة,القطاع الخاص,خدمة إلكترونية جزئيا,الجوازات,2026/06/09,1447/12/23,1
منطقة مكة المكرمه,مكة المكرمة,القطاع الخاص,خدمة إلكترونية جزئيا,الشركات,2026/06/09,1447/12/23,1
منطقة مكة المكرمه,مكة المكرمة,القطاع العام,خدمة إلكترونية جزئيا,الشركات,2026/06/09,1447/12/23,1
منطقة مكة المكرمه,مكة المكرمة,القطاع العام,خدمة إلكترونية جزئيا,العقارات,2026/06/09,1447/12/23,1
منطقة نجران,نجران,القطاع الخاص,خدمة إلكترونية جزئيا,المطالبات والمحاكم,2026/06/09,1447/12/23,1
منطقة نجران,نجران,القطاع العام,خدمة إلكترونية جزئيا,تصديق الوكالات الخارجية,2026/06/09,1447/12/23,1
الخدمات الرقمية,عام,القطاع العام,خدمة إلكترونية,المطالبات والمحاكم,2026/06/10,1447/12/24,"4,620"
الخدمات الرقمية,عام,القطاع العام,خدمة إلكترونية,العقارات,2026/06/10,1447/12/24,"2,689"
الخدمات الرقمية,عام,القطاع العام,خدمة إلكترونية,الجوازات,2026/06/10,1447/12/24,"1,694"
الخدمات الرقمية,عام,القطاع العام,خدمة إلكترونية,السيارات,2026/06/10,1447/12/24,"1,600"
الخدمات الرقمية,عام,القطاع العام,خدمة إلكترونية,البنوك والمصارف,2026/06/10,1447/12/24,"1,533"
الخدمات الرقمية,عام,القطاع العام,خدمة إلكترونية,الوزارات الحكومية,2026/06/10,1447/12/24,778
الخدمات الرقمية,عام,القطاع العام,خدمة إلكترونية,المرور,2026/06/10,1447/12/24,591
الخدمات الرقمية,عام,القطاع العام,خدمة إلكترونية,الشركات والمؤسسات الأهلية,2026/06/10,1447/12/24,445
الخدمات الرقمية,عام,القطاع العام,خدمة إلكترونية,السجلات التجارية,2026/06/10,1447/12/24,436
الخدمات الرقمية,عام,القطاع العام,خدمة إلكترونية,الجهات الأمنية,2026/06/10,1447/12/24,387
الخدمات الرقمية,عام,القطاع العام,خدمة إلكترونية,الأمانات والبلديات,2026/06/10,1447/12/24,323
الخدمات الرقمية,عام,القطاع العام,خدمة إلكترونية,وكالة خارج المملكة العربية السعودية فقط,2026/06/10,1447/12/24,322
منطقة الرياض,الرياض,القطاع الخاص,خدمة إلكترونية جزئيا,المطالبات والمحاكم,2026/06/10,1447/12/24,273
الخدمات الرقمية,عام,القطاع العام,خدمة إلكترونية,إدارة الأحوال المدنية,2026/06/10,1447/12/24,271
الخدمات الرقمية,عام,القطاع العام,خدمة إلكترونية,وزارة الموارد البشرية والتنمية الاجتماعية,2026/06/10,1447/12/24,267
منطقة مكة المكرمه,جده,القطاع الخاص,خدمة إلكترونية جزئيا,المطالبات والمحاكم,2026/06/10,1447/12/24,205
الخدمات الرقمية,عام,القطاع العام,خدمة إلكترونية,الرواتب والمستحقات,2026/06/10,1447/12/24,198
الخدمات الرقمية,عام,القطاع العام,خدمة إلكترونية,الجهات التعليمية,2026/06/10,1447/12/24,188
الخدمات الرقمية,عام,القطاع العام,خدمة إلكترونية,طلب الخدمات,2026/06/10,1447/12/24,180
الخدمات الرقمية,عام,القطاع العام,خدمة إلكترونية,شركات الاتصالات,2026/06/10,1447/12/24,172
منطقة الرياض,الرياض,القطاع العام,خدمة إلكترونية جزئيا,المطالبات والمحاكم,2026/06/10,1447/12/24,155
الخدمات الرقمية,كتابة عدل مدمجة - افتراضية,القطاع العام,خدمة إلكترونية جزئيا,المطالبات والمحاكم,2026/06/10,1447/12/24,148
منطقة الرياض,الرياض,القطاع الخاص,خدمة إلكترونية جزئيا,العقارات,2026/06/10,1447/12/24,137
الخدمات الرقمية,عام,القطاع العام,خدمة إلكترونية,الهيئات الحكومية,2026/06/10,1447/12/24,124
الخدمات الرقمية,عام,القطاع العام,خدمة إلكترونية,شبكة إيجار الإلكترونية,2026/06/10,1447/12/24,117
الخدمات الرقمية,عام,القطاع العام,خدمة إلكترونية,الشركات,2026/06/10,1447/12/24,105
الخدمات الرقمية,عام,القطاع العام,خدمة إلكترونية,التعويضات والمساعدات,2026/06/10,1447/12/24,81
منطقة مكة المكرمه,جده,القطاع الخاص,خدمة إلكترونية جزئيا,العقارات,2026/06/10,1447/12/24,80
منطقة الرياض,الرياض,القطاع الخاص,خدمة إلكترونية جزئيا,وكالة خارج المملكة العربية السعودية فقط,2026/06/10,1447/12/24,75
الخدمات الرقمية,عام,القطاع العام,خدمة إلكترونية,شركة المياه,2026/06/10,1447/12/24,67
منطقة الرياض,الرياض,القطاع العام,خدمة إلكترونية جزئيا,تصديق الوكالات الخارجية,2026/06/10,1447/12/24,67
الخدمات الرقمية,عام,القطاع العام,خدمة إلكترونية,صندوق التنمية العقارية,2026/06/10,1447/12/24,65
الخدمات الرقمية,عام,القطاع العام,خدمة إلكترونية,شركة الكهرباء,2026/06/10,1447/12/24,64
الخدمات الرقمية,عام,القطاع العام,خدمة إلكترونية,النكاح,2026/06/10,1447/12/24,56
منطقة مكة المكرمه,مكة المكرمة,القطاع الخاص,خدمة إلكترونية جزئيا,المطالبات والمحاكم,2026/06/10,1447/12/24,54
الخدمات الرقمية,كتابة عدل مدمجة - افتراضية,القطاع العام,خدمة إلكترونية جزئيا,العقارات,2026/06/10,1447/12/24,52
منطقة مكة المكرمه,مكة المكرمة,القطاع الخاص,خدمة إلكترونية جزئيا,العقارات,2026/06/10,1447/12/24,52
منطقة الرياض,الرياض,القطاع العام,خدمة إلكترونية جزئيا,البنوك والمصارف,2026/06/10,1447/12/24,47
منطقة الرياض,الرياض,القطاع العام,خدمة إلكترونية جزئيا,الجهات الأمنية,2026/06/10,1447/12/24,46
الخدمات الرقمية,عام,القطاع العام,خدمة إلكترونية,المؤسسات الحكومية,2026/06/10,1447/12/24,45
الخدمات الرقمية,عام,القطاع العام,خدمة إلكترونية,مكتب الإستقدام,2026/06/10,1447/12/24,44
منطقة الرياض,الرياض,القطاع الخاص,خدمة إلكترونية جزئيا,البنوك والمصارف,2026/06/10,1447/12/24,41
منطقة الرياض,الرياض,القطاع الخاص,خدمة إلكترونية جزئيا,السجلات التجارية,2026/06/10,1447/12/24,41
الخدمات الرقمية,عام,القطاع العام,خدمة إلكترونية,هيئة الزكاة والضريبة والجمارك,2026/06/10,1447/12/24,37
الخدمات الرقمية,عام,القطاع العام,خدمة إلكترونية,إثباتات المحاكم,2026/06/10,1447/12/24,36
الخدمات الرقمية,كتابة عدل مدمجة - افتراضية,القطاع العام,خدمة إلكترونية جزئيا,البنوك والمصارف,2026/06/10,1447/12/24,35
الخدمات الرقمية,عام,القطاع العام,خدمة إلكترونية,المنح الزراعية,2026/06/10,1447/12/24,30
منطقة الشرقية,الدمام,القطاع الخاص,خدمة إلكترونية جزئيا,المطالبات والمحاكم,2026/06/10,1447/12/24,30
منطقة مكة المكرمه,جده,القطاع الخاص,خدمة إلكترونية جزئيا,وكالة خارج المملكة العربية السعودية فقط,2026/06/10,1447/12/24,28
منطقة مكة المكرمه,جده,القطاع الخاص,خدمة إلكترونية جزئيا,السجلات التجارية,2026/06/10,1447/12/24,26
منطقة مكة المكرمه,جده,القطاع العام,خدمة إلكترونية جزئيا,تصديق الوكالات الخارجية,2026/06/10,1447/12/24,25
منطقة المدينة المنوره,المدينة المنورة,القطاع الخاص,خدمة إلكترونية جزئيا,المطالبات والمحاكم,2026/06/10,1447/12/24,24
الخدمات الرقمية,عام,القطاع العام,خدمة إلكترونية,المنح السكنية,2026/06/10,1447/12/24,23
منطقة الشرقية,الدمام,القطاع العام,خدمة إلكترونية جزئيا,تصديق الوكالات الخارجية,2026/06/10,1447/12/24,22
الخدمات الرقمية,عام,القطاع العام,خدمة إلكترونية,بنك التنمية الاجتماعية,2026/06/10,1447/12/24,21
منطقة الشرقية,الخبر,القطاع الخاص,خدمة إلكترونية جزئيا,السجلات التجارية,2026/06/10,1447/12/24,20
منطقة الرياض,الرياض,القطاع الخاص,خدمة إلكترونية جزئيا,الشركات,2026/06/10,1447/12/24,19
منطقة الرياض,الرياض,القطاع العام,خدمة إلكترونية جزئيا,السيارات,2026/06/10,1447/12/24,19
منطقة الشرقية,الخبر,القطاع الخاص,خدمة إلكترونية جزئيا,المطالبات والمحاكم,2026/06/10,1447/12/24,19
الخدمات الرقمية,عام,القطاع العام,خدمة إلكترونية,البنك السعودي للتسليف والإدخار,2026/06/10,1447/12/24,18
الخدمات الرقمية,كتابة عدل مدمجة - افتراضية,القطاع العام,خدمة إلكترونية جزئيا,السيارات,2026/06/10,1447/12/24,18
منطقة الشرقية,الدمام,القطاع العام,خدمة إلكترونية جزئيا,المطالبات والمحاكم,2026/06/10,1447/12/24,18
الخدمات الرقمية,كتابة عدل مدمجة - افتراضية,القطاع العام,خدمة إلكترونية جزئيا,الوزارات الحكومية,2026/06/10,1447/12/24,17
منطقة الرياض,الرياض,القطاع العام,خدمة إلكترونية جزئيا,إدارة الأحوال المدنية,2026/06/10,1447/12/24,17
منطقة مكة المكرمه,جده,القطاع الخاص,خدمة إلكترونية جزئيا,البنوك والمصارف,2026/06/10,1447/12/24,17
منطقة الرياض,الرياض,القطاع العام,خدمة إلكترونية جزئيا,العقارات,2026/06/10,1447/12/24,16
منطقة الشرقية,الدمام,القطاع الخاص,خدمة إلكترونية جزئيا,العقارات,2026/06/10,1447/12/24,15
منطقة مكة المكرمه,الطائف,القطاع الخاص,خدمة إلكترونية جزئيا,العقارات,2026/06/10,1447/12/24,15
منطقة مكة المكرمه,جده,القطاع الخاص,خدمة إلكترونية جزئيا,الأمانات والبلديات,2026/06/10,1447/12/24,15
منطقة الرياض,الرياض,القطاع الخاص,خدمة إلكترونية جزئيا,الوزارات الحكومية,2026/06/10,1447/12/24,14
منطقة الرياض,الرياض,القطاع الخاص,خدمة إلكترونية جزئيا,شبكة إيجار الإلكترونية,2026/06/10,1447/12/24,14
منطقة الشرقية,الخبر,القطاع الخاص,خدمة إلكترونية جزئيا,العقارات,2026/06/10,1447/12/24,14
منطقة القصيم,عنيزه,القطاع الخاص,خدمة إلكترونية جزئيا,المطالبات والمحاكم,2026/06/10,1447/12/24,14
الخدمات الرقمية,عام,القطاع العام,خدمة إلكترونية,العوائد السنوية,2026/06/10,1447/12/24,13
منطقة الرياض,الرياض,القطاع الخاص,خدمة إلكترونية جزئيا,الهيئات الحكومية,2026/06/10,1447/12/24,13
منطقة الرياض,الرياض,القطاع العام,خدمة إلكترونية جزئيا,الوزارات الحكومية,2026/06/10,1447/12/24,13
منطقة مكة المكرمه,جده,القطاع الخاص,خدمة إلكترونية جزئيا,الوزارات الحكومية,2026/06/10,1447/12/24,13
الخدمات الرقمية,عام,القطاع العام,خدمة إلكترونية جزئيا,المطالبات والمحاكم,2026/06/10,1447/12/24,12
الخدمات الرقمية,كتابة عدل مدمجة - افتراضية,القطاع العام,خدمة إلكترونية جزئيا,شبكة إيجار الإلكترونية,2026/06/10,1447/12/24,12
منطقة مكة المكرمه,جده,القطاع الخاص,خدمة إلكترونية جزئيا,الشركات,2026/06/10,1447/12/24,12
الخدمات الرقمية,عام,القطاع العام,خدمة إلكترونية,الضمان الاجتماعي,2026/06/10,1447/12/24,11
منطقة الرياض,الرياض,القطاع الخاص,خدمة إلكترونية جزئيا,الأمانات والبلديات,2026/06/10,1447/12/24,11
منطقة الرياض,الرياض,القطاع الخاص,خدمة إلكترونية جزئيا,السيارات,2026/06/10,1447/12/24,11
منطقة الرياض,الرياض,القطاع العام,خدمة إلكترونية جزئيا,الجوازات,2026/06/10,1447/12/24,11
منطقة الشرقية,الدمام,القطاع الخاص,خدمة إلكترونية جزئيا,السجلات التجارية,2026/06/10,1447/12/24,11
منطقة مكة المكرمه,الطائف,القطاع الخاص,خدمة إلكترونية جزئيا,المطالبات والمحاكم,2026/06/10,1447/12/24,11
الخدمات الرقمية,عام,القطاع العام,خدمة إلكترونية,التوكيل على الإقرارات,2026/06/10,1447/12/24,10
الخدمات الرقمية,عام,القطاع العام,خدمة إلكترونية جزئيا,العقارات,2026/06/10,1447/12/24,10
منطقة الرياض,الرياض,القطاع الخاص,خدمة إلكترونية جزئيا,الجهات الأمنية,2026/06/10,1447/12/24,10
منطقة تبوك,تبوك,القطاع الخاص,خدمة إلكترونية جزئيا,المطالبات والمحاكم,2026/06/10,1447/12/24,10
منطقة عسير,ابها,القطاع الخاص,خدمة إلكترونية جزئيا,المطالبات والمحاكم,2026/06/10,1447/12/24,10
منطقة مكة المكرمه,جده,القطاع الخاص,خدمة إلكترونية جزئيا,السيارات,2026/06/10,1447/12/24,10
الخدمات الرقمية,عام,القطاع العام,خدمة إلكترونية,التنازل عن كامل الإرث,2026/06/10,1447/12/24,9
الخدمات الرقمية,عام,القطاع العام,خدمة إلكترونية,الحالات الاجتماعية,2026/06/10,1447/12/24,9
منطقة القصيم,بريده,القطاع الخاص,خدمة إلكترونية جزئيا,المطالبات والمحاكم,2026/06/10,1447/12/24,9
منطقة المدينة المنوره,المدينة المنورة,القطاع الخاص,خدمة إلكترونية جزئيا,العقارات,2026/06/10,1447/12/24,9
منطقة عسير,ابها,القطاع الخاص,خدمة إلكترونية جزئيا,العقارات,2026/06/10,1447/12/24,9
منطقة مكة المكرمه,جده,القطاع العام,خدمة إلكترونية جزئيا,المطالبات والمحاكم,2026/06/10,1447/12/24,9
منطقة مكة المكرمه,مكة المكرمة,القطاع الخاص,خدمة إلكترونية جزئيا,وكالة خارج المملكة العربية السعودية فقط,2026/06/10,1447/12/24,9
الخدمات الرقمية,عام,القطاع العام,خدمة إلكترونية,إنهائات المحاكم,2026/06/10,1447/12/24,8
منطقة القصيم,البدائع,القطاع الخاص,خدمة إلكترونية جزئيا,المطالبات والمحاكم,2026/06/10,1447/12/24,8
منطقة عسير,بيشه,القطاع الخاص,خدمة إلكترونية جزئيا,العقارات,2026/06/10,1447/12/24,8
منطقة مكة المكرمه,جده,القطاع الخاص,خدمة إلكترونية جزئيا,شبكة إيجار الإلكترونية,2026/06/10,1447/12/24,8
الخدمات الرقمية,عام,القطاع العام,خدمة إلكترونية,استقدام العمالة,2026/06/10,1447/12/24,7
منطقة الرياض,المزاحميه,القطاع الخاص,خدمة إلكترونية جزئيا,المطالبات والمحاكم,2026/06/10,1447/12/24,7
منطقة الشرقية,الجبيل,القطاع الخاص,خدمة إلكترونية جزئيا,المطالبات والمحاكم,2026/06/10,1447/12/24,7
منطقة عسير,خميس مشيط,القطاع الخاص,خدمة إلكترونية جزئيا,الجهات الأمنية,2026/06/10,1447/12/24,7
منطقة مكة المكرمه,مكة المكرمة,القطاع الخاص,خدمة إلكترونية جزئيا,السجلات التجارية,2026/06/10,1447/12/24,7
الخدمات الرقمية,عام,القطاع العام,خدمة إلكترونية,تصاريح القوارب والصيد,2026/06/10,1447/12/24,6
الخدمات الرقمية,عام,القطاع العام,خدمة إلكترونية,مكافآت الجامعات والمعاهد,2026/06/10,1447/12/24,6
الخدمات الرقمية,كتابة عدل مدمجة - افتراضية,القطاع العام,خدمة إلكترونية جزئيا,الجهات الأمنية,2026/06/10,1447/12/24,6
الخدمات الرقمية,كتابة عدل مدمجة - افتراضية,القطاع العام,خدمة إلكترونية جزئيا,الجهات التعليمية,2026/06/10,1447/12/24,6
الخدمات الرقمية,كتابة عدل مدمجة - افتراضية,القطاع العام,خدمة إلكترونية جزئيا,الرواتب والمستحقات,2026/06/10,1447/12/24,6
منطقة الرياض,الرياض,القطاع العام,خدمة إلكترونية جزئيا,شركات الاتصالات,2026/06/10,1447/12/24,6
منطقة الشرقية,الدمام,القطاع الخاص,خدمة إلكترونية جزئيا,وكالة خارج المملكة العربية السعودية فقط,2026/06/10,1447/12/24,6
منطقة الشرقية,الدمام,القطاع العام,خدمة إلكترونية جزئيا,البنوك والمصارف,2026/06/10,1447/12/24,6
منطقة القصيم,الرس,القطاع الخاص,خدمة إلكترونية جزئيا,المطالبات والمحاكم,2026/06/10,1447/12/24,6
منطقة القصيم,بريده,القطاع الخاص,خدمة إلكترونية جزئيا,البنوك والمصارف,2026/06/10,1447/12/24,6
منطقة مكة المكرمه,جده,القطاع الخاص,خدمة إلكترونية جزئيا,الجهات الأمنية,2026/06/10,1447/12/24,6
منطقة مكة المكرمه,جده,القطاع الخاص,خدمة إلكترونية جزئيا,المنح الزراعية,2026/06/10,1447/12/24,6
منطقة مكة المكرمه,مكة المكرمة,القطاع الخاص,خدمة إلكترونية جزئيا,الشركات,2026/06/10,1447/12/24,6
الخدمات الرقمية,عام,القطاع العام,خدمة إلكترونية,البريد,2026/06/10,1447/12/24,5
الخدمات الرقمية,كتابة عدل مدمجة - افتراضية,القطاع العام,خدمة إلكترونية جزئيا,إدارة الأحوال المدنية,2026/06/10,1447/12/24,5
الخدمات الرقمية,كتابة عدل مدمجة - افتراضية,القطاع العام,خدمة إلكترونية جزئيا,الجوازات,2026/06/10,1447/12/24,5
الخدمات الرقمية,كتابة عدل مدمجة - افتراضية,القطاع العام,خدمة إلكترونية جزئيا,السجلات التجارية,2026/06/10,1447/12/24,5
الخدمات الرقمية,كتابة عدل مدمجة - افتراضية,القطاع العام,خدمة إلكترونية جزئيا,المؤسسات الحكومية,2026/06/10,1447/12/24,5
منطقة الرياض,الخرج,القطاع الخاص,خدمة إلكترونية جزئيا,المطالبات والمحاكم,2026/06/10,1447/12/24,5
منطقة الرياض,الدرعيه,القطاع الخاص,خدمة إلكترونية جزئيا,المطالبات والمحاكم,2026/06/10,1447/12/24,5
منطقة الرياض,الرياض,القطاع الخاص,خدمة إلكترونية جزئيا,الشركات والمؤسسات الأهلية,2026/06/10,1447/12/24,5
منطقة الرياض,حوطة بني تميم,القطاع الخاص,خدمة إلكترونية جزئيا,المطالبات والمحاكم,2026/06/10,1447/12/24,5
منطقة المدينة المنوره,المدينة المنورة,القطاع العام,خدمة إلكترونية جزئيا,المطالبات والمحاكم,2026/06/10,1447/12/24,5
منطقة عسير,خميس مشيط,القطاع الخاص,خدمة إلكترونية جزئيا,المطالبات والمحاكم,2026/06/10,1447/12/24,5
منطقة مكة المكرمه,الخرمه,القطاع الخاص,خدمة إلكترونية جزئيا,البنوك والمصارف,2026/06/10,1447/12/24,5
منطقة مكة المكرمه,مكة المكرمة,القطاع الخاص,خدمة إلكترونية جزئيا,الأمانات والبلديات,2026/06/10,1447/12/24,5
منطقة مكة المكرمه,مكة المكرمة,القطاع الخاص,خدمة إلكترونية جزئيا,السيارات,2026/06/10,1447/12/24,5
منطقة نجران,نجران,القطاع الخاص,خدمة إلكترونية جزئيا,السيارات,2026/06/10,1447/12/24,5
الخدمات الرقمية,عام,القطاع العام,خدمة إلكترونية جزئيا,البنوك والمصارف,2026/06/10,1447/12/24,4
الخدمات الرقمية,عام,القطاع العام,خدمة إلكترونية جزئيا,الوزارات الحكومية,2026/06/10,1447/12/24,4
الخدمات الرقمية,كتابة عدل مدمجة - افتراضية,القطاع العام,خدمة إلكترونية جزئيا,الأمانات والبلديات,2026/06/10,1447/12/24,4
الخدمات الرقمية,كتابة عدل مدمجة - افتراضية,القطاع العام,خدمة إلكترونية جزئيا,الشركات والمؤسسات الأهلية,2026/06/10,1447/12/24,4
الخدمات الرقمية,كتابة عدل مدمجة - افتراضية,القطاع العام,خدمة إلكترونية جزئيا,الهيئات الحكومية,2026/06/10,1447/12/24,4
منطقة الحدود الشمالية,عرعر,القطاع الخاص,خدمة إلكترونية جزئيا,وكالة خارج المملكة العربية السعودية فقط,2026/06/10,1447/12/24,4
منطقة الحدود الشمالية,عرعر,القطاع العام,خدمة إلكترونية جزئيا,تصديق الوكالات الخارجية,2026/06/10,1447/12/24,4
منطقة الرياض,الدرعيه,القطاع الخاص,خدمة إلكترونية جزئيا,العقارات,2026/06/10,1447/12/24,4
منطقة الرياض,الرياض,القطاع الخاص,خدمة إلكترونية جزئيا,الرواتب والمستحقات,2026/06/10,1447/12/24,4
منطقة الرياض,الرياض,القطاع العام,خدمة إلكترونية جزئيا,الشركات والمؤسسات الأهلية,2026/06/10,1447/12/24,4
منطقة الشرقية,الخبر,القطاع الخاص,خدمة إلكترونية جزئيا,شبكة إيجار الإلكترونية,2026/06/10,1447/12/24,4
منطقة المدينة المنوره,المدينة المنورة,القطاع العام,خدمة إلكترونية جزئيا,تصديق الوكالات الخارجية,2026/06/10,1447/12/24,4
منطقة المدينة المنوره,ينبع,القطاع الخاص,خدمة إلكترونية جزئيا,السجلات التجارية,2026/06/10,1447/12/24,4
منطقة مكة المكرمه,الطائف,القطاع الخاص,خدمة إلكترونية جزئيا,البنوك والمصارف,2026/06/10,1447/12/24,4
منطقة مكة المكرمه,مكة المكرمة,القطاع الخاص,خدمة إلكترونية جزئيا,البنوك والمصارف,2026/06/10,1447/12/24,4
منطقة مكة المكرمه,مكة المكرمة,القطاع العام,خدمة إلكترونية جزئيا,تصديق الوكالات الخارجية,2026/06/10,1447/12/24,4
الخدمات الرقمية,عام,القطاع العام,خدمة إلكترونية,الرئاسات الحكومية,2026/06/10,1447/12/24,3
الخدمات الرقمية,عام,القطاع العام,خدمة إلكترونية,صندوق التنمية الزراعية,2026/06/10,1447/12/24,3
الخدمات الرقمية,كتابة عدل مدمجة - افتراضية,القطاع العام,خدمة إلكترونية جزئيا,الشركات,2026/06/10,1447/12/24,3
منطقة الجوف,القريات,القطاع الخاص,خدمة إلكترونية جزئيا,المطالبات والمحاكم,2026/06/10,1447/12/24,3
منطقة الحدود الشمالية,عرعر,القطاع الخاص,خدمة إلكترونية جزئيا,السجلات التجارية,2026/06/10,1447/12/24,3
منطقة الرياض,الرياض,القطاع العام,خدمة إلكترونية جزئيا,الرواتب والمستحقات,2026/06/10,1447/12/24,3
منطقة الرياض,الرياض,القطاع العام,خدمة إلكترونية جزئيا,المؤسسات الحكومية,2026/06/10,1447/12/24,3
منطقة الشرقية,الخبر,القطاع الخاص,خدمة إلكترونية جزئيا,البنوك والمصارف,2026/06/10,1447/12/24,3
منطقة الشرقية,الخبر,القطاع الخاص,خدمة إلكترونية جزئيا,الجهات الأمنية,2026/06/10,1447/12/24,3
منطقة الشرقية,الخبر,القطاع الخاص,خدمة إلكترونية جزئيا,وكالة خارج المملكة العربية السعودية فقط,2026/06/10,1447/12/24,3
منطقة الشرقية,الدمام,القطاع العام,خدمة إلكترونية جزئيا,العقارات,2026/06/10,1447/12/24,3
منطقة الشرقية,حفر الباطن,القطاع الخاص,خدمة إلكترونية جزئيا,المطالبات والمحاكم,2026/06/10,1447/12/24,3
منطقة القصيم,الرس,القطاع الخاص,خدمة إلكترونية جزئيا,العقارات,2026/06/10,1447/12/24,3
منطقة القصيم,بريده,القطاع الخاص,خدمة إلكترونية جزئيا,شبكة إيجار الإلكترونية,2026/06/10,1447/12/24,3
منطقة حائل,حائل,القطاع العام,خدمة إلكترونية جزئيا,تصديق الوكالات الخارجية,2026/06/10,1447/12/24,3
منطقة عسير,ابها,القطاع الخاص,خدمة إلكترونية جزئيا,الهيئات الحكومية,2026/06/10,1447/12/24,3
منطقة مكة المكرمه,جده,القطاع العام,خدمة إلكترونية جزئيا,العقارات,2026/06/10,1447/12/24,3
منطقة مكة المكرمه,مكة المكرمة,القطاع العام,خدمة إلكترونية جزئيا,المطالبات والمحاكم,2026/06/10,1447/12/24,3
الخدمات الرقمية,عام,القطاع العام,خدمة إلكترونية,أذونات المحاكم,2026/06/10,1447/12/24,2
الخدمات الرقمية,عام,القطاع العام,خدمة إلكترونية جزئيا,المؤسسات الحكومية,2026/06/10,1447/12/24,2
الخدمات الرقمية,كتابة عدل مدمجة - افتراضية,القطاع العام,خدمة إلكترونية جزئيا,إثباتات المحاكم,2026/06/10,1447/12/24,2
الخدمات الرقمية,كتابة عدل مدمجة - افتراضية,القطاع العام,خدمة إلكترونية جزئيا,إنهائات المحاكم,2026/06/10,1447/12/24,2
الخدمات الرقمية,كتابة عدل مدمجة - افتراضية,القطاع العام,خدمة إلكترونية جزئيا,الرئاسات الحكومية,2026/06/10,1447/12/24,2
منطقة الباحة,قلوه,القطاع الخاص,خدمة إلكترونية جزئيا,المطالبات والمحاكم,2026/06/10,1447/12/24,2
منطقة الجوف,سكاكا,القطاع الخاص,خدمة إلكترونية جزئيا,المطالبات والمحاكم,2026/06/10,1447/12/24,2
منطقة الرياض,الدلم,القطاع الخاص,خدمة إلكترونية جزئيا,المطالبات والمحاكم,2026/06/10,1447/12/24,2
منطقة الرياض,الرياض,القطاع الخاص,خدمة إلكترونية جزئيا,شركات الاتصالات,2026/06/10,1447/12/24,2
منطقة الرياض,الرياض,القطاع العام,خدمة إلكترونية جزئيا,إنهائات المحاكم,2026/06/10,1447/12/24,2
منطقة الرياض,الرياض,القطاع العام,خدمة إلكترونية جزئيا,الجهات التعليمية,2026/06/10,1447/12/24,2
منطقة الرياض,الرياض,القطاع العام,خدمة إلكترونية جزئيا,السجلات التجارية,2026/06/10,1447/12/24,2
منطقة الرياض,الرياض,القطاع العام,خدمة إلكترونية جزئيا,المرور,2026/06/10,1447/12/24,2
منطقة الرياض,الرياض,القطاع العام,خدمة إلكترونية جزئيا,النكاح,2026/06/10,1447/12/24,2
منطقة الرياض,عرقه,القطاع الخاص,خدمة إلكترونية جزئيا,السجلات التجارية,2026/06/10,1447/12/24,2
منطقة الشرقية,الاحساء,القطاع الخاص,خدمة إلكترونية جزئيا,المطالبات والمحاكم,2026/06/10,1447/12/24,2
منطقة الشرقية,الدمام,القطاع الخاص,خدمة إلكترونية جزئيا,الشركات,2026/06/10,1447/12/24,2
منطقة الشرقية,الظهران,القطاع العام,خدمة إلكترونية جزئيا,إثباتات المحاكم,2026/06/10,1447/12/24,2
منطقة الشرقية,الظهران,القطاع العام,خدمة إلكترونية جزئيا,وكالة خارج المملكة العربية السعودية فقط,2026/06/10,1447/12/24,2
منطقة الشرقية,حفر الباطن,القطاع الخاص,خدمة إلكترونية جزئيا,البنوك والمصارف,2026/06/10,1447/12/24,2
منطقة القصيم,البكيريه,القطاع الخاص,خدمة إلكترونية جزئيا,المطالبات والمحاكم,2026/06/10,1447/12/24,2
منطقة القصيم,بريده,القطاع الخاص,خدمة إلكترونية جزئيا,وكالة خارج المملكة العربية السعودية فقط,2026/06/10,1447/12/24,2
منطقة المدينة المنوره,المدينة المنورة,القطاع الخاص,خدمة إلكترونية جزئيا,الوزارات الحكومية,2026/06/10,1447/12/24,2
منطقة جازان,جيزان,القطاع العام,خدمة إلكترونية جزئيا,العقارات,2026/06/10,1447/12/24,2
منطقة عسير,ابها,القطاع العام,خدمة إلكترونية جزئيا,تصديق الوكالات الخارجية,2026/06/10,1447/12/24,2
منطقة مكة المكرمه,جده,القطاع الخاص,خدمة إلكترونية جزئيا,الهيئات الحكومية,2026/06/10,1447/12/24,2
منطقة مكة المكرمه,جده,القطاع الخاص,خدمة إلكترونية جزئيا,شركات الاتصالات,2026/06/10,1447/12/24,2
منطقة مكة المكرمه,جده,القطاع العام,خدمة إلكترونية جزئيا,الوزارات الحكومية,2026/06/10,1447/12/24,2
الخدمات الرقمية,عام,القطاع العام,خدمة إلكترونية,التراخيص الصناعية,2026/06/10,1447/12/24,1
الخدمات الرقمية,عام,القطاع العام,خدمة إلكترونية,برنامج رسوم الأراضي البيضاء,2026/06/10,1447/12/24,1
الخدمات الرقمية,عام,القطاع العام,خدمة إلكترونية جزئيا,إدارة الأحوال المدنية,2026/06/10,1447/12/24,1
الخدمات الرقمية,عام,القطاع العام,خدمة إلكترونية جزئيا,التعويضات والمساعدات,2026/06/10,1447/12/24,1
الخدمات الرقمية,عام,القطاع العام,خدمة إلكترونية جزئيا,الجوازات,2026/06/10,1447/12/24,1
الخدمات الرقمية,عام,القطاع العام,خدمة إلكترونية جزئيا,السيارات,2026/06/10,1447/12/24,1
الخدمات الرقمية,عام,القطاع العام,خدمة إلكترونية جزئيا,الشركات والمؤسسات الأهلية,2026/06/10,1447/12/24,1
الخدمات الرقمية,عام,القطاع العام,خدمة إلكترونية جزئيا,الضمان والشؤون الاجتماعية,2026/06/10,1447/12/24,1
الخدمات الرقمية,عام,القطاع العام,خدمة إلكترونية جزئيا,النكاح,2026/06/10,1447/12/24,1
الخدمات الرقمية,عام,القطاع العام,خدمة إلكترونية جزئيا,شبكة إيجار الإلكترونية,2026/06/10,1447/12/24,1
الخدمات الرقمية,عام,القطاع العام,خدمة إلكترونية جزئيا,شركات الاتصالات,2026/06/10,1447/12/24,1
الخدمات الرقمية,عام,القطاع العام,خدمة إلكترونية جزئيا,وكالة خارج المملكة العربية السعودية فقط,2026/06/10,1447/12/24,1
الخدمات الرقمية,كتابة عدل مدمجة - افتراضية,القطاع العام,خدمة إلكترونية جزئيا,التعويضات والمساعدات,2026/06/10,1447/12/24,1
الخدمات الرقمية,كتابة عدل مدمجة - افتراضية,القطاع العام,خدمة إلكترونية جزئيا,المرور,2026/06/10,1447/12/24,1
الخدمات الرقمية,كتابة عدل مدمجة - افتراضية,القطاع العام,خدمة إلكترونية جزئيا,المنح الزراعية,2026/06/10,1447/12/24,1
الخدمات الرقمية,كتابة عدل مدمجة - افتراضية,القطاع العام,خدمة إلكترونية جزئيا,النكاح,2026/06/10,1447/12/24,1
الخدمات الرقمية,كتابة عدل مدمجة - افتراضية,القطاع العام,خدمة إلكترونية جزئيا,شركات الاتصالات,2026/06/10,1447/12/24,1
الخدمات الرقمية,كتابة عدل مدمجة - افتراضية,القطاع العام,خدمة إلكترونية جزئيا,شركة الكهرباء,2026/06/10,1447/12/24,1
منطقة الباحة,الباحه,القطاع العام,خدمة إلكترونية جزئيا,تصديق الوكالات الخارجية,2026/06/10,1447/12/24,1
منطقة الجوف,سكاكا,القطاع العام,خدمة إلكترونية جزئيا,تصديق الوكالات الخارجية,2026/06/10,1447/12/24,1
منطقة الحدود الشمالية,عرعر,القطاع الخاص,خدمة إلكترونية جزئيا,المطالبات والمحاكم,2026/06/10,1447/12/24,1
منطقة الرياض,الدرعيه,القطاع الخاص,خدمة إلكترونية جزئيا,البنوك والمصارف,2026/06/10,1447/12/24,1
منطقة الرياض,الرياض,القطاع الخاص,خدمة إلكترونية جزئيا,الجوازات,2026/06/10,1447/12/24,1
منطقة الرياض,الرياض,القطاع الخاص,خدمة إلكترونية جزئيا,المرور,2026/06/10,1447/12/24,1
منطقة الرياض,الرياض,القطاع الخاص,خدمة إلكترونية جزئيا,شركة الكهرباء,2026/06/10,1447/12/24,1
منطقة الرياض,الرياض,القطاع العام,خدمة إلكترونية جزئيا,الأمانات والبلديات,2026/06/10,1447/12/24,1
منطقة الرياض,الرياض,القطاع العام,خدمة إلكترونية جزئيا,الضمان والشؤون الاجتماعية,2026/06/10,1447/12/24,1
منطقة الرياض,الرياض,القطاع العام,خدمة إلكترونية جزئيا,المنح السكنية,2026/06/10,1447/12/24,1
منطقة الرياض,الرياض,القطاع العام,خدمة إلكترونية جزئيا,الهيئات الحكومية,2026/06/10,1447/12/24,1
منطقة الرياض,الرياض,القطاع العام,خدمة إلكترونية جزئيا,تصاريح القوارب والصيد,2026/06/10,1447/12/24,1
منطقة الرياض,الرياض,القطاع العام,خدمة إلكترونية جزئيا,شبكة إيجار الإلكترونية,2026/06/10,1447/12/24,1
منطقة الرياض,الرياض,القطاع العام,خدمة إلكترونية جزئيا,شركة الكهرباء,2026/06/10,1447/12/24,1
منطقة الرياض,الرياض,القطاع العام,خدمة إلكترونية جزئيا,وزارة الموارد البشرية والتنمية الاجتماعية,2026/06/10,1447/12/24,1
منطقة الرياض,المزاحميه,القطاع الخاص,خدمة إلكترونية جزئيا,الشركات,2026/06/10,1447/12/24,1
منطقة الشرقية,الاحساء,القطاع الخاص,خدمة إلكترونية جزئيا,العقارات,2026/06/10,1447/12/24,1
منطقة الشرقية,الاحساء,القطاع الخاص,خدمة إلكترونية جزئيا,الهيئات الحكومية,2026/06/10,1447/12/24,1
منطقة الشرقية,الاحساء,القطاع الخاص,خدمة إلكترونية جزئيا,الوزارات الحكومية,2026/06/10,1447/12/24,1
منطقة الشرقية,الاحساء,القطاع العام,خدمة إلكترونية جزئيا,الأمانات والبلديات,2026/06/10,1447/12/24,1
منطقة الشرقية,الاحساء,القطاع العام,خدمة إلكترونية جزئيا,الجهات الأمنية,2026/06/10,1447/12/24,1
منطقة الشرقية,الاحساء,القطاع العام,خدمة إلكترونية جزئيا,المطالبات والمحاكم,2026/06/10,1447/12/24,1
منطقة الشرقية,الجبيل,القطاع الخاص,خدمة إلكترونية جزئيا,العقارات,2026/06/10,1447/12/24,1
منطقة الشرقية,الخفجي,القطاع الخاص,خدمة إلكترونية جزئيا,العقارات,2026/06/10,1447/12/24,1
منطقة الشرقية,الخفجي,القطاع الخاص,خدمة إلكترونية جزئيا,الوزارات الحكومية,2026/06/10,1447/12/24,1
منطقة الشرقية,الدمام,القطاع الخاص,خدمة إلكترونية جزئيا,الرواتب والمستحقات,2026/06/10,1447/12/24,1
منطقة الشرقية,الدمام,القطاع العام,خدمة إلكترونية جزئيا,الجهات التعليمية,2026/06/10,1447/12/24,1
منطقة الشرقية,الدمام,القطاع العام,خدمة إلكترونية جزئيا,السجلات التجارية,2026/06/10,1447/12/24,1
منطقة الشرقية,الدمام,القطاع العام,خدمة إلكترونية جزئيا,السيارات,2026/06/10,1447/12/24,1
منطقة الشرقية,الدمام,القطاع العام,خدمة إلكترونية جزئيا,المؤسسات الحكومية,2026/06/10,1447/12/24,1
منطقة الشرقية,الدمام,القطاع العام,خدمة إلكترونية جزئيا,المرور,2026/06/10,1447/12/24,1
منطقة الشرقية,الدمام,القطاع العام,خدمة إلكترونية جزئيا,الوزارات الحكومية,2026/06/10,1447/12/24,1
منطقة الشرقية,الظهران,القطاع العام,خدمة إلكترونية جزئيا,الرواتب والمستحقات,2026/06/10,1447/12/24,1
منطقة القصيم,بريده,القطاع الخاص,خدمة إلكترونية جزئيا,السيارات,2026/06/10,1447/12/24,1
منطقة القصيم,عنيزه,القطاع الخاص,خدمة إلكترونية جزئيا,البنوك والمصارف,2026/06/10,1447/12/24,1
منطقة المدينة المنوره,الحناكية,القطاع الخاص,خدمة إلكترونية جزئيا,السجلات التجارية,2026/06/10,1447/12/24,1
منطقة المدينة المنوره,المدينة المنورة,القطاع الخاص,خدمة إلكترونية جزئيا,إدارة الأحوال المدنية,2026/06/10,1447/12/24,1
منطقة المدينة المنوره,المدينة المنورة,القطاع العام,خدمة إلكترونية جزئيا,البنوك والمصارف,2026/06/10,1447/12/24,1
منطقة المدينة المنوره,المدينة المنورة,القطاع العام,خدمة إلكترونية جزئيا,العقارات,2026/06/10,1447/12/24,1
منطقة المدينة المنوره,المدينة المنورة,القطاع العام,خدمة إلكترونية جزئيا,الهيئات الحكومية,2026/06/10,1447/12/24,1
منطقة المدينة المنوره,المدينة المنورة,القطاع العام,خدمة إلكترونية جزئيا,شبكة إيجار الإلكترونية,2026/06/10,1447/12/24,1
منطقة المدينة المنوره,المدينة المنورة,القطاع العام,خدمة إلكترونية جزئيا,وكالة خارج المملكة العربية السعودية فقط,2026/06/10,1447/12/24,1
منطقة جازان,جيزان,القطاع العام,خدمة إلكترونية جزئيا,تصديق الوكالات الخارجية,2026/06/10,1447/12/24,1
منطقة حائل,حائل,القطاع الخاص,خدمة إلكترونية جزئيا,المطالبات والمحاكم,2026/06/10,1447/12/24,1
منطقة عسير,خميس مشيط,القطاع العام,خدمة إلكترونية جزئيا,العقارات,2026/06/10,1447/12/24,1
منطقة مكة المكرمه,الطائف,القطاع الخاص,خدمة إلكترونية جزئيا,الأمانات والبلديات,2026/06/10,1447/12/24,1
منطقة مكة المكرمه,الطائف,القطاع الخاص,خدمة إلكترونية جزئيا,شبكة إيجار الإلكترونية,2026/06/10,1447/12/24,1
منطقة مكة المكرمه,جده,القطاع الخاص,خدمة إلكترونية جزئيا,التنازل عن كامل الإرث,2026/06/10,1447/12/24,1
منطقة مكة المكرمه,جده,القطاع الخاص,خدمة إلكترونية جزئيا,شركة الكهرباء,2026/06/10,1447/12/24,1
منطقة مكة المكرمه,جده,القطاع العام,خدمة إلكترونية جزئيا,إنهائات المحاكم,2026/06/10,1447/12/24,1
منطقة مكة المكرمه,جده,القطاع العام,خدمة إلكترونية جزئيا,البنوك والمصارف,2026/06/10,1447/12/24,1
منطقة مكة المكرمه,جده,القطاع العام,خدمة إلكترونية جزئيا,الجهات الأمنية,2026/06/10,1447/12/24,1
منطقة مكة المكرمه,جده,القطاع العام,خدمة إلكترونية جزئيا,الجهات التعليمية,2026/06/10,1447/12/24,1
منطقة مكة المكرمه,جده,القطاع العام,خدمة إلكترونية جزئيا,السيارات,2026/06/10,1447/12/24,1
منطقة مكة المكرمه,جده,القطاع العام,خدمة إلكترونية جزئيا,الهيئات الحكومية,2026/06/10,1447/12/24,1
منطقة مكة المكرمه,جده,القطاع العام,خدمة إلكترونية جزئيا,صندوق التنمية العقارية,2026/06/10,1447/12/24,1
منطقة مكة المكرمه,مكة المكرمة,القطاع الخاص,خدمة إلكترونية جزئيا,المرور,2026/06/10,1447/12/24,1
منطقة مكة المكرمه,مكة المكرمة,القطاع الخاص,خدمة إلكترونية جزئيا,الوزارات الحكومية,2026/06/10,1447/12/24,1
منطقة مكة المكرمه,مكة المكرمة,القطاع العام,خدمة إلكترونية جزئيا,الشركات,2026/06/10,1447/12/24,1
منطقة مكة المكرمه,مكة المكرمة,القطاع العام,خدمة إلكترونية جزئيا,وكالة خارج المملكة العربية السعودية فقط,2026/06/10,1447/12/24,1
الخدمات الرقمية,عام,القطاع العام,خدمة إلكترونية,المطالبات والمحاكم,2026/06/11,1447/12/25,"3,661"
الخدمات الرقمية,عام,القطاع العام,خدمة إلكترونية,العقارات,2026/06/11,1447/12/25,"2,327"
الخدمات الرقمية,عام,القطاع العام,خدمة إلكترونية,السيارات,2026/06/11,1447/12/25,"1,289"
الخدمات الرقمية,عام,القطاع العام,خدمة إلكترونية,البنوك والمصارف,2026/06/11,1447/12/25,"1,135"
الخدمات الرقمية,عام,القطاع العام,خدمة إلكترونية,الجوازات,2026/06/11,1447/12/25,894
الخدمات الرقمية,عام,القطاع العام,خدمة إلكترونية,الوزارات الحكومية,2026/06/11,1447/12/25,541
الخدمات الرقمية,عام,القطاع العام,خدمة إلكترونية,الشركات والمؤسسات الأهلية,2026/06/11,1447/12/25,404
الخدمات الرقمية,عام,القطاع العام,خدمة إلكترونية,المرور,2026/06/11,1447/12/25,341
الخدمات الرقمية,عام,القطاع العام,خدمة إلكترونية,السجلات التجارية,2026/06/11,1447/12/25,299
الخدمات الرقمية,عام,القطاع العام,خدمة إلكترونية,الجهات الأمنية,2026/06/11,1447/12/25,288
منطقة الرياض,الرياض,القطاع الخاص,خدمة إلكترونية جزئيا,المطالبات والمحاكم,2026/06/11,1447/12/25,258
الخدمات الرقمية,عام,القطاع العام,خدمة إلكترونية,وكالة خارج المملكة العربية السعودية فقط,2026/06/11,1447/12/25,240
الخدمات الرقمية,عام,القطاع العام,خدمة إلكترونية,الأمانات والبلديات,2026/06/11,1447/12/25,239
منطقة الرياض,الرياض,القطاع العام,خدمة إلكترونية جزئيا,المطالبات والمحاكم,2026/06/11,1447/12/25,190
الخدمات الرقمية,عام,القطاع العام,خدمة إلكترونية,الرواتب والمستحقات,2026/06/11,1447/12/25,184
الخدمات الرقمية,عام,القطاع العام,خدمة إلكترونية,إدارة الأحوال المدنية,2026/06/11,1447/12/25,177
الخدمات الرقمية,عام,القطاع العام,خدمة إلكترونية,شركات الاتصالات,2026/06/11,1447/12/25,164
الخدمات الرقمية,عام,القطاع العام,خدمة إلكترونية,وزارة الموارد البشرية والتنمية الاجتماعية,2026/06/11,1447/12/25,157
الخدمات الرقمية,كتابة عدل مدمجة - افتراضية,القطاع العام,خدمة إلكترونية جزئيا,المطالبات والمحاكم,2026/06/11,1447/12/25,157
الخدمات الرقمية,عام,القطاع العام,خدمة إلكترونية,الجهات التعليمية,2026/06/11,1447/12/25,152
الخدمات الرقمية,عام,القطاع العام,خدمة إلكترونية,طلب الخدمات,2026/06/11,1447/12/25,140
منطقة مكة المكرمه,جده,القطاع الخاص,خدمة إلكترونية جزئيا,المطالبات والمحاكم,2026/06/11,1447/12/25,136
الخدمات الرقمية,عام,القطاع العام,خدمة إلكترونية,شبكة إيجار الإلكترونية,2026/06/11,1447/12/25,114
الخدمات الرقمية,عام,القطاع العام,خدمة إلكترونية,الهيئات الحكومية,2026/06/11,1447/12/25,101
منطقة مكة المكرمه,جده,القطاع الخاص,خدمة إلكترونية جزئيا,العقارات,2026/06/11,1447/12/25,101
منطقة الرياض,الرياض,القطاع الخاص,خدمة إلكترونية جزئيا,العقارات,2026/06/11,1447/12/25,95
الخدمات الرقمية,عام,القطاع العام,خدمة إلكترونية,الشركات,2026/06/11,1447/12/25,90
الخدمات الرقمية,عام,القطاع العام,خدمة إلكترونية,النكاح,2026/06/11,1447/12/25,69
الخدمات الرقمية,كتابة عدل مدمجة - افتراضية,القطاع العام,خدمة إلكترونية جزئيا,البنوك والمصارف,2026/06/11,1447/12/25,65
الخدمات الرقمية,عام,القطاع العام,خدمة إلكترونية,شركة الكهرباء,2026/06/11,1447/12/25,64
الخدمات الرقمية,كتابة عدل مدمجة - افتراضية,القطاع العام,خدمة إلكترونية جزئيا,العقارات,2026/06/11,1447/12/25,61
منطقة الرياض,الرياض,القطاع العام,خدمة إلكترونية جزئيا,تصديق الوكالات الخارجية,2026/06/11,1447/12/25,60
منطقة مكة المكرمه,مكة المكرمة,القطاع الخاص,خدمة إلكترونية جزئيا,المطالبات والمحاكم,2026/06/11,1447/12/25,59
منطقة الرياض,الرياض,القطاع الخاص,خدمة إلكترونية جزئيا,وكالة خارج المملكة العربية السعودية فقط,2026/06/11,1447/12/25,50
منطقة مكة المكرمه,جده,القطاع العام,خدمة إلكترونية جزئيا,تصديق الوكالات الخارجية,2026/06/11,1447/12/25,50
الخدمات الرقمية,عام,القطاع العام,خدمة إلكترونية,التعويضات والمساعدات,2026/06/11,1447/12/25,48
الخدمات الرقمية,عام,القطاع العام,خدمة إلكترونية,مكتب الإستقدام,2026/06/11,1447/12/25,39
الخدمات الرقمية,عام,القطاع العام,خدمة إلكترونية,المؤسسات الحكومية,2026/06/11,1447/12/25,38
منطقة الرياض,الرياض,القطاع العام,خدمة إلكترونية جزئيا,البنوك والمصارف,2026/06/11,1447/12/25,37
الخدمات الرقمية,عام,القطاع العام,خدمة إلكترونية,شركة المياه,2026/06/11,1447/12/25,34
الخدمات الرقمية,عام,القطاع العام,خدمة إلكترونية,إثباتات المحاكم,2026/06/11,1447/12/25,33
الخدمات الرقمية,عام,القطاع العام,خدمة إلكترونية,صندوق التنمية العقارية,2026/06/11,1447/12/25,33
منطقة الرياض,الرياض,القطاع الخاص,خدمة إلكترونية جزئيا,البنوك والمصارف,2026/06/11,1447/12/25,32
منطقة مكة المكرمه,جده,القطاع الخاص,خدمة إلكترونية جزئيا,وكالة خارج المملكة العربية السعودية فقط,2026/06/11,1447/12/25,31
منطقة تبوك,تبوك,القطاع الخاص,خدمة إلكترونية جزئيا,المطالبات والمحاكم,2026/06/11,1447/12/25,27
الخدمات الرقمية,عام,القطاع العام,خدمة إلكترونية,هيئة الزكاة والضريبة والجمارك,2026/06/11,1447/12/25,26
منطقة الشرقية,الخبر,القطاع الخاص,خدمة إلكترونية جزئيا,العقارات,2026/06/11,1447/12/25,26
الخدمات الرقمية,عام,القطاع العام,خدمة إلكترونية,المنح الزراعية,2026/06/11,1447/12/25,25
منطقة الشرقية,الدمام,القطاع العام,خدمة إلكترونية جزئيا,تصديق الوكالات الخارجية,2026/06/11,1447/12/25,25
منطقة مكة المكرمه,مكة المكرمة,القطاع الخاص,خدمة إلكترونية جزئيا,العقارات,2026/06/11,1447/12/25,24
منطقة المدينة المنوره,المدينة المنورة,القطاع الخاص,خدمة إلكترونية جزئيا,المطالبات والمحاكم,2026/06/11,1447/12/25,23
منطقة الرياض,الرياض,القطاع العام,خدمة إلكترونية جزئيا,الجهات الأمنية,2026/06/11,1447/12/25,20
منطقة الشرقية,الخبر,القطاع الخاص,خدمة إلكترونية جزئيا,المطالبات والمحاكم,2026/06/11,1447/12/25,20
الخدمات الرقمية,عام,القطاع العام,خدمة إلكترونية,المنح السكنية,2026/06/11,1447/12/25,19
منطقة الرياض,الرياض,القطاع الخاص,خدمة إلكترونية جزئيا,السجلات التجارية,2026/06/11,1447/12/25,19
الخدمات الرقمية,عام,القطاع العام,خدمة إلكترونية جزئيا,المطالبات والمحاكم,2026/06/11,1447/12/25,18
الخدمات الرقمية,كتابة عدل مدمجة - افتراضية,القطاع العام,خدمة إلكترونية جزئيا,شبكة إيجار الإلكترونية,2026/06/11,1447/12/25,16
منطقة الرياض,الرياض,القطاع الخاص,خدمة إلكترونية جزئيا,الشركات,2026/06/11,1447/12/25,16
منطقة القصيم,البدائع,القطاع الخاص,خدمة إلكترونية جزئيا,العقارات,2026/06/11,1447/12/25,16
منطقة الرياض,الرياض,القطاع العام,خدمة إلكترونية جزئيا,العقارات,2026/06/11,1447/12/25,15
منطقة الشرقية,الدمام,القطاع الخاص,خدمة إلكترونية جزئيا,العقارات,2026/06/11,1447/12/25,15
منطقة مكة المكرمه,جده,القطاع الخاص,خدمة إلكترونية جزئيا,البنوك والمصارف,2026/06/11,1447/12/25,15
منطقة الشرقية,الدمام,القطاع الخاص,خدمة إلكترونية جزئيا,المطالبات والمحاكم,2026/06/11,1447/12/25,14
الخدمات الرقمية,عام,القطاع العام,خدمة إلكترونية,العوائد السنوية,2026/06/11,1447/12/25,13
منطقة الرياض,الرياض,القطاع الخاص,خدمة إلكترونية جزئيا,الهيئات الحكومية,2026/06/11,1447/12/25,13
منطقة مكة المكرمه,جده,القطاع الخاص,خدمة إلكترونية جزئيا,السجلات التجارية,2026/06/11,1447/12/25,13
منطقة مكة المكرمه,جده,القطاع الخاص,خدمة إلكترونية جزئيا,شبكة إيجار الإلكترونية,2026/06/11,1447/12/25,13
الخدمات الرقمية,عام,القطاع العام,خدمة إلكترونية,بنك التنمية الاجتماعية,2026/06/11,1447/12/25,12
منطقة الرياض,الخرج,القطاع الخاص,خدمة إلكترونية جزئيا,المطالبات والمحاكم,2026/06/11,1447/12/25,12
منطقة مكة المكرمه,مكة المكرمة,القطاع الخاص,خدمة إلكترونية جزئيا,السجلات التجارية,2026/06/11,1447/12/25,12
منطقة الرياض,الرياض,القطاع الخاص,خدمة إلكترونية جزئيا,الوزارات الحكومية,2026/06/11,1447/12/25,11
منطقة مكة المكرمه,جده,القطاع الخاص,خدمة إلكترونية جزئيا,الوزارات الحكومية,2026/06/11,1447/12/25,11
الخدمات الرقمية,عام,القطاع العام,خدمة إلكترونية,البنك السعودي للتسليف والإدخار,2026/06/11,1447/12/25,10
الخدمات الرقمية,عام,القطاع العام,خدمة إلكترونية,التوكيل على الإقرارات,2026/06/11,1447/12/25,10
الخدمات الرقمية,كتابة عدل مدمجة - افتراضية,القطاع العام,خدمة إلكترونية جزئيا,الجهات التعليمية,2026/06/11,1447/12/25,10
منطقة الرياض,الرياض,القطاع الخاص,خدمة إلكترونية جزئيا,التنازل عن كامل الإرث,2026/06/11,1447/12/25,10
منطقة الرياض,الرياض,القطاع العام,خدمة إلكترونية جزئيا,الجوازات,2026/06/11,1447/12/25,10
منطقة الرياض,الرياض,القطاع العام,خدمة إلكترونية جزئيا,السيارات,2026/06/11,1447/12/25,10
منطقة الرياض,الرياض,القطاع العام,خدمة إلكترونية جزئيا,المؤسسات الحكومية,2026/06/11,1447/12/25,10
منطقة الشرقية,الدمام,القطاع العام,خدمة إلكترونية جزئيا,المطالبات والمحاكم,2026/06/11,1447/12/25,10
منطقة عسير,ابها,القطاع الخاص,خدمة إلكترونية جزئيا,العقارات,2026/06/11,1447/12/25,10
منطقة مكة المكرمه,جده,القطاع الخاص,خدمة إلكترونية جزئيا,السيارات,2026/06/11,1447/12/25,10
الخدمات الرقمية,عام,القطاع العام,خدمة إلكترونية,استقدام العمالة,2026/06/11,1447/12/25,9
الخدمات الرقمية,كتابة عدل مدمجة - افتراضية,القطاع العام,خدمة إلكترونية جزئيا,السيارات,2026/06/11,1447/12/25,9
منطقة الرياض,الرياض,القطاع العام,خدمة إلكترونية جزئيا,شركات الاتصالات,2026/06/11,1447/12/25,9
منطقة الشرقية,الخبر,القطاع الخاص,خدمة إلكترونية جزئيا,السجلات التجارية,2026/06/11,1447/12/25,9
منطقة حائل,حائل,القطاع الخاص,خدمة إلكترونية جزئيا,المطالبات والمحاكم,2026/06/11,1447/12/25,9
الخدمات الرقمية,عام,القطاع العام,خدمة إلكترونية,الحالات الاجتماعية,2026/06/11,1447/12/25,8
الخدمات الرقمية,كتابة عدل مدمجة - افتراضية,القطاع العام,خدمة إلكترونية جزئيا,الرواتب والمستحقات,2026/06/11,1447/12/25,8
الخدمات الرقمية,كتابة عدل مدمجة - افتراضية,القطاع العام,خدمة إلكترونية جزئيا,السجلات التجارية,2026/06/11,1447/12/25,8
الخدمات الرقمية,كتابة عدل مدمجة - افتراضية,القطاع العام,خدمة إلكترونية جزئيا,الشركات والمؤسسات الأهلية,2026/06/11,1447/12/25,8
الخدمات الرقمية,كتابة عدل مدمجة - افتراضية,القطاع العام,خدمة إلكترونية جزئيا,الوزارات الحكومية,2026/06/11,1447/12/25,8
منطقة الرياض,الرياض,القطاع الخاص,خدمة إلكترونية جزئيا,شبكة إيجار الإلكترونية,2026/06/11,1447/12/25,8
منطقة الشرقية,الاحساء,القطاع الخاص,خدمة إلكترونية جزئيا,المطالبات والمحاكم,2026/06/11,1447/12/25,8
منطقة مكة المكرمه,الطائف,القطاع الخاص,خدمة إلكترونية جزئيا,العقارات,2026/06/11,1447/12/25,8
الخدمات الرقمية,عام,القطاع العام,خدمة إلكترونية,التنازل عن كامل الإرث,2026/06/11,1447/12/25,7
الخدمات الرقمية,عام,القطاع العام,خدمة إلكترونية,الضمان الاجتماعي,2026/06/11,1447/12/25,7
الخدمات الرقمية,عام,القطاع العام,خدمة إلكترونية جزئيا,العقارات,2026/06/11,1447/12/25,7
منطقة الرياض,الرياض,القطاع العام,خدمة إلكترونية جزئيا,إدارة الأحوال المدنية,2026/06/11,1447/12/25,7
منطقة الرياض,الرياض,القطاع العام,خدمة إلكترونية جزئيا,الوزارات الحكومية,2026/06/11,1447/12/25,7
منطقة المدينة المنوره,المدينة المنورة,القطاع الخاص,خدمة إلكترونية جزئيا,العقارات,2026/06/11,1447/12/25,7
منطقة مكة المكرمه,الطائف,القطاع الخاص,خدمة إلكترونية جزئيا,المطالبات والمحاكم,2026/06/11,1447/12/25,7
الخدمات الرقمية,عام,القطاع العام,خدمة إلكترونية,إنهائات المحاكم,2026/06/11,1447/12/25,6
الخدمات الرقمية,عام,القطاع العام,خدمة إلكترونية جزئيا,البنوك والمصارف,2026/06/11,1447/12/25,6
منطقة الرياض,الرياض,القطاع الخاص,خدمة إلكترونية جزئيا,الأمانات والبلديات,2026/06/11,1447/12/25,6
منطقة الشرقية,الدمام,القطاع الخاص,خدمة إلكترونية جزئيا,وكالة خارج المملكة العربية السعودية فقط,2026/06/11,1447/12/25,6
منطقة القصيم,البدائع,القطاع الخاص,خدمة إلكترونية جزئيا,المطالبات والمحاكم,2026/06/11,1447/12/25,6
منطقة المدينة المنوره,المدينة المنورة,القطاع العام,خدمة إلكترونية جزئيا,تصديق الوكالات الخارجية,2026/06/11,1447/12/25,6
منطقة عسير,خميس مشيط,القطاع الخاص,خدمة إلكترونية جزئيا,المطالبات والمحاكم,2026/06/11,1447/12/25,6
الخدمات الرقمية,كتابة عدل مدمجة - افتراضية,القطاع العام,خدمة إلكترونية جزئيا,الأمانات والبلديات,2026/06/11,1447/12/25,5
الخدمات الرقمية,كتابة عدل مدمجة - افتراضية,القطاع العام,خدمة إلكترونية جزئيا,الشركات,2026/06/11,1447/12/25,5
منطقة الحدود الشمالية,عرعر,القطاع الخاص,خدمة إلكترونية جزئيا,المطالبات والمحاكم,2026/06/11,1447/12/25,5
منطقة الرياض,الدرعيه,القطاع الخاص,خدمة إلكترونية جزئيا,العقارات,2026/06/11,1447/12/25,5
منطقة الرياض,الدرعيه,القطاع الخاص,خدمة إلكترونية جزئيا,المطالبات والمحاكم,2026/06/11,1447/12/25,5
منطقة الرياض,الرياض,القطاع الخاص,خدمة إلكترونية جزئيا,السيارات,2026/06/11,1447/12/25,5
منطقة الرياض,الرياض,القطاع العام,خدمة إلكترونية جزئيا,المرور,2026/06/11,1447/12/25,5
منطقة تبوك,تبوك,القطاع الخاص,خدمة إلكترونية جزئيا,الجوازات,2026/06/11,1447/12/25,5
منطقة جازان,جيزان,القطاع الخاص,خدمة إلكترونية جزئيا,العقارات,2026/06/11,1447/12/25,5
منطقة مكة المكرمه,جده,القطاع الخاص,خدمة إلكترونية جزئيا,الأمانات والبلديات,2026/06/11,1447/12/25,5
منطقة مكة المكرمه,جده,القطاع الخاص,خدمة إلكترونية جزئيا,الجهات الأمنية,2026/06/11,1447/12/25,5
منطقة مكة المكرمه,جده,القطاع الخاص,خدمة إلكترونية جزئيا,الشركات,2026/06/11,1447/12/25,5
منطقة مكة المكرمه,مكة المكرمة,القطاع العام,خدمة إلكترونية جزئيا,المطالبات والمحاكم,2026/06/11,1447/12/25,5
منطقة نجران,نجران,القطاع الخاص,خدمة إلكترونية جزئيا,شبكة إيجار الإلكترونية,2026/06/11,1447/12/25,5
الخدمات الرقمية,كتابة عدل مدمجة - افتراضية,القطاع العام,خدمة إلكترونية جزئيا,الجهات الأمنية,2026/06/11,1447/12/25,4
منطقة الجوف,دومة الجندل,القطاع الخاص,خدمة إلكترونية جزئيا,المطالبات والمحاكم,2026/06/11,1447/12/25,4
منطقة الرياض,الخرج,القطاع الخاص,خدمة إلكترونية جزئيا,العقارات,2026/06/11,1447/12/25,4
منطقة الرياض,الدرعيه,القطاع الخاص,خدمة إلكترونية جزئيا,وكالة خارج المملكة العربية السعودية فقط,2026/06/11,1447/12/25,4
منطقة الرياض,الدلم,القطاع الخاص,خدمة إلكترونية جزئيا,المطالبات والمحاكم,2026/06/11,1447/12/25,4
منطقة الرياض,الرياض,القطاع العام,خدمة إلكترونية جزئيا,إنهائات المحاكم,2026/06/11,1447/12/25,4
منطقة الرياض,الرياض,القطاع العام,خدمة إلكترونية جزئيا,الرواتب والمستحقات,2026/06/11,1447/12/25,4
منطقة الرياض,الرياض,القطاع العام,خدمة إلكترونية جزئيا,السجلات التجارية,2026/06/11,1447/12/25,4
منطقة الرياض,الرياض,القطاع العام,خدمة إلكترونية جزئيا,الشركات والمؤسسات الأهلية,2026/06/11,1447/12/25,4
منطقة الشرقية,الخفجي,القطاع الخاص,خدمة إلكترونية جزئيا,العقارات,2026/06/11,1447/12/25,4
منطقة الشرقية,الدمام,القطاع الخاص,خدمة إلكترونية جزئيا,الشركات,2026/06/11,1447/12/25,4
منطقة القصيم,الرس,القطاع الخاص,خدمة إلكترونية جزئيا,العقارات,2026/06/11,1447/12/25,4
منطقة القصيم,بريده,القطاع الخاص,خدمة إلكترونية جزئيا,العقارات,2026/06/11,1447/12/25,4
منطقة المدينة المنوره,المدينة المنورة,القطاع الخاص,خدمة إلكترونية جزئيا,الشركات,2026/06/11,1447/12/25,4
منطقة المدينة المنوره,المدينة المنورة,القطاع العام,خدمة إلكترونية جزئيا,المطالبات والمحاكم,2026/06/11,1447/12/25,4
منطقة تبوك,تبوك,القطاع الخاص,خدمة إلكترونية جزئيا,الرواتب والمستحقات,2026/06/11,1447/12/25,4
منطقة عسير,ابها,القطاع الخاص,خدمة إلكترونية جزئيا,المطالبات والمحاكم,2026/06/11,1447/12/25,4
منطقة مكة المكرمه,الطائف,القطاع الخاص,خدمة إلكترونية جزئيا,وكالة خارج المملكة العربية السعودية فقط,2026/06/11,1447/12/25,4
الخدمات الرقمية,عام,القطاع العام,خدمة إلكترونية,تصاريح القوارب والصيد,2026/06/11,1447/12/25,3
الخدمات الرقمية,كتابة عدل مدمجة - افتراضية,القطاع العام,خدمة إلكترونية جزئيا,إدارة الأحوال المدنية,2026/06/11,1447/12/25,3
الخدمات الرقمية,كتابة عدل مدمجة - افتراضية,القطاع العام,خدمة إلكترونية جزئيا,المؤسسات الحكومية,2026/06/11,1447/12/25,3
الخدمات الرقمية,كتابة عدل مدمجة - افتراضية,القطاع العام,خدمة إلكترونية جزئيا,الهيئات الحكومية,2026/06/11,1447/12/25,3
منطقة الجوف,القريات,القطاع الخاص,خدمة إلكترونية جزئيا,العقارات,2026/06/11,1447/12/25,3
منطقة الرياض,الدرعيه,القطاع الخاص,خدمة إلكترونية جزئيا,الشركات والمؤسسات الأهلية,2026/06/11,1447/12/25,3
منطقة الرياض,الرياض,القطاع الخاص,خدمة إلكترونية جزئيا,إدارة الأحوال المدنية,2026/06/11,1447/12/25,3
منطقة الرياض,الرياض,القطاع الخاص,خدمة إلكترونية جزئيا,المنح الزراعية,2026/06/11,1447/12/25,3
منطقة الرياض,الرياض,القطاع العام,خدمة إلكترونية جزئيا,الجهات التعليمية,2026/06/11,1447/12/25,3
منطقة الرياض,المجمعه,القطاع الخاص,خدمة إلكترونية جزئيا,السجلات التجارية,2026/06/11,1447/12/25,3
منطقة الرياض,حوطة بني تميم,القطاع الخاص,خدمة إلكترونية جزئيا,العقارات,2026/06/11,1447/12/25,3
منطقة الشرقية,الجبيل,القطاع الخاص,خدمة إلكترونية جزئيا,المطالبات والمحاكم,2026/06/11,1447/12/25,3
منطقة القصيم,الرس,القطاع الخاص,خدمة إلكترونية جزئيا,المطالبات والمحاكم,2026/06/11,1447/12/25,3
منطقة القصيم,بريده,القطاع الخاص,خدمة إلكترونية جزئيا,وكالة خارج المملكة العربية السعودية فقط,2026/06/11,1447/12/25,3
منطقة القصيم,بريده,القطاع العام,خدمة إلكترونية جزئيا,المطالبات والمحاكم,2026/06/11,1447/12/25,3
منطقة المدينة المنوره,المدينة المنورة,القطاع الخاص,خدمة إلكترونية جزئيا,الجوازات,2026/06/11,1447/12/25,3
منطقة المدينة المنوره,ينبع,القطاع الخاص,خدمة إلكترونية جزئيا,وكالة خارج المملكة العربية السعودية فقط,2026/06/11,1447/12/25,3
منطقة جازان,صامطه,القطاع الخاص,خدمة إلكترونية جزئيا,البنوك والمصارف,2026/06/11,1447/12/25,3
منطقة مكة المكرمه,الطائف,القطاع الخاص,خدمة إلكترونية جزئيا,السجلات التجارية,2026/06/11,1447/12/25,3
منطقة مكة المكرمه,مكة المكرمة,القطاع الخاص,خدمة إلكترونية جزئيا,البنوك والمصارف,2026/06/11,1447/12/25,3
منطقة نجران,نجران,القطاع الخاص,خدمة إلكترونية جزئيا,الرواتب والمستحقات,2026/06/11,1447/12/25,3
الخدمات الرقمية,عام,القطاع العام,خدمة إلكترونية,أذونات المحاكم,2026/06/11,1447/12/25,2
الخدمات الرقمية,عام,القطاع العام,خدمة إلكترونية,الرئاسات الحكومية,2026/06/11,1447/12/25,2
الخدمات الرقمية,كتابة عدل مدمجة - افتراضية,القطاع العام,خدمة إلكترونية جزئيا,أذونات المحاكم,2026/06/11,1447/12/25,2
الخدمات الرقمية,كتابة عدل مدمجة - افتراضية,القطاع العام,خدمة إلكترونية جزئيا,إنهائات المحاكم,2026/06/11,1447/12/25,2
الخدمات الرقمية,كتابة عدل مدمجة - افتراضية,القطاع العام,خدمة إلكترونية جزئيا,الجوازات,2026/06/11,1447/12/25,2
الخدمات الرقمية,كتابة عدل مدمجة - افتراضية,القطاع العام,خدمة إلكترونية جزئيا,شركات الاتصالات,2026/06/11,1447/12/25,2
منطقة الرياض,الدوادمي,القطاع الخاص,خدمة إلكترونية جزئيا,العقارات,2026/06/11,1447/12/25,2
منطقة الرياض,الرياض,القطاع الخاص,خدمة إلكترونية جزئيا,شركات الاتصالات,2026/06/11,1447/12/25,2
منطقة الرياض,الرياض,القطاع العام,خدمة إلكترونية جزئيا,النكاح,2026/06/11,1447/12/25,2
منطقة الرياض,الرياض,القطاع العام,خدمة إلكترونية جزئيا,بنك التنمية الاجتماعية,2026/06/11,1447/12/25,2
منطقة الرياض,ضرماء,القطاع الخاص,خدمة إلكترونية جزئيا,المطالبات والمحاكم,2026/06/11,1447/12/25,2
منطقة الشرقية,الاحساء,القطاع الخاص,خدمة إلكترونية جزئيا,الوزارات الحكومية,2026/06/11,1447/12/25,2
منطقة الشرقية,الدمام,القطاع الخاص,خدمة إلكترونية جزئيا,البنوك والمصارف,2026/06/11,1447/12/25,2
منطقة الشرقية,الدمام,القطاع الخاص,خدمة إلكترونية جزئيا,شبكة إيجار الإلكترونية,2026/06/11,1447/12/25,2
منطقة القصيم,البدائع,القطاع الخاص,خدمة إلكترونية جزئيا,وكالة خارج المملكة العربية السعودية فقط,2026/06/11,1447/12/25,2
منطقة القصيم,البكيريه,القطاع الخاص,خدمة إلكترونية جزئيا,العقارات,2026/06/11,1447/12/25,2
منطقة القصيم,بريده,القطاع الخاص,خدمة إلكترونية جزئيا,شبكة إيجار الإلكترونية,2026/06/11,1447/12/25,2
منطقة المدينة المنوره,المدينة المنورة,القطاع الخاص,خدمة إلكترونية جزئيا,السجلات التجارية,2026/06/11,1447/12/25,2
منطقة المدينة المنوره,المدينة المنورة,القطاع العام,خدمة إلكترونية جزئيا,البنوك والمصارف,2026/06/11,1447/12/25,2
منطقة المدينة المنوره,ينبع,القطاع الخاص,خدمة إلكترونية جزئيا,المطالبات والمحاكم,2026/06/11,1447/12/25,2
منطقة تبوك,تبوك,القطاع الخاص,خدمة إلكترونية جزئيا,العقارات,2026/06/11,1447/12/25,2
منطقة جازان,جيزان,القطاع الخاص,خدمة إلكترونية جزئيا,السجلات التجارية,2026/06/11,1447/12/25,2
منطقة جازان,جيزان,القطاع الخاص,خدمة إلكترونية جزئيا,المطالبات والمحاكم,2026/06/11,1447/12/25,2
منطقة جازان,جيزان,القطاع العام,خدمة إلكترونية جزئيا,تصديق الوكالات الخارجية,2026/06/11,1447/12/25,2
منطقة عسير,ابها,القطاع الخاص,خدمة إلكترونية جزئيا,الشركات والمؤسسات الأهلية,2026/06/11,1447/12/25,2
منطقة عسير,ابها,القطاع العام,خدمة إلكترونية جزئيا,تصديق الوكالات الخارجية,2026/06/11,1447/12/25,2
منطقة عسير,خميس مشيط,القطاع الخاص,خدمة إلكترونية جزئيا,الجهات الأمنية,2026/06/11,1447/12/25,2
منطقة مكة المكرمه,الجموم,القطاع الخاص,خدمة إلكترونية جزئيا,المطالبات والمحاكم,2026/06/11,1447/12/25,2
منطقة مكة المكرمه,الطائف,القطاع الخاص,خدمة إلكترونية جزئيا,صندوق التنمية العقارية,2026/06/11,1447/12/25,2
منطقة مكة المكرمه,العرضيه الشماليه,القطاع الخاص,خدمة إلكترونية جزئيا,الوزارات الحكومية,2026/06/11,1447/12/25,2
منطقة مكة المكرمه,جده,القطاع الخاص,خدمة إلكترونية جزئيا,الهيئات الحكومية,2026/06/11,1447/12/25,2
منطقة مكة المكرمه,جده,القطاع العام,خدمة إلكترونية جزئيا,العقارات,2026/06/11,1447/12/25,2
منطقة مكة المكرمه,جده,القطاع العام,خدمة إلكترونية جزئيا,المطالبات والمحاكم,2026/06/11,1447/12/25,2
منطقة مكة المكرمه,جده,القطاع العام,خدمة إلكترونية جزئيا,شبكة إيجار الإلكترونية,2026/06/11,1447/12/25,2
منطقة مكة المكرمه,جده,القطاع العام,خدمة إلكترونية جزئيا,وزارة الموارد البشرية والتنمية الاجتماعية,2026/06/11,1447/12/25,2
منطقة مكة المكرمه,مكة المكرمة,القطاع الخاص,خدمة إلكترونية جزئيا,وكالة خارج المملكة العربية السعودية فقط,2026/06/11,1447/12/25,2
منطقة مكة المكرمه,مكة المكرمة,القطاع العام,خدمة إلكترونية جزئيا,الوزارات الحكومية,2026/06/11,1447/12/25,2
منطقة مكة المكرمه,مكة المكرمة,القطاع العام,خدمة إلكترونية جزئيا,تصديق الوكالات الخارجية,2026/06/11,1447/12/25,2
الخدمات الرقمية,عام,القطاع العام,خدمة إلكترونية,البريد,2026/06/11,1447/12/25,1
الخدمات الرقمية,عام,القطاع العام,خدمة إلكترونية,التراخيص الصناعية,2026/06/11,1447/12/25,1
الخدمات الرقمية,عام,القطاع العام,خدمة إلكترونية,صندوق التنمية الزراعية,2026/06/11,1447/12/25,1
الخدمات الرقمية,عام,القطاع العام,خدمة إلكترونية,فسخ الوكالات,2026/06/11,1447/12/25,1
الخدمات الرقمية,عام,القطاع العام,خدمة إلكترونية جزئيا,إدارة الأحوال المدنية,2026/06/11,1447/12/25,1
الخدمات الرقمية,عام,القطاع العام,خدمة إلكترونية جزئيا,الجهات الأمنية,2026/06/11,1447/12/25,1
الخدمات الرقمية,عام,القطاع العام,خدمة إلكترونية جزئيا,السيارات,2026/06/11,1447/12/25,1
الخدمات الرقمية,عام,القطاع العام,خدمة إلكترونية جزئيا,المؤسسات الحكومية,2026/06/11,1447/12/25,1
الخدمات الرقمية,عام,القطاع العام,خدمة إلكترونية جزئيا,شبكة إيجار الإلكترونية,2026/06/11,1447/12/25,1
الخدمات الرقمية,كتابة عدل مدمجة - افتراضية,القطاع العام,خدمة إلكترونية جزئيا,استقدام العمالة,2026/06/11,1447/12/25,1
الخدمات الرقمية,كتابة عدل مدمجة - افتراضية,القطاع العام,خدمة إلكترونية جزئيا,المنح السكنية,2026/06/11,1447/12/25,1
الخدمات الرقمية,كتابة عدل مدمجة - افتراضية,القطاع العام,خدمة إلكترونية جزئيا,النكاح,2026/06/11,1447/12/25,1
الخدمات الرقمية,كتابة عدل مدمجة - افتراضية,القطاع العام,خدمة إلكترونية جزئيا,شركة الكهرباء,2026/06/11,1447/12/25,1
الخدمات الرقمية,كتابة عدل مدمجة - افتراضية,القطاع العام,خدمة إلكترونية جزئيا,شركة المياه,2026/06/11,1447/12/25,1
الخدمات الرقمية,كتابة عدل مدمجة - افتراضية,القطاع العام,خدمة إلكترونية جزئيا,صندوق التنمية العقارية,2026/06/11,1447/12/25,1
الخدمات الرقمية,كتابة عدل مدمجة - افتراضية,القطاع العام,خدمة إلكترونية جزئيا,صندوق تنمية الموارد البشرية,2026/06/11,1447/12/25,1
الخدمات الرقمية,كتابة عدل مدمجة - افتراضية,القطاع العام,خدمة إلكترونية جزئيا,هيئة الزكاة والضريبة والجمارك,2026/06/11,1447/12/25,1
الخدمات الرقمية,كتابة عدل مدمجة - افتراضية,القطاع العام,خدمة إلكترونية جزئيا,وزارة الموارد البشرية والتنمية الاجتماعية,2026/06/11,1447/12/25,1
منطقة الجوف,سكاكا,القطاع الخاص,خدمة إلكترونية جزئيا,المطالبات والمحاكم,2026/06/11,1447/12/25,1
منطقة الحدود الشمالية,عرعر,القطاع الخاص,خدمة إلكترونية جزئيا,السجلات التجارية,2026/06/11,1447/12/25,1
منطقة الحدود الشمالية,عرعر,القطاع العام,خدمة إلكترونية جزئيا,تصديق الوكالات الخارجية,2026/06/11,1447/12/25,1
منطقة الرياض,الرياض,القطاع الخاص,خدمة إلكترونية جزئيا,الجهات الأمنية,2026/06/11,1447/12/25,1
منطقة الرياض,الرياض,القطاع الخاص,خدمة إلكترونية جزئيا,الجوازات,2026/06/11,1447/12/25,1
منطقة الرياض,الرياض,القطاع الخاص,خدمة إلكترونية جزئيا,وزارة الموارد البشرية والتنمية الاجتماعية,2026/06/11,1447/12/25,1
منطقة الرياض,الرياض,القطاع العام,خدمة إلكترونية جزئيا,إثباتات المحاكم,2026/06/11,1447/12/25,1
منطقة الرياض,الرياض,القطاع العام,خدمة إلكترونية جزئيا,التعويضات والمساعدات,2026/06/11,1447/12/25,1
منطقة الرياض,الرياض,القطاع العام,خدمة إلكترونية جزئيا,الرئاسات الحكومية,2026/06/11,1447/12/25,1
منطقة الرياض,الرياض,القطاع العام,خدمة إلكترونية جزئيا,الضمان والشؤون الاجتماعية,2026/06/11,1447/12/25,1
منطقة الرياض,الرياض,القطاع العام,خدمة إلكترونية جزئيا,المنح السكنية,2026/06/11,1447/12/25,1
منطقة الرياض,الرياض,القطاع العام,خدمة إلكترونية جزئيا,شركة الكهرباء,2026/06/11,1447/12/25,1
منطقة الرياض,الرياض,القطاع العام,خدمة إلكترونية جزئيا,شركة المياه,2026/06/11,1447/12/25,1
منطقة الرياض,الرياض,القطاع العام,خدمة إلكترونية جزئيا,صندوق تنمية الموارد البشرية,2026/06/11,1447/12/25,1
منطقة الرياض,المزاحميه,القطاع الخاص,خدمة إلكترونية جزئيا,المطالبات والمحاكم,2026/06/11,1447/12/25,1
منطقة الرياض,حوطة بني تميم,القطاع الخاص,خدمة إلكترونية جزئيا,المطالبات والمحاكم,2026/06/11,1447/12/25,1
منطقة الرياض,حوطة بني تميم,القطاع الخاص,خدمة إلكترونية جزئيا,وكالة خارج المملكة العربية السعودية فقط,2026/06/11,1447/12/25,1
منطقة الشرقية,الجبيل,القطاع الخاص,خدمة إلكترونية جزئيا,شبكة إيجار الإلكترونية,2026/06/11,1447/12/25,1
منطقة الشرقية,الخبر,القطاع الخاص,خدمة إلكترونية جزئيا,البنوك والمصارف,2026/06/11,1447/12/25,1
منطقة الشرقية,الدمام,القطاع الخاص,خدمة إلكترونية جزئيا,الجوازات,2026/06/11,1447/12/25,1
منطقة الشرقية,الدمام,القطاع الخاص,خدمة إلكترونية جزئيا,الوزارات الحكومية,2026/06/11,1447/12/25,1
منطقة الشرقية,الدمام,القطاع العام,خدمة إلكترونية جزئيا,السجلات التجارية,2026/06/11,1447/12/25,1
منطقة الشرقية,الدمام,القطاع العام,خدمة إلكترونية جزئيا,الوزارات الحكومية,2026/06/11,1447/12/25,1
منطقة الشرقية,حفر الباطن,القطاع الخاص,خدمة إلكترونية جزئيا,المطالبات والمحاكم,2026/06/11,1447/12/25,1
منطقة الشرقية,حفر الباطن,القطاع الخاص,خدمة إلكترونية جزئيا,وكالة خارج المملكة العربية السعودية فقط,2026/06/11,1447/12/25,1
منطقة القصيم,البكيريه,القطاع الخاص,خدمة إلكترونية جزئيا,المطالبات والمحاكم,2026/06/11,1447/12/25,1
منطقة القصيم,البكيريه,القطاع الخاص,خدمة إلكترونية جزئيا,وكالة خارج المملكة العربية السعودية فقط,2026/06/11,1447/12/25,1
منطقة القصيم,بريده,القطاع الخاص,خدمة إلكترونية جزئيا,السجلات التجارية,2026/06/11,1447/12/25,1
منطقة القصيم,بريده,القطاع الخاص,خدمة إلكترونية جزئيا,المطالبات والمحاكم,2026/06/11,1447/12/25,1
منطقة القصيم,بريده,القطاع العام,خدمة إلكترونية جزئيا,تصديق الوكالات الخارجية,2026/06/11,1447/12/25,1
منطقة القصيم,رياض الخبراء,القطاع الخاص,خدمة إلكترونية جزئيا,العقارات,2026/06/11,1447/12/25,1
منطقة القصيم,عنيزه,القطاع الخاص,خدمة إلكترونية جزئيا,المطالبات والمحاكم,2026/06/11,1447/12/25,1
منطقة المدينة المنوره,المدينة المنورة,القطاع العام,خدمة إلكترونية جزئيا,السجلات التجارية,2026/06/11,1447/12/25,1
منطقة المدينة المنوره,المدينة المنورة,القطاع العام,خدمة إلكترونية جزئيا,وكالة خارج المملكة العربية السعودية فقط,2026/06/11,1447/12/25,1
منطقة حائل,حائل,القطاع العام,خدمة إلكترونية جزئيا,تصديق الوكالات الخارجية,2026/06/11,1447/12/25,1
منطقة عسير,ابها,القطاع الخاص,خدمة إلكترونية جزئيا,الأمانات والبلديات,2026/06/11,1447/12/25,1
منطقة عسير,المجارده,القطاع الخاص,خدمة إلكترونية جزئيا,البنوك والمصارف,2026/06/11,1447/12/25,1
منطقة عسير,بيشه,القطاع الخاص,خدمة إلكترونية جزئيا,السجلات التجارية,2026/06/11,1447/12/25,1
منطقة عسير,بيشه,القطاع الخاص,خدمة إلكترونية جزئيا,العقارات,2026/06/11,1447/12/25,1
منطقة عسير,بيشه,القطاع الخاص,خدمة إلكترونية جزئيا,المطالبات والمحاكم,2026/06/11,1447/12/25,1
منطقة عسير,خميس مشيط,القطاع الخاص,خدمة إلكترونية جزئيا,العقارات,2026/06/11,1447/12/25,1
منطقة عسير,خميس مشيط,القطاع الخاص,خدمة إلكترونية جزئيا,المرور,2026/06/11,1447/12/25,1
منطقة عسير,خميس مشيط,القطاع العام,خدمة إلكترونية جزئيا,العقارات,2026/06/11,1447/12/25,1
منطقة عسير,خميس مشيط,القطاع العام,خدمة إلكترونية جزئيا,المطالبات والمحاكم,2026/06/11,1447/12/25,1
منطقة مكة المكرمه,تربه,القطاع الخاص,خدمة إلكترونية جزئيا,العقارات,2026/06/11,1447/12/25,1
منطقة مكة المكرمه,جده,القطاع الخاص,خدمة إلكترونية جزئيا,إدارة الأحوال المدنية,2026/06/11,1447/12/25,1
منطقة مكة المكرمه,جده,القطاع الخاص,خدمة إلكترونية جزئيا,المرور,2026/06/11,1447/12/25,1
منطقة مكة المكرمه,جده,القطاع الخاص,خدمة إلكترونية جزئيا,شركة الكهرباء,2026/06/11,1447/12/25,1
منطقة مكة المكرمه,جده,القطاع العام,خدمة إلكترونية جزئيا,البنوك والمصارف,2026/06/11,1447/12/25,1
منطقة مكة المكرمه,جده,القطاع العام,خدمة إلكترونية جزئيا,السيارات,2026/06/11,1447/12/25,1
منطقة مكة المكرمه,جده,القطاع العام,خدمة إلكترونية جزئيا,الضمان والشؤون الاجتماعية,2026/06/11,1447/12/25,1
منطقة مكة المكرمه,جده,القطاع العام,خدمة إلكترونية جزئيا,النكاح,2026/06/11,1447/12/25,1
منطقة مكة المكرمه,جده,القطاع العام,خدمة إلكترونية جزئيا,الهيئات الحكومية,2026/06/11,1447/12/25,1
منطقة مكة المكرمه,مكة المكرمة,القطاع الخاص,خدمة إلكترونية جزئيا,إنهائات المحاكم,2026/06/11,1447/12/25,1
منطقة مكة المكرمه,مكة المكرمة,القطاع الخاص,خدمة إلكترونية جزئيا,الأمانات والبلديات,2026/06/11,1447/12/25,1
منطقة مكة المكرمه,مكة المكرمة,القطاع الخاص,خدمة إلكترونية جزئيا,السيارات,2026/06/11,1447/12/25,1
منطقة مكة المكرمه,مكة المكرمة,القطاع الخاص,خدمة إلكترونية جزئيا,مكتب الإستقدام,2026/06/11,1447/12/25,1
منطقة مكة المكرمه,مكة المكرمة,القطاع الخاص,خدمة إلكترونية جزئيا,وزارة الموارد البشرية والتنمية الاجتماعية,2026/06/11,1447/12/25,1
منطقة مكة المكرمه,مكة المكرمة,القطاع العام,خدمة إلكترونية جزئيا,البنوك والمصارف,2026/06/11,1447/12/25,1
منطقة نجران,نجران,القطاع الخاص,خدمة إلكترونية جزئيا,المرور,2026/06/11,1447/12/25,1
الخدمات الرقمية,عام,القطاع العام,خدمة إلكترونية,العقارات,2026/06/12,1447/12/26,"1,476"
الخدمات الرقمية,عام,القطاع العام,خدمة إلكترونية,المطالبات والمحاكم,2026/06/12,1447/12/26,"1,033"
الخدمات الرقمية,عام,القطاع العام,خدمة إلكترونية,السيارات,2026/06/12,1447/12/26,619
الخدمات الرقمية,عام,القطاع العام,خدمة إلكترونية,البنوك والمصارف,2026/06/12,1447/12/26,433
الخدمات الرقمية,عام,القطاع العام,خدمة إلكترونية,الجوازات,2026/06/12,1447/12/26,209
الخدمات الرقمية,عام,القطاع العام,خدمة إلكترونية,الوزارات الحكومية,2026/06/12,1447/12/26,181
الخدمات الرقمية,عام,القطاع العام,خدمة إلكترونية,الرواتب والمستحقات,2026/06/12,1447/12/26,134
الخدمات الرقمية,عام,القطاع العام,خدمة إلكترونية,الشركات والمؤسسات الأهلية,2026/06/12,1447/12/26,130
الخدمات الرقمية,عام,القطاع العام,خدمة إلكترونية,المرور,2026/06/12,1447/12/26,128
الخدمات الرقمية,عام,القطاع العام,خدمة إلكترونية,وكالة خارج المملكة العربية السعودية فقط,2026/06/12,1447/12/26,126
الخدمات الرقمية,عام,القطاع العام,خدمة إلكترونية,الجهات الأمنية,2026/06/12,1447/12/26,118
الخدمات الرقمية,عام,القطاع العام,خدمة إلكترونية,شركات الاتصالات,2026/06/12,1447/12/26,91
الخدمات الرقمية,عام,القطاع العام,خدمة إلكترونية,شبكة إيجار الإلكترونية,2026/06/12,1447/12/26,83
الخدمات الرقمية,عام,القطاع العام,خدمة إلكترونية,إدارة الأحوال المدنية,2026/06/12,1447/12/26,79
الخدمات الرقمية,عام,القطاع العام,خدمة إلكترونية,السجلات التجارية,2026/06/12,1447/12/26,78
الخدمات الرقمية,عام,القطاع العام,خدمة إلكترونية,طلب الخدمات,2026/06/12,1447/12/26,76
الخدمات الرقمية,عام,القطاع العام,خدمة إلكترونية,الأمانات والبلديات,2026/06/12,1447/12/26,75
الخدمات الرقمية,عام,القطاع العام,خدمة إلكترونية,الهيئات الحكومية,2026/06/12,1447/12/26,46
الخدمات الرقمية,عام,القطاع العام,خدمة إلكترونية,وزارة الموارد البشرية والتنمية الاجتماعية,2026/06/12,1447/12/26,44
منطقة مكة المكرمه,جده,القطاع الخاص,خدمة إلكترونية جزئيا,المطالبات والمحاكم,2026/06/12,1447/12/26,39
الخدمات الرقمية,عام,القطاع العام,خدمة إلكترونية,الجهات التعليمية,2026/06/12,1447/12/26,33
الخدمات الرقمية,عام,القطاع العام,خدمة إلكترونية,شركة المياه,2026/06/12,1447/12/26,33
الخدمات الرقمية,عام,القطاع العام,خدمة إلكترونية,النكاح,2026/06/12,1447/12/26,32
منطقة الرياض,الرياض,القطاع الخاص,خدمة إلكترونية جزئيا,العقارات,2026/06/12,1447/12/26,31
الخدمات الرقمية,عام,القطاع العام,خدمة إلكترونية,الشركات,2026/06/12,1447/12/26,29
الخدمات الرقمية,عام,القطاع العام,خدمة إلكترونية,شركة الكهرباء,2026/06/12,1447/12/26,27
الخدمات الرقمية,عام,القطاع العام,خدمة إلكترونية,صندوق التنمية العقارية,2026/06/12,1447/12/26,24
الخدمات الرقمية,عام,القطاع العام,خدمة إلكترونية,المنح الزراعية,2026/06/12,1447/12/26,22
الخدمات الرقمية,عام,القطاع العام,خدمة إلكترونية,التعويضات والمساعدات,2026/06/12,1447/12/26,21
منطقة الرياض,الرياض,القطاع الخاص,خدمة إلكترونية جزئيا,المطالبات والمحاكم,2026/06/12,1447/12/26,21
الخدمات الرقمية,عام,القطاع العام,خدمة إلكترونية,إثباتات المحاكم,2026/06/12,1447/12/26,19
الخدمات الرقمية,عام,القطاع العام,خدمة إلكترونية,مكتب الإستقدام,2026/06/12,1447/12/26,18
الخدمات الرقمية,عام,القطاع العام,خدمة إلكترونية,العوائد السنوية,2026/06/12,1447/12/26,16
الخدمات الرقمية,عام,القطاع العام,خدمة إلكترونية,المنح السكنية,2026/06/12,1447/12/26,16
منطقة مكة المكرمه,جده,القطاع الخاص,خدمة إلكترونية جزئيا,العقارات,2026/06/12,1447/12/26,16
الخدمات الرقمية,عام,القطاع العام,خدمة إلكترونية,المؤسسات الحكومية,2026/06/12,1447/12/26,15
الخدمات الرقمية,عام,القطاع العام,خدمة إلكترونية,هيئة الزكاة والضريبة والجمارك,2026/06/12,1447/12/26,15
الخدمات الرقمية,عام,القطاع العام,خدمة إلكترونية,إنهائات المحاكم,2026/06/12,1447/12/26,12
منطقة المدينة المنوره,المدينة المنورة,القطاع الخاص,خدمة إلكترونية جزئيا,العقارات,2026/06/12,1447/12/26,12
منطقة مكة المكرمه,مكة المكرمة,القطاع الخاص,خدمة إلكترونية جزئيا,العقارات,2026/06/12,1447/12/26,9
منطقة مكة المكرمه,جده,القطاع الخاص,خدمة إلكترونية جزئيا,البنوك والمصارف,2026/06/12,1447/12/26,8
منطقة مكة المكرمه,جده,القطاع الخاص,خدمة إلكترونية جزئيا,السجلات التجارية,2026/06/12,1447/12/26,8
الخدمات الرقمية,عام,القطاع العام,خدمة إلكترونية,الضمان الاجتماعي,2026/06/12,1447/12/26,7
الخدمات الرقمية,عام,القطاع العام,خدمة إلكترونية,أذونات المحاكم,2026/06/12,1447/12/26,6
الخدمات الرقمية,عام,القطاع العام,خدمة إلكترونية,الحالات الاجتماعية,2026/06/12,1447/12/26,6
منطقة مكة المكرمه,مكة المكرمة,القطاع الخاص,خدمة إلكترونية جزئيا,المطالبات والمحاكم,2026/06/12,1447/12/26,6
الخدمات الرقمية,كتابة عدل مدمجة - افتراضية,القطاع العام,خدمة إلكترونية جزئيا,العقارات,2026/06/12,1447/12/26,5
منطقة الرياض,الدوادمي,القطاع الخاص,خدمة إلكترونية جزئيا,العقارات,2026/06/12,1447/12/26,5
منطقة عسير,ابها,القطاع الخاص,خدمة إلكترونية جزئيا,شبكة إيجار الإلكترونية,2026/06/12,1447/12/26,5
الخدمات الرقمية,عام,القطاع العام,خدمة إلكترونية,البنك السعودي للتسليف والإدخار,2026/06/12,1447/12/26,4
الخدمات الرقمية,عام,القطاع العام,خدمة إلكترونية,التوكيل على الإقرارات,2026/06/12,1447/12/26,4
الخدمات الرقمية,كتابة عدل مدمجة - افتراضية,القطاع العام,خدمة إلكترونية جزئيا,المطالبات والمحاكم,2026/06/12,1447/12/26,4
منطقة الرياض,الرياض,القطاع الخاص,خدمة إلكترونية جزئيا,السيارات,2026/06/12,1447/12/26,4
منطقة الرياض,الرياض,القطاع العام,خدمة إلكترونية جزئيا,المطالبات والمحاكم,2026/06/12,1447/12/26,4
منطقة جازان,جيزان,القطاع الخاص,خدمة إلكترونية جزئيا,المطالبات والمحاكم,2026/06/12,1447/12/26,4
الخدمات الرقمية,عام,القطاع العام,خدمة إلكترونية,البريد,2026/06/12,1447/12/26,3
الخدمات الرقمية,عام,القطاع العام,خدمة إلكترونية,التنازل عن كامل الإرث,2026/06/12,1447/12/26,3
منطقة الرياض,الرياض,القطاع الخاص,خدمة إلكترونية جزئيا,وكالة خارج المملكة العربية السعودية فقط,2026/06/12,1447/12/26,3
منطقة تبوك,تبوك,القطاع الخاص,خدمة إلكترونية جزئيا,المطالبات والمحاكم,2026/06/12,1447/12/26,3
منطقة مكة المكرمه,جده,القطاع الخاص,خدمة إلكترونية جزئيا,وكالة خارج المملكة العربية السعودية فقط,2026/06/12,1447/12/26,3
الخدمات الرقمية,عام,القطاع العام,خدمة إلكترونية,استقدام العمالة,2026/06/12,1447/12/26,2
الخدمات الرقمية,عام,القطاع العام,خدمة إلكترونية,بنك التنمية الاجتماعية,2026/06/12,1447/12/26,2
منطقة الجوف,القريات,القطاع الخاص,خدمة إلكترونية جزئيا,العقارات,2026/06/12,1447/12/26,2
منطقة الرياض,الرياض,القطاع الخاص,خدمة إلكترونية جزئيا,الأمانات والبلديات,2026/06/12,1447/12/26,2
منطقة الرياض,الرياض,القطاع الخاص,خدمة إلكترونية جزئيا,الشركات,2026/06/12,1447/12/26,2
منطقة الشرقية,الخبر,القطاع الخاص,خدمة إلكترونية جزئيا,وكالة خارج المملكة العربية السعودية فقط,2026/06/12,1447/12/26,2
منطقة الشرقية,الدمام,القطاع الخاص,خدمة إلكترونية جزئيا,السجلات التجارية,2026/06/12,1447/12/26,2
منطقة الشرقية,الدمام,القطاع الخاص,خدمة إلكترونية جزئيا,العقارات,2026/06/12,1447/12/26,2
منطقة الشرقية,الدمام,القطاع الخاص,خدمة إلكترونية جزئيا,شبكة إيجار الإلكترونية,2026/06/12,1447/12/26,2
منطقة الشرقية,القطيف,القطاع الخاص,خدمة إلكترونية جزئيا,أذونات المحاكم,2026/06/12,1447/12/26,2
منطقة مكة المكرمه,جده,القطاع الخاص,خدمة إلكترونية جزئيا,الأمانات والبلديات,2026/06/12,1447/12/26,2
منطقة مكة المكرمه,جده,القطاع الخاص,خدمة إلكترونية جزئيا,الوزارات الحكومية,2026/06/12,1447/12/26,2
الخدمات الرقمية,عام,القطاع العام,خدمة إلكترونية,بنك التصدير والاستيراد السعودي,2026/06/12,1447/12/26,1
الخدمات الرقمية,عام,القطاع العام,خدمة إلكترونية,صندوق التنمية الزراعية,2026/06/12,1447/12/26,1
الخدمات الرقمية,عام,القطاع العام,خدمة إلكترونية,مكافآت الجامعات والمعاهد,2026/06/12,1447/12/26,1
الخدمات الرقمية,كتابة عدل مدمجة - افتراضية,القطاع العام,خدمة إلكترونية جزئيا,البنوك والمصارف,2026/06/12,1447/12/26,1
الخدمات الرقمية,كتابة عدل مدمجة - افتراضية,القطاع العام,خدمة إلكترونية جزئيا,النكاح,2026/06/12,1447/12/26,1
منطقة الجوف,سكاكا,القطاع الخاص,خدمة إلكترونية جزئيا,العقارات,2026/06/12,1447/12/26,1
منطقة الرياض,الدرعيه,القطاع الخاص,خدمة إلكترونية جزئيا,المطالبات والمحاكم,2026/06/12,1447/12/26,1
منطقة الرياض,الدوادمي,القطاع الخاص,خدمة إلكترونية جزئيا,المطالبات والمحاكم,2026/06/12,1447/12/26,1
منطقة الرياض,الرياض,القطاع الخاص,خدمة إلكترونية جزئيا,البنوك والمصارف,2026/06/12,1447/12/26,1
منطقة الرياض,الرياض,القطاع الخاص,خدمة إلكترونية جزئيا,شبكة إيجار الإلكترونية,2026/06/12,1447/12/26,1
منطقة الشرقية,الخبر,القطاع الخاص,خدمة إلكترونية جزئيا,المطالبات والمحاكم,2026/06/12,1447/12/26,1
منطقة الشرقية,الدمام,القطاع الخاص,خدمة إلكترونية جزئيا,المطالبات والمحاكم,2026/06/12,1447/12/26,1
منطقة المدينة المنوره,المدينة المنورة,القطاع الخاص,خدمة إلكترونية جزئيا,الشركات,2026/06/12,1447/12/26,1
منطقة جازان,جيزان,القطاع الخاص,خدمة إلكترونية جزئيا,الأمانات والبلديات,2026/06/12,1447/12/26,1
منطقة حائل,حائل,القطاع الخاص,خدمة إلكترونية جزئيا,المطالبات والمحاكم,2026/06/12,1447/12/26,1
منطقة عسير,ابها,القطاع الخاص,خدمة إلكترونية جزئيا,المطالبات والمحاكم,2026/06/12,1447/12/26,1
منطقة مكة المكرمه,الطائف,القطاع الخاص,خدمة إلكترونية جزئيا,المطالبات والمحاكم,2026/06/12,1447/12/26,1
منطقة مكة المكرمه,جده,القطاع الخاص,خدمة إلكترونية جزئيا,الهيئات الحكومية,2026/06/12,1447/12/26,1
منطقة مكة المكرمه,مكة المكرمة,القطاع الخاص,خدمة إلكترونية جزئيا,السجلات التجارية,2026/06/12,1447/12/26,1
منطقة مكة المكرمه,مكة المكرمة,القطاع الخاص,خدمة إلكترونية جزئيا,السيارات,2026/06/12,1447/12/26,1
منطقة مكة المكرمه,مكة المكرمة,القطاع الخاص,خدمة إلكترونية جزئيا,وكالة خارج المملكة العربية السعودية فقط,2026/06/12,1447/12/26,1
الخدمات الرقمية,عام,القطاع العام,خدمة إلكترونية,المطالبات والمحاكم,2026/06/13,1447/12/27,"2,457"
الخدمات الرقمية,عام,القطاع العام,خدمة إلكترونية,العقارات,2026/06/13,1447/12/27,"2,167"
الخدمات الرقمية,عام,القطاع العام,خدمة إلكترونية,الجوازات,2026/06/13,1447/12/27,"1,133"
الخدمات الرقمية,عام,القطاع العام,خدمة إلكترونية,السيارات,2026/06/13,1447/12/27,"1,125"
الخدمات الرقمية,عام,القطاع العام,خدمة إلكترونية,البنوك والمصارف,2026/06/13,1447/12/27,749
الخدمات الرقمية,عام,القطاع العام,خدمة إلكترونية,الوزارات الحكومية,2026/06/13,1447/12/27,437
الخدمات الرقمية,عام,القطاع العام,خدمة إلكترونية,المرور,2026/06/13,1447/12/27,343
الخدمات الرقمية,عام,القطاع العام,خدمة إلكترونية,الشركات والمؤسسات الأهلية,2026/06/13,1447/12/27,334
الخدمات الرقمية,عام,القطاع العام,خدمة إلكترونية,وكالة خارج المملكة العربية السعودية فقط,2026/06/13,1447/12/27,279
الخدمات الرقمية,عام,القطاع العام,خدمة إلكترونية,السجلات التجارية,2026/06/13,1447/12/27,271
الخدمات الرقمية,عام,القطاع العام,خدمة إلكترونية,الرواتب والمستحقات,2026/06/13,1447/12/27,242
الخدمات الرقمية,عام,القطاع العام,خدمة إلكترونية,الجهات الأمنية,2026/06/13,1447/12/27,226
الخدمات الرقمية,عام,القطاع العام,خدمة إلكترونية,الأمانات والبلديات,2026/06/13,1447/12/27,160
الخدمات الرقمية,عام,القطاع العام,خدمة إلكترونية,شركات الاتصالات,2026/06/13,1447/12/27,155
الخدمات الرقمية,عام,القطاع العام,خدمة إلكترونية,وزارة الموارد البشرية والتنمية الاجتماعية,2026/06/13,1447/12/27,146
الخدمات الرقمية,عام,القطاع العام,خدمة إلكترونية,إدارة الأحوال المدنية,2026/06/13,1447/12/27,123
الخدمات الرقمية,عام,القطاع العام,خدمة إلكترونية,طلب الخدمات,2026/06/13,1447/12/27,112
الخدمات الرقمية,عام,القطاع العام,خدمة إلكترونية,الجهات التعليمية,2026/06/13,1447/12/27,101
الخدمات الرقمية,عام,القطاع العام,خدمة إلكترونية,شبكة إيجار الإلكترونية,2026/06/13,1447/12/27,80
منطقة الرياض,الرياض,القطاع الخاص,خدمة إلكترونية جزئيا,المطالبات والمحاكم,2026/06/13,1447/12/27,73
الخدمات الرقمية,عام,القطاع العام,خدمة إلكترونية,الهيئات الحكومية,2026/06/13,1447/12/27,63
منطقة الرياض,الرياض,القطاع الخاص,خدمة إلكترونية جزئيا,العقارات,2026/06/13,1447/12/27,58
الخدمات الرقمية,عام,القطاع العام,خدمة إلكترونية,الشركات,2026/06/13,1447/12/27,54
الخدمات الرقمية,عام,القطاع العام,خدمة إلكترونية,شركة المياه,2026/06/13,1447/12/27,53
الخدمات الرقمية,عام,القطاع العام,خدمة إلكترونية,مكتب الإستقدام,2026/06/13,1447/12/27,53
الخدمات الرقمية,عام,القطاع العام,خدمة إلكترونية,النكاح,2026/06/13,1447/12/27,44
الخدمات الرقمية,عام,القطاع العام,خدمة إلكترونية,شركة الكهرباء,2026/06/13,1447/12/27,41
الخدمات الرقمية,عام,القطاع العام,خدمة إلكترونية,إثباتات المحاكم,2026/06/13,1447/12/27,38
منطقة مكة المكرمه,جده,القطاع الخاص,خدمة إلكترونية جزئيا,المطالبات والمحاكم,2026/06/13,1447/12/27,35
الخدمات الرقمية,عام,القطاع العام,خدمة إلكترونية,صندوق التنمية العقارية,2026/06/13,1447/12/27,33
الخدمات الرقمية,عام,القطاع العام,خدمة إلكترونية,المؤسسات الحكومية,2026/06/13,1447/12/27,29
منطقة الرياض,الرياض,القطاع الخاص,خدمة إلكترونية جزئيا,البنوك والمصارف,2026/06/13,1447/12/27,28
الخدمات الرقمية,كتابة عدل مدمجة - افتراضية,القطاع العام,خدمة إلكترونية جزئيا,المطالبات والمحاكم,2026/06/13,1447/12/27,26
الخدمات الرقمية,عام,القطاع العام,خدمة إلكترونية,التعويضات والمساعدات,2026/06/13,1447/12/27,22
الخدمات الرقمية,عام,القطاع العام,خدمة إلكترونية,المنح الزراعية,2026/06/13,1447/12/27,21
منطقة مكة المكرمه,جده,القطاع الخاص,خدمة إلكترونية جزئيا,العقارات,2026/06/13,1447/12/27,20
الخدمات الرقمية,عام,القطاع العام,خدمة إلكترونية,التوكيل على الإقرارات,2026/06/13,1447/12/27,19
الخدمات الرقمية,عام,القطاع العام,خدمة إلكترونية,العوائد السنوية,2026/06/13,1447/12/27,19
الخدمات الرقمية,عام,القطاع العام,خدمة إلكترونية,المنح السكنية,2026/06/13,1447/12/27,18
منطقة مكة المكرمه,مكة المكرمة,القطاع الخاص,خدمة إلكترونية جزئيا,المطالبات والمحاكم,2026/06/13,1447/12/27,15
الخدمات الرقمية,عام,القطاع العام,خدمة إلكترونية,أذونات المحاكم,2026/06/13,1447/12/27,13
الخدمات الرقمية,عام,القطاع العام,خدمة إلكترونية,التنازل عن كامل الإرث,2026/06/13,1447/12/27,13
منطقة الرياض,الرياض,القطاع الخاص,خدمة إلكترونية جزئيا,السيارات,2026/06/13,1447/12/27,13
الخدمات الرقمية,كتابة عدل مدمجة - افتراضية,القطاع العام,خدمة إلكترونية جزئيا,العقارات,2026/06/13,1447/12/27,12
منطقة الشرقية,الدمام,القطاع الخاص,خدمة إلكترونية جزئيا,وكالة خارج المملكة العربية السعودية فقط,2026/06/13,1447/12/27,11
منطقة عسير,خميس مشيط,القطاع الخاص,خدمة إلكترونية جزئيا,المطالبات والمحاكم,2026/06/13,1447/12/27,11
الخدمات الرقمية,عام,القطاع العام,خدمة إلكترونية,إنهائات المحاكم,2026/06/13,1447/12/27,10
الخدمات الرقمية,عام,القطاع العام,خدمة إلكترونية,بنك التنمية الاجتماعية,2026/06/13,1447/12/27,10
منطقة الرياض,الرياض,القطاع الخاص,خدمة إلكترونية جزئيا,وكالة خارج المملكة العربية السعودية فقط,2026/06/13,1447/12/27,10
الخدمات الرقمية,عام,القطاع العام,خدمة إلكترونية,البنك السعودي للتسليف والإدخار,2026/06/13,1447/12/27,9
الخدمات الرقمية,عام,القطاع العام,خدمة إلكترونية,هيئة الزكاة والضريبة والجمارك,2026/06/13,1447/12/27,9
الخدمات الرقمية,عام,القطاع العام,خدمة إلكترونية,استقدام العمالة,2026/06/13,1447/12/27,8
منطقة القصيم,بريده,القطاع الخاص,خدمة إلكترونية جزئيا,المطالبات والمحاكم,2026/06/13,1447/12/27,8
الخدمات الرقمية,عام,القطاع العام,خدمة إلكترونية,الحالات الاجتماعية,2026/06/13,1447/12/27,7
الخدمات الرقمية,عام,القطاع العام,خدمة إلكترونية,صندوق التنمية الزراعية,2026/06/13,1447/12/27,7
منطقة الرياض,الرياض,القطاع الخاص,خدمة إلكترونية جزئيا,السجلات التجارية,2026/06/13,1447/12/27,7
منطقة الرياض,الرياض,القطاع الخاص,خدمة إلكترونية جزئيا,الشركات,2026/06/13,1447/12/27,7
منطقة الشرقية,الدمام,القطاع الخاص,خدمة إلكترونية جزئيا,العقارات,2026/06/13,1447/12/27,7
منطقة مكة المكرمه,جده,القطاع الخاص,خدمة إلكترونية جزئيا,السجلات التجارية,2026/06/13,1447/12/27,7
الخدمات الرقمية,كتابة عدل مدمجة - افتراضية,القطاع العام,خدمة إلكترونية جزئيا,البنوك والمصارف,2026/06/13,1447/12/27,6
منطقة عسير,ابها,القطاع الخاص,خدمة إلكترونية جزئيا,العقارات,2026/06/13,1447/12/27,6
الخدمات الرقمية,كتابة عدل مدمجة - افتراضية,القطاع العام,خدمة إلكترونية جزئيا,الوزارات الحكومية,2026/06/13,1447/12/27,5
منطقة الرياض,الرياض,القطاع الخاص,خدمة إلكترونية جزئيا,الوزارات الحكومية,2026/06/13,1447/12/27,5
منطقة الشرقية,الدمام,القطاع الخاص,خدمة إلكترونية جزئيا,المطالبات والمحاكم,2026/06/13,1447/12/27,5
منطقة المدينة المنوره,المدينة المنورة,القطاع الخاص,خدمة إلكترونية جزئيا,المطالبات والمحاكم,2026/06/13,1447/12/27,5
منطقة حائل,حائل,القطاع الخاص,خدمة إلكترونية جزئيا,المطالبات والمحاكم,2026/06/13,1447/12/27,5
منطقة مكة المكرمه,الطائف,القطاع الخاص,خدمة إلكترونية جزئيا,المطالبات والمحاكم,2026/06/13,1447/12/27,5
منطقة الرياض,الرياض,القطاع الخاص,خدمة إلكترونية جزئيا,شبكة إيجار الإلكترونية,2026/06/13,1447/12/27,4
منطقة الشرقية,الخبر,القطاع الخاص,خدمة إلكترونية جزئيا,العقارات,2026/06/13,1447/12/27,4
منطقة الشرقية,رأس تنوره,القطاع الخاص,خدمة إلكترونية جزئيا,العقارات,2026/06/13,1447/12/27,4
منطقة مكة المكرمه,جده,القطاع الخاص,خدمة إلكترونية جزئيا,البنوك والمصارف,2026/06/13,1447/12/27,4
منطقة مكة المكرمه,مكة المكرمة,القطاع الخاص,خدمة إلكترونية جزئيا,السجلات التجارية,2026/06/13,1447/12/27,4
منطقة مكة المكرمه,مكة المكرمة,القطاع الخاص,خدمة إلكترونية جزئيا,العقارات,2026/06/13,1447/12/27,4
منطقة نجران,نجران,القطاع الخاص,خدمة إلكترونية جزئيا,السيارات,2026/06/13,1447/12/27,4
الخدمات الرقمية,عام,القطاع العام,خدمة إلكترونية,الضمان الاجتماعي,2026/06/13,1447/12/27,3
الخدمات الرقمية,كتابة عدل مدمجة - افتراضية,القطاع العام,خدمة إلكترونية جزئيا,الأمانات والبلديات,2026/06/13,1447/12/27,3
الخدمات الرقمية,كتابة عدل مدمجة - افتراضية,القطاع العام,خدمة إلكترونية جزئيا,شبكة إيجار الإلكترونية,2026/06/13,1447/12/27,3
منطقة الرياض,الرياض,القطاع الخاص,خدمة إلكترونية جزئيا,الهيئات الحكومية,2026/06/13,1447/12/27,3
منطقة الرياض,القويعيه,القطاع الخاص,خدمة إلكترونية جزئيا,الوزارات الحكومية,2026/06/13,1447/12/27,3
منطقة الرياض,عرقه,القطاع الخاص,خدمة إلكترونية جزئيا,المطالبات والمحاكم,2026/06/13,1447/12/27,3
منطقة الشرقية,الخبر,القطاع الخاص,خدمة إلكترونية جزئيا,المطالبات والمحاكم,2026/06/13,1447/12/27,3
منطقة القصيم,الرس,القطاع الخاص,خدمة إلكترونية جزئيا,المطالبات والمحاكم,2026/06/13,1447/12/27,3
منطقة القصيم,بريده,القطاع الخاص,خدمة إلكترونية جزئيا,العقارات,2026/06/13,1447/12/27,3
منطقة القصيم,عنيزه,القطاع الخاص,خدمة إلكترونية جزئيا,العقارات,2026/06/13,1447/12/27,3
منطقة المدينة المنوره,المدينة المنورة,القطاع الخاص,خدمة إلكترونية جزئيا,البنوك والمصارف,2026/06/13,1447/12/27,3
منطقة المدينة المنوره,المدينة المنورة,القطاع الخاص,خدمة إلكترونية جزئيا,السجلات التجارية,2026/06/13,1447/12/27,3
منطقة تبوك,تبوك,القطاع الخاص,خدمة إلكترونية جزئيا,المطالبات والمحاكم,2026/06/13,1447/12/27,3
منطقة عسير,ابها,القطاع الخاص,خدمة إلكترونية جزئيا,المطالبات والمحاكم,2026/06/13,1447/12/27,3
منطقة مكة المكرمه,جده,القطاع الخاص,خدمة إلكترونية جزئيا,وكالة خارج المملكة العربية السعودية فقط,2026/06/13,1447/12/27,3
منطقة مكة المكرمه,مكة المكرمة,القطاع الخاص,خدمة إلكترونية جزئيا,البنوك والمصارف,2026/06/13,1447/12/27,3
الخدمات الرقمية,عام,القطاع العام,خدمة إلكترونية,تصاريح القوارب والصيد,2026/06/13,1447/12/27,2
الخدمات الرقمية,عام,القطاع العام,خدمة إلكترونية,مكافآت الجامعات والمعاهد,2026/06/13,1447/12/27,2
الخدمات الرقمية,كتابة عدل مدمجة - افتراضية,القطاع العام,خدمة إلكترونية جزئيا,إثباتات المحاكم,2026/06/13,1447/12/27,2
الخدمات الرقمية,كتابة عدل مدمجة - افتراضية,القطاع العام,خدمة إلكترونية جزئيا,الجوازات,2026/06/13,1447/12/27,2
الخدمات الرقمية,كتابة عدل مدمجة - افتراضية,القطاع العام,خدمة إلكترونية جزئيا,الرواتب والمستحقات,2026/06/13,1447/12/27,2
الخدمات الرقمية,كتابة عدل مدمجة - افتراضية,القطاع العام,خدمة إلكترونية جزئيا,الشركات,2026/06/13,1447/12/27,2
الخدمات الرقمية,كتابة عدل مدمجة - افتراضية,القطاع العام,خدمة إلكترونية جزئيا,الشركات والمؤسسات الأهلية,2026/06/13,1447/12/27,2
منطقة الشرقية,الخبر,القطاع الخاص,خدمة إلكترونية جزئيا,شبكة إيجار الإلكترونية,2026/06/13,1447/12/27,2
منطقة المدينة المنوره,المدينة المنورة,القطاع الخاص,خدمة إلكترونية جزئيا,العقارات,2026/06/13,1447/12/27,2
منطقة مكة المكرمه,الطائف,القطاع الخاص,خدمة إلكترونية جزئيا,وكالة خارج المملكة العربية السعودية فقط,2026/06/13,1447/12/27,2
منطقة مكة المكرمه,جده,القطاع الخاص,خدمة إلكترونية جزئيا,الجوازات,2026/06/13,1447/12/27,2
منطقة مكة المكرمه,جده,القطاع الخاص,خدمة إلكترونية جزئيا,السيارات,2026/06/13,1447/12/27,2
منطقة مكة المكرمه,مكة المكرمة,القطاع الخاص,خدمة إلكترونية جزئيا,الأمانات والبلديات,2026/06/13,1447/12/27,2
الخدمات الرقمية,عام,القطاع العام,خدمة إلكترونية,البريد,2026/06/13,1447/12/27,1
الخدمات الرقمية,عام,القطاع العام,خدمة إلكترونية,الرئاسات الحكومية,2026/06/13,1447/12/27,1
الخدمات الرقمية,عام,القطاع العام,خدمة إلكترونية,بنك التصدير والاستيراد السعودي,2026/06/13,1447/12/27,1
الخدمات الرقمية,كتابة عدل مدمجة - افتراضية,القطاع العام,خدمة إلكترونية جزئيا,الجهات الأمنية,2026/06/13,1447/12/27,1
الخدمات الرقمية,كتابة عدل مدمجة - افتراضية,القطاع العام,خدمة إلكترونية جزئيا,الجهات التعليمية,2026/06/13,1447/12/27,1
الخدمات الرقمية,كتابة عدل مدمجة - افتراضية,القطاع العام,خدمة إلكترونية جزئيا,المرور,2026/06/13,1447/12/27,1
الخدمات الرقمية,كتابة عدل مدمجة - افتراضية,القطاع العام,خدمة إلكترونية جزئيا,الهيئات الحكومية,2026/06/13,1447/12/27,1
الخدمات الرقمية,كتابة عدل مدمجة - افتراضية,القطاع العام,خدمة إلكترونية جزئيا,شركات الاتصالات,2026/06/13,1447/12/27,1
الخدمات الرقمية,كتابة عدل مدمجة - افتراضية,القطاع العام,خدمة إلكترونية جزئيا,صندوق التنمية الزراعية,2026/06/13,1447/12/27,1
منطقة الجوف,سكاكا,القطاع الخاص,خدمة إلكترونية جزئيا,العقارات,2026/06/13,1447/12/27,1
منطقة الجوف,سكاكا,القطاع الخاص,خدمة إلكترونية جزئيا,المطالبات والمحاكم,2026/06/13,1447/12/27,1
منطقة الرياض,الدرعيه,القطاع الخاص,خدمة إلكترونية جزئيا,المطالبات والمحاكم,2026/06/13,1447/12/27,1
منطقة الرياض,الرياض,القطاع الخاص,خدمة إلكترونية جزئيا,النكاح,2026/06/13,1447/12/27,1
منطقة الرياض,المجمعه,القطاع الخاص,خدمة إلكترونية جزئيا,البنوك والمصارف,2026/06/13,1447/12/27,1
منطقة الشرقية,الاحساء,القطاع الخاص,خدمة إلكترونية جزئيا,المطالبات والمحاكم,2026/06/13,1447/12/27,1
منطقة القصيم,بريده,القطاع الخاص,خدمة إلكترونية جزئيا,البنوك والمصارف,2026/06/13,1447/12/27,1
منطقة المدينة المنوره,المدينة المنورة,القطاع الخاص,خدمة إلكترونية جزئيا,شبكة إيجار الإلكترونية,2026/06/13,1447/12/27,1
منطقة المدينة المنوره,ينبع,القطاع الخاص,خدمة إلكترونية جزئيا,وكالة خارج المملكة العربية السعودية فقط,2026/06/13,1447/12/27,1
منطقة تبوك,تبوك,القطاع الخاص,خدمة إلكترونية جزئيا,السيارات,2026/06/13,1447/12/27,1
منطقة جازان,جيزان,القطاع الخاص,خدمة إلكترونية جزئيا,المطالبات والمحاكم,2026/06/13,1447/12/27,1
منطقة جازان,صبياء,القطاع الخاص,خدمة إلكترونية جزئيا,المطالبات والمحاكم,2026/06/13,1447/12/27,1
منطقة عسير,ابها,القطاع الخاص,خدمة إلكترونية جزئيا,شبكة إيجار الإلكترونية,2026/06/13,1447/12/27,1
منطقة مكة المكرمه,الطائف,القطاع الخاص,خدمة إلكترونية جزئيا,العقارات,2026/06/13,1447/12/27,1
منطقة مكة المكرمه,جده,القطاع الخاص,خدمة إلكترونية جزئيا,الأمانات والبلديات,2026/06/13,1447/12/27,1
منطقة مكة المكرمه,جده,القطاع الخاص,خدمة إلكترونية جزئيا,الشركات,2026/06/13,1447/12/27,1
منطقة مكة المكرمه,جده,القطاع الخاص,خدمة إلكترونية جزئيا,المنح الزراعية,2026/06/13,1447/12/27,1
منطقة مكة المكرمه,جده,القطاع الخاص,خدمة إلكترونية جزئيا,الوزارات الحكومية,2026/06/13,1447/12/27,1
منطقة مكة المكرمه,جده,القطاع الخاص,خدمة إلكترونية جزئيا,وزارة الموارد البشرية والتنمية الاجتماعية,2026/06/13,1447/12/27,1
منطقة مكة المكرمه,مكة المكرمة,القطاع الخاص,خدمة إلكترونية جزئيا,السيارات,2026/06/13,1447/12/27,1
منطقة مكة المكرمه,مكة المكرمة,القطاع الخاص,خدمة إلكترونية جزئيا,وكالة خارج المملكة العربية السعودية فقط,2026/06/13,1447/12/27,1
الخدمات الرقمية,عام,القطاع العام,خدمة إلكترونية,المطالبات والمحاكم,2026/06/14,1447/12/28,"5,290"
الخدمات الرقمية,عام,القطاع العام,خدمة إلكترونية,العقارات,2026/06/14,1447/12/28,"2,732"
الخدمات الرقمية,عام,القطاع العام,خدمة إلكترونية,الجوازات,2026/06/14,1447/12/28,"1,658"
الخدمات الرقمية,عام,القطاع العام,خدمة إلكترونية,السيارات,2026/06/14,1447/12/28,"1,619"
الخدمات الرقمية,عام,القطاع العام,خدمة إلكترونية,البنوك والمصارف,2026/06/14,1447/12/28,"1,514"
الخدمات الرقمية,عام,القطاع العام,خدمة إلكترونية,الوزارات الحكومية,2026/06/14,1447/12/28,790
الخدمات الرقمية,عام,القطاع العام,خدمة إلكترونية,المرور,2026/06/14,1447/12/28,600
الخدمات الرقمية,عام,القطاع العام,خدمة إلكترونية,الشركات والمؤسسات الأهلية,2026/06/14,1447/12/28,557
الخدمات الرقمية,عام,القطاع العام,خدمة إلكترونية,السجلات التجارية,2026/06/14,1447/12/28,420
الخدمات الرقمية,عام,القطاع العام,خدمة إلكترونية,الجهات الأمنية,2026/06/14,1447/12/28,409
الخدمات الرقمية,عام,القطاع العام,خدمة إلكترونية,وكالة خارج المملكة العربية السعودية فقط,2026/06/14,1447/12/28,375
منطقة الرياض,الرياض,القطاع الخاص,خدمة إلكترونية جزئيا,المطالبات والمحاكم,2026/06/14,1447/12/28,340
الخدمات الرقمية,عام,القطاع العام,خدمة إلكترونية,وزارة الموارد البشرية والتنمية الاجتماعية,2026/06/14,1447/12/28,292
الخدمات الرقمية,عام,القطاع العام,خدمة إلكترونية,الأمانات والبلديات,2026/06/14,1447/12/28,267
الخدمات الرقمية,عام,القطاع العام,خدمة إلكترونية,إدارة الأحوال المدنية,2026/06/14,1447/12/28,255
الخدمات الرقمية,عام,القطاع العام,خدمة إلكترونية,الرواتب والمستحقات,2026/06/14,1447/12/28,245
الخدمات الرقمية,كتابة عدل مدمجة - افتراضية,القطاع العام,خدمة إلكترونية جزئيا,المطالبات والمحاكم,2026/06/14,1447/12/28,192
الخدمات الرقمية,عام,القطاع العام,خدمة إلكترونية,الجهات التعليمية,2026/06/14,1447/12/28,184
الخدمات الرقمية,عام,القطاع العام,خدمة إلكترونية,طلب الخدمات,2026/06/14,1447/12/28,170
منطقة الرياض,الرياض,القطاع العام,خدمة إلكترونية جزئيا,المطالبات والمحاكم,2026/06/14,1447/12/28,163
الخدمات الرقمية,عام,القطاع العام,خدمة إلكترونية,شركات الاتصالات,2026/06/14,1447/12/28,162
منطقة مكة المكرمه,جده,القطاع الخاص,خدمة إلكترونية جزئيا,المطالبات والمحاكم,2026/06/14,1447/12/28,159
الخدمات الرقمية,عام,القطاع العام,خدمة إلكترونية,الهيئات الحكومية,2026/06/14,1447/12/28,129
منطقة الرياض,الرياض,القطاع الخاص,خدمة إلكترونية جزئيا,العقارات,2026/06/14,1447/12/28,128
الخدمات الرقمية,عام,القطاع العام,خدمة إلكترونية,الشركات,2026/06/14,1447/12/28,114
الخدمات الرقمية,عام,القطاع العام,خدمة إلكترونية,شبكة إيجار الإلكترونية,2026/06/14,1447/12/28,92
منطقة مكة المكرمه,جده,القطاع الخاص,خدمة إلكترونية جزئيا,العقارات,2026/06/14,1447/12/28,90
الخدمات الرقمية,عام,القطاع العام,خدمة إلكترونية,شركة الكهرباء,2026/06/14,1447/12/28,75
الخدمات الرقمية,عام,القطاع العام,خدمة إلكترونية,التعويضات والمساعدات,2026/06/14,1447/12/28,74
الخدمات الرقمية,عام,القطاع العام,خدمة إلكترونية,مكتب الإستقدام,2026/06/14,1447/12/28,71
الخدمات الرقمية,كتابة عدل مدمجة - افتراضية,القطاع العام,خدمة إلكترونية جزئيا,العقارات,2026/06/14,1447/12/28,64
الخدمات الرقمية,عام,القطاع العام,خدمة إلكترونية,المؤسسات الحكومية,2026/06/14,1447/12/28,63
الخدمات الرقمية,عام,القطاع العام,خدمة إلكترونية,النكاح,2026/06/14,1447/12/28,60
الخدمات الرقمية,كتابة عدل مدمجة - افتراضية,القطاع العام,خدمة إلكترونية جزئيا,البنوك والمصارف,2026/06/14,1447/12/28,60
منطقة الرياض,الرياض,القطاع العام,خدمة إلكترونية جزئيا,تصديق الوكالات الخارجية,2026/06/14,1447/12/28,58
منطقة مكة المكرمه,مكة المكرمة,القطاع الخاص,خدمة إلكترونية جزئيا,المطالبات والمحاكم,2026/06/14,1447/12/28,56
الخدمات الرقمية,عام,القطاع العام,خدمة إلكترونية,المنح الزراعية,2026/06/14,1447/12/28,53
منطقة الرياض,الرياض,القطاع العام,خدمة إلكترونية جزئيا,البنوك والمصارف,2026/06/14,1447/12/28,50
الخدمات الرقمية,عام,القطاع العام,خدمة إلكترونية,إثباتات المحاكم,2026/06/14,1447/12/28,43
الخدمات الرقمية,عام,القطاع العام,خدمة إلكترونية,صندوق التنمية العقارية,2026/06/14,1447/12/28,43
الخدمات الرقمية,عام,القطاع العام,خدمة إلكترونية,شركة المياه,2026/06/14,1447/12/28,40
منطقة الرياض,الرياض,القطاع العام,خدمة إلكترونية جزئيا,الجهات الأمنية,2026/06/14,1447/12/28,37
منطقة الرياض,الرياض,القطاع الخاص,خدمة إلكترونية جزئيا,وكالة خارج المملكة العربية السعودية فقط,2026/06/14,1447/12/28,36
الخدمات الرقمية,عام,القطاع العام,خدمة إلكترونية,هيئة الزكاة والضريبة والجمارك,2026/06/14,1447/12/28,33
منطقة الرياض,الرياض,القطاع الخاص,خدمة إلكترونية جزئيا,السجلات التجارية,2026/06/14,1447/12/28,33
منطقة الرياض,الرياض,القطاع الخاص,خدمة إلكترونية جزئيا,البنوك والمصارف,2026/06/14,1447/12/28,31
منطقة مكة المكرمه,جده,القطاع الخاص,خدمة إلكترونية جزئيا,البنوك والمصارف,2026/06/14,1447/12/28,28
منطقة مكة المكرمه,جده,القطاع الخاص,خدمة إلكترونية جزئيا,وكالة خارج المملكة العربية السعودية فقط,2026/06/14,1447/12/28,27
منطقة مكة المكرمه,جده,القطاع العام,خدمة إلكترونية جزئيا,تصديق الوكالات الخارجية,2026/06/14,1447/12/28,25
الخدمات الرقمية,عام,القطاع العام,خدمة إلكترونية,المنح السكنية,2026/06/14,1447/12/28,24
منطقة مكة المكرمه,مكة المكرمة,القطاع الخاص,خدمة إلكترونية جزئيا,العقارات,2026/06/14,1447/12/28,24
الخدمات الرقمية,عام,القطاع العام,خدمة إلكترونية جزئيا,المطالبات والمحاكم,2026/06/14,1447/12/28,23
منطقة الرياض,الرياض,القطاع الخاص,خدمة إلكترونية جزئيا,الشركات,2026/06/14,1447/12/28,22
منطقة الرياض,الرياض,القطاع الخاص,خدمة إلكترونية جزئيا,شبكة إيجار الإلكترونية,2026/06/14,1447/12/28,22
منطقة مكة المكرمه,مكة المكرمة,القطاع الخاص,خدمة إلكترونية جزئيا,وكالة خارج المملكة العربية السعودية فقط,2026/06/14,1447/12/28,22
الخدمات الرقمية,كتابة عدل مدمجة - افتراضية,القطاع العام,خدمة إلكترونية جزئيا,شبكة إيجار الإلكترونية,2026/06/14,1447/12/28,21
منطقة الشرقية,الدمام,القطاع الخاص,خدمة إلكترونية جزئيا,المطالبات والمحاكم,2026/06/14,1447/12/28,21
منطقة الشرقية,الدمام,القطاع العام,خدمة إلكترونية جزئيا,تصديق الوكالات الخارجية,2026/06/14,1447/12/28,21
منطقة مكة المكرمه,الطائف,القطاع الخاص,خدمة إلكترونية جزئيا,المطالبات والمحاكم,2026/06/14,1447/12/28,21
الخدمات الرقمية,كتابة عدل مدمجة - افتراضية,القطاع العام,خدمة إلكترونية جزئيا,السيارات,2026/06/14,1447/12/28,20
منطقة المدينة المنوره,المدينة المنورة,القطاع الخاص,خدمة إلكترونية جزئيا,المطالبات والمحاكم,2026/06/14,1447/12/28,20
الخدمات الرقمية,عام,القطاع العام,خدمة إلكترونية,بنك التنمية الاجتماعية,2026/06/14,1447/12/28,18
منطقة القصيم,بريده,القطاع الخاص,خدمة إلكترونية جزئيا,المطالبات والمحاكم,2026/06/14,1447/12/28,18
الخدمات الرقمية,عام,القطاع العام,خدمة إلكترونية,التوكيل على الإقرارات,2026/06/14,1447/12/28,17
منطقة القصيم,الرس,القطاع الخاص,خدمة إلكترونية جزئيا,المطالبات والمحاكم,2026/06/14,1447/12/28,15
منطقة المدينة المنوره,المدينة المنورة,القطاع الخاص,خدمة إلكترونية جزئيا,العقارات,2026/06/14,1447/12/28,15
الخدمات الرقمية,عام,القطاع العام,خدمة إلكترونية,استقدام العمالة,2026/06/14,1447/12/28,14
الخدمات الرقمية,كتابة عدل مدمجة - افتراضية,القطاع العام,خدمة إلكترونية جزئيا,الوزارات الحكومية,2026/06/14,1447/12/28,14
منطقة مكة المكرمه,جده,القطاع الخاص,خدمة إلكترونية جزئيا,الأمانات والبلديات,2026/06/14,1447/12/28,14
الخدمات الرقمية,عام,القطاع العام,خدمة إلكترونية,الحالات الاجتماعية,2026/06/14,1447/12/28,13
منطقة الشرقية,الدمام,القطاع العام,خدمة إلكترونية جزئيا,المطالبات والمحاكم,2026/06/14,1447/12/28,13
منطقة مكة المكرمه,جده,القطاع الخاص,خدمة إلكترونية جزئيا,السجلات التجارية,2026/06/14,1447/12/28,13
الخدمات الرقمية,كتابة عدل مدمجة - افتراضية,القطاع العام,خدمة إلكترونية جزئيا,الجهات التعليمية,2026/06/14,1447/12/28,12
منطقة حائل,حائل,القطاع الخاص,خدمة إلكترونية جزئيا,المطالبات والمحاكم,2026/06/14,1447/12/28,12
الخدمات الرقمية,عام,القطاع العام,خدمة إلكترونية,البنك السعودي للتسليف والإدخار,2026/06/14,1447/12/28,10
الخدمات الرقمية,عام,القطاع العام,خدمة إلكترونية,العوائد السنوية,2026/06/14,1447/12/28,10
الخدمات الرقمية,كتابة عدل مدمجة - افتراضية,القطاع العام,خدمة إلكترونية جزئيا,السجلات التجارية,2026/06/14,1447/12/28,10
منطقة الشرقية,الخبر,القطاع الخاص,خدمة إلكترونية جزئيا,المطالبات والمحاكم,2026/06/14,1447/12/28,10
منطقة الشرقية,الدمام,القطاع الخاص,خدمة إلكترونية جزئيا,العقارات,2026/06/14,1447/12/28,10
منطقة المدينة المنوره,المهد,القطاع الخاص,خدمة إلكترونية جزئيا,العقارات,2026/06/14,1447/12/28,10
منطقة مكة المكرمه,جده,القطاع الخاص,خدمة إلكترونية جزئيا,الهيئات الحكومية,2026/06/14,1447/12/28,10
الخدمات الرقمية,عام,القطاع العام,خدمة إلكترونية,التنازل عن كامل الإرث,2026/06/14,1447/12/28,9
منطقة الرياض,الرياض,القطاع الخاص,خدمة إلكترونية جزئيا,الأمانات والبلديات,2026/06/14,1447/12/28,9
منطقة الرياض,الرياض,القطاع العام,خدمة إلكترونية جزئيا,الوزارات الحكومية,2026/06/14,1447/12/28,9
منطقة الرياض,الرياض,القطاع العام,خدمة إلكترونية جزئيا,شركات الاتصالات,2026/06/14,1447/12/28,9
منطقة الشرقية,الاحساء,القطاع الخاص,خدمة إلكترونية جزئيا,المطالبات والمحاكم,2026/06/14,1447/12/28,9
منطقة الشرقية,الخبر,القطاع الخاص,خدمة إلكترونية جزئيا,العقارات,2026/06/14,1447/12/28,9
الخدمات الرقمية,عام,القطاع العام,خدمة إلكترونية,إنهائات المحاكم,2026/06/14,1447/12/28,8
الخدمات الرقمية,عام,القطاع العام,خدمة إلكترونية جزئيا,العقارات,2026/06/14,1447/12/28,8
الخدمات الرقمية,كتابة عدل مدمجة - افتراضية,القطاع العام,خدمة إلكترونية جزئيا,الجهات الأمنية,2026/06/14,1447/12/28,8
الخدمات الرقمية,كتابة عدل مدمجة - افتراضية,القطاع العام,خدمة إلكترونية جزئيا,الشركات والمؤسسات الأهلية,2026/06/14,1447/12/28,8
منطقة الرياض,الدرعيه,القطاع الخاص,خدمة إلكترونية جزئيا,المطالبات والمحاكم,2026/06/14,1447/12/28,8
منطقة الرياض,الرياض,القطاع الخاص,خدمة إلكترونية جزئيا,الوزارات الحكومية,2026/06/14,1447/12/28,8
منطقة الرياض,الرياض,القطاع العام,خدمة إلكترونية جزئيا,السيارات,2026/06/14,1447/12/28,8
منطقة مكة المكرمه,جده,القطاع الخاص,خدمة إلكترونية جزئيا,الوزارات الحكومية,2026/06/14,1447/12/28,8
منطقة الجوف,سكاكا,القطاع الخاص,خدمة إلكترونية جزئيا,المطالبات والمحاكم,2026/06/14,1447/12/28,7
منطقة الرياض,الرياض,القطاع الخاص,خدمة إلكترونية جزئيا,الجهات الأمنية,2026/06/14,1447/12/28,7
منطقة الرياض,الرياض,القطاع الخاص,خدمة إلكترونية جزئيا,السيارات,2026/06/14,1447/12/28,7
منطقة الرياض,الرياض,القطاع العام,خدمة إلكترونية جزئيا,إدارة الأحوال المدنية,2026/06/14,1447/12/28,7
منطقة الرياض,الرياض,القطاع العام,خدمة إلكترونية جزئيا,المؤسسات الحكومية,2026/06/14,1447/12/28,7
منطقة الشرقية,الدمام,القطاع الخاص,خدمة إلكترونية جزئيا,وكالة خارج المملكة العربية السعودية فقط,2026/06/14,1447/12/28,7
منطقة المدينة المنوره,المدينة المنورة,القطاع العام,خدمة إلكترونية جزئيا,تصديق الوكالات الخارجية,2026/06/14,1447/12/28,7
منطقة عسير,ابها,القطاع الخاص,خدمة إلكترونية جزئيا,العقارات,2026/06/14,1447/12/28,7
منطقة مكة المكرمه,جده,القطاع الخاص,خدمة إلكترونية جزئيا,الشركات,2026/06/14,1447/12/28,7
منطقة مكة المكرمه,جده,القطاع الخاص,خدمة إلكترونية جزئيا,شبكة إيجار الإلكترونية,2026/06/14,1447/12/28,7
منطقة مكة المكرمه,مكة المكرمة,القطاع الخاص,خدمة إلكترونية جزئيا,السجلات التجارية,2026/06/14,1447/12/28,7
الخدمات الرقمية,عام,القطاع العام,خدمة إلكترونية,الضمان الاجتماعي,2026/06/14,1447/12/28,6
الخدمات الرقمية,عام,القطاع العام,خدمة إلكترونية,مكافآت الجامعات والمعاهد,2026/06/14,1447/12/28,6
الخدمات الرقمية,عام,القطاع العام,خدمة إلكترونية جزئيا,البنوك والمصارف,2026/06/14,1447/12/28,6
الخدمات الرقمية,كتابة عدل مدمجة - افتراضية,القطاع العام,خدمة إلكترونية جزئيا,المؤسسات الحكومية,2026/06/14,1447/12/28,6
منطقة الرياض,الرياض,القطاع العام,خدمة إلكترونية جزئيا,العقارات,2026/06/14,1447/12/28,6
منطقة القصيم,بريده,القطاع الخاص,خدمة إلكترونية جزئيا,وكالة خارج المملكة العربية السعودية فقط,2026/06/14,1447/12/28,6
منطقة المدينة المنوره,المدينة المنورة,القطاع العام,خدمة إلكترونية جزئيا,المطالبات والمحاكم,2026/06/14,1447/12/28,6
الخدمات الرقمية,عام,القطاع العام,خدمة إلكترونية,البريد,2026/06/14,1447/12/28,5
الخدمات الرقمية,كتابة عدل مدمجة - افتراضية,القطاع العام,خدمة إلكترونية جزئيا,الأمانات والبلديات,2026/06/14,1447/12/28,5
منطقة الرياض,الرياض,القطاع الخاص,خدمة إلكترونية جزئيا,الشركات والمؤسسات الأهلية,2026/06/14,1447/12/28,5
منطقة الرياض,الرياض,القطاع العام,خدمة إلكترونية جزئيا,السجلات التجارية,2026/06/14,1447/12/28,5
منطقة الشرقية,الجبيل,القطاع الخاص,خدمة إلكترونية جزئيا,العقارات,2026/06/14,1447/12/28,5
منطقة الشرقية,الدمام,القطاع الخاص,خدمة إلكترونية جزئيا,السجلات التجارية,2026/06/14,1447/12/28,5
منطقة الشرقية,حفر الباطن,القطاع الخاص,خدمة إلكترونية جزئيا,المطالبات والمحاكم,2026/06/14,1447/12/28,5
منطقة القصيم,البدائع,القطاع الخاص,خدمة إلكترونية جزئيا,العقارات,2026/06/14,1447/12/28,5
منطقة القصيم,بريده,القطاع الخاص,خدمة إلكترونية جزئيا,العقارات,2026/06/14,1447/12/28,5
منطقة القصيم,بريده,القطاع العام,خدمة إلكترونية جزئيا,تصديق الوكالات الخارجية,2026/06/14,1447/12/28,5
منطقة القصيم,عنيزه,القطاع الخاص,خدمة إلكترونية جزئيا,العقارات,2026/06/14,1447/12/28,5
منطقة المدينة المنوره,ينبع,القطاع الخاص,خدمة إلكترونية جزئيا,البنوك والمصارف,2026/06/14,1447/12/28,5
منطقة جازان,صامطه,القطاع الخاص,خدمة إلكترونية جزئيا,المطالبات والمحاكم,2026/06/14,1447/12/28,5
منطقة عسير,ابها,القطاع الخاص,خدمة إلكترونية جزئيا,شبكة إيجار الإلكترونية,2026/06/14,1447/12/28,5
منطقة عسير,خميس مشيط,القطاع الخاص,خدمة إلكترونية جزئيا,المطالبات والمحاكم,2026/06/14,1447/12/28,5
الخدمات الرقمية,عام,القطاع العام,خدمة إلكترونية جزئيا,شبكة إيجار الإلكترونية,2026/06/14,1447/12/28,4
الخدمات الرقمية,كتابة عدل مدمجة - افتراضية,القطاع العام,خدمة إلكترونية جزئيا,الجوازات,2026/06/14,1447/12/28,4
الخدمات الرقمية,كتابة عدل مدمجة - افتراضية,القطاع العام,خدمة إلكترونية جزئيا,الرواتب والمستحقات,2026/06/14,1447/12/28,4
الخدمات الرقمية,كتابة عدل مدمجة - افتراضية,القطاع العام,خدمة إلكترونية جزئيا,الشركات,2026/06/14,1447/12/28,4
الخدمات الرقمية,كتابة عدل مدمجة - افتراضية,القطاع العام,خدمة إلكترونية جزئيا,النكاح,2026/06/14,1447/12/28,4
منطقة الرياض,الخرج,القطاع الخاص,خدمة إلكترونية جزئيا,المطالبات والمحاكم,2026/06/14,1447/12/28,4
منطقة الرياض,الدرعيه,القطاع الخاص,خدمة إلكترونية جزئيا,الأمانات والبلديات,2026/06/14,1447/12/28,4
منطقة الرياض,الرياض,القطاع العام,خدمة إلكترونية جزئيا,النكاح,2026/06/14,1447/12/28,4
منطقة الرياض,عرقه,القطاع الخاص,خدمة إلكترونية جزئيا,العقارات,2026/06/14,1447/12/28,4
منطقة الشرقية,القطيف,القطاع الخاص,خدمة إلكترونية جزئيا,المطالبات والمحاكم,2026/06/14,1447/12/28,4
منطقة القصيم,بريده,القطاع العام,خدمة إلكترونية جزئيا,المطالبات والمحاكم,2026/06/14,1447/12/28,4
منطقة جازان,جيزان,القطاع الخاص,خدمة إلكترونية جزئيا,المطالبات والمحاكم,2026/06/14,1447/12/28,4
منطقة عسير,ابها,القطاع الخاص,خدمة إلكترونية جزئيا,الشركات والمؤسسات الأهلية,2026/06/14,1447/12/28,4
منطقة عسير,خميس مشيط,القطاع الخاص,خدمة إلكترونية جزئيا,العقارات,2026/06/14,1447/12/28,4
منطقة مكة المكرمه,الطائف,القطاع الخاص,خدمة إلكترونية جزئيا,السجلات التجارية,2026/06/14,1447/12/28,4
منطقة مكة المكرمه,جده,القطاع العام,خدمة إلكترونية جزئيا,الجوازات,2026/06/14,1447/12/28,4
منطقة مكة المكرمه,مكة المكرمة,القطاع العام,خدمة إلكترونية جزئيا,تصديق الوكالات الخارجية,2026/06/14,1447/12/28,4
الخدمات الرقمية,عام,القطاع العام,خدمة إلكترونية,تصاريح القوارب والصيد,2026/06/14,1447/12/28,3
الخدمات الرقمية,عام,القطاع العام,خدمة إلكترونية جزئيا,المؤسسات الحكومية,2026/06/14,1447/12/28,3
الخدمات الرقمية,عام,القطاع العام,خدمة إلكترونية جزئيا,الوزارات الحكومية,2026/06/14,1447/12/28,3
الخدمات الرقمية,كتابة عدل مدمجة - افتراضية,القطاع العام,خدمة إلكترونية جزئيا,إدارة الأحوال المدنية,2026/06/14,1447/12/28,3
الخدمات الرقمية,كتابة عدل مدمجة - افتراضية,القطاع العام,خدمة إلكترونية جزئيا,شركة المياه,2026/06/14,1447/12/28,3
منطقة الرياض,الرياض,القطاع الخاص,خدمة إلكترونية جزئيا,الهيئات الحكومية,2026/06/14,1447/12/28,3
منطقة الرياض,الرياض,القطاع الخاص,خدمة إلكترونية جزئيا,وزارة الموارد البشرية والتنمية الاجتماعية,2026/06/14,1447/12/28,3
منطقة الرياض,الرياض,القطاع العام,خدمة إلكترونية جزئيا,إثباتات المحاكم,2026/06/14,1447/12/28,3
منطقة الرياض,الرياض,القطاع العام,خدمة إلكترونية جزئيا,الجوازات,2026/06/14,1447/12/28,3
منطقة الرياض,عرقه,القطاع الخاص,خدمة إلكترونية جزئيا,المطالبات والمحاكم,2026/06/14,1447/12/28,3
منطقة الشرقية,الجبيل,القطاع الخاص,خدمة إلكترونية جزئيا,المطالبات والمحاكم,2026/06/14,1447/12/28,3
منطقة الشرقية,الدمام,القطاع العام,خدمة إلكترونية جزئيا,شبكة إيجار الإلكترونية,2026/06/14,1447/12/28,3
منطقة القصيم,عنيزه,القطاع الخاص,خدمة إلكترونية جزئيا,المطالبات والمحاكم,2026/06/14,1447/12/28,3
منطقة مكة المكرمه,الطائف,القطاع الخاص,خدمة إلكترونية جزئيا,شبكة إيجار الإلكترونية,2026/06/14,1447/12/28,3
الخدمات الرقمية,عام,القطاع العام,خدمة إلكترونية,أذونات المحاكم,2026/06/14,1447/12/28,2
الخدمات الرقمية,عام,القطاع العام,خدمة إلكترونية,برنامج رسوم الأراضي البيضاء,2026/06/14,1447/12/28,2
الخدمات الرقمية,عام,القطاع العام,خدمة إلكترونية,صندوق التنمية الزراعية,2026/06/14,1447/12/28,2
الخدمات الرقمية,عام,القطاع العام,خدمة إلكترونية,فسخ الوكالات,2026/06/14,1447/12/28,2
الخدمات الرقمية,عام,القطاع العام,خدمة إلكترونية جزئيا,إدارة الأحوال المدنية,2026/06/14,1447/12/28,2
الخدمات الرقمية,عام,القطاع العام,خدمة إلكترونية جزئيا,إنهائات المحاكم,2026/06/14,1447/12/28,2
الخدمات الرقمية,عام,القطاع العام,خدمة إلكترونية جزئيا,الجوازات,2026/06/14,1447/12/28,2
الخدمات الرقمية,عام,القطاع العام,خدمة إلكترونية جزئيا,السيارات,2026/06/14,1447/12/28,2
الخدمات الرقمية,عام,القطاع العام,خدمة إلكترونية جزئيا,شركات الاتصالات,2026/06/14,1447/12/28,2
الخدمات الرقمية,كتابة عدل مدمجة - افتراضية,القطاع العام,خدمة إلكترونية جزئيا,إنهائات المحاكم,2026/06/14,1447/12/28,2
الخدمات الرقمية,كتابة عدل مدمجة - افتراضية,القطاع العام,خدمة إلكترونية جزئيا,الهيئات الحكومية,2026/06/14,1447/12/28,2
منطقة الحدود الشمالية,عرعر,القطاع الخاص,خدمة إلكترونية جزئيا,المطالبات والمحاكم,2026/06/14,1447/12/28,2
منطقة الحدود الشمالية,عرعر,القطاع العام,خدمة إلكترونية جزئيا,تصديق الوكالات الخارجية,2026/06/14,1447/12/28,2
منطقة الرياض,الدرعيه,القطاع الخاص,خدمة إلكترونية جزئيا,العقارات,2026/06/14,1447/12/28,2
منطقة الرياض,الدوادمي,القطاع الخاص,خدمة إلكترونية جزئيا,المطالبات والمحاكم,2026/06/14,1447/12/28,2
منطقة الرياض,الرياض,القطاع الخاص,خدمة إلكترونية جزئيا,الجوازات,2026/06/14,1447/12/28,2
منطقة الرياض,الرياض,القطاع الخاص,خدمة إلكترونية جزئيا,صندوق التنمية الصناعية,2026/06/14,1447/12/28,2
منطقة الرياض,الرياض,القطاع العام,خدمة إلكترونية جزئيا,الرواتب والمستحقات,2026/06/14,1447/12/28,2
منطقة الرياض,الرياض,القطاع العام,خدمة إلكترونية جزئيا,الضمان والشؤون الاجتماعية,2026/06/14,1447/12/28,2
منطقة الرياض,الرياض,القطاع العام,خدمة إلكترونية جزئيا,شبكة إيجار الإلكترونية,2026/06/14,1447/12/28,2
منطقة الرياض,الرياض,القطاع العام,خدمة إلكترونية جزئيا,شركة الكهرباء,2026/06/14,1447/12/28,2
منطقة الشرقية,ابقيق,القطاع الخاص,خدمة إلكترونية جزئيا,المطالبات والمحاكم,2026/06/14,1447/12/28,2
منطقة الشرقية,الاحساء,القطاع الخاص,خدمة إلكترونية جزئيا,العقارات,2026/06/14,1447/12/28,2
منطقة الشرقية,الخبر,القطاع الخاص,خدمة إلكترونية جزئيا,السيارات,2026/06/14,1447/12/28,2
منطقة الشرقية,الخبر,القطاع الخاص,خدمة إلكترونية جزئيا,وكالة خارج المملكة العربية السعودية فقط,2026/06/14,1447/12/28,2
منطقة الشرقية,الخفجي,القطاع الخاص,خدمة إلكترونية جزئيا,المطالبات والمحاكم,2026/06/14,1447/12/28,2
منطقة الشرقية,الظهران,القطاع العام,خدمة إلكترونية جزئيا,وكالة خارج المملكة العربية السعودية فقط,2026/06/14,1447/12/28,2
منطقة الشرقية,القطيف,القطاع الخاص,خدمة إلكترونية جزئيا,العقارات,2026/06/14,1447/12/28,2
منطقة القصيم,البدائع,القطاع الخاص,خدمة إلكترونية جزئيا,السجلات التجارية,2026/06/14,1447/12/28,2
منطقة القصيم,البدائع,القطاع الخاص,خدمة إلكترونية جزئيا,المطالبات والمحاكم,2026/06/14,1447/12/28,2
منطقة القصيم,البكيريه,القطاع الخاص,خدمة إلكترونية جزئيا,المطالبات والمحاكم,2026/06/14,1447/12/28,2
منطقة القصيم,رياض الخبراء,القطاع الخاص,خدمة إلكترونية جزئيا,السيارات,2026/06/14,1447/12/28,2
منطقة المدينة المنوره,المدينة المنورة,القطاع الخاص,خدمة إلكترونية جزئيا,وكالة خارج المملكة العربية السعودية فقط,2026/06/14,1447/12/28,2
منطقة المدينة المنوره,المدينة المنورة,القطاع العام,خدمة إلكترونية جزئيا,العقارات,2026/06/14,1447/12/28,2
منطقة المدينة المنوره,المدينة المنورة,القطاع العام,خدمة إلكترونية جزئيا,وكالة خارج المملكة العربية السعودية فقط,2026/06/14,1447/12/28,2
منطقة المدينة المنوره,ينبع,القطاع العام,خدمة إلكترونية جزئيا,العقارات,2026/06/14,1447/12/28,2
منطقة تبوك,تبوك,القطاع الخاص,خدمة إلكترونية جزئيا,المطالبات والمحاكم,2026/06/14,1447/12/28,2
منطقة تبوك,تبوك,القطاع العام,خدمة إلكترونية جزئيا,تصديق الوكالات الخارجية,2026/06/14,1447/12/28,2
منطقة جازان,جيزان,القطاع العام,خدمة إلكترونية جزئيا,تصديق الوكالات الخارجية,2026/06/14,1447/12/28,2
منطقة جازان,صامطه,القطاع الخاص,خدمة إلكترونية جزئيا,البنوك والمصارف,2026/06/14,1447/12/28,2
منطقة حائل,حائل,القطاع الخاص,خدمة إلكترونية جزئيا,العقارات,2026/06/14,1447/12/28,2
منطقة عسير,ابها,القطاع الخاص,خدمة إلكترونية جزئيا,البنوك والمصارف,2026/06/14,1447/12/28,2
منطقة عسير,ابها,القطاع الخاص,خدمة إلكترونية جزئيا,المطالبات والمحاكم,2026/06/14,1447/12/28,2
منطقة عسير,بيشه,القطاع الخاص,خدمة إلكترونية جزئيا,العقارات,2026/06/14,1447/12/28,2
منطقة مكة المكرمه,الطائف,القطاع الخاص,خدمة إلكترونية جزئيا,العقارات,2026/06/14,1447/12/28,2
منطقة مكة المكرمه,جده,القطاع الخاص,خدمة إلكترونية جزئيا,الجهات الأمنية,2026/06/14,1447/12/28,2
منطقة مكة المكرمه,جده,القطاع الخاص,خدمة إلكترونية جزئيا,الجوازات,2026/06/14,1447/12/28,2
منطقة مكة المكرمه,جده,القطاع الخاص,خدمة إلكترونية جزئيا,السيارات,2026/06/14,1447/12/28,2
منطقة مكة المكرمه,جده,القطاع العام,خدمة إلكترونية جزئيا,البنوك والمصارف,2026/06/14,1447/12/28,2
منطقة مكة المكرمه,جده,القطاع العام,خدمة إلكترونية جزئيا,المطالبات والمحاكم,2026/06/14,1447/12/28,2
منطقة مكة المكرمه,مكة المكرمة,القطاع العام,خدمة إلكترونية جزئيا,المطالبات والمحاكم,2026/06/14,1447/12/28,2
الخدمات الرقمية,عام,القطاع العام,خدمة إلكترونية,التراخيص الصناعية,2026/06/14,1447/12/28,1
الخدمات الرقمية,عام,القطاع العام,خدمة إلكترونية,بنك التصدير والاستيراد السعودي,2026/06/14,1447/12/28,1
الخدمات الرقمية,عام,القطاع العام,خدمة إلكترونية جزئيا,الجهات التعليمية,2026/06/14,1447/12/28,1
الخدمات الرقمية,عام,القطاع العام,خدمة إلكترونية جزئيا,الرواتب والمستحقات,2026/06/14,1447/12/28,1
الخدمات الرقمية,عام,القطاع العام,خدمة إلكترونية جزئيا,الضمان والشؤون الاجتماعية,2026/06/14,1447/12/28,1
الخدمات الرقمية,عام,القطاع العام,خدمة إلكترونية جزئيا,المرور,2026/06/14,1447/12/28,1
الخدمات الرقمية,عام,القطاع العام,خدمة إلكترونية جزئيا,النكاح,2026/06/14,1447/12/28,1
الخدمات الرقمية,كتابة عدل مدمجة - افتراضية,القطاع العام,خدمة إلكترونية جزئيا,إثباتات المحاكم,2026/06/14,1447/12/28,1
الخدمات الرقمية,كتابة عدل مدمجة - افتراضية,القطاع العام,خدمة إلكترونية جزئيا,أذونات المحاكم,2026/06/14,1447/12/28,1
الخدمات الرقمية,كتابة عدل مدمجة - افتراضية,القطاع العام,خدمة إلكترونية جزئيا,المرور,2026/06/14,1447/12/28,1
الخدمات الرقمية,كتابة عدل مدمجة - افتراضية,القطاع العام,خدمة إلكترونية جزئيا,المنح السكنية,2026/06/14,1447/12/28,1
الخدمات الرقمية,كتابة عدل مدمجة - افتراضية,القطاع العام,خدمة إلكترونية جزئيا,شركة الكهرباء,2026/06/14,1447/12/28,1
منطقة الجوف,القريات,القطاع الخاص,خدمة إلكترونية جزئيا,المطالبات والمحاكم,2026/06/14,1447/12/28,1
منطقة الرياض,الخرج,القطاع الخاص,خدمة إلكترونية جزئيا,وكالة خارج المملكة العربية السعودية فقط,2026/06/14,1447/12/28,1
منطقة الرياض,الدلم,القطاع الخاص,خدمة إلكترونية جزئيا,المطالبات والمحاكم,2026/06/14,1447/12/28,1
منطقة الرياض,الرياض,القطاع الخاص,خدمة إلكترونية جزئيا,المنح الزراعية,2026/06/14,1447/12/28,1
منطقة الرياض,الرياض,القطاع العام,خدمة إلكترونية جزئيا,إنهائات المحاكم,2026/06/14,1447/12/28,1
منطقة الرياض,الرياض,القطاع العام,خدمة إلكترونية جزئيا,التعويضات والمساعدات,2026/06/14,1447/12/28,1
منطقة الرياض,الرياض,القطاع العام,خدمة إلكترونية جزئيا,الجهات التعليمية,2026/06/14,1447/12/28,1
منطقة الرياض,الرياض,القطاع العام,خدمة إلكترونية جزئيا,الشركات,2026/06/14,1447/12/28,1
منطقة الرياض,الرياض,القطاع العام,خدمة إلكترونية جزئيا,المرور,2026/06/14,1447/12/28,1
منطقة الرياض,الرياض,القطاع العام,خدمة إلكترونية جزئيا,المنح السكنية,2026/06/14,1447/12/28,1
منطقة الرياض,الرياض,القطاع العام,خدمة إلكترونية جزئيا,الهيئات الحكومية,2026/06/14,1447/12/28,1
منطقة الرياض,الرياض,القطاع العام,خدمة إلكترونية جزئيا,وكالة خارج المملكة العربية السعودية فقط,2026/06/14,1447/12/28,1
منطقة الرياض,شقراء,القطاع الخاص,خدمة إلكترونية جزئيا,وزارة الموارد البشرية والتنمية الاجتماعية,2026/06/14,1447/12/28,1
منطقة الرياض,عرقه,القطاع الخاص,خدمة إلكترونية جزئيا,الأمانات والبلديات,2026/06/14,1447/12/28,1
منطقة الرياض,عرقه,القطاع الخاص,خدمة إلكترونية جزئيا,الشركات,2026/06/14,1447/12/28,1
منطقة الشرقية,الاحساء,القطاع الخاص,خدمة إلكترونية جزئيا,السيارات,2026/06/14,1447/12/28,1
منطقة الشرقية,الاحساء,القطاع الخاص,خدمة إلكترونية جزئيا,الهيئات الحكومية,2026/06/14,1447/12/28,1
منطقة الشرقية,الاحساء,القطاع الخاص,خدمة إلكترونية جزئيا,الوزارات الحكومية,2026/06/14,1447/12/28,1
منطقة الشرقية,الخبر,القطاع الخاص,خدمة إلكترونية جزئيا,التراخيص الصناعية,2026/06/14,1447/12/28,1
منطقة الشرقية,الخبر,القطاع الخاص,خدمة إلكترونية جزئيا,السجلات التجارية,2026/06/14,1447/12/28,1
منطقة الشرقية,الخبر,القطاع الخاص,خدمة إلكترونية جزئيا,شبكة إيجار الإلكترونية,2026/06/14,1447/12/28,1
منطقة الشرقية,الخفجي,القطاع الخاص,خدمة إلكترونية جزئيا,السيارات,2026/06/14,1447/12/28,1
منطقة الشرقية,الدمام,القطاع الخاص,خدمة إلكترونية جزئيا,الشركات,2026/06/14,1447/12/28,1
منطقة الشرقية,الدمام,القطاع العام,خدمة إلكترونية جزئيا,الشركات,2026/06/14,1447/12/28,1
منطقة الشرقية,الدمام,القطاع العام,خدمة إلكترونية جزئيا,العقارات,2026/06/14,1447/12/28,1
منطقة الشرقية,الظهران,القطاع العام,خدمة إلكترونية جزئيا,الجوازات,2026/06/14,1447/12/28,1
منطقة الشرقية,الظهران,القطاع العام,خدمة إلكترونية جزئيا,العقارات,2026/06/14,1447/12/28,1
منطقة القصيم,البكيريه,القطاع الخاص,خدمة إلكترونية جزئيا,وكالة خارج المملكة العربية السعودية فقط,2026/06/14,1447/12/28,1
منطقة القصيم,الرس,القطاع الخاص,خدمة إلكترونية جزئيا,العقارات,2026/06/14,1447/12/28,1
منطقة القصيم,المذنب,القطاع الخاص,خدمة إلكترونية جزئيا,السجلات التجارية,2026/06/14,1447/12/28,1
منطقة القصيم,المذنب,القطاع الخاص,خدمة إلكترونية جزئيا,المطالبات والمحاكم,2026/06/14,1447/12/28,1
منطقة القصيم,بريده,القطاع العام,خدمة إلكترونية جزئيا,الأمانات والبلديات,2026/06/14,1447/12/28,1
منطقة القصيم,بريده,القطاع العام,خدمة إلكترونية جزئيا,العقارات,2026/06/14,1447/12/28,1
منطقة المدينة المنوره,المدينة المنورة,القطاع الخاص,خدمة إلكترونية جزئيا,البنوك والمصارف,2026/06/14,1447/12/28,1
منطقة المدينة المنوره,المدينة المنورة,القطاع الخاص,خدمة إلكترونية جزئيا,السجلات التجارية,2026/06/14,1447/12/28,1
منطقة المدينة المنوره,المدينة المنورة,القطاع الخاص,خدمة إلكترونية جزئيا,السيارات,2026/06/14,1447/12/28,1
منطقة المدينة المنوره,المدينة المنورة,القطاع الخاص,خدمة إلكترونية جزئيا,الوزارات الحكومية,2026/06/14,1447/12/28,1
منطقة المدينة المنوره,المدينة المنورة,القطاع العام,خدمة إلكترونية جزئيا,البنوك والمصارف,2026/06/14,1447/12/28,1
منطقة تبوك,تبوك,القطاع الخاص,خدمة إلكترونية جزئيا,وزارة الموارد البشرية والتنمية الاجتماعية,2026/06/14,1447/12/28,1
منطقة جازان,الدائر,القطاع الخاص,خدمة إلكترونية جزئيا,المطالبات والمحاكم,2026/06/14,1447/12/28,1
منطقة جازان,جيزان,القطاع الخاص,خدمة إلكترونية جزئيا,شبكة إيجار الإلكترونية,2026/06/14,1447/12/28,1
منطقة حائل,حائل,القطاع العام,خدمة إلكترونية جزئيا,تصديق الوكالات الخارجية,2026/06/14,1447/12/28,1
منطقة عسير,ابها,القطاع الخاص,خدمة إلكترونية جزئيا,وكالة خارج المملكة العربية السعودية فقط,2026/06/14,1447/12/28,1
منطقة عسير,ابها,القطاع العام,خدمة إلكترونية جزئيا,تصديق الوكالات الخارجية,2026/06/14,1447/12/28,1
منطقة عسير,بيشه,القطاع الخاص,خدمة إلكترونية جزئيا,البنوك والمصارف,2026/06/14,1447/12/28,1
منطقة مكة المكرمه,الجموم,القطاع الخاص,خدمة إلكترونية جزئيا,المطالبات والمحاكم,2026/06/14,1447/12/28,1
منطقة مكة المكرمه,الطائف,القطاع الخاص,خدمة إلكترونية جزئيا,الأمانات والبلديات,2026/06/14,1447/12/28,1
منطقة مكة المكرمه,جده,القطاع الخاص,خدمة إلكترونية جزئيا,الرواتب والمستحقات,2026/06/14,1447/12/28,1
منطقة مكة المكرمه,جده,القطاع الخاص,خدمة إلكترونية جزئيا,المنح الزراعية,2026/06/14,1447/12/28,1
منطقة مكة المكرمه,جده,القطاع الخاص,خدمة إلكترونية جزئيا,وزارة الموارد البشرية والتنمية الاجتماعية,2026/06/14,1447/12/28,1
منطقة مكة المكرمه,جده,القطاع العام,خدمة إلكترونية جزئيا,الجهات التعليمية,2026/06/14,1447/12/28,1
منطقة مكة المكرمه,جده,القطاع العام,خدمة إلكترونية جزئيا,السجلات التجارية,2026/06/14,1447/12/28,1
منطقة مكة المكرمه,جده,القطاع العام,خدمة إلكترونية جزئيا,العقارات,2026/06/14,1447/12/28,1
منطقة مكة المكرمه,جده,القطاع العام,خدمة إلكترونية جزئيا,الهيئات الحكومية,2026/06/14,1447/12/28,1
منطقة مكة المكرمه,جده,القطاع العام,خدمة إلكترونية جزئيا,شبكة إيجار الإلكترونية,2026/06/14,1447/12/28,1
منطقة مكة المكرمه,مكة المكرمة,القطاع العام,خدمة إلكترونية جزئيا,إثباتات المحاكم,2026/06/14,1447/12/28,1
منطقة مكة المكرمه,مكة المكرمة,القطاع العام,خدمة إلكترونية جزئيا,إدارة الأحوال المدنية,2026/06/14,1447/12/28,1
منطقة مكة المكرمه,مكة المكرمة,القطاع العام,خدمة إلكترونية جزئيا,الشركات,2026/06/14,1447/12/28,1
منطقة مكة المكرمه,مكة المكرمة,القطاع العام,خدمة إلكترونية جزئيا,وكالة خارج المملكة العربية السعودية فقط,2026/06/14,1447/12/28,1
منطقة نجران,نجران,القطاع الخاص,خدمة إلكترونية جزئيا,شبكة إيجار الإلكترونية,2026/06/14,1447/12/28,1
منطقة نجران,نجران,القطاع العام,خدمة إلكترونية جزئيا,تصديق الوكالات الخارجية,2026/06/14,1447/12/28,1
الخدمات الرقمية,عام,القطاع العام,خدمة إلكترونية,المطالبات والمحاكم,2026/06/15,1447/12/29,"5,277"
الخدمات الرقمية,عام,القطاع العام,خدمة إلكترونية,العقارات,2026/06/15,1447/12/29,"2,982"
الخدمات الرقمية,عام,القطاع العام,خدمة إلكترونية,السيارات,2026/06/15,1447/12/29,"1,705"
الخدمات الرقمية,عام,القطاع العام,خدمة إلكترونية,الجوازات,2026/06/15,1447/12/29,"1,636"
الخدمات الرقمية,عام,القطاع العام,خدمة إلكترونية,البنوك والمصارف,2026/06/15,1447/12/29,"1,625"
الخدمات الرقمية,عام,القطاع العام,خدمة إلكترونية,الوزارات الحكومية,2026/06/15,1447/12/29,784
الخدمات الرقمية,عام,القطاع العام,خدمة إلكترونية,المرور,2026/06/15,1447/12/29,523
الخدمات الرقمية,عام,القطاع العام,خدمة إلكترونية,الشركات والمؤسسات الأهلية,2026/06/15,1447/12/29,477
الخدمات الرقمية,عام,القطاع العام,خدمة إلكترونية,السجلات التجارية,2026/06/15,1447/12/29,414
الخدمات الرقمية,عام,القطاع العام,خدمة إلكترونية,الجهات الأمنية,2026/06/15,1447/12/29,413
الخدمات الرقمية,عام,القطاع العام,خدمة إلكترونية,وكالة خارج المملكة العربية السعودية فقط,2026/06/15,1447/12/29,365
الخدمات الرقمية,عام,القطاع العام,خدمة إلكترونية,الأمانات والبلديات,2026/06/15,1447/12/29,357
منطقة الرياض,الرياض,القطاع الخاص,خدمة إلكترونية جزئيا,المطالبات والمحاكم,2026/06/15,1447/12/29,345
الخدمات الرقمية,عام,القطاع العام,خدمة إلكترونية,وزارة الموارد البشرية والتنمية الاجتماعية,2026/06/15,1447/12/29,285
الخدمات الرقمية,عام,القطاع العام,خدمة إلكترونية,إدارة الأحوال المدنية,2026/06/15,1447/12/29,279
الخدمات الرقمية,عام,القطاع العام,خدمة إلكترونية,الرواتب والمستحقات,2026/06/15,1447/12/29,244
منطقة الرياض,الرياض,القطاع العام,خدمة إلكترونية جزئيا,المطالبات والمحاكم,2026/06/15,1447/12/29,197
الخدمات الرقمية,عام,القطاع العام,خدمة إلكترونية,طلب الخدمات,2026/06/15,1447/12/29,194
منطقة مكة المكرمه,جده,القطاع الخاص,خدمة إلكترونية جزئيا,المطالبات والمحاكم,2026/06/15,1447/12/29,190
الخدمات الرقمية,عام,القطاع العام,خدمة إلكترونية,الجهات التعليمية,2026/06/15,1447/12/29,183
الخدمات الرقمية,عام,القطاع العام,خدمة إلكترونية,شركات الاتصالات,2026/06/15,1447/12/29,173
الخدمات الرقمية,كتابة عدل مدمجة - افتراضية,القطاع العام,خدمة إلكترونية جزئيا,المطالبات والمحاكم,2026/06/15,1447/12/29,167
منطقة الرياض,الرياض,القطاع الخاص,خدمة إلكترونية جزئيا,العقارات,2026/06/15,1447/12/29,158
الخدمات الرقمية,عام,القطاع العام,خدمة إلكترونية,الهيئات الحكومية,2026/06/15,1447/12/29,127
الخدمات الرقمية,عام,القطاع العام,خدمة إلكترونية,شبكة إيجار الإلكترونية,2026/06/15,1447/12/29,120
منطقة مكة المكرمه,جده,القطاع الخاص,خدمة إلكترونية جزئيا,العقارات,2026/06/15,1447/12/29,107
الخدمات الرقمية,عام,القطاع العام,خدمة إلكترونية,شركة الكهرباء,2026/06/15,1447/12/29,101
منطقة الرياض,الرياض,القطاع الخاص,خدمة إلكترونية جزئيا,وكالة خارج المملكة العربية السعودية فقط,2026/06/15,1447/12/29,92
الخدمات الرقمية,عام,القطاع العام,خدمة إلكترونية,الشركات,2026/06/15,1447/12/29,88
منطقة الرياض,الرياض,القطاع العام,خدمة إلكترونية جزئيا,تصديق الوكالات الخارجية,2026/06/15,1447/12/29,79
الخدمات الرقمية,عام,القطاع العام,خدمة إلكترونية,مكتب الإستقدام,2026/06/15,1447/12/29,78
الخدمات الرقمية,عام,القطاع العام,خدمة إلكترونية,شركة المياه,2026/06/15,1447/12/29,74
الخدمات الرقمية,عام,القطاع العام,خدمة إلكترونية,المؤسسات الحكومية,2026/06/15,1447/12/29,62
الخدمات الرقمية,عام,القطاع العام,خدمة إلكترونية,النكاح,2026/06/15,1447/12/29,60
الخدمات الرقمية,عام,القطاع العام,خدمة إلكترونية,صندوق التنمية العقارية,2026/06/15,1447/12/29,60
منطقة الرياض,الرياض,القطاع العام,خدمة إلكترونية جزئيا,البنوك والمصارف,2026/06/15,1447/12/29,58
الخدمات الرقمية,عام,القطاع العام,خدمة إلكترونية,التعويضات والمساعدات,2026/06/15,1447/12/29,56
الخدمات الرقمية,كتابة عدل مدمجة - افتراضية,القطاع العام,خدمة إلكترونية جزئيا,البنوك والمصارف,2026/06/15,1447/12/29,52
الخدمات الرقمية,عام,القطاع العام,خدمة إلكترونية,المنح السكنية,2026/06/15,1447/12/29,48
الخدمات الرقمية,عام,القطاع العام,خدمة إلكترونية,هيئة الزكاة والضريبة والجمارك,2026/06/15,1447/12/29,47
منطقة مكة المكرمه,مكة المكرمة,القطاع الخاص,خدمة إلكترونية جزئيا,المطالبات والمحاكم,2026/06/15,1447/12/29,44
الخدمات الرقمية,عام,القطاع العام,خدمة إلكترونية,المنح الزراعية,2026/06/15,1447/12/29,42
الخدمات الرقمية,كتابة عدل مدمجة - افتراضية,القطاع العام,خدمة إلكترونية جزئيا,العقارات,2026/06/15,1447/12/29,42
منطقة الرياض,الرياض,القطاع الخاص,خدمة إلكترونية جزئيا,البنوك والمصارف,2026/06/15,1447/12/29,40
منطقة مكة المكرمه,جده,القطاع العام,خدمة إلكترونية جزئيا,تصديق الوكالات الخارجية,2026/06/15,1447/12/29,37
منطقة الشرقية,الدمام,القطاع الخاص,خدمة إلكترونية جزئيا,المطالبات والمحاكم,2026/06/15,1447/12/29,36
الخدمات الرقمية,عام,القطاع العام,خدمة إلكترونية,إثباتات المحاكم,2026/06/15,1447/12/29,35
منطقة الرياض,الرياض,القطاع الخاص,خدمة إلكترونية جزئيا,السجلات التجارية,2026/06/15,1447/12/29,34
منطقة الرياض,الرياض,القطاع العام,خدمة إلكترونية جزئيا,الجهات الأمنية,2026/06/15,1447/12/29,34
منطقة مكة المكرمه,جده,القطاع الخاص,خدمة إلكترونية جزئيا,السجلات التجارية,2026/06/15,1447/12/29,34
منطقة مكة المكرمه,مكة المكرمة,القطاع الخاص,خدمة إلكترونية جزئيا,العقارات,2026/06/15,1447/12/29,34
منطقة مكة المكرمه,الطائف,القطاع الخاص,خدمة إلكترونية جزئيا,المطالبات والمحاكم,2026/06/15,1447/12/29,29
منطقة الشرقية,الدمام,القطاع العام,خدمة إلكترونية جزئيا,تصديق الوكالات الخارجية,2026/06/15,1447/12/29,26
منطقة مكة المكرمه,جده,القطاع الخاص,خدمة إلكترونية جزئيا,وكالة خارج المملكة العربية السعودية فقط,2026/06/15,1447/12/29,26
الخدمات الرقمية,كتابة عدل مدمجة - افتراضية,القطاع العام,خدمة إلكترونية جزئيا,السيارات,2026/06/15,1447/12/29,24
منطقة مكة المكرمه,جده,القطاع الخاص,خدمة إلكترونية جزئيا,البنوك والمصارف,2026/06/15,1447/12/29,23
الخدمات الرقمية,عام,القطاع العام,خدمة إلكترونية,العوائد السنوية,2026/06/15,1447/12/29,22
الخدمات الرقمية,عام,القطاع العام,خدمة إلكترونية جزئيا,المطالبات والمحاكم,2026/06/15,1447/12/29,21
الخدمات الرقمية,عام,القطاع العام,خدمة إلكترونية,البنك السعودي للتسليف والإدخار,2026/06/15,1447/12/29,20
الخدمات الرقمية,عام,القطاع العام,خدمة إلكترونية,التوكيل على الإقرارات,2026/06/15,1447/12/29,20
منطقة الرياض,الرياض,القطاع الخاص,خدمة إلكترونية جزئيا,الشركات,2026/06/15,1447/12/29,20
منطقة مكة المكرمه,جده,القطاع الخاص,خدمة إلكترونية جزئيا,الأمانات والبلديات,2026/06/15,1447/12/29,20
منطقة الرياض,الرياض,القطاع الخاص,خدمة إلكترونية جزئيا,شبكة إيجار الإلكترونية,2026/06/15,1447/12/29,19
منطقة المدينة المنوره,المدينة المنورة,القطاع الخاص,خدمة إلكترونية جزئيا,المطالبات والمحاكم,2026/06/15,1447/12/29,19
منطقة مكة المكرمه,جده,القطاع العام,خدمة إلكترونية جزئيا,المطالبات والمحاكم,2026/06/15,1447/12/29,19
الخدمات الرقمية,عام,القطاع العام,خدمة إلكترونية,التنازل عن كامل الإرث,2026/06/15,1447/12/29,18
منطقة الرياض,الرياض,القطاع العام,خدمة إلكترونية جزئيا,العقارات,2026/06/15,1447/12/29,18
منطقة الرياض,الرياض,القطاع العام,خدمة إلكترونية جزئيا,إدارة الأحوال المدنية,2026/06/15,1447/12/29,17
الخدمات الرقمية,عام,القطاع العام,خدمة إلكترونية,الحالات الاجتماعية,2026/06/15,1447/12/29,16
منطقة مكة المكرمه,جده,القطاع الخاص,خدمة إلكترونية جزئيا,السيارات,2026/06/15,1447/12/29,16
منطقة الشرقية,الخبر,القطاع الخاص,خدمة إلكترونية جزئيا,المطالبات والمحاكم,2026/06/15,1447/12/29,15
منطقة تبوك,تبوك,القطاع الخاص,خدمة إلكترونية جزئيا,المطالبات والمحاكم,2026/06/15,1447/12/29,15
الخدمات الرقمية,عام,القطاع العام,خدمة إلكترونية,بنك التنمية الاجتماعية,2026/06/15,1447/12/29,14
الخدمات الرقمية,عام,القطاع العام,خدمة إلكترونية,صندوق التنمية الزراعية,2026/06/15,1447/12/29,13
الخدمات الرقمية,كتابة عدل مدمجة - افتراضية,القطاع العام,خدمة إلكترونية جزئيا,الوزارات الحكومية,2026/06/15,1447/12/29,13
منطقة الشرقية,الخبر,القطاع الخاص,خدمة إلكترونية جزئيا,العقارات,2026/06/15,1447/12/29,13
منطقة القصيم,بريده,القطاع الخاص,خدمة إلكترونية جزئيا,المطالبات والمحاكم,2026/06/15,1447/12/29,13
منطقة مكة المكرمه,جده,القطاع الخاص,خدمة إلكترونية جزئيا,شبكة إيجار الإلكترونية,2026/06/15,1447/12/29,13
منطقة الرياض,الرياض,القطاع العام,خدمة إلكترونية جزئيا,السيارات,2026/06/15,1447/12/29,12
منطقة الشرقية,الدمام,القطاع الخاص,خدمة إلكترونية جزئيا,العقارات,2026/06/15,1447/12/29,12
منطقة الشرقية,الدمام,القطاع الخاص,خدمة إلكترونية جزئيا,وكالة خارج المملكة العربية السعودية فقط,2026/06/15,1447/12/29,12
منطقة حائل,حائل,القطاع الخاص,خدمة إلكترونية جزئيا,المطالبات والمحاكم,2026/06/15,1447/12/29,12
الخدمات الرقمية,كتابة عدل مدمجة - افتراضية,القطاع العام,خدمة إلكترونية جزئيا,السجلات التجارية,2026/06/15,1447/12/29,11
منطقة الرياض,الرياض,القطاع العام,خدمة إلكترونية جزئيا,الوزارات الحكومية,2026/06/15,1447/12/29,11
منطقة الشرقية,الاحساء,القطاع الخاص,خدمة إلكترونية جزئيا,العقارات,2026/06/15,1447/12/29,11
منطقة الشرقية,الدمام,القطاع العام,خدمة إلكترونية جزئيا,المطالبات والمحاكم,2026/06/15,1447/12/29,11
منطقة الرياض,الرياض,القطاع الخاص,خدمة إلكترونية جزئيا,الشركات والمؤسسات الأهلية,2026/06/15,1447/12/29,10
منطقة الرياض,الرياض,القطاع العام,خدمة إلكترونية جزئيا,الجوازات,2026/06/15,1447/12/29,10
منطقة الرياض,الرياض,القطاع العام,خدمة إلكترونية جزئيا,شركات الاتصالات,2026/06/15,1447/12/29,10
منطقة القصيم,البدائع,القطاع الخاص,خدمة إلكترونية جزئيا,العقارات,2026/06/15,1447/12/29,10
الخدمات الرقمية,كتابة عدل مدمجة - افتراضية,القطاع العام,خدمة إلكترونية جزئيا,شبكة إيجار الإلكترونية,2026/06/15,1447/12/29,9
منطقة الرياض,الرياض,القطاع الخاص,خدمة إلكترونية جزئيا,الوزارات الحكومية,2026/06/15,1447/12/29,9
منطقة القصيم,الرس,القطاع الخاص,خدمة إلكترونية جزئيا,المطالبات والمحاكم,2026/06/15,1447/12/29,9
منطقة القصيم,بريده,القطاع الخاص,خدمة إلكترونية جزئيا,العقارات,2026/06/15,1447/12/29,9
منطقة مكة المكرمه,جده,القطاع الخاص,خدمة إلكترونية جزئيا,الهيئات الحكومية,2026/06/15,1447/12/29,9
منطقة مكة المكرمه,جده,القطاع الخاص,خدمة إلكترونية جزئيا,الوزارات الحكومية,2026/06/15,1447/12/29,9
منطقة مكة المكرمه,جده,القطاع الخاص,خدمة إلكترونية جزئيا,وزارة الموارد البشرية والتنمية الاجتماعية,2026/06/15,1447/12/29,9
منطقة مكة المكرمه,مكة المكرمة,القطاع الخاص,خدمة إلكترونية جزئيا,وكالة خارج المملكة العربية السعودية فقط,2026/06/15,1447/12/29,9
الخدمات الرقمية,عام,القطاع العام,خدمة إلكترونية,إنهائات المحاكم,2026/06/15,1447/12/29,8
الخدمات الرقمية,عام,القطاع العام,خدمة إلكترونية,الضمان الاجتماعي,2026/06/15,1447/12/29,8
منطقة الحدود الشمالية,عرعر,القطاع الخاص,خدمة إلكترونية جزئيا,العقارات,2026/06/15,1447/12/29,8
منطقة الرياض,الرياض,القطاع العام,خدمة إلكترونية جزئيا,المؤسسات الحكومية,2026/06/15,1447/12/29,8
منطقة الشرقية,القطيف,القطاع الخاص,خدمة إلكترونية جزئيا,الجهات الأمنية,2026/06/15,1447/12/29,8
منطقة جازان,جيزان,القطاع الخاص,خدمة إلكترونية جزئيا,المطالبات والمحاكم,2026/06/15,1447/12/29,8
منطقة مكة المكرمه,مكة المكرمة,القطاع العام,خدمة إلكترونية جزئيا,تصديق الوكالات الخارجية,2026/06/15,1447/12/29,8
منطقة الرياض,الدرعيه,القطاع الخاص,خدمة إلكترونية جزئيا,المطالبات والمحاكم,2026/06/15,1447/12/29,7
منطقة الرياض,الرياض,القطاع الخاص,خدمة إلكترونية جزئيا,السيارات,2026/06/15,1447/12/29,7
منطقة الرياض,الرياض,القطاع العام,خدمة إلكترونية جزئيا,الشركات والمؤسسات الأهلية,2026/06/15,1447/12/29,7
منطقة المدينة المنوره,المدينة المنورة,القطاع الخاص,خدمة إلكترونية جزئيا,العقارات,2026/06/15,1447/12/29,7
الخدمات الرقمية,عام,القطاع العام,خدمة إلكترونية جزئيا,العقارات,2026/06/15,1447/12/29,6
الخدمات الرقمية,كتابة عدل مدمجة - افتراضية,القطاع العام,خدمة إلكترونية جزئيا,الأمانات والبلديات,2026/06/15,1447/12/29,6
الخدمات الرقمية,كتابة عدل مدمجة - افتراضية,القطاع العام,خدمة إلكترونية جزئيا,الشركات والمؤسسات الأهلية,2026/06/15,1447/12/29,6
منطقة الرياض,الرياض,القطاع الخاص,خدمة إلكترونية جزئيا,الأمانات والبلديات,2026/06/15,1447/12/29,6
منطقة الشرقية,الاحساء,القطاع الخاص,خدمة إلكترونية جزئيا,المطالبات والمحاكم,2026/06/15,1447/12/29,6
منطقة القصيم,البدائع,القطاع الخاص,خدمة إلكترونية جزئيا,المطالبات والمحاكم,2026/06/15,1447/12/29,6
منطقة القصيم,عنيزه,القطاع الخاص,خدمة إلكترونية جزئيا,المطالبات والمحاكم,2026/06/15,1447/12/29,6
منطقة عسير,ابها,القطاع الخاص,خدمة إلكترونية جزئيا,المطالبات والمحاكم,2026/06/15,1447/12/29,6
منطقة عسير,خميس مشيط,القطاع الخاص,خدمة إلكترونية جزئيا,العقارات,2026/06/15,1447/12/29,6
منطقة عسير,خميس مشيط,القطاع الخاص,خدمة إلكترونية جزئيا,المطالبات والمحاكم,2026/06/15,1447/12/29,6
منطقة مكة المكرمه,الطائف,القطاع الخاص,خدمة إلكترونية جزئيا,السجلات التجارية,2026/06/15,1447/12/29,6
منطقة مكة المكرمه,مكة المكرمة,القطاع الخاص,خدمة إلكترونية جزئيا,البنوك والمصارف,2026/06/15,1447/12/29,6
الخدمات الرقمية,كتابة عدل مدمجة - افتراضية,القطاع العام,خدمة إلكترونية جزئيا,الجهات التعليمية,2026/06/15,1447/12/29,5
الخدمات الرقمية,كتابة عدل مدمجة - افتراضية,القطاع العام,خدمة إلكترونية جزئيا,الجوازات,2026/06/15,1447/12/29,5
الخدمات الرقمية,كتابة عدل مدمجة - افتراضية,القطاع العام,خدمة إلكترونية جزئيا,الهيئات الحكومية,2026/06/15,1447/12/29,5
منطقة الرياض,الرياض,القطاع الخاص,خدمة إلكترونية جزئيا,المرور,2026/06/15,1447/12/29,5
منطقة الشرقية,القطيف,القطاع الخاص,خدمة إلكترونية جزئيا,العقارات,2026/06/15,1447/12/29,5
منطقة الشرقية,حفر الباطن,القطاع الخاص,خدمة إلكترونية جزئيا,العقارات,2026/06/15,1447/12/29,5
منطقة المدينة المنوره,المدينة المنورة,القطاع العام,خدمة إلكترونية جزئيا,تصديق الوكالات الخارجية,2026/06/15,1447/12/29,5
منطقة عسير,ابها,القطاع الخاص,خدمة إلكترونية جزئيا,العقارات,2026/06/15,1447/12/29,5
منطقة عسير,ابها,القطاع العام,خدمة إلكترونية جزئيا,تصديق الوكالات الخارجية,2026/06/15,1447/12/29,5
الخدمات الرقمية,عام,القطاع العام,خدمة إلكترونية جزئيا,الجوازات,2026/06/15,1447/12/29,4
الخدمات الرقمية,كتابة عدل مدمجة - افتراضية,القطاع العام,خدمة إلكترونية جزئيا,الجهات الأمنية,2026/06/15,1447/12/29,4
الخدمات الرقمية,كتابة عدل مدمجة - افتراضية,القطاع العام,خدمة إلكترونية جزئيا,الرواتب والمستحقات,2026/06/15,1447/12/29,4
الخدمات الرقمية,كتابة عدل مدمجة - افتراضية,القطاع العام,خدمة إلكترونية جزئيا,الشركات,2026/06/15,1447/12/29,4
منطقة الرياض,الرياض,القطاع الخاص,خدمة إلكترونية جزئيا,المؤسسات الحكومية,2026/06/15,1447/12/29,4
منطقة الرياض,الرياض,القطاع العام,خدمة إلكترونية جزئيا,الرواتب والمستحقات,2026/06/15,1447/12/29,4
منطقة الرياض,الرياض,القطاع العام,خدمة إلكترونية جزئيا,المرور,2026/06/15,1447/12/29,4
منطقة الرياض,الرياض,القطاع العام,خدمة إلكترونية جزئيا,شبكة إيجار الإلكترونية,2026/06/15,1447/12/29,4
منطقة الرياض,شقراء,القطاع الخاص,خدمة إلكترونية جزئيا,وكالة خارج المملكة العربية السعودية فقط,2026/06/15,1447/12/29,4
منطقة الشرقية,الجبيل,القطاع الخاص,خدمة إلكترونية جزئيا,شبكة إيجار الإلكترونية,2026/06/15,1447/12/29,4
منطقة الشرقية,الخبر,القطاع الخاص,خدمة إلكترونية جزئيا,البنوك والمصارف,2026/06/15,1447/12/29,4
منطقة الشرقية,الخبر,القطاع الخاص,خدمة إلكترونية جزئيا,السجلات التجارية,2026/06/15,1447/12/29,4
منطقة الشرقية,الدمام,القطاع الخاص,خدمة إلكترونية جزئيا,السيارات,2026/06/15,1447/12/29,4
منطقة الشرقية,القطيف,القطاع الخاص,خدمة إلكترونية جزئيا,السجلات التجارية,2026/06/15,1447/12/29,4
منطقة الشرقية,حفر الباطن,القطاع الخاص,خدمة إلكترونية جزئيا,المطالبات والمحاكم,2026/06/15,1447/12/29,4
منطقة القصيم,البدائع,القطاع الخاص,خدمة إلكترونية جزئيا,البنوك والمصارف,2026/06/15,1447/12/29,4
منطقة القصيم,بريده,القطاع الخاص,خدمة إلكترونية جزئيا,السيارات,2026/06/15,1447/12/29,4
منطقة المدينة المنوره,المدينة المنورة,القطاع الخاص,خدمة إلكترونية جزئيا,الهيئات الحكومية,2026/06/15,1447/12/29,4
منطقة المدينة المنوره,المهد,القطاع الخاص,خدمة إلكترونية جزئيا,العقارات,2026/06/15,1447/12/29,4
منطقة حائل,حائل,القطاع الخاص,خدمة إلكترونية جزئيا,العقارات,2026/06/15,1447/12/29,4
منطقة مكة المكرمه,الطائف,القطاع الخاص,خدمة إلكترونية جزئيا,البنوك والمصارف,2026/06/15,1447/12/29,4
منطقة مكة المكرمه,جده,القطاع الخاص,خدمة إلكترونية جزئيا,البنك السعودي للتسليف والإدخار,2026/06/15,1447/12/29,4
منطقة مكة المكرمه,جده,القطاع الخاص,خدمة إلكترونية جزئيا,الجهات الأمنية,2026/06/15,1447/12/29,4
منطقة مكة المكرمه,مكة المكرمة,القطاع الخاص,خدمة إلكترونية جزئيا,السجلات التجارية,2026/06/15,1447/12/29,4
منطقة مكة المكرمه,مكة المكرمة,القطاع الخاص,خدمة إلكترونية جزئيا,الهيئات الحكومية,2026/06/15,1447/12/29,4
منطقة مكة المكرمه,مكة المكرمة,القطاع العام,خدمة إلكترونية جزئيا,المطالبات والمحاكم,2026/06/15,1447/12/29,4
الخدمات الرقمية,عام,القطاع العام,خدمة إلكترونية,استقدام العمالة,2026/06/15,1447/12/29,3
الخدمات الرقمية,عام,القطاع العام,خدمة إلكترونية,مكافآت الجامعات والمعاهد,2026/06/15,1447/12/29,3
الخدمات الرقمية,عام,القطاع العام,خدمة إلكترونية جزئيا,البنوك والمصارف,2026/06/15,1447/12/29,3
الخدمات الرقمية,عام,القطاع العام,خدمة إلكترونية جزئيا,النكاح,2026/06/15,1447/12/29,3
الخدمات الرقمية,عام,القطاع العام,خدمة إلكترونية جزئيا,الوزارات الحكومية,2026/06/15,1447/12/29,3
الخدمات الرقمية,كتابة عدل مدمجة - افتراضية,القطاع العام,خدمة إلكترونية جزئيا,المؤسسات الحكومية,2026/06/15,1447/12/29,3
منطقة الرياض,الخرج,القطاع الخاص,خدمة إلكترونية جزئيا,المطالبات والمحاكم,2026/06/15,1447/12/29,3
منطقة الرياض,الخرج,القطاع الخاص,خدمة إلكترونية جزئيا,وكالة خارج المملكة العربية السعودية فقط,2026/06/15,1447/12/29,3
منطقة الرياض,الدلم,القطاع الخاص,خدمة إلكترونية جزئيا,السجلات التجارية,2026/06/15,1447/12/29,3
منطقة الرياض,الرياض,القطاع الخاص,خدمة إلكترونية جزئيا,النكاح,2026/06/15,1447/12/29,3
منطقة الرياض,الرياض,القطاع الخاص,خدمة إلكترونية جزئيا,الهيئات الحكومية,2026/06/15,1447/12/29,3
منطقة الرياض,الرياض,القطاع الخاص,خدمة إلكترونية جزئيا,وزارة الموارد البشرية والتنمية الاجتماعية,2026/06/15,1447/12/29,3
منطقة الرياض,الرياض,القطاع العام,خدمة إلكترونية جزئيا,السجلات التجارية,2026/06/15,1447/12/29,3
منطقة الشرقية,الخفجي,القطاع الخاص,خدمة إلكترونية جزئيا,العقارات,2026/06/15,1447/12/29,3
منطقة الشرقية,الدمام,القطاع الخاص,خدمة إلكترونية جزئيا,الأمانات والبلديات,2026/06/15,1447/12/29,3
منطقة الشرقية,الدمام,القطاع الخاص,خدمة إلكترونية جزئيا,شبكة إيجار الإلكترونية,2026/06/15,1447/12/29,3
منطقة المدينة المنوره,المدينة المنورة,القطاع الخاص,خدمة إلكترونية جزئيا,الشركات,2026/06/15,1447/12/29,3
منطقة المدينة المنوره,المدينة المنورة,القطاع الخاص,خدمة إلكترونية جزئيا,وزارة الموارد البشرية والتنمية الاجتماعية,2026/06/15,1447/12/29,3
منطقة المدينة المنوره,المدينة المنورة,القطاع العام,خدمة إلكترونية جزئيا,المطالبات والمحاكم,2026/06/15,1447/12/29,3
منطقة عسير,بيشه,القطاع الخاص,خدمة إلكترونية جزئيا,السيارات,2026/06/15,1447/12/29,3
منطقة مكة المكرمه,الطائف,القطاع الخاص,خدمة إلكترونية جزئيا,الأمانات والبلديات,2026/06/15,1447/12/29,3
منطقة مكة المكرمه,الطائف,القطاع الخاص,خدمة إلكترونية جزئيا,شبكة إيجار الإلكترونية,2026/06/15,1447/12/29,3
منطقة مكة المكرمه,الطائف,القطاع الخاص,خدمة إلكترونية جزئيا,وكالة خارج المملكة العربية السعودية فقط,2026/06/15,1447/12/29,3
منطقة مكة المكرمه,جده,القطاع الخاص,خدمة إلكترونية جزئيا,الشركات والمؤسسات الأهلية,2026/06/15,1447/12/29,3
منطقة مكة المكرمه,جده,القطاع العام,خدمة إلكترونية جزئيا,الجوازات,2026/06/15,1447/12/29,3
منطقة مكة المكرمه,مكة المكرمة,القطاع الخاص,خدمة إلكترونية جزئيا,الأمانات والبلديات,2026/06/15,1447/12/29,3
منطقة مكة المكرمه,مكة المكرمة,القطاع الخاص,خدمة إلكترونية جزئيا,السيارات,2026/06/15,1447/12/29,3
منطقة مكة المكرمه,مكة المكرمة,القطاع الخاص,خدمة إلكترونية جزئيا,الشركات,2026/06/15,1447/12/29,3
الخدمات الرقمية,عام,القطاع العام,خدمة إلكترونية,أذونات المحاكم,2026/06/15,1447/12/29,2
الخدمات الرقمية,عام,القطاع العام,خدمة إلكترونية,البريد,2026/06/15,1447/12/29,2
الخدمات الرقمية,عام,القطاع العام,خدمة إلكترونية,تصاريح القوارب والصيد,2026/06/15,1447/12/29,2
الخدمات الرقمية,عام,القطاع العام,خدمة إلكترونية,فسخ الوكالات,2026/06/15,1447/12/29,2
الخدمات الرقمية,عام,القطاع العام,خدمة إلكترونية جزئيا,المؤسسات الحكومية,2026/06/15,1447/12/29,2
الخدمات الرقمية,عام,القطاع العام,خدمة إلكترونية جزئيا,شبكة إيجار الإلكترونية,2026/06/15,1447/12/29,2
الخدمات الرقمية,كتابة عدل مدمجة - افتراضية,القطاع العام,خدمة إلكترونية جزئيا,النكاح,2026/06/15,1447/12/29,2
منطقة الباحة,العقيق,القطاع الخاص,خدمة إلكترونية جزئيا,العقارات,2026/06/15,1447/12/29,2
منطقة الرياض,الخرج,القطاع الخاص,خدمة إلكترونية جزئيا,الأمانات والبلديات,2026/06/15,1447/12/29,2
منطقة الرياض,الدرعيه,القطاع الخاص,خدمة إلكترونية جزئيا,البنوك والمصارف,2026/06/15,1447/12/29,2
منطقة الرياض,الدرعيه,القطاع الخاص,خدمة إلكترونية جزئيا,العقارات,2026/06/15,1447/12/29,2
منطقة الرياض,الرياض,القطاع الخاص,خدمة إلكترونية جزئيا,الجهات الأمنية,2026/06/15,1447/12/29,2
منطقة الرياض,الرياض,القطاع الخاص,خدمة إلكترونية جزئيا,الرواتب والمستحقات,2026/06/15,1447/12/29,2
منطقة الرياض,الرياض,القطاع العام,خدمة إلكترونية جزئيا,إنهائات المحاكم,2026/06/15,1447/12/29,2
منطقة الرياض,الرياض,القطاع العام,خدمة إلكترونية جزئيا,الأمانات والبلديات,2026/06/15,1447/12/29,2
منطقة الرياض,الرياض,القطاع العام,خدمة إلكترونية جزئيا,الضمان والشؤون الاجتماعية,2026/06/15,1447/12/29,2
منطقة الرياض,الرياض,القطاع العام,خدمة إلكترونية جزئيا,المنح السكنية,2026/06/15,1447/12/29,2
منطقة الرياض,الرياض,القطاع العام,خدمة إلكترونية جزئيا,الهيئات الحكومية,2026/06/15,1447/12/29,2
منطقة الرياض,ضرماء,القطاع الخاص,خدمة إلكترونية جزئيا,السيارات,2026/06/15,1447/12/29,2
منطقة الرياض,ضرماء,القطاع الخاص,خدمة إلكترونية جزئيا,شبكة إيجار الإلكترونية,2026/06/15,1447/12/29,2
منطقة الرياض,عرقه,القطاع الخاص,خدمة إلكترونية جزئيا,الأمانات والبلديات,2026/06/15,1447/12/29,2
منطقة الرياض,عرقه,القطاع الخاص,خدمة إلكترونية جزئيا,الشركات,2026/06/15,1447/12/29,2
منطقة الشرقية,الجبيل,القطاع الخاص,خدمة إلكترونية جزئيا,السجلات التجارية,2026/06/15,1447/12/29,2
منطقة الشرقية,الجبيل,القطاع الخاص,خدمة إلكترونية جزئيا,المطالبات والمحاكم,2026/06/15,1447/12/29,2
منطقة الشرقية,الدمام,القطاع الخاص,خدمة إلكترونية جزئيا,الجهات الأمنية,2026/06/15,1447/12/29,2
منطقة الشرقية,الدمام,القطاع الخاص,خدمة إلكترونية جزئيا,الرواتب والمستحقات,2026/06/15,1447/12/29,2
منطقة الشرقية,الدمام,القطاع الخاص,خدمة إلكترونية جزئيا,الشركات,2026/06/15,1447/12/29,2
منطقة الشرقية,الدمام,القطاع العام,خدمة إلكترونية جزئيا,العقارات,2026/06/15,1447/12/29,2
منطقة الشرقية,حفر الباطن,القطاع الخاص,خدمة إلكترونية جزئيا,وكالة خارج المملكة العربية السعودية فقط,2026/06/15,1447/12/29,2
منطقة الشرقية,رأس تنوره,القطاع الخاص,خدمة إلكترونية جزئيا,البنك السعودي للتسليف والإدخار,2026/06/15,1447/12/29,2
منطقة القصيم,بريده,القطاع الخاص,خدمة إلكترونية جزئيا,وكالة خارج المملكة العربية السعودية فقط,2026/06/15,1447/12/29,2
منطقة القصيم,بريده,القطاع العام,خدمة إلكترونية جزئيا,تصديق الوكالات الخارجية,2026/06/15,1447/12/29,2
منطقة المدينة المنوره,المدينة المنورة,القطاع الخاص,خدمة إلكترونية جزئيا,البنوك والمصارف,2026/06/15,1447/12/29,2
منطقة المدينة المنوره,المدينة المنورة,القطاع الخاص,خدمة إلكترونية جزئيا,السيارات,2026/06/15,1447/12/29,2
منطقة المدينة المنوره,المدينة المنورة,القطاع الخاص,خدمة إلكترونية جزئيا,وكالة خارج المملكة العربية السعودية فقط,2026/06/15,1447/12/29,2
منطقة المدينة المنوره,المدينة المنورة,القطاع العام,خدمة إلكترونية جزئيا,الجهات التعليمية,2026/06/15,1447/12/29,2
منطقة تبوك,تبوك,القطاع الخاص,خدمة إلكترونية جزئيا,الجوازات,2026/06/15,1447/12/29,2
منطقة عسير,بيشه,القطاع الخاص,خدمة إلكترونية جزئيا,العقارات,2026/06/15,1447/12/29,2
منطقة مكة المكرمه,جده,القطاع الخاص,خدمة إلكترونية جزئيا,الجوازات,2026/06/15,1447/12/29,2
منطقة مكة المكرمه,جده,القطاع الخاص,خدمة إلكترونية جزئيا,الشركات,2026/06/15,1447/12/29,2
منطقة مكة المكرمه,مكة المكرمة,القطاع الخاص,خدمة إلكترونية جزئيا,الوزارات الحكومية,2026/06/15,1447/12/29,2
منطقة مكة المكرمه,مكة المكرمة,القطاع العام,خدمة إلكترونية جزئيا,السجلات التجارية,2026/06/15,1447/12/29,2
الخدمات الرقمية,عام,القطاع العام,خدمة إلكترونية,التراخيص الصناعية,2026/06/15,1447/12/29,1
الخدمات الرقمية,عام,القطاع العام,خدمة إلكترونية,برنامج رسوم الأراضي البيضاء,2026/06/15,1447/12/29,1
الخدمات الرقمية,عام,القطاع العام,خدمة إلكترونية,بنك التصدير والاستيراد السعودي,2026/06/15,1447/12/29,1
الخدمات الرقمية,عام,القطاع العام,خدمة إلكترونية جزئيا,السيارات,2026/06/15,1447/12/29,1
الخدمات الرقمية,كتابة عدل مدمجة - افتراضية,القطاع العام,خدمة إلكترونية جزئيا,إدارة الأحوال المدنية,2026/06/15,1447/12/29,1
الخدمات الرقمية,كتابة عدل مدمجة - افتراضية,القطاع العام,خدمة إلكترونية جزئيا,أذونات المحاكم,2026/06/15,1447/12/29,1
الخدمات الرقمية,كتابة عدل مدمجة - افتراضية,القطاع العام,خدمة إلكترونية جزئيا,إنهائات المحاكم,2026/06/15,1447/12/29,1
الخدمات الرقمية,كتابة عدل مدمجة - افتراضية,القطاع العام,خدمة إلكترونية جزئيا,استقدام العمالة,2026/06/15,1447/12/29,1
الخدمات الرقمية,كتابة عدل مدمجة - افتراضية,القطاع العام,خدمة إلكترونية جزئيا,الضمان والشؤون الاجتماعية,2026/06/15,1447/12/29,1
الخدمات الرقمية,كتابة عدل مدمجة - افتراضية,القطاع العام,خدمة إلكترونية جزئيا,المنح الزراعية,2026/06/15,1447/12/29,1
الخدمات الرقمية,كتابة عدل مدمجة - افتراضية,القطاع العام,خدمة إلكترونية جزئيا,بنك التنمية الاجتماعية,2026/06/15,1447/12/29,1
الخدمات الرقمية,كتابة عدل مدمجة - افتراضية,القطاع العام,خدمة إلكترونية جزئيا,شركات الاتصالات,2026/06/15,1447/12/29,1
الخدمات الرقمية,كتابة عدل مدمجة - افتراضية,القطاع العام,خدمة إلكترونية جزئيا,شركة الكهرباء,2026/06/15,1447/12/29,1
الخدمات الرقمية,كتابة عدل مدمجة - افتراضية,القطاع العام,خدمة إلكترونية جزئيا,شركة المياه,2026/06/15,1447/12/29,1
الخدمات الرقمية,كتابة عدل مدمجة - افتراضية,القطاع العام,خدمة إلكترونية جزئيا,هيئة الزكاة والضريبة والجمارك,2026/06/15,1447/12/29,1
منطقة الحدود الشمالية,عرعر,القطاع العام,خدمة إلكترونية جزئيا,تصديق الوكالات الخارجية,2026/06/15,1447/12/29,1
منطقة الرياض,الخرج,القطاع الخاص,خدمة إلكترونية جزئيا,البنوك والمصارف,2026/06/15,1447/12/29,1
منطقة الرياض,الدلم,القطاع الخاص,خدمة إلكترونية جزئيا,المطالبات والمحاكم,2026/06/15,1447/12/29,1
منطقة الرياض,الرياض,القطاع الخاص,خدمة إلكترونية جزئيا,إدارة الأحوال المدنية,2026/06/15,1447/12/29,1
منطقة الرياض,الرياض,القطاع الخاص,خدمة إلكترونية جزئيا,أذونات المحاكم,2026/06/15,1447/12/29,1
منطقة الرياض,الرياض,القطاع الخاص,خدمة إلكترونية جزئيا,إنهائات المحاكم,2026/06/15,1447/12/29,1
منطقة الرياض,الرياض,القطاع العام,خدمة إلكترونية جزئيا,إثباتات المحاكم,2026/06/15,1447/12/29,1
منطقة الرياض,الرياض,القطاع العام,خدمة إلكترونية جزئيا,التعويضات والمساعدات,2026/06/15,1447/12/29,1
منطقة الرياض,الرياض,القطاع العام,خدمة إلكترونية جزئيا,الجهات التعليمية,2026/06/15,1447/12/29,1
منطقة الرياض,الرياض,القطاع العام,خدمة إلكترونية جزئيا,الرئاسات الحكومية,2026/06/15,1447/12/29,1
منطقة الرياض,الرياض,القطاع العام,خدمة إلكترونية جزئيا,الشركات,2026/06/15,1447/12/29,1
منطقة الرياض,الرياض,القطاع العام,خدمة إلكترونية جزئيا,شركة المياه,2026/06/15,1447/12/29,1
منطقة الرياض,الرياض,القطاع العام,خدمة إلكترونية جزئيا,هيئة الزكاة والضريبة والجمارك,2026/06/15,1447/12/29,1
منطقة الرياض,الرياض,القطاع العام,خدمة إلكترونية جزئيا,وزارة الموارد البشرية والتنمية الاجتماعية,2026/06/15,1447/12/29,1
منطقة الرياض,الرياض,القطاع العام,خدمة إلكترونية جزئيا,وكالة خارج المملكة العربية السعودية فقط,2026/06/15,1447/12/29,1
منطقة الرياض,الزلفي,القطاع الخاص,خدمة إلكترونية جزئيا,العقارات,2026/06/15,1447/12/29,1
منطقة الرياض,المجمعه,القطاع الخاص,خدمة إلكترونية جزئيا,الرواتب والمستحقات,2026/06/15,1447/12/29,1
منطقة الرياض,المزاحميه,القطاع الخاص,خدمة إلكترونية جزئيا,المطالبات والمحاكم,2026/06/15,1447/12/29,1
منطقة الرياض,عرقه,القطاع الخاص,خدمة إلكترونية جزئيا,العقارات,2026/06/15,1447/12/29,1
منطقة الشرقية,الخبر,القطاع الخاص,خدمة إلكترونية جزئيا,صندوق التنمية الصناعية,2026/06/15,1447/12/29,1
منطقة الشرقية,الدمام,القطاع العام,خدمة إلكترونية جزئيا,البنوك والمصارف,2026/06/15,1447/12/29,1
منطقة الشرقية,الظهران,القطاع العام,خدمة إلكترونية جزئيا,وكالة خارج المملكة العربية السعودية فقط,2026/06/15,1447/12/29,1
منطقة الشرقية,القطيف,القطاع الخاص,خدمة إلكترونية جزئيا,الشركات,2026/06/15,1447/12/29,1
منطقة الشرقية,القطيف,القطاع الخاص,خدمة إلكترونية جزئيا,المطالبات والمحاكم,2026/06/15,1447/12/29,1
منطقة الشرقية,رأس تنوره,القطاع الخاص,خدمة إلكترونية جزئيا,العقارات,2026/06/15,1447/12/29,1
منطقة القصيم,البكيريه,القطاع الخاص,خدمة إلكترونية جزئيا,العقارات,2026/06/15,1447/12/29,1
منطقة القصيم,بريده,القطاع العام,خدمة إلكترونية جزئيا,السيارات,2026/06/15,1447/12/29,1
منطقة القصيم,بريده,القطاع العام,خدمة إلكترونية جزئيا,المطالبات والمحاكم,2026/06/15,1447/12/29,1
منطقة المدينة المنوره,المدينة المنورة,القطاع الخاص,خدمة إلكترونية جزئيا,إثباتات المحاكم,2026/06/15,1447/12/29,1
منطقة المدينة المنوره,ينبع,القطاع العام,خدمة إلكترونية جزئيا,السجلات التجارية,2026/06/15,1447/12/29,1
منطقة المدينة المنوره,ينبع,القطاع العام,خدمة إلكترونية جزئيا,العقارات,2026/06/15,1447/12/29,1
منطقة تبوك,تبوك,القطاع الخاص,خدمة إلكترونية جزئيا,وزارة الموارد البشرية والتنمية الاجتماعية,2026/06/15,1447/12/29,1
منطقة جازان,جيزان,القطاع الخاص,خدمة إلكترونية جزئيا,إدارة الأحوال المدنية,2026/06/15,1447/12/29,1
منطقة جازان,جيزان,القطاع الخاص,خدمة إلكترونية جزئيا,البنوك والمصارف,2026/06/15,1447/12/29,1
منطقة جازان,جيزان,القطاع العام,خدمة إلكترونية جزئيا,المطالبات والمحاكم,2026/06/15,1447/12/29,1
منطقة جازان,صامطه,القطاع الخاص,خدمة إلكترونية جزئيا,المطالبات والمحاكم,2026/06/15,1447/12/29,1
منطقة حائل,حائل,القطاع الخاص,خدمة إلكترونية جزئيا,شبكة إيجار الإلكترونية,2026/06/15,1447/12/29,1
منطقة حائل,حائل,القطاع العام,خدمة إلكترونية جزئيا,الوزارات الحكومية,2026/06/15,1447/12/29,1
منطقة عسير,بيشه,القطاع الخاص,خدمة إلكترونية جزئيا,المطالبات والمحاكم,2026/06/15,1447/12/29,1
منطقة مكة المكرمه,الطائف,القطاع الخاص,خدمة إلكترونية جزئيا,الجهات الأمنية,2026/06/15,1447/12/29,1
منطقة مكة المكرمه,الطائف,القطاع الخاص,خدمة إلكترونية جزئيا,العقارات,2026/06/15,1447/12/29,1
منطقة مكة المكرمه,الطائف,القطاع الخاص,خدمة إلكترونية جزئيا,الوزارات الحكومية,2026/06/15,1447/12/29,1
منطقة مكة المكرمه,جده,القطاع العام,خدمة إلكترونية جزئيا,الجهات التعليمية,2026/06/15,1447/12/29,1
منطقة مكة المكرمه,جده,القطاع العام,خدمة إلكترونية جزئيا,الرواتب والمستحقات,2026/06/15,1447/12/29,1
منطقة مكة المكرمه,جده,القطاع العام,خدمة إلكترونية جزئيا,السجلات التجارية,2026/06/15,1447/12/29,1
منطقة مكة المكرمه,جده,القطاع العام,خدمة إلكترونية جزئيا,المرور,2026/06/15,1447/12/29,1
منطقة مكة المكرمه,جده,القطاع العام,خدمة إلكترونية جزئيا,صندوق التنمية العقارية,2026/06/15,1447/12/29,1
منطقة مكة المكرمه,مكة المكرمة,القطاع الخاص,خدمة إلكترونية جزئيا,الجهات الأمنية,2026/06/15,1447/12/29,1
منطقة مكة المكرمه,مكة المكرمة,القطاع الخاص,خدمة إلكترونية جزئيا,الجوازات,2026/06/15,1447/12/29,1
منطقة مكة المكرمه,مكة المكرمة,القطاع الخاص,خدمة إلكترونية جزئيا,المؤسسات الحكومية,2026/06/15,1447/12/29,1
منطقة نجران,نجران,القطاع الخاص,خدمة إلكترونية جزئيا,السجلات التجارية,2026/06/15,1447/12/29,1
منطقة نجران,نجران,القطاع الخاص,خدمة إلكترونية جزئيا,المطالبات والمحاكم,2026/06/15,1447/12/29,1
الخدمات الرقمية,عام,القطاع العام,خدمة إلكترونية,المطالبات والمحاكم,2026/06/16,1448/01/01,"4,778"
الخدمات الرقمية,عام,القطاع العام,خدمة إلكترونية,العقارات,2026/06/16,1448/01/01,"3,043"
الخدمات الرقمية,عام,القطاع العام,خدمة إلكترونية,الجوازات,2026/06/16,1448/01/01,"1,853"
الخدمات الرقمية,عام,القطاع العام,خدمة إلكترونية,السيارات,2026/06/16,1448/01/01,"1,625"
الخدمات الرقمية,عام,القطاع العام,خدمة إلكترونية,البنوك والمصارف,2026/06/16,1448/01/01,"1,425"
الخدمات الرقمية,عام,القطاع العام,خدمة إلكترونية,الوزارات الحكومية,2026/06/16,1448/01/01,707
الخدمات الرقمية,عام,القطاع العام,خدمة إلكترونية,المرور,2026/06/16,1448/01/01,544
الخدمات الرقمية,عام,القطاع العام,خدمة إلكترونية,الشركات والمؤسسات الأهلية,2026/06/16,1448/01/01,445
الخدمات الرقمية,عام,القطاع العام,خدمة إلكترونية,السجلات التجارية,2026/06/16,1448/01/01,443
الخدمات الرقمية,عام,القطاع العام,خدمة إلكترونية,الجهات الأمنية,2026/06/16,1448/01/01,406
الخدمات الرقمية,عام,القطاع العام,خدمة إلكترونية,الرواتب والمستحقات,2026/06/16,1448/01/01,341
الخدمات الرقمية,عام,القطاع العام,خدمة إلكترونية,وكالة خارج المملكة العربية السعودية فقط,2026/06/16,1448/01/01,309
الخدمات الرقمية,عام,القطاع العام,خدمة إلكترونية,الأمانات والبلديات,2026/06/16,1448/01/01,284
الخدمات الرقمية,عام,القطاع العام,خدمة إلكترونية,وزارة الموارد البشرية والتنمية الاجتماعية,2026/06/16,1448/01/01,265
الخدمات الرقمية,عام,القطاع العام,خدمة إلكترونية,إدارة الأحوال المدنية,2026/06/16,1448/01/01,252
منطقة الرياض,الرياض,القطاع الخاص,خدمة إلكترونية جزئيا,المطالبات والمحاكم,2026/06/16,1448/01/01,245
منطقة الرياض,الرياض,القطاع العام,خدمة إلكترونية جزئيا,المطالبات والمحاكم,2026/06/16,1448/01/01,228
الخدمات الرقمية,عام,القطاع العام,خدمة إلكترونية,طلب الخدمات,2026/06/16,1448/01/01,199
الخدمات الرقمية,عام,القطاع العام,خدمة إلكترونية,الجهات التعليمية,2026/06/16,1448/01/01,180
الخدمات الرقمية,كتابة عدل مدمجة - افتراضية,القطاع العام,خدمة إلكترونية جزئيا,المطالبات والمحاكم,2026/06/16,1448/01/01,170
الخدمات الرقمية,عام,القطاع العام,خدمة إلكترونية,شركات الاتصالات,2026/06/16,1448/01/01,160
منطقة الرياض,الرياض,القطاع الخاص,خدمة إلكترونية جزئيا,العقارات,2026/06/16,1448/01/01,133
الخدمات الرقمية,عام,القطاع العام,خدمة إلكترونية,الهيئات الحكومية,2026/06/16,1448/01/01,130
منطقة مكة المكرمه,جده,القطاع الخاص,خدمة إلكترونية جزئيا,المطالبات والمحاكم,2026/06/16,1448/01/01,120
الخدمات الرقمية,عام,القطاع العام,خدمة إلكترونية,شبكة إيجار الإلكترونية,2026/06/16,1448/01/01,119
الخدمات الرقمية,عام,القطاع العام,خدمة إلكترونية,الشركات,2026/06/16,1448/01/01,107
منطقة مكة المكرمه,جده,القطاع الخاص,خدمة إلكترونية جزئيا,العقارات,2026/06/16,1448/01/01,98
الخدمات الرقمية,عام,القطاع العام,خدمة إلكترونية,شركة الكهرباء,2026/06/16,1448/01/01,86
الخدمات الرقمية,عام,القطاع العام,خدمة إلكترونية,مكتب الإستقدام,2026/06/16,1448/01/01,71
الخدمات الرقمية,عام,القطاع العام,خدمة إلكترونية,شركة المياه,2026/06/16,1448/01/01,70
الخدمات الرقمية,عام,القطاع العام,خدمة إلكترونية,إثباتات المحاكم,2026/06/16,1448/01/01,67
منطقة الرياض,الرياض,القطاع الخاص,خدمة إلكترونية جزئيا,وكالة خارج المملكة العربية السعودية فقط,2026/06/16,1448/01/01,60
الخدمات الرقمية,عام,القطاع العام,خدمة إلكترونية,التعويضات والمساعدات,2026/06/16,1448/01/01,58
الخدمات الرقمية,عام,القطاع العام,خدمة إلكترونية,صندوق التنمية العقارية,2026/06/16,1448/01/01,58
الخدمات الرقمية,كتابة عدل مدمجة - افتراضية,القطاع العام,خدمة إلكترونية جزئيا,البنوك والمصارف,2026/06/16,1448/01/01,58
منطقة الرياض,الرياض,القطاع العام,خدمة إلكترونية جزئيا,تصديق الوكالات الخارجية,2026/06/16,1448/01/01,57
منطقة مكة المكرمه,مكة المكرمة,القطاع الخاص,خدمة إلكترونية جزئيا,المطالبات والمحاكم,2026/06/16,1448/01/01,53
الخدمات الرقمية,عام,القطاع العام,خدمة إلكترونية,المؤسسات الحكومية,2026/06/16,1448/01/01,52
منطقة مكة المكرمه,جده,القطاع الخاص,خدمة إلكترونية جزئيا,وكالة خارج المملكة العربية السعودية فقط,2026/06/16,1448/01/01,51
الخدمات الرقمية,كتابة عدل مدمجة - افتراضية,القطاع العام,خدمة إلكترونية جزئيا,العقارات,2026/06/16,1448/01/01,49
الخدمات الرقمية,عام,القطاع العام,خدمة إلكترونية,النكاح,2026/06/16,1448/01/01,47
منطقة الرياض,الرياض,القطاع الخاص,خدمة إلكترونية جزئيا,السجلات التجارية,2026/06/16,1448/01/01,40
الخدمات الرقمية,عام,القطاع العام,خدمة إلكترونية,المنح السكنية,2026/06/16,1448/01/01,39
منطقة الرياض,الرياض,القطاع العام,خدمة إلكترونية جزئيا,الجهات الأمنية,2026/06/16,1448/01/01,38
منطقة الرياض,الرياض,القطاع العام,خدمة إلكترونية جزئيا,البنوك والمصارف,2026/06/16,1448/01/01,37
الخدمات الرقمية,عام,القطاع العام,خدمة إلكترونية,المنح الزراعية,2026/06/16,1448/01/01,32
منطقة مكة المكرمه,جده,القطاع العام,خدمة إلكترونية جزئيا,تصديق الوكالات الخارجية,2026/06/16,1448/01/01,32
منطقة الرياض,الرياض,القطاع الخاص,خدمة إلكترونية جزئيا,البنوك والمصارف,2026/06/16,1448/01/01,31
منطقة الشرقية,الخبر,القطاع الخاص,خدمة إلكترونية جزئيا,المطالبات والمحاكم,2026/06/16,1448/01/01,30
الخدمات الرقمية,عام,القطاع العام,خدمة إلكترونية,العوائد السنوية,2026/06/16,1448/01/01,29
منطقة الرياض,الرياض,القطاع الخاص,خدمة إلكترونية جزئيا,الشركات,2026/06/16,1448/01/01,28
منطقة مكة المكرمه,مكة المكرمة,القطاع الخاص,خدمة إلكترونية جزئيا,العقارات,2026/06/16,1448/01/01,28
الخدمات الرقمية,عام,القطاع العام,خدمة إلكترونية,هيئة الزكاة والضريبة والجمارك,2026/06/16,1448/01/01,26
منطقة مكة المكرمه,جده,القطاع الخاص,خدمة إلكترونية جزئيا,السيارات,2026/06/16,1448/01/01,25
منطقة المدينة المنوره,المدينة المنورة,القطاع الخاص,خدمة إلكترونية جزئيا,المطالبات والمحاكم,2026/06/16,1448/01/01,22
منطقة المدينة المنوره,المدينة المنورة,القطاع الخاص,خدمة إلكترونية جزئيا,العقارات,2026/06/16,1448/01/01,21
الخدمات الرقمية,كتابة عدل مدمجة - افتراضية,القطاع العام,خدمة إلكترونية جزئيا,شبكة إيجار الإلكترونية,2026/06/16,1448/01/01,20
الخدمات الرقمية,عام,القطاع العام,خدمة إلكترونية,التوكيل على الإقرارات,2026/06/16,1448/01/01,19
منطقة القصيم,المذنب,القطاع الخاص,خدمة إلكترونية جزئيا,المطالبات والمحاكم,2026/06/16,1448/01/01,19
منطقة مكة المكرمه,جده,القطاع الخاص,خدمة إلكترونية جزئيا,السجلات التجارية,2026/06/16,1448/01/01,19
منطقة مكة المكرمه,جده,القطاع العام,خدمة إلكترونية جزئيا,المطالبات والمحاكم,2026/06/16,1448/01/01,19
منطقة الشرقية,الدمام,القطاع الخاص,خدمة إلكترونية جزئيا,المطالبات والمحاكم,2026/06/16,1448/01/01,18
منطقة الشرقية,الدمام,القطاع العام,خدمة إلكترونية جزئيا,تصديق الوكالات الخارجية,2026/06/16,1448/01/01,18
منطقة الشرقية,الدمام,القطاع الخاص,خدمة إلكترونية جزئيا,وكالة خارج المملكة العربية السعودية فقط,2026/06/16,1448/01/01,17
منطقة مكة المكرمه,جده,القطاع الخاص,خدمة إلكترونية جزئيا,البنوك والمصارف,2026/06/16,1448/01/01,16
الخدمات الرقمية,عام,القطاع العام,خدمة إلكترونية,استقدام العمالة,2026/06/16,1448/01/01,14
الخدمات الرقمية,عام,القطاع العام,خدمة إلكترونية,التنازل عن كامل الإرث,2026/06/16,1448/01/01,14
منطقة تبوك,تبوك,القطاع الخاص,خدمة إلكترونية جزئيا,المطالبات والمحاكم,2026/06/16,1448/01/01,14
الخدمات الرقمية,عام,القطاع العام,خدمة إلكترونية,الحالات الاجتماعية,2026/06/16,1448/01/01,13
الخدمات الرقمية,عام,القطاع العام,خدمة إلكترونية,بنك التنمية الاجتماعية,2026/06/16,1448/01/01,13
منطقة الرياض,الرياض,القطاع الخاص,خدمة إلكترونية جزئيا,المرور,2026/06/16,1448/01/01,13
منطقة الشرقية,الخبر,القطاع الخاص,خدمة إلكترونية جزئيا,وكالة خارج المملكة العربية السعودية فقط,2026/06/16,1448/01/01,13
منطقة عسير,ابها,القطاع الخاص,خدمة إلكترونية جزئيا,المطالبات والمحاكم,2026/06/16,1448/01/01,13
الخدمات الرقمية,كتابة عدل مدمجة - افتراضية,القطاع العام,خدمة إلكترونية جزئيا,الوزارات الحكومية,2026/06/16,1448/01/01,12
منطقة مكة المكرمه,جده,القطاع الخاص,خدمة إلكترونية جزئيا,الشركات,2026/06/16,1448/01/01,12
الخدمات الرقمية,كتابة عدل مدمجة - افتراضية,القطاع العام,خدمة إلكترونية جزئيا,الجهات التعليمية,2026/06/16,1448/01/01,11
منطقة الرياض,الرياض,القطاع الخاص,خدمة إلكترونية جزئيا,الوزارات الحكومية,2026/06/16,1448/01/01,11
منطقة القصيم,بريده,القطاع الخاص,خدمة إلكترونية جزئيا,وكالة خارج المملكة العربية السعودية فقط,2026/06/16,1448/01/01,11
الخدمات الرقمية,عام,القطاع العام,خدمة إلكترونية,إنهائات المحاكم,2026/06/16,1448/01/01,10
الخدمات الرقمية,عام,القطاع العام,خدمة إلكترونية,الضمان الاجتماعي,2026/06/16,1448/01/01,10
منطقة مكة المكرمه,مكة المكرمة,القطاع الخاص,خدمة إلكترونية جزئيا,الأمانات والبلديات,2026/06/16,1448/01/01,10
منطقة مكة المكرمه,مكة المكرمة,القطاع الخاص,خدمة إلكترونية جزئيا,وكالة خارج المملكة العربية السعودية فقط,2026/06/16,1448/01/01,10
الخدمات الرقمية,عام,القطاع العام,خدمة إلكترونية,البنك السعودي للتسليف والإدخار,2026/06/16,1448/01/01,9
الخدمات الرقمية,كتابة عدل مدمجة - افتراضية,القطاع العام,خدمة إلكترونية جزئيا,السيارات,2026/06/16,1448/01/01,9
الخدمات الرقمية,كتابة عدل مدمجة - افتراضية,القطاع العام,خدمة إلكترونية جزئيا,المؤسسات الحكومية,2026/06/16,1448/01/01,9
منطقة الرياض,الدرعيه,القطاع الخاص,خدمة إلكترونية جزئيا,المطالبات والمحاكم,2026/06/16,1448/01/01,9
منطقة الرياض,الرياض,القطاع الخاص,خدمة إلكترونية جزئيا,شبكة إيجار الإلكترونية,2026/06/16,1448/01/01,9
منطقة الشرقية,حفر الباطن,القطاع الخاص,خدمة إلكترونية جزئيا,المطالبات والمحاكم,2026/06/16,1448/01/01,9
منطقة عسير,ابها,القطاع الخاص,خدمة إلكترونية جزئيا,العقارات,2026/06/16,1448/01/01,9
منطقة مكة المكرمه,الطائف,القطاع الخاص,خدمة إلكترونية جزئيا,المطالبات والمحاكم,2026/06/16,1448/01/01,9
منطقة الرياض,الرياض,القطاع الخاص,خدمة إلكترونية جزئيا,الشركات والمؤسسات الأهلية,2026/06/16,1448/01/01,8
منطقة الرياض,الرياض,القطاع العام,خدمة إلكترونية جزئيا,العقارات,2026/06/16,1448/01/01,8
منطقة الرياض,الرياض,القطاع العام,خدمة إلكترونية جزئيا,المؤسسات الحكومية,2026/06/16,1448/01/01,8
منطقة الشرقية,الاحساء,القطاع الخاص,خدمة إلكترونية جزئيا,المطالبات والمحاكم,2026/06/16,1448/01/01,8
منطقة القصيم,بريده,القطاع الخاص,خدمة إلكترونية جزئيا,البنوك والمصارف,2026/06/16,1448/01/01,8
منطقة القصيم,بريده,القطاع الخاص,خدمة إلكترونية جزئيا,المطالبات والمحاكم,2026/06/16,1448/01/01,8
منطقة القصيم,بريده,القطاع العام,خدمة إلكترونية جزئيا,المطالبات والمحاكم,2026/06/16,1448/01/01,8
الخدمات الرقمية,كتابة عدل مدمجة - افتراضية,القطاع العام,خدمة إلكترونية جزئيا,الأمانات والبلديات,2026/06/16,1448/01/01,7
الخدمات الرقمية,كتابة عدل مدمجة - افتراضية,القطاع العام,خدمة إلكترونية جزئيا,الجوازات,2026/06/16,1448/01/01,7
الخدمات الرقمية,كتابة عدل مدمجة - افتراضية,القطاع العام,خدمة إلكترونية جزئيا,السجلات التجارية,2026/06/16,1448/01/01,7
منطقة الرياض,الخرج,القطاع الخاص,خدمة إلكترونية جزئيا,المطالبات والمحاكم,2026/06/16,1448/01/01,7
منطقة الرياض,الرياض,القطاع العام,خدمة إلكترونية جزئيا,السيارات,2026/06/16,1448/01/01,7
منطقة الشرقية,الجبيل,القطاع الخاص,خدمة إلكترونية جزئيا,المطالبات والمحاكم,2026/06/16,1448/01/01,7
منطقة القصيم,عنيزه,القطاع الخاص,خدمة إلكترونية جزئيا,العقارات,2026/06/16,1448/01/01,7
منطقة المدينة المنوره,المدينة المنورة,القطاع الخاص,خدمة إلكترونية جزئيا,وكالة خارج المملكة العربية السعودية فقط,2026/06/16,1448/01/01,7
منطقة جازان,جيزان,القطاع الخاص,خدمة إلكترونية جزئيا,المطالبات والمحاكم,2026/06/16,1448/01/01,7
منطقة مكة المكرمه,مكة المكرمة,القطاع الخاص,خدمة إلكترونية جزئيا,البنوك والمصارف,2026/06/16,1448/01/01,7
منطقة الرياض,الرياض,القطاع الخاص,خدمة إلكترونية جزئيا,الهيئات الحكومية,2026/06/16,1448/01/01,6
منطقة الرياض,الرياض,القطاع العام,خدمة إلكترونية جزئيا,الجوازات,2026/06/16,1448/01/01,6
منطقة الرياض,الرياض,القطاع العام,خدمة إلكترونية جزئيا,الوزارات الحكومية,2026/06/16,1448/01/01,6
منطقة الشرقية,الدمام,القطاع الخاص,خدمة إلكترونية جزئيا,العقارات,2026/06/16,1448/01/01,6
منطقة المدينة المنوره,المدينة المنورة,القطاع الخاص,خدمة إلكترونية جزئيا,الأمانات والبلديات,2026/06/16,1448/01/01,6
منطقة المدينة المنوره,المدينة المنورة,القطاع العام,خدمة إلكترونية جزئيا,تصديق الوكالات الخارجية,2026/06/16,1448/01/01,6
منطقة جازان,جيزان,القطاع الخاص,خدمة إلكترونية جزئيا,الأمانات والبلديات,2026/06/16,1448/01/01,6
منطقة مكة المكرمه,جده,القطاع الخاص,خدمة إلكترونية جزئيا,الأمانات والبلديات,2026/06/16,1448/01/01,6
منطقة مكة المكرمه,جده,القطاع الخاص,خدمة إلكترونية جزئيا,شبكة إيجار الإلكترونية,2026/06/16,1448/01/01,6
منطقة مكة المكرمه,مكة المكرمة,القطاع العام,خدمة إلكترونية جزئيا,تصديق الوكالات الخارجية,2026/06/16,1448/01/01,6
الخدمات الرقمية,عام,القطاع العام,خدمة إلكترونية جزئيا,المطالبات والمحاكم,2026/06/16,1448/01/01,5
منطقة الجوف,سكاكا,القطاع الخاص,خدمة إلكترونية جزئيا,العقارات,2026/06/16,1448/01/01,5
منطقة الرياض,الدلم,القطاع الخاص,خدمة إلكترونية جزئيا,العقارات,2026/06/16,1448/01/01,5
منطقة الرياض,الرياض,القطاع الخاص,خدمة إلكترونية جزئيا,السيارات,2026/06/16,1448/01/01,5
منطقة الرياض,الرياض,القطاع العام,خدمة إلكترونية جزئيا,إدارة الأحوال المدنية,2026/06/16,1448/01/01,5
منطقة الرياض,الرياض,القطاع العام,خدمة إلكترونية جزئيا,الشركات والمؤسسات الأهلية,2026/06/16,1448/01/01,5
منطقة الرياض,الرياض,القطاع العام,خدمة إلكترونية جزئيا,شركات الاتصالات,2026/06/16,1448/01/01,5
منطقة الشرقية,الجبيل,القطاع الخاص,خدمة إلكترونية جزئيا,العقارات,2026/06/16,1448/01/01,5
منطقة القصيم,بريده,القطاع العام,خدمة إلكترونية جزئيا,البنوك والمصارف,2026/06/16,1448/01/01,5
منطقة المدينة المنوره,المهد,القطاع الخاص,خدمة إلكترونية جزئيا,العقارات,2026/06/16,1448/01/01,5
منطقة مكة المكرمه,مكة المكرمة,القطاع الخاص,خدمة إلكترونية جزئيا,الشركات,2026/06/16,1448/01/01,5
الخدمات الرقمية,عام,القطاع العام,خدمة إلكترونية,أذونات المحاكم,2026/06/16,1448/01/01,4
الخدمات الرقمية,عام,القطاع العام,خدمة إلكترونية,الرئاسات الحكومية,2026/06/16,1448/01/01,4
الخدمات الرقمية,عام,القطاع العام,خدمة إلكترونية,تصاريح القوارب والصيد,2026/06/16,1448/01/01,4
الخدمات الرقمية,كتابة عدل مدمجة - افتراضية,القطاع العام,خدمة إلكترونية جزئيا,الشركات والمؤسسات الأهلية,2026/06/16,1448/01/01,4
منطقة الجوف,سكاكا,القطاع العام,خدمة إلكترونية جزئيا,تصديق الوكالات الخارجية,2026/06/16,1448/01/01,4
منطقة الرياض,الدرعيه,القطاع الخاص,خدمة إلكترونية جزئيا,البنوك والمصارف,2026/06/16,1448/01/01,4
منطقة الرياض,الرياض,القطاع الخاص,خدمة إلكترونية جزئيا,وزارة الموارد البشرية والتنمية الاجتماعية,2026/06/16,1448/01/01,4
منطقة الرياض,الرياض,القطاع العام,خدمة إلكترونية جزئيا,المرور,2026/06/16,1448/01/01,4
منطقة الرياض,الرياض,القطاع العام,خدمة إلكترونية جزئيا,وكالة خارج المملكة العربية السعودية فقط,2026/06/16,1448/01/01,4
منطقة الشرقية,الخبر,القطاع الخاص,خدمة إلكترونية جزئيا,العقارات,2026/06/16,1448/01/01,4
منطقة الشرقية,الدمام,القطاع العام,خدمة إلكترونية جزئيا,المطالبات والمحاكم,2026/06/16,1448/01/01,4
منطقة الشرقية,حفر الباطن,القطاع الخاص,خدمة إلكترونية جزئيا,البنوك والمصارف,2026/06/16,1448/01/01,4
منطقة القصيم,بريده,القطاع العام,خدمة إلكترونية جزئيا,الشركات,2026/06/16,1448/01/01,4
منطقة عسير,بيشه,القطاع الخاص,خدمة إلكترونية جزئيا,السيارات,2026/06/16,1448/01/01,4
منطقة مكة المكرمه,مكة المكرمة,القطاع الخاص,خدمة إلكترونية جزئيا,السجلات التجارية,2026/06/16,1448/01/01,4
منطقة نجران,نجران,القطاع الخاص,خدمة إلكترونية جزئيا,المطالبات والمحاكم,2026/06/16,1448/01/01,4
الخدمات الرقمية,عام,القطاع العام,خدمة إلكترونية,صندوق التنمية الصناعية,2026/06/16,1448/01/01,3
الخدمات الرقمية,عام,القطاع العام,خدمة إلكترونية,مكافآت الجامعات والمعاهد,2026/06/16,1448/01/01,3
الخدمات الرقمية,كتابة عدل مدمجة - افتراضية,القطاع العام,خدمة إلكترونية جزئيا,إثباتات المحاكم,2026/06/16,1448/01/01,3
الخدمات الرقمية,كتابة عدل مدمجة - افتراضية,القطاع العام,خدمة إلكترونية جزئيا,الجهات الأمنية,2026/06/16,1448/01/01,3
الخدمات الرقمية,كتابة عدل مدمجة - افتراضية,القطاع العام,خدمة إلكترونية جزئيا,الرواتب والمستحقات,2026/06/16,1448/01/01,3
الخدمات الرقمية,كتابة عدل مدمجة - افتراضية,القطاع العام,خدمة إلكترونية جزئيا,المنح السكنية,2026/06/16,1448/01/01,3
الخدمات الرقمية,كتابة عدل مدمجة - افتراضية,القطاع العام,خدمة إلكترونية جزئيا,الهيئات الحكومية,2026/06/16,1448/01/01,3
منطقة الجوف,سكاكا,القطاع الخاص,خدمة إلكترونية جزئيا,المطالبات والمحاكم,2026/06/16,1448/01/01,3
منطقة الرياض,الخرج,القطاع الخاص,خدمة إلكترونية جزئيا,العقارات,2026/06/16,1448/01/01,3
منطقة الرياض,الدلم,القطاع الخاص,خدمة إلكترونية جزئيا,المطالبات والمحاكم,2026/06/16,1448/01/01,3
منطقة الرياض,الرياض,القطاع العام,خدمة إلكترونية جزئيا,الرواتب والمستحقات,2026/06/16,1448/01/01,3
منطقة الرياض,الرياض,القطاع العام,خدمة إلكترونية جزئيا,النكاح,2026/06/16,1448/01/01,3
منطقة الرياض,الزلفي,القطاع الخاص,خدمة إلكترونية جزئيا,العقارات,2026/06/16,1448/01/01,3
منطقة الشرقية,الاحساء,القطاع الخاص,خدمة إلكترونية جزئيا,الشركات والمؤسسات الأهلية,2026/06/16,1448/01/01,3
منطقة الشرقية,الدمام,القطاع الخاص,خدمة إلكترونية جزئيا,البنوك والمصارف,2026/06/16,1448/01/01,3
منطقة الشرقية,الدمام,القطاع العام,خدمة إلكترونية جزئيا,العقارات,2026/06/16,1448/01/01,3
منطقة القصيم,الرس,القطاع الخاص,خدمة إلكترونية جزئيا,العقارات,2026/06/16,1448/01/01,3
منطقة القصيم,بريده,القطاع العام,خدمة إلكترونية جزئيا,الجهات الأمنية,2026/06/16,1448/01/01,3
منطقة تبوك,تبوك,القطاع الخاص,خدمة إلكترونية جزئيا,السيارات,2026/06/16,1448/01/01,3
منطقة تبوك,تبوك,القطاع الخاص,خدمة إلكترونية جزئيا,العقارات,2026/06/16,1448/01/01,3
منطقة جازان,احد المسارحه,القطاع الخاص,خدمة إلكترونية جزئيا,السجلات التجارية,2026/06/16,1448/01/01,3
منطقة عسير,ابها,القطاع الخاص,خدمة إلكترونية جزئيا,الأمانات والبلديات,2026/06/16,1448/01/01,3
منطقة عسير,محايل عسير,القطاع الخاص,خدمة إلكترونية جزئيا,المطالبات والمحاكم,2026/06/16,1448/01/01,3
منطقة مكة المكرمه,الطائف,القطاع الخاص,خدمة إلكترونية جزئيا,السجلات التجارية,2026/06/16,1448/01/01,3
منطقة مكة المكرمه,جده,القطاع الخاص,خدمة إلكترونية جزئيا,المرور,2026/06/16,1448/01/01,3
منطقة مكة المكرمه,جده,القطاع العام,خدمة إلكترونية جزئيا,البنوك والمصارف,2026/06/16,1448/01/01,3
الخدمات الرقمية,عام,القطاع العام,خدمة إلكترونية,البريد,2026/06/16,1448/01/01,2
الخدمات الرقمية,عام,القطاع العام,خدمة إلكترونية,التراخيص الصناعية,2026/06/16,1448/01/01,2
الخدمات الرقمية,عام,القطاع العام,خدمة إلكترونية,صندوق التنمية الزراعية,2026/06/16,1448/01/01,2
الخدمات الرقمية,كتابة عدل مدمجة - افتراضية,القطاع العام,خدمة إلكترونية جزئيا,إدارة الأحوال المدنية,2026/06/16,1448/01/01,2
الخدمات الرقمية,كتابة عدل مدمجة - افتراضية,القطاع العام,خدمة إلكترونية جزئيا,أذونات المحاكم,2026/06/16,1448/01/01,2
الخدمات الرقمية,كتابة عدل مدمجة - افتراضية,القطاع العام,خدمة إلكترونية جزئيا,إنهائات المحاكم,2026/06/16,1448/01/01,2
الخدمات الرقمية,كتابة عدل مدمجة - افتراضية,القطاع العام,خدمة إلكترونية جزئيا,النكاح,2026/06/16,1448/01/01,2
منطقة الباحة,الباحه,القطاع العام,خدمة إلكترونية جزئيا,تصديق الوكالات الخارجية,2026/06/16,1448/01/01,2
منطقة الحدود الشمالية,عرعر,القطاع الخاص,خدمة إلكترونية جزئيا,المطالبات والمحاكم,2026/06/16,1448/01/01,2
منطقة الرياض,الدرعيه,القطاع الخاص,خدمة إلكترونية جزئيا,العقارات,2026/06/16,1448/01/01,2
منطقة الرياض,الدوادمي,القطاع الخاص,خدمة إلكترونية جزئيا,العقارات,2026/06/16,1448/01/01,2
منطقة الرياض,الرياض,القطاع الخاص,خدمة إلكترونية جزئيا,الجوازات,2026/06/16,1448/01/01,2
منطقة الرياض,الرياض,القطاع العام,خدمة إلكترونية جزئيا,شبكة إيجار الإلكترونية,2026/06/16,1448/01/01,2
منطقة الرياض,المجمعه,القطاع الخاص,خدمة إلكترونية جزئيا,المطالبات والمحاكم,2026/06/16,1448/01/01,2
منطقة الرياض,حوطة بني تميم,القطاع الخاص,خدمة إلكترونية جزئيا,وكالة خارج المملكة العربية السعودية فقط,2026/06/16,1448/01/01,2
منطقة الشرقية,الاحساء,القطاع الخاص,خدمة إلكترونية جزئيا,وكالة خارج المملكة العربية السعودية فقط,2026/06/16,1448/01/01,2
منطقة الشرقية,الخبر,القطاع الخاص,خدمة إلكترونية جزئيا,البنوك والمصارف,2026/06/16,1448/01/01,2
منطقة الشرقية,الدمام,القطاع الخاص,خدمة إلكترونية جزئيا,السجلات التجارية,2026/06/16,1448/01/01,2
منطقة الشرقية,الدمام,القطاع الخاص,خدمة إلكترونية جزئيا,وزارة الموارد البشرية والتنمية الاجتماعية,2026/06/16,1448/01/01,2
منطقة الشرقية,الدمام,القطاع العام,خدمة إلكترونية جزئيا,وكالة خارج المملكة العربية السعودية فقط,2026/06/16,1448/01/01,2
منطقة القصيم,البدائع,القطاع الخاص,خدمة إلكترونية جزئيا,العقارات,2026/06/16,1448/01/01,2
منطقة القصيم,بريده,القطاع العام,خدمة إلكترونية جزئيا,العقارات,2026/06/16,1448/01/01,2
منطقة القصيم,عنيزه,القطاع الخاص,خدمة إلكترونية جزئيا,الهيئات الحكومية,2026/06/16,1448/01/01,2
منطقة المدينة المنوره,المدينة المنورة,القطاع العام,خدمة إلكترونية جزئيا,البنوك والمصارف,2026/06/16,1448/01/01,2
منطقة المدينة المنوره,المدينة المنورة,القطاع العام,خدمة إلكترونية جزئيا,وكالة خارج المملكة العربية السعودية فقط,2026/06/16,1448/01/01,2
منطقة تبوك,تبوك,القطاع الخاص,خدمة إلكترونية جزئيا,الوزارات الحكومية,2026/06/16,1448/01/01,2
منطقة جازان,جيزان,القطاع العام,خدمة إلكترونية جزئيا,تصديق الوكالات الخارجية,2026/06/16,1448/01/01,2
منطقة حائل,حائل,القطاع الخاص,خدمة إلكترونية جزئيا,الجوازات,2026/06/16,1448/01/01,2
منطقة مكة المكرمه,الطائف,القطاع الخاص,خدمة إلكترونية جزئيا,العقارات,2026/06/16,1448/01/01,2
منطقة مكة المكرمه,جده,القطاع الخاص,خدمة إلكترونية جزئيا,الشركات والمؤسسات الأهلية,2026/06/16,1448/01/01,2
منطقة مكة المكرمه,جده,القطاع العام,خدمة إلكترونية جزئيا,شبكة إيجار الإلكترونية,2026/06/16,1448/01/01,2
منطقة مكة المكرمه,خليص,القطاع الخاص,خدمة إلكترونية جزئيا,المطالبات والمحاكم,2026/06/16,1448/01/01,2
منطقة مكة المكرمه,مكة المكرمة,القطاع الخاص,خدمة إلكترونية جزئيا,التنازل عن كامل الإرث,2026/06/16,1448/01/01,2
منطقة مكة المكرمه,مكة المكرمة,القطاع الخاص,خدمة إلكترونية جزئيا,المرور,2026/06/16,1448/01/01,2
منطقة مكة المكرمه,مكة المكرمة,القطاع الخاص,خدمة إلكترونية جزئيا,الوزارات الحكومية,2026/06/16,1448/01/01,2
منطقة مكة المكرمه,مكة المكرمة,القطاع العام,خدمة إلكترونية جزئيا,المطالبات والمحاكم,2026/06/16,1448/01/01,2
الخدمات الرقمية,عام,القطاع العام,خدمة إلكترونية,برنامج رسوم الأراضي البيضاء,2026/06/16,1448/01/01,1
الخدمات الرقمية,عام,القطاع العام,خدمة إلكترونية,بنك التصدير والاستيراد السعودي,2026/06/16,1448/01/01,1
الخدمات الرقمية,عام,القطاع العام,خدمة إلكترونية جزئيا,الجوازات,2026/06/16,1448/01/01,1
الخدمات الرقمية,عام,القطاع العام,خدمة إلكترونية جزئيا,وكالة خارج المملكة العربية السعودية فقط,2026/06/16,1448/01/01,1
الخدمات الرقمية,كتابة عدل مدمجة - افتراضية,القطاع العام,خدمة إلكترونية جزئيا,استقدام العمالة,2026/06/16,1448/01/01,1
الخدمات الرقمية,كتابة عدل مدمجة - افتراضية,القطاع العام,خدمة إلكترونية جزئيا,الرئاسات الحكومية,2026/06/16,1448/01/01,1
الخدمات الرقمية,كتابة عدل مدمجة - افتراضية,القطاع العام,خدمة إلكترونية جزئيا,الشركات,2026/06/16,1448/01/01,1
الخدمات الرقمية,كتابة عدل مدمجة - افتراضية,القطاع العام,خدمة إلكترونية جزئيا,المرور,2026/06/16,1448/01/01,1
الخدمات الرقمية,كتابة عدل مدمجة - افتراضية,القطاع العام,خدمة إلكترونية جزئيا,شركات الاتصالات,2026/06/16,1448/01/01,1
الخدمات الرقمية,كتابة عدل مدمجة - افتراضية,القطاع العام,خدمة إلكترونية جزئيا,شركة المياه,2026/06/16,1448/01/01,1
الخدمات الرقمية,كتابة عدل مدمجة - افتراضية,القطاع العام,خدمة إلكترونية جزئيا,صندوق التنمية الزراعية,2026/06/16,1448/01/01,1
الخدمات الرقمية,كتابة عدل مدمجة - افتراضية,القطاع العام,خدمة إلكترونية جزئيا,صندوق التنمية العقارية,2026/06/16,1448/01/01,1
منطقة الباحة,المخواة,القطاع الخاص,خدمة إلكترونية جزئيا,المطالبات والمحاكم,2026/06/16,1448/01/01,1
منطقة الجوف,القريات,القطاع الخاص,خدمة إلكترونية جزئيا,المطالبات والمحاكم,2026/06/16,1448/01/01,1
منطقة الحدود الشمالية,طريف,القطاع الخاص,خدمة إلكترونية جزئيا,الرواتب والمستحقات,2026/06/16,1448/01/01,1
منطقة الرياض,الخرج,القطاع الخاص,خدمة إلكترونية جزئيا,الوزارات الحكومية,2026/06/16,1448/01/01,1
منطقة الرياض,الدرعيه,القطاع الخاص,خدمة إلكترونية جزئيا,شبكة إيجار الإلكترونية,2026/06/16,1448/01/01,1
منطقة الرياض,الرياض,القطاع الخاص,خدمة إلكترونية جزئيا,الأمانات والبلديات,2026/06/16,1448/01/01,1
منطقة الرياض,الرياض,القطاع الخاص,خدمة إلكترونية جزئيا,التعويضات والمساعدات,2026/06/16,1448/01/01,1
منطقة الرياض,الرياض,القطاع الخاص,خدمة إلكترونية جزئيا,النكاح,2026/06/16,1448/01/01,1
منطقة الرياض,الرياض,القطاع الخاص,خدمة إلكترونية جزئيا,شركة الكهرباء,2026/06/16,1448/01/01,1
منطقة الرياض,الرياض,القطاع العام,خدمة إلكترونية جزئيا,أذونات المحاكم,2026/06/16,1448/01/01,1
منطقة الرياض,الرياض,القطاع العام,خدمة إلكترونية جزئيا,الضمان والشؤون الاجتماعية,2026/06/16,1448/01/01,1
منطقة الرياض,الرياض,القطاع العام,خدمة إلكترونية جزئيا,بنك التنمية الاجتماعية,2026/06/16,1448/01/01,1
منطقة الرياض,الرياض,القطاع العام,خدمة إلكترونية جزئيا,شركة الكهرباء,2026/06/16,1448/01/01,1
منطقة الرياض,الرياض,القطاع العام,خدمة إلكترونية جزئيا,وزارة الموارد البشرية والتنمية الاجتماعية,2026/06/16,1448/01/01,1
منطقة الرياض,عرقه,القطاع الخاص,خدمة إلكترونية جزئيا,شبكة إيجار الإلكترونية,2026/06/16,1448/01/01,1
منطقة الشرقية,الاحساء,القطاع الخاص,خدمة إلكترونية جزئيا,العقارات,2026/06/16,1448/01/01,1
منطقة الشرقية,الخبر,القطاع الخاص,خدمة إلكترونية جزئيا,شبكة إيجار الإلكترونية,2026/06/16,1448/01/01,1
منطقة الشرقية,الدمام,القطاع الخاص,خدمة إلكترونية جزئيا,الشركات,2026/06/16,1448/01/01,1
منطقة الشرقية,الدمام,القطاع الخاص,خدمة إلكترونية جزئيا,الشركات والمؤسسات الأهلية,2026/06/16,1448/01/01,1
منطقة الشرقية,الدمام,القطاع الخاص,خدمة إلكترونية جزئيا,الوزارات الحكومية,2026/06/16,1448/01/01,1
منطقة الشرقية,الدمام,القطاع العام,خدمة إلكترونية جزئيا,السجلات التجارية,2026/06/16,1448/01/01,1
منطقة الشرقية,الظهران,القطاع العام,خدمة إلكترونية جزئيا,الرواتب والمستحقات,2026/06/16,1448/01/01,1
منطقة الشرقية,القطيف,القطاع الخاص,خدمة إلكترونية جزئيا,الرواتب والمستحقات,2026/06/16,1448/01/01,1
منطقة القصيم,البدائع,القطاع الخاص,خدمة إلكترونية جزئيا,المطالبات والمحاكم,2026/06/16,1448/01/01,1
منطقة القصيم,البكيريه,القطاع الخاص,خدمة إلكترونية جزئيا,السجلات التجارية,2026/06/16,1448/01/01,1
منطقة القصيم,البكيريه,القطاع الخاص,خدمة إلكترونية جزئيا,الشركات,2026/06/16,1448/01/01,1
منطقة القصيم,بريده,القطاع الخاص,خدمة إلكترونية جزئيا,السيارات,2026/06/16,1448/01/01,1
منطقة القصيم,بريده,القطاع العام,خدمة إلكترونية جزئيا,الشركات والمؤسسات الأهلية,2026/06/16,1448/01/01,1
منطقة القصيم,بريده,القطاع العام,خدمة إلكترونية جزئيا,تصديق الوكالات الخارجية,2026/06/16,1448/01/01,1
منطقة القصيم,بريده,القطاع العام,خدمة إلكترونية جزئيا,شبكة إيجار الإلكترونية,2026/06/16,1448/01/01,1
منطقة القصيم,بريده,القطاع العام,خدمة إلكترونية جزئيا,شركات الاتصالات,2026/06/16,1448/01/01,1
منطقة القصيم,بريده,القطاع العام,خدمة إلكترونية جزئيا,وزارة الموارد البشرية والتنمية الاجتماعية,2026/06/16,1448/01/01,1
منطقة القصيم,عنيزه,القطاع الخاص,خدمة إلكترونية جزئيا,المطالبات والمحاكم,2026/06/16,1448/01/01,1
منطقة المدينة المنوره,المدينة المنورة,القطاع العام,خدمة إلكترونية جزئيا,الجهات التعليمية,2026/06/16,1448/01/01,1
منطقة المدينة المنوره,المدينة المنورة,القطاع العام,خدمة إلكترونية جزئيا,العقارات,2026/06/16,1448/01/01,1
منطقة المدينة المنوره,المدينة المنورة,القطاع العام,خدمة إلكترونية جزئيا,المطالبات والمحاكم,2026/06/16,1448/01/01,1
منطقة تبوك,تبوك,القطاع الخاص,خدمة إلكترونية جزئيا,البنوك والمصارف,2026/06/16,1448/01/01,1
منطقة جازان,جيزان,القطاع الخاص,خدمة إلكترونية جزئيا,الشركات,2026/06/16,1448/01/01,1
منطقة جازان,جيزان,القطاع العام,خدمة إلكترونية جزئيا,البنوك والمصارف,2026/06/16,1448/01/01,1
منطقة جازان,جيزان,القطاع العام,خدمة إلكترونية جزئيا,المطالبات والمحاكم,2026/06/16,1448/01/01,1
منطقة حائل,حائل,القطاع الخاص,خدمة إلكترونية جزئيا,المطالبات والمحاكم,2026/06/16,1448/01/01,1
منطقة عسير,ابها,القطاع العام,خدمة إلكترونية جزئيا,تصديق الوكالات الخارجية,2026/06/16,1448/01/01,1
منطقة عسير,خميس مشيط,القطاع العام,خدمة إلكترونية جزئيا,العقارات,2026/06/16,1448/01/01,1
منطقة عسير,محايل عسير,القطاع الخاص,خدمة إلكترونية جزئيا,السيارات,2026/06/16,1448/01/01,1
منطقة مكة المكرمه,جده,القطاع الخاص,خدمة إلكترونية جزئيا,الجوازات,2026/06/16,1448/01/01,1
منطقة مكة المكرمه,جده,القطاع الخاص,خدمة إلكترونية جزئيا,المنح الزراعية,2026/06/16,1448/01/01,1
منطقة مكة المكرمه,جده,القطاع الخاص,خدمة إلكترونية جزئيا,الوزارات الحكومية,2026/06/16,1448/01/01,1
منطقة مكة المكرمه,جده,القطاع الخاص,خدمة إلكترونية جزئيا,صندوق التنمية العقارية,2026/06/16,1448/01/01,1
منطقة مكة المكرمه,جده,القطاع الخاص,خدمة إلكترونية جزئيا,وزارة الموارد البشرية والتنمية الاجتماعية,2026/06/16,1448/01/01,1
منطقة مكة المكرمه,جده,القطاع العام,خدمة إلكترونية جزئيا,الجوازات,2026/06/16,1448/01/01,1
منطقة مكة المكرمه,جده,القطاع العام,خدمة إلكترونية جزئيا,العقارات,2026/06/16,1448/01/01,1
منطقة مكة المكرمه,جده,القطاع العام,خدمة إلكترونية جزئيا,المرور,2026/06/16,1448/01/01,1
منطقة مكة المكرمه,جده,القطاع العام,خدمة إلكترونية جزئيا,الوزارات الحكومية,2026/06/16,1448/01/01,1
منطقة مكة المكرمه,جده,القطاع العام,خدمة إلكترونية جزئيا,وزارة الموارد البشرية والتنمية الاجتماعية,2026/06/16,1448/01/01,1
منطقة مكة المكرمه,مكة المكرمة,القطاع الخاص,خدمة إلكترونية جزئيا,السيارات,2026/06/16,1448/01/01,1
منطقة مكة المكرمه,مكة المكرمة,القطاع الخاص,خدمة إلكترونية جزئيا,الهيئات الحكومية,2026/06/16,1448/01/01,1
منطقة مكة المكرمه,مكة المكرمة,القطاع الخاص,خدمة إلكترونية جزئيا,شبكة إيجار الإلكترونية,2026/06/16,1448/01/01,1
منطقة مكة المكرمه,مكة المكرمة,القطاع الخاص,خدمة إلكترونية جزئيا,شركات الاتصالات,2026/06/16,1448/01/01,1
منطقة مكة المكرمه,مكة المكرمة,القطاع الخاص,خدمة إلكترونية جزئيا,شركة الكهرباء,2026/06/16,1448/01/01,1
منطقة نجران,نجران,القطاع الخاص,خدمة إلكترونية جزئيا,السجلات التجارية,2026/06/16,1448/01/01,1
الخدمات الرقمية,عام,القطاع العام,خدمة إلكترونية,المطالبات والمحاكم,2026/06/17,1448/01/02,"4,777"
الخدمات الرقمية,عام,القطاع العام,خدمة إلكترونية,العقارات,2026/06/17,1448/01/02,"2,991"
الخدمات الرقمية,عام,القطاع العام,خدمة إلكترونية,الجوازات,2026/06/17,1448/01/02,"2,075"
الخدمات الرقمية,عام,القطاع العام,خدمة إلكترونية,السيارات,2026/06/17,1448/01/02,"1,665"
الخدمات الرقمية,عام,القطاع العام,خدمة إلكترونية,البنوك والمصارف,2026/06/17,1448/01/02,"1,587"
الخدمات الرقمية,عام,القطاع العام,خدمة إلكترونية,الوزارات الحكومية,2026/06/17,1448/01/02,763
الخدمات الرقمية,عام,القطاع العام,خدمة إلكترونية,المرور,2026/06/17,1448/01/02,543
الخدمات الرقمية,عام,القطاع العام,خدمة إلكترونية,السجلات التجارية,2026/06/17,1448/01/02,443
الخدمات الرقمية,عام,القطاع العام,خدمة إلكترونية,الشركات والمؤسسات الأهلية,2026/06/17,1448/01/02,421
الخدمات الرقمية,عام,القطاع العام,خدمة إلكترونية,الجهات الأمنية,2026/06/17,1448/01/02,400
الخدمات الرقمية,عام,القطاع العام,خدمة إلكترونية,وكالة خارج المملكة العربية السعودية فقط,2026/06/17,1448/01/02,358
الخدمات الرقمية,عام,القطاع العام,خدمة إلكترونية,الأمانات والبلديات,2026/06/17,1448/01/02,281
منطقة الرياض,الرياض,القطاع الخاص,خدمة إلكترونية جزئيا,المطالبات والمحاكم,2026/06/17,1448/01/02,281
الخدمات الرقمية,عام,القطاع العام,خدمة إلكترونية,إدارة الأحوال المدنية,2026/06/17,1448/01/02,252
الخدمات الرقمية,عام,القطاع العام,خدمة إلكترونية,وزارة الموارد البشرية والتنمية الاجتماعية,2026/06/17,1448/01/02,235
الخدمات الرقمية,عام,القطاع العام,خدمة إلكترونية,الرواتب والمستحقات,2026/06/17,1448/01/02,226
الخدمات الرقمية,عام,القطاع العام,خدمة إلكترونية,الجهات التعليمية,2026/06/17,1448/01/02,186
الخدمات الرقمية,عام,القطاع العام,خدمة إلكترونية,طلب الخدمات,2026/06/17,1448/01/02,163
منطقة الرياض,الرياض,القطاع الخاص,خدمة إلكترونية جزئيا,العقارات,2026/06/17,1448/01/02,158
الخدمات الرقمية,عام,القطاع العام,خدمة إلكترونية,شركات الاتصالات,2026/06/17,1448/01/02,142
الخدمات الرقمية,كتابة عدل مدمجة - افتراضية,القطاع العام,خدمة إلكترونية جزئيا,المطالبات والمحاكم,2026/06/17,1448/01/02,139
الخدمات الرقمية,عام,القطاع العام,خدمة إلكترونية,الهيئات الحكومية,2026/06/17,1448/01/02,136
منطقة الرياض,الرياض,القطاع العام,خدمة إلكترونية جزئيا,المطالبات والمحاكم,2026/06/17,1448/01/02,136
منطقة مكة المكرمه,جده,القطاع الخاص,خدمة إلكترونية جزئيا,المطالبات والمحاكم,2026/06/17,1448/01/02,135
الخدمات الرقمية,عام,القطاع العام,خدمة إلكترونية,شبكة إيجار الإلكترونية,2026/06/17,1448/01/02,116
منطقة مكة المكرمه,جده,القطاع الخاص,خدمة إلكترونية جزئيا,العقارات,2026/06/17,1448/01/02,107
الخدمات الرقمية,عام,القطاع العام,خدمة إلكترونية,الشركات,2026/06/17,1448/01/02,92
الخدمات الرقمية,عام,القطاع العام,خدمة إلكترونية,شركة المياه,2026/06/17,1448/01/02,86
الخدمات الرقمية,عام,القطاع العام,خدمة إلكترونية,شركة الكهرباء,2026/06/17,1448/01/02,78
الخدمات الرقمية,عام,القطاع العام,خدمة إلكترونية,النكاح,2026/06/17,1448/01/02,71
منطقة الرياض,الرياض,القطاع الخاص,خدمة إلكترونية جزئيا,وكالة خارج المملكة العربية السعودية فقط,2026/06/17,1448/01/02,71
منطقة الرياض,الرياض,القطاع العام,خدمة إلكترونية جزئيا,تصديق الوكالات الخارجية,2026/06/17,1448/01/02,61
الخدمات الرقمية,كتابة عدل مدمجة - افتراضية,القطاع العام,خدمة إلكترونية جزئيا,العقارات,2026/06/17,1448/01/02,60
الخدمات الرقمية,عام,القطاع العام,خدمة إلكترونية,التعويضات والمساعدات,2026/06/17,1448/01/02,57
منطقة مكة المكرمه,مكة المكرمة,القطاع الخاص,خدمة إلكترونية جزئيا,المطالبات والمحاكم,2026/06/17,1448/01/02,55
الخدمات الرقمية,عام,القطاع العام,خدمة إلكترونية,مكتب الإستقدام,2026/06/17,1448/01/02,52
الخدمات الرقمية,عام,القطاع العام,خدمة إلكترونية,إثباتات المحاكم,2026/06/17,1448/01/02,51
منطقة الرياض,الرياض,القطاع العام,خدمة إلكترونية جزئيا,الجهات الأمنية,2026/06/17,1448/01/02,46
الخدمات الرقمية,عام,القطاع العام,خدمة إلكترونية,المنح الزراعية,2026/06/17,1448/01/02,45
الخدمات الرقمية,كتابة عدل مدمجة - افتراضية,القطاع العام,خدمة إلكترونية جزئيا,البنوك والمصارف,2026/06/17,1448/01/02,43
الخدمات الرقمية,عام,القطاع العام,خدمة إلكترونية,المنح السكنية,2026/06/17,1448/01/02,42
الخدمات الرقمية,عام,القطاع العام,خدمة إلكترونية,صندوق التنمية العقارية,2026/06/17,1448/01/02,39
منطقة مكة المكرمه,جده,القطاع الخاص,خدمة إلكترونية جزئيا,وكالة خارج المملكة العربية السعودية فقط,2026/06/17,1448/01/02,37
الخدمات الرقمية,عام,القطاع العام,خدمة إلكترونية,هيئة الزكاة والضريبة والجمارك,2026/06/17,1448/01/02,36
الخدمات الرقمية,عام,القطاع العام,خدمة إلكترونية,المؤسسات الحكومية,2026/06/17,1448/01/02,34
منطقة مكة المكرمه,جده,القطاع الخاص,خدمة إلكترونية جزئيا,السجلات التجارية,2026/06/17,1448/01/02,34
منطقة الرياض,الرياض,القطاع العام,خدمة إلكترونية جزئيا,البنوك والمصارف,2026/06/17,1448/01/02,33
منطقة الرياض,الرياض,القطاع الخاص,خدمة إلكترونية جزئيا,السجلات التجارية,2026/06/17,1448/01/02,32
الخدمات الرقمية,عام,القطاع العام,خدمة إلكترونية,العوائد السنوية,2026/06/17,1448/01/02,28
منطقة الرياض,الرياض,القطاع الخاص,خدمة إلكترونية جزئيا,البنوك والمصارف,2026/06/17,1448/01/02,27
منطقة مكة المكرمه,جده,القطاع العام,خدمة إلكترونية جزئيا,تصديق الوكالات الخارجية,2026/06/17,1448/01/02,26
الخدمات الرقمية,عام,القطاع العام,خدمة إلكترونية جزئيا,المطالبات والمحاكم,2026/06/17,1448/01/02,25
الخدمات الرقمية,عام,القطاع العام,خدمة إلكترونية,بنك التنمية الاجتماعية,2026/06/17,1448/01/02,23
منطقة تبوك,تبوك,القطاع الخاص,خدمة إلكترونية جزئيا,المطالبات والمحاكم,2026/06/17,1448/01/02,22
منطقة مكة المكرمه,مكة المكرمة,القطاع الخاص,خدمة إلكترونية جزئيا,العقارات,2026/06/17,1448/01/02,22
منطقة الشرقية,الدمام,القطاع الخاص,خدمة إلكترونية جزئيا,المطالبات والمحاكم,2026/06/17,1448/01/02,20
منطقة مكة المكرمه,جده,القطاع الخاص,خدمة إلكترونية جزئيا,البنوك والمصارف,2026/06/17,1448/01/02,19
الخدمات الرقمية,عام,القطاع العام,خدمة إلكترونية,الحالات الاجتماعية,2026/06/17,1448/01/02,17
منطقة الرياض,الرياض,القطاع الخاص,خدمة إلكترونية جزئيا,شبكة إيجار الإلكترونية,2026/06/17,1448/01/02,17
منطقة الرياض,الرياض,القطاع العام,خدمة إلكترونية جزئيا,العقارات,2026/06/17,1448/01/02,17
منطقة الشرقية,الدمام,القطاع العام,خدمة إلكترونية جزئيا,تصديق الوكالات الخارجية,2026/06/17,1448/01/02,17
منطقة مكة المكرمه,جده,القطاع الخاص,خدمة إلكترونية جزئيا,السيارات,2026/06/17,1448/01/02,17
الخدمات الرقمية,عام,القطاع العام,خدمة إلكترونية,التنازل عن كامل الإرث,2026/06/17,1448/01/02,16
الخدمات الرقمية,عام,القطاع العام,خدمة إلكترونية,التوكيل على الإقرارات,2026/06/17,1448/01/02,16
منطقة الجوف,سكاكا,القطاع الخاص,خدمة إلكترونية جزئيا,العقارات,2026/06/17,1448/01/02,16
الخدمات الرقمية,عام,القطاع العام,خدمة إلكترونية,الضمان الاجتماعي,2026/06/17,1448/01/02,15
الخدمات الرقمية,كتابة عدل مدمجة - افتراضية,القطاع العام,خدمة إلكترونية جزئيا,السيارات,2026/06/17,1448/01/02,15
منطقة الشرقية,الخبر,القطاع الخاص,خدمة إلكترونية جزئيا,المطالبات والمحاكم,2026/06/17,1448/01/02,15
منطقة مكة المكرمه,الطائف,القطاع الخاص,خدمة إلكترونية جزئيا,المطالبات والمحاكم,2026/06/17,1448/01/02,15
منطقة مكة المكرمه,مكة المكرمة,القطاع الخاص,خدمة إلكترونية جزئيا,وكالة خارج المملكة العربية السعودية فقط,2026/06/17,1448/01/02,15
الخدمات الرقمية,عام,القطاع العام,خدمة إلكترونية,إنهائات المحاكم,2026/06/17,1448/01/02,13
الخدمات الرقمية,عام,القطاع العام,خدمة إلكترونية,البنك السعودي للتسليف والإدخار,2026/06/17,1448/01/02,13
منطقة الرياض,الرياض,القطاع العام,خدمة إلكترونية جزئيا,السيارات,2026/06/17,1448/01/02,13
منطقة القصيم,بريده,القطاع الخاص,خدمة إلكترونية جزئيا,العقارات,2026/06/17,1448/01/02,13
منطقة الشرقية,الدمام,القطاع الخاص,خدمة إلكترونية جزئيا,العقارات,2026/06/17,1448/01/02,12
الخدمات الرقمية,عام,القطاع العام,خدمة إلكترونية,صندوق التنمية الزراعية,2026/06/17,1448/01/02,11
الخدمات الرقمية,كتابة عدل مدمجة - افتراضية,القطاع العام,خدمة إلكترونية جزئيا,شبكة إيجار الإلكترونية,2026/06/17,1448/01/02,11
منطقة الرياض,الرياض,القطاع الخاص,خدمة إلكترونية جزئيا,الشركات,2026/06/17,1448/01/02,11
منطقة الرياض,الرياض,القطاع العام,خدمة إلكترونية جزئيا,إدارة الأحوال المدنية,2026/06/17,1448/01/02,11
منطقة الشرقية,الخبر,القطاع الخاص,خدمة إلكترونية جزئيا,العقارات,2026/06/17,1448/01/02,11
منطقة الشرقية,الدمام,القطاع العام,خدمة إلكترونية جزئيا,المطالبات والمحاكم,2026/06/17,1448/01/02,11
منطقة القصيم,بريده,القطاع الخاص,خدمة إلكترونية جزئيا,وكالة خارج المملكة العربية السعودية فقط,2026/06/17,1448/01/02,11
منطقة الرياض,الدرعيه,القطاع الخاص,خدمة إلكترونية جزئيا,المطالبات والمحاكم,2026/06/17,1448/01/02,10
منطقة مكة المكرمه,جده,القطاع العام,خدمة إلكترونية جزئيا,المطالبات والمحاكم,2026/06/17,1448/01/02,10
الخدمات الرقمية,عام,القطاع العام,خدمة إلكترونية,تصاريح القوارب والصيد,2026/06/17,1448/01/02,9
منطقة الرياض,الرياض,القطاع العام,خدمة إلكترونية جزئيا,شركات الاتصالات,2026/06/17,1448/01/02,9
منطقة الشرقية,حفر الباطن,القطاع الخاص,خدمة إلكترونية جزئيا,المطالبات والمحاكم,2026/06/17,1448/01/02,9
منطقة حائل,حائل,القطاع الخاص,خدمة إلكترونية جزئيا,العقارات,2026/06/17,1448/01/02,9
منطقة حائل,حائل,القطاع الخاص,خدمة إلكترونية جزئيا,المطالبات والمحاكم,2026/06/17,1448/01/02,9
منطقة مكة المكرمه,الطائف,القطاع الخاص,خدمة إلكترونية جزئيا,البنوك والمصارف,2026/06/17,1448/01/02,9
منطقة الشرقية,الاحساء,القطاع الخاص,خدمة إلكترونية جزئيا,العقارات,2026/06/17,1448/01/02,8
منطقة الشرقية,الدمام,القطاع الخاص,خدمة إلكترونية جزئيا,البنوك والمصارف,2026/06/17,1448/01/02,8
منطقة القصيم,البدائع,القطاع الخاص,خدمة إلكترونية جزئيا,المطالبات والمحاكم,2026/06/17,1448/01/02,8
منطقة القصيم,بريده,القطاع العام,خدمة إلكترونية جزئيا,تصديق الوكالات الخارجية,2026/06/17,1448/01/02,8
منطقة جازان,جيزان,القطاع الخاص,خدمة إلكترونية جزئيا,المطالبات والمحاكم,2026/06/17,1448/01/02,8
منطقة مكة المكرمه,الطائف,القطاع الخاص,خدمة إلكترونية جزئيا,العقارات,2026/06/17,1448/01/02,8
الخدمات الرقمية,كتابة عدل مدمجة - افتراضية,القطاع العام,خدمة إلكترونية جزئيا,الأمانات والبلديات,2026/06/17,1448/01/02,7
الخدمات الرقمية,كتابة عدل مدمجة - افتراضية,القطاع العام,خدمة إلكترونية جزئيا,الوزارات الحكومية,2026/06/17,1448/01/02,7
منطقة الرياض,الرياض,القطاع العام,خدمة إلكترونية جزئيا,النكاح,2026/06/17,1448/01/02,7
منطقة القصيم,بريده,القطاع الخاص,خدمة إلكترونية جزئيا,المطالبات والمحاكم,2026/06/17,1448/01/02,7
منطقة القصيم,رياض الخبراء,القطاع الخاص,خدمة إلكترونية جزئيا,السيارات,2026/06/17,1448/01/02,7
منطقة المدينة المنوره,المدينة المنورة,القطاع الخاص,خدمة إلكترونية جزئيا,المطالبات والمحاكم,2026/06/17,1448/01/02,7
منطقة مكة المكرمه,جده,القطاع العام,خدمة إلكترونية جزئيا,البنوك والمصارف,2026/06/17,1448/01/02,7
الخدمات الرقمية,عام,القطاع العام,خدمة إلكترونية,مكافآت الجامعات والمعاهد,2026/06/17,1448/01/02,6
الخدمات الرقمية,كتابة عدل مدمجة - افتراضية,القطاع العام,خدمة إلكترونية جزئيا,الجهات التعليمية,2026/06/17,1448/01/02,6
الخدمات الرقمية,كتابة عدل مدمجة - افتراضية,القطاع العام,خدمة إلكترونية جزئيا,الشركات والمؤسسات الأهلية,2026/06/17,1448/01/02,6
الخدمات الرقمية,كتابة عدل مدمجة - افتراضية,القطاع العام,خدمة إلكترونية جزئيا,الهيئات الحكومية,2026/06/17,1448/01/02,6
منطقة الرياض,الدرعيه,القطاع الخاص,خدمة إلكترونية جزئيا,الوزارات الحكومية,2026/06/17,1448/01/02,6
منطقة الرياض,الرياض,القطاع الخاص,خدمة إلكترونية جزئيا,الأمانات والبلديات,2026/06/17,1448/01/02,6
منطقة الرياض,الرياض,القطاع العام,خدمة إلكترونية جزئيا,الجوازات,2026/06/17,1448/01/02,6
منطقة الشرقية,الدمام,القطاع الخاص,خدمة إلكترونية جزئيا,وكالة خارج المملكة العربية السعودية فقط,2026/06/17,1448/01/02,6
منطقة القصيم,بريده,القطاع العام,خدمة إلكترونية جزئيا,المطالبات والمحاكم,2026/06/17,1448/01/02,6
منطقة عسير,سراة عبيده,القطاع الخاص,خدمة إلكترونية جزئيا,المطالبات والمحاكم,2026/06/17,1448/01/02,6
منطقة مكة المكرمه,جده,القطاع الخاص,خدمة إلكترونية جزئيا,شبكة إيجار الإلكترونية,2026/06/17,1448/01/02,6
الخدمات الرقمية,عام,القطاع العام,خدمة إلكترونية,البريد,2026/06/17,1448/01/02,5
الخدمات الرقمية,كتابة عدل مدمجة - افتراضية,القطاع العام,خدمة إلكترونية جزئيا,الجهات الأمنية,2026/06/17,1448/01/02,5
الخدمات الرقمية,كتابة عدل مدمجة - افتراضية,القطاع العام,خدمة إلكترونية جزئيا,السجلات التجارية,2026/06/17,1448/01/02,5
منطقة الحدود الشمالية,عرعر,القطاع العام,خدمة إلكترونية جزئيا,تصديق الوكالات الخارجية,2026/06/17,1448/01/02,5
منطقة الرياض,الرياض,القطاع الخاص,خدمة إلكترونية جزئيا,الجوازات,2026/06/17,1448/01/02,5
منطقة الرياض,الرياض,القطاع الخاص,خدمة إلكترونية جزئيا,السيارات,2026/06/17,1448/01/02,5
منطقة الشرقية,الدمام,القطاع العام,خدمة إلكترونية جزئيا,العقارات,2026/06/17,1448/01/02,5
منطقة المدينة المنوره,المدينة المنورة,القطاع العام,خدمة إلكترونية جزئيا,تصديق الوكالات الخارجية,2026/06/17,1448/01/02,5
منطقة مكة المكرمه,جده,القطاع الخاص,خدمة إلكترونية جزئيا,الأمانات والبلديات,2026/06/17,1448/01/02,5
منطقة مكة المكرمه,جده,القطاع الخاص,خدمة إلكترونية جزئيا,الهيئات الحكومية,2026/06/17,1448/01/02,5
منطقة مكة المكرمه,جده,القطاع الخاص,خدمة إلكترونية جزئيا,الوزارات الحكومية,2026/06/17,1448/01/02,5
منطقة مكة المكرمه,مكة المكرمة,القطاع الخاص,خدمة إلكترونية جزئيا,الوزارات الحكومية,2026/06/17,1448/01/02,5
منطقة مكة المكرمه,مكة المكرمة,القطاع العام,خدمة إلكترونية جزئيا,تصديق الوكالات الخارجية,2026/06/17,1448/01/02,5
الخدمات الرقمية,كتابة عدل مدمجة - افتراضية,القطاع العام,خدمة إلكترونية جزئيا,المؤسسات الحكومية,2026/06/17,1448/01/02,4
منطقة الحدود الشمالية,عرعر,القطاع الخاص,خدمة إلكترونية جزئيا,العقارات,2026/06/17,1448/01/02,4
منطقة الرياض,الرياض,القطاع الخاص,خدمة إلكترونية جزئيا,الشركات والمؤسسات الأهلية,2026/06/17,1448/01/02,4
منطقة الرياض,الرياض,القطاع الخاص,خدمة إلكترونية جزئيا,الوزارات الحكومية,2026/06/17,1448/01/02,4
منطقة الرياض,الرياض,القطاع الخاص,خدمة إلكترونية جزئيا,شركات الاتصالات,2026/06/17,1448/01/02,4
منطقة الرياض,الرياض,القطاع العام,خدمة إلكترونية جزئيا,السجلات التجارية,2026/06/17,1448/01/02,4
منطقة الرياض,الرياض,القطاع العام,خدمة إلكترونية جزئيا,المؤسسات الحكومية,2026/06/17,1448/01/02,4
منطقة الرياض,الرياض,القطاع العام,خدمة إلكترونية جزئيا,الهيئات الحكومية,2026/06/17,1448/01/02,4
منطقة الرياض,الرياض,القطاع العام,خدمة إلكترونية جزئيا,الوزارات الحكومية,2026/06/17,1448/01/02,4
منطقة الشرقية,الخبر,القطاع الخاص,خدمة إلكترونية جزئيا,السجلات التجارية,2026/06/17,1448/01/02,4
منطقة الشرقية,الدمام,القطاع الخاص,خدمة إلكترونية جزئيا,الوزارات الحكومية,2026/06/17,1448/01/02,4
منطقة الشرقية,الدمام,القطاع العام,خدمة إلكترونية جزئيا,الجوازات,2026/06/17,1448/01/02,4
منطقة الشرقية,القطيف,القطاع الخاص,خدمة إلكترونية جزئيا,السيارات,2026/06/17,1448/01/02,4
منطقة القصيم,البدائع,القطاع الخاص,خدمة إلكترونية جزئيا,العقارات,2026/06/17,1448/01/02,4
منطقة القصيم,بريده,القطاع العام,خدمة إلكترونية جزئيا,البنوك والمصارف,2026/06/17,1448/01/02,4
منطقة القصيم,بريده,القطاع العام,خدمة إلكترونية جزئيا,الجوازات,2026/06/17,1448/01/02,4
منطقة القصيم,عنيزه,القطاع الخاص,خدمة إلكترونية جزئيا,المطالبات والمحاكم,2026/06/17,1448/01/02,4
منطقة جازان,جيزان,القطاع الخاص,خدمة إلكترونية جزئيا,السجلات التجارية,2026/06/17,1448/01/02,4
منطقة حائل,حائل,القطاع الخاص,خدمة إلكترونية جزئيا,السجلات التجارية,2026/06/17,1448/01/02,4
منطقة عسير,ابها,القطاع العام,خدمة إلكترونية جزئيا,تصديق الوكالات الخارجية,2026/06/17,1448/01/02,4
منطقة مكة المكرمه,جده,القطاع الخاص,خدمة إلكترونية جزئيا,الجهات الأمنية,2026/06/17,1448/01/02,4
منطقة مكة المكرمه,جده,القطاع الخاص,خدمة إلكترونية جزئيا,الشركات,2026/06/17,1448/01/02,4
منطقة مكة المكرمه,مكة المكرمة,القطاع الخاص,خدمة إلكترونية جزئيا,الجهات الأمنية,2026/06/17,1448/01/02,4
منطقة مكة المكرمه,مكة المكرمة,القطاع الخاص,خدمة إلكترونية جزئيا,السيارات,2026/06/17,1448/01/02,4
منطقة مكة المكرمه,مكة المكرمة,القطاع العام,خدمة إلكترونية جزئيا,المطالبات والمحاكم,2026/06/17,1448/01/02,4
منطقة نجران,نجران,القطاع الخاص,خدمة إلكترونية جزئيا,العقارات,2026/06/17,1448/01/02,4
منطقة نجران,نجران,القطاع الخاص,خدمة إلكترونية جزئيا,المطالبات والمحاكم,2026/06/17,1448/01/02,4
الخدمات الرقمية,عام,القطاع العام,خدمة إلكترونية,استقدام العمالة,2026/06/17,1448/01/02,3
الخدمات الرقمية,عام,القطاع العام,خدمة إلكترونية جزئيا,البنوك والمصارف,2026/06/17,1448/01/02,3
الخدمات الرقمية,كتابة عدل مدمجة - افتراضية,القطاع العام,خدمة إلكترونية جزئيا,إدارة الأحوال المدنية,2026/06/17,1448/01/02,3
الخدمات الرقمية,كتابة عدل مدمجة - افتراضية,القطاع العام,خدمة إلكترونية جزئيا,الجوازات,2026/06/17,1448/01/02,3
الخدمات الرقمية,كتابة عدل مدمجة - افتراضية,القطاع العام,خدمة إلكترونية جزئيا,الشركات,2026/06/17,1448/01/02,3
الخدمات الرقمية,كتابة عدل مدمجة - افتراضية,القطاع العام,خدمة إلكترونية جزئيا,النكاح,2026/06/17,1448/01/02,3
منطقة الحدود الشمالية,عرعر,القطاع الخاص,خدمة إلكترونية جزئيا,المطالبات والمحاكم,2026/06/17,1448/01/02,3
منطقة الرياض,الخرج,القطاع الخاص,خدمة إلكترونية جزئيا,وزارة الموارد البشرية والتنمية الاجتماعية,2026/06/17,1448/01/02,3
منطقة الرياض,الدرعيه,القطاع الخاص,خدمة إلكترونية جزئيا,الشركات,2026/06/17,1448/01/02,3
منطقة الرياض,الرياض,القطاع الخاص,خدمة إلكترونية جزئيا,الجهات الأمنية,2026/06/17,1448/01/02,3
منطقة الرياض,الرياض,القطاع الخاص,خدمة إلكترونية جزئيا,الهيئات الحكومية,2026/06/17,1448/01/02,3
منطقة الرياض,الرياض,القطاع العام,خدمة إلكترونية جزئيا,الشركات والمؤسسات الأهلية,2026/06/17,1448/01/02,3
منطقة الرياض,الرياض,القطاع العام,خدمة إلكترونية جزئيا,الضمان والشؤون الاجتماعية,2026/06/17,1448/01/02,3
منطقة الرياض,عرقه,القطاع الخاص,خدمة إلكترونية جزئيا,المطالبات والمحاكم,2026/06/17,1448/01/02,3
منطقة الرياض,عفيف,القطاع الخاص,خدمة إلكترونية جزئيا,المطالبات والمحاكم,2026/06/17,1448/01/02,3
منطقة الشرقية,الاحساء,القطاع الخاص,خدمة إلكترونية جزئيا,السيارات,2026/06/17,1448/01/02,3
منطقة الشرقية,الاحساء,القطاع الخاص,خدمة إلكترونية جزئيا,المطالبات والمحاكم,2026/06/17,1448/01/02,3
منطقة الشرقية,الدمام,القطاع الخاص,خدمة إلكترونية جزئيا,السجلات التجارية,2026/06/17,1448/01/02,3
منطقة الشرقية,الدمام,القطاع الخاص,خدمة إلكترونية جزئيا,الهيئات الحكومية,2026/06/17,1448/01/02,3
منطقة الشرقية,الدمام,القطاع العام,خدمة إلكترونية جزئيا,الوزارات الحكومية,2026/06/17,1448/01/02,3
منطقة الشرقية,القطيف,القطاع الخاص,خدمة إلكترونية جزئيا,المطالبات والمحاكم,2026/06/17,1448/01/02,3
منطقة الشرقية,حفر الباطن,القطاع الخاص,خدمة إلكترونية جزئيا,البنوك والمصارف,2026/06/17,1448/01/02,3
منطقة الشرقية,حفر الباطن,القطاع الخاص,خدمة إلكترونية جزئيا,السجلات التجارية,2026/06/17,1448/01/02,3
منطقة القصيم,المذنب,القطاع الخاص,خدمة إلكترونية جزئيا,المطالبات والمحاكم,2026/06/17,1448/01/02,3
منطقة القصيم,بريده,القطاع العام,خدمة إلكترونية جزئيا,الجهات الأمنية,2026/06/17,1448/01/02,3
منطقة القصيم,بريده,القطاع العام,خدمة إلكترونية جزئيا,العقارات,2026/06/17,1448/01/02,3
منطقة عسير,ابها,القطاع الخاص,خدمة إلكترونية جزئيا,العقارات,2026/06/17,1448/01/02,3
منطقة عسير,بيشه,القطاع الخاص,خدمة إلكترونية جزئيا,المطالبات والمحاكم,2026/06/17,1448/01/02,3
منطقة عسير,خميس مشيط,القطاع الخاص,خدمة إلكترونية جزئيا,العقارات,2026/06/17,1448/01/02,3
منطقة مكة المكرمه,جده,القطاع الخاص,خدمة إلكترونية جزئيا,الشركات والمؤسسات الأهلية,2026/06/17,1448/01/02,3
منطقة مكة المكرمه,جده,القطاع الخاص,خدمة إلكترونية جزئيا,المنح الزراعية,2026/06/17,1448/01/02,3
منطقة مكة المكرمه,جده,القطاع الخاص,خدمة إلكترونية جزئيا,صندوق التنمية العقارية,2026/06/17,1448/01/02,3
منطقة مكة المكرمه,جده,القطاع الخاص,خدمة إلكترونية جزئيا,وزارة الموارد البشرية والتنمية الاجتماعية,2026/06/17,1448/01/02,3
منطقة مكة المكرمه,جده,القطاع العام,خدمة إلكترونية جزئيا,العقارات,2026/06/17,1448/01/02,3
منطقة مكة المكرمه,مكة المكرمة,القطاع الخاص,خدمة إلكترونية جزئيا,وزارة الموارد البشرية والتنمية الاجتماعية,2026/06/17,1448/01/02,3
الخدمات الرقمية,عام,القطاع العام,خدمة إلكترونية,التراخيص الصناعية,2026/06/17,1448/01/02,2
الخدمات الرقمية,عام,القطاع العام,خدمة إلكترونية,صندوق التنمية الصناعية,2026/06/17,1448/01/02,2
الخدمات الرقمية,عام,القطاع العام,خدمة إلكترونية جزئيا,الجهات الأمنية,2026/06/17,1448/01/02,2
الخدمات الرقمية,عام,القطاع العام,خدمة إلكترونية جزئيا,العقارات,2026/06/17,1448/01/02,2
الخدمات الرقمية,كتابة عدل مدمجة - افتراضية,القطاع العام,خدمة إلكترونية جزئيا,إنهائات المحاكم,2026/06/17,1448/01/02,2
الخدمات الرقمية,كتابة عدل مدمجة - افتراضية,القطاع العام,خدمة إلكترونية جزئيا,الضمان والشؤون الاجتماعية,2026/06/17,1448/01/02,2
الخدمات الرقمية,كتابة عدل مدمجة - افتراضية,القطاع العام,خدمة إلكترونية جزئيا,المرور,2026/06/17,1448/01/02,2
الخدمات الرقمية,كتابة عدل مدمجة - افتراضية,القطاع العام,خدمة إلكترونية جزئيا,شركات الاتصالات,2026/06/17,1448/01/02,2
الخدمات الرقمية,كتابة عدل مدمجة - افتراضية,القطاع العام,خدمة إلكترونية جزئيا,شركة المياه,2026/06/17,1448/01/02,2
منطقة الرياض,الدلم,القطاع الخاص,خدمة إلكترونية جزئيا,العقارات,2026/06/17,1448/01/02,2
منطقة الرياض,الدوادمي,القطاع الخاص,خدمة إلكترونية جزئيا,المطالبات والمحاكم,2026/06/17,1448/01/02,2
منطقة الرياض,الرياض,القطاع الخاص,خدمة إلكترونية جزئيا,التعويضات والمساعدات,2026/06/17,1448/01/02,2
منطقة الرياض,الرياض,القطاع الخاص,خدمة إلكترونية جزئيا,المؤسسات الحكومية,2026/06/17,1448/01/02,2
منطقة الرياض,الرياض,القطاع الخاص,خدمة إلكترونية جزئيا,المرور,2026/06/17,1448/01/02,2
منطقة الرياض,الرياض,القطاع الخاص,خدمة إلكترونية جزئيا,شركة الكهرباء,2026/06/17,1448/01/02,2
منطقة الرياض,الرياض,القطاع العام,خدمة إلكترونية جزئيا,شبكة إيجار الإلكترونية,2026/06/17,1448/01/02,2
منطقة الشرقية,ابقيق,القطاع الخاص,خدمة إلكترونية جزئيا,الهيئات الحكومية,2026/06/17,1448/01/02,2
منطقة الشرقية,الدمام,القطاع الخاص,خدمة إلكترونية جزئيا,المرور,2026/06/17,1448/01/02,2
منطقة الشرقية,الدمام,القطاع الخاص,خدمة إلكترونية جزئيا,شبكة إيجار الإلكترونية,2026/06/17,1448/01/02,2
منطقة الشرقية,الدمام,القطاع العام,خدمة إلكترونية جزئيا,النكاح,2026/06/17,1448/01/02,2
منطقة القصيم,البدائع,القطاع الخاص,خدمة إلكترونية جزئيا,وكالة خارج المملكة العربية السعودية فقط,2026/06/17,1448/01/02,2
منطقة القصيم,البكيريه,القطاع الخاص,خدمة إلكترونية جزئيا,المطالبات والمحاكم,2026/06/17,1448/01/02,2
منطقة القصيم,بريده,القطاع الخاص,خدمة إلكترونية جزئيا,البنوك والمصارف,2026/06/17,1448/01/02,2
منطقة القصيم,بريده,القطاع العام,خدمة إلكترونية جزئيا,السجلات التجارية,2026/06/17,1448/01/02,2
منطقة المدينة المنوره,المدينة المنورة,القطاع الخاص,خدمة إلكترونية جزئيا,الشركات,2026/06/17,1448/01/02,2
منطقة المدينة المنوره,المدينة المنورة,القطاع العام,خدمة إلكترونية جزئيا,المطالبات والمحاكم,2026/06/17,1448/01/02,2
منطقة المدينة المنوره,المهد,القطاع الخاص,خدمة إلكترونية جزئيا,العقارات,2026/06/17,1448/01/02,2
منطقة المدينة المنوره,ينبع,القطاع الخاص,خدمة إلكترونية جزئيا,المطالبات والمحاكم,2026/06/17,1448/01/02,2
منطقة تبوك,تبوك,القطاع الخاص,خدمة إلكترونية جزئيا,العقارات,2026/06/17,1448/01/02,2
منطقة جازان,الدائر,القطاع الخاص,خدمة إلكترونية جزئيا,المطالبات والمحاكم,2026/06/17,1448/01/02,2
منطقة جازان,جيزان,القطاع الخاص,خدمة إلكترونية جزئيا,العقارات,2026/06/17,1448/01/02,2
منطقة عسير,المجارده,القطاع الخاص,خدمة إلكترونية جزئيا,الوزارات الحكومية,2026/06/17,1448/01/02,2
منطقة عسير,خميس مشيط,القطاع الخاص,خدمة إلكترونية جزئيا,المطالبات والمحاكم,2026/06/17,1448/01/02,2
منطقة مكة المكرمه,جده,القطاع الخاص,خدمة إلكترونية جزئيا,النكاح,2026/06/17,1448/01/02,2
منطقة مكة المكرمه,جده,القطاع العام,خدمة إلكترونية جزئيا,الجهات الأمنية,2026/06/17,1448/01/02,2
منطقة مكة المكرمه,جده,القطاع العام,خدمة إلكترونية جزئيا,الجوازات,2026/06/17,1448/01/02,2
منطقة مكة المكرمه,جده,القطاع العام,خدمة إلكترونية جزئيا,النكاح,2026/06/17,1448/01/02,2
منطقة مكة المكرمه,مكة المكرمة,القطاع الخاص,خدمة إلكترونية جزئيا,الرواتب والمستحقات,2026/06/17,1448/01/02,2
منطقة مكة المكرمه,مكة المكرمة,القطاع الخاص,خدمة إلكترونية جزئيا,السجلات التجارية,2026/06/17,1448/01/02,2
منطقة مكة المكرمه,مكة المكرمة,القطاع الخاص,خدمة إلكترونية جزئيا,شبكة إيجار الإلكترونية,2026/06/17,1448/01/02,2
منطقة مكة المكرمه,مكة المكرمة,القطاع العام,خدمة إلكترونية جزئيا,العقارات,2026/06/17,1448/01/02,2
منطقة نجران,نجران,القطاع العام,خدمة إلكترونية جزئيا,تصديق الوكالات الخارجية,2026/06/17,1448/01/02,2
الخدمات الرقمية,عام,القطاع العام,خدمة إلكترونية,أذونات المحاكم,2026/06/17,1448/01/02,1
الخدمات الرقمية,عام,القطاع العام,خدمة إلكترونية,الرئاسات الحكومية,2026/06/17,1448/01/02,1
الخدمات الرقمية,عام,القطاع العام,خدمة إلكترونية,صندوق تنمية الموارد البشرية,2026/06/17,1448/01/02,1
الخدمات الرقمية,عام,القطاع العام,خدمة إلكترونية جزئيا,الشركات والمؤسسات الأهلية,2026/06/17,1448/01/02,1
الخدمات الرقمية,عام,القطاع العام,خدمة إلكترونية جزئيا,وزارة الموارد البشرية والتنمية الاجتماعية,2026/06/17,1448/01/02,1
الخدمات الرقمية,كتابة عدل مدمجة - افتراضية,القطاع العام,خدمة إلكترونية جزئيا,الرواتب والمستحقات,2026/06/17,1448/01/02,1
الخدمات الرقمية,كتابة عدل مدمجة - افتراضية,القطاع العام,خدمة إلكترونية جزئيا,شركة الكهرباء,2026/06/17,1448/01/02,1
الخدمات الرقمية,كتابة عدل مدمجة - افتراضية,القطاع العام,خدمة إلكترونية جزئيا,صندوق التنمية العقارية,2026/06/17,1448/01/02,1
الخدمات الرقمية,كتابة عدل مدمجة - افتراضية,القطاع العام,خدمة إلكترونية جزئيا,صندوق تنمية الموارد البشرية,2026/06/17,1448/01/02,1
الخدمات الرقمية,كتابة عدل مدمجة - افتراضية,القطاع العام,خدمة إلكترونية جزئيا,مكتب الإستقدام,2026/06/17,1448/01/02,1
منطقة الجوف,سكاكا,القطاع الخاص,خدمة إلكترونية جزئيا,الجوازات,2026/06/17,1448/01/02,1
منطقة الجوف,سكاكا,القطاع الخاص,خدمة إلكترونية جزئيا,المطالبات والمحاكم,2026/06/17,1448/01/02,1
منطقة الجوف,سكاكا,القطاع العام,خدمة إلكترونية جزئيا,تصديق الوكالات الخارجية,2026/06/17,1448/01/02,1
منطقة الحدود الشمالية,عرعر,القطاع الخاص,خدمة إلكترونية جزئيا,البنوك والمصارف,2026/06/17,1448/01/02,1
منطقة الرياض,الخرج,القطاع الخاص,خدمة إلكترونية جزئيا,المطالبات والمحاكم,2026/06/17,1448/01/02,1
منطقة الرياض,الرياض,القطاع الخاص,خدمة إلكترونية جزئيا,الرواتب والمستحقات,2026/06/17,1448/01/02,1
منطقة الرياض,الرياض,القطاع الخاص,خدمة إلكترونية جزئيا,وزارة الموارد البشرية والتنمية الاجتماعية,2026/06/17,1448/01/02,1
منطقة الرياض,الرياض,القطاع العام,خدمة إلكترونية جزئيا,الأمانات والبلديات,2026/06/17,1448/01/02,1
منطقة الرياض,الرياض,القطاع العام,خدمة إلكترونية جزئيا,التعويضات والمساعدات,2026/06/17,1448/01/02,1
منطقة الرياض,الرياض,القطاع العام,خدمة إلكترونية جزئيا,الجهات التعليمية,2026/06/17,1448/01/02,1
منطقة الرياض,الرياض,القطاع العام,خدمة إلكترونية جزئيا,الرئاسات الحكومية,2026/06/17,1448/01/02,1
منطقة الرياض,الرياض,القطاع العام,خدمة إلكترونية جزئيا,الرواتب والمستحقات,2026/06/17,1448/01/02,1
منطقة الرياض,الرياض,القطاع العام,خدمة إلكترونية جزئيا,المرور,2026/06/17,1448/01/02,1
منطقة الرياض,الرياض,القطاع العام,خدمة إلكترونية جزئيا,المنح السكنية,2026/06/17,1448/01/02,1
منطقة الرياض,الرياض,القطاع العام,خدمة إلكترونية جزئيا,شركة الكهرباء,2026/06/17,1448/01/02,1
منطقة الرياض,الرياض,القطاع العام,خدمة إلكترونية جزئيا,وزارة الموارد البشرية والتنمية الاجتماعية,2026/06/17,1448/01/02,1
منطقة الرياض,الرياض,القطاع العام,خدمة إلكترونية جزئيا,وكالة خارج المملكة العربية السعودية فقط,2026/06/17,1448/01/02,1
منطقة الرياض,الزلفي,القطاع الخاص,خدمة إلكترونية جزئيا,المطالبات والمحاكم,2026/06/17,1448/01/02,1
منطقة الشرقية,الاحساء,القطاع الخاص,خدمة إلكترونية جزئيا,السجلات التجارية,2026/06/17,1448/01/02,1
منطقة الشرقية,الاحساء,القطاع العام,خدمة إلكترونية جزئيا,الشركات والمؤسسات الأهلية,2026/06/17,1448/01/02,1
منطقة الشرقية,الجبيل,القطاع الخاص,خدمة إلكترونية جزئيا,المطالبات والمحاكم,2026/06/17,1448/01/02,1
منطقة الشرقية,الخبر,القطاع الخاص,خدمة إلكترونية جزئيا,السيارات,2026/06/17,1448/01/02,1
منطقة الشرقية,الخبر,القطاع الخاص,خدمة إلكترونية جزئيا,شبكة إيجار الإلكترونية,2026/06/17,1448/01/02,1
منطقة الشرقية,الدمام,القطاع الخاص,خدمة إلكترونية جزئيا,الأمانات والبلديات,2026/06/17,1448/01/02,1
منطقة الشرقية,الدمام,القطاع الخاص,خدمة إلكترونية جزئيا,المؤسسات الحكومية,2026/06/17,1448/01/02,1
منطقة الشرقية,الدمام,القطاع العام,خدمة إلكترونية جزئيا,السجلات التجارية,2026/06/17,1448/01/02,1
منطقة الشرقية,الدمام,القطاع العام,خدمة إلكترونية جزئيا,السيارات,2026/06/17,1448/01/02,1
منطقة الشرقية,الدمام,القطاع العام,خدمة إلكترونية جزئيا,المرور,2026/06/17,1448/01/02,1
منطقة الشرقية,الدمام,القطاع العام,خدمة إلكترونية جزئيا,شبكة إيجار الإلكترونية,2026/06/17,1448/01/02,1
منطقة الشرقية,حفر الباطن,القطاع الخاص,خدمة إلكترونية جزئيا,العقارات,2026/06/17,1448/01/02,1
منطقة الشرقية,رأس تنوره,القطاع الخاص,خدمة إلكترونية جزئيا,البنك السعودي للتسليف والإدخار,2026/06/17,1448/01/02,1
منطقة القصيم,بريده,القطاع الخاص,خدمة إلكترونية جزئيا,السجلات التجارية,2026/06/17,1448/01/02,1
منطقة القصيم,بريده,القطاع الخاص,خدمة إلكترونية جزئيا,السيارات,2026/06/17,1448/01/02,1
منطقة القصيم,بريده,القطاع الخاص,خدمة إلكترونية جزئيا,المرور,2026/06/17,1448/01/02,1
منطقة القصيم,بريده,القطاع العام,خدمة إلكترونية جزئيا,إنهائات المحاكم,2026/06/17,1448/01/02,1
منطقة القصيم,بريده,القطاع العام,خدمة إلكترونية جزئيا,الأمانات والبلديات,2026/06/17,1448/01/02,1
منطقة القصيم,بريده,القطاع العام,خدمة إلكترونية جزئيا,السيارات,2026/06/17,1448/01/02,1
منطقة القصيم,بريده,القطاع العام,خدمة إلكترونية جزئيا,النكاح,2026/06/17,1448/01/02,1
منطقة القصيم,عنيزه,القطاع الخاص,خدمة إلكترونية جزئيا,العقارات,2026/06/17,1448/01/02,1
منطقة القصيم,عنيزه,القطاع الخاص,خدمة إلكترونية جزئيا,الهيئات الحكومية,2026/06/17,1448/01/02,1
منطقة المدينة المنوره,المدينة المنورة,القطاع الخاص,خدمة إلكترونية جزئيا,البنوك والمصارف,2026/06/17,1448/01/02,1
منطقة المدينة المنوره,المدينة المنورة,القطاع الخاص,خدمة إلكترونية جزئيا,الجهات الأمنية,2026/06/17,1448/01/02,1
منطقة المدينة المنوره,المدينة المنورة,القطاع الخاص,خدمة إلكترونية جزئيا,السيارات,2026/06/17,1448/01/02,1
منطقة المدينة المنوره,المدينة المنورة,القطاع الخاص,خدمة إلكترونية جزئيا,العقارات,2026/06/17,1448/01/02,1
منطقة المدينة المنوره,المدينة المنورة,القطاع الخاص,خدمة إلكترونية جزئيا,الهيئات الحكومية,2026/06/17,1448/01/02,1
منطقة المدينة المنوره,المدينة المنورة,القطاع الخاص,خدمة إلكترونية جزئيا,شركة الكهرباء,2026/06/17,1448/01/02,1
منطقة المدينة المنوره,المدينة المنورة,القطاع الخاص,خدمة إلكترونية جزئيا,وكالة خارج المملكة العربية السعودية فقط,2026/06/17,1448/01/02,1
منطقة المدينة المنوره,المدينة المنورة,القطاع العام,خدمة إلكترونية جزئيا,السجلات التجارية,2026/06/17,1448/01/02,1
منطقة المدينة المنوره,المدينة المنورة,القطاع العام,خدمة إلكترونية جزئيا,وكالة خارج المملكة العربية السعودية فقط,2026/06/17,1448/01/02,1
منطقة المدينة المنوره,ينبع,القطاع العام,خدمة إلكترونية جزئيا,البنوك والمصارف,2026/06/17,1448/01/02,1
منطقة تبوك,تبوك,القطاع الخاص,خدمة إلكترونية جزئيا,إنهائات المحاكم,2026/06/17,1448/01/02,1
منطقة جازان,ابو عريش,القطاع الخاص,خدمة إلكترونية جزئيا,العقارات,2026/06/17,1448/01/02,1
منطقة جازان,جيزان,القطاع العام,خدمة إلكترونية جزئيا,البنوك والمصارف,2026/06/17,1448/01/02,1
منطقة جازان,جيزان,القطاع العام,خدمة إلكترونية جزئيا,السجلات التجارية,2026/06/17,1448/01/02,1
منطقة جازان,جيزان,القطاع العام,خدمة إلكترونية جزئيا,العقارات,2026/06/17,1448/01/02,1
منطقة جازان,جيزان,القطاع العام,خدمة إلكترونية جزئيا,تصديق الوكالات الخارجية,2026/06/17,1448/01/02,1
منطقة جازان,صبياء,القطاع الخاص,خدمة إلكترونية جزئيا,المطالبات والمحاكم,2026/06/17,1448/01/02,1
منطقة حائل,حائل,القطاع العام,خدمة إلكترونية جزئيا,المطالبات والمحاكم,2026/06/17,1448/01/02,1
منطقة حائل,حائل,القطاع العام,خدمة إلكترونية جزئيا,تصديق الوكالات الخارجية,2026/06/17,1448/01/02,1
منطقة عسير,ابها,القطاع الخاص,خدمة إلكترونية جزئيا,المطالبات والمحاكم,2026/06/17,1448/01/02,1
منطقة عسير,ابها,القطاع الخاص,خدمة إلكترونية جزئيا,شبكة إيجار الإلكترونية,2026/06/17,1448/01/02,1
منطقة عسير,المجارده,القطاع الخاص,خدمة إلكترونية جزئيا,البنوك والمصارف,2026/06/17,1448/01/02,1
منطقة عسير,بيشه,القطاع الخاص,خدمة إلكترونية جزئيا,البنوك والمصارف,2026/06/17,1448/01/02,1
منطقة عسير,خميس مشيط,القطاع العام,خدمة إلكترونية جزئيا,الرواتب والمستحقات,2026/06/17,1448/01/02,1
منطقة عسير,سراة عبيده,القطاع الخاص,خدمة إلكترونية جزئيا,العقارات,2026/06/17,1448/01/02,1
منطقة مكة المكرمه,الجموم,القطاع الخاص,خدمة إلكترونية جزئيا,العقارات,2026/06/17,1448/01/02,1
منطقة مكة المكرمه,الخرمه,القطاع الخاص,خدمة إلكترونية جزئيا,المطالبات والمحاكم,2026/06/17,1448/01/02,1
منطقة مكة المكرمه,الطائف,القطاع الخاص,خدمة إلكترونية جزئيا,السيارات,2026/06/17,1448/01/02,1
منطقة مكة المكرمه,جده,القطاع الخاص,خدمة إلكترونية جزئيا,شركة المياه,2026/06/17,1448/01/02,1
منطقة مكة المكرمه,جده,القطاع العام,خدمة إلكترونية جزئيا,الجهات التعليمية,2026/06/17,1448/01/02,1
منطقة مكة المكرمه,جده,القطاع العام,خدمة إلكترونية جزئيا,شركات الاتصالات,2026/06/17,1448/01/02,1
منطقة مكة المكرمه,جده,القطاع العام,خدمة إلكترونية جزئيا,صندوق التنمية العقارية,2026/06/17,1448/01/02,1
منطقة مكة المكرمه,جده,القطاع العام,خدمة إلكترونية جزئيا,وكالة خارج المملكة العربية السعودية فقط,2026/06/17,1448/01/02,1
منطقة مكة المكرمه,مكة المكرمة,القطاع الخاص,خدمة إلكترونية جزئيا,الأمانات والبلديات,2026/06/17,1448/01/02,1
منطقة مكة المكرمه,مكة المكرمة,القطاع الخاص,خدمة إلكترونية جزئيا,الشركات,2026/06/17,1448/01/02,1
منطقة مكة المكرمه,مكة المكرمة,القطاع الخاص,خدمة إلكترونية جزئيا,المرور,2026/06/17,1448/01/02,1
منطقة مكة المكرمه,مكة المكرمة,القطاع العام,خدمة إلكترونية جزئيا,الشركات,2026/06/17,1448/01/02,1
منطقة مكة المكرمه,مكة المكرمة,القطاع العام,خدمة إلكترونية جزئيا,الوزارات الحكومية,2026/06/17,1448/01/02,1
الخدمات الرقمية,عام,القطاع العام,خدمة إلكترونية,المطالبات والمحاكم,2026/06/18,1448/01/03,"3,736"
الخدمات الرقمية,عام,القطاع العام,خدمة إلكترونية,العقارات,2026/06/18,1448/01/03,"2,468"
الخدمات الرقمية,عام,القطاع العام,خدمة إلكترونية,السيارات,2026/06/18,1448/01/03,"1,348"
الخدمات الرقمية,عام,القطاع العام,خدمة إلكترونية,البنوك والمصارف,2026/06/18,1448/01/03,"1,323"
الخدمات الرقمية,عام,القطاع العام,خدمة إلكترونية,الجوازات,2026/06/18,1448/01/03,"1,173"
الخدمات الرقمية,عام,القطاع العام,خدمة إلكترونية,الوزارات الحكومية,2026/06/18,1448/01/03,571
الخدمات الرقمية,عام,القطاع العام,خدمة إلكترونية,الشركات والمؤسسات الأهلية,2026/06/18,1448/01/03,365
الخدمات الرقمية,عام,القطاع العام,خدمة إلكترونية,المرور,2026/06/18,1448/01/03,356
الخدمات الرقمية,عام,القطاع العام,خدمة إلكترونية,السجلات التجارية,2026/06/18,1448/01/03,350
الخدمات الرقمية,عام,القطاع العام,خدمة إلكترونية,الجهات الأمنية,2026/06/18,1448/01/03,290
الخدمات الرقمية,عام,القطاع العام,خدمة إلكترونية,وكالة خارج المملكة العربية السعودية فقط,2026/06/18,1448/01/03,264
منطقة الرياض,الرياض,القطاع الخاص,خدمة إلكترونية جزئيا,المطالبات والمحاكم,2026/06/18,1448/01/03,256
الخدمات الرقمية,عام,القطاع العام,خدمة إلكترونية,الرواتب والمستحقات,2026/06/18,1448/01/03,222
الخدمات الرقمية,عام,القطاع العام,خدمة إلكترونية,الأمانات والبلديات,2026/06/18,1448/01/03,217
الخدمات الرقمية,عام,القطاع العام,خدمة إلكترونية,إدارة الأحوال المدنية,2026/06/18,1448/01/03,212
منطقة الرياض,الرياض,القطاع الخاص,خدمة إلكترونية جزئيا,العقارات,2026/06/18,1448/01/03,202
الخدمات الرقمية,عام,القطاع العام,خدمة إلكترونية,الجهات التعليمية,2026/06/18,1448/01/03,167
الخدمات الرقمية,عام,القطاع العام,خدمة إلكترونية,وزارة الموارد البشرية والتنمية الاجتماعية,2026/06/18,1448/01/03,161
الخدمات الرقمية,كتابة عدل مدمجة - افتراضية,القطاع العام,خدمة إلكترونية جزئيا,المطالبات والمحاكم,2026/06/18,1448/01/03,159
منطقة الرياض,الرياض,القطاع العام,خدمة إلكترونية جزئيا,المطالبات والمحاكم,2026/06/18,1448/01/03,157
الخدمات الرقمية,عام,القطاع العام,خدمة إلكترونية,شركات الاتصالات,2026/06/18,1448/01/03,153
منطقة مكة المكرمه,جده,القطاع الخاص,خدمة إلكترونية جزئيا,المطالبات والمحاكم,2026/06/18,1448/01/03,131
الخدمات الرقمية,عام,القطاع العام,خدمة إلكترونية,طلب الخدمات,2026/06/18,1448/01/03,128
الخدمات الرقمية,عام,القطاع العام,خدمة إلكترونية,الهيئات الحكومية,2026/06/18,1448/01/03,114
منطقة مكة المكرمه,جده,القطاع الخاص,خدمة إلكترونية جزئيا,العقارات,2026/06/18,1448/01/03,107
الخدمات الرقمية,عام,القطاع العام,خدمة إلكترونية,الشركات,2026/06/18,1448/01/03,90
الخدمات الرقمية,عام,القطاع العام,خدمة إلكترونية,مكتب الإستقدام,2026/06/18,1448/01/03,84
الخدمات الرقمية,عام,القطاع العام,خدمة إلكترونية,شبكة إيجار الإلكترونية,2026/06/18,1448/01/03,82
منطقة الرياض,الرياض,القطاع العام,خدمة إلكترونية جزئيا,تصديق الوكالات الخارجية,2026/06/18,1448/01/03,77
الخدمات الرقمية,عام,القطاع العام,خدمة إلكترونية,النكاح,2026/06/18,1448/01/03,66
الخدمات الرقمية,عام,القطاع العام,خدمة إلكترونية,شركة الكهرباء,2026/06/18,1448/01/03,63
الخدمات الرقمية,كتابة عدل مدمجة - افتراضية,القطاع العام,خدمة إلكترونية جزئيا,البنوك والمصارف,2026/06/18,1448/01/03,62
الخدمات الرقمية,كتابة عدل مدمجة - افتراضية,القطاع العام,خدمة إلكترونية جزئيا,العقارات,2026/06/18,1448/01/03,62
منطقة تبوك,تبوك,القطاع الخاص,خدمة إلكترونية جزئيا,المطالبات والمحاكم,2026/06/18,1448/01/03,56
الخدمات الرقمية,عام,القطاع العام,خدمة إلكترونية,التعويضات والمساعدات,2026/06/18,1448/01/03,55
منطقة مكة المكرمه,مكة المكرمة,القطاع الخاص,خدمة إلكترونية جزئيا,المطالبات والمحاكم,2026/06/18,1448/01/03,53
منطقة الرياض,الرياض,القطاع الخاص,خدمة إلكترونية جزئيا,وكالة خارج المملكة العربية السعودية فقط,2026/06/18,1448/01/03,52
الخدمات الرقمية,عام,القطاع العام,خدمة إلكترونية,المنح الزراعية,2026/06/18,1448/01/03,42
الخدمات الرقمية,عام,القطاع العام,خدمة إلكترونية,المؤسسات الحكومية,2026/06/18,1448/01/03,40
الخدمات الرقمية,عام,القطاع العام,خدمة إلكترونية,صندوق التنمية العقارية,2026/06/18,1448/01/03,39
الخدمات الرقمية,عام,القطاع العام,خدمة إلكترونية,هيئة الزكاة والضريبة والجمارك,2026/06/18,1448/01/03,38
منطقة الرياض,الرياض,القطاع العام,خدمة إلكترونية جزئيا,البنوك والمصارف,2026/06/18,1448/01/03,37
منطقة الشرقية,الدمام,القطاع الخاص,خدمة إلكترونية جزئيا,وكالة خارج المملكة العربية السعودية فقط,2026/06/18,1448/01/03,36
الخدمات الرقمية,عام,القطاع العام,خدمة إلكترونية,شركة المياه,2026/06/18,1448/01/03,34
منطقة مكة المكرمه,جده,القطاع الخاص,خدمة إلكترونية جزئيا,السجلات التجارية,2026/06/18,1448/01/03,34
منطقة الرياض,الرياض,القطاع الخاص,خدمة إلكترونية جزئيا,البنوك والمصارف,2026/06/18,1448/01/03,32
الخدمات الرقمية,عام,القطاع العام,خدمة إلكترونية,العوائد السنوية,2026/06/18,1448/01/03,31
منطقة الرياض,الرياض,القطاع العام,خدمة إلكترونية جزئيا,الجهات الأمنية,2026/06/18,1448/01/03,31
منطقة مكة المكرمه,جده,القطاع العام,خدمة إلكترونية جزئيا,تصديق الوكالات الخارجية,2026/06/18,1448/01/03,30
منطقة الرياض,الرياض,القطاع الخاص,خدمة إلكترونية جزئيا,السجلات التجارية,2026/06/18,1448/01/03,29
منطقة مكة المكرمه,جده,القطاع الخاص,خدمة إلكترونية جزئيا,وكالة خارج المملكة العربية السعودية فقط,2026/06/18,1448/01/03,29
منطقة مكة المكرمه,مكة المكرمة,القطاع الخاص,خدمة إلكترونية جزئيا,العقارات,2026/06/18,1448/01/03,29
الخدمات الرقمية,عام,القطاع العام,خدمة إلكترونية,إثباتات المحاكم,2026/06/18,1448/01/03,24
منطقة المدينة المنوره,المدينة المنورة,القطاع الخاص,خدمة إلكترونية جزئيا,المطالبات والمحاكم,2026/06/18,1448/01/03,24
الخدمات الرقمية,عام,القطاع العام,خدمة إلكترونية,المنح السكنية,2026/06/18,1448/01/03,23
منطقة جازان,جيزان,القطاع الخاص,خدمة إلكترونية جزئيا,المطالبات والمحاكم,2026/06/18,1448/01/03,22
منطقة الشرقية,الدمام,القطاع العام,خدمة إلكترونية جزئيا,تصديق الوكالات الخارجية,2026/06/18,1448/01/03,21
الخدمات الرقمية,كتابة عدل مدمجة - افتراضية,القطاع العام,خدمة إلكترونية جزئيا,الوزارات الحكومية,2026/06/18,1448/01/03,20
منطقة مكة المكرمه,جده,القطاع الخاص,خدمة إلكترونية جزئيا,الشركات,2026/06/18,1448/01/03,20
منطقة مكة المكرمه,الطائف,القطاع الخاص,خدمة إلكترونية جزئيا,العقارات,2026/06/18,1448/01/03,18
الخدمات الرقمية,عام,القطاع العام,خدمة إلكترونية,صندوق التنمية الزراعية,2026/06/18,1448/01/03,16
الخدمات الرقمية,عام,القطاع العام,خدمة إلكترونية,الحالات الاجتماعية,2026/06/18,1448/01/03,15
الخدمات الرقمية,عام,القطاع العام,خدمة إلكترونية,التوكيل على الإقرارات,2026/06/18,1448/01/03,14
الخدمات الرقمية,عام,القطاع العام,خدمة إلكترونية,بنك التنمية الاجتماعية,2026/06/18,1448/01/03,14
الخدمات الرقمية,كتابة عدل مدمجة - افتراضية,القطاع العام,خدمة إلكترونية جزئيا,شبكة إيجار الإلكترونية,2026/06/18,1448/01/03,14
منطقة الرياض,الرياض,القطاع الخاص,خدمة إلكترونية جزئيا,الشركات,2026/06/18,1448/01/03,14
منطقة الرياض,الرياض,القطاع العام,خدمة إلكترونية جزئيا,العقارات,2026/06/18,1448/01/03,14
منطقة الشرقية,الخبر,القطاع الخاص,خدمة إلكترونية جزئيا,وكالة خارج المملكة العربية السعودية فقط,2026/06/18,1448/01/03,14
منطقة الشرقية,الدمام,القطاع الخاص,خدمة إلكترونية جزئيا,المطالبات والمحاكم,2026/06/18,1448/01/03,14
منطقة الشرقية,حفر الباطن,القطاع الخاص,خدمة إلكترونية جزئيا,المطالبات والمحاكم,2026/06/18,1448/01/03,14
منطقة مكة المكرمه,الطائف,القطاع الخاص,خدمة إلكترونية جزئيا,المطالبات والمحاكم,2026/06/18,1448/01/03,14
الخدمات الرقمية,كتابة عدل مدمجة - افتراضية,القطاع العام,خدمة إلكترونية جزئيا,الجهات التعليمية,2026/06/18,1448/01/03,13
منطقة الرياض,الرياض,القطاع العام,خدمة إلكترونية جزئيا,السيارات,2026/06/18,1448/01/03,13
منطقة المدينة المنوره,المدينة المنورة,القطاع الخاص,خدمة إلكترونية جزئيا,العقارات,2026/06/18,1448/01/03,13
الخدمات الرقمية,عام,القطاع العام,خدمة إلكترونية,إنهائات المحاكم,2026/06/18,1448/01/03,12
منطقة الرياض,الرياض,القطاع الخاص,خدمة إلكترونية جزئيا,شبكة إيجار الإلكترونية,2026/06/18,1448/01/03,12
منطقة الشرقية,الدمام,القطاع العام,خدمة إلكترونية جزئيا,المطالبات والمحاكم,2026/06/18,1448/01/03,12
منطقة مكة المكرمه,جده,القطاع الخاص,خدمة إلكترونية جزئيا,شبكة إيجار الإلكترونية,2026/06/18,1448/01/03,12
الخدمات الرقمية,كتابة عدل مدمجة - افتراضية,القطاع العام,خدمة إلكترونية جزئيا,الهيئات الحكومية,2026/06/18,1448/01/03,11
منطقة الرياض,الرياض,القطاع العام,خدمة إلكترونية جزئيا,الجوازات,2026/06/18,1448/01/03,11
منطقة الرياض,الرياض,القطاع العام,خدمة إلكترونية جزئيا,المؤسسات الحكومية,2026/06/18,1448/01/03,11
منطقة الشرقية,الاحساء,القطاع الخاص,خدمة إلكترونية جزئيا,المطالبات والمحاكم,2026/06/18,1448/01/03,11
الخدمات الرقمية,عام,القطاع العام,خدمة إلكترونية,التنازل عن كامل الإرث,2026/06/18,1448/01/03,10
منطقة مكة المكرمه,مكة المكرمة,القطاع الخاص,خدمة إلكترونية جزئيا,التنازل عن كامل الإرث,2026/06/18,1448/01/03,10
الخدمات الرقمية,عام,القطاع العام,خدمة إلكترونية,استقدام العمالة,2026/06/18,1448/01/03,9
الخدمات الرقمية,كتابة عدل مدمجة - افتراضية,القطاع العام,خدمة إلكترونية جزئيا,السيارات,2026/06/18,1448/01/03,9
منطقة الشرقية,الخبر,القطاع الخاص,خدمة إلكترونية جزئيا,العقارات,2026/06/18,1448/01/03,9
منطقة الشرقية,الخبر,القطاع الخاص,خدمة إلكترونية جزئيا,المطالبات والمحاكم,2026/06/18,1448/01/03,9
منطقة القصيم,بريده,القطاع الخاص,خدمة إلكترونية جزئيا,المطالبات والمحاكم,2026/06/18,1448/01/03,9
منطقة مكة المكرمه,جده,القطاع الخاص,خدمة إلكترونية جزئيا,السيارات,2026/06/18,1448/01/03,9
الخدمات الرقمية,عام,القطاع العام,خدمة إلكترونية,البنك السعودي للتسليف والإدخار,2026/06/18,1448/01/03,8
منطقة الرياض,الخرج,القطاع الخاص,خدمة إلكترونية جزئيا,المطالبات والمحاكم,2026/06/18,1448/01/03,8
منطقة الرياض,الدلم,القطاع الخاص,خدمة إلكترونية جزئيا,العقارات,2026/06/18,1448/01/03,8
منطقة الرياض,الرياض,القطاع الخاص,خدمة إلكترونية جزئيا,الأمانات والبلديات,2026/06/18,1448/01/03,8
منطقة الرياض,الرياض,القطاع الخاص,خدمة إلكترونية جزئيا,الجهات الأمنية,2026/06/18,1448/01/03,8
منطقة الشرقية,الخبر,القطاع الخاص,خدمة إلكترونية جزئيا,الشركات,2026/06/18,1448/01/03,8
منطقة القصيم,عنيزه,القطاع الخاص,خدمة إلكترونية جزئيا,المطالبات والمحاكم,2026/06/18,1448/01/03,8
منطقة مكة المكرمه,جده,القطاع الخاص,خدمة إلكترونية جزئيا,الجوازات,2026/06/18,1448/01/03,8
منطقة مكة المكرمه,مكة المكرمة,القطاع الخاص,خدمة إلكترونية جزئيا,وكالة خارج المملكة العربية السعودية فقط,2026/06/18,1448/01/03,8
الخدمات الرقمية,كتابة عدل مدمجة - افتراضية,القطاع العام,خدمة إلكترونية جزئيا,الجوازات,2026/06/18,1448/01/03,7
منطقة الرياض,الرياض,القطاع الخاص,خدمة إلكترونية جزئيا,المنح الزراعية,2026/06/18,1448/01/03,7
منطقة الرياض,الرياض,القطاع العام,خدمة إلكترونية جزئيا,إدارة الأحوال المدنية,2026/06/18,1448/01/03,7
منطقة القصيم,البدائع,القطاع الخاص,خدمة إلكترونية جزئيا,المطالبات والمحاكم,2026/06/18,1448/01/03,7
منطقة المدينة المنوره,المدينة المنورة,القطاع الخاص,خدمة إلكترونية جزئيا,الجهات الأمنية,2026/06/18,1448/01/03,7
منطقة تبوك,تبوك,القطاع الخاص,خدمة إلكترونية جزئيا,البنوك والمصارف,2026/06/18,1448/01/03,7
منطقة مكة المكرمه,العرضيه الشماليه,القطاع الخاص,خدمة إلكترونية جزئيا,صندوق التنمية العقارية,2026/06/18,1448/01/03,7
منطقة مكة المكرمه,جده,القطاع الخاص,خدمة إلكترونية جزئيا,الوزارات الحكومية,2026/06/18,1448/01/03,7
منطقة مكة المكرمه,مكة المكرمة,القطاع العام,خدمة إلكترونية جزئيا,تصديق الوكالات الخارجية,2026/06/18,1448/01/03,7
الخدمات الرقمية,عام,القطاع العام,خدمة إلكترونية,الضمان الاجتماعي,2026/06/18,1448/01/03,6
الخدمات الرقمية,عام,القطاع العام,خدمة إلكترونية,مكافآت الجامعات والمعاهد,2026/06/18,1448/01/03,6
الخدمات الرقمية,عام,القطاع العام,خدمة إلكترونية جزئيا,العقارات,2026/06/18,1448/01/03,6
منطقة الرياض,الرياض,القطاع الخاص,خدمة إلكترونية جزئيا,الوزارات الحكومية,2026/06/18,1448/01/03,6
منطقة الشرقية,الدمام,القطاع الخاص,خدمة إلكترونية جزئيا,المرور,2026/06/18,1448/01/03,6
منطقة المدينة المنوره,المدينة المنورة,القطاع الخاص,خدمة إلكترونية جزئيا,وكالة خارج المملكة العربية السعودية فقط,2026/06/18,1448/01/03,6
الخدمات الرقمية,عام,القطاع العام,خدمة إلكترونية,تصاريح القوارب والصيد,2026/06/18,1448/01/03,5
الخدمات الرقمية,عام,القطاع العام,خدمة إلكترونية جزئيا,المطالبات والمحاكم,2026/06/18,1448/01/03,5
الخدمات الرقمية,كتابة عدل مدمجة - افتراضية,القطاع العام,خدمة إلكترونية جزئيا,الرواتب والمستحقات,2026/06/18,1448/01/03,5
الخدمات الرقمية,كتابة عدل مدمجة - افتراضية,القطاع العام,خدمة إلكترونية جزئيا,الشركات,2026/06/18,1448/01/03,5
منطقة الحدود الشمالية,عرعر,القطاع العام,خدمة إلكترونية جزئيا,تصديق الوكالات الخارجية,2026/06/18,1448/01/03,5
منطقة الرياض,الخرج,القطاع الخاص,خدمة إلكترونية جزئيا,العقارات,2026/06/18,1448/01/03,5
منطقة الرياض,الدرعيه,القطاع الخاص,خدمة إلكترونية جزئيا,المطالبات والمحاكم,2026/06/18,1448/01/03,5
منطقة الرياض,الرياض,القطاع العام,خدمة إلكترونية جزئيا,النكاح,2026/06/18,1448/01/03,5
منطقة الرياض,الرياض,القطاع العام,خدمة إلكترونية جزئيا,الوزارات الحكومية,2026/06/18,1448/01/03,5
منطقة الشرقية,الخبر,القطاع الخاص,خدمة إلكترونية جزئيا,السيارات,2026/06/18,1448/01/03,5
منطقة الشرقية,الخبر,القطاع الخاص,خدمة إلكترونية جزئيا,شبكة إيجار الإلكترونية,2026/06/18,1448/01/03,5
منطقة الشرقية,الدمام,القطاع الخاص,خدمة إلكترونية جزئيا,البنوك والمصارف,2026/06/18,1448/01/03,5
منطقة القصيم,بريده,القطاع الخاص,خدمة إلكترونية جزئيا,العقارات,2026/06/18,1448/01/03,5
منطقة عسير,ابها,القطاع الخاص,خدمة إلكترونية جزئيا,العقارات,2026/06/18,1448/01/03,5
منطقة عسير,ابها,القطاع الخاص,خدمة إلكترونية جزئيا,المطالبات والمحاكم,2026/06/18,1448/01/03,5
منطقة مكة المكرمه,مكة المكرمة,القطاع الخاص,خدمة إلكترونية جزئيا,شبكة إيجار الإلكترونية,2026/06/18,1448/01/03,5
الخدمات الرقمية,عام,القطاع العام,خدمة إلكترونية جزئيا,البنوك والمصارف,2026/06/18,1448/01/03,4
الخدمات الرقمية,كتابة عدل مدمجة - افتراضية,القطاع العام,خدمة إلكترونية جزئيا,إنهائات المحاكم,2026/06/18,1448/01/03,4
الخدمات الرقمية,كتابة عدل مدمجة - افتراضية,القطاع العام,خدمة إلكترونية جزئيا,الأمانات والبلديات,2026/06/18,1448/01/03,4
الخدمات الرقمية,كتابة عدل مدمجة - افتراضية,القطاع العام,خدمة إلكترونية جزئيا,السجلات التجارية,2026/06/18,1448/01/03,4
الخدمات الرقمية,كتابة عدل مدمجة - افتراضية,القطاع العام,خدمة إلكترونية جزئيا,المؤسسات الحكومية,2026/06/18,1448/01/03,4
الخدمات الرقمية,كتابة عدل مدمجة - افتراضية,القطاع العام,خدمة إلكترونية جزئيا,النكاح,2026/06/18,1448/01/03,4
منطقة الجوف,سكاكا,القطاع الخاص,خدمة إلكترونية جزئيا,العقارات,2026/06/18,1448/01/03,4
منطقة الرياض,الدرعيه,القطاع الخاص,خدمة إلكترونية جزئيا,شبكة إيجار الإلكترونية,2026/06/18,1448/01/03,4
منطقة الرياض,الرياض,القطاع الخاص,خدمة إلكترونية جزئيا,الشركات والمؤسسات الأهلية,2026/06/18,1448/01/03,4
منطقة الرياض,الرياض,القطاع العام,خدمة إلكترونية جزئيا,السجلات التجارية,2026/06/18,1448/01/03,4
منطقة الرياض,الرياض,القطاع العام,خدمة إلكترونية جزئيا,الشركات والمؤسسات الأهلية,2026/06/18,1448/01/03,4
منطقة القصيم,بريده,القطاع العام,خدمة إلكترونية جزئيا,تصديق الوكالات الخارجية,2026/06/18,1448/01/03,4
منطقة مكة المكرمه,الطائف,القطاع الخاص,خدمة إلكترونية جزئيا,الشركات,2026/06/18,1448/01/03,4
منطقة مكة المكرمه,الطائف,القطاع الخاص,خدمة إلكترونية جزئيا,شبكة إيجار الإلكترونية,2026/06/18,1448/01/03,4
منطقة مكة المكرمه,جده,القطاع الخاص,خدمة إلكترونية جزئيا,الهيئات الحكومية,2026/06/18,1448/01/03,4
منطقة مكة المكرمه,جده,القطاع العام,خدمة إلكترونية جزئيا,العقارات,2026/06/18,1448/01/03,4
منطقة مكة المكرمه,جده,القطاع العام,خدمة إلكترونية جزئيا,المطالبات والمحاكم,2026/06/18,1448/01/03,4
منطقة مكة المكرمه,مكة المكرمة,القطاع الخاص,خدمة إلكترونية جزئيا,البنوك والمصارف,2026/06/18,1448/01/03,4
منطقة مكة المكرمه,مكة المكرمة,القطاع الخاص,خدمة إلكترونية جزئيا,السيارات,2026/06/18,1448/01/03,4
منطقة نجران,نجران,القطاع الخاص,خدمة إلكترونية جزئيا,المطالبات والمحاكم,2026/06/18,1448/01/03,4
الخدمات الرقمية,عام,القطاع العام,خدمة إلكترونية,أذونات المحاكم,2026/06/18,1448/01/03,3
الخدمات الرقمية,عام,القطاع العام,خدمة إلكترونية,البريد,2026/06/18,1448/01/03,3
الخدمات الرقمية,كتابة عدل مدمجة - افتراضية,القطاع العام,خدمة إلكترونية جزئيا,إدارة الأحوال المدنية,2026/06/18,1448/01/03,3
الخدمات الرقمية,كتابة عدل مدمجة - افتراضية,القطاع العام,خدمة إلكترونية جزئيا,الشركات والمؤسسات الأهلية,2026/06/18,1448/01/03,3
منطقة الرياض,الدرعيه,القطاع الخاص,خدمة إلكترونية جزئيا,وكالة خارج المملكة العربية السعودية فقط,2026/06/18,1448/01/03,3
منطقة الرياض,الدلم,القطاع الخاص,خدمة إلكترونية جزئيا,المطالبات والمحاكم,2026/06/18,1448/01/03,3
منطقة الرياض,الرياض,القطاع الخاص,خدمة إلكترونية جزئيا,الجوازات,2026/06/18,1448/01/03,3
منطقة الرياض,الرياض,القطاع الخاص,خدمة إلكترونية جزئيا,السيارات,2026/06/18,1448/01/03,3
منطقة الرياض,الرياض,القطاع العام,خدمة إلكترونية جزئيا,المرور,2026/06/18,1448/01/03,3
منطقة الرياض,الرياض,القطاع العام,خدمة إلكترونية جزئيا,شبكة إيجار الإلكترونية,2026/06/18,1448/01/03,3
منطقة الرياض,الرياض,القطاع العام,خدمة إلكترونية جزئيا,شركات الاتصالات,2026/06/18,1448/01/03,3
منطقة الشرقية,الخفجي,القطاع الخاص,خدمة إلكترونية جزئيا,العقارات,2026/06/18,1448/01/03,3
منطقة الشرقية,الدمام,القطاع الخاص,خدمة إلكترونية جزئيا,العقارات,2026/06/18,1448/01/03,3
منطقة الشرقية,حفر الباطن,القطاع الخاص,خدمة إلكترونية جزئيا,السجلات التجارية,2026/06/18,1448/01/03,3
منطقة القصيم,البدائع,القطاع الخاص,خدمة إلكترونية جزئيا,السجلات التجارية,2026/06/18,1448/01/03,3
منطقة القصيم,البدائع,القطاع الخاص,خدمة إلكترونية جزئيا,وكالة خارج المملكة العربية السعودية فقط,2026/06/18,1448/01/03,3
منطقة القصيم,المذنب,القطاع الخاص,خدمة إلكترونية جزئيا,المطالبات والمحاكم,2026/06/18,1448/01/03,3
منطقة القصيم,بريده,القطاع الخاص,خدمة إلكترونية جزئيا,وكالة خارج المملكة العربية السعودية فقط,2026/06/18,1448/01/03,3
منطقة المدينة المنوره,المدينة المنورة,القطاع الخاص,خدمة إلكترونية جزئيا,الشركات,2026/06/18,1448/01/03,3
منطقة المدينة المنوره,المدينة المنورة,القطاع العام,خدمة إلكترونية جزئيا,المطالبات والمحاكم,2026/06/18,1448/01/03,3
منطقة المدينة المنوره,المهد,القطاع الخاص,خدمة إلكترونية جزئيا,العقارات,2026/06/18,1448/01/03,3
منطقة المدينة المنوره,ينبع,القطاع الخاص,خدمة إلكترونية جزئيا,المطالبات والمحاكم,2026/06/18,1448/01/03,3
منطقة حائل,حائل,القطاع الخاص,خدمة إلكترونية جزئيا,المطالبات والمحاكم,2026/06/18,1448/01/03,3
منطقة مكة المكرمه,الطائف,القطاع الخاص,خدمة إلكترونية جزئيا,الجوازات,2026/06/18,1448/01/03,3
منطقة مكة المكرمه,جده,القطاع الخاص,خدمة إلكترونية جزئيا,الأمانات والبلديات,2026/06/18,1448/01/03,3
منطقة مكة المكرمه,جده,القطاع الخاص,خدمة إلكترونية جزئيا,البنوك والمصارف,2026/06/18,1448/01/03,3
منطقة مكة المكرمه,جده,القطاع الخاص,خدمة إلكترونية جزئيا,الشركات والمؤسسات الأهلية,2026/06/18,1448/01/03,3
منطقة مكة المكرمه,مكة المكرمة,القطاع الخاص,خدمة إلكترونية جزئيا,السجلات التجارية,2026/06/18,1448/01/03,3
منطقة مكة المكرمه,مكة المكرمة,القطاع العام,خدمة إلكترونية جزئيا,المطالبات والمحاكم,2026/06/18,1448/01/03,3
الخدمات الرقمية,عام,القطاع العام,خدمة إلكترونية,التراخيص الصناعية,2026/06/18,1448/01/03,2
الخدمات الرقمية,عام,القطاع العام,خدمة إلكترونية جزئيا,الوزارات الحكومية,2026/06/18,1448/01/03,2
الخدمات الرقمية,كتابة عدل مدمجة - افتراضية,القطاع العام,خدمة إلكترونية جزئيا,المرور,2026/06/18,1448/01/03,2
منطقة الرياض,الرياض,القطاع الخاص,خدمة إلكترونية جزئيا,الهيئات الحكومية,2026/06/18,1448/01/03,2
منطقة الرياض,الرياض,القطاع العام,خدمة إلكترونية جزئيا,الهيئات الحكومية,2026/06/18,1448/01/03,2
منطقة الرياض,المزاحميه,القطاع الخاص,خدمة إلكترونية جزئيا,الوزارات الحكومية,2026/06/18,1448/01/03,2
منطقة الرياض,حوطة بني تميم,القطاع الخاص,خدمة إلكترونية جزئيا,العقارات,2026/06/18,1448/01/03,2
منطقة الرياض,شقراء,القطاع الخاص,خدمة إلكترونية جزئيا,العقارات,2026/06/18,1448/01/03,2
منطقة الرياض,عرقه,القطاع الخاص,خدمة إلكترونية جزئيا,شبكة إيجار الإلكترونية,2026/06/18,1448/01/03,2
منطقة الشرقية,الاحساء,القطاع الخاص,خدمة إلكترونية جزئيا,الجوازات,2026/06/18,1448/01/03,2
منطقة الشرقية,الدمام,القطاع الخاص,خدمة إلكترونية جزئيا,الوزارات الحكومية,2026/06/18,1448/01/03,2
منطقة الشرقية,حفر الباطن,القطاع الخاص,خدمة إلكترونية جزئيا,السيارات,2026/06/18,1448/01/03,2
منطقة الشرقية,حفر الباطن,القطاع الخاص,خدمة إلكترونية جزئيا,العقارات,2026/06/18,1448/01/03,2
منطقة القصيم,البدائع,القطاع الخاص,خدمة إلكترونية جزئيا,الهيئات الحكومية,2026/06/18,1448/01/03,2
منطقة القصيم,الرس,القطاع الخاص,خدمة إلكترونية جزئيا,المطالبات والمحاكم,2026/06/18,1448/01/03,2
منطقة القصيم,بريده,القطاع الخاص,خدمة إلكترونية جزئيا,البنوك والمصارف,2026/06/18,1448/01/03,2
منطقة القصيم,بريده,القطاع الخاص,خدمة إلكترونية جزئيا,الجهات الأمنية,2026/06/18,1448/01/03,2
منطقة المدينة المنوره,المدينة المنورة,القطاع الخاص,خدمة إلكترونية جزئيا,الوزارات الحكومية,2026/06/18,1448/01/03,2
منطقة المدينة المنوره,المدينة المنورة,القطاع الخاص,خدمة إلكترونية جزئيا,شبكة إيجار الإلكترونية,2026/06/18,1448/01/03,2
منطقة المدينة المنوره,المدينة المنورة,القطاع الخاص,خدمة إلكترونية جزئيا,شركة الكهرباء,2026/06/18,1448/01/03,2
منطقة المدينة المنوره,المدينة المنورة,القطاع العام,خدمة إلكترونية جزئيا,تصديق الوكالات الخارجية,2026/06/18,1448/01/03,2
منطقة جازان,احد المسارحه,القطاع الخاص,خدمة إلكترونية جزئيا,المنح السكنية,2026/06/18,1448/01/03,2
منطقة عسير,بيشه,القطاع الخاص,خدمة إلكترونية جزئيا,السيارات,2026/06/18,1448/01/03,2
منطقة مكة المكرمه,مكة المكرمة,القطاع الخاص,خدمة إلكترونية جزئيا,الجوازات,2026/06/18,1448/01/03,2
الخدمات الرقمية,عام,القطاع العام,خدمة إلكترونية,الرئاسات الحكومية,2026/06/18,1448/01/03,1
الخدمات الرقمية,عام,القطاع العام,خدمة إلكترونية,برنامج رسوم الأراضي البيضاء,2026/06/18,1448/01/03,1
الخدمات الرقمية,عام,القطاع العام,خدمة إلكترونية,صندوق التنمية الصناعية,2026/06/18,1448/01/03,1
الخدمات الرقمية,عام,القطاع العام,خدمة إلكترونية جزئيا,إنهائات المحاكم,2026/06/18,1448/01/03,1
الخدمات الرقمية,عام,القطاع العام,خدمة إلكترونية جزئيا,شبكة إيجار الإلكترونية,2026/06/18,1448/01/03,1
الخدمات الرقمية,عام,القطاع العام,خدمة إلكترونية جزئيا,شركات الاتصالات,2026/06/18,1448/01/03,1
الخدمات الرقمية,عام,القطاع العام,خدمة إلكترونية جزئيا,وكالة خارج المملكة العربية السعودية فقط,2026/06/18,1448/01/03,1
الخدمات الرقمية,كتابة عدل مدمجة - افتراضية,القطاع العام,خدمة إلكترونية جزئيا,الجهات الأمنية,2026/06/18,1448/01/03,1
الخدمات الرقمية,كتابة عدل مدمجة - افتراضية,القطاع العام,خدمة إلكترونية جزئيا,الضمان والشؤون الاجتماعية,2026/06/18,1448/01/03,1
الخدمات الرقمية,كتابة عدل مدمجة - افتراضية,القطاع العام,خدمة إلكترونية جزئيا,المنح الزراعية,2026/06/18,1448/01/03,1
الخدمات الرقمية,كتابة عدل مدمجة - افتراضية,القطاع العام,خدمة إلكترونية جزئيا,بنك التنمية الاجتماعية,2026/06/18,1448/01/03,1
الخدمات الرقمية,كتابة عدل مدمجة - افتراضية,القطاع العام,خدمة إلكترونية جزئيا,شركات الاتصالات,2026/06/18,1448/01/03,1
الخدمات الرقمية,كتابة عدل مدمجة - افتراضية,القطاع العام,خدمة إلكترونية جزئيا,شركة الكهرباء,2026/06/18,1448/01/03,1
الخدمات الرقمية,كتابة عدل مدمجة - افتراضية,القطاع العام,خدمة إلكترونية جزئيا,صندوق التنمية العقارية,2026/06/18,1448/01/03,1
الخدمات الرقمية,كتابة عدل مدمجة - افتراضية,القطاع العام,خدمة إلكترونية جزئيا,هيئة الزكاة والضريبة والجمارك,2026/06/18,1448/01/03,1
منطقة الباحة,المخواة,القطاع الخاص,خدمة إلكترونية جزئيا,وكالة خارج المملكة العربية السعودية فقط,2026/06/18,1448/01/03,1
منطقة الجوف,سكاكا,القطاع الخاص,خدمة إلكترونية جزئيا,المنح الزراعية,2026/06/18,1448/01/03,1
منطقة الرياض,الخرج,القطاع الخاص,خدمة إلكترونية جزئيا,وزارة الموارد البشرية والتنمية الاجتماعية,2026/06/18,1448/01/03,1
منطقة الرياض,الرياض,القطاع الخاص,خدمة إلكترونية جزئيا,الرواتب والمستحقات,2026/06/18,1448/01/03,1
منطقة الرياض,الرياض,القطاع الخاص,خدمة إلكترونية جزئيا,الضمان والشؤون الاجتماعية,2026/06/18,1448/01/03,1
منطقة الرياض,الرياض,القطاع الخاص,خدمة إلكترونية جزئيا,النكاح,2026/06/18,1448/01/03,1
منطقة الرياض,الرياض,القطاع الخاص,خدمة إلكترونية جزئيا,صندوق التنمية العقارية,2026/06/18,1448/01/03,1
منطقة الرياض,الرياض,القطاع الخاص,خدمة إلكترونية جزئيا,وزارة الموارد البشرية والتنمية الاجتماعية,2026/06/18,1448/01/03,1
منطقة الرياض,الرياض,القطاع العام,خدمة إلكترونية جزئيا,إثباتات المحاكم,2026/06/18,1448/01/03,1
منطقة الرياض,الرياض,القطاع العام,خدمة إلكترونية جزئيا,الرواتب والمستحقات,2026/06/18,1448/01/03,1
منطقة الرياض,الرياض,القطاع العام,خدمة إلكترونية جزئيا,صندوق تنمية الموارد البشرية,2026/06/18,1448/01/03,1
منطقة الرياض,الزلفي,القطاع الخاص,خدمة إلكترونية جزئيا,المطالبات والمحاكم,2026/06/18,1448/01/03,1
منطقة الرياض,المزاحميه,القطاع الخاص,خدمة إلكترونية جزئيا,الأمانات والبلديات,2026/06/18,1448/01/03,1
منطقة الرياض,المزاحميه,القطاع الخاص,خدمة إلكترونية جزئيا,الشركات والمؤسسات الأهلية,2026/06/18,1448/01/03,1
منطقة الرياض,عرقه,القطاع الخاص,خدمة إلكترونية جزئيا,السجلات التجارية,2026/06/18,1448/01/03,1
منطقة الرياض,عرقه,القطاع الخاص,خدمة إلكترونية جزئيا,العقارات,2026/06/18,1448/01/03,1
منطقة الرياض,عرقه,القطاع الخاص,خدمة إلكترونية جزئيا,المطالبات والمحاكم,2026/06/18,1448/01/03,1
منطقة الرياض,عفيف,القطاع الخاص,خدمة إلكترونية جزئيا,المطالبات والمحاكم,2026/06/18,1448/01/03,1
منطقة الشرقية,الاحساء,القطاع الخاص,خدمة إلكترونية جزئيا,العقارات,2026/06/18,1448/01/03,1
منطقة الشرقية,الخبر,القطاع الخاص,خدمة إلكترونية جزئيا,الأمانات والبلديات,2026/06/18,1448/01/03,1
منطقة الشرقية,الخبر,القطاع الخاص,خدمة إلكترونية جزئيا,السجلات التجارية,2026/06/18,1448/01/03,1
منطقة الشرقية,الدمام,القطاع الخاص,خدمة إلكترونية جزئيا,الشركات,2026/06/18,1448/01/03,1
منطقة الشرقية,الدمام,القطاع الخاص,خدمة إلكترونية جزئيا,شبكة إيجار الإلكترونية,2026/06/18,1448/01/03,1
منطقة الشرقية,الدمام,القطاع الخاص,خدمة إلكترونية جزئيا,وزارة الموارد البشرية والتنمية الاجتماعية,2026/06/18,1448/01/03,1
منطقة الشرقية,الدمام,القطاع العام,خدمة إلكترونية جزئيا,العقارات,2026/06/18,1448/01/03,1
منطقة الشرقية,الدمام,القطاع العام,خدمة إلكترونية جزئيا,صندوق التنمية الصناعية,2026/06/18,1448/01/03,1
منطقة الشرقية,الظهران,القطاع العام,خدمة إلكترونية جزئيا,التعويضات والمساعدات,2026/06/18,1448/01/03,1
منطقة الشرقية,الظهران,القطاع العام,خدمة إلكترونية جزئيا,السجلات التجارية,2026/06/18,1448/01/03,1
منطقة الشرقية,القطيف,القطاع الخاص,خدمة إلكترونية جزئيا,العقارات,2026/06/18,1448/01/03,1
منطقة الشرقية,رأس تنوره,القطاع الخاص,خدمة إلكترونية جزئيا,البنك السعودي للتسليف والإدخار,2026/06/18,1448/01/03,1
منطقة القصيم,البدائع,القطاع الخاص,خدمة إلكترونية جزئيا,العقارات,2026/06/18,1448/01/03,1
منطقة القصيم,البكيريه,القطاع الخاص,خدمة إلكترونية جزئيا,المطالبات والمحاكم,2026/06/18,1448/01/03,1
منطقة القصيم,بريده,القطاع العام,خدمة إلكترونية جزئيا,العقارات,2026/06/18,1448/01/03,1
منطقة القصيم,بريده,القطاع العام,خدمة إلكترونية جزئيا,المطالبات والمحاكم,2026/06/18,1448/01/03,1
منطقة القصيم,عنيزه,القطاع الخاص,خدمة إلكترونية جزئيا,العقارات,2026/06/18,1448/01/03,1
منطقة المدينة المنوره,المدينة المنورة,القطاع العام,خدمة إلكترونية جزئيا,التنازل عن كامل الإرث,2026/06/18,1448/01/03,1
منطقة المدينة المنوره,المدينة المنورة,القطاع العام,خدمة إلكترونية جزئيا,العقارات,2026/06/18,1448/01/03,1
منطقة المدينة المنوره,ينبع,القطاع العام,خدمة إلكترونية جزئيا,البنوك والمصارف,2026/06/18,1448/01/03,1
منطقة تبوك,تبوك,القطاع الخاص,خدمة إلكترونية جزئيا,العقارات,2026/06/18,1448/01/03,1
منطقة تبوك,تبوك,القطاع العام,خدمة إلكترونية جزئيا,تصديق الوكالات الخارجية,2026/06/18,1448/01/03,1
منطقة جازان,جيزان,القطاع الخاص,خدمة إلكترونية جزئيا,العقارات,2026/06/18,1448/01/03,1
منطقة جازان,جيزان,القطاع العام,خدمة إلكترونية جزئيا,تصديق الوكالات الخارجية,2026/06/18,1448/01/03,1
منطقة جازان,صامطه,القطاع الخاص,خدمة إلكترونية جزئيا,المطالبات والمحاكم,2026/06/18,1448/01/03,1
منطقة حائل,حائل,القطاع العام,خدمة إلكترونية جزئيا,المطالبات والمحاكم,2026/06/18,1448/01/03,1
منطقة عسير,ابها,القطاع العام,خدمة إلكترونية جزئيا,تصديق الوكالات الخارجية,2026/06/18,1448/01/03,1
منطقة عسير,خميس مشيط,القطاع الخاص,خدمة إلكترونية جزئيا,المطالبات والمحاكم,2026/06/18,1448/01/03,1
منطقة مكة المكرمه,الخرمه,القطاع الخاص,خدمة إلكترونية جزئيا,المطالبات والمحاكم,2026/06/18,1448/01/03,1
منطقة مكة المكرمه,الطائف,القطاع الخاص,خدمة إلكترونية جزئيا,وكالة خارج المملكة العربية السعودية فقط,2026/06/18,1448/01/03,1
منطقة مكة المكرمه,جده,القطاع الخاص,خدمة إلكترونية جزئيا,إثباتات المحاكم,2026/06/18,1448/01/03,1
منطقة مكة المكرمه,جده,القطاع الخاص,خدمة إلكترونية جزئيا,وزارة الموارد البشرية والتنمية الاجتماعية,2026/06/18,1448/01/03,1
منطقة مكة المكرمه,جده,القطاع العام,خدمة إلكترونية جزئيا,المرور,2026/06/18,1448/01/03,1
منطقة مكة المكرمه,جده,القطاع العام,خدمة إلكترونية جزئيا,وكالة خارج المملكة العربية السعودية فقط,2026/06/18,1448/01/03,1
منطقة مكة المكرمه,مكة المكرمة,القطاع الخاص,خدمة إلكترونية جزئيا,إثباتات المحاكم,2026/06/18,1448/01/03,1
منطقة مكة المكرمه,مكة المكرمة,القطاع الخاص,خدمة إلكترونية جزئيا,الشركات,2026/06/18,1448/01/03,1
منطقة مكة المكرمه,مكة المكرمة,القطاع الخاص,خدمة إلكترونية جزئيا,الهيئات الحكومية,2026/06/18,1448/01/03,1
منطقة مكة المكرمه,مكة المكرمة,القطاع الخاص,خدمة إلكترونية جزئيا,الوزارات الحكومية,2026/06/18,1448/01/03,1
منطقة مكة المكرمه,مكة المكرمة,القطاع العام,خدمة إلكترونية جزئيا,العقارات,2026/06/18,1448/01/03,1
الخدمات الرقمية,عام,القطاع العام,خدمة إلكترونية,العقارات,2026/06/19,1448/01/04,"1,554"
الخدمات الرقمية,عام,القطاع العام,خدمة إلكترونية,المطالبات والمحاكم,2026/06/19,1448/01/04,"1,041"
الخدمات الرقمية,عام,القطاع العام,خدمة إلكترونية,السيارات,2026/06/19,1448/01/04,691
الخدمات الرقمية,عام,القطاع العام,خدمة إلكترونية,البنوك والمصارف,2026/06/19,1448/01/04,427
الخدمات الرقمية,عام,القطاع العام,خدمة إلكترونية,الجوازات,2026/06/19,1448/01/04,249
الخدمات الرقمية,عام,القطاع العام,خدمة إلكترونية,الوزارات الحكومية,2026/06/19,1448/01/04,237
الخدمات الرقمية,عام,القطاع العام,خدمة إلكترونية,الشركات والمؤسسات الأهلية,2026/06/19,1448/01/04,125
الخدمات الرقمية,عام,القطاع العام,خدمة إلكترونية,وكالة خارج المملكة العربية السعودية فقط,2026/06/19,1448/01/04,125
الخدمات الرقمية,عام,القطاع العام,خدمة إلكترونية,الجهات الأمنية,2026/06/19,1448/01/04,105
الخدمات الرقمية,عام,القطاع العام,خدمة إلكترونية,الرواتب والمستحقات,2026/06/19,1448/01/04,105
الخدمات الرقمية,عام,القطاع العام,خدمة إلكترونية,السجلات التجارية,2026/06/19,1448/01/04,100
الخدمات الرقمية,عام,القطاع العام,خدمة إلكترونية,المرور,2026/06/19,1448/01/04,100
الخدمات الرقمية,عام,القطاع العام,خدمة إلكترونية,شركات الاتصالات,2026/06/19,1448/01/04,90
الخدمات الرقمية,عام,القطاع العام,خدمة إلكترونية,طلب الخدمات,2026/06/19,1448/01/04,78
الخدمات الرقمية,عام,القطاع العام,خدمة إلكترونية,إدارة الأحوال المدنية,2026/06/19,1448/01/04,67
الخدمات الرقمية,عام,القطاع العام,خدمة إلكترونية,الأمانات والبلديات,2026/06/19,1448/01/04,67
الخدمات الرقمية,عام,القطاع العام,خدمة إلكترونية,الجهات التعليمية,2026/06/19,1448/01/04,67
الخدمات الرقمية,عام,القطاع العام,خدمة إلكترونية,وزارة الموارد البشرية والتنمية الاجتماعية,2026/06/19,1448/01/04,52
الخدمات الرقمية,عام,القطاع العام,خدمة إلكترونية,شبكة إيجار الإلكترونية,2026/06/19,1448/01/04,43
الخدمات الرقمية,عام,القطاع العام,خدمة إلكترونية,النكاح,2026/06/19,1448/01/04,42
الخدمات الرقمية,عام,القطاع العام,خدمة إلكترونية,الهيئات الحكومية,2026/06/19,1448/01/04,41
الخدمات الرقمية,عام,القطاع العام,خدمة إلكترونية,العوائد السنوية,2026/06/19,1448/01/04,37
الخدمات الرقمية,عام,القطاع العام,خدمة إلكترونية,شركة المياه,2026/06/19,1448/01/04,37
الخدمات الرقمية,عام,القطاع العام,خدمة إلكترونية,الشركات,2026/06/19,1448/01/04,28
منطقة الرياض,الرياض,القطاع الخاص,خدمة إلكترونية جزئيا,وكالة خارج المملكة العربية السعودية فقط,2026/06/19,1448/01/04,27
منطقة مكة المكرمه,جده,القطاع الخاص,خدمة إلكترونية جزئيا,العقارات,2026/06/19,1448/01/04,25
الخدمات الرقمية,عام,القطاع العام,خدمة إلكترونية,مكتب الإستقدام,2026/06/19,1448/01/04,24
الخدمات الرقمية,عام,القطاع العام,خدمة إلكترونية,صندوق التنمية العقارية,2026/06/19,1448/01/04,23
منطقة الرياض,الرياض,القطاع الخاص,خدمة إلكترونية جزئيا,العقارات,2026/06/19,1448/01/04,20
الخدمات الرقمية,عام,القطاع العام,خدمة إلكترونية,التعويضات والمساعدات,2026/06/19,1448/01/04,19
الخدمات الرقمية,عام,القطاع العام,خدمة إلكترونية,هيئة الزكاة والضريبة والجمارك,2026/06/19,1448/01/04,19
الخدمات الرقمية,عام,القطاع العام,خدمة إلكترونية,إثباتات المحاكم,2026/06/19,1448/01/04,18
الخدمات الرقمية,عام,القطاع العام,خدمة إلكترونية,شركة الكهرباء,2026/06/19,1448/01/04,18
منطقة الرياض,الرياض,القطاع الخاص,خدمة إلكترونية جزئيا,المطالبات والمحاكم,2026/06/19,1448/01/04,18
الخدمات الرقمية,عام,القطاع العام,خدمة إلكترونية,المؤسسات الحكومية,2026/06/19,1448/01/04,14
الخدمات الرقمية,عام,القطاع العام,خدمة إلكترونية,المنح السكنية,2026/06/19,1448/01/04,14
منطقة مكة المكرمه,جده,القطاع الخاص,خدمة إلكترونية جزئيا,المطالبات والمحاكم,2026/06/19,1448/01/04,14
الخدمات الرقمية,عام,القطاع العام,خدمة إلكترونية,الحالات الاجتماعية,2026/06/19,1448/01/04,12
الخدمات الرقمية,عام,القطاع العام,خدمة إلكترونية,صندوق التنمية الزراعية,2026/06/19,1448/01/04,12
الخدمات الرقمية,عام,القطاع العام,خدمة إلكترونية,إنهائات المحاكم,2026/06/19,1448/01/04,11
الخدمات الرقمية,عام,القطاع العام,خدمة إلكترونية,التنازل عن كامل الإرث,2026/06/19,1448/01/04,10
الخدمات الرقمية,عام,القطاع العام,خدمة إلكترونية,المنح الزراعية,2026/06/19,1448/01/04,10
منطقة الشرقية,الاحساء,القطاع الخاص,خدمة إلكترونية جزئيا,الشركات,2026/06/19,1448/01/04,9
منطقة المدينة المنوره,المدينة المنورة,القطاع الخاص,خدمة إلكترونية جزئيا,العقارات,2026/06/19,1448/01/04,9
منطقة مكة المكرمه,مكة المكرمة,القطاع الخاص,خدمة إلكترونية جزئيا,وكالة خارج المملكة العربية السعودية فقط,2026/06/19,1448/01/04,9
الخدمات الرقمية,عام,القطاع العام,خدمة إلكترونية,بنك التنمية الاجتماعية,2026/06/19,1448/01/04,8
منطقة الرياض,الرياض,القطاع الخاص,خدمة إلكترونية جزئيا,البنوك والمصارف,2026/06/19,1448/01/04,8
منطقة الرياض,الرياض,القطاع الخاص,خدمة إلكترونية جزئيا,السيارات,2026/06/19,1448/01/04,8
منطقة عسير,ابها,القطاع الخاص,خدمة إلكترونية جزئيا,العقارات,2026/06/19,1448/01/04,7
منطقة مكة المكرمه,الطائف,القطاع الخاص,خدمة إلكترونية جزئيا,العقارات,2026/06/19,1448/01/04,6
الخدمات الرقمية,كتابة عدل مدمجة - افتراضية,القطاع العام,خدمة إلكترونية جزئيا,المطالبات والمحاكم,2026/06/19,1448/01/04,5
منطقة الرياض,الرياض,القطاع الخاص,خدمة إلكترونية جزئيا,السجلات التجارية,2026/06/19,1448/01/04,5
منطقة الرياض,الرياض,القطاع الخاص,خدمة إلكترونية جزئيا,الوزارات الحكومية,2026/06/19,1448/01/04,5
منطقة الرياض,الرياض,القطاع الخاص,خدمة إلكترونية جزئيا,وزارة الموارد البشرية والتنمية الاجتماعية,2026/06/19,1448/01/04,5
منطقة القصيم,عنيزه,القطاع الخاص,خدمة إلكترونية جزئيا,العقارات,2026/06/19,1448/01/04,5
منطقة مكة المكرمه,الطائف,القطاع الخاص,خدمة إلكترونية جزئيا,المطالبات والمحاكم,2026/06/19,1448/01/04,5
منطقة مكة المكرمه,جده,القطاع الخاص,خدمة إلكترونية جزئيا,السجلات التجارية,2026/06/19,1448/01/04,5
الخدمات الرقمية,عام,القطاع العام,خدمة إلكترونية,استقدام العمالة,2026/06/19,1448/01/04,4
الخدمات الرقمية,عام,القطاع العام,خدمة إلكترونية,التوكيل على الإقرارات,2026/06/19,1448/01/04,4
الخدمات الرقمية,عام,القطاع العام,خدمة إلكترونية,تصاريح القوارب والصيد,2026/06/19,1448/01/04,4
منطقة جازان,جيزان,القطاع الخاص,خدمة إلكترونية جزئيا,المطالبات والمحاكم,2026/06/19,1448/01/04,4
منطقة مكة المكرمه,مكة المكرمة,القطاع الخاص,خدمة إلكترونية جزئيا,العقارات,2026/06/19,1448/01/04,4
الخدمات الرقمية,عام,القطاع العام,خدمة إلكترونية,البنك السعودي للتسليف والإدخار,2026/06/19,1448/01/04,3
منطقة الرياض,الرياض,القطاع الخاص,خدمة إلكترونية جزئيا,الشركات والمؤسسات الأهلية,2026/06/19,1448/01/04,3
منطقة الشرقية,حفر الباطن,القطاع الخاص,خدمة إلكترونية جزئيا,إثباتات المحاكم,2026/06/19,1448/01/04,3
الخدمات الرقمية,عام,القطاع العام,خدمة إلكترونية,أذونات المحاكم,2026/06/19,1448/01/04,2
منطقة الرياض,الخرج,القطاع الخاص,خدمة إلكترونية جزئيا,العقارات,2026/06/19,1448/01/04,2
منطقة الرياض,الدوادمي,القطاع الخاص,خدمة إلكترونية جزئيا,البنوك والمصارف,2026/06/19,1448/01/04,2
منطقة الشرقية,الدمام,القطاع الخاص,خدمة إلكترونية جزئيا,المطالبات والمحاكم,2026/06/19,1448/01/04,2
منطقة القصيم,بريده,القطاع الخاص,خدمة إلكترونية جزئيا,وزارة الموارد البشرية والتنمية الاجتماعية,2026/06/19,1448/01/04,2
منطقة تبوك,تبوك,القطاع الخاص,خدمة إلكترونية جزئيا,الجهات الأمنية,2026/06/19,1448/01/04,2
منطقة عسير,خميس مشيط,القطاع الخاص,خدمة إلكترونية جزئيا,السجلات التجارية,2026/06/19,1448/01/04,2
منطقة مكة المكرمه,جده,القطاع الخاص,خدمة إلكترونية جزئيا,البنوك والمصارف,2026/06/19,1448/01/04,2
منطقة مكة المكرمه,جده,القطاع الخاص,خدمة إلكترونية جزئيا,الجوازات,2026/06/19,1448/01/04,2
منطقة مكة المكرمه,جده,القطاع الخاص,خدمة إلكترونية جزئيا,النكاح,2026/06/19,1448/01/04,2
منطقة مكة المكرمه,جده,القطاع الخاص,خدمة إلكترونية جزئيا,الهيئات الحكومية,2026/06/19,1448/01/04,2
الخدمات الرقمية,عام,القطاع العام,خدمة إلكترونية,الرئاسات الحكومية,2026/06/19,1448/01/04,1
الخدمات الرقمية,عام,القطاع العام,خدمة إلكترونية,فسخ الوكالات,2026/06/19,1448/01/04,1
الخدمات الرقمية,كتابة عدل مدمجة - افتراضية,القطاع العام,خدمة إلكترونية جزئيا,البنوك والمصارف,2026/06/19,1448/01/04,1
الخدمات الرقمية,كتابة عدل مدمجة - افتراضية,القطاع العام,خدمة إلكترونية جزئيا,الرواتب والمستحقات,2026/06/19,1448/01/04,1
الخدمات الرقمية,كتابة عدل مدمجة - افتراضية,القطاع العام,خدمة إلكترونية جزئيا,الشركات والمؤسسات الأهلية,2026/06/19,1448/01/04,1
الخدمات الرقمية,كتابة عدل مدمجة - افتراضية,القطاع العام,خدمة إلكترونية جزئيا,العقارات,2026/06/19,1448/01/04,1
الخدمات الرقمية,كتابة عدل مدمجة - افتراضية,القطاع العام,خدمة إلكترونية جزئيا,شبكة إيجار الإلكترونية,2026/06/19,1448/01/04,1
منطقة الرياض,الرياض,القطاع الخاص,خدمة إلكترونية جزئيا,الشركات,2026/06/19,1448/01/04,1
منطقة الرياض,الرياض,القطاع الخاص,خدمة إلكترونية جزئيا,النكاح,2026/06/19,1448/01/04,1
منطقة الرياض,الرياض,القطاع العام,خدمة إلكترونية جزئيا,الأمانات والبلديات,2026/06/19,1448/01/04,1
منطقة الشرقية,الاحساء,القطاع الخاص,خدمة إلكترونية جزئيا,الجوازات,2026/06/19,1448/01/04,1
منطقة الشرقية,الخبر,القطاع الخاص,خدمة إلكترونية جزئيا,الجهات الأمنية,2026/06/19,1448/01/04,1
منطقة الشرقية,الخبر,القطاع الخاص,خدمة إلكترونية جزئيا,المطالبات والمحاكم,2026/06/19,1448/01/04,1
منطقة الشرقية,الخبر,القطاع الخاص,خدمة إلكترونية جزئيا,وكالة خارج المملكة العربية السعودية فقط,2026/06/19,1448/01/04,1
منطقة الشرقية,الدمام,القطاع الخاص,خدمة إلكترونية جزئيا,العقارات,2026/06/19,1448/01/04,1
منطقة الشرقية,الدمام,القطاع الخاص,خدمة إلكترونية جزئيا,المرور,2026/06/19,1448/01/04,1
منطقة القصيم,عنيزه,القطاع الخاص,خدمة إلكترونية جزئيا,الجهات الأمنية,2026/06/19,1448/01/04,1
منطقة المدينة المنوره,المدينة المنورة,القطاع الخاص,خدمة إلكترونية جزئيا,المطالبات والمحاكم,2026/06/19,1448/01/04,1
منطقة جازان,جيزان,القطاع الخاص,خدمة إلكترونية جزئيا,مكتب الإستقدام,2026/06/19,1448/01/04,1
منطقة عسير,خميس مشيط,القطاع الخاص,خدمة إلكترونية جزئيا,البنوك والمصارف,2026/06/19,1448/01/04,1
منطقة عسير,خميس مشيط,القطاع الخاص,خدمة إلكترونية جزئيا,العقارات,2026/06/19,1448/01/04,1
منطقة مكة المكرمه,الخرمه,القطاع الخاص,خدمة إلكترونية جزئيا,المطالبات والمحاكم,2026/06/19,1448/01/04,1
منطقة مكة المكرمه,الطائف,القطاع الخاص,خدمة إلكترونية جزئيا,شبكة إيجار الإلكترونية,2026/06/19,1448/01/04,1
منطقة مكة المكرمه,جده,القطاع الخاص,خدمة إلكترونية جزئيا,الأمانات والبلديات,2026/06/19,1448/01/04,1
منطقة مكة المكرمه,جده,القطاع الخاص,خدمة إلكترونية جزئيا,شبكة إيجار الإلكترونية,2026/06/19,1448/01/04,1
منطقة مكة المكرمه,مكة المكرمة,القطاع الخاص,خدمة إلكترونية جزئيا,السجلات التجارية,2026/06/19,1448/01/04,1
منطقة مكة المكرمه,مكة المكرمة,القطاع الخاص,خدمة إلكترونية جزئيا,السيارات,2026/06/19,1448/01/04,1
منطقة مكة المكرمه,مكة المكرمة,القطاع الخاص,خدمة إلكترونية جزئيا,المطالبات والمحاكم,2026/06/19,1448/01/04,1
الخدمات الرقمية,عام,القطاع العام,خدمة إلكترونية,المطالبات والمحاكم,2026/06/20,1448/01/05,"2,563"
الخدمات الرقمية,عام,القطاع العام,خدمة إلكترونية,العقارات,2026/06/20,1448/01/05,"2,039"
الخدمات الرقمية,عام,القطاع العام,خدمة إلكترونية,الجوازات,2026/06/20,1448/01/05,"1,410"
الخدمات الرقمية,عام,القطاع العام,خدمة إلكترونية,السيارات,2026/06/20,1448/01/05,"1,125"
الخدمات الرقمية,عام,القطاع العام,خدمة إلكترونية,البنوك والمصارف,2026/06/20,1448/01/05,739
الخدمات الرقمية,عام,القطاع العام,خدمة إلكترونية,الوزارات الحكومية,2026/06/20,1448/01/05,451
الخدمات الرقمية,عام,القطاع العام,خدمة إلكترونية,المرور,2026/06/20,1448/01/05,319
الخدمات الرقمية,عام,القطاع العام,خدمة إلكترونية,وكالة خارج المملكة العربية السعودية فقط,2026/06/20,1448/01/05,275
الخدمات الرقمية,عام,القطاع العام,خدمة إلكترونية,السجلات التجارية,2026/06/20,1448/01/05,272
الخدمات الرقمية,عام,القطاع العام,خدمة إلكترونية,الشركات والمؤسسات الأهلية,2026/06/20,1448/01/05,234
الخدمات الرقمية,عام,القطاع العام,خدمة إلكترونية,الجهات الأمنية,2026/06/20,1448/01/05,225
الخدمات الرقمية,عام,القطاع العام,خدمة إلكترونية,الأمانات والبلديات,2026/06/20,1448/01/05,170
الخدمات الرقمية,عام,القطاع العام,خدمة إلكترونية,الرواتب والمستحقات,2026/06/20,1448/01/05,157
الخدمات الرقمية,عام,القطاع العام,خدمة إلكترونية,إدارة الأحوال المدنية,2026/06/20,1448/01/05,151
الخدمات الرقمية,عام,القطاع العام,خدمة إلكترونية,وزارة الموارد البشرية والتنمية الاجتماعية,2026/06/20,1448/01/05,145
الخدمات الرقمية,عام,القطاع العام,خدمة إلكترونية,شركات الاتصالات,2026/06/20,1448/01/05,122
الخدمات الرقمية,عام,القطاع العام,خدمة إلكترونية,طلب الخدمات,2026/06/20,1448/01/05,116
الخدمات الرقمية,عام,القطاع العام,خدمة إلكترونية,شبكة إيجار الإلكترونية,2026/06/20,1448/01/05,102
منطقة الرياض,الرياض,القطاع الخاص,خدمة إلكترونية جزئيا,المطالبات والمحاكم,2026/06/20,1448/01/05,82
الخدمات الرقمية,عام,القطاع العام,خدمة إلكترونية,الهيئات الحكومية,2026/06/20,1448/01/05,75
الخدمات الرقمية,عام,القطاع العام,خدمة إلكترونية,مكتب الإستقدام,2026/06/20,1448/01/05,74
الخدمات الرقمية,عام,القطاع العام,خدمة إلكترونية,الجهات التعليمية,2026/06/20,1448/01/05,71
الخدمات الرقمية,عام,القطاع العام,خدمة إلكترونية,الشركات,2026/06/20,1448/01/05,60
الخدمات الرقمية,عام,القطاع العام,خدمة إلكترونية,النكاح,2026/06/20,1448/01/05,54
منطقة مكة المكرمه,جده,القطاع الخاص,خدمة إلكترونية جزئيا,المطالبات والمحاكم,2026/06/20,1448/01/05,54
الخدمات الرقمية,عام,القطاع العام,خدمة إلكترونية,شركة المياه,2026/06/20,1448/01/05,50
الخدمات الرقمية,عام,القطاع العام,خدمة إلكترونية,التعويضات والمساعدات,2026/06/20,1448/01/05,49
الخدمات الرقمية,عام,القطاع العام,خدمة إلكترونية,صندوق التنمية العقارية,2026/06/20,1448/01/05,44
منطقة مكة المكرمه,جده,القطاع الخاص,خدمة إلكترونية جزئيا,العقارات,2026/06/20,1448/01/05,40
الخدمات الرقمية,عام,القطاع العام,خدمة إلكترونية,إثباتات المحاكم,2026/06/20,1448/01/05,38
منطقة الرياض,الرياض,القطاع الخاص,خدمة إلكترونية جزئيا,العقارات,2026/06/20,1448/01/05,37
الخدمات الرقمية,عام,القطاع العام,خدمة إلكترونية,المنح الزراعية,2026/06/20,1448/01/05,35
الخدمات الرقمية,عام,القطاع العام,خدمة إلكترونية,العوائد السنوية,2026/06/20,1448/01/05,34
الخدمات الرقمية,عام,القطاع العام,خدمة إلكترونية,شركة الكهرباء,2026/06/20,1448/01/05,31
منطقة مكة المكرمه,مكة المكرمة,القطاع الخاص,خدمة إلكترونية جزئيا,المطالبات والمحاكم,2026/06/20,1448/01/05,28
منطقة مكة المكرمه,مكة المكرمة,القطاع الخاص,خدمة إلكترونية جزئيا,العقارات,2026/06/20,1448/01/05,24
الخدمات الرقمية,عام,القطاع العام,خدمة إلكترونية,المؤسسات الحكومية,2026/06/20,1448/01/05,22
الخدمات الرقمية,عام,القطاع العام,خدمة إلكترونية,هيئة الزكاة والضريبة والجمارك,2026/06/20,1448/01/05,21
منطقة مكة المكرمه,الطائف,القطاع الخاص,خدمة إلكترونية جزئيا,المطالبات والمحاكم,2026/06/20,1448/01/05,17
الخدمات الرقمية,عام,القطاع العام,خدمة إلكترونية,التوكيل على الإقرارات,2026/06/20,1448/01/05,16
الخدمات الرقمية,عام,القطاع العام,خدمة إلكترونية,المنح السكنية,2026/06/20,1448/01/05,16
الخدمات الرقمية,كتابة عدل مدمجة - افتراضية,القطاع العام,خدمة إلكترونية جزئيا,المطالبات والمحاكم,2026/06/20,1448/01/05,15
منطقة الرياض,الرياض,القطاع الخاص,خدمة إلكترونية جزئيا,وكالة خارج المملكة العربية السعودية فقط,2026/06/20,1448/01/05,15
منطقة الرياض,الرياض,القطاع الخاص,خدمة إلكترونية جزئيا,البنوك والمصارف,2026/06/20,1448/01/05,14
منطقة الرياض,الخرج,القطاع الخاص,خدمة إلكترونية جزئيا,السيارات,2026/06/20,1448/01/05,13
الخدمات الرقمية,كتابة عدل مدمجة - افتراضية,القطاع العام,خدمة إلكترونية جزئيا,العقارات,2026/06/20,1448/01/05,12
الخدمات الرقمية,عام,القطاع العام,خدمة إلكترونية,استقدام العمالة,2026/06/20,1448/01/05,10
منطقة مكة المكرمه,جده,القطاع الخاص,خدمة إلكترونية جزئيا,وكالة خارج المملكة العربية السعودية فقط,2026/06/20,1448/01/05,10
منطقة الرياض,الرياض,القطاع الخاص,خدمة إلكترونية جزئيا,وزارة الموارد البشرية والتنمية الاجتماعية,2026/06/20,1448/01/05,9
منطقة الشرقية,الاحساء,القطاع الخاص,خدمة إلكترونية جزئيا,الشركات,2026/06/20,1448/01/05,9
منطقة القصيم,الرس,القطاع الخاص,خدمة إلكترونية جزئيا,النكاح,2026/06/20,1448/01/05,9
منطقة الرياض,الرياض,القطاع الخاص,خدمة إلكترونية جزئيا,السجلات التجارية,2026/06/20,1448/01/05,8
منطقة القصيم,البدائع,القطاع الخاص,خدمة إلكترونية جزئيا,العقارات,2026/06/20,1448/01/05,8
الخدمات الرقمية,عام,القطاع العام,خدمة إلكترونية,البنك السعودي للتسليف والإدخار,2026/06/20,1448/01/05,7
الخدمات الرقمية,عام,القطاع العام,خدمة إلكترونية,الضمان الاجتماعي,2026/06/20,1448/01/05,7
الخدمات الرقمية,عام,القطاع العام,خدمة إلكترونية,بنك التنمية الاجتماعية,2026/06/20,1448/01/05,7
منطقة الرياض,الرياض,القطاع الخاص,خدمة إلكترونية جزئيا,السيارات,2026/06/20,1448/01/05,7
منطقة تبوك,تبوك,القطاع الخاص,خدمة إلكترونية جزئيا,المطالبات والمحاكم,2026/06/20,1448/01/05,7
الخدمات الرقمية,عام,القطاع العام,خدمة إلكترونية,التنازل عن كامل الإرث,2026/06/20,1448/01/05,6
الخدمات الرقمية,عام,القطاع العام,خدمة إلكترونية,الحالات الاجتماعية,2026/06/20,1448/01/05,6
الخدمات الرقمية,كتابة عدل مدمجة - افتراضية,القطاع العام,خدمة إلكترونية جزئيا,البنوك والمصارف,2026/06/20,1448/01/05,6
منطقة الرياض,الرياض,القطاع الخاص,خدمة إلكترونية جزئيا,الوزارات الحكومية,2026/06/20,1448/01/05,6
منطقة المدينة المنوره,المدينة المنورة,القطاع الخاص,خدمة إلكترونية جزئيا,العقارات,2026/06/20,1448/01/05,6
منطقة المدينة المنوره,المدينة المنورة,القطاع الخاص,خدمة إلكترونية جزئيا,وكالة خارج المملكة العربية السعودية فقط,2026/06/20,1448/01/05,6
منطقة مكة المكرمه,الطائف,القطاع الخاص,خدمة إلكترونية جزئيا,العقارات,2026/06/20,1448/01/05,6
منطقة مكة المكرمه,جده,القطاع الخاص,خدمة إلكترونية جزئيا,البنوك والمصارف,2026/06/20,1448/01/05,6
الخدمات الرقمية,عام,القطاع العام,خدمة إلكترونية,تصاريح القوارب والصيد,2026/06/20,1448/01/05,5
الخدمات الرقمية,كتابة عدل مدمجة - افتراضية,القطاع العام,خدمة إلكترونية جزئيا,شبكة إيجار الإلكترونية,2026/06/20,1448/01/05,5
منطقة الرياض,الرياض,القطاع الخاص,خدمة إلكترونية جزئيا,الجهات الأمنية,2026/06/20,1448/01/05,5
منطقة الشرقية,الخبر,القطاع الخاص,خدمة إلكترونية جزئيا,الوزارات الحكومية,2026/06/20,1448/01/05,5
منطقة الشرقية,حفر الباطن,القطاع الخاص,خدمة إلكترونية جزئيا,المطالبات والمحاكم,2026/06/20,1448/01/05,5
منطقة القصيم,عنيزه,القطاع الخاص,خدمة إلكترونية جزئيا,العقارات,2026/06/20,1448/01/05,5
منطقة المدينة المنوره,المدينة المنورة,القطاع الخاص,خدمة إلكترونية جزئيا,المطالبات والمحاكم,2026/06/20,1448/01/05,5
الخدمات الرقمية,عام,القطاع العام,خدمة إلكترونية,صندوق التنمية الزراعية,2026/06/20,1448/01/05,4
منطقة الرياض,الدرعيه,القطاع الخاص,خدمة إلكترونية جزئيا,المطالبات والمحاكم,2026/06/20,1448/01/05,4
منطقة الشرقية,الخبر,القطاع الخاص,خدمة إلكترونية جزئيا,العقارات,2026/06/20,1448/01/05,4
الخدمات الرقمية,عام,القطاع العام,خدمة إلكترونية,إنهائات المحاكم,2026/06/20,1448/01/05,3
الخدمات الرقمية,كتابة عدل مدمجة - افتراضية,القطاع العام,خدمة إلكترونية جزئيا,الجهات التعليمية,2026/06/20,1448/01/05,3
الخدمات الرقمية,كتابة عدل مدمجة - افتراضية,القطاع العام,خدمة إلكترونية جزئيا,المؤسسات الحكومية,2026/06/20,1448/01/05,3
منطقة الجوف,سكاكا,القطاع الخاص,خدمة إلكترونية جزئيا,المطالبات والمحاكم,2026/06/20,1448/01/05,3
منطقة الرياض,الخرج,القطاع الخاص,خدمة إلكترونية جزئيا,البنوك والمصارف,2026/06/20,1448/01/05,3
منطقة الرياض,الرياض,القطاع الخاص,خدمة إلكترونية جزئيا,الشركات,2026/06/20,1448/01/05,3
منطقة الشرقية,الاحساء,القطاع الخاص,خدمة إلكترونية جزئيا,العقارات,2026/06/20,1448/01/05,3
منطقة الشرقية,الخبر,القطاع الخاص,خدمة إلكترونية جزئيا,المطالبات والمحاكم,2026/06/20,1448/01/05,3
منطقة الشرقية,القطيف,القطاع الخاص,خدمة إلكترونية جزئيا,العقارات,2026/06/20,1448/01/05,3
منطقة القصيم,رياض الخبراء,القطاع الخاص,خدمة إلكترونية جزئيا,المطالبات والمحاكم,2026/06/20,1448/01/05,3
منطقة تبوك,تبوك,القطاع الخاص,خدمة إلكترونية جزئيا,وكالة خارج المملكة العربية السعودية فقط,2026/06/20,1448/01/05,3
منطقة عسير,ابها,القطاع الخاص,خدمة إلكترونية جزئيا,العقارات,2026/06/20,1448/01/05,3
منطقة مكة المكرمه,جده,القطاع الخاص,خدمة إلكترونية جزئيا,الجوازات,2026/06/20,1448/01/05,3
منطقة مكة المكرمه,جده,القطاع الخاص,خدمة إلكترونية جزئيا,السجلات التجارية,2026/06/20,1448/01/05,3
منطقة مكة المكرمه,جده,القطاع الخاص,خدمة إلكترونية جزئيا,وزارة الموارد البشرية والتنمية الاجتماعية,2026/06/20,1448/01/05,3
منطقة مكة المكرمه,مكة المكرمة,القطاع الخاص,خدمة إلكترونية جزئيا,شبكة إيجار الإلكترونية,2026/06/20,1448/01/05,3
منطقة مكة المكرمه,مكة المكرمة,القطاع الخاص,خدمة إلكترونية جزئيا,وكالة خارج المملكة العربية السعودية فقط,2026/06/20,1448/01/05,3
الخدمات الرقمية,عام,القطاع العام,خدمة إلكترونية,الرئاسات الحكومية,2026/06/20,1448/01/05,2
الخدمات الرقمية,عام,القطاع العام,خدمة إلكترونية,فسخ الوكالات,2026/06/20,1448/01/05,2
الخدمات الرقمية,كتابة عدل مدمجة - افتراضية,القطاع العام,خدمة إلكترونية جزئيا,النكاح,2026/06/20,1448/01/05,2
الخدمات الرقمية,كتابة عدل مدمجة - افتراضية,القطاع العام,خدمة إلكترونية جزئيا,الوزارات الحكومية,2026/06/20,1448/01/05,2
منطقة الرياض,الرياض,القطاع الخاص,خدمة إلكترونية جزئيا,الأمانات والبلديات,2026/06/20,1448/01/05,2
منطقة الرياض,عرقه,القطاع الخاص,خدمة إلكترونية جزئيا,السجلات التجارية,2026/06/20,1448/01/05,2
منطقة الشرقية,الخبر,القطاع الخاص,خدمة إلكترونية جزئيا,السجلات التجارية,2026/06/20,1448/01/05,2
منطقة الشرقية,الدمام,القطاع الخاص,خدمة إلكترونية جزئيا,العقارات,2026/06/20,1448/01/05,2
منطقة القصيم,البدائع,القطاع الخاص,خدمة إلكترونية جزئيا,المطالبات والمحاكم,2026/06/20,1448/01/05,2
منطقة القصيم,بريده,القطاع الخاص,خدمة إلكترونية جزئيا,المطالبات والمحاكم,2026/06/20,1448/01/05,2
منطقة القصيم,بريده,القطاع الخاص,خدمة إلكترونية جزئيا,وكالة خارج المملكة العربية السعودية فقط,2026/06/20,1448/01/05,2
منطقة المدينة المنوره,المدينة المنورة,القطاع الخاص,خدمة إلكترونية جزئيا,الشركات,2026/06/20,1448/01/05,2
منطقة جازان,احد المسارحه,القطاع الخاص,خدمة إلكترونية جزئيا,المنح السكنية,2026/06/20,1448/01/05,2
منطقة جازان,جيزان,القطاع الخاص,خدمة إلكترونية جزئيا,السيارات,2026/06/20,1448/01/05,2
منطقة جازان,جيزان,القطاع الخاص,خدمة إلكترونية جزئيا,مكتب الإستقدام,2026/06/20,1448/01/05,2
منطقة مكة المكرمه,الطائف,القطاع الخاص,خدمة إلكترونية جزئيا,البنوك والمصارف,2026/06/20,1448/01/05,2
منطقة مكة المكرمه,الطائف,القطاع الخاص,خدمة إلكترونية جزئيا,الرواتب والمستحقات,2026/06/20,1448/01/05,2
منطقة مكة المكرمه,جده,القطاع الخاص,خدمة إلكترونية جزئيا,السيارات,2026/06/20,1448/01/05,2
منطقة مكة المكرمه,جده,القطاع الخاص,خدمة إلكترونية جزئيا,شبكة إيجار الإلكترونية,2026/06/20,1448/01/05,2
الخدمات الرقمية,عام,القطاع العام,خدمة إلكترونية,أذونات المحاكم,2026/06/20,1448/01/05,1
الخدمات الرقمية,عام,القطاع العام,خدمة إلكترونية,البريد,2026/06/20,1448/01/05,1
الخدمات الرقمية,عام,القطاع العام,خدمة إلكترونية,بنك التصدير والاستيراد السعودي,2026/06/20,1448/01/05,1
الخدمات الرقمية,كتابة عدل مدمجة - افتراضية,القطاع العام,خدمة إلكترونية جزئيا,إدارة الأحوال المدنية,2026/06/20,1448/01/05,1
الخدمات الرقمية,كتابة عدل مدمجة - افتراضية,القطاع العام,خدمة إلكترونية جزئيا,الأمانات والبلديات,2026/06/20,1448/01/05,1
الخدمات الرقمية,كتابة عدل مدمجة - افتراضية,القطاع العام,خدمة إلكترونية جزئيا,الشركات,2026/06/20,1448/01/05,1
الخدمات الرقمية,كتابة عدل مدمجة - افتراضية,القطاع العام,خدمة إلكترونية جزئيا,المرور,2026/06/20,1448/01/05,1
الخدمات الرقمية,كتابة عدل مدمجة - افتراضية,القطاع العام,خدمة إلكترونية جزئيا,صندوق التنمية العقارية,2026/06/20,1448/01/05,1
منطقة الرياض,الخرج,القطاع الخاص,خدمة إلكترونية جزئيا,العقارات,2026/06/20,1448/01/05,1
منطقة الرياض,الرياض,القطاع الخاص,خدمة إلكترونية جزئيا,الهيئات الحكومية,2026/06/20,1448/01/05,1
منطقة الرياض,الرياض,القطاع الخاص,خدمة إلكترونية جزئيا,شبكة إيجار الإلكترونية,2026/06/20,1448/01/05,1
منطقة الرياض,الرياض,القطاع الخاص,خدمة إلكترونية جزئيا,مكتب الإستقدام,2026/06/20,1448/01/05,1
منطقة الرياض,عرقه,القطاع الخاص,خدمة إلكترونية جزئيا,شركة الكهرباء,2026/06/20,1448/01/05,1
منطقة الشرقية,الاحساء,القطاع الخاص,خدمة إلكترونية جزئيا,الوزارات الحكومية,2026/06/20,1448/01/05,1
منطقة الشرقية,الخبر,القطاع الخاص,خدمة إلكترونية جزئيا,فسخ الوكالات,2026/06/20,1448/01/05,1
منطقة الشرقية,القطيف,القطاع الخاص,خدمة إلكترونية جزئيا,المطالبات والمحاكم,2026/06/20,1448/01/05,1
منطقة الشرقية,حفر الباطن,القطاع الخاص,خدمة إلكترونية جزئيا,إثباتات المحاكم,2026/06/20,1448/01/05,1
منطقة القصيم,البدائع,القطاع الخاص,خدمة إلكترونية جزئيا,الشركات,2026/06/20,1448/01/05,1
منطقة القصيم,البكيريه,القطاع الخاص,خدمة إلكترونية جزئيا,المطالبات والمحاكم,2026/06/20,1448/01/05,1
منطقة القصيم,الرس,القطاع الخاص,خدمة إلكترونية جزئيا,المرور,2026/06/20,1448/01/05,1
منطقة القصيم,الرس,القطاع الخاص,خدمة إلكترونية جزئيا,شبكة إيجار الإلكترونية,2026/06/20,1448/01/05,1
منطقة القصيم,بريده,القطاع الخاص,خدمة إلكترونية جزئيا,السجلات التجارية,2026/06/20,1448/01/05,1
منطقة القصيم,بريده,القطاع الخاص,خدمة إلكترونية جزئيا,المؤسسات الحكومية,2026/06/20,1448/01/05,1
منطقة المدينة المنوره,المدينة المنورة,القطاع الخاص,خدمة إلكترونية جزئيا,شبكة إيجار الإلكترونية,2026/06/20,1448/01/05,1
منطقة المدينة المنوره,ينبع,القطاع الخاص,خدمة إلكترونية جزئيا,العقارات,2026/06/20,1448/01/05,1
منطقة جازان,جيزان,القطاع الخاص,خدمة إلكترونية جزئيا,وزارة الموارد البشرية والتنمية الاجتماعية,2026/06/20,1448/01/05,1
منطقة عسير,خميس مشيط,القطاع الخاص,خدمة إلكترونية جزئيا,الجهات الأمنية,2026/06/20,1448/01/05,1
منطقة عسير,خميس مشيط,القطاع الخاص,خدمة إلكترونية جزئيا,العقارات,2026/06/20,1448/01/05,1
منطقة مكة المكرمه,جده,القطاع الخاص,خدمة إلكترونية جزئيا,الأمانات والبلديات,2026/06/20,1448/01/05,1
منطقة مكة المكرمه,جده,القطاع الخاص,خدمة إلكترونية جزئيا,الشركات,2026/06/20,1448/01/05,1
منطقة مكة المكرمه,مكة المكرمة,القطاع الخاص,خدمة إلكترونية جزئيا,البنوك والمصارف,2026/06/20,1448/01/05,1
منطقة مكة المكرمه,مكة المكرمة,القطاع الخاص,خدمة إلكترونية جزئيا,الرواتب والمستحقات,2026/06/20,1448/01/05,1
منطقة مكة المكرمه,مكة المكرمة,القطاع الخاص,خدمة إلكترونية جزئيا,السيارات,2026/06/20,1448/01/05,1
منطقة نجران,نجران,القطاع الخاص,خدمة إلكترونية جزئيا,المطالبات والمحاكم,2026/06/20,1448/01/05,1
الخدمات الرقمية,عام,القطاع العام,خدمة إلكترونية,المطالبات والمحاكم,2026/06/21,1448/01/06,"4,870"
الخدمات الرقمية,عام,القطاع العام,خدمة إلكترونية,العقارات,2026/06/21,1448/01/06,"2,379"
الخدمات الرقمية,عام,القطاع العام,خدمة إلكترونية,الجوازات,2026/06/21,1448/01/06,"2,014"
الخدمات الرقمية,عام,القطاع العام,خدمة إلكترونية,السيارات,2026/06/21,1448/01/06,"1,609"
الخدمات الرقمية,عام,القطاع العام,خدمة إلكترونية,البنوك والمصارف,2026/06/21,1448/01/06,"1,475"
الخدمات الرقمية,عام,القطاع العام,خدمة إلكترونية,الوزارات الحكومية,2026/06/21,1448/01/06,742
الخدمات الرقمية,عام,القطاع العام,خدمة إلكترونية,المرور,2026/06/21,1448/01/06,515
الخدمات الرقمية,عام,القطاع العام,خدمة إلكترونية,السجلات التجارية,2026/06/21,1448/01/06,409
الخدمات الرقمية,عام,القطاع العام,خدمة إلكترونية,الشركات والمؤسسات الأهلية,2026/06/21,1448/01/06,392
الخدمات الرقمية,عام,القطاع العام,خدمة إلكترونية,الجهات الأمنية,2026/06/21,1448/01/06,376
الخدمات الرقمية,عام,القطاع العام,خدمة إلكترونية,وكالة خارج المملكة العربية السعودية فقط,2026/06/21,1448/01/06,353
منطقة الرياض,الرياض,القطاع الخاص,خدمة إلكترونية جزئيا,المطالبات والمحاكم,2026/06/21,1448/01/06,307
الخدمات الرقمية,عام,القطاع العام,خدمة إلكترونية,الأمانات والبلديات,2026/06/21,1448/01/06,275
الخدمات الرقمية,عام,القطاع العام,خدمة إلكترونية,وزارة الموارد البشرية والتنمية الاجتماعية,2026/06/21,1448/01/06,253
الخدمات الرقمية,عام,القطاع العام,خدمة إلكترونية,إدارة الأحوال المدنية,2026/06/21,1448/01/06,246
الخدمات الرقمية,عام,القطاع العام,خدمة إلكترونية,الجهات التعليمية,2026/06/21,1448/01/06,176
الخدمات الرقمية,كتابة عدل مدمجة - افتراضية,القطاع العام,خدمة إلكترونية جزئيا,المطالبات والمحاكم,2026/06/21,1448/01/06,175
الخدمات الرقمية,عام,القطاع العام,خدمة إلكترونية,طلب الخدمات,2026/06/21,1448/01/06,158
الخدمات الرقمية,عام,القطاع العام,خدمة إلكترونية,الرواتب والمستحقات,2026/06/21,1448/01/06,157
منطقة الرياض,الرياض,القطاع العام,خدمة إلكترونية جزئيا,المطالبات والمحاكم,2026/06/21,1448/01/06,153
الخدمات الرقمية,عام,القطاع العام,خدمة إلكترونية,شركات الاتصالات,2026/06/21,1448/01/06,146
منطقة مكة المكرمه,جده,القطاع الخاص,خدمة إلكترونية جزئيا,المطالبات والمحاكم,2026/06/21,1448/01/06,138
منطقة الرياض,الرياض,القطاع الخاص,خدمة إلكترونية جزئيا,العقارات,2026/06/21,1448/01/06,137
الخدمات الرقمية,عام,القطاع العام,خدمة إلكترونية,الهيئات الحكومية,2026/06/21,1448/01/06,113
منطقة مكة المكرمه,جده,القطاع الخاص,خدمة إلكترونية جزئيا,العقارات,2026/06/21,1448/01/06,101
الخدمات الرقمية,عام,القطاع العام,خدمة إلكترونية,شبكة إيجار الإلكترونية,2026/06/21,1448/01/06,99
الخدمات الرقمية,عام,القطاع العام,خدمة إلكترونية,الشركات,2026/06/21,1448/01/06,95
الخدمات الرقمية,عام,القطاع العام,خدمة إلكترونية,شركة الكهرباء,2026/06/21,1448/01/06,79
الخدمات الرقمية,عام,القطاع العام,خدمة إلكترونية,مكتب الإستقدام,2026/06/21,1448/01/06,79
الخدمات الرقمية,كتابة عدل مدمجة - افتراضية,القطاع العام,خدمة إلكترونية جزئيا,العقارات,2026/06/21,1448/01/06,78
منطقة مكة المكرمه,جده,القطاع الخاص,خدمة إلكترونية جزئيا,وكالة خارج المملكة العربية السعودية فقط,2026/06/21,1448/01/06,68
الخدمات الرقمية,عام,القطاع العام,خدمة إلكترونية,صندوق التنمية العقارية,2026/06/21,1448/01/06,66
الخدمات الرقمية,كتابة عدل مدمجة - افتراضية,القطاع العام,خدمة إلكترونية جزئيا,البنوك والمصارف,2026/06/21,1448/01/06,61
الخدمات الرقمية,عام,القطاع العام,خدمة إلكترونية,المؤسسات الحكومية,2026/06/21,1448/01/06,58
منطقة مكة المكرمه,مكة المكرمة,القطاع الخاص,خدمة إلكترونية جزئيا,المطالبات والمحاكم,2026/06/21,1448/01/06,57
الخدمات الرقمية,عام,القطاع العام,خدمة إلكترونية,النكاح,2026/06/21,1448/01/06,53
منطقة الرياض,الرياض,القطاع العام,خدمة إلكترونية جزئيا,تصديق الوكالات الخارجية,2026/06/21,1448/01/06,53
منطقة الرياض,الرياض,القطاع العام,خدمة إلكترونية جزئيا,البنوك والمصارف,2026/06/21,1448/01/06,41
الخدمات الرقمية,عام,القطاع العام,خدمة إلكترونية,التعويضات والمساعدات,2026/06/21,1448/01/06,38
الخدمات الرقمية,عام,القطاع العام,خدمة إلكترونية,شركة المياه,2026/06/21,1448/01/06,38
الخدمات الرقمية,عام,القطاع العام,خدمة إلكترونية,المنح الزراعية,2026/06/21,1448/01/06,35
منطقة الرياض,الرياض,القطاع الخاص,خدمة إلكترونية جزئيا,وكالة خارج المملكة العربية السعودية فقط,2026/06/21,1448/01/06,34
منطقة الشرقية,الدمام,القطاع الخاص,خدمة إلكترونية جزئيا,المطالبات والمحاكم,2026/06/21,1448/01/06,33
الخدمات الرقمية,عام,القطاع العام,خدمة إلكترونية,هيئة الزكاة والضريبة والجمارك,2026/06/21,1448/01/06,32
منطقة مكة المكرمه,جده,القطاع الخاص,خدمة إلكترونية جزئيا,السجلات التجارية,2026/06/21,1448/01/06,32
منطقة الرياض,الرياض,القطاع العام,خدمة إلكترونية جزئيا,الجهات الأمنية,2026/06/21,1448/01/06,31
منطقة مكة المكرمه,جده,القطاع العام,خدمة إلكترونية جزئيا,تصديق الوكالات الخارجية,2026/06/21,1448/01/06,30
الخدمات الرقمية,عام,القطاع العام,خدمة إلكترونية,العوائد السنوية,2026/06/21,1448/01/06,29
منطقة مكة المكرمه,جده,القطاع الخاص,خدمة إلكترونية جزئيا,البنوك والمصارف,2026/06/21,1448/01/06,29
منطقة مكة المكرمه,مكة المكرمة,القطاع الخاص,خدمة إلكترونية جزئيا,العقارات,2026/06/21,1448/01/06,29
الخدمات الرقمية,عام,القطاع العام,خدمة إلكترونية,المنح السكنية,2026/06/21,1448/01/06,28
الخدمات الرقمية,عام,القطاع العام,خدمة إلكترونية,إثباتات المحاكم,2026/06/21,1448/01/06,25
الخدمات الرقمية,كتابة عدل مدمجة - افتراضية,القطاع العام,خدمة إلكترونية جزئيا,شبكة إيجار الإلكترونية,2026/06/21,1448/01/06,25
منطقة مكة المكرمه,جده,القطاع الخاص,خدمة إلكترونية جزئيا,السيارات,2026/06/21,1448/01/06,25
منطقة المدينة المنوره,المدينة المنورة,القطاع الخاص,خدمة إلكترونية جزئيا,المطالبات والمحاكم,2026/06/21,1448/01/06,24
منطقة مكة المكرمه,الطائف,القطاع الخاص,خدمة إلكترونية جزئيا,المطالبات والمحاكم,2026/06/21,1448/01/06,21
الخدمات الرقمية,كتابة عدل مدمجة - افتراضية,القطاع العام,خدمة إلكترونية جزئيا,السجلات التجارية,2026/06/21,1448/01/06,20
الخدمات الرقمية,كتابة عدل مدمجة - افتراضية,القطاع العام,خدمة إلكترونية جزئيا,السيارات,2026/06/21,1448/01/06,19
منطقة الشرقية,الدمام,القطاع العام,خدمة إلكترونية جزئيا,المطالبات والمحاكم,2026/06/21,1448/01/06,19
الخدمات الرقمية,عام,القطاع العام,خدمة إلكترونية,بنك التنمية الاجتماعية,2026/06/21,1448/01/06,17
منطقة الرياض,الرياض,القطاع الخاص,خدمة إلكترونية جزئيا,الأمانات والبلديات,2026/06/21,1448/01/06,17
منطقة الرياض,الرياض,القطاع الخاص,خدمة إلكترونية جزئيا,السجلات التجارية,2026/06/21,1448/01/06,17
منطقة الشرقية,الخبر,القطاع الخاص,خدمة إلكترونية جزئيا,المطالبات والمحاكم,2026/06/21,1448/01/06,17
منطقة الشرقية,الدمام,القطاع العام,خدمة إلكترونية جزئيا,تصديق الوكالات الخارجية,2026/06/21,1448/01/06,17
منطقة الشرقية,الدمام,القطاع الخاص,خدمة إلكترونية جزئيا,العقارات,2026/06/21,1448/01/06,16
منطقة الجوف,سكاكا,القطاع الخاص,خدمة إلكترونية جزئيا,العقارات,2026/06/21,1448/01/06,15
منطقة الرياض,الرياض,القطاع الخاص,خدمة إلكترونية جزئيا,السيارات,2026/06/21,1448/01/06,15
منطقة الشرقية,الخبر,القطاع الخاص,خدمة إلكترونية جزئيا,العقارات,2026/06/21,1448/01/06,15
الخدمات الرقمية,كتابة عدل مدمجة - افتراضية,القطاع العام,خدمة إلكترونية جزئيا,الجهات التعليمية,2026/06/21,1448/01/06,14
منطقة الرياض,الرياض,القطاع العام,خدمة إلكترونية جزئيا,الوزارات الحكومية,2026/06/21,1448/01/06,14
الخدمات الرقمية,عام,القطاع العام,خدمة إلكترونية,التنازل عن كامل الإرث,2026/06/21,1448/01/06,13
منطقة الرياض,الرياض,القطاع الخاص,خدمة إلكترونية جزئيا,الشركات,2026/06/21,1448/01/06,13
منطقة الرياض,الرياض,القطاع العام,خدمة إلكترونية جزئيا,إدارة الأحوال المدنية,2026/06/21,1448/01/06,13
منطقة الرياض,الرياض,القطاع العام,خدمة إلكترونية جزئيا,المؤسسات الحكومية,2026/06/21,1448/01/06,13
الخدمات الرقمية,عام,القطاع العام,خدمة إلكترونية,إنهائات المحاكم,2026/06/21,1448/01/06,12
الخدمات الرقمية,عام,القطاع العام,خدمة إلكترونية,التوكيل على الإقرارات,2026/06/21,1448/01/06,12
الخدمات الرقمية,كتابة عدل مدمجة - افتراضية,القطاع العام,خدمة إلكترونية جزئيا,الشركات والمؤسسات الأهلية,2026/06/21,1448/01/06,12
الخدمات الرقمية,كتابة عدل مدمجة - افتراضية,القطاع العام,خدمة إلكترونية جزئيا,الوزارات الحكومية,2026/06/21,1448/01/06,12
منطقة الرياض,الرياض,القطاع الخاص,خدمة إلكترونية جزئيا,البنوك والمصارف,2026/06/21,1448/01/06,12
منطقة عسير,خميس مشيط,القطاع الخاص,خدمة إلكترونية جزئيا,العقارات,2026/06/21,1448/01/06,11
منطقة الرياض,الرياض,القطاع العام,خدمة إلكترونية جزئيا,شركات الاتصالات,2026/06/21,1448/01/06,10
منطقة القصيم,بريده,القطاع الخاص,خدمة إلكترونية جزئيا,وكالة خارج المملكة العربية السعودية فقط,2026/06/21,1448/01/06,10
منطقة عسير,المجارده,القطاع الخاص,خدمة إلكترونية جزئيا,البنوك والمصارف,2026/06/21,1448/01/06,10
منطقة الرياض,الرياض,القطاع الخاص,خدمة إلكترونية جزئيا,الوزارات الحكومية,2026/06/21,1448/01/06,9
منطقة مكة المكرمه,مكة المكرمة,القطاع الخاص,خدمة إلكترونية جزئيا,السيارات,2026/06/21,1448/01/06,9
الخدمات الرقمية,عام,القطاع العام,خدمة إلكترونية جزئيا,البنوك والمصارف,2026/06/21,1448/01/06,8
الخدمات الرقمية,عام,القطاع العام,خدمة إلكترونية جزئيا,المطالبات والمحاكم,2026/06/21,1448/01/06,8
منطقة الرياض,الرياض,القطاع العام,خدمة إلكترونية جزئيا,السيارات,2026/06/21,1448/01/06,8
منطقة القصيم,البكيريه,القطاع الخاص,خدمة إلكترونية جزئيا,العقارات,2026/06/21,1448/01/06,8
منطقة المدينة المنوره,المدينة المنورة,القطاع العام,خدمة إلكترونية جزئيا,تصديق الوكالات الخارجية,2026/06/21,1448/01/06,8
الخدمات الرقمية,عام,القطاع العام,خدمة إلكترونية,استقدام العمالة,2026/06/21,1448/01/06,7
منطقة الرياض,الرياض,القطاع الخاص,خدمة إلكترونية جزئيا,شبكة إيجار الإلكترونية,2026/06/21,1448/01/06,7
منطقة الرياض,عفيف,القطاع الخاص,خدمة إلكترونية جزئيا,المطالبات والمحاكم,2026/06/21,1448/01/06,7
منطقة القصيم,بريده,القطاع الخاص,خدمة إلكترونية جزئيا,المطالبات والمحاكم,2026/06/21,1448/01/06,7
منطقة حائل,حائل,القطاع الخاص,خدمة إلكترونية جزئيا,المطالبات والمحاكم,2026/06/21,1448/01/06,7
منطقة مكة المكرمه,الطائف,القطاع الخاص,خدمة إلكترونية جزئيا,العقارات,2026/06/21,1448/01/06,7
منطقة مكة المكرمه,مكة المكرمة,القطاع الخاص,خدمة إلكترونية جزئيا,السجلات التجارية,2026/06/21,1448/01/06,7
الخدمات الرقمية,عام,القطاع العام,خدمة إلكترونية,تصاريح القوارب والصيد,2026/06/21,1448/01/06,6
الخدمات الرقمية,عام,القطاع العام,خدمة إلكترونية جزئيا,العقارات,2026/06/21,1448/01/06,6
الخدمات الرقمية,كتابة عدل مدمجة - افتراضية,القطاع العام,خدمة إلكترونية جزئيا,الأمانات والبلديات,2026/06/21,1448/01/06,6
الخدمات الرقمية,كتابة عدل مدمجة - افتراضية,القطاع العام,خدمة إلكترونية جزئيا,الهيئات الحكومية,2026/06/21,1448/01/06,6
منطقة الرياض,الدرعيه,القطاع الخاص,خدمة إلكترونية جزئيا,المطالبات والمحاكم,2026/06/21,1448/01/06,6
منطقة الرياض,الرياض,القطاع العام,خدمة إلكترونية جزئيا,الشركات والمؤسسات الأهلية,2026/06/21,1448/01/06,6
منطقة الرياض,الرياض,القطاع العام,خدمة إلكترونية جزئيا,العقارات,2026/06/21,1448/01/06,6
منطقة تبوك,تبوك,القطاع الخاص,خدمة إلكترونية جزئيا,العقارات,2026/06/21,1448/01/06,6
منطقة جازان,جيزان,القطاع الخاص,خدمة إلكترونية جزئيا,السيارات,2026/06/21,1448/01/06,6
منطقة عسير,ابها,القطاع العام,خدمة إلكترونية جزئيا,تصديق الوكالات الخارجية,2026/06/21,1448/01/06,6
الخدمات الرقمية,عام,القطاع العام,خدمة إلكترونية,البنك السعودي للتسليف والإدخار,2026/06/21,1448/01/06,5
الخدمات الرقمية,عام,القطاع العام,خدمة إلكترونية,صندوق التنمية الزراعية,2026/06/21,1448/01/06,5
الخدمات الرقمية,كتابة عدل مدمجة - افتراضية,القطاع العام,خدمة إلكترونية جزئيا,الجوازات,2026/06/21,1448/01/06,5
منطقة الرياض,الدرعيه,القطاع الخاص,خدمة إلكترونية جزئيا,وكالة خارج المملكة العربية السعودية فقط,2026/06/21,1448/01/06,5
منطقة الرياض,الرياض,القطاع الخاص,خدمة إلكترونية جزئيا,إدارة الأحوال المدنية,2026/06/21,1448/01/06,5
منطقة القصيم,البكيريه,القطاع الخاص,خدمة إلكترونية جزئيا,المطالبات والمحاكم,2026/06/21,1448/01/06,5
منطقة عسير,ابها,القطاع الخاص,خدمة إلكترونية جزئيا,المطالبات والمحاكم,2026/06/21,1448/01/06,5
منطقة مكة المكرمه,جده,القطاع الخاص,خدمة إلكترونية جزئيا,الأمانات والبلديات,2026/06/21,1448/01/06,5
منطقة مكة المكرمه,جده,القطاع الخاص,خدمة إلكترونية جزئيا,التعويضات والمساعدات,2026/06/21,1448/01/06,5
منطقة مكة المكرمه,مكة المكرمة,القطاع العام,خدمة إلكترونية جزئيا,تصديق الوكالات الخارجية,2026/06/21,1448/01/06,5
الخدمات الرقمية,عام,القطاع العام,خدمة إلكترونية,الضمان الاجتماعي,2026/06/21,1448/01/06,4
منطقة الشرقية,الخبر,القطاع الخاص,خدمة إلكترونية جزئيا,السيارات,2026/06/21,1448/01/06,4
منطقة الشرقية,الدمام,القطاع الخاص,خدمة إلكترونية جزئيا,وكالة خارج المملكة العربية السعودية فقط,2026/06/21,1448/01/06,4
منطقة القصيم,بريده,القطاع الخاص,خدمة إلكترونية جزئيا,العقارات,2026/06/21,1448/01/06,4
منطقة المدينة المنوره,المدينة المنورة,القطاع الخاص,خدمة إلكترونية جزئيا,السجلات التجارية,2026/06/21,1448/01/06,4
منطقة المدينة المنوره,المدينة المنورة,القطاع الخاص,خدمة إلكترونية جزئيا,العقارات,2026/06/21,1448/01/06,4
منطقة تبوك,تبوك,القطاع الخاص,خدمة إلكترونية جزئيا,المطالبات والمحاكم,2026/06/21,1448/01/06,4
منطقة مكة المكرمه,جده,القطاع الخاص,خدمة إلكترونية جزئيا,المرور,2026/06/21,1448/01/06,4
منطقة مكة المكرمه,جده,القطاع العام,خدمة إلكترونية جزئيا,المطالبات والمحاكم,2026/06/21,1448/01/06,4
الخدمات الرقمية,عام,القطاع العام,خدمة إلكترونية,الحالات الاجتماعية,2026/06/21,1448/01/06,3
الخدمات الرقمية,عام,القطاع العام,خدمة إلكترونية,الرئاسات الحكومية,2026/06/21,1448/01/06,3
الخدمات الرقمية,عام,القطاع العام,خدمة إلكترونية,برنامج رسوم الأراضي البيضاء,2026/06/21,1448/01/06,3
الخدمات الرقمية,كتابة عدل مدمجة - افتراضية,القطاع العام,خدمة إلكترونية جزئيا,الجهات الأمنية,2026/06/21,1448/01/06,3
الخدمات الرقمية,كتابة عدل مدمجة - افتراضية,القطاع العام,خدمة إلكترونية جزئيا,الشركات,2026/06/21,1448/01/06,3
الخدمات الرقمية,كتابة عدل مدمجة - افتراضية,القطاع العام,خدمة إلكترونية جزئيا,المؤسسات الحكومية,2026/06/21,1448/01/06,3
الخدمات الرقمية,كتابة عدل مدمجة - افتراضية,القطاع العام,خدمة إلكترونية جزئيا,النكاح,2026/06/21,1448/01/06,3
منطقة الرياض,الدرعيه,القطاع الخاص,خدمة إلكترونية جزئيا,السجلات التجارية,2026/06/21,1448/01/06,3
منطقة الرياض,الرياض,القطاع الخاص,خدمة إلكترونية جزئيا,المؤسسات الحكومية,2026/06/21,1448/01/06,3
منطقة الرياض,الرياض,القطاع العام,خدمة إلكترونية جزئيا,الجوازات,2026/06/21,1448/01/06,3
منطقة الرياض,الرياض,القطاع العام,خدمة إلكترونية جزئيا,المرور,2026/06/21,1448/01/06,3
منطقة الرياض,الرياض,القطاع العام,خدمة إلكترونية جزئيا,وزارة الموارد البشرية والتنمية الاجتماعية,2026/06/21,1448/01/06,3
منطقة الشرقية,الخبر,القطاع الخاص,خدمة إلكترونية جزئيا,الهيئات الحكومية,2026/06/21,1448/01/06,3
منطقة الشرقية,الدمام,القطاع الخاص,خدمة إلكترونية جزئيا,البنوك والمصارف,2026/06/21,1448/01/06,3
منطقة الشرقية,الدمام,القطاع العام,خدمة إلكترونية جزئيا,المؤسسات الحكومية,2026/06/21,1448/01/06,3
منطقة القصيم,الرس,القطاع الخاص,خدمة إلكترونية جزئيا,العقارات,2026/06/21,1448/01/06,3
منطقة القصيم,بريده,القطاع الخاص,خدمة إلكترونية جزئيا,شبكة إيجار الإلكترونية,2026/06/21,1448/01/06,3
منطقة القصيم,عنيزه,القطاع الخاص,خدمة إلكترونية جزئيا,المطالبات والمحاكم,2026/06/21,1448/01/06,3
منطقة جازان,جيزان,القطاع الخاص,خدمة إلكترونية جزئيا,مكتب الإستقدام,2026/06/21,1448/01/06,3
منطقة عسير,المجارده,القطاع الخاص,خدمة إلكترونية جزئيا,المطالبات والمحاكم,2026/06/21,1448/01/06,3
منطقة عسير,خميس مشيط,القطاع الخاص,خدمة إلكترونية جزئيا,المطالبات والمحاكم,2026/06/21,1448/01/06,3
منطقة مكة المكرمه,جده,القطاع الخاص,خدمة إلكترونية جزئيا,الجهات الأمنية,2026/06/21,1448/01/06,3
منطقة مكة المكرمه,جده,القطاع الخاص,خدمة إلكترونية جزئيا,الهيئات الحكومية,2026/06/21,1448/01/06,3
منطقة مكة المكرمه,مكة المكرمة,القطاع الخاص,خدمة إلكترونية جزئيا,الجوازات,2026/06/21,1448/01/06,3
منطقة مكة المكرمه,مكة المكرمة,القطاع الخاص,خدمة إلكترونية جزئيا,الرواتب والمستحقات,2026/06/21,1448/01/06,3
منطقة مكة المكرمه,مكة المكرمة,القطاع الخاص,خدمة إلكترونية جزئيا,وكالة خارج المملكة العربية السعودية فقط,2026/06/21,1448/01/06,3
منطقة مكة المكرمه,مكة المكرمة,القطاع العام,خدمة إلكترونية جزئيا,المطالبات والمحاكم,2026/06/21,1448/01/06,3
منطقة نجران,نجران,القطاع الخاص,خدمة إلكترونية جزئيا,المطالبات والمحاكم,2026/06/21,1448/01/06,3
الخدمات الرقمية,عام,القطاع العام,خدمة إلكترونية,أذونات المحاكم,2026/06/21,1448/01/06,2
الخدمات الرقمية,كتابة عدل مدمجة - افتراضية,القطاع العام,خدمة إلكترونية جزئيا,إثباتات المحاكم,2026/06/21,1448/01/06,2
الخدمات الرقمية,كتابة عدل مدمجة - افتراضية,القطاع العام,خدمة إلكترونية جزئيا,التعويضات والمساعدات,2026/06/21,1448/01/06,2
الخدمات الرقمية,كتابة عدل مدمجة - افتراضية,القطاع العام,خدمة إلكترونية جزئيا,الرواتب والمستحقات,2026/06/21,1448/01/06,2
الخدمات الرقمية,كتابة عدل مدمجة - افتراضية,القطاع العام,خدمة إلكترونية جزئيا,شركة المياه,2026/06/21,1448/01/06,2
منطقة الجوف,سكاكا,القطاع الخاص,خدمة إلكترونية جزئيا,المطالبات والمحاكم,2026/06/21,1448/01/06,2
منطقة الرياض,الرياض,القطاع الخاص,خدمة إلكترونية جزئيا,الرواتب والمستحقات,2026/06/21,1448/01/06,2
منطقة الرياض,الرياض,القطاع الخاص,خدمة إلكترونية جزئيا,الشركات والمؤسسات الأهلية,2026/06/21,1448/01/06,2
منطقة الرياض,الرياض,القطاع العام,خدمة إلكترونية جزئيا,إنهائات المحاكم,2026/06/21,1448/01/06,2
منطقة الرياض,الرياض,القطاع العام,خدمة إلكترونية جزئيا,الرئاسات الحكومية,2026/06/21,1448/01/06,2
منطقة الرياض,الرياض,القطاع العام,خدمة إلكترونية جزئيا,الرواتب والمستحقات,2026/06/21,1448/01/06,2
منطقة الرياض,الرياض,القطاع العام,خدمة إلكترونية جزئيا,الضمان والشؤون الاجتماعية,2026/06/21,1448/01/06,2
منطقة الرياض,عرقه,القطاع الخاص,خدمة إلكترونية جزئيا,الشركات والمؤسسات الأهلية,2026/06/21,1448/01/06,2
منطقة الشرقية,الاحساء,القطاع الخاص,خدمة إلكترونية جزئيا,المطالبات والمحاكم,2026/06/21,1448/01/06,2
منطقة الشرقية,الدمام,القطاع الخاص,خدمة إلكترونية جزئيا,الشركات,2026/06/21,1448/01/06,2
منطقة الشرقية,الدمام,القطاع العام,خدمة إلكترونية جزئيا,البنوك والمصارف,2026/06/21,1448/01/06,2
منطقة الشرقية,الدمام,القطاع العام,خدمة إلكترونية جزئيا,الشركات,2026/06/21,1448/01/06,2
منطقة الشرقية,الدمام,القطاع العام,خدمة إلكترونية جزئيا,الهيئات الحكومية,2026/06/21,1448/01/06,2
منطقة الشرقية,الدمام,القطاع العام,خدمة إلكترونية جزئيا,وكالة خارج المملكة العربية السعودية فقط,2026/06/21,1448/01/06,2
منطقة القصيم,بريده,القطاع الخاص,خدمة إلكترونية جزئيا,البنوك والمصارف,2026/06/21,1448/01/06,2
منطقة القصيم,بريده,القطاع الخاص,خدمة إلكترونية جزئيا,السجلات التجارية,2026/06/21,1448/01/06,2
منطقة القصيم,عنيزه,القطاع الخاص,خدمة إلكترونية جزئيا,الأمانات والبلديات,2026/06/21,1448/01/06,2
منطقة المدينة المنوره,المدينة المنورة,القطاع الخاص,خدمة إلكترونية جزئيا,البنوك والمصارف,2026/06/21,1448/01/06,2
منطقة جازان,جيزان,القطاع الخاص,خدمة إلكترونية جزئيا,الضمان والشؤون الاجتماعية,2026/06/21,1448/01/06,2
منطقة حائل,حائل,القطاع الخاص,خدمة إلكترونية جزئيا,السجلات التجارية,2026/06/21,1448/01/06,2
منطقة عسير,ابها,القطاع الخاص,خدمة إلكترونية جزئيا,العقارات,2026/06/21,1448/01/06,2
منطقة عسير,سراة عبيده,القطاع الخاص,خدمة إلكترونية جزئيا,الأمانات والبلديات,2026/06/21,1448/01/06,2
منطقة مكة المكرمه,جده,القطاع الخاص,خدمة إلكترونية جزئيا,الجوازات,2026/06/21,1448/01/06,2
منطقة مكة المكرمه,جده,القطاع الخاص,خدمة إلكترونية جزئيا,الوزارات الحكومية,2026/06/21,1448/01/06,2
منطقة مكة المكرمه,جده,القطاع الخاص,خدمة إلكترونية جزئيا,شبكة إيجار الإلكترونية,2026/06/21,1448/01/06,2
منطقة مكة المكرمه,جده,القطاع الخاص,خدمة إلكترونية جزئيا,شركات الاتصالات,2026/06/21,1448/01/06,2
منطقة مكة المكرمه,مكة المكرمة,القطاع الخاص,خدمة إلكترونية جزئيا,الأمانات والبلديات,2026/06/21,1448/01/06,2
منطقة مكة المكرمه,مكة المكرمة,القطاع الخاص,خدمة إلكترونية جزئيا,الوزارات الحكومية,2026/06/21,1448/01/06,2
منطقة مكة المكرمه,مكة المكرمة,القطاع العام,خدمة إلكترونية جزئيا,وكالة خارج المملكة العربية السعودية فقط,2026/06/21,1448/01/06,2
الخدمات الرقمية,عام,القطاع العام,خدمة إلكترونية,البريد,2026/06/21,1448/01/06,1
الخدمات الرقمية,عام,القطاع العام,خدمة إلكترونية,صندوق التنمية الصناعية,2026/06/21,1448/01/06,1
الخدمات الرقمية,عام,القطاع العام,خدمة إلكترونية,صندوق تنمية الموارد البشرية,2026/06/21,1448/01/06,1
الخدمات الرقمية,عام,القطاع العام,خدمة إلكترونية,فسخ الوكالات,2026/06/21,1448/01/06,1
الخدمات الرقمية,عام,القطاع العام,خدمة إلكترونية,مكافآت الجامعات والمعاهد,2026/06/21,1448/01/06,1
الخدمات الرقمية,عام,القطاع العام,خدمة إلكترونية جزئيا,إدارة الأحوال المدنية,2026/06/21,1448/01/06,1
الخدمات الرقمية,عام,القطاع العام,خدمة إلكترونية جزئيا,الجهات الأمنية,2026/06/21,1448/01/06,1
الخدمات الرقمية,عام,القطاع العام,خدمة إلكترونية جزئيا,الرواتب والمستحقات,2026/06/21,1448/01/06,1
الخدمات الرقمية,عام,القطاع العام,خدمة إلكترونية جزئيا,الشركات والمؤسسات الأهلية,2026/06/21,1448/01/06,1
الخدمات الرقمية,عام,القطاع العام,خدمة إلكترونية جزئيا,المؤسسات الحكومية,2026/06/21,1448/01/06,1
الخدمات الرقمية,عام,القطاع العام,خدمة إلكترونية جزئيا,المرور,2026/06/21,1448/01/06,1
الخدمات الرقمية,عام,القطاع العام,خدمة إلكترونية جزئيا,وكالة خارج المملكة العربية السعودية فقط,2026/06/21,1448/01/06,1
الخدمات الرقمية,كتابة عدل مدمجة - افتراضية,القطاع العام,خدمة إلكترونية جزئيا,أذونات المحاكم,2026/06/21,1448/01/06,1
الخدمات الرقمية,كتابة عدل مدمجة - افتراضية,القطاع العام,خدمة إلكترونية جزئيا,إنهائات المحاكم,2026/06/21,1448/01/06,1
الخدمات الرقمية,كتابة عدل مدمجة - افتراضية,القطاع العام,خدمة إلكترونية جزئيا,الضمان والشؤون الاجتماعية,2026/06/21,1448/01/06,1
الخدمات الرقمية,كتابة عدل مدمجة - افتراضية,القطاع العام,خدمة إلكترونية جزئيا,المنح الزراعية,2026/06/21,1448/01/06,1
الخدمات الرقمية,كتابة عدل مدمجة - افتراضية,القطاع العام,خدمة إلكترونية جزئيا,شركات الاتصالات,2026/06/21,1448/01/06,1
الخدمات الرقمية,كتابة عدل مدمجة - افتراضية,القطاع العام,خدمة إلكترونية جزئيا,شركة الكهرباء,2026/06/21,1448/01/06,1
الخدمات الرقمية,كتابة عدل مدمجة - افتراضية,القطاع العام,خدمة إلكترونية جزئيا,صندوق التنمية الزراعية,2026/06/21,1448/01/06,1
الخدمات الرقمية,كتابة عدل مدمجة - افتراضية,القطاع العام,خدمة إلكترونية جزئيا,صندوق التنمية العقارية,2026/06/21,1448/01/06,1
منطقة الجوف,دومة الجندل,القطاع الخاص,خدمة إلكترونية جزئيا,المطالبات والمحاكم,2026/06/21,1448/01/06,1
منطقة الرياض,الخرج,القطاع الخاص,خدمة إلكترونية جزئيا,العقارات,2026/06/21,1448/01/06,1
منطقة الرياض,الخرج,القطاع الخاص,خدمة إلكترونية جزئيا,المطالبات والمحاكم,2026/06/21,1448/01/06,1
منطقة الرياض,الدرعيه,القطاع الخاص,خدمة إلكترونية جزئيا,العقارات,2026/06/21,1448/01/06,1
منطقة الرياض,الدرعيه,القطاع الخاص,خدمة إلكترونية جزئيا,شبكة إيجار الإلكترونية,2026/06/21,1448/01/06,1
منطقة الرياض,الدوادمي,القطاع الخاص,خدمة إلكترونية جزئيا,البنوك والمصارف,2026/06/21,1448/01/06,1
منطقة الرياض,الرياض,القطاع الخاص,خدمة إلكترونية جزئيا,الجهات الأمنية,2026/06/21,1448/01/06,1
منطقة الرياض,الرياض,القطاع الخاص,خدمة إلكترونية جزئيا,الجوازات,2026/06/21,1448/01/06,1
منطقة الرياض,الرياض,القطاع الخاص,خدمة إلكترونية جزئيا,النكاح,2026/06/21,1448/01/06,1
منطقة الرياض,الرياض,القطاع الخاص,خدمة إلكترونية جزئيا,شركة المياه,2026/06/21,1448/01/06,1
منطقة الرياض,الرياض,القطاع الخاص,خدمة إلكترونية جزئيا,صندوق التنمية العقارية,2026/06/21,1448/01/06,1
منطقة الرياض,الرياض,القطاع العام,خدمة إلكترونية جزئيا,الأمانات والبلديات,2026/06/21,1448/01/06,1
منطقة الرياض,الرياض,القطاع العام,خدمة إلكترونية جزئيا,التعويضات والمساعدات,2026/06/21,1448/01/06,1
منطقة الرياض,الرياض,القطاع العام,خدمة إلكترونية جزئيا,الجهات التعليمية,2026/06/21,1448/01/06,1
منطقة الرياض,الرياض,القطاع العام,خدمة إلكترونية جزئيا,السجلات التجارية,2026/06/21,1448/01/06,1
منطقة الرياض,الرياض,القطاع العام,خدمة إلكترونية جزئيا,النكاح,2026/06/21,1448/01/06,1
منطقة الرياض,الرياض,القطاع العام,خدمة إلكترونية جزئيا,الهيئات الحكومية,2026/06/21,1448/01/06,1
منطقة الرياض,الرياض,القطاع العام,خدمة إلكترونية جزئيا,شبكة إيجار الإلكترونية,2026/06/21,1448/01/06,1
منطقة الرياض,الرياض,القطاع العام,خدمة إلكترونية جزئيا,صندوق التنمية العقارية,2026/06/21,1448/01/06,1
منطقة الرياض,الزلفي,القطاع الخاص,خدمة إلكترونية جزئيا,المطالبات والمحاكم,2026/06/21,1448/01/06,1
منطقة الرياض,المجمعه,القطاع الخاص,خدمة إلكترونية جزئيا,المطالبات والمحاكم,2026/06/21,1448/01/06,1
منطقة الرياض,عرقه,القطاع الخاص,خدمة إلكترونية جزئيا,المطالبات والمحاكم,2026/06/21,1448/01/06,1
منطقة الشرقية,الاحساء,القطاع الخاص,خدمة إلكترونية جزئيا,السجلات التجارية,2026/06/21,1448/01/06,1
منطقة الشرقية,الاحساء,القطاع العام,خدمة إلكترونية جزئيا,إدارة الأحوال المدنية,2026/06/21,1448/01/06,1
منطقة الشرقية,الجبيل,القطاع الخاص,خدمة إلكترونية جزئيا,العقارات,2026/06/21,1448/01/06,1
منطقة الشرقية,الجبيل,القطاع الخاص,خدمة إلكترونية جزئيا,المطالبات والمحاكم,2026/06/21,1448/01/06,1
منطقة الشرقية,الخبر,القطاع الخاص,خدمة إلكترونية جزئيا,السجلات التجارية,2026/06/21,1448/01/06,1
منطقة الشرقية,الخبر,القطاع الخاص,خدمة إلكترونية جزئيا,الشركات,2026/06/21,1448/01/06,1
منطقة الشرقية,الخبر,القطاع الخاص,خدمة إلكترونية جزئيا,المرور,2026/06/21,1448/01/06,1
منطقة الشرقية,الخبر,القطاع الخاص,خدمة إلكترونية جزئيا,وكالة خارج المملكة العربية السعودية فقط,2026/06/21,1448/01/06,1
منطقة الشرقية,الدمام,القطاع الخاص,خدمة إلكترونية جزئيا,الرواتب والمستحقات,2026/06/21,1448/01/06,1
منطقة الشرقية,الدمام,القطاع العام,خدمة إلكترونية جزئيا,الأمانات والبلديات,2026/06/21,1448/01/06,1
منطقة الشرقية,الدمام,القطاع العام,خدمة إلكترونية جزئيا,الجهات الأمنية,2026/06/21,1448/01/06,1
منطقة الشرقية,الدمام,القطاع العام,خدمة إلكترونية جزئيا,السجلات التجارية,2026/06/21,1448/01/06,1
منطقة الشرقية,الدمام,القطاع العام,خدمة إلكترونية جزئيا,الشركات والمؤسسات الأهلية,2026/06/21,1448/01/06,1
منطقة الشرقية,الدمام,القطاع العام,خدمة إلكترونية جزئيا,شبكة إيجار الإلكترونية,2026/06/21,1448/01/06,1
منطقة الشرقية,حفر الباطن,القطاع الخاص,خدمة إلكترونية جزئيا,العقارات,2026/06/21,1448/01/06,1
منطقة الشرقية,حفر الباطن,القطاع الخاص,خدمة إلكترونية جزئيا,المطالبات والمحاكم,2026/06/21,1448/01/06,1
منطقة القصيم,البدائع,القطاع الخاص,خدمة إلكترونية جزئيا,السجلات التجارية,2026/06/21,1448/01/06,1
منطقة القصيم,البدائع,القطاع الخاص,خدمة إلكترونية جزئيا,الشركات,2026/06/21,1448/01/06,1
منطقة القصيم,البدائع,القطاع الخاص,خدمة إلكترونية جزئيا,العقارات,2026/06/21,1448/01/06,1
منطقة القصيم,البكيريه,القطاع الخاص,خدمة إلكترونية جزئيا,البنوك والمصارف,2026/06/21,1448/01/06,1
منطقة القصيم,الرس,القطاع الخاص,خدمة إلكترونية جزئيا,المطالبات والمحاكم,2026/06/21,1448/01/06,1
منطقة القصيم,بريده,القطاع العام,خدمة إلكترونية جزئيا,العقارات,2026/06/21,1448/01/06,1
منطقة القصيم,بريده,القطاع العام,خدمة إلكترونية جزئيا,المطالبات والمحاكم,2026/06/21,1448/01/06,1
منطقة القصيم,بريده,القطاع العام,خدمة إلكترونية جزئيا,الوزارات الحكومية,2026/06/21,1448/01/06,1
منطقة القصيم,رياض الخبراء,القطاع الخاص,خدمة إلكترونية جزئيا,العقارات,2026/06/21,1448/01/06,1
منطقة المدينة المنوره,العلا,القطاع الخاص,خدمة إلكترونية جزئيا,المطالبات والمحاكم,2026/06/21,1448/01/06,1
منطقة المدينة المنوره,المدينة المنورة,القطاع العام,خدمة إلكترونية جزئيا,إدارة الأحوال المدنية,2026/06/21,1448/01/06,1
منطقة المدينة المنوره,المدينة المنورة,القطاع العام,خدمة إلكترونية جزئيا,البنوك والمصارف,2026/06/21,1448/01/06,1
منطقة المدينة المنوره,المدينة المنورة,القطاع العام,خدمة إلكترونية جزئيا,الجهات الأمنية,2026/06/21,1448/01/06,1
منطقة المدينة المنوره,المدينة المنورة,القطاع العام,خدمة إلكترونية جزئيا,السيارات,2026/06/21,1448/01/06,1
منطقة المدينة المنوره,المدينة المنورة,القطاع العام,خدمة إلكترونية جزئيا,الشركات,2026/06/21,1448/01/06,1
منطقة المدينة المنوره,المدينة المنورة,القطاع العام,خدمة إلكترونية جزئيا,المطالبات والمحاكم,2026/06/21,1448/01/06,1
منطقة المدينة المنوره,ينبع,القطاع الخاص,خدمة إلكترونية جزئيا,المطالبات والمحاكم,2026/06/21,1448/01/06,1
منطقة تبوك,تبوك,القطاع العام,خدمة إلكترونية جزئيا,تصديق الوكالات الخارجية,2026/06/21,1448/01/06,1
منطقة جازان,جيزان,القطاع الخاص,خدمة إلكترونية جزئيا,المطالبات والمحاكم,2026/06/21,1448/01/06,1
منطقة جازان,جيزان,القطاع الخاص,خدمة إلكترونية جزئيا,الوزارات الحكومية,2026/06/21,1448/01/06,1
منطقة جازان,جيزان,القطاع العام,خدمة إلكترونية جزئيا,الرواتب والمستحقات,2026/06/21,1448/01/06,1
منطقة جازان,جيزان,القطاع العام,خدمة إلكترونية جزئيا,المطالبات والمحاكم,2026/06/21,1448/01/06,1
منطقة حائل,حائل,القطاع الخاص,خدمة إلكترونية جزئيا,العقارات,2026/06/21,1448/01/06,1
منطقة حائل,حائل,القطاع العام,خدمة إلكترونية جزئيا,تصديق الوكالات الخارجية,2026/06/21,1448/01/06,1
منطقة عسير,ابها,القطاع الخاص,خدمة إلكترونية جزئيا,البنوك والمصارف,2026/06/21,1448/01/06,1
منطقة عسير,ابها,القطاع الخاص,خدمة إلكترونية جزئيا,شبكة إيجار الإلكترونية,2026/06/21,1448/01/06,1
منطقة مكة المكرمه,الخرمه,القطاع الخاص,خدمة إلكترونية جزئيا,الشركات,2026/06/21,1448/01/06,1
منطقة مكة المكرمه,جده,القطاع الخاص,خدمة إلكترونية جزئيا,الرواتب والمستحقات,2026/06/21,1448/01/06,1
منطقة مكة المكرمه,جده,القطاع الخاص,خدمة إلكترونية جزئيا,المؤسسات الحكومية,2026/06/21,1448/01/06,1
منطقة مكة المكرمه,جده,القطاع الخاص,خدمة إلكترونية جزئيا,النكاح,2026/06/21,1448/01/06,1
منطقة مكة المكرمه,جده,القطاع الخاص,خدمة إلكترونية جزئيا,شركة الكهرباء,2026/06/21,1448/01/06,1
منطقة مكة المكرمه,جده,القطاع العام,خدمة إلكترونية جزئيا,البنوك والمصارف,2026/06/21,1448/01/06,1
منطقة مكة المكرمه,مكة المكرمة,القطاع الخاص,خدمة إلكترونية جزئيا,شبكة إيجار الإلكترونية,2026/06/21,1448/01/06,1
منطقة مكة المكرمه,مكة المكرمة,القطاع العام,خدمة إلكترونية جزئيا,العقارات,2026/06/21,1448/01/06,1
منطقة نجران,نجران,القطاع العام,خدمة إلكترونية جزئيا,تصديق الوكالات الخارجية,2026/06/21,1448/01/06,1
الخدمات الرقمية,عام,القطاع العام,خدمة إلكترونية,المطالبات والمحاكم,2026/06/22,1448/01/07,"5,429"
الخدمات الرقمية,عام,القطاع العام,خدمة إلكترونية,العقارات,2026/06/22,1448/01/07,"2,911"
الخدمات الرقمية,عام,القطاع العام,خدمة إلكترونية,الجوازات,2026/06/22,1448/01/07,"2,061"
الخدمات الرقمية,عام,القطاع العام,خدمة إلكترونية,السيارات,2026/06/22,1448/01/07,"1,734"
الخدمات الرقمية,عام,القطاع العام,خدمة إلكترونية,البنوك والمصارف,2026/06/22,1448/01/07,"1,624"
الخدمات الرقمية,عام,القطاع العام,خدمة إلكترونية,الوزارات الحكومية,2026/06/22,1448/01/07,796
الخدمات الرقمية,عام,القطاع العام,خدمة إلكترونية,المرور,2026/06/22,1448/01/07,548
الخدمات الرقمية,عام,القطاع العام,خدمة إلكترونية,السجلات التجارية,2026/06/22,1448/01/07,469
الخدمات الرقمية,عام,القطاع العام,خدمة إلكترونية,الشركات والمؤسسات الأهلية,2026/06/22,1448/01/07,453
الخدمات الرقمية,عام,القطاع العام,خدمة إلكترونية,الجهات الأمنية,2026/06/22,1448/01/07,427
الخدمات الرقمية,عام,القطاع العام,خدمة إلكترونية,وكالة خارج المملكة العربية السعودية فقط,2026/06/22,1448/01/07,369
منطقة الرياض,الرياض,القطاع الخاص,خدمة إلكترونية جزئيا,المطالبات والمحاكم,2026/06/22,1448/01/07,354
الخدمات الرقمية,عام,القطاع العام,خدمة إلكترونية,الأمانات والبلديات,2026/06/22,1448/01/07,318
الخدمات الرقمية,عام,القطاع العام,خدمة إلكترونية,إدارة الأحوال المدنية,2026/06/22,1448/01/07,294
الخدمات الرقمية,عام,القطاع العام,خدمة إلكترونية,وزارة الموارد البشرية والتنمية الاجتماعية,2026/06/22,1448/01/07,277
الخدمات الرقمية,عام,القطاع العام,خدمة إلكترونية,الجهات التعليمية,2026/06/22,1448/01/07,244
الخدمات الرقمية,عام,القطاع العام,خدمة إلكترونية,الرواتب والمستحقات,2026/06/22,1448/01/07,205
الخدمات الرقمية,عام,القطاع العام,خدمة إلكترونية,طلب الخدمات,2026/06/22,1448/01/07,203
منطقة الرياض,الرياض,القطاع العام,خدمة إلكترونية جزئيا,المطالبات والمحاكم,2026/06/22,1448/01/07,202
منطقة مكة المكرمه,جده,القطاع الخاص,خدمة إلكترونية جزئيا,المطالبات والمحاكم,2026/06/22,1448/01/07,196
الخدمات الرقمية,كتابة عدل مدمجة - افتراضية,القطاع العام,خدمة إلكترونية جزئيا,المطالبات والمحاكم,2026/06/22,1448/01/07,193
منطقة الرياض,الرياض,القطاع الخاص,خدمة إلكترونية جزئيا,العقارات,2026/06/22,1448/01/07,182
الخدمات الرقمية,عام,القطاع العام,خدمة إلكترونية,شركات الاتصالات,2026/06/22,1448/01/07,169
الخدمات الرقمية,عام,القطاع العام,خدمة إلكترونية,الهيئات الحكومية,2026/06/22,1448/01/07,146
الخدمات الرقمية,عام,القطاع العام,خدمة إلكترونية,شبكة إيجار الإلكترونية,2026/06/22,1448/01/07,120
الخدمات الرقمية,عام,القطاع العام,خدمة إلكترونية,الشركات,2026/06/22,1448/01/07,106
الخدمات الرقمية,عام,القطاع العام,خدمة إلكترونية,مكتب الإستقدام,2026/06/22,1448/01/07,79
منطقة الرياض,الرياض,القطاع العام,خدمة إلكترونية جزئيا,تصديق الوكالات الخارجية,2026/06/22,1448/01/07,78
الخدمات الرقمية,عام,القطاع العام,خدمة إلكترونية,صندوق التنمية العقارية,2026/06/22,1448/01/07,76
الخدمات الرقمية,عام,القطاع العام,خدمة إلكترونية,النكاح,2026/06/22,1448/01/07,74
منطقة مكة المكرمه,جده,القطاع الخاص,خدمة إلكترونية جزئيا,العقارات,2026/06/22,1448/01/07,74
الخدمات الرقمية,عام,القطاع العام,خدمة إلكترونية,شركة الكهرباء,2026/06/22,1448/01/07,73
الخدمات الرقمية,عام,القطاع العام,خدمة إلكترونية,شركة المياه,2026/06/22,1448/01/07,72
منطقة مكة المكرمه,جده,القطاع الخاص,خدمة إلكترونية جزئيا,وكالة خارج المملكة العربية السعودية فقط,2026/06/22,1448/01/07,65
الخدمات الرقمية,عام,القطاع العام,خدمة إلكترونية,المؤسسات الحكومية,2026/06/22,1448/01/07,64
الخدمات الرقمية,كتابة عدل مدمجة - افتراضية,القطاع العام,خدمة إلكترونية جزئيا,العقارات,2026/06/22,1448/01/07,64
منطقة مكة المكرمه,مكة المكرمة,القطاع الخاص,خدمة إلكترونية جزئيا,المطالبات والمحاكم,2026/06/22,1448/01/07,63
الخدمات الرقمية,كتابة عدل مدمجة - افتراضية,القطاع العام,خدمة إلكترونية جزئيا,البنوك والمصارف,2026/06/22,1448/01/07,62
الخدمات الرقمية,عام,القطاع العام,خدمة إلكترونية,التعويضات والمساعدات,2026/06/22,1448/01/07,54
منطقة الرياض,الرياض,القطاع الخاص,خدمة إلكترونية جزئيا,وكالة خارج المملكة العربية السعودية فقط,2026/06/22,1448/01/07,51
الخدمات الرقمية,عام,القطاع العام,خدمة إلكترونية,العوائد السنوية,2026/06/22,1448/01/07,45
منطقة الرياض,الرياض,القطاع الخاص,خدمة إلكترونية جزئيا,السجلات التجارية,2026/06/22,1448/01/07,42
منطقة الرياض,الرياض,القطاع العام,خدمة إلكترونية جزئيا,الجهات الأمنية,2026/06/22,1448/01/07,42
الخدمات الرقمية,عام,القطاع العام,خدمة إلكترونية,هيئة الزكاة والضريبة والجمارك,2026/06/22,1448/01/07,38
منطقة الرياض,الرياض,القطاع الخاص,خدمة إلكترونية جزئيا,البنوك والمصارف,2026/06/22,1448/01/07,37
الخدمات الرقمية,عام,القطاع العام,خدمة إلكترونية,المنح السكنية,2026/06/22,1448/01/07,34
منطقة الشرقية,الدمام,القطاع العام,خدمة إلكترونية جزئيا,تصديق الوكالات الخارجية,2026/06/22,1448/01/07,34
منطقة المدينة المنوره,المدينة المنورة,القطاع الخاص,خدمة إلكترونية جزئيا,المطالبات والمحاكم,2026/06/22,1448/01/07,34
الخدمات الرقمية,عام,القطاع العام,خدمة إلكترونية,إثباتات المحاكم,2026/06/22,1448/01/07,32
منطقة مكة المكرمه,جده,القطاع الخاص,خدمة إلكترونية جزئيا,البنوك والمصارف,2026/06/22,1448/01/07,31
منطقة مكة المكرمه,جده,القطاع الخاص,خدمة إلكترونية جزئيا,السجلات التجارية,2026/06/22,1448/01/07,30
منطقة مكة المكرمه,جده,القطاع العام,خدمة إلكترونية جزئيا,تصديق الوكالات الخارجية,2026/06/22,1448/01/07,28
منطقة القصيم,بريده,القطاع الخاص,خدمة إلكترونية جزئيا,المطالبات والمحاكم,2026/06/22,1448/01/07,25
الخدمات الرقمية,عام,القطاع العام,خدمة إلكترونية,المنح الزراعية,2026/06/22,1448/01/07,24
منطقة الرياض,الرياض,القطاع العام,خدمة إلكترونية جزئيا,البنوك والمصارف,2026/06/22,1448/01/07,24
الخدمات الرقمية,عام,القطاع العام,خدمة إلكترونية,التنازل عن كامل الإرث,2026/06/22,1448/01/07,23
الخدمات الرقمية,كتابة عدل مدمجة - افتراضية,القطاع العام,خدمة إلكترونية جزئيا,السيارات,2026/06/22,1448/01/07,21
منطقة الشرقية,الخبر,القطاع الخاص,خدمة إلكترونية جزئيا,المطالبات والمحاكم,2026/06/22,1448/01/07,21
الخدمات الرقمية,عام,القطاع العام,خدمة إلكترونية,التوكيل على الإقرارات,2026/06/22,1448/01/07,20
الخدمات الرقمية,كتابة عدل مدمجة - افتراضية,القطاع العام,خدمة إلكترونية جزئيا,شبكة إيجار الإلكترونية,2026/06/22,1448/01/07,20
منطقة الشرقية,الدمام,القطاع الخاص,خدمة إلكترونية جزئيا,العقارات,2026/06/22,1448/01/07,20
الخدمات الرقمية,عام,القطاع العام,خدمة إلكترونية,بنك التنمية الاجتماعية,2026/06/22,1448/01/07,19
منطقة مكة المكرمه,الطائف,القطاع الخاص,خدمة إلكترونية جزئيا,المطالبات والمحاكم,2026/06/22,1448/01/07,19
الخدمات الرقمية,عام,القطاع العام,خدمة إلكترونية,البنك السعودي للتسليف والإدخار,2026/06/22,1448/01/07,18
منطقة الرياض,الرياض,القطاع العام,خدمة إلكترونية جزئيا,الجوازات,2026/06/22,1448/01/07,18
منطقة الشرقية,الخبر,القطاع الخاص,خدمة إلكترونية جزئيا,العقارات,2026/06/22,1448/01/07,18
الخدمات الرقمية,كتابة عدل مدمجة - افتراضية,القطاع العام,خدمة إلكترونية جزئيا,الوزارات الحكومية,2026/06/22,1448/01/07,17
منطقة المدينة المنوره,المدينة المنورة,القطاع الخاص,خدمة إلكترونية جزئيا,العقارات,2026/06/22,1448/01/07,17
الخدمات الرقمية,عام,القطاع العام,خدمة إلكترونية,الحالات الاجتماعية,2026/06/22,1448/01/07,16
منطقة مكة المكرمه,مكة المكرمة,القطاع الخاص,خدمة إلكترونية جزئيا,العقارات,2026/06/22,1448/01/07,16
منطقة مكة المكرمه,جده,القطاع الخاص,خدمة إلكترونية جزئيا,السيارات,2026/06/22,1448/01/07,15
منطقة الرياض,الرياض,القطاع الخاص,خدمة إلكترونية جزئيا,الوزارات الحكومية,2026/06/22,1448/01/07,14
منطقة الرياض,الرياض,القطاع الخاص,خدمة إلكترونية جزئيا,شبكة إيجار الإلكترونية,2026/06/22,1448/01/07,14
منطقة الرياض,الرياض,القطاع العام,خدمة إلكترونية جزئيا,السيارات,2026/06/22,1448/01/07,14
الخدمات الرقمية,عام,القطاع العام,خدمة إلكترونية,إنهائات المحاكم,2026/06/22,1448/01/07,13
منطقة الرياض,الرياض,القطاع الخاص,خدمة إلكترونية جزئيا,السيارات,2026/06/22,1448/01/07,13
منطقة الرياض,الرياض,القطاع الخاص,خدمة إلكترونية جزئيا,الشركات,2026/06/22,1448/01/07,13
الخدمات الرقمية,عام,القطاع العام,خدمة إلكترونية,صندوق التنمية الزراعية,2026/06/22,1448/01/07,12
منطقة الرياض,الرياض,القطاع الخاص,خدمة إلكترونية جزئيا,الأمانات والبلديات,2026/06/22,1448/01/07,12
منطقة الرياض,الرياض,القطاع العام,خدمة إلكترونية جزئيا,العقارات,2026/06/22,1448/01/07,12
منطقة القصيم,البدائع,القطاع الخاص,خدمة إلكترونية جزئيا,العقارات,2026/06/22,1448/01/07,12
منطقة مكة المكرمه,مكة المكرمة,القطاع الخاص,خدمة إلكترونية جزئيا,السجلات التجارية,2026/06/22,1448/01/07,12
منطقة الشرقية,الدمام,القطاع الخاص,خدمة إلكترونية جزئيا,المطالبات والمحاكم,2026/06/22,1448/01/07,11
منطقة مكة المكرمه,جده,القطاع العام,خدمة إلكترونية جزئيا,المطالبات والمحاكم,2026/06/22,1448/01/07,11
منطقة مكة المكرمه,مكة المكرمة,القطاع الخاص,خدمة إلكترونية جزئيا,وكالة خارج المملكة العربية السعودية فقط,2026/06/22,1448/01/07,11
الخدمات الرقمية,عام,القطاع العام,خدمة إلكترونية,استقدام العمالة,2026/06/22,1448/01/07,10
منطقة الرياض,الرياض,القطاع العام,خدمة إلكترونية جزئيا,إدارة الأحوال المدنية,2026/06/22,1448/01/07,10
منطقة الشرقية,الجبيل,القطاع الخاص,خدمة إلكترونية جزئيا,المطالبات والمحاكم,2026/06/22,1448/01/07,10
منطقة القصيم,بريده,القطاع العام,خدمة إلكترونية جزئيا,المطالبات والمحاكم,2026/06/22,1448/01/07,10
الخدمات الرقمية,كتابة عدل مدمجة - افتراضية,القطاع العام,خدمة إلكترونية جزئيا,الشركات والمؤسسات الأهلية,2026/06/22,1448/01/07,9
منطقة الرياض,الرياض,القطاع العام,خدمة إلكترونية جزئيا,الوزارات الحكومية,2026/06/22,1448/01/07,9
منطقة الرياض,الرياض,القطاع العام,خدمة إلكترونية جزئيا,شركات الاتصالات,2026/06/22,1448/01/07,9
منطقة عسير,ابها,القطاع الخاص,خدمة إلكترونية جزئيا,العقارات,2026/06/22,1448/01/07,9
منطقة عسير,خميس مشيط,القطاع الخاص,خدمة إلكترونية جزئيا,وكالة خارج المملكة العربية السعودية فقط,2026/06/22,1448/01/07,9
منطقة مكة المكرمه,جده,القطاع الخاص,خدمة إلكترونية جزئيا,الجوازات,2026/06/22,1448/01/07,9
الخدمات الرقمية,عام,القطاع العام,خدمة إلكترونية,الضمان الاجتماعي,2026/06/22,1448/01/07,8
الخدمات الرقمية,كتابة عدل مدمجة - افتراضية,القطاع العام,خدمة إلكترونية جزئيا,الجوازات,2026/06/22,1448/01/07,8
الخدمات الرقمية,كتابة عدل مدمجة - افتراضية,القطاع العام,خدمة إلكترونية جزئيا,السجلات التجارية,2026/06/22,1448/01/07,8
منطقة الرياض,الدوادمي,القطاع الخاص,خدمة إلكترونية جزئيا,وكالة خارج المملكة العربية السعودية فقط,2026/06/22,1448/01/07,8
منطقة الشرقية,القطيف,القطاع الخاص,خدمة إلكترونية جزئيا,الوزارات الحكومية,2026/06/22,1448/01/07,8
الخدمات الرقمية,كتابة عدل مدمجة - افتراضية,القطاع العام,خدمة إلكترونية جزئيا,الأمانات والبلديات,2026/06/22,1448/01/07,7
الخدمات الرقمية,كتابة عدل مدمجة - افتراضية,القطاع العام,خدمة إلكترونية جزئيا,الجهات التعليمية,2026/06/22,1448/01/07,7
الخدمات الرقمية,كتابة عدل مدمجة - افتراضية,القطاع العام,خدمة إلكترونية جزئيا,الرواتب والمستحقات,2026/06/22,1448/01/07,7
الخدمات الرقمية,كتابة عدل مدمجة - افتراضية,القطاع العام,خدمة إلكترونية جزئيا,المؤسسات الحكومية,2026/06/22,1448/01/07,7
منطقة الرياض,الدرعيه,القطاع الخاص,خدمة إلكترونية جزئيا,المطالبات والمحاكم,2026/06/22,1448/01/07,7
منطقة الرياض,الرياض,القطاع العام,خدمة إلكترونية جزئيا,المؤسسات الحكومية,2026/06/22,1448/01/07,7
منطقة الشرقية,الاحساء,القطاع الخاص,خدمة إلكترونية جزئيا,المطالبات والمحاكم,2026/06/22,1448/01/07,7
منطقة القصيم,بريده,القطاع العام,خدمة إلكترونية جزئيا,البنوك والمصارف,2026/06/22,1448/01/07,7
منطقة المدينة المنوره,المدينة المنورة,القطاع العام,خدمة إلكترونية جزئيا,تصديق الوكالات الخارجية,2026/06/22,1448/01/07,7
منطقة تبوك,تبوك,القطاع الخاص,خدمة إلكترونية جزئيا,المطالبات والمحاكم,2026/06/22,1448/01/07,7
منطقة تبوك,تبوك,القطاع الخاص,خدمة إلكترونية جزئيا,الوزارات الحكومية,2026/06/22,1448/01/07,7
منطقة جازان,جيزان,القطاع الخاص,خدمة إلكترونية جزئيا,المطالبات والمحاكم,2026/06/22,1448/01/07,7
منطقة حائل,حائل,القطاع الخاص,خدمة إلكترونية جزئيا,وكالة خارج المملكة العربية السعودية فقط,2026/06/22,1448/01/07,7
منطقة مكة المكرمه,الطائف,القطاع الخاص,خدمة إلكترونية جزئيا,وكالة خارج المملكة العربية السعودية فقط,2026/06/22,1448/01/07,7
منطقة مكة المكرمه,جده,القطاع الخاص,خدمة إلكترونية جزئيا,الأمانات والبلديات,2026/06/22,1448/01/07,7
منطقة مكة المكرمه,جده,القطاع الخاص,خدمة إلكترونية جزئيا,شبكة إيجار الإلكترونية,2026/06/22,1448/01/07,7
الخدمات الرقمية,عام,القطاع العام,خدمة إلكترونية,مكافآت الجامعات والمعاهد,2026/06/22,1448/01/07,6
منطقة الرياض,الرياض,القطاع الخاص,خدمة إلكترونية جزئيا,وزارة الموارد البشرية والتنمية الاجتماعية,2026/06/22,1448/01/07,6
منطقة الرياض,الرياض,القطاع العام,خدمة إلكترونية جزئيا,الرواتب والمستحقات,2026/06/22,1448/01/07,6
منطقة الرياض,الرياض,القطاع العام,خدمة إلكترونية جزئيا,الشركات والمؤسسات الأهلية,2026/06/22,1448/01/07,6
منطقة الشرقية,الاحساء,القطاع الخاص,خدمة إلكترونية جزئيا,العقارات,2026/06/22,1448/01/07,6
منطقة القصيم,البدائع,القطاع الخاص,خدمة إلكترونية جزئيا,المطالبات والمحاكم,2026/06/22,1448/01/07,6
منطقة القصيم,عنيزه,القطاع الخاص,خدمة إلكترونية جزئيا,الشركات,2026/06/22,1448/01/07,6
منطقة مكة المكرمه,الطائف,القطاع الخاص,خدمة إلكترونية جزئيا,العقارات,2026/06/22,1448/01/07,6
الخدمات الرقمية,عام,القطاع العام,خدمة إلكترونية جزئيا,المطالبات والمحاكم,2026/06/22,1448/01/07,5
الخدمات الرقمية,كتابة عدل مدمجة - افتراضية,القطاع العام,خدمة إلكترونية جزئيا,الهيئات الحكومية,2026/06/22,1448/01/07,5
منطقة الرياض,الرياض,القطاع الخاص,خدمة إلكترونية جزئيا,الهيئات الحكومية,2026/06/22,1448/01/07,5
منطقة الرياض,الرياض,القطاع العام,خدمة إلكترونية جزئيا,المرور,2026/06/22,1448/01/07,5
منطقة الرياض,شقراء,القطاع الخاص,خدمة إلكترونية جزئيا,المطالبات والمحاكم,2026/06/22,1448/01/07,5
منطقة الرياض,عرقه,القطاع الخاص,خدمة إلكترونية جزئيا,المطالبات والمحاكم,2026/06/22,1448/01/07,5
منطقة الرياض,عفيف,القطاع الخاص,خدمة إلكترونية جزئيا,المطالبات والمحاكم,2026/06/22,1448/01/07,5
منطقة الشرقية,الاحساء,القطاع الخاص,خدمة إلكترونية جزئيا,الأمانات والبلديات,2026/06/22,1448/01/07,5
منطقة الشرقية,الدمام,القطاع العام,خدمة إلكترونية جزئيا,المطالبات والمحاكم,2026/06/22,1448/01/07,5
منطقة عسير,ابها,القطاع العام,خدمة إلكترونية جزئيا,تصديق الوكالات الخارجية,2026/06/22,1448/01/07,5
منطقة عسير,خميس مشيط,القطاع الخاص,خدمة إلكترونية جزئيا,المطالبات والمحاكم,2026/06/22,1448/01/07,5
منطقة مكة المكرمه,مكة المكرمة,القطاع الخاص,خدمة إلكترونية جزئيا,السيارات,2026/06/22,1448/01/07,5
الخدمات الرقمية,عام,القطاع العام,خدمة إلكترونية,أذونات المحاكم,2026/06/22,1448/01/07,4
الخدمات الرقمية,عام,القطاع العام,خدمة إلكترونية,تصاريح القوارب والصيد,2026/06/22,1448/01/07,4
الخدمات الرقمية,عام,القطاع العام,خدمة إلكترونية جزئيا,البنوك والمصارف,2026/06/22,1448/01/07,4
الخدمات الرقمية,كتابة عدل مدمجة - افتراضية,القطاع العام,خدمة إلكترونية جزئيا,إدارة الأحوال المدنية,2026/06/22,1448/01/07,4
الخدمات الرقمية,كتابة عدل مدمجة - افتراضية,القطاع العام,خدمة إلكترونية جزئيا,الشركات,2026/06/22,1448/01/07,4
الخدمات الرقمية,كتابة عدل مدمجة - افتراضية,القطاع العام,خدمة إلكترونية جزئيا,النكاح,2026/06/22,1448/01/07,4
منطقة الجوف,القريات,القطاع الخاص,خدمة إلكترونية جزئيا,المطالبات والمحاكم,2026/06/22,1448/01/07,4
منطقة الرياض,الخرج,القطاع الخاص,خدمة إلكترونية جزئيا,المطالبات والمحاكم,2026/06/22,1448/01/07,4
منطقة الرياض,الدرعيه,القطاع الخاص,خدمة إلكترونية جزئيا,البنوك والمصارف,2026/06/22,1448/01/07,4
منطقة الرياض,الرياض,القطاع الخاص,خدمة إلكترونية جزئيا,الجوازات,2026/06/22,1448/01/07,4
منطقة الرياض,الرياض,القطاع الخاص,خدمة إلكترونية جزئيا,شركة الكهرباء,2026/06/22,1448/01/07,4
منطقة الشرقية,حفر الباطن,القطاع الخاص,خدمة إلكترونية جزئيا,وكالة خارج المملكة العربية السعودية فقط,2026/06/22,1448/01/07,4
منطقة القصيم,بريده,القطاع الخاص,خدمة إلكترونية جزئيا,السجلات التجارية,2026/06/22,1448/01/07,4
منطقة القصيم,عنيزه,القطاع الخاص,خدمة إلكترونية جزئيا,البنوك والمصارف,2026/06/22,1448/01/07,4
منطقة جازان,جيزان,القطاع الخاص,خدمة إلكترونية جزئيا,العقارات,2026/06/22,1448/01/07,4
منطقة مكة المكرمه,جده,القطاع الخاص,خدمة إلكترونية جزئيا,الهيئات الحكومية,2026/06/22,1448/01/07,4
منطقة مكة المكرمه,جده,القطاع الخاص,خدمة إلكترونية جزئيا,الوزارات الحكومية,2026/06/22,1448/01/07,4
منطقة نجران,نجران,القطاع الخاص,خدمة إلكترونية جزئيا,العقارات,2026/06/22,1448/01/07,4
الخدمات الرقمية,عام,القطاع العام,خدمة إلكترونية,البريد,2026/06/22,1448/01/07,3
الخدمات الرقمية,عام,القطاع العام,خدمة إلكترونية,التراخيص الصناعية,2026/06/22,1448/01/07,3
الخدمات الرقمية,عام,القطاع العام,خدمة إلكترونية جزئيا,العقارات,2026/06/22,1448/01/07,3
الخدمات الرقمية,كتابة عدل مدمجة - افتراضية,القطاع العام,خدمة إلكترونية جزئيا,إنهائات المحاكم,2026/06/22,1448/01/07,3
منطقة الجوف,سكاكا,القطاع الخاص,خدمة إلكترونية جزئيا,العقارات,2026/06/22,1448/01/07,3
منطقة الجوف,سكاكا,القطاع الخاص,خدمة إلكترونية جزئيا,المطالبات والمحاكم,2026/06/22,1448/01/07,3
منطقة الرياض,الدرعيه,القطاع الخاص,خدمة إلكترونية جزئيا,السيارات,2026/06/22,1448/01/07,3
منطقة الرياض,الدرعيه,القطاع الخاص,خدمة إلكترونية جزئيا,العقارات,2026/06/22,1448/01/07,3
منطقة الرياض,الرياض,القطاع الخاص,خدمة إلكترونية جزئيا,المرور,2026/06/22,1448/01/07,3
منطقة الرياض,الرياض,القطاع العام,خدمة إلكترونية جزئيا,النكاح,2026/06/22,1448/01/07,3
منطقة الرياض,الرياض,القطاع العام,خدمة إلكترونية جزئيا,الهيئات الحكومية,2026/06/22,1448/01/07,3
منطقة الرياض,القويعيه,القطاع الخاص,خدمة إلكترونية جزئيا,الوزارات الحكومية,2026/06/22,1448/01/07,3
منطقة الشرقية,الاحساء,القطاع الخاص,خدمة إلكترونية جزئيا,السجلات التجارية,2026/06/22,1448/01/07,3
منطقة الشرقية,الخبر,القطاع الخاص,خدمة إلكترونية جزئيا,الجهات الأمنية,2026/06/22,1448/01/07,3
منطقة الشرقية,الخبر,القطاع الخاص,خدمة إلكترونية جزئيا,السيارات,2026/06/22,1448/01/07,3
منطقة الشرقية,الدمام,القطاع الخاص,خدمة إلكترونية جزئيا,شبكة إيجار الإلكترونية,2026/06/22,1448/01/07,3
منطقة الشرقية,الدمام,القطاع الخاص,خدمة إلكترونية جزئيا,وكالة خارج المملكة العربية السعودية فقط,2026/06/22,1448/01/07,3
منطقة القصيم,البكيريه,القطاع الخاص,خدمة إلكترونية جزئيا,البنوك والمصارف,2026/06/22,1448/01/07,3
منطقة القصيم,البكيريه,القطاع الخاص,خدمة إلكترونية جزئيا,العقارات,2026/06/22,1448/01/07,3
منطقة القصيم,بريده,القطاع الخاص,خدمة إلكترونية جزئيا,السيارات,2026/06/22,1448/01/07,3
منطقة القصيم,بريده,القطاع العام,خدمة إلكترونية جزئيا,إدارة الأحوال المدنية,2026/06/22,1448/01/07,3
منطقة تبوك,تبوك,القطاع الخاص,خدمة إلكترونية جزئيا,العقارات,2026/06/22,1448/01/07,3
منطقة تبوك,تبوك,القطاع العام,خدمة إلكترونية جزئيا,تصديق الوكالات الخارجية,2026/06/22,1448/01/07,3
منطقة جازان,جيزان,القطاع الخاص,خدمة إلكترونية جزئيا,وكالة خارج المملكة العربية السعودية فقط,2026/06/22,1448/01/07,3
منطقة حائل,حائل,القطاع الخاص,خدمة إلكترونية جزئيا,المطالبات والمحاكم,2026/06/22,1448/01/07,3
منطقة عسير,ابها,القطاع الخاص,خدمة إلكترونية جزئيا,المطالبات والمحاكم,2026/06/22,1448/01/07,3
منطقة عسير,احد رفيده,القطاع الخاص,خدمة إلكترونية جزئيا,المطالبات والمحاكم,2026/06/22,1448/01/07,3
منطقة عسير,المجارده,القطاع الخاص,خدمة إلكترونية جزئيا,المطالبات والمحاكم,2026/06/22,1448/01/07,3
منطقة عسير,خميس مشيط,القطاع الخاص,خدمة إلكترونية جزئيا,السيارات,2026/06/22,1448/01/07,3
منطقة مكة المكرمه,الطائف,القطاع الخاص,خدمة إلكترونية جزئيا,السجلات التجارية,2026/06/22,1448/01/07,3
منطقة مكة المكرمه,الطائف,القطاع الخاص,خدمة إلكترونية جزئيا,شبكة إيجار الإلكترونية,2026/06/22,1448/01/07,3
منطقة مكة المكرمه,جده,القطاع الخاص,خدمة إلكترونية جزئيا,المرور,2026/06/22,1448/01/07,3
منطقة مكة المكرمه,مكة المكرمة,القطاع الخاص,خدمة إلكترونية جزئيا,الشركات,2026/06/22,1448/01/07,3
منطقة مكة المكرمه,مكة المكرمة,القطاع الخاص,خدمة إلكترونية جزئيا,الوزارات الحكومية,2026/06/22,1448/01/07,3
منطقة مكة المكرمه,مكة المكرمة,القطاع العام,خدمة إلكترونية جزئيا,تصديق الوكالات الخارجية,2026/06/22,1448/01/07,3
منطقة نجران,نجران,القطاع الخاص,خدمة إلكترونية جزئيا,البنوك والمصارف,2026/06/22,1448/01/07,3
الخدمات الرقمية,عام,القطاع العام,خدمة إلكترونية,صندوق التنمية الصناعية,2026/06/22,1448/01/07,2
الخدمات الرقمية,عام,القطاع العام,خدمة إلكترونية جزئيا,السيارات,2026/06/22,1448/01/07,2
الخدمات الرقمية,عام,القطاع العام,خدمة إلكترونية جزئيا,شركات الاتصالات,2026/06/22,1448/01/07,2
الخدمات الرقمية,كتابة عدل مدمجة - افتراضية,القطاع العام,خدمة إلكترونية جزئيا,الجهات الأمنية,2026/06/22,1448/01/07,2
الخدمات الرقمية,كتابة عدل مدمجة - افتراضية,القطاع العام,خدمة إلكترونية جزئيا,الضمان والشؤون الاجتماعية,2026/06/22,1448/01/07,2
الخدمات الرقمية,كتابة عدل مدمجة - افتراضية,القطاع العام,خدمة إلكترونية جزئيا,شركة الكهرباء,2026/06/22,1448/01/07,2
الخدمات الرقمية,كتابة عدل مدمجة - افتراضية,القطاع العام,خدمة إلكترونية جزئيا,وزارة الموارد البشرية والتنمية الاجتماعية,2026/06/22,1448/01/07,2
منطقة الباحة,العقيق,القطاع الخاص,خدمة إلكترونية جزئيا,العقارات,2026/06/22,1448/01/07,2
منطقة الحدود الشمالية,عرعر,القطاع الخاص,خدمة إلكترونية جزئيا,المطالبات والمحاكم,2026/06/22,1448/01/07,2
منطقة الرياض,الدرعيه,القطاع الخاص,خدمة إلكترونية جزئيا,الجهات الأمنية,2026/06/22,1448/01/07,2
منطقة الرياض,الرياض,القطاع الخاص,خدمة إلكترونية جزئيا,إدارة الأحوال المدنية,2026/06/22,1448/01/07,2
منطقة الرياض,الرياض,القطاع الخاص,خدمة إلكترونية جزئيا,الرواتب والمستحقات,2026/06/22,1448/01/07,2
منطقة الرياض,الرياض,القطاع العام,خدمة إلكترونية جزئيا,إنهائات المحاكم,2026/06/22,1448/01/07,2
منطقة الرياض,الرياض,القطاع العام,خدمة إلكترونية جزئيا,السجلات التجارية,2026/06/22,1448/01/07,2
منطقة الرياض,الرياض,القطاع العام,خدمة إلكترونية جزئيا,الضمان والشؤون الاجتماعية,2026/06/22,1448/01/07,2
منطقة الرياض,القويعيه,القطاع الخاص,خدمة إلكترونية جزئيا,الضمان والشؤون الاجتماعية,2026/06/22,1448/01/07,2
منطقة الرياض,عرقه,القطاع الخاص,خدمة إلكترونية جزئيا,البنوك والمصارف,2026/06/22,1448/01/07,2
منطقة الشرقية,الخبر,القطاع الخاص,خدمة إلكترونية جزئيا,الأمانات والبلديات,2026/06/22,1448/01/07,2
منطقة الشرقية,الخبر,القطاع الخاص,خدمة إلكترونية جزئيا,السجلات التجارية,2026/06/22,1448/01/07,2
منطقة الشرقية,الخبر,القطاع الخاص,خدمة إلكترونية جزئيا,الهيئات الحكومية,2026/06/22,1448/01/07,2
منطقة الشرقية,الدمام,القطاع الخاص,خدمة إلكترونية جزئيا,السجلات التجارية,2026/06/22,1448/01/07,2
منطقة الشرقية,حفر الباطن,القطاع الخاص,خدمة إلكترونية جزئيا,المطالبات والمحاكم,2026/06/22,1448/01/07,2
منطقة القصيم,البكيريه,القطاع الخاص,خدمة إلكترونية جزئيا,المطالبات والمحاكم,2026/06/22,1448/01/07,2
منطقة القصيم,الرس,القطاع الخاص,خدمة إلكترونية جزئيا,المطالبات والمحاكم,2026/06/22,1448/01/07,2
منطقة القصيم,بريده,القطاع الخاص,خدمة إلكترونية جزئيا,العقارات,2026/06/22,1448/01/07,2
منطقة القصيم,بريده,القطاع الخاص,خدمة إلكترونية جزئيا,وكالة خارج المملكة العربية السعودية فقط,2026/06/22,1448/01/07,2
منطقة القصيم,بريده,القطاع العام,خدمة إلكترونية جزئيا,الجهات الأمنية,2026/06/22,1448/01/07,2
منطقة القصيم,بريده,القطاع العام,خدمة إلكترونية جزئيا,الجوازات,2026/06/22,1448/01/07,2
منطقة القصيم,بريده,القطاع العام,خدمة إلكترونية جزئيا,السيارات,2026/06/22,1448/01/07,2
منطقة القصيم,بريده,القطاع العام,خدمة إلكترونية جزئيا,تصديق الوكالات الخارجية,2026/06/22,1448/01/07,2
منطقة المدينة المنوره,المدينة المنورة,القطاع الخاص,خدمة إلكترونية جزئيا,شبكة إيجار الإلكترونية,2026/06/22,1448/01/07,2
منطقة تبوك,تبوك,القطاع الخاص,خدمة إلكترونية جزئيا,وكالة خارج المملكة العربية السعودية فقط,2026/06/22,1448/01/07,2
منطقة جازان,ابو عريش,القطاع الخاص,خدمة إلكترونية جزئيا,المطالبات والمحاكم,2026/06/22,1448/01/07,2
منطقة حائل,حائل,القطاع الخاص,خدمة إلكترونية جزئيا,السيارات,2026/06/22,1448/01/07,2
منطقة عسير,ابها,القطاع الخاص,خدمة إلكترونية جزئيا,السجلات التجارية,2026/06/22,1448/01/07,2
منطقة عسير,محايل عسير,القطاع الخاص,خدمة إلكترونية جزئيا,شركة المياه,2026/06/22,1448/01/07,2
منطقة مكة المكرمه,جده,القطاع الخاص,خدمة إلكترونية جزئيا,الجهات الأمنية,2026/06/22,1448/01/07,2
منطقة مكة المكرمه,جده,القطاع الخاص,خدمة إلكترونية جزئيا,الجهات التعليمية,2026/06/22,1448/01/07,2
منطقة مكة المكرمه,جده,القطاع الخاص,خدمة إلكترونية جزئيا,المنح الزراعية,2026/06/22,1448/01/07,2
منطقة مكة المكرمه,جده,القطاع العام,خدمة إلكترونية جزئيا,البنوك والمصارف,2026/06/22,1448/01/07,2
منطقة مكة المكرمه,جده,القطاع العام,خدمة إلكترونية جزئيا,الهيئات الحكومية,2026/06/22,1448/01/07,2
منطقة مكة المكرمه,مكة المكرمة,القطاع الخاص,خدمة إلكترونية جزئيا,شبكة إيجار الإلكترونية,2026/06/22,1448/01/07,2
الخدمات الرقمية,عام,القطاع العام,خدمة إلكترونية,الرئاسات الحكومية,2026/06/22,1448/01/07,1
الخدمات الرقمية,عام,القطاع العام,خدمة إلكترونية,بنك التصدير والاستيراد السعودي,2026/06/22,1448/01/07,1
الخدمات الرقمية,عام,القطاع العام,خدمة إلكترونية,فسخ الوكالات,2026/06/22,1448/01/07,1
الخدمات الرقمية,عام,القطاع العام,خدمة إلكترونية جزئيا,الجهات الأمنية,2026/06/22,1448/01/07,1
الخدمات الرقمية,عام,القطاع العام,خدمة إلكترونية جزئيا,الرواتب والمستحقات,2026/06/22,1448/01/07,1
الخدمات الرقمية,عام,القطاع العام,خدمة إلكترونية جزئيا,الوزارات الحكومية,2026/06/22,1448/01/07,1
الخدمات الرقمية,كتابة عدل مدمجة - افتراضية,القطاع العام,خدمة إلكترونية جزئيا,إثباتات المحاكم,2026/06/22,1448/01/07,1
الخدمات الرقمية,كتابة عدل مدمجة - افتراضية,القطاع العام,خدمة إلكترونية جزئيا,أذونات المحاكم,2026/06/22,1448/01/07,1
الخدمات الرقمية,كتابة عدل مدمجة - افتراضية,القطاع العام,خدمة إلكترونية جزئيا,المنح السكنية,2026/06/22,1448/01/07,1
الخدمات الرقمية,كتابة عدل مدمجة - افتراضية,القطاع العام,خدمة إلكترونية جزئيا,شركة المياه,2026/06/22,1448/01/07,1
منطقة الجوف,دومة الجندل,القطاع الخاص,خدمة إلكترونية جزئيا,المطالبات والمحاكم,2026/06/22,1448/01/07,1
منطقة الرياض,الافلاج,القطاع الخاص,خدمة إلكترونية جزئيا,شركة الكهرباء,2026/06/22,1448/01/07,1
منطقة الرياض,الخرج,القطاع الخاص,خدمة إلكترونية جزئيا,العقارات,2026/06/22,1448/01/07,1
منطقة الرياض,الدرعيه,القطاع الخاص,خدمة إلكترونية جزئيا,السجلات التجارية,2026/06/22,1448/01/07,1
منطقة الرياض,الدرعيه,القطاع الخاص,خدمة إلكترونية جزئيا,الوزارات الحكومية,2026/06/22,1448/01/07,1
منطقة الرياض,الرياض,القطاع الخاص,خدمة إلكترونية جزئيا,المنح الزراعية,2026/06/22,1448/01/07,1
منطقة الرياض,الرياض,القطاع العام,خدمة إلكترونية جزئيا,الأمانات والبلديات,2026/06/22,1448/01/07,1
منطقة الرياض,القويعيه,القطاع الخاص,خدمة إلكترونية جزئيا,التعويضات والمساعدات,2026/06/22,1448/01/07,1
منطقة الرياض,المجمعه,القطاع الخاص,خدمة إلكترونية جزئيا,المطالبات والمحاكم,2026/06/22,1448/01/07,1
منطقة الرياض,عرقه,القطاع الخاص,خدمة إلكترونية جزئيا,الشركات والمؤسسات الأهلية,2026/06/22,1448/01/07,1
منطقة الشرقية,الاحساء,القطاع الخاص,خدمة إلكترونية جزئيا,الجهات التعليمية,2026/06/22,1448/01/07,1
منطقة الشرقية,الاحساء,القطاع الخاص,خدمة إلكترونية جزئيا,شركة الكهرباء,2026/06/22,1448/01/07,1
منطقة الشرقية,الخبر,القطاع الخاص,خدمة إلكترونية جزئيا,المرور,2026/06/22,1448/01/07,1
منطقة الشرقية,الخبر,القطاع الخاص,خدمة إلكترونية جزئيا,وكالة خارج المملكة العربية السعودية فقط,2026/06/22,1448/01/07,1
منطقة الشرقية,الدمام,القطاع الخاص,خدمة إلكترونية جزئيا,البنوك والمصارف,2026/06/22,1448/01/07,1
منطقة الشرقية,الدمام,القطاع الخاص,خدمة إلكترونية جزئيا,الهيئات الحكومية,2026/06/22,1448/01/07,1
منطقة الشرقية,الدمام,القطاع العام,خدمة إلكترونية جزئيا,السجلات التجارية,2026/06/22,1448/01/07,1
منطقة الشرقية,الدمام,القطاع العام,خدمة إلكترونية جزئيا,الشركات,2026/06/22,1448/01/07,1
منطقة الشرقية,الدمام,القطاع العام,خدمة إلكترونية جزئيا,العقارات,2026/06/22,1448/01/07,1
منطقة الشرقية,الدمام,القطاع العام,خدمة إلكترونية جزئيا,وكالة خارج المملكة العربية السعودية فقط,2026/06/22,1448/01/07,1
منطقة الشرقية,القطيف,القطاع الخاص,خدمة إلكترونية جزئيا,السجلات التجارية,2026/06/22,1448/01/07,1
منطقة الشرقية,حفر الباطن,القطاع الخاص,خدمة إلكترونية جزئيا,الجهات الأمنية,2026/06/22,1448/01/07,1
منطقة القصيم,الرس,القطاع الخاص,خدمة إلكترونية جزئيا,العقارات,2026/06/22,1448/01/07,1
منطقة القصيم,بريده,القطاع العام,خدمة إلكترونية جزئيا,التنازل عن كامل الإرث,2026/06/22,1448/01/07,1
منطقة القصيم,بريده,القطاع العام,خدمة إلكترونية جزئيا,الرواتب والمستحقات,2026/06/22,1448/01/07,1
منطقة القصيم,بريده,القطاع العام,خدمة إلكترونية جزئيا,العقارات,2026/06/22,1448/01/07,1
منطقة القصيم,بريده,القطاع العام,خدمة إلكترونية جزئيا,المرور,2026/06/22,1448/01/07,1
منطقة القصيم,بريده,القطاع العام,خدمة إلكترونية جزئيا,النكاح,2026/06/22,1448/01/07,1
منطقة القصيم,عقلة الصقور,القطاع الخاص,خدمة إلكترونية جزئيا,الرواتب والمستحقات,2026/06/22,1448/01/07,1
منطقة المدينة المنوره,الحناكية,القطاع الخاص,خدمة إلكترونية جزئيا,المطالبات والمحاكم,2026/06/22,1448/01/07,1
منطقة المدينة المنوره,المدينة المنورة,القطاع الخاص,خدمة إلكترونية جزئيا,السجلات التجارية,2026/06/22,1448/01/07,1
منطقة المدينة المنوره,المدينة المنورة,القطاع العام,خدمة إلكترونية جزئيا,الأمانات والبلديات,2026/06/22,1448/01/07,1
منطقة المدينة المنوره,المدينة المنورة,القطاع العام,خدمة إلكترونية جزئيا,البنوك والمصارف,2026/06/22,1448/01/07,1
منطقة المدينة المنوره,المدينة المنورة,القطاع العام,خدمة إلكترونية جزئيا,العقارات,2026/06/22,1448/01/07,1
منطقة المدينة المنوره,المدينة المنورة,القطاع العام,خدمة إلكترونية جزئيا,المطالبات والمحاكم,2026/06/22,1448/01/07,1
منطقة المدينة المنوره,المدينة المنورة,القطاع العام,خدمة إلكترونية جزئيا,وكالة خارج المملكة العربية السعودية فقط,2026/06/22,1448/01/07,1
منطقة جازان,جيزان,القطاع الخاص,خدمة إلكترونية جزئيا,السيارات,2026/06/22,1448/01/07,1
منطقة جازان,جيزان,القطاع العام,خدمة إلكترونية جزئيا,البنوك والمصارف,2026/06/22,1448/01/07,1
منطقة جازان,جيزان,القطاع العام,خدمة إلكترونية جزئيا,النكاح,2026/06/22,1448/01/07,1
منطقة جازان,صامطه,القطاع الخاص,خدمة إلكترونية جزئيا,المرور,2026/06/22,1448/01/07,1
منطقة حائل,حائل,القطاع الخاص,خدمة إلكترونية جزئيا,العقارات,2026/06/22,1448/01/07,1
منطقة حائل,حائل,القطاع العام,خدمة إلكترونية جزئيا,تصديق الوكالات الخارجية,2026/06/22,1448/01/07,1
منطقة عسير,خميس مشيط,القطاع العام,خدمة إلكترونية جزئيا,المطالبات والمحاكم,2026/06/22,1448/01/07,1
منطقة مكة المكرمه,الخرمه,القطاع الخاص,خدمة إلكترونية جزئيا,الشركات,2026/06/22,1448/01/07,1
منطقة مكة المكرمه,الطائف,القطاع الخاص,خدمة إلكترونية جزئيا,السيارات,2026/06/22,1448/01/07,1
منطقة مكة المكرمه,جده,القطاع الخاص,خدمة إلكترونية جزئيا,التعويضات والمساعدات,2026/06/22,1448/01/07,1
منطقة مكة المكرمه,جده,القطاع الخاص,خدمة إلكترونية جزئيا,الشركات,2026/06/22,1448/01/07,1
منطقة مكة المكرمه,جده,القطاع الخاص,خدمة إلكترونية جزئيا,النكاح,2026/06/22,1448/01/07,1
منطقة مكة المكرمه,جده,القطاع الخاص,خدمة إلكترونية جزئيا,وزارة الموارد البشرية والتنمية الاجتماعية,2026/06/22,1448/01/07,1
منطقة مكة المكرمه,جده,القطاع العام,خدمة إلكترونية جزئيا,الجوازات,2026/06/22,1448/01/07,1
منطقة مكة المكرمه,جده,القطاع العام,خدمة إلكترونية جزئيا,السجلات التجارية,2026/06/22,1448/01/07,1
منطقة مكة المكرمه,جده,القطاع العام,خدمة إلكترونية جزئيا,العقارات,2026/06/22,1448/01/07,1
منطقة مكة المكرمه,جده,القطاع العام,خدمة إلكترونية جزئيا,وزارة الموارد البشرية والتنمية الاجتماعية,2026/06/22,1448/01/07,1
منطقة مكة المكرمه,مكة المكرمة,القطاع الخاص,خدمة إلكترونية جزئيا,الأمانات والبلديات,2026/06/22,1448/01/07,1
منطقة مكة المكرمه,مكة المكرمة,القطاع الخاص,خدمة إلكترونية جزئيا,الهيئات الحكومية,2026/06/22,1448/01/07,1
منطقة مكة المكرمه,مكة المكرمة,القطاع الخاص,خدمة إلكترونية جزئيا,شركات الاتصالات,2026/06/22,1448/01/07,1
منطقة مكة المكرمه,مكة المكرمة,القطاع العام,خدمة إلكترونية جزئيا,الحالات الاجتماعية,2026/06/22,1448/01/07,1
منطقة مكة المكرمه,مكة المكرمة,القطاع العام,خدمة إلكترونية جزئيا,السيارات,2026/06/22,1448/01/07,1
منطقة مكة المكرمه,مكة المكرمة,القطاع العام,خدمة إلكترونية جزئيا,الشركات,2026/06/22,1448/01/07,1
منطقة مكة المكرمه,مكة المكرمة,القطاع العام,خدمة إلكترونية جزئيا,العقارات,2026/06/22,1448/01/07,1
منطقة مكة المكرمه,مكة المكرمة,القطاع العام,خدمة إلكترونية جزئيا,المطالبات والمحاكم,2026/06/22,1448/01/07,1
منطقة مكة المكرمه,مكة المكرمة,القطاع العام,خدمة إلكترونية جزئيا,شركات الاتصالات,2026/06/22,1448/01/07,1
منطقة مكة المكرمه,مكة المكرمة,القطاع العام,خدمة إلكترونية جزئيا,وكالة خارج المملكة العربية السعودية فقط,2026/06/22,1448/01/07,1
منطقة نجران,نجران,القطاع الخاص,خدمة إلكترونية جزئيا,السجلات التجارية,2026/06/22,1448/01/07,1
الخدمات الرقمية,عام,القطاع العام,خدمة إلكترونية,المطالبات والمحاكم,2026/06/23,1448/01/08,"5,236"
الخدمات الرقمية,عام,القطاع العام,خدمة إلكترونية,العقارات,2026/06/23,1448/01/08,"2,945"
الخدمات الرقمية,عام,القطاع العام,خدمة إلكترونية,الجوازات,2026/06/23,1448/01/08,"2,064"
الخدمات الرقمية,عام,القطاع العام,خدمة إلكترونية,البنوك والمصارف,2026/06/23,1448/01/08,"1,660"
الخدمات الرقمية,عام,القطاع العام,خدمة إلكترونية,السيارات,2026/06/23,1448/01/08,"1,653"
الخدمات الرقمية,عام,القطاع العام,خدمة إلكترونية,الوزارات الحكومية,2026/06/23,1448/01/08,836
الخدمات الرقمية,عام,القطاع العام,خدمة إلكترونية,المرور,2026/06/23,1448/01/08,556
الخدمات الرقمية,عام,القطاع العام,خدمة إلكترونية,الشركات والمؤسسات الأهلية,2026/06/23,1448/01/08,450
الخدمات الرقمية,عام,القطاع العام,خدمة إلكترونية,السجلات التجارية,2026/06/23,1448/01/08,439
الخدمات الرقمية,عام,القطاع العام,خدمة إلكترونية,الجهات الأمنية,2026/06/23,1448/01/08,429
الخدمات الرقمية,عام,القطاع العام,خدمة إلكترونية,وكالة خارج المملكة العربية السعودية فقط,2026/06/23,1448/01/08,355
منطقة الرياض,الرياض,القطاع الخاص,خدمة إلكترونية جزئيا,المطالبات والمحاكم,2026/06/23,1448/01/08,308
الخدمات الرقمية,عام,القطاع العام,خدمة إلكترونية,الجهات التعليمية,2026/06/23,1448/01/08,291
الخدمات الرقمية,عام,القطاع العام,خدمة إلكترونية,إدارة الأحوال المدنية,2026/06/23,1448/01/08,278
الخدمات الرقمية,عام,القطاع العام,خدمة إلكترونية,وزارة الموارد البشرية والتنمية الاجتماعية,2026/06/23,1448/01/08,267
الخدمات الرقمية,عام,القطاع العام,خدمة إلكترونية,الأمانات والبلديات,2026/06/23,1448/01/08,256
الخدمات الرقمية,عام,القطاع العام,خدمة إلكترونية,الرواتب والمستحقات,2026/06/23,1448/01/08,209
الخدمات الرقمية,كتابة عدل مدمجة - افتراضية,القطاع العام,خدمة إلكترونية جزئيا,المطالبات والمحاكم,2026/06/23,1448/01/08,187
الخدمات الرقمية,عام,القطاع العام,خدمة إلكترونية,الهيئات الحكومية,2026/06/23,1448/01/08,186
منطقة مكة المكرمه,جده,القطاع الخاص,خدمة إلكترونية جزئيا,المطالبات والمحاكم,2026/06/23,1448/01/08,179
الخدمات الرقمية,عام,القطاع العام,خدمة إلكترونية,طلب الخدمات,2026/06/23,1448/01/08,168
الخدمات الرقمية,عام,القطاع العام,خدمة إلكترونية,شركات الاتصالات,2026/06/23,1448/01/08,159
منطقة الرياض,الرياض,القطاع الخاص,خدمة إلكترونية جزئيا,العقارات,2026/06/23,1448/01/08,139
منطقة الرياض,الرياض,القطاع العام,خدمة إلكترونية جزئيا,المطالبات والمحاكم,2026/06/23,1448/01/08,133
الخدمات الرقمية,عام,القطاع العام,خدمة إلكترونية,الشركات,2026/06/23,1448/01/08,115
الخدمات الرقمية,عام,القطاع العام,خدمة إلكترونية,شبكة إيجار الإلكترونية,2026/06/23,1448/01/08,112
الخدمات الرقمية,عام,القطاع العام,خدمة إلكترونية,النكاح,2026/06/23,1448/01/08,82
الخدمات الرقمية,عام,القطاع العام,خدمة إلكترونية,مكتب الإستقدام,2026/06/23,1448/01/08,81
الخدمات الرقمية,عام,القطاع العام,خدمة إلكترونية,شركة الكهرباء,2026/06/23,1448/01/08,79
منطقة الرياض,الرياض,القطاع العام,خدمة إلكترونية جزئيا,تصديق الوكالات الخارجية,2026/06/23,1448/01/08,78
الخدمات الرقمية,عام,القطاع العام,خدمة إلكترونية,التعويضات والمساعدات,2026/06/23,1448/01/08,69
الخدمات الرقمية,عام,القطاع العام,خدمة إلكترونية,صندوق التنمية العقارية,2026/06/23,1448/01/08,69
الخدمات الرقمية,كتابة عدل مدمجة - افتراضية,القطاع العام,خدمة إلكترونية جزئيا,العقارات,2026/06/23,1448/01/08,69
الخدمات الرقمية,عام,القطاع العام,خدمة إلكترونية,شركة المياه,2026/06/23,1448/01/08,68
منطقة مكة المكرمه,مكة المكرمة,القطاع الخاص,خدمة إلكترونية جزئيا,المطالبات والمحاكم,2026/06/23,1448/01/08,59
الخدمات الرقمية,كتابة عدل مدمجة - افتراضية,القطاع العام,خدمة إلكترونية جزئيا,البنوك والمصارف,2026/06/23,1448/01/08,53
الخدمات الرقمية,عام,القطاع العام,خدمة إلكترونية,المؤسسات الحكومية,2026/06/23,1448/01/08,52
الخدمات الرقمية,عام,القطاع العام,خدمة إلكترونية,المنح الزراعية,2026/06/23,1448/01/08,49
منطقة مكة المكرمه,جده,القطاع الخاص,خدمة إلكترونية جزئيا,العقارات,2026/06/23,1448/01/08,49
الخدمات الرقمية,عام,القطاع العام,خدمة إلكترونية,العوائد السنوية,2026/06/23,1448/01/08,45
منطقة الرياض,الرياض,القطاع العام,خدمة إلكترونية جزئيا,البنوك والمصارف,2026/06/23,1448/01/08,44
منطقة الرياض,الرياض,القطاع الخاص,خدمة إلكترونية جزئيا,البنوك والمصارف,2026/06/23,1448/01/08,43
منطقة الرياض,الرياض,القطاع الخاص,خدمة إلكترونية جزئيا,وكالة خارج المملكة العربية السعودية فقط,2026/06/23,1448/01/08,43
الخدمات الرقمية,عام,القطاع العام,خدمة إلكترونية,هيئة الزكاة والضريبة والجمارك,2026/06/23,1448/01/08,39
الخدمات الرقمية,عام,القطاع العام,خدمة إلكترونية,المنح السكنية,2026/06/23,1448/01/08,37
منطقة الرياض,الرياض,القطاع الخاص,خدمة إلكترونية جزئيا,السجلات التجارية,2026/06/23,1448/01/08,37
منطقة مكة المكرمه,جده,القطاع الخاص,خدمة إلكترونية جزئيا,وكالة خارج المملكة العربية السعودية فقط,2026/06/23,1448/01/08,35
الخدمات الرقمية,عام,القطاع العام,خدمة إلكترونية,إثباتات المحاكم,2026/06/23,1448/01/08,33
منطقة الرياض,الرياض,القطاع العام,خدمة إلكترونية جزئيا,الجهات الأمنية,2026/06/23,1448/01/08,32
منطقة الشرقية,الدمام,القطاع الخاص,خدمة إلكترونية جزئيا,المطالبات والمحاكم,2026/06/23,1448/01/08,29
منطقة الرياض,الرياض,القطاع الخاص,خدمة إلكترونية جزئيا,شبكة إيجار الإلكترونية,2026/06/23,1448/01/08,26
الخدمات الرقمية,عام,القطاع العام,خدمة إلكترونية,بنك التنمية الاجتماعية,2026/06/23,1448/01/08,25
منطقة مكة المكرمه,جده,القطاع العام,خدمة إلكترونية جزئيا,تصديق الوكالات الخارجية,2026/06/23,1448/01/08,24
الخدمات الرقمية,كتابة عدل مدمجة - افتراضية,القطاع العام,خدمة إلكترونية جزئيا,شبكة إيجار الإلكترونية,2026/06/23,1448/01/08,23
منطقة مكة المكرمه,الطائف,القطاع الخاص,خدمة إلكترونية جزئيا,المطالبات والمحاكم,2026/06/23,1448/01/08,21
منطقة مكة المكرمه,مكة المكرمة,القطاع الخاص,خدمة إلكترونية جزئيا,العقارات,2026/06/23,1448/01/08,21
الخدمات الرقمية,عام,القطاع العام,خدمة إلكترونية,الحالات الاجتماعية,2026/06/23,1448/01/08,19
الخدمات الرقمية,عام,القطاع العام,خدمة إلكترونية,إنهائات المحاكم,2026/06/23,1448/01/08,17
الخدمات الرقمية,عام,القطاع العام,خدمة إلكترونية,التوكيل على الإقرارات,2026/06/23,1448/01/08,16
الخدمات الرقمية,كتابة عدل مدمجة - افتراضية,القطاع العام,خدمة إلكترونية جزئيا,الوزارات الحكومية,2026/06/23,1448/01/08,15
منطقة المدينة المنوره,المدينة المنورة,القطاع الخاص,خدمة إلكترونية جزئيا,المطالبات والمحاكم,2026/06/23,1448/01/08,15
منطقة الشرقية,الدمام,القطاع العام,خدمة إلكترونية جزئيا,تصديق الوكالات الخارجية,2026/06/23,1448/01/08,14
منطقة تبوك,تبوك,القطاع الخاص,خدمة إلكترونية جزئيا,المطالبات والمحاكم,2026/06/23,1448/01/08,14
منطقة مكة المكرمه,جده,القطاع الخاص,خدمة إلكترونية جزئيا,السجلات التجارية,2026/06/23,1448/01/08,14
الخدمات الرقمية,كتابة عدل مدمجة - افتراضية,القطاع العام,خدمة إلكترونية جزئيا,السيارات,2026/06/23,1448/01/08,13
منطقة الشرقية,الخبر,القطاع الخاص,خدمة إلكترونية جزئيا,المطالبات والمحاكم,2026/06/23,1448/01/08,13
منطقة مكة المكرمه,مكة المكرمة,القطاع الخاص,خدمة إلكترونية جزئيا,السجلات التجارية,2026/06/23,1448/01/08,13
الخدمات الرقمية,عام,القطاع العام,خدمة إلكترونية,التنازل عن كامل الإرث,2026/06/23,1448/01/08,12
منطقة الرياض,الرياض,القطاع الخاص,خدمة إلكترونية جزئيا,الوزارات الحكومية,2026/06/23,1448/01/08,11
منطقة الرياض,الرياض,القطاع العام,خدمة إلكترونية جزئيا,المؤسسات الحكومية,2026/06/23,1448/01/08,11
منطقة الشرقية,الخبر,القطاع الخاص,خدمة إلكترونية جزئيا,العقارات,2026/06/23,1448/01/08,11
منطقة الشرقية,الدمام,القطاع الخاص,خدمة إلكترونية جزئيا,العقارات,2026/06/23,1448/01/08,11
الخدمات الرقمية,عام,القطاع العام,خدمة إلكترونية جزئيا,المطالبات والمحاكم,2026/06/23,1448/01/08,10
الخدمات الرقمية,كتابة عدل مدمجة - افتراضية,القطاع العام,خدمة إلكترونية جزئيا,السجلات التجارية,2026/06/23,1448/01/08,10
الخدمات الرقمية,كتابة عدل مدمجة - افتراضية,القطاع العام,خدمة إلكترونية جزئيا,الشركات والمؤسسات الأهلية,2026/06/23,1448/01/08,10
منطقة الرياض,الرياض,القطاع الخاص,خدمة إلكترونية جزئيا,الشركات,2026/06/23,1448/01/08,10
منطقة الرياض,الرياض,القطاع العام,خدمة إلكترونية جزئيا,إدارة الأحوال المدنية,2026/06/23,1448/01/08,10
منطقة الرياض,الرياض,القطاع العام,خدمة إلكترونية جزئيا,السيارات,2026/06/23,1448/01/08,10
الخدمات الرقمية,عام,القطاع العام,خدمة إلكترونية,الضمان الاجتماعي,2026/06/23,1448/01/08,9
الخدمات الرقمية,كتابة عدل مدمجة - افتراضية,القطاع العام,خدمة إلكترونية جزئيا,الرواتب والمستحقات,2026/06/23,1448/01/08,9
منطقة الرياض,الرياض,القطاع العام,خدمة إلكترونية جزئيا,العقارات,2026/06/23,1448/01/08,9
منطقة الشرقية,الدمام,القطاع العام,خدمة إلكترونية جزئيا,المطالبات والمحاكم,2026/06/23,1448/01/08,9
منطقة المدينة المنوره,المدينة المنورة,القطاع الخاص,خدمة إلكترونية جزئيا,العقارات,2026/06/23,1448/01/08,9
منطقة مكة المكرمه,جده,القطاع الخاص,خدمة إلكترونية جزئيا,الأمانات والبلديات,2026/06/23,1448/01/08,9
منطقة مكة المكرمه,جده,القطاع الخاص,خدمة إلكترونية جزئيا,الشركات,2026/06/23,1448/01/08,9
منطقة مكة المكرمه,مكة المكرمة,القطاع العام,خدمة إلكترونية جزئيا,تصديق الوكالات الخارجية,2026/06/23,1448/01/08,9
الخدمات الرقمية,عام,القطاع العام,خدمة إلكترونية,البنك السعودي للتسليف والإدخار,2026/06/23,1448/01/08,8
الخدمات الرقمية,عام,القطاع العام,خدمة إلكترونية,صندوق التنمية الزراعية,2026/06/23,1448/01/08,8
الخدمات الرقمية,كتابة عدل مدمجة - افتراضية,القطاع العام,خدمة إلكترونية جزئيا,الجهات التعليمية,2026/06/23,1448/01/08,8
منطقة الرياض,الرياض,القطاع الخاص,خدمة إلكترونية جزئيا,الأمانات والبلديات,2026/06/23,1448/01/08,8
منطقة الشرقية,الدمام,القطاع الخاص,خدمة إلكترونية جزئيا,وكالة خارج المملكة العربية السعودية فقط,2026/06/23,1448/01/08,8
منطقة القصيم,بريده,القطاع الخاص,خدمة إلكترونية جزئيا,المطالبات والمحاكم,2026/06/23,1448/01/08,8
منطقة مكة المكرمه,الطائف,القطاع الخاص,خدمة إلكترونية جزئيا,العقارات,2026/06/23,1448/01/08,8
منطقة مكة المكرمه,الطائف,القطاع الخاص,خدمة إلكترونية جزئيا,وكالة خارج المملكة العربية السعودية فقط,2026/06/23,1448/01/08,8
منطقة مكة المكرمه,جده,القطاع الخاص,خدمة إلكترونية جزئيا,هيئة الزكاة والضريبة والجمارك,2026/06/23,1448/01/08,8
منطقة مكة المكرمه,جده,القطاع العام,خدمة إلكترونية جزئيا,المطالبات والمحاكم,2026/06/23,1448/01/08,8
منطقة مكة المكرمه,مكة المكرمة,القطاع الخاص,خدمة إلكترونية جزئيا,شبكة إيجار الإلكترونية,2026/06/23,1448/01/08,8
الخدمات الرقمية,عام,القطاع العام,خدمة إلكترونية,استقدام العمالة,2026/06/23,1448/01/08,7
منطقة الرياض,الرياض,القطاع الخاص,خدمة إلكترونية جزئيا,الهيئات الحكومية,2026/06/23,1448/01/08,7
منطقة الرياض,الرياض,القطاع العام,خدمة إلكترونية جزئيا,شركات الاتصالات,2026/06/23,1448/01/08,7
منطقة الشرقية,الاحساء,القطاع الخاص,خدمة إلكترونية جزئيا,العقارات,2026/06/23,1448/01/08,7
منطقة المدينة المنوره,المدينة المنورة,القطاع العام,خدمة إلكترونية جزئيا,السجلات التجارية,2026/06/23,1448/01/08,7
منطقة جازان,احد المسارحه,القطاع الخاص,خدمة إلكترونية جزئيا,العقارات,2026/06/23,1448/01/08,7
منطقة مكة المكرمه,جده,القطاع الخاص,خدمة إلكترونية جزئيا,البنوك والمصارف,2026/06/23,1448/01/08,7
منطقة مكة المكرمه,مكة المكرمة,القطاع العام,خدمة إلكترونية جزئيا,المطالبات والمحاكم,2026/06/23,1448/01/08,7
الخدمات الرقمية,كتابة عدل مدمجة - افتراضية,القطاع العام,خدمة إلكترونية جزئيا,المؤسسات الحكومية,2026/06/23,1448/01/08,6
الخدمات الرقمية,كتابة عدل مدمجة - افتراضية,القطاع العام,خدمة إلكترونية جزئيا,الهيئات الحكومية,2026/06/23,1448/01/08,6
منطقة الباحة,الباحه,القطاع الخاص,خدمة إلكترونية جزئيا,البنك السعودي للتسليف والإدخار,2026/06/23,1448/01/08,6
منطقة الرياض,الخرج,القطاع الخاص,خدمة إلكترونية جزئيا,المطالبات والمحاكم,2026/06/23,1448/01/08,6
منطقة الشرقية,الدمام,القطاع الخاص,خدمة إلكترونية جزئيا,الشركات,2026/06/23,1448/01/08,6
منطقة جازان,جيزان,القطاع الخاص,خدمة إلكترونية جزئيا,المطالبات والمحاكم,2026/06/23,1448/01/08,6
منطقة عسير,ابها,القطاع الخاص,خدمة إلكترونية جزئيا,المطالبات والمحاكم,2026/06/23,1448/01/08,6
منطقة مكة المكرمه,الطائف,القطاع الخاص,خدمة إلكترونية جزئيا,البنوك والمصارف,2026/06/23,1448/01/08,6
منطقة مكة المكرمه,جده,القطاع الخاص,خدمة إلكترونية جزئيا,الهيئات الحكومية,2026/06/23,1448/01/08,6
الخدمات الرقمية,عام,القطاع العام,خدمة إلكترونية,مكافآت الجامعات والمعاهد,2026/06/23,1448/01/08,5
منطقة الشرقية,الجبيل,القطاع الخاص,خدمة إلكترونية جزئيا,المطالبات والمحاكم,2026/06/23,1448/01/08,5
منطقة القصيم,البدائع,القطاع الخاص,خدمة إلكترونية جزئيا,الجهات الأمنية,2026/06/23,1448/01/08,5
منطقة المدينة المنوره,المدينة المنورة,القطاع الخاص,خدمة إلكترونية جزئيا,السجلات التجارية,2026/06/23,1448/01/08,5
منطقة المدينة المنوره,المدينة المنورة,القطاع العام,خدمة إلكترونية جزئيا,تصديق الوكالات الخارجية,2026/06/23,1448/01/08,5
منطقة تبوك,تبوك,القطاع الخاص,خدمة إلكترونية جزئيا,الوزارات الحكومية,2026/06/23,1448/01/08,5
الخدمات الرقمية,عام,القطاع العام,خدمة إلكترونية,الرئاسات الحكومية,2026/06/23,1448/01/08,4
الخدمات الرقمية,كتابة عدل مدمجة - افتراضية,القطاع العام,خدمة إلكترونية جزئيا,إدارة الأحوال المدنية,2026/06/23,1448/01/08,4
الخدمات الرقمية,كتابة عدل مدمجة - افتراضية,القطاع العام,خدمة إلكترونية جزئيا,الجهات الأمنية,2026/06/23,1448/01/08,4
الخدمات الرقمية,كتابة عدل مدمجة - افتراضية,القطاع العام,خدمة إلكترونية جزئيا,الشركات,2026/06/23,1448/01/08,4
منطقة الرياض,الدرعيه,القطاع الخاص,خدمة إلكترونية جزئيا,وكالة خارج المملكة العربية السعودية فقط,2026/06/23,1448/01/08,4
منطقة الرياض,الرياض,القطاع الخاص,خدمة إلكترونية جزئيا,السيارات,2026/06/23,1448/01/08,4
منطقة الرياض,الرياض,القطاع العام,خدمة إلكترونية جزئيا,الشركات والمؤسسات الأهلية,2026/06/23,1448/01/08,4
منطقة الرياض,الرياض,القطاع العام,خدمة إلكترونية جزئيا,الوزارات الحكومية,2026/06/23,1448/01/08,4
منطقة الشرقية,الاحساء,القطاع الخاص,خدمة إلكترونية جزئيا,الأمانات والبلديات,2026/06/23,1448/01/08,4
منطقة الشرقية,الدمام,القطاع الخاص,خدمة إلكترونية جزئيا,السيارات,2026/06/23,1448/01/08,4
منطقة الشرقية,حفر الباطن,القطاع الخاص,خدمة إلكترونية جزئيا,المطالبات والمحاكم,2026/06/23,1448/01/08,4
منطقة القصيم,البدائع,القطاع الخاص,خدمة إلكترونية جزئيا,العقارات,2026/06/23,1448/01/08,4
منطقة المدينة المنوره,المدينة المنورة,القطاع الخاص,خدمة إلكترونية جزئيا,شبكة إيجار الإلكترونية,2026/06/23,1448/01/08,4
منطقة حائل,حائل,القطاع الخاص,خدمة إلكترونية جزئيا,المطالبات والمحاكم,2026/06/23,1448/01/08,4
منطقة مكة المكرمه,جده,القطاع الخاص,خدمة إلكترونية جزئيا,السيارات,2026/06/23,1448/01/08,4
الخدمات الرقمية,عام,القطاع العام,خدمة إلكترونية,تصاريح القوارب والصيد,2026/06/23,1448/01/08,3
الخدمات الرقمية,عام,القطاع العام,خدمة إلكترونية جزئيا,البنوك والمصارف,2026/06/23,1448/01/08,3
الخدمات الرقمية,عام,القطاع العام,خدمة إلكترونية جزئيا,العقارات,2026/06/23,1448/01/08,3
الخدمات الرقمية,كتابة عدل مدمجة - افتراضية,القطاع العام,خدمة إلكترونية جزئيا,النكاح,2026/06/23,1448/01/08,3
منطقة الباحة,المخواة,القطاع الخاص,خدمة إلكترونية جزئيا,العقارات,2026/06/23,1448/01/08,3
منطقة الحدود الشمالية,عرعر,القطاع الخاص,خدمة إلكترونية جزئيا,الرواتب والمستحقات,2026/06/23,1448/01/08,3
منطقة الرياض,الرياض,القطاع العام,خدمة إلكترونية جزئيا,الجوازات,2026/06/23,1448/01/08,3
منطقة الرياض,الرياض,القطاع العام,خدمة إلكترونية جزئيا,الضمان والشؤون الاجتماعية,2026/06/23,1448/01/08,3
منطقة الرياض,الرياض,القطاع العام,خدمة إلكترونية جزئيا,النكاح,2026/06/23,1448/01/08,3
منطقة الرياض,الرياض,القطاع العام,خدمة إلكترونية جزئيا,شبكة إيجار الإلكترونية,2026/06/23,1448/01/08,3
منطقة الشرقية,الاحساء,القطاع الخاص,خدمة إلكترونية جزئيا,المطالبات والمحاكم,2026/06/23,1448/01/08,3
منطقة الشرقية,الخبر,القطاع الخاص,خدمة إلكترونية جزئيا,وكالة خارج المملكة العربية السعودية فقط,2026/06/23,1448/01/08,3
منطقة الشرقية,القطيف,القطاع الخاص,خدمة إلكترونية جزئيا,السيارات,2026/06/23,1448/01/08,3
منطقة القصيم,بريده,القطاع العام,خدمة إلكترونية جزئيا,تصديق الوكالات الخارجية,2026/06/23,1448/01/08,3
منطقة القصيم,عنيزه,القطاع الخاص,خدمة إلكترونية جزئيا,السجلات التجارية,2026/06/23,1448/01/08,3
منطقة المدينة المنوره,المدينة المنورة,القطاع الخاص,خدمة إلكترونية جزئيا,البنوك والمصارف,2026/06/23,1448/01/08,3
منطقة جازان,احد المسارحه,القطاع الخاص,خدمة إلكترونية جزئيا,المطالبات والمحاكم,2026/06/23,1448/01/08,3
منطقة جازان,صامطه,القطاع الخاص,خدمة إلكترونية جزئيا,المطالبات والمحاكم,2026/06/23,1448/01/08,3
منطقة عسير,ابها,القطاع الخاص,خدمة إلكترونية جزئيا,الأمانات والبلديات,2026/06/23,1448/01/08,3
منطقة عسير,ابها,القطاع الخاص,خدمة إلكترونية جزئيا,البنوك والمصارف,2026/06/23,1448/01/08,3
منطقة مكة المكرمه,الجموم,القطاع الخاص,خدمة إلكترونية جزئيا,السجلات التجارية,2026/06/23,1448/01/08,3
منطقة مكة المكرمه,جده,القطاع الخاص,خدمة إلكترونية جزئيا,التعويضات والمساعدات,2026/06/23,1448/01/08,3
منطقة نجران,نجران,القطاع الخاص,خدمة إلكترونية جزئيا,المطالبات والمحاكم,2026/06/23,1448/01/08,3
الخدمات الرقمية,عام,القطاع العام,خدمة إلكترونية,أذونات المحاكم,2026/06/23,1448/01/08,2
الخدمات الرقمية,عام,القطاع العام,خدمة إلكترونية,البريد,2026/06/23,1448/01/08,2
الخدمات الرقمية,عام,القطاع العام,خدمة إلكترونية,برنامج رسوم الأراضي البيضاء,2026/06/23,1448/01/08,2
الخدمات الرقمية,عام,القطاع العام,خدمة إلكترونية جزئيا,الوزارات الحكومية,2026/06/23,1448/01/08,2
الخدمات الرقمية,كتابة عدل مدمجة - افتراضية,القطاع العام,خدمة إلكترونية جزئيا,إنهائات المحاكم,2026/06/23,1448/01/08,2
الخدمات الرقمية,كتابة عدل مدمجة - افتراضية,القطاع العام,خدمة إلكترونية جزئيا,الجوازات,2026/06/23,1448/01/08,2
الخدمات الرقمية,كتابة عدل مدمجة - افتراضية,القطاع العام,خدمة إلكترونية جزئيا,المرور,2026/06/23,1448/01/08,2
الخدمات الرقمية,كتابة عدل مدمجة - افتراضية,القطاع العام,خدمة إلكترونية جزئيا,شركة الكهرباء,2026/06/23,1448/01/08,2
الخدمات الرقمية,كتابة عدل مدمجة - افتراضية,القطاع العام,خدمة إلكترونية جزئيا,وزارة الموارد البشرية والتنمية الاجتماعية,2026/06/23,1448/01/08,2
منطقة الباحة,الباحه,القطاع الخاص,خدمة إلكترونية جزئيا,المطالبات والمحاكم,2026/06/23,1448/01/08,2
منطقة الحدود الشمالية,عرعر,القطاع الخاص,خدمة إلكترونية جزئيا,الأمانات والبلديات,2026/06/23,1448/01/08,2
منطقة الرياض,الخرج,القطاع الخاص,خدمة إلكترونية جزئيا,العقارات,2026/06/23,1448/01/08,2
منطقة الرياض,الدرعيه,القطاع الخاص,خدمة إلكترونية جزئيا,الشركات والمؤسسات الأهلية,2026/06/23,1448/01/08,2
منطقة الرياض,الرياض,القطاع الخاص,خدمة إلكترونية جزئيا,شركات الاتصالات,2026/06/23,1448/01/08,2
منطقة الرياض,الرياض,القطاع الخاص,خدمة إلكترونية جزئيا,وزارة الموارد البشرية والتنمية الاجتماعية,2026/06/23,1448/01/08,2
منطقة الرياض,الرياض,القطاع العام,خدمة إلكترونية جزئيا,السجلات التجارية,2026/06/23,1448/01/08,2
منطقة الرياض,الرياض,القطاع العام,خدمة إلكترونية جزئيا,وكالة خارج المملكة العربية السعودية فقط,2026/06/23,1448/01/08,2
منطقة الرياض,المجمعه,القطاع الخاص,خدمة إلكترونية جزئيا,المطالبات والمحاكم,2026/06/23,1448/01/08,2
منطقة الرياض,عفيف,القطاع الخاص,خدمة إلكترونية جزئيا,المطالبات والمحاكم,2026/06/23,1448/01/08,2
منطقة الشرقية,ابقيق,القطاع الخاص,خدمة إلكترونية جزئيا,المطالبات والمحاكم,2026/06/23,1448/01/08,2
منطقة الشرقية,الاحساء,القطاع العام,خدمة إلكترونية جزئيا,العقارات,2026/06/23,1448/01/08,2
منطقة الشرقية,الخبر,القطاع الخاص,خدمة إلكترونية جزئيا,المرور,2026/06/23,1448/01/08,2
منطقة الشرقية,الخبر,القطاع الخاص,خدمة إلكترونية جزئيا,النكاح,2026/06/23,1448/01/08,2
منطقة الشرقية,حفر الباطن,القطاع الخاص,خدمة إلكترونية جزئيا,الشركات,2026/06/23,1448/01/08,2
منطقة القصيم,بريده,القطاع الخاص,خدمة إلكترونية جزئيا,السيارات,2026/06/23,1448/01/08,2
منطقة القصيم,بريده,القطاع الخاص,خدمة إلكترونية جزئيا,وكالة خارج المملكة العربية السعودية فقط,2026/06/23,1448/01/08,2
منطقة المدينة المنوره,المدينة المنورة,القطاع العام,خدمة إلكترونية جزئيا,المطالبات والمحاكم,2026/06/23,1448/01/08,2
منطقة تبوك,تبوك,القطاع الخاص,خدمة إلكترونية جزئيا,البنوك والمصارف,2026/06/23,1448/01/08,2
منطقة جازان,جيزان,القطاع الخاص,خدمة إلكترونية جزئيا,البنوك والمصارف,2026/06/23,1448/01/08,2
منطقة جازان,جيزان,القطاع العام,خدمة إلكترونية جزئيا,تصديق الوكالات الخارجية,2026/06/23,1448/01/08,2
منطقة مكة المكرمه,الطائف,القطاع الخاص,خدمة إلكترونية جزئيا,السجلات التجارية,2026/06/23,1448/01/08,2
منطقة مكة المكرمه,جده,القطاع الخاص,خدمة إلكترونية جزئيا,شركة الكهرباء,2026/06/23,1448/01/08,2
منطقة مكة المكرمه,جده,القطاع الخاص,خدمة إلكترونية جزئيا,وزارة الموارد البشرية والتنمية الاجتماعية,2026/06/23,1448/01/08,2
منطقة مكة المكرمه,جده,القطاع العام,خدمة إلكترونية جزئيا,الجهات الأمنية,2026/06/23,1448/01/08,2
منطقة مكة المكرمه,مكة المكرمة,القطاع الخاص,خدمة إلكترونية جزئيا,السيارات,2026/06/23,1448/01/08,2
منطقة مكة المكرمه,مكة المكرمة,القطاع الخاص,خدمة إلكترونية جزئيا,الهيئات الحكومية,2026/06/23,1448/01/08,2
منطقة نجران,نجران,القطاع الخاص,خدمة إلكترونية جزئيا,العقارات,2026/06/23,1448/01/08,2
الخدمات الرقمية,عام,القطاع العام,خدمة إلكترونية,التراخيص الصناعية,2026/06/23,1448/01/08,1
الخدمات الرقمية,عام,القطاع العام,خدمة إلكترونية جزئيا,إدارة الأحوال المدنية,2026/06/23,1448/01/08,1
الخدمات الرقمية,عام,القطاع العام,خدمة إلكترونية جزئيا,الجهات الأمنية,2026/06/23,1448/01/08,1
الخدمات الرقمية,عام,القطاع العام,خدمة إلكترونية جزئيا,الشركات والمؤسسات الأهلية,2026/06/23,1448/01/08,1
الخدمات الرقمية,عام,القطاع العام,خدمة إلكترونية جزئيا,النكاح,2026/06/23,1448/01/08,1
الخدمات الرقمية,كتابة عدل مدمجة - افتراضية,القطاع العام,خدمة إلكترونية جزئيا,إثباتات المحاكم,2026/06/23,1448/01/08,1
الخدمات الرقمية,كتابة عدل مدمجة - افتراضية,القطاع العام,خدمة إلكترونية جزئيا,أذونات المحاكم,2026/06/23,1448/01/08,1
الخدمات الرقمية,كتابة عدل مدمجة - افتراضية,القطاع العام,خدمة إلكترونية جزئيا,الأمانات والبلديات,2026/06/23,1448/01/08,1
الخدمات الرقمية,كتابة عدل مدمجة - افتراضية,القطاع العام,خدمة إلكترونية جزئيا,الضمان والشؤون الاجتماعية,2026/06/23,1448/01/08,1
الخدمات الرقمية,كتابة عدل مدمجة - افتراضية,القطاع العام,خدمة إلكترونية جزئيا,العوائد السنوية,2026/06/23,1448/01/08,1
الخدمات الرقمية,كتابة عدل مدمجة - افتراضية,القطاع العام,خدمة إلكترونية جزئيا,بنك التنمية الاجتماعية,2026/06/23,1448/01/08,1
الخدمات الرقمية,كتابة عدل مدمجة - افتراضية,القطاع العام,خدمة إلكترونية جزئيا,شركات الاتصالات,2026/06/23,1448/01/08,1
الخدمات الرقمية,كتابة عدل مدمجة - افتراضية,القطاع العام,خدمة إلكترونية جزئيا,شركة المياه,2026/06/23,1448/01/08,1
الخدمات الرقمية,كتابة عدل مدمجة - افتراضية,القطاع العام,خدمة إلكترونية جزئيا,صندوق التنمية العقارية,2026/06/23,1448/01/08,1
الخدمات الرقمية,كتابة عدل مدمجة - افتراضية,القطاع العام,خدمة إلكترونية جزئيا,هيئة الزكاة والضريبة والجمارك,2026/06/23,1448/01/08,1
منطقة الجوف,سكاكا,القطاع العام,خدمة إلكترونية جزئيا,تصديق الوكالات الخارجية,2026/06/23,1448/01/08,1
منطقة الحدود الشمالية,عرعر,القطاع الخاص,خدمة إلكترونية جزئيا,السجلات التجارية,2026/06/23,1448/01/08,1
منطقة الرياض,الدرعيه,القطاع الخاص,خدمة إلكترونية جزئيا,المطالبات والمحاكم,2026/06/23,1448/01/08,1
منطقة الرياض,الدوادمي,القطاع الخاص,خدمة إلكترونية جزئيا,الجوازات,2026/06/23,1448/01/08,1
منطقة الرياض,الرياض,القطاع الخاص,خدمة إلكترونية جزئيا,الجهات الأمنية,2026/06/23,1448/01/08,1
منطقة الرياض,الرياض,القطاع الخاص,خدمة إلكترونية جزئيا,الجهات التعليمية,2026/06/23,1448/01/08,1
منطقة الرياض,الرياض,القطاع الخاص,خدمة إلكترونية جزئيا,الجوازات,2026/06/23,1448/01/08,1
منطقة الرياض,الرياض,القطاع الخاص,خدمة إلكترونية جزئيا,الشركات والمؤسسات الأهلية,2026/06/23,1448/01/08,1
منطقة الرياض,الرياض,القطاع الخاص,خدمة إلكترونية جزئيا,صندوق التنمية الزراعية,2026/06/23,1448/01/08,1
منطقة الرياض,الرياض,القطاع العام,خدمة إلكترونية جزئيا,التعويضات والمساعدات,2026/06/23,1448/01/08,1
منطقة الرياض,الرياض,القطاع العام,خدمة إلكترونية جزئيا,الجهات التعليمية,2026/06/23,1448/01/08,1
منطقة الرياض,الرياض,القطاع العام,خدمة إلكترونية جزئيا,الرواتب والمستحقات,2026/06/23,1448/01/08,1
منطقة الرياض,الرياض,القطاع العام,خدمة إلكترونية جزئيا,المرور,2026/06/23,1448/01/08,1
منطقة الرياض,الرياض,القطاع العام,خدمة إلكترونية جزئيا,الهيئات الحكومية,2026/06/23,1448/01/08,1
منطقة الرياض,الرياض,القطاع العام,خدمة إلكترونية جزئيا,شركة الكهرباء,2026/06/23,1448/01/08,1
منطقة الرياض,الرياض,القطاع العام,خدمة إلكترونية جزئيا,صندوق التنمية العقارية,2026/06/23,1448/01/08,1
منطقة الشرقية,الاحساء,القطاع الخاص,خدمة إلكترونية جزئيا,شبكة إيجار الإلكترونية,2026/06/23,1448/01/08,1
منطقة الشرقية,الجبيل,القطاع الخاص,خدمة إلكترونية جزئيا,البنوك والمصارف,2026/06/23,1448/01/08,1
منطقة الشرقية,الجبيل,القطاع الخاص,خدمة إلكترونية جزئيا,العقارات,2026/06/23,1448/01/08,1
منطقة الشرقية,الخبر,القطاع الخاص,خدمة إلكترونية جزئيا,السجلات التجارية,2026/06/23,1448/01/08,1
منطقة الشرقية,الدمام,القطاع الخاص,خدمة إلكترونية جزئيا,الأمانات والبلديات,2026/06/23,1448/01/08,1
منطقة الشرقية,الدمام,القطاع الخاص,خدمة إلكترونية جزئيا,البنوك والمصارف,2026/06/23,1448/01/08,1
منطقة الشرقية,الدمام,القطاع الخاص,خدمة إلكترونية جزئيا,السجلات التجارية,2026/06/23,1448/01/08,1
منطقة الشرقية,الدمام,القطاع الخاص,خدمة إلكترونية جزئيا,الشركات والمؤسسات الأهلية,2026/06/23,1448/01/08,1
منطقة الشرقية,الدمام,القطاع الخاص,خدمة إلكترونية جزئيا,الهيئات الحكومية,2026/06/23,1448/01/08,1
منطقة الشرقية,الدمام,القطاع العام,خدمة إلكترونية جزئيا,السجلات التجارية,2026/06/23,1448/01/08,1
منطقة الشرقية,الدمام,القطاع العام,خدمة إلكترونية جزئيا,الشركات,2026/06/23,1448/01/08,1
منطقة الشرقية,الدمام,القطاع العام,خدمة إلكترونية جزئيا,العقارات,2026/06/23,1448/01/08,1
منطقة الشرقية,الدمام,القطاع العام,خدمة إلكترونية جزئيا,وزارة الموارد البشرية والتنمية الاجتماعية,2026/06/23,1448/01/08,1
منطقة الشرقية,الظهران,القطاع العام,خدمة إلكترونية جزئيا,المطالبات والمحاكم,2026/06/23,1448/01/08,1
منطقة الشرقية,الظهران,القطاع العام,خدمة إلكترونية جزئيا,وكالة خارج المملكة العربية السعودية فقط,2026/06/23,1448/01/08,1
منطقة الشرقية,القطيف,القطاع الخاص,خدمة إلكترونية جزئيا,الوزارات الحكومية,2026/06/23,1448/01/08,1
منطقة الشرقية,حفر الباطن,القطاع الخاص,خدمة إلكترونية جزئيا,الجهات الأمنية,2026/06/23,1448/01/08,1
منطقة الشرقية,حفر الباطن,القطاع الخاص,خدمة إلكترونية جزئيا,الهيئات الحكومية,2026/06/23,1448/01/08,1
منطقة القصيم,البدائع,القطاع الخاص,خدمة إلكترونية جزئيا,السجلات التجارية,2026/06/23,1448/01/08,1
منطقة القصيم,البدائع,القطاع الخاص,خدمة إلكترونية جزئيا,الشركات,2026/06/23,1448/01/08,1
منطقة القصيم,البدائع,القطاع الخاص,خدمة إلكترونية جزئيا,المطالبات والمحاكم,2026/06/23,1448/01/08,1
منطقة القصيم,بريده,القطاع العام,خدمة إلكترونية جزئيا,السجلات التجارية,2026/06/23,1448/01/08,1
منطقة القصيم,بريده,القطاع العام,خدمة إلكترونية جزئيا,المطالبات والمحاكم,2026/06/23,1448/01/08,1
منطقة القصيم,بريده,القطاع العام,خدمة إلكترونية جزئيا,شبكة إيجار الإلكترونية,2026/06/23,1448/01/08,1
منطقة المدينة المنوره,المدينة المنورة,القطاع الخاص,خدمة إلكترونية جزئيا,الوزارات الحكومية,2026/06/23,1448/01/08,1
منطقة المدينة المنوره,المدينة المنورة,القطاع الخاص,خدمة إلكترونية جزئيا,وكالة خارج المملكة العربية السعودية فقط,2026/06/23,1448/01/08,1
منطقة المدينة المنوره,المدينة المنورة,القطاع العام,خدمة إلكترونية جزئيا,الأمانات والبلديات,2026/06/23,1448/01/08,1
منطقة المدينة المنوره,المدينة المنورة,القطاع العام,خدمة إلكترونية جزئيا,البنوك والمصارف,2026/06/23,1448/01/08,1
منطقة المدينة المنوره,ينبع,القطاع الخاص,خدمة إلكترونية جزئيا,العقارات,2026/06/23,1448/01/08,1
منطقة المدينة المنوره,ينبع,القطاع العام,خدمة إلكترونية جزئيا,العقارات,2026/06/23,1448/01/08,1
منطقة جازان,جيزان,القطاع العام,خدمة إلكترونية جزئيا,العقارات,2026/06/23,1448/01/08,1
منطقة جازان,صبياء,القطاع الخاص,خدمة إلكترونية جزئيا,وكالة خارج المملكة العربية السعودية فقط,2026/06/23,1448/01/08,1
منطقة حائل,حائل,القطاع الخاص,خدمة إلكترونية جزئيا,وكالة خارج المملكة العربية السعودية فقط,2026/06/23,1448/01/08,1
منطقة حائل,حائل,القطاع العام,خدمة إلكترونية جزئيا,تصديق الوكالات الخارجية,2026/06/23,1448/01/08,1
منطقة عسير,احد رفيده,القطاع الخاص,خدمة إلكترونية جزئيا,المطالبات والمحاكم,2026/06/23,1448/01/08,1
منطقة عسير,خميس مشيط,القطاع الخاص,خدمة إلكترونية جزئيا,الجهات الأمنية,2026/06/23,1448/01/08,1
منطقة عسير,خميس مشيط,القطاع الخاص,خدمة إلكترونية جزئيا,المطالبات والمحاكم,2026/06/23,1448/01/08,1
منطقة عسير,محايل عسير,القطاع الخاص,خدمة إلكترونية جزئيا,السيارات,2026/06/23,1448/01/08,1
منطقة مكة المكرمه,جده,القطاع الخاص,خدمة إلكترونية جزئيا,البريد,2026/06/23,1448/01/08,1
منطقة مكة المكرمه,جده,القطاع الخاص,خدمة إلكترونية جزئيا,الجوازات,2026/06/23,1448/01/08,1
منطقة مكة المكرمه,جده,القطاع الخاص,خدمة إلكترونية جزئيا,الشركات والمؤسسات الأهلية,2026/06/23,1448/01/08,1
منطقة مكة المكرمه,جده,القطاع الخاص,خدمة إلكترونية جزئيا,المرور,2026/06/23,1448/01/08,1
منطقة مكة المكرمه,جده,القطاع الخاص,خدمة إلكترونية جزئيا,المنح الزراعية,2026/06/23,1448/01/08,1
منطقة مكة المكرمه,جده,القطاع الخاص,خدمة إلكترونية جزئيا,الوزارات الحكومية,2026/06/23,1448/01/08,1
منطقة مكة المكرمه,جده,القطاع العام,خدمة إلكترونية جزئيا,الجوازات,2026/06/23,1448/01/08,1
منطقة مكة المكرمه,جده,القطاع العام,خدمة إلكترونية جزئيا,السجلات التجارية,2026/06/23,1448/01/08,1
منطقة مكة المكرمه,جده,القطاع العام,خدمة إلكترونية جزئيا,السيارات,2026/06/23,1448/01/08,1
منطقة مكة المكرمه,جده,القطاع العام,خدمة إلكترونية جزئيا,المؤسسات الحكومية,2026/06/23,1448/01/08,1
منطقة مكة المكرمه,جده,القطاع العام,خدمة إلكترونية جزئيا,المرور,2026/06/23,1448/01/08,1
منطقة مكة المكرمه,مكة المكرمة,القطاع الخاص,خدمة إلكترونية جزئيا,البنوك والمصارف,2026/06/23,1448/01/08,1
منطقة مكة المكرمه,مكة المكرمة,القطاع الخاص,خدمة إلكترونية جزئيا,الوزارات الحكومية,2026/06/23,1448/01/08,1
منطقة مكة المكرمه,مكة المكرمة,القطاع الخاص,خدمة إلكترونية جزئيا,وكالة خارج المملكة العربية السعودية فقط,2026/06/23,1448/01/08,1
منطقة نجران,شروره,القطاع العام,خدمة إلكترونية جزئيا,المطالبات والمحاكم,2026/06/23,1448/01/08,1
منطقة نجران,نجران,القطاع الخاص,خدمة إلكترونية جزئيا,وكالة خارج المملكة العربية السعودية فقط,2026/06/23,1448/01/08,1
الخدمات الرقمية,عام,القطاع العام,خدمة إلكترونية,المطالبات والمحاكم,2026/06/24,1448/01/09,"4,929"
الخدمات الرقمية,عام,القطاع العام,خدمة إلكترونية,العقارات,2026/06/24,1448/01/09,"2,637"
الخدمات الرقمية,عام,القطاع العام,خدمة إلكترونية,الجوازات,2026/06/24,1448/01/09,"2,075"
الخدمات الرقمية,عام,القطاع العام,خدمة إلكترونية,السيارات,2026/06/24,1448/01/09,"1,675"
الخدمات الرقمية,عام,القطاع العام,خدمة إلكترونية,البنوك والمصارف,2026/06/24,1448/01/09,"1,507"
الخدمات الرقمية,عام,القطاع العام,خدمة إلكترونية,الوزارات الحكومية,2026/06/24,1448/01/09,758
الخدمات الرقمية,عام,القطاع العام,خدمة إلكترونية,المرور,2026/06/24,1448/01/09,536
الخدمات الرقمية,عام,القطاع العام,خدمة إلكترونية,الشركات والمؤسسات الأهلية,2026/06/24,1448/01/09,491
الخدمات الرقمية,عام,القطاع العام,خدمة إلكترونية,السجلات التجارية,2026/06/24,1448/01/09,471
الخدمات الرقمية,عام,القطاع العام,خدمة إلكترونية,الجهات الأمنية,2026/06/24,1448/01/09,387
منطقة الرياض,الرياض,القطاع الخاص,خدمة إلكترونية جزئيا,المطالبات والمحاكم,2026/06/24,1448/01/09,350
الخدمات الرقمية,عام,القطاع العام,خدمة إلكترونية,وكالة خارج المملكة العربية السعودية فقط,2026/06/24,1448/01/09,343
الخدمات الرقمية,عام,القطاع العام,خدمة إلكترونية,الأمانات والبلديات,2026/06/24,1448/01/09,299
الخدمات الرقمية,عام,القطاع العام,خدمة إلكترونية,إدارة الأحوال المدنية,2026/06/24,1448/01/09,281
الخدمات الرقمية,عام,القطاع العام,خدمة إلكترونية,الجهات التعليمية,2026/06/24,1448/01/09,277
الخدمات الرقمية,عام,القطاع العام,خدمة إلكترونية,وزارة الموارد البشرية والتنمية الاجتماعية,2026/06/24,1448/01/09,252
الخدمات الرقمية,عام,القطاع العام,خدمة إلكترونية,الرواتب والمستحقات,2026/06/24,1448/01/09,206
الخدمات الرقمية,كتابة عدل مدمجة - افتراضية,القطاع العام,خدمة إلكترونية جزئيا,المطالبات والمحاكم,2026/06/24,1448/01/09,168
منطقة مكة المكرمه,جده,القطاع الخاص,خدمة إلكترونية جزئيا,المطالبات والمحاكم,2026/06/24,1448/01/09,168
منطقة الرياض,الرياض,القطاع العام,خدمة إلكترونية جزئيا,المطالبات والمحاكم,2026/06/24,1448/01/09,163
الخدمات الرقمية,عام,القطاع العام,خدمة إلكترونية,طلب الخدمات,2026/06/24,1448/01/09,162
الخدمات الرقمية,عام,القطاع العام,خدمة إلكترونية,شركات الاتصالات,2026/06/24,1448/01/09,156
الخدمات الرقمية,عام,القطاع العام,خدمة إلكترونية,الهيئات الحكومية,2026/06/24,1448/01/09,148
منطقة الرياض,الرياض,القطاع الخاص,خدمة إلكترونية جزئيا,العقارات,2026/06/24,1448/01/09,124
الخدمات الرقمية,عام,القطاع العام,خدمة إلكترونية,شبكة إيجار الإلكترونية,2026/06/24,1448/01/09,108
منطقة مكة المكرمه,جده,القطاع الخاص,خدمة إلكترونية جزئيا,العقارات,2026/06/24,1448/01/09,108
الخدمات الرقمية,عام,القطاع العام,خدمة إلكترونية,الشركات,2026/06/24,1448/01/09,98
الخدمات الرقمية,عام,القطاع العام,خدمة إلكترونية,شركة الكهرباء,2026/06/24,1448/01/09,82
الخدمات الرقمية,عام,القطاع العام,خدمة إلكترونية,النكاح,2026/06/24,1448/01/09,79
منطقة الرياض,الرياض,القطاع العام,خدمة إلكترونية جزئيا,تصديق الوكالات الخارجية,2026/06/24,1448/01/09,74
الخدمات الرقمية,كتابة عدل مدمجة - افتراضية,القطاع العام,خدمة إلكترونية جزئيا,البنوك والمصارف,2026/06/24,1448/01/09,67
منطقة مكة المكرمه,مكة المكرمة,القطاع الخاص,خدمة إلكترونية جزئيا,المطالبات والمحاكم,2026/06/24,1448/01/09,64
الخدمات الرقمية,عام,القطاع العام,خدمة إلكترونية,التعويضات والمساعدات,2026/06/24,1448/01/09,63
الخدمات الرقمية,كتابة عدل مدمجة - افتراضية,القطاع العام,خدمة إلكترونية جزئيا,العقارات,2026/06/24,1448/01/09,63
منطقة الرياض,الرياض,القطاع الخاص,خدمة إلكترونية جزئيا,السجلات التجارية,2026/06/24,1448/01/09,63
منطقة الرياض,الرياض,القطاع الخاص,خدمة إلكترونية جزئيا,البنوك والمصارف,2026/06/24,1448/01/09,62
الخدمات الرقمية,عام,القطاع العام,خدمة إلكترونية,صندوق التنمية العقارية,2026/06/24,1448/01/09,58
منطقة مكة المكرمه,جده,القطاع الخاص,خدمة إلكترونية جزئيا,وكالة خارج المملكة العربية السعودية فقط,2026/06/24,1448/01/09,56
الخدمات الرقمية,عام,القطاع العام,خدمة إلكترونية,شركة المياه,2026/06/24,1448/01/09,54
الخدمات الرقمية,عام,القطاع العام,خدمة إلكترونية,المؤسسات الحكومية,2026/06/24,1448/01/09,53
منطقة الرياض,الرياض,القطاع العام,خدمة إلكترونية جزئيا,البنوك والمصارف,2026/06/24,1448/01/09,53
الخدمات الرقمية,عام,القطاع العام,خدمة إلكترونية,مكتب الإستقدام,2026/06/24,1448/01/09,50
منطقة الرياض,الرياض,القطاع الخاص,خدمة إلكترونية جزئيا,وكالة خارج المملكة العربية السعودية فقط,2026/06/24,1448/01/09,43
منطقة مكة المكرمه,جده,القطاع الخاص,خدمة إلكترونية جزئيا,البنوك والمصارف,2026/06/24,1448/01/09,43
منطقة الرياض,الرياض,القطاع العام,خدمة إلكترونية جزئيا,الجهات الأمنية,2026/06/24,1448/01/09,39
الخدمات الرقمية,عام,القطاع العام,خدمة إلكترونية,إثباتات المحاكم,2026/06/24,1448/01/09,37
الخدمات الرقمية,عام,القطاع العام,خدمة إلكترونية,المنح الزراعية,2026/06/24,1448/01/09,37
منطقة الرياض,الرياض,القطاع الخاص,خدمة إلكترونية جزئيا,الأمانات والبلديات,2026/06/24,1448/01/09,30
الخدمات الرقمية,عام,القطاع العام,خدمة إلكترونية,العوائد السنوية,2026/06/24,1448/01/09,29
منطقة الرياض,الدرعيه,القطاع الخاص,خدمة إلكترونية جزئيا,وكالة خارج المملكة العربية السعودية فقط,2026/06/24,1448/01/09,29
منطقة الشرقية,الدمام,القطاع الخاص,خدمة إلكترونية جزئيا,العقارات,2026/06/24,1448/01/09,29
الخدمات الرقمية,عام,القطاع العام,خدمة إلكترونية,هيئة الزكاة والضريبة والجمارك,2026/06/24,1448/01/09,28
منطقة الرياض,الرياض,القطاع الخاص,خدمة إلكترونية جزئيا,الشركات,2026/06/24,1448/01/09,28
الخدمات الرقمية,عام,القطاع العام,خدمة إلكترونية,المنح السكنية,2026/06/24,1448/01/09,25
منطقة الشرقية,الدمام,القطاع الخاص,خدمة إلكترونية جزئيا,المطالبات والمحاكم,2026/06/24,1448/01/09,24
منطقة الشرقية,الدمام,القطاع العام,خدمة إلكترونية جزئيا,تصديق الوكالات الخارجية,2026/06/24,1448/01/09,23
منطقة مكة المكرمه,مكة المكرمة,القطاع الخاص,خدمة إلكترونية جزئيا,العقارات,2026/06/24,1448/01/09,22
الخدمات الرقمية,كتابة عدل مدمجة - افتراضية,القطاع العام,خدمة إلكترونية جزئيا,شبكة إيجار الإلكترونية,2026/06/24,1448/01/09,21
منطقة مكة المكرمه,جده,القطاع الخاص,خدمة إلكترونية جزئيا,السجلات التجارية,2026/06/24,1448/01/09,20
منطقة مكة المكرمه,جده,القطاع الخاص,خدمة إلكترونية جزئيا,السيارات,2026/06/24,1448/01/09,20
الخدمات الرقمية,كتابة عدل مدمجة - افتراضية,القطاع العام,خدمة إلكترونية جزئيا,الجهات التعليمية,2026/06/24,1448/01/09,18
منطقة الرياض,الرياض,القطاع الخاص,خدمة إلكترونية جزئيا,شبكة إيجار الإلكترونية,2026/06/24,1448/01/09,18
منطقة مكة المكرمه,جده,القطاع العام,خدمة إلكترونية جزئيا,تصديق الوكالات الخارجية,2026/06/24,1448/01/09,17
منطقة مكة المكرمه,مكة المكرمة,القطاع الخاص,خدمة إلكترونية جزئيا,البنوك والمصارف,2026/06/24,1448/01/09,17
منطقة القصيم,بريده,القطاع الخاص,خدمة إلكترونية جزئيا,المطالبات والمحاكم,2026/06/24,1448/01/09,16
منطقة مكة المكرمه,الطائف,القطاع الخاص,خدمة إلكترونية جزئيا,المطالبات والمحاكم,2026/06/24,1448/01/09,16
الخدمات الرقمية,كتابة عدل مدمجة - افتراضية,القطاع العام,خدمة إلكترونية جزئيا,الهيئات الحكومية,2026/06/24,1448/01/09,14
الخدمات الرقمية,كتابة عدل مدمجة - افتراضية,القطاع العام,خدمة إلكترونية جزئيا,الوزارات الحكومية,2026/06/24,1448/01/09,14
منطقة الرياض,الرياض,القطاع الخاص,خدمة إلكترونية جزئيا,الجهات الأمنية,2026/06/24,1448/01/09,14
منطقة الرياض,الرياض,القطاع الخاص,خدمة إلكترونية جزئيا,السيارات,2026/06/24,1448/01/09,14
منطقة الشرقية,الخبر,القطاع الخاص,خدمة إلكترونية جزئيا,المطالبات والمحاكم,2026/06/24,1448/01/09,14
منطقة الشرقية,الدمام,القطاع العام,خدمة إلكترونية جزئيا,المطالبات والمحاكم,2026/06/24,1448/01/09,14
الخدمات الرقمية,عام,القطاع العام,خدمة إلكترونية,استقدام العمالة,2026/06/24,1448/01/09,13
منطقة الرياض,الرياض,القطاع العام,خدمة إلكترونية جزئيا,السيارات,2026/06/24,1448/01/09,13
منطقة الرياض,الرياض,القطاع العام,خدمة إلكترونية جزئيا,شركات الاتصالات,2026/06/24,1448/01/09,13
منطقة المدينة المنوره,المدينة المنورة,القطاع الخاص,خدمة إلكترونية جزئيا,المطالبات والمحاكم,2026/06/24,1448/01/09,13
الخدمات الرقمية,عام,القطاع العام,خدمة إلكترونية,الضمان الاجتماعي,2026/06/24,1448/01/09,12
الخدمات الرقمية,كتابة عدل مدمجة - افتراضية,القطاع العام,خدمة إلكترونية جزئيا,الشركات والمؤسسات الأهلية,2026/06/24,1448/01/09,12
منطقة الرياض,الرياض,القطاع العام,خدمة إلكترونية جزئيا,إدارة الأحوال المدنية,2026/06/24,1448/01/09,12
منطقة الرياض,عرقه,القطاع الخاص,خدمة إلكترونية جزئيا,المطالبات والمحاكم,2026/06/24,1448/01/09,12
منطقة الشرقية,الدمام,القطاع الخاص,خدمة إلكترونية جزئيا,وكالة خارج المملكة العربية السعودية فقط,2026/06/24,1448/01/09,12
منطقة مكة المكرمه,جده,القطاع الخاص,خدمة إلكترونية جزئيا,الشركات,2026/06/24,1448/01/09,12
الخدمات الرقمية,عام,القطاع العام,خدمة إلكترونية,التوكيل على الإقرارات,2026/06/24,1448/01/09,11
منطقة الرياض,الرياض,القطاع العام,خدمة إلكترونية جزئيا,العقارات,2026/06/24,1448/01/09,11
منطقة القصيم,البدائع,القطاع الخاص,خدمة إلكترونية جزئيا,العقارات,2026/06/24,1448/01/09,11
الخدمات الرقمية,عام,القطاع العام,خدمة إلكترونية,إنهائات المحاكم,2026/06/24,1448/01/09,10
الخدمات الرقمية,عام,القطاع العام,خدمة إلكترونية,الحالات الاجتماعية,2026/06/24,1448/01/09,10
الخدمات الرقمية,كتابة عدل مدمجة - افتراضية,القطاع العام,خدمة إلكترونية جزئيا,السيارات,2026/06/24,1448/01/09,10
منطقة الشرقية,حفر الباطن,القطاع الخاص,خدمة إلكترونية جزئيا,المطالبات والمحاكم,2026/06/24,1448/01/09,10
منطقة المدينة المنوره,المدينة المنورة,القطاع الخاص,خدمة إلكترونية جزئيا,البنوك والمصارف,2026/06/24,1448/01/09,10
منطقة تبوك,تبوك,القطاع الخاص,خدمة إلكترونية جزئيا,المطالبات والمحاكم,2026/06/24,1448/01/09,10
منطقة مكة المكرمه,جده,القطاع العام,خدمة إلكترونية جزئيا,المطالبات والمحاكم,2026/06/24,1448/01/09,10
الخدمات الرقمية,كتابة عدل مدمجة - افتراضية,القطاع العام,خدمة إلكترونية جزئيا,الشركات,2026/06/24,1448/01/09,9
منطقة الشرقية,الخبر,القطاع الخاص,خدمة إلكترونية جزئيا,العقارات,2026/06/24,1448/01/09,9
منطقة مكة المكرمه,الخرمه,القطاع الخاص,خدمة إلكترونية جزئيا,المطالبات والمحاكم,2026/06/24,1448/01/09,9
منطقة مكة المكرمه,مكة المكرمة,القطاع الخاص,خدمة إلكترونية جزئيا,السجلات التجارية,2026/06/24,1448/01/09,9
الخدمات الرقمية,عام,القطاع العام,خدمة إلكترونية,بنك التنمية الاجتماعية,2026/06/24,1448/01/09,8
منطقة الرياض,الدرعيه,القطاع الخاص,خدمة إلكترونية جزئيا,البنوك والمصارف,2026/06/24,1448/01/09,8
منطقة الرياض,الرياض,القطاع العام,خدمة إلكترونية جزئيا,الوزارات الحكومية,2026/06/24,1448/01/09,8
منطقة الشرقية,الاحساء,القطاع الخاص,خدمة إلكترونية جزئيا,المطالبات والمحاكم,2026/06/24,1448/01/09,8
منطقة عسير,ابها,القطاع الخاص,خدمة إلكترونية جزئيا,المطالبات والمحاكم,2026/06/24,1448/01/09,8
الخدمات الرقمية,عام,القطاع العام,خدمة إلكترونية,أذونات المحاكم,2026/06/24,1448/01/09,7
الخدمات الرقمية,عام,القطاع العام,خدمة إلكترونية,التنازل عن كامل الإرث,2026/06/24,1448/01/09,7
الخدمات الرقمية,عام,القطاع العام,خدمة إلكترونية,مكافآت الجامعات والمعاهد,2026/06/24,1448/01/09,7
الخدمات الرقمية,كتابة عدل مدمجة - افتراضية,القطاع العام,خدمة إلكترونية جزئيا,المؤسسات الحكومية,2026/06/24,1448/01/09,7
منطقة الحدود الشمالية,عرعر,القطاع الخاص,خدمة إلكترونية جزئيا,المطالبات والمحاكم,2026/06/24,1448/01/09,7
منطقة الرياض,الرياض,القطاع العام,خدمة إلكترونية جزئيا,الجوازات,2026/06/24,1448/01/09,7
منطقة الرياض,الرياض,القطاع العام,خدمة إلكترونية جزئيا,السجلات التجارية,2026/06/24,1448/01/09,7
منطقة عسير,ابها,القطاع الخاص,خدمة إلكترونية جزئيا,السيارات,2026/06/24,1448/01/09,7
منطقة مكة المكرمه,الطائف,القطاع الخاص,خدمة إلكترونية جزئيا,وكالة خارج المملكة العربية السعودية فقط,2026/06/24,1448/01/09,7
منطقة مكة المكرمه,مكة المكرمة,القطاع الخاص,خدمة إلكترونية جزئيا,الجهات الأمنية,2026/06/24,1448/01/09,7
منطقة مكة المكرمه,مكة المكرمة,القطاع الخاص,خدمة إلكترونية جزئيا,الشركات,2026/06/24,1448/01/09,7
الخدمات الرقمية,عام,القطاع العام,خدمة إلكترونية جزئيا,المطالبات والمحاكم,2026/06/24,1448/01/09,6
الخدمات الرقمية,كتابة عدل مدمجة - افتراضية,القطاع العام,خدمة إلكترونية جزئيا,الجوازات,2026/06/24,1448/01/09,6
منطقة الرياض,الرياض,القطاع الخاص,خدمة إلكترونية جزئيا,الجوازات,2026/06/24,1448/01/09,6
منطقة الرياض,الرياض,القطاع الخاص,خدمة إلكترونية جزئيا,الهيئات الحكومية,2026/06/24,1448/01/09,6
منطقة الشرقية,الاحساء,القطاع الخاص,خدمة إلكترونية جزئيا,وكالة خارج المملكة العربية السعودية فقط,2026/06/24,1448/01/09,6
منطقة الشرقية,الخفجي,القطاع الخاص,خدمة إلكترونية جزئيا,السجلات التجارية,2026/06/24,1448/01/09,6
منطقة القصيم,بريده,القطاع الخاص,خدمة إلكترونية جزئيا,الجهات الأمنية,2026/06/24,1448/01/09,6
منطقة القصيم,عنيزه,القطاع الخاص,خدمة إلكترونية جزئيا,المطالبات والمحاكم,2026/06/24,1448/01/09,6
منطقة المدينة المنوره,المدينة المنورة,القطاع الخاص,خدمة إلكترونية جزئيا,العقارات,2026/06/24,1448/01/09,6
منطقة عسير,محايل عسير,القطاع الخاص,خدمة إلكترونية جزئيا,العقارات,2026/06/24,1448/01/09,6
الخدمات الرقمية,عام,القطاع العام,خدمة إلكترونية,البريد,2026/06/24,1448/01/09,5
الخدمات الرقمية,كتابة عدل مدمجة - افتراضية,القطاع العام,خدمة إلكترونية جزئيا,السجلات التجارية,2026/06/24,1448/01/09,5
منطقة الجوف,سكاكا,القطاع الخاص,خدمة إلكترونية جزئيا,المطالبات والمحاكم,2026/06/24,1448/01/09,5
منطقة الرياض,الخرج,القطاع الخاص,خدمة إلكترونية جزئيا,المطالبات والمحاكم,2026/06/24,1448/01/09,5
منطقة الرياض,الدرعيه,القطاع الخاص,خدمة إلكترونية جزئيا,المطالبات والمحاكم,2026/06/24,1448/01/09,5
منطقة الرياض,الرياض,القطاع الخاص,خدمة إلكترونية جزئيا,المؤسسات الحكومية,2026/06/24,1448/01/09,5
منطقة الشرقية,الخبر,القطاع الخاص,خدمة إلكترونية جزئيا,شبكة إيجار الإلكترونية,2026/06/24,1448/01/09,5
منطقة القصيم,الرس,القطاع الخاص,خدمة إلكترونية جزئيا,العقارات,2026/06/24,1448/01/09,5
منطقة المدينة المنوره,المدينة المنورة,القطاع الخاص,خدمة إلكترونية جزئيا,السجلات التجارية,2026/06/24,1448/01/09,5
منطقة المدينة المنوره,المدينة المنورة,القطاع العام,خدمة إلكترونية جزئيا,تصديق الوكالات الخارجية,2026/06/24,1448/01/09,5
منطقة جازان,جيزان,القطاع الخاص,خدمة إلكترونية جزئيا,المطالبات والمحاكم,2026/06/24,1448/01/09,5
منطقة مكة المكرمه,جده,القطاع الخاص,خدمة إلكترونية جزئيا,إدارة الأحوال المدنية,2026/06/24,1448/01/09,5
منطقة مكة المكرمه,مكة المكرمة,القطاع الخاص,خدمة إلكترونية جزئيا,وكالة خارج المملكة العربية السعودية فقط,2026/06/24,1448/01/09,5
منطقة نجران,نجران,القطاع الخاص,خدمة إلكترونية جزئيا,المطالبات والمحاكم,2026/06/24,1448/01/09,5
الخدمات الرقمية,عام,القطاع العام,خدمة إلكترونية,البنك السعودي للتسليف والإدخار,2026/06/24,1448/01/09,4
الخدمات الرقمية,عام,القطاع العام,خدمة إلكترونية,تصاريح القوارب والصيد,2026/06/24,1448/01/09,4
الخدمات الرقمية,عام,القطاع العام,خدمة إلكترونية,صندوق التنمية الزراعية,2026/06/24,1448/01/09,4
الخدمات الرقمية,كتابة عدل مدمجة - افتراضية,القطاع العام,خدمة إلكترونية جزئيا,الجهات الأمنية,2026/06/24,1448/01/09,4
الخدمات الرقمية,كتابة عدل مدمجة - افتراضية,القطاع العام,خدمة إلكترونية جزئيا,الرواتب والمستحقات,2026/06/24,1448/01/09,4
منطقة الرياض,الخرج,القطاع الخاص,خدمة إلكترونية جزئيا,العقارات,2026/06/24,1448/01/09,4
منطقة الرياض,الدلم,القطاع الخاص,خدمة إلكترونية جزئيا,المطالبات والمحاكم,2026/06/24,1448/01/09,4
منطقة الرياض,الرياض,القطاع الخاص,خدمة إلكترونية جزئيا,الوزارات الحكومية,2026/06/24,1448/01/09,4
منطقة الرياض,الرياض,القطاع العام,خدمة إلكترونية جزئيا,الضمان والشؤون الاجتماعية,2026/06/24,1448/01/09,4
منطقة الرياض,الرياض,القطاع العام,خدمة إلكترونية جزئيا,المؤسسات الحكومية,2026/06/24,1448/01/09,4
منطقة الرياض,الرياض,القطاع العام,خدمة إلكترونية جزئيا,المرور,2026/06/24,1448/01/09,4
منطقة الرياض,الرياض,القطاع العام,خدمة إلكترونية جزئيا,شبكة إيجار الإلكترونية,2026/06/24,1448/01/09,4
منطقة الشرقية,الاحساء,القطاع الخاص,خدمة إلكترونية جزئيا,شبكة إيجار الإلكترونية,2026/06/24,1448/01/09,4
منطقة الشرقية,الجبيل,القطاع الخاص,خدمة إلكترونية جزئيا,العقارات,2026/06/24,1448/01/09,4
منطقة القصيم,بريده,القطاع الخاص,خدمة إلكترونية جزئيا,البنوك والمصارف,2026/06/24,1448/01/09,4
منطقة المدينة المنوره,المدينة المنورة,القطاع الخاص,خدمة إلكترونية جزئيا,المنح الزراعية,2026/06/24,1448/01/09,4
منطقة تبوك,تبوك,القطاع الخاص,خدمة إلكترونية جزئيا,الجهات التعليمية,2026/06/24,1448/01/09,4
منطقة عسير,ابها,القطاع الخاص,خدمة إلكترونية جزئيا,العقارات,2026/06/24,1448/01/09,4
منطقة مكة المكرمه,الطائف,القطاع الخاص,خدمة إلكترونية جزئيا,السيارات,2026/06/24,1448/01/09,4
منطقة مكة المكرمه,جده,القطاع الخاص,خدمة إلكترونية جزئيا,الجوازات,2026/06/24,1448/01/09,4
منطقة مكة المكرمه,جده,القطاع الخاص,خدمة إلكترونية جزئيا,الوزارات الحكومية,2026/06/24,1448/01/09,4
الخدمات الرقمية,كتابة عدل مدمجة - افتراضية,القطاع العام,خدمة إلكترونية جزئيا,إنهائات المحاكم,2026/06/24,1448/01/09,3
الخدمات الرقمية,كتابة عدل مدمجة - افتراضية,القطاع العام,خدمة إلكترونية جزئيا,النكاح,2026/06/24,1448/01/09,3
منطقة الباحة,الباحه,القطاع الخاص,خدمة إلكترونية جزئيا,شبكة إيجار الإلكترونية,2026/06/24,1448/01/09,3
منطقة الرياض,الرياض,القطاع الخاص,خدمة إلكترونية جزئيا,الشركات والمؤسسات الأهلية,2026/06/24,1448/01/09,3
منطقة الرياض,الرياض,القطاع الخاص,خدمة إلكترونية جزئيا,شركة الكهرباء,2026/06/24,1448/01/09,3
منطقة الرياض,الرياض,القطاع الخاص,خدمة إلكترونية جزئيا,وزارة الموارد البشرية والتنمية الاجتماعية,2026/06/24,1448/01/09,3
منطقة الرياض,الرياض,القطاع العام,خدمة إلكترونية جزئيا,إنهائات المحاكم,2026/06/24,1448/01/09,3
منطقة الشرقية,الجبيل,القطاع الخاص,خدمة إلكترونية جزئيا,المطالبات والمحاكم,2026/06/24,1448/01/09,3
منطقة الشرقية,الخبر,القطاع الخاص,خدمة إلكترونية جزئيا,السجلات التجارية,2026/06/24,1448/01/09,3
منطقة الشرقية,الخبر,القطاع الخاص,خدمة إلكترونية جزئيا,الوزارات الحكومية,2026/06/24,1448/01/09,3
منطقة الشرقية,الدمام,القطاع الخاص,خدمة إلكترونية جزئيا,السجلات التجارية,2026/06/24,1448/01/09,3
منطقة الشرقية,الدمام,القطاع العام,خدمة إلكترونية جزئيا,السيارات,2026/06/24,1448/01/09,3
منطقة الشرقية,القطيف,القطاع الخاص,خدمة إلكترونية جزئيا,العقارات,2026/06/24,1448/01/09,3
منطقة القصيم,البكيريه,القطاع الخاص,خدمة إلكترونية جزئيا,العقارات,2026/06/24,1448/01/09,3
منطقة القصيم,بريده,القطاع العام,خدمة إلكترونية جزئيا,الجهات الأمنية,2026/06/24,1448/01/09,3
منطقة القصيم,بريده,القطاع العام,خدمة إلكترونية جزئيا,تصديق الوكالات الخارجية,2026/06/24,1448/01/09,3
منطقة القصيم,عنيزه,القطاع الخاص,خدمة إلكترونية جزئيا,السجلات التجارية,2026/06/24,1448/01/09,3
منطقة جازان,ابو عريش,القطاع الخاص,خدمة إلكترونية جزئيا,المطالبات والمحاكم,2026/06/24,1448/01/09,3
منطقة جازان,جيزان,القطاع الخاص,خدمة إلكترونية جزئيا,وزارة الموارد البشرية والتنمية الاجتماعية,2026/06/24,1448/01/09,3
منطقة جازان,صبياء,القطاع الخاص,خدمة إلكترونية جزئيا,المطالبات والمحاكم,2026/06/24,1448/01/09,3
منطقة عسير,بيشه,القطاع الخاص,خدمة إلكترونية جزئيا,العقارات,2026/06/24,1448/01/09,3
منطقة عسير,خميس مشيط,القطاع الخاص,خدمة إلكترونية جزئيا,شبكة إيجار الإلكترونية,2026/06/24,1448/01/09,3
منطقة مكة المكرمه,جده,القطاع الخاص,خدمة إلكترونية جزئيا,الأمانات والبلديات,2026/06/24,1448/01/09,3
منطقة مكة المكرمه,جده,القطاع الخاص,خدمة إلكترونية جزئيا,وزارة الموارد البشرية والتنمية الاجتماعية,2026/06/24,1448/01/09,3
منطقة مكة المكرمه,جده,القطاع العام,خدمة إلكترونية جزئيا,الجهات الأمنية,2026/06/24,1448/01/09,3
منطقة مكة المكرمه,جده,القطاع العام,خدمة إلكترونية جزئيا,العقارات,2026/06/24,1448/01/09,3
منطقة نجران,نجران,القطاع الخاص,خدمة إلكترونية جزئيا,السجلات التجارية,2026/06/24,1448/01/09,3
الخدمات الرقمية,عام,القطاع العام,خدمة إلكترونية,الرئاسات الحكومية,2026/06/24,1448/01/09,2
الخدمات الرقمية,كتابة عدل مدمجة - افتراضية,القطاع العام,خدمة إلكترونية جزئيا,إثباتات المحاكم,2026/06/24,1448/01/09,2
الخدمات الرقمية,كتابة عدل مدمجة - افتراضية,القطاع العام,خدمة إلكترونية جزئيا,إدارة الأحوال المدنية,2026/06/24,1448/01/09,2
الخدمات الرقمية,كتابة عدل مدمجة - افتراضية,القطاع العام,خدمة إلكترونية جزئيا,الأمانات والبلديات,2026/06/24,1448/01/09,2
الخدمات الرقمية,كتابة عدل مدمجة - افتراضية,القطاع العام,خدمة إلكترونية جزئيا,المرور,2026/06/24,1448/01/09,2
الخدمات الرقمية,كتابة عدل مدمجة - افتراضية,القطاع العام,خدمة إلكترونية جزئيا,شركة المياه,2026/06/24,1448/01/09,2
منطقة الحدود الشمالية,عرعر,القطاع الخاص,خدمة إلكترونية جزئيا,العقارات,2026/06/24,1448/01/09,2
منطقة الرياض,الدرعيه,القطاع الخاص,خدمة إلكترونية جزئيا,الجوازات,2026/06/24,1448/01/09,2
منطقة الرياض,الدوادمي,القطاع الخاص,خدمة إلكترونية جزئيا,الجوازات,2026/06/24,1448/01/09,2
منطقة الرياض,الرياض,القطاع العام,خدمة إلكترونية جزئيا,التعويضات والمساعدات,2026/06/24,1448/01/09,2
منطقة الرياض,الرياض,القطاع العام,خدمة إلكترونية جزئيا,الشركات والمؤسسات الأهلية,2026/06/24,1448/01/09,2
منطقة الرياض,الرياض,القطاع العام,خدمة إلكترونية جزئيا,النكاح,2026/06/24,1448/01/09,2
منطقة الشرقية,الاحساء,القطاع الخاص,خدمة إلكترونية جزئيا,الوزارات الحكومية,2026/06/24,1448/01/09,2
منطقة الشرقية,الخبر,القطاع الخاص,خدمة إلكترونية جزئيا,الجهات الأمنية,2026/06/24,1448/01/09,2
منطقة الشرقية,الدمام,القطاع الخاص,خدمة إلكترونية جزئيا,الشركات,2026/06/24,1448/01/09,2
منطقة الشرقية,حفر الباطن,القطاع الخاص,خدمة إلكترونية جزئيا,العقارات,2026/06/24,1448/01/09,2
منطقة القصيم,البدائع,القطاع الخاص,خدمة إلكترونية جزئيا,المطالبات والمحاكم,2026/06/24,1448/01/09,2
منطقة القصيم,الرس,القطاع الخاص,خدمة إلكترونية جزئيا,وكالة خارج المملكة العربية السعودية فقط,2026/06/24,1448/01/09,2
منطقة القصيم,بريده,القطاع الخاص,خدمة إلكترونية جزئيا,السجلات التجارية,2026/06/24,1448/01/09,2
منطقة القصيم,بريده,القطاع الخاص,خدمة إلكترونية جزئيا,الوزارات الحكومية,2026/06/24,1448/01/09,2
منطقة القصيم,بريده,القطاع العام,خدمة إلكترونية جزئيا,البنوك والمصارف,2026/06/24,1448/01/09,2
منطقة القصيم,بريده,القطاع العام,خدمة إلكترونية جزئيا,المطالبات والمحاكم,2026/06/24,1448/01/09,2
منطقة المدينة المنوره,الحناكية,القطاع الخاص,خدمة إلكترونية جزئيا,السجلات التجارية,2026/06/24,1448/01/09,2
منطقة المدينة المنوره,المدينة المنورة,القطاع الخاص,خدمة إلكترونية جزئيا,وزارة الموارد البشرية والتنمية الاجتماعية,2026/06/24,1448/01/09,2
منطقة تبوك,تبوك,القطاع الخاص,خدمة إلكترونية جزئيا,الرواتب والمستحقات,2026/06/24,1448/01/09,2
منطقة جازان,جيزان,القطاع الخاص,خدمة إلكترونية جزئيا,البنوك والمصارف,2026/06/24,1448/01/09,2
منطقة جازان,جيزان,القطاع العام,خدمة إلكترونية جزئيا,تصديق الوكالات الخارجية,2026/06/24,1448/01/09,2
منطقة حائل,حائل,القطاع الخاص,خدمة إلكترونية جزئيا,الجوازات,2026/06/24,1448/01/09,2
منطقة عسير,خميس مشيط,القطاع الخاص,خدمة إلكترونية جزئيا,المطالبات والمحاكم,2026/06/24,1448/01/09,2
منطقة مكة المكرمه,الخرمه,القطاع الخاص,خدمة إلكترونية جزئيا,البنوك والمصارف,2026/06/24,1448/01/09,2
منطقة مكة المكرمه,الطائف,القطاع الخاص,خدمة إلكترونية جزئيا,العقارات,2026/06/24,1448/01/09,2
منطقة مكة المكرمه,جده,القطاع الخاص,خدمة إلكترونية جزئيا,التنازل عن كامل الإرث,2026/06/24,1448/01/09,2
منطقة مكة المكرمه,جده,القطاع الخاص,خدمة إلكترونية جزئيا,صندوق التنمية العقارية,2026/06/24,1448/01/09,2
منطقة مكة المكرمه,جده,القطاع العام,خدمة إلكترونية جزئيا,شبكة إيجار الإلكترونية,2026/06/24,1448/01/09,2
منطقة مكة المكرمه,مكة المكرمة,القطاع الخاص,خدمة إلكترونية جزئيا,وزارة الموارد البشرية والتنمية الاجتماعية,2026/06/24,1448/01/09,2
منطقة مكة المكرمه,مكة المكرمة,القطاع العام,خدمة إلكترونية جزئيا,المطالبات والمحاكم,2026/06/24,1448/01/09,2
منطقة مكة المكرمه,مكة المكرمة,القطاع العام,خدمة إلكترونية جزئيا,تصديق الوكالات الخارجية,2026/06/24,1448/01/09,2
الخدمات الرقمية,عام,القطاع العام,خدمة إلكترونية,التراخيص الصناعية,2026/06/24,1448/01/09,1
الخدمات الرقمية,عام,القطاع العام,خدمة إلكترونية,بنك التصدير والاستيراد السعودي,2026/06/24,1448/01/09,1
الخدمات الرقمية,عام,القطاع العام,خدمة إلكترونية,فسخ الوكالات,2026/06/24,1448/01/09,1
الخدمات الرقمية,عام,القطاع العام,خدمة إلكترونية جزئيا,إثباتات المحاكم,2026/06/24,1448/01/09,1
الخدمات الرقمية,عام,القطاع العام,خدمة إلكترونية جزئيا,السيارات,2026/06/24,1448/01/09,1
الخدمات الرقمية,عام,القطاع العام,خدمة إلكترونية جزئيا,العقارات,2026/06/24,1448/01/09,1
الخدمات الرقمية,عام,القطاع العام,خدمة إلكترونية جزئيا,النكاح,2026/06/24,1448/01/09,1
الخدمات الرقمية,عام,القطاع العام,خدمة إلكترونية جزئيا,شبكة إيجار الإلكترونية,2026/06/24,1448/01/09,1
الخدمات الرقمية,كتابة عدل مدمجة - افتراضية,القطاع العام,خدمة إلكترونية جزئيا,استقدام العمالة,2026/06/24,1448/01/09,1
الخدمات الرقمية,كتابة عدل مدمجة - افتراضية,القطاع العام,خدمة إلكترونية جزئيا,الضمان والشؤون الاجتماعية,2026/06/24,1448/01/09,1
الخدمات الرقمية,كتابة عدل مدمجة - افتراضية,القطاع العام,خدمة إلكترونية جزئيا,شركات الاتصالات,2026/06/24,1448/01/09,1
الخدمات الرقمية,كتابة عدل مدمجة - افتراضية,القطاع العام,خدمة إلكترونية جزئيا,شركة الكهرباء,2026/06/24,1448/01/09,1
الخدمات الرقمية,كتابة عدل مدمجة - افتراضية,القطاع العام,خدمة إلكترونية جزئيا,صندوق التنمية الزراعية,2026/06/24,1448/01/09,1
الخدمات الرقمية,كتابة عدل مدمجة - افتراضية,القطاع العام,خدمة إلكترونية جزئيا,هيئة الزكاة والضريبة والجمارك,2026/06/24,1448/01/09,1
الخدمات الرقمية,كتابة عدل مدمجة - افتراضية,القطاع العام,خدمة إلكترونية جزئيا,وزارة الموارد البشرية والتنمية الاجتماعية,2026/06/24,1448/01/09,1
منطقة الباحة,الباحه,القطاع الخاص,خدمة إلكترونية جزئيا,وكالة خارج المملكة العربية السعودية فقط,2026/06/24,1448/01/09,1
منطقة الجوف,القريات,القطاع الخاص,خدمة إلكترونية جزئيا,المطالبات والمحاكم,2026/06/24,1448/01/09,1
منطقة الجوف,سكاكا,القطاع العام,خدمة إلكترونية جزئيا,تصديق الوكالات الخارجية,2026/06/24,1448/01/09,1
منطقة الحدود الشمالية,عرعر,القطاع الخاص,خدمة إلكترونية جزئيا,الأمانات والبلديات,2026/06/24,1448/01/09,1
منطقة الحدود الشمالية,عرعر,القطاع الخاص,خدمة إلكترونية جزئيا,التراخيص الصناعية,2026/06/24,1448/01/09,1
منطقة الرياض,الخرج,القطاع الخاص,خدمة إلكترونية جزئيا,شبكة إيجار الإلكترونية,2026/06/24,1448/01/09,1
منطقة الرياض,الدرعيه,القطاع الخاص,خدمة إلكترونية جزئيا,الشركات والمؤسسات الأهلية,2026/06/24,1448/01/09,1
منطقة الرياض,الدرعيه,القطاع الخاص,خدمة إلكترونية جزئيا,العقارات,2026/06/24,1448/01/09,1
منطقة الرياض,الدرعيه,القطاع الخاص,خدمة إلكترونية جزئيا,الوزارات الحكومية,2026/06/24,1448/01/09,1
منطقة الرياض,الرياض,القطاع العام,خدمة إلكترونية جزئيا,إثباتات المحاكم,2026/06/24,1448/01/09,1
منطقة الرياض,الرياض,القطاع العام,خدمة إلكترونية جزئيا,أذونات المحاكم,2026/06/24,1448/01/09,1
منطقة الرياض,الرياض,القطاع العام,خدمة إلكترونية جزئيا,الجهات التعليمية,2026/06/24,1448/01/09,1
منطقة الرياض,الرياض,القطاع العام,خدمة إلكترونية جزئيا,المنح السكنية,2026/06/24,1448/01/09,1
منطقة الرياض,الرياض,القطاع العام,خدمة إلكترونية جزئيا,الهيئات الحكومية,2026/06/24,1448/01/09,1
منطقة الرياض,الرياض,القطاع العام,خدمة إلكترونية جزئيا,مكتب الإستقدام,2026/06/24,1448/01/09,1
منطقة الرياض,الرياض,القطاع العام,خدمة إلكترونية جزئيا,وزارة الموارد البشرية والتنمية الاجتماعية,2026/06/24,1448/01/09,1
منطقة الرياض,الرياض,القطاع العام,خدمة إلكترونية جزئيا,وكالة خارج المملكة العربية السعودية فقط,2026/06/24,1448/01/09,1
منطقة الرياض,عرقه,القطاع الخاص,خدمة إلكترونية جزئيا,الشركات,2026/06/24,1448/01/09,1
منطقة الشرقية,الاحساء,القطاع الخاص,خدمة إلكترونية جزئيا,الأمانات والبلديات,2026/06/24,1448/01/09,1
منطقة الشرقية,الخبر,القطاع الخاص,خدمة إلكترونية جزئيا,النكاح,2026/06/24,1448/01/09,1
منطقة الشرقية,الخبر,القطاع الخاص,خدمة إلكترونية جزئيا,وكالة خارج المملكة العربية السعودية فقط,2026/06/24,1448/01/09,1
منطقة الشرقية,الدمام,القطاع الخاص,خدمة إلكترونية جزئيا,الهيئات الحكومية,2026/06/24,1448/01/09,1
منطقة الشرقية,الدمام,القطاع العام,خدمة إلكترونية جزئيا,الجهات الأمنية,2026/06/24,1448/01/09,1
منطقة الشرقية,الدمام,القطاع العام,خدمة إلكترونية جزئيا,السجلات التجارية,2026/06/24,1448/01/09,1
منطقة الشرقية,الدمام,القطاع العام,خدمة إلكترونية جزئيا,شبكة إيجار الإلكترونية,2026/06/24,1448/01/09,1
منطقة الشرقية,القطيف,القطاع الخاص,خدمة إلكترونية جزئيا,المطالبات والمحاكم,2026/06/24,1448/01/09,1
منطقة الشرقية,حفر الباطن,القطاع الخاص,خدمة إلكترونية جزئيا,الأمانات والبلديات,2026/06/24,1448/01/09,1
منطقة القصيم,الرس,القطاع الخاص,خدمة إلكترونية جزئيا,الشركات والمؤسسات الأهلية,2026/06/24,1448/01/09,1
منطقة القصيم,بريده,القطاع العام,خدمة إلكترونية جزئيا,العقارات,2026/06/24,1448/01/09,1
منطقة القصيم,بريده,القطاع العام,خدمة إلكترونية جزئيا,الوزارات الحكومية,2026/06/24,1448/01/09,1
منطقة المدينة المنوره,المدينة المنورة,القطاع الخاص,خدمة إلكترونية جزئيا,الشركات,2026/06/24,1448/01/09,1
منطقة المدينة المنوره,المدينة المنورة,القطاع الخاص,خدمة إلكترونية جزئيا,الوزارات الحكومية,2026/06/24,1448/01/09,1
منطقة المدينة المنوره,المدينة المنورة,القطاع العام,خدمة إلكترونية جزئيا,البنوك والمصارف,2026/06/24,1448/01/09,1
منطقة المدينة المنوره,المدينة المنورة,القطاع العام,خدمة إلكترونية جزئيا,السيارات,2026/06/24,1448/01/09,1
منطقة المدينة المنوره,المدينة المنورة,القطاع العام,خدمة إلكترونية جزئيا,العقارات,2026/06/24,1448/01/09,1
منطقة المدينة المنوره,المدينة المنورة,القطاع العام,خدمة إلكترونية جزئيا,المطالبات والمحاكم,2026/06/24,1448/01/09,1
منطقة المدينة المنوره,المدينة المنورة,القطاع العام,خدمة إلكترونية جزئيا,الهيئات الحكومية,2026/06/24,1448/01/09,1
منطقة المدينة المنوره,ينبع,القطاع العام,خدمة إلكترونية جزئيا,إدارة الأحوال المدنية,2026/06/24,1448/01/09,1
منطقة تبوك,تبوك,القطاع الخاص,خدمة إلكترونية جزئيا,البنوك والمصارف,2026/06/24,1448/01/09,1
منطقة تبوك,تبوك,القطاع العام,خدمة إلكترونية جزئيا,تصديق الوكالات الخارجية,2026/06/24,1448/01/09,1
منطقة جازان,صامطه,القطاع الخاص,خدمة إلكترونية جزئيا,المطالبات والمحاكم,2026/06/24,1448/01/09,1
منطقة حائل,حائل,القطاع الخاص,خدمة إلكترونية جزئيا,السجلات التجارية,2026/06/24,1448/01/09,1
منطقة حائل,حائل,القطاع الخاص,خدمة إلكترونية جزئيا,المطالبات والمحاكم,2026/06/24,1448/01/09,1
منطقة عسير,ابها,القطاع الخاص,خدمة إلكترونية جزئيا,السجلات التجارية,2026/06/24,1448/01/09,1
منطقة عسير,ابها,القطاع العام,خدمة إلكترونية جزئيا,تصديق الوكالات الخارجية,2026/06/24,1448/01/09,1
منطقة عسير,احد رفيده,القطاع الخاص,خدمة إلكترونية جزئيا,المطالبات والمحاكم,2026/06/24,1448/01/09,1
منطقة عسير,خميس مشيط,القطاع العام,خدمة إلكترونية جزئيا,البنوك والمصارف,2026/06/24,1448/01/09,1
منطقة مكة المكرمه,الجموم,القطاع الخاص,خدمة إلكترونية جزئيا,السجلات التجارية,2026/06/24,1448/01/09,1
منطقة مكة المكرمه,الجموم,القطاع الخاص,خدمة إلكترونية جزئيا,العقارات,2026/06/24,1448/01/09,1
منطقة مكة المكرمه,الطائف,القطاع الخاص,خدمة إلكترونية جزئيا,السجلات التجارية,2026/06/24,1448/01/09,1
منطقة مكة المكرمه,الطائف,القطاع الخاص,خدمة إلكترونية جزئيا,شبكة إيجار الإلكترونية,2026/06/24,1448/01/09,1
منطقة مكة المكرمه,جده,القطاع الخاص,خدمة إلكترونية جزئيا,التعويضات والمساعدات,2026/06/24,1448/01/09,1
منطقة مكة المكرمه,جده,القطاع الخاص,خدمة إلكترونية جزئيا,الجهات الأمنية,2026/06/24,1448/01/09,1
منطقة مكة المكرمه,جده,القطاع الخاص,خدمة إلكترونية جزئيا,الشركات والمؤسسات الأهلية,2026/06/24,1448/01/09,1
منطقة مكة المكرمه,جده,القطاع الخاص,خدمة إلكترونية جزئيا,الهيئات الحكومية,2026/06/24,1448/01/09,1
منطقة مكة المكرمه,جده,القطاع الخاص,خدمة إلكترونية جزئيا,شركة الكهرباء,2026/06/24,1448/01/09,1
منطقة مكة المكرمه,جده,القطاع العام,خدمة إلكترونية جزئيا,الجوازات,2026/06/24,1448/01/09,1
منطقة مكة المكرمه,جده,القطاع العام,خدمة إلكترونية جزئيا,الرئاسات الحكومية,2026/06/24,1448/01/09,1
منطقة مكة المكرمه,مكة المكرمة,القطاع الخاص,خدمة إلكترونية جزئيا,الهيئات الحكومية,2026/06/24,1448/01/09,1
منطقة مكة المكرمه,مكة المكرمة,القطاع الخاص,خدمة إلكترونية جزئيا,شبكة إيجار الإلكترونية,2026/06/24,1448/01/09,1
منطقة مكة المكرمه,مكة المكرمة,القطاع العام,خدمة إلكترونية جزئيا,شبكة إيجار الإلكترونية,2026/06/24,1448/01/09,1
منطقة نجران,نجران,القطاع الخاص,خدمة إلكترونية جزئيا,السيارات,2026/06/24,1448/01/09,1
منطقة نجران,نجران,القطاع الخاص,خدمة إلكترونية جزئيا,وكالة خارج المملكة العربية السعودية فقط,2026/06/24,1448/01/09,1
الخدمات الرقمية,عام,القطاع العام,خدمة إلكترونية,المطالبات والمحاكم,2026/06/25,1448/01/10,"3,423"
الخدمات الرقمية,عام,القطاع العام,خدمة إلكترونية,العقارات,2026/06/25,1448/01/10,"2,103"
الخدمات الرقمية,عام,القطاع العام,خدمة إلكترونية,السيارات,2026/06/25,1448/01/10,"1,227"
الخدمات الرقمية,عام,القطاع العام,خدمة إلكترونية,البنوك والمصارف,2026/06/25,1448/01/10,"1,109"
الخدمات الرقمية,عام,القطاع العام,خدمة إلكترونية,الجوازات,2026/06/25,1448/01/10,"1,011"
الخدمات الرقمية,عام,القطاع العام,خدمة إلكترونية,الوزارات الحكومية,2026/06/25,1448/01/10,475
الخدمات الرقمية,عام,القطاع العام,خدمة إلكترونية,المرور,2026/06/25,1448/01/10,335
الخدمات الرقمية,عام,القطاع العام,خدمة إلكترونية,الشركات والمؤسسات الأهلية,2026/06/25,1448/01/10,312
الخدمات الرقمية,عام,القطاع العام,خدمة إلكترونية,وكالة خارج المملكة العربية السعودية فقط,2026/06/25,1448/01/10,288
الخدمات الرقمية,عام,القطاع العام,خدمة إلكترونية,الجهات الأمنية,2026/06/25,1448/01/10,284
الخدمات الرقمية,عام,القطاع العام,خدمة إلكترونية,السجلات التجارية,2026/06/25,1448/01/10,281
الخدمات الرقمية,عام,القطاع العام,خدمة إلكترونية,إدارة الأحوال المدنية,2026/06/25,1448/01/10,221
الخدمات الرقمية,عام,القطاع العام,خدمة إلكترونية,الأمانات والبلديات,2026/06/25,1448/01/10,216
منطقة الرياض,الرياض,القطاع الخاص,خدمة إلكترونية جزئيا,المطالبات والمحاكم,2026/06/25,1448/01/10,209
الخدمات الرقمية,عام,القطاع العام,خدمة إلكترونية,الجهات التعليمية,2026/06/25,1448/01/10,192
الخدمات الرقمية,عام,القطاع العام,خدمة إلكترونية,وزارة الموارد البشرية والتنمية الاجتماعية,2026/06/25,1448/01/10,167
الخدمات الرقمية,عام,القطاع العام,خدمة إلكترونية,الرواتب والمستحقات,2026/06/25,1448/01/10,162
منطقة الرياض,الرياض,القطاع الخاص,خدمة إلكترونية جزئيا,العقارات,2026/06/25,1448/01/10,149
الخدمات الرقمية,عام,القطاع العام,خدمة إلكترونية,شركات الاتصالات,2026/06/25,1448/01/10,141
منطقة الرياض,الرياض,القطاع العام,خدمة إلكترونية جزئيا,المطالبات والمحاكم,2026/06/25,1448/01/10,136
الخدمات الرقمية,كتابة عدل مدمجة - افتراضية,القطاع العام,خدمة إلكترونية جزئيا,المطالبات والمحاكم,2026/06/25,1448/01/10,123
منطقة مكة المكرمه,جده,القطاع الخاص,خدمة إلكترونية جزئيا,المطالبات والمحاكم,2026/06/25,1448/01/10,119
الخدمات الرقمية,عام,القطاع العام,خدمة إلكترونية,طلب الخدمات,2026/06/25,1448/01/10,118
الخدمات الرقمية,عام,القطاع العام,خدمة إلكترونية,الشركات,2026/06/25,1448/01/10,109
الخدمات الرقمية,عام,القطاع العام,خدمة إلكترونية,الهيئات الحكومية,2026/06/25,1448/01/10,98
الخدمات الرقمية,عام,القطاع العام,خدمة إلكترونية,شبكة إيجار الإلكترونية,2026/06/25,1448/01/10,84
منطقة الرياض,الرياض,القطاع العام,خدمة إلكترونية جزئيا,تصديق الوكالات الخارجية,2026/06/25,1448/01/10,67
الخدمات الرقمية,عام,القطاع العام,خدمة إلكترونية,النكاح,2026/06/25,1448/01/10,65
الخدمات الرقمية,عام,القطاع العام,خدمة إلكترونية,شركة الكهرباء,2026/06/25,1448/01/10,59
منطقة مكة المكرمه,جده,القطاع الخاص,خدمة إلكترونية جزئيا,العقارات,2026/06/25,1448/01/10,55
منطقة الرياض,الرياض,القطاع الخاص,خدمة إلكترونية جزئيا,وكالة خارج المملكة العربية السعودية فقط,2026/06/25,1448/01/10,50
منطقة الرياض,الرياض,القطاع العام,خدمة إلكترونية جزئيا,الجهات الأمنية,2026/06/25,1448/01/10,46
منطقة الرياض,الرياض,القطاع الخاص,خدمة إلكترونية جزئيا,السجلات التجارية,2026/06/25,1448/01/10,44
الخدمات الرقمية,عام,القطاع العام,خدمة إلكترونية,العوائد السنوية,2026/06/25,1448/01/10,41
الخدمات الرقمية,كتابة عدل مدمجة - افتراضية,القطاع العام,خدمة إلكترونية جزئيا,العقارات,2026/06/25,1448/01/10,39
الخدمات الرقمية,عام,القطاع العام,خدمة إلكترونية,مكتب الإستقدام,2026/06/25,1448/01/10,38
الخدمات الرقمية,عام,القطاع العام,خدمة إلكترونية,المؤسسات الحكومية,2026/06/25,1448/01/10,36
الخدمات الرقمية,عام,القطاع العام,خدمة إلكترونية,شركة المياه,2026/06/25,1448/01/10,36
منطقة الشرقية,الخبر,القطاع الخاص,خدمة إلكترونية جزئيا,المطالبات والمحاكم,2026/06/25,1448/01/10,34
الخدمات الرقمية,كتابة عدل مدمجة - افتراضية,القطاع العام,خدمة إلكترونية جزئيا,البنوك والمصارف,2026/06/25,1448/01/10,33
منطقة الرياض,الرياض,القطاع العام,خدمة إلكترونية جزئيا,البنوك والمصارف,2026/06/25,1448/01/10,30
الخدمات الرقمية,عام,القطاع العام,خدمة إلكترونية,التعويضات والمساعدات,2026/06/25,1448/01/10,29
الخدمات الرقمية,عام,القطاع العام,خدمة إلكترونية,صندوق التنمية العقارية,2026/06/25,1448/01/10,29
الخدمات الرقمية,عام,القطاع العام,خدمة إلكترونية,هيئة الزكاة والضريبة والجمارك,2026/06/25,1448/01/10,25
منطقة مكة المكرمه,مكة المكرمة,القطاع الخاص,خدمة إلكترونية جزئيا,المطالبات والمحاكم,2026/06/25,1448/01/10,25
الخدمات الرقمية,عام,القطاع العام,خدمة إلكترونية,إثباتات المحاكم,2026/06/25,1448/01/10,24
منطقة مكة المكرمه,جده,القطاع الخاص,خدمة إلكترونية جزئيا,وكالة خارج المملكة العربية السعودية فقط,2026/06/25,1448/01/10,24
منطقة مكة المكرمه,جده,القطاع العام,خدمة إلكترونية جزئيا,تصديق الوكالات الخارجية,2026/06/25,1448/01/10,24
الخدمات الرقمية,عام,القطاع العام,خدمة إلكترونية,التنازل عن كامل الإرث,2026/06/25,1448/01/10,21
الخدمات الرقمية,عام,القطاع العام,خدمة إلكترونية,المنح السكنية,2026/06/25,1448/01/10,21
منطقة الشرقية,الدمام,القطاع الخاص,خدمة إلكترونية جزئيا,المطالبات والمحاكم,2026/06/25,1448/01/10,21
منطقة الشرقية,الدمام,القطاع العام,خدمة إلكترونية جزئيا,تصديق الوكالات الخارجية,2026/06/25,1448/01/10,20
منطقة مكة المكرمه,مكة المكرمة,القطاع الخاص,خدمة إلكترونية جزئيا,العقارات,2026/06/25,1448/01/10,20
الخدمات الرقمية,كتابة عدل مدمجة - افتراضية,القطاع العام,خدمة إلكترونية جزئيا,شبكة إيجار الإلكترونية,2026/06/25,1448/01/10,19
منطقة مكة المكرمه,مكة المكرمة,القطاع الخاص,خدمة إلكترونية جزئيا,وكالة خارج المملكة العربية السعودية فقط,2026/06/25,1448/01/10,19
منطقة الرياض,الرياض,القطاع الخاص,خدمة إلكترونية جزئيا,شبكة إيجار الإلكترونية,2026/06/25,1448/01/10,18
منطقة مكة المكرمه,الطائف,القطاع الخاص,خدمة إلكترونية جزئيا,العقارات,2026/06/25,1448/01/10,18
منطقة مكة المكرمه,الطائف,القطاع الخاص,خدمة إلكترونية جزئيا,المطالبات والمحاكم,2026/06/25,1448/01/10,18
منطقة الشرقية,الخبر,القطاع الخاص,خدمة إلكترونية جزئيا,وكالة خارج المملكة العربية السعودية فقط,2026/06/25,1448/01/10,17
الخدمات الرقمية,عام,القطاع العام,خدمة إلكترونية,المنح الزراعية,2026/06/25,1448/01/10,16
منطقة الرياض,الرياض,القطاع الخاص,خدمة إلكترونية جزئيا,البنوك والمصارف,2026/06/25,1448/01/10,15
منطقة الرياض,الرياض,القطاع الخاص,خدمة إلكترونية جزئيا,الأمانات والبلديات,2026/06/25,1448/01/10,14
منطقة الشرقية,الدمام,القطاع العام,خدمة إلكترونية جزئيا,المطالبات والمحاكم,2026/06/25,1448/01/10,14
منطقة حائل,حائل,القطاع الخاص,خدمة إلكترونية جزئيا,المطالبات والمحاكم,2026/06/25,1448/01/10,14
منطقة مكة المكرمه,جده,القطاع الخاص,خدمة إلكترونية جزئيا,السجلات التجارية,2026/06/25,1448/01/10,14
الخدمات الرقمية,عام,القطاع العام,خدمة إلكترونية,الحالات الاجتماعية,2026/06/25,1448/01/10,13
منطقة الشرقية,الخبر,القطاع الخاص,خدمة إلكترونية جزئيا,العقارات,2026/06/25,1448/01/10,13
منطقة الرياض,الرياض,القطاع العام,خدمة إلكترونية جزئيا,السيارات,2026/06/25,1448/01/10,12
منطقة الشرقية,الدمام,القطاع الخاص,خدمة إلكترونية جزئيا,الهيئات الحكومية,2026/06/25,1448/01/10,12
منطقة تبوك,تبوك,القطاع الخاص,خدمة إلكترونية جزئيا,العقارات,2026/06/25,1448/01/10,12
منطقة مكة المكرمه,جده,القطاع الخاص,خدمة إلكترونية جزئيا,الأمانات والبلديات,2026/06/25,1448/01/10,12
الخدمات الرقمية,عام,القطاع العام,خدمة إلكترونية,إنهائات المحاكم,2026/06/25,1448/01/10,11
الخدمات الرقمية,عام,القطاع العام,خدمة إلكترونية,بنك التنمية الاجتماعية,2026/06/25,1448/01/10,10
منطقة الشرقية,الخبر,القطاع الخاص,خدمة إلكترونية جزئيا,السجلات التجارية,2026/06/25,1448/01/10,10
الخدمات الرقمية,عام,القطاع العام,خدمة إلكترونية,البنك السعودي للتسليف والإدخار,2026/06/25,1448/01/10,9
الخدمات الرقمية,عام,القطاع العام,خدمة إلكترونية جزئيا,المطالبات والمحاكم,2026/06/25,1448/01/10,9
منطقة الرياض,الرياض,القطاع الخاص,خدمة إلكترونية جزئيا,الوزارات الحكومية,2026/06/25,1448/01/10,9
منطقة الرياض,الرياض,القطاع العام,خدمة إلكترونية جزئيا,الوزارات الحكومية,2026/06/25,1448/01/10,9
منطقة الشرقية,الدمام,القطاع الخاص,خدمة إلكترونية جزئيا,العقارات,2026/06/25,1448/01/10,9
الخدمات الرقمية,عام,القطاع العام,خدمة إلكترونية,البريد,2026/06/25,1448/01/10,8
الخدمات الرقمية,كتابة عدل مدمجة - افتراضية,القطاع العام,خدمة إلكترونية جزئيا,الجهات التعليمية,2026/06/25,1448/01/10,8
منطقة الرياض,الخرج,القطاع الخاص,خدمة إلكترونية جزئيا,العقارات,2026/06/25,1448/01/10,8
منطقة الرياض,الرياض,القطاع الخاص,خدمة إلكترونية جزئيا,السيارات,2026/06/25,1448/01/10,8
منطقة الرياض,الرياض,القطاع العام,خدمة إلكترونية جزئيا,إدارة الأحوال المدنية,2026/06/25,1448/01/10,8
منطقة الرياض,الرياض,القطاع العام,خدمة إلكترونية جزئيا,العقارات,2026/06/25,1448/01/10,8
منطقة الشرقية,الدمام,القطاع الخاص,خدمة إلكترونية جزئيا,السجلات التجارية,2026/06/25,1448/01/10,8
منطقة مكة المكرمه,جده,القطاع الخاص,خدمة إلكترونية جزئيا,الشركات,2026/06/25,1448/01/10,8
الخدمات الرقمية,عام,القطاع العام,خدمة إلكترونية,تصاريح القوارب والصيد,2026/06/25,1448/01/10,7
الخدمات الرقمية,عام,القطاع العام,خدمة إلكترونية,مكافآت الجامعات والمعاهد,2026/06/25,1448/01/10,7
الخدمات الرقمية,كتابة عدل مدمجة - افتراضية,القطاع العام,خدمة إلكترونية جزئيا,الرواتب والمستحقات,2026/06/25,1448/01/10,7
الخدمات الرقمية,كتابة عدل مدمجة - افتراضية,القطاع العام,خدمة إلكترونية جزئيا,الوزارات الحكومية,2026/06/25,1448/01/10,7
منطقة الرياض,الدرعيه,القطاع الخاص,خدمة إلكترونية جزئيا,المطالبات والمحاكم,2026/06/25,1448/01/10,7
منطقة الرياض,الرياض,القطاع الخاص,خدمة إلكترونية جزئيا,الشركات,2026/06/25,1448/01/10,7
منطقة الرياض,الرياض,القطاع العام,خدمة إلكترونية جزئيا,الجوازات,2026/06/25,1448/01/10,7
منطقة الرياض,المزاحميه,القطاع الخاص,خدمة إلكترونية جزئيا,المطالبات والمحاكم,2026/06/25,1448/01/10,7
منطقة القصيم,البدائع,القطاع الخاص,خدمة إلكترونية جزئيا,السجلات التجارية,2026/06/25,1448/01/10,7
منطقة القصيم,بريده,القطاع الخاص,خدمة إلكترونية جزئيا,المطالبات والمحاكم,2026/06/25,1448/01/10,7
منطقة المدينة المنوره,المدينة المنورة,القطاع الخاص,خدمة إلكترونية جزئيا,وكالة خارج المملكة العربية السعودية فقط,2026/06/25,1448/01/10,7
منطقة عسير,خميس مشيط,القطاع الخاص,خدمة إلكترونية جزئيا,الرواتب والمستحقات,2026/06/25,1448/01/10,7
منطقة عسير,خميس مشيط,القطاع الخاص,خدمة إلكترونية جزئيا,المطالبات والمحاكم,2026/06/25,1448/01/10,7
منطقة مكة المكرمه,جده,القطاع الخاص,خدمة إلكترونية جزئيا,السيارات,2026/06/25,1448/01/10,7
الخدمات الرقمية,كتابة عدل مدمجة - افتراضية,القطاع العام,خدمة إلكترونية جزئيا,السجلات التجارية,2026/06/25,1448/01/10,6
الخدمات الرقمية,كتابة عدل مدمجة - افتراضية,القطاع العام,خدمة إلكترونية جزئيا,السيارات,2026/06/25,1448/01/10,6
الخدمات الرقمية,كتابة عدل مدمجة - افتراضية,القطاع العام,خدمة إلكترونية جزئيا,الهيئات الحكومية,2026/06/25,1448/01/10,6
منطقة الرياض,الرياض,القطاع الخاص,خدمة إلكترونية جزئيا,الهيئات الحكومية,2026/06/25,1448/01/10,6
منطقة الرياض,الرياض,القطاع العام,خدمة إلكترونية جزئيا,الشركات والمؤسسات الأهلية,2026/06/25,1448/01/10,6
منطقة الرياض,الرياض,القطاع العام,خدمة إلكترونية جزئيا,شركات الاتصالات,2026/06/25,1448/01/10,6
منطقة الشرقية,الدمام,القطاع العام,خدمة إلكترونية جزئيا,البنوك والمصارف,2026/06/25,1448/01/10,6
منطقة المدينة المنوره,المدينة المنورة,القطاع الخاص,خدمة إلكترونية جزئيا,المطالبات والمحاكم,2026/06/25,1448/01/10,6
منطقة تبوك,تبوك,القطاع الخاص,خدمة إلكترونية جزئيا,السيارات,2026/06/25,1448/01/10,6
الخدمات الرقمية,كتابة عدل مدمجة - افتراضية,القطاع العام,خدمة إلكترونية جزئيا,الجوازات,2026/06/25,1448/01/10,5
الخدمات الرقمية,كتابة عدل مدمجة - افتراضية,القطاع العام,خدمة إلكترونية جزئيا,الشركات والمؤسسات الأهلية,2026/06/25,1448/01/10,5
منطقة الرياض,الرياض,القطاع الخاص,خدمة إلكترونية جزئيا,الجوازات,2026/06/25,1448/01/10,5
منطقة الشرقية,الاحساء,القطاع الخاص,خدمة إلكترونية جزئيا,العقارات,2026/06/25,1448/01/10,5
منطقة الشرقية,الاحساء,القطاع الخاص,خدمة إلكترونية جزئيا,المطالبات والمحاكم,2026/06/25,1448/01/10,5
منطقة الشرقية,الدمام,القطاع الخاص,خدمة إلكترونية جزئيا,الشركات,2026/06/25,1448/01/10,5
منطقة الشرقية,الدمام,القطاع العام,خدمة إلكترونية جزئيا,العقارات,2026/06/25,1448/01/10,5
منطقة القصيم,البدائع,القطاع الخاص,خدمة إلكترونية جزئيا,العقارات,2026/06/25,1448/01/10,5
منطقة المدينة المنوره,المدينة المنورة,القطاع الخاص,خدمة إلكترونية جزئيا,البنوك والمصارف,2026/06/25,1448/01/10,5
منطقة مكة المكرمه,مكة المكرمة,القطاع الخاص,خدمة إلكترونية جزئيا,السجلات التجارية,2026/06/25,1448/01/10,5
منطقة مكة المكرمه,مكة المكرمة,القطاع العام,خدمة إلكترونية جزئيا,تصديق الوكالات الخارجية,2026/06/25,1448/01/10,5
الخدمات الرقمية,عام,القطاع العام,خدمة إلكترونية,التوكيل على الإقرارات,2026/06/25,1448/01/10,4
منطقة الجوف,سكاكا,القطاع الخاص,خدمة إلكترونية جزئيا,المطالبات والمحاكم,2026/06/25,1448/01/10,4
منطقة الحدود الشمالية,عرعر,القطاع الخاص,خدمة إلكترونية جزئيا,المطالبات والمحاكم,2026/06/25,1448/01/10,4
منطقة الرياض,الخرج,القطاع الخاص,خدمة إلكترونية جزئيا,المطالبات والمحاكم,2026/06/25,1448/01/10,4
منطقة الرياض,الدرعيه,القطاع الخاص,خدمة إلكترونية جزئيا,وكالة خارج المملكة العربية السعودية فقط,2026/06/25,1448/01/10,4
منطقة الرياض,الرياض,القطاع العام,خدمة إلكترونية جزئيا,السجلات التجارية,2026/06/25,1448/01/10,4
منطقة الرياض,الرياض,القطاع العام,خدمة إلكترونية جزئيا,النكاح,2026/06/25,1448/01/10,4
منطقة الشرقية,الدمام,القطاع العام,خدمة إلكترونية جزئيا,الجوازات,2026/06/25,1448/01/10,4
منطقة القصيم,المذنب,القطاع الخاص,خدمة إلكترونية جزئيا,السيارات,2026/06/25,1448/01/10,4
منطقة تبوك,تبوك,القطاع الخاص,خدمة إلكترونية جزئيا,وكالة خارج المملكة العربية السعودية فقط,2026/06/25,1448/01/10,4
منطقة حائل,حائل,القطاع الخاص,خدمة إلكترونية جزئيا,العقارات,2026/06/25,1448/01/10,4
منطقة مكة المكرمه,جده,القطاع الخاص,خدمة إلكترونية جزئيا,الجهات الأمنية,2026/06/25,1448/01/10,4
الخدمات الرقمية,عام,القطاع العام,خدمة إلكترونية,استقدام العمالة,2026/06/25,1448/01/10,3
الخدمات الرقمية,عام,القطاع العام,خدمة إلكترونية,صندوق التنمية الزراعية,2026/06/25,1448/01/10,3
الخدمات الرقمية,عام,القطاع العام,خدمة إلكترونية جزئيا,وكالة خارج المملكة العربية السعودية فقط,2026/06/25,1448/01/10,3
الخدمات الرقمية,كتابة عدل مدمجة - افتراضية,القطاع العام,خدمة إلكترونية جزئيا,إنهائات المحاكم,2026/06/25,1448/01/10,3
الخدمات الرقمية,كتابة عدل مدمجة - افتراضية,القطاع العام,خدمة إلكترونية جزئيا,الجهات الأمنية,2026/06/25,1448/01/10,3
الخدمات الرقمية,كتابة عدل مدمجة - افتراضية,القطاع العام,خدمة إلكترونية جزئيا,الشركات,2026/06/25,1448/01/10,3
منطقة الحدود الشمالية,عرعر,القطاع الخاص,خدمة إلكترونية جزئيا,العقارات,2026/06/25,1448/01/10,3
منطقة الرياض,الخرج,القطاع الخاص,خدمة إلكترونية جزئيا,السيارات,2026/06/25,1448/01/10,3
منطقة الرياض,الدرعيه,القطاع الخاص,خدمة إلكترونية جزئيا,البنوك والمصارف,2026/06/25,1448/01/10,3
منطقة الرياض,الرياض,القطاع الخاص,خدمة إلكترونية جزئيا,الرواتب والمستحقات,2026/06/25,1448/01/10,3
منطقة الرياض,الرياض,القطاع العام,خدمة إلكترونية جزئيا,المؤسسات الحكومية,2026/06/25,1448/01/10,3
منطقة الرياض,الرياض,القطاع العام,خدمة إلكترونية جزئيا,شبكة إيجار الإلكترونية,2026/06/25,1448/01/10,3
منطقة الرياض,الرياض,القطاع العام,خدمة إلكترونية جزئيا,وزارة الموارد البشرية والتنمية الاجتماعية,2026/06/25,1448/01/10,3
منطقة الشرقية,الخبر,القطاع الخاص,خدمة إلكترونية جزئيا,الأمانات والبلديات,2026/06/25,1448/01/10,3
منطقة الشرقية,الخبر,القطاع الخاص,خدمة إلكترونية جزئيا,شبكة إيجار الإلكترونية,2026/06/25,1448/01/10,3
منطقة الشرقية,الدمام,القطاع العام,خدمة إلكترونية جزئيا,السيارات,2026/06/25,1448/01/10,3
منطقة الشرقية,الدمام,القطاع العام,خدمة إلكترونية جزئيا,الوزارات الحكومية,2026/06/25,1448/01/10,3
منطقة الشرقية,الدمام,القطاع العام,خدمة إلكترونية جزئيا,وكالة خارج المملكة العربية السعودية فقط,2026/06/25,1448/01/10,3
منطقة القصيم,الرس,القطاع الخاص,خدمة إلكترونية جزئيا,العقارات,2026/06/25,1448/01/10,3
منطقة القصيم,عنيزه,القطاع الخاص,خدمة إلكترونية جزئيا,وكالة خارج المملكة العربية السعودية فقط,2026/06/25,1448/01/10,3
منطقة المدينة المنوره,المدينة المنورة,القطاع الخاص,خدمة إلكترونية جزئيا,السجلات التجارية,2026/06/25,1448/01/10,3
منطقة المدينة المنوره,المدينة المنورة,القطاع الخاص,خدمة إلكترونية جزئيا,العقارات,2026/06/25,1448/01/10,3
منطقة تبوك,تبوك,القطاع الخاص,خدمة إلكترونية جزئيا,المطالبات والمحاكم,2026/06/25,1448/01/10,3
منطقة جازان,جيزان,القطاع الخاص,خدمة إلكترونية جزئيا,الشركات,2026/06/25,1448/01/10,3
منطقة جازان,جيزان,القطاع الخاص,خدمة إلكترونية جزئيا,المطالبات والمحاكم,2026/06/25,1448/01/10,3
منطقة عسير,ابها,القطاع العام,خدمة إلكترونية جزئيا,تصديق الوكالات الخارجية,2026/06/25,1448/01/10,3
منطقة مكة المكرمه,جده,القطاع الخاص,خدمة إلكترونية جزئيا,البنوك والمصارف,2026/06/25,1448/01/10,3
منطقة مكة المكرمه,مكة المكرمة,القطاع الخاص,خدمة إلكترونية جزئيا,المرور,2026/06/25,1448/01/10,3
الخدمات الرقمية,عام,القطاع العام,خدمة إلكترونية,أذونات المحاكم,2026/06/25,1448/01/10,2
الخدمات الرقمية,عام,القطاع العام,خدمة إلكترونية,الرئاسات الحكومية,2026/06/25,1448/01/10,2
الخدمات الرقمية,عام,القطاع العام,خدمة إلكترونية,الضمان الاجتماعي,2026/06/25,1448/01/10,2
الخدمات الرقمية,عام,القطاع العام,خدمة إلكترونية جزئيا,البنوك والمصارف,2026/06/25,1448/01/10,2
الخدمات الرقمية,عام,القطاع العام,خدمة إلكترونية جزئيا,السيارات,2026/06/25,1448/01/10,2
الخدمات الرقمية,كتابة عدل مدمجة - افتراضية,القطاع العام,خدمة إلكترونية جزئيا,الأمانات والبلديات,2026/06/25,1448/01/10,2
منطقة الرياض,الدلم,القطاع الخاص,خدمة إلكترونية جزئيا,المطالبات والمحاكم,2026/06/25,1448/01/10,2
منطقة الرياض,الرياض,القطاع الخاص,خدمة إلكترونية جزئيا,الضمان والشؤون الاجتماعية,2026/06/25,1448/01/10,2
منطقة الرياض,الرياض,القطاع الخاص,خدمة إلكترونية جزئيا,المؤسسات الحكومية,2026/06/25,1448/01/10,2
منطقة الرياض,الرياض,القطاع الخاص,خدمة إلكترونية جزئيا,المنح الزراعية,2026/06/25,1448/01/10,2
منطقة الرياض,الرياض,القطاع الخاص,خدمة إلكترونية جزئيا,مكتب الإستقدام,2026/06/25,1448/01/10,2
منطقة الرياض,الرياض,القطاع العام,خدمة إلكترونية جزئيا,إنهائات المحاكم,2026/06/25,1448/01/10,2
منطقة الرياض,الرياض,القطاع العام,خدمة إلكترونية جزئيا,المرور,2026/06/25,1448/01/10,2
منطقة الرياض,الرياض,القطاع العام,خدمة إلكترونية جزئيا,الهيئات الحكومية,2026/06/25,1448/01/10,2
منطقة الرياض,الرياض,القطاع العام,خدمة إلكترونية جزئيا,وكالة خارج المملكة العربية السعودية فقط,2026/06/25,1448/01/10,2
منطقة الرياض,المزاحميه,القطاع الخاص,خدمة إلكترونية جزئيا,العقارات,2026/06/25,1448/01/10,2
منطقة الشرقية,الاحساء,القطاع الخاص,خدمة إلكترونية جزئيا,السيارات,2026/06/25,1448/01/10,2
منطقة الشرقية,الاحساء,القطاع الخاص,خدمة إلكترونية جزئيا,شبكة إيجار الإلكترونية,2026/06/25,1448/01/10,2
منطقة الشرقية,الجبيل,القطاع الخاص,خدمة إلكترونية جزئيا,المطالبات والمحاكم,2026/06/25,1448/01/10,2
منطقة الشرقية,الدمام,القطاع الخاص,خدمة إلكترونية جزئيا,شبكة إيجار الإلكترونية,2026/06/25,1448/01/10,2
منطقة الشرقية,الدمام,القطاع الخاص,خدمة إلكترونية جزئيا,وزارة الموارد البشرية والتنمية الاجتماعية,2026/06/25,1448/01/10,2
منطقة الشرقية,الدمام,القطاع الخاص,خدمة إلكترونية جزئيا,وكالة خارج المملكة العربية السعودية فقط,2026/06/25,1448/01/10,2
منطقة الشرقية,الدمام,القطاع العام,خدمة إلكترونية جزئيا,الأمانات والبلديات,2026/06/25,1448/01/10,2
منطقة الشرقية,الدمام,القطاع العام,خدمة إلكترونية جزئيا,السجلات التجارية,2026/06/25,1448/01/10,2
منطقة الشرقية,الدمام,القطاع العام,خدمة إلكترونية جزئيا,المؤسسات الحكومية,2026/06/25,1448/01/10,2
منطقة الشرقية,حفر الباطن,القطاع الخاص,خدمة إلكترونية جزئيا,المطالبات والمحاكم,2026/06/25,1448/01/10,2
منطقة القصيم,البدائع,القطاع الخاص,خدمة إلكترونية جزئيا,المطالبات والمحاكم,2026/06/25,1448/01/10,2
منطقة القصيم,عنيزه,القطاع الخاص,خدمة إلكترونية جزئيا,المطالبات والمحاكم,2026/06/25,1448/01/10,2
منطقة المدينة المنوره,المدينة المنورة,القطاع الخاص,خدمة إلكترونية جزئيا,المنح الزراعية,2026/06/25,1448/01/10,2
منطقة المدينة المنوره,المدينة المنورة,القطاع العام,خدمة إلكترونية جزئيا,تصديق الوكالات الخارجية,2026/06/25,1448/01/10,2
منطقة تبوك,تبوك,القطاع الخاص,خدمة إلكترونية جزئيا,الشركات والمؤسسات الأهلية,2026/06/25,1448/01/10,2
منطقة تبوك,تبوك,القطاع العام,خدمة إلكترونية جزئيا,تصديق الوكالات الخارجية,2026/06/25,1448/01/10,2
منطقة جازان,ابو عريش,القطاع الخاص,خدمة إلكترونية جزئيا,العقارات,2026/06/25,1448/01/10,2
منطقة جازان,جيزان,القطاع العام,خدمة إلكترونية جزئيا,المطالبات والمحاكم,2026/06/25,1448/01/10,2
منطقة عسير,ابها,القطاع الخاص,خدمة إلكترونية جزئيا,المطالبات والمحاكم,2026/06/25,1448/01/10,2
منطقة عسير,بيشه,القطاع الخاص,خدمة إلكترونية جزئيا,العقارات,2026/06/25,1448/01/10,2
منطقة مكة المكرمه,جده,القطاع الخاص,خدمة إلكترونية جزئيا,التنازل عن كامل الإرث,2026/06/25,1448/01/10,2
منطقة مكة المكرمه,جده,القطاع الخاص,خدمة إلكترونية جزئيا,الهيئات الحكومية,2026/06/25,1448/01/10,2
منطقة مكة المكرمه,جده,القطاع العام,خدمة إلكترونية جزئيا,العقارات,2026/06/25,1448/01/10,2
منطقة مكة المكرمه,جده,القطاع العام,خدمة إلكترونية جزئيا,المطالبات والمحاكم,2026/06/25,1448/01/10,2
منطقة مكة المكرمه,مكة المكرمة,القطاع الخاص,خدمة إلكترونية جزئيا,الهيئات الحكومية,2026/06/25,1448/01/10,2
منطقة مكة المكرمه,مكة المكرمة,القطاع الخاص,خدمة إلكترونية جزئيا,شبكة إيجار الإلكترونية,2026/06/25,1448/01/10,2
الخدمات الرقمية,عام,القطاع العام,خدمة إلكترونية,التراخيص الصناعية,2026/06/25,1448/01/10,1
الخدمات الرقمية,عام,القطاع العام,خدمة إلكترونية,برنامج رسوم الأراضي البيضاء,2026/06/25,1448/01/10,1
الخدمات الرقمية,عام,القطاع العام,خدمة إلكترونية,بنك التصدير والاستيراد السعودي,2026/06/25,1448/01/10,1
الخدمات الرقمية,عام,القطاع العام,خدمة إلكترونية,فسخ الوكالات,2026/06/25,1448/01/10,1
الخدمات الرقمية,عام,القطاع العام,خدمة إلكترونية جزئيا,إثباتات المحاكم,2026/06/25,1448/01/10,1
الخدمات الرقمية,عام,القطاع العام,خدمة إلكترونية جزئيا,الجهات الأمنية,2026/06/25,1448/01/10,1
الخدمات الرقمية,عام,القطاع العام,خدمة إلكترونية جزئيا,الجوازات,2026/06/25,1448/01/10,1
الخدمات الرقمية,عام,القطاع العام,خدمة إلكترونية جزئيا,العقارات,2026/06/25,1448/01/10,1
الخدمات الرقمية,كتابة عدل مدمجة - افتراضية,القطاع العام,خدمة إلكترونية جزئيا,إدارة الأحوال المدنية,2026/06/25,1448/01/10,1
الخدمات الرقمية,كتابة عدل مدمجة - افتراضية,القطاع العام,خدمة إلكترونية جزئيا,التعويضات والمساعدات,2026/06/25,1448/01/10,1
الخدمات الرقمية,كتابة عدل مدمجة - افتراضية,القطاع العام,خدمة إلكترونية جزئيا,الضمان والشؤون الاجتماعية,2026/06/25,1448/01/10,1
الخدمات الرقمية,كتابة عدل مدمجة - افتراضية,القطاع العام,خدمة إلكترونية جزئيا,المؤسسات الحكومية,2026/06/25,1448/01/10,1
الخدمات الرقمية,كتابة عدل مدمجة - افتراضية,القطاع العام,خدمة إلكترونية جزئيا,النكاح,2026/06/25,1448/01/10,1
الخدمات الرقمية,كتابة عدل مدمجة - افتراضية,القطاع العام,خدمة إلكترونية جزئيا,بنك التنمية الاجتماعية,2026/06/25,1448/01/10,1
الخدمات الرقمية,كتابة عدل مدمجة - افتراضية,القطاع العام,خدمة إلكترونية جزئيا,شركة الكهرباء,2026/06/25,1448/01/10,1
منطقة الباحة,الباحه,القطاع الخاص,خدمة إلكترونية جزئيا,وكالة خارج المملكة العربية السعودية فقط,2026/06/25,1448/01/10,1
منطقة الجوف,القريات,القطاع الخاص,خدمة إلكترونية جزئيا,المطالبات والمحاكم,2026/06/25,1448/01/10,1
منطقة الرياض,الدرعيه,القطاع الخاص,خدمة إلكترونية جزئيا,الأمانات والبلديات,2026/06/25,1448/01/10,1
منطقة الرياض,الدرعيه,القطاع الخاص,خدمة إلكترونية جزئيا,الشركات والمؤسسات الأهلية,2026/06/25,1448/01/10,1
منطقة الرياض,الرياض,القطاع العام,خدمة إلكترونية جزئيا,إثباتات المحاكم,2026/06/25,1448/01/10,1
منطقة الرياض,الرياض,القطاع العام,خدمة إلكترونية جزئيا,الأمانات والبلديات,2026/06/25,1448/01/10,1
منطقة الرياض,الرياض,القطاع العام,خدمة إلكترونية جزئيا,الرواتب والمستحقات,2026/06/25,1448/01/10,1
منطقة الرياض,الرياض,القطاع العام,خدمة إلكترونية جزئيا,الشركات,2026/06/25,1448/01/10,1
منطقة الرياض,الرياض,القطاع العام,خدمة إلكترونية جزئيا,المنح الزراعية,2026/06/25,1448/01/10,1
منطقة الرياض,الرياض,القطاع العام,خدمة إلكترونية جزئيا,شركة المياه,2026/06/25,1448/01/10,1
منطقة الرياض,الرياض,القطاع العام,خدمة إلكترونية جزئيا,صندوق التنمية العقارية,2026/06/25,1448/01/10,1
منطقة الرياض,الرياض,القطاع العام,خدمة إلكترونية جزئيا,فسخ الوكالات,2026/06/25,1448/01/10,1
منطقة الرياض,عرقه,القطاع الخاص,خدمة إلكترونية جزئيا,الشركات,2026/06/25,1448/01/10,1
منطقة الرياض,عرقه,القطاع الخاص,خدمة إلكترونية جزئيا,المطالبات والمحاكم,2026/06/25,1448/01/10,1
منطقة الشرقية,الجبيل,القطاع الخاص,خدمة إلكترونية جزئيا,الشركات والمؤسسات الأهلية,2026/06/25,1448/01/10,1
منطقة الشرقية,الخبر,القطاع الخاص,خدمة إلكترونية جزئيا,الشركات,2026/06/25,1448/01/10,1
منطقة الشرقية,الخبر,القطاع الخاص,خدمة إلكترونية جزئيا,صندوق التنمية الصناعية,2026/06/25,1448/01/10,1
منطقة الشرقية,الخفجي,القطاع الخاص,خدمة إلكترونية جزئيا,وكالة خارج المملكة العربية السعودية فقط,2026/06/25,1448/01/10,1
منطقة الشرقية,الدمام,القطاع الخاص,خدمة إلكترونية جزئيا,الوزارات الحكومية,2026/06/25,1448/01/10,1
منطقة الشرقية,الدمام,القطاع العام,خدمة إلكترونية جزئيا,إدارة الأحوال المدنية,2026/06/25,1448/01/10,1
منطقة الشرقية,الدمام,القطاع العام,خدمة إلكترونية جزئيا,المرور,2026/06/25,1448/01/10,1
منطقة الشرقية,الدمام,القطاع العام,خدمة إلكترونية جزئيا,شبكة إيجار الإلكترونية,2026/06/25,1448/01/10,1
منطقة الشرقية,الظهران,القطاع العام,خدمة إلكترونية جزئيا,استقدام العمالة,2026/06/25,1448/01/10,1
منطقة الشرقية,القطيف,القطاع الخاص,خدمة إلكترونية جزئيا,العقارات,2026/06/25,1448/01/10,1
منطقة الشرقية,حفر الباطن,القطاع الخاص,خدمة إلكترونية جزئيا,وكالة خارج المملكة العربية السعودية فقط,2026/06/25,1448/01/10,1
منطقة القصيم,البكيريه,القطاع الخاص,خدمة إلكترونية جزئيا,البنوك والمصارف,2026/06/25,1448/01/10,1
منطقة القصيم,البكيريه,القطاع الخاص,خدمة إلكترونية جزئيا,المطالبات والمحاكم,2026/06/25,1448/01/10,1
منطقة القصيم,بريده,القطاع الخاص,خدمة إلكترونية جزئيا,السجلات التجارية,2026/06/25,1448/01/10,1
منطقة القصيم,بريده,القطاع الخاص,خدمة إلكترونية جزئيا,شبكة إيجار الإلكترونية,2026/06/25,1448/01/10,1
منطقة القصيم,بريده,القطاع العام,خدمة إلكترونية جزئيا,تصديق الوكالات الخارجية,2026/06/25,1448/01/10,1
منطقة المدينة المنوره,المدينة المنورة,القطاع العام,خدمة إلكترونية جزئيا,السجلات التجارية,2026/06/25,1448/01/10,1
منطقة المدينة المنوره,المدينة المنورة,القطاع العام,خدمة إلكترونية جزئيا,شبكة إيجار الإلكترونية,2026/06/25,1448/01/10,1
منطقة المدينة المنوره,المدينة المنورة,القطاع العام,خدمة إلكترونية جزئيا,وكالة خارج المملكة العربية السعودية فقط,2026/06/25,1448/01/10,1
منطقة تبوك,تبوك,القطاع الخاص,خدمة إلكترونية جزئيا,الجهات التعليمية,2026/06/25,1448/01/10,1
منطقة عسير,ابها,القطاع الخاص,خدمة إلكترونية جزئيا,الجهات الأمنية,2026/06/25,1448/01/10,1
منطقة عسير,ابها,القطاع الخاص,خدمة إلكترونية جزئيا,العقارات,2026/06/25,1448/01/10,1
منطقة عسير,ابها,القطاع الخاص,خدمة إلكترونية جزئيا,المنح الزراعية,2026/06/25,1448/01/10,1
منطقة عسير,احد رفيده,القطاع الخاص,خدمة إلكترونية جزئيا,الجوازات,2026/06/25,1448/01/10,1
منطقة عسير,بيشه,القطاع الخاص,خدمة إلكترونية جزئيا,البنوك والمصارف,2026/06/25,1448/01/10,1
منطقة عسير,خميس مشيط,القطاع الخاص,خدمة إلكترونية جزئيا,العقارات,2026/06/25,1448/01/10,1
منطقة عسير,خميس مشيط,القطاع الخاص,خدمة إلكترونية جزئيا,النكاح,2026/06/25,1448/01/10,1
منطقة عسير,خميس مشيط,القطاع العام,خدمة إلكترونية جزئيا,المطالبات والمحاكم,2026/06/25,1448/01/10,1
منطقة مكة المكرمه,الطائف,القطاع الخاص,خدمة إلكترونية جزئيا,السجلات التجارية,2026/06/25,1448/01/10,1
منطقة مكة المكرمه,الطائف,القطاع الخاص,خدمة إلكترونية جزئيا,السيارات,2026/06/25,1448/01/10,1
منطقة مكة المكرمه,الطائف,القطاع الخاص,خدمة إلكترونية جزئيا,شبكة إيجار الإلكترونية,2026/06/25,1448/01/10,1
منطقة مكة المكرمه,جده,القطاع الخاص,خدمة إلكترونية جزئيا,الشركات والمؤسسات الأهلية,2026/06/25,1448/01/10,1
منطقة مكة المكرمه,جده,القطاع الخاص,خدمة إلكترونية جزئيا,شركة الكهرباء,2026/06/25,1448/01/10,1
منطقة مكة المكرمه,جده,القطاع العام,خدمة إلكترونية جزئيا,الشركات,2026/06/25,1448/01/10,1
منطقة مكة المكرمه,مكة المكرمة,القطاع الخاص,خدمة إلكترونية جزئيا,الجهات الأمنية,2026/06/25,1448/01/10,1
منطقة مكة المكرمه,مكة المكرمة,القطاع الخاص,خدمة إلكترونية جزئيا,فسخ الوكالات,2026/06/25,1448/01/10,1
منطقة مكة المكرمه,مكة المكرمة,القطاع الخاص,خدمة إلكترونية جزئيا,مكتب الإستقدام,2026/06/25,1448/01/10,1
منطقة مكة المكرمه,مكة المكرمة,القطاع العام,خدمة إلكترونية جزئيا,الرواتب والمستحقات,2026/06/25,1448/01/10,1
منطقة مكة المكرمه,مكة المكرمة,القطاع العام,خدمة إلكترونية جزئيا,الشركات,2026/06/25,1448/01/10,1
منطقة مكة المكرمه,مكة المكرمة,القطاع العام,خدمة إلكترونية جزئيا,العقارات,2026/06/25,1448/01/10,1
منطقة نجران,نجران,القطاع الخاص,خدمة إلكترونية جزئيا,المطالبات والمحاكم,2026/06/25,1448/01/10,1
الخدمات الرقمية,عام,القطاع العام,خدمة إلكترونية,العقارات,2026/06/26,1448/01/11,"1,391"
الخدمات الرقمية,عام,القطاع العام,خدمة إلكترونية,المطالبات والمحاكم,2026/06/26,1448/01/11,953
الخدمات الرقمية,عام,القطاع العام,خدمة إلكترونية,السيارات,2026/06/26,1448/01/11,598
الخدمات الرقمية,عام,القطاع العام,خدمة إلكترونية,البنوك والمصارف,2026/06/26,1448/01/11,384
الخدمات الرقمية,عام,القطاع العام,خدمة إلكترونية,الجوازات,2026/06/26,1448/01/11,331
الخدمات الرقمية,عام,القطاع العام,خدمة إلكترونية,الوزارات الحكومية,2026/06/26,1448/01/11,199
الخدمات الرقمية,عام,القطاع العام,خدمة إلكترونية,المرور,2026/06/26,1448/01/11,124
الخدمات الرقمية,عام,القطاع العام,خدمة إلكترونية,وكالة خارج المملكة العربية السعودية فقط,2026/06/26,1448/01/11,120
الخدمات الرقمية,عام,القطاع العام,خدمة إلكترونية,الجهات الأمنية,2026/06/26,1448/01/11,116
الخدمات الرقمية,عام,القطاع العام,خدمة إلكترونية,الشركات والمؤسسات الأهلية,2026/06/26,1448/01/11,111
الخدمات الرقمية,عام,القطاع العام,خدمة إلكترونية,شركات الاتصالات,2026/06/26,1448/01/11,107
الخدمات الرقمية,عام,القطاع العام,خدمة إلكترونية,السجلات التجارية,2026/06/26,1448/01/11,92
الخدمات الرقمية,عام,القطاع العام,خدمة إلكترونية,إدارة الأحوال المدنية,2026/06/26,1448/01/11,90
الخدمات الرقمية,عام,القطاع العام,خدمة إلكترونية,الرواتب والمستحقات,2026/06/26,1448/01/11,89
الخدمات الرقمية,عام,القطاع العام,خدمة إلكترونية,الأمانات والبلديات,2026/06/26,1448/01/11,60
الخدمات الرقمية,عام,القطاع العام,خدمة إلكترونية,طلب الخدمات,2026/06/26,1448/01/11,60
الخدمات الرقمية,عام,القطاع العام,خدمة إلكترونية,شبكة إيجار الإلكترونية,2026/06/26,1448/01/11,51
الخدمات الرقمية,عام,القطاع العام,خدمة إلكترونية,الجهات التعليمية,2026/06/26,1448/01/11,50
الخدمات الرقمية,عام,القطاع العام,خدمة إلكترونية,النكاح,2026/06/26,1448/01/11,43
الخدمات الرقمية,عام,القطاع العام,خدمة إلكترونية,وزارة الموارد البشرية والتنمية الاجتماعية,2026/06/26,1448/01/11,42
الخدمات الرقمية,عام,القطاع العام,خدمة إلكترونية,الهيئات الحكومية,2026/06/26,1448/01/11,37
منطقة مكة المكرمه,جده,القطاع الخاص,خدمة إلكترونية جزئيا,العقارات,2026/06/26,1448/01/11,36
منطقة الرياض,الرياض,القطاع الخاص,خدمة إلكترونية جزئيا,المطالبات والمحاكم,2026/06/26,1448/01/11,35
الخدمات الرقمية,عام,القطاع العام,خدمة إلكترونية,العوائد السنوية,2026/06/26,1448/01/11,32
منطقة الرياض,الرياض,القطاع الخاص,خدمة إلكترونية جزئيا,العقارات,2026/06/26,1448/01/11,32
الخدمات الرقمية,عام,القطاع العام,خدمة إلكترونية,صندوق التنمية العقارية,2026/06/26,1448/01/11,30
الخدمات الرقمية,عام,القطاع العام,خدمة إلكترونية,التعويضات والمساعدات,2026/06/26,1448/01/11,25
الخدمات الرقمية,عام,القطاع العام,خدمة إلكترونية,الشركات,2026/06/26,1448/01/11,25
الخدمات الرقمية,عام,القطاع العام,خدمة إلكترونية,شركة المياه,2026/06/26,1448/01/11,22
الخدمات الرقمية,عام,القطاع العام,خدمة إلكترونية,المؤسسات الحكومية,2026/06/26,1448/01/11,20
منطقة مكة المكرمه,جده,القطاع الخاص,خدمة إلكترونية جزئيا,المطالبات والمحاكم,2026/06/26,1448/01/11,18
الخدمات الرقمية,عام,القطاع العام,خدمة إلكترونية,إثباتات المحاكم,2026/06/26,1448/01/11,16
الخدمات الرقمية,عام,القطاع العام,خدمة إلكترونية,مكتب الإستقدام,2026/06/26,1448/01/11,16
منطقة مكة المكرمه,الطائف,القطاع الخاص,خدمة إلكترونية جزئيا,العقارات,2026/06/26,1448/01/11,15
الخدمات الرقمية,عام,القطاع العام,خدمة إلكترونية,شركة الكهرباء,2026/06/26,1448/01/11,14
الخدمات الرقمية,عام,القطاع العام,خدمة إلكترونية,هيئة الزكاة والضريبة والجمارك,2026/06/26,1448/01/11,12
منطقة الرياض,الرياض,القطاع الخاص,خدمة إلكترونية جزئيا,وكالة خارج المملكة العربية السعودية فقط,2026/06/26,1448/01/11,12
الخدمات الرقمية,عام,القطاع العام,خدمة إلكترونية,التنازل عن كامل الإرث,2026/06/26,1448/01/11,11
منطقة مكة المكرمه,مكة المكرمة,القطاع الخاص,خدمة إلكترونية جزئيا,المطالبات والمحاكم,2026/06/26,1448/01/11,11
الخدمات الرقمية,عام,القطاع العام,خدمة إلكترونية,التوكيل على الإقرارات,2026/06/26,1448/01/11,10
الخدمات الرقمية,عام,القطاع العام,خدمة إلكترونية,المنح الزراعية,2026/06/26,1448/01/11,10
الخدمات الرقمية,عام,القطاع العام,خدمة إلكترونية,بنك التنمية الاجتماعية,2026/06/26,1448/01/11,9
الخدمات الرقمية,كتابة عدل مدمجة - افتراضية,القطاع العام,خدمة إلكترونية جزئيا,المطالبات والمحاكم,2026/06/26,1448/01/11,9
منطقة عسير,بيشه,القطاع الخاص,خدمة إلكترونية جزئيا,السيارات,2026/06/26,1448/01/11,9
منطقة مكة المكرمه,جده,القطاع الخاص,خدمة إلكترونية جزئيا,السجلات التجارية,2026/06/26,1448/01/11,9
منطقة مكة المكرمه,مكة المكرمة,القطاع الخاص,خدمة إلكترونية جزئيا,العقارات,2026/06/26,1448/01/11,9
منطقة عسير,خميس مشيط,القطاع الخاص,خدمة إلكترونية جزئيا,العقارات,2026/06/26,1448/01/11,7
الخدمات الرقمية,عام,القطاع العام,خدمة إلكترونية,الضمان الاجتماعي,2026/06/26,1448/01/11,6
الخدمات الرقمية,عام,القطاع العام,خدمة إلكترونية,المنح السكنية,2026/06/26,1448/01/11,6
منطقة الرياض,الرياض,القطاع الخاص,خدمة إلكترونية جزئيا,السجلات التجارية,2026/06/26,1448/01/11,6
منطقة القصيم,بريده,القطاع الخاص,خدمة إلكترونية جزئيا,العقارات,2026/06/26,1448/01/11,5
منطقة المدينة المنوره,المدينة المنورة,القطاع الخاص,خدمة إلكترونية جزئيا,البنوك والمصارف,2026/06/26,1448/01/11,5
منطقة مكة المكرمه,جده,القطاع الخاص,خدمة إلكترونية جزئيا,الجهات الأمنية,2026/06/26,1448/01/11,5
منطقة جازان,جيزان,القطاع الخاص,خدمة إلكترونية جزئيا,المطالبات والمحاكم,2026/06/26,1448/01/11,4
منطقة مكة المكرمه,الطائف,القطاع الخاص,خدمة إلكترونية جزئيا,السيارات,2026/06/26,1448/01/11,4
الخدمات الرقمية,عام,القطاع العام,خدمة إلكترونية,أذونات المحاكم,2026/06/26,1448/01/11,3
الخدمات الرقمية,عام,القطاع العام,خدمة إلكترونية,الحالات الاجتماعية,2026/06/26,1448/01/11,3
الخدمات الرقمية,عام,القطاع العام,خدمة إلكترونية,صندوق التنمية الزراعية,2026/06/26,1448/01/11,3
الخدمات الرقمية,كتابة عدل مدمجة - افتراضية,القطاع العام,خدمة إلكترونية جزئيا,البنوك والمصارف,2026/06/26,1448/01/11,3
منطقة الرياض,الرياض,القطاع الخاص,خدمة إلكترونية جزئيا,البنوك والمصارف,2026/06/26,1448/01/11,3
منطقة الرياض,الرياض,القطاع الخاص,خدمة إلكترونية جزئيا,شبكة إيجار الإلكترونية,2026/06/26,1448/01/11,3
منطقة الرياض,المزاحميه,القطاع الخاص,خدمة إلكترونية جزئيا,العقارات,2026/06/26,1448/01/11,3
منطقة المدينة المنوره,المدينة المنورة,القطاع الخاص,خدمة إلكترونية جزئيا,وكالة خارج المملكة العربية السعودية فقط,2026/06/26,1448/01/11,3
منطقة مكة المكرمه,الطائف,القطاع الخاص,خدمة إلكترونية جزئيا,المطالبات والمحاكم,2026/06/26,1448/01/11,3
منطقة مكة المكرمه,مكة المكرمة,القطاع الخاص,خدمة إلكترونية جزئيا,الأمانات والبلديات,2026/06/26,1448/01/11,3
منطقة مكة المكرمه,مكة المكرمة,القطاع الخاص,خدمة إلكترونية جزئيا,الجهات الأمنية,2026/06/26,1448/01/11,3
الخدمات الرقمية,عام,القطاع العام,خدمة إلكترونية,إنهائات المحاكم,2026/06/26,1448/01/11,2
الخدمات الرقمية,عام,القطاع العام,خدمة إلكترونية,استقدام العمالة,2026/06/26,1448/01/11,2
الخدمات الرقمية,عام,القطاع العام,خدمة إلكترونية,البريد,2026/06/26,1448/01/11,2
الخدمات الرقمية,عام,القطاع العام,خدمة إلكترونية,البنك السعودي للتسليف والإدخار,2026/06/26,1448/01/11,2
منطقة الباحة,الباحه,القطاع الخاص,خدمة إلكترونية جزئيا,المطالبات والمحاكم,2026/06/26,1448/01/11,2
منطقة الرياض,الرياض,القطاع الخاص,خدمة إلكترونية جزئيا,السيارات,2026/06/26,1448/01/11,2
منطقة الرياض,الرياض,القطاع الخاص,خدمة إلكترونية جزئيا,الوزارات الحكومية,2026/06/26,1448/01/11,2
منطقة الشرقية,الدمام,القطاع الخاص,خدمة إلكترونية جزئيا,المطالبات والمحاكم,2026/06/26,1448/01/11,2
منطقة القصيم,البكيريه,القطاع الخاص,خدمة إلكترونية جزئيا,العقارات,2026/06/26,1448/01/11,2
منطقة المدينة المنوره,المدينة المنورة,القطاع الخاص,خدمة إلكترونية جزئيا,المطالبات والمحاكم,2026/06/26,1448/01/11,2
منطقة جازان,صامطه,القطاع الخاص,خدمة إلكترونية جزئيا,المطالبات والمحاكم,2026/06/26,1448/01/11,2
منطقة عسير,ابها,القطاع الخاص,خدمة إلكترونية جزئيا,المطالبات والمحاكم,2026/06/26,1448/01/11,2
منطقة مكة المكرمه,جده,القطاع الخاص,خدمة إلكترونية جزئيا,الوزارات الحكومية,2026/06/26,1448/01/11,2
منطقة مكة المكرمه,جده,القطاع الخاص,خدمة إلكترونية جزئيا,وكالة خارج المملكة العربية السعودية فقط,2026/06/26,1448/01/11,2
منطقة مكة المكرمه,مكة المكرمة,القطاع الخاص,خدمة إلكترونية جزئيا,شركات الاتصالات,2026/06/26,1448/01/11,2
منطقة مكة المكرمه,مكة المكرمة,القطاع الخاص,خدمة إلكترونية جزئيا,وكالة خارج المملكة العربية السعودية فقط,2026/06/26,1448/01/11,2
الخدمات الرقمية,عام,القطاع العام,خدمة إلكترونية,مكافآت الجامعات والمعاهد,2026/06/26,1448/01/11,1
الخدمات الرقمية,كتابة عدل مدمجة - افتراضية,القطاع العام,خدمة إلكترونية جزئيا,الرواتب والمستحقات,2026/06/26,1448/01/11,1
الخدمات الرقمية,كتابة عدل مدمجة - افتراضية,القطاع العام,خدمة إلكترونية جزئيا,السيارات,2026/06/26,1448/01/11,1
الخدمات الرقمية,كتابة عدل مدمجة - افتراضية,القطاع العام,خدمة إلكترونية جزئيا,العقارات,2026/06/26,1448/01/11,1
الخدمات الرقمية,كتابة عدل مدمجة - افتراضية,القطاع العام,خدمة إلكترونية جزئيا,شبكة إيجار الإلكترونية,2026/06/26,1448/01/11,1
منطقة الباحة,الباحه,القطاع الخاص,خدمة إلكترونية جزئيا,العقارات,2026/06/26,1448/01/11,1
منطقة الرياض,الدرعيه,القطاع الخاص,خدمة إلكترونية جزئيا,المطالبات والمحاكم,2026/06/26,1448/01/11,1
منطقة الرياض,الرياض,القطاع الخاص,خدمة إلكترونية جزئيا,المؤسسات الحكومية,2026/06/26,1448/01/11,1
منطقة الرياض,الرياض,القطاع الخاص,خدمة إلكترونية جزئيا,شركات الاتصالات,2026/06/26,1448/01/11,1
منطقة الرياض,المزاحميه,القطاع الخاص,خدمة إلكترونية جزئيا,إنهائات المحاكم,2026/06/26,1448/01/11,1
منطقة الشرقية,الدمام,القطاع الخاص,خدمة إلكترونية جزئيا,السجلات التجارية,2026/06/26,1448/01/11,1
منطقة الشرقية,الدمام,القطاع الخاص,خدمة إلكترونية جزئيا,السيارات,2026/06/26,1448/01/11,1
منطقة الشرقية,الدمام,القطاع الخاص,خدمة إلكترونية جزئيا,وكالة خارج المملكة العربية السعودية فقط,2026/06/26,1448/01/11,1
منطقة القصيم,البكيريه,القطاع الخاص,خدمة إلكترونية جزئيا,السيارات,2026/06/26,1448/01/11,1
منطقة القصيم,بريده,القطاع الخاص,خدمة إلكترونية جزئيا,النكاح,2026/06/26,1448/01/11,1
منطقة المدينة المنوره,المدينة المنورة,القطاع الخاص,خدمة إلكترونية جزئيا,السيارات,2026/06/26,1448/01/11,1
منطقة المدينة المنوره,المدينة المنورة,القطاع الخاص,خدمة إلكترونية جزئيا,العقارات,2026/06/26,1448/01/11,1
منطقة عسير,خميس مشيط,القطاع الخاص,خدمة إلكترونية جزئيا,البنوك والمصارف,2026/06/26,1448/01/11,1
منطقة مكة المكرمه,الطائف,القطاع الخاص,خدمة إلكترونية جزئيا,شبكة إيجار الإلكترونية,2026/06/26,1448/01/11,1
منطقة مكة المكرمه,مكة المكرمة,القطاع الخاص,خدمة إلكترونية جزئيا,الشركات والمؤسسات الأهلية,2026/06/26,1448/01/11,1
منطقة مكة المكرمه,مكة المكرمة,القطاع الخاص,خدمة إلكترونية جزئيا,المرور,2026/06/26,1448/01/11,1
الخدمات الرقمية,عام,القطاع العام,خدمة إلكترونية,المطالبات والمحاكم,2026/06/27,1448/01/12,"2,225"
الخدمات الرقمية,عام,القطاع العام,خدمة إلكترونية,العقارات,2026/06/27,1448/01/12,"1,661"
الخدمات الرقمية,عام,القطاع العام,خدمة إلكترونية,الجوازات,2026/06/27,1448/01/12,"1,511"
الخدمات الرقمية,عام,القطاع العام,خدمة إلكترونية,السيارات,2026/06/27,1448/01/12,"1,075"
الخدمات الرقمية,عام,القطاع العام,خدمة إلكترونية,البنوك والمصارف,2026/06/27,1448/01/12,684
الخدمات الرقمية,عام,القطاع العام,خدمة إلكترونية,الوزارات الحكومية,2026/06/27,1448/01/12,481
الخدمات الرقمية,عام,القطاع العام,خدمة إلكترونية,وكالة خارج المملكة العربية السعودية فقط,2026/06/27,1448/01/12,301
الخدمات الرقمية,عام,القطاع العام,خدمة إلكترونية,المرور,2026/06/27,1448/01/12,291
الخدمات الرقمية,عام,القطاع العام,خدمة إلكترونية,السجلات التجارية,2026/06/27,1448/01/12,250
الخدمات الرقمية,عام,القطاع العام,خدمة إلكترونية,الشركات والمؤسسات الأهلية,2026/06/27,1448/01/12,227
الخدمات الرقمية,عام,القطاع العام,خدمة إلكترونية,الجهات الأمنية,2026/06/27,1448/01/12,206
الخدمات الرقمية,عام,القطاع العام,خدمة إلكترونية,الأمانات والبلديات,2026/06/27,1448/01/12,173
الخدمات الرقمية,عام,القطاع العام,خدمة إلكترونية,وزارة الموارد البشرية والتنمية الاجتماعية,2026/06/27,1448/01/12,168
الخدمات الرقمية,عام,القطاع العام,خدمة إلكترونية,شركات الاتصالات,2026/06/27,1448/01/12,162
الخدمات الرقمية,عام,القطاع العام,خدمة إلكترونية,الرواتب والمستحقات,2026/06/27,1448/01/12,125
الخدمات الرقمية,عام,القطاع العام,خدمة إلكترونية,الجهات التعليمية,2026/06/27,1448/01/12,117
الخدمات الرقمية,عام,القطاع العام,خدمة إلكترونية,إدارة الأحوال المدنية,2026/06/27,1448/01/12,102
الخدمات الرقمية,عام,القطاع العام,خدمة إلكترونية,شبكة إيجار الإلكترونية,2026/06/27,1448/01/12,76
الخدمات الرقمية,عام,القطاع العام,خدمة إلكترونية,طلب الخدمات,2026/06/27,1448/01/12,75
الخدمات الرقمية,عام,القطاع العام,خدمة إلكترونية,الهيئات الحكومية,2026/06/27,1448/01/12,57
منطقة الرياض,الرياض,القطاع الخاص,خدمة إلكترونية جزئيا,العقارات,2026/06/27,1448/01/12,48
منطقة الرياض,الرياض,القطاع الخاص,خدمة إلكترونية جزئيا,المطالبات والمحاكم,2026/06/27,1448/01/12,48
الخدمات الرقمية,عام,القطاع العام,خدمة إلكترونية,صندوق التنمية العقارية,2026/06/27,1448/01/12,47
منطقة مكة المكرمه,جده,القطاع الخاص,خدمة إلكترونية جزئيا,المطالبات والمحاكم,2026/06/27,1448/01/12,45
الخدمات الرقمية,عام,القطاع العام,خدمة إلكترونية,شركة الكهرباء,2026/06/27,1448/01/12,44
الخدمات الرقمية,عام,القطاع العام,خدمة إلكترونية,التعويضات والمساعدات,2026/06/27,1448/01/12,42
الخدمات الرقمية,عام,القطاع العام,خدمة إلكترونية,العوائد السنوية,2026/06/27,1448/01/12,40
منطقة مكة المكرمه,جده,القطاع الخاص,خدمة إلكترونية جزئيا,العقارات,2026/06/27,1448/01/12,40
الخدمات الرقمية,عام,القطاع العام,خدمة إلكترونية,الشركات,2026/06/27,1448/01/12,38
الخدمات الرقمية,عام,القطاع العام,خدمة إلكترونية,النكاح,2026/06/27,1448/01/12,38
الخدمات الرقمية,عام,القطاع العام,خدمة إلكترونية,مكتب الإستقدام,2026/06/27,1448/01/12,32
منطقة مكة المكرمه,جده,القطاع الخاص,خدمة إلكترونية جزئيا,وكالة خارج المملكة العربية السعودية فقط,2026/06/27,1448/01/12,29
الخدمات الرقمية,عام,القطاع العام,خدمة إلكترونية,المنح السكنية,2026/06/27,1448/01/12,28
الخدمات الرقمية,عام,القطاع العام,خدمة إلكترونية,إثباتات المحاكم,2026/06/27,1448/01/12,27
الخدمات الرقمية,عام,القطاع العام,خدمة إلكترونية,المؤسسات الحكومية,2026/06/27,1448/01/12,25
الخدمات الرقمية,عام,القطاع العام,خدمة إلكترونية,شركة المياه,2026/06/27,1448/01/12,25
منطقة الرياض,الرياض,القطاع الخاص,خدمة إلكترونية جزئيا,البنوك والمصارف,2026/06/27,1448/01/12,24
منطقة الشرقية,الخبر,القطاع الخاص,خدمة إلكترونية جزئيا,العقارات,2026/06/27,1448/01/12,24
الخدمات الرقمية,عام,القطاع العام,خدمة إلكترونية,المنح الزراعية,2026/06/27,1448/01/12,23
منطقة مكة المكرمه,الطائف,القطاع الخاص,خدمة إلكترونية جزئيا,العقارات,2026/06/27,1448/01/12,22
الخدمات الرقمية,عام,القطاع العام,خدمة إلكترونية,هيئة الزكاة والضريبة والجمارك,2026/06/27,1448/01/12,16
منطقة المدينة المنوره,المدينة المنورة,القطاع الخاص,خدمة إلكترونية جزئيا,المطالبات والمحاكم,2026/06/27,1448/01/12,16
الخدمات الرقمية,عام,القطاع العام,خدمة إلكترونية,التنازل عن كامل الإرث,2026/06/27,1448/01/12,15
منطقة الرياض,الرياض,القطاع الخاص,خدمة إلكترونية جزئيا,السجلات التجارية,2026/06/27,1448/01/12,13
الخدمات الرقمية,عام,القطاع العام,خدمة إلكترونية,التوكيل على الإقرارات,2026/06/27,1448/01/12,12
الخدمات الرقمية,عام,القطاع العام,خدمة إلكترونية,الحالات الاجتماعية,2026/06/27,1448/01/12,12
الخدمات الرقمية,كتابة عدل مدمجة - افتراضية,القطاع العام,خدمة إلكترونية جزئيا,المطالبات والمحاكم,2026/06/27,1448/01/12,12
منطقة الشرقية,الدمام,القطاع الخاص,خدمة إلكترونية جزئيا,المطالبات والمحاكم,2026/06/27,1448/01/12,12
منطقة تبوك,تبوك,القطاع الخاص,خدمة إلكترونية جزئيا,المطالبات والمحاكم,2026/06/27,1448/01/12,12
الخدمات الرقمية,عام,القطاع العام,خدمة إلكترونية,إنهائات المحاكم,2026/06/27,1448/01/12,11
منطقة الرياض,الرياض,القطاع الخاص,خدمة إلكترونية جزئيا,وكالة خارج المملكة العربية السعودية فقط,2026/06/27,1448/01/12,11
منطقة مكة المكرمه,الطائف,القطاع الخاص,خدمة إلكترونية جزئيا,المطالبات والمحاكم,2026/06/27,1448/01/12,10
منطقة المدينة المنوره,المدينة المنورة,القطاع الخاص,خدمة إلكترونية جزئيا,العقارات,2026/06/27,1448/01/12,9
الخدمات الرقمية,كتابة عدل مدمجة - افتراضية,القطاع العام,خدمة إلكترونية جزئيا,العقارات,2026/06/27,1448/01/12,8
منطقة الشرقية,حفر الباطن,القطاع الخاص,خدمة إلكترونية جزئيا,المطالبات والمحاكم,2026/06/27,1448/01/12,8
منطقة القصيم,بريده,القطاع الخاص,خدمة إلكترونية جزئيا,المطالبات والمحاكم,2026/06/27,1448/01/12,8
منطقة الرياض,الرياض,القطاع الخاص,خدمة إلكترونية جزئيا,شبكة إيجار الإلكترونية,2026/06/27,1448/01/12,7
منطقة جازان,جيزان,القطاع الخاص,خدمة إلكترونية جزئيا,المطالبات والمحاكم,2026/06/27,1448/01/12,7
منطقة عسير,ابها,القطاع الخاص,خدمة إلكترونية جزئيا,المطالبات والمحاكم,2026/06/27,1448/01/12,7
الخدمات الرقمية,عام,القطاع العام,خدمة إلكترونية,الضمان الاجتماعي,2026/06/27,1448/01/12,6
الخدمات الرقمية,عام,القطاع العام,خدمة إلكترونية,تصاريح القوارب والصيد,2026/06/27,1448/01/12,6
منطقة الرياض,الرياض,القطاع الخاص,خدمة إلكترونية جزئيا,المنح السكنية,2026/06/27,1448/01/12,6
منطقة عسير,ابها,القطاع الخاص,خدمة إلكترونية جزئيا,المنح الزراعية,2026/06/27,1448/01/12,6
منطقة مكة المكرمه,مكة المكرمة,القطاع الخاص,خدمة إلكترونية جزئيا,السيارات,2026/06/27,1448/01/12,6
منطقة مكة المكرمه,مكة المكرمة,القطاع الخاص,خدمة إلكترونية جزئيا,العقارات,2026/06/27,1448/01/12,6
منطقة مكة المكرمه,مكة المكرمة,القطاع الخاص,خدمة إلكترونية جزئيا,المطالبات والمحاكم,2026/06/27,1448/01/12,6
الخدمات الرقمية,عام,القطاع العام,خدمة إلكترونية,بنك التنمية الاجتماعية,2026/06/27,1448/01/12,5
منطقة الرياض,الخرج,القطاع الخاص,خدمة إلكترونية جزئيا,العقارات,2026/06/27,1448/01/12,5
منطقة الشرقية,الخبر,القطاع الخاص,خدمة إلكترونية جزئيا,المطالبات والمحاكم,2026/06/27,1448/01/12,5
منطقة عسير,ابها,القطاع الخاص,خدمة إلكترونية جزئيا,السيارات,2026/06/27,1448/01/12,5
الخدمات الرقمية,عام,القطاع العام,خدمة إلكترونية,استقدام العمالة,2026/06/27,1448/01/12,4
الخدمات الرقمية,عام,القطاع العام,خدمة إلكترونية,مكافآت الجامعات والمعاهد,2026/06/27,1448/01/12,4
الخدمات الرقمية,كتابة عدل مدمجة - افتراضية,القطاع العام,خدمة إلكترونية جزئيا,البنوك والمصارف,2026/06/27,1448/01/12,4
منطقة مكة المكرمه,جده,القطاع الخاص,خدمة إلكترونية جزئيا,مكتب الإستقدام,2026/06/27,1448/01/12,4
الخدمات الرقمية,عام,القطاع العام,خدمة إلكترونية,البنك السعودي للتسليف والإدخار,2026/06/27,1448/01/12,3
منطقة الشرقية,الخبر,القطاع الخاص,خدمة إلكترونية جزئيا,شبكة إيجار الإلكترونية,2026/06/27,1448/01/12,3
منطقة الشرقية,الدمام,القطاع الخاص,خدمة إلكترونية جزئيا,العقارات,2026/06/27,1448/01/12,3
منطقة القصيم,بريده,القطاع الخاص,خدمة إلكترونية جزئيا,السجلات التجارية,2026/06/27,1448/01/12,3
منطقة المدينة المنوره,المدينة المنورة,القطاع الخاص,خدمة إلكترونية جزئيا,الجوازات,2026/06/27,1448/01/12,3
منطقة عسير,ابها,القطاع الخاص,خدمة إلكترونية جزئيا,العقارات,2026/06/27,1448/01/12,3
منطقة مكة المكرمه,الطائف,القطاع الخاص,خدمة إلكترونية جزئيا,وزارة الموارد البشرية والتنمية الاجتماعية,2026/06/27,1448/01/12,3
منطقة مكة المكرمه,جده,القطاع الخاص,خدمة إلكترونية جزئيا,البنوك والمصارف,2026/06/27,1448/01/12,3
منطقة مكة المكرمه,جده,القطاع الخاص,خدمة إلكترونية جزئيا,السجلات التجارية,2026/06/27,1448/01/12,3
منطقة مكة المكرمه,مكة المكرمة,القطاع الخاص,خدمة إلكترونية جزئيا,شبكة إيجار الإلكترونية,2026/06/27,1448/01/12,3
الخدمات الرقمية,عام,القطاع العام,خدمة إلكترونية,البريد,2026/06/27,1448/01/12,2
الخدمات الرقمية,عام,القطاع العام,خدمة إلكترونية,صندوق التنمية الزراعية,2026/06/27,1448/01/12,2
منطقة الجوف,القريات,القطاع الخاص,خدمة إلكترونية جزئيا,المطالبات والمحاكم,2026/06/27,1448/01/12,2
منطقة الحدود الشمالية,عرعر,القطاع الخاص,خدمة إلكترونية جزئيا,العقارات,2026/06/27,1448/01/12,2
منطقة الرياض,الرياض,القطاع الخاص,خدمة إلكترونية جزئيا,الشركات,2026/06/27,1448/01/12,2
منطقة الرياض,الرياض,القطاع الخاص,خدمة إلكترونية جزئيا,الشركات والمؤسسات الأهلية,2026/06/27,1448/01/12,2
منطقة الشرقية,الاحساء,القطاع الخاص,خدمة إلكترونية جزئيا,المطالبات والمحاكم,2026/06/27,1448/01/12,2
منطقة القصيم,عنيزه,القطاع الخاص,خدمة إلكترونية جزئيا,المطالبات والمحاكم,2026/06/27,1448/01/12,2
منطقة المدينة المنوره,المدينة المنورة,القطاع الخاص,خدمة إلكترونية جزئيا,السجلات التجارية,2026/06/27,1448/01/12,2
منطقة المدينة المنوره,المدينة المنورة,القطاع الخاص,خدمة إلكترونية جزئيا,السيارات,2026/06/27,1448/01/12,2
منطقة المدينة المنوره,المدينة المنورة,القطاع الخاص,خدمة إلكترونية جزئيا,وزارة الموارد البشرية والتنمية الاجتماعية,2026/06/27,1448/01/12,2
منطقة حائل,حائل,القطاع الخاص,خدمة إلكترونية جزئيا,الهيئات الحكومية,2026/06/27,1448/01/12,2
منطقة عسير,خميس مشيط,القطاع الخاص,خدمة إلكترونية جزئيا,المطالبات والمحاكم,2026/06/27,1448/01/12,2
منطقة مكة المكرمه,جده,القطاع الخاص,خدمة إلكترونية جزئيا,الجوازات,2026/06/27,1448/01/12,2
منطقة مكة المكرمه,جده,القطاع الخاص,خدمة إلكترونية جزئيا,الهيئات الحكومية,2026/06/27,1448/01/12,2
منطقة مكة المكرمه,مكة المكرمة,القطاع الخاص,خدمة إلكترونية جزئيا,الجوازات,2026/06/27,1448/01/12,2
منطقة مكة المكرمه,مكة المكرمة,القطاع الخاص,خدمة إلكترونية جزئيا,شركات الاتصالات,2026/06/27,1448/01/12,2
الخدمات الرقمية,عام,القطاع العام,خدمة إلكترونية,برنامج رسوم الأراضي البيضاء,2026/06/27,1448/01/12,1
الخدمات الرقمية,عام,القطاع العام,خدمة إلكترونية,فسخ الوكالات,2026/06/27,1448/01/12,1
الخدمات الرقمية,كتابة عدل مدمجة - افتراضية,القطاع العام,خدمة إلكترونية جزئيا,إثباتات المحاكم,2026/06/27,1448/01/12,1
الخدمات الرقمية,كتابة عدل مدمجة - افتراضية,القطاع العام,خدمة إلكترونية جزئيا,الرواتب والمستحقات,2026/06/27,1448/01/12,1
الخدمات الرقمية,كتابة عدل مدمجة - افتراضية,القطاع العام,خدمة إلكترونية جزئيا,السجلات التجارية,2026/06/27,1448/01/12,1
الخدمات الرقمية,كتابة عدل مدمجة - افتراضية,القطاع العام,خدمة إلكترونية جزئيا,النكاح,2026/06/27,1448/01/12,1
الخدمات الرقمية,كتابة عدل مدمجة - افتراضية,القطاع العام,خدمة إلكترونية جزئيا,الوزارات الحكومية,2026/06/27,1448/01/12,1
الخدمات الرقمية,كتابة عدل مدمجة - افتراضية,القطاع العام,خدمة إلكترونية جزئيا,شبكة إيجار الإلكترونية,2026/06/27,1448/01/12,1
منطقة الرياض,الخرج,القطاع الخاص,خدمة إلكترونية جزئيا,المطالبات والمحاكم,2026/06/27,1448/01/12,1
منطقة الرياض,الدرعيه,القطاع الخاص,خدمة إلكترونية جزئيا,المطالبات والمحاكم,2026/06/27,1448/01/12,1
منطقة الرياض,الدلم,القطاع الخاص,خدمة إلكترونية جزئيا,العقارات,2026/06/27,1448/01/12,1
منطقة الرياض,الدوادمي,القطاع الخاص,خدمة إلكترونية جزئيا,شبكة إيجار الإلكترونية,2026/06/27,1448/01/12,1
منطقة الرياض,الرياض,القطاع الخاص,خدمة إلكترونية جزئيا,إدارة الأحوال المدنية,2026/06/27,1448/01/12,1
منطقة الرياض,الرياض,القطاع الخاص,خدمة إلكترونية جزئيا,المؤسسات الحكومية,2026/06/27,1448/01/12,1
منطقة الرياض,شقراء,القطاع الخاص,خدمة إلكترونية جزئيا,البنوك والمصارف,2026/06/27,1448/01/12,1
منطقة الرياض,عفيف,القطاع الخاص,خدمة إلكترونية جزئيا,الجهات الأمنية,2026/06/27,1448/01/12,1
منطقة الشرقية,الاحساء,القطاع الخاص,خدمة إلكترونية جزئيا,العقارات,2026/06/27,1448/01/12,1
منطقة الشرقية,الخبر,القطاع الخاص,خدمة إلكترونية جزئيا,النكاح,2026/06/27,1448/01/12,1
منطقة الشرقية,القطيف,القطاع الخاص,خدمة إلكترونية جزئيا,المطالبات والمحاكم,2026/06/27,1448/01/12,1
منطقة القصيم,بريده,القطاع الخاص,خدمة إلكترونية جزئيا,البنوك والمصارف,2026/06/27,1448/01/12,1
منطقة المدينة المنوره,المدينة المنورة,القطاع الخاص,خدمة إلكترونية جزئيا,الوزارات الحكومية,2026/06/27,1448/01/12,1
منطقة المدينة المنوره,المدينة المنورة,القطاع الخاص,خدمة إلكترونية جزئيا,شركة الكهرباء,2026/06/27,1448/01/12,1
منطقة المدينة المنوره,المدينة المنورة,القطاع الخاص,خدمة إلكترونية جزئيا,وكالة خارج المملكة العربية السعودية فقط,2026/06/27,1448/01/12,1
منطقة جازان,الدائر,القطاع الخاص,خدمة إلكترونية جزئيا,البنوك والمصارف,2026/06/27,1448/01/12,1
منطقة جازان,جيزان,القطاع الخاص,خدمة إلكترونية جزئيا,العقارات,2026/06/27,1448/01/12,1
منطقة مكة المكرمه,الجموم,القطاع الخاص,خدمة إلكترونية جزئيا,الأمانات والبلديات,2026/06/27,1448/01/12,1
منطقة مكة المكرمه,الطائف,القطاع الخاص,خدمة إلكترونية جزئيا,الوزارات الحكومية,2026/06/27,1448/01/12,1
منطقة مكة المكرمه,الطائف,القطاع الخاص,خدمة إلكترونية جزئيا,هيئة الزكاة والضريبة والجمارك,2026/06/27,1448/01/12,1
منطقة مكة المكرمه,الطائف,القطاع الخاص,خدمة إلكترونية جزئيا,وكالة خارج المملكة العربية السعودية فقط,2026/06/27,1448/01/12,1
منطقة مكة المكرمه,مكة المكرمة,القطاع الخاص,خدمة إلكترونية جزئيا,الشركات,2026/06/27,1448/01/12,1
الخدمات الرقمية,عام,القطاع العام,خدمة إلكترونية,المطالبات والمحاكم,2026/06/28,1448/01/13,"5,412"
الخدمات الرقمية,عام,القطاع العام,خدمة إلكترونية,العقارات,2026/06/28,1448/01/13,"2,500"
الخدمات الرقمية,عام,القطاع العام,خدمة إلكترونية,الجوازات,2026/06/28,1448/01/13,"2,348"
الخدمات الرقمية,عام,القطاع العام,خدمة إلكترونية,السيارات,2026/06/28,1448/01/13,"1,690"
الخدمات الرقمية,عام,القطاع العام,خدمة إلكترونية,البنوك والمصارف,2026/06/28,1448/01/13,"1,558"
الخدمات الرقمية,عام,القطاع العام,خدمة إلكترونية,الوزارات الحكومية,2026/06/28,1448/01/13,844
الخدمات الرقمية,عام,القطاع العام,خدمة إلكترونية,المرور,2026/06/28,1448/01/13,634
الخدمات الرقمية,عام,القطاع العام,خدمة إلكترونية,الجهات الأمنية,2026/06/28,1448/01/13,474
الخدمات الرقمية,عام,القطاع العام,خدمة إلكترونية,السجلات التجارية,2026/06/28,1448/01/13,455
الخدمات الرقمية,عام,القطاع العام,خدمة إلكترونية,الشركات والمؤسسات الأهلية,2026/06/28,1448/01/13,423
الخدمات الرقمية,عام,القطاع العام,خدمة إلكترونية,وكالة خارج المملكة العربية السعودية فقط,2026/06/28,1448/01/13,423
الخدمات الرقمية,عام,القطاع العام,خدمة إلكترونية,الأمانات والبلديات,2026/06/28,1448/01/13,318
الخدمات الرقمية,عام,القطاع العام,خدمة إلكترونية,الجهات التعليمية,2026/06/28,1448/01/13,303
منطقة الرياض,الرياض,القطاع الخاص,خدمة إلكترونية جزئيا,المطالبات والمحاكم,2026/06/28,1448/01/13,301
الخدمات الرقمية,عام,القطاع العام,خدمة إلكترونية,وزارة الموارد البشرية والتنمية الاجتماعية,2026/06/28,1448/01/13,275
الخدمات الرقمية,عام,القطاع العام,خدمة إلكترونية,إدارة الأحوال المدنية,2026/06/28,1448/01/13,271
الخدمات الرقمية,عام,القطاع العام,خدمة إلكترونية,شركات الاتصالات,2026/06/28,1448/01/13,222
الخدمات الرقمية,عام,القطاع العام,خدمة إلكترونية,طلب الخدمات,2026/06/28,1448/01/13,210
الخدمات الرقمية,عام,القطاع العام,خدمة إلكترونية,الرواتب والمستحقات,2026/06/28,1448/01/13,204
الخدمات الرقمية,كتابة عدل مدمجة - افتراضية,القطاع العام,خدمة إلكترونية جزئيا,المطالبات والمحاكم,2026/06/28,1448/01/13,171
منطقة الرياض,الرياض,القطاع العام,خدمة إلكترونية جزئيا,المطالبات والمحاكم,2026/06/28,1448/01/13,166
منطقة مكة المكرمه,جده,القطاع الخاص,خدمة إلكترونية جزئيا,المطالبات والمحاكم,2026/06/28,1448/01/13,166
الخدمات الرقمية,عام,القطاع العام,خدمة إلكترونية,الهيئات الحكومية,2026/06/28,1448/01/13,152
الخدمات الرقمية,عام,القطاع العام,خدمة إلكترونية,الشركات,2026/06/28,1448/01/13,136
منطقة الرياض,الرياض,القطاع الخاص,خدمة إلكترونية جزئيا,العقارات,2026/06/28,1448/01/13,122
منطقة مكة المكرمه,جده,القطاع الخاص,خدمة إلكترونية جزئيا,العقارات,2026/06/28,1448/01/13,104
الخدمات الرقمية,عام,القطاع العام,خدمة إلكترونية,شبكة إيجار الإلكترونية,2026/06/28,1448/01/13,89
منطقة الرياض,الرياض,القطاع الخاص,خدمة إلكترونية جزئيا,السجلات التجارية,2026/06/28,1448/01/13,76
الخدمات الرقمية,عام,القطاع العام,خدمة إلكترونية,شركة الكهرباء,2026/06/28,1448/01/13,70
الخدمات الرقمية,عام,القطاع العام,خدمة إلكترونية,صندوق التنمية العقارية,2026/06/28,1448/01/13,70
منطقة الرياض,الرياض,القطاع العام,خدمة إلكترونية جزئيا,تصديق الوكالات الخارجية,2026/06/28,1448/01/13,70
الخدمات الرقمية,عام,القطاع العام,خدمة إلكترونية,العوائد السنوية,2026/06/28,1448/01/13,69
منطقة مكة المكرمه,مكة المكرمة,القطاع الخاص,خدمة إلكترونية جزئيا,المطالبات والمحاكم,2026/06/28,1448/01/13,69
الخدمات الرقمية,عام,القطاع العام,خدمة إلكترونية,التعويضات والمساعدات,2026/06/28,1448/01/13,62
الخدمات الرقمية,عام,القطاع العام,خدمة إلكترونية,النكاح,2026/06/28,1448/01/13,61
الخدمات الرقمية,عام,القطاع العام,خدمة إلكترونية,شركة المياه,2026/06/28,1448/01/13,54
الخدمات الرقمية,عام,القطاع العام,خدمة إلكترونية,المؤسسات الحكومية,2026/06/28,1448/01/13,52
منطقة الشرقية,الدمام,القطاع الخاص,خدمة إلكترونية جزئيا,المطالبات والمحاكم,2026/06/28,1448/01/13,51
الخدمات الرقمية,عام,القطاع العام,خدمة إلكترونية,مكتب الإستقدام,2026/06/28,1448/01/13,48
الخدمات الرقمية,كتابة عدل مدمجة - افتراضية,القطاع العام,خدمة إلكترونية جزئيا,البنوك والمصارف,2026/06/28,1448/01/13,47
الخدمات الرقمية,كتابة عدل مدمجة - افتراضية,القطاع العام,خدمة إلكترونية جزئيا,العقارات,2026/06/28,1448/01/13,46
منطقة الرياض,الرياض,القطاع الخاص,خدمة إلكترونية جزئيا,وكالة خارج المملكة العربية السعودية فقط,2026/06/28,1448/01/13,44
منطقة الرياض,الرياض,القطاع العام,خدمة إلكترونية جزئيا,البنوك والمصارف,2026/06/28,1448/01/13,44
منطقة الرياض,الرياض,القطاع الخاص,خدمة إلكترونية جزئيا,البنوك والمصارف,2026/06/28,1448/01/13,43
منطقة مكة المكرمه,جده,القطاع العام,خدمة إلكترونية جزئيا,تصديق الوكالات الخارجية,2026/06/28,1448/01/13,39
الخدمات الرقمية,عام,القطاع العام,خدمة إلكترونية,هيئة الزكاة والضريبة والجمارك,2026/06/28,1448/01/13,38
منطقة الشرقية,الخبر,القطاع الخاص,خدمة إلكترونية جزئيا,المطالبات والمحاكم,2026/06/28,1448/01/13,38
منطقة مكة المكرمه,جده,القطاع الخاص,خدمة إلكترونية جزئيا,وكالة خارج المملكة العربية السعودية فقط,2026/06/28,1448/01/13,38
منطقة الشرقية,الخبر,القطاع الخاص,خدمة إلكترونية جزئيا,العقارات,2026/06/28,1448/01/13,36
منطقة الرياض,الرياض,القطاع العام,خدمة إلكترونية جزئيا,الجهات الأمنية,2026/06/28,1448/01/13,35
الخدمات الرقمية,عام,القطاع العام,خدمة إلكترونية,إثباتات المحاكم,2026/06/28,1448/01/13,33
منطقة مكة المكرمه,جده,القطاع الخاص,خدمة إلكترونية جزئيا,البنوك والمصارف,2026/06/28,1448/01/13,31
منطقة الشرقية,الدمام,القطاع العام,خدمة إلكترونية جزئيا,تصديق الوكالات الخارجية,2026/06/28,1448/01/13,29
الخدمات الرقمية,عام,القطاع العام,خدمة إلكترونية,المنح الزراعية,2026/06/28,1448/01/13,28
منطقة القصيم,بريده,القطاع الخاص,خدمة إلكترونية جزئيا,المطالبات والمحاكم,2026/06/28,1448/01/13,28
منطقة تبوك,تبوك,القطاع الخاص,خدمة إلكترونية جزئيا,المطالبات والمحاكم,2026/06/28,1448/01/13,28
الخدمات الرقمية,عام,القطاع العام,خدمة إلكترونية,المنح السكنية,2026/06/28,1448/01/13,24
الخدمات الرقمية,عام,القطاع العام,خدمة إلكترونية,بنك التنمية الاجتماعية,2026/06/28,1448/01/13,22
منطقة الشرقية,الدمام,القطاع الخاص,خدمة إلكترونية جزئيا,العقارات,2026/06/28,1448/01/13,22
منطقة مكة المكرمه,مكة المكرمة,القطاع الخاص,خدمة إلكترونية جزئيا,السجلات التجارية,2026/06/28,1448/01/13,21
منطقة الرياض,الرياض,القطاع الخاص,خدمة إلكترونية جزئيا,الشركات,2026/06/28,1448/01/13,20
منطقة مكة المكرمه,الطائف,القطاع الخاص,خدمة إلكترونية جزئيا,المطالبات والمحاكم,2026/06/28,1448/01/13,19
الخدمات الرقمية,عام,القطاع العام,خدمة إلكترونية,الحالات الاجتماعية,2026/06/28,1448/01/13,18
الخدمات الرقمية,عام,القطاع العام,خدمة إلكترونية,مكافآت الجامعات والمعاهد,2026/06/28,1448/01/13,17
منطقة الرياض,الرياض,القطاع العام,خدمة إلكترونية جزئيا,المؤسسات الحكومية,2026/06/28,1448/01/13,17
منطقة الحدود الشمالية,عرعر,القطاع الخاص,خدمة إلكترونية جزئيا,المطالبات والمحاكم,2026/06/28,1448/01/13,16
منطقة الشرقية,الاحساء,القطاع الخاص,خدمة إلكترونية جزئيا,المطالبات والمحاكم,2026/06/28,1448/01/13,16
منطقة مكة المكرمه,مكة المكرمة,القطاع الخاص,خدمة إلكترونية جزئيا,البنوك والمصارف,2026/06/28,1448/01/13,16
منطقة الرياض,الرياض,القطاع الخاص,خدمة إلكترونية جزئيا,شبكة إيجار الإلكترونية,2026/06/28,1448/01/13,15
الخدمات الرقمية,عام,القطاع العام,خدمة إلكترونية,التنازل عن كامل الإرث,2026/06/28,1448/01/13,14
الخدمات الرقمية,عام,القطاع العام,خدمة إلكترونية,التوكيل على الإقرارات,2026/06/28,1448/01/13,14
منطقة الرياض,الدرعيه,القطاع الخاص,خدمة إلكترونية جزئيا,المطالبات والمحاكم,2026/06/28,1448/01/13,14
منطقة الشرقية,الدمام,القطاع الخاص,خدمة إلكترونية جزئيا,وكالة خارج المملكة العربية السعودية فقط,2026/06/28,1448/01/13,14
منطقة الشرقية,الدمام,القطاع العام,خدمة إلكترونية جزئيا,المطالبات والمحاكم,2026/06/28,1448/01/13,14
منطقة المدينة المنوره,المدينة المنورة,القطاع الخاص,خدمة إلكترونية جزئيا,العقارات,2026/06/28,1448/01/13,14
منطقة مكة المكرمه,جده,القطاع العام,خدمة إلكترونية جزئيا,المطالبات والمحاكم,2026/06/28,1448/01/13,14
الخدمات الرقمية,عام,القطاع العام,خدمة إلكترونية,الضمان الاجتماعي,2026/06/28,1448/01/13,13
منطقة الرياض,الرياض,القطاع الخاص,خدمة إلكترونية جزئيا,الهيئات الحكومية,2026/06/28,1448/01/13,13
منطقة الرياض,الرياض,القطاع الخاص,خدمة إلكترونية جزئيا,الجوازات,2026/06/28,1448/01/13,12
منطقة الرياض,الرياض,القطاع الخاص,خدمة إلكترونية جزئيا,الوزارات الحكومية,2026/06/28,1448/01/13,12
منطقة المدينة المنوره,المدينة المنورة,القطاع الخاص,خدمة إلكترونية جزئيا,المطالبات والمحاكم,2026/06/28,1448/01/13,12
منطقة مكة المكرمه,مكة المكرمة,القطاع الخاص,خدمة إلكترونية جزئيا,العقارات,2026/06/28,1448/01/13,12
الخدمات الرقمية,عام,القطاع العام,خدمة إلكترونية جزئيا,البنوك والمصارف,2026/06/28,1448/01/13,11
منطقة الرياض,الدوادمي,القطاع الخاص,خدمة إلكترونية جزئيا,المطالبات والمحاكم,2026/06/28,1448/01/13,11
منطقة الرياض,الرياض,القطاع الخاص,خدمة إلكترونية جزئيا,السيارات,2026/06/28,1448/01/13,11
منطقة جازان,جيزان,القطاع الخاص,خدمة إلكترونية جزئيا,المطالبات والمحاكم,2026/06/28,1448/01/13,11
منطقة حائل,حائل,القطاع الخاص,خدمة إلكترونية جزئيا,المطالبات والمحاكم,2026/06/28,1448/01/13,11
منطقة مكة المكرمه,جده,القطاع الخاص,خدمة إلكترونية جزئيا,الأمانات والبلديات,2026/06/28,1448/01/13,11
منطقة مكة المكرمه,جده,القطاع الخاص,خدمة إلكترونية جزئيا,السجلات التجارية,2026/06/28,1448/01/13,11
منطقة مكة المكرمه,جده,القطاع الخاص,خدمة إلكترونية جزئيا,الهيئات الحكومية,2026/06/28,1448/01/13,11
الخدمات الرقمية,كتابة عدل مدمجة - افتراضية,القطاع العام,خدمة إلكترونية جزئيا,شبكة إيجار الإلكترونية,2026/06/28,1448/01/13,10
منطقة الرياض,الرياض,القطاع الخاص,خدمة إلكترونية جزئيا,الأمانات والبلديات,2026/06/28,1448/01/13,10
منطقة القصيم,بريده,القطاع الخاص,خدمة إلكترونية جزئيا,وكالة خارج المملكة العربية السعودية فقط,2026/06/28,1448/01/13,10
الخدمات الرقمية,كتابة عدل مدمجة - افتراضية,القطاع العام,خدمة إلكترونية جزئيا,السيارات,2026/06/28,1448/01/13,9
منطقة الجوف,سكاكا,القطاع الخاص,خدمة إلكترونية جزئيا,المطالبات والمحاكم,2026/06/28,1448/01/13,9
منطقة الرياض,الرياض,القطاع العام,خدمة إلكترونية جزئيا,الجوازات,2026/06/28,1448/01/13,9
منطقة الرياض,الرياض,القطاع العام,خدمة إلكترونية جزئيا,السيارات,2026/06/28,1448/01/13,9
منطقة الرياض,الرياض,القطاع العام,خدمة إلكترونية جزئيا,العقارات,2026/06/28,1448/01/13,9
منطقة الرياض,عفيف,القطاع الخاص,خدمة إلكترونية جزئيا,المطالبات والمحاكم,2026/06/28,1448/01/13,9
منطقة الشرقية,حفر الباطن,القطاع الخاص,خدمة إلكترونية جزئيا,وكالة خارج المملكة العربية السعودية فقط,2026/06/28,1448/01/13,9
الخدمات الرقمية,كتابة عدل مدمجة - افتراضية,القطاع العام,خدمة إلكترونية جزئيا,الجهات التعليمية,2026/06/28,1448/01/13,8
الخدمات الرقمية,كتابة عدل مدمجة - افتراضية,القطاع العام,خدمة إلكترونية جزئيا,الوزارات الحكومية,2026/06/28,1448/01/13,8
منطقة الرياض,الخرج,القطاع الخاص,خدمة إلكترونية جزئيا,المطالبات والمحاكم,2026/06/28,1448/01/13,8
منطقة الرياض,الرياض,القطاع العام,خدمة إلكترونية جزئيا,الوزارات الحكومية,2026/06/28,1448/01/13,8
منطقة مكة المكرمه,جده,القطاع الخاص,خدمة إلكترونية جزئيا,الوزارات الحكومية,2026/06/28,1448/01/13,8
منطقة مكة المكرمه,مكة المكرمة,القطاع الخاص,خدمة إلكترونية جزئيا,الوزارات الحكومية,2026/06/28,1448/01/13,8
الخدمات الرقمية,عام,القطاع العام,خدمة إلكترونية,استقدام العمالة,2026/06/28,1448/01/13,7
الخدمات الرقمية,عام,القطاع العام,خدمة إلكترونية,البنك السعودي للتسليف والإدخار,2026/06/28,1448/01/13,7
الخدمات الرقمية,كتابة عدل مدمجة - افتراضية,القطاع العام,خدمة إلكترونية جزئيا,الشركات والمؤسسات الأهلية,2026/06/28,1448/01/13,7
منطقة الرياض,الرياض,القطاع العام,خدمة إلكترونية جزئيا,إدارة الأحوال المدنية,2026/06/28,1448/01/13,7
منطقة الشرقية,الدمام,القطاع الخاص,خدمة إلكترونية جزئيا,البنوك والمصارف,2026/06/28,1448/01/13,7
منطقة الشرقية,الدمام,القطاع الخاص,خدمة إلكترونية جزئيا,السجلات التجارية,2026/06/28,1448/01/13,7
منطقة القصيم,البكيريه,القطاع الخاص,خدمة إلكترونية جزئيا,البنوك والمصارف,2026/06/28,1448/01/13,7
منطقة القصيم,البكيريه,القطاع الخاص,خدمة إلكترونية جزئيا,المطالبات والمحاكم,2026/06/28,1448/01/13,7
منطقة المدينة المنوره,المدينة المنورة,القطاع الخاص,خدمة إلكترونية جزئيا,الأمانات والبلديات,2026/06/28,1448/01/13,7
منطقة حائل,حائل,القطاع الخاص,خدمة إلكترونية جزئيا,الهيئات الحكومية,2026/06/28,1448/01/13,7
منطقة مكة المكرمه,مكة المكرمة,القطاع الخاص,خدمة إلكترونية جزئيا,السيارات,2026/06/28,1448/01/13,7
الخدمات الرقمية,عام,القطاع العام,خدمة إلكترونية,صندوق التنمية الزراعية,2026/06/28,1448/01/13,6
الخدمات الرقمية,كتابة عدل مدمجة - افتراضية,القطاع العام,خدمة إلكترونية جزئيا,إنهائات المحاكم,2026/06/28,1448/01/13,6
الخدمات الرقمية,كتابة عدل مدمجة - افتراضية,القطاع العام,خدمة إلكترونية جزئيا,الرواتب والمستحقات,2026/06/28,1448/01/13,6
الخدمات الرقمية,كتابة عدل مدمجة - افتراضية,القطاع العام,خدمة إلكترونية جزئيا,السجلات التجارية,2026/06/28,1448/01/13,6
الخدمات الرقمية,كتابة عدل مدمجة - افتراضية,القطاع العام,خدمة إلكترونية جزئيا,النكاح,2026/06/28,1448/01/13,6
الخدمات الرقمية,كتابة عدل مدمجة - افتراضية,القطاع العام,خدمة إلكترونية جزئيا,الهيئات الحكومية,2026/06/28,1448/01/13,6
منطقة الجوف,سكاكا,القطاع الخاص,خدمة إلكترونية جزئيا,العقارات,2026/06/28,1448/01/13,6
منطقة الرياض,الدرعيه,القطاع الخاص,خدمة إلكترونية جزئيا,شبكة إيجار الإلكترونية,2026/06/28,1448/01/13,6
منطقة الرياض,الرياض,القطاع العام,خدمة إلكترونية جزئيا,شركات الاتصالات,2026/06/28,1448/01/13,6
منطقة الرياض,المزاحميه,القطاع الخاص,خدمة إلكترونية جزئيا,إنهائات المحاكم,2026/06/28,1448/01/13,6
منطقة الشرقية,الخفجي,القطاع الخاص,خدمة إلكترونية جزئيا,السجلات التجارية,2026/06/28,1448/01/13,6
منطقة الشرقية,الدمام,القطاع العام,خدمة إلكترونية جزئيا,وكالة خارج المملكة العربية السعودية فقط,2026/06/28,1448/01/13,6
منطقة عسير,ابها,القطاع الخاص,خدمة إلكترونية جزئيا,العقارات,2026/06/28,1448/01/13,6
منطقة مكة المكرمه,جده,القطاع الخاص,خدمة إلكترونية جزئيا,السيارات,2026/06/28,1448/01/13,6
منطقة مكة المكرمه,جده,القطاع الخاص,خدمة إلكترونية جزئيا,شبكة إيجار الإلكترونية,2026/06/28,1448/01/13,6
الخدمات الرقمية,عام,القطاع العام,خدمة إلكترونية جزئيا,المطالبات والمحاكم,2026/06/28,1448/01/13,5
الخدمات الرقمية,كتابة عدل مدمجة - افتراضية,القطاع العام,خدمة إلكترونية جزئيا,الجوازات,2026/06/28,1448/01/13,5
منطقة الجوف,القريات,القطاع الخاص,خدمة إلكترونية جزئيا,السجلات التجارية,2026/06/28,1448/01/13,5
منطقة الشرقية,القطيف,القطاع الخاص,خدمة إلكترونية جزئيا,وكالة خارج المملكة العربية السعودية فقط,2026/06/28,1448/01/13,5
منطقة جازان,جيزان,القطاع الخاص,خدمة إلكترونية جزئيا,شبكة إيجار الإلكترونية,2026/06/28,1448/01/13,5
منطقة مكة المكرمه,الطائف,القطاع الخاص,خدمة إلكترونية جزئيا,العقارات,2026/06/28,1448/01/13,5
منطقة مكة المكرمه,جده,القطاع الخاص,خدمة إلكترونية جزئيا,وزارة الموارد البشرية والتنمية الاجتماعية,2026/06/28,1448/01/13,5
منطقة مكة المكرمه,جده,القطاع العام,خدمة إلكترونية جزئيا,البنوك والمصارف,2026/06/28,1448/01/13,5
الخدمات الرقمية,عام,القطاع العام,خدمة إلكترونية,أذونات المحاكم,2026/06/28,1448/01/13,4
الخدمات الرقمية,عام,القطاع العام,خدمة إلكترونية,إنهائات المحاكم,2026/06/28,1448/01/13,4
الخدمات الرقمية,عام,القطاع العام,خدمة إلكترونية جزئيا,العقارات,2026/06/28,1448/01/13,4
الخدمات الرقمية,كتابة عدل مدمجة - افتراضية,القطاع العام,خدمة إلكترونية جزئيا,المؤسسات الحكومية,2026/06/28,1448/01/13,4
منطقة الرياض,الخرج,القطاع الخاص,خدمة إلكترونية جزئيا,السيارات,2026/06/28,1448/01/13,4
منطقة الرياض,الدرعيه,القطاع الخاص,خدمة إلكترونية جزئيا,البنوك والمصارف,2026/06/28,1448/01/13,4
منطقة الرياض,الرياض,القطاع العام,خدمة إلكترونية جزئيا,الشركات والمؤسسات الأهلية,2026/06/28,1448/01/13,4
منطقة الشرقية,الخبر,القطاع الخاص,خدمة إلكترونية جزئيا,السجلات التجارية,2026/06/28,1448/01/13,4
منطقة الشرقية,الخفجي,القطاع الخاص,خدمة إلكترونية جزئيا,وكالة خارج المملكة العربية السعودية فقط,2026/06/28,1448/01/13,4
منطقة تبوك,تبوك,القطاع الخاص,خدمة إلكترونية جزئيا,العقارات,2026/06/28,1448/01/13,4
منطقة جازان,بيش,القطاع الخاص,خدمة إلكترونية جزئيا,المطالبات والمحاكم,2026/06/28,1448/01/13,4
منطقة عسير,بيشه,القطاع الخاص,خدمة إلكترونية جزئيا,المطالبات والمحاكم,2026/06/28,1448/01/13,4
منطقة عسير,خميس مشيط,القطاع الخاص,خدمة إلكترونية جزئيا,الرواتب والمستحقات,2026/06/28,1448/01/13,4
منطقة مكة المكرمه,الجموم,القطاع الخاص,خدمة إلكترونية جزئيا,العقارات,2026/06/28,1448/01/13,4
منطقة مكة المكرمه,الطائف,القطاع الخاص,خدمة إلكترونية جزئيا,السجلات التجارية,2026/06/28,1448/01/13,4
منطقة مكة المكرمه,الطائف,القطاع الخاص,خدمة إلكترونية جزئيا,وكالة خارج المملكة العربية السعودية فقط,2026/06/28,1448/01/13,4
منطقة مكة المكرمه,جده,القطاع الخاص,خدمة إلكترونية جزئيا,إثباتات المحاكم,2026/06/28,1448/01/13,4
منطقة مكة المكرمه,جده,القطاع الخاص,خدمة إلكترونية جزئيا,الشركات,2026/06/28,1448/01/13,4
منطقة مكة المكرمه,مكة المكرمة,القطاع الخاص,خدمة إلكترونية جزئيا,الجهات الأمنية,2026/06/28,1448/01/13,4
منطقة مكة المكرمه,مكة المكرمة,القطاع العام,خدمة إلكترونية جزئيا,المطالبات والمحاكم,2026/06/28,1448/01/13,4
الخدمات الرقمية,عام,القطاع العام,خدمة إلكترونية,البريد,2026/06/28,1448/01/13,3
الخدمات الرقمية,عام,القطاع العام,خدمة إلكترونية,تصاريح القوارب والصيد,2026/06/28,1448/01/13,3
الخدمات الرقمية,عام,القطاع العام,خدمة إلكترونية,صندوق تنمية الموارد البشرية,2026/06/28,1448/01/13,3
الخدمات الرقمية,عام,القطاع العام,خدمة إلكترونية جزئيا,شبكة إيجار الإلكترونية,2026/06/28,1448/01/13,3
الخدمات الرقمية,كتابة عدل مدمجة - افتراضية,القطاع العام,خدمة إلكترونية جزئيا,الأمانات والبلديات,2026/06/28,1448/01/13,3
منطقة الرياض,الرياض,القطاع الخاص,خدمة إلكترونية جزئيا,الشركات والمؤسسات الأهلية,2026/06/28,1448/01/13,3
منطقة الرياض,الرياض,القطاع العام,خدمة إلكترونية جزئيا,الضمان والشؤون الاجتماعية,2026/06/28,1448/01/13,3
منطقة الرياض,الرياض,القطاع العام,خدمة إلكترونية جزئيا,المرور,2026/06/28,1448/01/13,3
منطقة الرياض,الرياض,القطاع العام,خدمة إلكترونية جزئيا,الهيئات الحكومية,2026/06/28,1448/01/13,3
منطقة الرياض,الرياض,القطاع العام,خدمة إلكترونية جزئيا,وكالة خارج المملكة العربية السعودية فقط,2026/06/28,1448/01/13,3
منطقة الشرقية,القطيف,القطاع الخاص,خدمة إلكترونية جزئيا,العقارات,2026/06/28,1448/01/13,3
منطقة القصيم,الرس,القطاع الخاص,خدمة إلكترونية جزئيا,البنوك والمصارف,2026/06/28,1448/01/13,3
منطقة القصيم,بريده,القطاع الخاص,خدمة إلكترونية جزئيا,السجلات التجارية,2026/06/28,1448/01/13,3
منطقة القصيم,عنيزه,القطاع الخاص,خدمة إلكترونية جزئيا,المطالبات والمحاكم,2026/06/28,1448/01/13,3
منطقة المدينة المنوره,المدينة المنورة,القطاع الخاص,خدمة إلكترونية جزئيا,وكالة خارج المملكة العربية السعودية فقط,2026/06/28,1448/01/13,3
منطقة جازان,جيزان,القطاع العام,خدمة إلكترونية جزئيا,تصديق الوكالات الخارجية,2026/06/28,1448/01/13,3
منطقة عسير,ابها,القطاع الخاص,خدمة إلكترونية جزئيا,المطالبات والمحاكم,2026/06/28,1448/01/13,3
منطقة عسير,المجارده,القطاع الخاص,خدمة إلكترونية جزئيا,البنوك والمصارف,2026/06/28,1448/01/13,3
منطقة عسير,خميس مشيط,القطاع الخاص,خدمة إلكترونية جزئيا,العقارات,2026/06/28,1448/01/13,3
منطقة عسير,خميس مشيط,القطاع الخاص,خدمة إلكترونية جزئيا,المطالبات والمحاكم,2026/06/28,1448/01/13,3
منطقة مكة المكرمه,الطائف,القطاع الخاص,خدمة إلكترونية جزئيا,البنوك والمصارف,2026/06/28,1448/01/13,3
منطقة مكة المكرمه,تربه,القطاع الخاص,خدمة إلكترونية جزئيا,المنح السكنية,2026/06/28,1448/01/13,3
منطقة مكة المكرمه,جده,القطاع العام,خدمة إلكترونية جزئيا,الجوازات,2026/06/28,1448/01/13,3
منطقة مكة المكرمه,جده,القطاع العام,خدمة إلكترونية جزئيا,العقارات,2026/06/28,1448/01/13,3
منطقة مكة المكرمه,مكة المكرمة,القطاع الخاص,خدمة إلكترونية جزئيا,شبكة إيجار الإلكترونية,2026/06/28,1448/01/13,3
منطقة مكة المكرمه,مكة المكرمة,القطاع الخاص,خدمة إلكترونية جزئيا,وكالة خارج المملكة العربية السعودية فقط,2026/06/28,1448/01/13,3
منطقة نجران,نجران,القطاع الخاص,خدمة إلكترونية جزئيا,وكالة خارج المملكة العربية السعودية فقط,2026/06/28,1448/01/13,3
الخدمات الرقمية,عام,القطاع العام,خدمة إلكترونية,الرئاسات الحكومية,2026/06/28,1448/01/13,2
الخدمات الرقمية,كتابة عدل مدمجة - افتراضية,القطاع العام,خدمة إلكترونية جزئيا,الجهات الأمنية,2026/06/28,1448/01/13,2
الخدمات الرقمية,كتابة عدل مدمجة - افتراضية,القطاع العام,خدمة إلكترونية جزئيا,الشركات,2026/06/28,1448/01/13,2
الخدمات الرقمية,كتابة عدل مدمجة - افتراضية,القطاع العام,خدمة إلكترونية جزئيا,المرور,2026/06/28,1448/01/13,2
الخدمات الرقمية,كتابة عدل مدمجة - افتراضية,القطاع العام,خدمة إلكترونية جزئيا,شركة المياه,2026/06/28,1448/01/13,2
منطقة الجوف,القريات,القطاع الخاص,خدمة إلكترونية جزئيا,إثباتات المحاكم,2026/06/28,1448/01/13,2
منطقة الجوف,سكاكا,القطاع الخاص,خدمة إلكترونية جزئيا,السجلات التجارية,2026/06/28,1448/01/13,2
منطقة الرياض,الرياض,القطاع الخاص,خدمة إلكترونية جزئيا,الرواتب والمستحقات,2026/06/28,1448/01/13,2
منطقة الرياض,الرياض,القطاع الخاص,خدمة إلكترونية جزئيا,شركات الاتصالات,2026/06/28,1448/01/13,2
منطقة الرياض,الرياض,القطاع الخاص,خدمة إلكترونية جزئيا,صندوق التنمية العقارية,2026/06/28,1448/01/13,2
منطقة الرياض,الرياض,القطاع العام,خدمة إلكترونية جزئيا,إنهائات المحاكم,2026/06/28,1448/01/13,2
منطقة الرياض,الرياض,القطاع العام,خدمة إلكترونية جزئيا,السجلات التجارية,2026/06/28,1448/01/13,2
منطقة الرياض,الرياض,القطاع العام,خدمة إلكترونية جزئيا,المنح الزراعية,2026/06/28,1448/01/13,2
منطقة الرياض,الرياض,القطاع العام,خدمة إلكترونية جزئيا,المنح السكنية,2026/06/28,1448/01/13,2
منطقة الرياض,الرياض,القطاع العام,خدمة إلكترونية جزئيا,النكاح,2026/06/28,1448/01/13,2
منطقة الرياض,الرياض,القطاع العام,خدمة إلكترونية جزئيا,شبكة إيجار الإلكترونية,2026/06/28,1448/01/13,2
منطقة الرياض,شقراء,القطاع الخاص,خدمة إلكترونية جزئيا,المطالبات والمحاكم,2026/06/28,1448/01/13,2
منطقة الشرقية,الاحساء,القطاع الخاص,خدمة إلكترونية جزئيا,الأمانات والبلديات,2026/06/28,1448/01/13,2
منطقة الشرقية,الاحساء,القطاع الخاص,خدمة إلكترونية جزئيا,السيارات,2026/06/28,1448/01/13,2
منطقة الشرقية,الاحساء,القطاع الخاص,خدمة إلكترونية جزئيا,العقارات,2026/06/28,1448/01/13,2
منطقة الشرقية,الدمام,القطاع العام,خدمة إلكترونية جزئيا,السجلات التجارية,2026/06/28,1448/01/13,2
منطقة الشرقية,الدمام,القطاع العام,خدمة إلكترونية جزئيا,العقارات,2026/06/28,1448/01/13,2
منطقة الشرقية,القطيف,القطاع الخاص,خدمة إلكترونية جزئيا,الرواتب والمستحقات,2026/06/28,1448/01/13,2
منطقة الشرقية,القطيف,القطاع الخاص,خدمة إلكترونية جزئيا,المطالبات والمحاكم,2026/06/28,1448/01/13,2
منطقة الشرقية,حفر الباطن,القطاع الخاص,خدمة إلكترونية جزئيا,العقارات,2026/06/28,1448/01/13,2
منطقة القصيم,بريده,القطاع الخاص,خدمة إلكترونية جزئيا,العقارات,2026/06/28,1448/01/13,2
منطقة المدينة المنوره,المدينة المنورة,القطاع العام,خدمة إلكترونية جزئيا,الرواتب والمستحقات,2026/06/28,1448/01/13,2
منطقة المدينة المنوره,ينبع,القطاع الخاص,خدمة إلكترونية جزئيا,العقارات,2026/06/28,1448/01/13,2
منطقة جازان,بيش,القطاع الخاص,خدمة إلكترونية جزئيا,المرور,2026/06/28,1448/01/13,2
منطقة جازان,جيزان,القطاع الخاص,خدمة إلكترونية جزئيا,الأمانات والبلديات,2026/06/28,1448/01/13,2
منطقة عسير,ابها,القطاع الخاص,خدمة إلكترونية جزئيا,المنح الزراعية,2026/06/28,1448/01/13,2
منطقة عسير,ابها,القطاع العام,خدمة إلكترونية جزئيا,تصديق الوكالات الخارجية,2026/06/28,1448/01/13,2
منطقة عسير,محايل عسير,القطاع الخاص,خدمة إلكترونية جزئيا,المطالبات والمحاكم,2026/06/28,1448/01/13,2
منطقة مكة المكرمه,جده,القطاع الخاص,خدمة إلكترونية جزئيا,المرور,2026/06/28,1448/01/13,2
منطقة مكة المكرمه,جده,القطاع العام,خدمة إلكترونية جزئيا,شبكة إيجار الإلكترونية,2026/06/28,1448/01/13,2
منطقة مكة المكرمه,مكة المكرمة,القطاع الخاص,خدمة إلكترونية جزئيا,الرواتب والمستحقات,2026/06/28,1448/01/13,2
منطقة مكة المكرمه,مكة المكرمة,القطاع الخاص,خدمة إلكترونية جزئيا,شركات الاتصالات,2026/06/28,1448/01/13,2
منطقة مكة المكرمه,مكة المكرمة,القطاع العام,خدمة إلكترونية جزئيا,تصديق الوكالات الخارجية,2026/06/28,1448/01/13,2
منطقة نجران,نجران,القطاع الخاص,خدمة إلكترونية جزئيا,شبكة إيجار الإلكترونية,2026/06/28,1448/01/13,2
الخدمات الرقمية,عام,القطاع العام,خدمة إلكترونية,التراخيص الصناعية,2026/06/28,1448/01/13,1
الخدمات الرقمية,عام,القطاع العام,خدمة إلكترونية,بنك التصدير والاستيراد السعودي,2026/06/28,1448/01/13,1
الخدمات الرقمية,عام,القطاع العام,خدمة إلكترونية,فسخ الوكالات,2026/06/28,1448/01/13,1
الخدمات الرقمية,عام,القطاع العام,خدمة إلكترونية جزئيا,الأمانات والبلديات,2026/06/28,1448/01/13,1
الخدمات الرقمية,عام,القطاع العام,خدمة إلكترونية جزئيا,الجوازات,2026/06/28,1448/01/13,1
الخدمات الرقمية,عام,القطاع العام,خدمة إلكترونية جزئيا,الرواتب والمستحقات,2026/06/28,1448/01/13,1
الخدمات الرقمية,عام,القطاع العام,خدمة إلكترونية جزئيا,السيارات,2026/06/28,1448/01/13,1
الخدمات الرقمية,عام,القطاع العام,خدمة إلكترونية جزئيا,الضمان والشؤون الاجتماعية,2026/06/28,1448/01/13,1
الخدمات الرقمية,عام,القطاع العام,خدمة إلكترونية جزئيا,صندوق التنمية العقارية,2026/06/28,1448/01/13,1
الخدمات الرقمية,كتابة عدل مدمجة - افتراضية,القطاع العام,خدمة إلكترونية جزئيا,إثباتات المحاكم,2026/06/28,1448/01/13,1
الخدمات الرقمية,كتابة عدل مدمجة - افتراضية,القطاع العام,خدمة إلكترونية جزئيا,إدارة الأحوال المدنية,2026/06/28,1448/01/13,1
الخدمات الرقمية,كتابة عدل مدمجة - افتراضية,القطاع العام,خدمة إلكترونية جزئيا,أذونات المحاكم,2026/06/28,1448/01/13,1
الخدمات الرقمية,كتابة عدل مدمجة - افتراضية,القطاع العام,خدمة إلكترونية جزئيا,المنح السكنية,2026/06/28,1448/01/13,1
الخدمات الرقمية,كتابة عدل مدمجة - افتراضية,القطاع العام,خدمة إلكترونية جزئيا,شركات الاتصالات,2026/06/28,1448/01/13,1
الخدمات الرقمية,كتابة عدل مدمجة - افتراضية,القطاع العام,خدمة إلكترونية جزئيا,شركة الكهرباء,2026/06/28,1448/01/13,1
الخدمات الرقمية,كتابة عدل مدمجة - افتراضية,القطاع العام,خدمة إلكترونية جزئيا,صندوق التنمية العقارية,2026/06/28,1448/01/13,1
الخدمات الرقمية,كتابة عدل مدمجة - افتراضية,القطاع العام,خدمة إلكترونية جزئيا,هيئة الزكاة والضريبة والجمارك,2026/06/28,1448/01/13,1
الخدمات الرقمية,كتابة عدل مدمجة - افتراضية,القطاع العام,خدمة إلكترونية جزئيا,وزارة الموارد البشرية والتنمية الاجتماعية,2026/06/28,1448/01/13,1
منطقة الحدود الشمالية,عرعر,القطاع الخاص,خدمة إلكترونية جزئيا,العقارات,2026/06/28,1448/01/13,1
منطقة الرياض,الخرج,القطاع الخاص,خدمة إلكترونية جزئيا,العقارات,2026/06/28,1448/01/13,1
منطقة الرياض,الدرعيه,القطاع الخاص,خدمة إلكترونية جزئيا,السجلات التجارية,2026/06/28,1448/01/13,1
منطقة الرياض,الرياض,القطاع الخاص,خدمة إلكترونية جزئيا,إدارة الأحوال المدنية,2026/06/28,1448/01/13,1
منطقة الرياض,الرياض,القطاع العام,خدمة إلكترونية جزئيا,إثباتات المحاكم,2026/06/28,1448/01/13,1
منطقة الرياض,الرياض,القطاع العام,خدمة إلكترونية جزئيا,الأمانات والبلديات,2026/06/28,1448/01/13,1
منطقة الرياض,الرياض,القطاع العام,خدمة إلكترونية جزئيا,الجهات التعليمية,2026/06/28,1448/01/13,1
منطقة الرياض,الرياض,القطاع العام,خدمة إلكترونية جزئيا,الرواتب والمستحقات,2026/06/28,1448/01/13,1
منطقة الرياض,الرياض,القطاع العام,خدمة إلكترونية جزئيا,وزارة الموارد البشرية والتنمية الاجتماعية,2026/06/28,1448/01/13,1
منطقة الرياض,عرقه,القطاع الخاص,خدمة إلكترونية جزئيا,العقارات,2026/06/28,1448/01/13,1
منطقة الرياض,عرقه,القطاع الخاص,خدمة إلكترونية جزئيا,المطالبات والمحاكم,2026/06/28,1448/01/13,1
منطقة الشرقية,الاحساء,القطاع الخاص,خدمة إلكترونية جزئيا,وكالة خارج المملكة العربية السعودية فقط,2026/06/28,1448/01/13,1
منطقة الشرقية,الاحساء,القطاع العام,خدمة إلكترونية جزئيا,وكالة خارج المملكة العربية السعودية فقط,2026/06/28,1448/01/13,1
منطقة الشرقية,الجبيل,القطاع الخاص,خدمة إلكترونية جزئيا,المطالبات والمحاكم,2026/06/28,1448/01/13,1
منطقة الشرقية,الخبر,القطاع الخاص,خدمة إلكترونية جزئيا,الشركات,2026/06/28,1448/01/13,1
منطقة الشرقية,الخبر,القطاع الخاص,خدمة إلكترونية جزئيا,الهيئات الحكومية,2026/06/28,1448/01/13,1
منطقة الشرقية,الخبر,القطاع الخاص,خدمة إلكترونية جزئيا,شبكة إيجار الإلكترونية,2026/06/28,1448/01/13,1
منطقة الشرقية,الخفجي,القطاع الخاص,خدمة إلكترونية جزئيا,المطالبات والمحاكم,2026/06/28,1448/01/13,1
منطقة الشرقية,الدمام,القطاع الخاص,خدمة إلكترونية جزئيا,الشركات والمؤسسات الأهلية,2026/06/28,1448/01/13,1
منطقة الشرقية,الدمام,القطاع الخاص,خدمة إلكترونية جزئيا,شركات الاتصالات,2026/06/28,1448/01/13,1
منطقة الشرقية,الدمام,القطاع العام,خدمة إلكترونية جزئيا,الهيئات الحكومية,2026/06/28,1448/01/13,1
منطقة القصيم,البدائع,القطاع الخاص,خدمة إلكترونية جزئيا,الأمانات والبلديات,2026/06/28,1448/01/13,1
منطقة القصيم,البدائع,القطاع الخاص,خدمة إلكترونية جزئيا,البنوك والمصارف,2026/06/28,1448/01/13,1
منطقة القصيم,البدائع,القطاع الخاص,خدمة إلكترونية جزئيا,صندوق التنمية الصناعية,2026/06/28,1448/01/13,1
منطقة القصيم,الرس,القطاع الخاص,خدمة إلكترونية جزئيا,العقارات,2026/06/28,1448/01/13,1
منطقة القصيم,بريده,القطاع العام,خدمة إلكترونية جزئيا,المطالبات والمحاكم,2026/06/28,1448/01/13,1
منطقة المدينة المنوره,المدينة المنورة,القطاع الخاص,خدمة إلكترونية جزئيا,الجوازات,2026/06/28,1448/01/13,1
منطقة المدينة المنوره,المدينة المنورة,القطاع العام,خدمة إلكترونية جزئيا,المطالبات والمحاكم,2026/06/28,1448/01/13,1
منطقة المدينة المنوره,المدينة المنورة,القطاع العام,خدمة إلكترونية جزئيا,تصديق الوكالات الخارجية,2026/06/28,1448/01/13,1
منطقة المدينة المنوره,ينبع,القطاع الخاص,خدمة إلكترونية جزئيا,المطالبات والمحاكم,2026/06/28,1448/01/13,1
منطقة جازان,ابو عريش,القطاع الخاص,خدمة إلكترونية جزئيا,وكالة خارج المملكة العربية السعودية فقط,2026/06/28,1448/01/13,1
منطقة جازان,احد المسارحه,القطاع الخاص,خدمة إلكترونية جزئيا,المطالبات والمحاكم,2026/06/28,1448/01/13,1
منطقة جازان,جيزان,القطاع الخاص,خدمة إلكترونية جزئيا,البنوك والمصارف,2026/06/28,1448/01/13,1
منطقة جازان,جيزان,القطاع العام,خدمة إلكترونية جزئيا,البنوك والمصارف,2026/06/28,1448/01/13,1
منطقة جازان,صبياء,القطاع الخاص,خدمة إلكترونية جزئيا,وكالة خارج المملكة العربية السعودية فقط,2026/06/28,1448/01/13,1
منطقة حائل,حائل,القطاع الخاص,خدمة إلكترونية جزئيا,العقارات,2026/06/28,1448/01/13,1
منطقة حائل,حائل,القطاع الخاص,خدمة إلكترونية جزئيا,شبكة إيجار الإلكترونية,2026/06/28,1448/01/13,1
منطقة عسير,ابها,القطاع الخاص,خدمة إلكترونية جزئيا,السجلات التجارية,2026/06/28,1448/01/13,1
منطقة عسير,ابها,القطاع الخاص,خدمة إلكترونية جزئيا,السيارات,2026/06/28,1448/01/13,1
منطقة عسير,خميس مشيط,القطاع الخاص,خدمة إلكترونية جزئيا,وكالة خارج المملكة العربية السعودية فقط,2026/06/28,1448/01/13,1
منطقة عسير,سراة عبيده,القطاع الخاص,خدمة إلكترونية جزئيا,العقارات,2026/06/28,1448/01/13,1
منطقة عسير,ظهران الجنوب,القطاع الخاص,خدمة إلكترونية جزئيا,المطالبات والمحاكم,2026/06/28,1448/01/13,1
منطقة عسير,محايل عسير,القطاع الخاص,خدمة إلكترونية جزئيا,العقارات,2026/06/28,1448/01/13,1
منطقة مكة المكرمه,جده,القطاع الخاص,خدمة إلكترونية جزئيا,الجهات التعليمية,2026/06/28,1448/01/13,1
منطقة مكة المكرمه,جده,القطاع العام,خدمة إلكترونية جزئيا,الأمانات والبلديات,2026/06/28,1448/01/13,1
منطقة مكة المكرمه,جده,القطاع العام,خدمة إلكترونية جزئيا,السجلات التجارية,2026/06/28,1448/01/13,1
منطقة مكة المكرمه,جده,القطاع العام,خدمة إلكترونية جزئيا,السيارات,2026/06/28,1448/01/13,1
منطقة مكة المكرمه,جده,القطاع العام,خدمة إلكترونية جزئيا,المرور,2026/06/28,1448/01/13,1
منطقة مكة المكرمه,جده,القطاع العام,خدمة إلكترونية جزئيا,الهيئات الحكومية,2026/06/28,1448/01/13,1
منطقة مكة المكرمه,جده,القطاع العام,خدمة إلكترونية جزئيا,الوزارات الحكومية,2026/06/28,1448/01/13,1
منطقة مكة المكرمه,جده,القطاع العام,خدمة إلكترونية جزئيا,شركة الكهرباء,2026/06/28,1448/01/13,1
منطقة مكة المكرمه,مكة المكرمة,القطاع الخاص,خدمة إلكترونية جزئيا,الشركات,2026/06/28,1448/01/13,1
منطقة مكة المكرمه,مكة المكرمة,القطاع الخاص,خدمة إلكترونية جزئيا,المرور,2026/06/28,1448/01/13,1
منطقة مكة المكرمه,مكة المكرمة,القطاع العام,خدمة إلكترونية جزئيا,السيارات,2026/06/28,1448/01/13,1
منطقة مكة المكرمه,مكة المكرمة,القطاع العام,خدمة إلكترونية جزئيا,شبكة إيجار الإلكترونية,2026/06/28,1448/01/13,1
منطقة مكة المكرمه,مكة المكرمة,القطاع العام,خدمة إلكترونية جزئيا,وكالة خارج المملكة العربية السعودية فقط,2026/06/28,1448/01/13,1
الخدمات الرقمية,عام,القطاع العام,خدمة إلكترونية,المطالبات والمحاكم,2026/06/29,1448/01/14,"5,215"
الخدمات الرقمية,عام,القطاع العام,خدمة إلكترونية,العقارات,2026/06/29,1448/01/14,"2,736"
الخدمات الرقمية,عام,القطاع العام,خدمة إلكترونية,الجوازات,2026/06/29,1448/01/14,"2,341"
الخدمات الرقمية,عام,القطاع العام,خدمة إلكترونية,السيارات,2026/06/29,1448/01/14,"1,722"
الخدمات الرقمية,عام,القطاع العام,خدمة إلكترونية,البنوك والمصارف,2026/06/29,1448/01/14,"1,576"
الخدمات الرقمية,عام,القطاع العام,خدمة إلكترونية,الوزارات الحكومية,2026/06/29,1448/01/14,739
الخدمات الرقمية,عام,القطاع العام,خدمة إلكترونية,المرور,2026/06/29,1448/01/14,530
الخدمات الرقمية,عام,القطاع العام,خدمة إلكترونية,السجلات التجارية,2026/06/29,1448/01/14,511
الخدمات الرقمية,عام,القطاع العام,خدمة إلكترونية,الشركات والمؤسسات الأهلية,2026/06/29,1448/01/14,418
الخدمات الرقمية,عام,القطاع العام,خدمة إلكترونية,الجهات الأمنية,2026/06/29,1448/01/14,411
الخدمات الرقمية,عام,القطاع العام,خدمة إلكترونية,وكالة خارج المملكة العربية السعودية فقط,2026/06/29,1448/01/14,385
منطقة الرياض,الرياض,القطاع الخاص,خدمة إلكترونية جزئيا,المطالبات والمحاكم,2026/06/29,1448/01/14,320
الخدمات الرقمية,عام,القطاع العام,خدمة إلكترونية,إدارة الأحوال المدنية,2026/06/29,1448/01/14,309
الخدمات الرقمية,عام,القطاع العام,خدمة إلكترونية,الجهات التعليمية,2026/06/29,1448/01/14,297
الخدمات الرقمية,عام,القطاع العام,خدمة إلكترونية,وزارة الموارد البشرية والتنمية الاجتماعية,2026/06/29,1448/01/14,297
الخدمات الرقمية,عام,القطاع العام,خدمة إلكترونية,الأمانات والبلديات,2026/06/29,1448/01/14,279
منطقة مكة المكرمه,جده,القطاع الخاص,خدمة إلكترونية جزئيا,المطالبات والمحاكم,2026/06/29,1448/01/14,221
الخدمات الرقمية,عام,القطاع العام,خدمة إلكترونية,شركات الاتصالات,2026/06/29,1448/01/14,209
الخدمات الرقمية,عام,القطاع العام,خدمة إلكترونية,الرواتب والمستحقات,2026/06/29,1448/01/14,201
منطقة الرياض,الرياض,القطاع العام,خدمة إلكترونية جزئيا,المطالبات والمحاكم,2026/06/29,1448/01/14,189
الخدمات الرقمية,كتابة عدل مدمجة - افتراضية,القطاع العام,خدمة إلكترونية جزئيا,المطالبات والمحاكم,2026/06/29,1448/01/14,180
الخدمات الرقمية,عام,القطاع العام,خدمة إلكترونية,طلب الخدمات,2026/06/29,1448/01/14,165
منطقة الرياض,الرياض,القطاع الخاص,خدمة إلكترونية جزئيا,العقارات,2026/06/29,1448/01/14,155
الخدمات الرقمية,عام,القطاع العام,خدمة إلكترونية,الهيئات الحكومية,2026/06/29,1448/01/14,128
الخدمات الرقمية,عام,القطاع العام,خدمة إلكترونية,الشركات,2026/06/29,1448/01/14,126
الخدمات الرقمية,عام,القطاع العام,خدمة إلكترونية,شبكة إيجار الإلكترونية,2026/06/29,1448/01/14,115
منطقة مكة المكرمه,جده,القطاع الخاص,خدمة إلكترونية جزئيا,العقارات,2026/06/29,1448/01/14,98
الخدمات الرقمية,عام,القطاع العام,خدمة إلكترونية,شركة الكهرباء,2026/06/29,1448/01/14,84
منطقة مكة المكرمه,مكة المكرمة,القطاع الخاص,خدمة إلكترونية جزئيا,المطالبات والمحاكم,2026/06/29,1448/01/14,82
الخدمات الرقمية,عام,القطاع العام,خدمة إلكترونية,العوائد السنوية,2026/06/29,1448/01/14,80
الخدمات الرقمية,عام,القطاع العام,خدمة إلكترونية,النكاح,2026/06/29,1448/01/14,76
الخدمات الرقمية,عام,القطاع العام,خدمة إلكترونية,صندوق التنمية العقارية,2026/06/29,1448/01/14,72
منطقة الرياض,الرياض,القطاع العام,خدمة إلكترونية جزئيا,تصديق الوكالات الخارجية,2026/06/29,1448/01/14,67
الخدمات الرقمية,كتابة عدل مدمجة - افتراضية,القطاع العام,خدمة إلكترونية جزئيا,العقارات,2026/06/29,1448/01/14,64
الخدمات الرقمية,عام,القطاع العام,خدمة إلكترونية,التعويضات والمساعدات,2026/06/29,1448/01/14,63
منطقة الرياض,الرياض,القطاع الخاص,خدمة إلكترونية جزئيا,وكالة خارج المملكة العربية السعودية فقط,2026/06/29,1448/01/14,61
الخدمات الرقمية,كتابة عدل مدمجة - افتراضية,القطاع العام,خدمة إلكترونية جزئيا,البنوك والمصارف,2026/06/29,1448/01/14,58
منطقة مكة المكرمه,جده,القطاع الخاص,خدمة إلكترونية جزئيا,السجلات التجارية,2026/06/29,1448/01/14,58
الخدمات الرقمية,عام,القطاع العام,خدمة إلكترونية,شركة المياه,2026/06/29,1448/01/14,56
الخدمات الرقمية,عام,القطاع العام,خدمة إلكترونية,مكتب الإستقدام,2026/06/29,1448/01/14,55
منطقة الرياض,الرياض,القطاع الخاص,خدمة إلكترونية جزئيا,الشركات,2026/06/29,1448/01/14,52
الخدمات الرقمية,عام,القطاع العام,خدمة إلكترونية,المؤسسات الحكومية,2026/06/29,1448/01/14,50
الخدمات الرقمية,عام,القطاع العام,خدمة إلكترونية,إثباتات المحاكم,2026/06/29,1448/01/14,49
منطقة الرياض,الرياض,القطاع الخاص,خدمة إلكترونية جزئيا,البنوك والمصارف,2026/06/29,1448/01/14,46
منطقة مكة المكرمه,الطائف,القطاع الخاص,خدمة إلكترونية جزئيا,المطالبات والمحاكم,2026/06/29,1448/01/14,45
الخدمات الرقمية,عام,القطاع العام,خدمة إلكترونية,المنح الزراعية,2026/06/29,1448/01/14,43
منطقة الرياض,الرياض,القطاع الخاص,خدمة إلكترونية جزئيا,شبكة إيجار الإلكترونية,2026/06/29,1448/01/14,43
منطقة مكة المكرمه,جده,القطاع الخاص,خدمة إلكترونية جزئيا,وكالة خارج المملكة العربية السعودية فقط,2026/06/29,1448/01/14,42
منطقة الرياض,الرياض,القطاع الخاص,خدمة إلكترونية جزئيا,السجلات التجارية,2026/06/29,1448/01/14,40
الخدمات الرقمية,عام,القطاع العام,خدمة إلكترونية,المنح السكنية,2026/06/29,1448/01/14,39
منطقة تبوك,تبوك,القطاع الخاص,خدمة إلكترونية جزئيا,المطالبات والمحاكم,2026/06/29,1448/01/14,39
منطقة الرياض,الرياض,القطاع الخاص,خدمة إلكترونية جزئيا,الوزارات الحكومية,2026/06/29,1448/01/14,33
منطقة مكة المكرمه,مكة المكرمة,القطاع الخاص,خدمة إلكترونية جزئيا,العقارات,2026/06/29,1448/01/14,33
منطقة الرياض,الرياض,القطاع العام,خدمة إلكترونية جزئيا,الجهات الأمنية,2026/06/29,1448/01/14,32
منطقة القصيم,بريده,القطاع الخاص,خدمة إلكترونية جزئيا,المطالبات والمحاكم,2026/06/29,1448/01/14,31
منطقة الرياض,الرياض,القطاع العام,خدمة إلكترونية جزئيا,البنوك والمصارف,2026/06/29,1448/01/14,30
الخدمات الرقمية,عام,القطاع العام,خدمة إلكترونية,هيئة الزكاة والضريبة والجمارك,2026/06/29,1448/01/14,29
منطقة المدينة المنوره,المدينة المنورة,القطاع الخاص,خدمة إلكترونية جزئيا,المطالبات والمحاكم,2026/06/29,1448/01/14,29
منطقة الشرقية,الدمام,القطاع الخاص,خدمة إلكترونية جزئيا,المطالبات والمحاكم,2026/06/29,1448/01/14,27
منطقة مكة المكرمه,جده,القطاع العام,خدمة إلكترونية جزئيا,تصديق الوكالات الخارجية,2026/06/29,1448/01/14,26
الخدمات الرقمية,عام,القطاع العام,خدمة إلكترونية,مكافآت الجامعات والمعاهد,2026/06/29,1448/01/14,22
منطقة الشرقية,الخبر,القطاع الخاص,خدمة إلكترونية جزئيا,المطالبات والمحاكم,2026/06/29,1448/01/14,19
الخدمات الرقمية,عام,القطاع العام,خدمة إلكترونية,الحالات الاجتماعية,2026/06/29,1448/01/14,17
الخدمات الرقمية,عام,القطاع العام,خدمة إلكترونية,بنك التنمية الاجتماعية,2026/06/29,1448/01/14,17
منطقة مكة المكرمه,جده,القطاع الخاص,خدمة إلكترونية جزئيا,الشركات,2026/06/29,1448/01/14,17
الخدمات الرقمية,عام,القطاع العام,خدمة إلكترونية,التوكيل على الإقرارات,2026/06/29,1448/01/14,16
منطقة مكة المكرمه,جده,القطاع العام,خدمة إلكترونية جزئيا,المطالبات والمحاكم,2026/06/29,1448/01/14,16
الخدمات الرقمية,كتابة عدل مدمجة - افتراضية,القطاع العام,خدمة إلكترونية جزئيا,الجهات التعليمية,2026/06/29,1448/01/14,15
الخدمات الرقمية,كتابة عدل مدمجة - افتراضية,القطاع العام,خدمة إلكترونية جزئيا,الوزارات الحكومية,2026/06/29,1448/01/14,15
الخدمات الرقمية,كتابة عدل مدمجة - افتراضية,القطاع العام,خدمة إلكترونية جزئيا,السيارات,2026/06/29,1448/01/14,14
منطقة الجوف,سكاكا,القطاع الخاص,خدمة إلكترونية جزئيا,المطالبات والمحاكم,2026/06/29,1448/01/14,14
منطقة الشرقية,الخبر,القطاع الخاص,خدمة إلكترونية جزئيا,العقارات,2026/06/29,1448/01/14,14
منطقة مكة المكرمه,مكة المكرمة,القطاع الخاص,خدمة إلكترونية جزئيا,السجلات التجارية,2026/06/29,1448/01/14,14
الخدمات الرقمية,عام,القطاع العام,خدمة إلكترونية,البنك السعودي للتسليف والإدخار,2026/06/29,1448/01/14,13
الخدمات الرقمية,عام,القطاع العام,خدمة إلكترونية,التنازل عن كامل الإرث,2026/06/29,1448/01/14,13
منطقة الشرقية,الدمام,القطاع العام,خدمة إلكترونية جزئيا,تصديق الوكالات الخارجية,2026/06/29,1448/01/14,13
الخدمات الرقمية,كتابة عدل مدمجة - افتراضية,القطاع العام,خدمة إلكترونية جزئيا,الرواتب والمستحقات,2026/06/29,1448/01/14,12
منطقة الحدود الشمالية,عرعر,القطاع الخاص,خدمة إلكترونية جزئيا,المطالبات والمحاكم,2026/06/29,1448/01/14,12
منطقة القصيم,عنيزه,القطاع الخاص,خدمة إلكترونية جزئيا,المطالبات والمحاكم,2026/06/29,1448/01/14,12
منطقة مكة المكرمه,الطائف,القطاع الخاص,خدمة إلكترونية جزئيا,العقارات,2026/06/29,1448/01/14,12
منطقة مكة المكرمه,جده,القطاع الخاص,خدمة إلكترونية جزئيا,الوزارات الحكومية,2026/06/29,1448/01/14,12
الخدمات الرقمية,كتابة عدل مدمجة - افتراضية,القطاع العام,خدمة إلكترونية جزئيا,شبكة إيجار الإلكترونية,2026/06/29,1448/01/14,11
منطقة الرياض,الرياض,القطاع العام,خدمة إلكترونية جزئيا,السيارات,2026/06/29,1448/01/14,11
منطقة الشرقية,الاحساء,القطاع الخاص,خدمة إلكترونية جزئيا,وكالة خارج المملكة العربية السعودية فقط,2026/06/29,1448/01/14,11
منطقة الشرقية,الدمام,القطاع الخاص,خدمة إلكترونية جزئيا,شبكة إيجار الإلكترونية,2026/06/29,1448/01/14,11
منطقة المدينة المنوره,المدينة المنورة,القطاع الخاص,خدمة إلكترونية جزئيا,البنوك والمصارف,2026/06/29,1448/01/14,11
منطقة مكة المكرمه,جده,القطاع الخاص,خدمة إلكترونية جزئيا,البنوك والمصارف,2026/06/29,1448/01/14,11
منطقة الرياض,الرياض,القطاع الخاص,خدمة إلكترونية جزئيا,الأمانات والبلديات,2026/06/29,1448/01/14,10
منطقة مكة المكرمه,مكة المكرمة,القطاع الخاص,خدمة إلكترونية جزئيا,الشركات,2026/06/29,1448/01/14,10
الخدمات الرقمية,عام,القطاع العام,خدمة إلكترونية,إنهائات المحاكم,2026/06/29,1448/01/14,9
الخدمات الرقمية,عام,القطاع العام,خدمة إلكترونية جزئيا,المطالبات والمحاكم,2026/06/29,1448/01/14,9
منطقة الرياض,الرياض,القطاع العام,خدمة إلكترونية جزئيا,الجوازات,2026/06/29,1448/01/14,9
منطقة الرياض,الرياض,القطاع العام,خدمة إلكترونية جزئيا,العقارات,2026/06/29,1448/01/14,9
منطقة الشرقية,الدمام,القطاع الخاص,خدمة إلكترونية جزئيا,العقارات,2026/06/29,1448/01/14,9
منطقة القصيم,بريده,القطاع العام,خدمة إلكترونية جزئيا,تصديق الوكالات الخارجية,2026/06/29,1448/01/14,9
منطقة المدينة المنوره,المدينة المنورة,القطاع الخاص,خدمة إلكترونية جزئيا,وكالة خارج المملكة العربية السعودية فقط,2026/06/29,1448/01/14,9
الخدمات الرقمية,عام,القطاع العام,خدمة إلكترونية,الضمان الاجتماعي,2026/06/29,1448/01/14,8
منطقة الرياض,الدرعيه,القطاع الخاص,خدمة إلكترونية جزئيا,المطالبات والمحاكم,2026/06/29,1448/01/14,8
منطقة الرياض,الرياض,القطاع الخاص,خدمة إلكترونية جزئيا,الهيئات الحكومية,2026/06/29,1448/01/14,8
منطقة الرياض,الرياض,القطاع الخاص,خدمة إلكترونية جزئيا,شركات الاتصالات,2026/06/29,1448/01/14,8
منطقة الرياض,الرياض,القطاع العام,خدمة إلكترونية جزئيا,إدارة الأحوال المدنية,2026/06/29,1448/01/14,8
منطقة الرياض,الرياض,القطاع العام,خدمة إلكترونية جزئيا,شركات الاتصالات,2026/06/29,1448/01/14,8
منطقة الشرقية,الجبيل,القطاع الخاص,خدمة إلكترونية جزئيا,المطالبات والمحاكم,2026/06/29,1448/01/14,8
منطقة الشرقية,الدمام,القطاع الخاص,خدمة إلكترونية جزئيا,البنوك والمصارف,2026/06/29,1448/01/14,8
منطقة القصيم,الرس,القطاع الخاص,خدمة إلكترونية جزئيا,السجلات التجارية,2026/06/29,1448/01/14,8
منطقة عسير,ابها,القطاع الخاص,خدمة إلكترونية جزئيا,البنوك والمصارف,2026/06/29,1448/01/14,8
الخدمات الرقمية,عام,القطاع العام,خدمة إلكترونية جزئيا,البنوك والمصارف,2026/06/29,1448/01/14,7
الخدمات الرقمية,كتابة عدل مدمجة - افتراضية,القطاع العام,خدمة إلكترونية جزئيا,السجلات التجارية,2026/06/29,1448/01/14,7
منطقة الرياض,الرياض,القطاع العام,خدمة إلكترونية جزئيا,المؤسسات الحكومية,2026/06/29,1448/01/14,7
منطقة الشرقية,الدمام,القطاع العام,خدمة إلكترونية جزئيا,المطالبات والمحاكم,2026/06/29,1448/01/14,7
منطقة الشرقية,القطيف,القطاع الخاص,خدمة إلكترونية جزئيا,العقارات,2026/06/29,1448/01/14,7
منطقة الشرقية,حفر الباطن,القطاع الخاص,خدمة إلكترونية جزئيا,البنوك والمصارف,2026/06/29,1448/01/14,7
منطقة المدينة المنوره,المدينة المنورة,القطاع الخاص,خدمة إلكترونية جزئيا,العقارات,2026/06/29,1448/01/14,7
منطقة عسير,ابها,القطاع الخاص,خدمة إلكترونية جزئيا,المطالبات والمحاكم,2026/06/29,1448/01/14,7
منطقة عسير,خميس مشيط,القطاع الخاص,خدمة إلكترونية جزئيا,المطالبات والمحاكم,2026/06/29,1448/01/14,7
منطقة عسير,محايل عسير,القطاع الخاص,خدمة إلكترونية جزئيا,السيارات,2026/06/29,1448/01/14,7
منطقة مكة المكرمه,جده,القطاع الخاص,خدمة إلكترونية جزئيا,الأمانات والبلديات,2026/06/29,1448/01/14,7
منطقة مكة المكرمه,مكة المكرمة,القطاع الخاص,خدمة إلكترونية جزئيا,وكالة خارج المملكة العربية السعودية فقط,2026/06/29,1448/01/14,7
الخدمات الرقمية,عام,القطاع العام,خدمة إلكترونية جزئيا,العقارات,2026/06/29,1448/01/14,6
الخدمات الرقمية,كتابة عدل مدمجة - افتراضية,القطاع العام,خدمة إلكترونية جزئيا,الشركات والمؤسسات الأهلية,2026/06/29,1448/01/14,6
منطقة الجوف,القريات,القطاع الخاص,خدمة إلكترونية جزئيا,المطالبات والمحاكم,2026/06/29,1448/01/14,6
منطقة الرياض,الرياض,القطاع الخاص,خدمة إلكترونية جزئيا,وزارة الموارد البشرية والتنمية الاجتماعية,2026/06/29,1448/01/14,6
منطقة الرياض,الرياض,القطاع العام,خدمة إلكترونية جزئيا,الوزارات الحكومية,2026/06/29,1448/01/14,6
منطقة الرياض,عرقه,القطاع الخاص,خدمة إلكترونية جزئيا,العقارات,2026/06/29,1448/01/14,6
منطقة الشرقية,الدمام,القطاع الخاص,خدمة إلكترونية جزئيا,السيارات,2026/06/29,1448/01/14,6
منطقة الشرقية,الدمام,القطاع الخاص,خدمة إلكترونية جزئيا,وكالة خارج المملكة العربية السعودية فقط,2026/06/29,1448/01/14,6
منطقة القصيم,عنيزه,القطاع الخاص,خدمة إلكترونية جزئيا,وزارة الموارد البشرية والتنمية الاجتماعية,2026/06/29,1448/01/14,6
منطقة تبوك,تبوك,القطاع الخاص,خدمة إلكترونية جزئيا,السجلات التجارية,2026/06/29,1448/01/14,6
منطقة حائل,حائل,القطاع الخاص,خدمة إلكترونية جزئيا,المطالبات والمحاكم,2026/06/29,1448/01/14,6
منطقة مكة المكرمه,تربه,القطاع الخاص,خدمة إلكترونية جزئيا,المطالبات والمحاكم,2026/06/29,1448/01/14,6
منطقة مكة المكرمه,جده,القطاع الخاص,خدمة إلكترونية جزئيا,الهيئات الحكومية,2026/06/29,1448/01/14,6
الخدمات الرقمية,عام,القطاع العام,خدمة إلكترونية,استقدام العمالة,2026/06/29,1448/01/14,5
الخدمات الرقمية,كتابة عدل مدمجة - افتراضية,القطاع العام,خدمة إلكترونية جزئيا,الجوازات,2026/06/29,1448/01/14,5
منطقة الرياض,الدرعيه,القطاع الخاص,خدمة إلكترونية جزئيا,وكالة خارج المملكة العربية السعودية فقط,2026/06/29,1448/01/14,5
منطقة الرياض,الرياض,القطاع الخاص,خدمة إلكترونية جزئيا,السيارات,2026/06/29,1448/01/14,5
منطقة الرياض,الرياض,القطاع العام,خدمة إلكترونية جزئيا,المرور,2026/06/29,1448/01/14,5
منطقة الشرقية,الخبر,القطاع الخاص,خدمة إلكترونية جزئيا,الهيئات الحكومية,2026/06/29,1448/01/14,5
منطقة الشرقية,الدمام,القطاع الخاص,خدمة إلكترونية جزئيا,الجوازات,2026/06/29,1448/01/14,5
منطقة القصيم,بريده,القطاع الخاص,خدمة إلكترونية جزئيا,العقارات,2026/06/29,1448/01/14,5
منطقة المدينة المنوره,الحناكية,القطاع الخاص,خدمة إلكترونية جزئيا,السجلات التجارية,2026/06/29,1448/01/14,5
منطقة المدينة المنوره,المدينة المنورة,القطاع العام,خدمة إلكترونية جزئيا,تصديق الوكالات الخارجية,2026/06/29,1448/01/14,5
منطقة جازان,جيزان,القطاع الخاص,خدمة إلكترونية جزئيا,السيارات,2026/06/29,1448/01/14,5
منطقة عسير,خميس مشيط,القطاع الخاص,خدمة إلكترونية جزئيا,الرواتب والمستحقات,2026/06/29,1448/01/14,5
منطقة عسير,خميس مشيط,القطاع الخاص,خدمة إلكترونية جزئيا,العقارات,2026/06/29,1448/01/14,5
منطقة مكة المكرمه,الطائف,القطاع الخاص,خدمة إلكترونية جزئيا,السيارات,2026/06/29,1448/01/14,5
منطقة مكة المكرمه,جده,القطاع الخاص,خدمة إلكترونية جزئيا,وزارة الموارد البشرية والتنمية الاجتماعية,2026/06/29,1448/01/14,5
منطقة مكة المكرمه,جده,القطاع العام,خدمة إلكترونية جزئيا,السيارات,2026/06/29,1448/01/14,5
منطقة مكة المكرمه,مكة المكرمة,القطاع العام,خدمة إلكترونية جزئيا,تصديق الوكالات الخارجية,2026/06/29,1448/01/14,5
الخدمات الرقمية,عام,القطاع العام,خدمة إلكترونية,البريد,2026/06/29,1448/01/14,4
الخدمات الرقمية,عام,القطاع العام,خدمة إلكترونية,الرئاسات الحكومية,2026/06/29,1448/01/14,4
الخدمات الرقمية,عام,القطاع العام,خدمة إلكترونية,صندوق التنمية الزراعية,2026/06/29,1448/01/14,4
الخدمات الرقمية,كتابة عدل مدمجة - افتراضية,القطاع العام,خدمة إلكترونية جزئيا,النكاح,2026/06/29,1448/01/14,4
الخدمات الرقمية,كتابة عدل مدمجة - افتراضية,القطاع العام,خدمة إلكترونية جزئيا,الهيئات الحكومية,2026/06/29,1448/01/14,4
منطقة الرياض,الرياض,القطاع العام,خدمة إلكترونية جزئيا,الجهات التعليمية,2026/06/29,1448/01/14,4
منطقة الرياض,الرياض,القطاع العام,خدمة إلكترونية جزئيا,وكالة خارج المملكة العربية السعودية فقط,2026/06/29,1448/01/14,4
منطقة الرياض,عفيف,القطاع الخاص,خدمة إلكترونية جزئيا,المطالبات والمحاكم,2026/06/29,1448/01/14,4
منطقة الشرقية,القطيف,القطاع الخاص,خدمة إلكترونية جزئيا,السيارات,2026/06/29,1448/01/14,4
منطقة القصيم,البدائع,القطاع الخاص,خدمة إلكترونية جزئيا,العقارات,2026/06/29,1448/01/14,4
منطقة المدينة المنوره,المدينة المنورة,القطاع الخاص,خدمة إلكترونية جزئيا,الأمانات والبلديات,2026/06/29,1448/01/14,4
منطقة جازان,ابو عريش,القطاع الخاص,خدمة إلكترونية جزئيا,العقارات,2026/06/29,1448/01/14,4
منطقة عسير,ابها,القطاع الخاص,خدمة إلكترونية جزئيا,السجلات التجارية,2026/06/29,1448/01/14,4
منطقة عسير,ابها,القطاع الخاص,خدمة إلكترونية جزئيا,العقارات,2026/06/29,1448/01/14,4
منطقة مكة المكرمه,الجموم,القطاع الخاص,خدمة إلكترونية جزئيا,العقارات,2026/06/29,1448/01/14,4
منطقة مكة المكرمه,جده,القطاع الخاص,خدمة إلكترونية جزئيا,السيارات,2026/06/29,1448/01/14,4
منطقة مكة المكرمه,جده,القطاع الخاص,خدمة إلكترونية جزئيا,الشركات والمؤسسات الأهلية,2026/06/29,1448/01/14,4
منطقة مكة المكرمه,جده,القطاع الخاص,خدمة إلكترونية جزئيا,شبكة إيجار الإلكترونية,2026/06/29,1448/01/14,4
منطقة مكة المكرمه,جده,القطاع العام,خدمة إلكترونية جزئيا,الوزارات الحكومية,2026/06/29,1448/01/14,4
منطقة مكة المكرمه,مكة المكرمة,القطاع الخاص,خدمة إلكترونية جزئيا,البنوك والمصارف,2026/06/29,1448/01/14,4
منطقة نجران,نجران,القطاع الخاص,خدمة إلكترونية جزئيا,وكالة خارج المملكة العربية السعودية فقط,2026/06/29,1448/01/14,4
الخدمات الرقمية,عام,القطاع العام,خدمة إلكترونية جزئيا,السيارات,2026/06/29,1448/01/14,3
الخدمات الرقمية,كتابة عدل مدمجة - افتراضية,القطاع العام,خدمة إلكترونية جزئيا,الأمانات والبلديات,2026/06/29,1448/01/14,3
منطقة الرياض,الدرعيه,القطاع الخاص,خدمة إلكترونية جزئيا,البنوك والمصارف,2026/06/29,1448/01/14,3
منطقة الرياض,الرياض,القطاع الخاص,خدمة إلكترونية جزئيا,الرواتب والمستحقات,2026/06/29,1448/01/14,3
منطقة الرياض,الرياض,القطاع العام,خدمة إلكترونية جزئيا,النكاح,2026/06/29,1448/01/14,3
منطقة الرياض,عرقه,القطاع الخاص,خدمة إلكترونية جزئيا,وكالة خارج المملكة العربية السعودية فقط,2026/06/29,1448/01/14,3
منطقة الشرقية,الاحساء,القطاع الخاص,خدمة إلكترونية جزئيا,المطالبات والمحاكم,2026/06/29,1448/01/14,3
منطقة الشرقية,الجبيل,القطاع الخاص,خدمة إلكترونية جزئيا,السيارات,2026/06/29,1448/01/14,3
منطقة الشرقية,الخفجي,القطاع الخاص,خدمة إلكترونية جزئيا,شبكة إيجار الإلكترونية,2026/06/29,1448/01/14,3
منطقة الشرقية,الدمام,القطاع الخاص,خدمة إلكترونية جزئيا,الهيئات الحكومية,2026/06/29,1448/01/14,3
منطقة الشرقية,الدمام,القطاع العام,خدمة إلكترونية جزئيا,السجلات التجارية,2026/06/29,1448/01/14,3
منطقة القصيم,البكيريه,القطاع الخاص,خدمة إلكترونية جزئيا,البنوك والمصارف,2026/06/29,1448/01/14,3
منطقة القصيم,البكيريه,القطاع الخاص,خدمة إلكترونية جزئيا,المطالبات والمحاكم,2026/06/29,1448/01/14,3
منطقة المدينة المنوره,المدينة المنورة,القطاع الخاص,خدمة إلكترونية جزئيا,الشركات,2026/06/29,1448/01/14,3
منطقة المدينة المنوره,المدينة المنورة,القطاع العام,خدمة إلكترونية جزئيا,العقارات,2026/06/29,1448/01/14,3
منطقة المدينة المنوره,المدينة المنورة,القطاع العام,خدمة إلكترونية جزئيا,المطالبات والمحاكم,2026/06/29,1448/01/14,3
منطقة تبوك,تبوك,القطاع الخاص,خدمة إلكترونية جزئيا,وكالة خارج المملكة العربية السعودية فقط,2026/06/29,1448/01/14,3
منطقة جازان,جيزان,القطاع الخاص,خدمة إلكترونية جزئيا,السجلات التجارية,2026/06/29,1448/01/14,3
منطقة جازان,صبياء,القطاع الخاص,خدمة إلكترونية جزئيا,وكالة خارج المملكة العربية السعودية فقط,2026/06/29,1448/01/14,3
منطقة عسير,بيشه,القطاع الخاص,خدمة إلكترونية جزئيا,الأمانات والبلديات,2026/06/29,1448/01/14,3
منطقة مكة المكرمه,جده,القطاع الخاص,خدمة إلكترونية جزئيا,الجهات الأمنية,2026/06/29,1448/01/14,3
منطقة مكة المكرمه,جده,القطاع الخاص,خدمة إلكترونية جزئيا,الجوازات,2026/06/29,1448/01/14,3
منطقة مكة المكرمه,جده,القطاع العام,خدمة إلكترونية جزئيا,الجوازات,2026/06/29,1448/01/14,3
منطقة مكة المكرمه,مكة المكرمة,القطاع الخاص,خدمة إلكترونية جزئيا,الوزارات الحكومية,2026/06/29,1448/01/14,3
منطقة مكة المكرمه,مكة المكرمة,القطاع الخاص,خدمة إلكترونية جزئيا,شبكة إيجار الإلكترونية,2026/06/29,1448/01/14,3
منطقة مكة المكرمه,مكة المكرمة,القطاع العام,خدمة إلكترونية جزئيا,المطالبات والمحاكم,2026/06/29,1448/01/14,3
منطقة نجران,شروره,القطاع الخاص,خدمة إلكترونية جزئيا,العقارات,2026/06/29,1448/01/14,3
الخدمات الرقمية,عام,القطاع العام,خدمة إلكترونية,فسخ الوكالات,2026/06/29,1448/01/14,2
الخدمات الرقمية,عام,القطاع العام,خدمة إلكترونية جزئيا,الجوازات,2026/06/29,1448/01/14,2
الخدمات الرقمية,كتابة عدل مدمجة - افتراضية,القطاع العام,خدمة إلكترونية جزئيا,أذونات المحاكم,2026/06/29,1448/01/14,2
الخدمات الرقمية,كتابة عدل مدمجة - افتراضية,القطاع العام,خدمة إلكترونية جزئيا,الشركات,2026/06/29,1448/01/14,2
الخدمات الرقمية,كتابة عدل مدمجة - افتراضية,القطاع العام,خدمة إلكترونية جزئيا,المؤسسات الحكومية,2026/06/29,1448/01/14,2
الخدمات الرقمية,كتابة عدل مدمجة - افتراضية,القطاع العام,خدمة إلكترونية جزئيا,المرور,2026/06/29,1448/01/14,2
الخدمات الرقمية,كتابة عدل مدمجة - افتراضية,القطاع العام,خدمة إلكترونية جزئيا,شركات الاتصالات,2026/06/29,1448/01/14,2
الخدمات الرقمية,كتابة عدل مدمجة - افتراضية,القطاع العام,خدمة إلكترونية جزئيا,وزارة الموارد البشرية والتنمية الاجتماعية,2026/06/29,1448/01/14,2
منطقة الجوف,سكاكا,القطاع الخاص,خدمة إلكترونية جزئيا,البنوك والمصارف,2026/06/29,1448/01/14,2
منطقة الرياض,الدرعيه,القطاع الخاص,خدمة إلكترونية جزئيا,السجلات التجارية,2026/06/29,1448/01/14,2
منطقة الرياض,الدوادمي,القطاع الخاص,خدمة إلكترونية جزئيا,العقارات,2026/06/29,1448/01/14,2
منطقة الرياض,الرياض,القطاع الخاص,خدمة إلكترونية جزئيا,الجهات التعليمية,2026/06/29,1448/01/14,2
منطقة الرياض,الرياض,القطاع الخاص,خدمة إلكترونية جزئيا,الجوازات,2026/06/29,1448/01/14,2
منطقة الرياض,الرياض,القطاع الخاص,خدمة إلكترونية جزئيا,الشركات والمؤسسات الأهلية,2026/06/29,1448/01/14,2
منطقة الرياض,الرياض,القطاع الخاص,خدمة إلكترونية جزئيا,شركة الكهرباء,2026/06/29,1448/01/14,2
منطقة الرياض,الرياض,القطاع العام,خدمة إلكترونية جزئيا,الرئاسات الحكومية,2026/06/29,1448/01/14,2
منطقة الرياض,الرياض,القطاع العام,خدمة إلكترونية جزئيا,السجلات التجارية,2026/06/29,1448/01/14,2
منطقة الرياض,الرياض,القطاع العام,خدمة إلكترونية جزئيا,الشركات والمؤسسات الأهلية,2026/06/29,1448/01/14,2
منطقة الرياض,الرياض,القطاع العام,خدمة إلكترونية جزئيا,الضمان والشؤون الاجتماعية,2026/06/29,1448/01/14,2
منطقة الرياض,الرياض,القطاع العام,خدمة إلكترونية جزئيا,الهيئات الحكومية,2026/06/29,1448/01/14,2
منطقة الرياض,الرياض,القطاع العام,خدمة إلكترونية جزئيا,شبكة إيجار الإلكترونية,2026/06/29,1448/01/14,2
منطقة الرياض,المجمعه,القطاع الخاص,خدمة إلكترونية جزئيا,المطالبات والمحاكم,2026/06/29,1448/01/14,2
منطقة الشرقية,الاحساء,القطاع الخاص,خدمة إلكترونية جزئيا,الأمانات والبلديات,2026/06/29,1448/01/14,2
منطقة الشرقية,الجبيل,القطاع الخاص,خدمة إلكترونية جزئيا,العقارات,2026/06/29,1448/01/14,2
منطقة الشرقية,الخبر,القطاع الخاص,خدمة إلكترونية جزئيا,إدارة الأحوال المدنية,2026/06/29,1448/01/14,2
منطقة الشرقية,الخبر,القطاع الخاص,خدمة إلكترونية جزئيا,الوزارات الحكومية,2026/06/29,1448/01/14,2
منطقة الشرقية,الخفجي,القطاع الخاص,خدمة إلكترونية جزئيا,العقارات,2026/06/29,1448/01/14,2
منطقة الشرقية,الدمام,القطاع الخاص,خدمة إلكترونية جزئيا,المنح الزراعية,2026/06/29,1448/01/14,2
منطقة الشرقية,القطيف,القطاع الخاص,خدمة إلكترونية جزئيا,الأمانات والبلديات,2026/06/29,1448/01/14,2
منطقة القصيم,البدائع,القطاع الخاص,خدمة إلكترونية جزئيا,السجلات التجارية,2026/06/29,1448/01/14,2
منطقة القصيم,بريده,القطاع العام,خدمة إلكترونية جزئيا,المطالبات والمحاكم,2026/06/29,1448/01/14,2
منطقة المدينة المنوره,المدينة المنورة,القطاع العام,خدمة إلكترونية جزئيا,الوزارات الحكومية,2026/06/29,1448/01/14,2
منطقة تبوك,تبوك,القطاع الخاص,خدمة إلكترونية جزئيا,صندوق التنمية العقارية,2026/06/29,1448/01/14,2
منطقة تبوك,تبوك,القطاع الخاص,خدمة إلكترونية جزئيا,وزارة الموارد البشرية والتنمية الاجتماعية,2026/06/29,1448/01/14,2
منطقة جازان,احد المسارحه,القطاع الخاص,خدمة إلكترونية جزئيا,المطالبات والمحاكم,2026/06/29,1448/01/14,2
منطقة جازان,جيزان,القطاع الخاص,خدمة إلكترونية جزئيا,المطالبات والمحاكم,2026/06/29,1448/01/14,2
منطقة جازان,صبياء,القطاع الخاص,خدمة إلكترونية جزئيا,الجهات الأمنية,2026/06/29,1448/01/14,2
منطقة عسير,بيشه,القطاع الخاص,خدمة إلكترونية جزئيا,المطالبات والمحاكم,2026/06/29,1448/01/14,2
منطقة عسير,محايل عسير,القطاع الخاص,خدمة إلكترونية جزئيا,البنوك والمصارف,2026/06/29,1448/01/14,2
منطقة مكة المكرمه,جده,القطاع العام,خدمة إلكترونية جزئيا,البنوك والمصارف,2026/06/29,1448/01/14,2
منطقة مكة المكرمه,جده,القطاع العام,خدمة إلكترونية جزئيا,العقارات,2026/06/29,1448/01/14,2
منطقة مكة المكرمه,جده,القطاع العام,خدمة إلكترونية جزئيا,المنح السكنية,2026/06/29,1448/01/14,2
منطقة مكة المكرمه,جده,القطاع العام,خدمة إلكترونية جزئيا,صندوق التنمية العقارية,2026/06/29,1448/01/14,2
منطقة مكة المكرمه,مكة المكرمة,القطاع الخاص,خدمة إلكترونية جزئيا,المرور,2026/06/29,1448/01/14,2
منطقة مكة المكرمه,مكة المكرمة,القطاع العام,خدمة إلكترونية جزئيا,العقارات,2026/06/29,1448/01/14,2
منطقة نجران,شروره,القطاع الخاص,خدمة إلكترونية جزئيا,شبكة إيجار الإلكترونية,2026/06/29,1448/01/14,2
منطقة نجران,نجران,القطاع الخاص,خدمة إلكترونية جزئيا,المطالبات والمحاكم,2026/06/29,1448/01/14,2
الخدمات الرقمية,عام,القطاع العام,خدمة إلكترونية,أذونات المحاكم,2026/06/29,1448/01/14,1
الخدمات الرقمية,عام,القطاع العام,خدمة إلكترونية,التراخيص الصناعية,2026/06/29,1448/01/14,1
الخدمات الرقمية,عام,القطاع العام,خدمة إلكترونية,برنامج رسوم الأراضي البيضاء,2026/06/29,1448/01/14,1
الخدمات الرقمية,عام,القطاع العام,خدمة إلكترونية,بنك التصدير والاستيراد السعودي,2026/06/29,1448/01/14,1
الخدمات الرقمية,عام,القطاع العام,خدمة إلكترونية,تصاريح القوارب والصيد,2026/06/29,1448/01/14,1
الخدمات الرقمية,عام,القطاع العام,خدمة إلكترونية,صندوق تنمية الموارد البشرية,2026/06/29,1448/01/14,1
الخدمات الرقمية,عام,القطاع العام,خدمة إلكترونية جزئيا,إثباتات المحاكم,2026/06/29,1448/01/14,1
الخدمات الرقمية,عام,القطاع العام,خدمة إلكترونية جزئيا,إدارة الأحوال المدنية,2026/06/29,1448/01/14,1
الخدمات الرقمية,عام,القطاع العام,خدمة إلكترونية جزئيا,الشركات,2026/06/29,1448/01/14,1
الخدمات الرقمية,عام,القطاع العام,خدمة إلكترونية جزئيا,النكاح,2026/06/29,1448/01/14,1
الخدمات الرقمية,عام,القطاع العام,خدمة إلكترونية جزئيا,الوزارات الحكومية,2026/06/29,1448/01/14,1
الخدمات الرقمية,عام,القطاع العام,خدمة إلكترونية جزئيا,شبكة إيجار الإلكترونية,2026/06/29,1448/01/14,1
الخدمات الرقمية,عام,القطاع العام,خدمة إلكترونية جزئيا,شركة الكهرباء,2026/06/29,1448/01/14,1
الخدمات الرقمية,عام,القطاع العام,خدمة إلكترونية جزئيا,صندوق التنمية العقارية,2026/06/29,1448/01/14,1
الخدمات الرقمية,عام,القطاع العام,خدمة إلكترونية جزئيا,وكالة خارج المملكة العربية السعودية فقط,2026/06/29,1448/01/14,1
الخدمات الرقمية,كتابة عدل مدمجة - افتراضية,القطاع العام,خدمة إلكترونية جزئيا,إثباتات المحاكم,2026/06/29,1448/01/14,1
الخدمات الرقمية,كتابة عدل مدمجة - افتراضية,القطاع العام,خدمة إلكترونية جزئيا,إدارة الأحوال المدنية,2026/06/29,1448/01/14,1
الخدمات الرقمية,كتابة عدل مدمجة - افتراضية,القطاع العام,خدمة إلكترونية جزئيا,التعويضات والمساعدات,2026/06/29,1448/01/14,1
الخدمات الرقمية,كتابة عدل مدمجة - افتراضية,القطاع العام,خدمة إلكترونية جزئيا,الجهات الأمنية,2026/06/29,1448/01/14,1
الخدمات الرقمية,كتابة عدل مدمجة - افتراضية,القطاع العام,خدمة إلكترونية جزئيا,شركة الكهرباء,2026/06/29,1448/01/14,1
الخدمات الرقمية,كتابة عدل مدمجة - افتراضية,القطاع العام,خدمة إلكترونية جزئيا,شركة المياه,2026/06/29,1448/01/14,1
الخدمات الرقمية,كتابة عدل مدمجة - افتراضية,القطاع العام,خدمة إلكترونية جزئيا,صندوق التنمية العقارية,2026/06/29,1448/01/14,1
منطقة الجوف,سكاكا,القطاع الخاص,خدمة إلكترونية جزئيا,العقارات,2026/06/29,1448/01/14,1
منطقة الحدود الشمالية,عرعر,القطاع العام,خدمة إلكترونية جزئيا,تصديق الوكالات الخارجية,2026/06/29,1448/01/14,1
منطقة الرياض,الخرج,القطاع الخاص,خدمة إلكترونية جزئيا,العقارات,2026/06/29,1448/01/14,1
منطقة الرياض,الخرج,القطاع الخاص,خدمة إلكترونية جزئيا,المطالبات والمحاكم,2026/06/29,1448/01/14,1
منطقة الرياض,الدوادمي,القطاع الخاص,خدمة إلكترونية جزئيا,المطالبات والمحاكم,2026/06/29,1448/01/14,1
منطقة الرياض,الرياض,القطاع الخاص,خدمة إلكترونية جزئيا,الجهات الأمنية,2026/06/29,1448/01/14,1
منطقة الرياض,الرياض,القطاع الخاص,خدمة إلكترونية جزئيا,المؤسسات الحكومية,2026/06/29,1448/01/14,1
منطقة الرياض,الرياض,القطاع الخاص,خدمة إلكترونية جزئيا,المرور,2026/06/29,1448/01/14,1
منطقة الرياض,الرياض,القطاع العام,خدمة إلكترونية جزئيا,إنهائات المحاكم,2026/06/29,1448/01/14,1
منطقة الرياض,الرياض,القطاع العام,خدمة إلكترونية جزئيا,الرواتب والمستحقات,2026/06/29,1448/01/14,1
منطقة الرياض,الرياض,القطاع العام,خدمة إلكترونية جزئيا,الشركات,2026/06/29,1448/01/14,1
منطقة الرياض,الرياض,القطاع العام,خدمة إلكترونية جزئيا,شركة الكهرباء,2026/06/29,1448/01/14,1
منطقة الرياض,الرياض,القطاع العام,خدمة إلكترونية جزئيا,وزارة الموارد البشرية والتنمية الاجتماعية,2026/06/29,1448/01/14,1
منطقة الرياض,عرقه,القطاع الخاص,خدمة إلكترونية جزئيا,المطالبات والمحاكم,2026/06/29,1448/01/14,1
منطقة الشرقية,الاحساء,القطاع الخاص,خدمة إلكترونية جزئيا,الجهات الأمنية,2026/06/29,1448/01/14,1
منطقة الشرقية,الاحساء,القطاع الخاص,خدمة إلكترونية جزئيا,العقارات,2026/06/29,1448/01/14,1
منطقة الشرقية,الاحساء,القطاع العام,خدمة إلكترونية جزئيا,العقارات,2026/06/29,1448/01/14,1
منطقة الشرقية,الخبر,القطاع الخاص,خدمة إلكترونية جزئيا,صندوق التنمية الصناعية,2026/06/29,1448/01/14,1
منطقة الشرقية,الخفجي,القطاع الخاص,خدمة إلكترونية جزئيا,وكالة خارج المملكة العربية السعودية فقط,2026/06/29,1448/01/14,1
منطقة الشرقية,الدمام,القطاع الخاص,خدمة إلكترونية جزئيا,الأمانات والبلديات,2026/06/29,1448/01/14,1
منطقة الشرقية,الدمام,القطاع العام,خدمة إلكترونية جزئيا,الشركات,2026/06/29,1448/01/14,1
منطقة الشرقية,القطيف,القطاع الخاص,خدمة إلكترونية جزئيا,المطالبات والمحاكم,2026/06/29,1448/01/14,1
منطقة الشرقية,حفر الباطن,القطاع الخاص,خدمة إلكترونية جزئيا,المطالبات والمحاكم,2026/06/29,1448/01/14,1
منطقة القصيم,البكيريه,القطاع الخاص,خدمة إلكترونية جزئيا,العقارات,2026/06/29,1448/01/14,1
منطقة القصيم,الرس,القطاع الخاص,خدمة إلكترونية جزئيا,البنوك والمصارف,2026/06/29,1448/01/14,1
منطقة القصيم,الرس,القطاع الخاص,خدمة إلكترونية جزئيا,العقارات,2026/06/29,1448/01/14,1
منطقة القصيم,بريده,القطاع الخاص,خدمة إلكترونية جزئيا,الجهات الأمنية,2026/06/29,1448/01/14,1
منطقة القصيم,بريده,القطاع العام,خدمة إلكترونية جزئيا,العقارات,2026/06/29,1448/01/14,1
منطقة القصيم,عنيزه,القطاع الخاص,خدمة إلكترونية جزئيا,البنوك والمصارف,2026/06/29,1448/01/14,1
منطقة المدينة المنوره,المدينة المنورة,القطاع الخاص,خدمة إلكترونية جزئيا,السيارات,2026/06/29,1448/01/14,1
منطقة المدينة المنوره,المدينة المنورة,القطاع العام,خدمة إلكترونية جزئيا,التنازل عن كامل الإرث,2026/06/29,1448/01/14,1
منطقة المدينة المنوره,المدينة المنورة,القطاع العام,خدمة إلكترونية جزئيا,النكاح,2026/06/29,1448/01/14,1
منطقة المدينة المنوره,المدينة المنورة,القطاع العام,خدمة إلكترونية جزئيا,وكالة خارج المملكة العربية السعودية فقط,2026/06/29,1448/01/14,1
منطقة المدينة المنوره,المهد,القطاع الخاص,خدمة إلكترونية جزئيا,شبكة إيجار الإلكترونية,2026/06/29,1448/01/14,1
منطقة جازان,ابو عريش,القطاع الخاص,خدمة إلكترونية جزئيا,المطالبات والمحاكم,2026/06/29,1448/01/14,1
منطقة جازان,جيزان,القطاع العام,خدمة إلكترونية جزئيا,البنوك والمصارف,2026/06/29,1448/01/14,1
منطقة جازان,جيزان,القطاع العام,خدمة إلكترونية جزئيا,الجهات الأمنية,2026/06/29,1448/01/14,1
منطقة جازان,جيزان,القطاع العام,خدمة إلكترونية جزئيا,العقارات,2026/06/29,1448/01/14,1
منطقة جازان,جيزان,القطاع العام,خدمة إلكترونية جزئيا,الوزارات الحكومية,2026/06/29,1448/01/14,1
منطقة جازان,صبياء,القطاع الخاص,خدمة إلكترونية جزئيا,المطالبات والمحاكم,2026/06/29,1448/01/14,1
منطقة حائل,حائل,القطاع الخاص,خدمة إلكترونية جزئيا,السيارات,2026/06/29,1448/01/14,1
منطقة حائل,حائل,القطاع الخاص,خدمة إلكترونية جزئيا,وكالة خارج المملكة العربية السعودية فقط,2026/06/29,1448/01/14,1
منطقة حائل,حائل,القطاع العام,خدمة إلكترونية جزئيا,البنوك والمصارف,2026/06/29,1448/01/14,1
منطقة حائل,حائل,القطاع العام,خدمة إلكترونية جزئيا,الرواتب والمستحقات,2026/06/29,1448/01/14,1
منطقة عسير,ابها,القطاع الخاص,خدمة إلكترونية جزئيا,الجوازات,2026/06/29,1448/01/14,1
منطقة عسير,ابها,القطاع العام,خدمة إلكترونية جزئيا,تصديق الوكالات الخارجية,2026/06/29,1448/01/14,1
منطقة عسير,خميس مشيط,القطاع الخاص,خدمة إلكترونية جزئيا,السيارات,2026/06/29,1448/01/14,1
منطقة عسير,محايل عسير,القطاع الخاص,خدمة إلكترونية جزئيا,المطالبات والمحاكم,2026/06/29,1448/01/14,1
منطقة مكة المكرمه,الطائف,القطاع الخاص,خدمة إلكترونية جزئيا,وكالة خارج المملكة العربية السعودية فقط,2026/06/29,1448/01/14,1
منطقة مكة المكرمه,جده,القطاع الخاص,خدمة إلكترونية جزئيا,المنح الزراعية,2026/06/29,1448/01/14,1
منطقة مكة المكرمه,جده,القطاع الخاص,خدمة إلكترونية جزئيا,النكاح,2026/06/29,1448/01/14,1
منطقة مكة المكرمه,جده,القطاع العام,خدمة إلكترونية جزئيا,الجهات التعليمية,2026/06/29,1448/01/14,1
منطقة مكة المكرمه,جده,القطاع العام,خدمة إلكترونية جزئيا,السجلات التجارية,2026/06/29,1448/01/14,1
منطقة مكة المكرمه,جده,القطاع العام,خدمة إلكترونية جزئيا,الشركات والمؤسسات الأهلية,2026/06/29,1448/01/14,1
منطقة مكة المكرمه,جده,القطاع العام,خدمة إلكترونية جزئيا,المرور,2026/06/29,1448/01/14,1
منطقة مكة المكرمه,جده,القطاع العام,خدمة إلكترونية جزئيا,وزارة الموارد البشرية والتنمية الاجتماعية,2026/06/29,1448/01/14,1
منطقة مكة المكرمه,مكة المكرمة,القطاع الخاص,خدمة إلكترونية جزئيا,الأمانات والبلديات,2026/06/29,1448/01/14,1
منطقة مكة المكرمه,مكة المكرمة,القطاع الخاص,خدمة إلكترونية جزئيا,وزارة الموارد البشرية والتنمية الاجتماعية,2026/06/29,1448/01/14,1
منطقة نجران,نجران,القطاع الخاص,خدمة إلكترونية جزئيا,البنوك والمصارف,2026/06/29,1448/01/14,1
منطقة نجران,نجران,القطاع الخاص,خدمة إلكترونية جزئيا,شبكة إيجار الإلكترونية,2026/06/29,1448/01/14,1
منطقة نجران,نجران,القطاع العام,خدمة إلكترونية جزئيا,تصديق الوكالات الخارجية,2026/06/29,1448/01/14,1
الخدمات الرقمية,عام,القطاع العام,خدمة إلكترونية,المطالبات والمحاكم,2026/06/30,1448/01/15,"4,878"
الخدمات الرقمية,عام,القطاع العام,خدمة إلكترونية,العقارات,2026/06/30,1448/01/15,"2,666"
الخدمات الرقمية,عام,القطاع العام,خدمة إلكترونية,الجوازات,2026/06/30,1448/01/15,"2,018"
الخدمات الرقمية,عام,القطاع العام,خدمة إلكترونية,السيارات,2026/06/30,1448/01/15,"1,752"
الخدمات الرقمية,عام,القطاع العام,خدمة إلكترونية,البنوك والمصارف,2026/06/30,1448/01/15,"1,587"
الخدمات الرقمية,عام,القطاع العام,خدمة إلكترونية,الوزارات الحكومية,2026/06/30,1448/01/15,757
الخدمات الرقمية,عام,القطاع العام,خدمة إلكترونية,المرور,2026/06/30,1448/01/15,478
الخدمات الرقمية,عام,القطاع العام,خدمة إلكترونية,السجلات التجارية,2026/06/30,1448/01/15,425
الخدمات الرقمية,عام,القطاع العام,خدمة إلكترونية,الشركات والمؤسسات الأهلية,2026/06/30,1448/01/15,403
الخدمات الرقمية,عام,القطاع العام,خدمة إلكترونية,وكالة خارج المملكة العربية السعودية فقط,2026/06/30,1448/01/15,390
منطقة الرياض,الرياض,القطاع الخاص,خدمة إلكترونية جزئيا,المطالبات والمحاكم,2026/06/30,1448/01/15,375
الخدمات الرقمية,عام,القطاع العام,خدمة إلكترونية,الجهات الأمنية,2026/06/30,1448/01/15,368
الخدمات الرقمية,عام,القطاع العام,خدمة إلكترونية,الأمانات والبلديات,2026/06/30,1448/01/15,300
الخدمات الرقمية,عام,القطاع العام,خدمة إلكترونية,الجهات التعليمية,2026/06/30,1448/01/15,283
الخدمات الرقمية,عام,القطاع العام,خدمة إلكترونية,وزارة الموارد البشرية والتنمية الاجتماعية,2026/06/30,1448/01/15,270
منطقة مكة المكرمه,جده,القطاع الخاص,خدمة إلكترونية جزئيا,المطالبات والمحاكم,2026/06/30,1448/01/15,257
الخدمات الرقمية,عام,القطاع العام,خدمة إلكترونية,إدارة الأحوال المدنية,2026/06/30,1448/01/15,242
منطقة الرياض,الرياض,القطاع الخاص,خدمة إلكترونية جزئيا,العقارات,2026/06/30,1448/01/15,217
الخدمات الرقمية,عام,القطاع العام,خدمة إلكترونية,شركات الاتصالات,2026/06/30,1448/01/15,198
الخدمات الرقمية,عام,القطاع العام,خدمة إلكترونية,طلب الخدمات,2026/06/30,1448/01/15,185
منطقة الرياض,الرياض,القطاع العام,خدمة إلكترونية جزئيا,المطالبات والمحاكم,2026/06/30,1448/01/15,178
الخدمات الرقمية,كتابة عدل مدمجة - افتراضية,القطاع العام,خدمة إلكترونية جزئيا,المطالبات والمحاكم,2026/06/30,1448/01/15,174
الخدمات الرقمية,عام,القطاع العام,خدمة إلكترونية,الرواتب والمستحقات,2026/06/30,1448/01/15,161
منطقة مكة المكرمه,مكة المكرمة,القطاع الخاص,خدمة إلكترونية جزئيا,المطالبات والمحاكم,2026/06/30,1448/01/15,124
الخدمات الرقمية,عام,القطاع العام,خدمة إلكترونية,الهيئات الحكومية,2026/06/30,1448/01/15,118
الخدمات الرقمية,عام,القطاع العام,خدمة إلكترونية,شبكة إيجار الإلكترونية,2026/06/30,1448/01/15,113
الخدمات الرقمية,عام,القطاع العام,خدمة إلكترونية,الشركات,2026/06/30,1448/01/15,99
الخدمات الرقمية,عام,القطاع العام,خدمة إلكترونية,شركة الكهرباء,2026/06/30,1448/01/15,86
منطقة الرياض,الرياض,القطاع الخاص,خدمة إلكترونية جزئيا,السجلات التجارية,2026/06/30,1448/01/15,78
الخدمات الرقمية,عام,القطاع العام,خدمة إلكترونية,العوائد السنوية,2026/06/30,1448/01/15,77
منطقة مكة المكرمه,جده,القطاع الخاص,خدمة إلكترونية جزئيا,العقارات,2026/06/30,1448/01/15,77
الخدمات الرقمية,عام,القطاع العام,خدمة إلكترونية,النكاح,2026/06/30,1448/01/15,75
منطقة الرياض,الرياض,القطاع العام,خدمة إلكترونية جزئيا,تصديق الوكالات الخارجية,2026/06/30,1448/01/15,69
منطقة مكة المكرمه,الطائف,القطاع الخاص,خدمة إلكترونية جزئيا,المطالبات والمحاكم,2026/06/30,1448/01/15,69
منطقة مكة المكرمه,جده,القطاع الخاص,خدمة إلكترونية جزئيا,وكالة خارج المملكة العربية السعودية فقط,2026/06/30,1448/01/15,64
الخدمات الرقمية,عام,القطاع العام,خدمة إلكترونية,المؤسسات الحكومية,2026/06/30,1448/01/15,63
الخدمات الرقمية,عام,القطاع العام,خدمة إلكترونية,شركة المياه,2026/06/30,1448/01/15,62
منطقة الرياض,الرياض,القطاع الخاص,خدمة إلكترونية جزئيا,وكالة خارج المملكة العربية السعودية فقط,2026/06/30,1448/01/15,59
الخدمات الرقمية,كتابة عدل مدمجة - افتراضية,القطاع العام,خدمة إلكترونية جزئيا,البنوك والمصارف,2026/06/30,1448/01/15,55
الخدمات الرقمية,كتابة عدل مدمجة - افتراضية,القطاع العام,خدمة إلكترونية جزئيا,العقارات,2026/06/30,1448/01/15,55
الخدمات الرقمية,عام,القطاع العام,خدمة إلكترونية,صندوق التنمية العقارية,2026/06/30,1448/01/15,52
منطقة الرياض,الرياض,القطاع الخاص,خدمة إلكترونية جزئيا,البنوك والمصارف,2026/06/30,1448/01/15,47
الخدمات الرقمية,عام,القطاع العام,خدمة إلكترونية,التعويضات والمساعدات,2026/06/30,1448/01/15,46
منطقة الرياض,الرياض,القطاع العام,خدمة إلكترونية جزئيا,البنوك والمصارف,2026/06/30,1448/01/15,44
منطقة مكة المكرمه,مكة المكرمة,القطاع الخاص,خدمة إلكترونية جزئيا,العقارات,2026/06/30,1448/01/15,43
منطقة الرياض,الرياض,القطاع العام,خدمة إلكترونية جزئيا,الجهات الأمنية,2026/06/30,1448/01/15,40
الخدمات الرقمية,عام,القطاع العام,خدمة إلكترونية,مكتب الإستقدام,2026/06/30,1448/01/15,37
الخدمات الرقمية,عام,القطاع العام,خدمة إلكترونية,المنح الزراعية,2026/06/30,1448/01/15,35
منطقة مكة المكرمه,جده,القطاع الخاص,خدمة إلكترونية جزئيا,السجلات التجارية,2026/06/30,1448/01/15,35
الخدمات الرقمية,عام,القطاع العام,خدمة إلكترونية,إثباتات المحاكم,2026/06/30,1448/01/15,34
منطقة مكة المكرمه,جده,القطاع العام,خدمة إلكترونية جزئيا,تصديق الوكالات الخارجية,2026/06/30,1448/01/15,33
منطقة الشرقية,الدمام,القطاع الخاص,خدمة إلكترونية جزئيا,المطالبات والمحاكم,2026/06/30,1448/01/15,32
منطقة المدينة المنوره,المدينة المنورة,القطاع الخاص,خدمة إلكترونية جزئيا,المطالبات والمحاكم,2026/06/30,1448/01/15,31
الخدمات الرقمية,عام,القطاع العام,خدمة إلكترونية,هيئة الزكاة والضريبة والجمارك,2026/06/30,1448/01/15,30
منطقة مكة المكرمه,جده,القطاع الخاص,خدمة إلكترونية جزئيا,الأمانات والبلديات,2026/06/30,1448/01/15,30
منطقة تبوك,تبوك,القطاع الخاص,خدمة إلكترونية جزئيا,المطالبات والمحاكم,2026/06/30,1448/01/15,28
منطقة مكة المكرمه,مكة المكرمة,القطاع الخاص,خدمة إلكترونية جزئيا,البنوك والمصارف,2026/06/30,1448/01/15,27
الخدمات الرقمية,عام,القطاع العام,خدمة إلكترونية,المنح السكنية,2026/06/30,1448/01/15,26
منطقة الرياض,الرياض,القطاع الخاص,خدمة إلكترونية جزئيا,الشركات,2026/06/30,1448/01/15,26
الخدمات الرقمية,كتابة عدل مدمجة - افتراضية,القطاع العام,خدمة إلكترونية جزئيا,شبكة إيجار الإلكترونية,2026/06/30,1448/01/15,25
منطقة القصيم,بريده,القطاع الخاص,خدمة إلكترونية جزئيا,العقارات,2026/06/30,1448/01/15,24
منطقة مكة المكرمه,جده,القطاع الخاص,خدمة إلكترونية جزئيا,السيارات,2026/06/30,1448/01/15,24
منطقة الرياض,الرياض,القطاع الخاص,خدمة إلكترونية جزئيا,شبكة إيجار الإلكترونية,2026/06/30,1448/01/15,23
منطقة الشرقية,الخبر,القطاع الخاص,خدمة إلكترونية جزئيا,المطالبات والمحاكم,2026/06/30,1448/01/15,22
منطقة الرياض,الدرعيه,القطاع الخاص,خدمة إلكترونية جزئيا,المطالبات والمحاكم,2026/06/30,1448/01/15,21
منطقة مكة المكرمه,جده,القطاع العام,خدمة إلكترونية جزئيا,المطالبات والمحاكم,2026/06/30,1448/01/15,20
الخدمات الرقمية,عام,القطاع العام,خدمة إلكترونية,إنهائات المحاكم,2026/06/30,1448/01/15,19
منطقة الشرقية,الدمام,القطاع الخاص,خدمة إلكترونية جزئيا,العقارات,2026/06/30,1448/01/15,19
منطقة مكة المكرمه,جده,القطاع الخاص,خدمة إلكترونية جزئيا,الشركات,2026/06/30,1448/01/15,19
الخدمات الرقمية,عام,القطاع العام,خدمة إلكترونية,التنازل عن كامل الإرث,2026/06/30,1448/01/15,18
منطقة الشرقية,الخبر,القطاع الخاص,خدمة إلكترونية جزئيا,العقارات,2026/06/30,1448/01/15,18
منطقة جازان,جيزان,القطاع الخاص,خدمة إلكترونية جزئيا,المطالبات والمحاكم,2026/06/30,1448/01/15,18
الخدمات الرقمية,عام,القطاع العام,خدمة إلكترونية,التوكيل على الإقرارات,2026/06/30,1448/01/15,17
الخدمات الرقمية,عام,القطاع العام,خدمة إلكترونية,الضمان الاجتماعي,2026/06/30,1448/01/15,17
الخدمات الرقمية,عام,القطاع العام,خدمة إلكترونية,الحالات الاجتماعية,2026/06/30,1448/01/15,16
منطقة الرياض,الرياض,القطاع العام,خدمة إلكترونية جزئيا,إدارة الأحوال المدنية,2026/06/30,1448/01/15,16
الخدمات الرقمية,عام,القطاع العام,خدمة إلكترونية,بنك التنمية الاجتماعية,2026/06/30,1448/01/15,15
منطقة الرياض,الرياض,القطاع العام,خدمة إلكترونية جزئيا,الوزارات الحكومية,2026/06/30,1448/01/15,15
الخدمات الرقمية,كتابة عدل مدمجة - افتراضية,القطاع العام,خدمة إلكترونية جزئيا,الوزارات الحكومية,2026/06/30,1448/01/15,13
منطقة الرياض,الرياض,القطاع العام,خدمة إلكترونية جزئيا,العقارات,2026/06/30,1448/01/15,13
منطقة الشرقية,الدمام,القطاع الخاص,خدمة إلكترونية جزئيا,البنوك والمصارف,2026/06/30,1448/01/15,13
منطقة مكة المكرمه,جده,القطاع الخاص,خدمة إلكترونية جزئيا,المنح الزراعية,2026/06/30,1448/01/15,13
منطقة مكة المكرمه,مكة المكرمة,القطاع الخاص,خدمة إلكترونية جزئيا,السجلات التجارية,2026/06/30,1448/01/15,13
الخدمات الرقمية,كتابة عدل مدمجة - افتراضية,القطاع العام,خدمة إلكترونية جزئيا,السيارات,2026/06/30,1448/01/15,12
منطقة الجوف,سكاكا,القطاع الخاص,خدمة إلكترونية جزئيا,المطالبات والمحاكم,2026/06/30,1448/01/15,12
منطقة الرياض,الرياض,القطاع الخاص,خدمة إلكترونية جزئيا,الوزارات الحكومية,2026/06/30,1448/01/15,12
منطقة مكة المكرمه,الطائف,القطاع الخاص,خدمة إلكترونية جزئيا,الأمانات والبلديات,2026/06/30,1448/01/15,12
منطقة مكة المكرمه,جده,القطاع الخاص,خدمة إلكترونية جزئيا,الجهات الأمنية,2026/06/30,1448/01/15,12
منطقة الرياض,الرياض,القطاع العام,خدمة إلكترونية جزئيا,السيارات,2026/06/30,1448/01/15,11
منطقة الشرقية,الدمام,القطاع العام,خدمة إلكترونية جزئيا,تصديق الوكالات الخارجية,2026/06/30,1448/01/15,11
منطقة القصيم,الرس,القطاع الخاص,خدمة إلكترونية جزئيا,السجلات التجارية,2026/06/30,1448/01/15,11
منطقة القصيم,بريده,القطاع العام,خدمة إلكترونية جزئيا,المطالبات والمحاكم,2026/06/30,1448/01/15,11
منطقة القصيم,عنيزه,القطاع الخاص,خدمة إلكترونية جزئيا,المطالبات والمحاكم,2026/06/30,1448/01/15,11
منطقة عسير,ابها,القطاع الخاص,خدمة إلكترونية جزئيا,المطالبات والمحاكم,2026/06/30,1448/01/15,11
منطقة مكة المكرمه,جده,القطاع الخاص,خدمة إلكترونية جزئيا,شبكة إيجار الإلكترونية,2026/06/30,1448/01/15,11
منطقة الرياض,الخرج,القطاع الخاص,خدمة إلكترونية جزئيا,المطالبات والمحاكم,2026/06/30,1448/01/15,10
منطقة الشرقية,الدمام,القطاع العام,خدمة إلكترونية جزئيا,المطالبات والمحاكم,2026/06/30,1448/01/15,10
منطقة الشرقية,القطيف,القطاع الخاص,خدمة إلكترونية جزئيا,العقارات,2026/06/30,1448/01/15,10
الخدمات الرقمية,عام,القطاع العام,خدمة إلكترونية,مكافآت الجامعات والمعاهد,2026/06/30,1448/01/15,9
منطقة الرياض,الدلم,القطاع الخاص,خدمة إلكترونية جزئيا,المطالبات والمحاكم,2026/06/30,1448/01/15,9
منطقة الرياض,الرياض,القطاع العام,خدمة إلكترونية جزئيا,المؤسسات الحكومية,2026/06/30,1448/01/15,9
منطقة تبوك,تبوك,القطاع الخاص,خدمة إلكترونية جزئيا,العقارات,2026/06/30,1448/01/15,9
منطقة حائل,حائل,القطاع الخاص,خدمة إلكترونية جزئيا,العقارات,2026/06/30,1448/01/15,9
منطقة مكة المكرمه,الطائف,القطاع الخاص,خدمة إلكترونية جزئيا,العقارات,2026/06/30,1448/01/15,9
منطقة مكة المكرمه,الطائف,القطاع الخاص,خدمة إلكترونية جزئيا,وكالة خارج المملكة العربية السعودية فقط,2026/06/30,1448/01/15,9
منطقة مكة المكرمه,مكة المكرمة,القطاع الخاص,خدمة إلكترونية جزئيا,وكالة خارج المملكة العربية السعودية فقط,2026/06/30,1448/01/15,9
الخدمات الرقمية,عام,القطاع العام,خدمة إلكترونية,البنك السعودي للتسليف والإدخار,2026/06/30,1448/01/15,8
الخدمات الرقمية,عام,القطاع العام,خدمة إلكترونية جزئيا,المطالبات والمحاكم,2026/06/30,1448/01/15,8
الخدمات الرقمية,كتابة عدل مدمجة - افتراضية,القطاع العام,خدمة إلكترونية جزئيا,المؤسسات الحكومية,2026/06/30,1448/01/15,8
منطقة الحدود الشمالية,عرعر,القطاع الخاص,خدمة إلكترونية جزئيا,المطالبات والمحاكم,2026/06/30,1448/01/15,8
منطقة الرياض,الرياض,القطاع الخاص,خدمة إلكترونية جزئيا,الأمانات والبلديات,2026/06/30,1448/01/15,8
منطقة الرياض,الرياض,القطاع العام,خدمة إلكترونية جزئيا,شركات الاتصالات,2026/06/30,1448/01/15,8
منطقة القصيم,عنيزه,القطاع الخاص,خدمة إلكترونية جزئيا,العقارات,2026/06/30,1448/01/15,8
منطقة المدينة المنوره,المدينة المنورة,القطاع العام,خدمة إلكترونية جزئيا,تصديق الوكالات الخارجية,2026/06/30,1448/01/15,8
منطقة مكة المكرمه,جده,القطاع العام,خدمة إلكترونية جزئيا,البنوك والمصارف,2026/06/30,1448/01/15,8
منطقة القصيم,الرس,القطاع الخاص,خدمة إلكترونية جزئيا,العقارات,2026/06/30,1448/01/15,7
منطقة المدينة المنوره,المدينة المنورة,القطاع الخاص,خدمة إلكترونية جزئيا,العقارات,2026/06/30,1448/01/15,7
الخدمات الرقمية,عام,القطاع العام,خدمة إلكترونية,تصاريح القوارب والصيد,2026/06/30,1448/01/15,6
الخدمات الرقمية,عام,القطاع العام,خدمة إلكترونية جزئيا,البنوك والمصارف,2026/06/30,1448/01/15,6
الخدمات الرقمية,عام,القطاع العام,خدمة إلكترونية جزئيا,العقارات,2026/06/30,1448/01/15,6
الخدمات الرقمية,كتابة عدل مدمجة - افتراضية,القطاع العام,خدمة إلكترونية جزئيا,الأمانات والبلديات,2026/06/30,1448/01/15,6
الخدمات الرقمية,كتابة عدل مدمجة - افتراضية,القطاع العام,خدمة إلكترونية جزئيا,الجهات الأمنية,2026/06/30,1448/01/15,6
الخدمات الرقمية,كتابة عدل مدمجة - افتراضية,القطاع العام,خدمة إلكترونية جزئيا,الجهات التعليمية,2026/06/30,1448/01/15,6
الخدمات الرقمية,كتابة عدل مدمجة - افتراضية,القطاع العام,خدمة إلكترونية جزئيا,الجوازات,2026/06/30,1448/01/15,6
منطقة الجوف,سكاكا,القطاع الخاص,خدمة إلكترونية جزئيا,العقارات,2026/06/30,1448/01/15,6
منطقة الشرقية,الدمام,القطاع الخاص,خدمة إلكترونية جزئيا,الشركات,2026/06/30,1448/01/15,6
منطقة الشرقية,الدمام,القطاع الخاص,خدمة إلكترونية جزئيا,وكالة خارج المملكة العربية السعودية فقط,2026/06/30,1448/01/15,6
منطقة القصيم,بريده,القطاع الخاص,خدمة إلكترونية جزئيا,المطالبات والمحاكم,2026/06/30,1448/01/15,6
منطقة القصيم,بريده,القطاع العام,خدمة إلكترونية جزئيا,البنوك والمصارف,2026/06/30,1448/01/15,6
منطقة حائل,حائل,القطاع الخاص,خدمة إلكترونية جزئيا,المطالبات والمحاكم,2026/06/30,1448/01/15,6
منطقة عسير,خميس مشيط,القطاع الخاص,خدمة إلكترونية جزئيا,العقارات,2026/06/30,1448/01/15,6
منطقة مكة المكرمه,جده,القطاع الخاص,خدمة إلكترونية جزئيا,البنوك والمصارف,2026/06/30,1448/01/15,6
الخدمات الرقمية,عام,القطاع العام,خدمة إلكترونية,استقدام العمالة,2026/06/30,1448/01/15,5
الخدمات الرقمية,عام,القطاع العام,خدمة إلكترونية,صندوق التنمية الزراعية,2026/06/30,1448/01/15,5
الخدمات الرقمية,كتابة عدل مدمجة - افتراضية,القطاع العام,خدمة إلكترونية جزئيا,الشركات والمؤسسات الأهلية,2026/06/30,1448/01/15,5
منطقة جازان,جيزان,القطاع الخاص,خدمة إلكترونية جزئيا,البنوك والمصارف,2026/06/30,1448/01/15,5
منطقة الرياض,الخرج,القطاع الخاص,خدمة إلكترونية جزئيا,وكالة خارج المملكة العربية السعودية فقط,2026/06/30,1448/01/15,4
منطقة الرياض,الرياض,القطاع الخاص,خدمة إلكترونية جزئيا,الجوازات,2026/06/30,1448/01/15,4
منطقة الرياض,الرياض,القطاع الخاص,خدمة إلكترونية جزئيا,السيارات,2026/06/30,1448/01/15,4
منطقة الرياض,الرياض,القطاع العام,خدمة إلكترونية جزئيا,الجوازات,2026/06/30,1448/01/15,4
منطقة الشرقية,الاحساء,القطاع الخاص,خدمة إلكترونية جزئيا,المطالبات والمحاكم,2026/06/30,1448/01/15,4
منطقة الشرقية,الخبر,القطاع الخاص,خدمة إلكترونية جزئيا,الشركات,2026/06/30,1448/01/15,4
منطقة الشرقية,الدمام,القطاع العام,خدمة إلكترونية جزئيا,العقارات,2026/06/30,1448/01/15,4
منطقة الشرقية,القطيف,القطاع الخاص,خدمة إلكترونية جزئيا,المطالبات والمحاكم,2026/06/30,1448/01/15,4
منطقة عسير,بيشه,القطاع الخاص,خدمة إلكترونية جزئيا,المطالبات والمحاكم,2026/06/30,1448/01/15,4
منطقة مكة المكرمه,جده,القطاع العام,خدمة إلكترونية جزئيا,الجهات الأمنية,2026/06/30,1448/01/15,4
منطقة مكة المكرمه,مكة المكرمة,القطاع الخاص,خدمة إلكترونية جزئيا,الجوازات,2026/06/30,1448/01/15,4
منطقة مكة المكرمه,مكة المكرمة,القطاع العام,خدمة إلكترونية جزئيا,تصديق الوكالات الخارجية,2026/06/30,1448/01/15,4
الخدمات الرقمية,عام,القطاع العام,خدمة إلكترونية,البريد,2026/06/30,1448/01/15,3
الخدمات الرقمية,عام,القطاع العام,خدمة إلكترونية جزئيا,النكاح,2026/06/30,1448/01/15,3
الخدمات الرقمية,كتابة عدل مدمجة - افتراضية,القطاع العام,خدمة إلكترونية جزئيا,أذونات المحاكم,2026/06/30,1448/01/15,3
الخدمات الرقمية,كتابة عدل مدمجة - افتراضية,القطاع العام,خدمة إلكترونية جزئيا,السجلات التجارية,2026/06/30,1448/01/15,3
منطقة الباحة,المخواة,القطاع الخاص,خدمة إلكترونية جزئيا,المطالبات والمحاكم,2026/06/30,1448/01/15,3
منطقة الرياض,الدوادمي,القطاع الخاص,خدمة إلكترونية جزئيا,المطالبات والمحاكم,2026/06/30,1448/01/15,3
منطقة الرياض,الرياض,القطاع الخاص,خدمة إلكترونية جزئيا,الجهات الأمنية,2026/06/30,1448/01/15,3
منطقة الرياض,الرياض,القطاع الخاص,خدمة إلكترونية جزئيا,الشركات والمؤسسات الأهلية,2026/06/30,1448/01/15,3
منطقة الرياض,الرياض,القطاع الخاص,خدمة إلكترونية جزئيا,الهيئات الحكومية,2026/06/30,1448/01/15,3
منطقة الرياض,الرياض,القطاع الخاص,خدمة إلكترونية جزئيا,شركة الكهرباء,2026/06/30,1448/01/15,3
منطقة الرياض,الرياض,القطاع العام,خدمة إلكترونية جزئيا,السجلات التجارية,2026/06/30,1448/01/15,3
منطقة الرياض,الرياض,القطاع العام,خدمة إلكترونية جزئيا,الشركات والمؤسسات الأهلية,2026/06/30,1448/01/15,3
منطقة الشرقية,الاحساء,القطاع الخاص,خدمة إلكترونية جزئيا,العقارات,2026/06/30,1448/01/15,3
منطقة الشرقية,الجبيل,القطاع الخاص,خدمة إلكترونية جزئيا,العقارات,2026/06/30,1448/01/15,3
منطقة الشرقية,الخبر,القطاع الخاص,خدمة إلكترونية جزئيا,الهيئات الحكومية,2026/06/30,1448/01/15,3
منطقة الشرقية,الدمام,القطاع الخاص,خدمة إلكترونية جزئيا,الجوازات,2026/06/30,1448/01/15,3
منطقة الشرقية,القطيف,القطاع الخاص,خدمة إلكترونية جزئيا,الرواتب والمستحقات,2026/06/30,1448/01/15,3
منطقة المدينة المنوره,المدينة المنورة,القطاع الخاص,خدمة إلكترونية جزئيا,البنوك والمصارف,2026/06/30,1448/01/15,3
منطقة المدينة المنوره,المدينة المنورة,القطاع الخاص,خدمة إلكترونية جزئيا,الشركات,2026/06/30,1448/01/15,3
منطقة المدينة المنوره,المدينة المنورة,القطاع الخاص,خدمة إلكترونية جزئيا,وكالة خارج المملكة العربية السعودية فقط,2026/06/30,1448/01/15,3
منطقة المدينة المنوره,المدينة المنورة,القطاع العام,خدمة إلكترونية جزئيا,المطالبات والمحاكم,2026/06/30,1448/01/15,3
منطقة تبوك,تبوك,القطاع الخاص,خدمة إلكترونية جزئيا,صندوق التنمية العقارية,2026/06/30,1448/01/15,3
منطقة تبوك,تبوك,القطاع الخاص,خدمة إلكترونية جزئيا,وكالة خارج المملكة العربية السعودية فقط,2026/06/30,1448/01/15,3
منطقة عسير,ابها,القطاع الخاص,خدمة إلكترونية جزئيا,العقارات,2026/06/30,1448/01/15,3
منطقة عسير,خميس مشيط,القطاع الخاص,خدمة إلكترونية جزئيا,المطالبات والمحاكم,2026/06/30,1448/01/15,3
منطقة مكة المكرمه,جده,القطاع الخاص,خدمة إلكترونية جزئيا,إثباتات المحاكم,2026/06/30,1448/01/15,3
منطقة مكة المكرمه,مكة المكرمة,القطاع الخاص,خدمة إلكترونية جزئيا,الشركات,2026/06/30,1448/01/15,3
منطقة مكة المكرمه,مكة المكرمة,القطاع العام,خدمة إلكترونية جزئيا,المطالبات والمحاكم,2026/06/30,1448/01/15,3
الخدمات الرقمية,عام,القطاع العام,خدمة إلكترونية جزئيا,الجوازات,2026/06/30,1448/01/15,2
الخدمات الرقمية,عام,القطاع العام,خدمة إلكترونية جزئيا,الرواتب والمستحقات,2026/06/30,1448/01/15,2
الخدمات الرقمية,كتابة عدل مدمجة - افتراضية,القطاع العام,خدمة إلكترونية جزئيا,إدارة الأحوال المدنية,2026/06/30,1448/01/15,2
الخدمات الرقمية,كتابة عدل مدمجة - افتراضية,القطاع العام,خدمة إلكترونية جزئيا,الرواتب والمستحقات,2026/06/30,1448/01/15,2
الخدمات الرقمية,كتابة عدل مدمجة - افتراضية,القطاع العام,خدمة إلكترونية جزئيا,الشركات,2026/06/30,1448/01/15,2
الخدمات الرقمية,كتابة عدل مدمجة - افتراضية,القطاع العام,خدمة إلكترونية جزئيا,الهيئات الحكومية,2026/06/30,1448/01/15,2
الخدمات الرقمية,كتابة عدل مدمجة - افتراضية,القطاع العام,خدمة إلكترونية جزئيا,شركة الكهرباء,2026/06/30,1448/01/15,2
منطقة الجوف,سكاكا,القطاع الخاص,خدمة إلكترونية جزئيا,شبكة إيجار الإلكترونية,2026/06/30,1448/01/15,2
منطقة الجوف,سكاكا,القطاع العام,خدمة إلكترونية جزئيا,تصديق الوكالات الخارجية,2026/06/30,1448/01/15,2
منطقة الحدود الشمالية,عرعر,القطاع الخاص,خدمة إلكترونية جزئيا,العقارات,2026/06/30,1448/01/15,2
منطقة الرياض,الدرعيه,القطاع الخاص,خدمة إلكترونية جزئيا,البنوك والمصارف,2026/06/30,1448/01/15,2
منطقة الرياض,الدرعيه,القطاع الخاص,خدمة إلكترونية جزئيا,العقارات,2026/06/30,1448/01/15,2
منطقة الرياض,الدلم,القطاع الخاص,خدمة إلكترونية جزئيا,السجلات التجارية,2026/06/30,1448/01/15,2
منطقة الرياض,الرياض,القطاع الخاص,خدمة إلكترونية جزئيا,فسخ الوكالات,2026/06/30,1448/01/15,2
منطقة الرياض,الرياض,القطاع العام,خدمة إلكترونية جزئيا,الجهات التعليمية,2026/06/30,1448/01/15,2
منطقة الرياض,الرياض,القطاع العام,خدمة إلكترونية جزئيا,الرواتب والمستحقات,2026/06/30,1448/01/15,2
منطقة الرياض,الرياض,القطاع العام,خدمة إلكترونية جزئيا,المرور,2026/06/30,1448/01/15,2
منطقة الرياض,الرياض,القطاع العام,خدمة إلكترونية جزئيا,النكاح,2026/06/30,1448/01/15,2
منطقة الرياض,الرياض,القطاع العام,خدمة إلكترونية جزئيا,شبكة إيجار الإلكترونية,2026/06/30,1448/01/15,2
منطقة الرياض,الرياض,القطاع العام,خدمة إلكترونية جزئيا,وكالة خارج المملكة العربية السعودية فقط,2026/06/30,1448/01/15,2
منطقة الرياض,عرقه,القطاع الخاص,خدمة إلكترونية جزئيا,وكالة خارج المملكة العربية السعودية فقط,2026/06/30,1448/01/15,2
منطقة الشرقية,الخبر,القطاع الخاص,خدمة إلكترونية جزئيا,الرواتب والمستحقات,2026/06/30,1448/01/15,2
منطقة الشرقية,الخفجي,القطاع الخاص,خدمة إلكترونية جزئيا,المطالبات والمحاكم,2026/06/30,1448/01/15,2
منطقة الشرقية,الدمام,القطاع الخاص,خدمة إلكترونية جزئيا,السجلات التجارية,2026/06/30,1448/01/15,2
منطقة الشرقية,الدمام,القطاع الخاص,خدمة إلكترونية جزئيا,الوزارات الحكومية,2026/06/30,1448/01/15,2
منطقة الشرقية,الدمام,القطاع العام,خدمة إلكترونية جزئيا,شبكة إيجار الإلكترونية,2026/06/30,1448/01/15,2
منطقة الشرقية,القطيف,القطاع الخاص,خدمة إلكترونية جزئيا,البنوك والمصارف,2026/06/30,1448/01/15,2
منطقة الشرقية,القطيف,القطاع الخاص,خدمة إلكترونية جزئيا,السيارات,2026/06/30,1448/01/15,2
منطقة الشرقية,حفر الباطن,القطاع الخاص,خدمة إلكترونية جزئيا,العقارات,2026/06/30,1448/01/15,2
منطقة القصيم,البدائع,القطاع الخاص,خدمة إلكترونية جزئيا,البنوك والمصارف,2026/06/30,1448/01/15,2
منطقة القصيم,البدائع,القطاع الخاص,خدمة إلكترونية جزئيا,العقارات,2026/06/30,1448/01/15,2
منطقة القصيم,البكيريه,القطاع الخاص,خدمة إلكترونية جزئيا,العقارات,2026/06/30,1448/01/15,2
منطقة المدينة المنوره,المدينة المنورة,القطاع الخاص,خدمة إلكترونية جزئيا,السجلات التجارية,2026/06/30,1448/01/15,2
منطقة المدينة المنوره,المدينة المنورة,القطاع العام,خدمة إلكترونية جزئيا,وكالة خارج المملكة العربية السعودية فقط,2026/06/30,1448/01/15,2
منطقة تبوك,املج,القطاع الخاص,خدمة إلكترونية جزئيا,المطالبات والمحاكم,2026/06/30,1448/01/15,2
منطقة تبوك,تبوك,القطاع الخاص,خدمة إلكترونية جزئيا,المنح الزراعية,2026/06/30,1448/01/15,2
منطقة جازان,جيزان,القطاع العام,خدمة إلكترونية جزئيا,تصديق الوكالات الخارجية,2026/06/30,1448/01/15,2
منطقة عسير,بيشه,القطاع الخاص,خدمة إلكترونية جزئيا,العقارات,2026/06/30,1448/01/15,2
منطقة عسير,بيشه,القطاع الخاص,خدمة إلكترونية جزئيا,الوزارات الحكومية,2026/06/30,1448/01/15,2
منطقة عسير,خميس مشيط,القطاع الخاص,خدمة إلكترونية جزئيا,البنوك والمصارف,2026/06/30,1448/01/15,2
منطقة مكة المكرمه,جده,القطاع العام,خدمة إلكترونية جزئيا,العقارات,2026/06/30,1448/01/15,2
منطقة مكة المكرمه,جده,القطاع العام,خدمة إلكترونية جزئيا,وزارة الموارد البشرية والتنمية الاجتماعية,2026/06/30,1448/01/15,2
منطقة مكة المكرمه,مكة المكرمة,القطاع الخاص,خدمة إلكترونية جزئيا,الجهات الأمنية,2026/06/30,1448/01/15,2
منطقة مكة المكرمه,مكة المكرمة,القطاع الخاص,خدمة إلكترونية جزئيا,الوزارات الحكومية,2026/06/30,1448/01/15,2
منطقة نجران,شروره,القطاع الخاص,خدمة إلكترونية جزئيا,العقارات,2026/06/30,1448/01/15,2
الخدمات الرقمية,عام,القطاع العام,خدمة إلكترونية,أذونات المحاكم,2026/06/30,1448/01/15,1
الخدمات الرقمية,عام,القطاع العام,خدمة إلكترونية,الرئاسات الحكومية,2026/06/30,1448/01/15,1
الخدمات الرقمية,عام,القطاع العام,خدمة إلكترونية,بنك التصدير والاستيراد السعودي,2026/06/30,1448/01/15,1
الخدمات الرقمية,عام,القطاع العام,خدمة إلكترونية جزئيا,إدارة الأحوال المدنية,2026/06/30,1448/01/15,1
الخدمات الرقمية,عام,القطاع العام,خدمة إلكترونية جزئيا,الجهات الأمنية,2026/06/30,1448/01/15,1
الخدمات الرقمية,عام,القطاع العام,خدمة إلكترونية جزئيا,السيارات,2026/06/30,1448/01/15,1
الخدمات الرقمية,عام,القطاع العام,خدمة إلكترونية جزئيا,المرور,2026/06/30,1448/01/15,1
الخدمات الرقمية,عام,القطاع العام,خدمة إلكترونية جزئيا,الوزارات الحكومية,2026/06/30,1448/01/15,1
الخدمات الرقمية,عام,القطاع العام,خدمة إلكترونية جزئيا,شركات الاتصالات,2026/06/30,1448/01/15,1
الخدمات الرقمية,عام,القطاع العام,خدمة إلكترونية جزئيا,شركة الكهرباء,2026/06/30,1448/01/15,1
الخدمات الرقمية,عام,القطاع العام,خدمة إلكترونية جزئيا,صندوق التنمية العقارية,2026/06/30,1448/01/15,1
الخدمات الرقمية,عام,القطاع العام,خدمة إلكترونية جزئيا,وزارة الموارد البشرية والتنمية الاجتماعية,2026/06/30,1448/01/15,1
الخدمات الرقمية,كتابة عدل مدمجة - افتراضية,القطاع العام,خدمة إلكترونية جزئيا,البريد,2026/06/30,1448/01/15,1
الخدمات الرقمية,كتابة عدل مدمجة - افتراضية,القطاع العام,خدمة إلكترونية جزئيا,التراخيص الصناعية,2026/06/30,1448/01/15,1
الخدمات الرقمية,كتابة عدل مدمجة - افتراضية,القطاع العام,خدمة إلكترونية جزئيا,الرئاسات الحكومية,2026/06/30,1448/01/15,1
الخدمات الرقمية,كتابة عدل مدمجة - افتراضية,القطاع العام,خدمة إلكترونية جزئيا,العوائد السنوية,2026/06/30,1448/01/15,1
الخدمات الرقمية,كتابة عدل مدمجة - افتراضية,القطاع العام,خدمة إلكترونية جزئيا,المرور,2026/06/30,1448/01/15,1
الخدمات الرقمية,كتابة عدل مدمجة - افتراضية,القطاع العام,خدمة إلكترونية جزئيا,النكاح,2026/06/30,1448/01/15,1
الخدمات الرقمية,كتابة عدل مدمجة - افتراضية,القطاع العام,خدمة إلكترونية جزئيا,شركات الاتصالات,2026/06/30,1448/01/15,1
الخدمات الرقمية,كتابة عدل مدمجة - افتراضية,القطاع العام,خدمة إلكترونية جزئيا,صندوق التنمية العقارية,2026/06/30,1448/01/15,1
منطقة الجوف,سكاكا,القطاع الخاص,خدمة إلكترونية جزئيا,البنوك والمصارف,2026/06/30,1448/01/15,1
منطقة الرياض,الرياض,القطاع الخاص,خدمة إلكترونية جزئيا,المرور,2026/06/30,1448/01/15,1
منطقة الرياض,الرياض,القطاع الخاص,خدمة إلكترونية جزئيا,المنح الزراعية,2026/06/30,1448/01/15,1
منطقة الرياض,الرياض,القطاع الخاص,خدمة إلكترونية جزئيا,وزارة الموارد البشرية والتنمية الاجتماعية,2026/06/30,1448/01/15,1
منطقة الرياض,الرياض,القطاع العام,خدمة إلكترونية جزئيا,التعويضات والمساعدات,2026/06/30,1448/01/15,1
منطقة الرياض,الرياض,القطاع العام,خدمة إلكترونية جزئيا,الضمان والشؤون الاجتماعية,2026/06/30,1448/01/15,1
منطقة الرياض,الرياض,القطاع العام,خدمة إلكترونية جزئيا,المنح الزراعية,2026/06/30,1448/01/15,1
منطقة الرياض,الرياض,القطاع العام,خدمة إلكترونية جزئيا,الهيئات الحكومية,2026/06/30,1448/01/15,1
منطقة الرياض,الرياض,القطاع العام,خدمة إلكترونية جزئيا,صندوق التنمية العقارية,2026/06/30,1448/01/15,1
منطقة الرياض,الرياض,القطاع العام,خدمة إلكترونية جزئيا,هيئة الزكاة والضريبة والجمارك,2026/06/30,1448/01/15,1
منطقة الرياض,ضرماء,القطاع الخاص,خدمة إلكترونية جزئيا,شبكة إيجار الإلكترونية,2026/06/30,1448/01/15,1
منطقة الرياض,عرقه,القطاع الخاص,خدمة إلكترونية جزئيا,الشركات,2026/06/30,1448/01/15,1
منطقة الرياض,عرقه,القطاع الخاص,خدمة إلكترونية جزئيا,المطالبات والمحاكم,2026/06/30,1448/01/15,1
منطقة الشرقية,الجبيل,القطاع الخاص,خدمة إلكترونية جزئيا,المطالبات والمحاكم,2026/06/30,1448/01/15,1
منطقة الشرقية,الجبيل,القطاع الخاص,خدمة إلكترونية جزئيا,شبكة إيجار الإلكترونية,2026/06/30,1448/01/15,1
منطقة الشرقية,الخبر,القطاع الخاص,خدمة إلكترونية جزئيا,البنوك والمصارف,2026/06/30,1448/01/15,1
منطقة الشرقية,الخبر,القطاع الخاص,خدمة إلكترونية جزئيا,الشركات والمؤسسات الأهلية,2026/06/30,1448/01/15,1
منطقة الشرقية,الخبر,القطاع الخاص,خدمة إلكترونية جزئيا,الوزارات الحكومية,2026/06/30,1448/01/15,1
منطقة الشرقية,الخفجي,القطاع الخاص,خدمة إلكترونية جزئيا,العقارات,2026/06/30,1448/01/15,1
منطقة الشرقية,الخفجي,القطاع الخاص,خدمة إلكترونية جزئيا,شبكة إيجار الإلكترونية,2026/06/30,1448/01/15,1
منطقة الشرقية,الدمام,القطاع الخاص,خدمة إلكترونية جزئيا,الأمانات والبلديات,2026/06/30,1448/01/15,1
منطقة الشرقية,الدمام,القطاع الخاص,خدمة إلكترونية جزئيا,السيارات,2026/06/30,1448/01/15,1
منطقة الشرقية,حفر الباطن,القطاع الخاص,خدمة إلكترونية جزئيا,المطالبات والمحاكم,2026/06/30,1448/01/15,1
منطقة القصيم,الرس,القطاع الخاص,خدمة إلكترونية جزئيا,المطالبات والمحاكم,2026/06/30,1448/01/15,1
منطقة القصيم,المذنب,القطاع الخاص,خدمة إلكترونية جزئيا,العقارات,2026/06/30,1448/01/15,1
منطقة القصيم,بريده,القطاع الخاص,خدمة إلكترونية جزئيا,السجلات التجارية,2026/06/30,1448/01/15,1
منطقة القصيم,بريده,القطاع الخاص,خدمة إلكترونية جزئيا,وكالة خارج المملكة العربية السعودية فقط,2026/06/30,1448/01/15,1
منطقة القصيم,بريده,القطاع العام,خدمة إلكترونية جزئيا,الأمانات والبلديات,2026/06/30,1448/01/15,1
منطقة القصيم,بريده,القطاع العام,خدمة إلكترونية جزئيا,الجهات الأمنية,2026/06/30,1448/01/15,1
منطقة القصيم,بريده,القطاع العام,خدمة إلكترونية جزئيا,الجهات التعليمية,2026/06/30,1448/01/15,1
منطقة القصيم,بريده,القطاع العام,خدمة إلكترونية جزئيا,الجوازات,2026/06/30,1448/01/15,1
منطقة القصيم,بريده,القطاع العام,خدمة إلكترونية جزئيا,السجلات التجارية,2026/06/30,1448/01/15,1
منطقة القصيم,بريده,القطاع العام,خدمة إلكترونية جزئيا,السيارات,2026/06/30,1448/01/15,1
منطقة القصيم,بريده,القطاع العام,خدمة إلكترونية جزئيا,المرور,2026/06/30,1448/01/15,1
منطقة القصيم,بريده,القطاع العام,خدمة إلكترونية جزئيا,النكاح,2026/06/30,1448/01/15,1
منطقة القصيم,بريده,القطاع العام,خدمة إلكترونية جزئيا,تصديق الوكالات الخارجية,2026/06/30,1448/01/15,1
منطقة القصيم,بريده,القطاع العام,خدمة إلكترونية جزئيا,شركة الكهرباء,2026/06/30,1448/01/15,1
منطقة القصيم,عنيزه,القطاع الخاص,خدمة إلكترونية جزئيا,السجلات التجارية,2026/06/30,1448/01/15,1
منطقة المدينة المنوره,المدينة المنورة,القطاع العام,خدمة إلكترونية جزئيا,الجهات الأمنية,2026/06/30,1448/01/15,1
منطقة المدينة المنوره,ينبع,القطاع العام,خدمة إلكترونية جزئيا,وكالة خارج المملكة العربية السعودية فقط,2026/06/30,1448/01/15,1
منطقة تبوك,تبوك,القطاع الخاص,خدمة إلكترونية جزئيا,البنوك والمصارف,2026/06/30,1448/01/15,1
منطقة تبوك,تبوك,القطاع الخاص,خدمة إلكترونية جزئيا,السجلات التجارية,2026/06/30,1448/01/15,1
منطقة تبوك,تبوك,القطاع الخاص,خدمة إلكترونية جزئيا,السيارات,2026/06/30,1448/01/15,1
منطقة جازان,ابو عريش,القطاع الخاص,خدمة إلكترونية جزئيا,المطالبات والمحاكم,2026/06/30,1448/01/15,1
منطقة جازان,جيزان,القطاع الخاص,خدمة إلكترونية جزئيا,الأمانات والبلديات,2026/06/30,1448/01/15,1
منطقة جازان,جيزان,القطاع الخاص,خدمة إلكترونية جزئيا,السجلات التجارية,2026/06/30,1448/01/15,1
منطقة جازان,جيزان,القطاع الخاص,خدمة إلكترونية جزئيا,العقارات,2026/06/30,1448/01/15,1
منطقة جازان,جيزان,القطاع العام,خدمة إلكترونية جزئيا,السيارات,2026/06/30,1448/01/15,1
منطقة جازان,جيزان,القطاع العام,خدمة إلكترونية جزئيا,وكالة خارج المملكة العربية السعودية فقط,2026/06/30,1448/01/15,1
منطقة حائل,حائل,القطاع الخاص,خدمة إلكترونية جزئيا,السيارات,2026/06/30,1448/01/15,1
منطقة عسير,ابها,القطاع الخاص,خدمة إلكترونية جزئيا,السيارات,2026/06/30,1448/01/15,1
منطقة عسير,احد رفيده,القطاع الخاص,خدمة إلكترونية جزئيا,المطالبات والمحاكم,2026/06/30,1448/01/15,1
منطقة عسير,خميس مشيط,القطاع الخاص,خدمة إلكترونية جزئيا,إدارة الأحوال المدنية,2026/06/30,1448/01/15,1
منطقة عسير,محايل عسير,القطاع الخاص,خدمة إلكترونية جزئيا,البنوك والمصارف,2026/06/30,1448/01/15,1
منطقة عسير,محايل عسير,القطاع الخاص,خدمة إلكترونية جزئيا,السيارات,2026/06/30,1448/01/15,1
منطقة مكة المكرمه,الجموم,القطاع الخاص,خدمة إلكترونية جزئيا,وكالة خارج المملكة العربية السعودية فقط,2026/06/30,1448/01/15,1
منطقة مكة المكرمه,الطائف,القطاع الخاص,خدمة إلكترونية جزئيا,البنوك والمصارف,2026/06/30,1448/01/15,1
منطقة مكة المكرمه,جده,القطاع الخاص,خدمة إلكترونية جزئيا,إدارة الأحوال المدنية,2026/06/30,1448/01/15,1
منطقة مكة المكرمه,جده,القطاع الخاص,خدمة إلكترونية جزئيا,الرواتب والمستحقات,2026/06/30,1448/01/15,1
منطقة مكة المكرمه,جده,القطاع الخاص,خدمة إلكترونية جزئيا,الهيئات الحكومية,2026/06/30,1448/01/15,1
منطقة مكة المكرمه,جده,القطاع الخاص,خدمة إلكترونية جزئيا,الوزارات الحكومية,2026/06/30,1448/01/15,1
منطقة مكة المكرمه,جده,القطاع الخاص,خدمة إلكترونية جزئيا,شركات الاتصالات,2026/06/30,1448/01/15,1
منطقة مكة المكرمه,جده,القطاع الخاص,خدمة إلكترونية جزئيا,هيئة الزكاة والضريبة والجمارك,2026/06/30,1448/01/15,1
منطقة مكة المكرمه,جده,القطاع العام,خدمة إلكترونية جزئيا,الجوازات,2026/06/30,1448/01/15,1
منطقة مكة المكرمه,جده,القطاع العام,خدمة إلكترونية جزئيا,السجلات التجارية,2026/06/30,1448/01/15,1
منطقة مكة المكرمه,جده,القطاع العام,خدمة إلكترونية جزئيا,الشركات والمؤسسات الأهلية,2026/06/30,1448/01/15,1
منطقة مكة المكرمه,جده,القطاع العام,خدمة إلكترونية جزئيا,الهيئات الحكومية,2026/06/30,1448/01/15,1
منطقة مكة المكرمه,جده,القطاع العام,خدمة إلكترونية جزئيا,الوزارات الحكومية,2026/06/30,1448/01/15,1
منطقة مكة المكرمه,جده,القطاع العام,خدمة إلكترونية جزئيا,بنك التنمية الاجتماعية,2026/06/30,1448/01/15,1
منطقة مكة المكرمه,مكة المكرمة,القطاع الخاص,خدمة إلكترونية جزئيا,السيارات,2026/06/30,1448/01/15,1
منطقة مكة المكرمه,مكة المكرمة,القطاع الخاص,خدمة إلكترونية جزئيا,شبكة إيجار الإلكترونية,2026/06/30,1448/01/15,1
منطقة مكة المكرمه,مكة المكرمة,القطاع الخاص,خدمة إلكترونية جزئيا,شركة الكهرباء,2026/06/30,1448/01/15,1
منطقة مكة المكرمه,مكة المكرمة,القطاع العام,خدمة إلكترونية جزئيا,العقارات,2026/06/30,1448/01/15,1
